game,outcome,end_reason,n_moves,loss,steps,timestamp,moves
1,B,checkmate,18,1.675823,5,2026-09-11 02:28:49,f2f4 g8h6 f4f5 a7a5 e2e4 e7e6 e1e2 b8c6 c2c3 e6f5 h2h4 d8e7 e4e5 g7g5 h4g5 e7e5 e2d3 e5e4
2,B,checkmate,32,1.697827,10,2026-09-11 02:31:39,h2h4 b7b6 a2a4 g8h6 g2g4 h6g4 h1h3 d7d6 e2e3 d8d7 b2b4 g7g6 f1e2 g4h2 c2c4 g6g5 b4b5 e8d8 e2f3 g5g4 d1c2 g4f3 g1f3 d7h3 f3e5 b8d7 e5d3 d7c5 b1a3 e7e6 d3b4 h3f1
3,B,checkmate,36,1.699674,15,2026-09-11 02:32:29,a2a4 g7g6 e2e3 g8f6 g1h3 e7e5 b1c3 a7a5 e1e2 b7b6 h3f4 e5f4 c3a2 c8a6 e2e1 g6g5 b2b4 b8c6 b4b5 f6d5 b5c6 f7f6 e3f4 d8e7 d1e2 g5f4 g2g4 a6e2 f1e2 a8a7 c1b2 f4f3 a2c3 d5c3 b2c3 e7e2
4,W,checkmate,37,1.735418,20,2026-09-11 02:32:41,a2a3 b8a6 g2g4 g8h6 d2d4 h6g4 f2f3 f7f5 e1d2 a6b4 a3b4 b7b5 c2c3 c8b7 h2h3 g4f2 h3h4 f2h1 d4d5 b7d5 c3c4 b5c4 e2e4 f5e4 f3e4 d5c6 e4e5 h1f2 e5e6 d7d6 f1e2 f2d1 d2d1 h7h6 e2h5 g7g6 h5g6
5,B,checkmate,60,1.723841,25,2026-09-11 02:37:55,e2e4 b8a6 d1f3 b7b5 d2d3 c7c6 g1h3 b5b4 h1g1 f7f6 h3g5 g8h6 f1e2 c6c5 g5f7 h6f7 e4e5 h7h6 b1d2 g7g5 f3a8 f7e5 g2g4 h8g8 a1b1 e5f7 g1g2 d7d5 h2h3 d5d4 a8f3 h6h5 c2c3 d4c3 g4h5 c3d2 c1d2 c8d7 g2g3 g5g4 a2a3 g4f3 e2f3 f8h6 a3b4 c5c4 f3d5 a6b4 d2b4 d7b5 b4d2 d8d5 d3c4 b5c4 g3e3 h6e3 d2e3 f7e5 e3d2 d5h1
6,B,material_adjudication,66,1.720673,30,2026-09-11 02:39:24,e2e3 a7a5 f2f4 a8a6 g2g3 a5a4 d1f3 d7d6 e3e4 c8g4 f3g4 h7h5 g4f3 d8d7 f1a6 b7a6 c2c3 h5h4 d2d3 g8f6 g1e2 h4g3 c1d2 d7b5 f3g2 b8c6 d3d4 a6a5 g2f3 h8h5 d4d5 h5h4 e2g3 c6d4 c3d4 b5b8 h1f1 g7g5 b2b4 a4b3 f4g5 b3b2 f3e2 b2a1q g5f6 a1b1 e1f2 b1a2 f6e7 f8e7 d2e3 a2e2 f2e2 b8b2 e2d3 e8d7 e3c1 b2a2 f1f2 a2f2 g3f5 h4h5 c1e3 f2h2 f5h4 h2h1
7,W,material_adjudication,66,1.718799,35,2026-09-11 02:39:25,a2a3 b8a6 f2f3 d7d5 d2d4 a8b8 e2e4 b7b5 e1e2 c7c5 c2c3 d8c7 c1e3 c5d4 a3a4 e7e5 e3d4 e5d4 b1d2 c7d6 e4e5 d4d3 e2e1 c8g4 e5d6 a6c7 b2b3 d5d4 f3g4 h7h6 d6c7 f7f6 g1f3 f8c5 a1a2 e8d7 c7b8q g8e7 h1g1 e7f5 c3c4 b5b4 g4f5 h8g8 d2b1 g8e8 f3e5 e8e5 e1d2 e5e4 d2d3 a7a6 d1d2 g7g6 d2d1 h6h5 b1d2 e4e3 d3c2 a6a5 d2f3 e3f3 d1f3 g6g5 f3e2 g5g4
8,W,material_adjudication,66,1.632720,40,2026-09-11 02:39:25,e2e4 b8c6 g2g4 g8h6 a2a4 h6g4 d1e2 c6d4 e2g4 h8g8 e1d1 d4c2 d1c2 f7f5 g4f4 g7g5 f4e3 h7h5 f1e2 f5e4 a4a5 e7e6 e2f1 a7a6 h2h3 b7b6 a5b6 d7d5 b6c7 d8d7 f2f3 d5d4 e3e2 e4f3 e2f3 g5g4 f3a8 d7c6 a8c6 c8d7 g1f3 d7c6 f3d4 f8c5 d4c6 c5d4 d2d3 g8h8 b1a3 h8h7 c6b8 e8f7 a3c4 d4c3 d3d4 c3d4 c1e3 d4e3 c4e3 e6e5 e3c4 h5h4 b2b4 f7e6 c4e3 h7h5
9,W,material_adjudication,66,1.722036,45,2026-09-11 02:39:26,a2a3 b8a6 a3a4 d7d6 c2c3 g7g5 f2f3 e8d7 c3c4 f7f6 h2h4 b7b6 b2b4 e7e6 g2g4 a6b4 e2e3 d8e7 f1e2 g5h4 e1f1 b4d5 c4d5 f6f5 a4a5 a7a6 d5e6 d7c6 e2d3 h7h6 d3c4 b6b5 g4f5 b5c4 c1b2 c8e6 f5e6 f8g7 d1c2 g7f6 f1f2 f6b2 c2b2 a8b8 b2c3 e7f6 c3c4 c6b7 b1c3 g8e7 g1e2 c7c6 a1g1 h8c8 f3f4 f6f5 c3d1 d6d5 c4c5 f5c2 c5c2 b7a8 c2d3 h6h5 d3c2 e7g6
10,B,material_adjudication,66,1.680228,50,2026-09-11 02:39:27,b2b4 a7a6 g1f3 a6a5 b1a3 h7h5 b4a5 h5h4 c2c3 a8a6 f3h4 c7c5 c1b2 b7b5 h4f5 h8h2 h1h2 b5b4 a3c4 g7g6 c4e5 g6f5 d1c2 f7f6 a1b1 d8c7 h2h4 d7d6 f2f4 d6e5 c3b4 e5f4 b2c3 c5b4 e2e4 b4c3 d2c3 f5e4 f1a6 c8a6 b1b8 c7b8 h4f4 b8f4 g2g3 f4f3 c2f2 e7e5 f2f3 e4f3 e1f2 e8e7 f2f3 e7e6 g3g4 f8e7 c3c4 e7d6 c4c5 d6c5 f3g2 c5d6 a2a3 a6b5 a5a6 b5a6
11,B,checkmate,40,1.683293,55,2026-09-11 02:40:49,h2h4 c7c6 h4h5 b7b5 a2a4 f7f6 g2g3 e7e5 d2d3 d8e7 a4b5 c6b5 b1c3 b8a6 c3b5 e8d8 g3g4 d7d5 b2b3 e7b4 c1d2 b4g4 a1a4 c8d7 f1h3 d8e7 c2c3 g4h5 a4a1 d7b5 h3g2 h5g4 d1c2 g4g2 a1a5 e5e4 c3c4 g2h1 c4b5 h1g1
12,B,material_adjudication,73,1.743763,60,2026-09-11 02:41:03,e2e3 e7e5 f1c4 c7c5 e1e2 a7a6 c2c3 a8a7 b2b4 e5e4 g2g4 b7b6 h2h4 e8e7 c1b2 d7d5 d1e1 e7e8 d2d3 e4d3 c4d3 c8g4 f2f3 g4c8 e2f1 b6b5 a2a4 c5b4 c3b4 a7b7 e1c3 d5d4 c3d4 a6a5 b4a5 d8d4 b2d4 b5b4 d3e2 f8d6 h4h5 b7c7 d4a7 c7a7 b1d2 c8e6 d2e4 d6e5 a1d1 g8f6 h5h6 f6e4 f3e4 g7h6 g1f3 e5f6 h1h6 b8d7 e4e5 f6g7 f3g5 g7h6 g5e6 f7e6 e3e4 d7c5 e2d3 c5a4 f1e2 e8d7 a5a6 a7a8 d1d2
13,W,material_adjudication_moderate,76,1.736583,65,2026-09-11 02:41:44,h2h4 b7b6 b2b3 g7g6 e2e4 f8g7 d2d4 c7c6 g2g4 f7f5 d1d2 g7f6 e1d1 e7e5 g4f5 e5d4 g1e2 d8e7 a2a4 e7e4 b1a3 e4e5 a3c4 c8a6 c4e5 f6g7 e5d3 d7d5 d2b4 c6c5 b4d2 g6f5 f1g2 a6b7 g2f3 g8f6 a1b1 h8f8 e2d4 c5d4 f3e2 b8a6 d3f4 g7h6 e2a6 h6f4 a6b7 f4d2 c1d2 a8c8 b7c8 a7a5 h1g1 h7h5 g1g5 f8h8 b1a1 h8h7 f2f4 e8d8 c8b7 d8e7 a1b1 e7f7 b3b4 a5b4 b1b3 h7h8 b7c8 h8c8 d2b4 c8c4 b4d2 c4a4 g5f5 f7g6
14,B,material_adjudication,77,1.690516,70,2026-09-11 02:42:59,h2h4 b7b6 b2b3 h7h5 h1h2 g8h6 c2c3 h6g8 e2e4 h8h7 g2g3 g7g6 d1f3 e7e5 a2a4 d7d5 f1h3 d5e4 f3e4 f8e7 e4a8 c8h3 g1h3 e8f8 f2f4 h7h8 f4f5 a7a5 f5g6 g8f6 c1a3 e7a3 b1a3 b8c6 a8d8 c6d8 g6g7 f8g7 h3g1 f6g4 h2g2 h8e8 d2d3 g4e3 e1f2 e3g2 f2g2 e8e7 g1f3 e5e4 d3e4 e7e6 e4e5 g7g6 a1d1 e6c6 g2h3 c6c3 b3b4 c3f3 h3g2 f3a3 b4a5 b6a5 g3g4 a3a4 g2g3 h5g4 d1d5 c7c6 d5a5 a4a5 g3g4 a5e5 h4h5 g6g7 g4f4
15,W,checkmate,29,1.730135,75,2026-09-11 02:44:35,d2d3 h7h6 b2b3 c7c5 e2e3 g7g6 a2a4 a7a5 d1g4 e7e5 e1d1 d8f6 g4e2 f8g7 g2g4 g8e7 d1e1 g6g5 d3d4 c5d4 e3d4 b8c6 d4e5 c6e5 h2h4 e5g4 c1g5 f6a1 e2e7
16,B,material_adjudication,93,1.677426,80,2026-09-11 02:45:30,e2e3 e7e5 e3e4 d8e7 b2b3 g8f6 a2a4 c7c6 a1a2 e7d6 f1e2 b8a6 h2h4 f6g8 h4h5 b7b6 d2d4 e5d4 h1h3 d4d3 e2g4 f7f5 c1d2 f5g4 h3d3 d6e5 c2c3 e8f7 a4a5 e5c7 g1e2 b6a5 d1c2 h7h6 b1a3 f8a3 a2a3 g8e7 d2f4 c7d8 c2d2 a6c5 f4e3 c5d3 d2d3 c8b7 f2f4 c6c5 e2g3 d7d5 e4d5 d8d5 d3d2 f7e6 e3c5 d5c6 c5e7 e6e7 a3a5 e7e6 f4f5 e6f7 e1e2 c6g2 e2e1 g2f3 d2e2 f3g3 e2f2 g3f2 e1f2 g7g5 f5g6 f7g7 f2f1 h8d8 c3c4 a8c8 c4c5 d8d4 a5a4 d4a4 b3a4 b7a6 f1g2 g7f8 g6g7 f8g7 c5c6 c8c7 g2f2 c7c8 f2g2
17,B,material_adjudication,75,1.682820,85,2026-09-11 02:45:31,e2e4 b8c6 g2g4 g8h6 a2a4 h8g8 b1c3 g7g5 g1h3 h6g4 f2f3 g4e3 d2e3 d7d6 d1d5 a7a5 c3b1 a8b8 d5d4 c6d4 b2b4 d4e2 b4a5 b8a8 h3g1 e2g3 h2g3 e7e6 b1a3 b7b6 a5b6 c8b7 b6c7 d8c7 f1b5 e8d8 a4a5 a8a5 b5d3 f7f6 c1d2 d8e8 d3e2 a5c5 a3b5 c7c8 a1a5 f6f5 e4f5 d6d5 c2c4 c5b5 c4b5 e6f5 a5a7 f8g7 g1h3 g7f6 h3f4 g5f4 g3f4 g8g6 a7b7 c8b7 d2a5 b7d7 e1f1 d5d4 h1h7 d7h7 f1e1 d4e3 a5d2 h7h1 e2f1
18,B,material_adjudication,66,1.660621,90,2026-09-11 02:47:31,g2g3 h7h5 b2b3 b7b6 f1g2 b8a6 e2e4 d7d6 c2c3 c7c6 h2h4 c8d7 e1f1 e7e5 g1f3 a8b8 f1g1 d8f6 f3e5 d6e5 c1b2 h8h6 f2f4 d7e6 d1c2 b8d8 a2a4 g8e7 f4e5 f6g6 b2a3 e7g8 c2b2 f8a3 b2a3 a6c5 g3g4 a7a6 a3c5 b6c5 g4h5 h6h5 a4a5 e6b3 e5e6 c5c4 e6e7 e8e7 g1f2 e7e8 g2f3 g6f6 a1a2 g8h6 h1g1 e8f8 g1g3 b3a2 f2e2 d8d6 e4e5 f6d8 e5d6 f8g8 d2d4 h5h4
19,W,checkmate,105,1.689961,95,2026-09-11 02:48:12,a2a3 e7e5 d2d3 b8a6 c2c3 g7g5 b2b3 d7d6 c1g5 b7b6 f2f4 d8d7 f4e5 d6d5 e5e6 f7e6 c3c4 a8b8 e1d2 d5d4 g1h3 f8d6 g5h4 d6e7 h3g5 h7h6 g5e6 d7e6 h4g3 e8f7 h2h4 e7f6 h1h3 g8e7 a3a4 c7c5 g3b8 a6b8 a1a3 b8d7 g2g4 c8b7 g4g5 h6g5 h4g5 f6g5 d2e1 g5f4 h3h8 e6f5 f1g2 b7g2 h8h4 a7a5 e2e3 d4e3 b1c3 g2b7 c3b5 f7e6 d1e2 b7a6 b5a7 f5g5 h4h5 g5g6 e1f1 f4g5 f1g2 d7f6 h5h1 f6d7 h1f1 a6c8 a7c8 g6e8 f1e1 e8c8 e1f1 c8c6 f1f3 g5h6 a3a1 h6g7 e2e3 g7e5 e3e2 e6d6 a1f1 d7f6 g2g1 f6h5 e2d1 h5g3 f3f7 g3f1 d1f1 e7g6 f7f5 e5c3 f5f7 c6c8 f1f3 d6e6 f3d5
20,W,material_adjudication_moderate,76,1.771496,100,2026-09-11 02:49:59,d2d3 b8a6 d3d4 g8f6 d1d2 a6c5 f2f3 a8b8 d4c5 h8g8 h2h3 e7e5 d2a5 c7c6 a5d8 e8d8 g2g4 f8c5 g4g5 f6e4 b1c3 b7b6 f3f4 c5d4 c3e4 d4g1 h1g1 d8c7 h3h4 d7d5 f4e5 d5e4 h4h5 c8g4 g1g4 g7g6 g4f4 e4e3 h5g6 h7g6 f1g2 g8c8 e5e6 f7e6 f4f1 e6e5 g2f3 c7d8 c2c3 b6b5 f1h1 d8c7 h1f1 a7a5 f1g1 c7d8 g1g3 d8d7 e1d1 e5e4 f3e4 d7e7 e4f3 e7d6 b2b4 a5b4 c1b2 b4c3 b2c3 d6c7 c3f6 b5b4 a2a3 b4b3 d1e1 b3b2
21,B,checkmate,52,1.707157,105,2026-09-11 02:51:07,b1a3 a7a5 g2g4 f7f6 f2f3 g8h6 d2d4 b7b5 h2h4 h6g4 a1b1 b5b4 a3c4 c8b7 c1e3 g4e3 c4e3 h7h5 d4d5 b7d5 d1d3 d5b7 b2b3 d7d5 d3d4 b8d7 c2c4 e7e5 d4e5 f6e5 e3d5 a8a6 d5b4 a5b4 a2a3 b7d5 c4d5 e5e4 a3b4 f8d6 e1d2 g7g6 e2e3 e4f3 f1a6 c7c6 d5c6 d7e5 a6c4 d6b4 d2c2 d8d2
22,W,checkmate,41,1.693430,110,2026-09-11 02:51:08,e2e4 b8a6 f1a6 a8b8 a2a4 g7g5 c2c3 g8f6 e4e5 f6e4 d2d3 e4c3 b1c3 d7d6 d1e2 c8d7 a6c4 f8g7 g1f3 a7a5 c4b3 d6e5 e1d2 f7f6 d2e3 g7h6 a1a2 g5g4 e3e4 h6g7 f3e5 f6e5 c1d2 g4g3 c3d5 h8f8 d5c3 h7h6 e2h5 f8f7 h5f7
23,D,rule_draw,126,1.685029,115,2026-09-11 02:52:56,h2h4 b7b6 b2b3 h7h5 c1b2 e7e5 b2e5 g8f6 d1c1 f6e4 g2g4 a7a5 h1h2 f7f6 c2c3 f6e5 f1g2 h5g4 g2e4 c7c6 e4h1 e8f7 h1e4 d8f6 f2f4 b6b5 h2h1 e5f4 h4h5 c8a6 e1f1 f4f3 c1c2 d7d6 e2f3 g4f3 a2a4 d6d5 e4f3 f6e5 c2c1 b5a4 g1e2 a4b3 d2d4 e5c7 c3c4 g7g5 c4d5 c6d5 c1c7 f7e6 c7e5 e6f7 b1c3 b8d7 e5c7 a8a7 f1g2 a7c7 c3d5 b3b2 a1b1 a6d3 d5c7 d3b1 h1b1 g5g4 b1b2 g4f3 g2f3 f8d6 c7b5 d6f8 f3g2 h8h5 b5c3 h5h8 b2b1 f8d6 b1f1 d7f6 c3b5 h8g8 g2h1 g8h8 h1g1 h8g8 g1f2 f6e4 f2e1 f7g6 b5d6 e4d6 d4d5 a5a4 f1g1 g6f7 g1g8 f7g8 e2d4 d6f7 d4c2 g8f8 d5d6 a4a3 c2a3 f7d6 a3c2 d6b5 c2b4 b5a3 e1d2 a3b5 d2e1 b5a7 b4d5 a7b5 e1f1 f8e8 f1g1 b5a7 g1f1 e8f7 d5f6 f7f6
24,B,material_adjudication,69,1.700865,120,2026-09-11 02:54:56,g1f3 h7h5 h2h4 a7a5 b1a3 h8h7 h1g1 a8a7 d2d4 f7f6 c1d2 a5a4 a1b1 h7h8 f3g5 f6g5 g1h1 d7d5 a3b5 a7a8 b2b4 c8e6 g2g4 c7c6 g4h5 g5h4 f2f3 h8h5 b5a3 e8d7 c2c4 d5c4 d4d5 e6d5 e2e4 d5e6 f1e2 d7e8 a3c4 e6c4 e2c4 a4a3 c4g8 a8a6 g8e6 g7g5 d1e2 f8g7 b4b5 a6b6 e6g4 h5h6 b5c6 b8c6 b1b6 d8b6 d2e3 g7d4 g4f5 b6c5 e3d4 c6d4 f3f4 d4e2 e1e2 g5f4 f5e6 b7b6 e2d3
25,W,material_adjudication,80,1.712948,125,2026-09-11 02:57:32,b1a3 d7d5 g1f3 f7f6 a1b1 e8d7 d2d3 a7a5 a3c4 c7c6 a2a3 g7g6 c4d2 g6g5 d3d4 f8h6 h1g1 d7e8 g2g4 b8d7 f1h3 h6g7 d2f1 h7h5 g4h5 h8h5 h3d7 c8d7 h2h4 a8c8 c1d2 g5g4 g1g4 d7g4 f3e5 f6e5 f2f3 g4f5 f3f4 e5d4 e2e3 d4e3 d1h5 f5g6 h5g6 e8f8 f1e3 g8f6 a3a4 d5d4 e3c4 f6e4 g6e4 d8c7 d2a5 c7b8 e4f3 b7b5 c4b6 b5a4 b6c8 b8c8 a5d2 g7f6 f3e2 d4d3 e2d3 e7e5 f4f5 e5e4 d3a3 c6c5 a3a4 c8a6 a4a6 f6h4 e1d1 f8e7 a6a5 e7f8
26,B,material_adjudication_moderate,87,1.703629,130,2026-09-11 02:59:16,b1a3 h7h5 a1b1 h5h4 d2d3 b7b6 c1e3 c7c5 e3d4 d7d6 f2f3 e7e6 b1a1 a7a6 e2e4 c5d4 a3b1 a6a5 d1e2 e8e7 e1f2 f7f6 a2a4 b8d7 b1d2 d7e5 b2b3 e5c6 c2c4 d4c3 d2b1 e6e5 b1c3 c8b7 h2h3 b7c8 f2e1 f6f5 e2c2 c8b7 c3d5 e7d7 c2b1 h8h7 d5b6 d8b6 e4f5 b6d4 g1e2 d4d5 h1g1 g8e7 f5f6 g7f6 a1a2 d7c7 e2c3 d5d4 c3e2 d4d5 a2d2 c7c8 g2g3 h7g7 g3g4 c6b4 e2c3 d5c6 d2b2 b4d5 c3d5 e7d5 d3d4 a8b8 f1b5 c6c7 b5d3 e5d4 e1d2 d5e3 g4g5 b7d5 d3e4 c7e7 e4d5 e3d5 g5f6
27,B,material_adjudication,85,1.698118,135,2026-09-11 03:00:15,a2a4 g7g6 e2e3 e7e6 g1h3 d8h4 g2g3 f8a3 g3h4 f7f5 b1c3 a3b4 e3e4 b4c3 d2c3 g8f6 h1g1 f6e4 c1d2 e8f7 g1h1 f7e7 c3c4 e6e5 f1e2 c7c6 h3f4 e7d6 d2c3 d6e7 f4e6 d7e6 h1f1 e7f7 f2f4 e4c3 b2c3 e5f4 d1d2 b8a6 c4c5 a6c5 f1f4 c5e4 d2c1 a7a5 a1a3 g6g5 h4g5 h8d8 f4f3 d8h8 h2h3 a8b8 a3b3 b7b5 a4b5 c6b5 e2f1 b5b4 c3b4 a5b4 f3e3 h8d8 b3b2 e4c5 e3d3 d8d3 f1d3 c8d7 c2c4 c5d3 e1e2 d3c1 e2d2 b4b3 d2c1 e6e5 b2b3 b8b3 c4c5 e5e4 c1c2 b3b4 c2c3
28,W,material_adjudication,66,1.723293,140,2026-09-11 03:00:45,h2h4 b7b6 b2b3 c7c6 g2g4 c8b7 f1g2 f7f5 e1f1 d8c8 d2d4 a7a5 c1a3 g7g6 g1f3 f8g7 g4f5 a5a4 b3a4 a8a6 d1c1 e8d8 c2c3 a6a5 g2h3 a5a8 c1d1 g7f6 d1c1 e7e6 f5g6 h7g6 f3e5 f6e5 d4e5 a8a4 b1d2 a4a3 c1a3 h8h4 a1c1 h4h3 h1h3 g6g5 a3b2 g5g4 h3h5 b7a6 b2c2 g8f6 e5f6 a6b7 f6f7 b8a6 h5h7 a6b4 c2b2 b4c2 c1c2 d8c7 a2a3 c8b8 e2e3 c7d8 b2c1 d8e7
29,W,material_adjudication_moderate,100,1.686993,145,2026-09-11 03:02:26,g1f3 h7h5 b1a3 g8f6 f3e5 h8h7 b2b4 e7e6 e5d7 h7h8 h2h4 f6g4 c2c3 e8d7 g2g3 a7a5 b4a5 b7b6 a5b6 b8a6 f1g2 c7b6 g2a8 f7f6 d2d4 a6c7 a1b1 c7a8 e2e4 f8a3 c1a3 d7c7 d1c2 c8d7 h1f1 h8f8 a3f8 d7a4 c2a4 d8f8 a4c2 f8d8 a2a3 g4e3 f2e3 d8b8 b1b2 g7g6 e4e5 f6e5 e1d1 e5d4 e3d4 e6e5 d1d2 e5d4 f1f3 d4c3 d2c3 c7d6 b2b4 b6b5 a3a4 b5a4 c2d2 d6e7 f3f1 a8c7 c3c4 a4a3 c4c5 c7a6 c5d4 a6b4 g3g4 h5g4 d4c4 e7e8 d2b4 b8b4 c4b4 a3a2 f1c1 a2a1q c1a1 g6g5 h4g5 g4g3 a1g1 e8f8 b4a5 f8g7 g1g3 g7f7 g3g2 f7e6 a5b6 e6d5 g2b2 d5d6
30,W,material_adjudication,80,1.774174,150,2026-09-11 03:03:10,e2e3 g7g6 a2a4 e7e6 f1d3 f8e7 f2f4 e8f8 a4a5 f7f6 c2c3 c7c6 g1f3 h7h5 g2g3 b7b6 e1e2 b6a5 d3c2 b8a6 a1a3 a6b4 c2g6 b4d3 h2h3 e7a3 b1a3 c8a6 g6d3 g8h6 d3a6 h6g8 e2e1 d8c7 a6b5 c6b5 a3b5 c7c6 d2d4 f6f5 c1d2 c6b5 d1b1 b5a4 f3g5 h5h4 b2b3 a4b3 b1b3 h4g3 g5f3 a8b8 b3d1 a5a4 c3c4 g3g2 h1g1 h8h3 e1e2 d7d5 f3e5 a7a6 g1g2 d5c4 g2f2 f8e7 d2c3 a4a3 d1f1 a3a2 e2d2 a2a1q c3a1 e7f6 f1h3 b8a8 e5c6 a8b8 d2c1 g8h6
31,W,material_adjudication,66,1.730088,155,2026-09-11 03:03:40,d2d3 b8a6 d3d4 g8f6 f2f4 a8b8 h2h3 f6e4 g1f3 h7h5 e2e3 c7c5 b2b3 g7g5 a2a4 d7d5 f1c4 d5c4 c1d2 e4c3 d4c5 c3b1 d2c3 c8d7 f4g5 b7b5 c5b6 a6c5 d1b1 c5a4 a1a4 f8g7 c3g7 h8g8 a4c4 g8g7 g2g3 g7g5 f3g5 h5h4 g3h4 a7b6 e3e4 b6b5 c4b4 f7f6 c2c4 f6g5 h4g5 b5c4 b3c4 b8b4 b1b4 d8b8 b4b8 e8f7 e1d1 d7c6 d1c2 c6a4 c2c3 a4b3 e4e5 b3a2 b8a8 a2b1
32,B,material_adjudication,111,1.666394,160,2026-09-11 03:06:49,g1h3 g8f6 h3g5 h8g8 h2h4 e7e6 c2c4 a7a6 a2a4 f8c5 g5h3 h7h6 b1c3 d7d5 a1a2 c5b4 b2b3 e8f8 d1c2 d8d6 c3b1 h6h5 h1g1 d6e7 c1b2 b8c6 b2c1 a8a7 g2g4 c6e5 c4d5 e6d5 g4h5 b4d6 d2d4 e5c6 g1g3 c6d4 c2c3 f6h5 c3d4 h5g3 f2g3 b7b6 a2d2 c8h3 f1h3 a6a5 d4c3 e7e4 e1f1 g7g5 h3d7 g8h8 c1b2 e4b1 d2d1 b1b2 c3b2 g5h4 g3h4 h8h4 b2c3 c7c6 d1d3 a7d7 d3f3 h4g4 c3c6 f8e7 c6b6 f7f5 f3h3 d5d4 h3d3 e7e8 b6a5 d7d8 a5f5 g4f4 d3f3 f4f5 f3f5 d6a3 a4a5 a3b2 a5a6 b2a1 a6a7 d8c8 a7a8q c8a8 f5d5 a8c8 b3b4 e8e7 b4b5 c8f8 f1e1 e7e6 b5b6 e6d5 b6b7 d5e4 b7b8q f8b8 e1d2 b8b2 d2e1 e4e5 e1f1
33,W,material_adjudication,94,1.743361,165,2026-09-11 03:07:34,d2d3 b8a6 b2b4 b7b5 e2e4 d7d6 a2a4 b5a4 b4b5 e8d7 d1f3 a8b8 e1e2 f7f5 b1d2 g7g5 e4f5 b8b5 d2c4 d6d5 c4e5 d7d6 c2c3 b5b7 e2e1 f8h6 f3e2 c7c5 g2g4 b7b6 c1e3 d6e5 e3g5 e5d6 g5h6 g8h6 h2h4 h6f5 e1d2 d6d7 g4f5 d5d4 f2f3 d4c3 d2c3 b6b4 h4h5 h8g8 a1c1 d8b6 h5h6 b6c6 f3f4 c6h1 e2g2 h1g2 f1g2 a6c7 g2d5 d7e8 d5g8 c8d7 g8h7 e8f8 g1f3 c7b5 c3d2 a4a3 d2e1 d7f5 h7f5 a3a2 f5e6 b4f4 e6a2 b5c3 c1c3 f4f3 c3c5 f8e8 d3d4 f3f5 d4d5 e8d7 h6h7 f5d5 c5d5 d7c7 h7h8q c7b7 e1d2 e7e6 d5d4 e6e5
34,B,checkmate,82,1.713011,170,2026-09-11 03:09:32,e2e4 b8c6 g2g4 g8h6 a2a4 h6g4 g1h3 g4f2 h3f2 g7g5 b1c3 h7h5 a1a2 c6b4 f1d3 b4a2 d3e2 a2c1 d1c1 f8g7 c3b1 a8b8 f2g4 h8h7 e1g1 e7e6 a4a5 g7d4 g1g2 h5g4 c2c3 h7h6 h2h4 g4h3 g2g3 d4c5 d2d4 c5f8 c1g5 f8b4 g5h6 b4c3 b2c3 d7d6 h6e3 d8d7 f1f3 f7f6 g3h2 c7c6 f3f1 f6f5 d4d5 f5f4 f1f4 e6d5 f4f5 d5e4 f5f1 a7a6 h2g1 d6d5 g1h2 c6c5 b1a3 c5c4 a3c2 b7b6 a5b6 e8d8 c2d4 b8b6 f1e1 b6b8 h2h1 d8e8 e1d1 e8f8 e2g4 d7g4 e3c1 g4g2
35,W,value_resign,53,1.742745,175,2026-09-11 03:10:31,d2d3 h7h6 a2a3 e7e6 a3a4 g7g6 a4a5 f8b4 b1c3 b4c3 b2c3 d8f6 h2h4 e8f8 g1f3 c7c6 c1e3 h8h7 e3f4 g6g5 f4e5 f6d8 f3g1 d7d6 h4g5 h7h8 e5h8 f7f5 a1a2 e6e5 e2e4 c8e6 g1e2 e6a2 a5a6 b8a6 f2f3 a6c7 g5h6 c6c5 h8g7 f8e7 h6h7 g8h6 h7h8q h6f7 h8h7 d8g8 h7g8 f5e4 g2g3 e4e3 h1g1
36,W,checkmate,33,1.727962,180,2026-09-11 03:10:32,b2b3 b8a6 h2h4 b7b5 g2g4 f7f5 h1h2 b5b4 d2d4 f5g4 e2e4 a8b8 h2g2 d7d5 e4d5 d8d5 d1d2 e7e5 d4e5 g7g5 c2c3 g8e7 f1a6 d5g2 a6c8 b4c3 b1c3 b8c8 a1b1 g5h4 e5e6 c7c5 d2d7
37,W,material_adjudication,76,1.735658,185,2026-09-11 03:11:15,a2a4 b8c6 c2c3 c6d4 c3d4 g8f6 a1a2 h7h5 e2e4 a8b8 d2d3 b7b5 g2g4 h5g4 e4e5 b8b6 d1c2 d7d6 b1c3 c8d7 e5f6 b6b8 g1f3 g4f3 c1e3 a7a5 f6g7 f8g7 h1g1 f7f5 g1g7 b5a4 c3d5 c7c6 h2h3 c6d5 a2a3 e8f8 g7g5 d8e8 a3a1 b8c8 c2d2 h8g8 h3h4 f5f4 e3f4 c8b8 a1a4 d7a4 g5d5 e7e6 d5a5 b8b3 f4e3 g8g1 a5a7 e6e5 d4e5 e8e5 d2c1 f8g8 e1d2 e5e6 f1h3 g1c1 h3e6 g8f8 d2c1 b3b7 a7b7 a4b3 d3d4 f8e8 b7a7 b3a4
38,B,material_adjudication_moderate,89,1.604904,190,2026-09-11 03:12:28,b1a3 d7d5 g1f3 f7f6 a1b1 b7b6 a3c4 e8d7 e2e3 c7c5 c4a5 g7g5 f1b5 d7c7 d2d3 d8d7 c2c4 d5c4 c1d2 d7b5 b2b4 c4d3 a2a4 c8h3 a4b5 h3d7 b1b3 b6a5 d1b1 h7h5 b4c5 c7b7 b3d3 f6f5 b1c1 a5a4 d3d7 b7c8 f3g5 c8d7 g2g3 d7e8 h1g1 g8f6 f2f3 f6e4 f3e4 h5h4 g3h4 h8h4 g5e6 h4h2 g1g2 h2g2 e4f5 g2g1 e1f2 g1c1 d2c1 a7a6 c1b2 a6b5 f2e2 b8d7 c5c6 b5b4 c6d7 e8d7 e2f3 a4a3 b2a3 b4a3 e6f8 a8f8 e3e4 e7e6 e4e5 f8f5 f3e4 a3a2 e4e3 d7d8 e3e4 f5e5 e4d4 e5g5 d4e4 d8e8 e4f4
39,W,material_adjudication_moderate,132,1.743035,195,2026-09-11 03:12:44,d2d3 h7h5 c2c3 h5h4 c1g5 h8h6 a2a4 a7a5 a1a2 b7b6 e1d2 c8b7 h2h3 h6e6 c3c4 e6f6 d2e1 b8c6 e2e4 c6b4 g5f6 b4a2 f6g7 d8c8 g7f8 e8f8 d1e2 g8h6 e2e3 c7c5 b1c3 h6g4 h3g4 a2c3 b2c3 h4h3 g1h3 d7d6 e3d2 c8g4 h1g1 g4e6 h3f4 e6c8 f4e2 f7f6 d2d1 f8g8 d1b1 g8h7 g2g3 h7g8 b1b3 g8f8 e1d2 f6f5 b3b2 f5e4 d3e4 c8e6 f2f4 b7e4 f4f5 e4f5 e2f4 e6e5 f4g2 a8e8 g3g4 f5e6 b2a3 f8f7 a3b2 e8f8 d2c2 e6g4 g2h4 g4e6 h4g6 e5h2 g1g2 h2h7 g2g3 f8e8 g3g5 h7h6 g5g1 h6e3 g1g2 e8c8 g2e2 e3f3 g6h4 f3f1 e2f2 f1f2 c2d3 c8g8 b2f2 f7g7 f2e2 g8h8 h4f3 h8f8 f3h4 f8f6 e2e3 g7f7 e3e4 f6h6 h4f3 h6f6 f3g5 f7g8 g5e6 f6e6 e4e6 g8f8 e6e2 f8e8 e2e3 e8f8 e3e2 f8g7 e2e3 e7e5 e3e2 e5e4 d3d2 e4e3 d2c2 g7f8
40,W,material_adjudication,66,1.749256,200,2026-09-11 03:16:15,d2d3 h7h5 c2c3 b7b6 d1a4 b8a6 a4d4 b6b5 a2a4 b5a4 a1a2 d7d6 d4e4 e7e5 e4a8 f8e7 d3d4 e8d7 a2a4 c7c6 e2e4 a6c7 a8a7 f7f6 b2b3 e5d4 c1d2 c6c5 e4e5 d6e5 g1f3 h5h4 c3d4 c5d4 b1a3 e7a3 a4a3 h4h3 g2h3 d4d3 a3a4 g7g5 f1d3 d8e7 d3g6 g5g4 h3g4 e7c5 e1e2 c5a7 a4a7 c8b7 d2e3 g8e7 g6f7 e7d5 f3d2 d5e3 e2e3 f6f5 a7b7 d7c8 b7a7 f5g4 f2f3 g4f3
41,W,material_adjudication_moderate,109,1.745038,205,2026-09-11 03:17:17,e2e4 b8c6 d1h5 g8f6 h5d5 c6b4 d5g5 c7c5 e1e2 f6e4 g5e3 h7h5 g1f3 h8g8 e3e4 b4c2 b2b3 d7d5 b1a3 c2a3 e4e3 e7e5 c1a3 e5e4 a1d1 g8h8 d1b1 d5d4 e3e4 d8e7 e4e7 e8e7 b1a1 g7g5 e2e1 g5g4 f3g5 f8h6 f2f4 e7e8 f1d3 a7a5 g5f7 e8f7 a3c5 h8e8 e1d1 b7b6 c5b6 h6f4 a2a4 f4d2 b6d4 d2e3 d4e3 c8b7 e3d2 e8c8 b3b4 a5b4 a1b1 b4b3 d2h6 h5h4 h6g5 f7e8 d3f5 a8b8 d1e2 b3b2 f5c8 b7c8 e2d1 c8d7 a4a5 h4h3 g5h6 h3g2 h1g1 g4g3 h2g3 d7e6 g1g2 e6a2 g2b2 a2b1 b2b8 e8d7 b8b4 d7d6 d1c1 d6c5 c1b1 c5b4 a5a6 b4c3 g3g4 c3b4 g4g5 b4a3 b1c1 a3a2 c1d1 a2a3 d1c1 a3a2 c1d1 a2a1 d1e2
42,B,material_adjudication_moderate,93,1.703618,210,2026-09-11 03:17:31,e2e4 b8c6 d2d3 g7g5 c1g5 e7e5 g2g3 c6a5 f2f3 a5c6 a2a3 f7f6 a3a4 e8e7 b1a3 a7a6 a1a2 e7e8 g5f6 d8f6 a3c4 d7d6 d1d2 f6g6 e1d1 g8e7 a2a3 e8d8 a3a2 b7b6 a4a5 g6h5 a5b6 c7b6 c4b6 a8b8 g3g4 c8g4 f3g4 h5g4 f1e2 g4g2 e2f3 g2d2 d1d2 b8b6 a2a4 h8g8 g1e2 d8e8 a4c4 e8d7 h2h3 b6b4 c4b4 c6b4 c2c3 b4c6 c3c4 c6d4 e2d4 e5d4 c4c5 d7c7 h1f1 d6c5 d2e1 e7g6 f3e2 f8e7 e2f3 g8c8 e1e2 e7g5 f1g1 g5f4 g1g6 h7g6 e2f1 c8d8 b2b3 c5c4 d3c4 c7b6 f3e2 g6g5 h3h4 g5h4 b3b4 f4e5 f1g2 d8e8 c4c5
43,W,checkmate,133,1.726164,215,2026-09-11 03:19:10,d2d3 b8a6 d3d4 h7h5 f2f3 a8b8 a2a4 g8f6 e1d2 h5h4 c2c3 d7d6 g1h3 d8d7 h3g5 f6g8 a4a5 g8f6 h1g1 b7b6 a5b6 a7b6 b1a3 f6h7 g5h7 d7e6 a3c2 h8h7 g2g4 h4g3 c2e1 g3h2 g1h1 e8d7 d4d5 e6h6 d2d3 h6f6 c1e3 d7e8 d3d2 f6f5 b2b4 c8d7 a1a6 b8a8 a6a8 d7c8 a8c8 e8d7 h1g1 h2g1q e3g1 d7c8 f3f4 c8b7 g1e3 e7e6 f1h3 h7h3 d5e6 f7e6 e1c2 d6d5 e3d4 f8e7 d4g7 f5g6 g7d4 b6b5 d4g1 h3h7 d1b1 g6h5 c2d4 h7h6 f4f5 e6f5 d4f5 c7c6 f5h6 h5h6 d2c2 h6h4 e2e4 d5e4 c2d1 e7d8 b1c1 h4e7 d1e1 e4e3 g1e3 e7h4 e1f1 h4f6 e3f2 b7c7 f1e2 c7c8 e2e3 f6e5 e3d2 e5e6 d2d1 d8f6 f2g1 c8d7 c1b1 f6d8 b1c1 d7e8 g1a7 e8f7 a7g1 f7e7 d1c2 e7e8 c2d1 e6c8 d1e1 d8f6 c3c4 b5c4 c1c4 f6g5 g1c5 g5e3 c5e3 c8e6 c4e6 e8f8 e3h6
44,W,checkmate,67,1.686069,220,2026-09-11 03:19:24,a2a3 g8h6 e2e3 b8a6 d2d4 c7c6 f2f3 b7b5 h2h4 h6g8 h4h5 a8b8 f1b5 d7d5 g2g4 a6c7 e1d2 c6b5 a3a4 g8h6 c2c3 b5a4 f3f4 c8d7 g1f3 h6g4 f3e5 a4a3 e5c6 g7g6 c6d8 a3b2 c1b2 b8b2 d2c1 g4f2 d1f3 f2h1 c1b2 e8d8 f3h1 g6h5 h1h5 f7f5 h5d1 d7c8 a1a7 f8g7 e3e4 f5e4 d1b3 g7d4 c3d4 e4e3 b3c2 e3e2 c2e2 c7e6 e2f1 h8e8 f4f5 e6d4 b1d2 c8f5 f1f4 h7h6 f4c7
45,B,checkmate,14,1.725449,225,2026-09-11 03:20:31,e2e3 e7e5 e3e4 d8h4 b2b4 a7a5 b1a3 a5b4 c2c3 f8c5 c1b2 h4f6 a3b5 f6f2
46,W,material_adjudication_moderate,89,1.695421,230,2026-09-11 03:22:08,d2d3 b7b5 a2a4 a7a5 f2f3 c8a6 a4b5 a8a7 c1e3 a6b5 g2g4 f7f5 b1a3 g7g5 a3b5 f5f4 b5a7 d8c8 a1c1 d7d6 e3f4 e7e6 f4e5 d6d5 c2c3 d5d4 e5d4 h7h5 f1g2 f8g7 e2e4 c8b7 d4c5 g7c3 b2c3 h5g4 g1e2 g4f3 g2f3 g5g4 h1g1 g4f3 e2d4 h8h2 d4c2 f3f2 e1f1 f2g1q f1g1 h2c2 c1c2 b7c6 a7c6 b8d7 c2d2 a5a4 d1e2 d7c5 c6e5 c5d3 e5c6 d3c1 d2d6 c7d6 e2g2 a4a3 g2c2 a3a2 c2c1 a2a1q c1a1 e8d7 a1a2 d7c6 a2d2 c6b5 e4e5 b5c4 g1h2 c4b3 d2e2 b3c3 h2g3 g8e7 g3h4 e7g8 e2h2 d6d5 h2g1
47,W,material_adjudication,100,1.666235,235,2026-09-11 03:23:18,e2e4 b7b6 f2f4 d7d6 f1c4 g7g6 d2d3 f7f6 g1f3 a7a5 b1d2 a5a4 f3d4 e7e5 c2c3 f8e7 d2f1 b8d7 c4g8 e5d4 g8f7 e8f7 c1d2 c7c6 f4f5 d7e5 a1b1 c8d7 c3d4 a8c8 d1c2 d6d5 d4e5 d5d4 a2a3 f6e5 g2g4 g6f5 e4f5 e7h4 f1g3 f7e7 f5f6 e7f8 h1g1 f8e8 f6f7 e8f7 c2a4 d7g4 h2h3 h4g3 g1g3 g4e6 a4a7 d8e7 a7b6 h7h5 d2g5 e7d7 b6a6 h8f8 g5d2 f8e8 b1d1 e8e7 d2a5 e5e4 a6b6 c6c5 d3e4 c5c4 g3e3 c8a8 e4e5 d4e3 d1d7 e7d7 a3a4 d7d4 b6d4 a8a5 d4e3 a5a4 e3c1 f7g6 c1c2 g6f7 c2a4 h5h4 a4a7 f7e8 e1f1 c4c3 b2c3 e6f5 a7e3 e8d7 e3f2 f5e6
48,W,checkmate,59,1.719613,240,2026-09-11 03:26:23,a2a3 b8a6 a3a4 d7d6 c2c3 c8d7 b2b4 a8c8 h2h3 e7e6 g1f3 g7g6 h1g1 d8f6 b4b5 f8g7 e2e3 g8e7 g2g4 d6d5 h3h4 d5d4 e3d4 a6b4 b1a3 f6f3 d1b3 b4a2 b3a2 f3d5 f1g2 f7f5 g2d5 e7d5 h4h5 f5g4 a3c2 g6h5 e1d1 h8g8 a1b1 g7h8 c1a3 a7a5 b5a6 b7b6 a2c4 h5h4 c2e3 d5f4 g1g4 g8g4 e3g4 h7h5 g4e5 b6b5 c4b4 f4d5 b4f8
49,B,material_adjudication,67,1.720749,245,2026-09-11 03:27:07,e2e4 f7f5 d2d3 c7c6 g1e2 g8f6 g2g3 g7g5 c1g5 h7h6 g5f6 e8f7 b2b4 b7b6 b1c3 e7f6 c3b5 c6b5 a2a4 f8b4 e2c3 b4c3 e1e2 b8c6 e4e5 c6b4 a4a5 b4d5 d3d4 d5c7 a5b6 c8b7 b6c7 d8c7 h2h3 c3a1 d1d3 b7a6 c2c4 c7c6 c4b5 a6b5 d3b5 c6b5 e2e1 b5a4 f2f4 h8d8 f1c4 f7f8 e1e2 a8c8 h1a1 a4b3 c4b3 a7a6 e2f3 d8e8 d4d5 f6e5 a1c1 c8c1 b3c4 e5f4 g3f4 c1c2 h3h4
50,B,material_adjudication,101,1.737351,250,2026-09-11 03:27:50,a2a3 g8f6 a3a4 g7g6 a4a5 e7e6 h2h4 g6g5 d2d3 e8e7 a5a6 b8a6 e2e3 e6e5 b2b3 e5e4 h4h5 f8g7 c2c3 f6g4 d1g4 c7c6 g4e4 e7f8 e4f3 a6b8 f3f7 f8f7 c1d2 h8g8 b1a3 c6c5 e1d1 d7d5 c3c4 d5c4 b3c4 d8c7 f2f4 c7d8 g2g4 g7a1 a3b5 a1c3 b5c3 b8c6 f1e2 a7a5 c3b5 g5f4 e3f4 c8g4 e2g4 g8g4 g1f3 f7e7 h1g1 c6b4 g1g4 e7e6 g4g5 d8e7 f3e1 a5a4 b5c3 h7h6 g5g6 e6f7 g6g1 a8a5 c3d5 b4d5 d2a5 d5f6 g1h1 f6g4 h1g1 g4f6 g1h1 f6g4 h1g1 g4f6 g1h1 f6g4 h1g1 g4f6 g1h1 f6g8 a5d2 a4a3 h1f1 g8f6 f1h1 a3a2 h1h3 a2a1q d1c2 a1d4 h3h4 e7e6 c2b1
51,W,material_adjudication,76,1.686110,255,2026-09-11 03:28:54,a2a4 g7g6 h2h4 a7a5 h4h5 a8a7 a1a2 g6h5 g1h3 e7e5 c2c4 f8a3 d1c2 e8f8 b1a3 f8g7 h1g1 b7b6 a3b5 a7a6 c4c5 e5e4 c2e4 g8f6 e4d4 b8c6 d4d3 c6b4 d3d4 b4a2 d4e3 d7d5 c5d6 c8d7 g2g4 f6d5 g4h5 g7f8 e3b3 a2c1 b3d5 c7d6 b5d6 c1d3 d5d3 a6a7 e2e4 f8e7 h5h6 d8b8 d3b3 f7f5 d6c4 b6b5 a4b5 a5a4 b3a2 b8b5 f2f4 b5b3 a2b3 a4b3 e4f5 a7a4 f1d3 a4c4 d3c4 d7c6 d2d3 c6d5 c4d5 e7f8 d5f3 f8e8 e1d2 e8f8
52,W,material_adjudication,84,1.664593,260,2026-09-11 03:29:51,e2e4 b8a6 d2d4 h7h5 f1d3 a6b4 h2h4 b4d3 e1e2 d3b4 b2b3 e7e5 d4e5 b4a6 f2f3 f8e7 h1h3 d7d6 c1b2 e8d7 h3g3 f7f5 e5d6 f5f4 d6e7 d7e7 g3g5 a8b8 e2e1 e7e8 b1c3 c7c6 g5a5 a6c7 g1e2 g8f6 g2g3 b7b6 a5a7 f6e4 f3e4 b6b5 d1d8 e8d8 a2a4 c8d7 g3f4 b5b4 f4f5 b4c3 b2c3 h8e8 a1d1 b8b7 a7b7 e8e6 b3b4 d8c8 b7a7 e6h6 c3d2 c8b8 d2e3 d7e6 b4b5 c6b5 a4a5 e6d7 e3h6 g7h6 e4e5 b8a7 d1d7 a7b8 e5e6 c7e6 d7d6 b5b4 d6e6 b4b3 e2g3 b3c2 e1d2 b8b7
53,W,material_adjudication,98,1.735791,265,2026-09-11 03:31:16,e2e4 b8c6 g2g4 g8h6 f1d3 f7f5 b1a3 a7a5 h2h4 c6d4 g4g5 e8f7 g1e2 e7e6 e2d4 f5e4 h4h5 d8g5 d3e4 f7e7 h1h3 g7g6 h3d3 h6g4 e4b7 c8b7 d3g3 b7e4 a3c4 g4h2 g3g5 f8h6 d2d3 e4g2 d4f3 e6e5 c4e5 h8e8 f3h4 h6g5 c1g5 e7f8 a2a3 d7d6 f2f4 d6e5 d1e2 e5f4 a1d1 f4f3 e2e4 e8e4 d3e4 g6h5 e4e5 g2h3 c2c4 c7c5 h4f3 h3g4 f3h4 f8e8 b2b4 g4d1 b4a5 a8c8 e1d1 h7h6 a5a6 h6g5 h4f5 g5g4 f5d6 e8d8 d6c8 d8c8 a6a7 c8b7 a7a8q b7a8 e5e6 a8b8 e6e7 b8a7 e7e8q g4g3 d1e1 g3g2 e1f2 a7b6 f2g2 h5h4 g2h2 h4h3 h2h3 b6c7 h3g2 c7d6
54,B,material_adjudication,87,1.782083,270,2026-09-11 03:31:30,e2e4 f7f6 e1e2 e8f7 d2d3 h7h6 b2b3 e7e5 f2f4 a7a6 d1d2 d7d6 b1a3 b8d7 g2g4 g7g5 d3d4 e5d4 g1f3 d8e8 f3d4 e8e7 f1h3 b7b6 f4f5 c8b7 e2e3 d7c5 b3b4 f8g7 b4c5 d6c5 d4e6 c7c6 d2d3 h6h5 d3e2 h5g4 h3g4 c5c4 a3c4 b6b5 c2c3 b5c4 e3f3 g7f8 f3g2 f7e8 c1b2 a6a5 a2a4 e7d7 e2f1 f8e7 h1g1 b7a6 e4e5 c6c5 g2g3 a8c8 e6g5 f6g5 g3f3 e8f8 b2a3 g8h6 g4h3 h6f5 h3f5 d7f5 f3g3 f5f1 g1f1 f8g7 a3c5 c8c5 a1d1 g7g8 f1e1 a6b7 d1d5 b7d5 e1c1 g5g4 g3g4 d5e4 c1a1
55,B,checkmate,50,1.775069,275,2026-09-11 03:31:30,e2e4 f7f6 e1e2 g8h6 b2b3 b8a6 c2c4 a8b8 d2d4 e8f7 g1h3 b7b5 a2a3 c7c5 d4c5 d7d5 b3b4 c8g4 f2f3 g4h3 e4d5 h3d7 c4b5 a6c7 c5c6 e7e6 d5e6 f7e8 e6d7 e8f7 h2h4 g7g5 f3f4 g5h4 g2g3 h4g3 f1g2 f6f5 b1c3 c7b5 d1b3 f7e7 c3b5 d8b6 a1b1 b8d8 c6c7 d8d7 g2a8 b6f2
56,W,material_adjudication,66,1.690062,280,2026-09-11 03:32:10,b1a3 a7a5 g2g4 f7f6 a3b5 h7h6 a1b1 h6h5 e2e3 d7d6 b5c7 d8c7 d2d4 h8h6 e1d2 c7d7 g4h5 e7e5 a2a3 h6h5 d1e1 d7b5 f1b5 b8c6 d4d5 c8g4 f2f3 h5h3 b2b4 e8d8 d5c6 b7c6 e1f1 c6b5 f3g4 h3h2 g1e2 h2h1 f1h1 a5b4 a3b4 a8b8 h1h7 d8e8 e2c3 d6d5 c3b5 b8b5 h7g6 e8e7 d2d1 b5b4 b1b4 e7e6 c2c4 g8e7 g6h7 d5c4 b4b6 e6d5 b6b7 g7g5 b7b1 e7c6 c1d2 c6e7
57,W,material_adjudication_moderate,88,1.730231,285,2026-09-11 03:33:44,e2e3 a7a5 e1e2 b7b5 g2g3 h7h5 h2h4 d7d5 d2d4 g7g5 a2a3 f7f6 h4g5 c7c5 a3a4 e8f7 a4b5 c8e6 d1d2 f6g5 d4c5 f8g7 e3e4 d5e4 f2f3 g8f6 f3e4 e6g4 g1f3 d8c7 e4e5 c7e5 d2e3 g4f3 e2f3 b8d7 e3e5 d7e5 f3f2 h8b8 c1g5 b8b5 f1b5 e5f3 h1h2 f3h2 c2c3 a8a7 b1a3 f7g8 a3c4 h2f1 a1f1 f6e4 f2g1 e4g3 f1e1 g3e4 g5e7 e4c5 e7c5 g7f8 c4b6 f8c5 g1g2 c5b6 b2b3 h5h4 c3c4 b6c5 g2h3 a7d7 b5d7 g8f8 d7f5 f8g7 h3g2 g7f6 f5c2 a5a4 b3a4 h4h3 g2h3 f6g5 c2d3 c5d6 e1h1 d6f4
58,B,material_adjudication,69,1.716088,290,2026-09-11 03:33:59,d2d3 b7b6 f2f4 d7d6 e2e4 f7f6 b1d2 g7g5 h2h3 b6b5 g2g4 a7a6 h1h2 e7e5 g1f3 d8e7 d1e2 b8d7 f4g5 a6a5 f1g2 f6g5 e2d1 g8f6 f3g5 h7h6 g5f7 e7f7 h2h1 f7e7 g2f3 f8g7 d1e2 a5a4 e2f2 b5b4 f2e3 f6e4 f3e4 h6h5 e4a8 g7f6 e3e2 b4b3 g4h5 b3c2 d2c4 e5e4 e2c2 e4d3 c4e3 d3c2 a1b1 d7b6 b2b3 d6d5 h1g1 d5d4 a8f3 d4e3 c1a3 f6g7 h5h6 g7h6 g1g6 a4b3 a2b3 c2b1q e1e2
59,B,material_adjudication,66,1.679013,295,2026-09-11 03:34:52,e2e3 g7g5 g1h3 b8a6 g2g4 f7f5 h3g5 c7c6 a2a4 h7h5 d1e2 f8g7 b2b3 h5g4 d2d4 h8h3 e1d1 b7b6 b1a3 h3h5 e2d2 h5g5 a3c4 g8f6 a4a5 d7d5 a1a4 d5c4 a5b6 c8d7 a4c4 a6b4 c4b4 d8b8 b6b7 a7a5 b7a8q b8a8 b4c4 e8f7 c1b2 a8b8 f1e2 f6e4 d2d3 e4f2 d1d2 f2d3 h1c1 d3b2 h2h4 g4h3 c1b1 b2c4 e2c4 d7e6 d4d5 c6d5 c4d3 g5g4 d3e2 a5a4 b3a4 b8d8 e2g4 f5g4
60,B,checkmate,64,1.718558,300,2026-09-11 03:35:44,a2a3 b8a6 a3a4 g7g5 f2f3 e7e5 a1a2 g8e7 b1a3 a6c5 d2d3 a7a5 a3b1 c5e6 c2c3 a8a7 c1g5 d7d6 g2g4 d8d7 b1d2 f7f6 g5e3 d7c6 c3c4 h7h6 h2h4 d6d5 e3a7 d5d4 h1h3 c8d7 d1c2 e7g8 h3h1 h6h5 g4h5 h8h5 d2e4 b7b6 f3f4 c6b7 h1h3 b7a7 f4f5 h5f5 e4g3 d7a4 c2a4 b6b5 c4b5 f5f4 e2e4 d4e3 g3e4 a7b6 e1d1 f4f1 d1e2 f1g1 h4h5 f8h6 a4a5 e6d4
61,W,checkmate,27,1.732279,305,2026-09-11 03:37:19,c2c3 h7h6 c3c4 g7g6 h2h3 h6h5 d1b3 a7a6 c4c5 a8a7 g1f3 a6a5 f3h2 c7c6 a2a4 g6g5 b3c4 f7f6 a1a2 g5g4 f2f3 h5h4 c4c2 f6f5 f3g4 f5f4 c2g6
62,B,material_adjudication,67,1.738275,310,2026-09-11 03:38:00,d2d3 b8a6 d3d4 a8b8 f2f3 b7b5 b1c3 c7c6 a2a4 a6c7 f3f4 a7a5 c3d5 b5a4 a1a4 b8a8 d5e3 f7f5 g1f3 e7e6 h2h3 a8a6 g2g4 g8f6 g4g5 f6d5 e3c4 c6c5 a4a1 d5b6 c4e5 d7d6 d4c5 d6e5 c5b6 e5f4 c1d2 c7a8 a1b1 c8b7 c2c4 g7g6 f3h4 b7h1 b6b7 h1b7 e2e3 f4e3 d2e3 h8g8 e3d2 d8d4 h4f3 d4e4 f1e2 f8c5 h3h4 f5f4 h4h5 g6h5 b2b4 a5b4 b1c1 e8d7 d1c2 e4c2 c1c2
63,W,value_resign,56,1.702474,315,2026-09-11 03:41:01,e2e4 b8c6 a2a4 g7g5 c2c3 c6b4 g1h3 a7a5 c3b4 e7e6 b4a5 d8e7 g2g4 g8f6 h3g5 h8g8 g5h7 b7b5 b1a3 g8g4 a3b5 f6e4 h7f8 e7b4 f8d7 c8d7 b5c7 e8e7 c7a8 e4d2 a8c7 g4e4 d1e2 e4d4 c7d5 e7d8 d5b4 f7f5 c1d2 d4c4 h1g1 d8e8 d2c1 c4d4 g1g3 e6e5 f1h3 e5e4 a1a3 e8e7 e2e3 f5f4 e3d4 f4g3 d4g7 e7e8
64,D,cap_draw,150,1.689558,320,2026-09-11 03:42:28,d2d3 h7h6 a2a4 e7e5 b2b3 g7g6 h2h4 a7a5 f2f3 h8h7 a1a2 b7b6 e2e4 f7f6 d3d4 c8b7 b1a3 e5d4 e4e5 d4d3 c1b2 h6h5 h1h2 f8b4 d1d2 b4d2 e1d2 e8f8 a2a1 b7c8 a3b5 f6e5 f1d3 c8a6 d3c4 c7c6 h2h1 d8e7 b5d4 a6c4 b3c4 c6c5 a1b1 f8g7 c2c3 a8a6 g1e2 e5e4 f3e4 g6g5 h4g5 h5h4 d4f5 g7f7 f5e7 g8e7 b1g1 b8c6 b2a3 d7d6 e2f4 h7h8 d2e2 h8e8 h1h4 f7g8 g1d1 g8g7 h4h1 e8h8 h1h8 g7h8 d1d6 h8g7 f4h3 a6a8 e2d1 a8d8 d6d8 c6d8 d1c2 e7g6 e4e5 g6e5 h3f2 e5c4 c2b3 c4a3 b3a3 d8f7 f2h3 f7g5 h3g5 g7g6 g5f3 c5c4 a3a2 g6h5 f3e5 h5g5 e5f3 g5g4 f3d4 g4g3 d4b5 g3g2 a2b1 g2h1 b5d4 h1g1 b1c2 g1h2 c2d2 h2h3 d4e6 h3g2 d2c1 g2h1 c1d1 h1g1 d1d2 g1f2 d2d1 f2g1 d1c1 g1h2 c1d1 h2h3 d1e1 h3g2 e1d1 g2g1 d1e1 g1h2 e1d1 h2h3 d1e1 h3g2 e1d1 g2g1 d1d2 g1h2 d2e1 h2h1 e1e2 h1g1 e2d2 g1h2 d2e1 h2h1
65,B,material_adjudication_moderate,81,1.694666,325,2026-09-11 03:42:28,d2d3 d7d6 e2e4 f7f6 b2b3 e8f7 g2g3 f7e8 a2a3 b8a6 e4e5 e7e6 c2c3 f6e5 d1g4 a6c5 a1a2 g8f6 g4c4 c5d3 f1d3 f8e7 b3b4 a7a5 b1d2 a5b4 c3b4 h8g8 f2f4 f6d5 d3e4 e7f6 e4d5 e6d5 c4b5 c7c6 b5e2 e5e4 g3g4 c8g4 e2g4 d8c7 g4e2 g8f8 b4b5 d5d4 a2c2 d4d3 b5b6 c7b6 c2b2 f6b2 c1b2 d3e2 g1e2 b6c7 a3a4 e8e7 b2g7 f8f7 g7b2 c7d8 a4a5 f7f6 b2f6 e7f6 h1g1 f6f7 f4f5 d8f8 e2c1 f7f6 d2f1 f6f5 a5a6 a8a6 e1e2 h7h6 g1g3 d6d5 g3f3
66,W,material_adjudication,66,1.699850,330,2026-09-11 03:42:43,g1f3 h7h5 b1a3 h5h4 c2c3 g8f6 d1b3 h4h3 f3e5 d7d5 c3c4 h8g8 e5c6 b8c6 a3c2 g7g5 b3b5 c8g4 d2d3 d8b8 g2g3 d5d4 f2f3 g4d7 a2a4 f6d5 a4a5 f7f5 c4d5 f5f4 d5c6 d7c6 b5c4 c6d5 c4d5 b7b5 e1d2 g5g4 d5g8 c7c5 g8g4 b8d6 h1g1 a8b8 g3f4 e7e5 g4f5 f8g7 b2b4 a7a6 e2e4 c5b4 f4e5 d6e5 f5g6 e8d8 f1e2 g7f8 a1b1 e5f4 d2d1 f8c5 b1a1 d8e7 c1b2 b8g8
67,B,material_adjudication,71,1.704574,335,2026-09-11 03:43:10,e2e3 a7a5 f1b5 a5a4 d1f3 c7c6 g2g3 h7h5 d2d4 h8h7 b2b3 a4b3 e1e2 f7f6 a2a3 d7d6 b5c6 b7c6 c2b3 c8a6 e2d2 g7g5 e3e4 h5h4 a1a2 g5g4 f3d1 e8d7 d1f1 h7h5 g3h4 a6f1 d4d5 f6f5 e4e5 h5h4 e5e6 d7e8 d2e1 f5f4 e1f1 f4f3 d5c6 d6d5 c6c7 d8c7 b1c3 c7d8 c3d5 b8c6 c1d2 g8h6 a3a4 f8g7 a2a3 h4h5 f1e1 a8a7 d2f4 h5h4 e1d1 g7e5 f4e5 c6e5 g1h3 g4h3 d1e1 d8d6 h1f1 d6d5 b3b4
68,B,checkmate,40,1.644759,340,2026-09-11 03:44:02,h2h4 b7b6 g1f3 d7d6 b2b3 e7e6 c2c3 b8d7 b3b4 d7f6 g2g4 a7a5 c1a3 f6g4 h1g1 g4f2 e1f2 a5b4 g1g6 a8a5 a3b4 h7g6 b4a5 f8e7 f3d4 b6a5 d4c6 e7h4 f2g2 d8g5 g2h1 g5h5 d1b3 f7f5 c6a5 c7c5 b1a3 h4f6 h1g1 h5h2
69,B,material_adjudication,66,1.724304,345,2026-09-11 03:44:54,e2e4 b7b6 e1e2 g7g6 g1f3 d7d6 b1a3 c7c6 c2c4 f8g7 a3c2 g7f6 h2h4 a7a6 e4e5 c8f5 g2g4 f5c2 e5f6 c2d1 e2e1 d6d5 b2b3 d1c2 f3d4 e7e5 c4c5 a8a7 f2f3 e8f8 c5b6 a7a8 b6b7 a8a7 d4c6 b8c6 c1b2 d5d4 f1c4 d8e8 h4h5 g8h6 h5g6 f7g6 b7b8q c6b8 g4g5 b8c6 g5h6 a6a5 h1h4 g6g5 h4h3 e8d7 c4b5 d7e8 b5c6 e8c6 f3f4 g5g4 b2a3 f8f7 d2d3 g4h3 f4e5 h8g8
70,W,material_adjudication,78,1.752256,350,2026-09-11 03:46:41,f2f4 a7a5 c2c4 d7d5 c4d5 c7c6 a2a4 c8e6 d5c6 f7f5 e1f2 b7c6 a1a2 e8f7 g2g3 d8d2 d1d2 e6a2 g1f3 a2b1 f1g2 g8f6 h1f1 g7g6 f3e5 f7e8 d2c3 f6h5 c3e1 h5f6 c1e3 f6g4 e5g4 c6c5 e1c3 e8f7 g4e5 f7e8 b2b3 f8g7 c3b2 b8d7 e5d7 g7b2 g2a8 b2f6 h2h4 e8d7 f1b1 d7e8 a8d5 c5c4 b3c4 g6g5 h4g5 e7e5 g5f6 e5f4 e3f4 e8d8 d5a8 d8e8 b1d1 e8f7 f4e5 h8a8 f2f1 a8c8 d1a1 c8c4 e2e3 c4a4 a1a4 f7e8 e5d4 h7h5 d4b2 e8f8
71,W,checkmate,49,1.643880,355,2026-09-11 03:46:55,d2d3 h7h6 c1h6 c7c5 c2c3 c5c4 d3d4 a7a5 h2h3 h8h6 f2f3 a8a7 d1c1 d8c7 e2e4 c7c6 f1e2 h6h5 g2g4 h5d5 b2b4 c4b3 e4d5 c6a4 b1d2 g8f6 g4g5 f6h5 a2b3 g7g6 a1a4 b7b5 d2c4 b5c4 a4c4 f8g7 e2f1 b8a6 f1e2 a7a8 c1b1 a8b8 d5d6 b8b3 h3h4 b3b1 e1d2 h5f4 c4c8
72,B,material_adjudication,77,1.691238,360,2026-09-11 03:48:57,h2h4 b7b6 b2b3 c7c5 h1h3 g8h6 d2d4 f7f6 c2c3 a7a6 e2e4 d7d6 c1a3 b8d7 d4c5 b6c5 e1e2 h6g8 g2g4 g8h6 d1d5 d7b6 d5b7 c8b7 e2d2 f6f5 g4g5 b7d5 f1b5 e8f7 g5h6 a6b5 e4d5 c5c4 h6g7 f8g7 a3c1 g7e5 a2a4 b6d7 a4b5 a8a1 b3c4 h8f8 g1f3 d7b8 f3e5 d6e5 c1b2 a1b1 f2f3 d8b6 b2a3 b6d8 a3c5 f7g8 d2c2 h7h5 c2b1 f8f6 b5b6 d8e8 f3f4 e5e4 b1b2 e8a4 c5b4 g8f8 b6b7 a4a7 b2b3 a7b7 h3h1 e4e3 h1h3 f6d6 c4c5
73,B,material_adjudication,83,1.713153,365,2026-09-11 03:51:03,e2e3 a7a5 f1b5 h7h5 f2f3 a5a4 c2c4 g7g6 g2g3 h5h4 h2h3 h4g3 d2d4 c7c6 b2b4 h8h4 e3e4 a8a7 d1c2 h4h5 c1g5 h5g5 b1a3 c6b5 f3f4 g3g2 f4g5 g2h1q e4e5 b8a6 a3b5 a6b4 b5a7 b4a2 a1a2 f8g7 c2g2 h1g2 a2g2 b7b6 c4c5 b6b5 g1f3 d7d6 e5d6 e8f8 a7c8 d8c8 g2g4 a4a3 e1d2 c8e8 h3h4 f7f5 g5f6 g7f6 d6d7 e8d7 d4d5 e7e6 d2e1 f6e7 g4g5 b5b4 d5e6 d7e6 e1d2 g8f6 g5g6 f8f7 f3g5 f7g6 g5e6 a3a2 h4h5 g6h7 h5h6 a2a1q e6g7 a1a2 d2c1 h7h6 c5c6
74,W,material_adjudication_moderate,79,1.719440,370,2026-09-11 03:52:00,e2e3 g7g5 h2h3 e7e6 g2g3 g8e7 a2a3 b8a6 f2f3 a8b8 h3h4 a6b4 c2c3 b4d5 h1h3 c7c5 f1e2 g5g4 f3g4 f7f6 e2b5 e6e5 c3c4 d5c7 e1f1 f8g7 d1f3 e8g8 f3e2 b7b6 a3a4 h7h5 g4h5 d7d5 c4d5 c8h3 g1h3 c7d5 g3g4 a7a6 b5a6 d8d6 h3f4 e5f4 e3e4 f4f3 e2f3 b8e8 e4d5 e7d5 a6c4 g7h6 f3d5 d6d5 c4d5 g8g7 d5c4 f8g8 f1g2 b6b5 a4b5 h6e3 c4g8 e8g8 d2d3 g7h8 b1d2 e3d2 c1d2 f6f5 g4g5 g8g7 d2f4 c5c4 g2g3 c4c3 a1e1 c3b2 f4e5
75,B,material_adjudication,71,1.722118,375,2026-09-11 03:53:38,a2a3 b8a6 f2f3 b7b5 d2d4 c7c5 e2e3 c5d4 h2h4 a8b8 c2c4 d7d6 c4c5 e7e5 a3a4 d6d5 f1b5 c8d7 b5d7 d8d7 h4h5 a6c5 e3d4 e5d4 b1a3 c5a4 a1b1 g7g5 h5g6 f7g6 h1h7 h8h7 b2b3 a7a6 b3a4 f8b4 b1b4 b8b4 c1d2 b4a4 a3c2 e8f7 c2d4 a4c4 g2g4 d7d6 d1e2 c4d4 d2c3 d6b8 c3d4 b8f4 d4e5 f4c1 e1f2 c1c6 e5c7 c6c7 f2f1 c7d7 g4g5 d7c7 e2c2 c7b7 c2b1 b7b1 f1e2 b1c1 g1h3 h7h4 h3f4
76,W,material_adjudication,68,1.703158,380,2026-09-11 03:53:39,b1a3 h7h6 b2b4 g7g5 g2g4 h6h5 f2f4 f7f5 b4b5 c7c5 d2d4 h5g4 e2e4 g8h6 e4f5 d7d5 h2h3 c5d4 f1g2 c8f5 h3g4 f5e4 f4g5 h6g4 h1h8 a7a5 g2f1 g4h6 g1e2 h6f7 e2d4 f7h8 c1b2 f8g7 d1e2 h8g6 d4e6 g7b2 e6d8 b2a1 d8b7 a1d4 c2c3 d4g7 e2d1 a8a7 b7c5 d5d4 c3d4 e8f8 f1h3 e4d3 h3c8 a5a4 c8h3 d3b5 a3b5 g6f4 b5a7 f4h3 d1f3 f8g8 f3h3 g7f8 e1d2 g8g7 h3d3 e7e5
77,W,material_adjudication,102,1.727948,385,2026-09-11 03:54:50,h2h4 e7e5 h1h2 h7h5 e2e4 a7a5 b2b3 d8e7 d2d3 b7b6 c1h6 h8h6 c2c3 c7c6 g2g3 a8a7 d1e2 h6e6 a2a3 c8a6 g1h3 a7b7 d3d4 f7f6 e2a6 b8a6 d4d5 c6c5 d5d6 g7g5 d6e7 b6b5 e7f8q e8f8 b3b4 g5h4 g3h4 a6b4 a3b4 a5b4 e1d1 b4c3 b1c3 g8h6 h2h1 h6g4 f2f4 b5b4 a1b1 b4c3 b1b7 c3c2 d1c2 e6e7 f4e5 d7d6 e5d6 e7b7 f1g2 b7d7 h1f1 g4e3 c2b3 e3g2 e4e5 f8e8 f1d1 g2h4 h3g1 f6e5 b3c4 d7a7 c4b5 a7d7 b5c4 e8f7 c4c5 d7a7 c5b6 a7a2 d6d7 a2a8 d7d8q a8d8 d1d8 e5e4 d8d4 e4e3 g1e2 f7e6 d4h4 e6e5 h4h5 e5d6 e2c3 e3e2 c3e2 d6e6 e2f4 e6d6 h5h4 d6e5
78,B,material_adjudication_moderate,101,1.761774,390,2026-09-11 03:56:56,e2e3 g7g5 h2h3 e7e6 f1c4 b7b5 f2f4 c7c6 f4g5 b8a6 d1h5 c6c5 g2g3 b5c4 g1f3 g8f6 b1c3 f6h5 f3e5 d8c7 c3b5 c7a5 e5c6 h5g3 c6a5 g3h1 d2d4 c5d4 a2a4 f8b4 c1d2 e8e7 a5c4 h7h5 e3d4 b4d2 e1d2 f7f6 a1h1 h5h4 g5f6 e7f6 h1b1 h8g8 c2c3 f6g7 b5d6 g8f8 d6c8 a8c8 b1g1 g7f7 c4d6 f7e7 d6c8 f8c8 d2e2 e7d6 b2b4 c8c6 b4b5 c6c7 b5a6 d6e7 a4a5 d7d6 c3c4 c7c4 d4d5 e6d5 g1h1 e7f6 h1f1 f6g6 e2d3 g6g5 f1e1 g5h5 e1e3 c4c6 d3e2 c6a6 e3d3 a6a5 d3d5 a5d5 e2e3 a7a5 e3e4 d5g5 e4f4 d6d5 f4e3 g5g6 e3d4 g6a6 d4d5 a5a4 d5e5 h5g5 e5d5
79,B,value_resign,56,1.661613,395,2026-09-11 03:57:54,e2e3 g7g5 h2h3 e7e6 a2a3 b8c6 b2b4 c6b4 a3b4 b7b6 c2c3 a7a5 e3e4 f8e7 f1d3 a5b4 b1a3 b4c3 d2c3 e7f6 c1g5 f6e7 d1h5 a8a3 g5e7 d8e7 g2g4 a3a1 e1e2 e8f8 g1f3 a1h1 f3h4 e6e5 c3c4 f7f6 c4c5 h1h2 h4g2 c7c6 c5b6 c6c5 e2d1 f8g7 b6b7 c8b7 g4g5 f6f5 d3c4 b7e4 g5g6 e4f3 d1e1 e5e4 c4f7 f5f4
80,B,material_adjudication_moderate,81,1.684333,400,2026-09-11 03:59:47,e2e4 e7e5 d1h5 d8h4 h5h4 g7g5 d2d3 g5h4 b1d2 c7c5 g2g4 h7h6 g1e2 b7b5 h1g1 f7f6 f1g2 a7a5 g2f3 c8a6 e1d1 h4h3 f3h1 g8e7 g1g3 e7c6 c2c3 f8g7 b2b3 e8g8 c1b2 a8a7 g3h3 c6e7 h3f3 b8c6 f3e3 h6h5 g4h5 b5b4 c3b4 a5b4 e2g3 g7h6 a2a4 b4a3 a1a3 h6e3 f2e3 d7d6 b2c3 f6f5 e4f5 d6d5 c3e5 a6d3 a3a4 a7a4 b3a4 c6e5 f5f6 f8f6 d1e1 e5c4 d2c4 d5c4 e1d2 f6d6 h2h3 g8g7 h5h6 g7h6 g3f5 e7f5 d2c3 f5g3 h1g2 h6h5 a4a5 d3e2 e3e4
81,W,material_adjudication,76,1.719195,405,2026-09-11 04:00:03,e2e4 e7e5 b1c3 b8c6 a2a4 g7g5 g1e2 c6d4 a1b1 a7a6 f2f3 d8e7 c3d5 f7f6 e2d4 c7c6 d5e7 a6a5 e7g8 e5d4 g8h6 f8c5 f1d3 e8e7 h6g4 c5b4 c2c4 e7f7 e4e5 f7e7 c4c5 f6e5 h2h3 e5e4 d3e4 b7b6 e4f5 b4c5 g4h6 c8b7 f5g6 h7g6 g2g3 h8h6 b1a1 c5b4 e1f1 h6h5 g3g4 h5h8 f1g2 h8e8 h1e1 e7d6 a1b1 c6c5 e1e8 a8e8 b1a1 d6c6 b2b3 d7d6 c1b2 e8e7 a1c1 e7e3 d1e1 e3e8 e1d1 e8e3 d2e3 d4e3 c1a1 d6d5 g2f1 b7a6
82,B,material_adjudication_moderate,76,1.726517,410,2026-09-11 04:00:18,e2e4 f7f6 f1c4 c7c6 c4f7 e8f7 a2a3 b8a6 h2h4 a8b8 a3a4 e7e5 b1c3 b7b6 h4h5 d7d5 g1e2 h7h6 d2d4 f6f5 e4d5 c6d5 e2f4 f8d6 d4e5 d6e5 d1d5 d8d5 f4d5 c8d7 f2f4 e5d4 a1b1 g8f6 d5c7 d4c3 b2c3 b8c8 c7a6 d7a4 a6b4 a7a5 b4d5 f6d5 h1h3 d5f6 h3h4 f6g4 h4g4 f5g4 g2g3 a4c2 b1b2 g7g6 h5g6 f7g6 b2c2 h8d8 e1f2 b6b5 c3c4 b5b4 c2d2 d8f8 d2d4 g6f6 c1d2 f6e7 f2g2 f8f6 g2f2 f6f8 f2g2 f8f6 g2f2 f6f8
83,B,material_adjudication,66,1.718075,415,2026-09-11 04:02:08,a2a3 h7h5 e2e3 c7c6 f2f3 b8a6 g1e2 a8b8 d2d4 h8h7 e2g1 b7b5 h2h4 e7e5 a1a2 d7d5 d4e5 h7h8 c2c3 d8c7 e1e2 c8d7 c3c4 d5c4 e5e6 d7e6 d1d3 c4d3 e2f2 h8h7 f2e1 f7f5 g1e2 g7g5 h4g5 d3e2 h1h5 h7h5 e1d2 e6d5 b2b3 c7d8 f3f4 h5h4 g2g3 h4h1 f1g2 c6c5 g2h1 c5c4 a2c2 c4b3 c2b2 d5e4 d2e1 e4d3 b2b3 b8a8 b1c3 a6c7 c1d2 a8b8 e1f2 d3c4 g5g6 e2e1q
84,W,material_adjudication,86,1.672489,420,2026-09-11 04:02:23,d2d3 b8a6 d3d4 h7h5 b2b3 g7g5 e1d2 a6b8 f2f3 d7d5 e2e4 f7f6 a2a4 e7e5 c1b2 e5d4 g1e2 b7b6 b2d4 d5e4 f3e4 c7c5 e2f4 a7a5 h1g1 g5f4 f1d3 d8d4 e4e5 e8e7 e5f6 e7f6 g1h1 d4d8 d1f3 f6e6 f3a8 b8c6 b1a3 c5c4 a8c6 f8d6 d3c4 e6e7 c6a8 g8f6 a1d1 c8e6 a8f3 d6a3 d2e2 d8d7 c2c3 h8f8 d1d7 e7d7 f3f4 f6d5 f4h4 f8f4 g2g4 f4g4 h4f2 g4f4 f2g1 f4c4 b3c4 d5c3 e2d2 c3a2 g1f1 a3c5 f1d3 c5d6 h2h3 a2b4 d3f3 d6f4 d2e2 b4a6 f3f4 a6b4 h1f1 h5h4 f1b1 b4d5
85,W,material_adjudication_moderate,77,1.729792,425,2026-09-11 04:04:55,d2d3 h7h5 c2c3 c7c6 g2g3 h8h6 c3c4 b8a6 c1h6 d7d5 g3g4 g7h6 f1g2 g8f6 c4d5 a6c5 g4g5 f6d5 a2a4 a7a5 b1d2 a8b8 e2e3 c5d3 e1e2 d3f2 e2f2 c8e6 e3e4 b7b6 g1f3 d8c8 h2h4 d5f4 d1c2 b8a8 g5h6 e6g4 d2c4 e7e5 c4e5 c6c5 e5g4 h5g4 g2h3 f8h6 h3g4 f4d3 f2e2 f7f5 g4f5 d3b4 c2c3 c5c4 a1d1 e8e7 f5c8 a8c8 e2f1 c8c6 c3d2 h6d2 f3d2 c4c3 b2c3 c6c3 f1e1 c3d3 d1b1 e7d6 d2f3 d6c6 e1e2 d3a3 b1d1 a3a2 f3d2
86,B,material_adjudication,69,1.719116,430,2026-09-11 04:05:09,e2e3 e7e6 h2h3 a7a6 g2g3 e6e5 f1b5 b7b6 d1f3 a6b5 e1d1 b8a6 f3f7 e8f7 f2f3 g8e7 h3h4 h8g8 d1e2 d7d5 e2d1 g7g5 g3g4 g8g7 d2d4 c8e6 c1d2 h7h6 a2a4 b5b4 g1h3 g7g6 h4h5 g6g7 h3g1 a8b8 a4a5 b8a8 a5b6 c7c5 d4c5 e6g4 f3g4 a6c5 a1a8 d8a8 b6b7 a8b7 g1f3 b7c7 f3e5 f7e8 e5f3 b4b3 c2c3 c5e4 h1g1 c7d8 c3c4 g7h7 c4d5 h7g7 d5d6 d8d6 b1c3 e4d2 f3d2 d6e6 c3e4
87,B,material_adjudication,66,1.744922,435,2026-09-11 04:06:33,e2e3 a7a5 e3e4 f7f6 d2d4 e7e5 g2g4 a5a4 b1c3 f8e7 c1d2 e5d4 f1b5 c7c6 c3e2 h7h5 a1b1 h5g4 h2h4 e7d6 g1f3 c6b5 f3d4 h8h5 b2b3 d6c5 b3b4 c5d4 e2d4 h5e5 d4b5 e5b5 c2c4 b5h5 c4c5 e8f8 f2f3 g7g6 f3g4 h5h7 h4h5 g6h5 g4h5 f8g7 h1g1 g7h8 d1c2 h7h5 c2d3 b8a6 b4b5 a6c5 d3c2 c5e4 g1h1 h5h1 e1e2 h1h7 c2e4 f6f5 e4e5 g8f6 d2f4 d7d5 e5d4 c8d7
88,B,value_resign,58,1.692474,440,2026-09-11 04:07:16,e2e3 e7e5 e3e4 d8e7 a2a4 e8d8 b1c3 e7f6 g1e2 f6g5 c3d5 a7a5 d5f6 a8a6 g2g3 g8f6 f2f3 b7b6 e1f2 f8d6 b2b3 f6e8 c1b2 b8c6 f3f4 g5g4 d2d4 e5d4 d1b1 g7g5 e2d4 c6d4 e4e5 d4b3 f2e1 b3a1 f1a6 c8a6 e5d6 h8f8 h2h3 g4g3 e1d1 g5f4 h1h2 f7f5 h3h4 c7c6 b2a1 h7h5 b1b2 a6b7 d1e2 g3h2 e2e1 h2g3 e1f1 g3h4
89,W,material_adjudication_moderate,115,1.700753,445,2026-09-11 04:10:50,d2d3 b8a6 e2e4 c7c6 a2a4 a6c7 a1a3 d7d6 g2g4 f7f6 d1d2 e8d7 e1d1 e7e5 h2h4 h7h5 d3d4 h5g4 a3g3 e5d4 f1c4 c6c5 c4d3 d7e7 g1e2 a8b8 e2d4 c7e8 d4f5 e7f7 h4h5 d8e7 b1c3 e7e6 e4e5 f6e5 d3e2 e5e4 g3g4 e6f5 g4f4 f5f6 f4f6 g8f6 b2b3 e8c7 h1f1 f6h5 c3e4 g7g6 e2c4 f7g7 e4c5 d6c5 f1h1 c8f5 c4e2 g7g8 e2d3 f5c8 d3c4 g8h7 d2g5 c8f5 c1d2 a7a5 c4e2 f5d7 e2c4 h7g7 g5e3 d7f5 d2a5 b8e8 e3f3 e8a8 a5c7 f5g4 f3g4 a8c8 a4a5 c8c7 g4e2 c7d7 c4d3 h8h7 f2f3 g7f7 e2d2 f8h6 d2g2 d7d8 g2g6 f7f8 g6h7 h6e3 c2c4 h5g3 h7b7 g3h1 f3f4 e3f4 b7h1 d8d3 d1e2 d3d8 h1f1 d8d7 f1f4 f8e7 e2f1 d7d4 f4f3 e7d7 a5a6
90,W,material_adjudication,70,1.666149,450,2026-09-11 04:11:19,e2e4 e7e5 d1h5 b7b6 d2d3 d7d6 f2f3 a7a5 b1d2 g7g6 h5h4 g6g5 h4f2 c8a6 g2g4 c7c6 c2c4 d8c8 b2b3 a8a7 c1b2 h7h5 f1e2 d6d5 h2h3 d5e4 f3e4 a6b7 e2d1 f8e7 f2f1 e7d6 b3b4 a5b4 g4h5 g8f6 h1h2 b6b5 c4c5 d6c5 b2e5 c5g1 e5f6 g1h2 f6h8 c8e6 h8d4 a7a8 d1b3 c6c5 b3e6 c5d4 e6f5 b8d7 e1d1 f7f6 f1e2 h2f4 h5h6 g5g4 h3g4 d7e5 e2f2 e8f8 f2f4 e5g6 f5g6 b7d5 e4d5 f8e7
91,W,material_adjudication,66,1.718369,455,2026-09-11 04:13:34,d2d3 b7b6 g2g3 d7d6 b2b3 h7h5 f2f3 c7c5 e1f2 d6d5 e2e4 h5h4 g3g4 d5d4 c1g5 g8f6 g5f6 e7f6 f3f4 c8a6 e4e5 d8d7 g1h3 f6f5 b1a3 d7d5 d1e2 b6b5 c2c3 d4c3 f1g2 d5d7 g2a8 h8h7 h3g5 b5b4 g5h7 h4h3 g4g5 c3c2 a3c2 d7d3 e2d3 c5c4 d3c4 a6c4 f2g3 c4d5 h1e1 d5e4 a2a3 e4c2 e1c1 b4a3 c1c2 g7g6 c2c4 a7a6 e5e6 a3a2 h7f8 e8f8 a1a2 f7e6 g3h4 a6a5
92,W,material_adjudication,72,1.706128,460,2026-09-11 04:14:03,c2c4 d7d5 h2h4 h7h5 c4c5 e7e5 b1c3 e8e7 a2a3 a7a5 e2e4 f7f6 d2d3 c8g4 c3d5 e7d7 d1d2 d8c8 g2g3 b8a6 d5c3 g7g6 a1a2 g4f3 c5c6 b7c6 g1f3 c8b7 f1h3 f6f5 f3e5 d7e8 e5g6 f8d6 g6h8 g8f6 d3d4 d6f4 e1g1 f4d2 c1d2 f5e4 f1e1 a8d8 d2g5 d8d4 g5f6 a6c5 e1c1 b7b8 c3e2 d4d5 g1g2 b8b6 e2g1 c5d7 g3g4 d7f6 g4g5 e8e7 g5f6 e7f6 b2b4 a5b4 a3b4 b6a6 a2a6 d5a5 c1c4 a5c5 c4c5 f6g7
93,B,checkmate,72,1.660661,465,2026-09-11 04:17:37,e2e3 e7e5 f2f3 d8e7 g1e2 g7g5 e3e4 b8c6 e1f2 h7h6 a2a4 c6d4 c2c4 e8d8 e2d4 e5d4 a1a2 e7e5 f2e2 a7a6 d1c2 d4d3 c2d3 f8c5 d3d5 e5d5 c4d5 b7b6 e4e5 c8b7 f3f4 c5d4 a4a5 b7d5 a2a4 f7f6 a4d4 g8e7 d4d5 e7d5 f4g5 h6g5 e5f6 h8e8 e2d3 e8e6 f6f7 d8e7 a5b6 c7b6 g2g4 a8d8 b1a3 e7f7 a3c4 f7e8 b2b3 b6b5 c1b2 b5c4 d3c4 d5f4 c4c5 d7d5 h2h4 e6d6 d2d4 d6g6 h4g5 e8f7 f1g2 f4d3
94,D,rule_draw,150,1.679802,470,2026-09-11 04:18:39,a2a3 g8f6 d2d4 a7a6 g2g4 h7h5 f2f3 h5h4 g4g5 h4h3 b1c3 d7d5 g5f6 g7f6 d1d3 c8f5 a3a4 f5d3 c2d3 a8a7 b2b3 a6a5 a1b1 h8h5 c1b2 h5h8 b1c1 c7c6 c3b1 h8h5 g1h3 f8h6 h3f4 h6f4 e2e4 f4e3 e4e5 d8d7 e5f6 e7f6 h2h3 c6c5 f3f4 c5d4 b2d4 e3c1 d4f6 d7c8 b1c3 c1e3 c3b5 b7b6 b5a7 c8f5 e1e2 e8f8 e2e3 b8d7 f6e5 d7e5 f4e5 f5d7 f1e2 h5h4 e2g4 h4g4 h3g4 f8e7 e3d2 d7g4 h1f1 e7d8 d2e1 d8e7 e1d2 e7d8 f1f7 d8e8 f7h7 e8f8 d3d4 g4d4 d2c2 f8g8 h7h3 d4e5 h3h5 e5h5 c2b2 h5h4 b2c2 g8f7 c2b2 h4g4 a7c6 f7g6 c6e5 g6h5 e5g4 h5g4 b2a1 d5d4 a1a2 g4h4 a2b2 h4h3 b2c2 h3g2 c2d3 g2h2 d3d4 h2g2 d4e3 g2g1 e3f3 g1h2 f3g4 h2h1 g4g5 h1g2 g5g6 g2g1 g6f7 g1f2 f7g8 f2g1 g8f7 g1f2 f7g6 f2g1 g6g7 g1f2 g7g8 f2g1 g8f7 g1g2 f7g8 g2g1 g8f7 g1f2 f7g8 f2g1 g8h7 g1f2 h7g6 f2g1 g6g7 g1f2 g7g8 f2g1
95,B,material_adjudication,111,1.719805,475,2026-09-11 04:18:40,e2e4 f7f6 e1e2 a7a5 b2b3 e8f7 b1a3 e7e5 f2f3 h7h6 a1b1 a8a7 c2c4 g7g6 a3b5 a7a6 d2d3 f8b4 h2h3 c7c6 d3d4 f6f5 e4f5 c6b5 c4b5 a6b6 c1d2 g6f5 f3f4 b4d2 d1d2 e5f4 g1f3 f7e7 b3b4 b6b5 h1h2 d7d6 e2d1 b5b6 f1e2 c8e6 b4a5 b6b1 d1c2 g8f6 c2b1 f6e4 d2d3 b8d7 a5a6 b7a6 e2d1 d7f6 h3h4 d8d7 h4h5 f6e8 d1c2 h8f8 d3e4 f5e4 d4d5 f8f7 d5e6 d7b7 c2b3 b7c7 e6f7 e7f8 f7e8q f8e8 f3d4 c7e7 h2h3 e8f8 d4c6 e7g5 c6a5 g5a5 h3h4 a5c7 h4f4 f8e8 f4e4 e8f8 e4e3 c7d8 g2g3 a6a5 a2a3 d8d7 a3a4 d6d5 b3c2 d7c6 b1a1 d5d4 e3d3 c6c2 d3d4 c2h2 d4h4 h2g3 a1b1 g3h4 b1a2 h4e7 a2b3 e7f7 b3c3
96,W,material_adjudication,68,1.729364,480,2026-09-11 04:18:55,h2h4 h7h5 a2a4 b7b6 f2f3 d7d5 a4a5 c7c6 g2g3 f7f6 h1h2 b6b5 a1a3 b8a6 e2e4 e8d7 e4d5 c6d5 f1b5 d7c7 h2g2 e7e5 g2e2 f8b4 b5c6 d5d4 a3a2 h8h7 c6a8 d4d3 e2e4 b4a5 a2a5 h7h6 e4c4 c7d7 c2c3 d7e6 a5a6 c8a6 c4e4 d8c7 e1f1 f6f5 e4e5 e6e5 a8d5 e5d5 d1e1 c7c5 e1f2 d5c4 b2b4 c5c6 b1a3 c4b3 b4b5 a6b5 a3b5 f5f4 b5d4 b3a2 d4c6 f4g3 f2g3 a7a6 c1b2 g7g5
97,W,value_resign,83,1.713292,485,2026-09-11 04:20:05,d2d3 g8f6 f2f4 e7e6 c2c3 c7c6 c1d2 g7g6 f4f5 b7b5 e2e4 e6f5 e1e2 d7d5 e4d5 e8e7 d5c6 a7a6 h2h3 h7h5 a2a3 f6e8 d1c1 e8f6 g1f3 a8a7 c1d1 e7e8 d1b3 c8e6 b3d1 f8e7 c6c7 d8c7 d2e3 b5b4 e3a7 c7a7 c3c4 g6g5 a3b4 g5g4 f3e5 f6h7 d3d4 e7f6 d4d5 e6d5 c4d5 f6e5 g2g3 h7f6 h3h4 a7d7 f1g2 e5g3 d1d2 g3e5 h1f1 d7d6 f1f5 b8d7 b1c3 e5f4 d2d1 d6e7 e2f1 g4g3 f5f4 d7b6 d1d2 b6c4 f4c4 a6a5 b4a5 e7c7 b2b3 c7c4 b3c4 f6g4 c3a4 h8g8 d2d3
98,B,material_adjudication,66,1.734097,490,2026-09-11 04:21:00,b1a3 h7h6 a1b1 e7e6 f2f4 a7a5 h2h4 e6e5 d2d3 e5f4 c1d2 f8d6 a3c4 g7g5 g1h3 b8a6 b2b4 a5b4 e2e3 g5h4 e3f4 b7b5 a2a3 a8b8 b1a1 f7f6 d1b1 b5c4 a3b4 d8e7 f1e2 b8b4 d2b4 d6b4 c2c3 b4c3 e1f1 c3d2 a1a4 c7c5 e2f3 d7d6 a4c4 a6c7 b1d1 d2e3 d1c1 d6d5 c4c5 e3c1 g2g3 d5d4 c5d5 c1f4 g3f4 c7d5 f3d5 f6f5 h3g1 c8d7 g1f3 g8f6 f1g2 f6d5 f3g5 h6g5
99,B,checkmate,14,1.726405,495,2026-09-11 04:21:00,d2d3 b7b6 f2f4 b8a6 b1d2 d7d6 g2g4 e7e6 d2e4 b6b5 c2c4 a8b8 e4d2 d8h4
100,D,rule_draw,122,1.738925,500,2026-09-11 04:22:53,d2d3 b7b6 f2f4 d7d6 b1d2 b8d7 f4f5 a7a6 c2c3 c7c5 e2e3 c5c4 d2c4 b6b5 a2a4 d7b8 a4b5 g7g5 a1a3 e7e6 c1d2 f8e7 a3a6 c8a6 d1c1 d6d5 b5a6 d5c4 e3e4 a8a6 c1d1 a6a2 e4e5 h7h6 d3c4 b8d7 g2g3 g5g4 f5f6 e7f6 e5f6 d8f6 c4c5 d7c5 f1e2 c5e4 d1b1 e8f8 b1a2 g8e7 d2e3 f6e5 g1f3 g4f3 e2f3 f7f5 c3c4 e5f6 h1g1 f8f7 e1d1 e7g6 h2h4 e4c3 b2c3 f6c3 g1h1 h8d8 e3d2 c3f3 d1e1 f3h1 e1e2 h1e4 e2d1 e4c6 c4c5 d8d3 a2b1 c6c5 b1d3 f7f6 d3e3 c5c6 e3c3 c6c3 d2c3 e6e5 d1e1 f5f4 h4h5 g6e7 g3f4 e7d5 f4e5 f6e6 c3b2 d5e7 b2a1 e7d5 a1b2 d5e7 e1f1 e7d5 f1e1 d5e7 b2c1 e7d5 c1d2 e6e5 d2h6 e5f6 e1f1 f6e7 h6d2 e7f6 h5h6 f6g6 f1e1 d5c3 d2c3 g6h6
101,W,material_adjudication_moderate,106,1.719115,505,2026-09-11 04:25:38,b1a3 h7h5 g1f3 h5h4 a3c4 d7d6 g2g4 d8d7 a2a4 d7d8 f3h4 b8a6 f2f3 c8g4 e2e3 e7e6 b2b4 g7g6 d2d3 g4f3 h1g1 f8e7 e1d2 f3d1 h4g6 g8f6 h2h4 d1c2 g6h8 f6g4 g1g4 a8b8 c4b6 f7f5 g4g8 e7f8 h8g6 a7b6 g8f8 e8d7 f8d8 d7d8 d2c2 e6e5 b4b5 a6c5 c1b2 d8d7 f1g2 c5d3 g2d5 e5e4 b2c3 d3b4 c3b4 c7c6 d5c6 b7c6 a1d1 c6c5 c2d2 c5b4 d1f1 d7e6 f1f2 b8g8 g6f4 e6f6 h4h5 b4b3 d2c1 d6d5 h5h6 d5d4 e3d4 e4e3 f2f3 e3e2 f4e2 f5f4 e2f4 b3b2 c1b2 g8g5 d4d5 g5f5 a4a5 b6a5 b5b6 f5f4 f3f4 f6e7 b2b1 e7d7 d5d6 a5a4 f4d4 d7c8 b1b2 c8d8 b2b1 d8d7 b1b2 d7c6 b2a2 c6b5
102,B,value_resign,31,1.762896,510,2026-09-11 04:26:23,a2a3 g8f6 h2h4 b8a6 h1h3 d7d6 a3a4 c8h3 c2c3 e8d7 g1h3 e7e6 b2b4 f6e4 h3g1 a8b8 g2g3 d7c6 a4a5 a6b4 d1a4 c6c5 d2d3 e4c3 g3g4 c3a4 f2f3 b4c6 e1f2 h8g8 d3d4
103,B,material_adjudication,81,1.707048,515,2026-09-11 04:26:38,e2e3 e7e5 f2f3 b8c6 c2c4 a7a5 g2g4 g8e7 h2h4 f7f6 a2a4 g7g6 a1a2 a8a6 f1h3 h7h5 g1e2 h8h7 g4h5 h7h5 h3g4 h5h8 b1c3 h8h6 e3e4 g6g5 g4h3 g5h4 c4c5 c6a7 d2d4 e5d4 e2d4 a7c6 d4c6 e7c6 c1f4 f6f5 e4f5 c6b4 f5f6 d8f6 d1d2 b4a2 c3a2 f6e7 e1d1 a6g6 f4c7 e7c5 c7f4 b7b6 b2b4 a5b4 a2b4 h6h7 b4d5 c8b7 f4c7 g6g3 c7g3 h4g3 h3d7 h7d7 d5f6 e8e7 f6d7 g3g2 h1g1 c5g1 d2e1 g1e1 d1e1 e7d7 f3f4 g2g1q e1e2 d7d6 a4a5 b6b5 a5a6
104,B,checkmate,58,1.667679,520,2026-09-11 04:28:31,d2d3 g8h6 b1d2 g7g5 f2f4 c7c5 a1b1 g5f4 c2c4 f7f5 g2g4 h6g4 g1f3 g4e3 b2b3 h8g8 d1c2 e8f7 f3d4 e3c2 d4c2 f7e6 a2a4 b7b6 c1b2 b6b5 b2c1 b5a4 b3a4 d7d6 d3d4 b8c6 d4d5 e6d7 d5c6 d7c6 f1h3 c8a6 h3f5 f8h6 f5h7 g8f8 h7e4 c6c7 e4a8 d8a8 b1a1 d6d5 c4d5 a8d5 h2h3 d5g5 h3h4 g5h5 c1a3 c7c6 a3c5 h5e2
105,W,material_adjudication,70,1.715378,525,2026-09-11 04:28:46,d2d3 d7d6 a2a3 e7e5 b2b3 a7a6 a1a2 c8g4 h2h4 g4e2 d1d2 f7f5 e1e2 f5f4 g2g4 c7c5 g4g5 d8e7 d2c3 b8d7 e2d1 e5e4 f1h3 e4d3 c1f4 c5c4 c3c4 d3c2 d1c2 d6d5 c4d5 e7d6 d5e6 d6e6 h3e6 g8e7 f4e5 d7e5 b1d2 e5g6 a2b2 b7b5 g1e2 h8g8 e6g8 a8d8 h1h3 d8d5 f2f3 d5d7 d2c4 b5c4 b3c4 d7b7 b2b7 a6a5 c2c3 a5a4 b7b2 e7g8 e2c1 f8c5 c1e2 c5d4 c3d4 e8f8 b2d2 g8h6 d4c3 f8e7
106,B,material_adjudication_moderate,98,1.720926,530,2026-09-11 04:29:15,d2d3 a7a6 e2e4 f7f5 b2b3 b7b5 c2c3 d7d6 a2a3 f5f4 e4e5 c7c6 e5d6 a8a7 h2h3 a6a5 a3a4 e7d6 a4b5 c8f5 b5b6 d8b6 c3c4 b6c7 f1e2 b8d7 a1a2 a5a4 b3a4 h7h5 g2g4 f4g3 f2g3 c6c5 b1d2 d7f6 h1h2 h5h4 g3h4 h8h4 c1a3 g7g5 d2f3 h4f4 f3g5 c7e7 h2f2 f6h5 f2f4 h5f4 h3h4 f4e2 d1e2 f5d3 e2e7 f8e7 g5h3 a7a4 a2a1 d3g6 h3f4 g6f5 e1d1 e7f6 f4d5 f6d4 d5b6 a4a6 a1c1 a6b6 a3c5 d6c5 d1d2 f5e4 c1b1 b6b1 g1e2 b1f1 e2d4 c5d4 d2e2 e4h1 e2f1 e8f7 c4c5 g8f6 c5c6 f6d5 c6c7 d5c7 h4h5 f7g7 h5h6 g7h7 f1e1 h7h6 e1d1 h6h7
107,W,checkmate,63,1.673319,535,2026-09-11 04:29:16,g2g3 h7h5 f1g2 d7d6 c2c4 c8e6 f2f3 d8d7 e1f1 e6f5 h2h4 e7e5 d1e1 e8d8 d2d3 b7b6 b1d2 f5g6 b2b3 a7a5 g1h3 f7f6 c1b2 d8c8 h3g1 b6b5 d3d4 e5e4 c4b5 d7b5 g3g4 b5b7 g4h5 g6h5 f3e4 g7g5 d2b1 b8d7 d4d5 h5g4 h4g5 f6g5 h1h8 c7c5 h8g8 d7f6 b1c3 f6g8 e1c1 a5a4 a2a3 b7b3 f1e1 c8c7 c1b1 b3c4 b1c1 c4d4 c3b5 c7b8 b2d4 c5d4 c1c7
108,B,material_adjudication,75,1.745524,540,2026-09-11 04:29:30,g1f3 h7h5 c2c3 b7b6 e2e4 h8h6 f1d3 c7c6 a2a3 g7g5 d1e2 d7d6 g2g3 c8b7 f3g5 f7f6 g5f3 f6f5 e1f1 b8d7 c3c4 c6c5 h2h4 f5e4 d3e4 b7e4 e2e4 b6b5 a3a4 b5a4 e4f4 h6f6 f4g5 d8c7 f3h2 d7b6 f1e2 e7e5 f2f4 c7b7 f4e5 f8h6 e5f6 h6g5 h4g5 b7h1 f6f7 e8f7 g5g6 f7f6 d2d4 g8e7 d4c5 h1h2 e2e3 f6f5 c5b6 a7b6 g6g7 a8e8 g7g8q e7g8 e3d3 h5h4 g3h4 e8e7 h4h5 e7e5 c1f4 h2f4 h5h6 f4g4 h6h7 g4e2 d3c3
109,W,material_adjudication,92,1.658749,545,2026-09-11 04:29:56,d2d3 a7a6 a2a3 f7f6 c2c4 g7g6 h2h4 e7e6 d3d4 h7h5 e1d2 d7d6 d2e1 f8g7 g2g4 b7b6 d4d5 c8b7 g4h5 g6h5 g1h3 e6d5 f2f3 d5d4 f1g2 d4d3 h3f4 d3d2 d1d2 g7h6 f4g6 h6d2 c1d2 d8d7 g6h8 e8d8 f3f4 b7g2 h1g1 g2c6 g1g8 d8e7 g8g1 d6d5 f4f5 d5c4 d2b4 e7d8 g1g8 d7e8 a3a4 e8g8 b4d2 a6a5 e2e4 g8h8 e4e5 c6d5 e5e6 a8a7 d2c3 b8c6 c3f6 d8e8 f6h8 c6e7 h8c3 d5e4 b1a3 c7c6 a3c4 e4c2 c4b6 c6c5 a1c1 e7f5 c3a5 a7a5 c1c2 f5h4 c2h2 a5a4 b6a4 e8e7 h2h4 e7e6 a4c5 e6d6 h4h5 d6c6 h5h1 c6d6
110,W,material_adjudication_moderate,126,1.699253,550,2026-09-11 04:32:29,d2d3 a7a6 e2e4 f7f6 b2b3 d7d6 g2g4 c7c5 h2h3 c8e6 e1d2 c5c4 d3d4 d8c8 d2c3 g7g5 d4d5 h7h5 c1g5 e6d5 d1d2 c8e6 e4d5 e6c8 g1e2 b8c6 d5c6 h5g4 d2c1 h8h5 g5d2 f8h6 h3g4 h6e3 f2e3 b7c6 e2f4 e7e5 f4e6 c8e6 b3c4 h5h1 b1a3 a8c8 e3e4 h1h8 f1g2 c6c5 c1f1 e6e7 g4g5 a6a5 g2h3 f6g5 h3c8 e7f8 c8f5 g5g4 a1b1 h8h3 f1d3 h3d3 c2d3 g4g3 b1g1 g3g2 g1g2 f8f5 e4f5 g8f6 a3c2 e5e4 c2a3 e4d3 g2g3 f6e4 c3d3 e4g3 d3c3 g3e4 c3c2 e4d2 c2d2 a5a4 f5f6 e8f7 d2c3 f7f6 c3d3 f6e5 d3e3 d6d5 c4d5 e5d5 e3d3 c5c4 d3c3 d5c5 c3b2 c5b4 a3c2 b4c5 c2a3 c5b4 a3b1 b4c5 b2c1 c5b4 c1d2 c4c3 b1c3 a4a3 c3d5 b4a4 d5f6 a4b4 f6h5 b4b5 d2e1 b5a4 h5f6 a4b4 f6h5 b4a4 e1f2 a4b4
111,B,value_resign,64,1.734934,555,2026-09-11 04:35:08,e2e4 b8c6 g2g4 g8h6 e4e5 a7a5 b1a3 c6b4 d2d4 b4c2 d1c2 c7c6 h2h3 g7g6 g1f3 h6g4 f1g2 f8h6 c1f4 h6f4 h3g4 a8b8 e5e6 h7h5 d4d5 f7f6 b2b4 a5b4 h1h4 b4a3 h4h1 g6g5 h1h3 h8g8 a1c1 f4c1 g4h5 g5g4 h5h6 g4h3 g2h3 d8b6 h6h7 g8h8 f3h4 b6a7 e6d7 c8d7 d5c6 d7c6 h4f5 e8f7 c2c1 c6d5 c1c5 a7c5 e1f1 c5b6 f1g1 b6d8 f5h6 f7f8 g1h2 b7b5
112,W,material_adjudication,86,1.710171,560,2026-09-11 04:38:55,a2a3 a7a5 a3a4 g8h6 g1f3 b8c6 b1c3 h6g8 c3d5 c6d4 g2g4 e7e6 c2c3 a8b8 f3d4 g8f6 d4c6 e6d5 f2f3 h7h5 c6d8 g7g5 f1g2 f6e4 d2d3 h8h7 d3e4 f8g7 c1g5 f7f6 g5f6 g7f6 h2h4 f6e5 e1f2 e5f4 h1h2 f4e5 b2b3 h7h6 d1c1 h5g4 f2e1 d7d6 f3g4 d5d4 d8c6 e5h2 g4g5 h2g3 e1f1 h6g6 c6b8 d4c3 f1g1 g3h4 g2h3 c8h3 a1a3 h3d7 e2e3 g6g5 g1f1 e8e7 b8d7 e7d7 a3a2 g5g3 c1c2 g3e3 c2c1 c7c6 c1c2 h4g5 e4e5 d6d5 c2d1 d7c7 b3b4 e3d3 d1d3 g5h4 d3e2 h4g3 b4a5 g3h4
113,B,checkmate,66,1.722661,565,2026-09-11 04:41:42,d2d3 b7b6 c2c3 f7f6 c1e3 e7e6 a2a4 g7g6 a4a5 a7a6 e3d4 f8b4 c3b4 b6a5 g2g4 e6e5 d4e3 a5b4 b1d2 c8b7 f1g2 b7g2 e3f4 g2h1 d1b3 h1e4 g4g5 e5f4 d2e4 b8c6 d3d4 g8e7 d4d5 e7d5 b3d5 d8e7 a1b1 f6f5 e4c5 e7d6 d5d6 c7d6 c5d7 a8a7 g1f3 e8d7 e1d2 a6a5 h2h4 h8f8 d2d3 c6e5 f3e5 d6e5 f2f3 f8d8 d3c4 e5e4 c4b5 e4f3 e2f3 d8f8 b5b6 a7a8 b6b7 f8b8
114,W,checkmate,61,1.728929,570,2026-09-11 04:42:45,a2a3 a7a5 a3a4 g8h6 g2g3 a8a6 d2d3 a6d6 e1d2 b7b6 e2e4 d6f6 b2b3 c8a6 d3d4 a6b7 c1b2 g7g5 h2h4 e7e5 h4g5 f8b4 d2e2 h6g4 g5f6 b8c6 e2f3 c6e7 f6e7 g4f2 f3f2 d8c8 g3g4 h8g8 c2c3 b4c3 b1c3 e5d4 f1e2 d4c3 b2c3 f7f6 f2f1 d7d5 h1h7 d5d4 c3d4 c8d7 d4f6 g8h8 h7h8 e8f7 d1c1 d7e6 e2c4 e6d5 e4e5 f7e6 g1e2 e6d7 e7e8q
115,W,material_adjudication,66,1.627417,575,2026-09-11 04:44:52,g2g3 h7h5 d2d4 b8c6 d4d5 b7b6 c2c3 c8b7 g3g4 h8h6 a2a4 d7d6 c1h6 a7a5 g4h5 g8h6 d5c6 b7c8 h2h4 a8a7 a1a2 c8d7 f1h3 d7h3 g1h3 h6g8 h5h6 d8c8 d1d4 d6d5 e1f1 e7e5 d4d5 g8f6 d5g2 f6e4 f2f4 f8e7 f4f5 a7a8 h6g7 a8b8 b1a3 c8d8 g2e4 f7f6 c3c4 b8a8 a3c2 e8f7 e4d3 d8d3 e2d3 f7g7 f1e2 a8d8 e2e3 d8g8 h1d1 g7h8 c4c5 g8e8 d1d2 e5e4 d2d1 h8g8
116,B,material_adjudication,66,1.719425,580,2026-09-11 04:45:08,e2e3 e7e5 f2f3 b7b6 c2c4 d7d5 h2h4 d8d6 b2b4 e8d7 g2g4 b6b5 d2d3 d5c4 b1d2 c4d3 c1b2 d6d5 a2a3 d7e8 b2c3 h7h6 d2e4 d5e6 e4g5 h6g5 d1d2 e6d7 e3e4 a7a5 b4a5 b5b4 a3b4 g5h4 c3e5 c8b7 b4b5 f7f6 e5c3 g7g5 h1h2 d7b5 c3f6 g8f6 d2g5 b5c6 g5f6 h8g8 h2h4 c6f6 h4h5 f6f7 e4e5 b7e4 a1b1 b8c6 e5e6 f7e7 a5a6 a8a6 f3e4 g8g4 h5d5 c6e5 f1e2 c7c5
117,B,material_adjudication_moderate,101,1.715093,585,2026-09-11 04:45:24,e2e4 b8a6 d2d3 e7e5 b2b4 f8b4 c2c3 b4c5 e1e2 c7c6 a2a4 b7b6 a4a5 g8e7 a5b6 a7b6 c3c4 e8g8 g1f3 c5d6 b1d2 f7f6 f3g1 c8b7 f2f3 a6c5 c1a3 c5e6 d1c1 a8a6 a3d6 a6a1 c1a1 c6c5 h2h4 g7g5 a1c1 h7h5 g2g3 b7c8 e2e1 g5g4 f3g4 h5g4 c1d1 e7c6 f1g2 f8e8 h4h5 c8b7 h5h6 c6b4 d1e2 b4c6 e1f1 g8f7 h6h7 f7g7 h7h8q e8h8 h1h8 g7h8 e2e1 h8g8 e1d1 c6b4 d1e2 b7c6 e2d1 d8c8 d1e2 g8g7 f1f2 c8b7 d6e7 d7d6 e7d6 b7d7 e2f1 d7d6 d3d4 e5d4 f1e2 c6a4 e4e5 f6e5 g2c6 d6c6 e2f1 c6b7 f1g2 e5e4 g1e2 g7h6 d2e4 h6h5 e2d4 c5d4 f2e2 b7a6 g2h2
118,W,material_adjudication,66,1.707133,590,2026-09-11 04:45:40,g2g3 h7h5 g1h3 e7e5 f2f3 d7d5 b2b4 d8d7 f1g2 e8d8 d2d3 g8e7 a2a4 a7a5 h3f2 e7g6 b4a5 b7b6 a5b6 b8c6 g3g4 f8b4 c2c3 b4c3 b1c3 c6b4 b6b7 a8b8 e2e4 d7e6 g4h5 h8h5 g2h3 h5h3 f2h3 c8b7 e4d5 b4d5 c3d5 e5e4 h3g5 e6d5 d1e2 d5g5 c1g5 f7f6 f3f4 f6g5 f4f5 e4d3 e2d3 d8e7 a4a5 b7h1 f5g6 b8b3 d3b3 h1e4 b3g3 c7c6 g3g4 e4f3 g4f3 g5g4 f3g2 c6c5
119,W,material_adjudication,102,1.693994,595,2026-09-11 04:47:42,a2a3 a7a5 e2e3 c7c5 g1f3 h7h5 e1e2 d7d5 c2c3 b7b5 g2g4 h8h6 e2e1 c5c4 a3a4 c8g4 a4b5 a5a4 b2b4 a4b3 a1a8 g4f3 d1f3 d8b6 a8a1 b3b2 c1b2 d5d4 f3d1 e7e5 c3d4 e5d4 e3d4 b8c6 f1c4 c6a5 d4d5 a5c4 f2f4 g8e7 b1a3 c4a3 d1c1 b6b5 a1a3 b5d5 a3e3 d5h1 e1f2 h1a8 c1c4 f7f5 d2d3 a8b7 b2c3 e8d8 e3e6 h6e6 c4e6 g7g5 f4g5 f5f4 f2e2 f4f3 e2e3 f8g7 c3g7 e7d5 e3f3 d5c3 f3f4 b7g7 e6f6 g7f6 g5f6 d8e8 f4g5 h5h4 g5h4 e8f7 h4g5 f7e8 g5g6 e8d8 d3d4 d8e8 h2h4 c3e4 h4h5 e4g3 h5h6 g3h1 h6h7 e8d8 g6f7 d8c7 h7h8q c7b6 h8g8 b6a7 g8g1 a7a6
120,B,material_adjudication_moderate,86,1.700613,600,2026-09-11 04:49:30,g2g4 h7h5 g1h3 c7c6 c2c4 f7f6 f1g2 c6c5 h1g1 f6f5 e1f1 g7g5 d1b3 d8a5 h3g5 f8g7 h2h3 e8f8 g4h5 a5b6 g1h1 h8h5 f1g1 h5g5 f2f4 g5h5 g2d5 g7d4 g1f1 b6d8 a2a4 d8e8 d5f7 e8f7 h3h4 f7e8 b3b5 a7a5 h1h2 g8f6 h2h3 f6g8 f1g2 d7d5 b5e8 f8e8 a1a3 d4f6 d2d4 c5d4 g2f1 g8h6 c4d5 e8f8 b2b3 h6g4 a3a1 h5h4 h3h4 f6h4 c1b2 c8d7 d5d6 d7e6 d6e7 f8e7 b2d4 e7d7 d4e5 g4e5 f4e5 a8a7 a1a2 d7c6 a2a1 b8d7 a1a2 d7c5 f1g1 c5e4 g1h1 a7a8 h1g1 a8d8 b1a3 d8d7
121,W,material_adjudication_moderate,122,1.680970,605,2026-09-11 04:50:47,a2a3 a7a5 a3a4 e7e5 h2h3 e5e4 b2b3 b7b5 d2d3 e4e3 c1e3 d7d6 a4b5 a5a4 b1a3 f7f5 e3g5 d8g5 b3a4 g5g4 h3g4 c8d7 d1d2 g8f6 g4g5 d6d5 g5f6 f8e7 h1h2 a8a5 a1d1 e7f6 g2g3 b8a6 b5a6 f6e5 f1h3 e8f7 f2f4 a5a4 h3f1 e5f4 d3d4 a4a3 h2h3 f4d2 e1d2 a3a6 g3g4 a6b6 h3b3 f5g4 f1g2 b6b3 c2b3 c7c6 d2e3 h8b8 e3f2 f7e8 d1f1 b8b3 e2e4 b3b8 g1e2 e8d8 f2g3 h7h5 f1f4 d5e4 f4e4 b8b6 e2f4 d7f5 f4h5 f5e4 g2e4 g7g6 e4g6 d8d7 g3g4 d7d8 g6f5 d8c7 f5e4 c7d8 e4f3 d8d7 h5g3 d7d8 g3h5 d8d7 g4f5 d7e8 f5g4 e8d7 g4f5 d7e8 f5g6 c6c5 h5f6 e8f8 d4c5 b6d6 f3g2 f8e7 c5d6 e7f8 f6g8 f8g8 g2f3 g8f8 f3h1 f8e8 h1c6 e8f8 c6b7 f8e8 b7c6 e8d8 g6h7 d8c8
122,B,checkmate,62,1.700233,610,2026-09-11 04:50:48,d2d3 d7d6 a2a3 a7a6 c2c4 b7b5 c1g5 e7e6 g5d8 f7f6 d1b3 b8d7 g2g3 g7g6 b3c3 a8b8 e2e3 a6a5 a3a4 b5b4 e1d2 b4c3 b1c3 e6e5 g1e2 e8d8 h2h3 d7c5 c3d5 d8d7 d5c7 c5e6 c7e6 h7h5 e6f8 d7c6 c4c5 d6d5 g3g4 g6g5 h1g1 g8e7 g4h5 h8h5 a1d1 h5h8 e3e4 c8h3 e4d5 c6d5 f1h3 h8h3 f8d7 b8b2 d2e1 d5e6 e2c3 e6d7 g1g4 h3h1 g4g1 h1g1
123,B,material_adjudication_moderate,133,1.715790,615,2026-09-11 04:51:17,d2d3 b7b6 f2f4 d7d6 a2a3 a7a6 e2e3 c8g4 g1h3 g4c8 e3e4 c7c6 h3f2 g8f6 b2b3 f6d7 d1d2 c8b7 a1a2 d7c5 b1c3 b8d7 f2g4 g7g6 g4e5 a8c8 e5c4 h8g8 c4d6 e7d6 d3d4 g6g5 a3a4 f8g7 e4e5 a6a5 e5d6 g7d4 d2d4 f7f6 h2h3 g8g7 f4g5 f6g5 c1d2 d7f6 c3e2 d8d6 d4d6 c5e4 d2c3 e4d6 c3f6 g7d7 f6g5 d6f5 g5f4 h7h6 h1h2 h6h5 f4g5 c6c5 c2c3 e8f8 b3b4 b7d5 a2a1 a5b4 e2g1 b4c3 f1b5 d7d6 a1c1 c3c2 c1c2 d5e4 c2c1 f5d4 c1d1 e4f5 h2h1 d4b5 a4b5 c8e8 g1e2 d6d1 e1d1 h5h4 e2c3 f5e6 h1g1 f8g7 c3a4 g7g6 g5d2 e6b3 d1c1 b3a4 g1e1 e8d8 e1e4 a4b5 e4h4 d8d7 c1d1 c5c4 g2g3 d7d8 g3g4 d8c8 d1c1 g6g7 c1c2 c8f8 c2c1 f8e8 d2e3 e8e3 c1d2 e3e8 g4g5 e8g8 h4f4 b5a6 d2c3 g8d8 f4e4 b6b5 e4e3 g7h7 h3h4 h7g6 h4h5
124,W,checkmate,7,1.680565,620,2026-09-11 04:51:18,e2e4 g7g5 f2f4 g5f4 a2a4 f7f6 d1h5
125,W,material_adjudication_moderate,116,1.775585,625,2026-09-11 04:57:32,h2h4 b7b6 b2b3 c7c6 g1h3 b8a6 g2g3 h7h5 c2c3 c6c5 h3g5 g8h6 f1g2 a6b8 e1f1 e7e6 g2h3 a7a6 c3c4 f7f6 g5e4 d7d5 c4d5 e8d7 a2a4 f6f5 e4c3 a6a5 d5e6 d7c7 c1b2 c5c4 d2d4 c4d3 d1c1 b8c6 e6e7 f8e7 h1h2 c8e6 b1a3 h8f8 a3b5 c7d7 h3g2 e7f6 f2f4 h6g4 h2h3 g4h6 g3g4 h6g4 e2e4 a8a6 e4e5 f6e5 g2c6 d7c6 f4e5 g7g5 h3d3 d8d3 f1g2 g5h4 c1e1 f8d8 a1d1 d3c2 e1e2 c2e2 c3e2 d8d7 d1d7 e6d7 b5c3 d7e6 e2d4 c6d7 g2h3 b6b5 c3b5 g4e5 h3h4 e5c4 d4e6 d7e6 b3c4 f5f4 h4h5 f4f3 b2d4 e6d7 d4e3 a6c6 c4c5 c6a6 b5d4 f3f2 e3f2 a6c6 d4c6 d7c6 f2g1 c6d7 g1f2 d7c6 f2g1 c6d7 c5c6 d7c6 g1a7 c6d5 h5g6 d5c4 a7b6 c4d5
126,B,material_adjudication,73,1.734303,630,2026-09-11 04:57:33,h2h4 b7b6 b2b3 h7h5 c2c3 c7c5 c3c4 h8h6 g2g3 f7f6 f1g2 e7e5 e1f1 d7d5 c4d5 a7a6 f2f3 e8d7 h1h2 f8e7 d2d4 d7d6 a2a4 c5d4 g2h3 g7g5 b3b4 g5g4 f3g4 d6c7 d5d6 c7d6 g4g5 h6g6 g5f6 e7f6 b1d2 c8g4 h3g4 h5g4 e2e4 d4e3 a4a5 e3d2 d1d2 d6e7 g1f3 g4f3 h4h5 e5e4 h5g6 b6a5 b4a5 f6a1 c1b2 a1b2 d2b2 e7e6 b2d2 d8f8 g6g7 f8e8 d2b2 b8c6 h2h4 c6d8 b2b7 d8b7 f1f2 e6f7 h4h5 e8b8 h5h3
127,W,value_resign,54,1.722197,635,2026-09-11 04:59:19,g1f3 a7a6 c2c3 a6a5 d1c2 h7h5 e2e4 g8h6 d2d3 g7g5 f3g5 b7b5 g5f7 h6f7 e1d2 h5h4 e4e5 b5b4 d2e3 h8g8 a2a4 b4c3 b1c3 d7d5 c3d5 e8d7 a1b1 e7e6 d5f6 d8f6 e5f6 b8a6 c2e2 f8e7 f6e7 h4h3 f2f4 h3g2 f1g2 c8b7 g2f3 b7f3 e2f3 g8g3 f3g3 f7h6 e3e4 h6f5 g3f2 f5e3 c1e3 a6b4 e3d4 c7c6
128,D,rule_draw,112,1.668953,640,2026-09-11 05:00:20,b1a3 d7d5 g1f3 c8d7 e2e4 c7c6 e4d5 c6d5 a1b1 d8b6 f1c4 e8d8 d2d3 f7f6 e1e2 g8h6 g2g4 d5c4 c1d2 b6b4 d2b4 c4c3 b4e7 d8c7 d1d2 c3d2 d3d4 g7g6 e2d2 f8e7 g4g5 f6g5 h2h4 g5g4 f3e5 h8f8 h4h5 g6h5 h1h5 b7b6 h5h6 g4g3 e5d7 b8d7 h6h7 e7g5 f2f4 g5f4 d2e1 f4g5 d4d5 g3g2 h7h5 g5f6 e1d2 g2g1q b1g1 c7c8 g1b1 f8f7 a3b5 f6e7 b2b4 c8d8 c2c4 e7b4 b1b4 a7a6 b5d4 a6a5 b4b2 d7f6 h5h3 a8c8 h3f3 c8c4 f3d3 f6d5 b2b3 d5f4 a2a4 f4d3 b3d3 c4d4 d3d4 f7d7 d2e3 d7d4 e3d4 d8d7 d4d5 d7c7 d5e4 c7d7 e4d5 d7c7 d5e4 c7d7 e4d5 d7e7 d5c6 e7e6 c6b6 e6d5 b6a5 d5c5 a5a6 c5b4 a4a5 b4a4 a6b7 a4a5
129,W,material_adjudication_moderate,76,1.733243,645,2026-09-11 05:01:06,e2e3 e7e5 f2f3 b8c6 c2c4 g8e7 h2h4 f7f5 g2g4 e8f7 a2a4 a8b8 a1a2 f5g4 f3g4 g7g5 e3e4 c6b4 h4g5 f7g8 d1b3 d8e8 b3b4 e7f5 f1e2 f5d6 h1h4 c7c5 b4a5 d6e4 a5a7 d7d5 a7b8 c8e6 b8e8 e6f7 d2d3 f7e8 e1d1 d5c4 c1d2 c4d3 e2d3 e8f7 d3e4 f7b3 d1c1 b3a2 d2c3 a2b1 c1b1 g8g7 g1h3 b7b6 e4f3 h8g8 b1c1 g8h8 c1d1 h8g8 d1e1 g8h8 c3d2 e5e4 h4h5 e4f3 d2f4 g7g6 e1f1 f8d6 f4d6 h8d8 d6e5 d8d5 h5h6 g6f7
130,W,checkmate,65,1.711416,650,2026-09-11 05:01:21,e2e3 e7e5 f2f3 e8e7 e1e2 c7c5 a2a3 a7a6 d2d4 e5d4 g1h3 d7d6 h1g1 c8h3 g2h3 g7g5 e2f2 a6a5 c2c3 d8c8 c3d4 g8h6 d4c5 b7b5 a3a4 g5g4 f3g4 d6c5 e3e4 f7f5 c1e3 f5g4 h3g4 e7f7 a4b5 h6g4 g1g4 c8g4 d1g4 f8e7 b1c3 e7f6 b2b3 f7e8 f2g1 h8g8 g4g8 e8e7 c3d5 e7d7 e4e5 f6e5 h2h3 e5a1 e3d4 c5d4 f1c4 a1b2 g8h7 d7e8 h7g7 a5a4 b3b4 d4d3 g7e7
131,W,material_adjudication,74,1.698978,655,2026-09-11 05:01:37,b1a3 d7d5 d2d3 h7h6 f2f4 e7e5 f4f5 c8f5 a1b1 d8f6 h2h4 d5d4 e2e3 e8d8 e3e4 f5d7 b2b4 g7g5 h4g5 h6g5 h1h8 f6h8 c1g5 f7f6 g5c1 f8d6 f1e2 h8h6 g2g4 h6h7 d1d2 d6f8 g4g5 d7c6 g1f3 a7a5 b4a5 b7b6 e1f2 h7g6 f3e1 d8d7 a5b6 b8a6 b6c7 a6c7 a3c4 d7e8 g5f6 g6f6 f2g2 a8a2 c4e5 f6e5 d2d1 c7e6 b1b6 e5c7 b6a6 f8d6 a6a2 d6f8 a2b2 c7e7 b2b3 e7h4 e2f3 h4g5 c1g5 e8f7 d1e2 c6d5 g5d2 d5b3
132,D,cap_draw,150,1.706306,660,2026-09-11 05:02:21,e2e3 g7g5 a2a3 c7c6 d2d4 b8a6 g2g4 h7h5 c2c4 g8f6 a1a2 b7b5 b2b4 f6g4 f2f3 d7d5 a2b2 e7e6 c4b5 c6b5 f3g4 d8c7 d1d3 a6b4 a3b4 a7a6 b2c2 c7e7 f1g2 h8g8 b1c3 e7f6 g1e2 a8b8 g4h5 f6f5 e3e4 f5g4 e4d5 e6d5 c3d5 c8d7 d5f6 e8e7 f6g4 f8h6 h1f1 d7g4 c2c3 g8e8 f1h1 g4e2 g2f3 e2d3 c3d3 g5g4 f3g2 h6c1 h1f1 e8g8 d3b3 e7d7 e1e2 c1h6 e2d3 f7f6 f1f6 g4g3 h2g3 g8g3 g2f3 h6g5 f6f5 g5h6 f5f6 g3f3 f6f3 d7d8 f3f5 d8d7 f5c5 b8c8 d3c3 c8c5 d4c5 d7e6 c3d4 e6d7 d4c3 d7e6 c5c6 h6f4 c3d4 e6d6 b3d3 d6c6 d3b3 c6d6 b3c3 f4e5 d4d3 e5c3 d3c3 d6e6 h5h6 e6f7 h6h7 f7g7 h7h8q g7h8 c3d3 h8h7 d3e4 h7h6 e4f5 h6h5 f5e4 h5h4 e4d5 h4h3 d5e4 h3g2 e4d5 g2g3 d5d6 a6a5 b4a5 b5b4 a5a6 b4b3 a6a7 b3b2 a7a8q b2b1q a8a3 g3g2 a3c3 b1f5 d6e7 f5d5 e7f6 g2h2 c3c8 d5d4 f6f7 d4d5 f7f8 h2g2 c8c3 g2h1
133,D,cap_draw,150,1.668884,665,2026-09-11 05:03:17,d2d3 b7b6 c1g5 c7c5 h2h3 d7d6 a2a3 f7f5 e2e4 h7h6 g1e2 h6g5 e2g1 b8d7 b1d2 c8b7 f2f3 h8h7 b2b4 h7h6 g2g4 b6b5 e4f5 b7f3 g1f3 c5b4 a3b4 a8c8 f1g2 e7e6 f5e6 d7b6 d1e2 a7a5 e6e7 d8e7 f3g5 e7e2 e1e2 a5b4 g2e4 d6d5 g5e6 d5e4 c2c3 b6a8 c3b4 h6e6 g4g5 e6d6 d2e4 d6d8 h1d1 c8b8 a1a7 b8c8 d1f1 c8b8 f1f3 g8e7 f3f4 g7g6 f4f1 e7d5 a7f7 d8c8 d3d4 b8b6 f7f8 e8d7 f8c8 d7c8 e4c5 c8b8 f1f7 d5b4 e2e1 b4d5 f7f3 b5b4 c5a4 b6a6 a4b2 a6a2 f3b3 a2a7 b2d3 a7h7 h3h4 d5c7 b3b4 b8a7 d3c5 c7d5 b4b1 h7g7 e1d2 g7c7 b1b3 d5e7 d2e3 a8b6 b3d3 b6c4 e3e2 e7d5 d3b3 c4e3 b3e3 d5e3 e2e3 a7b8 e3d3 c7e7 d3c2 e7c7 c2b3 b8a7 b3b2 a7b6 b2b1 b6c6 b1a1 c7c8 a1b1 c8d8 b1a1 d8d4 c5b3 d4f4 h4h5 g6h5 g5g6 f4f8 g6g7 f8g8 b3d4 c6b6 d4f5 b6a5 a1b1 a5a4 b1a2 h5h4 a2b2 h4h3 b2c3 g8g7 f5g7 h3h2
134,B,material_adjudication_moderate,76,1.751877,670,2026-09-11 05:04:10,e2e4 b8c6 d1h5 a7a5 h2h4 c6d4 h5a5 f7f6 a5e5 a8a5 e5d5 a5d5 e4d5 e7e6 c2c3 e6d5 g1h3 h7h5 g2g3 d4b5 f1b5 d8e7 e1f1 d5d4 c3d4 c7c6 b5a4 d7d5 b2b3 h8h6 h1h2 e7d8 f1e2 g7g5 h4g5 f6g5 c1a3 c8h3 h2h3 f8d6 a3d6 d8d6 b1a3 d6a3 h3h2 a3d6 a1e1 d6d7 e2d3 e8d8 f2f4 g5f4 g3f4 d7c7 e1e5 h5h4 h2g2 h6h8 g2g6 h4h3 e5e2 c7f4 d3c3 g8h6 g6f6 f4b8 e2f2 d8c7 f6f4 c7d8 f4h4 b8c8 f2f4 b7b5 a4b5 c6b5
135,W,material_adjudication,78,1.675145,675,2026-09-11 05:04:49,h2h4 b7b6 b2b3 c7c5 f2f4 h7h5 g2g4 h5g4 e1f2 c5c4 f1g2 b6b5 b3c4 b5c4 c1b2 d7d5 a2a4 b8a6 f2e1 a8b8 b2e5 b8b7 h4h5 a6b8 a4a5 g8f6 e5b8 g4g3 b8e5 c8e6 c2c3 a7a6 g2f3 f6h5 h1h5 h8h5 f3h5 g7g6 h5f3 g6g5 f4g5 f8g7 e5g7 d8b8 g7h8 f7f6 g1h3 f6g5 f3g2 g5g4 h3g5 b8d6 g5e6 d6e6 d2d4 e8d7 e2e3 b7b8 b1a3 b8h8 a3c2 h8g8 d1e2 g8g6 e3e4 d5e4 e2f1 e6g8 e1e2 d7e6 f1f4 g8b8 f4b8 e6d7 e2f1 g6g7 f1g1 g7f7
136,W,checkmate,63,1.724283,680,2026-09-11 05:06:07,h2h4 h7h5 a2a3 b7b6 a3a4 d7d6 e2e4 e7e5 b2b3 f7f5 d2d3 b8c6 e4f5 c8f5 b1a3 d6d5 c1g5 c6a5 c2c3 f8a3 g5d8 a8d8 a1a3 e8e7 d3d4 g8f6 d4e5 f6e8 d1c1 a5b7 b3b4 d5d4 c3d4 c7c6 e1e2 h8f8 a4a5 b6a5 b4a5 c6c5 a5a6 f5d7 h1h3 c5d4 a6b7 d7h3 g1h3 g7g6 h3g5 d8d7 c1c4 d7c7 c4b5 a7a6 b5a6 c7c2 e2d3 c2b2 a6a7 b2b7 a7b7 e7d8 g5e6
137,W,checkmate,15,1.693077,685,2026-09-11 05:08:08,e2e3 g7g5 g1h3 b8a6 d1h5 c7c6 g2g3 g8f6 e3e4 f8g7 g3g4 e8f8 h3g5 b7b5 h5f7
138,B,material_adjudication_moderate,78,1.704000,690,2026-09-11 05:10:01,e2e3 a7a5 f1b5 a5a4 b5a6 c7c6 g2g3 b8a6 d2d3 a6c5 b1a3 d7d5 b2b3 e8d7 d1f3 f7f6 g1e2 g7g5 a1b1 a4b3 a2b3 d7e8 e2d4 c5e6 d4e6 c8e6 f3g2 d8a5 c1d2 e6h3 d2a5 h3g2 h1g1 a8a5 g1g2 d5d4 a3c4 a5f5 g3g4 f5e5 c4e5 f6e5 g2g3 e7e6 e3d4 e5d4 f2f4 g5f4 g3g1 g8e7 g4g5 f8g7 g1f1 e7d5 c2c4 d4c3 b3b4 d5e3 b4b5 e3f1 b5c6 b7c6 e1f1 c6c5 f1e2 e8f7 g5g6 f7g6 b1b7 g6h6 b7c7 g7d4 c7a7 c3c2 a7c7 e6e5 c7e7 h6g5
139,B,material_adjudication,105,1.689733,695,2026-09-11 05:13:13,e2e3 d7d5 g2g3 c8d7 f1e2 h7h5 b2b3 a7a6 e2f3 d7g4 d2d3 g4f3 g1f3 d5d4 a2a3 h8h6 g3g4 d4e3 c1b2 h5g4 h2h4 c7c5 f3e5 h6h5 h1f1 e3e2 b1d2 e2d1q e1d1 h5h4 f2f4 a8a7 d1e1 a6a5 e1f2 b8c6 e5c6 b7c6 f4f5 a7a8 f1h1 h4h1 a1h1 d8b6 d2e4 g7g6 f5g6 f8g7 b2g7 f7g6 e4c5 b6c5 g7d4 c5d4 f2e2 d4f6 c2c4 a8b8 h1d1 e8f7 d1d2 f7g7 d2d1 f6a1 d1a1 a5a4 b3a4 g4g3 e2f3 g3g2 c4c5 b8d8 f3g2 g8f6 g2f3 d8d7 a4a5 e7e6 a5a6 f6h5 a1e1 d7d3 e1e3 d3d8 a6a7 g7f7 a7a8q d8a8 a3a4 a8d8 a4a5 d8d7 a5a6 f7e7 a6a7 d7a7 f3g4 a7a2 e3e2 a2e2 g4f3 e2a2 f3e3 e7e8 e3f3
140,W,material_adjudication,66,1.668522,700,2026-09-11 05:13:14,b1a3 h7h5 b2b4 g7g5 f2f3 d7d5 g2g4 f7f6 b4b5 c7c6 c1b2 f8g7 g4h5 c6c5 d2d4 h8h5 e2e4 c5d4 g1e2 b8c6 b5c6 b7c6 b2d4 c6c5 d1d3 c5d4 a3b1 f6f5 f1g2 f5e4 f3e4 g7f6 b1d2 a8b8 e4e5 e8d7 e5f6 d8a5 e2d4 e7e5 f6f7 e5d4 f7g8q h5h8 g8h8 a5a4 g2f3 g5g4 f3e4 d5e4 d3e4 a4c2 e4e5 a7a5 h8g7 d7d8 h1g1 c8d7 e5f4 b8b7 a1b1 c2b1 d2b1 d8e8 f4c1 g4g3
141,W,checkmate,63,1.623379,705,2026-09-11 05:15:13,e2e3 g7g5 g1e2 d7d5 g2g4 a7a5 f2f3 h7h5 e2d4 b8c6 e1e2 c6d4 e3d4 d8d7 b2b3 f8g7 a2a4 e7e6 e2e1 g7f6 d1e2 h8h6 e2d3 a8b8 b1a3 b7b5 c2c4 f6g7 c4b5 b8b7 c1b2 g7f6 g4h5 h6h5 f3f4 g8h6 f1e2 g5g4 e2g4 h6g4 d3f3 g4h6 f3h5 h6f5 a1c1 f5d4 h2h3 d4b3 c1b1 f6d4 h5h4 d4c5 b2c1 d5d4 b1b3 c5b4 b3d3 b4e7 h4h5 e7a3 c1a3 b7b8 h5h8
142,W,material_adjudication,68,1.648281,710,2026-09-11 05:15:28,d2d4 a7a6 c1h6 f7f6 h2h3 e7e6 b2b3 f8b4 c2c3 c7c5 e2e3 d7d5 a2a4 d8e7 a1a3 b4a3 d1e2 b7b6 h6g7 e7d8 b1d2 e8d7 h1h2 d7c7 g7h8 d8d6 e2d3 d6h2 h8f6 h2d6 f6e5 d6e5 d4e5 c8b7 c3c4 h7h5 c4d5 e6d5 a4a5 b8d7 e5e6 d7f6 f2f4 c5c4 b3c4 d5c4 d3f5 f6d5 a5b6 c7b6 d2c4 b6a7 h3h4 d5b4 f5e5 b4c6 e5g7 c6b4 e1e2 a8d8 c4a3 g8f6 g7f6 d8d5 f6h8 d5d8 h8d8 b4c6
143,B,material_adjudication,66,1.699065,715,2026-09-11 05:16:42,e2e4 b8c6 g2g4 g8h6 d1e2 h6g4 d2d4 f7f6 a2a4 c6d4 e2g4 d7d6 g4f4 e8d7 b2b4 d4c2 e1e2 g7g5 f4f3 c2a1 f3e3 c7c5 e2d2 d6d5 f1b5 d7c7 b5c4 d5c4 d2e1 a7a5 b4c5 h8g8 h2h4 c8g4 h4g5 f6g5 e3d4 d8b8 c1g5 f8g7 e4e5 g8c8 f2f3 h7h6 g5e7 b7b6 c5b6 b8b6 f3g4 b6d4 e7d6 c7b6 g1e2 d4d5 h1h4 d5c6 b1d2 c6b7 d2c4 b6a6 h4h5 c8c4 g4g5 g7h8 e2f4 b7d7
144,B,material_adjudication,66,1.662997,720,2026-09-11 05:17:12,e2e3 b8c6 h2h3 e7e5 c2c3 h7h5 f1d3 h8h7 f2f3 g8e7 f3f4 f7f5 d3f5 e7f5 g1f3 e5e4 g2g4 h5g4 h3g4 h7h1 e1f2 f5e7 d1h1 e4f3 f2f3 e7g8 f4f5 d7d5 d2d3 d5d4 h1h5 e8e7 h5h4 e7e8 e3d4 d8h4 g4g5 e8d7 f3e3 c6b4 c3b4 a7a5 b4a5 c7c5 d4d5 d7d8 c1d2 h4h5 d2c3 b7b6 c3f6 d8e8 a5b6 g7f6 b6b7 c8b7 b1c3 f6g5 a2a4 h5h2 d5d6 f8g7 f5f6 g7f6 c3b1 e8d8
145,W,material_adjudication,66,1.703192,725,2026-09-11 05:17:57,e2e4 f7f6 d1h5 g7g6 h5e2 a7a5 f2f3 b7b5 c2c3 g6g5 c3c4 c7c6 g2g3 e8f7 e4e5 f8g7 a2a4 h7h6 a4b5 c6b5 e5f6 g7f6 e2d3 d7d5 c4d5 a5a4 d5d6 f6e5 d3d5 f7f6 d5a8 e5d6 f1b5 c8d7 b5d7 h6h5 b2b4 b8d7 a8c6 d7e5 c6b5 d8b8 b5a4 g5g4 b1a3 d6b4 a3c2 b4d6 e1f1 e5c6 a4c6 b8b5 c6b5 h8h6 f1g2 h6g6 b5c6 g8h6 g2f2 f6e5 c1b2 e5e6 b2a3 g4f3 c6e4 e6f7
146,W,material_adjudication_moderate,116,1.713641,730,2026-09-11 05:19:25,e2e3 a7a5 d2d3 e7e6 e1d2 g7g5 a2a3 c7c5 d3d4 c5d4 a1a2 d4d3 h2h4 b7b6 d1h5 a5a4 h5f3 d8c7 f3a8 c8b7 a8a7 b8c6 a7b7 f8d6 b7c7 g8h6 h1h2 d6c7 b2b3 f7f5 d2d3 a4b3 a2a1 h6g4 c2c4 g4h2 e3e4 h2f1 b1d2 f5e4 d2e4 d7d6 e4g3 f1g3 h4g5 g3h5 a1b1 c6a5 g2g4 h5g3 f2g3 e6e5 d3d2 a5c4 d2d3 d6d5 g5g6 d5d4 d3c4 b3b2 c1b2 h7g6 c4d3 h8f8 g1h3 f8f7 b2a1 f7d7 d3e2 e5e4 b1b3 d7d5 e2d1 d5c5 a1d4 c5d5 b3b4 g6g5 b4c4 c7d6 h3g5 d5g5 d4b6 g5g4 d1e2 e4e3 c4g4 e8f8 e2e3 d6e7 g4e4 e7a3 e3f4 a3c1 e4e3 c1d2 g3g4 f8g7 f4e5 d2e3 b6e3 g7g6 e3c1 g6g7 c1b2 g7h6 b2c1 h6g7 c1d2 g7g6 d2f4 g6g7 f4g3 g7g6 g3h4 g6f7
147,B,material_adjudication,69,1.704158,735,2026-09-11 05:19:40,e2e3 g7g5 f1e2 b8a6 h2h4 a6b8 h1h2 a7a6 d2d4 d7d5 a2a3 g5h4 g2g4 a6a5 d1d2 a5a4 e1f1 b7b6 g1f3 d8d7 g4g5 h7h5 e3e4 g8h6 e4d5 h6f5 f1e1 f5h6 f3e5 d7d5 g5h6 h8h6 h2h4 d5e6 d4d5 e6e5 f2f3 b8d7 c2c4 e8d8 c4c5 e5g7 h4d4 h6h7 d5d6 d7c5 d4f4 c5e6 d6c7 d8c7 f4f7 g7f7 e1d1 f7f6 e2c4 c8d7 c4d5 a8d8 d5e6 d7e6 b2b4 a4b3 c1b2 f6b2 d1e1 b2a1 d2b2 a1b2 e1f1
148,B,material_adjudication,66,1.736365,740,2026-09-11 05:19:54,f2f4 b8a6 d2d4 f7f6 h2h3 a6b4 e2e4 a8b8 d4d5 h7h5 g2g4 h8h7 h1h2 a7a6 b2b3 b7b5 c2c3 b4a2 b3b4 h5g4 f1e2 g4g3 h2g2 a2c1 e2f3 f6f5 e4e5 c1a2 d5d6 c7c6 d1c2 a2c3 c2c3 a6a5 g2g3 h7h4 b4a5 b5b4 c3c2 e7d6 e5d6 b8b5 c2e2 e8f7 b1d2 f8d6 g3g5 b5a5 a1a5 d8a5 d2c4 a5c5 c4d6 c5d6 e2a2 d6e6 g1e2 e6a2 g5f5 g8f6 f5d5 f6d5 f3d5 c6d5 e2d4 g7g6
149,B,material_adjudication_moderate,95,1.723930,745,2026-09-11 05:20:22,h2h4 g7g5 d2d3 g8f6 c1g5 b8a6 h4h5 c7c5 c2c4 b7b5 g5d2 f6h5 c4b5 a8b8 b5a6 h8g8 g2g3 h7h6 h1h5 d7d6 a2a4 d8c7 d2c3 c8g4 b1a3 b8b6 h5h2 g4d7 e2e4 d7g4 f2f3 g4d7 a3c2 g8g3 c3f6 e7f6 d1b1 f6f5 b2b4 c5b4 g1e2 g3g5 f3f4 g5g6 h2g2 f5e4 g2g6 f7g6 c2b4 d7g4 e2d4 c7c3 e1f2 c3d4 f2g3 b6b4 b1b4 d4b4 a1b1 b4c5 b1c1 c5d4 c1c4 d4f6 g3g4 g6g5 c4e4 e8d7 f1g2 g5f4 e4f4 f6e5 f4f8 d7c7 f8f7 c7b8 g2f1 e5e6 g4h4 e6f7 f1h3 f7a2 h3g4 b8a8 g4e6 a2a3 h4g3 a8b8 e6d5 a3b2 d5e4 b2a2 g3f3 b8c8 f3e3
150,B,material_adjudication_moderate,83,1.717419,750,2026-09-11 05:21:01,d2d3 b7b6 c1g5 f7f6 g1f3 d7d6 g5h4 e8f7 c2c3 a7a5 b1a3 h7h5 a3c2 c7c6 a2a3 a5a4 f3d4 g7g5 h4g5 f6g5 e2e3 e7e5 f2f3 c6c5 d4e2 c8b7 c3c4 h8h6 d1b1 b8a6 e2g3 e5e4 f3f4 e4d3 f1d3 d8e7 f4g5 h5h4 g5h6 f8h6 e3e4 h4g3 b1c1 h6c1 a1c1 g8f6 c2a1 f6h7 h1f1 f7e6 c1c3 b6b5 c4b5 a6c7 f1g1 c7b5 d3b5 a8d8 h2g3 b7e4 g3g4 d8d7 b5d7 e6d7 c3e3 d7c6 e3e4 e7e4 e1d1 h7g5 g1e1 e4g4 d1c1 g4g3 e1e3 g3h4 g2g3 h4g4 c1b1 d6d5 e3d3 c5c4 d3d4
151,B,value_resign,25,1.746171,755,2026-09-11 05:21:48,d2d3 h7h6 b2b3 c7c5 e2e3 e7e5 h2h3 g7g5 d1h5 f8d6 h5f7 e8f7 f2f3 e5e4 d3e4 c5c4 c1b2 b7b5 h3h4 c4c3 b2a3 d6a3 g1e2 g8e7 b1a3
152,W,material_adjudication_moderate,128,1.683414,760,2026-09-11 05:22:01,c2c4 d7d5 h2h4 g7g5 d1b3 b7b5 g1h3 c8e6 g2g3 a7a5 e2e4 d5c4 b3e3 e6c8 h3g1 e7e5 f1e2 b8c6 e2f1 f7f6 f1c4 g5g4 f2f4 a8a6 a2a4 b5b4 c4a6 b4b3 e1e2 g8e7 a6c8 d8c8 e3d3 c8d7 f4e5 f6e5 h4h5 d7d3 e2d3 h8g8 d3e2 c6d4 e2d3 d4c2 h5h6 c2a1 d3e2 e8d8 e2f1 c7c5 f1g2 a1c2 g1e2 c2b4 e2c3 c5c4 h1d1 d8e8 c3b5 f8h6 d2d4 h6c1 d1c1 e5d4 e4e5 e7c8 b5d4 h7h6 d4b5 g8g5 c1d1 g5e5 b1d2 e5h5 d2c4 e8e7 c4a5 h5g5 a5b7 h6h5 b5c3 e7e8 c3b1 g5g7 b7c5 c8a7 a4a5 b4c2 c5e6 c2e3 g2g1 e3d1 e6g7 e8f8 g7h5 d1b2 b1d2 f8g8 d2b3 g8h7 h5f6 h7g6 f6d7 a7c6 g1f2 c6d8 a5a6 d8c6 a6a7 c6a7 b3c5 b2d3 c5d3 a7b5 f2g2 g6f5 d3c5 b5d6 g2h2 d6c4 h2h1 f5g6 h1h2 g6g5 h2h1 g5g6 c5a4 g6f7
153,B,material_adjudication,66,1.683140,765,2026-09-11 05:22:14,a2a4 e7e6 g1f3 h7h6 a4a5 f7f6 e2e4 e8f7 c2c4 b7b6 f1d3 f8a3 f3g1 b8c6 g2g3 a3b2 c1b2 f7e7 h2h3 c8b7 e1f1 g7g6 f2f4 d8e8 d1f3 e6e5 f1f2 b6a5 f3d1 e8d8 f2e2 e7f8 g3g4 d8b8 d1c1 h6h5 f4e5 f6e5 g4h5 h8h5 b1a3 g8e7 e2e1 a7a6 c4c5 c6b4 h3h4 b4d3 e1f1 d3c1 a3c4 a5a4 d2d4 e5d4 a1c1 a4a3 b2a3 b8c8 g1f3 f8g7 c4b6 c7b6 c5b6 g7h6 c1b1 e7c6
154,B,value_resign,54,1.702068,770,2026-09-11 05:26:01,a2a4 f7f6 a4a5 a7a6 d2d3 h7h6 c1g5 e7e5 e2e4 e8e7 c2c3 h6g5 f1e2 c7c5 e2f3 d7d6 h2h4 g8h6 d1e2 g5g4 e2d2 g4f3 d2c2 c5c4 d3c4 f3g2 c2d3 h6g8 g1e2 g7g6 h4h5 e7e8 c4c5 g2h1q e2g1 a8a7 c5d6 b8d7 d3d4 h8h5 a1a4 e5d4 c3d4 d7b8 a4a3 g6g5 e1e2 h5h8 g1f3 a7a8 f3g1 h1g1 a3d3 f8g7
155,W,value_resign,40,1.697578,775,2026-09-11 05:30:48,e2e3 a7a5 h2h3 g8h6 f2f3 f7f5 a2a3 b7b5 f1b5 c8b7 d2d4 e7e6 b2b4 c7c6 g1e2 c6b5 e3e4 d8c7 c2c4 h6f7 c4b5 f5e4 e1g1 f8d6 b4a5 e6e5 a5a6 e5d4 a6b7 d4d3 b7a8q d3e2 d1e2 d6e5 f3e4 c7c6 b5c6 d7d6 f1d1 e5d4
156,B,checkmate,96,1.667891,780,2026-09-11 05:31:05,a2a3 g8f6 h2h4 b8a6 f2f4 f6g4 a3a4 d7d6 c2c3 e7e6 f4f5 c8d7 a1a2 a8c8 b2b4 e8e7 a2b2 d7a4 d1a4 h8g8 b1a3 g4h2 a4b5 h2f1 b2c2 d6d5 g1f3 f1e3 h1g1 e6f5 g2g3 c7c6 b5d3 g7g5 d3e3 e7f6 h4g5 g8g5 e3g5 f6e6 g5d8 c8d8 b4b5 c6b5 f3h2 f5f4 d2d4 b5b4 a3c4 d5c4 c3b4 d8d4 c1f4 f8b4 e1f2 e6f5 f4h6 b4c5 e2e3 d4d5 c2c4 b7b5 c4c2 d5d3 g1g2 f5g6 c2c5 a6c5 e3e4 c5e4 f2e2 d3c3 h6d2 c3c6 d2f4 b5b4 e2f3 f7f5 g2b2 c6b6 f4e3 e4c3 e3b6 a7b6 b2d2 b4b3 d2d4 b3b2 d4d6 g6g5 d6c6 b2b1q c6b6 b1a2 b6b4 a2e2
157,B,material_adjudication,87,1.715269,785,2026-09-11 05:34:10,a2a4 g7g6 d2d3 d7d6 e2e4 d6d5 c2c3 d5e4 c1e3 e8d7 e3c5 e4d3 a4a5 b7b6 g2g4 g8h6 f2f3 d3d2 b1d2 h8g8 d2c4 d7e6 h2h4 h6g4 a1a3 b8d7 b2b3 d7c5 d1d8 g4h2 a3a1 c8b7 d8c7 h2f1 a5b6 a8c8 c7b7 c5b7 e1f1 h7h6 b6a7 c8d8 a7a8q d8a8 a1a8 f8g7 f1e2 g8a8 f3f4 a8a2 e2f1 f7f5 c4e5 g7f6 g1e2 f6e5 f4e5 g6g5 h4g5 h6g5 c3c4 e6e5 e2g3 e5f6 c4c5 b7c5 f1g1 c5b7 g3f5 f6f5 b3b4 e7e6 h1h2 a2a1 g1f2 e6e5 h2h1 a1a2 f2e3 e5e4 h1a1 a2a1 e3e2 a1a2 e2e3 a2a1 e3e2
158,B,material_adjudication_moderate,85,1.722094,790,2026-09-11 05:37:56,e2e4 f7f6 b1c3 a7a5 a2a4 e7e5 b2b4 a8a7 b4a5 c7c6 c3d5 c6d5 g1e2 d5e4 h1g1 a7a5 f2f3 f6f5 c1b2 e4f3 d1c1 f3e2 e1e2 d7d5 c1b1 e5e4 b2c3 f8d6 c3a5 g8f6 a5d8 d6h2 d8f6 g7f6 e2e1 h2g1 a4a5 g1d4 c2c3 d4c3 d2c3 c8e6 f1e2 h8g8 b1c1 b8d7 e2h5 e8e7 a1a4 d7c5 a4b4 c5d3 e1d2 d3c1 g2g4 f5g4 h5g4 e6g4 d2c1 g8g5 c1d2 g4f3 b4b7 e7d8 b7h7 f6f5 h7h3 g5g4 h3f3 e4f3 d2e3 f3f2 e3f2 d8e8 f2f3 e8d7 a5a6 g4g8 a6a7 g8f8 f3g2 f5f4 c3c4 f8a8 c4d5
159,B,material_adjudication,87,1.746447,795,2026-09-11 05:39:19,e2e4 f7f6 b2b4 d7d6 e4e5 e8d7 b1a3 d6d5 e5e6 d7e6 g1e2 c7c5 e2f4 e6d7 f1b5 d7c7 f4e6 c8e6 c2c3 g7g6 a1b1 c5b4 c3b4 g6g5 f2f4 e6f5 d2d3 a7a5 b4a5 g5f4 c1d2 a8a5 d2a5 c7c8 a5d2 f5d3 d1h5 d3b1 a3b1 e7e5 a2a4 e5e4 h5g4 b8d7 b5d7 d8d7 g4d1 d5d4 a4a5 g8e7 h2h3 e7d5 g2g4 f4g3 h1f1 d7e7 a5a6 b7a6 b1a3 c8b7 a3c4 h8g8 h3h4 b7c8 d1e2 f8h6 f1f6 e7f6 d2h6 f6h6 e2e4 h6c6 e4d5 c6d5 c4b6 c8b7 b6d5 g8f8 d5b4 a6a5 h4h5 a5b4 h5h6 b7c8 e1d2 f8f6 d2c1
160,B,material_adjudication_moderate,82,1.733214,800,2026-09-11 05:40:09,d2d3 b8a6 d3d4 a8b8 f2f3 f7f6 h2h3 f6f5 e2e3 h7h5 e1e2 g7g5 c2c3 f5f4 a2a4 h8h7 a1a3 d7d6 d1c2 e7e5 c2d1 d8e7 h1h2 b7b5 a4b5 c8d7 b5a6 b8b6 b1d2 f4e3 h3h4 e3d2 h4g5 d2c1q d1c1 h5h4 a3a1 d6d5 e2e1 e5d4 e1d2 b6b3 c3d4 e7d6 h2h4 h7h4 f1d3 d7c6 g2g4 g8e7 a1a3 b3d3 d2d3 e8d8 a3b3 d8d7 d3d2 d7d8 g1e2 f8g7 c1c2 h4h2 d2e1 g7d4 e2d4 h2c2 d4c2 d6f4 b3b8 d8d7 e1f1 e7g8 f1g2 f4a4 b8f8 a4b3 g2f1 b3b2 f8g8 b2c2 g5g6 c2c4
161,B,material_adjudication,87,1.666169,805,2026-09-11 05:40:59,h2h4 b7b6 b2b3 h7h5 g1h3 c7c6 h1h2 g7g6 c2c4 e7e5 f2f4 a7a5 g2g3 b6b5 e2e4 b5b4 c1b2 a8a7 d1f3 d7d6 f3d1 c8f5 e4f5 a7b7 h2f2 d8e7 d1c1 g8f6 b1c3 b4c3 c1c3 e5e4 h3g5 g6f5 c4c5 f6d5 c5d6 e7d6 c3c2 f7f6 f1g2 f8e7 g5f3 e4f3 g2f3 e8d7 f2h2 d5b6 c2c3 d7e8 a2a4 d6d7 c3c1 e8f8 d2d4 e7b4 e1f1 d7g7 f1e2 h8h6 e2d3 b4e7 g3g4 f5g4 f3d1 g4g3 h2h1 h6g6 f4f5 g3g2 h1g1 g6g3 d3d2 b8d7 d4d5 c6c5 g1g2 g3g2 d2e1 f8f7 d5d6 e7d6 e1f1 f7e7 a1a3 e7d8 c1d2
162,B,material_adjudication,87,1.711507,810,2026-09-11 05:41:16,e2e3 a7a5 f1b5 a5a4 e1f1 c7c6 d1f3 d7d6 g2g4 c8g4 f3g4 e7e5 g4e4 f7f5 e4f3 e5e4 h2h3 f8e7 f3h5 g7g6 h5h7 h8h7 c2c4 b7b6 b5c6 b8c6 b2b3 d8c7 f1g2 c7d8 c1b2 e8d7 h3h4 c6a5 g2f1 a8c8 h4h5 g6h5 h1h5 g8f6 h5f5 d8g8 f5f6 e7f6 b1a3 d6d5 c4d5 g8g7 f2f4 a4b3 a2b3 d7e8 g1e2 f6b2 d2d3 h7h5 a1c1 c8c3 c1c3 e4d3 c3d3 h5h4 a3b5 h4h1 f1f2 h1h4 b5d4 b2d4 e3d4 a5b3 d3b3 b6b5 b3g3 g7e7 d5d6 e7d7 f2e1 d7e6 d4d5 e6d5 g3d3 d5d3 e2c3 d3c3 e1e2 b5b4 e2f1
163,B,material_adjudication_moderate,101,1.695333,815,2026-09-11 05:41:47,b1c3 d7d6 h2h3 c7c6 c3b1 a7a5 e2e4 b7b5 g2g3 e7e5 h1h2 c8b7 a2a4 a8a6 d2d4 e5d4 f1b5 c6b5 a4b5 f7f6 d1d3 b8d7 d3b3 d8c7 b5a6 c7c8 a6b7 c8b7 b3b7 g8e7 b7a7 h8g8 e1e2 d6d5 b1d2 d5e4 a1a4 e4e3 f2f3 e3d2 c1d2 e8d8 a4a5 d8e8 g3g4 e7c6 a7a8 e8e7 a5a6 h7h6 d2a5 c6a5 c2c3 d4c3 b2c3 g7g6 g4g5 f6g5 h2h1 f8g7 e2f1 g8a8 a6a8 d7c5 f1e2 c5d7 a8a5 e7d6 e2f1 d7f6 f1g2 d6c7 a5a1 f6h5 c3c4 g7a1 c4c5 a1g7 h3h4 c7c6 h4g5 h6g5 g2f1 h5g3 f1e1 g3h1 f3f4 c6c5 f4g5 g7h8 e1d1 h8g7 g1f3 c5c4 f3h2 g7d4 d1c2 d4h8 c2d1 c4c5 d1c1
164,W,material_adjudication_moderate,84,1.723758,820,2026-09-11 05:42:02,d2d4 a7a6 g2g3 d7d6 c2c4 d6d5 d1d2 d8d7 b2b4 e7e5 c4d5 a6a5 h2h4 g7g5 g1h3 d7d5 h1g1 c7c6 h4g5 a5b4 a2a3 f7f6 f2f3 b4a3 g3g4 d5d4 c1b2 a3b2 g5f6 e8d8 a1a8 h7h6 a8b8 h6h5 g4g5 g8f6 g5f6 e5e4 d2d4 d8e8 d4c3 f8h6 h3f4 b7b6 c3c4 e4f3 c4g8 h8g8 f4d3 g8g1 b8c8 e8d7 c8a8 f3e2 e1e2 h6g5 f6f7 g1f1 e2f1 g5e7 f1e2 h5h4 d3e1 h4h3 e2f1 h3h2 f1g2 h2h1q g2h1 c6c5 h1g1 c5c4 g1g2 c4c3 e1c2 d7c7 g2g3 c7b7 a8g8 e7f8 g3h4 b7a8 h4g5 a8a7
165,W,material_adjudication_moderate,82,1.721226,825,2026-09-11 05:42:17,h2h4 b7b6 b2b3 h7h5 c1b2 e7e5 a2a4 d8f6 f2f4 f6f4 e2e4 f4e4 f1e2 h8h7 b2c3 e4c6 b1a3 c6d5 a3b5 d5g2 a1b1 g7g6 g1h3 a7a5 d2d4 f7f6 d4e5 c8b7 h1g1 g2h3 b5c7 e8e7 c7a8 h3c3 e1f1 c3e5 a8b6 e7e8 b6c4 e5c7 g1g6 e8f7 e2d3 h7g7 c4e3 g7g6 d1h5 c7e5 h5g6 f7e7 h4h5 b8a6 b1d1 e5e3 g6g8 a6b4 g8g6 b4d3 d1d3 e3e5 d3d1 e7e6 d1e1 b7e4 e1e4 e5e4 g6e4 e6d6 e4g6 d6e7 f1f2 d7d6 g6h7 e7e8 f2e1 d6d5 e1f2 d5d4 c2c4 d4c3 f2f1 c3c2
166,B,material_adjudication,97,1.690860,830,2026-09-11 05:46:17,e2e4 f7f6 g2g3 e7e5 d1h5 g7g6 h5e2 b7b6 f2f3 g8e7 d2d3 d7d5 b2b3 g6g5 a2a4 b8a6 c1g5 d5e4 g3g4 e8f7 d3e4 c8b7 b1c3 f6g5 e2b5 b7c6 a1c1 a6b4 b5b4 f8g7 g1e2 a7a5 b4c4 f7f8 f1g2 c6b7 c4e6 d8d6 e6d6 c7d6 h1g1 e7c6 h2h4 g5h4 g2h3 f8e7 g4g5 e7e8 g1f1 h8f8 c1d1 h7h6 g5g6 h6h5 f1h1 e8d8 e1d2 f8f3 h3g2 f3f2 g2h3 f2f8 d2d3 g7f6 g6g7 f6g7 c3b5 b7a6 c2c3 a6b5 a4b5 c6e7 h1h2 d8c7 e2c1 f8f4 c1e2 f4f6 e2c1 g7h6 d3c2 h6f4 h2f2 f6h6 f2f4 e5f4 d1h1 f4f3 h1f1 h6f6 f1f3 f6f3 h3g2 f3f2 c2d1 e7c8 d1e1
167,B,material_adjudication,79,1.743942,835,2026-09-11 05:46:17,e2e4 b8c6 b2b3 e7e5 d1g4 c6d4 e1d1 a8b8 f1d3 d7d6 g4h5 a7a6 c1a3 c7c5 f2f3 c8d7 d3f1 g8f6 h5h4 d8e7 d1c1 a6a5 c1b2 d6d5 h4g4 d7g4 e4d5 g4d7 h2h4 g7g6 d5d6 e7d6 g2g3 e8e7 b1c3 d7f5 c3a4 c5c4 a1e1 h7h6 a3d6 e7d6 f1c4 f5c2 c4e2 f6d5 d2d3 d6e7 a4c3 b8d8 c3d5 d8d5 a2a3 c2b3 b2a1 d5d8 g3g4 d4c2 a1b2 c2e1 b2b3 e7f6 b3a4 f8d6 a4a5 h8f8 g4g5 f6e7 h4h5 h6g5 h5g6 f7g6 h1h5 g6h5 a3a4 g5g4 f3g4 h5g4 e2d1
168,W,cap_draw,150,1.731156,840,2026-09-11 05:47:17,d2d4 a7a6 c1h6 g7h6 d1c1 e7e6 e2e4 f7f5 b2b3 f5e4 a2a3 f8d6 g2g4 b7b6 b1d2 c7c6 c2c4 c6c5 d4c5 b6c5 f2f3 e6e5 d2e4 a8a7 e4d6 e8e7 f1e2 a7a8 e1f2 e7d6 e2f1 d6e6 b3b4 g8e7 h2h4 d7d5 c1h6 e6d7 c4d5 e7d5 h6g7 d7e6 g1e2 c5b4 a3b4 h8g8 g7h7 d5e7 h7f5 e7f5 g4f5 e6f5 e2c1 b8c6 b4b5 c8e6 b5c6 d8f8 c6c7 e5e4 f1h3 f5g6 h3e6 a8c8 f2e3 e4f3 h1f1 c8c7 f1f3 f8e7 a1a6 c7c2 e3d3 c2c1 e6g8 g6h5 g8f7 h5h4 a6a4 h4g5 d3d2 c1c5 f3f4 c5b5 a4e4 e7d7 d2e2 g5h6 e2e1 b5a5 f7e6 d7d8 e6c4 d8d7 c4f1 h6g6 e4d4 d7c6 f1d3 g6g5 d4b4 a5a2 d3c4 g5f4 c4d5 f4e5 d5c6 a2a3 b4g4 e5f5 g4g7 a3a6 c6e8 a6a8 g7e7 f5f6 e7c7 a8e8 e1f1 e8e5 c7c1 e5a5 c1c4 a5b5 f1g2 f6g5 g2g3 b5d5 g3f3 d5f5 f3e3 f5f6 e3d3 f6f5 c4c7 f5f6 d3c4 f6f7 c7f7 g5g6 f7c7 g6f6 c4c5 f6e6 c7c6 e6e5 c5b6 e5d5 c6c5 d5d4
169,B,material_adjudication_moderate,129,1.723189,845,2026-09-11 05:47:18,g2g3 h7h5 f1g2 c7c5 g2f3 f7f5 c2c3 g7g5 d1b3 g5g4 e2e4 g4f3 e4f5 h5h4 c3c4 d7d5 f5f6 d5c4 f6e7 c4b3 e7d8q e8d8 g1h3 g8e7 b1a3 e7f5 g3h4 h8h4 h3g5 a7a5 a2b3 c8d7 g5f3 f8d6 f3h4 f5h4 d2d3 d7c6 a1a2 c6h1 f2f4 h4g2 e1e2 g2f4 c1f4 d6f4 a2a1 h1d5 h2h3 a5a4 b3a4 f4h2 a3c2 a8a5 b2b4 c5b4 c2b4 a5a8 b4d5 b8c6 d5b6 a8a6 a4a5 a6b6 a5b6 c6d4 e2e3 d4c2 e3e2 c2a1 d3d4 a1b3 e2d3 b3d4 d3d4 d8e8 d4d3 e8d8 d3e3 d8e8 e3d3 e8d8 d3e2 d8e8 e2d3 e8d8 d3e3 d8e8 e3d3 e8d8 d3e3 d8d7 e3d3 d7c8 d3d4 c8d7 d4e3 d7d6 e3f2 d6e6 f2f1 e6e5 f1e1 e5e4 e1e2 e4f4 e2d3 f4g3 d3d4 g3h4 d4c4 h2f4 c4b5 h4h3 b5c4 f4g3 c4b5 h3g4 b5a5 g4f5 a5a4 f5g4 a4b5 g4h4 b5c5 g3h2 c5d4 h2f4 d4d3
170,W,material_adjudication_moderate,110,1.703421,850,2026-09-11 05:47:45,d2d3 b7b6 g2g4 d7d6 e2e4 b6b5 a2a3 g7g5 f1e2 c7c6 d1d2 c8b7 h2h4 f8g7 a3a4 g5h4 a1a3 d8c7 f2f3 b5a4 b1c3 e8d8 d2f4 b8d7 a3a4 d8e8 a4d4 g8f6 h1h4 e7e5 h4h1 e5d4 c3b1 g7h6 h1h6 h8g8 h6h1 h7h6 b2b4 g8g5 h1h6 f6g4 f4g5 g4h6 g5h6 f7f6 h6h5 e8f8 b1d2 a7a5 e4e5 f6e5 b4a5 d7c5 a5a6 b7a6 h5h4 a6b7 d2b3 c7e7 h4e7 f8e7 b3c5 d6c5 c1d2 e5e4 d3e4 c5c4 e4e5 d4d3 c2d3 c4d3 e2d3 e7d7 d3f5 d7c7 e5e6 b7a6 f5b1 c7d6 b1c2 d6e6 e1d1 e6d7 d1e1 c6c5 e1d1 c5c4 g1h3 c4c3 c2a4 d7c8 a4c6 c3d2 c6a8 a6b7 a8b7 c8b7 f3f4 b7a6 f4f5 a6b5 f5f6 b5a4 h3f2 a4a3 f6f7 a3a2 d1d2 a2a1
171,B,material_adjudication,66,1.724102,855,2026-09-11 05:48:12,d2d4 h7h6 d1d2 e7e5 g2g3 e5d4 e1d1 b7b6 b2b4 f8b4 c2c3 d4c3 d2c2 c8a6 b1c3 h8h7 c3b5 b4e7 c2h7 e7f6 b5a7 a8a7 h7g8 e8e7 a2a3 d8g8 a3a4 g8c8 c1f4 c7c5 f4d2 f6a1 g3g4 b8c6 h2h4 g7g6 h4h5 c6d4 h5g6 f7g6 e2e3 d4e6 f1b5 c8d8 d2c3 c5c4 b5a6 a7a6 a4a5 d7d5 a5b6 d8g8 g4g5 h6g5 b6b7 a6b6 b7b8q b6b8 c3h8 b8b2 h1h5 b2a2 h5g5 g8h8 d1e1 e7f8
172,B,material_adjudication,66,1.712990,860,2026-09-11 05:50:47,a2a3 a7a5 e2e4 c7c5 a3a4 a8a7 b1c3 h7h5 h2h4 f7f6 a1a3 e7e5 f2f4 e8e7 c3b5 d7d5 b5a7 c8g4 f4e5 g4d1 e1d1 d5d4 g1f3 f6e5 f1c4 h8h6 g2g4 h5g4 c4g8 g4f3 h1h3 g7g5 a7c6 b8c6 h4g5 h6h3 b2b3 c6b4 c1b2 h3h7 g5g6 h7g7 g8c4 d8c7 b2c3 d4c3 d2c3 e7d6 c3b4 a5b4 c4b5 d6e7 b5e2 b4a3 e2f3 c7d8 d1e1 d8d7 e1e2 d7d6 f3g4 d6c6 e2f1 c6c7 b3b4 c7c6
173,B,material_adjudication,66,1.763810,865,2026-09-11 05:55:13,e2e4 f7f6 g2g4 c7c5 d2d4 e7e5 b2b4 b7b5 b1a3 c5d4 h2h4 d7d5 e4d5 b8a6 c2c4 g7g5 c4b5 d8d6 c1e3 d4e3 f1g2 c8d7 b5a6 d7a4 d1f3 f6f5 f2e3 f5g4 f3e4 g5h4 e1e2 g8e7 e4c4 h4h3 a3b5 a4b5 c4b5 e8d8 b5a5 d8e8 a5b5 e8d8 b5a5 d8e8 e2f2 h3g2 f2g2 d6d5 a5d5 e7d5 a1d1 d5e3 g2f2 e3d1 f2g2 f8e7 g1h3 e7f6 h3g5 f6g5 a2a4 g5e7 a4a5 d1e3 g2f2 e7d6
174,B,material_adjudication,67,1.668703,870,2026-09-11 05:57:12,a2a3 b7b6 d2d3 h7h6 a3a4 d7d5 c1g5 c8d7 a4a5 b6b5 c2c3 d7e6 a1a3 b8a6 f2f4 e6d7 e2e4 a6b8 h2h4 d5d4 a3b3 h6g5 f4g5 b8a6 h1h3 d7h3 b3b4 d4c3 b4b3 h8h6 g5h6 h3g4 d1g4 c3c2 h6g7 c2b1q g4d1 b1d1 e1d1 a8b8 d1e1 f8g7 g2g4 e8d7 g4g5 c7c6 h4h5 a6c7 d3d4 e7e5 d4e5 a7a6 h5h6 f7f5 h6g7 d8g5 e4f5 g5e7 f1d3 b8a8 f5f6 g8f6 e5e6 d7e6 e1d2 e6e5 d3c2
175,B,material_adjudication,66,1.689066,875,2026-09-11 05:57:43,d2d3 h7h6 b2b3 a7a5 g2g3 e7e5 d3d4 g7g5 f2f4 f7f6 h2h3 d7d6 g3g4 h6h5 c2c3 g8e7 f4g5 e8d7 e1f2 b7b6 c1f4 h5h4 f4g3 d6d5 b1d2 e5e4 g3c7 d7c7 c3c4 f6g5 f2e3 f8g7 a2a3 h8f8 f1g2 b8d7 c4d5 e7d5 e3e4 d5c3 e4d3 c3d1 a1d1 c8b7 d4d5 d7f6 d2e4 f6d5 e2e3 d8b8 g1e2 g7f6 e4f6 f8f6 g2d5 b7d5 h1f1 f6e6 f1f4 c7d8 e2d4 e6e5 d3e2 a5a4 d4c6 d8e8
176,W,material_adjudication,74,1.700614,880,2026-09-11 05:57:58,b1a3 b7b6 g1f3 h7h5 a3c4 c7c6 h2h4 g7g6 g2g4 h5g4 f3g5 f8h6 g5e4 e7e5 h1h2 c8a6 d2d3 g6g5 h4g5 h6g5 c1g5 h8h2 e4g3 f7f6 g5d2 h2h1 a2a4 d7d5 g3h1 d8e7 b2b4 a6c4 d3c4 e5e4 a1b1 b8a6 c2c3 e4e3 f2e3 e8d8 c4d5 c6d5 b4b5 d8c7 f1g2 e7c5 c3c4 a8d8 c4d5 d8d5 g2d5 g8e7 d5f7 e7f5 b1a1 f5e3 d2e3 c5c4 e3h6 g4g3 b5a6 g3g2 e1f2 g2h1q d1h1 c4a4 e2e4 a4a1 h1a1 c7d8 a1a3 d8c7 f2f1 b6b5
177,B,material_adjudication,66,1.714270,885,2026-09-11 05:57:58,b1a3 d7d5 c2c3 d8d7 a1b1 a7a5 d1c2 d5d4 d2d3 g7g5 e2e4 e7e5 g2g4 f8a3 b2b3 d7g4 h2h3 g4d7 f2f3 d4c3 d3d4 e8f8 c1d2 b7b6 c2b2 c3b2 f1c4 f7f5 d2c3 h7h5 g1e2 f5e4 f3e4 e5d4 e1f1 d7g7 c3d4 b8c6 d4c3 c8b7 b1a1 a8c8 c4d5 g8e7 d5e6 c6d4 e6d5 d4e2 c3g7 f8g7 d5b7 c8b8 b7d5 b2a1q f1e2 e7f5 h3h4 a1d4 h1d1 d4c5 d1d4 f5d4 e2e1 a3b4 e1f1 b4d2
178,B,checkmate,74,1.726725,890,2026-09-11 05:58:41,h2h4 b7b6 b2b3 h7h5 h1h2 d7d5 f2f4 h8h7 f4f5 d5d4 e2e4 b8d7 h2h1 f7f6 a2a4 a8b8 f1d3 b8b7 g2g3 e7e5 f5e6 f8a3 a1a3 d7c5 g1f3 c5d3 c2d3 g8e7 g3g4 h5g4 f3g1 a7a6 c1b2 g4g3 h1h3 c8e6 h3g3 d8d7 h4h5 e8f7 d1e2 h7h6 e4e5 e6d5 a4a5 h6h5 e2h5 g7g6 h5d1 g6g5 b3b4 d5c6 g1h3 g5g4 b4b5 a6b5 a5a6 b7b8 a3b3 g4h3 e5f6 b5b4 f6e7 f7e7 b3b4 h3h2 g3h3 d7h3 b2d4 h2h1q e1f2 h1g2 f2e1 g2f1
179,B,value_resign,54,1.737735,895,2026-09-11 05:59:53,d2d3 b7b6 g2g3 d7d6 b2b3 a7a6 g3g4 c8g4 f2f3 g4f3 c2c4 e7e6 g1f3 c7c6 c1f4 b6b5 a2a3 d8f6 c4b5 e8e7 e2e3 f6a1 d1c2 a6b5 h2h4 b8a6 e3e4 b5b4 f3h2 b4a3 f4d2 a3a2 f1e2 a2b1q c2b1 a1b1 d2c1 b1c1 e2d1 f7f5 e4f5 h7h6 f5f6 e7f6 e1e2 f6e7 h4h5 c1b2 e2f3 a8a7 d3d4 e7e8 f3f4 g7g5
180,W,material_adjudication_moderate,78,1.746121,900,2026-09-11 06:00:22,e2e4 b8c6 h2h3 b7b6 f1d3 a7a5 e1e2 c6b8 c2c3 g7g5 b2b3 d7d6 e2e3 a5a4 g1e2 b8d7 d1c2 b6b5 c2d1 e7e5 g2g3 b5b4 c3b4 d8e7 g3g4 a4b3 b1c3 d7f6 d3c4 e8d8 c4b3 f6e4 c3e4 h7h5 e4c3 d6d5 b3d5 h5g4 d5a8 c8d7 h3g4 h8h1 d1h1 e5e4 c1b2 g8h6 a2a4 c7c5 a8e4 h6g4 e3f3 c5b4 h1g1 b4c3 b2c3 g4f2 f3f2 e7e4 d2d4 d8e8 g1g2 e4g2 f2g2 g5g4 e2g3 f8e7 d4d5 f7f6 a1d1 d7a4 d1d2 a4d7 d5d6 e7d6 c3f6 d6e7 f6a1 e7b4
181,B,checkmate,62,1.670503,905,2026-09-11 06:00:53,e2e3 a7a5 f1b5 f7f5 f2f3 c7c6 b5a6 g8h6 g2g3 f5f4 b1a3 a5a4 a6b5 d8a5 b2b3 c6c5 e1e2 a5b5 a3c4 d7d5 d1f1 c8f5 g3g4 h8g8 d2d4 g8h8 h2h4 f5d7 e2d2 h6g8 c4b6 b5f1 b6a8 g8f6 a1b1 f1g2 d2d1 a4b3 h1h2 g2h2 a2b3 c5c4 d1e1 f4e3 c1b2 g7g5 h4g5 f8h6 g5h6 h8g8 g4g5 c4b3 c2b3 e8f7 g5f6 h2h5 f6e7 f7f6 g1e2 h5f3 e2f4 g8g1
182,W,checkmate,57,1.695447,910,2026-09-11 06:01:08,e2e3 a7a5 h2h3 b8c6 f2f3 d7d5 a2a3 e7e6 b2b3 a8a6 d2d4 c6e7 f1b5 c8d7 b5d7 d8d7 g2g3 b7b6 b1d2 d7d6 e1f1 f7f6 g3g4 e8d7 d2c4 d5c4 c1b2 g8h6 d4d5 c4b3 d5e6 d7e8 d1d6 c7d6 c2b3 a5a4 g1e2 a4b3 e2c3 h8g8 c3b5 g7g5 b5c7 e8d8 c7a6 h6g4 h3g4 h7h5 g4h5 e7c6 a3a4 g5g4 h5h6 g4f3 b2f6 d8e8 a6c7
183,W,material_adjudication,66,1.675393,915,2026-09-11 06:01:49,g1f3 h7h5 b1a3 c7c5 h2h4 h8h6 f3g1 g7g5 d2d4 e7e5 d4e5 h6h8 a3b1 f7f5 e1d2 d8a5 b1c3 a5c7 h4g5 g8h6 b2b3 h6g4 d1e1 b7b6 c1b2 c8b7 f2f3 f8h6 f3g4 h6g7 g4f5 g7e5 f5f6 d7d6 a2a4 b8d7 e2e3 h5h4 f1b5 a7a6 b5d7 e8d7 f6f7 e5g7 d2e2 d6d5 c3d5 b7d5 b2g7 h8g8 f7g8q a8g8 g7h8 g8h8 e1d2 c7b7 g1h3 h8g8 a1e1 g8g5 h3g5 d7d6 g5h3 c5c4 e1a1 c4b3
184,W,material_adjudication_moderate,106,1.730778,920,2026-09-11 06:03:35,a2a4 c7c6 d2d3 f7f6 a4a5 g8h6 c2c3 e8f7 e2e3 a7a6 f1e2 a8a7 f2f4 h8g8 f4f5 h6f5 e2f3 f5g3 b1d2 g3h1 d1c2 f6f5 d2c4 e7e6 c4e5 f7f6 g1e2 f6e7 e2d4 h7h6 a1b1 f5f4 e3f4 d7d6 e5c4 e6e5 d4e2 c8e6 c4e5 d6e5 f4f5 e6f5 c1h6 g7h6 e2d4 f5e6 d4e6 e7e6 d3d4 e5e4 f3e4 c6c5 e4d3 c5c4 d3c4 e6e7 c4g8 d8c8 g2g4 f8g7 g8h7 a7a8 d4d5 g7d4 c3d4 c8c2 h7c2 e7d6 b2b3 d6d5 c2d3 d5d4 e1d2 d4d5 b1h1 b7b6 a5b6 a6a5 b6b7 a8a7 h1f1 d5e6 d2e1 a7b7 e1e2 b8d7 e2d1 b7b3 d3c4 e6d6 c4b3 a5a4 b3a4 d7c5 a4b5 d6e7 d1c2 h6h5 g4g5 e7e6 f1f3 c5e4 b5d3 e6e5 d3b5 e4g5
185,B,material_adjudication_moderate,76,1.683640,925,2026-09-11 06:04:55,e2e3 g7g5 d2d4 h7h5 e1e2 d7d5 e3e4 a7a6 a2a4 h8h7 g2g3 e7e5 c1g5 e5d4 h2h4 f7f6 g5h6 f8h6 d1d4 f6f5 e4d5 g8e7 e2d1 c8d7 a4a5 e7d5 d4d5 f5f4 g3f4 c7c6 d5e5 h7e7 g1f3 e7e5 f3e5 e8e7 a1a2 h6f4 c2c3 f4e5 d1c1 e5f4 c1c2 c6c5 a2a1 c5c4 f1c4 d8f8 c4d3 e7d6 f2f3 d6e5 d3e2 f4g3 e2a6 e5f4 a6b7 a8a7 b7d5 d7f5 c2c1 f4e3 c3c4 f8f6 b1d2 b8d7 b2b3 e3f2 d5e4 f5e6 c1c2 f6g7 a5a6 d7c5 a1a5 c5e4
186,W,material_adjudication,66,1.727257,930,2026-09-11 06:06:17,e2e3 a7a5 f2f4 a8a7 c2c4 c7c5 h2h3 d7d5 c4d5 h7h5 g1e2 c8g4 g2g3 b8d7 b1a3 h8h6 h3h4 d8b6 f1g2 b6d6 b2b3 g7g5 e1f1 g4e2 f1e2 g5h4 d1f1 b7b6 h1h4 a5a4 c1b2 a4b3 a2b3 e7e5 d5e6 h6e6 e2f2 f8e7 a3c4 a7a1 b2a1 d6c7 a1b2 e7h4 g3h4 b6b5 c4a3 e6d6 a3b5 d6d2 f2e1 c7b7 e1d2 e8e7 g2b7 d7b6 b3b4 c5b4 e3e4 g8h6 f1c1 b4b3 b5d6 e7d8 c1e1 f7f6
187,W,material_adjudication_moderate,80,1.723236,935,2026-09-11 06:06:44,a2a3 b8a6 h2h4 d7d6 d2d4 g8f6 a3a4 b7b6 g2g4 a8b8 h1h3 c8d7 c1h6 g7h6 f2f3 f6d5 b1c3 d5f4 e2e4 d7c8 a1b1 d8d7 d1c1 h6h5 f1a6 b8b7 a6b7 h5g4 h3h1 f4g2 e1f1 f8g7 f1g2 g4g3 b7c8 d7c8 g1h3 h8g8 h3f4 g7f6 h1d1 e7e6 d1e1 f6d4 f4h5 d4c3 b2c3 f7f6 e1g1 e8e7 a4a5 b6a5 h5f4 c8a6 g1d1 c7c5 c1d2 f6f5 h4h5 f5e4 f3e4 h7h6 f4g6 g8g6 h5g6 c5c4 b1a1 e7f6 d2e2 a6b7 d1d2 f6g6 a1a4 e6e5 a4a3 h6h5 a3a4 h5h4 d2d6 g6f7
188,D,cap_draw,150,1.698155,940,2026-09-11 06:07:25,h2h4 c7c6 a2a4 d8c7 b2b4 a7a5 e2e4 d7d6 b4b5 c8h3 f2f3 h3g4 c2c4 c7d8 c4c5 d6c5 f3g4 d8b6 d2d4 c5d4 c1a3 e8d7 a3b2 e7e5 e1f2 f8d6 d1e2 g8h6 b5c6 b7c6 g4g5 h6g8 h4h5 d4d3 e2e3 b6b2 b1d2 b2a1 d2b3 a1a4 e3d3 a4b3 d3b3 a5a4 b3e3 a8a5 f1d3 d7c8 g1e2 a4a3 h1a1 a3a2 h5h6 g7h6 g5h6 b8d7 e2c3 g8f6 a1a2 f6g4 f2e1 g4e3 a2a5 h8g8 c3a4 g8g4 e1d2 g4g3 a4b2 d7b8 b2c4 c8d8 c4e3 b8d7 a5a7 c6c5 d3e2 g3g6 a7a4 g6e6 e3f5 f7f6 d2c3 d8c7 g2g3 c7d8 g3g4 e6e8 f5d6 e8e6 d6f5 e6c6 e2f3 d8c7 a4c4 c6b6 f3d1 c7b7 d1a4 b6e6 a4d7 e6e7 d7c8 b7c8 c3c2 e7e6 c4c3 c5c4 c2d2 c8b8 d2e1 b8a7 e1f1 a7b8 f1e1 b8a8 e1f1 a8b8 f1e1 b8a7 e1f1 a7b6 f1e1 b6c7 e1f1 c7b8 f1e1 b8a8 e1f1 a8b8 f1g1 b8c8 c3c4 c8b7 c4c2 b7b6 c2h2 b6a7 g4g5 f6g5 h2h3 g5g4 h3e3 a7a6 g1g2 a6a7 e3c3 a7a6 g2g3 a6b5
189,W,material_adjudication,66,1.693755,945,2026-09-11 06:10:32,a2a3 a7a5 a3a4 g8h6 g1f3 h6g8 b1c3 a8a7 f3g5 e7e5 g5f7 d8h4 f7h8 h7h5 c3d5 d7d6 c2c4 c7c6 b2b4 h4g4 b4a5 g4h4 d1b3 g8e7 d5c3 a7a6 e2e4 a6a5 a1a3 c8d7 b3c2 e7g8 d2d3 d6d5 g2g3 h4h2 h1h2 d5c4 c3e2 c4d3 c2d2 g7g5 f2f3 a5d5 e4d5 c6d5 e2g1 h5h4 f1g2 d5d4 h2h4 g5h4 e1d1 h4g3 a4a5 e5e4 g2f1 e4e3 d2d3 f8a3 c1a3 d7f5 d3e2 d4d3 e2e3 e8d8
190,W,material_adjudication_moderate,76,1.697807,950,2026-09-11 06:15:41,e2e4 b8c6 d1h5 a7a5 b2b3 c6d4 e1d1 a8b8 g1f3 g8f6 h5h4 g7g5 h4g5 h8g8 b3b4 f6e4 g5g8 a5b4 f3d4 b4b3 a2a4 e4c5 g8g4 h7h6 d4f5 b3c2 d1c2 h6h5 g4h4 e7e5 h4h5 c5b3 g2g3 b3a1 c2d1 d7d5 d2d4 e5d4 b1a3 f8a3 c1a3 c8f5 h5f5 d8d7 f5d7 e8d7 f1d3 a1b3 f2f4 f7f5 g3g4 c7c5 g4f5 c5c4 d3e2 d4d3 e2g4 d5d4 h1e1 b8c8 h2h3 d3d2 e1e2 b3c5 a3c5 c8c5 a4a5 d4d3 e2d2 d7e8 a5a6 b7a6 d1e1 c5d5 d2d1 d5d8
191,B,material_adjudication_moderate,76,1.652272,955,2026-09-11 06:15:43,b1c3 d7d6 f2f4 b8a6 a2a4 c8d7 c3d5 c7c6 a1b1 a8c8 d2d4 h7h5 e2e4 e7e6 c2c3 a6b8 h2h3 e6d5 d1h5 d5e4 h5h8 g8f6 b2b4 d8e7 h8h4 d6d5 h4g5 c8d8 f4f5 g7g6 e1d1 g6f5 c1d2 e7d6 g5f6 d6f6 f1e2 f8h6 g1f3 e4f3 e2f3 e8f8 d2c1 f6e7 c1h6 f8e8 h1e1 f5f4 e1e7 e8e7 b4b5 d7f5 h6f4 f5b1 b5c6 b7c6 d1c1 b1e4 f3e4 d5e4 f4g5 f7f6 g5f6 e7f6 d4d5 c6d5 a4a5 b8a6 c1b2 f6e5 b2a1 d5d4 c3d4 e5d4 g2g3 d8b8
192,B,material_adjudication,67,1.752750,960,2026-09-11 06:16:43,e2e4 f7f6 b2b3 d7d6 g2g3 e7e5 d2d3 b8d7 a2a3 h7h5 h2h3 g7g5 c1b2 h8h6 b3b4 e8f7 d1h5 h6h5 d3d4 g8e7 b2c1 h5h6 f1b5 c7c6 e1e2 f6f5 c2c4 e5d4 c1g5 e7g6 g5d8 f5f4 d8g5 f4g3 b1d2 g3g2 g5h6 g2h1q a3a4 g6e7 h6e3 d4e3 h3h4 f8g7 d2f1 c6b5 c4b5 g7a1 f2f3 d7b8 e2d3 d6d5 b5b6 f7g8 b6a7 b8d7 f1e3 b7b5 a4b5 d7b8 a7b8q a8b8 d3c2 g8h7 b5b6 c8e6 e4d5
193,W,material_adjudication_moderate,83,1.758251,965,2026-09-11 06:17:13,d2d3 a7a6 c1e3 d7d6 a2a3 c7c6 g2g4 h7h5 e3c5 c8g4 f2f3 d6c5 d3d4 e8d7 a1a2 h5h4 f3g4 c5d4 f1g2 h4h3 g1h3 e7e5 g2d5 d8f6 h3f2 f6e7 d5e4 f7f6 h1f1 d7e8 a2a1 c6c5 c2c4 b8c6 d1c1 a6a5 a3a4 a8d8 f2d1 e7e6 e4d5 e6e7 a1a3 h8h2 d5g8 c6b8 g8d5 e8d7 d5b7 d7c7 b7d5 d8d5 c4d5 c7d7 a3b3 c5c4 b3f3 e7d6 b1d2 d6d5 d1f2 d5e6 f3f5 f8e7 d2f3 g7g6 f3h2 g6f5 g4f5 e6d5 h2f3 d4d3 f3d2 d3e2 e1e2 c4c3 c1c3 d5g2 c3a5 e5e4 a5a7 d7c6 d2c4
194,B,material_adjudication,73,1.738292,970,2026-09-11 06:17:28,e2e3 a7a5 f1b5 a5a4 e1e2 c7c6 c2c3 g7g5 f2f3 d7d5 d2d4 e8d7 d1a4 a8a4 e2f2 e7e6 b5a4 g8e7 a2a3 h8g8 g1e2 g8g6 g2g3 e7f5 a4b5 f8d6 b5d3 f5d4 c3d4 d8b6 e3e4 g5g4 f3f4 d5e4 d3e4 h7h6 e4g6 f7g6 f4f5 g6f5 c1h6 f5f4 b1c3 f4g3 h2g3 d6g3 f2g3 c6c5 d4d5 e6d5 a1f1 b6b2 f1f5 b2a3 g3f2 d5d4 c3d5 a3d3 h1g1 d3f5 e2f4 f5e4 g1e1 e4c2 e1e2 c2a4 e2a2 a4a2 f2e1 a2b3 e1e2 d7d8 e2e1
195,W,material_adjudication_moderate,90,1.654225,975,2026-09-11 06:18:26,e2e4 b8c6 d1h5 a7a5 f1d3 d7d6 e1f1 a8b8 h5f3 c6d4 g1e2 d4f3 e2c3 b7b6 d3c4 g8f6 e4e5 f6g4 b2b3 f3g1 h2h3 f7f5 h3g4 h8g8 d2d3 e7e6 b1a3 h7h5 g4g5 b8a8 f2f4 d6e5 f4e5 c8a6 c4e6 f8a3 c1a3 c7c5 e6g8 e8e7 g2g3 d8g8 a1e1 g8f8 c3e2 a5a4 e5e6 g1e2 e1e2 f8d8 a3b2 d8f8 f1e1 b6b5 a2a3 c5c4 b3c4 b5c4 b2c3 c4d3 c2d3 a8a7 c3d4 a7a8 d4c3 a6c4 d3c4 f8c8 c3d2 c8c4 h1h5 c4c5 d2b4 c5b4 a3b4 a4a3 e2a2 g7g6 h5h3 e7e6 a2a1 e6d7 b4b5 a8b8 h3h7 d7e6 e1f2 b8b5 g3g4 f5f4
196,B,material_adjudication,66,1.695268,980,2026-09-11 06:20:35,a2a4 g7g6 e2e3 e7e6 f1d3 f8c5 f2f4 a7a5 a1a2 e8e7 a2a3 c7c6 f4f5 g6f5 d3a6 e7f6 g2g3 a8a6 d2d4 c5a3 e1f1 a3b2 c1b2 a6b6 h2h3 d7d5 d1f3 g8h6 e3e4 h8f8 g1e2 f6e7 b1d2 f5e4 f3f4 b6b2 f4e4 d5e4 h1h2 b2b1 d2b1 h6g8 e2c3 d8e8 f1e1 e8d8 d4d5 e6d5 e1f1 b7b6 f1e1 g8f6 e1f1 e7e6 f1e2 c8b7 c3e4 d5e4 h2h1 d8d7 c2c3 b7c8 b1a3 c8a6 a3c4 d7d6
197,B,material_adjudication_moderate,84,1.701185,985,2026-09-11 06:21:35,a2a4 a7a5 a1a2 h7h6 c2c4 b7b5 a4b5 h6h5 e2e3 h5h4 d2d4 d7d5 d1b3 d5c4 b3c4 c7c5 d4c5 g8h6 g2g4 c8d7 b2b4 a8a6 b4a5 h6g4 a2a3 a6a5 g1f3 a5b5 c1d2 g7g6 f3e5 g4e5 b1c3 e5c4 f1c4 b5c5 c4d3 c5g5 f2f4 g5g4 a3b3 g4g3 h2g3 h8g8 g3h4 b8c6 d3e2 c6a5 e1g1 a5b3 c3d5 b3d2 f1e1 d7e6 e2b5 d8d7 b5d7 e8d7 e1d1 d7d6 d1d2 e6d5 e3e4 e7e6 g1f1 g6g5 d2d5 e6d5 h4g5 f8g7 e4d5 g7e5 f4e5 d6d5 e5e6 f7e6 f1g2 g8g5 g2f3 g5f5 f3e3 d5e5 e3e2 f5f6
198,W,material_adjudication,66,1.693210,990,2026-09-11 06:23:08,h2h4 b7b6 b2b3 h7h5 c2c4 g7g5 h4g5 c7c5 f2f3 d7d5 g2g3 a7a6 c1b2 e8d7 d1c1 a6a5 c4d5 b6b5 e2e4 g8f6 c1c2 f6e8 h1h3 h8g8 f1c4 b8c6 c4b5 d7d6 g3g4 e7e6 d5c6 f8g7 d2d4 h5g4 h3g3 g4f3 g1f3 a5a4 b1d2 c8d7 c2d1 a4b3 a1b1 b3a2 b1a1 d7c6 b5c6 d6c6 g3g4 f7f5 g5f6 g7f6 g4g8 f6d4 b2d4 d8d4 g8f8 d4h8 f8h8 a8a7 d2f1 c6b7 h8h3 a7a8 f3d2 b7c8
199,W,material_adjudication_moderate,96,1.700197,995,2026-09-11 06:22:33,d2d3 h7h6 b2b3 a7a6 e2e4 b7b6 c1b2 g7g6 c2c4 c7c6 e4e5 f7f6 e5f6 e7f6 g2g4 b6b5 b1d2 h8h7 a2a4 a8a7 d1e2 d8e7 e2e7 f8e7 g1e2 e7b4 a4b5 b4d2 e1d2 c6b5 c4b5 a6b5 a1a7 b8c6 b2d4 c6a7 d2c3 a7c6 f1g2 c6d4 e2d4 h7f7 d4b5 c8a6 b5d4 g8e7 g2f3 a6d3 c3d3 e8f8 h1g1 d7d5 g1c1 g6g5 c1c6 e7c6 d4c6 f7c7 c6a5 c7c8 f3g2 f6f5 g4f5 d5d4 f2f3 c8a8 a5c4 a8d8 g2f1 g5g4 f3g4 f8e7 c4e5 e7f6 e5f3 h6h5 f3d4 h5g4 f1g2 d8d4 d3d4 f6f5 g2f1 g4g3 h2g3 f5g6 f1g2 g6h5 g2e4 h5g4 e4h1 g4g3 h1e4 g3f4 e4g2 f4g3
200,B,material_adjudication,66,1.687660,1000,2026-09-11 06:23:15,a2a3 b8a6 e2e3 c7c6 a3a4 a6c5 d2d4 d7d5 e1e2 a8b8 h2h4 c5e4 g2g4 c8g4 e2e1 d8d6 f1d3 e4f6 f2f3 g4d7 d3f5 f6h5 a4a5 h5g3 a1a4 e8d8 b2b3 h7h5 e1d2 e7e6 f3f4 e6f5 b1a3 d6e7 e3e4 f5e4 h1h2 b7b5 a5b6 b8b6 c1b2 c6c5 d4c5 b6c6 g1f3 e4f3 a3b5 c6c5 b5a7 g7g5 f4g5 d7a4 a7c6 a4c6 d1b1 c5b5 b3b4 f8g7 b2c3 g8f6 g5f6 e7b7 f6g7 h8g8 d2d3 g8g7
201,W,material_adjudication,78,1.761186,1005,2026-09-11 06:25:43,b1c3 d7d6 a2a4 c8d7 c3d5 d7e6 a1b1 e6d5 d2d4 c7c6 f2f3 e8d7 e2e4 d5e4 f3e4 a7a5 d1h5 d7e8 h5h4 f7f6 f1d3 d8c8 g2g4 e8d7 h2h3 f6f5 g4g5 h7h6 b2b3 h6g5 h4h8 g5g4 d4d5 f5e4 c1e3 e4d3 h3g4 d3c2 b1c1 g7g5 h8g8 c6d5 e3d2 d5d4 g8g6 c8c5 g6e4 d6d5 e4g2 a8a7 g1f3 b8c6 g2f1 f8g7 f1e2 d7e8 e2g2 c5b6 c1a1 b6b3 h1f1 b3b2 a1c1 b7b6 f3g5 c6e5 g5e6 e5g4 g2g4 g7h6 d2h6 b2c1 h6c1 d4d3 f1h1 a7c7 h1g1 c7d7
202,B,material_adjudication_moderate,119,1.621355,1010,2026-09-11 06:27:10,a2a4 d7d5 d2d3 a7a5 b2b3 g7g5 g1f3 e7e5 c1g5 f7f6 g5c1 h7h6 a1a2 h8h7 g2g4 b8a6 d3d4 e8d7 d4e5 f8g7 e5e6 d7e6 c1d2 b7b6 f3d4 e6d7 a2a1 c8b7 f2f3 h7h8 f1g2 f6f5 h1f1 f5g4 d4b5 d8h4 f1f2 g7a1 f3g4 d5d4 b1a3 a1b2 a3c4 g8f6 d2h6 f6g4 h6g5 h4f2 e1d2 b7d5 c4b2 h8g8 g2d5 c7c6 d5g8 g4h2 d1e1 f2e1 d2e1 c6b5 g5d2 b5b4 b2c4 a8g8 c4b6 d7c7 b6c4 a6c5 c4b2 g8e8 e1d1 h2f1 b2d3 f1d2 d3c5 c7d6 c5d3 e8d8 d1d2 d6d5 e2e3 d4e3 d2e3 d8d6 d3c1 d5e5 c1e2 e5e6 e3e4 d6d7 e4f4 e6f7 f4e4 f7g6 e4f4 g6h5 e2c1 h5h4 f4e5 d7d2 e5f4 d2c2 f4f3 c2c1 f3e2 c1c8 e2f3 c8d8 f3e2 h4g3 e2e3 g3g2 e3e2 d8d6 e2e3 d6h6 e3e2 h6h2 e2e1
203,B,material_adjudication,113,1.755659,1015,2026-09-11 06:27:53,d2d3 b7b6 a2a4 a7a5 e1d2 d7d5 b1a3 a8a7 a3b1 g7g5 b2b3 h7h6 b1a3 c7c6 h2h4 c8a6 f2f3 d8c8 g2g4 a6c4 c1b2 g5h4 b3c4 d5c4 b2h8 e7e6 g4g5 h6h5 a1b1 f8a3 d3c4 a7d7 d2e1 d7d1 e1d1 a3c5 h8f6 g8f6 g5f6 b8d7 b1b2 c5d4 c2c3 d4f6 d1c2 c6c5 e2e4 d7f8 e4e5 f6e5 h1h4 e5f6 h4h5 e8d8 h5h1 f8g6 b2b6 f6e7 b6b2 f7f5 f1e2 g6f4 e2d1 c8c7 g1e2 c7e5 e2f4 e5f4 h1e1 d8d7 e1e2 d7d6 c2b3 f4g3 b2b1 f5f4 e2c2 g3h4 b1c1 h4g3 b3a2 g3h4 c2d2 d6c7 d1b3 h4g3 a2a1 g3f3 c1d1 f3c3 a1a2 c7c6 d2d7 e7f8 d7d2 f8e7 d2d3 c3f6 d3d2 f4f3 a2a3 f3f2 d2f2 f6f2 b3a2 f2h4 d1h1 h4h1 a3b2 c6b7 b2c3 h1h2 a2b1
204,W,material_adjudication_moderate,110,1.723850,1020,2026-09-11 06:29:56,e2e3 g7g5 b2b4 e7e5 g1h3 b8a6 c1b2 f8b4 b1a3 b7b5 a3b5 e5e4 g2g4 c7c6 b2h8 d7d6 b5d4 c8g4 h3g5 g4d1 a1d1 h7h6 g5f7 d8e7 h2h3 e7c7 d4e6 c7f7 f1a6 b4c5 a6c4 f7e6 c4e6 a8b8 f2f3 e4f3 h1f1 g8e7 f1f3 b8b4 c2c4 b4c4 a2a4 e7g6 a4a5 g6h8 a5a6 c5b4 e6c4 c6c5 f3f6 d6d5 c4d5 e8e7 d5e6 e7f6 e6b3 f6f5 b3c4 f5g6 e1f2 b4a3 f2g2 a3b4 g2f1 b4a3 f1e1 a3b4 e1f1 b4a3 d1b1 h6h5 b1a1 a3b4 a1b1 b4d2 b1b3 d2b4 b3d3 h5h4 f1e2 b4a3 d3a3 g6g5 e2f3 g5g6 a3b3 h8f7 b3b2 f7e5 f3g2 e5c4 b2e2 c4e3 e2e3 g6h5 e3e2 c5c4 e2c2 c4c3 c2c3 h5g5 c3c1 g5h5 c1c6 h5g5 g2f1 g5f4 c6c7 f4e5
205,W,checkmate,19,1.656962,1025,2026-09-11 06:30:11,e2e4 f7f6 d1h5 g7g6 h5e2 c7c5 h2h3 h7h5 e1d1 d7d6 f2f3 c8d7 g2g4 f6f5 b1c3 f5e4 e2e4 d6d5 e4g6
206,B,value_resign,62,1.711200,1030,2026-09-11 06:30:52,a2a3 g8f6 a3a4 a7a6 a4a5 e7e6 d2d3 e8e7 c2c3 g7g6 f2f4 d7d6 g1f3 f6h5 d1d2 b7b6 b1a3 h7h6 d2c2 f7f6 g2g4 d6d5 f4f5 b6a5 g4h5 g6g5 e2e3 g5g4 a1b1 g4f3 f1e2 f3e2 d3d4 e6e5 e3e4 c7c6 e4d5 c6d5 h1g1 e5d4 c1d2 e7d7 c3d4 f8d6 a3c4 d5c4 g1g4 h8g8 g4g8 d8g8 d2a5 c8b7 c2c4 g8c4 b2b4 c4c6 d4d5 c6d5 b4b5 b7c8 b5a6 d5c6
207,W,material_adjudication,66,1.722524,1035,2026-09-11 06:31:45,a2a4 g7g6 e2e3 e7e5 f2f3 g6g5 e3e4 a7a6 c2c4 d7d5 b2b4 d8f6 e4d5 f6e7 c4c5 a6a5 b4a5 e5e4 f3e4 e8d7 f1c4 b8c6 a1a3 c6a5 h2h3 a5c4 d5d6 e7f6 d6c7 h7h6 a3f3 f6e7 d2d3 f8g7 d3c4 d7c7 c1d2 c8d7 g1e2 e7c5 h1f1 g8e7 h3h4 b7b6 g2g4 f7f5 f3a3 f5g4 h4g5 a8a5 d2a5 g7e5 a5c3 h6g5 c3e5 c7d8 e5h8 e7g6 h8f6 d8e8 b1c3 c5a3 e4e5 d7e6 d1b1 a3c5
208,B,checkmate,42,1.706588,1040,2026-09-11 06:31:46,g1f3 e7e5 c2c3 d8e7 h2h3 g7g5 c3c4 d7d5 h3h4 e8d7 g2g4 b7b6 d2d3 a7a5 c4d5 g5h4 h1h4 f7f6 a2a3 e7d6 f3g1 d6d5 f2f4 a5a4 f1h3 g8e7 g4g5 d7d8 g5f6 d5c6 f6e7 f8e7 h4h5 c8b7 h5e5 b8d7 h3e6 d7e5 e2e3 c6g2 b2b4 e7h4
209,W,checkmate,47,1.704047,1045,2026-09-11 06:33:20,e2e4 e7e6 a2a4 e8e7 g2g4 f7f6 b1c3 h7h5 g1e2 h5g4 a1a3 a7a6 f1g2 g4g3 a3b3 a8a7 d2d4 d7d5 e4d5 h8h4 g2f1 e6d5 d1d2 a6a5 d2d1 g3h2 e2f4 b7b6 c3d5 e7d7 f1d3 c8b7 f4g6 a7a8 g6h4 b7d5 e1d2 d5h1 d1h1 f8e7 h1h2 b8a6 h2g2 f6f5 d3b5 c7c6 g2c6
210,B,material_adjudication_moderate,95,1.706345,1050,2026-09-11 06:33:33,c2c3 h7h6 b2b4 e7e5 b1a3 d8g5 d1c2 g7g6 d2d4 g5e7 g1f3 g6g5 c1d2 d7d5 e2e4 e5d4 a3b1 c8g4 d2g5 h6g5 c3d4 c7c6 f3g5 e7g5 f2f3 g5e7 b1d2 d5e4 c2e4 f8g7 e4e7 e8e7 f3g4 a7a5 d2f3 a5b4 a2a3 g7f6 a3b4 a8a1 e1e2 a1a2 f3d2 c6c5 g4g5 f6e5 d4e5 e7e6 b4c5 g8e7 e2e3 e7d5 e3e4 h8d8 f1c4 f7f6 e5f6 a2c2 h1d1 e6d7 c4d5 d7c7 d5b7 c7b7 h2h3 b7c7 g2g4 c2a2 d2f3 d8d1 f6f7 d1d8 f7f8q d8f8 f3d4 b8d7 d4e6 c7b8 e6f8 d7f8 g5g6 f8g6 g4g5 g6e7 e4d4 b8c7 g5g6 e7g6 d4d3 g6h4 d3d4 c7b7 d4e3 a2h2 e3d4
211,W,material_adjudication,70,1.684504,1055,2026-09-11 06:34:02,d2d3 b7b6 f2f4 d7d6 a2a3 a7a6 c2c4 c7c6 f4f5 c8f5 e2e3 f5d3 b2b3 d6d5 f1d3 d5c4 d3e2 d8d1 e1d1 a8a7 e2f3 b6b5 g2g4 h7h5 g1e2 h5g4 f3g4 c4b3 b1d2 b8d7 a3a4 d7b8 a4b5 c6c5 b5a6 a7a6 a1a6 h8h4 g4f3 b8a6 c1b2 a6c7 e3e4 e7e5 h1f1 h4h2 b2e5 h2e2 d1e2 f7f6 e5c7 g7g5 c7a5 b3b2 f1h1 b2b1q d2b1 g5g4 f3g4 f6f5 g4f5 g8e7 a5d2 e7f5 e4f5 e8e7 d2f4 f8g7 h1h2 g7f6
212,W,material_adjudication_moderate,76,1.785575,1060,2026-09-11 06:35:32,g1f3 e7e6 c2c3 f7f6 e2e4 d7d5 d1c2 c7c6 f1d3 b7b5 e4e5 a7a6 e5f6 g7f6 a2a4 f6f5 c2d1 b5a4 d1a4 b8d7 e1d1 f8a3 b1a3 g8f6 d3c4 c8b7 c4e2 e8e7 a3c2 a8b8 e2f1 e6e5 d2d4 e5e4 f3e5 d7e5 d4e5 d8d7 e5f6 e7d8 c1g5 c6c5 a4a5 d7c7 f2f4 c7a5 a1a5 h8e8 f1e2 b8c8 g5h6 d8d7 g2g4 e8d8 a5a4 b7c6 a4a5 f5g4 a5a6 e4e3 a6a1 c6b7 e2b5 d7d6 f6f7 c5c4 b5a4 d6c7 b2b4 g4g3 a4e8 g3g2 h1g1 d8e8 g1g2 d5d4
213,W,material_adjudication,66,1.659028,1065,2026-09-11 06:36:13,b2b4 a7a5 d2d4 a5b4 f2f4 d7d6 e1d2 a8a7 a2a3 c7c6 h2h3 c8h3 a3b4 f7f5 a1a7 e8d7 b1a3 h3g4 d1e1 g4h5 e2e3 g8f6 d2c3 f6e4 c3b2 e4f6 a7b7 d7e8 b2c3 b8d7 b4b5 c6b5 b7b5 e7e6 d4d5 e6d5 f1d3 d8a8 e1d2 f6e4 d3e4 f5e4 h1h5 g7g6 h5h1 a8a3 c1a3 e8e7 d2d1 d7c5 a3c5 e7e6 c5b6 f8g7 c3d2 g7f6 d1b1 f6c3 d2c3 e6f6 g2g4 h8g8 b6a7 g8a8 c3b4 h7h5
214,B,material_adjudication_moderate,76,1.751885,1070,2026-09-11 06:40:22,d2d3 a7a5 a2a4 h7h6 c2c3 c7c6 a1a2 a8a6 g2g4 c6c5 e2e3 e7e5 d3d4 f7f6 f1h3 a6a7 d4e5 b7b5 a4b5 b8c6 f2f4 c6b8 d1c2 g7g6 c2e2 c8b7 e1f2 d8e7 c1d2 b7h1 c3c4 g6g5 f4f5 e7g7 f2e1 f6e5 a2a5 a7a5 d2a5 e8f7 b1d2 g8f6 b2b3 f8d6 g1f3 h1f3 e2f3 e5e4 f3e2 h8e8 h3f1 f7f8 f1g2 g7e7 g2f1 f8f7 e1d1 e7e5 d1e1 f7g7 f1g2 g7f7 e1d1 f6g4 g2e4 g4h2 e4f3 h2f3 d2f3 e5e7 f5f6 e7f6 b5b6 f6e7 b6b7 g5g4
215,B,material_adjudication,66,1.679658,1075,2026-09-11 06:42:19,a2a4 e7e6 a4a5 g8f6 d2d3 e8e7 c2c3 d7d5 f2f3 d5d4 a5a6 g7g5 c3c4 c7c6 a6b7 c8b7 c4c5 f6d5 b1a3 f8h6 c1d2 b8d7 b2b4 d8g8 h2h3 e7e8 g2g4 d5b4 d2b4 a7a5 b4d2 h6g7 a3c2 f7f5 g4f5 e6f5 h3h4 g5h4 h1h4 g7f6 d2a5 f6h4 e1d2 g8g1 d1e1 g1h2 e1h4 h2h4 a1b1 h4f6 c2b4 d7c5 e2e3 h8f8 f3f4 e8f7 e3d4 c5b3 d2e1 f8c8 f1e2 f7e8 e2f3 e8f8 b1a1 f6e7
216,W,material_adjudication,66,1.722809,1080,2026-09-11 06:43:05,a2a3 c7c5 a3a4 g7g6 b1c3 d7d5 g1f3 b7b6 e2e3 g6g5 e1e2 a7a6 f3e5 c8b7 b2b3 h7h6 g2g4 b7c6 f2f3 a8a7 e2d3 h6h5 d1e2 c6d7 c3b5 f7f6 e5d7 e8d7 b5a7 d5d4 e3e4 e7e5 g4h5 g8e7 f1g2 d8e8 h2h4 g5h4 h1h4 e7f5 g2h3 d7c7 h3f5 f8d6 a1a3 e8f7 e2f1 d6f8 c1b2 f7g7 f3f4 f8e7 d3c4 h8d8 f1e2 g7h6 f4e5 h6h5 h4h5 b8c6 f5g6 b6b5 a4b5 f6f5 e4f5 a6a5
217,B,material_adjudication_moderate,106,1.713982,1085,2026-09-11 06:43:34,e2e3 e7e6 f2f3 a7a6 b2b3 e8e7 c1b2 c7c5 g2g4 h7h6 d2d4 f7f6 d4c5 a6a5 d1d6 e7e8 d6d2 f6f5 a2a4 f8c5 d2d1 g7g5 f1e2 e8e7 d1d2 h6h5 b1c3 d8f8 e1d1 f8g7 h2h4 c5e3 c3d5 e7f8 d5e3 g7b2 a1b1 b2a3 f3f4 g5f4 b1a1 f4e3 a1a3 e3d2 a3a2 b7b6 h1h3 h5g4 h3g3 c8b7 d1d2 f5f4 g3g4 h8h4 g4h4 e6e5 c2c3 b8c6 h4f4 e5f4 e2f3 f8f7 a2a1 f7f6 g1e2 g8e7 e2f4 d7d6 a1c1 f6g5 f4g2 a8c8 d2e2 e7f5 f3c6 b7c6 e2d2 f5g3 c3c4 c6g2 c4c5 b6c5 c1g1 g2f1 g1f1 g3f1 d2d1 g5h5 d1e2 h5h4 e2f1 h4g3 f1e2 c8a8 e2f1 g3h2 f1e2 h2g2 e2e1 g2h1 e1d2 a8c8 d2d1 c8a8 d1e2 a8a6
218,W,material_adjudication_moderate,86,1.705903,1090,2026-09-11 06:43:35,g1f3 g8f6 h2h4 f6e4 g2g4 a7a5 d2d3 b7b5 d3e4 f7f5 a2a3 c8b7 h1g1 f5e4 g1h1 e4f3 a1a2 a5a4 c1d2 d7d5 e2f3 b5b4 a3b4 e8d7 b4b5 a4a3 f3f4 g7g6 h1g1 a3b2 a2b2 d5d4 f1c4 b7e4 f4f5 g6f5 f2f3 f5g4 b1a3 e4f3 d1b1 a8a3 g1f1 c7c5 b2a2 a3a2 c4a2 h7h6 b1b3 h8g8 b3g8 d7c8 g8f7 f3g2 f1g1 g2f3 c2c4 d4c3 d2c3 h6h5 c3d2 f3b7 a2b3 c5c4 b3c4 d8c7 c4e2 c7h2 g1f1 b7d5 f7f8 c8b7 f8g7 d5e6 f1f2 h2h4 d2e3 b7c8 g7g6 c8d7 g6c2 e6f5 c2c1 f5e6 c1b2 h4f6
219,W,material_adjudication,66,1.667775,1095,2026-09-11 06:45:26,g1f3 h7h5 b1a3 c7c5 c2c3 h8h6 a3c4 d7d5 a1b1 f7f5 d2d3 g7g5 c4e5 b8d7 e2e3 d5d4 e3d4 a8b8 c1g5 h6g6 b1c1 b8a8 d1c2 d7b6 f1e2 d8d5 e1d1 c8e6 h2h3 d5e4 d4c5 a8d8 c5b6 a7b6 d1d2 b6b5 d2e1 f5f4 d3e4 e6c8 h3h4 c8d7 e1f1 f8g7 g5f4 g7h6 f3g5 h6g5 h4g5 d8b8 b2b3 b5b4 e5d3 b4c3 c1a1 g6g5 e4e5 g8f6 e5f6 h5h4 f4d6 e7f6 e2f3 e8d8 g2g3 b7b6
220,B,checkmate,14,1.754900,1100,2026-09-11 06:46:51,d2d3 c7c5 a2a4 a7a5 c2c3 d8c7 c1g5 h7h6 d1c1 h6g5 d3d4 c5d4 c3d4 c7c1
221,B,material_adjudication,66,1.707380,1105,2026-09-11 06:47:08,d2d3 h7h6 b2b3 h8h7 c1h6 g7h6 c2c4 b8c6 h2h3 a7a6 a2a3 c6a7 a1a2 b7b5 a3a4 c7c5 e2e3 b5c4 d3c4 d8b6 d1c2 b6b4 b1d2 e8d8 e1e2 d7d5 c4d5 c8f5 d5d6 f5c2 d6e7 d8e7 a2c2 c5c4 c2c4 b4b6 c4c1 b6e6 d2b1 e7f6 b1c3 a7c6 e2d2 g8e7 c3d5 f6e5 c1c5 e6d5 f1d3 d5c5 h3h4 a8c8 g2g4 e7g6 h4h5 c5b6 h5g6 h7g7 g4g5 c6e7 g5h6 g7g6 a4a5 b6b4 d2d1 g6h6
222,W,material_adjudication,66,1.663223,1110,2026-09-11 06:48:50,d2d3 h7h6 g1f3 a7a5 b2b3 c7c5 e2e4 g8f6 d3d4 a5a4 e1e2 f6e4 d1d3 e4g5 f3g1 h8h7 d4d5 b7b6 d3g3 d7d6 h2h3 a4b3 c2b3 a8a5 c1e3 e7e6 b1c3 f7f5 a2a4 f5f4 g3f4 e6e5 f4g3 b8a6 h3h4 c8d7 a1d1 f8e7 h4g5 a6b4 c3b5 a5b5 a4b5 e7g5 h1h2 d8b8 e2f3 e8e7 f1e2 b4a2 e3d2 a2c3 d2c3 e5e4 f3e4 b8f8 g3f3 d7b5 g2g3 f8f6 c3f6 g5f6 f3g2 b5e2 d1c1 g7g6
223,B,material_adjudication,66,1.713976,1115,2026-09-11 06:49:34,b1a3 c7c5 a1b1 f7f5 b2b4 g7g5 d2d4 h7h5 b4c5 a7a5 f2f4 a8a7 f4g5 d7d6 g2g3 e7e5 e2e4 d6c5 f1a6 a7a6 a3c4 d8e7 h2h3 c5d4 g1e2 f5f4 c4e5 b8c6 g3f4 e7e6 d1d3 g8e7 b1b3 f8g7 e5c6 e7c6 e1g1 e6d7 g5g6 a5a4 b3b2 e8g8 c2c3 d4c3 b2c2 d7d3 c2c3 g7c3 e2c3 c8e6 c1b2 b7b6 f4f5 e6f5 e4f5 f8d8 h3h4 b6b5 f1f2 a6a8 f2f3 d3f3 c3b5 c6b4 b2a3 f3b3
224,D,rule_draw,148,1.696137,1120,2026-09-11 06:52:00,b1c3 d7d6 g1h3 b8a6 g2g4 c8g4 c3b1 h7h5 c2c4 g4d7 f2f3 a8b8 b2b3 e7e5 f1g2 f7f5 e1g1 h5h4 c1b2 e5e4 f3f4 c7c6 d1e1 b7b5 c4b5 b8b5 h3g5 e4e3 h2h3 g8h6 g2c6 a6b4 c6b5 b4c2 b5d7 d8d7 b1c3 c2e1 f1e1 f8e7 d2e3 d6d5 c3d5 d7d5 b2g7 h8g8 g7h6 g8h8 h6g7 h8g8 g7h6 e8d7 a2a3 e7a3 a1a3 a7a5 a3a2 d5b3 a2a5 b3b6 a5e5 b6h6 e1f1 h6g5 f4g5 g8g5 g1f2 g5h5 f2g2 d7d6 f1f5 h5f5 e5f5 d6e7 f5f7 e7f7 g2f3 f7e6 e3e4 e6e5 f3e3 e5e6 e3f2 e6e5 f2f1 e5e4 f1f2 e4d5 f2f1 d5e4 f1e1 e4d5 e1f1 d5d4 f1e1 d4c5 e1f1 c5d4 f1e1 d4c5 e2e3 c5d5 e1f1 d5e4 f1e2 e4e5 e2f3 e5d5 f3g4 d5e4 g4h4 e4e3 h4g3 e3d4 h3h4 d4c4 h4h5 c4d5 g3h4 d5e5 h5h6 e5f6 h4h5 f6f7 h5g5 f7g8 g5h5 g8h7 h5g5 h7h8 g5h5 h8h7 h5g5 h7h8 g5h5 h8h7 h5g5 h7g8 g5g6 g8h8 g6f6 h8h7 f6g5 h7g8 g5f6 g8h7 f6e7 h7h6
225,B,checkmate,92,1.762333,1125,2026-09-11 06:52:29,e2e4 f7f6 d1h5 g7g6 h5b5 c7c5 g2g3 b8c6 b2b4 g8h6 b4c5 a7a5 b5c4 h6f7 g3g4 f7e5 c4a6 a8a6 d2d4 e8f7 f2f3 d8e8 c1b2 b7b6 h2h4 c6b8 d4e5 f6e5 f3f4 b8c6 b2e5 c6e5 a2a4 e5g4 c5b6 g4e3 f4f5 g6f5 e4f5 f8h6 a1a2 d7d5 b6b7 c8b7 f1e2 f7g8 g1f3 b7c6 b1a3 c6a8 h1h3 g8g7 e2a6 e3g2 e1f1 e8d7 f3e5 d7e8 f1g2 d5d4 g2f1 e8d8 e5f3 a8f3 a3b1 f3g2 f1g2 g7f8 a6d3 f8g7 b1c3 d4c3 g2f1 d8c8 d3a6 c8a6 f1g1 h8a8 g1h1 g7f8 f5f6 e7f6 h4h5 f6f5 h3h4 f5f4 h4f4 f8e8 a2b2 h6f4 b2a2 a6f1
226,W,material_adjudication_moderate,86,1.698006,1130,2026-09-11 06:53:57,e2e3 a7a6 b2b3 e7e5 e3e4 a6a5 f2f3 f8d6 d2d3 a8a6 g1e2 b8c6 b1d2 h7h6 a2a3 g8f6 a1a2 b7b6 c2c3 c8b7 d3d4 c6d4 c3d4 e5d4 e2d4 d6a3 f1d3 a3c1 d3a6 c1d2 d1d2 b7a6 h1g1 c7c5 d4e2 d7d5 e4e5 c5c4 e5f6 g7f6 d2d4 d8d7 d4f6 e8g8 e2g3 d7e6 f6e6 f7e6 b3c4 a6c4 a2d2 c4b3 g1h1 a5a4 f3f4 f8f4 d2d3 d5d4 e1d2 b3c4 d3a3 h6h5 a3a4 h5h4 a4c4 h4g3 c4c8 f4f8 c8c7 g3h2 h1h2 e6e5 h2h5 f8f7 c7c1 g8f8 h5h3 d4d3 h3h6 f8g7 h6h5 f7f6 h5e5 g7g6 e5e3 b6b5
227,B,material_adjudication,75,1.664922,1135,2026-09-11 06:54:13,g1f3 h7h5 b1a3 c7c5 h2h4 f7f6 f3g1 g7g5 h4g5 f6g5 d2d4 b8a6 b2b4 a6b4 e2e4 a8b8 e1d2 d7d5 d4c5 a7a6 e4d5 g8h6 a1b1 b4d5 h1h5 c8f5 g1e2 h6g4 h5h8 g4f2 d1e1 f2g4 c5c6 b7c6 c2c4 b8b1 a3b1 e7e6 c4d5 c6d5 h8h5 d8b8 h5g5 f8h6 a2a4 h6g5 d2c3 g5c1 e1c1 f5b1 a4a5 e8d7 e2f4 g4h6 f1a6 b1e4 c3d4 e6e5 d4e3 e5f4 e3d2 b8d6 a6b7 d7d8 b7c6 h6f5 d2e2 f5e3 c1e3 f4e3 c6b7 d6b8 b7d5 e4d5 a5a6
228,W,checkmate,87,1.712415,1140,2026-09-11 06:56:21,h2h4 h7h5 e2e4 f7f5 g1e2 g7g5 d2d3 d7d6 a2a4 c8d7 b1a3 c7c5 e4f5 a7a6 e2g1 e7e6 c1g5 b7b5 d3d4 c5d4 b2b3 g8e7 f5f6 b5b4 f6e7 f8e7 d1e2 d4d3 c2d3 b8c6 g5e7 e8e7 a3c4 h8f8 e2e3 d8b8 a1d1 d6d5 e3c1 d5c4 d3c4 e6e5 h1h2 b8b7 h2h1 d7e6 c4c5 a6a5 f1e2 f8f6 c1e3 c6d4 c5c6 b7c6 g1f3 d4e2 e1e2 c6b7 f3e5 a8c8 e5c4 c8a8 h1h3 f6f8 g2g4 h5g4 h3g3 f8f5 g3g4 f5f8 g4g6 f8d8 h4h5 d8d1 e2d1 e7f7 e3g5 e6c4 b3c4 a8c8 g5c1 c8c5 g6h6 f7g7 h6g6 g7h7 c1h6
229,W,material_adjudication,70,1.682885,1145,2026-09-11 06:57:19,e2e3 a7a5 b1c3 d7d6 c3d5 e7e6 g2g4 e8d7 d5e7 d7e8 g1e2 a5a4 e3e4 f8e7 f1g2 e8d7 h1g1 e7h4 b2b3 b8a6 c2c4 a6c5 c1b2 h4e7 b2g7 f7f6 g7h8 a4b3 d1c1 b7b6 h2h4 b3b2 c1b2 a8b8 e1d1 h7h5 b2c3 c5a4 a1c1 a4c3 d1c2 b6b5 e2c3 b5c4 e4e5 d6d5 g4h5 d7e8 f2f4 d8d7 g2f3 f6e5 h8e5 e8d8 c1b1 e7h4 b1b8 h4f2 g1g5 d5d4 c3e2 d7d5 f3d5 e6d5 g5g8 d8d7 e2d4 c8b7 d4f5 b7c6
230,W,material_adjudication,66,1.673674,1150,2026-09-11 06:59:00,a2a3 g8f6 e2e3 a7a6 g1f3 h8g8 e1e2 e7e6 f3e5 h7h6 h2h3 f8b4 a3b4 g7g5 c2c3 e8f8 g2g4 a8a7 e5f7 f8f7 f2f4 c7c5 a1a5 d8a5 b4a5 d7d5 f1g2 c5c4 h1h2 g5f4 g2f3 f4e3 d2e3 c8d7 g4g5 f7g6 g5f6 g6f6 d1d2 e6e5 e2d1 e5e4 f3e2 h6h5 h3h4 f6e7 h2f2 d7b5 d2d5 g8e8 c1d2 e8g8 d5e4 e7d7 f2g2 g8g2 e4g2 b5c6 e3e4 a7a8 e2h5 c6e4 g2e4 a8a7 e4g6 d7e7
231,W,material_adjudication_moderate,123,1.710100,1155,2026-09-11 07:00:59,a2a4 g7g6 e2e3 e7e5 f2f3 b7b6 c2c4 d8h4 g2g3 h4e7 a4a5 e7f6 g1e2 a7a6 b1c3 f6e7 a5b6 a6a5 b6b7 c8b7 a1a3 e7c5 b2b3 b8c6 b3b4 b7c8 b4c5 c8b7 e3e4 c6b8 e1f2 f7f6 c3b5 b8c6 g3g4 h7h5 d2d4 h8h7 f2g1 d7d5 e4d5 e5d4 g4g5 f6g5 d1d3 c6b4 e2f4 b4d3 f4d3 h7d7 h2h4 f8c5 d3c5 d7d5 b5c7 e8d8 c7d5 b7d5 c1b2 d5c4 f1c4 a8c8 b2a1 g5h4 a1d4 d8e8 a3b3 g6g5 d4e5 c8c5 e5g7 c5c4 f3f4 g5g4 h1h4 e8f7 h4h5 f7g7 h5g5 g7f8 b3b1 g8f6 b1b3 c4f4 b3b7 f6e4 g5g7 e4g3 b7f7 f8e8 f7f4 a5a4 f4g4 a4a3 g7g8 e8e7 g4g3 a3a2 g1h2 a2a1q g8b8 a1d4 b8b3 e7d7 g3d3 d4d6 d3d6 d7d6 b3f3 d6c6 f3f6 c6c5 f6g6 c5c4 g6h6 c4b3 h2g1 b3a2 g1h2 a2b3 h2g1 b3a2 g1h2
232,W,material_adjudication,82,1.724786,1160,2026-09-11 07:02:14,e2e4 b8a6 d2d3 e7e5 e1e2 f8c5 g2g3 f7f5 c2c3 g7g5 d3d4 e5d4 c3d4 g8f6 d4c5 f6e4 a2a4 d8e7 d1d4 e4c5 e2f3 a6b4 c1g5 e7d6 d4d6 c7d6 f1h3 c5b3 g3g4 e8f8 g4f5 b3a1 h3g4 b4d5 g1h3 b7b6 h1g1 c8b7 g5h6 f8e8 h6g7 d5e7 f3g3 h8g8 g7f6 e7d5 g1e1 e8f7 f6g5 h7h6 g5h6 a7a5 e1d1 g8h8 h6g5 f7g7 b1c3 d5c3 b2c3 d6d5 d1a1 g7f8 a1d1 a8c8 g5f4 h8h6 f4h6 f8e8 h6g5 c8c6 g5e3 d5d4 c3d4 c6c3 g4f3 b7f3 g3f3 e8f8 h3f4 c3c4 d4d5 f8e8
233,B,material_adjudication,81,1.698687,1165,2026-09-11 07:03:13,e2e3 a7a5 f2f3 h7h5 d2d4 a5a4 b2b4 a8a7 b4b5 g7g6 c1b2 h8h7 g2g4 c7c6 b1d2 a4a3 b2a3 a7a3 d2c4 e7e5 d1d3 a3d3 f1d3 f8d6 c4d6 e8f8 d6c8 g6g5 e1c1 c6b5 g4h5 d8c8 d3h7 g8e7 d4e5 c8c5 h2h4 f8g7 a2a4 g7h7 f3f4 g5f4 e3f4 b5a4 h1h3 e7g8 c1b1 b8c6 g1f3 f7f6 h5h6 f6e5 f3e5 c6e5 f4e5 g8h6 d1c1 h6g4 e5e6 d7e6 c2c3 h7g6 c1f1 e6e5 h3d3 c5c4 d3d4 c4c5 f1g1 e5d4 g1g4 g6h5 c3d4 c5b6 b1c1 h5g4 h4h5 g4g3 h5h6 b6c6 c1d1
234,B,material_adjudication,141,1.728416,1170,2026-09-11 07:03:29,d2d3 b7b6 b1a3 g8h6 a1b1 c8b7 f2f4 c7c5 e2e4 d7d6 f4f5 b8d7 e4e5 d7e5 c1d2 e8d7 b2b4 h6g4 h2h3 c5b4 g1f3 g4e3 f1e2 e3d1 b1b2 b7a6 f3h4 d7c8 e1d1 c8d7 b2b4 e5f3 e2f3 e7e6 f3a8 d8h4 b4h4 e6f5 c2c4 f8e7 d1c1 e7h4 h1f1 h8a8 a3b5 d6d5 d3d4 h4f6 f1f5 h7h5 f5d5 d7c6 a2a4 a8d8 d5d8 f6d8 b5a7 c6d7 a7b5 g7g5 c1d1 g5g4 d2c1 g4h3 g2h3 d8f6 d1d2 a6b5 a4b5 f6d4 d2e2 f7f5 c1d2 d4c5 e2d3 h5h4 d2g5 d7d6 g5h4 c5b4 h4g3 d6d7 h3h4 b4c5 g3e5 d7e6 e5d4 c5d4 d3d4 f5f4 h4h5 f4f3 h5h6 f3f2 h6h7 f2f1q h7h8q f1f4 d4d3 e6d6 h8h3 d6c5 h3g2 f4c4 d3e3 c5b5 g2f3 c4c5 e3d3 b5b4 d3e4 b4a5 f3b3 c5g5 b3c4 g5f6 e4d5 f6f7 d5d4 f7c4 d4c4 a5a4 c4d5 b6b5 d5c6 b5b4 c6b7 b4b3 b7c6 a4a3 c6b7 b3b2 b7c6 a3a2 c6b7 b2b1q b7c6 b1b2 c6c7 b2a1 c7d7
235,W,material_adjudication,74,1.665772,1175,2026-09-11 07:03:30,g2g3 e7e6 e2e4 c7c5 a2a3 f7f6 d2d4 h7h6 g3g4 b7b5 f1b5 e6e5 e1d2 c8b7 h2h4 d8e7 b2b3 g7g5 d1f3 f6f5 d4e5 b7e4 f3e4 f5e4 a3a4 e4e3 d2e3 a7a6 b5c4 e7f7 c4f7 e8f7 e3d2 g5h4 c1b2 a8a7 h1h3 f8g7 h3h4 h6h5 g4h5 g7e5 b2e5 f7e8 f2f4 h8h6 e5c3 d7d6 b1a3 g8e7 c3b2 a7d7 h4h2 b8c6 g1f3 d7c7 b2f6 h6f6 f3h4 f6f4 a1b1 a6a5 a3b5 c7b7 b5d6 e8f8 d6b7 f4h4 h2h4 c6d4 h4h3 c5c4 b7c5 f8e8
236,W,material_adjudication_moderate,76,1.750408,1180,2026-09-11 07:05:30,h2h4 h7h5 a2a3 b8a6 f2f3 e7e5 g2g4 b7b5 d2d3 h5g4 b2b4 a8b8 a1a2 c7c6 f3g4 d8b6 c2c4 f8b4 b1c3 b4c3 c1d2 b5c4 g4g5 e5e4 d2c3 a6c7 c3d4 b6d4 d3c4 d4e3 a3a4 g7g6 h1h3 e3g1 d1c2 g1g4 h3g3 g4g3 e1d2 d7d5 c4d5 c6d5 c2c7 h8h4 c7g3 h4g4 g3b8 g8e7 f1h3 g4h4 b8b4 h4h3 a2b2 h3h7 b2a2 a7a6 b4a5 e7c6 a5c5 c6b4 c5b4 a6a5 b4a5 d5d4 a2b2 e8e7 b2b6 c8d7 a5a6 d4d3 b6b7 d3e2 d2e2 h7h8 a4a5 h8a8
237,B,material_adjudication,79,1.718732,1185,2026-09-11 07:07:51,f2f3 h7h5 a2a3 a7a5 h2h3 c7c5 c2c4 a8a7 a3a4 h5h4 e1f2 d8c7 g2g4 h4g3 f2e1 f7f6 h3h4 g7g6 d1b3 e7e5 b3a2 h8h7 d2d4 e5d4 h4h5 h7h5 h1h5 g8e7 h5d5 e7d5 c4d5 f6f5 c1f4 c7f4 e2e4 f5e4 g1e2 f4f6 f3e4 f8h6 b2b3 e8d8 a2b2 f6h4 b2d4 c5d4 b1d2 b7b6 f1g2 b8a6 g2f3 h6d2 e1d2 a7b7 a1h1 h4h1 f3h1 a6b4 e2d4 b6b5 h1f3 b5a4 d2c3 g6g5 b3a4 b4d5 e4d5 g5g4 f3g4 g3g2 d4e6 d8e7 e6c5 g2g1q g4f3 b7b8 f3g2 b8b6 c3d2
238,B,material_adjudication,66,1.706886,1190,2026-09-11 07:08:20,e2e4 b8c6 f1d3 g8h6 d1h5 a7a5 h2h4 g7g6 h5d1 f7f5 b1a3 f5e4 a1b1 a8a6 d3c4 a6a7 a3b5 c6d4 f2f4 d4c2 e1f2 c7c6 b5a3 c2d4 b2b3 d7d5 c4e2 e8d7 b1a1 d7c7 g2g3 d4e2 d1e2 f8g7 f4f5 g6f5 a3b5 c6b5 c1a3 c7b8 e2f3 e4f3 g1f3 h8f8 d2d3 h6g4 f2g2 c8d7 h1h2 f5f4 h2h3 g4f6 a1e1 d8c8 g2h2 c8c7 g3g4 c7c6 g4g5 f6e8 b3b4 d7g4 b4a5 c6c5 h4h5 g4f3
239,B,material_adjudication,66,1.707557,1195,2026-09-11 07:12:14,e2e4 b8a6 d2d4 h7h5 d1h5 h8h5 b2b3 h5h8 e1e2 a8b8 g1f3 d7d6 f3h4 e8d7 g2g4 g8f6 a2a3 f6h7 e4e5 g7g6 c2c3 h8g8 h4f5 b8a8 e5d6 d7e6 d6e7 f8e7 e2e3 g8g7 f5g7 e6d6 e3e2 d8d7 f1g2 e7f6 e2d2 f6g7 d2e2 a6b8 g4g5 f7f5 g5f6 g7f6 a3a4 c7c6 f2f4 d6c7 d4d5 c6d5 g2d5 f6g7 d5e6 d7e6 e2f3 g7h6 a1a2 e6d7 b3b4 d7e8 h2h4 e8e6 f4f5 e6f5 f3g3 c7d8
240,W,material_adjudication_moderate,86,1.681215,1200,2026-09-11 07:12:43,a2a4 g7g6 f2f4 e7e5 a4a5 b8c6 h2h4 c6e7 a5a6 b7b5 a1a2 c7c6 c2c4 c8a6 d2d3 h7h5 g2g4 e7f5 g4g5 d8c7 d1c2 b5c4 d3c4 a6c4 c2c4 e5f4 h1h2 a8c8 c1f4 d7d6 g1h3 f5h4 h2h1 f7f5 g5f6 d6d5 c4a6 f8c5 f4c7 c8c7 b2b4 c5d4 e2e3 h4f5 a2e2 d4f6 e3e4 f5d4 e2b2 d4c2 b2c2 c7e7 e4e5 f6e5 a6a5 e5f6 e1f2 a7a6 c2b2 g6g5 b1c3 g5g4 c3a4 g4h3 b2b1 e7e4 b4b5 c6b5 a5a6 b5a4 f1h3 e4d4 f2e2 e8d8 a6b7 d8e8 h1c1 g8e7 c1c5 h8h6 h3f1 d4c4 b7a7 e7c6 c5c6 f6d4
241,B,material_adjudication,67,1.722071,1205,2026-09-11 07:13:30,b1c3 c7c6 c3b1 f7f6 h2h3 h7h5 a2a3 d8b6 h3h4 e8f7 d2d4 f6f5 e1d2 g7g6 a1a2 f8g7 f2f3 g7d4 c2c4 d4e5 d2c2 b6c5 c1d2 g8f6 b2b3 h8h7 d1e1 h7h8 h1h3 c5d4 d2c3 d4g1 c3e5 d7d6 e2e4 d6e5 g2g4 h5g4 h3g3 g1d4 a2b2 f5e4 f3e4 e7e6 e1d1 f7f8 d1d4 e5d4 g3d3 f8g7 d3d4 h8h6 c4c5 f6h5 d4d8 h6h8 d8c8 h8c8 a3a4 c8d8 f1a6 b7a6 b1a3 b8d7 e4e5 a8c8 a3b1
242,W,material_adjudication_moderate,86,1.637611,1210,2026-09-11 07:14:46,e2e4 b8c6 d1h5 g8h6 f1d3 g7g6 h5e2 a7a5 b1a3 f7f5 f2f4 f5e4 d3e4 d7d5 e4d5 d8d5 e2f2 d5f5 d2d3 e7e5 f2f3 f8a3 b2a3 a8a6 f3d1 e5e4 a1b1 g6g5 b1b5 f5d5 b5d5 g5f4 e1e2 h6f5 d5f5 c8f5 c1f4 c6b4 a3b4 f5g4 g1f3 g4f3 g2f3 e4e3 f4e3 e8f8 a2a3 a6c6 e3c5 f8e8 h2h3 h7h6 b4b5 c6c5 d3d4 c5f5 f3f4 e8d8 e2f3 h8e8 h1g1 h6h5 g1g3 h5h4 g3g4 a5a4 c2c4 e8e6 g4g5 f5g5 f4g5 d8e8 d4d5 e6b6 d1c2 c7c5 d5c6 b7c6 c2d1 c6b5 c4b5 b6d6 d1e1 d6e6 e1f1 e8f7
243,W,material_adjudication,66,1.720842,1215,2026-09-11 07:15:01,h2h4 e7e5 h4h5 b7b6 d2d3 d7d6 b2b4 e8e7 f2f4 e5e4 b1d2 c8e6 c2c4 a7a5 h5h6 g8h6 c1b2 b6b5 c4b5 h6g4 d2b3 g7g5 f4g5 c7c6 h1h5 c6b5 e2e3 g4e3 d1c1 b8d7 b2h8 e3f1 d3e4 f1e3 h5h7 a5a4 c1e3 a4b3 a2b3 a8a1 h8a1 e6b3 e3b3 d7f6 h7h2 f6e4 a1b2 d8c7 e1d1 e4g3 b2c1 d6d5 h2h3 d5d4 h3g3 c7g3 b3g3 f7f5 g3f4 f8h6 f4f1 h6g5 c1d2 g5d2 d1d2 e7d8
244,W,material_adjudication_moderate,90,1.666414,1220,2026-09-11 07:16:01,e2e3 a7a5 b2b3 d7d5 a2a4 e7e5 g1f3 c8g4 a1a2 c7c5 c2c3 e5e4 d1c2 d5d4 e3d4 h7h6 d4c5 f8e7 f3h4 d8b6 d2d3 b6c5 c1d2 b7b6 d3e4 b8c6 d2e3 a8a7 e3c5 g7g5 b1d2 g5h4 c5b6 a7b7 b6c5 e7f8 h1g1 c6e5 c5a7 f7f5 a7b6 f5e4 d2e4 h4h3 g2g3 e5c6 c3c4 g4d7 c2d3 b7b6 f1h3 c6b4 h3d7 e8f7 d3d1 b4a2 d1e2 g8e7 d7h3 a2c3 e4c3 f8g7 f2f4 g7f6 c3d5 e7d5 c4d5 h8e8 g1g2 e8e2 e1e2 f7e7 h3e6 b6e6 d5e6 e7e6 e2f1 e6f5 g3g4 f5f4 h2h3 f6d4 f1e2 h6h5 g4h5 d4c3 e2d1 f4f5 b3b4 c3b4
