game,outcome,end_reason,n_moves,loss,steps,timestamp,moves
1,B,checkmate,6,1.022010,5,2026-09-04 00:52:39,h2h3 e7e5 f2f4 d8h4 g2g3 h4g3
2,B,checkmate,18,0.973830,10,2026-09-04 00:54:47,h2h3 h7h5 b2b4 b8a6 b1a3 b7b5 c2c4 d7d5 a3b1 h5h4 f2f3 a6b8 b1c3 d8d6 c3d5 b8a6 a1b1 d6g3
3,B,value_resign,24,1.020903,15,2026-09-04 00:55:57,d2d3 a7a6 e2e4 b7b6 b1a3 d7d6 c1f4 f7f6 g1e2 a6a5 a3b5 g7g5 b2b4 a5b4 h1g1 g5f4 g2g3 b8c6 d1b1 h7h5 g1h1 c8a6 g3f4 e8f7
4,W,value_resign,35,1.051817,20,2026-09-04 00:58:12,e2e4 f7f6 b2b3 a7a5 d1h5 g7g6 h5e2 c7c5 d2d4 a8a6 g2g4 a6a8 f1h3 a8a6 e2b5 g8h6 b5f1 a5a4 d4c5 a4b3 c2b3 d7d5 c5d6 f6f5 b1d2 b7b6 g4g5 c8b7 d6e7 f5e4 e7d8q e8d8 g5h6 b8c6 g1e2
5,B,value_resign,38,0.942924,25,2026-09-04 00:58:52,e2e4 b8c6 g2g4 g8h6 a2a4 b7b6 f1b5 g7g6 b5c6 d7c6 b2b3 f7f6 d1e2 a7a5 c1b2 e8d7 h2h3 c8b7 b1c3 f6f5 g4g5 h6f7 e1f1 f5e4 f2f4 e4f3 e2f3 f7g5 f3f2 f8h6 f2f7 g5f7 h3h4 e7e5 g1f3 g6g5 h4g5 h6g7
6,B,value_resign,52,1.000957,30,2026-09-04 01:02:01,e2e3 a7a5 f1b5 h7h5 g2g3 c7c5 d1e2 b8c6 f2f3 a8b8 b1a3 h5h4 g3h4 c6d4 e3d4 d8c7 b5d3 c5d4 h4h5 a5a4 b2b4 a4b3 a2b3 d7d5 a1b1 e7e5 d3b5 c8d7 a3c4 d5c4 h2h4 d7b5 b3c4 b5c4 b1b6 c7b6 e2c4 b6d8 h1h3 b8a8 c1a3 g7g6 h5g6 f7g6 a3b2 f8g7 b2d4 e5d4 e1e2 e8d7 f3f4 a8a6
7,W,value_resign,55,0.852190,35,2026-09-04 01:02:44,e2e3 a7a5 e1e2 h7h5 e3e4 f7f5 d2d3 d7d6 c1g5 b8c6 c2c3 b7b6 b2b4 e8f7 g5d2 g7g5 b4b5 f8h6 g1h3 c6e5 h1g1 d8f8 d3d4 g8f6 d4e5 d6e5 d2g5 c7c5 b5c6 h6g5 h3g5 f7g8 f2f4 f5e4 b1d2 a8b8 d2e4 c8g4 g5f3 f6e4 d1c2 e4c3 c2c3 f8g7 f4e5 b8f8 a2a3 g7g6 g1h1 g6c6 c3c6 f8f3 g2f3 g4f3 e2f3
8,B,value_resign,56,0.922947,40,2026-09-04 01:02:59,h2h4 b7b6 c2c3 e7e6 b1a3 f7f6 c3c4 d7d5 h4h5 g8e7 f2f4 a7a5 a3b5 e8d7 a1b1 c7c6 c4d5 e6d5 g1f3 c6b5 a2a4 g7g6 g2g4 b8c6 f3g5 d7e8 a4b5 c8b7 g5e4 a5a4 b5c6 e7c6 h1g1 g6h5 d2d4 c6a5 e4c5 b6c5 g4h5 c5d4 e1f2 f8d6 b2b4 a4b3 f4f5 d8c7 b1b3 e8d7 d1d4 a5b3 f1g2 b3c1 g1h1 b7c8 g2f3 h7h6
9,B,material_adjudication,66,0.985134,45,2026-09-04 01:05:21,c2c4 a7a5 h2h4 b7b5 a2a4 f7f5 c4c5 h7h6 f2f4 c8b7 h1h2 a8a6 g1h3 a6a8 h2h1 b8a6 b2b4 a8c8 g2g3 h6h5 b1c3 a5b4 d2d4 b4c3 f1g2 c8a8 e1f1 d7d6 h1g1 d6c5 d4c5 a6c5 a4b5 a8a1 g2b7 g8f6 c1a3 e8f7 d1a1 c5b7 a1c3 e7e5 c3c4 f7e8 f4e5 f8a3 e5f6 g7f6 f1g2 e8f8 c4c3 a3c5 c3c5 b7c5 g1h1 d8d7 h1g1 f8e7 b5b6 c7c6 h3g5 c5b3 e2e3 c6c5 g1h1 c5c4
10,B,value_resign,52,1.059702,50,2026-09-04 01:06:20,h2h4 b7b6 b2b3 c7c6 c1b2 c6c5 e2e4 h7h5 f1e2 h8h6 g1f3 f7f5 h1h2 b8c6 e4e5 a7a5 e5e6 c8b7 b2e5 c6d4 e2c4 d8c8 b1a3 a5a4 a1c1 g7g5 d2d3 d7d6 c4b5 d4b5 h4g5 b5a3 g5h6 d6e5 h2h5 g8h6 h5h6 f8h6 c2c3 b7a6 d1c2 f5f4 b3a4 a8b8 c1d1 b8a8 e1d2 a3c2 d2c1 a8b8 c3c4 b8b7
11,B,material_adjudication,71,0.992807,55,2026-09-04 01:06:34,h2h4 b7b6 d2d4 d7d6 c1e3 a7a5 a2a3 a5a4 b1c3 a8a6 c3a4 d6d5 g1h3 f7f6 g2g3 c8e6 e1d2 b6b5 b2b3 h7h5 c2c3 b5a4 a1c1 a4b3 h3g5 f6g5 f1g2 a6a3 f2f3 c7c5 d1b3 a3a5 d4c5 d5d4 b3e6 g5h4 c3d4 a5a6 g2h3 a6e6 h3e6 g7g5 g3h4 f8g7 h4g5 e8f8 c1f1 b8c6 d2e1 c6d4 f3f4 d4b5 e1f2 g7b2 f1e1 b2a3 e6f5 f8g7 e1g1 e7e6 f5e6 d8e7 e3d4 b5d4 e6f5 d4f5 g5g6 e7f8 g1c1 f5e3 c1c4
12,B,value_resign,56,1.013262,60,2026-09-04 01:08:42,h2h4 b7b6 d2d4 d7d6 c1e3 f7f6 d1d2 a7a5 b2b3 g7g5 d4d5 e7e6 c2c4 a5a4 d5e6 c7c5 h1h3 b8d7 g2g3 g5g4 h3h2 a8a6 e6d7 e8e7 g1h3 g4h3 d2d1 c8d7 f1h3 h7h5 h3d7 d8d7 d1d2 d6d5 c4d5 e7d8 e1f1 d7f7 b1c3 a4b3 a2b3 a6a1 f1g2 f7e7 d5d6 e7e5 c3d5 g8h6 d2b2 e5b2 e3c1 b2b3 c1b2 f8g7 b2a1 h6f5
13,B,material_adjudication_moderate,81,0.932424,65,2026-09-04 01:08:56,e2e3 g7g5 a2a3 c7c6 h2h3 h7h5 a3a4 f7f6 b2b4 a7a5 e3e4 c6c5 b4c5 f6f5 e4f5 a8a7 c1b2 g5g4 b1a3 a7a6 f1a6 f8g7 a3b1 g7b2 a1a3 b2a3 a6f1 e7e6 f5e6 d8h4 h3g4 h4h1 g4h5 h1h5 d1h5 h8h5 b1a3 d7e6 e1e2 h5e5 e2d1 c8d7 a3b5 g8f6 d2d3 e5d5 b5c7 e8d8 c7d5 e6d5 c5c6 b8c6 g2g4 f6g4 f1e2 g4h6 d3d4 c6d4 e2d3 d4c6 g1f3 c6b4 d3b5 h6f7 b5d7 d8d7 c2c3 b4a2 d1c2 b7b6 f3d4 f7d6 f2f4 d6c4 f4f5 d7e7 d4e6 e7d7 f5f6 d7e6 c2d1
14,W,material_adjudication,84,0.955803,70,2026-09-04 01:09:38,d2d3 c7c6 b2b3 b7b6 b1a3 d7d6 a3c4 f7f6 f2f3 c6c5 c4e3 c8e6 e1d2 b8d7 a2a4 a8c8 h2h4 e6b3 c2b3 c8c6 e3g4 d8c8 a1b1 d7e5 c1b2 d6d5 d2e3 a7a5 b1c1 h7h5 g1h3 h5g4 f3g4 e5g4 e3d2 e8d8 h4h5 g8h6 h3f4 c8f5 h1h3 f5f4 e2e3 f4g5 f1e2 h8g8 h3f3 g5h5 b2c3 d5d4 g2g3 g4e3 f3e3 d4e3 d2e3 g7g6 e2h5 g6h5 d1h5 e7e5 c3e5 f6e5 g3g4 g8h8 h5e5 c6g6 e5h8 h6g4 e3f3 g4h6 h8f8 d8d7 f3e2 g6f6 f8b8 f6f8 b8b6 f8b8 b6a5 b8a8 a5a8 h6f5 a8a7 d7e6
15,W,checkmate,33,0.949571,75,2026-09-04 01:09:53,f2f4 a7a5 c2c4 b7b5 c4c5 b8a6 e2e4 a6c5 f1c4 h7h5 d1c2 c5a4 e4e5 c8b7 c4d5 b7d5 c2d3 d5g2 b1a3 g2h1 g1f3 c7c5 f4f5 a8a6 a3c2 d8c8 d3e4 c8b7 e4b7 h1g2 b7a6 g2f3 a6c8
16,B,material_adjudication,87,1.022392,80,2026-09-04 01:10:21,b1a3 a7a5 f2f3 b7b5 c2c4 f7f6 b2b4 g8h6 e2e3 c7c6 a1b1 d7d5 c4d5 c6c5 h2h3 h8g8 a3b5 a5b4 a2a4 e8d7 g2g3 c8b7 d5d6 c5c4 e1e2 b4b3 d6e7 f8e7 e2f2 g8h8 d1e2 h6f5 e3e4 a8a6 d2d4 c4d3 e2b2 h7h6 b5c3 f5d6 h1h2 d8c8 c3e2 d3e2 g1e2 c8c4 e2f4 c4c5 f2e1 g7g6 f1a6 b8a6 e1d1 a6b4 c1d2 d7c6 d2b4 c5b4 b2e2 b4d4 f4d3 d4a4 e4e5 f6e5 h2h1 b7a6 d3c5 c6c5 b1a1 a4a1 d1d2 h8f8 h1a1 a6e2 d2e2 f8g8 a1b1 g8f8 b1b2 c5c4 b2b3 c4b3 h3h4 b3b2 e2e1 b2b1 e1e2
17,W,material_adjudication_moderate,88,1.002558,85,2026-09-04 01:10:34,e2e3 g7g6 h2h3 e7e6 f2f3 g6g5 g2g3 e8e7 a2a3 g8f6 f1b5 c7c6 d2d4 e6e5 b5f1 e5d4 e3d4 b7b6 c2c3 d8c7 c1g5 e7d8 g5f6 d8e8 f1g2 c7d8 g1e2 h8g8 e2g1 f8d6 e1e2 d8f6 e2f1 f6h6 d1e2 e8f8 a3a4 h6c1 e2e1 c1b2 b1d2 b2a1 e1a1 c8b7 g3g4 b8a6 g1e2 h7h5 g4h5 f8e7 h5h6 f7f5 a1b1 a6c7 f3f4 c7e6 a4a5 g8g6 g2c6 d6f4 e2f4 g6h6 c6b7 a8b8 f4g6 e7f7 d2e4 b8b7 a5a6 f5e4 f1g2 f7g6 a6b7 e6c5 g2f2 c5b7 h1h2 h6h5 f2g1 d7d6 d4d5 g6f7 h3h4 e4e3 c3c4 e3e2 h2e2 h5h4
18,W,material_adjudication,82,0.985502,90,2026-09-04 01:10:35,e2e3 g7g6 h2h3 e7e6 f2f3 e8e7 b2b3 b8c6 b1a3 g8h6 g1e2 g6g5 g2g4 d7d5 h3h4 c6b4 h1g1 h6g8 h4g5 d5d4 e3d4 b4a6 f3f4 a8b8 f1g2 a6b4 f4f5 e6e5 c1b2 e5d4 c2c3 h7h5 c3b4 e7d6 g1f1 h5h4 a3b5 d6e7 a2a4 c8d7 b5d4 a7a5 g2h3 a5b4 g5g6 f8h6 f1f2 c7c5 d4c2 c5c4 b2h8 c4b3 f2f3 b3c2 d1c2 b4b3 c2b3 f7g6 f5g6 b7b6 h8c3 h6g7 d2d3 g7d4 e2d4 e7e8 e1f1 d7e6 d4e2 e6b3 a1c1 g8e7 g6g7 e7c6 g4g5 b3a4 g7g8q e8e7 g8h7 e7d6 g5g6 d8g8
19,W,material_adjudication_moderate,98,1.033190,95,2026-09-04 01:12:44,e2e3 a7a5 f1d3 f7f6 d3b5 e7e6 g2g3 c7c6 g1e2 g8h6 e1g1 g7g6 d1e1 c6b5 c2c3 d7d5 e2d4 f8g7 f2f3 e8g8 e1f2 d8d6 d4b5 h6f5 b5d6 f5d6 a2a4 a8a6 a1a3 b8d7 f2e2 d7c5 c3c4 d5c4 a3a2 e6e5 e2e1 c8d7 h2h3 d6f5 d2d4 c4d3 c1d2 a6a8 a2a1 a8b8 e1f2 h7h5 f2g2 b8c8 b1a3 c5a4 a1c1 g6g5 f3f4 g5g4 e3e4 g4h3 g2h3 f5d6 h3d7 c8c7 d7d6 c7d7 d6d7 f8e8 f4f5 e8e7 d2e3 e7d7 g3g4 h5g4 c1b1 d3d2 b1a1 a4b2 a3b1 g8f8 b1c3 b2d3 a1a5 g7h6 e3h6 f8e7 a5a7 d2d1q c3d1 d3f4 h6g5 f6g5 f1e1 f4d3 e1f1 e7f8 a7a1 f8f7 f5f6 f7e6
20,W,material_adjudication,66,1.011614,100,2026-09-04 01:14:03,h2h4 h7h5 a2a3 e7e5 e2e4 a7a5 f2f3 b8c6 g2g3 f8c5 f1b5 c5g1 a3a4 c6d4 a1a2 h8h7 h1g1 g8h6 c2c3 h6f5 e4f5 c7c5 c3d4 f7f6 d4d5 e8f8 b5d3 g7g6 g1g2 f8g7 e1f1 d8c7 d3e4 b7b6 f1f2 g6f5 e4f5 c8b7 f5h7 b7d5 d1c2 e5e4 h7e4 d5e4 f3e4 c7b8 e4e5 d7d5 e5f6 g7f6 f2e1 f6e7 c2d1 c5c4 g3g4 d5d4 g4h5 d4d3 b1c3 b8f8 c3d5 e7d7 h5h6 f8h6 h4h5 h6h5
21,B,material_adjudication_moderate,76,0.885219,105,2026-09-04 01:15:41,b1a3 a7a5 c2c3 b7b5 f2f3 a8a6 f3f4 c7c5 e1f2 a6c6 a3b5 h7h5 g2g3 c8b7 c3c4 c6f6 f1g2 b7c6 d1a4 h5h4 g2c6 d8c8 g3h4 c8c6 a4a5 c6b5 a5b6 b5b6 d2d4 d7d6 d4c5 b6c5 c1e3 f6f5 e3c5 d6c5 e2e4 g8f6 e4f5 f6g4 f2e1 f7f6 g1f3 g4e3 h1g1 e3c2 e1f2 c2a1 g1a1 b8a6 a1c1 e8d7 a2a4 d7c6 b2b3 a6b4 a4a5 b4d3 f2e2 d3c1 e2f2 h8g8 a5a6 g7g5 h4g5 f8g7 g5f6 g7f6 h2h4 g8a8 f3e1 a8f8 a6a7 f8a8 h4h5 e7e5
22,W,value_resign,63,1.027882,110,2026-09-04 01:17:31,f2f3 g7g6 e2e3 g8h6 e3e4 h8g8 g1e2 g8g7 b1a3 g6g5 b2b4 g7g8 d2d4 b7b5 h2h4 g5h4 e1d2 f7f5 h1g1 f5e4 f3e4 b8c6 d1e1 c6d4 e2d4 c8b7 f1e2 f8g7 d4b5 g7a1 g1f1 a1e5 e1h4 a7a6 b5d4 c7c5 b4c5 a8c8 a3c4 e5d4 d2d3 d7d5 c5d6 e8d7 d3d4 e7e6 h4h6 b7e4 d4e5 c8c4 e2c4 g8g6 h6h2 e4f3 g2f3 d8e8 a2a4 g6h6 c1h6 d7c8 h2h1 c8b7 e5d4
23,B,material_adjudication,73,0.988889,115,2026-09-04 01:19:39,h2h4 b7b6 b2b4 a7a5 a2a4 e7e5 c1b2 a5b4 h1h2 d7d6 g2g4 d8e7 c2c4 g7g5 b2e5 d6e5 f1h3 c8f5 g4f5 g8f6 f2f4 b8c6 f4g5 f6g4 h3g4 c6d4 e2e4 h7h5 d1c1 h5g4 h2f2 e8d7 f5f6 e7c5 h4h5 g4g3 g1e2 g3f2 e1f2 d7d6 f2e1 f8e7 f6e7 d4f3 e1d1 h8g8 e7e8q g8e8 d2d4 f3d4 h5h6 d4e2 d1e2 f7f5 g5f6 e8g8 b1d2 g8c8 e2d3 c5f2 h6h7 f2g2 h7h8q c8h8 d2f3 g2f3 c1e3 f3e3 d3c2 c7c5 a1d1 d6c7 d1d3
24,B,material_adjudication_moderate,131,0.926246,120,2026-09-04 01:20:22,e2e3 g7g5 h2h3 e7e6 g2g4 b8c6 a2a4 c6b4 f1e2 b4a6 a4a5 f8g7 e3e4 e6e5 c2c3 d7d5 a1a3 b7b6 a5b6 h7h6 f2f3 a7b6 c3c4 e8e7 a3a5 b6a5 c4d5 a6c5 d2d3 a8a6 d3d4 e5d4 h3h4 a5a4 h4g5 h6g5 h1h8 g7h8 e2a6 c8a6 d1d4 h8d4 c1g5 e7f8 g5d8 c7c6 d8c7 c6d5 e4d5 d4g1 g4g5 f7f6 c7a5 g1d4 a5d2 f8e8 g5f6 g8f6 e1d1 e8d7 b1c3 d4c3 d2c3 f6d5 c3d4 a6b7 d4c5 a4a3 c5a3 d7e8 a3b4 e8d7 b4d2 d7e8 d1e1 e8d7 d2h6 d7e7 h6d2 e7f7 e1d1 b7c8 d1e1 f7e7 e1d1 c8d7 d1e1 e7e8 e1d1 e8e7 d1e1 e7e8 e1d1 e8e7 d1e1 e7e8 e1d1 e8e7 d1e1 e7e8 e1d1 e8d8 d1e1 d8e7 e1d1 e7d8 d1e1 d8c8 f3f4 c8b8 f4f5 d5f6 d2g5 f6e4 f5f6 e4g5 f6f7 g5f7 e1d1 b8a8 d1e1 f7d6 b2b3 d6e4 e1e2 d7e6 e2d3 e4g3 b3b4 e6a2 b4b5
25,W,value_resign,57,1.002326,125,2026-09-04 01:23:39,e2e3 g7g6 a2a4 b7b5 a4a5 b5b4 b2b3 g8h6 e3e4 h8g8 e4e5 d7d5 g2g4 c8a6 d2d3 e8d7 h2h4 d5d4 c1h6 f8h6 f1g2 f7f6 e5f6 g8f8 g2f1 a6b7 f6e7 b7d5 e7d8q d7d8 d1e2 h6e3 g1f3 b8a6 f1g2 a6c5 e1g1 f8f3 g2f3 a8b8 e2d1 b8b6 a5b6 d5f3 d1f3 e3f2 g1f2 a7b6 f3c6 g6g5 c2c4 d4c3 a1a7 g5h4 d3d4 h4h3 d4d5
26,W,value_resign,41,0.941676,130,2026-09-04 01:23:40,h2h4 b7b6 b2b3 c7c5 f2f4 e7e5 c2c4 a7a5 h4h5 a8a6 a2a3 d8h4 h1h4 g8e7 e2e3 c8b7 d1e2 g7g6 h5h6 f7f5 h4h2 a5a4 b3b4 b8c6 d2d3 c6d4 e2d2 d4f3 g2f3 e7c6 b4b5 c6b4 g1e2 e8f7 e3e4 b7d5 b1c3 d5e4 c3e4 e5f4 c1b2
27,B,material_adjudication,66,0.998226,135,2026-09-04 01:25:07,f2f4 b8a6 b2b4 b7b5 c2c4 e7e5 g1f3 h7h6 f3e5 f8d6 b1a3 c7c6 f4f5 c8b7 d2d4 a6b4 e5c6 b7c6 a3b5 c6b5 d1d2 d6e7 a2a3 d8c7 d2b4 e7b4 e1f2 c7b7 c1d2 e8d8 a3b4 b5c4 f5f6 b7b6 f6g7 h8h7 h2h4 d8c8 h4h5 c4d5 d2f4 d5f3 f2f3 b6b4 a1b1 b4b1 h1h2 b1b3 f3e4 c8b7 h2h1 f7f5 e4f5 a7a6 d4d5 a8b8 h1h3 b3c4 h3c3 c4c3 f4e5 d7d6 e5d6 b8a8 g2g4 c3d2
28,W,value_resign,63,0.900791,140,2026-09-04 01:25:08,e2e3 a7a5 g1f3 e7e6 f1a6 a8a6 h1g1 e6e5 h2h3 f8e7 g2g3 e5e4 f3e5 g8f6 f2f3 a5a4 a2a3 d7d5 d2d4 c8f5 e1e2 a6a8 e2f1 e8f8 f1g2 c7c5 g1e1 f5d7 e5d7 d8d7 e1g1 e4f3 g2f3 h7h6 g3g4 f6h5 g4h5 g7g5 h5g6 c5d4 g6g7 f8e8 g7h8q e7f8 f3g2 d7e6 d1h5 e6d6 h8d4 d6e5 g1d1 e5d4 e3d4 e8d8 g2f1 b8d7 a1a2 f8c5 h5h4 f7f6 d1d2 c5d4 f1e1
29,W,material_adjudication,68,1.001878,145,2026-09-04 01:25:23,e2e3 g7g5 h2h3 h7h5 f2f4 c7c5 d2d4 h8h7 e1d2 a7a5 h1h2 f7f5 f4g5 g8h6 g2g4 a5a4 g4f5 h6f7 g5g6 c5d4 c2c3 d4e3 d2e3 h5h4 g6h7 a4a3 b2a3 f8g7 e3f3 b7b6 c1d2 c8b7 f3e2 f7h8 f5f6 g7f6 a3a4 e7e5 b1a3 d8e7 a3c2 d7d6 e2e1 d6d5 f1g2 a8a6 a4a5 b6a5 g2d5 b7d5 d1e2 d5c4 e2c4 a5a4 g1e2 b8d7 h2h1 a6c6 c4c6 e7d6 e2d4 d6c6 d4c6 h8g6 d2c1 e5e4 e1f2 g6e7
30,B,value_resign,66,0.994291,150,2026-09-04 01:25:38,g1f3 h7h5 b2b3 b7b6 b3b4 c7c6 d2d3 a7a5 b1a3 a5b4 c2c4 b4c3 a3c2 d8c7 c1d2 b8a6 a1c1 c6c5 f3h4 f7f5 d2c3 e8f7 f2f3 g8f6 a2a4 a6b8 h4f5 g7g6 f5e7 f8e7 c1a1 c8b7 a4a5 b6a5 e2e3 g6g5 h2h4 c7g3 e1d2 g5g4 f3g4 h5g4 d1e2 d7d5 h4h5 b8a6 c3d4 c5d4 e3d4 f6h5 h1h5 h8h5 c2e3 e7f6 d2c2 b7c6 c2d2 a8h8 e2g4 g3h2 g4h4 h5h4 a1b1 f7g8 b1b3 g8h7
31,W,material_adjudication_moderate,88,0.946733,155,2026-09-04 01:25:53,b1a3 h7h6 a1b1 d7d5 f2f4 a7a6 a3b5 d5d4 d2d3 h6h5 b5a3 c8e6 e2e4 d4e3 f4f5 g7g6 g1f3 g6f5 c1e3 e8d7 b2b3 h8h6 f3e5 d7c8 e3h6 g8h6 d1h5 a6a5 b1d1 a5a4 h5e2 e6d5 e5f3 a4b3 c2b3 c7c5 b3b4 c5b4 d1d2 b4a3 d3d4 h6g8 e2e5 d8d7 f1d3 d5c6 f3g5 b7b5 d4d5 c8b7 d5c6 b7c6 d3b5 c6b7 b5d7 f8h6 d2d3 f7f6 e5c3 f6g5 g2g4 f5g4 h1g1 b7a6 g1g2 b8d7 c3d2 d7e5 d3d4 a8d8 e1d1 d8d4 d2d4 a6b5 d4e5 b5c4 d1c2 g4g3 g2g3 g8f6 e5f5 f6h5 g3g4 h5f4 f5e4 c4c5 e4a8 c5c4
32,B,checkmate,38,0.940443,160,2026-09-04 01:26:33,h2h4 b7b6 f2f4 d7d6 g2g4 g8h6 c2c4 h6g4 f1g2 g4e3 f4f5 b8d7 d2e3 c7c5 a2a4 g7g5 e1d2 c8b7 d1e1 d7e5 b2b4 c5b4 c1b2 e7e6 h4g5 e8d7 g2h3 e5c4 d2d3 h8g8 d3c4 b7h1 b2f6 d8c7 c4b4 h1d5 e3e4 c7c5
33,W,material_adjudication_moderate,78,0.994149,165,2026-09-04 01:26:47,b1a3 h7h6 a1b1 e7e5 g2g4 d7d5 a3b5 e8e7 g1f3 c7c6 e2e3 c8g4 b5a3 g4d7 d1e2 e7e6 h1g1 d8e7 b2b3 g7g5 g1g4 e6f6 g4c4 h6h5 f3d4 g5g4 c1b2 e5d4 c4d4 a7a5 d4f4 f6e6 b2h8 f8h6 b1a1 h6f4 h8b2 e6d6 e3f4 a5a4 b2d4 e7e2 e1e2 f7f6 h2h4 g4h3 f1h3 a4b3 a2b3 g8h6 d4f6 d7h3 f6g5 h6f5 a3c4 d5c4 a1a8 c6c5 a8b8 h3g2 f2f3 c4b3 c2b3 d6c7 b8h8 h5h4 e2f2 h4h3 f2e2 c7d7 e2e1 h3h2 h8h2 d7e8 h2g2 f5d4 b3b4 c5b4
34,B,material_adjudication_moderate,81,1.002667,170,2026-09-04 01:27:40,e2e3 a7a5 g2g3 a5a4 f1b5 g7g5 b1c3 c7c6 h2h3 h7h5 c3e2 a4a3 f2f3 h8h7 e3e4 c6b5 b2a3 g5g4 c2c4 b5c4 a1b1 h5h4 b1b5 d7d5 c1b2 a8a5 d2d4 b8c6 d1b3 e7e5 b5a5 c4b3 h3g4 d5e4 h1h4 d8a5 b2c3 f7f5 c3a5 c6a5 e2f4 e5f4 g4g5 e8e7 h4h7 e7e6 a2b3 f8a3 g1e2 f4g3 b3b4 f5f4 b4a5 e4e3 e2f4 e6d6 f4g6 c8d7 e1d1 a3b4 a5a6 b7a6 g6e5 d7b5 e5d3 b5d3 h7h3 g3g2 h3g3 d6c6 d4d5 c6d5 g5g6 d5d4 g6g7 b4c5 g3g2 c5b4 g2g4 d4c5 g4f4
35,W,material_adjudication,66,0.940450,175,2026-09-04 01:28:06,g1f3 h7h5 f3e5 a7a5 b2b3 a5a4 e5c6 a4b3 f2f3 b8c6 c2c4 g7g5 e1f2 c6e5 a2a4 b7b6 d2d4 e7e6 h2h4 e5g6 h4g5 d8e7 b1d2 a8a5 e2e4 h8h7 g2g4 e7c5 d4c5 g6h4 c1b2 f8c5 f2e2 c8b7 h1h4 f7f5 d2b3 h5g4 b3c5 h7h4 c5b7 e6e5 d1c2 h4h3 b2c3 h3h8 a1d1 g4g3 e2e1 c7c5 d1d2 g8e7 f3f4 a5a4 e4f5 e5e4 c2d1 h8h7 d2e2 e4e3 c3b2 e7f5 f1g2 f5h4 g2e4 g3g2
36,B,material_adjudication,101,1.059806,180,2026-09-04 01:29:37,h2h4 b7b6 b2b3 c7c6 c1b2 c8a6 a2a4 a6b7 a4a5 g8h6 c2c4 f7f6 a1a2 c6c5 h1h3 b6b5 g2g4 b8a6 b2c3 a6c7 a2b2 b7c6 f1g2 a8b8 a5a6 c6g2 f2f4 b5c4 g4g5 c4b3 b2b3 b8b3 d1b3 d7d6 b3b2 c7a6 e1f2 g2h3 g5h6 a6c7 h6g7 f8g7 g1h3 h7h6 h3g1 d6d5 d2d4 c5c4 b2c1 e8f7 c3b2 h6h5 b2c3 a7a6 g1f3 g7h6 c3b2 f7g6 b1d2 a6a5 d2c4 d5c4 c1c4 c7d5 b2c1 d5f4 c1f4 h6f4 c4b5 d8d6 b5c5 d6c5 d4c5 a5a4 c5c6 f4g3 f2g3 h8c8 c6c7 c8c7 f3e5 g6h6 e5d7 c7d7 g3f4 d7d4 e2e4 d4e4 f4e4 a4a3 e4d3 e7e6 d3d4 a3a2 d4c4 a2a1q c4b3 a1b1 b3a3 b1a1 a3b3
37,B,value_resign,26,0.893715,185,2026-09-04 01:29:37,e2e3 g7g6 f2f4 b8a6 e1e2 b7b6 b1c3 e7e5 a2a4 a6b8 f4e5 g6g5 c3a2 c7c6 a4a5 d7d6 g2g3 c8g4 e2d3 g4d1 g1h3 d1c2 d3e2 c2d3 e2d3 d8d7
38,B,value_resign,62,0.907246,190,2026-09-04 01:34:34,b1a3 g8f6 b2b4 b7b5 a3b5 a7a5 g1f3 a5b4 c2c3 b8a6 c3b4 c7c5 d1b3 f6h5 e2e4 f7f5 b3f7 e8f7 c1a3 d7d5 h2h3 g7g6 f3g5 f7f6 e4d5 c5b4 a3b2 e7e5 d2d3 d8d6 b5d6 f8d6 a2a3 f6g5 a3b4 d6b4 b2c3 b4c3 e1e2 c8d7 d3d4 e5e4 a1a3 g5h6 h3h4 h8f8 a3c3 f8e8 e2e1 h5g3 c3f3 a6c7 f1c4 e4f3 e1d1 d7e6 h1e1 g3e4 g2f3 c7d5 c4d5 e6d5
39,W,checkmate,55,0.880916,195,2026-09-04 01:36:16,h2h4 b7b6 b2b3 c7c6 g2g4 a7a6 c2c4 c6c5 d2d4 c5d4 d1d4 a6a5 d4d3 a5a4 b3b4 a8a7 b1c3 f7f5 e1d1 e8f7 c3a4 a7a8 g1h3 a8a4 a1b1 h7h5 f1g2 b8a6 f2f4 h5g4 c4c5 g4h3 c5b6 h3g2 h1g1 d7d6 g1g2 g7g5 h4g5 f8g7 d3c3 a6b4 c3c4 f7f8 d1e1 e7e6 g2g3 f8e7 g5g6 b4a2 c4a4 g7f6 a4a2 e6e5 a2f7
40,W,value_resign,52,0.958885,200,2026-09-04 01:37:02,h2h4 b7b6 b2b3 c7c6 g2g4 h7h5 c2c4 g7g6 f2f4 b8a6 c1b2 d8c7 f1g2 h5g4 b2h8 c7f4 e2e4 f8g7 d2d4 g7h8 c4c5 e7e6 a2a3 e6e5 c5b6 c8b7 e1e2 e5d4 b1d2 a6b4 a3b4 a7b6 d2c4 d7d5 e4d5 c6d5 c4b6 f4e5 e2f1 b7a6 a1a6 a8a6 b6d5 e5d5 g2d5 a6a2 h4h5 e8d8 d1b1 g6h5 g1f3 g4f3
41,B,value_resign,52,1.078305,205,2026-09-04 01:37:19,a2a3 g8f6 e2e4 c7c6 g1e2 h7h5 d2d4 d8c7 e1d2 g7g5 f2f3 b8a6 c2c3 b7b5 g2g3 d7d5 e4d5 f6d7 d5c6 f8g7 h2h3 g5g4 d2e3 g4f3 d1d3 d7f6 h1h2 g7f8 g3g4 c8e6 d3b5 e6d5 e2f4 f8h6 g4g5 h6g5 b5d3 g5f4 e3f2 f4h2 d3a6 e8f8 h3h4 a8c8 c1e3 c7c6 f1h3 c6a6 c3c4 f6e4 f2f3 h8g8
42,B,value_resign,46,1.117553,210,2026-09-04 01:38:48,b1a3 a7a5 g1f3 c7c6 d2d4 f7f6 e2e4 e8f7 f1d3 c6c5 e4e5 a5a4 b2b3 d8c7 a3b5 c7a5 d1d2 c5d4 c2c3 d4c3 f3h4 a4b3 d2f4 a5a4 d3e2 a4f4 c1f4 b3b2 a1d1 a8a2 h4f5 c3c2 g2g3 c2d1q e1d1 h7h5 b5d4 g7g5 e5e6 d7e6 h1g1 g5f4 g3f4 b7b5 g1g3 e6e5
43,B,material_adjudication_moderate,101,0.846364,215,2026-09-04 01:39:19,e2e3 g7g6 a2a4 b7b6 e1e2 g6g5 a4a5 a7a6 b1c3 b6b5 g1f3 h7h5 f3g5 e7e5 g5f7 e8f7 c3a4 d7d5 g2g3 b5a4 c2c3 f8g7 f2f3 c8b7 b2b4 g8f6 f3f4 c7c6 d2d4 f7f8 f4e5 f6e8 d1a4 c6c5 d4c5 h8g8 c1a3 b8c6 e3e4 d5d4 c3d4 d8d7 a3b2 c6d4 e2d1 d7a4 a1a4 g7e5 f1d3 b7c8 b2d4 e5d4 e4e5 d4e5 a4a1 e5a1 d1c2 h5h4 h1a1 c8b7 d3e2 h4h3 a1a4 g8h8 b4b5 a6b5 e2b5 h8h6 b5d7 b7c6 a4h4 h6h5 d7c6 h5h4 g3h4 a8c8 c6f3 c8c7 c5c6 c7c8 c2b1 f8e7 a5a6 c8a8 a6a7 a8a7 c6c7 a7c7 b1a2 e7e6 a2b3 e6f6 f3g4 f6g7 g4h3 g7g8 h3g4 c7c5 b3b4 c5c7 b4a5
44,B,value_resign,56,0.977695,220,2026-09-04 01:39:48,h2h4 b7b6 b2b3 c7c6 g2g4 b8a6 e2e3 e7e5 f1g2 a6b4 e1e2 c8b7 d2d4 e5d4 e3d4 h7h5 g4h5 f7f5 c2c3 a7a5 g2h3 g7g5 h4g5 b4a2 c1d2 a8c8 a1a2 g8f6 e2d3 f6h5 d3c2 f8g7 d4d5 c6d5 g5g6 d5d4 c3c4 b7h1 h3g2 h5f6 a2a3 d8c7 c4c5 b6c5 g2d5 a5a4 g1f3 f6d5 a3a4 c8d8 d1h1 h8h1 a4a2 g7e5 a2b2 c7b7
45,B,material_adjudication,149,1.013557,225,2026-09-04 01:41:15,d2d4 g8f6 d1d3 a7a5 e1d2 g7g5 h2h3 f6g4 h3g4 f7f5 g4f5 d7d6 f2f3 a5a4 f5f6 b7b6 d3e4 h8g8 c2c4 b8d7 e4a8 f8g7 d4d5 c8b7 f3f4 d8a8 f6g7 g5f4 c4c5 d7c5 h1h7 b7d5 a2a3 a8c8 e2e3 g8g7 e3e4 g7h7 e4d5 c5e4 d2d3 e4g3 c1f4 g3f1 g1f3 c8f5 d3e2 e8d7 g2g3 h7h8 f3h4 h8h4 g3h4 f5f4 b1c3 f4c4 e2f2 d7d8 a1f1 c4d4 f2e2 d8d7 h4h5 d7d8 h5h6 d8d7 c3b5 d4c4 e2f2 c4d5 b5c7 d7c7 h6h7 d5f7 f2e1 f7h7 b2b4 a4b3 a3a4 h7c2 f1f2 c7b7 f2c2 b3c2 e1d2 b7c8 d2c1 d6d5 c1c2 c8d7 c2d3 e7e6 d3d4 d7d6 d4d3 d6d7 d3d4 d7d6 d4d3 d6d7 d3d4 d7d6 d4d3 d6d7 d3d4 d7d6 d4d3 e6e5 d3e3 d6d7 e3d3 e5e4 d3e2 e4e3 e2e3 d7e8 e3d4 e8d7 d4d5 d7e7 d5e5 e7d7 e5f6 d7d6 f6g5 d6c5 g5f6 c5b4 f6e5 b4a4 e5f4 b6b5 f4e3 b5b4 e3d2 b4b3 d2c1 a4a3 c1b1 b3b2 b1c2 a3a2 c2d3 b2b1q d3c3 b1b2 c3d3 b2a1 d3c2
46,W,material_adjudication,72,0.979218,230,2026-09-04 01:42:39,a2a3 g8f6 h2h4 c7c6 a3a4 f6e4 b2b4 f7f6 h4h5 c6c5 f2f4 d8c7 h5h6 f6f5 g2g4 c5b4 d2d3 e4g5 f1g2 a7a5 f4g5 h8g8 d3d4 a8a6 c1b2 a6d6 g4f5 g7g6 e1f2 g6f5 f2f1 f8h6 g5h6 g8g2 f1g2 d6b6 d1d2 c7c6 d4d5 c6d5 d2d5 e7e6 d5c5 d7d6 c5d4 b8c6 g1f3 c6d4 b2d4 c8d7 f3e1 d7a4 a1a4 e8e7 h1h3 e7e8 e2e3 e6e5 d4c3 b4c3 b1a3 f5f4 g2f3 f4e3 f3e3 e8d8 a4a5 d8e8 a3b5 e8d8 b5a7 d8e8
47,W,material_adjudication,66,0.923056,235,2026-09-04 01:45:17,h2h4 b7b6 b2b3 c7c6 g2g4 h7h5 c2c4 b6b5 f1g2 a7a5 b1c3 c6c5 e1f1 b5b4 g2d5 b4c3 f1g2 c8a6 d1f1 g8h6 d5a8 h5g4 d2c3 d7d5 e2e3 h6f5 a8d5 f5h4 h1h4 g4g3 h4h8 d8c8 c1d2 b8d7 g1e2 a6b7 e2g3 e7e6 g3e2 e6d5 g2h1 f7f6 c4d5 d7b6 h1g1 a5a4 b3b4 c5c4 e2d4 b6d5 f2f4 d5c7 f1c4 b7a6 c4c6 c8d7 c6h1 d7d6 a2a3 a6c4 a1b1 f6f5 d4f5 c7d5 b1b2 d5f4
48,B,checkmate,38,1.047539,240,2026-09-04 01:45:32,g1h3 c7c5 d2d4 h7h5 e1d2 f7f6 a2a4 a7a5 f2f3 c5d4 c2c4 e8f7 b2b4 a5b4 a4a5 d8c7 a5a6 b7b6 a6a7 f7e8 a7b8q a8b8 d2e1 e8f7 c1d2 f6f5 c4c5 b6c5 h3g1 c8b7 h2h4 g7g5 h4g5 b8a8 a1a8 b7a8 g2g4 c7g3
49,B,material_adjudication,93,0.985191,245,2026-09-04 01:48:33,c2c4 d7d5 h2h4 h7h5 d1a4 c8d7 c4c5 d7a4 f2f4 b7b5 c5b6 e7e5 b1a3 e5e4 b2b4 f8e7 a1b1 d8d7 b1a1 b8a6 g2g3 a4b5 a3b1 f7f5 g3g4 g7g5 f4g5 a8b8 a2a3 c7c6 g4h5 b8b6 e2e3 c6c5 b4c5 a6c5 f1b5 b6b5 c1b2 g8f6 g5f6 e8f8 b2e5 h8h5 b1c3 c5d3 e1e2 b5b7 f6e7 f8e7 c3b1 e7f8 g1h3 d7e8 e5f6 e8d7 a3a4 d7c7 f6e5 c7e5 h3f4 e5d6 f4h5 d6d7 b1c3 f8g8 a1b1 b7b1 c3b1 a7a5 b1c3 g8h8 c3d5 h8g8 h1h3 g8f8 h5f4 d3f4 e3f4 d7d5 d2d4 e4d3 e2e1 d5d7 h3d3 d7b7 d3d5 b7d5 e1f1 f8g7 f1e1 g7g8 e1f1
50,B,material_adjudication_moderate,101,1.039209,250,2026-09-04 01:49:04,e2e3 g7g6 a2a4 b7b6 e1e2 e7e5 b1c3 a7a6 c3d5 c8b7 a4a5 g6g5 f2f4 b7d5 a1a2 e5f4 e3f4 b6b5 b2b4 h7h6 e2e1 d5c6 a2a1 g5f4 c1b2 d8g5 d1e2 g5e7 c2c3 f7f6 d2d4 d7d6 g1f3 b8d7 e2e7 g8e7 c3c4 c6f3 g2f3 e7f5 h2h3 d6d5 f1d3 b5c4 d3f5 f8b4 e1f1 c7c5 a1c1 c5d4 f5g4 b4e7 g4e6 d7c5 e6d5 a8c8 d5c4 e8d8 b2d4 c5d7 d4g1 h6h5 f1e2 h8h6 c4a6 c8c1 e2d2 c1c5 a6d3 c5a5 h1h2 d7c5 g1e3 h6h7 h3h4 a5a1 e3d4 h7h6 d4a1 c5d3 a1c3 d3c5 c3d4 h6h8 d4c5 e7c5 d2e2 c5e7 e2f2 e7d6 f2e2 d6e7 e2f2 d8e8 f2e2 e8f8 e2f2 f8e8 f2e2 e8f8 e2f2
51,W,material_adjudication,126,1.039824,255,2026-09-04 01:49:49,h2h4 b7b6 b2b3 c7c6 c2c3 b6b5 g2g3 h7h6 c1b2 f7f6 h1h2 d8b6 c3c4 b5b4 b2e5 c6c5 g3g4 b8c6 f2f3 e7e6 e5d6 e8f7 d6f8 h8h7 a2a4 b6c7 e1f2 g7g6 f3f4 a7a6 h2g2 d7d5 f8h6 c7d7 c4d5 e6d5 h4h5 g8h6 h5g6 f7g6 d1c2 h6f5 c2f5 d7f5 g4f5 g6h5 g2g6 c6d4 g6f6 h5g4 g1f3 a8b8 f3d4 c5d4 f1g2 c8b7 a4a5 b8a8 g2f1 a8f8 f6f7 f8f7 a1a4 f7f5 a4b4 f5f4 f2e1 h7d7 f1g2 b7c8 d2d3 d7d6 b1d2 g4f5 g2d5 d6d5 e2e4 d4e3 b4f4 f5f4 e1e2 d5d6 d2f3 d6d8 e2f1 d8d3 f3e5 c8d7 e5d3 f4f5 d3c5 d7e8 b3b4 e8h5 f1e1 h5g4 e1f1 g4f3 f1e1 f3e4 e1e2 f5f4 c5a6 e4d5 b4b5 f4e4 b5b6 d5b7 a6c5 e4d5 c5b7 d5c6 e2e1 c6b7 e1f1 b7a6 f1e1 a6a5 b6b7 a5a4 b7b8q a4a3 e1e2 a3a2 e2e3 a2a1
52,W,material_adjudication_moderate,99,0.926068,260,2026-09-04 01:51:28,g1f3 b7b5 c2c4 f7f5 e2e4 c7c5 a2a4 b5a4 f3g1 h7h5 d2d4 g8h6 e4e5 a7a5 c1g5 d7d5 c4d5 a8a6 a1a4 h5h4 f1b5 c8d7 f2f3 a6b6 b5e2 f5f4 e1f2 c5d4 g2g3 f4g3 f2g2 d7a4 d1a4 e8f7 a4a5 b8a6 a5a6 b6a6 g5h6 h8h6 b1c3 f7g6 c3b5 d8c8 b5d4 g6g5 d4e6 a6e6 d5e6 c8b7 e2c4 b7b8 b2b3 b8e5 f3f4 e5f4 g1h3 g5f5 h3f4 f5f4 h1f1 f4e3 f1f8 g3h2 f8e8 h6h8 e8h8 e3e4 g2h2 h4h3 b3b4 e4e5 h8h5 e5e4 h2g3 g7g6 h5b5 g6g5 g3h3 g5g4 h3g4 e4d4 g4g5 d4c4 b5b7 c4c3 g5g6 c3b2 b7a7 b2c3 b4b5 c3b2 g6g7 b2c1 g7g8 c1b2 g8f7 b2c1 f7g7
53,W,checkmate,51,0.949065,265,2026-09-04 01:51:55,b1a3 a7a5 f2f3 c7c6 e2e4 a5a4 b2b3 a4b3 a2b3 f7f6 e1e2 c6c5 f3f4 g8h6 e2f3 e7e5 f1d3 e5f4 g2g3 f4g3 d3f1 g3h2 f1c4 h2g1q h1g1 a8a5 d1e2 f8d6 g1g7 a5a8 a3b5 a8a1 c1a3 a1a3 b5a3 h6f7 g7f7 d6e7 c4b5 e8f7 f3g2 b7b6 b5c4 f7e8 e4e5 c8b7 g2g3 f6e5 e2h5 e8f8 h5f7
54,W,material_adjudication_moderate,98,0.903746,270,2026-09-04 01:53:20,h2h4 b7b6 b2b3 c7c6 c2c3 c8b7 c3c4 c6c5 d2d4 a7a5 d4c5 b7a6 g1h3 d8c7 a2a3 c7c8 h1g1 e7e6 e2e4 b6c5 c1f4 d7d5 e4e5 f8d6 f4e3 f7f5 d1d2 d6e5 g2g3 f5f4 c4d5 f4e3 d2e3 e5a1 f1a6 b8a6 d5e6 a1d4 e3d4 c5d4 f2f3 e8d8 h3g5 g8h6 g1f1 h6g8 b1d2 h7h6 g5f7 d8c7 f7h8 h6h5 b3b4 a5b4 a3b4 a6b4 e1d1 g8f6 h8f7 c8b7 f7d8 f6d5 d8b7 c7b7 g3g4 d5c3 d1c1 c3a2 c1b2 b4d3 b2c2 d3b4 c2b3 g7g5 g4h5 g5h4 f3f4 b4d3 e6e7 d3f4 f1f4 a8e8 b3a2 b7a7 f4d4 h4h3 d4d3 h3h2 d3a3 a7b8 a3b3 b8c8 b3c3 c8d7 c3d3 d7e7 d3e3 e7f8
55,B,material_adjudication,67,0.982269,275,2026-09-04 01:53:47,e2e3 g7g5 g2g3 b7b6 b1a3 e7e5 h2h3 a7a6 g1f3 d7d5 f1a6 b8a6 f3g5 f7f6 b2b3 f6g5 h3h4 e5e4 d2d3 d5d4 c1d2 e4d3 b3b4 c8d7 e3e4 f8h6 e4e5 g8f6 h4g5 d8b8 e5f6 a6b4 g3g4 h6f8 f2f4 f8d6 d2b4 d7g4 b4d2 g4d1 a3b5 d1c2 b5d4 c7c5 d4e6 h8f8 h1f1 h7h6 g5h6 e8f7 e6f8 f7f8 f4f5 d6h2 a2a4 b8d8 d2f4 d8f6 a1c1 c5c4 c1c2 d3c2 f4e5 f6e7 f1f3 f8f7 a4a5
56,W,material_adjudication,84,1.034607,280,2026-09-04 01:55:09,h2h4 h7h5 a2a3 a7a6 e2e4 d7d6 d2d3 g7g6 b2b3 b7b6 c1g5 c8g4 d1d2 e7e5 g2g3 f7f6 d3d4 d8e7 d4e5 f6e5 f1e2 a8a7 a1a2 a7a8 g5e7 g4d7 d2d5 d7c6 d5c4 f8e7 e1f1 d6d5 c4c3 d5d4 c3b2 e8f8 e2f3 d4d3 b2c1 d3c2 c1c2 h8h7 b1c3 e7a3 a2a3 f8g7 a3a1 g8f6 a1d1 g6g5 g3g4 b6b5 b3b4 a6a5 b4a5 g5h4 c2d3 h5g4 c3a4 b5a4 d1c1 g4f3 g1f3 c6e4 d3e2 e4f3 e2f3 a8a6 f3g2 g7f8 f2f3 f6d7 g2g5 e5e4 f3e4 d7e5 h1h4 b8c6 h4h7 c6b8 g5h4 f8e8 c1c5 a4a3
57,W,checkmate,39,0.975268,285,2026-09-04 01:55:10,h2h4 b7b6 b2b3 c7c6 g2g4 h7h5 c2c4 f7f5 a2a3 g8f6 g4g5 d8c7 g5f6 g7f6 e2e4 d7d5 h1h2 d5e4 d2d4 f8h6 f1e2 h6g7 b1d2 e4e3 f2e3 c8b7 h2h1 e8d7 e1f1 g7h6 e3e4 f5e4 c1b2 b8a6 d2b1 c6c5 d4c5 d7c6 d1d5
58,W,material_adjudication_moderate,127,0.900521,290,2026-09-04 01:55:51,b2b3 c7c6 c2c3 f7f6 f2f3 e8f7 b3b4 b7b5 e1f2 d8c7 d2d4 g8h6 h2h3 h8g8 e2e3 f6f5 a2a4 b8a6 a4b5 c6b5 f1c4 f7e8 c4e2 a6b4 d1e1 c8a6 a1a6 e8f7 e2d3 c7c6 a6c6 b4d3 f2e2 d3e1 g2g3 d7c6 e2e1 g7g5 g1e2 f8g7 c3c4 b5c4 b1c3 a7a6 h1f1 f5f4 e3f4 g5f4 g3f4 a6a5 c1e3 g7f6 c3d1 g8h8 f1h1 f7g8 h3h4 c4c3 e2c3 a8f8 h1h3 f6g7 e1d2 g7f6 c3e4 f6g7 e4c5 g7f6 c5d7 g8g7 f4f5 f8d8 d7f6 e7f6 h4h5 d8c8 h3g3 g7f8 e3h6 f8e7 h6e3 h7h6 g3g4 h8d8 e3h6 c6c5 h6e3 c5d4 e3d4 d8d4 g4d4 c8d8 d4d8 e7d8 h5h6 d8d7 d1e3 a5a4 d2c2 a4a3 c2b1 a3a2 b1a1 d7d8 h6h7 d8e8 h7h8q e8f7 h8h7 f7f8 h7f7 f8f7 a1a2 f7e8 a2b3 e8d8 b3c2 d8e8 c2d2 e8d7 d2c2 d7e8 c2b3 e8d7 b3c2 d7e8 c2b3
59,W,value_resign,66,0.988179,295,2026-09-04 01:55:52,g1h3 b8c6 g2g4 g8h6 a2a4 a7a5 c2c3 h8g8 c3c4 a8b8 h3g1 d7d5 f2f3 g7g6 e2e4 d5c4 b1c3 f7f5 a1b1 d8d7 g1e2 d7d3 f1g2 g6g5 e4f5 d3d2 d1d2 f8g7 h2h3 b7b5 c3d5 c6b4 a4b5 b4d5 e1g1 c4c3 b2c3 d5e3 d2e3 h6f5 e3d2 f5h4 c3c4 e7e6 b1a1 g7a1 d2d1 a1c3 e2c3 h7h6 c1b2 h6h5 c3b1 h5g4 f3g4 g8h8 b2a3 b8a8 d1d3 a8b8 d3e4 c8d7 b1d2 d7c6 b5c6 b8a8
60,W,value_resign,60,1.058131,300,2026-09-04 01:57:09,e2e3 g7g5 f1e2 b8c6 b2b4 a7a5 h2h4 c6a7 e1f1 b7b6 b4b5 e7e6 h4g5 g8e7 a2a4 e7g8 a1a2 e8e7 g2g3 f7f6 c1b2 d7d6 g5g6 a7b5 d2d4 f8g7 d4d5 b5c3 b1c3 c8b7 c3b5 e6d5 b2c3 d5d4 e3d4 b7h1 g6h7 h1d5 f2f3 g7f8 h7g8q h8g8 a2a1 g8g6 c3b2 d8d7 c2c3 a8d8 g3g4 g6g8 c3c4 d5e4 f3e4 c7c6 c4c5 g8g6 c5b6 c6b5 a4b5 f8h6
61,W,value_resign,79,1.012341,305,2026-09-04 01:57:50,h2h4 b7b6 b2b3 c7c6 g2g4 b8a6 c2c3 h7h5 f1g2 c6c5 g2a8 a6b8 d2d4 h5g4 e1f1 c8a6 a2a3 d8c7 c3c4 g4g3 a3a4 g7g5 h4h5 c5d4 a8f3 f8h6 b1c3 d4c3 d1d4 f7f5 d4h8 e8f7 f3g2 g5g4 h8c3 b8c6 c1b2 e7e5 a1d1 c6d4 c3d2 h6d2 b2d4 e5d4 f2g3 g8f6 d1d2 c7d6 d2d3 d6e5 h5h6 f7e8 d3d1 f6h7 d1c1 h7f6 f1e1 f6e4 b3b4 e4c3 h6h7 e5h8 b4b5 c3a2 c1a1 a2c3 b5a6 f5f4 a4a5 f4f3 e2f3 g4f3 g2f3 h8h7 h1h7 b6a5 g1e2 d7d5 c4d5
62,W,material_adjudication_moderate,88,0.905719,310,2026-09-04 01:58:15,g1f3 b7b5 c2c4 a7a5 a2a4 f7f5 e2e4 a8a7 a4b5 g8h6 g2g3 c7c5 e1e2 a5a4 b2b4 a4b3 a1a7 h8g8 f3e5 d7d6 a7a1 d6e5 d2d3 f5e4 d1b3 g7g6 b1c3 d8d4 c1g5 f8g7 f2f3 e4d3 e2e1 e5e4 g5e7 e8e7 f1g2 d4d7 h2h3 g8f8 f3e4 g7f6 c3d5 d7d5 c4d5 f6a1 h1f1 a1e5 b3d3 h6g8 f1f8 e7f8 e1d2 c8d7 g2f1 g8f6 f1g2 f8e7 d2e1 h7h6 g2f3 e5g3 e1f1 g3e5 d3c4 e5d4 c4e2 f6h5 b5b6 e7e8 e4e5 d4e5 e2e5 e8d8 f1e2 c5c4 h3h4 c4c3 e2d3 c3c2 d3c2 b8c6 d5c6 d7c6 c2d1 c6f3 d1d2 d8d7
63,B,checkmate,36,1.018289,315,2026-09-04 01:59:57,e2e3 g7g5 f2f4 h7h6 g2g4 g5f4 e3f4 e7e5 g1f3 e5f4 e1f2 f7f5 c2c3 f5g4 d2d4 g4f3 f2f3 f8b4 c3b4 c7c6 a2a4 h8h7 f1a6 c6c5 f3e4 f4f3 b4b5 c5d4 a6b7 c8b7 e4e5 h7f7 b1d2 b8a6 b5a6 d8f6
64,B,material_adjudication,66,1.054669,320,2026-09-04 02:00:50,a2a4 c7c6 b2b4 f7f6 c2c3 e7e5 h2h4 g8e7 a1a3 c6c5 b4c5 b7b6 c3c4 a7a6 c5b6 c8b7 e2e3 f6f5 f1e2 b8c6 d2d4 h8g8 g2g4 f5f4 e2f3 f4e3 c1e3 g7g5 d1d3 g5h4 f3c6 e7c6 d3f1 f8a3 b1a3 e5d4 e3d4 c6d4 f2f3 a8c8 h1h4 d8e7 e1f2 g8g5 g1h3 e7d6 h3g5 d6b6 a4a5 b6a5 a3b1 d4b3 b1d2 b3d2 h4h7 d2b3 g5e4 a5a3 f1c1 a3c1 g4g5 b7c6 h7g7 d7d6 f2g3 e8f8
65,W,value_resign,51,1.017202,325,2026-09-04 02:00:50,a2a4 c7c6 h2h4 f7f6 b2b4 c6c5 b4c5 g8h6 h4h5 d7d5 c5d6 c8d7 e2e3 a7a6 f1e2 h6f7 b1a3 f7h6 g2g4 d7e6 c1b2 h6f7 b2e5 f7d6 a4a5 f6f5 f2f3 f5f4 e5d6 e7d6 h5h6 d6d5 a1b1 f4e3 d2e3 e8e7 a3b5 g7h6 b5d4 b8c6 d4e6 d8b8 d1d5 c6b4 b1b4 b8e5 d5e5 e7f7 h1h4 b7b5 h4h5
66,B,material_adjudication_moderate,93,0.939421,330,2026-09-04 02:03:01,h2h4 e7e5 h4h5 b7b6 b2b4 d7d6 c2c3 c8g4 c1a3 g7g5 h5h6 a7a6 d1a4 b8d7 h1h5 g4e6 f2f4 e6g4 h5g5 a8a7 g5g8 h8g8 a3b2 d8e7 a4b3 g8h8 c3c4 g4f5 g1h3 e7h4 g2g3 h4g4 f4e5 d7e5 h3f2 g4g3 b3g3 e8d8 b1c3 h8g8 b4b5 g8g3 a2a4 f8h6 e2e3 e5c4 f1c4 h6g7 c3e2 g7b2 a1b1 c7c6 e2g3 f5b1 f2d3 b1d3 g3f5 d3f5 b5c6 f7f6 c4d3 d8e8 d3f5 a7a8 c6c7 h7h5 f5e6 a6a5 d2d4 e8e7 c7c8q a8c8 e6c8 e7f7 e1d1 f6f5 e3e4 f5e4 d1c2 b2d4 c2b3 h5h4 c8f5 d4c5 f5g4 f7e7 g4h5 h4h3 h5g4 h3h2 b3b2 e7d8 g4f3
67,W,value_resign,45,1.047652,335,2026-09-04 02:03:41,e2e3 a7a5 f1b5 a5a4 g2g3 c7c6 h2h3 d7d6 b1a3 a8a7 d1f3 c8g4 h3g4 e8d7 e1d1 d8c7 d2d4 e7e5 c2c3 e5e4 f3e4 c6b5 a3b5 c7d8 e4d5 f7f6 h1h4 g8e7 d5f3 f6f5 b5a7 g7g5 h4h1 e7g6 f3b7 d8c7 b7c7 d7c7 g4f5 b8d7 f5g6 f8e7 b2b3 a4b3 a1b1
68,B,value_resign,30,1.018201,340,2026-09-04 02:03:41,e2e4 b8c6 g2g4 g8h6 a2a4 f7f6 f2f3 g7g5 b2b4 h8g8 b4b5 a7a5 c1a3 c6d4 g1e2 h6f5 b1c3 a8b8 b5b6 d4f3 e1f2 f3e5 a3b2 f5e3 c3a2 e3d1 f2g3 c7c6 h2h3 g8g7
69,W,checkmate,45,1.047140,345,2026-09-04 02:04:59,e2e3 g7g5 a2a4 d7d5 b2b3 b7b6 a4a5 b8a6 c1a3 b6a5 b1c3 e7e6 g2g4 h7h5 c3d5 h5h4 a3f8 e6d5 f8g7 c8b7 f1e2 f7f5 f2f4 d5d4 a1a4 a8c8 h2h3 d4d3 d1a1 d3e2 g7h8 b7h1 a4a5 g5f4 g4g5 h1d5 g1e2 e8f8 a5a6 f4e3 d2e3 d8d7 a6a7 d7e8 a1g7
70,W,value_resign,71,0.913753,350,2026-09-04 02:05:40,c2c3 h7h5 b2b4 b7b5 f2f4 b8a6 f4f5 a6b4 g1h3 a7a5 c3b4 e7e6 d2d3 f8b4 e1f2 h8h7 f5e6 b4e7 c1a3 f7e6 a3e7 d8e7 d1c2 g8h6 h3f4 h6f5 h2h4 f5h4 c2c1 e7f8 h1h4 g7g5 e2e4 g5h4 f2e3 b5b4 c1c7 f8e7 b1d2 c8b7 a2a3 d7d6 f4e6 e7e6 a3b4 a5b4 c7b7 h7b7 a1a8 e8f7 a8b8 b7a7 d2c4 a7a8 b8a8 b4b3 a8a7 f7f6 g2g3 b3b2 c4b2 h4g3 e4e5 f6e5 e3e2 e6d7 a7d7 d6d5 d3d4 e5f5 f1g2
71,B,checkmate,28,0.967162,355,2026-09-04 02:06:58,e2e3 d7d5 f2f4 d8d7 d2d3 e7e5 d3d4 g8e7 b2b3 e7g8 f1e2 d7d8 f4f5 b7b6 g1f3 c8d7 b1a3 b8a6 e1d2 f8a3 c1a3 a8c8 e2a6 e5d4 a1b1 d8e7 a6c8 e7e3
72,W,material_adjudication,66,1.041279,360,2026-09-04 02:07:52,e2e3 g7g5 g1h3 e7e6 e1e2 b7b6 f2f4 g5f4 a2a4 b8a6 b2b3 f8e7 e3e4 c7c6 a4a5 b6b5 b1a3 a6c7 h3f4 g8f6 e4e5 f6e4 e2e3 e7a3 a1a3 c8a6 e3e4 h8g8 e4e3 e8e7 d1e2 f7f5 e5f6 e7f6 c2c4 b5c4 b3c4 f6e7 d2d4 g8f8 a3d3 a6c4 h2h3 c4d3 e2d3 d7d6 c1d2 e6e5 d4e5 d6e5 d3e4 f8f4 e4e5 e7f8 e5f4 d8f6 f4c7 a8c8 c7c8 f8e7 f1d3 h7h6 c8b7 e7e8 b7a7 e8d8
73,W,material_adjudication,66,0.995941,365,2026-09-04 02:09:42,a2a3 g8f6 a3a4 a7a6 a4a5 d7d5 g1f3 c8h3 e2e3 e7e5 b2b3 c7c5 g2h3 e5e4 f3e5 h7h6 b3b4 c5b4 e5c6 f6g8 c6d8 g7g6 f1b5 b8d7 c1b2 a6b5 b2c3 g8f6 d2d3 b4c3 d8f7 e8f7 d1e2 e4d3 c2d3 f8b4 e1g1 h8b8 f2f4 b4d6 b1c3 b5b4 c3a4 a8a5 e2f3 b4b3 g1h1 b3b2 a4b2 a5a1 f1a1 d7b6 b2a4 b6a4 a1a4 b8a8 a4a8 f7g7 f3g2 d6b8 d3d4 f6e4 g2f3 e4d2 f3d5 g7f6
74,W,material_adjudication,66,0.985719,370,2026-09-04 02:10:25,e2e4 b8c6 g2g4 g8h6 a2a4 g7g6 f2f3 a7a5 f1e2 c6d4 a1a3 a8b8 a3e3 e7e5 e3c3 h6g4 f3g4 d8e7 c3e3 f7f6 c2c4 b7b5 h2h3 b5a4 e2d3 c8a6 g4g5 f6g5 g1f3 d4f3 e3f3 d7d6 d1a4 e8d8 a4a5 f8g7 h1f1 g5g4 h3g4 b8a8 f1h1 a6b7 a5b5 c7c6 b5b3 g7f6 f3f6 e7f6 h1f1 d8e7 f1f6 e7f6 b3c2 f6e7 d3f1 a8a3 b2a3 h8f8 e1e2 f8d8 c2d1 d8d7 d2d3 h7h5 g4g5 e7f8
75,B,value_resign,58,0.954946,375,2026-09-04 02:10:38,h2h4 e7e5 h1h2 b7b6 g2g3 g7g5 c2c4 d7d5 b2b3 b8d7 c4d5 f7f6 h4g5 a7a6 g3g4 f6g5 f2f4 f8c5 c1b2 g8e7 e2e3 h8f8 a2a3 e7c6 d2d4 e5f4 f1g2 c8b7 d5c6 b7c6 d4c5 c6g2 e3f4 g5f4 b1c3 a6a5 h2g2 d7c5 d1b1 c5b3 g4g5 b3a1 b1a1 f4f3 g2h2 d8g5 c3d5 g5d5 g1f3 a8c8 h2h7 f8f3 h7h3 f3h3 e1f1 d5c6 f1e2 c8a8
76,W,value_resign,59,1.068923,380,2026-09-04 02:11:20,e2e4 b8c6 g2g4 g8h6 a2a4 g7g6 g1h3 h8g8 b2b3 c6d4 d2d3 e7e6 a4a5 d8h4 e4e5 f8b4 c1d2 h6g4 d2b4 d4c2 d1c2 f7f5 b4c3 f5f4 h3g5 h4g5 b1d2 g5h5 a1d1 g4e3 f2e3 h5h4 e1e2 h4g4 e2f2 g4f5 d2e4 b7b6 e3f4 f5f4 f2e1 e8e7 c3d4 f4f3 c2e2 f3h1 a5b6 a7b6 h2h3 c8b7 b3b4 a8a2 e2a2 h1h2 a2h2 g8e8 d1c1 b7e4 f1g2
77,W,value_resign,47,0.987342,385,2026-09-04 02:11:20,e2e4 a7a5 d2d3 f7f6 b2b3 b8c6 a2a4 b7b6 f2f4 a8b8 b1a3 c6d4 c1e3 d4b3 a3c4 c8b7 d1b1 b3a1 e3d2 a1c2 b1c2 d7d6 c4e3 d8c8 g2g3 c8g4 e3g4 b7a6 c2c3 h7h5 g1h3 h5g4 h3f2 a6b7 f2g4 g8h6 g4h6 g7h6 c3c7 b8c8 c7b7 c8b8 b7b8 e8d7 f1g2 f6f5 g3g4
78,W,value_resign,33,0.972690,390,2026-09-04 02:13:08,d2d3 g7g6 g2g4 f7f6 b1d2 f8h6 f2f3 a7a6 e2e4 a6a5 c2c3 b8a6 d1c2 a6b4 c3b4 a5b4 h2h4 h6e3 e1e2 a8a2 f1g2 a2a1 e2e3 e7e5 h4h5 e8e7 h5g6 a1a3 g6g7 d8e8 g7h8q e7d8 d2b3
79,B,value_resign,46,0.988083,395,2026-09-04 02:14:05,f2f3 a7a6 e2e4 h7h5 g2g4 h8h7 b1a3 c7c5 h2h4 e7e5 d2d4 e8e7 f3f4 h5g4 c2c3 c5d4 d1e2 g8f6 a3c2 f6e4 b2b4 a6a5 c3d4 a8a6 e2g2 a5a4 f1a6 b7a6 h4h5 d7d5 g2f1 e4g3 f1g2 g3h1 e1f1 e5d4 g2h1 b8c6 h5h6 g7h6 g1f3 g4f3 c1b2 d8d7 f1g1 c8b7
80,W,material_adjudication,88,1.033694,400,2026-09-04 02:15:28,h2h4 h7h5 e2e4 e7e5 b2b4 d7d6 b1a3 b7b5 d2d3 b8d7 d1e2 d8e7 c1g5 c7c5 a1d1 c5b4 a3c4 b5c4 g5e7 e8e7 a2a4 c4d3 c2d3 d7b6 e2d2 b4b3 d2e3 c8g4 g1e2 b6a4 e3c1 a8e8 d1d2 a4c5 c1b2 a7a5 e2c3 f7f6 h1g1 c5d7 b2b3 e8d8 b3b7 g7g6 c3e2 h8h7 f2f3 g4e6 g2g4 h5g4 f3g4 h7h8 e2c3 a5a4 g4g5 a4a3 e1d1 a3a2 b7b2 e6f7 g1g4 f6f5 g4g2 a2a1q b2a1 f7e8 g2e2 f5f4 h4h5 e7f7 a1a4 f4f3 e2f2 h8h5 f2f3 f7e6 d1e1 d8a8 a4b4 d7c5 c3d5 a8a2 d2a2 h5h4 b4a5 h4h2 a2a1 h2c2
81,B,value_resign,70,1.063997,405,2026-09-04 02:15:43,h2h4 e7e5 c2c4 h7h5 h1h2 d7d5 b1a3 h8h7 a3b5 e8e7 c4d5 b8d7 d1c2 b7b6 f2f4 e5f4 b2b3 f4f3 c1a3 e7e8 e2e4 f8e7 f1d3 e8f8 b5a7 a8a7 a3e7 d8e7 a2a4 e7e8 g1f3 e8d8 a4a5 a7a5 a1c1 g8e7 g2g4 e7d5 e1f2 d5b4 g4h5 b4c2 d3c2 b6b5 b3b4 c7c5 b4a5 h7h6 c2b3 f7f6 f3e1 h6h5 e4e5 d7e5 a5a6 e5d3 f2g1 c8d7 a6a7 f8e7 a7a8q d8a8 e1d3 c5c4 b3c4 b5c4 d3e5 f6e5 h2h1 g7g5
82,W,value_resign,35,0.910042,410,2026-09-04 02:15:58,b1a3 b8a6 b2b4 b7b5 f2f4 c7c5 d2d4 c5b4 c2c4 d7d6 a1b1 b5c4 g2g4 d8b6 e2e3 c8g4 h2h3 g8h6 h3g4 h6g4 e1e2 g4e3 c1e3 a8b8 a3c4 e8d7 c4b6 b8b6 d1d2 d7e8 g1f3 e7e6 f1h3 g7g6 e2d3
83,W,material_adjudication_moderate,132,0.967957,415,2026-09-04 02:18:46,a2a4 h7h5 a4a5 h5h4 d2d3 c7c6 b1d2 e7e5 c2c4 g7g6 a5a6 g6g5 f2f3 d7d5 a1a5 d8a5 c4c5 e8d7 g2g3 a5a6 d1c2 a6b6 c5b6 d7d6 b2b4 c8e6 g3h4 a7b6 g1h3 g5h4 h3g5 f8e7 g5f7 e6f7 f1h3 f7e6 h3e6 d6e6 h2h3 h8h5 c1b2 d5d4 c2c4 e6d6 e1f1 b6b5 c4g8 e7f6 g8b3 d6c7 d2e4 b8a6 e4f6 a6b4 f6h7 b4d5 b3d1 d5e3 f1f2 e3d1 h1d1 h5h7 d1a1 a8d8 e2e3 h7h8 e3d4 e5d4 b2d4 d8d4 a1c1 h8f8 f2e3 c7d8 c1a1 d8e7 e3d4 b7b6 d4e3 c6c5 a1a3 e7e8 a3a7 e8d8 e3d2 d8c8 d3d4 c5d4 d2d3 f8f6 d3e2 c8b8 a7d7 b8a8 d7d4 f6e6 e2d1 e6f6 d4h4 f6f8 h4g4 a8b8 d1c1 b8c8 f3f4 f8f5 g4h4 f5f6 f4f5 b5b4 h4f4 c8d8 f4b4 d8c7 b4f4 f6f5 f4f5 c7d6 f5f6 d6e7 f6f3 e7d6 c1d1 d6e6 d1c1 e6e5 f3e3 e5d4 e3e7 d4c5 e7c7 c5d6
84,B,material_adjudication,66,0.949657,420,2026-09-04 02:18:47,b2b3 e7e6 e2e4 f8c5 f2f3 f7f5 b1a3 g8f6 g1e2 f5f4 a3b5 f6g8 g2g4 e8e7 c1a3 c7c6 d1c1 c6b5 h2h4 c5a3 c1d1 d8f8 e4e5 g7g6 h4h5 b5b4 d1b1 a3c1 d2d4 e7e8 b1c1 b8a6 a2a3 g6g5 e1f2 b7b6 a3b4 c8b7 b4b5 a6c7 h5h6 g8h6 c2c4 h6g4 f3g4 b7h1 e2f4 g5f4 c1b2 a7a5 a1b1 e8f7 b2a3 h8g8 b1a1 g8h8 a1b1 h8g8 b1a1 h7h6 a1b1 g8h8 b1a1 h8h7 a1b1 f7e8
85,W,checkmate,35,0.930210,425,2026-09-04 02:19:27,h2h4 h7h5 e2e4 e7e5 f1c4 b7b5 e1e2 c8a6 b2b3 d8e7 d2d3 d7d5 a2a4 d5c4 a4b5 e7d7 b5a6 c4b3 a1a3 b3c2 d1e1 e8e7 c1g5 e7e8 e1c1 c2b1q c1b1 f8a3 b1b7 b8a6 b7a8 a6b8 a8b8 d7c8 b8c8
86,B,material_adjudication,71,1.053010,430,2026-09-04 02:21:17,g1h3 d7d6 h1g1 h7h5 b2b3 e7e6 a2a4 f8e7 d2d3 g8f6 h3f4 b8a6 a1a2 a8b8 b1a3 b7b5 a4b5 b8b5 a3b5 c8d7 f4g6 f7g6 a2a6 f6d5 b5c7 d8c7 c1d2 h8f8 e2e4 d7c8 e4d5 c8a6 d2e3 g6g5 d5e6 e7f6 g2g3 f6c3 e1e2 d6d5 f1g2 g7g6 g2f3 e8e7 e3a7 c7a7 d1f1 e7e6 f3g2 a7e7 f2f4 e6f7 e2d1 d5d4 f4g5 f7g7 g2f3 f8b8 f3e2 e7d7 f1f3 h5h4 g1f1 h4h3 f3d5 d7d5 e2f3 d5e5 f3d5 b8c8 f1f3
87,B,material_adjudication_moderate,133,1.040130,435,2026-09-04 02:21:32,h2h4 h7h5 c2c4 e7e5 a2a3 a7a5 b2b3 d7d5 e2e4 b8d7 g2g4 g8h6 c1b2 f8c5 e4d5 c5d4 g4h5 d4b2 d1e2 h8g8 e1d1 b2a1 f2f3 d7b6 g1h3 a1d4 h3g1 h6f5 f1h3 b6a4 h3f1 f5g3 e2f2 g3f1 f2f1 b7b6 h1h2 c8b7 h5h6 g7h6 b3a4 b7d5 c4d5 d8e7 h2f2 e8d8 h4h5 d8d7 f3f4 e5f4 d5d6 d7d6 f2h2 e7d7 f1e2 d7c6 g1f3 d4f6 f3h4 a8d8 d2d4 f6g7 b1d2 g7d4 h4f5 d6d5 f5d4 d5d4 d2e4 c6d7 d1c2 f4f3 e2f3 d7e7 e4f6 e7c5 c2d2 g8e8 f6e8 d8e8 h2h4 d4e5 d2e2 e5d6 e2d2 f7f5 h4f4 c5e5 f3d3 e5d5 d3d5 d6d5 f4f3 c7c6 d2c1 f5f4 f3f4 e8c8 f4f3 d5c4 c1b2 c8c7 b2c2 c7c8 f3g3 c8c7 c2b2 c7c8 b2b1 c8c7 b1b2 c7c8 b2a1 c8f8 a1a2 f8f4 g3g4 f4g4 a2b2 b6b5 a4b5 c6b5 b2c2 a5a4 c2d2 b5b4 a3b4 g4h4 d2e3 h4h2 b4b5 h2h3 e3f2
88,B,value_resign,44,0.945774,440,2026-09-04 02:21:32,h2h4 b7b6 b2b3 h7h5 c1a3 e7e5 c2c4 b8a6 g2g4 g7g5 a3f8 e8f8 f2f4 d7d5 b1a3 h8h7 e2e4 h5g4 c4d5 d8e7 a1c1 g5h4 f1a6 e5f4 d2d3 a8b8 d3d4 c7c5 a3c4 c8a6 d4c5 b6c5 e1e2 e7e4 e2f1 f7f6 a2a4 e4h1 d1f3 g4f3 c1b1 b8d8 f1e1 a6c8
89,W,material_adjudication_moderate,91,1.112973,445,2026-09-04 02:23:44,e2e3 b8c6 f2f3 c6b4 a2a4 e7e6 e3e4 c7c6 a4a5 e8e7 e1e2 f7f5 e4f5 e6f5 c2c3 b7b5 a5b6 b4a2 d2d4 d7d5 b1a3 c8d7 a1a2 g7g6 a3b5 c6b5 a2a3 h7h6 c3c4 b5c4 c1g5 h6g5 h2h4 g5g4 b6b7 a8b8 d1c1 g8f6 b2b4 f6e4 f3e4 f5e4 h4h5 g4g3 h5g6 a7a6 b4b5 a6b5 h1h8 b5b4 a3g3 f8g7 e2e1 g7h8 f1e2 h8f6 g6g7 b4b3 g7g8q d8g8 g3g8 b3b2 c1b1 f6d4 g8g6 b8b7 e1d1 b7b8 e2f1 e4e3 g1e2 d4c3 d1c2 c3f6 g6f6 e7f6 b1d1 f6e7 c2b1 b8b5 d1d4 e7e8 d4e3 d7e6 g2g3 d5d4 e3d4 e6g4 d4c3 g4f5 c3c2
90,W,value_resign,77,0.977582,450,2026-09-04 02:24:38,f2f4 b8a6 c2c4 d7d6 f4f5 a8b8 b1a3 g7g5 a3b5 a6b4 d1b3 e7e5 f5e6 d6d5 b3b4 f8b4 b5c7 d8c7 a2a4 c8e6 b2b3 b7b5 c4b5 c7d6 g1h3 b4c5 d2d3 g5g4 a1a3 d6f4 c1f4 c5a3 f4b8 e6d7 h1g1 e8e7 b8e5 a7a6 b5b6 g4h3 e5h8 h7h5 g2h3 d7h3 f1h3 g8h6 e1d2 e7f8 e2e3 d5d4 g1f1 f8e7 h3g2 a3b4 d2d1 h6f5 g2e4 f5e3 d1e2 e3f1 e2f1 b4c3 b6b7 c3a5 f1f2 a5b4 f2f3 f7f5 e4d5 h5h4 h8g7 h4h3 b7b8q b4a3 b8b7 e7d6 b3b4
91,W,value_resign,65,0.980171,455,2026-09-04 02:24:39,g1h3 b7b5 a2a4 b8a6 c2c3 h7h6 h3f4 g7g5 d2d3 d7d6 b1d2 c8g4 h2h4 c7c6 f2f3 a6b8 f3g4 g5f4 a4b5 f8g7 a1b1 a7a6 b5c6 f4f3 d3d4 e7e6 d2f3 g7f8 d1b3 g8e7 e2e3 b8c6 f1e2 f7f5 b3c2 f5g4 e1g1 g4f3 e2f3 c6a5 f3a8 d8a8 g2g4 a8b8 g4g5 f8g7 c2h2 d6d5 h2b8 e8d7 g5g6 h8b8 b1a1 g7f6 a1a5 b8b5 a5a6 d7c7 h4h5 c7b7 a6a3 b7b8 b2b4 b8b7 c1b2
92,B,value_resign,50,1.019473,460,2026-09-04 02:24:40,g1h3 e7e6 g2g3 e6e5 e2e4 b7b6 f1d3 a7a6 h3g5 d7d6 f2f4 f7f6 g5h7 f8e7 f4f5 a6a5 d1h5 g7g6 h5h4 g6g5 h4h6 g8h6 d3c4 h6f7 d2d3 b8d7 h1g1 g5g4 g1h1 a8b8 b1c3 c8b7 b2b3 b8a8 e1e2 c7c6 a2a3 a8c8 c1b2 c8a8 a3a4 d8b8 c4f7 e8f7 d3d4 h8h7 d4e5 d7e5 b2a3 b8c8
93,B,value_resign,62,0.975927,465,2026-09-04 02:25:57,h2h4 b7b6 b2b3 c7c6 c2c3 b8a6 a2a3 h7h5 c3c4 d7d6 g2g3 c8d7 c1b2 a8b8 d2d3 e7e5 b1d2 f8e7 b2c3 g7g6 f1g2 g6g5 e2e4 g5g4 g2f1 d6d5 c4d5 b6b5 e1e2 f7f5 d1c1 g8f6 d5d6 e7d6 f2f4 g4f3 g1f3 f5e4 d3e4 a6c5 f1h3 d8e7 f3h2 b8d8 h1f1 d7h3 e2f3 h3d7 c3e5 d6e5 c1c4 e5d4 f1g1 d8a8 g1c1 d4e3 f3e3 b5c4 b3c4 h8f8 e4e5 a8c8
94,B,material_adjudication,66,1.055442,470,2026-09-04 02:25:30,h2h4 e7e5 h4h5 b7b6 d2d4 g8e7 d4e5 f7f6 e5f6 g7f6 c1d2 d7d6 b2b4 c7c5 a2a4 a7a6 e2e3 c5b4 f1e2 c8b7 a4a5 b8c6 b1a3 b4a3 a1b1 e8d7 a5b6 h7h6 b1a1 d8b6 e1f1 b6c5 d1b1 d7c8 g2g3 c8b8 b1b6 c5b6 a1b1 f6f5 b1b6 d6d5 f2f3 f5f4 g3f4 h8g8 h1h4 c6a7 f4f5 e7f5 h4d4 f5d4 e3d4 f8d6 b6d6 g8f8 d2e1 a3a2 d6g6 a2a1q c2c4 d5c4 g6f6 f8f6 f1g2 b8c7
95,W,value_resign,37,1.083793,475,2026-09-04 02:26:56,e2e3 a7a5 d1h5 g8f6 h5h4 b7b5 g2g3 c8a6 f1b5 a6b5 f2f3 c7c5 a2a4 b5c6 b1c3 g7g5 h4g5 f6g4 h2h4 c6e4 f3f4 b8c6 c3e4 g4f2 g1h3 f8g7 e1e2 f2h1 g5g7 f7f6 g7h8 e8f7 h8h7 f7f8 b2b3 a8c8 h3g1
96,W,value_resign,26,0.959940,480,2026-09-04 02:27:09,b1a3 g8f6 d2d3 d7d5 a1b1 a7a6 f2f3 e8d7 e2e4 d7e6 c2c3 h7h5 a3c2 d5e4 f3e4 e6d7 b2b3 e7e5 h2h4 f6e4 g1e2 d8g5 c1g5 f8e7 c2b4 e7c5
97,B,material_adjudication,66,1.051982,485,2026-09-04 02:28:52,g1h3 g8f6 a2a4 a7a5 c2c4 b8c6 f2f3 f6g4 f3g4 f7f5 e1f2 f5g4 e2e4 h7h6 c4c5 g4h3 f2g1 c6e5 d2d4 e5f7 g2g3 g7g6 e4e5 a8b8 f1h3 d7d5 g1f2 c8h3 a1a2 f8g7 b2b4 h8f8 e5e6 h3e6 b1a3 g6g5 g3g4 b7b5 c5c6 h6h5 d1c2 b8b6 b4a5 e6f5 g4h5 f5c2 a3c2 b6c6 a2a3 d8d6 a3b3 f7d8 f2e1 g7f6 h5h6 e7e5 d4e5 d6e5 c1e3 e5d6 h2h4 b5a4 h4g5 a4b3 h1h2 f8g8
98,B,material_adjudication,66,1.066617,490,2026-09-04 02:30:23,d2d3 b7b5 b1a3 a7a6 e2e4 f7f6 g2g3 d7d6 a1b1 c7c6 g3g4 e7e5 a3c4 c6c5 d3d4 c5d4 d1d3 b5c4 d3e2 e8d7 f2f3 c8b7 f3f4 g8e7 g1f3 d8b6 f3e5 d6e5 f4e5 b8c6 e5f6 g7f6 e4e5 f6e5 e2e5 c6e5 c1d2 b6c5 h2h4 b7c6 f1e2 c6b7 h1h3 h8g8 e1d1 e5g4 e2g4 d7d6 d2c3 d4d3 g4f3 b7d5 a2a4 f8h6 c2d3 c4d3 f3e2 d5c4 b2b4 c5c6 e2d3 g8e8 b4b5 c6b7 b5a6 b7c6
99,B,material_adjudication,66,1.025298,495,2026-09-04 02:30:38,h2h4 e7e5 c2c4 h7h5 c4c5 d7d5 e2e4 d8e7 b2b3 c8g4 f2f4 b8d7 c1b2 b7b5 f1d3 b5b4 f4e5 g4d1 e5e6 e7e6 g1h3 c7c6 e1d1 d5e4 d3e4 a8c8 a2a4 g8f6 e4f3 c8c7 h3g5 e6e7 g5h3 e8d8 g2g4 f6g4 h1h2 g4h2 b2d4 d7c5 d4c5 e7c5 d2d4 c5e7 f3e4 c6c5 d4c5 g7g5 h4g5 a7a5 b1d2 c7c6 e4c6 h2f1 d2f3 f1e3 d1c1 d8c7 h3g1 c7c6 a1b1 h5h4 c1b2 h4h3 g1h3 e7d7
100,B,value_resign,56,0.980122,500,2026-09-04 02:31:43,g1h3 c7c5 d2d4 b7b5 g2g3 f7f6 c2c3 e8f7 h3g5 f6g5 h2h4 h7h5 f1g2 g8h6 h4g5 c8b7 g2b7 a7a5 c1d2 b5b4 b7c8 b4c3 g5h6 c3b2 e2e3 d8c8 e1e2 c8b7 d4c5 b7a6 e2e1 h8h6 d1c2 g7g5 c2c4 d7d5 c4d5 e7e6 d5g5 a6c6 g3g4 b2a1q g4h5 a5a4 e3e4 f7e8 e4e5 c6d5 h1g1 d5e4 e1d1 f8e7 d1c1 e8d8 g5g8 d8d7
101,B,value_resign,48,0.906752,505,2026-09-04 02:32:01,h2h4 e7e5 g1f3 b7b6 b2b3 c7c6 c2c4 a7a6 c1a3 f8a3 b1a3 c6c5 f3g5 f7f6 f2f3 e8e7 a1c1 g8h6 g2g3 h6f5 h4h5 f5g3 f1g2 c8b7 g5e6 d7e6 a3b5 a6b5 h1h3 e7d6 c4b5 b8d7 h3g3 c5c4 b3c4 d8f8 f3f4 b7g2 g3g2 e5f4 h5h6 g7g6 d1a4 a8a4 c4c5 d7c5 e2e4 f6f5
102,W,value_resign,45,0.969277,510,2026-09-04 02:33:44,b1c3 h7h5 b2b3 b7b6 g1h3 c7c6 c1b2 f7f5 d2d3 a7a5 a2a4 d7d6 c3e4 f5e4 h3g5 c8b7 f2f4 a8a6 g5e6 a6a7 e6d8 b8a6 h1g1 g8h6 g1h1 e8d8 b2g7 h6g4 c2c3 f8g7 a1c1 g4e3 d1d2 a6c5 d2e3 d8e8 e3g3 h5h4 g3g7 h8g8 g7g8 e8d7 c1c2 e4d3 c2d2
103,W,value_resign,67,1.009044,515,2026-09-04 02:36:29,e2e3 a7a5 f1b5 a5a4 h2h3 a8a6 d1f3 e7e5 g2g3 e5e4 f3h5 g7g6 h5d5 g6g5 d5e4 g8e7 g1f3 f7f5 e4f5 e7f5 b5a4 a6b6 h1g1 h7h6 b2b3 h8g8 d2d3 f8a3 b1a3 b6f6 g3g4 f5e3 f2e3 f6f3 e1e2 f3h3 g1g3 h3h2 e2e1 c7c5 a4b5 b8c6 c1b2 e8f7 g3h3 d7d5 h3h2 d8d7 h2d2 f7e8 b5c6 d7c6 c2c4 c6d7 c4d5 g8f8 a3c4 f8f6 b2f6 d7d5 c4b2 d5e5 f6e5 e8f8 e1f1 f8e8 f1e2
104,W,value_resign,41,0.992078,520,2026-09-04 02:36:30,a2a4 d7d6 a1a3 g8f6 a3c3 a7a6 h2h4 d6d5 d2d4 e7e5 c1d2 e5d4 c3c7 d8e7 g1h3 c8d7 b2b4 d4d3 c7c5 e7e5 g2g4 d5d4 b1c3 e8e7 f2f3 g7g5 c3b1 f6d5 c5d5 e5f6 c2d3 g5h4 f1g2 a6a5 b4a5 f6e5 d5e5 e7d8 g4g5 f8d6 e2e3
105,B,value_resign,52,1.053332,525,2026-09-04 02:37:12,e2e3 a7a5 f1b5 a5a4 c2c3 c7c6 g2g3 d7d6 h2h3 c6b5 d1f3 b8d7 a2a3 h7h5 h3h4 g7g5 b2b4 g5g4 d2d4 g8h6 c1d2 h6f5 f3d1 f5h6 e3e4 f8g7 d4d5 h6f5 d1c1 d8b6 e4f5 a8a6 g1e2 b6c7 f5f6 e7f6 d2e3 f6f5 f2f3 g4f3 e3d2 f3e2 c1b2 e8f8 b2c2 d7b6 c2f5 c8f5 h1h2 c7d7 e1f2 f8e8
106,W,value_resign,24,0.995353,530,2026-09-04 02:37:26,d2d3 a7a6 e2e4 b7b6 a2a3 f7f5 b2b3 b8c6 c2c4 c8b7 f2f3 h7h5 c1g5 e8f7 f1e2 f5e4 d3e4 e7e6 g5d8 g8f6 g2g3 a8b8 b3b4 f6e8
107,B,value_resign,62,0.947761,535,2026-09-04 02:38:36,e2e3 g7g6 f2f4 b8a6 g1h3 g8f6 e1e2 b7b6 b1a3 f6d5 d2d3 d5e3 e2e3 e7e6 f4f5 f7f6 e3d2 g6g5 g2g4 f8e7 h3g1 a8b8 a3c4 a6c5 f5e6 d7e6 d2e2 a7a5 f1h3 b6b5 d1f1 b5c4 a2a3 e6e5 b2b3 f6f5 b3c4 c5a4 c2c3 b8b3 c4c5 d8d7 c1g5 e7g5 g4f5 g5f6 a1b1 b3b1 f1b1 e8g8 c5c6 d7c6 h3g2 c6c5 d3d4 c5c4 b1d3 c4d3 e2d3 h7h6 g2f3 g8h8
108,W,material_adjudication,66,0.965874,540,2026-09-04 02:39:33,b1a3 a7a5 f2f3 a5a4 b2b4 e7e5 g1h3 a8a6 b4b5 a6e6 b5b6 g8e7 a3c4 e7d5 h3g5 c7c6 g5e6 d5e3 e6f8 e8f8 d2e3 f8e7 d1d3 f7f6 e1d2 c6c5 g2g3 d8f8 c4a3 e5e4 d3c3 f6f5 f3f4 g7g5 f4g5 d7d6 g3g4 c5c4 c1b2 f8g7 d2e1 g7c3 b2c3 h8d8 h1g1 f5f4 e1d2 c8d7 d2d1 h7h5 g5g6 d7g4 g6g7 f4e3 c3b2 g4e6 a3c4 h5h4 c4e3 e6g8 a2a3 b8d7 f1g2 d7e5 c2c4 d8c8
109,B,value_resign,102,0.920818,545,2026-09-04 02:41:59,g1h3 c7c5 d2d4 h7h5 e1d2 d7d6 f2f3 a7a6 h3f2 c5d4 c2c4 d4c3 b2c3 b8c6 c1b2 e8d7 a2a3 g7g5 c3c4 e7e6 e2e4 a8a7 b2h8 f7f6 d2c3 g8h6 d1e2 d6d5 e2d3 b7b5 c4d5 e6d5 e4d5 a6a5 c3d2 c6b4 a3b4 a5b4 b1a3 a7a3 a1a3 b4a3 h2h3 a3a2 f1e2 a2a1q h1a1 h6f5 a1b1 f8g7 b1b5 c8a6 b5b4 a6d3 h8g7 d3e2 d2e2 f5g3 e2e1 d8e8 e1d1 e8f7 f2d3 f7g7 d1e1 g7f8 e1f2 f6f5 f2g3 d7d6 f3f4 g5g4 h3g4 h5g4 b4b5 f8g7 g3f2 g4g3 f2g1 g7f6 b5b4 d6d5 g1f1 f6e7 f1g1 e7d6 g1f1 d5e6 b4b7 d6d3 f1e1 d3c2 b7c7 c2b3 c7c5 b3e3 e1f1 e3c5 f1e2 c5e7 e2f1 e7f8
110,B,value_resign,77,1.031622,550,2026-09-04 02:42:28,g1h3 e7e6 g2g4 h7h6 h3g5 f8b4 g5h3 d8h4 g4g5 b4f8 a2a4 b8a6 d2d3 e8e7 e2e3 a6b4 a4a5 b7b5 g5h6 e6e5 b1d2 h4f6 d1e2 c8a6 h3f4 g7g5 c2c3 g5f4 e1d1 f4e3 f2e3 b4d3 e2d3 g8h6 f1e2 h6g4 e2g4 c7c5 g4d7 f8h6 d3d5 h8d8 h1f1 d8d7 d5a8 f6f1 d1c2 f1f6 a8f3 c5c4 f3f6 e7f6 d2f3 d7d6 h2h3 f6e7 f3e5 d6d5 e5f3 f7f5 f3h4 e7e8 c2b1 h6g5 e3e4 f5e4 c1g5 d5g5 b1a2 g5h5 a1d1 h5h4 d1d8 e8d8 b2b3 d8c7 b3b4
111,W,material_adjudication,66,1.007547,555,2026-09-04 02:44:20,e2e3 a7a5 f1b5 a5a4 e1e2 c7c6 c2c3 d7d6 b1a3 c8h3 g2g3 c6b5 g1h3 f7f6 h3g1 b5b4 a3c4 g8h6 f2f4 d8c8 c3b4 e7e5 g1f3 h6g8 g3g4 a8a6 d1a4 a6a4 c4a3 g7g5 a3b5 a4a8 d2d4 g8e7 f4e5 b8c6 e5d6 c8g4 c1d2 c6b4 d6e7 f8e7 h1c1 g4g3 h2g3 g5g4 f3g1 b4a2 c1b1 h8f8 b5c7 e8d8 c7a8 e7b4 e2e1 d8e8 d4d5 b4c3 d2c3 e8d8 c3d4 d8e8 b1d1 h7h6 a8c7 e8d8
112,W,material_adjudication_moderate,76,1.008820,560,2026-09-04 02:44:34,e2e4 c7c5 g1e2 h7h5 d2d4 c5d4 f2f3 f7f6 f3f4 f6f5 d1d3 a7a5 e1f2 e8f7 c2c3 d8c7 e4f5 h5h4 d3c2 d4c3 b1c3 b7b6 b2b3 b6b5 c1b2 b8a6 c2d3 a6b4 c3b5 b4d3 f2f3 c7c6 f3g4 c8b7 b5d4 c6c5 g2g3 h4g3 d4e6 b7c6 e6c5 d3c5 a2a3 g8f6 b2f6 g7f6 h2g3 a8d8 b3b4 a5b4 a3b4 c5e4 h1h8 d8e8 g4f3 e8c8 h8h5 e4c3 f3f2 c3d5 f1g2 c6b7 g2d5 b7d5 e2d4 d5b7 f2f1 d7d5 d4e6 f8g7 f1f2 c8a8 a1f1 a8a6 f1c1 d5d4
113,W,checkmate,31,1.019171,565,2026-09-04 02:44:35,d2d3 b7b6 b1a3 d7d6 a1b1 a7a5 f2f3 e8d7 e1d2 f7f5 e2e4 g8h6 b2b3 a8a6 g1e2 c8b7 e2f4 f5e4 f4e6 d7e6 b1b2 e4d3 c2d3 e6e5 d2e1 e5d4 d1d2 g7g5 d2g5 h6g4 a3b5
114,W,value_resign,47,1.055419,570,2026-09-04 02:44:50,b1a3 f7f6 b2b4 c7c5 b4b5 a7a5 c2c4 f6f5 f2f3 d7d5 c4d5 e7e6 e2e4 b8d7 f1e2 f5e4 d5e6 f8d6 f3e4 g8f6 d1b3 a5a4 b3f3 d6g3 h2g3 a8b8 e2d3 d8e7 c1b2 e7e6 g1e2 d7e5 b2e5 e6e5 e1g1 c8g4 f3e3 c5c4 e3f4 c4d3 f4e5 g4e6 e5e6 e8d8 e2f4 f6g4 g1h1
115,W,value_resign,45,0.995205,575,2026-09-04 02:47:07,d2d3 b7b6 g2g4 d7d6 b1d2 g8h6 e2e4 a7a5 f2f3 a5a4 f1g2 h6g8 e1e2 e7e5 c2c3 c8d7 d3d4 d8e7 e2f1 e5d4 c3d4 e7e6 h2h4 f7f6 b2b3 c7c6 c1b2 h7h6 g1h3 g7g5 h4g5 f6g5 a1b1 a4b3 h3g1 f8e7 a2b3 g8f6 d4d5 e6d5 e4d5 h6h5 d1e1 h5h4 b1c1
116,B,material_adjudication_moderate,76,0.977017,580,2026-09-04 02:48:34,b2b3 b7b6 c2c3 c7c6 b1a3 f7f6 f2f3 b6b5 a3c4 e8f7 e2e4 d7d5 c4e3 a7a6 f1e2 d8a5 d1c2 d5e4 c3c4 a5d8 f3e4 d8d6 e3f5 d6e5 e2d3 e5a1 e1f1 a8a7 c4c5 f7e6 f5e3 g7g6 g1f3 e6d7 f1e2 e7e6 c1b2 a1h1 b2f6 g8f6 f3e5 d7e8 c2d1 b8d7 d1h1 f8h6 h1f1 d7e5 f1f3 g6g5 g2g3 f6g4 e3d1 e5d3 e2d3 g4e3 d3e3 e8d7 a2a4 b5b4 e3d4 e6e5 d4d3 d7c7 f3e2 a7b7 d3e3 h8d8 e2c4 h6g7 d2d3 g7f6 a4a5 d8f8 d1b2 b7b8
117,B,material_adjudication,73,0.962878,585,2026-09-04 02:49:04,d2d3 b7b6 b1a3 d7d6 a1b1 f7f6 a3b5 c7c5 g2g3 a7a6 b2b3 g7g5 b5a7 c8d7 e2e4 d7e6 h2h4 a8a7 g3g4 g5h4 d1e2 b8d7 b1a1 a7a8 f2f4 d8b8 f4f5 e6b3 a2b3 h7h5 d3d4 f8h6 g4g5 e8f8 g5h6 g8h6 f1h3 h6g4 d4c5 d7c5 g1f3 g4f2 e1f2 d6d5 e4d5 b8b7 c2c4 h8h6 e2e6 c5e6 f5e6 a8c8 a1a4 b6b5 c4b5 a6b5 a4b4 b7d5 c1h6 f8e8 f3h4 d5h1 b4b5 h1h3 b5d5 h3e6 d5c5 c8c5 b3b4 c5c4 b4b5 c4d4 b5b6
118,W,value_resign,30,1.035771,590,2026-09-04 02:49:33,e2e4 b8c6 b2b3 a7a5 c2c3 c6d4 g1e2 c7c5 c3d4 a8a7 b1a3 a5a4 h1g1 a4b3 a3b5 a7a6 a2b3 f7f6 a1a6 b7a6 d2d3 a6b5 d4c5 g8h6 e2d4 h6f7 f2f4 b5b4 f4f5 e7e5
119,D,cap_draw,150,1.041140,595,2026-09-04 02:50:02,h2h4 b7b6 c2c3 e7e6 g2g3 d7d6 b2b3 g7g5 g1h3 b8d7 h3g5 c7c5 c3c4 h7h6 g5e6 g8e7 e6d8 f7f6 g3g4 e8d8 c1b2 e7c6 b2c1 a7a6 h1g1 h6h5 a2a4 f6f5 c1a3 h5g4 f1g2 h8h7 g2d5 c6e5 d5e6 h7e7 e6d7 c8d7 f2f3 g4f3 h4h5 f3e2 d1e2 e7e6 e1d1 e5g4 g1g4 f5g4 a3b2 e6e2 d1e2 f8h6 a1a3 d7c8 b1c3 c8b7 c3b5 a6b5 a4b5 a8a3 b2a3 b7g2 e2f2 g2h1 f2g1 h1e4 a3b2 e4d3 g1g2 d8c8 b3b4 c5b4 b2a1 g4g3 g2g3 d3c2 d2d4 c8c7 g3f3 c7d7 f3e2 d7e6 e2f3 e6d7 f3g2 d7d8 g2g3 d8e7 g3f3 c2a4 d4d5 e7d7 a1f6 h6f8 f3g3 a4b5 c4b5 b4b3 g3h4 b3b2 f6b2 d7c7 b2a3 c7d7 h4g5 d7c7 h5h6 c7d7 g5h5 d7e7 h5g5 e7d7 g5h5 d7e7 h5g4 f8h6 g4h4 h6f8 h4g5 e7d7 g5g6 d7c7 a3b4 c7d8 b4a3 d8d7 a3b4 d7c7 b4a3 c7d7 a3c1 d7c7 c1b2 c7d7 b2c1 d7c7 c1b2 c7d7 b2c1 d7c7 c1b2 c7d7 b2c1 d7c7 c1d2 c7b8 d2c1 b8a8 g6f7 f8e7
120,W,material_adjudication_moderate,110,1.013423,600,2026-09-04 02:50:02,f2f3 a7a6 e2e4 h7h5 g2g3 h8h6 d2d3 c7c5 f3f4 h6d6 b1d2 d6d3 f1d3 a6a5 g1h3 f7f5 c2c4 f5e4 d2e4 b8c6 h3g5 d7d5 d1e2 d5e4 e2f1 c6b8 c1d2 d8d3 a1d1 a5a4 b2b4 d3f1 h1f1 a8a7 b4c5 h5h4 g3h4 c8f5 e1e2 e7e6 d1e1 f8e7 f1f2 b8c6 e1d1 f5g4 e2e3 e8d7 d1g1 g4f5 e3e2 c6d4 e2e3 e7f6 g5e4 d4c6 e3d3 d7e8 g1f1 c6e7 c5c6 f5e4 d3e4 b7c6 e4d3 a7a8 f4f5 e7f5 f2f4 f5h4 c4c5 h4g6 f4g4 a8d8 d3e2 g8e7 g4e4 e7d5 f1f2 g6f4 d2f4 d5f4 f2f4 e8d7 e4a4 d8a8 a4a8 g7g6 a8a7 d7c8 e2f3 c8b8 f3f2 b8a7 f4f6 g6g5 h2h4 g5h4 f2f1 h4h3 f1g1 e6e5 a2a4 e5e4 g1h2 e4e3 f6f1 e3e2 f1e1 a7a8
121,W,value_resign,33,1.031748,605,2026-09-04 02:52:15,e2e3 f7f5 b1c3 f5f4 e3f4 c7c6 g1e2 d8c7 c3a4 d7d5 d2d3 e7e5 b2b4 e5f4 c2c3 h7h6 e2d4 g8f6 d1c2 f8d6 h2h3 b7b6 d4e6 c7d8 e6d8 b8a6 c3c4 h6h5 g2g3 a6c5 b4c5 b6c5 c4d5
122,W,value_resign,57,0.955774,610,2026-09-04 02:52:56,e2e4 b8c6 g2g4 g8h6 a2a4 b7b6 b1c3 h6g4 c3d5 h7h5 h2h3 f7f5 e4f5 h8g8 h3g4 a8b8 d2d3 g7g5 e1d2 f8g7 f1g2 g7d4 d2e1 h5h4 c1f4 a7a5 d1d2 g5f4 c2c4 c6b4 g4g5 b4d5 g2d5 d4g7 f5f6 e7f6 e1f1 f6g5 d5g8 d7d6 a1c1 d8d7 g8d5 h4h3 g1h3 g5g4 h3f4 g4g3 f4e6 d7e6 d5e6 g3g2 f1g2 g7d4 c1e1 c8b7 f2f3
123,B,material_adjudication,67,1.021906,615,2026-09-04 02:53:11,d2d3 h7h6 b2b3 b7b6 e2e4 c7c6 d1e2 e7e5 c1f4 e5f4 c2c4 g8f6 e1d1 f8a3 b1d2 a3e7 h2h4 b8a6 e2e1 a6b4 e1e2 b4a6 g2g4 f4f3 e2f3 e8f8 f3e2 b6b5 g4g5 h6g5 c4b5 c6b5 f2f3 g5g4 a2a4 g4f3 g1f3 d7d6 a4b5 c8d7 b5a6 a8b8 f3e5 d6e5 h4h5 f6h5 h1h5 h8h5 e2h5 f7f6 d1e2 g7g6 h5h3 d7h3 f1h3 g6g5 h3e6 d8c7 d2f3 c7c5 f3e5 f6e5 e2f3 c5d6 f3e2 b8d8 d3d4
124,B,value_resign,48,0.982617,620,2026-09-04 02:55:40,e2e3 g7g6 g1h3 b7b6 f2f3 e7e5 h3g5 b8a6 b1c3 f7f6 e3e4 f6g5 d1e2 b6b5 d2d3 d7d6 e1d2 g8e7 b2b3 h8g8 a2a4 b5b4 c3b1 f8g7 c1b2 g8f8 d2e3 c8e6 b2d4 c7c6 a4a5 d8c7 a1a3 b4a3 c2c4 g7f6 h1g1 a8c8 g2g4 a6b4 a5a6 e5d4 e3d2 c8a8 b1a3 c7d8 a3c2 a8b8
125,B,material_adjudication,85,1.035947,625,2026-09-04 02:56:23,d2d3 a7a6 b2b3 b7b5 c2c3 f7f6 f2f3 c7c5 e2e4 d8c7 e1e2 e8f7 d3d4 h7h6 d1c2 f6f5 h2h4 g8f6 e4e5 c5d4 c1g5 f6h7 c2f5 f7g8 e5e6 d7e6 f5d3 c8d7 d3d4 b5b4 g2g4 b8c6 d4f2 c6a5 g5d2 e6e5 c3b4 c7d8 b4a5 e7e6 b1a3 a8b8 b3b4 f8b4 d2b4 b8b4 e2e3 d8f6 a1c1 b4a4 f1h3 a4a3 e3d2 a3a5 g4g5 a5a2 c1c2 a2c2 d2c2 h6g5 f2e1 d7a4 c2c3 f6f4 g1e2 f4f3 c3c4 f3b7 e2c3 a4c6 h4g5 g7g6 e1e5 c6h1 c3a4 b7c6 a4c5 g8f7 h3g2 c6g2 e5d6 f7g8 d6d7 a6a5 d7d2
126,B,value_resign,52,0.962418,630,2026-09-04 02:56:24,e2e3 a7a5 e1e2 g8h6 h2h4 b7b5 b1c3 d7d5 f2f3 h6g4 g2g3 c8b7 f3g4 d8d6 d2d4 b5b4 f1h3 h8g8 a2a3 b4c3 g1f3 g7g6 e2f1 e7e6 f1e2 f8e7 b2c3 d6c6 f3g1 f7f5 c1b2 a8a6 e2f1 f5g4 h3g4 e8f8 g4e2 a6a7 e3e4 d5e4 g3g4 b8d7 a1c1 e4e3 a3a4 c6h1 d1d2 e3d2 f1f2 e7h4 f2f1 h7h6
127,B,value_resign,68,0.950084,635,2026-09-04 02:57:45,e2e4 f7f6 b1a3 c7c5 d2d4 g8h6 g1e2 c5d4 d1d4 a7a5 a3b5 b8c6 c2c3 c6d4 e2d4 d8b6 b2b3 f6f5 c1h6 a5a4 h6g7 f8g7 e4f5 e8d8 e1e2 a8a6 f5f6 g7f6 b3b4 a6a7 b5a7 b6a7 a1e1 e7e5 d4b5 a7a8 b5d4 a4a3 d4c2 d7d5 g2g3 b7b6 f1g2 h7h6 g2d5 a8b8 e1g1 b6b5 g1e1 c8d7 h1f1 d8c7 g3g4 f6e7 g4g5 h6g5 c2a3 h8h6 a3c2 b8c8 e2e3 h6d6 f2f3 d6d5 h2h4 g5g4 f3g4 c7d6
128,W,value_resign,47,1.004354,640,2026-09-04 02:57:58,g2g4 d7d6 c2c4 b7b6 f2f3 g7g5 e2e4 e7e5 f1h3 d6d5 e4d5 d8d6 e1f1 c8d7 g1e2 b8a6 d1e1 h7h5 g4h5 g5g4 h3g4 e8e7 g4d7 d6d7 d2d3 d7f5 b1d2 g8f6 h2h4 c7c6 h1g1 f8h6 g1g2 h6f4 e2f4 a6c7 b2b4 a7a5 d5c6 a5b4 c1b2 a8a2 a1a2 f6h5 g2g4 f5g4 f3g4
129,W,checkmate,59,0.952604,645,2026-09-04 02:58:25,d2d3 c7c5 a2a4 f7f6 c2c3 h7h6 a4a5 a7a6 f2f4 b7b6 e2e4 g7g6 f4f5 d7d5 e1d2 e7e5 h2h3 g8e7 d2e2 h8g8 c1e3 e7c6 e4d5 c6e7 f5g6 d8d5 b1a3 g8g6 a5b6 g6g2 f1g2 d5g2 e2e1 g2h1 d1f3 h1h2 f3a8 h2b2 a3c2 b2c2 a8b8 c2d3 g1e2 d3e3 b8c8 e7c8 b6b7 c8b6 b7b8q e8d7 b8f8 a6a5 f8g7 d7e8 a1a5 e5e4 a5a7 b6d5 g7h8
130,W,material_adjudication,88,0.939063,650,2026-09-04 02:59:05,d2d3 a7a6 c2c3 g7g6 d1c2 c7c6 c1g5 h7h5 a2a4 d8b6 b1a3 d7d5 a4a5 b6d8 a3b1 c8d7 g5f4 c6c5 b1d2 d7b5 a1a3 g6g5 g2g4 d8a5 a3a5 f7f6 f4c7 f8g7 g1f3 e8d7 g4h5 h8h5 f1h3 d7c7 d3d4 h5h3 a5a1 a6a5 d4c5 a8a6 d2f1 c7d8 f1g3 g5g4 h1g1 g4f3 c3c4 d5c4 a1d1 b5d7 d1a1 e7e6 a1c1 f3e2 f2f4 g7f8 c2e4 f8c5 b2b3 c4b3 g1g2 b7b6 c1c5 b6c5 e1e2 a6d6 e4b7 d8e8 b7b8 e8e7 b8b3 d6a6 g2f2 e7d8 e2d2 a5a4 b3b2 h3h2 f2h2 c5c4 f4f5 a6b6 b2b6 d8e7 h2h5 d7c6 b6a5 e7f8
131,W,value_resign,47,0.948623,655,2026-09-04 02:59:19,h2h4 b7b6 b2b3 h7h5 c1b2 e7e5 a2a4 d8e7 a1a2 d7d5 b1c3 g7g5 c3d5 e7d7 b2e5 d7d5 h4g5 d5d7 e5h8 c7c5 g1f3 b8c6 g2g4 d7c7 h1h5 c6b4 a2a3 b4a6 f3h4 f8d6 h4f3 c8d7 c2c4 d6f4 h5h7 a8d8 d2d4 e8f8 f1g2 d7a4 b3a4 d8d4 f3d4 g8h6 d1a1 h6g4 a1d1
132,B,value_resign,46,1.038621,660,2026-09-04 02:59:32,d2d3 a7a6 c2c3 d7d6 a2a4 c7c5 f2f3 f7f6 a4a5 b7b6 d1c2 d6d5 c1g5 h7h6 e2e4 h6g5 f1e2 e8f7 b1a3 g7g6 a3b5 a6b5 a5b6 c5c4 d3d4 f8h6 a1a6 c8e6 b6b7 a8a6 g2g3 f7g7 e1f1 a6d6 h2h4 b8a6 h4g5 f6g5 e4d5 e6d7 f3f4 d8f8 f4f5 g6f5 h1h2 f5f4
133,D,cap_draw,150,1.021535,665,2026-09-04 03:05:13,d2d3 a7a6 b2b3 b7b6 a2a3 d7d6 f2f3 c7c5 e2e3 c8b7 g1e2 g7g6 g2g3 b8c6 d3d4 c5d4 e2d4 c6d4 h2h4 d4c2 d1c2 e7e6 b1c3 d8c8 e1e2 c8b8 a3a4 a6a5 g3g4 f8g7 g4g5 f7f6 f1h3 f6g5 h4g5 g8e7 f3f4 b7h1 c1d2 h1d5 c3d5 e7d5 c2c1 b8d8 c1c6 e8e7 a1b1 a8c8 c6d5 e6d5 b1c1 d8c7 c1c7 c8c7 e2e1 c7c6 d2c3 e7d8 c3g7 h8g8 h3e6 g8g7 e6d5 c6c3 e3e4 d8e7 f4f5 g6f5 e4f5 c3c4 f5f6 e7f8 f6g7 f8g7 b3c4 g7g6 d5g2 g6g5 g2c6 g5f4 e1f2 f4g4 f2g2 g4f4 g2h3 f4f5 h3g3 f5e6 g3h4 e6e7 h4h5 e7d8 h5h6 d8e7 h6h7 e7e6 h7h8 e6e7 h8h7 e7f8 h7h8 f8e7 h8h7 e7f8 h7h8 f8e7 h8h7 e7e6 h7h8 e6e7 c6d5 e7f8 d5e4 f8e7 e4d3 e7d7 h8h7 d7e7 h7g6 e7f8 d3f1 f8e7 f1h3 e7f8 h3g2 f8e7 g2c6 e7f8 c6b7 f8e7 b7c6 e7e6 g6g7 e6e7 g7g6 e7f8 c6b7 f8e7 b7c6 e7e6 c6b7 e6e7 g6g7 e7e8 g7h7 e8e7 h7h6 d6d5 c4d5 e7d6
134,B,value_resign,46,1.043419,670,2026-09-04 03:06:53,e2e4 b8c6 g2g4 g8h6 b1c3 h6g4 a2a4 g4f2 g1e2 f2d1 c3d5 d1e3 d2e3 d7d6 c1d2 c8g4 d2c1 h7h5 h2h4 f7f5 b2b3 h8g8 c1b2 g7g5 b2e5 f8h6 e2g3 c6d4 f1e2 d6e5 a4a5 a8c8 g3f5 g4e2 h1h2 g8g6 h2e2 d4e2 e1e2 g5g4 e2e1 c7c6 a1d1 b7b5 a5b6 a7b6
135,B,material_adjudication,81,0.972658,675,2026-09-04 03:08:05,e2e3 a7a5 f1b5 a5a4 h2h3 e7e5 g2g3 b7b6 b2b3 e5e4 b1c3 d8h4 g3h4 f7f5 b5c6 a8a5 a1b1 d7c6 d1h5 e8d7 h5g5 f8c5 b1b2 g8f6 d2d3 b8a6 e1e2 a4a3 g5f5 d7e7 f5f4 a3b2 c1b2 c8d7 c3e4 c5d6 e4d6 a5a2 g1f3 a2b2 f3d4 c7d6 f2f3 c6c5 e2d2 c5d4 e3d4 g7g6 d2e3 h8d8 h1g1 f6d5 e3d2 d5f4 d2c3 b2b1 g1b1 e7f8 b1b2 a6c7 c3d2 c7d5 c2c4 d5b4 d2c3 d7c8 d4d5 b4d3 b2a2 c8d7 a2a1 f8e8 a1d1 h7h6 d1d3 f4d3 h4h5 d7c8 h5g6 d3f4 c3b2
136,W,value_resign,79,0.983086,680,2026-09-04 03:08:06,h2h4 b7b6 b2b3 g8h6 f2f4 d7d6 c2c3 c8f5 e1f2 b8c6 g1f3 h6g4 f2g1 c6b8 d2d4 f5e4 b1a3 c7c6 a3c4 a7a6 a1b1 a8a7 c4b6 b8d7 c1d2 e4b1 d1b1 e7e6 h4h5 d7b6 h5h6 g7h6 f3e5 d8a8 e5f7 a7f7 d4d5 b6d5 a2a4 a8a7 e2e3 a7d7 c3c4 g4f2 c4d5 f2d1 b1d1 f8e7 d5c6 d7c6 d1c1 c6c1 d2c1 f7f8 a4a5 d6d5 c1b2 d5d4 b2d4 h6h5 d4h8 f8h8 f1c4 h8f8 h1h5 f8f5 h5h6 f5h5 h6h5 e8f8 b3b4 e7b4 h5h4 b4e7 c4a6 h7h5 h4h5 e7f6 h5h4
137,W,value_resign,45,1.154010,685,2026-09-04 03:09:43,e2e3 g7g5 h2h3 b8a6 e1e2 g8f6 f2f3 b7b5 c2c3 d7d5 a2a4 c8f5 d2d3 c7c5 a4b5 a8b8 b1a3 f5d7 b5a6 d7b5 a3c2 d8a5 d1d2 f6h5 c2a3 a5a4 a3b5 f7f5 b5d4 a4a5 d4f5 f8g7 a1a2 h8g8 f5g7 e8f8 a2a3 g8g7 e2e1 h5f6 f3f4 g5g4 g2g3 g4h3 f1h3
138,W,material_adjudication_moderate,76,1.019642,690,2026-09-04 03:10:27,e2e4 a7a6 g2g4 e7e5 f1c4 f7f6 f2f3 g7g6 d2d4 a8a7 d4d5 a6a5 g1e2 f8g7 d1d2 c7c5 e1g1 a5a4 c4a6 b8a6 d5d6 b7b6 g1h1 g8e7 b2b3 e8f7 d6e7 d8e7 d2d5 e7e6 d5e6 f7e6 b1c3 a4b3 c2b3 c8b7 a2a4 a6b4 c1b2 a7a6 f3f4 e5f4 e2f4 e6e7 f4d5 b4d5 e4d5 f6f5 h1g2 g7c3 b2c3 b7d5 g2g3 d7d6 c3h8 f5g4 h8c3 h7h6 a1c1 d5c4 b3c4 d6d5 c4d5 a6a8 c1c2 a8a4 f1f2 a4c4 c2a2 e7d6 c3b2 d6d5 a2a3 d5e4 b2a1 c4d4
139,W,value_resign,51,1.012118,695,2026-09-04 03:10:55,b1a3 h7h5 a1b1 a7a6 e2e4 c7c5 d2d3 d7d5 h2h3 d5e4 b2b3 e7e5 h3h4 a8a7 b3b4 c8g4 h1h2 a6a5 b4a5 a7a5 h2h3 a5a6 h3e3 d8h4 g2g3 h4h2 d3e4 a6b6 a3b5 g4e6 f1e2 f8e7 g1f3 e6d7 f3h2 b6g6 e1f1 c5c4 c1d2 h5h4 g3h4 b8a6 e2f3 f7f6 f3e2 a6b4 a2a3 d7b5 a3b4 e7f8 e2f3
140,W,material_adjudication_moderate,82,0.950706,700,2026-09-04 03:11:10,d2d3 a7a6 c2c3 h7h6 f2f3 h6h5 c1d2 h8h6 f3f4 b7b6 g1h3 c7c5 g2g3 f7f6 f4f5 b8c6 h3f4 e8f7 f1h3 g7g5 f4e6 d7e6 d3d4 e6e5 d4e5 g5g4 d2h6 g8h6 d1d8 c6d8 h3g2 h6f5 e1g1 a6a5 b2b4 a5b4 c3b4 c5b4 g2a8 f5e3 a2a3 f6f5 f1c1 b4a3 b1a3 c8a6 a8g2 e3g2 g1g2 d8c6 c1c6 a6b7 a1c1 f5f4 a3b5 b7c6 c1c6 f4g3 e2e4 g3h2 b5c7 g4g3 c6c1 b6b5 c7a6 e7e6 g2g3 h2h1q c1h1 f8b4 g3h4 f7e7 h1h3 b4c5 h3h2 b5b4 h2b2 b4b3 b2b3 e7f8 b3d3 c5b4
141,B,value_resign,58,1.011228,705,2026-09-04 03:11:53,e2e4 b8c6 g2g4 g8h6 a2a4 h6g4 f2f3 g4f2 e1f2 c6d4 h2h4 b7b6 a4a5 b6a5 c2c3 c8b7 c3d4 a5a4 f2e1 d8c8 g1h3 g7g6 d4d5 f8g7 d1e2 c7c6 e1f2 h8f8 b2b4 c6d5 b4b5 f7f5 b1a3 c8c5 d2d4 g7d4 f2g2 d4a1 e4d5 a1d4 a3c4 a7a5 c1d2 d4f6 c4a5 a8a5 d2a5 a4a3 e2d1 a3a2 f1e2 a2a1q d1a1 f6a1 e2c4 c5c4 h4h5 c4c5
142,B,material_adjudication,71,1.038097,710,2026-09-04 03:12:48,h2h4 b7b6 d2d4 f7f6 a2a3 b6b5 g2g4 b5b4 e2e4 g8h6 c1h6 c8b7 a1a2 g7h6 b2b3 d7d6 g4g5 h8g8 d1c1 f6g5 c1d1 b8d7 f2f3 d7b6 e1e2 f8g7 b1d2 d8d7 h4g5 g8h8 g5h6 g7d4 a3b4 d4g1 h1g1 c7c6 e2d3 a8c8 d2c4 b6c4 g1g4 c4b6 b4b5 c6b5 a2a7 d6d5 a7b7 d7b7 f1e2 e7e6 e4d5 e6e5 g4h4 b6d5 c2c3 e8d8 c3c4 d5f6 c4b5 d8e8 d1a1 b7b5 d3d2 b5d7 a1d4 e5d4 b3b4 e8d8 b4b5 d4d3 e2d3
143,B,material_adjudication,66,1.030864,715,2026-09-04 03:13:02,a2a4 h7h5 h2h4 d7d5 e2e4 d5e4 e1e2 c8d7 b2b3 e4e3 f2e3 d7c8 c2c3 a7a6 a1a3 e7e6 c3c4 e8e7 e3e4 c7c5 a4a5 g7g6 e4e5 f7f6 e5f6 g8f6 c1b2 f8h6 d2d4 c5d4 b1d2 d8d7 d2f3 e6e5 f3e5 d7e8 e5f3 e7d8 e2d3 h6e3 f3d4 f6h7 d3e2 e3d4 e2d2 d4b2 c4c5 c8e6 d1b1 e6c4 b3c4 b2a3 d2c2 a3c5 b1b7 c5a3 b7a8 e8d7 a8b7 d7b7 c4c5 d8c7 c5c6 b7c6 c2b3 c6b7
144,W,material_adjudication,78,1.007024,720,2026-09-04 03:13:42,g1f3 h7h5 b1a3 a7a5 c2c3 c7c6 d1c2 d7d5 a3b5 f7f5 d2d3 g8h6 f3e5 c6b5 f2f3 a8a7 c1d2 g7g5 d2g5 f8g7 e2e3 g7e5 e1f2 b5b4 g5h6 e8f7 a2a4 b4c3 g2g4 d5d4 e3d4 e5d4 f2e1 h5g4 b2c3 d8d7 h6e3 d4e3 f1g2 e7e5 h1g1 e3f2 e1f2 f7f6 f3g4 h8g8 g4f5 e5e4 g2e4 g8d8 g1f1 d8h8 f2e1 h8h2 c2h2 f6e7 e1d2 a7a8 h2h1 a8a7 h1g2 e7f8 g2f3 f8e8 f1b1 a7a8 f3e3 d7c7 e4d5 c7e5 d3d4 c8d7 d4e5 d7f5 b1b5 f5g4 d5f3 g4f3
145,B,material_adjudication_moderate,76,0.900093,725,2026-09-04 03:15:29,b2b4 a7a5 b1a3 a5a4 d2d4 a8a6 g1f3 g7g5 c1d2 b7b6 b4b5 e7e6 e2e4 f8a3 b5a6 a3e7 e1e2 h7h5 d1b1 b8a6 c2c3 g5g4 f3e5 c8b7 e5f7 b7e4 f7h8 e4b1 h8g6 b1c2 g6e5 e8f8 a1c1 c2e4 f2f4 e4d5 a2a3 d7d6 f4f5 d6e5 f5e6 d5e4 e2d1 e5d4 c3d4 e7f6 f1a6 c7c5 h2h4 g4g3 h1f1 c5d4 a6e2 e4d5 f1f6 d8f6 e2d3 f6e6 d2g5 f8e8 d3c4 e8d7 c4d5 e6d5 d1e1 d7d6 c1b1 b6b5 b1a1 d5c6 e1d1 g8f6 g5f6 c6c5 a1c1 c5b6
146,B,checkmate,20,0.924162,730,2026-09-04 03:15:30,b1a3 g8f6 b2b4 d7d5 f2f3 a7a6 b4b5 d5d4 a1b1 f6e4 b1b2 c7c6 f3e4 e7e6 d2d3 g7g6 g2g4 f8a3 c1d2 d8h4
147,W,material_adjudication,102,1.074893,735,2026-09-04 03:16:37,d2d3 a7a6 a2a3 g7g6 c2c4 d7d5 h2h4 f7f6 c4d5 c8g4 c1d2 e7e5 d2a5 c7c5 a5d8 h7h5 d8f6 g8e7 e2e4 b8d7 d3d4 c5d4 f1d3 d7f6 g2g3 g4d1 b1d2 b7b5 a1b1 g6g5 b1d1 a6a5 d3b5 f6d7 f2f3 g5g4 b5d7 e8d7 b2b4 e7c6 d5c6 d7c6 b4b5 c6b5 f3g4 h5g4 e1f1 f8d6 h1h2 b5c5 f1g2 h8h7 d1c1 c5b5 d2c4 b5c5 c4e5 c5b6 g1e2 d6e5 a3a4 a8b8 h2h1 b8b7 h1d1 e5g3 e2g3 b7b8 c1b1 b6c7 d1d4 b8b1 d4d2 h7h4 g3f5 h4h2 g2h2 c7b7 f5g7 b7a6 d2e2 a6a7 e2e1 b1e1 e4e5 e1e2 h2g3 a7b6 g3g4 e2c2 e5e6 c2b2 e6e7 b2f2 e7e8q f2f7 e8f7 b6c6 f7f8 c6c7 f8f7 c7d6
148,W,material_adjudication,118,0.948295,740,2026-09-04 03:17:04,b1a3 c7c5 h2h3 h7h6 c2c4 d7d5 a3c2 f7f6 a1b1 b8d7 g2g4 d8a5 g4g5 e7e5 b1a1 d5c4 f1g2 h8h7 g5h6 g8h6 a1b1 g7g5 g2f3 c4c3 b2b4 a5a2 b1a1 c3d2 e1f1 a2g8 b4c5 d2c1q d1c1 h6f7 f3e4 f8c5 e4h7 g8h7 f2f3 a7a5 a1a5 a8a5 c1a1 g5g4 h3g4 e5e4 h1h7 a5a1 c2a1 d7b6 h7f7 e8f7 g4g5 e4e3 g5f6 c8e6 f3f4 e6f5 a1b3 f7e8 b3c5 b6c4 c5b7 e8f8 b7c5 c4a5 g1f3 f5h3 f1e1 a5c6 f3e5 c6e5 f4e5 h3e6 c5e6 f8f7 e6g5 f7e8 g5h7 e8f7 e1f1 f7e6 f1g2 e6e5 g2f1 e5f5 f1e1 f5g6 e1f1 g6h7 f1g2 h7g6 g2f3 g6f6 f3e3 f6g5 e3d4 g5g6 e2e4 g6f6 d4d5 f6f7 d5d6 f7f6 e4e5 f6f5 e5e6 f5f6 d6d7 f6e5 e6e7 e5e4 e7e8q e4d5 e8e7 d5d4 e7d8 d4c5
149,B,value_resign,40,1.068157,745,2026-09-04 03:17:17,b1a3 a7a5 f2f3 b7b5 e2e4 h7h5 d2d3 b5b4 f3f4 b4a3 f1e2 d7d6 e4e5 b8a6 e5d6 e7d6 e2f1 f7f5 g1f3 a3b2 c1b2 a8b8 d1b1 e8f7 f3e5 d6e5 b2c1 e5e4 b1b8 a6b8 g2g4 f8c5 g4h5 a5a4 c1b2 g8f6 f1g2 b8d7 d3d4 g7g5
150,B,material_adjudication_moderate,88,0.984894,750,2026-09-04 03:19:39,a2a3 g8f6 h2h4 b8a6 d2d4 a6b4 e2e4 f6e4 a3b4 f7f6 c1d2 d7d6 e1e2 e4f2 e2f2 c7c5 d4d5 c5b4 g2g4 c8g4 f1e2 a7a6 f2f1 d8c7 a1a3 b4a3 g1f3 a3b2 h1h3 e7e5 d5e6 b7b6 h3g3 g7g5 g3g4 h7h6 f1g2 h6h5 g4d4 g5h4 f3h4 c7b7 g2f1 a8a7 b1c3 b7c6 f1g1 e8e7 d1b1 c6c5 d2e3 c5c3 d4d3 c3c6 b1b2 e7e6 e3b6 a7d7 d3d2 c6a4 e2d3 a4h4 c2c4 a6a5 g1f1 h4h3 f1e1 f8h6 b2b3 h6d2 e1f2 d2c3 b3c3 h3h4 f2g2 h4g4 g2f2 h8g8 c3b2 a5a4 b6e3 a4a3 b2a3 e6e7 a3a2 e7f8 e3c5 f8e7
151,B,material_adjudication,77,1.066544,755,2026-09-04 03:23:04,c2c3 g7g5 b2b4 g8h6 g2g4 a7a5 f2f3 h8g8 c3c4 a5b4 h2h4 f7f6 h4g5 b8a6 f1g2 h6f5 d2d4 f5d4 b1a3 e7e5 g5g6 b7b6 d1d3 a8a7 e1f1 f6f5 h1h7 f8g7 g4g5 b4b3 a2b3 d8g5 c1g5 a6b4 d3d4 e5d4 e2e4 f5e4 f3e4 a7a3 a1a3 c8b7 g2f3 g7e5 g5d2 b4c2 h7h1 c2a3 b3b4 a3c4 f1e1 c4d2 e1d2 g8g6 h1h5 g6e6 h5h2 e5h2 g1e2 c7c5 b4c5 b6c5 e4e5 d7d6 f3g4 e8d7 g4e6 d7e6 e2d4 e6e5 d2d3 c5d4 d3c4 e5e4 c4b5 b7d5 b5b6
152,W,value_resign,43,1.050058,760,2026-09-04 03:23:32,b1a3 c7c5 b2b3 d7d6 d2d3 f7f6 f2f3 b8d7 e1d2 e7e5 a1b1 g7g5 c2c4 e8e7 g1h3 a8b8 c1b2 h7h5 a3b5 g5g4 a2a4 g4h3 b5c3 a7a5 b1a1 b8a8 a1a3 e5e4 d3e4 f8g7 c3b5 h3g2 f1g2 h5h4 h1f1 f6f5 b2g7 d7e5 g2h3 e7e6 b5a7 a8a7 g7h8
153,W,checkmate,39,1.004970,765,2026-09-04 03:24:27,b1a3 a7a5 f2f3 b7b5 e2e4 h7h5 d2d3 b5b4 f3f4 b4a3 a1b1 b8a6 b2a3 h5h4 c2c4 h8h5 c1b2 g7g5 d1h5 g5f4 d3d4 g8f6 h5h4 a8b8 e4e5 b8b2 g1h3 b2b1 e1e2 f6d5 c4d5 d7d6 h3f4 f7f6 f4d3 e8d7 e5e6 d7e8 h4h5
154,W,material_adjudication,72,0.971669,770,2026-09-04 03:24:41,b1a3 b7b5 c2c4 f7f6 b2b4 g8h6 h2h3 a7a5 a3b5 f6f5 b4a5 b8c6 a1b1 h8g8 f2f3 c8b7 d2d4 f5f4 h1h2 c6b4 e1d2 a8a6 e2e3 c7c5 a2a3 f4e3 d2e1 d8a8 a3b4 c5b4 g2g4 g7g5 f1g2 f8g7 f3f4 g5f4 e1e2 f4f3 g1f3 h6g4 h3g4 g7f6 h2h1 h7h5 g2h3 h5g4 h3g4 e7e6 g4e6 d7e6 d1g1 g8g1 h1g1 a6a5 d4d5 e6d5 b5c7 e8f8 c7a8 a5a8 c4c5 b4b3 c5c6 b7c6 b1b3 a8b8 b3b8 f8e7 g1g3 c6d7 e2e1 d7f5
155,W,checkmate,37,1.115950,775,2026-09-04 03:25:08,b1a3 a7a5 f2f3 b7b5 e2e4 h7h5 g1e2 g7g5 f3f4 c7c5 a3c4 f7f5 a1b1 a8a6 g2g4 b5c4 d2d3 g5f4 g4f5 a6c6 e1d2 c8b7 a2a4 c6a6 e4e5 d7d6 h1g1 b7f3 e5e6 f3b7 d3c4 b8c6 e2f4 g8h6 d1h5 h6f7 h5f7
156,B,checkmate,38,0.997981,780,2026-09-04 03:26:01,g1h3 c7c5 d2d4 h7h5 e1d2 d7d6 f2f3 a7a6 d4c5 d6c5 d2c3 d8d2 c1d2 c5c4 a2a3 c8e6 d1c1 e6c8 f3f4 c8h3 f4f5 h3g2 f1g2 b8c6 g2f1 e7e5 e2e3 c6a7 f1e2 a8c8 b2b4 e5e4 h1f1 g7g5 f1d1 f8g7 f5f6 g7f6
157,W,value_resign,69,0.994493,785,2026-09-04 03:26:14,g1h3 b7b5 b1c3 a7a5 b2b3 c8a6 h3f4 b5b4 c3d5 c7c6 c2c4 c6d5 c1a3 g7g5 g2g3 b8c6 c4d5 g8f6 d5c6 b4a3 f4g6 e7e6 g6h8 f8c5 h8f7 e8e7 f7h6 d8f8 c6d7 c5d4 f1g2 d4a1 g2a8 f6d7 f2f4 f8h6 d1a1 g5g4 a8g2 a5a4 f4f5 a4b3 d2d4 h6f8 e1g1 b3a2 a1a2 f8f5 f1f5 e6f5 a2a1 a6e2 g2h1 d7f6 a1c3 a3a2 g1g2 a2a1q c3a1 f6e4 a1b2 e2d1 b2c1 f5f4 c1f4 e4d2 d4d5 d2c4 g2f1
158,W,material_adjudication_moderate,88,1.130465,790,2026-09-04 03:27:09,e2e3 a7a5 b2b3 a5a4 f1b5 e7e5 g2g3 b8a6 d1f3 a4b3 f3g2 g7g5 e1e2 b7b6 g2b7 c8b7 b5a6 f8d6 a6b7 b3b2 c1b2 g8f6 f2f3 a8b8 a2a4 d6a3 b1a3 d8e7 c2c3 h8f8 a3c4 b8b7 e2f2 g5g4 e3e4 g4f3 g1f3 f6e4 f2e2 f7f5 d2d3 e8f7 d3e4 f5e4 f3e5 f7e8 b2a3 e4e3 a3e7 e8e7 e5d7 e7d7 c4e3 f8f5 g3g4 f5f6 h1f1 d7e7 f1d1 h7h6 c3c4 c7c6 a4a5 b6a5 c4c5 b7b5 d1f1 b5c5 f1f6 e7f6 a1b1 c5d5 e3d5 f6e6 e2d1 c6d5 b1a1 d5d4 a1a5 h6h5 a5a6 e6d5 g4g5 h5h4 a6a8 h4h3 d1e2 d5d6
159,W,value_resign,85,0.992938,795,2026-09-04 03:30:40,b1a3 d7d6 b2b4 c7c6 d2d4 b8d7 g2g4 g7g5 e2e3 h7h5 f1e2 h5g4 f2f3 b7b6 a1b1 e7e5 a3c4 f8e7 e3e4 g4f3 e2f3 e8f8 f3g2 e5d4 h2h4 b6b5 e4e5 a8b8 e5d6 g5g4 d6e7 d8e7 e1f1 b5c4 c2c3 g4g3 c3d4 c4c3 d1d3 d7f6 g2f3 e7c7 h4h5 a7a5 b4a5 b8b1 d3b1 f6h5 h1h5 h8h5 f3h5 f7f6 h5f3 f8f7 b1d3 f6f5 d3c3 g8f6 c3b2 c8e6 a5a6 f6e8 b2e2 f5f4 c1a3 e6c8 e2e1 c8a6 f1g2 a6b7 e1c1 b7c8 g2h1 c8b7 c1d2 b7c8 g1e2 c8e6 e2f4 c7f4 d2f4 f7g6 h1g1 e6d7 a3b2
160,B,value_resign,60,1.027846,800,2026-09-04 03:30:56,e2e3 a7a5 d1h5 g8f6 e1e2 f6h5 h2h4 b8c6 d2d3 c6d4 e2d2 b7b5 a2a3 h5g3 f2g3 g7g5 e3d4 h7h5 h1h3 a8a7 d2e1 e7e5 h4g5 f7f6 g5f6 c8b7 d4e5 a7a8 h3h5 h8h5 f1e2 h5h1 e2f3 b7c6 f3c6 d7c6 e1f1 a5a4 f1e1 b5b4 a3b4 a8c8 b4b5 c6b5 e1d2 b5b4 g1f3 a4a3 b1a3 b4a3 a1a3 c7c5 a3a7 d8b6 c2c3 b6a7 d2e2 a7b7 g3g4 c8a8
161,B,value_resign,72,1.171610,805,2026-09-04 03:32:09,b1a3 c7c5 d2d4 a7a5 e2e4 a8a7 c1d2 c5c4 e4e5 d7d6 g2g4 c8g4 e5e6 g4d1 e1d1 b8c6 b2b3 f7e6 h2h4 g8h6 a3c4 h8g8 a2a3 b7b6 c4b6 d8b6 d4d5 b6b3 c2b3 c6d8 f1e2 e6d5 h1h3 h6g4 a1a2 a7d7 f2f3 g4h2 d2e3 g8h8 d1c2 a5a4 b3b4 g7g5 h4g5 f8g7 h3h2 d5d4 e3d4 g7d4 b4b5 d4g1 h2h3 g1d4 e2d3 e7e6 h3h7 h8h7 d3h7 d8f7 b5b6 f7g5 f3f4 g5h7 b6b7 d7b7 a2a1 d4a1 c2c1 d6d5 c1c2 b7b8
162,B,material_adjudication_moderate,87,0.995916,810,2026-09-04 03:32:51,h2h4 b7b6 b2b3 h7h5 g2g4 e7e5 e2e4 d8e7 a2a3 d7d6 d2d4 c8g4 e1d2 a7a6 c1b2 g8h6 d1g4 h5g4 b1c3 h6g8 a1a2 a8a7 a3a4 b8c6 d2d1 d6d5 c3d5 e7d8 d1e2 d8d6 d4e5 d6d7 d5b6 c7b6 a4a5 c6a5 a2a3 d7e7 h1h2 a7a8 e2d2 h8h4 h2h4 e7h4 f1e2 a5c4 b3c4 b6b5 f2f3 b5c4 f3g4 f7f6 e5f6 g8f6 g1f3 h4g4 e4e5 g4f5 e5f6 g7f6 f3d4 f5e4 a3e3 f8h6 d2e1 h6e3 d4b3 e4e7 b2a3 a8c8 a3e7 e8e7 e2c4 c8c4 e1e2 e7f8 e2e3 c4c3 e3d2 c3g3 d2e1 f8f7 b3a5 f7f8 e1f2 g3g8 f2e1
163,W,value_resign,49,1.125773,815,2026-09-04 03:36:12,d2d3 h7h6 b2b3 b7b6 a2a4 b8c6 c1g5 c6d4 g1h3 d7d6 f2f3 e7e6 a1a3 d4c2 d1c2 h6g5 h3f4 c7c5 c2d1 a7a6 g2g4 b6b5 b1c3 h8h5 f4h5 a8a7 d1b1 b5a4 a3a4 f7f5 a4a1 f5g4 f3f4 a7b7 e1d1 e6e5 f1g2 e8f7 f4e5 b7b3 b1b3 c5c4 b3c4 d6d5 c3d5 c8e6 d1e1 g7g6 e1f1
164,W,checkmate,23,1.030866,820,2026-09-04 03:37:44,a2a3 g8f6 b2b4 g7g6 a3a4 h7h6 b1c3 c7c6 e2e3 e7e6 c3b5 f8b4 b5d6 e8e7 g1h3 e6e5 d1f3 b4a5 c1b2 d8f8 g2g3 e5e4 f3f6
165,W,material_adjudication_moderate,114,0.976926,825,2026-09-04 03:38:31,e2e3 d7d5 f2f4 d8d6 e3e4 g7g6 d2d3 c7c6 f4f5 e7e5 e4d5 c8f5 b1d2 c6d5 h2h4 d6d7 d1e2 f5g4 e2e5 f8e7 d2f3 h7h6 e5h8 e7f6 a1b1 f6h8 h4h5 a7a5 c1d2 g4f3 g1f3 g6g5 f1e2 g5g4 f3e5 h8e5 h1h4 e5d4 e2g4 f7f5 g4f5 a5a4 f5d7 b8d7 a2a3 d4f6 g2g4 d5d4 h4h2 d7b8 h2h3 e8f8 g4g5 h6g5 d2g5 f6g5 b2b3 a4b3 c2b3 g8f6 a3a4 b8a6 b1d1 f6d5 h3g3 g5f6 h5h6 a6c5 g3f3 c5b3 d1b1 b3a1 f3f6 d5f6 b1a1 a8d8 h6h7 f8f7 h7h8q d8h8 a1b1 h8h6 b1b7 f7e8 b7a7 h6h5 e1f1 f6d5 f1e1 e8f8 e1f1 d5e3 f1f2 h5h4 f2g3 h4h5 a7a5 f8e8 a5h5 e8d7 g3h4 d7d8 a4a5 d8c8 a5a6 c8b8 h5h7 e3d1 h7h5 d1e3 h5h6 b8a8 h6g6 a8b8
166,B,value_resign,71,1.081969,830,2026-09-04 03:40:34,e2e3 a7a5 b1a3 e7e6 b2b3 f8a3 e3e4 a3e7 g2g3 b8c6 c1b2 h7h6 f1h3 e7a3 d1g4 a3b2 g1f3 e8e7 f3d4 f7f5 g4h4 g7g5 d4f3 g5h4 e1d1 c6e5 e4f5 e5g6 a1b1 b2e5 f5g6 d8f8 d2d4 e5d4 f3d4 b7b6 f2f4 h4g3 h2g3 c8b7 d1c1 e7f6 g6g7 f8g7 b1a1 g7g3 h1g1 g3g6 g1g6 f6g6 a2a3 g8f6 c1d2 c7c5 d4b5 a8f8 a3a4 d7d6 b5c7 b7c6 h3g4 f6e4 d2e2 h6h5 c7a8 g6f6 g4h5 h8h5 e2f1 f8d8 c2c4
167,B,value_resign,40,0.985421,835,2026-09-04 03:40:35,d2d3 b7b6 b1a3 c7c5 e2e3 a7a6 c2c4 h7h5 d1e2 g7g5 g2g4 h8h6 g4h5 d7d6 f2f3 b8d7 h2h4 e7e6 h4g5 g8f6 g5h6 a8b8 e2g2 d8e7 h1h4 f8h6 a3b5 a6b5 f3f4 b5c4 e1d2 c4d3 a2a4 c8b7 a4a5 b7g2 d2d3 b8d8 f1g2 b6a5
168,B,material_adjudication,67,1.082698,840,2026-09-04 03:41:20,d2d4 g8f6 d1d3 a7a5 e2e4 g7g5 g2g4 e7e5 d3e2 a5a4 b2b3 e5d4 b1d2 d8e7 e4e5 d4d3 f2f3 d3c2 e5f6 e7e6 f3f4 b7b6 d2f3 c8a6 f4f5 e6e7 h2h3 h8g8 f6e7 g8h8 e1f2 a6e2 f1e2 a4b3 a2b3 a8a1 e7f8q e8f8 f2f1 a1c1 f3e1 h7h5 g4h5 f7f6 h5h6 h8h6 h1h2 c7c5 b3b4 c5b4 h2f2 c1b1 f2h2 c2c1q f1f2 h6g6 f5g6 c1b2 e1d3 b2a2 d3b4 b1b4 f2g2 b8a6 g1f3 a6c5 f3d4
169,B,material_adjudication,73,1.003920,845,2026-09-04 03:42:06,g1f3 b7b5 c2c4 f7f6 e2e4 c7c6 f3d4 a7a6 g2g3 g7g6 c4b5 e8f7 d4c2 d7d5 f1h3 c6b5 h1f1 d5e4 b1c3 g6g5 c3e4 c8h3 c2a3 h7h6 d1b3 f7e8 b3e6 g5g4 e6b3 b8c6 a3c2 f6f5 d2d3 f5e4 c1e3 e4d3 f2f4 h6h5 f4f5 f8g7 e3f4 e8f8 c2e3 d8d7 b3c2 d3c2 f1g1 c6a5 b2b3 d7c7 f4c7 e7e5 a1c1 a8a7 c7e5 a7d7 e5g7 f8g7 a2a4 a5b3 a4b5 g8e7 b5a6 b3c1 f5f6 g7f7 f6e7 f7e7 a6a7 d7a7 g1h1 a7a8 h1f1
170,W,material_adjudication,66,1.057564,850,2026-09-04 03:42:06,d2d3 b7b6 b1a3 c7c5 e2e4 a7a6 a1b1 d7d6 f2f4 f7f6 e1d2 e7e5 h2h3 b8d7 f4e5 d7e5 h3h4 g8e7 d2e3 e5c4 d3c4 b6b5 g2g4 c8g4 a3b5 a6b5 d1e1 a8b8 e4e5 g4h5 c4b5 d6e5 e1d2 d8d2 e3d2 g7g5 h4g5 b8d8 d2e1 f6g5 h1h5 c5c4 g1f3 g5g4 c1d2 g4f3 f1c4 d8d3 c2d3 h8g8 d2c3 g8g6 b1d1 f8h6 a2a4 h6f8 b5b6 g6c6 c3e5 f3f2 e1f2 e7g8 c4d5 f8b4 f2f3 h7h6
171,W,value_resign,81,0.959839,855,2026-09-04 03:42:35,e2e3 g7g6 a2a4 b7b6 b1c3 e7e5 c3d5 g6g5 g2g3 f8a3 b2b3 a3d6 g3g4 a7a5 f2f3 a8a7 d2d3 c8a6 c1b2 h7h6 e3e4 c7c5 h2h3 a7b7 h1h2 f7f5 e4f5 c5c4 b3c4 e8f8 f5f6 b7c7 d5c7 d8f6 b2c3 d6c7 d1b1 h8h7 f3f4 g5f4 g4g5 f6f5 g5h6 g8f6 f1g2 f4f3 g2f3 a6c4 f3e4 f6e4 d3e4 f5e6 c3b2 h7h6 b1c1 b8c6 c2c3 c4d3 c1g5 c6d8 e1d2 d7d6 g1f3 d3c4 a1d1 c4a2 h2e2 e6e7 g5h6 f8g8 b2a3 d8f7 h6e3 d6d5 e3f2 d5e4 e2e4 e7c5 a3c5 b6c5 f2e3
172,W,material_adjudication_moderate,128,0.982990,860,2026-09-04 03:43:19,e2e3 a7a5 d1h5 e7e6 e3e4 b8c6 g2g4 g8h6 d2d4 d8h4 a2a3 h4h5 g4h5 f7f5 e4f5 h6f5 d4d5 e6e5 d5c6 f5d6 f1e2 g7g6 e1f1 g6h5 e2h5 d6f7 c1d2 b7c6 h5f7 e8f7 h2h4 c8b7 c2c3 f8d6 a3a4 c6c5 f2f4 b7h1 f4e5 d6e5 d2e3 h1e4 g1f3 e4f3 b1d2 f3b7 d2c4 h7h6 c4e5 f7g8 e5g6 d7d6 g6h8 g8h8 e3h6 c5c4 h6e3 a8d8 a1c1 h8g8 f1f2 d8e8 e3a7 e8a8 a7e3 a8e8 e3a7 e8a8 a7e3 a8e8 e3a7 e8a8 a7e3 a8e8 c1e1 g8f8 e1e2 b7d5 e2d2 e8e3 f2e3 c7c6 h4h5 f8e8 h5h6 e8f8 e3f2 f8e8 f2e2 e8f8 h6h7 f8g7 d2c2 g7h7 e2d2 d5e4 c2c1 h7g6 c1d1 g6h5 b2b3 c4b3 d1c1 e4d5 c3c4 d5c4 c1c4 b3b2 d2c2 c6c5 c4c3 c5c4 c3c4 b2b1q c2b1 d6d5 c4c5 h5g6 c5a5 d5d4 b1a1 d4d3 a5a6 g6g5 a1a2 d3d2 a6a5 g5h4
173,B,checkmate,28,0.968306,865,2026-09-04 03:43:19,e2e4 e7e5 f2f3 b7b6 f1c4 g7g6 e1e2 a7a6 c2c3 g6g5 d1c2 d7d6 d2d4 b8d7 h2h3 f8h6 g2g4 d8f6 b1d2 e5d4 e4e5 f6e5 e2d1 g8e7 g1e2 d4d3 f3f4 e5e2
174,D,cap_draw,150,1.018442,870,2026-09-04 03:45:10,e2e4 b8c6 g2g4 g8h6 a2a4 h6g8 b1c3 a8b8 c3d5 c6d4 a4a5 g8h6 f1g2 d4c2 d1c2 h8g8 a1a3 b7b5 f2f4 e7e6 h2h3 e6d5 e1d1 b5b4 a3a1 b8b7 b2b3 d5d4 a1a4 f7f5 g4g5 f8d6 e4e5 h6f7 e5d6 f7d6 g2b7 c8b7 g1f3 b7f3 d1e1 f3h1 e1f2 d8e7 a4b4 c7c5 c2c5 h1a8 c5d6 e7d6 b4b5 d6c6 b5b6 a7b6 c1a3 c6b7 a5a6 b7c6 f2e1 c6b7 a6b7 a8b7 a3b2 b7g2 b2d4 g2a8 h3h4 d7d5 h4h5 g8h8 h5h6 g7h6 d4h8 h6g5 f4g5 d5d4 h8d4 a8b7 e1f2 f5f4 d2d3 f4f3 f2e3 b7d5 b3b4 e8f8 d4b6 f8e8 b6d4 d5e6 e3f3 e6f5 f3f2 f5d7 f2e3 e8f8 b4b5 d7b5 e3f2 b5d7 f2e1 f8e7 e1f1 e7e8 f1e1 e8e7 e1f1 e7e8 f1e1 e8e7 e1f1 e7e8 f1e1 e8e7 e1f1 e7f7 f1g2 f7g6 d4e3 g6h5 g2f1 h5h4 f1e1 h4g3 e1f1 d7e8 f1e2 e8d7 e2f1 g3h4 f1e2 d7e8 e3d4 e8d7 e2e1 h4g3 e1f1 d7e6 f1e2 e6d7 e2e3 g3h2 g5g6 h2g3 g6g7 d7e6 d4a1 h7h5 a1e5 g3g2
175,B,material_adjudication_moderate,113,1.048488,875,2026-09-04 03:46:45,b1a3 a7a5 f2f3 b7b5 a1b1 b5b4 e2e4 h7h5 d2d3 b4a3 c1g5 b8c6 b2a3 c6d4 c2c3 d7d6 c3d4 f7f6 d4d5 e8d7 g5c1 g7g5 g2g4 e7e6 e1f2 g8h6 d1c2 e6d5 h2h3 d8e7 d3d4 d5e4 f3e4 h6f7 g1f3 h5g4 h3g4 h8h1 f1g2 h1c1 b1c1 c7c5 d4c5 d6c5 c1d1 f7d6 c2d2 e7e4 f3e1 e4g4 g2a8 g4c4 d2a5 g5g4 d1d2 f8h6 d2d1 d7e6 e1g2 e6d7 d1f1 c4e6 a5c5 f6f5 a8d5 e6e7 f2g3 d6e4 d5e4 e7c5 f1c1 c5d6 g3h4 c8b7 c1d1 b7c8 d1d6 d7d6 e4f5 c8f5 h4h5 h6g7 g2h4 f5d7 a3a4 g7e5 a4a5 e5d4 a5a6 g4g3 a6a7 d4a7 a2a4 g3g2 h4g2 d6c5 g2e1 d7a4 h5h4 c5b4 h4h5 b4a3 h5h4 a4d1 e1c2 a3a4 c2e3 a7e3 h4g3 e3d2 g3f2 a4b4 f2g2
176,B,material_adjudication,66,1.040213,880,2026-09-04 03:46:58,c2c4 a7a5 h2h3 e7e5 g2g4 a5a4 b1c3 d7d5 c3d5 f8c5 h1h2 b7b6 d2d3 c5b4 d1d2 b4d6 a1b1 b8a6 d3d4 d6e7 e2e4 c8d7 e1d1 h7h6 d5c3 b6b5 f2f4 e5d4 c4b5 d4c3 d2c3 g8f6 c1d2 h8h7 d1c2 a6b4 c3b4 e7b4 g4g5 e8f8 g5f6 d8f6 e4e5 f6e7 d2b4 e7b4 a2a3 b4c5 f1c4 a8b8 b5b6 c7b6 b1a1 c5c4 c2b1 d7f5 h2c2 b8c8 g1f3 f8e8 f3d2 c4b5 h3h4 e8d8 h4h5 c8a8
177,W,value_resign,23,0.998571,885,2026-09-04 03:47:24,e2e3 b8a6 f1a6 g7g6 a6e2 c7c6 g1f3 d7d5 e2b5 g6g5 b1a3 f7f6 d1e2 b7b6 b2b4 a7a6 b5c6 e8f7 c6a8 c8f5 e1f1 f7g6 g2g4
178,B,material_adjudication_moderate,92,1.014405,890,2026-09-04 03:48:18,d2d3 b7b6 b1a3 c7c5 e2e4 a7a5 e1e2 f7f6 f2f4 a5a4 c2c3 g8h6 e2e3 g7g6 e3e2 f8g7 g1f3 g6g5 d1d2 d7d5 d3d4 g5g4 g2g3 g4f3 e2d3 g7f8 f1e2 e8d7 e4e5 h6f7 e2f3 c5d4 e5f6 e7f6 c3d4 h7h6 a3c2 f7d6 h2h3 f8e7 f4f5 b8c6 a2a3 c8b7 h1f1 d7c7 c2e3 h8f8 a1b1 c7c8 d2c3 c8b8 c3c2 b7c8 c2c6 c8b7 c6c2 f8h8 g3g4 h8f8 c2d2 f8h8 d2c2 h8f8 c2d2 f8h8 d2c2 b6b5 c2d2 d6e4 d2g2 e7d6 e3c2 d6e7 c2e3 e4c3 b2c3 h8h7 c1d2 d8e8 c3c4 b5c4 d3c2 e8d7 g2e2 e7c5 d4c5 d5d4 f3g2 d4d3 c2c1 d3e2
179,B,value_resign,46,0.990478,895,2026-09-04 03:49:23,e2e3 a7a5 g2g3 h7h5 f2f3 a5a4 b2b3 h5h4 f1b5 c7c5 e1f1 a4b3 a2b3 a8a1 b1a3 f7f6 f1e1 e8f7 g1e2 h4h3 h1g1 d7d5 g3g4 d8e8 b5e8 f7e8 e2c3 d5d4 c3a2 a1a2 d1e2 c8e6 e3e4 b8d7 a3c4 a2c2 e1d1 c2a2 g1f1 d4d3 f3f4 d3e2 d1e2 b7b5 e4e5 b5b4
180,B,material_adjudication_moderate,98,0.902854,900,2026-09-04 03:50:29,e2e4 e7e5 f1c4 f8c5 b1a3 e8e7 e1f1 c5b6 f2f3 b6g1 g2g4 g8f6 d1e2 c7c6 h1g1 b7b5 g4g5 b8a6 g5f6 g7f6 b2b3 c8b7 g1g3 a8b8 d2d3 b5c4 c1e3 b8a8 a3c4 d8b6 a2a4 a6b4 a1b1 h7h6 c4b6 a7b6 g3g6 f7g6 c2c3 b4d5 e4d5 c6d5 e3f4 e7f8 f4e3 a8a6 e2c2 d5d4 e3c1 d4c3 c2c3 b7d5 h2h4 a6a8 c1b2 a8c8 c3d2 d5c6 b1a1 d7d5 d2c3 g6g5 a4a5 g5h4 a5b6 h4h3 b3b4 c6b7 b4b5 c8c3 b2c3 e5e4 d3e4 d5e4 f3e4 h3h2 e4e5 h2h1q f1e2 h1h2 e2f1 f8e7 e5f6 e7f7 f1e1 h8d8 e1f1 b7c8 a1a3 c8b7 a3a1 b7c8 f1e1 c8b7 e1f1 b7c8 c3a5 c8b7
181,W,value_resign,45,0.990850,905,2026-09-04 03:50:57,e2e4 b8c6 g2g4 g8h6 a2a4 b7b5 g1h3 e7e5 b1c3 h6g4 a4b5 a7a5 f1g2 d7d6 h1g1 g4h6 b5c6 d8h4 b2b3 h6g8 g2f1 f8e7 c1b2 f7f6 e1e2 g7g5 g1g3 h7h6 f2f3 e7d8 e2e1 g8e7 c3b5 a5a4 d1e2 a8b8 c2c4 b8b5 c4b5 e8g8 f3f4 h4g3 h2g3 g5g4 e2f2
182,B,value_resign,36,0.981398,910,2026-09-04 03:51:22,b1a3 a7a5 b2b3 a5a4 b3b4 d7d6 f2f3 c7c6 d2d3 e8d7 b4b5 f7f6 e1f2 c6b5 a1b1 d6d5 b1b5 d5d4 g2g3 g8h6 f1g2 g7g5 f3f4 h6f7 g1f3 e7e6 d1e1 f8a3 b5c5 a3c5 f3d4 c5d4 f2f1 h8f8 a2a3 d8b6
183,W,value_resign,41,0.994773,915,2026-09-04 03:52:26,a2a3 c7c6 b2b4 b8a6 a3a4 f7f6 h2h4 c6c5 b4c5 g8h6 f2f3 e7e5 e1f2 h6f7 f2e1 a6c5 f3f4 f8e7 g2g4 f6f5 g4g5 a7a6 c1b2 e5e4 d2d4 d7d6 d4c5 g7g6 b2h8 f7h8 g1h3 b7b6 c5c6 c8d7 c6d7 d8d7 f1g2 d7d8 e1f1 e4e3 c2c4
184,W,value_resign,67,1.005999,920,2026-09-04 03:53:19,e2e4 d7d6 e1e2 e7e5 f2f3 b8a6 d2d3 b7b5 b2b3 a8b8 h2h4 b8b6 c2c4 e8e7 c4b5 a6c5 h4h5 c7c6 b5c6 f7f6 a2a4 b6c6 b3b4 c8g4 b4c5 a7a6 f3g4 c6c5 a1a3 h7h6 a4a5 d8e8 e2e3 c5c6 b1c3 c6c3 a3c3 e7f7 g1e2 e8e7 e2g3 e7e8 d1e2 e8e7 c3c4 f7e8 e2b2 e7f7 c4c5 d6c5 h1g1 g8e7 e3d2 g7g5 h5g6 f7g6 d2c3 e8d7 g3h5 g6e8 h5f6 d7d8 f6e8 d8e8 c1d2 f8g7 g1h1
185,B,value_resign,46,1.031827,925,2026-09-04 03:55:18,b1a3 h7h5 b2b4 g7g5 f2f3 f7f6 a1b1 c7c5 a3c4 e8f7 c4b6 f7e6 e2e4 a7a5 b1b3 f8g7 f1e2 a5b4 e1f1 a8a2 b6c8 d8c8 h2h3 d7d5 d2d4 b8a6 f1e1 d5e4 b3e3 c5c4 e1d2 a6b8 c1b2 a2b2 f3e4 g5g4 h3g4 h5g4 e2c4 c8c4 d1b1 b2b1 d4d5 e6d7 h1h2 h8h5
186,B,value_resign,40,0.951897,930,2026-09-04 03:55:32,h2h4 h7h5 a2a3 e7e5 e2e4 b7b6 b2b3 d7d6 d2d3 g7g5 h1h3 b8d7 e1e2 d8e7 d1d2 g5g4 h3g3 g8h6 a3a4 h6g8 b1a3 f7f5 c1b2 e7f7 a3c4 f7e7 f2f3 e8d8 a1c1 f5f4 e2d1 f4g3 g1e2 d7c5 b2d4 e5d4 f3g4 a7a5 e2d4 c8b7
187,W,value_resign,45,0.959281,935,2026-09-04 03:56:54,b1a3 a7a5 b2b3 a5a4 b3b4 b7b6 f2f3 c7c5 g1h3 e7e6 b4b5 e6e5 c2c4 f8e7 a1b1 c8b7 d1a4 a8a4 a3c2 e5e4 f3e4 d7d6 h3f4 b8c6 f4e6 d8a8 b5c6 a4a2 e6c7 e8f8 c7a8 a2c2 c6b7 c2c4 a8c7 e7d8 b7b8q f8e7 e2e3 d8c7 b8a7 d6d5 f1c4 d5c4 e1f2
188,W,material_adjudication,70,1.161402,940,2026-09-04 03:57:07,e2e3 a7a5 f1b5 h7h5 g2g3 c7c5 d1h5 h8h5 f2f4 g8h6 e3e4 h5h2 h1h2 b8c6 b5c6 d8c7 c6d5 h6g4 b1c3 c7b6 g1e2 g4h2 b2b3 b6d6 c3b5 d6c6 d5c6 f7f6 c6b7 c8b7 a2a4 b7c6 e2c3 f6f5 e4f5 a8c8 c1b2 h2g4 c3e2 g4e3 d2e3 c6b5 a4b5 c5c4 b2c3 d7d5 a1d1 d5d4 c3d4 c4b3 c2b3 g7g6 e1d2 f8g7 d4c3 g7c3 e2c3 c8c7 b5b6 c7c3 d2c3 g6g5 d1d2 g5f4 g3f4 e7e5 f4e5 e8e7 d2a2 e7f7
189,B,material_adjudication_moderate,76,0.982111,945,2026-09-04 03:57:49,d2d3 b7b6 b1a3 c7c5 e2e4 d7d6 f2f4 f7f6 e1d2 a7a6 a3b5 g7g6 a1b1 a6b5 h2h3 f8g7 g2g3 b8d7 f1g2 h7h5 e4e5 f6e5 g2a8 e8f8 a8d5 g7f6 d2e3 g8h6 g1f3 b5b4 f4e5 d6e5 f3e5 d7e5 h1f1 c8h3 d5e4 h3f1 d1f1 e5d3 c2d3 g6g5 c1d2 b4b3 f1e1 f6g7 d2c3 b3a2 b1d1 h8g8 e1d2 h6g4 e3f3 g7h6 d2c1 h6g7 c3e1 g8h8 e4f5 g4h6 f5e4 h6g4 e4f5 g4h6 f5e4 e7e6 f3e2 h6g4 e4b7 g4h6 e2f1 h6f7 g3g4 h5g4 c1c4 e6e5
190,W,value_resign,71,0.990434,950,2026-09-04 03:58:02,a2a3 g8f6 h2h4 b8a6 a3a4 f6g4 f2f3 f7f5 c2c3 b7b5 e2e3 g4e3 d2e3 d7d5 e1e2 e7e5 e3e4 a6b4 a4a5 h8g8 c1g5 f8e7 g5e7 d8e7 f3f4 d5d4 e4f5 e7f8 f4e5 d4c3 b2c3 b4a6 e2d2 b5b4 h4h5 b4c3 d2c3 g7g6 f5g6 c8f5 f1d3 f8c5 c3d2 a8b8 g1f3 c5d5 b1a3 f5d3 d2e1 a6c5 a3b5 b8b5 g6h7 c7c6 h7g8q d5g8 h5h6 c5b3 a1a2 g8f8 h1g1 f8h6 g2g3 e8f8 d1d3 b5a5 a2a5 b3a1 g3g4 f8g7 e1f2
191,W,material_adjudication,78,1.063080,955,2026-09-04 04:00:02,e2e3 a7a5 e3e4 b7b6 e1e2 g8h6 d2d3 e7e5 f2f3 h6g4 f3g4 d8h4 b1c3 h4g4 e2e1 g4d1 e1d1 d7d6 b2b3 a5a4 c1b2 c7c6 g2g3 c8g4 f1e2 a4a3 b2a3 a8a3 e2g4 b8a6 d1e2 a6c5 g4h3 a3a6 a2a3 a6a7 e2f1 f7f5 e4f5 a7d7 b3b4 c5b3 c2b3 f8e7 f1e1 d6d5 g1e2 d5d4 c3a2 e7f6 e2d4 e5d4 h1f1 h8f8 h3g4 d7b7 g4e2 e8d7 h2h4 f6d8 g3g4 d7e7 g4g5 h7h5 g5h6 g7h6 e1f2 f8f5 e2f3 e7d7 f2g3 f5g5 h4g5 h6h5 f3e4 d8e7 g3h3 e7d8
192,W,value_resign,41,1.100093,960,2026-09-04 04:00:02,h2h4 e7e5 c2c4 h7h5 f2f4 b7b6 g2g4 d7d5 d2d3 d8d7 g4h5 f8e7 d1c2 d7e6 g1f3 e5e4 f3e5 e6g4 e5g4 d5c4 e1f2 c8d7 b2b3 c4d3 c2d1 d3e2 d1e2 b8a6 c1d2 a8b8 d2c3 g8h6 g4e5 a6c5 b3b4 h6f5 b4c5 b8a8 f1h3 h8h6 b1d2
193,W,value_resign,37,1.042539,965,2026-09-04 04:00:43,b1a3 a7a5 b2b3 g8h6 e2e3 f7f6 f2f3 a5a4 e1e2 e8f7 g2g3 b7b6 f1h3 f7g6 e2d3 b8c6 a3c4 b6b5 f3f4 e7e6 c4b2 d8e7 d1f3 d7d5 h3g4 d5d4 g4e6 c8e6 f3c6 e6d7 c6a8 e7d8 a8d8 d7c8 c2c3 f8c5 c3d4
194,B,material_adjudication_moderate,122,1.072086,970,2026-09-04 04:01:10,b2b3 b8a6 d2d3 b7b6 b3b4 c7c5 c2c4 a6b4 a2a3 g7g6 b1c3 a8b8 c1h6 e7e6 a3b4 a7a6 h6f8 f7f6 a1a3 d7d6 d1b1 c5b4 h2h3 b4a3 f8g7 a3a2 b1b2 d6d5 c4d5 c8b7 e2e4 b7c8 g7h8 e6d5 e4d5 a2a1q b2a1 h7h6 f2f3 a6a5 g1e2 b6b5 a1d1 b5b4 c3a4 d8c7 e2f4 c7d8 d1e2 g8e7 e1d2 e8d7 h8g7 e7f5 d5d6 f5g7 g2g3 b8b7 f4d5 d7d6 d5f4 g6g5 a4c5 d6c5 e2e3 c5d6 e3d4 d6c7 f4e2 d8d4 e2d4 c8d7 d2e3 b4b3 d4b5 c7c6 b5d4 c6d6 d4b5 d6d5 b5d4 b3b2 d4e2 b2b1q e2c3 d5e6 c3b1 b7b3 b1d2 b3b8 d3d4 g5g4 f1c4 e6e7 e3d3 g4h3 h1h3 d7h3 g3g4 h3g2 g4g5 f6g5 c4b5 b8b5 d3c4 g5g4 c4b5 g4g3 b5c4 h6h5 c4d3 e7f7 f3f4 a5a4 d2c4 h5h4 c4d2 f7f8 f4f5 a4a3 f5f6 g7e8
195,B,material_adjudication,66,0.972085,975,2026-09-04 04:02:53,b2b3 e7e6 g2g3 f7f5 e2e3 f8c5 g1f3 e6e5 b1c3 f5f4 f3e5 g8f6 b3b4 c5b4 d1e2 b4c3 h2h4 c3e5 g3f4 a7a5 h4h5 f6e4 a2a4 e4c3 f2f3 c7c5 f4e5 h8g8 h5h6 c3e2 f1e2 e8e7 h1h3 g8h8 f3f4 c5c4 e2c4 g7g6 c1b2 h8g8 b2d4 d7d5 e5d6 e7d6 e3e4 c8h3 c4g8 b8c6 g8d5 g6g5 f4g5 c6d4 d5b7 d8d7 b7a8 d4c2 e1d1 c2a1 d1e1 h3g2 a8d5 d7d8 e1d1 g2f3 d1e1 d8c7
196,B,value_resign,42,1.082217,980,2026-09-04 04:06:16,e2e3 g7g6 h2h3 g8h6 f1d3 f7f5 d3b5 f5f4 e3f4 c7c6 d2d4 d7d5 b5f1 b7b5 e1d2 d8a5 b2b4 a5a6 c1b2 f8g7 h3h4 e8g8 a2a3 a6b7 h4h5 g7f6 h5g6 h6f5 g6h7 g8g7 g1f3 f5d4 a3a4 d4f3 d1f3 f6b2 f3c3 b2c3 d2c3 b5a4 g2g3 g7h8
197,W,value_resign,39,0.985889,985,2026-09-04 04:06:44,h2h4 b7b6 b2b3 b8a6 c2c3 e7e5 h4h5 c7c5 e2e4 f8e7 f1a6 c8a6 c3c4 a8c8 f2f3 f7f5 a2a3 g7g6 e1f1 g8h6 b3b4 c5b4 a3b4 a6b5 c4b5 h8f8 d2d3 f5f4 h5g6 c8c6 g6h7 d7d5 b5c6 d5d4 b4b5 a7a5 h1h4 a5a4 g2g4
198,B,value_resign,44,1.003629,990,2026-09-04 04:06:58,e2e4 f7f6 b2b3 d7d6 e1e2 e7e5 f2f3 g8e7 d1e1 b8d7 d2d3 g7g6 a2a4 b7b6 h2h4 g6g5 h4g5 f6g5 c1g5 d7c5 c2c4 e8d7 b3b4 c5e6 b1c3 e6g5 a4a5 f8g7 c4c5 d6c5 c3d1 c5b4 a5b6 c7b6 a1a7 a8a7 g2g4 a7a3 d1c3 h8f8 c3a4 g7h8 d3d4 a3a2
199,B,value_resign,52,1.023029,995,2026-09-04 04:07:13,h2h4 b7b6 b2b3 h7h5 g2g4 a7a5 c2c4 e7e5 g4h5 a5a4 b1c3 e8e7 f2f4 b8a6 b3a4 e5f4 e2e4 f4e3 d2e3 a6c5 f1e2 a8b8 a4a5 g7g6 a1b1 f7f5 c3b5 g6h5 g1h3 c5e6 d1d5 c7c6 d5f5 c6b5 c1b2 d7d6 b2h8 b5c4 h8d4 e6d4 f5d5 c4c3 a2a3 d4e2 e1e2 g8f6 h1g1 f6d5 a5b6 c8g4 e2d3 d8b6
200,W,value_resign,79,1.002835,1000,2026-09-04 04:09:03,h2h4 b7b5 b2b4 g7g6 a2a4 f7f6 b1c3 d7d5 a4b5 c7c6 f2f3 e8d7 e1f2 d5d4 c3b1 g8h6 h4h5 c6b5 h1h2 a7a5 c1b2 b8c6 b4a5 e7e6 a5a6 h6f5 h2h1 e6e5 f3f4 b5b4 g2g4 f5d6 f4e5 f6e5 h5g6 b4b3 g6h7 b3c2 d1c1 c2b1q c1b1 f8h6 f1g2 a8a6 a1a6 c8a6 g4g5 h6g5 b1c1 g5e7 g2c6 d7c8 g1f3 a6b7 f3e5 b7c6 c1c6 d8c7 c6f3 e7f6 h1f1 h8h7 f3f6 c7b7 e2e4 h7h6 f6h6 b7c7 h6g7 c7g7 e5f3 d6c4 b2d4 c8b8 d4g7 b8a7 f2g2 a7b6 g7h8
201,W,material_adjudication,100,0.985918,1005,2026-09-04 04:10:03,h2h4 b7b6 b2b3 h7h5 c1b2 b8c6 d1c1 f7f5 b1c3 b6b5 d2d3 g7g5 c3d5 g8f6 a2a4 f6d5 c2c3 d5e3 c1e3 c8a6 e3c1 e7e5 g1h3 f8d6 e2e4 h8f8 e1e2 b5a4 e4f5 g5g4 e2d1 g4h3 a1a4 a6b5 a4a1 d6e7 h1h3 e7f6 f1e2 c6e7 e2h5 f8f7 h5f7 e8f7 g2g4 f7f8 f2f4 e5f4 g4g5 f6g5 h4g5 d8e8 d3d4 b5c4 h3h7 e8c8 f5f6 e7d5 b3c4 d5e3 d1e1 c7c6 c1e3 f4e3 e1e2 d7d5 h7h1 c8d7 e2d3 a8b8 b2c1 c6c5 d4c5 b8d8 c1e3 d5c4 d3c4 a7a5 c4b3 a5a4 a1a4 d8a8 a4a8 d7d8 h1g1 d8a8 g5g6 a8c6 g1g3 f8e8 g3g4 c6f6 e3f4 f6f4 g4f4 e8e7 b3c2 e7e6 c2d1 e6e5
202,W,value_resign,57,1.016371,1010,2026-09-04 04:10:58,e2e3 a7a5 d1h5 g8f6 h5h4 a8a7 f2f3 f6g4 f1a6 a5a4 h2h3 d7d6 b2b3 g4e3 h4g5 a7a6 g5e3 b8d7 g2g3 e7e5 e3f2 g7g5 e1f1 c7c5 a2a3 e5e4 b3a4 a6a4 c1b2 a4a5 b2h8 d8e7 h8c3 g5g4 f3e4 f8g7 h3g4 g7c3 b1c3 a5a6 d2d3 e7f8 f1e1 f7f5 g4f5 f8f7 f2f3 h7h5 e1d2 h5h4 h1h4 f7f5 e4f5 e8f8 g1h3 a6a3 a1a3
203,B,value_resign,44,0.949944,1015,2026-09-04 04:11:26,h2h4 b7b6 b2b3 c7c6 b3b4 f7f6 a2a4 g8h6 g1h3 c6c5 f2f4 b8a6 d2d4 e8f7 b1c3 a8b8 h3f2 c5b4 d4d5 b4c3 d1d2 c3d2 e1d2 a6c5 e2e3 c5d3 f2d3 c8a6 c1a3 f7g8 h4h5 f6f5 f1e2 a6c4 a1d1 h6g4 d5d6 e7e6 e2g4 f5g4 d3b4 g7g6 h5h6 f8h6
204,W,material_adjudication_moderate,80,1.024029,1020,2026-09-04 04:11:40,h2h4 b7b6 b1a3 a7a5 f2f4 d7d6 c2c4 f7f6 b2b4 d6d5 c4d5 c7c5 c1b2 b8c6 a3b5 c6b4 b2c3 c8g4 e1f2 c5c4 a2a4 a8b8 d5d6 b4d5 h4h5 g8h6 d6e7 d8e7 g1f3 g4f3 f2f3 b8d8 g2g4 g7g5 f4f5 h6f5 f1g2 f5h4 f3g3 h4g2 g3g2 f8h6 d1e1 e8g8 h1f1 e7e8 b5a7 d5c3 d2c3 b6b5 a7b5 d8d5 e2e4 d5e5 b5d6 e8d7 d6c4 d7c7 c4e3 g8h8 e3f5 f8d8 e1c1 e5e7 f5e7 c7a7 e7c6 a7a6 a1a2 a6b7 c1b2 b7c6 c3c4 c6e8 g2h3 h8g7 a2a1 g7h8 f1f6 h6g7
205,W,value_resign,47,1.033360,1025,2026-09-04 04:11:41,b1a3 c7c6 e2e3 f7f6 f1e2 e7e5 e1f1 e8e7 g2g3 d7d5 b2b3 a7a5 f2f4 d5d4 f4e5 f6e5 e3d4 h7h5 d4d5 b7b5 d1e1 b8d7 c1b2 e7f6 d5c6 h5h4 c2c4 f8a3 b2a3 e5e4 c6d7 h4h3 d7c8q a8c8 e1d1 f6e6 d2d3 g7g6 d3e4 d8b6 c4c5 b6c5 a3c5 c8c5 d1c1 h8h7 c1a3
206,W,material_adjudication,100,1.147451,1030,2026-09-04 04:12:07,a2a3 g8f6 a3a4 d7d5 a4a5 a7a6 g1f3 e7e5 f3e5 c8f5 g2g4 f5g4 f2f3 g4f5 d2d4 f5c8 c1d2 b7b5 f1g2 f8e7 h1f1 c8e6 a1a3 e6d7 e5d7 b5b4 a3d3 b8d7 c2c3 h7h5 c3b4 d8c8 g2h3 f6g8 d3c3 d7b8 d1a4 c8d7 h3d7 b8d7 c3c4 d5c4 h2h3 a8d8 a4d1 e7d6 d4d5 d6e7 d2c1 g7g6 e1d2 e8f8 d5d6 c7d6 d2c3 g6g5 c3c4 d8c8 c4b3 g5g4 h3g4 h5g4 f3g4 e7g5 c1g5 g8h6 g5h6 f8e7 b3a4 h8h6 e2e4 c8c6 e4e5 d6e5 b1c3 e5e4 d1d2 h6d6 c3b5 d6d2 b5d4 c6c5 b4c5 d2d4 a4b3 e7e8 b3c3 d4d5 c5c6 d7f6 f1f6 e4e3 c6c7 e3e2 c7c8q e8e7 f6f3 d5c5 c8c5 e7e6
207,W,value_resign,58,1.044334,1035,2026-09-04 04:13:23,b2b3 b7b6 c2c3 c7c6 e2e3 b8a6 f2f3 f7f6 e3e4 h7h6 e1e2 f6f5 b3b4 b6b5 h2h4 d8c7 e4f5 c8b7 d2d4 e7e5 f5e6 c6c5 b1a3 c5d4 f3f4 d4c3 e2f2 c3c2 d1e2 c7d6 a3b5 f8e7 b5d6 e7d6 g2g4 b7h1 e6d7 e8f8 g1f3 a6b4 a2a3 h8h7 a3b4 a7a5 e2c2 a5b4 c1e3 a8a1 f3e1 g7g5 c2b2 a1a3 d7d8q f8f7 b2c1 h7g7 f1c4 f7g6
208,B,value_resign,33,0.949387,1040,2026-09-04 04:14:03,a2a4 e7e6 g2g3 b8a6 b1c3 d7d6 e2e4 c7c6 d2d4 d8c7 f1b5 c8d7 e1f1 g8f6 c3d5 c6d5 f2f3 b7b6 e4d5 f8e7 a4a5 d7b5 d1e2 b5e2 f1e2 h7h6 b2b3 a6b8 e2e1 h8g8 a5a6 b8a6 d5e6
209,W,value_resign,51,1.033567,1045,2026-09-04 04:14:42,g1f3 b7b5 c2c4 f7f6 e2e4 c7c5 b1c3 e8f7 c4b5 d8e8 d2d4 g7g6 b2b3 a7a5 d4c5 b8a6 c1d2 d7d5 d1e2 a6b4 c3d5 b4d5 d2c1 f7g7 c1g5 e7e5 a2a4 c8a6 b5a6 f6g5 e4d5 a8d8 f3g5 h7h6 g5e6 g7h7 e6d8 e8d8 a1c1 f8e7 f2f3 d8d5 c1c3 e7c5 c3c4 d5c4 b3c4 c5b4 e1f2 b4e7 f2g3
210,B,checkmate,88,1.001683,1050,2026-09-04 04:15:21,h2h4 e7e5 c2c4 h7h5 h1h2 a7a6 a2a4 g7g6 a4a5 f8g7 c4c5 e8f8 f2f4 f7f6 d1c2 h8h6 a1a4 f6f5 e1f2 b8c6 f2g3 g7f6 e2e4 d7d5 c5d6 b7b5 a5b6 c8b7 c2d3 d8d7 f4e5 f5e4 d3e4 f6e7 a4a5 c7b6 e5e6 d7d6 a5e5 c6e5 d2d4 d6d8 e4e5 d8c8 c1h6 g8h6 d4d5 h6g8 g3f2 c8e8 g1f3 g8f6 b1c3 f6g4 f2e1 g4e5 f3e5 g6g5 h4g5 e7g5 e5c6 b7c6 d5c6 g5f6 c3b1 h5h4 f1d3 f6g7 d3a6 a8d8 h2h4 g7b2 b1d2 b2d4 h4h5 f8g7 g2g3 e8h5 g3g4 h5g4 d2f3 d8a8 f3d4 g4g3 e1f1 g3h2 a6b5 a8a1
211,W,value_resign,39,1.034345,1055,2026-09-04 04:16:13,d2d3 b7b6 g2g4 d7d6 b1d2 e7e5 b2b3 c7c5 h2h4 d8e7 f1g2 c8g4 h4h5 f7f6 g2d5 e8d8 e2e3 b8d7 d5a8 d8e8 f2f3 c5c4 e1f2 e8d8 d2f1 g4f5 h5h6 d7c5 f2e2 e7d7 d3c4 f8e7 h6g7 f5e6 g7h8q d6d5 f1g3 h7h5 a2a3
212,B,value_resign,33,1.106237,1060,2026-09-04 04:17:18,e2e3 a7a5 f1b5 h7h5 g2g3 c7c5 f2f3 a8a7 g1e2 h5h4 e1g1 d8c7 e3e4 c7b6 c2c4 b6g6 e4e5 h4g3 e2f4 f7f6 f4d5 e7e6 d1e2 h8h2 a2a4 h2e2 a1a2 f6e5 b1a3 e8d8 a3b1 g8h6 f1f2
213,W,value_resign,16,0.989795,1065,2026-09-04 04:18:12,b1a3 a7a5 f2f3 b7b5 e2e4 d7d6 g2g3 h7h5 f1b5 d8d7 b5d7 e8d8 a3b5 c8b7 d7c8 g8f6
214,W,value_resign,51,1.139976,1070,2026-09-04 04:18:26,a2a3 c7c6 h2h4 c6c5 c2c4 b8c6 d2d4 c5d4 h4h5 f7f6 a1a2 g8h6 e2e4 f6f5 c1h6 c6b4 h6g7 f8g7 a3b4 d7d5 f2f3 h8f8 e1e2 f5e4 b1d2 d8d7 f3e4 d5e4 h5h6 g7h6 h1h6 f8f5 d2e4 e7e5 g2g4 f5f1 e2f1 d7d6 g4g5 c8d7 e4d6 e8e7 d1d2 e5e4 a2a1 e4e3 d2c2 a7a6 c2b3 d7e6 a1a3
215,B,value_resign,32,0.941790,1075,2026-09-04 04:18:40,e2e3 a7a5 b1a3 f7f6 d1h5 g7g6 g2g3 g6h5 b2b3 b7b6 a3b1 b8c6 f1b5 g8h6 e1d1 a8a6 f2f4 h6f7 c1b2 a6a7 b1c3 c8b7 h2h4 f8h6 a2a4 h8f8 g1h3 h6g7 e3e4 c6b4 d1e2 f7d6
216,B,material_adjudication_moderate,132,1.005491,1080,2026-09-04 04:20:15,e2e3 a7a5 f1b5 h7h5 g2g3 c7c6 d1h5 h8h5 b5e2 h5c5 e3e4 b8a6 e2g4 g8h6 f2f4 a6b8 d2d4 d8b6 g1h3 h6g4 d4c5 b6d8 h1g1 g4h6 e4e5 a8a6 b2b3 b7b6 b1c3 a6a7 c5b6 d7d6 b6a7 c8h3 a7a8q b8a6 a8c6 d8d7 c6d5 a6b4 e5e6 b4d5 e6d7 h3d7 c3d5 h6g4 d5b6 d7c6 g1f1 g4h2 f1f3 c6f3 a2a4 f7f5 e1f2 f3d5 b6d5 h2g4 f2g2 e7e6 d5b6 g7g6 c1b2 d6d5 b3b4 f8b4 a1d1 g4e3 g2h2 e3d1 h2g2 b4e7 b2c1 e8f8 b6d7 f8e8 d7e5 e8f8 e5g6 f8f7 g6e5 f7f8 c1d2 e7d6 e5d3 d5d4 c2c3 d4c3 d2c1 d6e7 d3e5 f8g8 g2f3 g8g7 e5c6 g7f6 c6e5 d1f2 f3f2 e7b4 e5c4 f6g6 c1e3 e6e5 f4e5 b4f8 e3c1 f8g7 c1e3 c3c2 e3c1 f5f4 f2g2 g7h6 c1f4 h6f4 g3f4 c2c1q g2f2 c1c2 f2e3 g6f7 c4a3 c2h2 a3b5 f7e8 b5d4 e8e7 d4f3 h2h3 e3f2 h3d7
217,B,material_adjudication_moderate,91,1.030305,1085,2026-09-04 04:20:42,e2e4 b8c6 a2a4 g7g5 g2g4 c6b4 b1c3 g8h6 h2h4 c7c5 h4g5 b4c2 d1c2 f7f6 b2b3 f6g5 c1a3 h6g4 g1e2 f8g7 a3c5 d7d6 c5d6 e7d6 h1h3 g7d4 e2d4 h7h5 d4b5 a7a6 a1d1 a6b5 c3b5 c8d7 b5d6 e8e7 h3g3 e7d6 f2f3 g4f6 e4e5 d6e7 f1b5 f6d5 d1c1 b7b6 b5c4 h5h4 g3g1 h4h3 g1g5 h3h2 c2b2 h2h1q e1f2 d7e6 c1h1 h8h1 c4d5 e6d5 g5g4 a8c8 f2g2 e7e8 g2h1 d5c6 e5e6 c8a8 g4g3 c6d5 d2d4 a8a7 b2c1 d8b8 c1d2 b8g3 d2g2 g3d6 g2h3 d6c6 h3h4 d5e6 h1g1 e6d5 a4a5 b6a5 h4g3 d5e6 d4d5 c6c5 g1h2
218,B,value_resign,52,1.016907,1090,2026-09-04 04:22:55,e2e3 a7a5 e1e2 b7b5 g2g3 h7h5 h2h3 c7c5 f2f4 h5h4 g3h4 f7f5 b2b3 d8c7 b1c3 b8a6 f1g2 b5b4 g2a8 b4c3 a8g2 h8h4 a2a4 c7a7 d2d4 a6b4 e2e1 c8b7 g2b7 a7b7 d4c5 b7h1 d1f3 h1g1 e1e2 g1g6 e3e4 f5e4 f3e4 g6h6 c1d2 d7d5 e4d5 b4d5 d2c3 h4h3 a1b1 h6h5 e2f1 h3h2 c3d4 g8h6
219,B,value_resign,30,0.953305,1095,2026-09-04 04:24:04,f2f4 a7a5 e2e4 f7f6 f1c4 c7c6 h2h3 a5a4 e1f1 d7d6 b2b4 h7h6 h3h4 f6f5 g1e2 f5e4 c4b5 b8a6 b1a3 a6b4 c2c3 a8b8 a3c4 e7e5 d1c2 b4c2 c1b2 f8e7 g2g4 g7g6
220,W,material_adjudication,78,0.935097,1100,2026-09-04 04:24:45,a2a3 c7c6 d2d3 h7h5 c1g5 g7g6 b2b3 c6c5 g1h3 f7f5 g5e7 f8e7 d3d4 f5f4 e2e4 a7a5 e1d2 h5h4 h3f4 c5c4 d1e1 c4b3 f2f3 b8c6 f4e2 b7b6 d4d5 c8b7 c2b3 g6g5 d5c6 b7c6 d2d1 e7d6 e4e5 d6e5 g2g4 e5a1 b1d2 h4h3 d2e4 d7d5 e4g5 d8g5 h1g1 g5e7 d1d2 a8a7 e2c1 c6b7 g4g5 g8h6 g5h6 h8f8 f1h3 a7a8 d2d1 b6b5 h3e6 e7f6 h2h3 a5a4 e6d5 a1e5 d5b7 a4b3 b7a8 b3b2 d1c2 f6h6 e1e5 e8d8 c2b2 h6f6 e5f6 d8e8 f6g6 e8d8
221,B,material_adjudication_moderate,76,1.041926,1105,2026-09-04 04:26:24,h2h4 b7b6 b2b3 h7h5 c1b2 c7c6 a2a3 c8a6 e2e4 d8c8 f1a6 b8a6 e1f1 c6c5 d1f3 e7e5 c2c4 d7d5 g2g3 g8e7 h1h2 d5c4 b3c4 e7f5 g3g4 h5g4 f3e2 h8h7 e4f5 g4g3 f2g3 e8d8 h2g2 c8f5 g1f3 e5e4 g3g4 f5g4 f3e5 g4h4 g2g4 h4h5 b2c3 f8d6 g4e4 f7f5 e4f4 d6e5 c3e5 g7g5 d2d4 h5e2 f1e2 g5f4 e2e1 h7h3 e5f4 c5d4 f4e5 f5f4 b1d2 a8c8 a1b1 b6b5 e5f4 b5c4 f4e5 a6c5 d2c4 c5d3 e1e2 d3e5 c4e5 a7a6 e5f3 a6a5
222,B,value_resign,29,0.950851,1110,2026-09-04 04:26:53,f2f3 b7b5 c2c4 d7d5 g1h3 g8f6 b2b4 f6g8 d2d4 a7a5 h1g1 e7e5 d4e5 c7c6 d1d5 c6d5 b1d2 b8a6 a2a4 b5c4 g1h1 g7g5 e1d1 a6c7 a1b1 c8b7 h3f4 a8b8 b4b5
223,B,material_adjudication_moderate,76,1.054260,1115,2026-09-04 04:28:02,h2h4 c7c6 g2g4 c6c5 c2c4 f7f6 f2f4 a7a5 h1h2 e8f7 f1g2 d7d5 b1c3 f7g6 c4d5 b7b5 c3b5 h7h5 d5d6 h5g4 d6e7 g8e7 g2a8 h8g8 a8d5 e7d5 a2a4 f8d6 e1f1 b8d7 b2b4 c5b4 c1b2 d6f4 d1c1 f4h2 f1g2 h2g1 c1g1 d5e7 d2d4 g4g3 h4h5 g6h5 g1e1 h5h4 e2e4 b4b3 e4e5 f6e5 d4e5 c8b7 g2f1 b7c6 b5d4 d8c8 d4c6 c8c6 e1c1 g8f8 f1g1 d7e5 c1c6 e5c6 g1g2 g7g6 a1d1 c6b4 d1d4 h4h5 b2c3 g6g5 d4d7 h5h4 c3d2 e7c8
224,B,value_resign,52,1.035857,1120,2026-09-04 04:28:02,e2e3 a7a5 f1b5 a5a4 b1c3 c7c6 c3d5 d7d6 g2g3 c6b5 h2h3 b8a6 d5c3 e7e6 c3b5 g8f6 d1f3 b7b6 f3a8 e6e5 e1d1 f8e7 b2b4 a6b8 a8g2 e5e4 d2d3 c8d7 f2f3 b8a6 b5c3 d6d5 d3e4 d5e4 f3e4 d7h3 g2d2 h3d7 g1h3 f6e4 d2d5 e4g3 h1g1 h7h5 c3a4 a6b4 a4b6 b4d5 b6d5 f7f5 a2a4 h8f8
225,W,value_resign,33,1.032771,1125,2026-09-04 04:28:17,b1a3 d7d5 g1f3 d8d6 g2g4 g8h6 f3e5 h6g4 e5f3 e8d7 b2b3 b7b5 f3d4 e7e5 a3b5 b8c6 d2d3 c6e7 e2e3 h8g8 a2a4 d6e6 d1e2 e5d4 b5d4 e6f5 e2d2 c7c5 d4f5 g7g6 f1e2 g6f5 a1b1
226,B,material_adjudication,81,1.033207,1130,2026-09-04 04:30:19,e2e3 a7a5 d1h5 e7e6 a2a4 b7b6 b2b3 e6e5 g2g3 d7d6 c1b2 c8g4 h5h4 e5e4 h4d8 e8d8 b2g7 f8g7 a1a3 g7h6 a3a1 d6d5 f1h3 g4d7 a1a3 a8a7 h3d7 b8d7 b1c3 f7f5 f2f4 g8e7 c3b5 a7b7 c2c3 h8f8 b5d4 d7c5 a3a1 h6g7 g1f3 e4f3 h1g1 c5b3 a1b1 b3a1 b1a1 d8e8 a1b1 g7f6 h2h3 h7h6 d4f3 h6h5 d2d4 e8d7 f3e5 f6e5 d4e5 d7c6 b1c1 h5h4 g3h4 b6b5 h4h5 b5a4 h5h6 b7b5 c3c4 d5c4 g1g7 e7d5 g7g6 c6c5 c1b1 b5b1 e1e2 a4a3 e2f2 a3a2 f2g2
227,B,material_adjudication_moderate,76,1.060834,1135,2026-09-04 04:31:14,g1h3 e7e6 g2g3 g8h6 e2e4 f7f6 b2b3 a7a5 d1h5 g7g6 h5e2 b8c6 e2d1 f8g7 h3f4 a8b8 b1c3 d7d6 f4e6 c8e6 c1b2 c6d4 d1b1 g6g5 h1g1 d8d7 c3b5 h6g4 b5c7 d7c7 f2f3 c7c2 b1c2 d4c2 e1d1 c2a1 f1g2 g4e5 d1e2 g7f8 h2h3 f6f5 e4f5 e8d7 f5e6 d7e8 b2a1 f8g7 d2d4 h8f8 d4e5 d6e5 a1c3 b7b5 a2a4 b5a4 g1c1 a4b3 e6e7 e8e7 c3e5 g7e5 f3f4 e5d4 f4g5 f8f7 g2c6 e7f8 c1b1 b3b2 e2d3 d4e3 b1b2 b8c8 b2c2 f7f5
228,B,value_resign,72,1.006281,1140,2026-09-04 04:31:41,e2e3 g7g6 b1a3 g6g5 b2b4 a7a5 f1e2 a5b4 e1f1 g8h6 h2h4 b7b6 h4g5 d7d6 d2d4 a8a3 c1a3 h6f5 a3b4 b8d7 c2c4 f5g7 a1c1 f7f5 d4d5 d7e5 g5g6 e5g6 h1h5 g7h5 g1f3 e8d7 d1e1 d8e8 c4c5 b6c5 b4c5 d6c5 a2a4 f5f4 f3g5 f4e3 e2d3 c8b7 g5f3 e8d8 g2g4 c5c4 g4h5 c4d3 h5g6 f8g7 a4a5 c7c6 d5c6 b7c6 g6h7 c6f3 c1c5 e7e5 a5a6 d8e7 f2e3 e7c5 a6a7 d7d6 a7a8q h8a8 e1f2 a8c8 f2g3 g7f6
229,W,value_resign,38,1.002890,1145,2026-09-04 04:31:42,b1c3 h7h5 g1h3 c7c5 b2b4 f7f5 b4c5 g7g5 h3g5 h5h4 d2d3 h4h3 g2g3 f5f4 e2e4 b8c6 g3f4 a8b8 e1e2 c6b4 c1d2 d7d6 a2a3 c8g4 f2f3 b4a6 h1g1 g8f6 a3a4 g4f5 e4f5 f8g7 g5e6 g7h6 e6d8 e8d8 e2e1 d6d5
230,W,material_adjudication_moderate,91,1.100000,1150,2026-09-04 04:32:08,h2h4 b7b6 b1a3 a7a5 h4h5 d7d6 d2d3 c7c6 a3c4 c8a6 a2a3 a6c4 c1d2 b8d7 a1a2 c4a2 g2g4 a8a7 c2c4 f7f6 f2f4 e7e6 b2b3 d8c7 h5h6 g8h6 g4g5 d7b8 f1g2 h8g8 e1f1 b8d7 d1e1 a2b3 g5h6 g7h6 e2e3 f6f5 g2f3 f8e7 d2b4 a7a8 b4c5 e7f6 c5b6 c7b7 b6a5 b3d1 e1d1 a8a5 d1e2 b7c7 a3a4 c7b7 d3d4 d7c5 d4c5 a5c5 a4a5 b7d7 a5a6 e8f7 h1h6 d6d5 c4d5 f6c3 h6e6 g8b8 e6c6 h7h5 c6c5 d7d6 c5c3 b8a8 e2g2 a8a6 f1e2 a6b6 e2f2 f7e8 g1e2 d6b4 c3c1 b6h6 e2c3 b4b3 e3e4 f5e4 f2e2 e4f3 g2f3
231,B,value_resign,60,0.889652,1155,2026-09-04 04:32:09,e2e3 g7g6 b1a3 g6g5 f1e2 d7d6 e3e4 a7a6 b2b4 b7b6 d2d4 h7h5 c1d2 c8d7 a1b1 g5g4 h2h4 d8c8 e2f1 f8h6 f1a6 h6d2 d1d2 b8a6 a3b5 g8h6 c2c4 a8b8 d2c2 c7c6 e4e5 a6b4 b1b4 c6b5 b4b1 b5c4 a2a4 d6e5 d4e5 c8b7 e1f1 b6b5 a4b5 h8g8 b5b6 b8a8 f2f3 e7e6 b1a1 g4f3 g2f3 a8a1 c2d1 a1a2 d1c2 a2a8 g1e2 a8b8 c2b2 h6f5
232,B,checkmate,18,1.195447,1160,2026-09-04 04:32:10,h2h4 g7g6 h4h5 d7d5 a2a3 f7f6 d2d4 c8h3 f2f3 d8d6 h5g6 e7e5 a1a2 b8d7 c1d2 e5d4 a3a4 d6g3
233,W,material_adjudication_moderate,89,0.943171,1165,2026-09-04 04:33:25,b1a3 a7a5 b2b3 g8h6 e2e3 c7c5 f2f3 g7g5 g2g3 d8b6 e1e2 b6a6 e2f2 b7b6 d1e2 b8c6 e2a6 a8a6 f1a6 c8a6 h2h4 a6b7 h4g5 h6f5 g5g6 f5g3 f2g3 f7g6 a3b5 g6g5 f3f4 c6b4 a2a3 b4c2 a1b1 b7h1 f4g5 h1c6 c1b2 c6b5 b2h8 b5c6 b1c1 c2a3 h8b2 a3b5 g3f2 f8g7 b2g7 d7d5 d2d4 c5d4 c1c6 e8f7 g7h8 e7e5 f2f3 d4d3 c6b6 d3d2 f3e2 f7e7 h8g7 b5c7 b6b7 e7f7 g7f6 f7e6 b7c7 a5a4 b3a4 e6d6 g1f3 d6c7 a4a5 c7c6 e2d2 e5e4 f3e5 c6b5 d2d1 d5d4 f6g7 d4e3 d1e2 h7h5 a5a6 b5a4 e2e3
234,B,material_adjudication,66,1.101355,1170,2026-09-04 04:33:37,b1a3 e7e6 a3b1 a7a6 c2c3 g7g5 f2f3 d7d6 d1c2 e8d7 g2g4 b7b6 b2b3 c7c6 d2d4 h7h5 b1a3 h5g4 c2d3 e6e5 e1f2 g4f3 g1f3 f7f6 e2e3 e5d4 c1b2 d4c3 b2c3 h8h6 a3c2 b6b5 f2e2 g8e7 f3d2 c6c5 f1h3 g5g4 h3g4 f6f5 g4f3 c5c4 f3a8 c4d3 e2d3 d8c7 a8e4 f5e4 d3e2 c7b7 a2a4 f8g7 h2h4 g7e5 h1h3 b5a4 a1a4 e5c3 c2d4 d7c7 d4c2 e7c6 d2c4 h6h5 c4b6 c8e6
235,W,value_resign,76,1.025604,1175,2026-09-04 04:35:15,e2e4 e7e5 f2f3 g8e7 g1e2 b7b5 a2a4 f7f6 e1f2 b8c6 a4b5 a8b8 b1c3 g7g5 h2h4 f8h6 h4g5 f6g5 b5c6 h6f8 a1a7 d7c6 a7a2 f8g7 h1h2 b8b5 e2g1 b5b8 g1e2 c6c5 g2g4 h7h6 f2g1 c8d7 c3d5 e7d5 e4d5 g7f6 d2d3 h8f8 c2c4 b8b4 a2a3 d8b8 f1g2 b4b6 h2h3 h6h5 b2b3 b6b4 e2c3 h5g4 f3g4 b8d8 c3e2 d7g4 h3h6 g4e2 d1e2 f6g7 h6h1 e8d7 a3a7 b4b7 a7b7 d8c8 g2h3 d7d6 g1g2 c8b7 c1g5 b7d5 c4d5 f8f7 e2g4 c7c6
236,W,value_resign,65,0.990493,1180,2026-09-04 04:38:30,h2h4 b7b6 b2b3 c7c6 g2g4 h7h5 c2c4 b6b5 c1a3 f7f6 e2e4 e8f7 d1e2 c6c5 e1d1 d7d6 a3b2 b5c4 e2c4 f7g6 d1c1 e7e5 a2a3 h5g4 a3a4 a7a6 a1a3 g4g3 f2f3 d6d5 e4d5 g3g2 f1g2 g6h6 f3f4 c8b7 b1c3 f8e7 f4e5 g7g5 g2f3 f6e5 d5d6 d8d6 c3d5 d6d8 h4g5 h6g7 b2e5 g7f8 g1h3 b7d5 f3d5 d8d5 c4d5 g8f6 g5f6 e7f6 e5f6 h8h7 d2d4 h7h8 b3b4 c5b4 a3a1
237,B,material_adjudication,66,1.018832,1185,2026-09-04 04:41:03,a2a3 c7c6 h2h4 d8c7 c2c4 h7h6 f2f4 g7g5 a3a4 d7d6 g2g4 f7f6 f4f5 g5h4 e1f2 e7e5 d1b3 a7a5 b3c2 e8d8 e2e4 h6h5 f1h3 h5g4 f2e3 g4h3 d2d4 d8e8 d4e5 e8d8 e5f6 g8f6 h1h3 c8d7 e4e5 f8g7 e5f6 g7f6 g1f3 d6d5 c4d5 c6d5 e3d3 d7f5 d3e3 f5c2 a1a3 h8h5 f3e5 f6e5 c1d2 a8a7 h3h4 h5h4 d2c3 b8d7 c3e5 h4h2 e5d4 c2d1 d4c3 c7c4 c3d4 d7c5 d4c5 c4c5
238,W,value_resign,59,1.017055,1190,2026-09-04 04:41:04,g2g4 b7b6 b1a3 d7d6 e2e3 a7a5 d2d3 f7f6 f2f3 g7g5 a3b5 e8f7 h2h3 f7g7 h1h2 b8d7 a1b1 h7h5 b2b3 c8b7 d3d4 h5g4 f1g2 g4h3 g2h1 d6d5 a2a4 d7c5 b5a3 e7e5 d4c5 d8e7 f3f4 d5d4 h1b7 g5g4 b7a8 g7h7 g1e2 b6c5 f4e5 f6e5 a8b7 g8f6 e3e4 e7d6 d1d3 f8e7 b7d5 c7c6 a3c4 c6d5 c4d6 d5e4 d3c4 e4e3 e2g1 f6d5 e1d1
239,W,checkmate,53,1.082885,1195,2026-09-04 04:42:01,e2e3 a7a5 f2f4 b8a6 g2g3 g8h6 f1a6 d7d5 g1f3 a8a6 d2d4 c8g4 e1g1 b7b5 c2c3 g4f3 d1f3 h6g4 f3g4 a6g6 g4h4 e7e6 a2a3 d8h4 a3a4 h4h3 a1a2 h8g8 f1e1 f7f5 a4b5 c7c6 b5c6 h3g4 a2a5 f8e7 g1g2 e6e5 a5d5 e5f4 e3f4 h7h6 c6c7 e8f7 c7c8q g8c8 e1e3 g4h5 d5d7 f7f6 d7e7 c8c7 e3e6
240,W,value_resign,45,1.041640,1200,2026-09-04 04:42:01,g1h3 a7a5 a2a4 f7f6 c2c4 d7d5 g2g3 c8h3 a1a3 c7c6 b2b3 g8h6 f1h3 d5d4 c4c5 b7b6 f2f4 h6f7 h3g4 a8a6 h1f1 d4d3 a3a2 h7h5 g4e6 h8g8 c1b2 d3e2 d1e2 g8h8 c5b6 a6b6 b1c3 f7h6 e2f3 b6b3 e1f2 b3b2 a2b2 d8b6 b2b6 g7g5 c3d5 c6d5 f4f5
241,B,material_adjudication,89,0.947922,1205,2026-09-04 04:44:54,b2b3 b8a6 d2d3 b7b6 a2a4 f7f6 c1e3 d7d6 a4a5 e8d7 a1a2 b6b5 g2g3 a8b8 e1d2 b5b4 d3d4 e7e6 d4d5 e6d5 h2h4 g7g5 e3d4 d8e8 d1c1 c7c5 d4f6 d5d4 h4g5 e8e5 f6e5 d6e5 g1h3 g8e7 c1d1 a6c7 a2a1 c8a6 f2f3 d4d3 h1g1 d3e2 f1e2 b8b7 h3f2 a6e2 d1e2 a7a6 e2e5 f8g7 e5f4 g7c3 d2c1 c3a1 f2d3 h8f8 b1d2 f8f4 g3f4 a1g7 d2c4 e7d5 d3c5 d7e7 c5b7 d5f4 b7c5 g7d4 c2c3 d4c5 g5g6 h7g6 c4e5 c5g1 c3b4 f4d5 c1d2 e7d6 d2d3 d6e5 d3c4 e5e6 b4b5 a6b5 c4d3 e6e5 f3f4 e5e6 d3e4
242,B,material_adjudication_moderate,83,1.110355,1210,2026-09-04 04:45:37,h2h4 b7b6 b2b3 c7c6 g2g4 c8a6 c2c4 c6c5 f2f4 e7e5 f4e5 a6c8 f1h3 f7f6 e5f6 d7d5 e2e3 b8d7 g1e2 g7f6 b1a3 h7h6 a1b1 d5d4 h1g1 a7a6 a3b5 a6b5 c1a3 a8a3 e2f4 b5c4 f4e6 d8e7 e3d4 e7e6 d1e2 e6e7 g4g5 h6g5 h4g5 a3a2 g5f6 g8f6 b1b2 c8b7 b2a2 c5d4 a2a3 c4b3 h3f5 b6b5 a3b3 d7e5 f5g6 e5f7 g1h1 h8g8 h1g1 b7d5 b3d3 d5c6 g1f1 e7e2 e1e2 f8e7 f1f6 e7f6 e2f2 f6g7 f2e1 g8f8 e1f1 c6b7 f1e1 b7c6 e1f1 b5b4 f1e1 c6h1 e1f2 g7f6 f2f1
243,W,checkmate,31,0.911610,1215,2026-09-04 04:48:30,e2e3 d7d6 g2g3 b7b6 f2f3 e7e5 b2b3 g7g5 f1a6 e8d7 c1b2 f7f6 a6c8 d8c8 b2c3 g8e7 d1e2 c8b7 e1d1 d7c6 c3d4 b8d7 b1a3 e5d4 a3b5 d4e3 d2e3 e7d5 b5d4 c6c5 e2b5
244,W,value_resign,45,1.051711,1220,2026-09-04 04:49:15,h2h4 e7e5 c2c4 a7a5 g2g3 a5a4 h1h3 h7h5 h3h2 a8a5 f1g2 d8e7 e1f1 a5b5 c4b5 b7b6 b2b3 d7d5 b3a4 d5d4 c1b2 b8d7 g1h3 c7c5 f2f4 e5e4 d2d3 e4d3 d1d3 c5c4 d3c4 c8b7 c4d3 b7d5 g2d5 d7f6 b1a3 f6d5 b2d4 e7e4 d3e4 g8e7 d4e3 h8h7 e3d2
245,W,checkmate,19,1.037682,1225,2026-09-04 04:50:15,h2h4 b7b6 b2b3 h7h5 c2c3 e7e5 b1a3 c7c5 e2e4 g8e7 d1c2 b8a6 e1d1 a6b8 b3b4 f7f5 a3b5 b8c6 b5d6
246,W,material_adjudication_moderate,78,0.939839,1230,2026-09-04 04:51:49,d2d3 a7a6 c2c3 h7h5 c1d2 h8h7 e2e4 a6a5 e4e5 g7g5 a2a3 c7c5 g1h3 c5c4 h3g5 c4d3 g5h7 a8a7 a1a2 d7d5 h7f8 f7f6 d1b3 a7a6 b3b7 c8b7 f8g6 b7c6 d2e3 a5a4 f1d3 d5d4 d3a6 d4e3 a6d3 d8d7 f2e3 f6f5 c3c4 g8f6 h2h3 f5f4 e5f6 c6g2 d3f5 g2h1 f5d7 b8d7 e1f1 d7f6 b2b4 a4b3 a2b2 f4e3 g6e5 e8f8 f1e1 f6e8 e1e2 h5h4 e5f3 h1f3 e2f3 e3e2 f3e2 f8f7 e2e3 f7f8 c4c5 f8f7 e3d2 f7e6 d2e2 e6f7 e2e3 f7e6 e3d2 e6d5
247,B,material_adjudication,89,1.035211,1235,2026-09-04 04:52:19,e2e3 g7g5 g1h3 e7e6 a2a4 f8b4 c2c4 e6e5 f2f3 d7d5 h1g1 h7h6 c4d5 b4e7 d5d6 c8h3 a4a5 h3d7 d6e7 d8e7 e3e4 b7b6 d2d3 e8d8 c1d2 h8h7 a5a6 h7g7 f1e2 b8a6 d2a5 g7g6 b2b3 a6c5 a5c3 g5g4 b1d2 a8b8 f3g4 g6f6 c3e5 e7e5 b3b4 e5e7 b4c5 a7a5 e4e5 e7e5 c5b6 c7b6 d1b3 e5c7 g1f1 c7c8 b3c2 c8c2 a1c1 c2b2 c1c2 b6b5 c2b2 f6e6 b2b3 b5b4 d3d4 a5a4 d4d5 a4b3 d5e6 f7e6 e2f3 b3b2 f3e4 g8e7 e1d1 e7c8 d1e1 b4b3 e1e2 c8d6 f1f2 d6e4 d2e4 b2b1q g4g5 b1c1 f2f1 c1c8 g2g3
248,W,checkmate,87,0.952949,1240,2026-09-04 04:52:20,b1a3 b8c6 h2h4 a7a5 a3b1 h7h5 c2c3 c6d4 c3d4 a8a6 d4d5 g8h6 d1c2 c7c5 b1c3 b7b6 f2f3 h6g4 h1h2 a5a4 g1h3 h8h6 c3e4 h6d6 f3g4 h5g4 a2a3 f7f5 e4d6 e7d6 c2c4 c8b7 d2d3 d8e7 g2g3 g4h3 f1h3 b6b5 c4f4 g7g5 h4g5 c5c4 f4d2 c4d3 a1b1 b7d5 e2e3 e7g5 h3g2 g5g3 e1f1 g3h2 g2d5 h2d2 c1d2 e8e7 f1e1 e7d8 b2b4 a6a7 d5f3 f5f4 e3e4 a7a6 b1c1 f8g7 c1b1 d8c7 b1c1 c7b7 c1b1 b7c6 e4e5 c6c7 f3d5 g7e5 b1d1 c7d8 e1f1 e5f6 d1c1 f4f3 d2c3 d3d2 c3f6 d8e8 c1c8
249,W,value_resign,108,0.935068,1245,2026-09-04 04:53:18,h2h4 e7e5 h4h5 b7b6 b1a3 d7d6 d2d3 a7a5 b2b3 a5a4 c1d2 f7f6 a3b5 b8d7 a1b1 a8b8 d3d4 g7g5 d4d5 h7h6 b3b4 f6f5 d2f4 g5f4 g1h3 e5e4 h1g1 f8e7 c2c4 g8f6 a2a3 f6h5 f2f3 h5g3 d1d2 h8f8 d2d1 d7f6 h3f4 c8d7 f4g6 f6h5 g6e7 d8e7 d1c2 e8d8 c4c5 f5f4 c5d6 c7d6 f3e4 f8f7 b5c3 b6b5 c2a4 f7g7 a4a7 b8c8 g1h1 d8e8 h1h5 g3h5 g2g4 h5g3 c3d1 c8c7 a7c7 g3e4 c7c1 f4f3 e2f3 e4c3 e1d2 c3b1 c1b1 g7f7 f1g2 e8d8 b1b3 h6h5 g4h5 f7f6 g2f1 d8e8 h5h6 e8f8 d1c3 f6f5 c3e2 f5f3 b3f3 f8e8 d2e1 e7d8 e1f2 d7g4 f3b3 d8c7 e2f4 c7b6 f2g3 e8e7 f1g2 e7f8 g3g4 f8e7 g4g5 b6a7
250,B,material_adjudication,95,1.016397,1250,2026-09-04 04:53:18,e2e3 a7a5 f1b5 a5a4 e1e2 c7c6 b1a3 d7d6 f2f3 d8a5 g2g3 e8d7 h2h4 d7c7 b5c6 b7c6 b2b3 g8f6 c2c3 c7b7 d1e1 a5a6 d2d3 e7e6 b3a4 f8e7 g3g4 e7d8 g4g5 f6e8 f3f4 h8g8 a1b1 d8b6 g1f3 b8d7 e2f2 a6a4 b1a1 d7c5 d3d4 c5e4 f2e2 b6a5 e1d1 e4c3 e2d2 a4d1 h1d1 g7g6 a3c4 b7c7 a2a4 c3e4 d2e2 c8b7 c4d6 e8d6 c1d2 a8c8 d2a5 c7b8 d1c1 c6c5 d4c5 d6f5 c5c6 b7c6 c1c6 c8c6 f3d4 f5d4 e3d4 c6c8 f4f5 e6f5 a1c1 b8b7 c1c8 b7c8 e2f1 f5f4 d4d5 c8b7 d5d6 b7a6 d6d7 a6a5 d7d8q g8d8 f1e1 d8d6 e1e2 e4g3 e2f2
251,W,material_adjudication_moderate,86,0.999067,1255,2026-09-04 04:53:50,b2b3 a7a5 g1h3 g8h6 b1c3 a8a6 c1b2 c7c5 a2a4 a6a8 c3d5 f7f6 g2g3 e7e6 f1g2 e6d5 e1g1 h6g8 d1e1 h7h5 g2d5 h5h4 h3f4 e8e7 f4g6 e7e8 d2d4 a8a7 a1b1 h8h6 d5g8 h6g6 g8d5 e8e7 f2f3 a7a6 b2c3 d7d6 g1g2 h4g3 h2g3 e7d7 g2g1 d8e7 d5e4 f6f5 d4d5 b8c6 e4f5 d7d8 f5g6 c6e5 c3a5 a6a5 g6e8 g7g5 e1a5 d8e8 a5d2 e8d8 g3g4 c8d7 e2e4 d8c7 a4a5 f8g7 b1a1 e5c4 b3c4 g7a1 f1a1 c7d8 a1d1 d8e8 c2c3 e8d8 g1h2 d7e8 h2g2 b7b5 c4b5 c5c4 g2f2 d8c7 d1f1 e7f7
252,W,material_adjudication,78,1.037197,1260,2026-09-04 04:54:03,b1c3 h7h5 g1h3 d7d5 f2f4 d5d4 f4f5 c7c5 f5f6 e7f6 h3f2 c8d7 a1b1 h5h4 e2e4 f6f5 d2d3 f5f4 e1d2 d8e7 b2b3 d7e6 c3a4 e7d6 c2c4 d6c7 f1e2 g8f6 e4e5 c7d7 e5f6 g7f6 e2f1 a7a5 f2e4 f4f3 e4f6 e8e7 g2f3 f8h6 f3f4 e7f6 h2h3 f6g6 h1g1 g6h7 g1g5 h6g5 f4g5 f7f6 g5f6 h8f8 d1h5 h7g8 h5g5 g8h8 c1b2 d7f7 b1a1 f7f6 g5f6 f8f6 a2a3 h8g8 a4c5 a5a4 b2d4 a4b3 d4f6 b3b2 f6b2 b8d7 c5e6 a8b8 b2c3 b8a8 d2e2 b7b5
253,B,material_adjudication_moderate,97,1.106335,1265,2026-09-04 04:54:30,e2e3 a7a5 f1b5 a5a4 b1c3 c7c6 c3d5 d7d6 g2g3 e8d7 b2b3 a4b3 c2b3 c6b5 d5c7 b8c6 d1f3 c6d4 e3d4 d7c7 e1d1 e7e6 d4d5 f7f6 d5e6 g8e7 c1a3 e7g8 d1e2 h7h6 f3f5 c7b6 a3b2 g8e7 g3g4 e7f5 g4f5 g7g6 b3b4 d6d5 g1h3 b6c7 h1g1 a8b8 g1g3 c8e6 f5e6 f8d6 f2f3 d6e7 e2f2 d8d6 a2a3 h8f8 a1c1 d6c6 f2e1 f8e8 c1c6 b7c6 d2d4 e8d8 h3f4 h6h5 e1d1 g6g5 f4d3 h5h4 g3g2 h4h3 g2g1 g5g4 g1g4 b8a8 g4f4 e7d6 e6e7 d6e7 d1e1 e7d6 e1d1 d6f4 d1e2 f4g5 e2e1 a8a4 e1e2 d8d7 e2f1 d7d8 f1e2 d8d7 e2f1 g5h6 b2c1 d7d6 c1h6
254,B,value_resign,52,1.058504,1270,2026-09-04 04:54:56,h2h4 e7e6 h4h5 f7f6 d2d3 b7b6 b1a3 b8a6 b2b4 g7g6 a3b5 g6h5 c1d2 f8b4 a1b1 b4d2 d1d2 a6b4 e2e4 a8b8 c2c4 a7a6 c4c5 b6c5 a2a3 a6b5 a3b4 c5b4 e4e5 e8f8 e5f6 h5h4 d2c2 d8f6 b1b4 d7d5 c2d1 c7c5 d1f3 c5b4 f3f6 g8f6 e1d2 e6e5 g2g4 h4g3 h1h2 g3h2 g1h3 f6e4 d2e2 e4f2
255,B,material_adjudication_moderate,103,0.947224,1275,2026-09-04 04:56:10,b2b3 a7a5 b1a3 d7d5 g1f3 f7f6 d2d3 c7c6 c1d2 b7b5 f3d4 h7h6 e2e3 e8f7 d4e2 c6c5 b3b4 c8e6 b4a5 g7g5 e2f4 g5f4 d1e2 f4e3 f2e3 b5b4 h2h3 a8a6 a3b5 a6a8 a1d1 e6c8 b5d4 c5d4 h1h2 a8a5 g2g4 d4e3 f1g2 f8g7 g2f3 b8a6 c2c4 b4c3 g4g5 f6g5 a2a3 d8c7 d1b1 a6c5 b1b2 c8a6 d2e3 c5e4 d3e4 c3b2 e4d5 c7c8 e2a6 c8a6 e1f2 a6b6 e3b6 a5a7 b6a7 b2b1q a7e3 b1a2 f2e1 g5g4 h2a2 g4f3 a2f2 h6h5 h3h4 g8f6 e1d1 f6d5 f2f3 f7g6 d1e2 d5e3 e2e3 g6h6 e3e2 h8f8 f3f8 g7f8 a3a4 e7e5 a4a5 f8c5 a5a6 c5b6 a6a7 b6a7 e2d3 h6h7 d3c4 h7h6 c4b5 h6h7 b5a6
256,B,value_resign,29,0.973098,1280,2026-09-04 05:00:01,h2h4 b7b6 d2d3 d7d6 g2g4 e7e5 b2b3 c8g4 c1d2 d8e7 d2c3 g7g5 h4h5 b8d7 b1d2 a8d8 d2c4 f7f6 h5h6 b6b5 d3d4 b5c4 a2a4 e5d4 f2f3 c4b3 c2b3 d4c3 f3g4
257,W,value_resign,51,1.114245,1285,2026-09-04 05:01:11,a2a3 c7c6 h2h3 g7g6 d2d4 g6g5 e2e3 h7h5 f2f3 f7f5 e3e4 g5g4 a1a2 f5f4 c1f4 h5h4 f4e3 f8h6 e3d2 g8f6 a3a4 h6g5 e4e5 g5d2 d1d2 d7d6 c2c4 d6d5 e5f6 h8f8 c4d5 d8d7 h3g4 c6d5 g4g5 d7f5 e1d1 c8d7 a4a5 b7b6 h1h4 f8h8 b1a3 e8f8 a5b6 f5g5 h4h8 f8f7 a3b5 g5f6 d2c1
258,W,material_adjudication_moderate,92,1.035989,1290,2026-09-04 05:02:49,e2e4 b8c6 g2g4 c6e5 a2a4 e5d3 c2d3 f7f6 g4g5 a7a5 h2h3 a8b8 g1e2 f6g5 f2f3 e7e5 d1c2 d7d6 e2g1 d8e7 g1e2 h7h6 c2c4 e7d7 e2g3 g8e7 b1a3 g7g6 a1b1 d7g4 h3g4 d6d5 c4d5 e7d5 e4d5 c8d7 a3b5 f8e7 b5c7 e8d8 b2b4 a5b4 b1b4 e7b4 d5d6 b4d6 g3e2 d8c7 c1b2 e5e4 d3e4 h8f8 f1h3 h6h5 b2g7 f8f6 g7f6 h5g4 f3g4 d6b4 f6g7 d7a4 e1f1 a4d1 e2d4 b4f8 g7h8 f8d6 f1f2 b8h8 h1d1 d6e5 f2e3 h8h3 d4f3 h3h6 f3e5 c7d6 d2d4 h6h3 e3f2 d6e7 f2f1 h3h6 f1g1 e7e8 d1a1 h6h8 a1a5 h8h7 g1f2 h7h8
259,B,value_resign,48,0.913352,1295,2026-09-04 05:03:18,e2e3 a7a5 b1a3 a5a4 f1b5 c7c6 g2g3 h7h5 d1h5 h8h5 e1f1 h5b5 b2b3 b5b3 f2f3 b3b2 d2d4 a8a7 a1b1 d7d6 f1e2 b2c2 a3c2 c8e6 f3f4 e6d7 g1h3 d8c8 f4f5 g8f6 c1d2 f6d5 e3e4 d5f6 d4d5 f6e4 h3f4 a7a8 e2e1 d7f5 f4h5 g7g5 d2f4 g5f4 g3g4 f5g4 b1a1 e8d8
260,W,value_resign,22,1.019608,1300,2026-09-04 05:05:13,e2e3 d7d5 f2f4 d8d6 b2b3 a7a6 g1f3 c8d7 g2g3 b7b6 d2d3 a6a5 b1a3 h7h5 f3g5 d5d4 f4f5 h8h7 d1e2 a5a4 g5h3 c7c5
261,W,value_resign,53,1.054624,1305,2026-09-04 05:05:30,e2e3 a7a5 b2b3 a5a4 b1c3 g8h6 c3d5 c7c5 g1e2 a4a3 e3e4 f7f5 c2c4 d7d6 d2d3 f5e4 e1d2 e4d3 d5f4 e8d7 d2d3 g7g6 f2f3 b8c6 d3d2 d8c7 e2g3 c6b4 g3e2 d6d5 c4d5 c5c4 b3c4 b7b6 c1a3 b4a2 d1b1 c8b7 b1a2 a8a3 a2a3 c7f4 e2f4 f8g7 a3b4 h6f5 a1b1 e7e5 d5e6 d7e8 b1a1 h8f8 b4c3
262,B,value_resign,50,1.072903,1310,2026-09-04 05:05:45,e2e3 a7a5 f1a6 h7h5 a6b7 c8b7 f2f3 h5h4 g2g3 f7f6 c2c4 e8f7 a2a4 d7d5 a1a2 d5c4 g3h4 b7c6 d1c2 d8d7 h4h5 h8h7 a2a3 c6b7 h5h6 h7h8 h2h3 g8h6 c2c4 f7e8 g1e2 f6f5 d2d4 b7f3 d4d5 f3e2 c4e2 d7d5 e2f3 d5f3 h1f1 f3c6 h3h4 e8d7 b2b3 h6g4 c1b2 d7d8 b1c3 c6d7
263,W,material_adjudication,96,1.147431,1315,2026-09-04 05:07:42,h2h4 e7e5 h4h5 b7b6 b2b3 d7d6 c1b2 c7c5 b1c3 e5e4 e2e3 d8e7 d2d3 f7f6 g1f3 e7d8 a1c1 d8e7 f1e2 g7g5 c3e4 e7d8 h5h6 b8c6 e4d6 d8d6 a2a4 g8e7 c2c4 a7a6 a4a5 c6a5 b3b4 h8g8 b4a5 g5g4 a5b6 d6b6 d3d4 c5d4 b2d4 b6d6 d4f6 c8f5 d1d6 e7g6 h1h3 f8d6 f6h4 g4h3 g2h3 g6h4 f3h4 d6e7 h4f5 g8f8 e1f1 f8f5 c4c5 a8c8 c5c6 c8c6 c1c6 e8d7 c6c4 f5h5 f2f3 h5h4 c4c3 h4h5 f3f4 h5h6 c3c4 h6h5 c4a4 h7h6 e3e4 e7c5 a4a5 d7e8 e2h5 e8e7 f4f5 c5b4 a5a4 a6a5 e4e5 e7f8 f5f6 b4e7 f6e7 f8e7 a4a5 e7f8 a5b5 f8g7
264,B,material_adjudication,73,1.038538,1320,2026-09-04 05:08:56,b2b3 b8a6 d2d3 d7d6 a2a4 f7f6 g2g4 e8d7 a4a5 e7e5 d1d2 f6f5 g4f5 a8b8 f2f3 a6c5 d3d4 c5b3 c2b3 g7g5 g1h3 e5d4 d2d4 f8g7 d4a7 g5g4 a7b8 g7a1 c1e3 g4f3 e2f3 a1f6 e1d2 d6d5 b8a7 c7c5 h3f4 d5d4 e3d4 c5d4 f4e6 d8e7 h1g1 g8h6 a7b6 d4d3 b6e3 h6f5 e3e1 f5d6 d2c1 e7e6 f1d3 b7b5 b1d2 b5b4 d3e4 h8f8 c1d1 e6h3 g1g3 h3h2 e4h7 f8h8 g3g2 h2g2 e1f2 g2f2 f3f4 f6g5 f4g5 c8a6 h7e4
265,W,value_resign,61,1.010163,1325,2026-09-04 05:08:57,h2h4 b7b6 b1a3 d7d6 c2c4 e7e5 b2b4 a7a5 a3c2 a5b4 f2f4 c8f5 g2g4 b8a6 g4f5 a6c5 a1b1 a8a2 d2d4 e5d4 b1b4 h7h5 g1h3 g8f6 c1d2 f6g4 e2e3 g7g6 h3g5 g4e3 d2e3 a2a8 f1h3 a8b8 c2d4 f8g7 b4b3 c5b3 d1b3 c7c5 d4b5 d6d5 h1f1 d5d4 e3d2 b8a8 b3b2 d4d3 b2g7 h8h7 g7h7 a8a1 d2c1 d8f6 f1h1 f6h8 h7h8 e8e7 b5c7 b6b5 h1g1
266,W,checkmate,87,1.067086,1330,2026-09-04 05:10:53,h2h4 b7b5 h4h5 f7f6 b2b4 g8h6 a2a4 c7c5 f2f3 a7a6 d2d3 c8b7 e2e4 c5c4 a1a3 e8f7 e4e5 b8c6 e5f6 f7e8 a3a1 g7f6 b1a3 c6b4 d1e2 h8g8 e2d1 d7d5 a4b5 a6b5 a3b5 a8a1 c1b2 d5d4 b2a1 f8g7 c2c3 b4d3 f1d3 e8f8 d3e2 d4d3 e2f1 d3d2 e1e2 h6f7 a1b2 h7h6 d1d2 f7d6 b5d6 e7d6 d2d1 d6d5 b2a3 f8e8 g2g3 e8d7 f1g2 g7h8 h1h4 d8e8 e2f1 g8g3 h4f4 g3g5 d1d4 g5h5 g2h3 d7c7 h3g4 h5h4 a3b2 c7d8 g4h3 h4f4 d4f4 h6h5 b2a3 e8g6 f1f2 d8e8 f2f1 e8d8 f4b8 b7c8 b8c8
267,B,material_adjudication,77,1.082824,1335,2026-09-04 05:11:23,h2h4 b7b6 b2b3 h7h5 c2c3 g7g5 e2e4 c7c5 d2d4 f8g7 c1g5 f7f6 c3c4 f6g5 d4c5 a7a5 e1e2 d7d6 a2a3 b6b5 d1d3 g7f8 d3d1 a5a4 g2g4 a8a7 e4e5 g5h4 c5d6 c8b7 d6e7 e8e7 g4g5 f8g7 c4b5 b7h1 b1c3 a4b3 d1d5 h1d5 c3d5 e7f7 a1b1 g8f6 g5f6 g7f8 f1h3 f8c5 e2d2 b8d7 b1b3 h8h6 b3b4 a7a8 b4c4 a8a7 h3f5 d8f8 d2e2 c5a3 e5e6 f7g8 c4b4 a7a6 b5a6 d7f6 f2f3 a3b4 d5b4 h4h3 g1h3 f8b4 h3g5 b4d4 g5e4 f6e4 f3e4
268,W,value_resign,65,0.945101,1340,2026-09-04 05:11:23,h2h4 e7e5 a2a4 d7d6 c2c4 f8e7 h4h5 b8c6 g1f3 c6b4 b1c3 c8d7 h1g1 b7b5 a4b5 h7h6 f3e5 d6e5 f2f4 e5f4 a1a7 d8c8 a7a8 c8a8 g1h1 f4f3 g2f3 g8f6 d2d3 a8d8 c3b1 g7g6 h5g6 c7c6 b1d2 f7g6 f1h3 h8f8 b5c6 d7h3 h1h3 d8c8 d3d4 f8g8 d4d5 c8c7 e1f2 e8d8 d2f1 c7d6 h3h6 g8h8 h6h8 d8c7 c1d2 d6f4 d2f4 e7d6 c4c5 b4a6 e2e4 d6e5 f2g1 e5f4 d1c1
269,B,value_resign,104,1.046114,1345,2026-09-04 05:13:18,a2a3 c7c5 d2d4 h7h5 h2h4 c5c4 a3a4 a7a5 c1e3 f7f6 a1a3 c4c3 b2c3 a8a6 a3a1 g7g6 d1c1 f8g7 g2g4 e8f8 g4h5 d7d5 e1d1 a6a7 f1g2 b7b6 g2d5 d8d5 d1d2 g7h6 g1f3 h6e3 f2e3 g6h5 f3h2 d5e4 d2d1 c8d7 h2f3 b8c6 d4d5 c6d8 b1d2 e4g6 d2c4 g8h6 e3e4 g6e4 c1d2 e4c4 h1g1 c4e4 d2d3 e4d3 c2d3 f8f7 a1c1 h6g4 g1g4 d7g4 f3d4 g4h3 d1e1 h3g2 e1f2 h8g8 f2e1 b6b5 d4b5 a7b7 c3c4 b7b6 c4c5 b6b5 a4b5 a5a4 e1f2 a4a3 b5b6 d8b7 d3d4 f6f5 c5c6 g2d5 c6b7 d5b7 c1c7 g8b8 f2e1 b7c8 b6b7 c8b7 c7b7 b8b7 e1d1 b7b5 d1e1 f7g6 e1f1 f5f4 e2e4 g6g7 f1e2 e7e6
270,B,value_resign,42,1.025339,1350,2026-09-04 05:15:27,b1a3 g8f6 g1f3 h7h5 b2b4 c7c5 a1b1 c5b4 f3g1 f6e4 b1b4 b7b6 d2d4 g7g5 b4b5 c8b7 a3c4 f8h6 f2f4 b7c6 c1d2 c6b5 c4b6 d8b6 f4g5 f7f5 g5f6 b5c4 f6e7 e8f7 g1f3 e4d2 d1d2 b8c6 d4d5 c6e7 d5d6 h6d2 e1d2 b6b5 c2c3 f7g8
271,D,cap_draw,150,1.175523,1355,2026-09-04 05:17:58,b2b3 c7c6 e2e3 g7g6 f2f3 g8h6 b1a3 h8g8 h2h4 b7b5 f3f4 d7d6 a3b5 d6d5 c1b2 c8g4 d2d3 d8d7 f1e2 c6b5 g1f3 b8a6 a1b1 d5d4 c2c3 f8g7 d1d2 b5b4 c3d4 d7d6 a2a4 g4f3 g2f3 a8c8 h1h3 g7f6 d4d5 h6f5 b2f6 e7f6 e3e4 a6c5 e4f5 a7a6 d3d4 c5d7 e1f1 h7h5 b1c1 c8c1 d2c1 g6f5 c1d2 e8f8 f1e1 g8h8 h3h1 h8g8 h1f1 d6d5 e1d1 d5e6 d1e1 g8h8 d4d5 e6d5 d2d5 d7b6 a4a5 b6d5 f1h1 d5c3 e2a6 c3e4 a6e2 h8h6 e1f1 e4c5 e2d1 f8e7 a5a6 c5a6 f1e2 a6c5 e2e1 c5e4 f3e4 f5e4 f4f5 e4e3 h1h3 e7f8 e1e2 f8e8 e2e3 e8f8 e3f4 f8e8 h3e3 e8f8 e3e2 h6h7 e2a2 h7h6 a2a5 h6h8 a5a6 h8h7 a6a7 h7h8 d1f3 f8e8 a7a6 e8f8 a6a7 f8e8 f3e2 e8f8 e2f3 h8h6 f3g2 h6h7 g2f3 h7h6 f3e2 f8e8 e2f3 e8f8 f3h1 f8e8 h1d5 e8d8 a7a5 d8e8 a5a7 e8d8 a7a4 d8e7 a4b4 e7d6 b4b5 d6c7 b3b4 h6h7 d5g2 c7c8 g2f3 c8c7 f3e2 c7c6
272,B,material_adjudication_moderate,105,0.928921,1360,2026-09-04 05:18:42,a2a3 c7c5 e2e4 a7a5 f2f3 b8c6 g1e2 h7h5 g2g3 h8h6 d2d4 c6b8 c2c4 f7f5 e4f5 g7g5 a1a2 f8g7 a2a1 e8f8 d4c5 d7d6 c1g5 d6c5 d1d8 f8f7 e1d2 c8f5 g5e7 g7e5 h2h3 f5h7 b2b4 e5a1 b4a5 a8a6 e2f4 h7b1 f1e2 g8e7 h1b1 a6d6 d8d6 h6d6 d2c2 d6d4 b1b7 f7e8 b7a7 b8c6 a7c7 c6a5 c7c5 e8d8 c5a5 d8c8 c4c5 h5h4 g3g4 d4a4 a5a7 a4a7 f4d3 a7d7 g4g5 a1g7 g5g6 e7g8 c5c6 d7c7 a3a4 g7f6 c2d1 c7c6 g6g7 c6b6 e2f1 c8b8 f1e2 b6b7 e2f1 b8a8 f1e2 b7a7 d3c5 f6e7 c5d3 e7f6 e2f1 a7a4 d3c5 a4a5 c5d3 a8a7 d1c1 a5a1 c1d2 a1a2 d2e3 a7b6 f3f4 b6a5 f4f5 a5a4 d3c5
273,W,material_adjudication,66,1.039225,1365,2026-09-04 05:19:26,h2h4 h7h5 e2e3 c7c5 e3e4 b7b6 f1d3 d7d6 d1e2 a7a6 g2g3 c8g4 f2f3 d8c8 f3g4 a6a5 c2c3 a8a7 g4g5 g8f6 g1f3 c5c4 f3e5 d6e5 g5f6 c8b7 e2f2 b7d5 e1d1 c4d3 e4d5 g7f6 b2b4 f8h6 b4a5 a7a8 g3g4 h5g4 f2g2 e7e6 h1g1 b6a5 a2a4 b8d7 b1a3 d7c5 a3b5 c5b3 c1b2 a8c8 a1a2 b3d2 d1e1 f6f5 g2d2 c8c6 a2a1 h6g5 d2d3 g5h4 e1d1 h4g5 d5c6 g5h4 g1g2 h4g3
274,W,value_resign,49,1.082233,1370,2026-09-04 05:23:24,b2b3 b8a6 d2d3 e7e5 a2a3 f8d6 c2c3 e8e7 g2g4 c7c6 a1a2 a6c5 e2e3 g8f6 e1e2 f6g4 h2h3 g4f6 a2b2 f6d5 d3d4 c5b3 b2b3 d8f8 b3b4 f7f5 f2f3 h7h6 e2e1 d5e3 c1e3 e5d4 c3d4 b7b5 f1e2 a7a5 b4b2 d6a3 b1a3 c8b7 e3d2 e7e8 b2b3 f8a3 b3a3 e8f7 d2c1 g7g6 e1f1
275,B,material_adjudication_moderate,93,1.062813,1375,2026-09-04 05:23:56,h2h4 b7b5 a2a4 b8a6 h1h3 d7d5 a4b5 a8b8 c2c4 h7h5 a1a6 c8a6 g2g4 d5c4 f2f4 h5g4 h3g3 b8b5 e1f2 d8d7 f1g2 h8h4 f4f5 f7f6 d2d3 h4h5 g2b7 b5a5 d1e1 e8f7 c1d2 d7f5 f2g2 f5c5 d2a5 a6b7 g1f3 g4f3 g3f3 g8h6 d3c4 b7c6 a5c7 c5c4 b1d2 c4e6 b2b4 h5f5 d2b1 f5h5 g2f2 h6g4 f2g2 c6e4 b1d2 e4f5 f3e3 e6e3 d2f3 h5g5 f3g5 f6g5 e1d2 g7g6 d2e3 g4e3 g2f3 f8h6 f3e3 g5g4 e3f2 e7e6 c7e5 f7g8 e5f6 h6g7 f6g7 g8g7 f2f1 g7g8 e2e4 f5e4 f1e2 e4f5 e2f1 e6e5 f1e1 a7a5 b4a5 g4g3 a5a6 g3g2 a6a7
276,W,material_adjudication_moderate,86,1.065018,1380,2026-09-04 05:23:57,h2h4 h7h5 e2e4 e7e5 b2b3 f8c5 d2d3 e8e7 a2a3 b8c6 g2g3 c5e3 c1e3 b7b6 h1h3 d7d5 e3b6 c6b4 g3g4 c7b6 g4h5 c8h3 f1h3 g8f6 h3f1 h8h5 d1h5 f6h5 e4d5 e5e4 d3e4 b4c2 e1e2 c2a1 d5d6 e7d6 e2d3 d8c7 g1h3 a7a5 h3f4 d6e5 f4d5 c7b8 d5b6 a5a4 b6a8 b8a8 f1e2 a8b7 f2f3 b7b3 d3d2 b3c2 d2e3 g7g5 h4g5 e5d6 e2d3 c2c6 g5g6 c6d7 g6f7 d6c7 f7f8q a1b3 d3f1 b3a5 f8c5 c7b7 c5h5 d7e8 h5b5 e8b5 f1b5 b7c8 e3d4 c8b7 d4e5 b7b6 b5a4 a5c4 e5e6 b6b7 e4e5 b7a7
277,B,material_adjudication,75,1.078424,1385,2026-09-04 05:23:58,e2e3 a7a5 f1b5 h7h5 b5f1 c7c5 d1g4 b8a6 e3e4 a6c7 g4f4 g7g6 g1f3 g6g5 f3g5 g8h6 d2d4 h8g8 g2g4 c5d4 a2a3 d7d6 c1d2 c8g4 c2c4 d8c8 f2f3 g4f3 f4f3 e7e5 c4c5 d6c5 f3e2 f7f6 h2h4 f6g5 h4g5 h6g4 a1a2 f8e7 f1h3 e8f8 e2f1 f8g7 f1e2 a5a4 e1g1 e7g5 h3g4 h5g4 d2g5 a8a7 g5d2 g8f8 b2b3 f8d8 b3a4 c5c4 a4a5 a7a6 a2b2 c4c3 b2b3 c3d2 b1d2 a6a5 d2c4 a5c5 e2g4 c8g4 g1h1 c5c4 f1e1 g4g3 e1d1
278,W,material_adjudication,66,1.081227,1390,2026-09-04 05:23:58,e2e4 b8a6 g1e2 g7g5 f2f3 f7f6 e1f2 e7e6 a2a4 f8c5 d2d4 b7b6 a4a5 c5e7 b1d2 a8b8 d4d5 e6d5 g2g4 b8b7 a5b6 h7h5 e4d5 a7b6 a1a6 e8f8 f2e1 b7a7 a6a7 c8a6 e2d4 a6d3 f1d3 h5g4 d1e2 g4f3 h1f1 f3e2 d3e2 h8h2 e2f3 e7c5 c2c3 c5d4 c3d4 b6b5 d5d6 b5b4 f1h1 g5g4 h1h2 c7c6 h2h1 d8b6 a7d7 b6d8 f3c6 d8c7 d6c7 b4b3 h1h4 f6f5 e1f2 g8f6 f2e2 f6e4
279,B,value_resign,68,1.022318,1395,2026-09-04 05:25:35,e2e3 a7a5 f1b5 a5a4 b2b3 e7e5 d1e2 f8c5 e1f1 g8f6 b1a3 f6e4 e2e1 c7c6 g2g3 a8a6 b5a6 c5d6 d2d3 f7f6 h2h4 b8a6 d3e4 a6c5 a3b5 b7b6 e1b4 f6f5 b4d4 e5d4 b5d6 e8e7 d6c8 d8c8 e4f5 d4e3 c1e3 e7d6 f5f6 g7f6 e3c5 b6c5 b3a4 h7h5 a1b1 d6e7 b1b2 c8a6 c2c4 a6c4 f1e1 c4c3 e1f1 c3b2 h1h2 d7d6 a4a5 b2c3 g1e2 c3b2 f2f4 h8a8 e2g1 b2h2 f1e1 a8a5 e1f1 a5a8
280,B,value_resign,82,1.001119,1400,2026-09-04 05:25:49,e2e3 a7a5 f1b5 a5a4 b1c3 b8c6 g1f3 d7d6 e1g1 e7e6 g2g3 a4a3 f3d4 h7h5 c3e4 a3b2 c1b2 g8f6 f2f4 f6e4 f1e1 g7g6 b5c6 b7c6 a2a4 d8e7 d1c1 c6c5 g3g4 h5g4 d4b5 e6e5 d2d3 e4f6 f4e5 d6e5 e1f1 e8d8 e3e4 c7c6 f1f6 e7f6 g1h1 g6g5 d3d4 c5d4 b2d4 f8g7 c1b2 c8d7 b5c3 e5d4 a1f1 g7h6 c3e2 h8f8 e4e5 f6e6 h1g1 e6e5 c2c3 e5e2 f1e1 d8c7 e1e2 d4c3 b2c3 f8b8 g1h1 c6c5 c3e3 c7d8 e2d2 g4g3 e3e2 g5g4 h1g2 h6d2 e2d2 g3h2 g2h2 f7f5
281,W,cap_draw,150,1.090266,1405,2026-09-04 05:28:08,a2a3 g8f6 a3a4 d7d5 a4a5 c8d7 g1f3 e7e5 g2g4 e8e7 e2e3 f6g4 d1e2 e5e4 f3e5 a7a6 f2f3 g4e5 b2b3 e4f3 e2f3 e5g4 f3e2 d8e8 b1a3 d7f5 d2d3 c7c6 c1d2 f5e6 d2c3 g4e5 c3e5 e6d7 e5d4 c6c5 d4c5 e7d8 c5b6 d8e7 e1d2 g7g5 h1g1 e7e6 g1g3 f8a3 a1a3 h8f8 g3g5 d5d4 g5c5 h7h6 d2d1 d4e3 c2c4 e6d6 c5h5 d7e6 h2h3 f7f6 d3d4 b8d7 d4d5 d7b6 d5e6 b6c8 e2e3 e8h5 f1e2 h5f5 e3d3 d6e6 d3f5 e6f5 c4c5 f5e4 e2c4 e4f3 c5c6 b7c6 d1e1 f8g8 c4g8 h6h5 g8c4 h5h4 e1f1 c6c5 b3b4 f3f4 b4c5 c8a7 a3b3 a8c8 b3b7 c8c5 c4d3 a7c6 b7c7 f4g3 d3a6 g3h3 a6d3 h3h2 a5a6 h4h3 c7h7 c5a5 h7d7 a5a2 d7h7 c6d8 a6a7 a2a5 a7a8q a5a8 d3f5 a8a3 f5g4 h2h1 f1e2 a3a2 e2e3 d8c6 g4f3 h1h2 f3c6 h2g3 c6d5 h3h2 e3d4 h2h1q h7h1 f6f5 d4c3 f5f4 h1d1 g3h3 d1d4 f4f3 d5f3 h3h2 f3c6 a2a6 c6e8 a6c6 c3d2 c6d6 d4d6 h2h1
282,B,material_adjudication,73,1.084928,1410,2026-09-04 05:28:36,c2c4 b7b6 a2a4 e7e6 g2g4 f7f6 g1h3 h7h6 h1g1 a7a6 a4a5 f8e7 g1g3 e6e5 f1g2 b6a5 c4c5 d7d5 c5d6 c7d6 g2e4 d6d5 e4d5 d8d7 d5a2 d7e6 a2e6 c8e6 g4g5 f6g5 f2f3 g8f6 e1f2 g7g6 h3g1 e8f8 f2e1 b8d7 d1a4 f6h5 f3f4 e5f4 g3f3 g5g4 f3f2 e7b4 a1a2 e6a2 a4d7 a2b1 d7g4 b1f5 g4h4 a8c8 f2f4 b4d6 f4f5 g6f5 h4h5 c8c1 e1f2 c1c8 h5f5 f8e7 d2d3 h8f8 f2e3 f8f5 h2h3 c8b8 e3d4 b8b7 e2e4
283,B,value_resign,49,1.092722,1415,2026-09-04 05:29:44,g1f3 h7h5 e2e4 a7a5 d2d4 b7b6 a2a3 a8a7 c1f4 c8b7 c2c4 c7c5 d4c5 h5h4 e4e5 a7a8 e1d2 b7c8 f3g5 b6c5 d1g4 f7f6 e5f6 e7f6 g4g3 d8e7 h1g1 d7d5 c4d5 c8d7 b2b3 f6g5 f4g5 h4g3 g5e7 f8e7 f2f3 c5c4 b1c3 c4b3 c3b5 b8a6 a1b1 a5a4 h2h3 g8f6 f1e2 g7g6 g1f1
284,W,value_resign,77,1.021791,1420,2026-09-04 05:29:57,e2e3 f7f6 f1b5 c7c5 c2c3 e8f7 e1e2 h7h6 g1f3 e7e5 h2h3 f8d6 f3h4 a7a6 b5a4 d6e7 d1g1 h6h5 f2f4 e5e4 h4g6 e7f8 g6h8 f7e7 c3c4 d7d5 e2d1 b8d7 g1f2 d7b6 h8g6 e7f7 b2b3 f7g6 c1b2 a8b8 c4d5 a6a5 a4c6 b6d7 f2g1 g6f7 c6d7 c8d7 d5d6 d7e8 b1a3 a5a4 d1e2 a4b3 a2b3 g8e7 d6e7 d8e7 h3h4 f6f5 g2g3 e7c7 a3b5 c5c4 b5d4 f7g6 e2f2 c4b3 f2e2 g6h7 e2f2 b8a8 a1a8 c7c5 f2e2 f8e7 a8a1 c5d4 e3d4 g7g6 e2f2
285,B,checkmate,28,1.064926,1425,2026-09-04 05:29:58,h2h4 d7d5 f2f4 b7b5 d2d3 a7a5 h4h5 b8a6 b1d2 d5d4 g2g4 c7c5 a2a4 d8c7 a4b5 a8b8 d2c4 a6b4 c1d2 c8b7 c4a5 e7e5 g1h3 b7h1 f4e5 c7e5 c2c3 b4d3
286,B,value_resign,44,1.004956,1430,2026-09-04 05:34:05,e2e4 b8a6 g1e2 b7b6 d2d4 d7d6 c1h6 a8b8 e1d2 g8h6 f2f3 d8d7 c2c3 h6g8 b1a3 g8f6 a3c2 h8g8 b2b4 h7h6 a2a4 e7e6 d1c1 f8e7 d4d5 e6d5 e4d5 a6c5 c1b2 a7a5 b4c5 d6c5 h2h3 c5c4 h1g1 f6d5 c2d4 g7g6 d4f5 g6f5 f3f4 d5f6 e2d4 e8d8
287,B,material_adjudication,91,1.031206,1435,2026-09-04 05:35:04,g1f3 e7e6 g2g4 b7b5 c2c4 f8e7 f3d4 a7a5 h2h4 b5c4 f2f4 h7h5 d4c2 a8a6 g4h5 g7g5 h5g6 c7c6 e1f2 a5a4 f1h3 f7g6 h3f1 g6g5 f4g5 e6e5 b1a3 h8h5 a3c4 a6a8 a2a3 c6c5 e2e4 e8f8 d1h5 g8f6 h5g6 d7d5 f1g2 d5c4 g5f6 c8f5 g6g7 f8e8 g2h3 e7f6 g7b7 a8a7 b7a7 d8c7 h3f5 c7a7 h1f1 a7b7 a1b1 f6h4 f2e2 b8d7 d2d4 e5d4 f5e6 h4g5 c1g5 d4d3 e2d2 d3c2 d2c2 b7e4 c2c1 e4e6 g5d2 e6e4 f1f4 e4e6 f4h4 d7f6 c1d1 e8e7 h4h3 e6h3 d1e1 h3g4 b1c1 g4e6 d2e3 e6e3 e1d1 f6e4 c1c3 e4c3 d1c2
288,B,material_adjudication_moderate,113,1.105783,1440,2026-09-04 05:36:02,e2e3 a7a5 b1a3 b8c6 d2d3 g7g5 e1d2 e7e6 a3b5 g8e7 h2h3 b7b6 f2f4 f7f5 a2a4 c8b7 a1b1 d8c8 f4g5 c6b8 h3h4 b8c6 e3e4 a8a6 g1e2 c8a8 b5c7 e8f7 c7e8 a8e8 e2f4 e6e5 e4f5 e5f4 c2c4 e7f5 h4h5 f5e3 d1f3 e8e7 f3f4 f7e8 f4e3 c6b4 e3e7 f8e7 g5g6 h7g6 h5g6 h8h1 g6g7 e8f7 g2g4 e7c5 f1g2 b7g2 d3d4 f7g7 d4c5 b6c5 g4g5 b4c2 d2c2 d7d6 c1e3 h1h2 b1c1 a6a7 g5g6 a7b7 c1g1 b7d7 g1g2 h2g2 c2b3 g7g6 e3f4 g6h5 b3c3 d7d8 f4g3 h5g5 g3h4 g5g4 h4d8 g4h3 d8a5 h3g3 c3b3 g2h2 a5d8 g3f4 d8f6 f4e3 b3c3 h2f2 c3b3 f2f6 a4a5 d6d5 c4d5 f6f3 a5a6 e3d2 b3a2 f3f8 a6a7 f8a8 d5d6 c5c4 d6d7 a8a7 a2b1
289,W,value_resign,28,0.987200,1445,2026-09-04 05:36:30,c2c4 b8c6 b2b3 e7e5 e2e4 f7f5 g1e2 f8c5 b1c3 c6b4 d2d3 b7b6 e4f5 a7a5 a2a4 h7h6 h2h4 d7d6 a1a3 c8a6 h1g1 b4c6 c3d5 d8g5 h4g5 a8b8 e2f4 c6d4
290,B,material_adjudication_moderate,91,1.104791,1450,2026-09-04 05:37:13,a2a3 g8f6 h2h3 e7e5 e2e3 b7b6 f2f4 d7d6 f1d3 c8g4 f4e5 f6e4 d3e4 g4d1 e5d6 d1c2 d2d3 b8a6 h3h4 b6b5 e4a8 g7g6 a8f3 h7h5 g2g4 h5g4 f3g2 c7d6 h4h5 f7f6 h5g6 d8b6 a3a4 h8h1 g2h1 f6f5 a4b5 b6b5 e1f1 b5c6 h1c6 e8e7 b1d2 a6c7 a1a3 a7a5 d3d4 c2e4 a3b3 e4c6 g1e2 c6d5 b3b6 f5f4 g6g7 f8g7 f1g1 e7e8 e2f4 g7f6 e3e4 d5c6 d2c4 f6d4 g1h1 c6b5 c4a5 d4b6 a5b7 b6d4 b7d6 e8e7 c1d2 e7d6 h1g2 d4b2 f4d3 b5d3 d2a5 d3c2 g2f1 b2c3 a5c3 c2d1 f1e1 d1f3 c3a5 c7e6 e1f2 f3e4 f2e1
291,W,checkmate,79,1.102105,1455,2026-09-04 05:38:07,e2e3 a7a5 b2b3 a5a4 d1g4 a8a5 g2g3 f7f6 g4h4 e7e5 f1b5 a5b5 f2f3 e8e7 e1e2 b8c6 c1b2 b5b6 b1c3 d7d5 c3d5 d8d5 d2d3 d5d6 b2a3 d6a3 d3d4 c6b4 b3a4 e7d6 a4a5 c7c6 c2c3 a3a5 c3b4 a5a6 b4b5 c6b5 a1b1 f8e7 a2a3 d6d5 b1c1 g7g5 h4h3 g5g4 f3g4 e7d6 c1c8 a6a7 c8c3 d6e7 g1f3 d5e4 h3g2 e5d4 a3a4 d4c3 a4a5 h7h5 a5b6 a7b6 f3d4 e4e5 g4h5 e7d8 h5h6 g8h6 e2d1 h6g4 d4c2 h8g8 h2h3 f6f5 h3g4 f5g4 c2b4 d8f6 g2d5
292,B,checkmate,42,1.102121,1460,2026-09-04 05:38:21,f2f3 b7b5 c2c4 d7d5 c4d5 e7e5 e2e4 b8c6 e1e2 g7g5 d5c6 d8f6 a2a4 h7h5 d2d3 b5a4 b1d2 f6c6 d1c2 c6c2 b2b4 c8b7 e2e3 f8e7 a1a2 h8h6 a2c2 a8d8 f1e2 h5h4 c2c3 h4h3 c3c2 h3g2 g1h3 g2h1q h3g1 d8d7 c1a3 b7e4 d3e4 h1g1
293,W,material_adjudication,66,1.115008,1465,2026-09-04 05:39:16,a2a3 g8f6 a3a4 d7d5 a4a5 e7e5 f2f3 b7b6 e2e4 d5d4 d2d3 a7a6 a1a2 f6e4 e1e2 f7f6 d3e4 e8e7 c2c3 c7c5 h2h4 c5c4 b2b3 b6b5 c3d4 c4b3 a2b2 b8d7 g2g4 a8b8 b2b3 h7h6 f1g2 d8c7 e2e1 g7g5 h4h5 e7e8 e1e2 e5d4 f3f4 c7c1 d1c1 g5f4 b1a3 f8a3 b3a3 b5b4 a3a4 d4d3 e2d3 f4f3 g2f3 b8a8 f3g2 a8b8 g1e2 b8a8 c1c8 e8e7 c8b7 a8b8 b7b8 d7c5 d3d4 h8b8
294,W,checkmate,65,1.067094,1470,2026-09-04 05:40:37,h2h4 h7h5 e2e4 e7e5 g2g3 g7g5 d2d4 b7b6 g3g4 d7d6 d1f3 g8f6 f3b3 f6g4 f2f3 e5d4 f3g4 h5g4 f1g2 a7a6 a2a4 g4g3 b3a2 a6a5 c2c4 d8e7 g2f3 g5g4 e4e5 e7h4 h1h4 h8h4 e5d6 g4f3 g1f3 h4e4 e1f1 b8a6 d6c7 a6b4 a2b3 b4c2 f3d4 c2a1 b3d1 c8g4 d1d2 e4d4 d2d4 f8h6 c1h6 a1c2 d4c3 c2a1 b2b3 a8c8 c3b2 a1b3 b2b3 f7f5 b1a3 e8f7 b3b6 f7e8 b6e6
295,B,value_resign,48,1.053674,1475,2026-09-04 05:40:51,b1a3 h7h5 b2b3 b7b6 g1h3 c7c6 d2d3 c6c5 c2c4 g7g6 f2f4 a7a6 f4f5 f8g7 e1f2 e8f8 h3f4 g6f5 e2e4 g7a1 f2e3 g8f6 d3d4 d8c7 b3b4 f8g7 d1d3 f6e4 c1d2 a1b2 f4d5 c7d8 b4c5 e4c5 d4c5 b6c5 d5f4 b2f6 h1g1 e7e5 d2c3 c8b7 f4e6 f7e6 f1e2 b8c6 g2g3 a8b8
296,W,material_adjudication,66,1.085719,1480,2026-09-04 05:41:03,e2e3 a7a5 b2b3 a5a4 f2f3 f7f6 g2g3 e7e5 f1b5 a4b3 g1h3 e8e7 h1f1 c7c6 c1b2 c6b5 a2b3 e5e4 b1a3 b8a6 a3b5 d7d5 h3f4 a6b4 b5a3 h7h5 d1b1 b4c2 b1c2 a8b8 f3e4 h5h4 f4g6 e7e8 g6h8 h4h3 g3g4 d8c7 a3b5 c7d8 e1e2 f8b4 b5d4 d5e4 h8f7 e8f7 f1c1 f7e8 c2e4 b4e7 e2e1 c8d7 e4f3 e7b4 e3e4 d8c7 c1c7 b4c5 d2d3 c5d4 b2d4 g7g5 a1c1 g8h6 b3b4 h6f5
297,B,checkmate,56,0.987297,1485,2026-09-04 05:41:04,b2b3 h7h5 d2d3 b7b6 g1h3 c7c5 f2f3 a7a6 d3d4 e7e5 c1b2 h5h4 e1d2 e8e7 a2a4 f7f6 h3f4 d7d5 f4g6 e7d7 d4c5 b6c5 g6h8 e5e4 f3e4 a6a5 d2d3 b8a6 e4d5 a8b8 h8g6 a6b4 d3c3 h4h3 b1a3 g8e7 g6e7 f8e7 a3b5 d7e8 g2h3 c8d7 d1b1 b4c2 d5d6 c2a1 d6e7 d8e7 b1a1 e7e3 c3c2 b8d8 f1g2 d7f5 g2e4 f5e4
298,W,material_adjudication,76,1.031810,1490,2026-09-04 05:41:30,e2e3 a7a5 b2b3 d7d6 d2d3 a5a4 e3e4 b7b6 e1e2 g7g5 b1c3 h7h5 c1g5 c8b7 h2h4 b8d7 e4e5 f8h6 b3b4 a8a7 c3b5 h6g5 c2c4 g5e3 b5a7 c7c5 b4b5 e3f4 d3d4 g8f6 d4c5 f4e5 c5c6 b7c6 b5c6 e5a1 c6d7 d8d7 d1a1 d7e6 e2d2 d6d5 c4d5 e6e5 a1e5 f6d7 g1e2 d7e5 h1g1 e8f8 d5d6 e5f3 g2f3 h8g8 f1h3 g8g6 g1g4 h5g4 h3g4 f7f5 g4f5 g6f6 f5e6 f6e6 d6e7 e6e7 a7c6 e7c7 c6e5 c7c4 e5c4 a4a3 d2e1 f8e8 e1f1 e8f8
299,W,value_resign,31,1.013155,1495,2026-09-04 05:42:08,a2a3 d7d6 f2f3 c7c6 g2g3 g7g5 e2e3 d6d5 f1d3 d8c7 f3f4 h7h6 f4g5 f7f5 h2h3 c7g3 e1f1 g8f6 d3e2 c8d7 g5f6 g3g2 f1g2 e7f6 b2b4 f8b4 a3b4 a7a5 g2h2 h8g8 g1f3
300,W,material_adjudication,86,1.033396,1500,2026-09-04 05:43:37,e2e3 a7a5 a2a3 a5a4 e1e2 g8h6 f2f3 g7g6 e3e4 c7c5 b1c3 f8g7 d2d3 f7f6 g2g3 e8g8 c3b5 f8e8 e2d2 h6f5 b5c3 g7h6 f3f4 f5d4 h2h4 e8f8 f1g2 g8g7 g1h3 d7d5 e4d5 g7g8 a1b1 d8e8 c3e4 c5c4 d5d6 c8g4 d1g4 f6f5 g4d1 f5e4 g2e4 d4c6 e4f3 e7d6 d3d4 c4c3 d2c3 h6g7 f3d5 g8h8 c1e3 e8e3 d1d3 e3d3 c2d3 g7f6 d5f3 h8g7 h1c1 f6d4 c3c4 a8a7 c1d1 a7a6 g3g4 b7b6 h3g5 b8d7 f3c6 d7c5 c4d4 f8f4 d4d5 h7h6 g5e6 g7h7 g4g5 f4b4 a3b4 c5e4 e6d8 a4a3 b4b5 h6h5
301,W,value_resign,39,1.044379,1505,2026-09-04 05:44:59,b2b3 c7c6 g2g4 g8f6 d2d3 a7a5 a2a4 f6g4 e2e3 c6c5 e3e4 e7e5 d1f3 f7f6 f3g4 g7g6 f2f3 f8g7 e1d2 g6g5 b1c3 d8c7 f3f4 g7f8 g4e2 e8d8 g1f3 a8a6 c3b5 a6a8 b5c7 d8c7 f3e5 f6e5 h2h3 g5f4 a1a2 h7h5 a2a1
302,B,value_resign,38,1.021328,1510,2026-09-04 05:45:13,b2b3 b8a6 d2d3 f7f5 a2a3 g8f6 c2c4 a8b8 f2f3 h8g8 b3b4 e7e6 e2e3 f6e4 g2g3 g7g6 f1g2 d7d6 b4b5 a6c5 h2h3 h7h5 d3e4 f5e4 e1f1 f8g7 f3e4 g7a1 d1d4 c5e4 g2e4 a1d4 e3d4 g6g5 d4d5 a7a5 h1h2 e8f8
303,W,value_resign,35,0.978832,1515,2026-09-04 05:45:13,b2b3 b8a6 d2d3 f7f5 a2a3 g8f6 c2c4 d7d6 a1a2 a8b8 h2h4 a6c5 b3b4 f6e4 h4h5 c5b3 a2d2 e4d2 h5h6 g7g5 c1d2 b8a8 f2f3 h8g8 b4b5 c7c5 b5c6 d8b6 e2e4 b6f2 e1f2 b3a1 d3d4 f8g7 e4e5
304,B,value_resign,27,1.048549,1520,2026-09-04 05:45:27,b1a3 c7c5 g1f3 h7h5 c2c3 f7f5 d1c2 g7g5 f3g5 f8g7 g5e6 h5h4 b2b4 d7e6 d2d4 e8f8 b4b5 a7a5 f2f3 c5d4 a3c4 d4c3 c1e3 c8d7 c4e5 g8h6 b5b6
305,B,material_adjudication,81,1.080909,1525,2026-09-04 05:48:30,a2a3 b7b5 e2e3 d7d5 a3a4 g7g5 g2g4 e8d7 d2d3 a7a5 b1a3 b5b4 e1e2 d7e8 f2f4 d5d4 e3d4 c8b7 a3c4 b7c6 f4g5 e7e6 f1g2 c6b7 d4d5 f8g7 g5g6 g7c3 h2h4 f7f6 d5e6 b7g2 b2c3 e8e7 c1e3 g2h1 c3b4 h7g6 b4a5 b8a6 c2c3 h1d5 d1e1 d5e6 h4h5 g6h5 g4h5 h8h5 g1f3 c7c6 c4b6 a8b8 a1d1 e7d6 c3c4 a6c5 d1d2 c5a4 b6a4 e6c4 d3c4 d6c7 e1d1 h5h7 d1f1 d8e7 f3h4 h7h4 d2d3 e7e6 e2e1 h4e4 f1e2 g8h6 e3h6 e4e2 e1f1 f6f5 d3a3 e6e5 h6f4
306,W,value_resign,39,1.039798,1530,2026-09-04 05:49:38,f2f4 a7a5 a2a4 f7f6 b2b4 b7b6 h2h3 a5b4 g2g4 d7d6 d2d4 b8a6 c2c4 e8d7 f1g2 f6f5 e1d2 h7h5 g4f5 g8h6 g2a8 c8b7 a8b7 d8b8 b7e4 h8g8 c1b2 b8e8 d2d3 d6d5 e4d5 c7c5 g1f3 h6f5 d4c5 b4b3 d1d2 a6c5 d3c3
307,B,value_resign,54,1.064502,1535,2026-09-04 05:52:59,e2e3 g7g6 d1e2 g6g5 a2a3 b8c6 e2d1 e7e6 a3a4 c6b4 f1e2 b4c2 d1c2 e6e5 a1a2 g5g4 e1f1 g8e7 e2d3 a8b8 b1a3 h7h6 f2f4 e5f4 e3f4 b7b6 b2b3 a7a6 f4f5 d7d6 f5f6 c8b7 f6e7 e8e7 h2h3 g4h3 g1h3 b7d5 f1e2 b6b5 c1b2 b5a4 h3g5 a4b3 c2b3 d5b3 b2h8 b3a2 g5f7 e7f7 g2g3 d6d5 a3c2 c7c6
308,D,cap_draw,150,1.020477,1540,2026-09-04 05:53:44,h2h4 h7h5 a2a3 d7d5 f2f4 e7e5 f4f5 b7b6 e2e4 f7f6 d1e2 b8d7 h1h2 c7c6 e4d5 f8e7 a3a4 e5e4 d5d6 a7a5 d6e7 g7g6 d2d4 e8e7 b2b3 d7e5 c2c3 c8b7 f5g6 e5g6 e1d1 d8b8 b3b4 b8h2 b4b5 a8d8 b5c6 b7c6 c1e3 f6f5 g2g4 h2g3 g4f5 g6f8 e3f4 g3g1 d4d5 g8f6 d5d6 e7f7 b1a3 g1c5 a3c2 h8g8 d1e1 c5c3 e1f2 c3d3 e2d3 e4d3 f1d3 c6b7 a1d1 d8c8 f4d2 c8c2 d3c2 b7c6 c2b3 f7g7 b3g8 f6g8 f2g3 f8d7 g3h2 g7f8 h2g3 g8f6 g3h2 f6e4 f5f6 d7f6 d2e1 f8e8 d1d3 e8d7 h2g1 c6b7 d3c3 d7d6 c3e3 b7c8 e3e4 f6e4 g1g2 c8e6 e1f2 e4d2 f2e1 e6d7 e1d2 d6c5 g2h2 d7a4 d2e3 c5d5 e3b6 d5c6 b6a5 a4d1 h2g3 c6d5 g3f4 d5c5 f4g3 c5c4 a5d8 c4c3 d8f6 c3b4 f6d4 b4a4 g3h3 a4a3 h3g3 a3a2 g3f2 d1a4 f2e1 a4d7 e1d2 d7c6 d2d3 c6d7 d3c3 d7c6 d4c5 c6d7 c3c4 a2a1 c4d5 a1b1 d5c4 b1c2 c4d5 c2b3 c5f2 b3c2 d5d4 c2b3
309,W,checkmate,25,1.086162,1545,2026-09-04 05:54:26,g1f3 h7h5 b1a3 c7c6 c2c4 a7a6 a3c2 a6a5 g2g3 a5a4 c4c5 f7f5 e2e4 h5h4 f3h4 h8h4 b2b3 f5e4 a2a3 a4b3 g3h4 b3c2 d1h5 g7g6 h5g6
310,W,material_adjudication_moderate,76,1.052745,1550,2026-09-04 05:55:53,e2e3 a7a5 d1h5 g8f6 f1c4 f6h5 g2g3 g7g5 c4f7 e8f7 h2h4 h5g7 g1f3 b8c6 e1e2 b7b6 f3g5 f7g6 g5e6 g7h5 e6d8 c8b7 c2c3 a8d8 d2d3 h5g7 f2f3 d7d5 e2f2 d8d6 g3g4 c6e5 d3d4 e5d3 f2e2 c7c6 e2d3 g6f7 a2a3 d6g6 c3c4 d5c4 d3c4 b6b5 c4d3 f7e8 e3e4 e7e6 h4h5 g6f6 g4g5 f6f5 e4f5 e6f5 h5h6 f8d6 h6g7 h8g8 h1h4 g8g7 d3d2 f5f4 h4h3 g7g5 h3h2 g5g3 b2b4 g3f3 b4a5 h7h5 a3a4 b5a4 h2h5 b7a6 b1a3 f3f2
311,B,material_adjudication,66,1.089162,1555,2026-09-04 05:56:23,e2e3 g7g6 f2f3 d7d6 g1h3 c7c6 g2g3 g8f6 h1g1 f6e4 f3e4 f8g7 e1e2 c6c5 c2c4 f7f5 b2b3 e8d7 b1c3 b8a6 e2f2 a6c7 d1f3 f5e4 f1e2 e4f3 e2f3 h7h6 h3f4 a7a5 c1b2 h8f8 c3b5 f8f4 g3f4 c7b5 b2g7 b5c7 a2a3 d8g8 a1f1 g8g7 g1g6 g7g6 h2h4 a8a7 f2e2 h6h5 a3a4 g6h6 f4f5 e7e6 f3e4 e6e5 f5f6 c7d5 c4d5 d7c7 f1f5 c8d7 d2d4 c5d4 e3d4 e5d4 e2d3 b7b5
312,B,value_resign,68,0.950770,1560,2026-09-04 05:57:27,e2e3 g7g6 f2f3 g6g5 h2h3 f8g7 g2g3 g8f6 a2a3 c7c6 f1g2 d8c7 d2d4 h8g8 d1d2 c7g3 e1f1 g3h4 d2b4 h4g3 b4e7 e8e7 g1e2 g3f4 e3f4 g7h6 f4g5 g8g5 a3a4 a7a5 c2c4 d7d5 e2c3 d5c4 h3h4 g5f5 c1h6 c8e6 a1a2 b8a6 c3d1 a6b4 a2a3 b7b5 g2h3 f5d5 a4b5 c6b5 h6d2 d5d4 h3e6 f7e6 d2c3 d4d1 f1g2 d1b1 c3b4 a5b4 a3a8 b1b2 g2h3 f6d5 a8a2 b2a2 h1d1 e7e8 d1d5 e6d5
313,B,material_adjudication,71,1.118512,1565,2026-09-04 05:57:42,b1c3 h7h5 g1h3 a7a5 f2f4 f7f5 d2d4 h5h4 e1d2 b7b5 d4d5 c8a6 g2g4 h4g3 b2b3 g3h2 c1b2 e8f7 f1g2 d8e8 a2a3 c7c5 d5c6 b8c6 h1h2 c6d4 g2a8 g7g5 h3g5 f7g7 c3b5 h8h2 b5d4 g7f6 d4f5 f6f5 g5e4 f8g7 e4c5 g7b2 a1b1 b2f6 c5a6 e8a8 a6c7 a8b7 c7d5 a5a4 b3a4 b7d5 d2c1 d5c6 b1b6 c6c5 c2c4 d7d6 b6c6 c5c6 a4a5 c6e4 d1d3 d6d5 d3d5 f5f4 d5e4 f4e4 a5a6 f6d4 a6a7 d4a7 c4c5
314,W,value_resign,24,0.994452,1570,2026-09-04 05:58:53,a2a3 c7c6 h2h4 d8c7 h4h5 c6c5 e2e4 f7f5 b2b3 f5f4 c2c4 e7e5 b1c3 d7d5 d2d3 e8d7 c1b2 d7d6 d1b1 g8f6 e1d2 c8d7 d2d1 d5d4
315,W,material_adjudication_moderate,76,1.045606,1575,2026-09-04 06:00:06,e2e3 d7d5 d2d3 e7e5 g1f3 c8d7 b1d2 d7f5 b2b3 f5d7 f3e5 g7g6 e5d7 f8a3 a1b1 b8d7 d2f3 a3c1 a2a4 c1e3 f2e3 d5d4 e3d4 a8b8 f3h4 h7h6 h4g6 f7g6 e1d2 d7f6 d1f3 a7a6 f1e2 d8d4 b1d1 h8h7 c2c3 d4d8 b3b4 f6h5 g2g4 d8g5 d2c2 g5d8 g4h5 g6h5 h2h3 h7e7 d3d4 e7e2 f3e2 e8d7 e2e3 d8e8 e3d3 e8d8 c2b3 a6a5 b4a5 d8g5 b3b4 g8f6 d1b1 h5h4 h1c1 g5f4 b4c5 f6h5 d3e2 f4f8 c5d5 c7c6 d5c4 c6c5 e2h5 f8f5
316,B,checkmate,66,1.000054,1580,2026-09-04 06:00:49,e2e3 g7g6 a2a4 e7e5 f2f3 g6g5 a4a5 f8c5 g2g4 c5b4 b2b3 d8f6 b1a3 g8e7 a1b1 e8f8 h2h4 c7c5 f1h3 b4a3 d2d4 f6h6 c2c4 e7f5 e3e4 a3c1 d4c5 f5g3 h4g5 h6c6 d1c1 g3h1 c1d1 f7f6 g5f6 h7h5 b3b4 a7a6 g4h5 c6f6 h5h6 d7d6 h3c8 h8h6 c8b7 a8a7 b7d5 d6c5 b4c5 h6h5 b1b8 f6d8 b8b2 d8e7 e1e2 e7c5 b2b1 f8e7 d5g8 a7a8 g8d5 a8b8 b1b8 h5h2 e2f1 c5f2
317,B,material_adjudication,66,1.058898,1585,2026-09-04 06:00:50,h2h4 e7e5 h4h5 d7d6 d2d4 f7f5 d4e5 g7g5 a2a4 e8e7 a1a3 h7h6 g1h3 b8a6 c1g5 h6g5 e5e6 f8g7 h3g5 g7f6 c2c4 f6g5 c4c5 g5f6 a3a1 d6c5 a1a2 d8d1 e1d1 b7b5 h5h6 c5c4 a4b5 c7c6 g2g3 a6c7 b5c6 c8e6 d1e1 g8h6 a2a3 h6g4 f1g2 c7b5 b2b3 c4c3 b1c3 b5a3 c3b1 a3b1 f2f4 a8d8 c6c7 g4e3 c7c8q d8c8 h1h2 e7d6 h2h1 h8h6 g3g4 f6h8 g4g5 d6c7 g2h3 c8d8
318,B,value_resign,72,1.070564,1590,2026-09-04 06:02:01,e2e3 g7g6 g1h3 e7e5 f2f4 b8c6 f1c4 a7a6 h3g5 a6a5 e1e2 a5a4 g2g4 d7d5 b2b3 c8g4 e2d3 g4f5 d3e2 g8f6 f4e5 a8b8 e5f6 d5c4 a2a3 h8g8 d1f1 f5c2 b3c4 f8h6 g5f3 c6a5 e3e4 a5b3 a1a2 c2b1 e4e5 b1a2 c1b2 e8f8 f3h4 d8d7 h4f5 g6f5 c4c5 g8h8 c5c6 d7c6 f1c1 h6g5 c1c6 b7c6 b2d4 h8g8 h2h4 b8b6 h4g5 b3d2 e2d2 f5f4 h1h2 f8e8 d4b6 c7b6 h2h3 c6c5 d2e1 g8g5 e1d2 h7h5 d2e2 g5g4
319,W,material_adjudication_moderate,117,1.024227,1595,2026-09-04 06:05:37,h2h4 b7b6 c2c3 e7e6 b2b4 e6e5 h4h5 d7d6 c1a3 f7f5 c3c4 e8e7 h1h2 g7g6 d2d3 g8f6 b1d2 f6h5 g1h3 a7a5 h3g5 e7e8 d1c1 e5e4 f2f3 e4e3 d2b3 d8d7 g5h7 a5b4 f3f4 b8a6 h2h1 f8g7 h1h5 g6h5 a3b4 c8b7 h7g5 g7f6 a2a3 c7c6 c1b1 c6c5 b4d2 e3d2 e1d2 f6g5 f4g5 h5h4 b1b2 h8f8 d2e1 f5f4 a1d1 b6b5 e1d2 b5b4 a3a4 f4f3 e2f3 e8d8 d3d4 c5d4 b2d4 f8f5 d4e3 a6c5 e3f2 a8a6 f3f4 b7d5 c4d5 h4h3 f1a6 f5d5 d2e2 c5b3 d1d5 h3g2 f2g2 d7f7 e2f1 b3c5 d5c5 d6c5 f4f5 d8e7 f1f2 f7f5 f2g3 f5c2 g2f3 b4b3 f3e3 e7f8 g3h4 c2b2 a4a5 b2d4 e3d4 c5d4 a6d3 b3b2 d3b1 d4d3 b1a2 b2b1q a2b1 d3d2 b1c2 f8g7 h4h5 g7h8 c2d1 h8h7 a5a6
320,W,value_resign,66,1.062767,1600,2026-09-04 06:05:38,e2e3 a7a5 d1h5 e7e6 e1e2 b8c6 d2d3 f8e7 h2h4 b7b5 g2g4 c6b8 e3e4 c8b7 c2c4 e6e5 b1d2 g7g6 h5e5 h7h5 d2b1 b7c8 f2f3 g8h6 f1h3 b8c6 e5h8 h6g8 g4h5 c6b4 e4e5 d7d5 e5d6 g6h5 d6e7 d8d4 h8d4 c8d7 d4d5 b4d5 c1g5 b5b4 d3d4 d5b6 a2a3 b4a3 a1a3 f7f6 b1c3 f6g5 h4g5 a8c8 c3b5 b6c4 b5c3 c4d6 h3d7 e8d7 c3d1 g8e7 e2f1 d7e6 h1h5 c8d8 b2b4 a5b4
321,B,material_adjudication_moderate,94,1.138352,1605,2026-09-04 06:06:07,e2e3 a7a5 b1a3 f7f6 g2g3 e7e5 f1b5 b8c6 d1h5 e8e7 a3b1 d7d5 h5f5 c8f5 f2f3 d5d4 f3f4 f5g4 g1f3 e7e8 f3e5 g4f5 b5c6 f5d7 c6d7 e8e7 d7e6 f6e5 b2b3 d8d5 e6d5 c7c6 e3d4 g8f6 f4f5 c6d5 b1a3 a5a4 h1f1 f6e4 d2d3 e5d4 d3e4 d5e4 b3a4 a8c8 a4a5 g7g6 g3g4 g6f5 g4f5 f8h6 c2c3 e7e8 c3d4 h8g8 a3c2 h6c1 d4d5 c8c2 h2h3 c2c4 a1c1 c4c1 e1e2 c1c4 f1f3 e4f3 e2f3 c4d4 h3h4 h7h5 a5a6 b7a6 a2a3 e8f7 a3a4 d4e4 f3e4 g8h8 a4a5 h8d8 e4e5 d8a8 d5d6 a8b8 e5d4 b8c8 d4d3 c8d8 d3d4 d8d6 d4c3 d6d8
322,W,material_adjudication_moderate,92,1.080715,1610,2026-09-04 06:07:15,e2e3 a7a5 b1a3 f7f6 g2g3 e7e6 b2b3 e6e5 f1e2 g8e7 f2f4 e7c6 f4e5 f6e5 e2c4 f8a3 e1e2 h8g8 g1f3 a3c5 c4b5 a8a7 f3g1 e5e4 b5c4 c5f8 c4g8 f8c5 g8e6 d7e6 d1f1 a7a8 a2a4 d8d7 c1b2 g7g5 c2c3 b7b6 g3g4 e8d8 f1f6 d8e8 f6g5 c8b7 g5f4 c6a7 d2d4 e4d3 e2e1 c7c6 f4e5 h7h6 g1f3 a7c8 h2h4 b8a6 h1h3 d3d2 e1d1 c5e3 e5e3 c6c5 e3d2 b7f3 d1e1 f3c6 c3c4 a6c7 d2d7 e8d7 e1d2 c8d6 g4g5 c6b7 g5g6 a8h8 b2h8 d6f5 h8b2 c7d5 c4d5 b7d5 g6g7 f5g3 a1a2 d7e7 d2e1 g3e4 b2a3 e7f7 e1d1 d5b3
323,D,rule_draw,146,0.999326,1615,2026-09-04 06:08:21,a2a3 c7c5 d2d4 c5d4 e2e4 d4e3 h2h4 g8f6 a3a4 f6g4 c1e3 f7f6 e1e2 d7d6 c2c3 e8d7 e2e1 d6d5 a4a5 b7b6 h1h2 e7e5 f1e2 g4e3 f2e3 d7d6 g2g4 g7g5 e2b5 g5h4 g1f3 a7a6 h2h4 a6b5 e3e4 h7h6 e4d5 f8e7 g4g5 e5e4 g5h6 e4f3 d1f3 h8h6 h4h6 a8a5 f3e4 c8d7 e4d4 d6c7 h6h7 b8a6 a1a5 b6a5 e1d2 d8g8 h7e7 g8g2 e7e2 g2g5 e2e3 a6b8 d2e2 g5g4 d4g4 d7g4 e2f2 g4c8 e3f3 b8d7 b1a3 c7d8 a3b5 a5a4 b5a7 a4a3 b2a3 c8b7 a3a4 b7d5 c3c4 d5f3 f2f3 d7b6 f3g2 b6c4 g2f1 d8c7 a4a5 c7b7 a7b5 b7a6 b5d6 c4d6 f1e2 d6e8 e2f3 f6f5 f3f4 e8d6 f4e5 f5f4 e5f4 d6b5 f4e5 b5c3 e5d4 c3d1 d4d3 d1f2 d3e2 f2e4 e2d3 e4f6 d3c3 f6g4 c3d3 g4f2 d3e2 f2g4 e2d3 g4f2 d3e2 f2g4 e2d3 g4f2 d3e2 f2g4 e2d3 g4h2 d3e2 a6b7 a5a6 b7b8 e2d2 b8a7 d2e2 h2g4 e2d3 g4f6 d3d4 a7b6 a6a7 b6b7 a7a8q b7a8
324,W,material_adjudication,78,1.127603,1620,2026-09-04 06:12:13,e2e3 a7a5 b1a3 e7e6 e3e4 f7f6 f1d3 g8h6 d1e2 c7c6 g2g3 a8a6 a3b1 h6g8 b2b3 h7h6 e2f1 f6f5 c2c3 c6c5 d3a6 f5e4 f1e2 h6h5 b1a3 g7g5 f2f3 d8e7 e1f2 e8d8 e2c4 b8a6 f3f4 b7b6 f4g5 a6c7 c1b2 d7d5 c4f1 c8b7 d2d4 e4d3 g1f3 a5a4 f1g2 f8g7 b3a4 c5c4 a4a5 b6a5 h1e1 e6e5 f2g1 a5a4 a3b1 e7f8 g2f2 e5e4 f3d4 g8e7 b2a3 b7c8 b1d2 c8d7 f2e3 h5h4 g3h4 h8h4 g1g2 e7g6 a3f8 g7d4 c3d4 d7c6 a1d1 h4h3 e3g1 e4e3
325,W,material_adjudication_moderate,80,1.038109,1625,2026-09-04 06:13:24,e2e3 a7a5 b1a3 e7e6 e3e4 b8c6 g2g4 g8h6 d2d4 g7g5 c1g5 h6g4 d4d5 e6d5 f1d3 g4h6 g5d8 c6d4 g1f3 d4f3 e1f1 b7b6 d8f6 f8a3 b2a3 c7c5 h1g1 c8a6 g1g5 b6b5 d1f3 d5e4 f3e2 c5c4 c2c3 c4d3 e2d2 a8c8 h2h4 e4e3 d2e3 e8f8 f2f4 h6g4 e3c1 h8g8 g5f5 h7h6 c1d2 g4f6 a1d1 g8g4 d1e1 d7d5 f5f6 g4h4 f6a6 f7f5 d2d1 c8a8 d1d2 a8a6 d2e3 d5d4 c3d4 a6b6 e3e5 h4h5 e1d1 d3d2 d1d2 f8f7 d2b2 b6e6 e5b5 f7f8 d4d5 e6d6 b2b1 d6b6
326,B,material_adjudication,71,1.037414,1630,2026-09-04 06:14:07,h2h4 b7b6 b2b3 c7c6 h4h5 g8h6 f2f4 f7f6 c2c3 a7a5 e1f2 e7e5 f2e1 b6b5 b3b4 e8e7 f4e5 d7d6 d2d4 a5b4 e5e6 h8g8 d1d2 a8a7 c1b2 c6c5 c3b4 d6d5 e2e4 c5d4 e4d5 d8d5 b2a3 c8e6 d2b2 b8c6 f1e2 c6b4 e2b5 d5d8 b1d2 e6d5 g1f3 d8a5 b2b4 a5b4 a3b4 e7d8 a1b1 f8b4 b1b4 h6f5 g2g3 a7a2 h5h6 f5g3 h6g7 g3h1 b4b3 d5b3 d2b3 h7h5 b3d4 g8g7 b5a4 a2a4 e1d1 a4a6 f3h2 a6a5 d1e2
327,B,value_resign,30,1.127088,1635,2026-09-04 06:15:18,a2a3 g8f6 a3a4 e7e6 f2f3 g7g6 b1c3 f6e4 e2e3 e4c3 b2c3 g6g5 f3f4 a7a5 f4g5 d7d6 d2d3 e8d7 e3e4 e6e5 d1g4 d7c6 g5g6 f7g6 h2h4 c8g4 f1e2 g4e2 d3d4 e2g4
328,W,value_resign,37,1.076551,1640,2026-09-04 06:15:48,b1a3 e7e6 g1h3 h7h5 g2g3 f7f5 f1g2 f8a3 b2a3 b7b6 d2d3 d8f6 g2e4 g7g6 c1g5 f5e4 g5f6 g8f6 d3e4 f6e4 c2c3 b8a6 d1d4 g6g5 d4e4 c8b7 e4g6 e8d8 h1f1 h8g8 g6g8 d8e7 g8g5 e7f8 g5d2 f8e7 a1b1
329,B,material_adjudication_moderate,76,1.036614,1645,2026-09-04 06:16:46,e2e3 g7g6 f2f4 b8a6 h2h3 g8h6 e1e2 b7b6 h3h4 e7e6 a2a4 f8b4 b2b3 h6f5 b1c3 b4c3 a1b1 f5h6 d2c3 f7f6 a4a5 h6g8 b1a1 e6e5 g1h3 c8b7 e2d2 d8c8 f1a6 b7g2 a6c8 g2h1 a5a6 a8c8 f4e5 h1c6 c1b2 f6e5 d1e2 e8d8 c3c4 g8f6 d2c1 d8e7 e2d1 c6f3 d1f3 e5e4 f3d1 h8g8 h3g5 h7h6 d1d2 h6g5 h4g5 f6h5 d2d1 c7c6 b2d4 c6c5 d4c3 h5g3 c3b2 d7d5 d1d5 g8d8 d5e5 e7f7 a1a3 d8e8 e5d5 f7e7 c1d2 c8d8 a3a4 d8d5
330,W,material_adjudication,68,1.075307,1650,2026-09-04 06:16:47,a2a3 c7c6 h2h4 d8c7 d2d4 g8f6 h1h3 c7d6 e1d2 d6d5 h3b3 d5f5 h4h5 g7g5 b3b6 e7e6 e2e4 f5f3 g2f3 g5g4 e4e5 d7d6 b6b7 f6d5 b7a7 f7f6 f1c4 f8g7 h5h6 d5b4 c2c3 d6d5 h6g7 h8g8 d2e3 a8a7 a3b4 a7a1 c4e2 g4f3 g1f3 h7h6 d1d3 g8g7 e5f6 g7g6 c1d2 c8a6 b4b5 c6b5 c3c4 b5c4 d3c2 g6f6 b2b3 f6f8 c2b2 c4c3 b1c3 a1a5 b2c1 a5a2 c3a2 b8d7 e2d1 d7f6 f3h2 a6b5
331,W,value_resign,63,1.049477,1655,2026-09-04 06:16:48,b1a3 e7e6 b2b4 d7d6 f2f3 g7g5 e2e3 a7a6 c1b2 h7h5 b2h8 b7b6 g2g3 a8a7 d1e2 b6b5 g3g4 f7f5 a3b5 a6b5 e2b5 c7c6 b5b8 a7a8 b8a8 c8b7 a8a7 d8c8 g4f5 g8h6 e1e2 c8a8 c2c3 a8a7 h2h4 h6f5 h4g5 f5g3 e2f2 g3h1 f2g2 c6c5 g2h1 e6e5 f1b5 e8e7 b4c5 e7e6 c5c6 b7c6 b5c6 a7c7 f3f4 c7c6 g1f3 e5e4 f3d4 e6d7 d4c6 d7c6 a1b1 c6c5 b1a1
332,B,material_adjudication,71,1.050554,1660,2026-09-04 06:17:30,a2a3 c7c6 d2d3 d8c7 b2b3 d7d5 g2g4 f7f5 a3a4 g8f6 e2e4 f5f4 b1d2 g7g5 e4d5 c8g4 f1e2 g4e2 g1e2 f4f3 h2h3 f6d5 c1b2 c7b6 b2h8 f3e2 d2c4 e2d1q e1d1 b6c5 h8b2 d5f4 b2a3 c5f5 h1h2 e7e5 c4d2 f8a3 a1a3 b8a6 a4a5 a6c7 c2c4 h7h6 h2h1 f5e6 f2f3 e6f5 h1f1 f4d3 h3h4 g5g4 f3g4 f5e6 g4g5 c7d5 c4d5 e6d5 d2e4 c6c5 d1e2 d3f4 f1f4 e5f4 e4c5 d5c5 g5h6 c5a3 e2e1 a3e7 e1f1
333,W,checkmate,13,1.028610,1665,2026-09-04 06:19:48,e2e3 g7g6 d2d3 e7e6 b1a3 f7f5 b2b4 f8b4 c1d2 a7a6 d2b4 g6g5 d1h5
334,W,material_adjudication,88,1.106736,1670,2026-09-04 06:20:46,b1a3 h7h5 b2b4 d7d5 g1f3 b7b6 a1b1 a7a6 c2c3 e8d7 d1c2 e7e5 d2d4 f7f6 d4e5 a6a5 c1d2 d7e7 e2e4 c7c6 e4d5 f6e5 a3b5 e5e4 d5c6 e7e8 f1e2 e4f3 e2f3 b8c6 c2g6 e8e7 h1g1 c8b7 h2h4 c6e5 f3b7 e5g6 b7a8 g6h4 a8f3 h4g6 a2a4 h5h4 b1d1 g6f4 b5a7 a5b4 c3b4 d8b8 g2g3 b8a7 g3f4 e7d6 g1f1 d6c7 f4f5 a7a4 f5f6 c7d6 f6g7 a4e8 f3e2 f8g7 f1g1 e8e7 d2g5 d6c7 g5e7 g7f6 e7f6 g8f6 g1g4 f6g4 e2g4 h8f8 g4h3 f8d8 d1c1 c7d6 e1f1 d8c8 c1c8 d6e7 c8c4 e7f6 c4d4 f6e5
335,W,material_adjudication_moderate,106,1.086276,1675,2026-09-04 06:21:01,e2e3 a7a5 f1b5 h7h5 b5a6 f7f5 f2f3 b7b5 g2g3 e8f7 a6b5 c7c5 c2c3 d8c7 d1c2 b8c6 b5c6 d7d6 b2b4 c7c6 d2d3 g7g5 e3e4 a5b4 a2a3 c6d5 c3b4 d5b7 b4c5 f7e6 c1g5 f5e4 f3e4 h5h4 g3h4 d6c5 h2h3 a8b8 b1c3 b7c7 c2d2 c5c4 e1d1 c4d3 a1b1 g8h6 d2d3 c7d8 d3d8 h6g8 d1c2 c8d7 b1b2 b8d8 b2b1 d7e8 g5c1 d8d7 g1e2 h8h4 e2g3 h4e4 c3e4 g8f6 e4c5 e6f7 h3h4 e7e6 c5d7 f6d7 b1b2 f8c5 g3f1 c5a3 c1f4 d7f6 f1d2 a3b2 d2f3 b2a1 h1a1 f6e4 c2b3 f7g7 f3e5 g7f8 a1b1 e4d2 b3b2 d2b1 b2b1 f8e7 b1a2 e7f8 a2a3 f8e7 a3b4 e7f8 b4a5 e8h5 a5a6 h5d1 a6a7 d1a4 e5g4 f8e8
336,W,material_adjudication_moderate,104,1.139734,1680,2026-09-04 06:21:02,e2e3 g7g6 b1a3 g6g5 a3b1 f8g7 g1h3 e7e6 g2g3 b8a6 f1b5 b7b6 f2f4 g7f6 f4g5 f6e7 d1h5 e6e5 b5a6 g8f6 g5f6 c8a6 h3f4 e8f8 f4e6 f7e6 f6e7 d8e7 d2d4 a6b7 e1g1 f8g7 d4e5 h8d8 g1f2 a7a5 f1d1 b7c6 c2c4 d8c8 h5h4 e7h4 g3h4 g7g6 a2a4 a8b8 b1d2 d7d5 e5d6 c7d6 d2b3 d6d5 d1d4 e6e5 d4d5 c6d5 c4d5 b6b5 a4b5 a5a4 c1d2 a4b3 a1b1 c8f8 f2g3 f8f6 e3e4 b8f8 d2e3 f6f7 b5b6 f7b7 g3g4 b7b6 e3b6 f8f6 h4h5 g6f7 h2h4 h7h6 b6a5 f7g8 b1a1 f6a6 d5d6 g8f8 g4f3 a6a5 a1a5 f8e8 f3f2 e8d7 a5d5 d7e6 f2g2 e6d7 g2g3 d7e6 d5d2 e6f6 d2d3 f6e6 g3f2 e6d7
337,W,material_adjudication,66,1.086036,1685,2026-09-04 06:21:29,a2a3 c7c6 d2d3 d8b6 c1g5 d7d6 c2c4 b6c7 f2f3 f7f6 g5c1 c8g4 b2b4 c7a5 e1f2 e7e6 f3g4 a5h5 g1h3 e8d8 d1c2 h5g4 b4b5 d8d7 c4c5 c6b5 f2e3 g8e7 c2a2 b8c6 a2b2 e7d5 e3d2 g7g6 e2e4 f8h6 d2c2 d5b6 c5b6 h6c1 b2c1 g4h5 c2d2 a7a5 h3f4 h5c5 e4e5 d6e5 c1c5 e5f4 d2d1 a8b8 h2h3 f6f5 g2g4 f4f3 b1c3 d7e8 h3h4 e6e5 g4g5 b8c8 c3d5 c6d8 d5f6 e8f7
338,W,value_resign,37,1.001023,1690,2026-09-04 06:22:49,e2e4 b8c6 g2g4 g8h6 a2a4 f7f6 b1c3 b7b6 e4e5 c6b4 c3d5 b4d5 d2d3 h6g4 g1f3 d5f4 c1f4 d7d6 a4a5 e8d7 e5d6 e7d6 f1h3 g7g5 e1e2 f8g7 h3g4 d7e8 g4c8 d8d7 a5b6 g5f4 c8d7 e8f7 d1d2 a7b6 a1b1
339,B,checkmate,10,1.054768,1695,2026-09-04 06:23:15,d2d3 b7b6 g2g4 d7d6 b1d2 e7e5 b2b3 c8g4 f2f3 d8h4
340,B,value_resign,30,1.002715,1700,2026-09-04 06:23:44,e2e3 g7g6 f2f4 e7e5 g1e2 b8c6 e2d4 e5d4 f1d3 g8e7 h2h4 d7d6 e1e2 h7h5 b1a3 c8g4 e2f2 b7b5 a3b5 d6d5 e3e4 a8b8 d1f3 f8g7 b5d4 g4f3 b2b4 c6b4 f2f3 b8b7
341,B,value_resign,36,1.165465,1705,2026-09-04 06:24:14,h2h4 b7b6 b2b3 h7h5 a2a4 a7a5 c1b2 c8b7 b1c3 e7e5 c3d5 b7d5 a1c1 e8e7 c2c3 b6b5 a4b5 d8e8 e2e3 a5a4 d1e2 d5b3 c3c4 a4a3 g2g3 a3b2 h1h3 a8a1 b5b6 b3a2 c1a1 b2a1q e2d1 e5e4 f2f4 c7b6
342,B,material_adjudication,81,1.048923,1710,2026-09-04 06:24:28,e2e3 a7a5 b2b3 a5a4 f2f3 e7e6 e3e4 f8c5 b1a3 f7f5 g2g4 f5g4 g1e2 e8e7 f3f4 b7b6 a3b5 e6e5 c1b2 b8c6 a1b1 g8f6 b3a4 d7d5 d2d3 e5f4 e4d5 c6e5 b2e5 c8d7 e5f6 g7f6 d1c1 c7c6 b5c7 f4f3 c7a8 f3e2 d5c6 e2f1q h1f1 d7c6 c1d2 d8a8 b1b3 h7h6 c2c3 c6a4 f1f4 h8c8 d3d4 a4b3 a2b3 c5a3 e1e2 b6b5 f4g4 e7e8 d2c2 f6f5 g4g3 f5f4 g3f3 a8c6 d4d5 c6d6 f3d3 e8f8 c3c4 f4f3 d3f3 f8e8 c4b5 d6h2 e2e3 h2c2 b5b6 c8b8 b6b7 b8b7 f3f6
343,B,material_adjudication_moderate,119,1.062456,1715,2026-09-04 06:25:34,e2e3 g7g5 g1h3 e7e6 g2g3 g8e7 h3f4 e6e5 h2h3 e5f4 f1e2 h7h5 e3f4 b8c6 f4f5 b7b6 c2c3 d7d6 f5f6 c8d7 b1a3 c6a5 b2b4 d8c8 c3c4 a7a6 b4a5 g5g4 f2f3 e7g8 f3g4 h5g4 a3c2 d7c6 a5b6 c6h1 h3g4 c7b6 c1b2 h1c6 d1c1 e8d7 c2d4 d7e8 d4c6 c8c6 e2f3 c6f3 d2d3 f3g4 c1d2 a8a7 d2e3 e8d7 e3f4 g4f4 g3f4 d7e8 f4f5 g8f6 a1c1 f6d7 c4c5 b6c5 b2h8 d7e5 f5f6 a7b7 h8g7 b7d7 d3d4 c5d4 a2a4 e8d8 g7f8 d6d5 f8b4 e5c4 a4a5 d4d3 b4c3 d8c7 c1b1 c7d8 b1b3 d8c7 e1f1 d3d2 b3b1 d2d1q b1d1 c4e3 f1e1 e3d1 e1d1 c7b7 d1e1 b7b8 e1d2 b8a7 d2e1 d5d4 c3d4 d7d4 e1f1 d4e4 f1f2 e4a4 f2e3 a4a3 e3e4 a3a2 e4d3 a7a8 d3c3 a8a7 c3b3 a2f2 b3c3
344,B,value_resign,86,1.029853,1720,2026-09-04 06:25:35,e2e3 a7a5 c2c4 a8a7 g1e2 c7c5 b1c3 h7h5 d2d4 d7d6 a2a4 c8d7 e1d2 c5d4 e3e4 e7e5 c4c5 b7b6 f2f3 b6c5 a1a2 d8e7 c3d5 a7a8 d5e7 h8h6 g2g3 h6e6 a2a1 f8e7 a1b1 g7g5 e2g1 h5h4 f1b5 g5g4 g3h4 d7c6 b5c6 b8c6 d2d3 g4f3 g1f3 e7f8 d3e2 g8f6 f3d2 c5c4 h1f1 a8b8 b2b3 c4b3 e2f3 b3b2 c1b2 f8h6 b2a3 d6d5 b1b8 e8d7 f3e2 c6b8 d2f3 f6e4 e2d3 e4c3 d1c1 h6c1 a3c1 c3e4 f3g5 e6f6 g5e4 d5e4 d3d2 f6f1 d2e2 f1f5 c1b2 b8a6 b2d4 e5d4 e2e1 a6b4 e1e2 d7e6
345,W,value_resign,41,1.039985,1725,2026-09-04 06:26:11,h2h4 e7e5 b1a3 h7h5 a1b1 d7d5 e2e4 f8d6 b2b4 c8g4 b4b5 a7a6 d2d3 g4d1 f2f3 g7g6 a3c4 d6f8 g2g4 d5d4 c1g5 d8g5 h4g5 h8h7 b5a6 e8e7 f1h3 f8g7 a6b7 d1c2 b7a8q h5g4 e1f1 g4h3 c4a5 b8c6 a5c6 e7d7 b1b4 g7h8 f1e2
346,W,value_resign,67,1.205647,1730,2026-09-04 06:30:30,e2e3 a7a5 d2d3 g8h6 f2f4 f7f6 e3e4 b8a6 b2b3 a8b8 e1d2 b7b5 d3d4 f6f5 g1e2 d7d6 h1g1 b5b4 d4d5 h8g8 a2a3 f5e4 c2c4 a6c5 f4f5 g8h8 h2h3 b8b7 a3a4 e4e3 d2e3 c5a4 f5f6 g7g6 a1a4 c8d7 e3e4 h6f5 g2g3 e7f6 a4a5 c7c5 d5c6 d8c7 c6b7 c7a5 c1d2 f8g7 d2c1 e8e7 b7b8q h8b8 b1d2 f5e3 e4e3 d7c6 g3g4 d6d5 c4d5 c6d5 f1g2 a5a4 b3a4 b8c8 g4g5 f6g5 d1f1
347,B,checkmate,76,1.024835,1735,2026-09-04 06:30:44,e2e4 b8a6 g2g4 a8b8 d2d4 g8f6 f1e2 g7g5 b2b3 f8g7 b3b4 g7h6 b4b5 d7d6 b5a6 h6g7 h2h4 g5h4 e1f1 h7h5 a2a3 h5g4 c1g5 b7a6 g5h4 f6e4 e2d3 e4f2 f1f2 g7d4 f2f1 c7c5 c2c3 d4g1 h1g1 f7f6 c3c4 h8h4 g1h1 h4h1 f1g2 h1h4 g2g3 d6d5 d1c1 e8f8 g3h4 g4g3 c4d5 g3g2 c1c5 g2g1q c5g1 b8b6 g1g2 f6f5 b1c3 c8d7 a3a4 d8e8 d3b1 f5f4 b1e4 f4f3 g2f3 f8g7 f3f4 b6b3 f4f2 b3c3 a4a5 e8f8 f2g2 g7h8 a1c1 f8h6
348,W,value_resign,85,1.017455,1740,2026-09-04 06:31:39,h2h4 b8c6 b1a3 b7b5 c2c3 f7f6 a3b5 g8h6 f2f4 c8b7 e1f2 e8f7 b2b3 f7g6 d1c2 f6f5 f2f3 a7a5 e2e3 c6b8 f3e2 c7c5 g2g3 b7h1 g1f3 d8e8 f1h3 h6f7 c1b2 h8g8 c2d3 h1f3 e2f3 c5c4 d3c4 d7d5 c4c5 b8a6 c5b6 e7e6 b6a5 a6c5 a5c7 c5e4 h3g2 e8b5 c3c4 d5c4 b3c4 b5b2 a1b1 b2c2 g3g4 e6e5 f3e2 e4g5 g2a8 f7h8 h4g5 c2b1 g4f5 g6f5 c7e5 f5g4 e5d5 b1a2 d5g8 a2a8 g8h8 a8g2 e2e1 g2e4 h8f8 g4h5 f8g7 e4c4 g7h7 h5g4 d2d3 c4f7 h7f7 g4g3 f7h7 g3g2 h7h8
349,B,value_resign,57,1.138675,1745,2026-09-04 06:33:26,e2e3 a7a5 b2b3 e7e6 a2a4 e6e5 g2g3 b7b6 f2f3 e5e4 b1c3 d7d6 c3d5 c8b7 c2c4 b8d7 c1b2 g8f6 f1g2 e4f3 d5f6 g7f6 g2f3 d6d5 f3g2 f8g7 d2d3 d5c4 g2b7 c4b3 g3g4 h7h5 d1e2 h5g4 b7a8 d8a8 a1d1 a8h1 d1d2 h1h2 b2d4 h2e2 g1e2 c7c6 d4b6 d7b6 e3e4 c6c5 d2c2 b3c2 e2c3 h8f8 c3b5 b6a4 b5d6 e8e7 e1f1
350,W,value_resign,38,0.992240,1750,2026-09-04 06:33:54,h2h4 b7b6 b2b3 c7c6 c2c3 c8a6 g2g3 e7e6 h4h5 g8e7 d2d3 c6c5 c1d2 d7d6 f1g2 a6c4 d2f4 g7g6 d3c4 a7a6 g1f3 b8c6 e1f1 a8c8 h1h4 d8c7 h5h6 c7b8 b1d2 c6a7 d1b1 d6d5 f4b8 e8d7 g3g4 h8g8 g2h3 f8g7
351,W,value_resign,53,1.043822,1755,2026-09-04 06:34:53,e2e3 a7a5 f1b5 h7h5 g2g3 g7g5 d1h5 c7c6 h5f3 f7f5 h2h4 c6b5 f3d5 a5a4 h4g5 a4a3 h1h8 a8a7 e3e4 a3b2 c1b2 f5e4 g3g4 g8f6 b1c3 f6d5 c3d5 e8f7 f2f3 f8g7 h8d8 g7b2 d8c8 b2a1 c8c5 d7d6 c5b5 f7e6 d5b4 a7a2 b5b7 d6d5 b4a2 a1h8 b7b8 e6f7 c2c4 d5c4 d2d4 e4d3 e1d1 e7e5 a2c3
352,W,material_adjudication,70,1.105106,1760,2026-09-04 06:35:48,e2e3 a7a5 f1b5 h7h5 g2g3 c7c6 d2d4 c6b5 f2f3 d8b6 b1a3 h5h4 a3b5 b6c5 d4c5 h4h3 b2b3 a5a4 c1b2 g7g5 e3e4 a4b3 d1e2 b3a2 b2d4 f7f5 b5a7 a8a7 d4h8 b8c6 e4f5 c6b8 c2c3 a7a6 g1h3 f8h6 c5c6 g5g4 f3f4 g4h3 h1g1 b8c6 c3c4 c6b8 h8c3 h6f4 g3f4 d7d6 g1f1 c8f5 a1c1 a2a1q c1a1 a6a1 c3a1 d6d5 c4d5 g8f6 a1c3 f6d5 c3g7 e8f7 e2b2 d5f4 f1f4 f7g8 f4f5 e7e6 f5h5 b7b6
353,W,value_resign,63,1.012242,1765,2026-09-04 06:35:49,b2b3 b7b6 e2e4 a7a5 d2d3 d7d6 a2a3 c8h3 g2h3 a8a6 e1e2 c7c5 b1c3 h7h5 f1g2 b8d7 g2f3 h5h4 c1b2 d7b8 d1c1 g8f6 a3a4 f6g8 a1b1 f7f5 b1a1 f5e4 d3e4 b8c6 e2d1 c6d4 f3g2 d4b3 c2b3 d6d5 c3d5 d8b8 e4e5 a6a8 c1b1 e7e6 b1g6 e8d8 d5f6 g8e7 g6b1 g7f6 e5f6 e7f5 g1f3 b6b5 a4b5 f8d6 b2a3 b8b7 b1b2 b7f3 g2f3 a8b8 a1b1 h8g8 b1a1
354,W,value_resign,20,1.155146,1770,2026-09-04 06:36:28,h2h4 h7h5 e2e4 e7e5 a2a4 d7d6 b2b3 c8g4 a1a2 d8e7 d2d3 b8c6 c1g5 g4f5 b1a3 e8d7 g5e7 a8d8 e4f5 c6b4
355,B,material_adjudication,79,1.185922,1775,2026-09-04 06:39:02,g1f3 d7d6 c2c4 a7a5 a2a3 a8a7 f3g1 c7c6 d2d4 c8d7 f2f3 g8f6 d4d5 f6d5 c4d5 d8b6 c1e3 a7a6 e1f2 h8g8 d1d2 a5a4 h2h4 f7f5 e3b6 c6d5 a1a2 h7h6 b2b4 a4b3 a2a1 g7g6 d2d4 f8g7 b6c7 g7d4 f2e1 d4a1 h4h5 a6a4 c7b8 g6h5 b8c7 a1f6 e1f2 h5h4 g1h3 a4c4 a3a4 f5f4 h3f4 g8h8 f2g1 c4c7 h1h4 h8f8 h4h5 e8d8 g1h1 c7c4 b1d2 e7e6 d2b3 d8e8 f4g6 d7a4 f3f4 a4b3 e2e3 f8g8 h5f5 f6d4 e3d4 e6f5 f1d3 c4d4 d3c4 e8f7 c4d5
356,B,material_adjudication,66,1.038639,1780,2026-09-04 06:39:30,h2h4 e7e5 h4h5 d7d6 d2d4 a7a6 c2c4 c8f5 e2e4 g7g5 e4f5 h7h6 g2g4 e5e4 d1b3 d8d7 f1g2 f8g7 f2f3 e4f3 g1f3 c7c5 b3c3 c5d4 c3a5 b8c6 a5a4 b7b5 f3e5 g7e5 c4b5 c6e7 f5f6 g8f6 b1d2 a6b5 a4d1 e8g8 a2a3 e7d5 b2b4 a8d8 g2d5 f6d5 h1h3 d8b8 h3e3 d4e3 c1b2 b8b7 b2e5 b7b8 e5d6 b8a8 d6f8 e3d2 d1d2 g8f8 d2d5 d7d5 a1d1 d5e5 e1f1 a8d8 f1f2 e5d6
357,W,value_resign,59,1.059751,1785,2026-09-04 06:39:44,g1f3 b7b5 a2a4 f7f6 b2b4 a7a5 f3g5 b5a4 f2f4 d7d5 b4b5 b8a6 b5a6 a8a6 a1a4 a6c6 c1b2 c8g4 a4a1 g4e6 h2h3 c6b6 g2g4 b6b2 g5e6 d8b8 f1g2 a5a4 d1c1 c7c5 b1c3 h7h5 e1f2 b2b3 g2d5 h5h4 a1b1 b3c3 d2c3 b8e5 h1d1 e5d5 d1d5 e8f7 b1b6 a4a3 d5d1 a3a2 c1e3 a2a1q d1a1 g7g5 e3c1 h8h5 f2g1 f8h6 c1b1 g5f4 b6b7
358,B,material_adjudication_moderate,76,1.105120,1790,2026-09-04 06:40:38,e2e3 g7g6 f2f4 b8a6 b1a3 g6g5 e1e2 b7b5 d2d3 e7e6 f4g5 b5b4 b2b3 c8b7 c2c3 b4a3 g1f3 a6c5 f3d4 c5d3 d4c6 d7c6 c1d2 g8e7 d2e1 a7a5 d1d3 c6c5 d3d8 a8d8 c3c4 f7f5 g5f6 e7d5 c4d5 b7d5 h2h3 h7h6 a1c1 f8d6 e1a5 e8g8 a5c7 d6c7 f6f7 g8f7 g2g3 d5h1 f1g2 h1g2 c1c5 f7g8 c5c7 d8d5 e3e4 d5e5 h3h4 f8f5 g3g4 f5f6 g4g5 f6f8 g5h6 f8e8 h4h5 e8d8 e2f2 g2e4 h6h7 g8h8 f2e1 e4c6 e1f1 c6d5 h5h6 d5c6
359,W,material_adjudication,72,1.116488,1795,2026-09-04 06:42:00,h2h4 b7b6 c2c3 e7e6 b2b3 h7h5 b1a3 f8a3 c1a3 a7a6 a1b1 e6e5 e2e4 c7c5 d1c1 c5c4 g2g4 d7d6 f1e2 c4b3 g4g5 b8d7 a3d6 h8h7 b1b3 d7f6 c1b2 c8b7 d6b8 e8e7 d2d3 d8b8 b2d2 f6g4 b3b6 g4f2 b6b7 b8b7 e1f2 b7c8 f2f1 e7d6 g1h3 a8a7 h3f2 c8c6 d3d4 e5d4 c3c4 c6c8 d2a5 a7a8 h1h3 g7g6 h3f3 d6e7 a5d5 c8d8 d5e5 e7f8 f3b3 d8d7 e5f4 a8b8 b3b8 d7c8 b8c8 f8e7 e4e5 f7f5 e2f3 d4d3
360,W,material_adjudication_moderate,108,1.085070,1800,2026-09-04 06:42:14,d2d3 a7a6 e2e4 b7b6 a2a3 d7d6 c1h6 e7e5 b2b3 c8e6 h6g7 f8g7 d1h5 e6d7 a3a4 e8e7 e1d2 g7f6 d2c3 d8f8 h2h4 f8d8 a1a3 d8f8 a3a2 d7a4 b1d2 f6g5 a2a4 g5d2 c3d2 g8f6 h5f3 h7h5 d2e1 b8c6 c2c3 f6g4 f3f5 h8g8 f5h5 g4f6 h5e2 g8h8 a4a1 f6g8 h4h5 c6b8 d3d4 f7f6 d4d5 c7c5 d5c6 g8h6 f2f3 b6b5 c3c4 b8c6 c4b5 a6b5 a1a8 f8a8 e2e3 b5b4 e1d1 h8d8 e3c1 a8c8 f1d3 c6d4 g1e2 c8b7 c1c4 b7b8 e2g3 b8a7 c4b4 d8a8 b4c4 d4e6 g3f5 e7f8 f5h6 a7c7 c4c7 e6c7 h6g4 a8a1 d1e2 a1h1 h5h6 h1h6 g4h6 f8g7 h6f5 g7f8 f3f4 e5f4 b3b4 f4f3 e2f3 d6d5 g2g3 d5e4 f3e4 c7b5 d3b5 f8f7
361,B,material_adjudication_moderate,79,0.988681,1805,2026-09-04 06:42:16,d2d3 h7h6 b2b3 c7c5 c1d2 e7e5 a2a3 f7f6 g2g3 g8e7 d2h6 b7b6 h6g7 f8g7 e2e4 c5c4 b1d2 g7h6 d1b1 h6d2 e1d2 b8c6 d2c1 c8b7 a1a2 e8f8 g3g4 c4b3 c2b3 e7f5 g4f5 h8h5 h2h4 d8e7 d3d4 e5d4 a2d2 e7e4 f1a6 e4b1 c1b1 b7a6 d2b2 f8e8 h1h2 a6b7 h2h3 c6b4 a3b4 d4d3 b1c1 a8c8 b2c2 d3c2 h3h2 b7e4 c1b2 c8c5 b4c5 b6c5 f2f3 e4f5 h2c2 f5c2 b2c2 a7a5 g1e2 e8d8 e2f4 h5h4 f4g6 h4h2 c2d3 d8c7 d3e3 h2g2 g6f4 a5a4 b3a4
362,W,material_adjudication,82,0.996079,1810,2026-09-04 06:42:29,f2f4 a7a5 c2c4 b7b5 c4c5 f7f6 e2e4 g8h6 h2h3 d7d5 b2b3 e8d7 c1b2 b5b4 a2a3 c8b7 g2g3 d5e4 f1g2 a5a4 h1h2 b4a3 b1a3 a4b3 g2f1 h6f5 d1b3 b7c6 f1b5 g7g6 e1e2 c6b5 a3b5 a8a1 b2a1 b8a6 a1d4 e7e6 b3b2 a6b4 b2b4 c7c6 b5a7 e6e5 d4e3 e5f4 e3f4 f8e7 b4c4 d8a8 g3g4 a8a7 g4f5 a7a8 e2f1 a8d8 h2e2 g6g5 f4e3 h7h6 e3d4 e7c5 d4c5 h6h5 e2e1 g5g4 f1e2 d8c7 e1a1 c7b7 c4f7 d7d8 f7g6 h8g8 g6h6 g8h8 h6h8 d8d7 h8h7 d7e8 h3g4 h5g4
363,W,value_resign,47,1.030724,1815,2026-09-04 06:46:16,h2h4 h7h6 g1h3 e7e6 c2c4 f7f6 f2f4 b7b5 e1f2 b5c4 h1g1 c7c6 g2g4 e6e5 f2g2 e8e7 f4e5 f6e5 d1c2 d8c7 g4g5 g8f6 b2b4 a7a5 d2d4 f6g8 b1a3 h6g5 h4g5 e5d4 a3c4 d7d5 c4b6 h8h3 b6a8 d4d3 a8c7 d3c2 b4a5 b8a6 c7a6 c8a6 g2h3 a6b7 g1g3 d5d4 e2e4
364,B,value_resign,30,1.145783,1820,2026-09-04 06:46:17,b1a3 a7a5 f2f3 b7b5 e2e4 h7h5 d2d3 b5b4 a3c4 d7d5 c4a5 c8e6 c1g5 d5e4 f3e4 a8a5 a2a3 f7f6 e1f2 h8h7 d1f3 c7c5 g2g4 h5g4 f1e2 g4f3 g5c1 e8d7 a1a2 e6h3
365,B,value_resign,40,1.024027,1825,2026-09-04 06:47:51,b1a3 a7a5 g1h3 b8c6 d2d3 c6e5 h3g1 f7f6 b2b4 a5b4 a1b1 a8a7 b1b4 d7d6 f2f3 c7c6 h2h4 e5d3 e2d3 a7a3 h4h5 e7e6 h1h3 c6c5 c2c3 a3a8 b4e4 d8c7 g2g4 g7g5 e1d2 b7b5 f3f4 a8a2 d1c2 a2c2 d2c2 b5b4 c1b2 c7c6
366,W,material_adjudication,66,1.034327,1830,2026-09-04 06:48:33,b1a3 h7h5 a1b1 d7d5 c2c4 g7g6 h2h3 e8d7 g2g4 h5g4 a3c2 b8a6 a2a4 g4g3 f2g3 f7f5 d2d4 a8b8 c4d5 g6g5 g1f3 a6b4 f3g5 f5f4 g3f4 h8h6 f1g2 f8g7 g5e6 h6e6 d5e6 d7d6 c1d2 b4c2 d1c2 a7a5 g2f3 c8d7 h1f1 d8e8 c2c3 g7h6 f3g4 g8f6 e1d1 h6f4 d2f4 d6d5 d1c1 c7c6 e6d7 e8d7 g4f5 e7e6 e2e3 e6f5 f4b8 d7h7 b2b3 d5e4 c1d1 f6e8 b8d6 h7h6 d6e7 b7b6
367,B,value_resign,30,1.166620,1835,2026-09-04 06:48:33,e2e3 g7g5 f1c4 g8h6 h2h3 c7c5 d1f3 g5g4 h3g4 f7f5 e3e4 f5e4 f3g3 d7d5 g4g5 d5c4 d2d4 e4d3 g5h6 b8a6 a2a4 d3c2 f2f3 c8d7 b2b4 a6b4 b1c3 d8b6 c1a3 d7b5
368,W,material_adjudication,80,1.154033,1840,2026-09-04 06:48:47,h2h4 e7e5 c2c4 b7b6 a2a4 f8a3 a1a2 d8g5 a4a5 g5h5 a5b6 a7b6 c4c5 g7g6 c5b6 c7b6 a2a3 c8a6 b2b3 g8e7 b1c3 b8c6 c3a4 a6d3 f2f3 c6d4 b3b4 e8g8 e2d3 h7h6 f3f4 e5e4 a4b6 a8a3 c1a3 d4b5 g2g4 h5g4 d1g4 f7f5 h4h5 f5g4 f1g2 d7d5 b6c4 d5c4 d3e4 b5a3 h5g6 e7g6 f4f5 g6f4 g2f1 f4d3 f1d3 c4d3 h1h6 f8f6 h6f6 g4g3 b4b5 g8g7 f6g6 g7f7 b5b6 g3g2 e4e5 f7f8 e1f2 f8f7 b6b7 f7e8 g1e2 e8e7 b7b8q d3e2 b8a8 e7f7 a8a7 f7e8
369,B,checkmate,68,1.046973,1845,2026-09-04 06:49:26,g1f3 b7b5 a2a4 b8a6 a4b5 c7c5 b1a3 a8b8 d2d3 b8b5 f3d2 f7f6 c2c4 g7g6 c4b5 f8g7 f2f3 a6c7 a1b1 h7h5 a3c4 e8f8 e1f2 d7d6 h2h3 d6d5 b2b3 g6g5 c4b2 c7a6 d3d4 a6b4 b1a1 a7a6 b5b6 c5d4 b2c4 d5c4 d2c4 c8b7 c1d2 d8b6 c4b6 g5g4 a1a4 b7d5 a4a6 b4c2 d1c2 d5e4 b3b4 e4c2 f3g4 h5g4 h3g4 f6f5 g4g5 h8h1 b6c4 g7f6 g5f6 g8f6 f2f3 f8e8 a6a5 f6e4 c4a3 h1f1
370,W,material_adjudication,94,1.065810,1850,2026-09-04 06:52:07,h2h4 h7h5 e2e4 e7e5 b2b4 f8c5 a2a4 b7b5 d2d3 d8e7 f2f3 c5b6 b1d2 e7f8 c2c3 e8e7 c1b2 c8a6 a4a5 b6g1 d2b3 g1h2 b3c5 d7d5 a1b1 b8c6 b1a1 c6b4 c3b4 g7g5 h4g5 d5d4 d1c2 h2g3 e1e2 c7c6 c5a6 f8c8 a6c5 h5h4 g5g6 c8d7 c5d7 e7d7 c2c3 d4c3 b2c3 f7g6 h1g1 d7e6 e2e3 h8h7 a1a3 g6g5 a5a6 h7g7 f1e2 g5g4 f3g4 g3e1 g1e1 c6c5 b4c5 b5b4 c3b4 a8b8 e1f1 b8b4 a3a1 b4d4 f1f3 g7h7 a1a3 h7c7 a3b3 c7c5 b3b1 c5c6 b1b5 c6c8 g4g5 c8b8 b5b7 b8b7 a6b7 a7a6 f3h3 a6a5 b7b8q a5a4 b8a8 a4a3 a8a7 a3a2
371,W,material_adjudication,72,1.052432,1855,2026-09-04 06:52:36,h2h4 e7e5 h4h5 b7b6 b2b3 g7g5 a2a4 d7d6 a1a3 b8d7 c1b2 e8e7 g1h3 d7c5 h3g5 c8g4 g5f7 e7f7 b3b4 d8f6 d2d3 f8e7 c2c4 c5b3 f2f4 f7f8 a3b3 c7c6 a4a5 a8c8 b4b5 e5f4 b1a3 f6b2 b3b2 g8f6 a3c2 c6b5 a5b6 a7b6 c4b5 f6h5 h1h5 g4h5 b2b1 e7g5 g2g4 f4g3 f1g2 f8e7 g2c6 c8c6 b5c6 h5g4 c2d4 g3g2 e1f2 h7h5 d1e1 g4h3 f2g1 d6d5 b1b3 h8h6 b3b4 h6c6 d4c6 e7d6 c6d4 b6b5 g1f2 h3g4
372,B,material_adjudication_moderate,88,1.010164,1860,2026-09-04 06:54:40,a2a3 c7c6 a3a4 f7f6 b2b4 h7h5 d2d4 d7d5 c2c3 e8d7 f2f3 d7e6 g1h3 a7a5 e1f2 b7b5 b4a5 c6c5 f2g1 e6d6 d1d2 g7g6 a4b5 d6d7 a1a2 a8a5 a2a5 d8a5 d2c2 c5d4 h3f4 e7e5 f4d5 a5d8 h2h3 g6g5 b5b6 c8b7 c1d2 f8g7 f3f4 d4d3 c2b2 b7d5 c3c4 d5c4 f4e5 f6e5 e2d3 c4b5 g2g3 h5h4 b1c3 b5c6 g3h4 c6h1 g1h1 h8h4 c3e2 g5g4 d2g5 d8g5 b2a2 g5e7 a2c4 b8a6 e2d4 e5d4 c4a2 g8f6 a2f2 d7e6 f2h4 e7c5 b6b7 a6b8 h3g4 f6d5 f1h3 d5c3 g4g5 e6d6 h4g4 d6c6 g4f3 c6b5 h3g4 b5b4
373,B,value_resign,56,1.078405,1865,2026-09-04 06:54:40,b1a3 a7a5 f2f3 c7c6 e2e4 f7f6 b2b3 c6c5 g2g3 g8h6 g1e2 h6g8 e4e5 h7h5 f1h3 f6f5 h1g1 a5a4 e5e6 f5f4 g3f4 g8h6 g1g4 d7e6 f4f5 g7g5 f5f6 e8f7 h3f1 b7b6 g4d4 c5d4 a3b5 e7f6 b5d4 f8c5 d4e6 c8e6 d2d4 c5d4 d1d4 d8d4 c1a3 d4a1 e1d2 a1f1 a3b2 h6g4 f3g4 h8d8 b2d4 f7f8 g4h5 e6c8 h5h6 a8a7
374,B,value_resign,56,1.023865,1870,2026-09-04 06:54:54,b1a3 h7h6 g2g4 c7c5 h2h3 c5c4 e2e3 b8a6 c2c3 a8b8 g1e2 a6c7 a1b1 d7d5 e2d4 f7f6 d4f3 b7b5 a3b5 c8d7 b5d6 e7d6 h1g1 g8e7 d2d3 g7g5 f1g2 a7a5 d3c4 d5c4 a2a4 d6d5 c1d2 f8g7 d1c2 b8b7 h3h4 e8g8 g2h3 d8e8 h4g5 h6g5 b1c1 b7a7 e3e4 d5e4 c2e4 d7a4 e4c4 e7d5 c4e4 e8e4 e1f1 c7a8 f1g2 g7h8
375,W,checkmate,65,1.032875,1875,2026-09-04 06:55:08,e2e3 a7a5 g2g3 a5a4 b2b3 g8f6 f2f3 a4b3 f1e2 c7c5 c2b3 d7d6 a2a4 d8b6 d2d3 f6e4 f3e4 f7f5 b1a3 f5f4 e1d2 f4e3 d2e3 b8d7 d1d2 b6a7 g1f3 e8f7 e4e5 d6e5 h1f1 b7b6 a3c4 h7h6 f3e5 f7e8 e5g6 a7c7 c1b2 d7f6 d3d4 c8f5 d2c1 f5g6 c4b6 c7b6 d4c5 b6b3 e3d4 g6c2 f1f4 f6d5 e2b5 e8d8 a1a3 e7e5 d4e5 a8b8 a3b3 c2b3 f4d4 f8c5 c1c5 b8c8 c5d6
376,W,value_resign,91,1.110523,1880,2026-09-04 06:56:11,b1a3 h7h6 g1f3 g7g5 g2g4 c7c6 d2d4 f7f6 e1d2 f8g7 b2b4 e7e6 e2e3 d7d5 f3e1 e8f7 h2h3 d8e8 d2e2 b8d7 e1f3 e6e5 h1g1 h6h5 a3b1 d7b6 g4h5 g8e7 d4e5 h8h6 b1d2 f6e5 g1g5 c8f5 a1b1 g7f6 g5g4 h6h5 h3h4 e8f8 f1h3 a8d8 a2a4 b6a4 c2c4 f5b1 d2b1 a7a6 d1a4 b7b5 c4b5 a6b5 a4a7 h5h8 a7c5 e5e4 f3g5 f7e8 g5e6 f8f7 g4g1 f7e6 h3e6 f6d4 g1g4 d4c5 b4c5 d8a8 b1d2 b5b4 e2f1 b4b3 g4g5 h8h4 d2b3 h4h5 g5h5 e8f8 c1d2 a8b8 d2a5 b8a8 f2f4 e4f3 f1f2 a8a5 b3a5 e7g6 f2f3 g6f4 f3f4
377,B,value_resign,44,1.132860,1885,2026-09-04 06:58:22,f2f4 a7a6 e2e4 g8f6 d2d3 e7e5 f4e5 f6e4 b1d2 g7g5 d1e2 e4d2 a1b1 d2e4 c1f4 c7c6 d3e4 g5f4 b2b3 f8c5 b3b4 c5g1 b4b5 g1e3 b5c6 b8c6 e5e6 e8f8 b1b3 f7f6 g2g4 h7h5 e2d3 d7d6 g4h5 c8e6 b3b1 d8c8 e1e2 c8b8 c2c3 f8g8 b1b2 a8a7
378,W,value_resign,65,1.074907,1890,2026-09-04 07:00:55,h2h4 e7e5 b1a3 g7g5 d2d3 h7h6 c1g5 c7c6 g5d8 e8d8 h4h5 d7d5 d1b1 g8f6 b2b3 e5e4 e1d2 b8d7 g1h3 f8c5 f2f3 c5a3 c2c3 c6c5 d3e4 h8g8 e4d5 g8g7 g2g4 c5c4 b3c4 g7g5 f1g2 g5g4 f3g4 d8e8 h1f1 a3e7 a2a4 f6g4 d2d3 f7f6 d3c2 g4e3 c2d3 e3g2 b1b2 e7c5 d5d6 e8f8 b2c2 a7a5 e2e3 d7b8 f1f3 c5d4 c3d4 c8e6 f3f4 g2e3 d3e3 f8f7 c2c1 e6f5 c1c2
379,B,value_resign,56,1.014790,1895,2026-09-04 07:02:07,e2e3 a7a5 d1h5 a5a4 e1d1 c7c6 c2c4 d8c7 d2d3 g7g6 h5h4 d7d6 b1d2 c8e6 f2f3 e6c8 g1h3 f8g7 h1g1 e8f8 c4c5 c7d7 h3f4 d6c5 f4h3 b8a6 h4e4 h7h6 f1e2 f7f6 b2b3 a6c7 e4g6 h6h5 d2e4 a4b3 e4c5 d7d8 a2b3 a8a1 d3d4 b7b5 c5d3 f6f5 h3g5 g8h6 g5f7 h6f7 d1e1 f8g8 e1f1 h5h4 d3e5 f7d6 g1h1 c8e6
380,W,material_adjudication,90,1.100572,1900,2026-09-04 07:02:22,b1a3 a7a5 b2b3 c7c6 e2e3 f7f6 g2g3 g8h6 f1e2 b7b5 a3c4 b5c4 g1h3 d7d6 a2a4 c8h3 d2d4 d8c7 b3c4 b8a6 e1d2 a6b4 h1g1 e8c8 c2c3 g7g5 f2f4 d6d5 c3b4 g5f4 b4a5 h6f5 e3f4 h7h5 c4d5 f5d4 d5c6 e7e5 f4e5 f6e5 d2c3 c7c6 c3d2 f8e7 c1a3 c6c7 a3e7 c7e7 d2d3 h8e8 a1b1 d4e2 d3e2 h3d7 d1c2 d7c6 g1c1 e7d6 c1d1 d6e6 b1a1 e8g8 e2e1 e6f6 c2b2 c6d7 d1b1 c8c7 a5a6 g8f8 g3g4 h5g4 a4a5 f8h8 b1c1 c7d6 a6a7 h8h2 a5a6 f6g7 b2h2 d8c8 c1c8 d7c8 a7a8q c8b7 a6b7 g7b7 a8b7 g4g3
381,B,checkmate,62,1.085827,1905,2026-09-04 07:02:52,a2a3 a7a6 a3a4 f7f6 a4a5 e7e5 c2c4 b8c6 f2f3 g8e7 e2e3 g7g5 b2b3 d7d5 c4d5 g5g4 f1e2 d8d5 b1a3 d5d6 c1b2 f8h6 h2h3 f6f5 f3g4 f5g4 h3h4 b7b5 a3c2 b5b4 c2b4 h8f8 b4c6 e7c6 g2g3 c6e7 e3e4 c7c6 d2d3 a8b8 a1a3 h6e3 a3a1 c8e6 e2g4 e6g4 d1g4 e3g1 h1g1 h7h6 g4h5 e8d7 g3g4 b8b3 h5h6 d6h6 g4g5 h6d6 g1f1 b3d3 b2e5 d3e3
382,B,checkmate,70,1.043956,1910,2026-09-04 07:03:47,g2g4 c7c5 b2b3 g8h6 d2d3 b8c6 b1d2 a7a5 e2e3 c6d4 e3e4 g7g5 a2a3 h6g4 f2f3 d4c6 f3f4 e7e5 f4g5 d8e7 d1g4 f7f6 g5f6 e7f7 c2c4 d7d6 g4e2 a8b8 g1f3 f7g8 e1d1 c8g4 h2h3 g4f3 e2f3 h7h5 f1e2 b8a8 h1h2 c6d4 a1b1 d4f3 e2f3 g8f7 f3g2 f8h6 g2f1 a8d8 b3b4 a5b4 a3b4 c5b4 d3d4 e8f8 c4c5 d6c5 d4c5 b4b3 f1b5 h6f4 h2g2 h8h6 g2g4 h5g4 h3g4 h6f6 g4g5 f7h5 d1e1 f4g3
383,W,value_resign,39,1.108126,1915,2026-09-04 07:05:10,e2e3 a7a5 f2f3 a5a4 b2b3 f7f6 e1e2 e7e6 g2g3 b7b6 b1c3 e6e5 e3e4 g8e7 c3a4 c8a6 e2e3 a6f1 d1e2 f1h3 e3f2 b8a6 a4b6 c7b6 g1h3 d8c7 e2a6 b6b5 a6a8 e8f7 a2a4 c7c8 a8a5 c8a6 a5a6 d7d5 a4a5 h8g8 h3f4
384,W,material_adjudication,76,1.020591,1920,2026-09-04 07:05:53,h2h4 b7b6 b2b3 h7h5 a2a4 b8a6 a1a3 c7c5 b1c3 a6c7 c3d5 a8b8 d2d4 h8h6 c1e3 h6e6 d5c7 d8c7 g2g4 c5d4 e3d4 f7f6 d1a1 g7g5 c2c4 g8h6 h4g5 h6g4 h1h5 f6g5 f1g2 c7d6 e1f1 d6d4 a1d4 f8g7 d4d2 c8b7 a4a5 b8c8 a3a4 d7d6 a5b6 a7b6 g2b7 c8b8 d2c3 g7c3 b7g2 g4f6 h5g5 b8c8 a4a7 c8c7 a7c7 f6e4 g2e4 d6d5 g1f3 d5e4 f1g1 c3a5 f3h2 e6f6 g1h1 e8f8 f2f4 e4f3 e2f3 f6f5 g5f5 f8e8 f5g5 a5b4 f3f4 e8f8
385,B,value_resign,48,1.113155,1925,2026-09-04 07:06:07,g2g4 h7h5 h2h3 a7a6 b2b3 e7e5 g4h5 f8c5 h1h2 d7d6 c1b2 c5d4 d2d3 b8c6 d1c1 a8a7 h2g2 a6a5 e2e4 h8h5 g1e2 g8e7 c1g5 h5g5 b2c3 e7f5 g2g5 f7f6 g5h5 c8e6 c3d4 e5d4 a2a3 g7g6 e4f5 g6h5 e1d2 e6d5 b1c3 d4c3 d2c3 e8f7 h3h4 d8c8 a1b1 a7a8 b1c1 a8a7
386,W,material_adjudication,72,1.165432,1930,2026-09-04 07:08:40,h2h4 e7e6 d2d4 f7f6 g2g4 g7g5 d4d5 e6d5 d1d4 f8a3 f1g2 d8e7 b2a3 h7h6 c1d2 c7c6 d4b2 e7f7 f2f4 g5f4 e1f1 f7g7 g4g5 h6g5 h4g5 h8h1 g2h1 e8f7 c2c4 g8e7 c4d5 e7d5 e2e4 d5e3 d2e3 f4e3 g5f6 g7f6 b2f6 f7f6 g1e2 f6g7 h1f3 d7d5 e4d5 c6d5 b1c3 a7a6 a1b1 d5d4 b1b3 d4c3 b3c3 c8e6 f3b7 a8a7 b7f3 a7e7 c3e3 e6a2 e3e7 g7f6 e7h7 f6g6 h7h8 g6g7 h8b8 g7g6 f1g1 a6a5 f3g4 g6g5
387,W,checkmate,31,1.019570,1935,2026-09-04 07:10:07,h2h4 h7h5 e2e4 e7e5 b2b3 b7b6 d1e2 d8e7 e1d1 f7f6 d2d4 c8b7 b1a3 e5d4 h1h3 a7a5 c2c4 g7g6 h3h1 e8d8 e4e5 a8a6 e2d2 d8c8 d2e2 e7e6 c1b2 e6e5 e2e5 f8h6 e5e8
388,W,material_adjudication_moderate,112,1.089729,1940,2026-09-04 07:12:08,d2d3 a7a6 e2e4 f7f6 b2b3 g7g6 g2g3 b7b5 a2a4 f8g7 a4b5 e8f7 d1f3 d7d5 c1g5 b8d7 e1e2 f7e8 b1c3 c8b7 f1g2 a6b5 g5c1 d5e4 f3e4 d7b8 e4b7 b8a6 f2f4 a8b8 b7d5 d8d5 g2d5 a6c5 c3b5 c7c6 c2c4 c6d5 g1f3 e7e5 c1e3 e5f4 e3f4 c5d3 e2d3 d5c4 d3c4 b8c8 c4d3 c8b8 f4d2 b8b5 f3d4 b5b8 d3e2 f6f5 d2e3 g7d4 e3d4 g8e7 d4h8 f5f4 g3g4 g6g5 h8e5 e7c6 e5b2 b8b4 e2d3 c6d8 b2g7 d8e6 h2h4 e8f7 h1g1 f7g7 h4g5 g7h8 g1g2 f4f3 g2f2 b4b3 d3c2 b3b8 a1a4 e6g5 f2f1 b8b6 a4a7 b6d6 c2c3 d6d8 a7c7 d8e8 c7c5 e8c8 c5c8 h8g7 f1d1 f3f2 d1f1 h7h6 c3b2 g7g6 b2a3 g6h7 f1f2 h6h5 f2f4 h5g4 a3a2 g5e6
389,B,value_resign,60,1.071998,1945,2026-09-04 07:12:38,e2e3 g7g5 c2c4 d7d5 f2f4 e8d7 g2g3 h7h6 d1c2 a7a5 h2h3 g5f4 g3f4 c7c5 a2a4 f7f5 f1e2 d8e8 e2f3 h6h5 f3h5 h8h5 g1f3 d5d4 b1c3 b8a6 f3e5 d7d8 h3h4 d4c3 d2c3 a6b4 c3b4 a5b4 a1b1 c8e6 c2d1 e6d7 d1h5 e8h5 e5d7 d8d7 h1h2 h5h6 h2h3 h6b6 a4a5 a8a5 b1a1 a5a1 e1f1 g8h6 f1e2 h6f7 e3e4 f7d6 e4e5 d6c4 b2b3 a1a2
390,B,material_adjudication,87,1.014956,1950,2026-09-04 07:12:53,d2d3 a7a6 c2c3 f7f6 d1c2 g7g6 d3d4 d7d5 f2f3 e8f7 e1f2 b7b5 h2h3 f8g7 b2b4 c7c5 d4c5 g6g5 c1g5 f6g5 b1a3 f7f6 a3b5 a6b5 e2e4 f6f7 f1e2 c8a6 f2e1 h7h5 c2c1 f7f8 c1g5 g7c3 e1f1 g8f6 g5c1 c3a1 e4d5 d8c8 c5c6 b8c6 d5c6 a1e5 a2a4 h5h4 a4b5 a6b7 c6b7 c8b7 b5b6 e5a1 c1a1 a8a1 f1f2 f6d5 g2g3 d5f4 g3f4 b7a8 f4f5 a8d8 f2g2 d8c8 e2a6 c8f5 a6d3 f5f6 g1e2 f6e5 h1a1 e5a1 b6b7 f8g7 b7b8q h8b8 e2c1 e7e5 d3e4 a1b2 g2f1 b2c1 f1f2 b8b6 f2g2 c1b2 g2f1
391,W,material_adjudication,78,1.084228,1955,2026-09-04 07:13:09,d2d3 h7h5 b2b3 b7b6 c1b2 c7c5 e2e4 h5h4 b1d2 b8c6 g2g4 a7a5 e4e5 a8a7 d2c4 c8b7 g1e2 h4h3 c4a5 c6d4 b2d4 g7g5 a5b7 f7f5 a2a3 f8g7 f1h3 a7b7 d4b2 f5g4 h3g4 d7d6 g4f3 g5g4 f3d5 b7d7 e1g1 h8h2 c2c4 g7e5 b2e5 d6e5 e2g3 d7d5 c4d5 h2h3 d5d6 e8f8 b3b4 c5c4 d3c4 d8d6 d1c1 d6g6 c4c5 g6g7 c5b6 h3h7 f2f4 g7h6 f1d1 h6d6 g1g2 h7h8 c1e3 d6d1 a1d1 e5f4 g3f5 f4e3 b6b7 g8f6 b7b8q f8f7 b8b5 f6d7 b5a4 h8a8
392,W,material_adjudication,150,1.055372,1960,2026-09-04 07:13:50,h2h4 e7e5 c2c4 f7f5 h1h3 f8c5 a2a4 g8e7 a4a5 e8g8 a1a2 c5b4 d1b3 h7h6 b3b4 c7c5 b4c5 b7b5 a5b6 d8b6 c5b6 a7b6 a2a8 b8c6 f2f4 c8b7 h3h2 b7a8 g1h3 c6a5 f4e5 a5c4 g2g3 g7g6 f1g2 a8g2 h2g2 e7d5 e5e6 d7e6 d2d3 c4e3 c1e3 d5e3 g2g1 g8g7 d3d4 e3d5 h4h5 b6b5 h5g6 h6h5 e1d1 g7g6 g1e1 g6f7 d1d2 d5f6 h3g5 f7g8 g5e6 f8e8 e6c7 b5b4 c7a8 e8a8 e1f1 a8c8 f1f5 g8g7 d2d1 h5h4 g3h4 f6g4 f5f1 b4b3 d4d5 c8c5 d5d6 c5f5 f1f5 g7g6 f5f6 g6f6 d1c1 f6e6 h4h5 e6d7 h5h6 g4h6 e2e3 d7d6 e3e4 h6g4 e4e5 d6d7 c1d1 g4e5 b1d2 e5g4 d1e2 g4f6 d2f3 f6e4 e2d3 e4c5 d3d4 c5e6 d4d3 d7c7 f3d2 c7b6 d3e2 b6c7 e2f1 c7b6 d2b3 b6c7 b3d2 c7b6 d2b3 e6g5 b3d2 b6a6 b2b3 a6b5 f1e2 b5b4 e2e3 g5h3 e3d3 b4a3 d3e2 a3a2 e2f1 a2a1 b3b4 a1a2 b4b5 a2a1 b5b6 a1a2 b6b7 a2a1 b7b8q a1a2 d2e4 a2a3 e4c5 a3a2
393,W,material_adjudication_moderate,84,1.019993,1965,2026-09-04 07:14:17,e2e3 g7g5 g1h3 e7e6 g2g3 b7b6 d2d3 g8e7 e1d2 f8g7 h3g5 b8a6 g5f7 e8f7 f1g2 h8e8 d1g1 g7e5 g2a8 e7f5 a2a3 f7g7 h2h3 c8b7 a1a2 d8a8 g1d1 f5d6 c2c3 e5f6 b2b4 b7h1 d1h1 a6c5 h1a8 e8a8 b4c5 d6c8 a2b2 h7h5 f2f4 e6e5 c5c6 d7c6 f4e5 f6e5 e3e4 e5f6 d3d4 c6c5 d2c2 g7f7 c1e3 c7c6 d4c5 b6c5 a3a4 f7e8 b1a3 a7a6 e4e5 f6e5 a3c4 e5f6 c4a5 f6c3 c2c3 h5h4 g3h4 c5c4 h4h5 c6c5 e3d2 e8f8 b2b1 f8e7 h5h6 e7d7 b1a1 d7d6 c3c4 d6c7 h3h4 c8d6
394,W,material_adjudication_moderate,96,1.024356,1970,2026-09-04 07:16:56,e2e3 g7g6 d2d3 g6g5 c2c4 d7d6 c4c5 d6c5 f2f4 b8d7 g2g4 d7e5 g1e2 g5f4 e3f4 g8h6 a2a4 c8d7 e2g3 a7a5 d1d2 h6g4 a1a2 g4f2 f4e5 d7a4 a2a3 a4c6 f1e2 b7b5 d2e3 f2h1 g3f5 b5b4 b2b3 b4a3 c1a3 a5a4 a3c5 c6d5 e3e4 d8d7 e4d5 a4b3 d5a8 d7d8 a8h1 e7e6 c5f8 e6f5 h2h3 e8f8 h1f3 d8h4 e1d1 h4d4 f3f5 d4c5 d3d4 c5d4 d1c1 c7c5 f5d3 d4d3 e2d3 c5c4 d3c4 h8g8 c4d3 f8e7 c1b2 g8g6 d3g6 h7g6 h3h4 f7f6 e5f6 e7f6 b1d2 f6e5 d2b3 e5d6 b2c1 d6d5 c1b2 d5c4 b2a3 c4d5 b3a5 d5d6 a3a4 d6d5 a4b5 d5d4 b5b6 d4e5
395,B,material_adjudication,66,1.083909,1975,2026-09-04 07:17:51,h2h4 h7h5 a2a4 g7g6 g2g4 e7e5 c2c4 f8h6 a1a2 d8e7 f2f4 e7f8 g4g5 h6g7 f1g2 e8e7 g1h3 f7f5 c4c5 b8a6 d2d4 b7b6 d4e5 f8e8 g2a8 e8d8 b2b3 a6b4 e1f2 b4a2 c5b6 a2c1 d1c1 a7b6 f2g2 c8a6 a8d5 c7c6 b1a3 a6b7 d5g8 d8g8 a4a5 d7d5 a5b6 d5d4 c1c5 e7d8 e5e6 d4d3 a3c4 d3e2 h1b1 g8e6 b1e1 e6d7 e1e2 g7d4 b3b4 d4c5 e2e5 c5d6 c4b2 c6c5 e5d5 b7d5
396,B,value_resign,54,1.098152,1980,2026-09-04 07:18:45,b1a3 a7a5 f2f3 a5a4 c2c3 c7c6 b2b4 d7d6 e2e4 e8d7 e1e2 f7f5 a3c4 g8h6 h2h3 b7b5 e4f5 h6f5 d2d4 b5c4 h3h4 f5d4 c3d4 e7e5 g2g4 e5d4 e2d2 g7g5 h4g5 h7h5 h1h5 h8h5 g4h5 d8g5 f3f4 g5g1 f1c4 g1g2 d2d3 d7d8 d1d2 g2h1 c1b2 h1h4 b2d4 d6d5 a1h1 h4h1 d2g2 h1g2 d4e3 f8h6 e3d4 d8c7
397,W,material_adjudication,92,1.017050,1985,2026-09-04 07:22:29,e2e3 g7g5 g1h3 e7e6 g2g3 g8h6 h3g5 f8g7 b1a3 a7a5 g5h7 b8c6 a3c4 d7d6 a2a4 h8h7 f2f4 g7f8 d2d3 c6b4 c4a3 h6g8 b2b3 b4c2 d1c2 g8h6 h2h4 a8a7 g3g4 c7c6 f1e2 h6g4 c1d2 f7f5 e3e4 c6c5 e4f5 e6f5 e2g4 d8e7 g4e2 a7a8 d2c3 c8d7 c3a5 a8a5 a1c1 e7e3 c2d2 e3d2 e1d2 d7c6 h1e1 e8d7 d2c2 d7e8 e2g4 h7e7 g4f5 e7e1 c1e1 e8d8 f5e6 d8e7 e1e3 a5a4 b3a4 e7d8 c2c1 f8h6 a3c2 h6f4 c1d2 f4e3 d2e3 d8e7 e6c4 c6e8 a4a5 d6d5 a5a6 d5c4 a6b7 c4d3 e3d3 e7e6 b7b8q e6d7 d3e3 d7c6 b8a8 c6d6
398,W,material_adjudication_moderate,76,1.063074,1990,2026-09-04 07:22:59,h2h4 h7h5 a2a4 a7a5 a1a2 b7b6 c2c4 a8a6 f2f3 c8b7 g2g4 f7f6 e1f2 e8f7 d2d4 d8c8 f1g2 h5g4 f2e1 e7e5 h4h5 f7e7 e1f1 g4f3 g1f3 e5d4 d1d2 b7d5 c4d5 e7f7 d2d4 c7c5 d4d2 g8e7 f3h4 h8h6 b1c3 c8b7 b2b3 h6h5 c1b2 h5h8 c3e4 e7d5 a2a3 a6a8 d2c1 f8e7 e4c3 d5c3 b2c3 h8h4 h1h4 g7g5 h4h1 b8c6 g2h3 g5g4 h3g4 e7f8 g4f3 f6f5 f3c6 d7c6 a3a1 f8d6 a1a3 b7c7 c3b2 f5f4 c1c4 f7f8 h1h5 b6b5 a4b5 c6b5
399,W,value_resign,31,1.146792,1995,2026-09-04 07:25:08,a2a3 c7c6 d2d3 f7f6 e2e3 c6c5 d3d4 d8c7 e1d2 c5d4 c2c3 h7h6 c3d4 e7e5 b2b4 d7d6 f2f3 e5e4 h2h3 e8f7 b1c3 f6f5 f3e4 a7a6 c3d5 g8f6 d5c7 f7g8 a3a4 f6d5 f1e2
400,B,value_resign,56,1.056314,2000,2026-09-04 07:25:37,h2h4 b7b6 b1a3 d7d6 c2c4 a7a5 a3b5 c8g4 c4c5 g4c8 b2b3 c7c6 d1c2 b6c5 c2b1 c8b7 b1b2 b8d7 h4h5 a8c8 b5a7 c8a8 b2a3 f7f6 h1h2 a5a4 d2d3 d8b6 e1d2 g7g6 f2f3 a4b3 a2b3 f6f5 e2e3 a8a7 h5g6 a7a3 g6h7 f8g7 a1a3 g8f6 c1b2 e8f8 g1h3 d7b8 f3f4 h8h7 a3a4 f6h5 a4b4 c5b4 h3g5 e7e6 g2g4 g7d4
401,W,material_adjudication,90,1.125881,2005,2026-09-04 07:27:28,h2h4 a7a5 h4h5 d7d6 d2d3 b8d7 a2a3 b7b6 a1a2 a5a4 c2c4 g7g5 d1b3 c7c5 b3d1 h7h6 f2f3 g5g4 b1c3 e7e6 e1d2 g4g3 e2e3 a8b8 e3e4 d8f6 f3f4 c8a6 c3b5 f6f4 d2c3 b8a8 c1f4 e6e5 b5d6 f8d6 f4e5 d6e5 c3d2 g8f6 g1f3 f6h5 f3e5 f7f6 d1e2 f6e5 h1h5 e8f8 d2d1 a6b7 a2a1 a8a7 a1c1 h8g8 c1c2 g8g5 d3d4 e5d4 h5h4 b7c6 b2b4 a4b3 c2c1 c6e4 e2e1 h6h5 e1e4 g5g4 h4g4 h5g4 e4f4 f8e7 f4g5 e7f8 g5f4 f8e7 f1e2 b3b2 f4g5 e7e8 c1b1 e8f8 e2d3 d7f6 g5f6 f8g8 f6g5 g8h8 g5h4 h8g7
402,W,material_adjudication,106,1.198661,2010,2026-09-04 07:29:14,h2h4 d7d6 c2c4 b7b6 b2b4 c7c5 b4c5 b6c5 d1b3 a7a6 g2g3 h7h5 b1a3 g7g6 a3b1 c8b7 b3a3 g6g5 a3b3 f7f5 d2d3 f8g7 b3b7 e8f8 c1g5 d6d5 b7a8 d5c4 b1c3 g7c3 g5d2 c3a1 g1h3 c4c3 d2c3 a1c3 e1d1 c3e1 d1e1 d8b6 h3g5 b6d8 a8b7 g8h6 g5e6 f8f7 e6d8 h8d8 e1d2 d8d7 b7b3 c5c4 b3c4 d7d5 c4d5 e7e6 d5b5 a6b5 e2e4 b8a6 f2f4 f7e8 e4f5 e6f5 f1h3 e8f8 g3g4 f5g4 h3g2 h6g8 f4f5 a6b4 a2a4 b4d3 a4b5 d3f2 b5b6 f2h1 g2h1 g4g3 d2e2 g3g2 h1g2 f8e7 g2f3 g8f6 b6b7 f6d7 f3d5 d7f6 b7b8q f6d5 e2f3 d5c3 b8a7 e7e8 f3f2 e8d8 a7a5 d8e8 a5c3 e8d7 f2e1 d7d6 c3c1 d6d5
403,W,value_resign,81,1.072472,2015,2026-09-04 07:29:45,h2h4 e7e5 a2a4 g7g5 b1c3 h7h6 c3d5 d7d6 b2b4 e5e4 a1b1 g5h4 h1h4 d8h4 d5f4 c8g4 d2d4 b7b5 c1d2 c7c6 g1f3 g4f3 d1c1 c6c5 a4b5 c5b4 e2f3 h4g3 f3e4 a7a6 c2c4 b4c3 f2g3 c3d2 c1d2 h6h5 e4e5 d6e5 d4e5 g8e7 f4h5 a6b5 g3g4 e7d5 e1f2 f8c5 f2g3 b8a6 g4g5 h8h5 d2d5 e8e7 d5a8 a6c7 a8c6 c7e6 b1b3 f7f5 c6b7 e7f8 b3b4 c5d6 b7c8 f8g7 g3f2 h5h4 f1d3 d6c5 f2e1 c5b4 e1d1 b4d6 c8e6 h4d4 e5d6 d4d6 e6d6 f5f4 g5g6 b5b4 d3c4
404,B,checkmate,82,1.069626,2020,2026-09-04 07:33:05,h2h4 b7b6 h4h5 f7f6 f2f3 e7e6 e1f2 h7h6 b2b3 e8e7 d2d4 e6e5 f2g3 d7d6 d4d5 a7a6 d1e1 c7c6 h1h3 c6d5 a2a4 d5d4 h3h2 h8h7 c1d2 f6f5 e1d1 b8c6 b1a3 h7h8 h2h3 b6b5 a4b5 a6b5 a3b5 a8a1 d1a1 h8h7 c2c3 d4c3 d2c3 c8e6 f3f4 e5e4 a1c1 c6b4 c3b4 e7d7 b4a3 d8b6 b5d6 f8d6 a3b2 h7h8 h3h4 d6b4 g1h3 b6a5 g3h2 g8f6 b2e5 h8g8 e5b2 a5b6 e2e3 b6b7 h3g1 e6d5 g1e2 b4d6 c1d1 b7a7 e2c3 a7e3 f1e2 e3f2 h2h3 d5c6 b3b4 e4e3 b4b5 f2g2
405,B,material_adjudication_moderate,81,1.096010,2025,2026-09-04 07:34:09,h2h4 b7b6 h4h5 d7d6 b2b3 c8g4 b1a3 c7c6 e2e3 g4d1 e1d1 b8a6 e3e4 d8d7 c2c3 a8d8 h5h6 d7c8 d2d3 e7e5 c1g5 f7f5 a1b1 c8e6 h1h5 e6d7 e4f5 f8e7 g5h4 a6c5 f2f3 g8h6 h4e7 d7e7 f5f6 e7f6 c3c4 e8d7 d3d4 c5a4 b3a4 e5d4 a4a5 d6d5 a5b6 a7b6 c4d5 f6f8 d5c6 d7c6 b1c1 c6d6 g1e2 h6f7 a3b5 d6d7 e2f4 g7g5 a2a4 g5f4 b5a7 f8d6 a7c6 d6c6 c1c6 d7c6 d1e1 d8d6 h5h4 d6d5 e1e2 f7d6 e2e1 h8f8 f1b5 c6b7 b5c4 d5e5 e1d1 b7c8 h4h1
406,W,material_adjudication,98,1.100441,2030,2026-09-04 07:36:17,h2h4 h7h5 e2e4 a7a5 d2d3 a8a7 b2b3 d7d5 c1g5 c7c5 a2a4 d5e4 g5d2 d8c7 a1a3 c8g4 d3e4 g4d1 e4e5 c7e5 f1e2 d1e2 g1f3 e5g3 f2g3 e2f1 a3a2 e7e6 h1f1 g8f6 b1a3 f8e7 c2c3 b8d7 a3b5 a7a8 a2a1 g7g6 e1e2 f6e4 b3b4 e4d2 f3d2 e7f8 d2e4 c5b4 c3b4 a5b4 f1c1 f8e7 b5c7 e8f8 c7a8 e6e5 a1b1 b7b6 a8b6 d7b6 a4a5 b6d7 a5a6 f7f6 a6a7 f8g7 b1a1 h8a8 c1b1 g7f8 a1a5 b4b3 b1a1 b3b2 a1b1 d7b8 a7b8q a8b8 a5a7 f6f5 e4g5 b8b6 a7a4 e7g5 h4g5 e5e4 a4d4 f8g7 d4a4 e4e3 a4a5 b6b8 a5a7 b8b7 a7b7 g7g8 b7b6 g8g7 e2d1 h5h4
407,B,material_adjudication_moderate,78,1.057342,2035,2026-09-04 07:38:42,h2h4 h7h6 a2a4 f7f6 h1h3 c7c5 h3h1 a7a5 b2b4 c5b4 f2f4 d8c7 h1h3 c7f4 g2g3 f4e4 c1b2 a8a6 h3h1 g7g6 f1g2 e4g2 c2c4 e8f7 h4h5 f6f5 d1b3 f8g7 b3c2 d7d6 b2g7 g2g3 e1f1 f7g7 h1h3 g3f4 h3f3 f4e4 d2d3 e4d4 b1d2 d4c5 d2b3 c5b6 d3d4 e7e5 a1c1 b8c6 c4c5 b6c7 h5g6 e5e4 c5d6 c7d6 c2c5 d6c5 d4c5 e4f3 g1f3 g7g6 f1g2 c6d4 b3d4 g8f6 c1b1 f6e4 b1d1 c8d7 d1b1 f5f4 b1c1 h6h5 d4b3 d7g4 c1d1 a6a8 d1a1 a8b8
408,D,cap_draw,150,1.169282,2040,2026-09-04 07:38:59,d2d3 b7b6 g2g4 f7f6 b1d2 d7d6 b2b3 g8h6 f1g2 b8a6 f2f3 a8b8 e2e3 c7c5 g1e2 a6b4 e1g1 a7a5 a2a3 c8g4 h2h4 g4f3 d2b1 f3g2 g1g2 e7e6 a3b4 a5b4 d1e1 h6f7 b1d2 f7e5 h4h5 b6b5 d2e4 e5c6 c2c4 b4c3 e4c3 b5b4 c1b2 b4c3 b2c3 e6e5 c3b2 d8b6 b2c1 h8g8 e2c3 f6f5 c1b2 h7h6 f1f3 e5e4 d3e4 c6e7 e4f5 e8d7 f5f6 g7f6 g2h3 b6b7 f3f4 b8d8 c3e4 b7c8 e1d1 c5c4 e4d6 c4c3 d6c8 d7c8 d1e1 c3b2 a1d1 d8d7 d1b1 d7d5 b1b2 g8g5 e3e4 c8b7 e4d5 e7f5 f4f5 g5f5 b2a2 f8b4 e1c1 f5d5 a2f2 b7a8 f2f4 b4a3 c1c3 a3b2 c3b2 a8a7 b2c1 d5c5 f4f3 c5c1 f3e3 c1c2 b3b4 f6f5 h3g3 f5f4 g3f4 a7a6 f4e5 c2d2 e5f6 d2d5 f6g7 d5h5 g7h8 a6b5 h8g7 b5b4 g7g6 h5h2 g6h7 b4a4 h7h8 h2h5 h8g7 h5f5 g7h6 a4a5 h6g7 a5a4 g7h8 f5g5 h8h7 g5f5 h7h8 f5f4 h8g7 f4c4 g7g8 a4a5 e3d3 a5b4 d3e3 b4a4 g8f7 a4a5 e3d3 a5a4
409,B,material_adjudication,66,1.109017,2045,2026-09-04 07:39:45,b1a3 a7a5 f2f3 b7b5 e2e4 h7h5 f1b5 h5h4 g2g3 a5a4 b2b3 a4b3 a2b3 a8a5 e1f1 c8a6 d1e1 a6b5 a3b5 c7c5 g3h4 f7f6 e1d1 a5a1 h4h5 h8h5 c1b2 a1d1 f1g2 g8h6 f3f4 f6f5 g1f3 f5e4 f3e1 b8c6 c2c4 e4e3 h1f1 g7g6 g2f3 d7d6 h2h4 h5h4 f3e3 e8d7 f1f3 e7e6 b5c7 h4h3 f3h3 d8c7 e3f2 c6d4 b2d4 c5d4 h3h4 c7b6 c4c5 b6c6 b3b4 d6d5 b4b5 c6b5 d2d3 b5a4
410,B,material_adjudication_moderate,109,1.045277,2050,2026-09-04 07:41:02,b1a3 d7d5 g1f3 f7f6 g2g4 a7a6 f3e5 h7h5 a3b5 c7c5 a2a4 a6b5 e2e4 d5e4 a4b5 b8c6 e1e2 f6e5 g4h5 a8b8 f2f3 e8f7 a1a2 c6b4 c2c3 c8h3 c3b4 h3f5 f1g2 d8d7 f3e4 g8f6 e4f5 h8h5 b4c5 h5h6 d2d4 e5d4 c1h6 g7h6 g2f3 d7b5 d1d3 b5c5 a2a4 c5b6 a4d4 e7e5 f5e6 f7e6 d4h4 f8b4 d3c4 e6e7 h1b1 h6h5 h4f4 b6e6 c4e6 e7e6 b1d1 b4c5 d1c1 f6h7 c1c5 b8a8 c5d5 b7b6 e2d1 a8a2 d5d4 h7g5 h2h3 g5f3 f4f3 b6b5 d1e1 e6e5 f3f6 e5f6 d4f4 f6g5 f4d4 a2b2 e1d1 b2a2 d1c1 a2h2 c1b1 h2h3 b1a2 g5f5 d4h4 h3h4 a2b3 f5f4 b3b4 f4g3 b4a5 h4h3 a5a6 h3h2 a6a7 h2h1 a7a8 g3h2 a8b8 b5b4 b8c8
411,B,value_resign,48,1.096994,2055,2026-09-04 07:41:47,e2e3 g8f6 b1c3 g7g5 g1e2 d7d6 g2g3 b8a6 f2f3 c8h3 e3e4 f8g7 a2a4 h3d7 g3g4 a8c8 e1f2 c7c6 h2h4 h7h5 h4g5 f6g4 f3g4 h5h4 h1h2 a6b8 a1a2 d7g4 g5g6 a7a6 h2h4 h8h4 b2b3 f7g6 c1b2 a6a5 d1e1 g4e2 c3e2 g7b2 a2b2 d8d7 f1h3 h4h3 e2f4 g6g5 f4e6 d7e6
412,W,value_resign,57,1.029234,2060,2026-09-04 07:42:18,e2e3 a7a5 f2f3 a5a4 e1e2 c7c6 c2c3 d8b6 h2h4 d7d6 g2g3 c8e6 d1a4 b6c7 a4a8 e6d5 a2a4 d5e6 g3g4 g8f6 f3f4 e6g4 g1f3 g4f3 e2f3 f6h5 f1c4 g7g6 f4f5 h8g8 h1d1 g6f5 a8a7 c7c8 c4e2 f8g7 a4a5 c8d7 e3e4 g7c3 b2c3 f5f4 c1b2 f7f6 d2d3 e7e6 f3f2 g8f8 d1c1 d7c7 f2f3 b7b6 a7c7 b6a5 a1a2 b8d7 c1c2
413,B,material_adjudication,66,1.177186,2065,2026-09-04 07:43:03,b1a3 a7a5 f2f3 b7b5 e2e4 h7h5 g2g3 b5b4 a3b1 b8c6 a2a4 b4a3 a1a3 c6d4 a3d3 c7c6 e4e5 c6c5 d3d4 d8c7 f1h3 c5d4 h3d7 c8d7 g3g4 a5a4 d2d3 e8c8 c2c3 h5g4 e5e6 d7e6 b1d2 e6d7 g1e2 c7c6 d2c4 c6b7 e2d4 g7g5 d4e2 g4f3 c4a5 e7e6 a5b7 c8b7 d1c2 f8e7 e2g1 g8f6 c1g5 f3f2 e1d1 f2f1q d1d2 d8c8 g1h3 f1h1 g5f6 e7f6 h3f2 h8h2 c2d1 d7c6 d1e2 f6g7
414,W,material_adjudication,70,1.092520,2070,2026-09-04 07:43:32,d2d3 b7b6 c1g5 c7c5 e2e4 f7f6 f2f4 b6b5 e1d2 a7a6 g2g3 d7d6 b1c3 g8h6 d1f3 b8c6 a2a4 f6g5 b2b3 c8d7 a4b5 g5g4 f3e2 a6b5 a1a8 c6b4 a8d8 e8d8 d3d4 c5d4 c3b5 b4c6 b5d4 c6d4 e2c4 e7e6 f1d3 d8e7 e4e5 d4b5 g1e2 d6d5 c4a4 b5a7 a4a7 d5d4 e2d4 h6f5 c2c3 f5d4 c3d4 g7g6 b3b4 e7e8 h1f1 f8e7 f1f2 h8f8 d2e3 h7h6 b4b5 d7b5 f2g2 b5a6 a7a6 h6h5 a6b5 e8d8 e3f2 f8f6
415,B,material_adjudication,125,1.101256,2075,2026-09-04 07:44:01,a2a4 f7f6 h2h4 c7c6 b2b3 c6c5 a4a5 g8h6 f2f3 c5c4 e1f2 f6f5 e2e3 h8g8 f1e2 c4c3 a1a4 c3d2 c1d2 d8c7 g1h3 e7e5 d2c1 c7d6 a4d4 e5d4 e3d4 d6e6 b1d2 f8b4 h3f4 e6d6 h1h3 h6f7 f2e3 b4d2 c1d2 d6e7 e3d3 d7d6 f4g6 f7d8 g6e7 a7a6 c2c3 e8e7 d3c2 g7g6 b3b4 f5f4 g2g4 f4g3 h3g3 h7h6 b4b5 a6b5 d4d5 b5b4 c3b4 g6g5 h4g5 g8g5 c2c3 g5g3 d2f4 g3h3 d1d2 e7d7 b4b5 d8f7 d2d4 f7g5 f4c1 g5f3 e2f3 h3f3 c3b4 b7b6 d4g4 f3f5 g4f5 d7e7 f5f4 a8a5 c1e3 a5a2 b4b3 a2h2 b3a4 e7e8 e3b6 h2h5 b6e3 h5d5 a4a5 d5f5 f4h6 b8d7 e3d4 f5d5 d4e3 d7c5 h6f4 c8d7 a5b6 d5d1 b6a5 c5e4 b5b6 d7c6 a5b4 d1e1 e3f2 e4f2 f4f2 e1e5 b6b7 c6b7 f2g2 b7g2 b4b3 d6d5 b3a2 e8f8 a2a1
416,D,rule_draw,146,1.052496,2080,2026-09-04 07:44:53,b1a3 h7h6 a1b1 e7e5 g2g4 a7a6 g1f3 f8a3 f3e5 f7f6 e2e3 f6e5 f1g2 a3f8 g2f1 b7b6 f1a6 e8f7 a6e2 e5e4 g4g5 f8c5 e2c4 d7d5 h1g1 h6g5 f2f4 c8e6 d2d3 d5c4 d3e4 g8f6 d1d8 h8d8 f4g5 e6f5 g5f6 f5c8 e4e5 a8a5 f6g7 d8d5 g1f1 f7g7 e5e6 d5d6 h2h4 b8a6 e1f2 d6d5 b2b3 c8b7 b3c4 d5d8 b1b6 c7b6 a2a3 b6b5 c4b5 d8d1 f1d1 a6b8 h4h5 a5b5 c2c4 b5a5 c1d2 a5a8 f2e1 b8a6 e6e7 g7f7 e3e4 f7e7 e4e5 a6c7 h5h6 c7e6 h6h7 b7c6 h7h8q a8h8 d2b4 e6d8 b4c5 e7e6 c5d4 e6e7 d1d3 h8h2 e5e6 d8e6 d3e3 h2h5 e1d2 e7d7 d2d1 e6d4 e3c3 d7d8 a3a4 c6a4 d1e1 h5h4 c4c5 d8e7 c3d3 h4h1 e1d2 h1g1 d3d4 g1g2 d2e3 a4c6 e3d3 g2h2 d3e3 c6d7 d4d2 h2h5 d2d5 h5d5 e3e4 d7f5 e4d5 e7f8 c5c6 f5c8 c6c7 f8g8 d5c5 g8f8 c5c6 f8e8 c6d6 e8f7 d6c6 f7g6 c6b6 g6h5 b6a7 h5g4 a7b8 c8d7 c7c8q d7c8
417,W,value_resign,47,1.220100,2085,2026-09-04 07:45:07,h2h4 h7h5 e2e4 b7b5 d2d3 e7e5 b2b3 b8a6 a2a4 b5b4 a1a2 a8b8 a4a5 d7d6 e1e2 a6c5 c1g5 c8e6 f2f4 e6c8 g5d8 c8a6 d1e1 e8d8 b1a3 g8e7 g1f3 d8d7 f4e5 d6e5 a3b5 a6b5 c2c4 b5a6 e2d1 d7c6 f1e2 c5b3 d1c2 a6c8 c2b3 e7f5 e4f5 c8d7 g2g3 b8b7 h1f1
418,B,material_adjudication,91,1.147811,2090,2026-09-04 07:46:13,b1a3 a7a5 f2f4 e7e6 e2e4 a8a6 f1a6 b7a6 g2g3 f7f6 d1h5 g7g6 a3c4 g6h5 g1f3 f8g7 c4b6 c7b6 f4f5 d7d6 h1g1 h5h4 g1f1 b6b5 f5e6 d8e7 f1f2 b8d7 f3h4 a5a4 h4f3 d7b6 d2d4 f6f5 e4f5 g7f6 f2f1 e7d8 a1b1 f6e7 d4d5 h7h6 b2b4 e8f8 e1d2 h8h7 f3h4 h7g7 f1f2 a6a5 b4a5 g8f6 a5b6 h6h5 b1b5 d8e8 h4g2 e8b5 d2c3 f6h7 f2f1 h5h4 b6b7 c8b7 f5f6 b7d5 f6g7 f8g7 g3h4 d5c4 c1f4 b5c6 c3b4 e7h4 g2h4 c4e6 f4e3 c6d5 f1d1 d5a2 d1c1 g7h8 e3d4 h8g8 c1a1 a2a1 h2h3 a1a2 b4b5 g8f8 c2c4
419,W,material_adjudication,70,1.035970,2095,2026-09-04 07:47:18,b1a3 a7a5 f2f3 b7b5 a1b1 g8h6 e2e4 b5b4 d2d3 g7g5 h2h4 e7e6 a3c4 h6g8 f3f4 d7d5 c1d2 e8d7 a2a3 d5c4 f4f5 f7f6 d2e3 f8g7 g2g4 d8e8 e3d4 c4c3 d1e2 g5h4 h1h4 e8f8 a3b4 a5b4 f5e6 d7e6 b2c3 c7c5 h4h1 c5d4 c3c4 f8c5 e1d2 g7h6 g4g5 f6g5 b1a1 c8b7 f1g2 b8c6 g2f3 e6d6 a1a8 b7a8 d2e1 g5g4 f3g4 g8f6 h1h6 b4b3 h6f6 d6e7 f6f5 h8f8 f5c5 c6e5 g4h5 a8c6 g1h3 b3c2
420,B,material_adjudication,131,1.209570,2100,2026-09-04 07:49:19,b2b3 b8a6 d2d3 e7e6 g2g4 g7g5 a2a3 b7b6 e2e4 f8g7 c1g5 f7f6 c2c3 f6g5 c3c4 c8b7 b3b4 d8e7 f1e2 g7f6 e2f3 e7d6 d1e2 f6d4 e1d2 d4e3 f2e3 e8e7 d2c2 b7c8 b1d2 c8b7 c2d1 d6e5 d3d4 e5g7 d4d5 g7a1 d1c2 a1a3 d5e6 a3b4 c2d1 b4c5 e6d7 g8f6 e2d3 a6b4 d3d4 c5d4 e3d4 c7c6 e4e5 e7d7 e5f6 h8f8 h2h4 f8f6 h4g5 f6g6 h1h7 d7e8 h7b7 g6g5 d1e2 c6c5 g1h3 g5g8 d4c5 b6c5 h3f4 g8g4 f3g4 b4a6 f4g6 e8d8 g4f3 a6c7 d2e4 d8e8 e4f6 e8f7 b7c7 f7g6 c7d7 g6f6 d7h7 f6g6 h7h5 a7a6 e2f2 a8b8 h5h1 b8b6 f2e2 g6g5 h1h7 b6h6 h7g7 g5f6 g7b7 f6g5 f3c6 h6h2 e2e1 g5g6 e1f1 g6g5 f1g1 h2h6 g1f1 h6c6 b7g7 c6g6 g7g6 g5g6 f1e1 a6a5 e1e2 a5a4 e2d2 a4a3 d2e1 a3a2 e1d1 a2a1q d1c2 a1e5 c2b3 g6f5 b3a4
421,B,value_resign,52,1.037638,2105,2026-09-04 07:51:48,h2h4 b7b6 b1a3 h7h5 a1b1 a7a5 c2c4 a8a6 d1a4 h8h7 b2b4 a5b4 a3b5 g7g6 g2g4 a6a4 g4h5 c7c5 f1g2 g6h5 g2f3 a4a8 a2a4 b4b3 d2d4 b8a6 b1a1 g8h6 a1b1 h6f5 c1f4 a6b4 e1f1 c8a6 d4d5 e7e5 f4e5 a6b5 a4a5 b5c4 e5f6 d8f6 b1a1 f6e7 a1a4 d7d6 f1g2 f5e3 g2h2 b6b5 a4b4 f8h6
422,W,value_resign,63,1.112663,2110,2026-09-04 07:53:41,h2h4 b7b6 b1a3 a7a5 b2b3 a8a7 c2c4 h7h5 c4c5 b6c5 a1b1 c8b7 a3b5 a7a6 d2d4 b7g2 f1g2 a5a4 d4c5 g8f6 c1d2 h8h6 d1c1 c7c6 b1b2 f6g4 b3a4 c6b5 b2b5 b8c6 e1f1 h6e6 f2f4 d7d6 c5d6 d8d6 g1f3 f7f6 f3d4 c6d4 c1e1 d6c6 b5d5 c6d6 f4f5 d4f5 d5d6 e7d6 d2b4 a6c6 b4d2 e8e7 g2c6 e7d8 e1d1 f8e7 d1e1 g7g6 c6d5 e6e5 d5c6 e5e4 h1g1
423,B,value_resign,48,1.059902,2115,2026-09-04 07:55:53,b1c3 c7c6 g1h3 h7h5 b2b4 b7b6 a1b1 h8h6 f2f3 f7f5 d2d4 a7a5 b4a5 b6a5 a2a3 c6c5 c3b5 h6d6 c2c4 d6c6 h3g1 g7g5 b5c3 c5d4 e1d2 c6c4 c3e4 e8f7 e2e3 c8a6 e3d4 c4d4 f1d3 a6d3 e4g5 f7e8 g2g4 d3b1 d2c3 h5g4 g5e6 d4c4 c3c4 d7e6 c1b2 g4f3 d1f3 g8h6
424,W,material_adjudication_moderate,91,1.051970,2120,2026-09-04 07:56:09,h2h4 h7h5 e2e3 d7d5 e3e4 d5e4 d2d3 c8h3 d1h5 g7g6 h5g5 b7b5 e1e2 f7f6 g1h3 b5b4 g5g6 e8d7 h4h5 a7a5 d3e4 d7d6 e2e3 e7e5 b2b3 c7c6 e3f3 a5a4 f3e2 d6c5 c2c3 f8d6 b3a4 g8e7 g6g4 h8g8 g4h4 e7f5 e4f5 e5e4 h1g1 g8g4 c1e3 c5c4 b1d2 c4c3 h5h6 g4h4 d2b3 a8a4 a1c1 c3b2 g2g3 h4h6 e3h6 a4a2 b3a1 d6e7 c1d1 a2a1 d1d8 e7d8 h3f4 a1a4 f4h5 d8e7 f1g2 b8d7 g2e4 a4a3 h6c1 b2a1 c1a3 a1a2 e4c6 b4a3 g1c1 a2b2 c1d1 d7b8 c6d5 a3a2 d5a2 b2a2 d1g1 b8d7 e2f1 a2a1 g3g4 e7b4 f2f3
425,B,material_adjudication,66,1.030773,2125,2026-09-04 07:57:08,a2a3 g8f6 f2f3 a7a6 e2e4 d7d5 d2d4 g7g6 e4d5 f6d5 g1e2 h8g8 e1f2 f7f6 b1c3 d5c3 b2c3 d8d6 a1a2 d6d7 h2h3 c7c6 c1e3 a8a7 e2g1 f8g7 g2g4 c6c5 f2e1 c5d4 d1d4 d7d4 c3d4 f6f5 g4g5 f5f4 e3d2 g7d4 f1e2 d4e3 c2c4 a7a8 a2b2 e7e6 d2e3 f4e3 e1f1 b8d7 c4c5 a8b8 b2b3 d7c5 e2b5 a6b5 h3h4 c5b3 h4h5 b3a5 h5h6 e6e5 a3a4 b7b6 a4b5 c8b7 f1e2 b8a8
426,W,checkmate,35,1.057831,2130,2026-09-04 07:57:36,e2e4 c7c5 g1e2 h7h5 d2d4 f7f6 e1d2 g7g5 h2h4 e8f7 h1h3 f8g7 b2b3 d7d5 h4g5 f6g5 h3f3 g8f6 d4c5 f7e8 f3e3 f6e4 e3e4 d5e4 e2d4 g7f8 d1e2 d8a5 c2c3 e8d7 e2e4 a5d8 d4e6 d8e8 e4d5
427,W,material_adjudication_moderate,92,1.003673,2135,2026-09-04 07:58:21,g1f3 h7h5 b1a3 c7c5 c2c3 b7b6 g2g3 g7g5 d2d4 b8c6 a1b1 g5g4 f3h4 f7f6 h1g1 e8f7 d4c5 c8b7 c5b6 a7b6 a3b5 f8g7 d1d3 a8c8 f1g2 f7e8 f2f4 f6f5 d3f5 g8h6 f5h5 h6f7 h5g6 h8h6 g6g4 g7f6 g4f5 f7d6 b5d6 e7d6 c1d2 c6e7 f5b5 b7c6 g2c6 d7c6 b5d3 d8c7 f4f5 e7g8 a2a4 c8a8 g1f1 a8a4 d3c2 a4h4 g3h4 d6d5 c2d1 b6b5 h4h5 h6h5 d1c1 e8f8 h2h4 h5h4 d2g5 f6g5 c1g5 g8e7 g5d2 c7b7 e1f2 e7f5 d2e1 f5e3 f2e3 f8e8 e1d2 h4h6 f1c1 e8f8 e3f2 h6h5 d2e3 h5h4 f2f3 h4h2 b1a1 c6c5 c3c4 b5c4
428,B,material_adjudication_moderate,85,0.985733,2140,2026-09-04 07:58:50,g1f3 h7h5 b1a3 c7c5 g2g3 f7f6 e2e4 d7d5 f1e2 h5h4 a1b1 d5e4 f3h4 g7g5 a3b5 g5h4 g3h4 d8d6 e2c4 g8h6 b5d6 e8d8 d6b5 e7e5 b2b4 h6g4 b1a1 c5b4 e1f1 c8f5 d2d3 a7a6 c1e3 e4d3 h2h3 g4e3 f2e3 b8c6 d1d3 f5d3 c4d3 a6b5 a2a4 b5a4 e3e4 f8d6 h1h2 a8c8 a1a4 b4b3 c2b3 c8b8 h2e2 b8c8 e2e3 c6b4 a4b4 d6b4 d3c4 b4d6 c4d3 h8h4 d3c4 d8c7 c4d3 c8h8 d3c4 h4h3 e3h3 h8h3 f1g2 h3h5 b3b4 d6b4 c4d3 b4c3 d3c2 c7b6 g2f1 c3b4 c2d3 b4c3 d3e2 h5h4 e2f3
429,B,material_adjudication,66,1.136917,2145,2026-09-04 07:58:51,a2a3 g8f6 h2h4 b8a6 d2d4 a6b4 e1d2 f6d5 e2e4 f7f5 e4d5 b4d5 h4h5 d7d6 c2c3 c8d7 a3a4 a7a5 f2f3 b7b5 h1h2 d7c6 a4b5 e7e5 h2h1 c6b5 d1c2 b5c4 b1a3 c4f1 c2f5 e5d4 c3c4 g7g6 c4d5 g6f5 a1b1 a8b8 h5h6 b8a8 g1e2 f1e2 a3b5 f8e7 d2e2 a8a6 e2d1 d4d3 c1d2 d8d7 h1h2 d7b5 h2h4 b5d7 d1e1 f5f4 e1d1 h8f8 h4h1 f8h8 d1c1 h8f8 b2b4 a5b4 b1b4 e7f6
430,B,value_resign,70,1.006630,2150,2026-09-04 07:59:19,a2a4 c7c6 h2h4 b7b6 c2c3 e7e5 g2g3 h7h5 f1g2 e8e7 e1f1 f7f6 c3c4 c8a6 g2h3 a6c4 d2d3 c4d5 g1f3 d5f3 e2f3 d7d5 d1d2 d5d4 b2b3 a7a6 d2f4 e5f4 f1g2 h8h6 a4a5 g7g5 h4g5 f6g5 g3g4 f8g7 b1d2 e7e8 h1g1 h6h7 a1a3 h5g4 h3g4 g8e7 c1b2 b6b5 b2d4 a8a7 d4a7 d8c7 a7c5 e7g6 g1c1 b8d7 g4h5 h7h5 g2g1 d7e5 c5b6 c7b7 d3d4 e5d3 d2f1 g7f8 f1e3 f4e3 c1a1 f8a3 a1a3 g5g4
431,B,material_adjudication,73,1.196733,2155,2026-09-04 08:00:55,h2h4 b7b5 h4h5 f7f6 d2d3 g8h6 b2b4 a7a5 f2f3 a5b4 a2a4 h6g4 c2c4 h8g8 a4b5 e7e6 a1a8 g4h6 b1d2 f8e7 e2e4 e7c5 d2b3 e8e7 d1e2 c7c6 b3a5 h6f5 h1h3 c6b5 e4f5 d7d5 f5e6 d8a5 c4d5 a5a8 h3h1 c5g1 h1g1 a8d5 c1f4 b8c6 e2c2 h7h6 g2g3 g7g5 h5g6 g8g6 f1h3 b4b3 c2b2 g6g8 h3g2 c6b4 e1d2 h6h5 b2a3 d5c5 a3b3 c5g1 b3b4 e7e6 b4c3 g1g2 d2e1 b5b4 c3c2 g2c2 e1f1 b4b3 f1e1 c8b7 e1f1
432,B,material_adjudication_moderate,87,1.095233,2160,2026-09-04 08:01:23,e2e3 g7g6 a2a4 b7b6 b1c3 c7c6 d1e2 c8b7 f2f4 g8h6 g2g4 c6c5 e3e4 h8g8 e2d3 c5c4 c3e2 f7f6 g4g5 c4d3 b2b4 d3e2 e1f2 d7d5 d2d4 e7e6 g5h6 d5e4 g1e2 d8d6 a4a5 e8e7 a5b6 d6c6 d4d5 c6b6 e2d4 b7d5 c2c4 b8c6 c4d5 e7d6 c1b2 a7a6 d5c6 f8h6 f4f5 b6a7 c6c7 a8c8 f5e6 d6c7 e6e7 a7b8 f1a6 c7b6 a6c8 b8c8 h1e1 f6f5 f2g3 h6g5 h2h4 g5f6 b4b5 f6d4 b2d4 b6b5 h4h5 c8d7 h5g6 h7g6 e7e8q d7e8 a1b1 b5c4 d4b6 c4c3 b1a1 c3b2 e1d1 e8e7 a1a5 e7b7 b6e3 f5f4 g3f4
433,W,value_resign,34,1.135351,2165,2026-09-04 08:01:50,a2a3 c7c5 b1c3 h7h5 d2d4 g7g5 a3a4 f7f6 a4a5 g5g4 b2b3 e8f7 d1d3 d7d5 e2e4 f6f5 e1d1 f8h6 e4e5 c5d4 d3d4 g8f6 e5f6 d8d7 c1a3 a7a6 a3b4 h6e3 d4e3 d7a4 c3a4 c8d7 e3c5 h8f8
434,W,material_adjudication,80,1.095020,2170,2026-09-04 08:03:38,e2e3 a7a5 g2g3 a5a4 f1b5 c7c6 d1f3 h7h5 d2d4 a4a3 b1a3 g7g5 h2h3 f7f5 a1b1 c6b5 a3b5 f8g7 b2b4 g8f6 e1f1 d7d6 e3e4 b8d7 a2a3 e8g8 e4f5 h5h4 g3h4 d8e8 a3a4 f6h7 f3d5 g8h8 h4g5 f8f5 d5f5 d7f8 f5f3 c8d7 a4a5 d7b5 c2c4 b5c6 d4d5 h7g5 c1g5 c6d5 c4d5 e8b8 g5e7 g7f6 f3b3 f6e7 f2f4 h8g8 h1h2 e7f6 f4f5 f6d4 a5a6 a8a6 b4b5 a6a8 b1c1 g8g7 g1e2 d4e5 h2f2 e5f6 f1g1 a8a5 f2f1 a5b5 b3b5 b8e8 b5a5 e8a4 a5c7 a4d7
435,B,material_adjudication_moderate,94,1.023213,2175,2026-09-04 08:04:06,h2h4 b7b6 b1a3 e7e5 c2c3 d8g5 h4g5 e8e7 b2b4 d7d5 h1h3 c8h3 a3c2 g8f6 g2g4 h3f1 c2a3 b8a6 g5f6 g7f6 d2d3 h8g8 a3c2 g8g4 e1f1 a6b4 c3b4 d5d4 g1f3 a8d8 d1d2 h7h5 c2d4 e5d4 f1e1 a7a5 b4a5 f6f5 a5b6 c7b6 c1a3 e7e8 e1f1 f8a3 f3d4 g4d4 f2f3 b6b5 a1b1 d8c8 b1b5 e8f8 b5b3 a3c5 d2d1 d4b4 d3d4 b4b3 d4c5 b3b2 d1e1 b2a2 e1c1 f7f6 c1b1 a2a4 b1b3 a4a1 f1g2 f8e8 b3b2 a1a5 g2f1 a5c5 b2d2 c5c4 d2d3 f5f4 d3c4 c8c4 f1e1 h5h4 e1f1 e8d7 f1e1 d7e8 e1f1 c4c1 f1f2 c1c2 f2f1 e8d7 f1e1 d7e8
436,B,material_adjudication,79,1.084253,2180,2026-09-04 08:04:32,e2e3 a7a5 b1a3 a5a4 d2d3 f7f6 a1b1 e7e6 g2g3 e8e7 f1g2 b8a6 g2f3 a6c5 e1e2 g7g6 d1f1 f8g7 a3b5 g6g5 a2a3 c7c6 f3g2 h7h5 f2f3 f6f5 e2d2 c5a6 d2e2 d7d5 d3d4 c8d7 h2h4 c6b5 h4g5 e6e5 d4e5 d5d4 e3d4 b7b6 g2h3 h5h4 g3g4 f5g4 f3g4 d7c6 c2c4 c6h1 c4b5 a6b4 a3b4 h1d5 e5e6 d8c8 c1d2 a8b8 e2e3 d5e6 g5g6 e6d7 g4g5 e7e8 d4d5 e8e7 f1g2 c8d8 g1f3 b8c8 f3h4 h8h4 g2h2 h4h3 h2h3 d7h3 b1c1 d8d7 c1b1 d7e8 b1h1
437,B,value_resign,33,1.152210,2185,2026-09-04 08:04:45,a2a3 b8c6 b2b3 g8h6 h2h4 f7f5 d2d3 f5f4 c1f4 h6g4 f4e5 h8g8 e5g7 a7a5 g7b2 g4e3 g1f3 e3d1 f3e5 d1b2 f2f4 d7d6 e5f3 c8g4 f3g1 g8h8 h4h5 b7b6 a3a4 e8d7 a1a2 b6b5 a4b5
438,W,value_resign,50,1.045675,2190,2026-09-04 08:07:36,h2h4 a7a6 h4h5 d7d5 g2g3 g7g6 a2a4 h7h6 g1h3 e7e5 c2c4 d8d7 c4d5 f7f6 d5d6 d7g4 f2f4 c8d7 b1c3 a6a5 e1f2 e5f4 f1g2 c7d6 h3f4 g6g5 b2b3 g4f5 c1b2 f5h3 h1h3 g5g4 h3h2 a8a6 f4d5 f8g7 d1c1 g8e7 d5e3 g7f8 d2d3 a6c6 c1d1 e7d5 g2d5 f8e7 d1d2 h8f8 d2d1 f6f5
439,B,checkmate,16,1.122301,2195,2026-09-04 08:07:37,a2a3 c7c6 d2d4 g8f6 h2h4 d8c7 a1a2 b7b5 h4h5 d7d5 a3a4 f6e4 b2b4 b5a4 f2f3 c7g3
440,W,material_adjudication,72,1.154216,2200,2026-09-04 08:08:31,b1a3 a7a5 f2f3 c7c6 e2e4 f7f6 b2b3 c6c5 e1e2 g8h6 h2h4 d7d6 d2d3 b8d7 e4e5 f6f5 c2c3 f5f4 c1f4 h6f5 e2d2 f5e3 d2e3 h8g8 f4g3 g8h8 g3h2 a5a4 f1e2 a4b3 a2b3 a8a3 a1a3 b7b6 a3a7 c8b7 h4h5 d8a8 a7a8 b7a8 b3b4 c5b4 g2g3 b4b3 d1b3 a8d5 b3b2 d5c6 c3c4 d7e5 f3f4 e5c4 d3c4 c6h1 b2d2 h1c6 e3d4 e7e5 f4e5 d6e5 d4e5 f8c5 d2b2 e8e7 e2d3 g7g6 h5g6 h8c8 g6h7 c6d7 d3g6 c5d4
441,B,material_adjudication_moderate,94,1.122167,2205,2026-09-04 08:09:01,b1a3 a7a5 b2b3 f7f6 f2f3 d7d5 e2e3 c7c5 g2g3 h7h6 f1g2 a5a4 e1e2 e7e5 d1f1 a4b3 a2b3 f8e7 f3f4 b8a6 f4e5 a6b4 e5e6 c8e6 e3e4 e6c8 h2h3 a8a3 c1a3 b4c2 e4d5 b7b5 a1e1 c5c4 b3c4 c2a3 d5d6 e7f8 e2d1 e8d7 d2d4 b5c4 g2f3 h8h7 f1c4 a3c4 h3h4 h7h8 h4h5 h8h7 e1e2 g7g6 h5g6 h7g7 e2e1 g8e7 d6e7 f8e7 g1e2 g7g6 h1h2 e7f8 d1c1 f6f5 e2g1 g6f6 c1d1 f5f4 g3f4 f8g7 e1e5 d7d6 d4d5 c8d7 g1e2 c4e5 f4e5 d6e7 e5f6 g7f6 e2f4 e7f8 f4e6 d7e6 h2b2 f8f7 b2b1 e6h3 b1b7 f7g8 d1e2 d8d6 b7b3 d6e5
442,B,material_adjudication,69,1.112719,2210,2026-09-04 08:11:45,e2e3 h7h5 d2d4 g7g5 a2a4 b7b6 e3e4 d7d6 h2h3 f7f6 c1e3 d6d5 b1a3 b8c6 d1e2 c6b4 g2g3 c7c6 e3g5 b4c2 a3c2 d8c7 e2d2 f6g5 a1a3 c8d7 e4d5 f8g7 e1e2 e8f8 d2g5 c6d5 b2b4 c7c2 g5d2 c2e4 a3e3 e4h1 f1g2 h1g1 g2f3 a7a5 d2e1 g1h2 e1h1 h2h1 f3h1 d7h3 e3f3 f8e8 g3g4 g8f6 g4h5 a5b4 f3h3 f6h5 f2f3 g7f6 e2f1 f6d4 h3h4 e7e6 h4h5 h8h5 f1e1 b4b3 e1d1 h5f5 d1e1
443,B,value_resign,44,1.074686,2215,2026-09-04 08:11:45,e2e3 h7h5 d1h5 h8h5 f2f4 b8c6 b1a3 h5h7 g1f3 c6b4 f1a6 c7c6 e1d1 b7a6 d1e2 d8c7 f3g5 h7h5 b2b3 c7b8 g2g3 g8f6 a3c4 b8c7 a2a3 b4c2 c1b2 h5h6 d2d3 c7d8 e2f1 d7d6 c4d2 e7e6 a3a4 d8e7 g5f7 e8f7 h1g1 g7g6 f1g2 f7e8 e3e4 g6g5
444,B,value_resign,56,1.073013,2220,2026-09-04 08:13:36,e2e3 h7h5 d1h5 h8h5 g1e2 h5a5 b2b3 a5b5 e3e4 d7d6 c2c3 b8a6 c3c4 b5c5 d2d4 c5c6 d4d5 c6c5 b1a3 c8d7 e1d2 a6b4 h1g1 g7g5 h2h4 a7a6 h4g5 a8b8 f2f3 b7b5 c4b5 a6b5 a3b5 d7b5 a2a3 b4d3 a3a4 b5c4 b3c4 d3c1 a1c1 e7e6 e2f4 f8e7 d2c2 c5a5 c1b1 b8b1 c2b1 e6e5 f4e6 f7e6 b1a1 e8d7 g2g4 e7g5
445,W,material_adjudication,68,1.024305,2225,2026-09-04 08:13:51,e2e3 e7e5 e3e4 b7b5 f1c4 b5b4 e1e2 a7a6 c2c3 g7g5 c4f7 e8f7 g1f3 c8b7 b2b3 d8e8 f3g5 f7f6 g5f3 b7e4 d1g1 e4f3 e2f3 f8g7 d2d4 b4c3 d4e5 f6e7 b1c3 e8f8 f3g3 d7d5 e5d6 e7d6 f2f4 h7h5 g1d1 g7d4 d1d4 d6c6 d4h8 g8e7 c1b2 f8h8 h1c1 b8d7 f4f5 c6c5 c3e4 c5d5 b2h8 a8h8 c1c2 d5e4 f5f6 c7c5 f6e7 h5h4 g3f2 h8h6 g2g3 h4h3 e7e8q d7e5 g3g4 h6f6 f2e1 e4d3
446,W,material_adjudication_moderate,76,1.101588,2230,2026-09-04 08:16:14,h2h4 b8c6 g2g4 g8h6 a2a4 b7b6 f2f4 h6g4 f1g2 d7d6 c2c3 c6e5 a1a3 a7a5 f4e5 a8b8 c3c4 c8d7 g2f3 g4f2 e1f2 d6d5 d2d4 d7e6 f2g3 h7h5 a3b3 d5c4 b3b5 b8a8 f3a8 e6d7 g1f3 d8a8 d1d2 d7b5 a4b5 c4c3 d2c3 c7c6 g3f2 c6b5 d4d5 a8d5 c1d2 h8g8 c3d4 d5d4 f3d4 f7f6 e5f6 g7f6 h1d1 b5b4 f2e1 f8h6 d4f5 e8d8 d2e3 d8e8 e1d2 e7e6 f5h6 g8f8 d2c2 f6f5 d1d3 f5f4 e3f4 f8f4 d3d1 e6e5 d1d3 e5e4 d3d2 e8f8
447,B,checkmate,38,1.044431,2235,2026-09-04 08:16:28,h2h4 e7e5 h4h5 b7b6 b1a3 a7a6 a3b5 d7d5 b2b3 e8d7 c1b2 g8e7 c2c3 e5e4 f2f3 c7c5 f3e4 h8g8 h5h6 d7c6 a2a4 f7f6 c3c4 a6b5 c4d5 c6b7 b3b4 b8d7 d5d6 b5a4 d6e7 f8e7 b4c5 d7c5 d1c1 c5e4 c1c4 d8d2
448,W,checkmate,81,1.154526,2240,2026-09-04 08:17:53,h2h4 c7c6 h4h5 f7f6 d2d4 b7b5 b2b4 d7d5 a2a4 e8d7 f2f3 b5a4 h1h4 g7g6 e1d2 e7e5 b4b5 a7a6 b5b6 f8h6 d2e1 d8b6 h5g6 e5e4 c2c3 h7g6 c1h6 h8h6 d1a4 b6b2 h4h6 g8h6 b1d2 e4f3 g2f3 a6a5 a1b1 b2c3 b1a1 c3b2 d2c4 d5c4 a1a2 b2b7 e2e4 d7c7 g1e2 f6f5 f1h3 c7d6 h3f5 h6f5 a2b2 b7b2 a4a3 c6c5 a3b2 f5e7 d4d5 b8c6 d5c6 e7c6 f3f4 c6b4 e1f1 d6e7 b2g7 e7e8 f1f2 g6g5 f4g5 c8a6 e4e5 a8b8 g5g6 b8a8 g7f7 e8d8 g6g7 a8b8 g7g8q
449,W,material_adjudication,72,1.262392,2245,2026-09-04 08:17:54,a2a4 c7c6 d2d3 f7f6 a4a5 e7e5 b2b3 e8f7 g2g4 g8e7 a5a6 c6c5 h2h4 b8a6 c2c4 a6b4 f2f4 d7d5 f1g2 a7a5 c4d5 f6f5 f4e5 e7d5 e1f1 f5f4 e2e4 d5c7 b1a3 c8g4 d1g4 a5a4 c1d2 f7e8 d3d4 a4b3 e5e6 c5d4 g4e2 a8a3 a1a3 f8c5 a3b3 h8g8 d2b4 d4d3 e2d3 d8d3 b3d3 c5b4 f1e2 g7g6 e4e5 e8e7 g2b7 g8b8 b7c6 b4a5 g1f3 e7e6 d3d1 e6e7 f3h2 b8b6 c6a4 b6b3 a4b3 a5b4 b3c4 b4a5 e2f3 a5b4
450,B,material_adjudication,85,1.061284,2250,2026-09-04 08:18:21,f2f3 b7b6 b2b3 c7c6 e2e3 e7e5 c2c4 f8c5 f1d3 b6b5 a2a4 b5b4 c1b2 g8h6 g2g4 h8g8 g4g5 c5e7 b2e5 f7f6 d3e2 f6e5 h2h4 e7f8 h1h3 f8d6 f3f4 h6f5 f4e5 d6e5 e1f1 e5a1 e3e4 f5g3 h3g3 d8c7 g3h3 b8a6 e4e5 a1e5 d2d4 e5d4 d1d4 c6c5 d4d1 g8f8 f1e1 d7d6 b1d2 c8h3 g1h3 e8d7 e2d3 d7e8 d1b1 c7e7 d2e4 a6c7 g5g6 a7a5 h4h5 e8d7 h3g5 d7d8 g6h7 d8c8 g5f7 f8f7 h5h6 g7g5 h7h8q c8d7 h8b2 f7h7 b1c1 h7h6 c1e3 a8a6 e4g5 e7e3 e1d1 c7e8 g5e6 d7e6 d1c2
451,W,checkmate,65,1.137479,2255,2026-09-04 08:18:53,h2h4 b7b6 b1a3 d7d6 c2c4 d6d5 a3c2 d5c4 d2d3 a7a5 c1g5 c8e6 g5f6 b6b5 g2g4 g8f6 f2f4 f6g4 d3d4 a8a6 d1c1 c7c5 a1b1 g4e3 g1f3 e3c2 c1c2 h7h5 f1g2 d8d7 g2h3 d7d4 f3d4 e6h3 h1h3 c5d4 b2b3 e7e5 f4e5 c4b3 c2d2 b8c6 b1b3 a6a8 b3d3 e8e7 h3h1 c6e5 d3d4 b5b4 d4e4 e7e6 d2e3 f8d6 h1f1 h8h6 e1f2 e6f5 e4e5 d6e5 f1d1 e5f6 d1d5 f5g4 e3g3
452,W,value_resign,69,1.126170,2260,2026-09-04 08:20:51,h2h4 b7b6 b2b3 c7c6 c2c3 g8h6 f2f4 c8a6 g1h3 f7f6 e1f2 e7e5 a2a3 b6b5 b3b4 a6b7 a3a4 d7d5 f4e5 d8a5 a1a2 a5d8 e5e6 b5a4 h3f4 f8e7 c1b2 h6g4 f2g1 f6f5 d2d4 b7c8 c3c4 d5c4 a2a4 g4f2 g1f2 c8d7 b4b5 a7a5 b5a6 a8a6 e6d7 b8d7 b1c3 a6a4 d1a4 d7c5 d4c5 e7d6 c5d6 d8d6 g2g4 f5g4 f2g3 g7g5 f1h3 g4h3 h4g5 h8f8 e2e4 d6d8 c3d5 d8a5 a4a5 h3h2 b2a3 f8h8 g3h2
453,B,checkmate,42,1.059270,2265,2026-09-04 08:21:44,h2h4 c7c6 g2g3 h7h6 g3g4 c6c5 f2f4 c5c4 e2e3 a7a5 d2d3 a8a7 e1d2 d7d5 e3e4 f7f6 b1c3 e7e6 e4d5 e6d5 c3b5 c4c3 d2c3 e8d7 g4g5 d7e6 g5f6 g7f6 b5a7 e6d7 f4f5 f8b4 c3b3 b4e7 a7c8 d7c8 b3c3 b7b5 c1d2 d5d4 c3b3 a5a4
454,W,value_resign,61,1.039688,2270,2026-09-04 08:21:58,h2h4 b7b6 b1a3 d7d6 b2b4 a7a5 a1b1 c8g4 c2c4 c7c6 h4h5 a8a6 d2d4 b6b5 a3c2 e7e6 c4c5 f8e7 c1d2 g8h6 e2e4 g4d1 c2a3 h6g4 b1d1 f7f5 e4f5 h8f8 b4a5 e8d7 f5e6 d7e6 f2f3 g4e3 d2e3 b8d7 e3d2 e7f6 h5h6 d6c5 h6g7 a6a5 g7f8q d8f8 d4c5 b5b4 d2b4 a5a3 b4a3 f8c5 a3c5 d7c5 g1e2 c5d7 d1b1 e6e7 b1b3 c6c5 b3b2 c5c4 e2g1
455,W,material_adjudication,106,1.106323,2275,2026-09-04 08:22:12,e2e3 e7e5 f2f3 f8c5 c2c3 c5d6 c3c4 e8e7 a2a4 d8f8 e3e4 f7f5 c4c5 f5e4 a1a3 e4f3 g1f3 d6c5 a3b3 e5e4 a4a5 e4f3 d2d4 c7c6 b3e3 e7d6 e1d2 c5b4 d2d3 f8f5 d3c4 f3g2 f1g2 f5f4 c4b4 g8f6 e3f3 f4g4 h1f1 g4g2 d4d5 f6d5 b4c4 b7b6 a5b6 a7b6 c4d3 c8b7 h2h3 b8a6 f1h1 g2f3 d1f3 a6c5 d3e2 d6e7 b2b4 d5b4 b1c3 b4d5 c3d5 c6d5 c1d2 c5e4 e2d3 e4d2 d3d2 h7h5 d2d3 e7e6 h1f1 h5h4 f3g4 e6d6 g4g6 d6e7 g6g7 e7d6 g7f6 d6c7 f6g5 c7d6 g5f6 d6c7 f6g5 d7d6 d3e2 c7c8 f1f5 h8f8 f5f8 c8d7 f8f1 d7e8 g5c1 d5d4 f1f5 b7d5 f5d5 a8c8 c1c8 e8e7 e2d2 e7f7 c8c7 f7e6
456,W,value_resign,37,1.183025,2280,2026-09-04 08:24:50,h2h4 h7h5 d2d4 a7a6 b2b3 b7b5 b1a3 b5b4 a1b1 d7d5 e2e4 d5e4 d4d5 b4a3 c1g5 c8g4 f2f3 e8d7 f3g4 h8h6 g5h6 h5g4 b3b4 g7h6 c2c4 f7f6 e1e2 e7e5 d5e6 d7c6 d1d8 b8d7 d8d7 c6b7 b1a1 a6a5 b4b5
457,W,value_resign,39,1.182356,2285,2026-09-04 08:27:24,a2a3 c7c6 h2h3 f7f6 f2f3 c6c5 g2g3 h7h6 b2b3 a7a5 h1h2 b7b5 e2e3 b5b4 f1b5 e8f7 c2c4 b4c3 d1c2 f6f5 e1e2 g8f6 d2c3 f6d5 c2f5 f7e8 f5h5 g7g6 h5d5 f8g7 d5a8 c8b7 a8b7 d8c8 b7c8 e8f7 b5c6 h8f8 a3a4
458,B,material_adjudication_moderate,86,1.061905,2290,2026-09-04 08:29:10,h2h4 a7a5 h4h5 g8h6 a2a3 a5a4 h1h3 c7c5 f2f3 f7f5 d2d3 a8a5 b2b4 a4b3 e1d2 h8g8 h3h1 e8f7 c1b2 b3c2 d2c2 d7d5 d3d4 c5d4 a3a4 b8c6 c2d3 e7e5 g2g4 f7e7 f1g2 f5g4 f3g4 c8g4 g1f3 g4f3 g2f3 e5e4 f3e4 d5e4 d3e4 c6b4 e4f3 b7b6 b2d4 g8h8 f3g2 h6g4 d1e1 e7e8 h1g1 d8d4 e2e3 g4e3 g2g3 g7g5 h5g6 f8g7 b1c3 g7f6 c3e2 d4d7 g6g7 h8g8 g3f4 g8g7 f4e3 g7f7 e1b4 h7h5 b4a5 b6a5 g1b1 d7d5 e2d4 e8f8 d4f3 h5h4 f3h4 f6h4 b1c1 d5f3 e3d2 h4g3 c1f1 f3g4
459,B,material_adjudication,89,1.091882,2295,2026-09-04 08:29:26,e2e3 a7a5 d2d3 g8h6 f2f4 g7g5 a2a3 c7c5 g2g4 g5f4 e3f4 f7f6 h2h4 e8f7 e1e2 h6g4 b1c3 d7d5 f1g2 h7h6 b2b3 d5d4 e2d2 d4c3 d2c3 g4f2 g1f3 c8e6 d1e1 a5a4 e1f2 a4b3 c2b3 e6b3 g2h3 b8a6 a3a4 a6c7 c1b2 b7b6 f3e1 b3d1 a1d1 f7e8 c3d2 f8g7 f2g3 f6f5 h4h5 g7b2 g3f3 d8d4 f3f1 e7e6 e1c2 d4d5 h3g2 d5b3 g2a8 h8g8 a8g2 b3a4 h1h4 a4a5 d2e2 b6b5 g2b7 b2f6 c2e1 f6h4 d1b1 b5b4 d3d4 h4e1 e2e1 a5a2 d4c5 a2b1 e1f2 b1a2 f2e1 g8f8 f1c4 a2c4 e1d2 c4d5 d2e1 e8f7 e1e2
460,B,value_resign,36,1.055286,2300,2026-09-04 08:30:40,h2h4 h7h5 e2e4 b7b6 d2d3 e7e5 c1g5 d7d6 b1a3 c8g4 g5f6 d8f6 a1c1 c7c6 f2f3 a7a6 f3g4 h5g4 h4h5 e8d7 c1a1 h8h5 a3c4 h5h1 c4b6 d7e8 b6a8 h1g1 d1e2 f6g6 e2g4 g6g4 e1d2 g4g3 b2b3 g3h2
461,B,material_adjudication,66,1.029896,2305,2026-09-04 08:32:12,h2h4 h7h5 e2e4 b8a6 d2d4 a8b8 c1d2 e7e5 a2a3 d7d6 d1e2 f7f6 g2g4 h5g4 e1d1 f6f5 e4f5 b7b6 b2b3 f8e7 f5f6 e7f6 h4h5 f6h4 h1h4 d8h4 f1g2 g8f6 d4e5 h8h5 e5f6 h5e5 f2f4 e5e2 g2e4 c8b7 g1e2 h4f6 e2d4 f6d4 e4b7 b8b7 f4f5 e8e7 f5f6 g7f6 d1e1 d4e4 e1d1 c7c5 b1c3 e4f3 d1e1 a6c7 c3d5 e7d7 d5c7 d7c7 a1b1 d6d5 c2c4 c7d7 b1c1 f3e4 e1d1 g4g3
462,B,value_resign,52,1.110361,2310,2026-09-04 08:33:13,h2h4 b7b6 b2b3 h7h5 c1b2 h8h7 c2c3 c7c5 h1h2 e7e6 b1a3 c8b7 a3b5 a7a6 e2e3 e6e5 d2d4 a6b5 d4c5 b8a6 c5b6 g8e7 g1e2 a6b8 e3e4 h7h6 d1c1 e7g6 e2f4 g6f4 f1b5 e8e7 a2a4 h6b6 c3c4 b6e6 g2g4 b8a6 a4a5 b7c6 b5a6 a8a6 c4c5 g7g6 g4g5 e7e8 c1f4 e5f4 e1e2 a6a5 a1a5 f8c5
463,W,material_adjudication,96,1.129783,2315,2026-09-04 08:34:45,e2e3 h7h5 d2d4 a7a6 e1d2 d7d6 e3e4 b7b6 d2e3 g8h6 d1d3 a6a5 f2f3 c8g4 a2a4 h6g8 c2c4 e7e5 d3b3 f8e7 a1a2 a8a6 f3g4 g8f6 d4e5 d6e5 h2h3 h5h4 g4g5 b8d7 b3d3 f6h5 h1h2 d7b8 b1d2 d8d7 g1e2 e8d8 h2h1 h8h7 h1g1 h5g3 b2b3 d7d3 e3d3 b8c6 c1a3 e7g5 d3c2 g5d2 e2g3 h4g3 c2d2 c6b4 a2b2 g7g5 c4c5 b6c5 f1a6 b4a6 d2e2 h7h4 g1e1 d8e7 e2d3 h4f4 h3h4 g5h4 e1d1 c7c6 b2b1 a6b4 a3b4 a5b4 b1b2 h4h3 d1g1 h3g2 g1g2 f7f6 a4a5 e7f7 g2g3 f7e7 a5a6 e7f7 b2b1 f7e7 a6a7 e7f8 a7a8q f8e7 b1d1 e7e6 a8d8 f6f5
464,B,material_adjudication_moderate,129,1.071524,2320,2026-09-04 08:35:01,h2h4 b7b6 b2b3 h7h5 a2a4 c7c6 a1a3 c8a6 c2c4 d8c8 a4a5 e7e6 d1c2 c8d8 c2b2 f8a3 b1a3 d8c8 a5b6 a7b6 g2g4 c6c5 g4g5 g7g6 b2h8 a6b7 h8e5 f7f6 g5f6 c8c7 e5c7 g8f6 f1h3 b8a6 a3b1 a6c7 c1b2 b7h1 b2f6 h1b7 f6b2 a8a2 f2f4 a2b2 g1f3 b2b3 f3d4 c5d4 e1f2 b3b2 b1a3 e8e7 a3b5 e7e8 b5c7 e8d8 c7a8 b7a8 f4f5 g6f5 h3f5 b2b1 f5b1 a8b7 d2d3 d8e7 f2g3 e6e5 g3f2 e5e4 d3e4 e7f8 e4e5 f8e7 f2g3 e7f7 g3f2 f7e7 b1f5 b7a6 f5d3 a6b7 d3f5 b7a6 f5d3 a6b7 f2g3 e7f8 g3f2 f8f7 d3f5 b7c6 f5h3 f7e7 f2f1 c6a4 f1f2 d7d6 e5d6 e7d6 f2g3 d6c5 h3g2 c5c4 g2f3 c4b5 g3f2 b5c4 e2e4 d4e3 f2e3 c4c3 f3c6 a4c6 e3f2 c6a8 f2g1 a8b7 g1f1 b7a8 f1e1 c3b2 e1e2 a8b7 e2e3 b7a8 e3d4 a8b7 d4e5
465,B,material_adjudication,93,1.041948,2325,2026-09-04 08:36:14,e2e3 g7g6 b1a3 g6g5 b2b4 h7h5 f1e2 c7c5 a3b5 a7a6 e3e4 d7d6 a2a4 c5b4 d2d4 a6b5 c1g5 b5a4 e2f3 h5h4 a1b1 a4a3 h2h3 a8a4 h1h2 c8g4 f3g4 e7e5 g5d8 b4b3 c2b3 b8d7 d1e2 d7b6 d4e5 a4e4 d8b6 e4e5 b3b4 f7f5 g4f5 e5e3 f2f4 a3a2 b1a1 e3e2 e1e2 g8e7 f5g4 e7g6 g1f3 g6f4 e2f2 h8h6 b6a5 f8g7 g4f5 g7a1 f2e1 a1c3 e1d1 a2a1q d1c2 a1a2 c2c3 h6h8 f3d4 a2d5 g2g3 h4g3 h2h1 d5h1 d4e6 h8h5 e6f4 h5h4 f4e6 h4h5 e6d4 e8f8 c3d3 h5h4 d3e3 h4d4 e3d4 g3g2 d4d3 g2g1q d3c2 g1g2 c2d3 g2f1 d3c2
466,W,material_adjudication_moderate,76,1.142686,2330,2026-09-04 08:36:57,e2e3 a7a5 f1b5 h7h5 g2g3 c7c5 d1h5 a8a7 g1h3 h8h5 e1d1 a5a4 h3f4 b8a6 f4h5 a6c7 h1g1 c7b5 h2h3 a4a3 d1e1 g7g5 b1a3 b5d4 e3d4 a7a4 g1f1 e7e5 d4c5 b7b6 f2f3 b6c5 b2b3 a4a3 c1a3 c8b7 a3c5 f8c5 f3f4 g5g4 f4e5 d7d6 e5d6 d8c8 h3g4 c8e6 e1d1 e6e5 f1e1 f7f5 e1e5 e8f8 e5e6 b7d5 d2d3 c5d6 c2c4 d5e6 g4g5 f5f4 g3f4 e6d7 a2a3 d6f4 h5f4 g8e7 f4g6 e7g6 d3d4 f8e7 d1c2 e7f8 a1b1 f8e7 c4c5 g6f4
467,B,material_adjudication_moderate,84,1.085456,2335,2026-09-04 08:38:08,a2a3 b8c6 a3a4 g7g5 h2h4 c6d4 c2c4 a8b8 g1h3 c7c5 b2b4 h7h6 h1g1 a7a5 c1a3 g5g4 h3f4 a5b4 a3b4 d8c7 h4h5 d4c2 d1c2 c7f4 b4c5 e7e5 c5e3 d7d5 b1c3 f4c4 d2d3 c4c6 a1a3 d5d4 c3d5 c6c2 d5b4 e8e7 b4c2 d4e3 g2g3 e3f2 e1f2 e7e8 f1g2 f8a3 c2a3 c8d7 d3d4 e5d4 a4a5 g8f6 f2e1 d4d3 e2d3 h8g8 a3c2 e8d8 d3d4 d8e8 g1h1 b8c8 e1e2 c8c2 e2d3 c2b2 h1a1 b2c2 d3c2 e8f8 c2d3 f8e8 d3e2 f6h5 d4d5 e8d8 a1d1 f7f5 d1c1 h5g3 e2d1 g8e8 c1a1 g3e4
468,B,material_adjudication_moderate,93,1.057422,2340,2026-09-04 08:40:18,e2e3 h7h5 f2f4 h5h4 d2d3 a7a5 e3e4 h8h7 a2a4 a8a6 g1e2 e7e6 e2d4 e6e5 f4e5 d7d6 b1c3 b7b6 g2g4 c8g4 c3d5 g4d1 a1b1 g8f6 e5f6 b8c6 h2h3 c6d4 c1d2 h7h5 f6g7 f8g7 f1g2 d4c2 e1d1 c2d4 g2f3 h5e5 h1h2 d4b3 d3d4 b3d4 d5b6 c7b6 h2h1 d4c2 d1c2 d8e7 d2f4 g7f6 f4e5 d6e5 h1f1 f6g7 c2d2 e8f8 d2d3 g7h6 f1c1 b6b5 a4b5 a6d6 d3e2 e7d8 b5b6 f8e7 f3g4 h6c1 b1c1 d8b8 c1c3 b8b7 c3c7 d6d7 c7b7 d7b7 e2d3 b7b6 d3d2 a5a4 g4f5 e7f6 d2e3 f6g7 e3d3 g7f6 f5g4 f6g7 d3e2 g7f6 e2d3 f6g7 d3e2
469,B,material_adjudication,77,1.096637,2345,2026-09-04 08:40:19,e2e3 g7g5 b2b3 b8a6 h2h3 e7e6 f2f3 a6b4 d2d4 b7b6 f1b5 b4d5 b1d2 c7c6 e1e2 c6b5 e3e4 f8e7 c1b2 d7d6 c2c3 g5g4 e4d5 a7a5 h3g4 c8d7 b3b4 a5b4 c3b4 a8a5 b4a5 e7f6 d5e6 d7e6 a5b6 d8b6 h1h4 f6h4 a2a4 b5a4 g2g3 h4f6 d2c4 b6d8 a1a3 e6d7 g4g5 f6g5 f3f4 g5f6 d4d5 f6b2 d1b1 g8f6 b1b2 h7h5 a3a1 d8c7 g1f3 c7c4 e2f2 c4d5 a1d1 d5e4 f3g5 e4f5 b2c2 f6e4 f2e2 d6d5 d1d5 f5d5 g5f7 e8f7 g3g4 h8c8 c2b2
470,B,material_adjudication_moderate,80,1.090710,2350,2026-09-04 08:41:15,g1f3 h7h5 b1c3 a7a5 f3e5 g7g5 b2b3 e7e6 g2g3 a8a7 c1b2 d7d6 e5g6 f8e7 g6h8 e7f6 c3d5 f6h8 e2e3 c7c6 d5f6 g8f6 d1e2 a5a4 f2f3 c6c5 e3e4 e6e5 c2c3 c8e6 c3c4 a4a3 b2a3 a7a3 e1f2 b8c6 a1c1 e8e7 h2h3 a3a2 c1c2 a2a7 c2a2 g5g4 a2a7 c6a7 h3g4 h5g4 h1h8 d8h8 f2g2 a7c6 f3g4 f6g4 e2f3 g4f6 f1e2 c6d4 f3e3 d4c6 g2f1 c6d4 e2f3 d4f3 e3f3 h8h7 g3g4 h7h8 f3e3 f6g4 f1e2 g4f6 e2f3 h8h7 e3e2 h7g8 e2f2 g8d8 f2e2 e6d5
471,B,value_resign,63,1.028775,2355,2026-09-04 08:44:34,b1c3 a7a5 a1b1 c7c6 c3d5 a5a4 g2g3 d7d6 d2d3 e8d7 b2b3 h7h5 d1d2 a4b3 a2b3 b8a6 d3d4 f7f5 f2f3 c6d5 g3g4 h5g4 e1d1 a6b4 h2h4 g4h3 d2g5 b4d3 g5d2 d3c1 d2c1 e7e6 c1f4 h8h7 b1c1 d8f6 d1e1 d7c6 c2c4 a8a2 c1a1 a2a1 f4c1 a1c1 e1f2 c1c4 b3c4 e6e5 d4e5 d6e5 c4d5 c6b6 f2e3 g8e7 e3d3 g7g6 d5d6 e7c6 e2e3 b6b5 f1e2 b5b4 h1h3
472,B,material_adjudication,85,1.042153,2360,2026-09-04 08:45:34,h2h4 h7h5 e2e4 a7a5 g1h3 g8h6 e1e2 e7e5 f2f3 b7b6 e2f2 h6g8 f1c4 h8h7 c4e6 d7e6 h1g1 b8c6 h3g5 g8e7 g5h7 d8d4 f2e2 c8b7 h7f8 e8d8 a2a4 c6a7 c2c4 d4c4 e2f2 c4c5 f2f1 e7f5 d2d4 f5d4 g2g4 h5g4 g1g4 d8e7 f3f4 a8f8 d1e1 f7f5 g4g6 f8d8 e4f5 e5f4 f5e6 c7c6 c1d2 d4e6 g6e6 e7d7 b1a3 g7g6 e1e2 f4f3 e2e1 b7a6 a3b5 a7b5 e1e5 b5c7 f1e1 c7e6 e5c5 b6c5 h4h5 c5c4 h5g6 a6b7 g6g7 d8g8 a1c1 g8g7 c1c4 g7g6 c4d4 e6d4 d2a5 d7d6 a5d2 c6c5 a4a5
473,W,material_adjudication_moderate,83,1.087156,2365,2026-09-04 08:47:47,b2b4 h7h6 a2a3 g7g5 a3a4 a7a5 d2d3 h8h7 h2h3 a8a6 b1a3 c7c5 d3d4 c5d4 c1d2 a5b4 a3c4 f8g7 d1b1 h7h8 f2f4 g5g4 h3g4 d7d5 g1h3 d8c7 c4b2 f7f6 h1g1 c7c2 b1c2 b4b3 c2c8 e8f7 c8b8 h6h5 b8a7 a6a7 g4h5 h8h5 f4f5 h5h3 g2h3 g7f8 e1f2 a7a6 f1g2 a6b6 f2e1 f7g7 g2d5 g7h7 e2e3 d4e3 d2a5 e3e2 a5b6 e7e6 d5e6 g8e7 g1h1 e7c6 h1h2 c6d4 a1a3 f8a3 b6d4 a3b2 h2f2 b2d4 f2f4 d4e5 f4b4 b3b2 e1e2 b2b1q b4b1 b7b6 e2d1 h7g7 a4a5 b6a5 b1b2
474,B,value_resign,76,1.063915,2370,2026-09-04 08:49:19,a2a3 g8f6 a3a4 g7g6 f2f3 e7e6 a4a5 e8e7 e2e3 f6h5 b2b3 c7c6 a5a6 h5g7 g1e2 b8a6 c2c4 a6b4 e1f2 a7a6 d1e1 d7d6 c1b2 f7f5 b1c3 d6d5 a1a3 d5c4 a3a1 c8d7 g2g3 c4b3 f3f4 b4d3 f2f3 d3e1 a1e1 e7f6 f1g2 f6e7 e2d4 e7f6 c3b1 a8c8 d4c6 f6f7 c6d8 c8d8 e1c1 d7b5 h1g1 e6e5 c1c3 e5f4 f3f4 f8b4 g2f3 b4c3 b1c3 b5c6 f3c6 b7c6 g1a1 d8d2 c3b1 d2b2 e3e4 f5e4 b1a3 b2a2 a1a2 b3a2 a3c4 h8d8 c4e5 f7e7
475,D,cap_draw,150,1.101314,2375,2026-09-04 08:49:50,h2h4 h7h5 a2a3 b7b6 c2c4 e7e5 c4c5 g8e7 a1a2 d7d5 b2b4 f7f5 d2d3 e7c6 b1d2 d5d4 e2e4 b8a6 g1e2 a8b8 d2c4 d8d6 c4d6 f8d6 c5d6 g7g5 a2b2 h8h7 d1a4 g5g4 g2g3 f5f4 h1g1 b6b5 a4d1 c6b4 b2b3 f4f3 a3b4 f3e2 d1e2 a6b4 c1g5 c8d7 b3b4 e8f7 b4b3 a7a5 g5e3 d4e3 d3d4 e5d4 f2f4 f7e8 b3d3 c7d6 f4f5 d6d5 e4d5 b5b4 d5d6 b4b3 f5f6 b3b2 d3d4 b2b1q e2d1 b1a2 f1e2 h7f7 e1f1 a5a4 f1g2 a2e6 d4a4 d7a4 d1a4 f7d7 a4a5 e6f6 g1f1 f6d6 e2b5 b8b5 a5b5 d6d4 f1e1 d4e4 g2h2 e4c2 b5e2 c2e2 e1e2 d7d4 e2e3 e8f8 h2h1 d4c4 e3e2 f8f7 e2b2 f7e6 b2d2 e6e7 h1h2 c4c6 d2d3 c6c4 h2g1 e7f8 d3d1 f8e8 g1g2 e8f8 d1d3 f8e8 d3d1 e8f8 g2h2 f8e8 h2g2 e8f8 g2h2 f8e7 d1d2 c4c8 d2d3 c8c4 h2h1 e7f8 d3d1 f8e8 h1g1 e8e7 g1g2 e7f8 d1d3 f8g7 d3a3 c4d4 a3a1 d4e4 a1b1 e4d4 b1a1 d4e4 a1b1 e4d4 g2f1 d4c4
476,B,material_adjudication_moderate,76,1.163379,2380,2026-09-04 08:50:49,h2h4 b7b6 b1a3 d7d6 c2c4 d6d5 a3c2 c7c5 a1b1 d5c4 d2d4 d8d4 c2d4 b8c6 d4f5 a7a5 e2e4 g7g6 d1d7 c8d7 g1f3 g6f5 f3g1 h7h5 c1d2 e8c8 e4f5 f8h6 f1c4 c6b8 a2a4 c8b7 b2b3 d7c6 b1d1 c6g2 f5f6 g8f6 g1f3 g2h1 f3g5 e7e5 g5f7 b8d7 f7e5 d7b8 e5f7 h6d2 d1d2 b8d7 d2d4 b7a8 f7h8 c5d4 h8f7 d7b8 f7d8 h1f3 c4d3 f6d7 d3h7 d7e5 h7e4 f3e4 d8b7 b8c6 b7d6 e4f3 d6c4 c6b4 c4e5 b4c2 e1f1 f3e4 e5c4 c2a1
477,B,material_adjudication,69,1.225396,2385,2026-09-04 08:51:32,h2h4 h7h5 e2e4 b7b5 b2b3 a7a5 c2c3 b8a6 f1d3 a8a7 d3c4 b5c4 e4e5 a6c5 g1e2 d7d6 c1b2 a7a8 b1a3 c8f5 a3b5 f5g4 f2f3 a8a6 f3g4 d6e5 g4g5 c5b3 a2b3 c4b3 c3c4 e5e4 a1a3 a5a4 d2d4 e4d3 a3a1 d3e2 e1e2 c7c5 d1f1 e7e6 g2g4 f8e7 g4h5 h8h5 f1d1 d8d1 a1d1 f7f6 g5f6 g7f6 d1c1 e8f8 e2e1 a6a5 h1h3 a4a3 b2c3 a5b5 c4b5 b3b2 b5b6 b2c1q e1e2 h5g5 h4g5 e6e5 h3h1
478,W,material_adjudication_moderate,76,1.103712,2390,2026-09-04 08:51:46,h2h4 b7b6 b2b3 c7c6 f2f4 e7e5 c2c4 d7d6 c1b2 h7h5 g1h3 d8h4 h3f2 h4h1 f2h1 c6c5 f4f5 a7a6 g2g4 h5g4 e1f2 f8e7 d2d3 a6a5 f1g2 a5a4 f5f6 b8d7 g2a8 c8a6 b1c3 g7f6 f2e1 h8h1 a8h1 d6d5 h1g2 d5d4 c3b5 a6b5 c4b5 a4b3 a1c1 b3a2 g2d5 g4g3 e1f1 e5e4 e2e3 d4e3 f1g2 e4d3 d1d3 a2a1q b2a1 e3e2 d3c3 f6f5 c3b2 e7f6 c1c3 g8e7 b2c1 e7d5 c3d3 d5b4 d3e3 f6e7 e3e2 e8d8 c1c4 e7d6 a1b2 d7e5 c4h4 d6e7
479,D,rule_draw,75,1.138456,2395,2026-09-04 08:53:10,e2e3 a7a5 b2b3 a5a4 g2g3 h7h5 f2f3 h5h4 g3h4 e7e5 e1e2 a4b3 f1g2 f8d6 e3e4 b3b2 c1b2 c7c5 c2c4 a8a7 h4h5 b8c6 h2h4 h8h5 d1f1 d6f8 a2a3 d7d6 f1e1 e8e7 e2f1 f7f6 f3f4 e7e8 e1c1 b7b6 f4e5 f6e5 b2c3 e8d7 c1b2 a7a4 g2f3 d8f6 h1h3 f6f4 f1e1 h5h8 e1e2 g8e7 e2e1 h8g8 g1e2 f4f6 e2g1 f6f4 e1f1 g8h8 g1e2 f4f6 e2c1 f6f4 c1e2 f4f6 e2c1 f6f4 c1e2 f4f6 e2c1 f6f4 c1e2 f4f6 e2c1 f6f4 c1e2
480,W,material_adjudication,98,1.115472,2400,2026-09-04 08:53:24,g1f3 b7b5 b1c3 a7a5 b2b3 b8c6 f3h4 c6d4 c3d5 d7d6 c2c3 d8d7 e2e4 a8a7 c3c4 c8b7 d5c3 f7f6 a1b1 d7d8 b1b2 b7e4 b2c2 a7a6 b3b4 c7c5 d2d3 d4c6 e1d2 c5b4 c3e2 e7e6 c4b5 e4g2 d3d4 g2h1 b5a6 h1f3 a2a4 e6e5 h4f3 d8e7 c2c6 h7h5 d4d5 e7d8 h2h4 e5e4 f3h2 g7g5 h4g5 f6g5 d2e1 f8g7 c1g5 d8g5 f1h3 h5h4 c6c8 g5d8 c8d8 e8d8 f2f3 e4f3 h3f1 g7f6 h2f3 d8e8 d1d2 h4h3 f1h3 h8h3 e1f2 h3f3 f2f3 b4b3 e2c3 f6c3 d2c3 b3b2 c3b2 g8f6 f3f2 f6h5 f2e2 e8f8 b2d2 f8e8 d2a5 h5f4 e2e3 f4d5 a5d5 e8e7 d5a8 d6d5 a4a5 d5d4
481,B,material_adjudication_moderate,76,1.131950,2405,2026-09-04 08:54:35,f2f4 a7a5 d2d3 c7c6 e1d2 d8b6 d3d4 b6d4 d2e1 e8d8 g1h3 b7b6 d1d4 c8b7 c2c4 c6c5 d4d7 d8d7 h3g5 h7h5 e1d1 g8h6 c1d2 a8a6 h2h4 f7f6 g5f7 h6f7 h1h2 f7h6 d1e1 h6g4 h2h3 b7e4 h3e3 g4e3 d2e3 e4c2 e3c5 b6c5 g2g3 f6f5 f1g2 b8c6 a2a4 d7d8 e1d2 c6b4 d2c1 c2b1 a1b1 a6c6 g2c6 b4c6 c1d2 c6b4 d2d1 d8e8 d1e1 e8f7 b1a1 g7g5 h4g5 f8g7 g3g4 h5g4 a1b1 g4g3 g5g6 f7g6 b1a1 g7f6 b2b3 f6d4 a1c1 g6h7
482,B,material_adjudication,66,1.093951,2410,2026-09-04 08:56:09,b1a3 h7h5 b2b4 g7g5 d2d3 c7c5 b4c5 h5h4 a3c4 g5g4 a1b1 f7f5 e1d2 a7a5 h2h3 a8a6 c5c6 d7c6 e2e4 f8g7 f2f4 a6b6 c4b6 g4g3 e4f5 e8f8 h1h2 h8h5 d1h5 g3h2 g1e2 h2h1q b6c4 h1f1 c4e5 g7e5 d3d4 e5f6 h5g6 c6c5 b1b5 c5d4 d2d3 c8d7 b5c5 e7e5 f4e5 b7b5 e5f6 g8f6 c5b5 d7b5 d3d2 f6h5 e2d4 b5c4 c1a3 d8e7 f5f6 e7a3 d4b5 a3a2 d2e3 b8c6 g2g4 h4g3
483,W,value_resign,54,1.107016,2415,2026-09-04 08:58:29,e2e4 c7c5 b2b3 a7a5 d2d3 f7f6 d1d2 b8c6 h2h4 e7e5 e1d1 d7d6 b1c3 g8e7 f2f4 e5f4 g2g4 c8g4 f1e2 a8b8 e2g4 c5c4 a2a4 c4b3 c1b2 d8b6 c2b3 b6c5 c3d5 f6f5 g4e2 e7d5 e4d5 c5d5 g1f3 g7g6 b2h8 h7h6 a1c1 c6d4 h8d4 d5d4 f3d4 b7b5 h1f1 b5b4 f1f2 b8a8 f2f3 a8d8 h4h5 d8d7 c1b1 f8e7
484,W,material_adjudication,88,1.123973,2420,2026-09-04 08:59:12,h2h4 b7b6 b1a3 e7e5 c2c3 f7f6 a1b1 e8e7 g1f3 e7d6 a3b5 d6e7 d2d4 c7c6 g2g4 a7a5 f1g2 e5e4 c1e3 e4f3 g2f3 c6b5 d1c2 b5b4 h1f1 h7h6 c2e4 e7f7 e4d5 f7e8 d5a8 b4c3 b2c3 d7d5 a8b8 h6h5 g4h5 g8e7 f3d5 e7d5 e3d2 d5c3 d2c3 b6b5 b1b5 c8d7 b8d8 e8d8 b5a5 f8d6 a5a7 f6f5 f2f3 f5f4 e1f2 h8h5 a2a4 h5f5 c3e1 d7e6 f1h1 f5d5 f2g1 d6b8 a7a6 g7g6 a4a5 d5d4 h4h5 d4d5 a6e6 b8d6 e6d6 d8e7 g1h2 e7d6 e1d2 d5d2 a5a6 g6h5 a6a7 d2c2 a7a8q d6c7 h1f1 h5h4 f1b1 c7d7
485,B,value_resign,26,1.122073,2425,2026-09-04 08:59:27,e2e3 a7a5 d1h5 a5a4 d2d3 e7e5 e1e2 g7g6 e3e4 c7c6 b2b3 f7f6 h5e5 f6e5 g2g3 f8d6 c1g5 d8g5 h2h4 g5e7 f2f3 a4b3 f1h3 a8a7 h3f1 a7a4
486,B,material_adjudication,97,1.152202,2430,2026-09-04 09:00:10,e2e4 c7c5 g1e2 h7h5 d2d4 d7d6 h1g1 c8d7 b2b3 a7a6 f2f4 g8f6 f4f5 f6e4 b1d2 a6a5 d2e4 g7g5 f5f6 e7f6 e1d2 c5d4 e2c3 d4c3 d2e3 b8a6 d1e2 f8h6 g2g4 d7f5 e4c3 f5g4 g1g4 h5g4 c3d1 a6c7 e3d2 d8e7 c1b2 b7b5 a2a4 b5b4 d1e3 e7e6 d2d1 h6f8 e3f5 h8h2 e2h2 e6f5 f1d3 f5f4 h2g1 f6f5 g1f1 f4f1 d3f1 f8h6 f1g2 a8a6 a1b1 g4g3 g2c6 a6c6 b1a1 g5g4 c2c3 b4c3 b2c3 e8d7 a1c1 h6e3 c1a1 c7a6 c3d2 e3d4 d2e3 a6c7 e3d4 c7d5 a1c1 c6c1 d1c1 g3g2 c1d1 g4g3 d1e1 d7c8 e1d1 d5f6 d4f6 g2g1q d1e2 g1h2 e2f3 c8b8 f6d4
487,B,material_adjudication,79,1.071810,2435,2026-09-04 09:00:10,f2f4 h7h6 h2h4 a7a5 c2c4 b7b5 g2g4 h6h5 f4f5 b5c4 g1f3 a8a6 g4h5 h8h6 e1f2 c4c3 b1c3 h6h5 b2b3 a5a4 c1b2 h5h7 b3a4 a6h6 f3e5 c7c5 a4a5 c8b7 a1c1 b7h1 f5f6 h6f6 e5f3 d7d6 d1e1 h7h4 f2g3 h4h5 e2e4 e7e6 e4e5 f6g6 g3f4 b8a6 f1a6 f7f6 e5d6 d8a5 d6d7 e8d7 c3b5 a5a4 e1e4 h5d5 e4a4 h1f3 f4f3 g8e7 b5d4 d7d6 f3e2 c5d4 b2a3 d6e5 a3b2 e7f5 a6b5 g6h6 a4a7 d5b5 a2a4 b5b2 c1c2 b2c2 e2d3 c2a2 d3e2 h6h5 e2d1
488,B,material_adjudication,69,1.157286,2440,2026-09-04 09:01:05,e2e3 g7g5 h2h3 e7e6 e1e2 g8e7 h3h4 e6e5 e3e4 g5h4 d2d3 b8c6 b1a3 h4h3 b2b3 a7a5 c2c3 f7f6 a3c4 h3g2 f1g2 f6f5 e4f5 d7d5 c4a3 e8d7 d1d2 h8g8 g2d5 e7d5 h1h7 f8g7 f5f6 d8f6 h7h1 f6f5 f2f3 d5b4 c3b4 a5b4 h1h5 f5h5 d2g5 h5g5 c1g5 g7f6 g5f6 b4a3 d3d4 e5d4 a1c1 a8b8 f6d4 c6d4 e2e1 c7c5 c1c5 b7b5 e1f2 d4c6 f2e3 g8f8 b3b4 c6b4 g1e2 d7e7 e3d4 e7e8 e2c3
489,B,value_resign,48,1.201229,2445,2026-09-04 09:01:05,e2e3 g7g5 g1h3 e7e6 g2g3 g8e7 h3g5 e6e5 f1b5 b8c6 d1h5 b7b6 b5c6 d7c6 h5f7 e8d7 e1g1 d8e8 g5h7 e8f7 g3g4 f7d5 g4g5 h8h7 e3e4 h7g7 f2f3 d5d4 g1g2 d7e6 b1a3 g7f7 a1b1 a8b8 g2g3 e7d5 a3c4 c6c5 a2a3 d4c4 b2b3 c4d4 e4d5 e6d5 h2h3 c7c6 c1b2 c8d7
490,W,value_resign,34,1.132459,2450,2026-09-04 09:02:23,h2h4 e7e6 h4h5 c7c6 b1a3 h7h6 a1b1 d8a5 b2b4 f8b4 c2c4 f7f6 a3c2 e8e7 c2b4 a5b4 b1b4 g7g6 b4b5 d7d6 c1a3 a7a6 b5b2 b7b5 b2c2 e7e8 c2c1 e8d7 f2f4 b5b4 h5g6 c6c5 a3b4 c5b4
491,W,value_resign,19,1.097050,2455,2026-09-04 09:03:30,f2f4 a7a5 c2c4 a5a4 d1a4 c7c6 a4a8 d7d6 h2h3 c8d7 a8b8 f7f6 b8d8 e8d8 c4c5 d8c7 e1f2 g7g6 c5d6
492,B,value_resign,59,1.020321,2460,2026-09-04 09:04:27,c2c3 h7h6 c3c4 c7c5 h2h3 g7g5 g2g4 b7b5 f2f3 f8g7 h3h4 e8f8 f3f4 b5c4 a2a4 h8h7 g1h3 g7f6 a4a5 f6d4 h4g5 f7f5 e2e4 e7e5 d1c2 h6g5 a1a2 h7h6 a2a4 d8e8 f1c4 c8a6 h3g5 h6h1 e1e2 e8e7 c2c3 h1g1 g5e6 d7e6 g4f5 e5f4 a4a3 d4c3 d2c3 e6e5 c1f4 e5f4 b1d2 g8f6 c4a6 b8a6 e4e5 g1h1 e2f2 f6d5 c3c4 a6c7 c4d5
493,B,material_adjudication_moderate,109,1.184317,2465,2026-09-04 09:06:07,e2e4 e7e5 g1e2 b7b6 b2b3 d7d6 b1c3 d8h4 g2g3 h4e4 c3e4 g8h6 e4f6 g7f6 d2d4 h6g4 d4e5 d6d5 c1b2 f6e5 b2c3 d5d4 e2d4 c8d7 f1e2 f7f5 d4c6 b8c6 e1g1 g4f6 f2f3 f8c5 g1g2 a8c8 a2a4 h8f8 h2h3 f6h5 f3f4 e5f4 e2h5 e8e7 h5e2 f4g3 e2f3 a7a5 h3h4 c6b4 c3b4 a5b4 d1b1 c8a8 f3a8 f8d8 g2g3 d8a8 g3h2 h7h5 b1b2 a8a7 a1b1 e7e8 b1a1 e8e7 b2e5 e7d8 a4a5 a7a5 a1a5 b6a5 c2c4 c5d6 e5d6 c7d6 h2h1 d8e8 h1g1 d7c6 f1d1 a5a4 b3a4 c6a4 d1d2 b4b3 g1f2 f5f4 d2d6 f4f3 f2f3 b3b2 d6e6 e8d7 e6h6 b2b1q f3f2 a4b3 h6h5 b3c4 h5c5 b1d3 h4h5 c4a6 h5h6 d7d6 c5a5 d3e4 a5a6 d6c7 h6h7
494,B,material_adjudication_moderate,87,1.212822,2470,2026-09-04 09:08:15,e2e3 a7a5 f1b5 a5a4 c2c3 c7c6 d1c2 d7d6 g2g3 c6b5 h2h4 c8g4 e1f1 b5b4 e3e4 a4a3 c2d3 d8d7 e4e5 h7h5 b1a3 b8a6 a3b5 d7c8 b2b3 c8c6 c1b2 a6c7 b5c7 c6c7 e5e6 c7c6 e6f7 e8f7 c3b4 c6h1 f2f3 e7e5 d3e3 b7b5 f3g4 h5g4 e3f2 f7e8 a2a3 g8f6 f2g2 h1g2 f1g2 f8e7 h4h5 f6h5 d2d4 e7f6 d4e5 d6e5 b2d4 e5d4 g1h3 g4h3 g2h3 h8f8 g3g4 f6e5 g4h5 e8f7 h5h6 f7e6 h6g7 f8f6 g7g8q a8g8 a1a2 g8a8 h3g2 e6f7 a2b2 f7e6 g2h1 e6f7 h1g1 f7e6 g1h1 e6f7 h1g1 f7e6 g1h1
495,B,material_adjudication_moderate,89,1.132401,2475,2026-09-04 09:10:10,b2b3 b8a6 f2f3 a6c5 e2e3 d7d6 g2g3 g7g6 e1e2 a8b8 a2a4 f8g7 b3b4 a7a6 h2h4 c5d7 e2e1 e7e5 f1a6 d8e7 d2d4 e8f8 a4a5 b7a6 d4d5 h7h6 e1e2 f7f6 d1e1 c7c5 c2c3 e7d8 c1b2 b8b5 b1a3 b5b8 a3c4 b8b5 e3e4 g6g5 b4c5 d6c5 b2c1 c8b7 c1e3 b5b3 e1c1 h6h5 a1a3 b3a3 c1a3 g5g4 e3c5 d7c5 a3c5 f8e8 f3g4 h5g4 h4h5 f6f5 h5h6 g7h6 h1h4 d8d7 c4b6 d7e7 e2f1 e7c5 b6a4 h6e3 a4c5 h8h4 g3h4 e3c5 c3c4 g8f6 e4f5 c5e7 h4h5 f6d7 h5h6 e8f8 h6h7 f8g7 f5f6 e7f6 g1f3 f6e7 f3e5
496,B,value_resign,50,1.093694,2480,2026-09-04 09:10:11,g2g3 h7h5 h2h4 b7b6 b2b3 f7f5 g3g4 a7a5 g4h5 g8h6 f2f4 d7d6 b1c3 c8d7 e1f2 a8a6 f2e3 h8g8 e3f2 c7c5 f1g2 d7c8 c1a3 c8b7 d1f1 b6b5 f1c1 b7g2 h1h2 b5b4 h2g2 b4c3 g2g7 f8g7 d2c3 e8f7 a3b2 c5c4 a2a4 d8c7 b3c4 a6a8 c1d2 g7f6 d2d4 f6d4 c3d4 c7c8 g1f3 f7f8
497,B,material_adjudication_moderate,81,1.175811,2485,2026-09-04 09:10:26,h2h4 h7h5 e2e4 b7b6 g1e2 d7d6 b2b3 g7g5 b1c3 c8d7 h4g5 f8g7 h1h3 a7a5 a2a4 h5h4 c3b5 b8c6 h3h1 d7e6 b5d6 c7d6 a1a3 e6d7 c2c4 a8a6 f2f3 g7a1 a3a1 f7f5 e4f5 c6b4 d2d4 e8f8 e1d2 e7e5 f5e6 d7e6 h1g1 e6d7 d2e1 d8c8 e1d2 h4h3 g2h3 f8g7 d2e1 c8f8 c1b2 b4a2 a1a2 d6d5 e1d2 d5c4 a2a3 c4b3 b2c3 f8a3 d1b3 a3b3 g1g2 d7a4 e2c1 a6a7 c1b3 a4b3 f1c4 b3c4 d4d5 g7f8 g2g3 h8h7 c3d4 f8f7 h3h4 f7f8 d2c3 c4e2 c3d2 e2c4 d2c3
498,W,value_resign,78,1.138022,2490,2026-09-04 09:11:20,h2h4 b7b6 g2g4 d7d6 c2c4 c8g4 f1h3 g8h6 f2f3 g4h5 e2e3 h8g8 a2a4 c7c5 e1f2 d6d5 d1e2 d5c4 h3g2 d8c7 f3f4 b8c6 g1f3 c6a5 f3e5 a5b3 a1a3 a7a5 e2f3 c7d8 f3c6 d8d7 e5d7 a8d8 d7c5 d8d7 c6b5 b6c5 b5c4 b3d4 a3b3 d4b3 c4b3 d7d8 b3c4 d8d4 g2c6 e8d8 c4b5 c5c4 b1c3 d4d3 b5c4 e7e6 c3d5 e6d5 c6d5 f8d6 b2b3 d3d4 c4d4 d8e7 c1b2 d6f4 b2c3 h6g4 f2g1 e7d8 d5g2 d8e8 c3a1 h7h6 d4b2 e8f8 g1f1 g7g5 d2d4 g5h4
499,B,value_resign,36,1.142701,2495,2026-09-04 09:12:01,h2h4 b7b6 b2b3 h7h5 a2a4 e7e5 c1b2 a7a5 d1c1 c8b7 b2c3 d8c8 a1a3 d7d6 a3a1 e5e4 c3e5 b7d5 b1c3 d5b7 c3e4 b8a6 b3b4 d6e5 b4b5 g7g5 d2d3 f8b4 c1d2 g5g4 f2f3 b4d2 e1d1 e8d8 f3f4 c8d7
500,B,material_adjudication,66,1.064346,2500,2026-09-04 09:15:35,e2e3 a7a5 e1e2 b7b5 g1h3 g8h6 g2g4 c8a6 a2a4 h6g4 a4b5 c7c5 c2c3 h7h5 f2f3 a6b5 d2d3 b5c6 e2d2 g4e3 d2e3 h5h4 h3g1 f7f5 f1e2 h4h3 e3d2 h8h5 c3c4 e8f7 d2c2 a5a4 d3d4 c5d4 b1d2 a8a6 b2b4 a4b3 c2b3 a6a1 c1a3 a1d1 e2d1 d4d3 g1e2 d8c8 e2d4 c6b7 f3f4 b7c6 a3c5 c6b7 d2b1 c8c5 h1g1 b7c6 d4c2 g7g5 f4g5 c6a4 b3a4 d7d6 b1d2 b8c6 g1f1 c6e5
501,B,value_resign,62,1.119702,2505,2026-09-04 09:15:57,h2h4 b7b6 b2b3 d7d6 c2c4 e7e5 b3b4 h7h5 f2f4 b6b5 d2d3 c8g4 e1d2 a7a6 g1h3 g4h3 h1h3 g7g6 c4c5 c7c6 h3f3 e8e7 e2e3 d6c5 b1a3 c5b4 a3c4 b5c4 f4e5 c4c3 d2c2 f8g7 e5e6 d8a5 e3e4 f7f5 g2g4 h5g4 h4h5 g4f3 h5g6 g7f6 g6g7 h8h7 d1f3 h7g7 c1f4 g7h7 f3e2 a5a4 c2b1 f5e4 d3e4 a6a5 e2c2 a4a3 c2c3 b4c3 e4e5 e7d8 e5f6 g8f6
502,B,material_adjudication_moderate,103,1.104205,2510,2026-09-04 09:16:11,a2a4 c7c6 b2b4 f7f6 a1a2 e7e6 d2d4 f8b4 c1d2 b4e7 e2e3 e6e5 g2g4 e5d4 e3d4 h7h5 h2h4 b7b6 c2c3 d7d6 g4g5 f6g5 h4g5 e8f8 d1f3 f8e8 a4a5 d8c7 g5g6 c8d7 c3c4 g8f6 f3d1 b8a6 f2f3 h8g8 a2a3 d6d5 a5b6 a7b6 c4c5 c7g3 e1e2 h5h4 c5b6 e7d6 d2g5 c6c5 d4c5 d6c5 b6b7 a8b8 a3b3 c5e7 h1h4 g3g5 h4d4 g5g3 b1d2 a6b4 b3b4 e7b4 d4b4 g3g1 d1c1 g1g3 d2b3 g8h8 b4d4 b8b7 c1f4 g3f4 d4f4 b7b8 b3d4 h8g8 f4h4 b8b6 h4f4 e8d8 f4h4 f6g4 f3g4 d7a4 f1h3 b6b8 d4c6 a4c6 h4h5 d8c8 e2d3 c6a4 d3d4 b8b7 h3f1 c8b8 h5h1 b8c8 f1g2 b7c7 g2f1 c8b8 h1h5
503,W,checkmate,41,1.160800,2515,2026-09-04 09:16:11,d2d3 b7b6 b1a3 c7c5 e2e4 f7f5 f2f4 g8f6 a3b1 e8f7 e4f5 f6d5 h2h4 a7a5 g2g4 d5f4 g4g5 a5a4 b1d2 b8a6 h1h2 d8e8 h4h5 g7g6 h2f2 a4a3 f2f4 f7g7 h5h6 g7f7 f1e2 f8h6 g5h6 a3b2 c1b2 g6g5 b2g7 g5f4 a2a4 h8g8 e2h5
504,W,material_adjudication_moderate,77,1.187748,2520,2026-09-04 09:17:46,a2a3 g8f6 a3a4 g7g6 a4a5 f6e4 d2d3 f7f6 c2c3 c7c6 d3e4 e8f7 f2f4 d8c7 h2h4 e7e5 e1d2 f8b4 e2e3 h8g8 c3b4 g8d8 a5a6 d7d5 d1b3 c8d7 b3c2 d8h8 a6b7 c7b7 b4b5 a7a5 f4e5 f7e7 e5f6 e7f6 f1e2 d7e6 g1f3 d5e4 b5c6 e4f3 c6b7 f3e2 b2b3 e6d5 b1a3 f6e7 d2c3 d5e4 g2g3 e4c2 a3c2 e2e1q h1e1 a8a6 c1a3 e7e8 e1c1 h8f8 a3f8 e8f8 c2d4 h7h6 c3c4 f8e8 c4b5 e8e7 h4h5 g6h5 c1b1 h5h4 g3g4 h4h3 d4c2 h3h2 b3b4
505,B,material_adjudication,71,1.045857,2525,2026-09-04 09:18:00,f2f4 a7a5 e2e3 a8a6 e1e2 h7h5 g2g3 a6g6 h2h4 b7b5 c2c4 g6g3 e3e4 b8a6 c4b5 a6b4 a2a3 h8h6 d2d4 c7c5 b5c6 h6e6 f4f5 b4c2 d1c2 e6d6 h1h3 d6c6 e4e5 c6c2 e2e1 d7d6 d4d5 c8f5 h3g3 a5a4 e5e6 c2c1 e1e2 g8h6 b1d2 f7e6 a1c1 e6d5 g3d3 d5d4 d3d4 e7e5 d4d5 f8e7 d5e5 d6e5 g1f3 e7f6 f3e5 f6e5 e2e1 h6g4 f1a6 d8b8 d2f3 f5d3 f3e5 d3a6 c1c7 b8c7 e5c6 c7d7 c6e7 g4f2 e1f2
506,B,material_adjudication_moderate,94,1.087149,2530,2026-09-04 09:18:27,h2h4 b7b6 b2b3 h7h5 a2a4 a7a5 e2e4 d7d6 d2d3 c8g4 c1g5 a8a7 d1c1 f7f6 a1a3 f6g5 c1g5 b8a6 g5g6 e8d7 a3a1 g4e6 e1e2 a7b7 e2e1 g8f6 b1d2 b7b8 a1b1 e6b3 d2b3 e7e6 e1e2 f8e7 d3d4 b8c8 e4e5 d6e5 c2c4 c7c6 d4e5 f6g4 b1c1 d7c7 g6e6 g4f2 e2f2 a6c5 b3c5 e7c5 f2e2 d8e8 e6e8 h8e8 e2d3 e8d8 d3e2 c5e7 g1f3 c7d7 c1a1 g7g6 g2g3 e7b4 f1g2 d7e7 h1c1 c8a8 a1b1 d8c8 c4c5 b4c5 b1b3 c5b4 e2e3 a8b8 c1c2 b4a3 b3a3 b8a8 c2c1 e7d7 g2f1 c8b8 f1e2 b8c8 g3g4 h5g4 f3d4 g4g3 h4h5 g3g2 h5h6 g2g1q
507,W,value_resign,67,1.128030,2535,2026-09-04 09:20:26,e2e3 a7a5 e1e2 b7b5 g2g3 g8h6 c2c4 h6g4 a2a3 a8a6 a3a4 e7e5 e3e4 g4f6 a4b5 f8e7 f2f3 e7c5 b5a6 b8a6 b1c3 g7g5 f3f4 a6b8 a1a2 b8a6 g1h3 e5f4 f1g2 e8f8 d2d4 f8e7 d4c5 d7d5 c1d2 d5e4 h3f2 d8d7 h1f1 f4f3 g2f3 e4f3 e2f3 a6c5 d2g5 h7h6 g5f6 e7f6 c3d5 f6e6 b2b3 h8d8 d1e2 e6d6 d5e3 a5a4 f1c1 a4b3 a2a7 c5e6 h2h4 c7c6 a7d7 c8d7 h4h5 b3b2 c1d1
508,W,value_resign,83,1.178271,2540,2026-09-04 09:22:01,d2d3 a7a6 e2e4 b7b5 b2b3 f7f6 h2h4 d7d6 g2g4 e7e5 d1f3 h7h6 f1h3 f8e7 e1e2 c7c6 a2a3 c6c5 g4g5 h6g5 e2f1 g5g4 h3g4 d6d5 b1d2 c8g4 f3g4 d5d4 g4e2 e8f8 h4h5 d8d7 a3a4 g7g6 a4b5 h8h5 h1h5 g6h5 f1g2 h5h4 f2f3 h4h3 g1h3 d7b5 a1a4 b5b7 d2c4 b7c6 f3f4 c6b7 f4e5 f6e5 h3g1 a8a7 c1d2 b8c6 e2f1 e7f6 f1e2 c6b4 d2c1 f6e7 c1d2 g8h6 d2h6 f8g8 g1f3 b4c2 e2c2 b7b8 c2b2 b8b7 h6g7 g8g7 f3e5 e7d6 c4d6 b7b3 b2b3 c5c4 b3c4 g7f6 c4c7
509,B,value_resign,56,1.079068,2545,2026-09-04 09:23:24,e2e3 e7e6 e3e4 e6e5 b2b3 f8c5 d2d3 b8c6 h2h4 b7b6 d1e2 a7a6 g2g4 g7g6 b1a3 e8e7 c1b2 f7f6 h4h5 g8h6 h5g6 h6g4 g6g7 h8g8 g1f3 d7d5 e4d5 g8e8 f3h4 c6d4 b2d4 c5d4 h1g1 d4a1 f1g2 e7f7 d3d4 a1d4 g1f1 b6b5 h4f5 g4f2 f1f2 d4f2 e1f2 b5b4 g2h1 h7h5 f2f3 e8g8 e2c4 c8f5 h1g2 c7c5 d5c6 f7g7
510,B,material_adjudication,66,1.184484,2550,2026-09-04 09:23:52,h2h4 b7b6 c2c3 h7h5 b1a3 a7a5 c3c4 b6b5 c4b5 c7c5 h1h2 a8a6 b5a6 b8a6 a3c4 d7d5 c4e5 h8h6 e5f7 e8f7 a2a4 a6b4 d2d4 h6h8 a1b1 g8h6 c1e3 c8e6 d4c5 h6g4 e3d2 g4h2 f2f4 g7g6 g1f3 f8h6 d2b4 h2f3 g2f3 a5b4 d1d3 d8c7 f1h3 e6h3 d3d1 h3e6 b2b3 h8f8 e2e3 d5d4 e3d4 h6f4 d4d5 e6d5 d1d5 e7e6 d5d2 f4d2 e1d2 f8d8 d2c1 c7b7 c5c6 b7c6 c1b2 c6d7
511,B,material_adjudication,66,1.237867,2555,2026-09-04 09:26:04,h2h4 b8a6 c2c4 h7h5 f2f4 b7b5 g2g4 d7d6 f1g2 e7e5 f4e5 b5c4 g4g5 c7c6 e5e6 e8e7 d2d4 a6c7 a2a3 a7a6 b1c3 c8e6 a1b1 f7f6 g5g6 d6d5 g1f3 d8c8 e1f1 c7e8 c1d2 a6a5 d1e1 a5a4 c3a4 a8a4 f3g1 a4a8 b2b4 c6c5 d4c5 a8a3 b4b5 a3a2 b5b6 d5d4 g1f3 c4c3 b6b7 c8b8 g2h3 c3d2 f3d4 d2e1q f1e1 h8h6 b1d1 f6f5 d4e6 e7e6 e1f1 e6e7 d1e1 b8b7 h1g1 b7c6
512,W,material_adjudication,66,1.128726,2560,2026-09-04 09:27:33,e2e3 a7a5 b2b3 a5a4 g2g3 a8a6 d1f3 a6d6 g1e2 e7e5 g3g4 d6d3 c2d3 f7f6 h1g1 f8b4 b1c3 b4c3 e2c3 a4a3 e3e4 d7d5 c1a3 c7c6 a3b2 e8f7 a1c1 d5e4 f3e2 h7h5 c3a4 c8g4 g1g4 h5g4 d3e4 h8h2 c1c5 b8a6 f2f3 a6c5 e2h2 g4f3 a4c5 d8c7 c5d3 b7b5 e1f2 f7f8 b2a3 c6c5 b3b4 c5b4 a3b4 c7e7 b4c3 b5b4 c3b4 e7b4 d3b4 g7g5 a2a3 g5g4 d2d4 g4g3 f2g3 g8e7
513,B,material_adjudication,71,1.112414,2565,2026-09-04 09:27:52,b2b3 c7c6 e2e3 g7g6 f2f3 g8h6 g2g4 h8g8 b1a3 b7b5 a3b5 c6b5 d2d4 d8c7 g1e2 f7f5 e2f4 g6g5 f4d5 c7d6 h2h3 b8c6 g4f5 g5g4 d5e7 e8e7 f3f4 c8b7 e1d2 d6f6 h3g4 h6g4 f1h3 g4f2 d1e1 f2h1 e1h1 d7d6 a2a4 f6f7 a4b5 c6d8 a1a2 b7h1 b5b6 h1c6 d4d5 c6d5 a2a3 g8g6 f5g6 f7g7 a3a2 g7f6 d2d1 a7b6 g6h7 a8a5 c2c4 d5e4 h7h8q f6h8 h3g4 h8g8 a2a5 b6a5 d1e1 g8h8 c1b2 h8g8 f4f5
514,W,material_adjudication_moderate,117,1.144801,2570,2026-09-04 09:28:27,h2h4 b7b6 b2b3 c7c6 g2g4 b8a6 f1g2 c6c5 g1h3 a6b4 b1a3 c5c4 a3c4 c8a6 c4b6 a7b6 c1b2 g8h6 f2f4 d7d6 e1f2 b4d5 d1f1 h6g4 f2e1 d5e3 h1g1 e3f1 e1f1 a6c4 g2c6 d8d7 c6d7 e8d7 g1g4 h7h5 g4g5 a8a5 b3c4 f7f5 g5f5 a5f5 h3g1 f5f4 f1g2 f4h4 g1f3 h4c4 d2d3 c4c2 a2a4 d7c6 f3d4 c6b7 d4c2 h5h4 b2d4 h4h3 g2h2 e7e5 e2e4 e5d4 a4a5 b7c6 a5b6 c6b6 a1b1 b6a5 b1a1 a5b6 c2d4 b6c5 d4c2 g7g5 a1a7 f8g7 a7g7 c5c6 g7a7 h8h7 c2d4 c6b6 a7h7 b6a6 h7h6 g5g4 d4c2 a6a5 c2d4 a5b4 d4c2 b4b3 c2d4 b3a2 d4e2 d6d5 e4d5 a2a3 e2c3 a3b4 c3b5 b4b5 d3d4 b5b4 h2g1 b4b5 g1h1 b5b4 h1g1 b4b3 g1f1 h3h2 f1g2 g4g3 g2h1 b3b2 d5d6
515,B,value_resign,32,1.117110,2575,2026-09-04 09:32:38,e2e3 a7a5 b2b3 a5a4 g2g3 h7h5 f2f3 h5h4 g1h3 a8a7 h3f4 c7c5 b3b4 b8c6 e3e4 e7e6 b4b5 d8f6 b1a3 f6a1 f1d3 h4h3 e1g1 g7g5 f4d5 e6d5 c1b2 a1a2 f1f2 f8h6 d1a1 c6b4
516,W,material_adjudication,66,1.148853,2580,2026-09-04 09:33:16,a2a3 g8f6 a3a4 f6g4 f2f3 c7c6 f3g4 f7f6 d2d3 b7b6 c2c3 e8f7 b2b4 e7e5 a4a5 b8a6 e1d2 f7e7 h2h3 h7h6 c1b2 c8b7 d1c1 d7d6 a5b6 a6b4 c3b4 f6f5 h1h2 e7e6 e2e3 a7b6 a1a8 d8a8 b2c3 f5g4 e3e4 c6c5 b4c5 b6c5 h3g4 d6d5 e4d5 e6d5 g1e2 b7a6 h2h3 a8b7 e2g3 f8e7 d2c2 e7f6 f1e2 b7c8 c1h1 c8d8 h1h2 d8a5 h2h1 h6h5 c3a5 h5h4 b1a3 h8h7 c2b2 c5c4
517,B,material_adjudication,83,1.074183,2585,2026-09-04 09:33:34,f2f4 h7h5 c2c4 d7d5 c4d5 g7g6 d2d3 e8d7 e2e4 f8g7 f4f5 c7c6 e1e2 f7f6 d5c6 b8c6 h2h4 a7a5 c1d2 g6f5 b2b4 a5b4 a2a4 a8a6 e2e1 d8b6 d1c1 f5e4 d3e4 e7e5 f1a6 b7a6 d2e3 b6d8 b1d2 d7d6 g1f3 c8g4 c1b2 d8e8 d2c4 d6c7 e1e2 g7f8 a4a5 g8e7 c4b6 c7d6 a1d1 d6c7 h1g1 e7g8 b6d5 c7b8 d5b6 b8a7 b6d7 a7a8 d7f8 e8f8 g1f1 f8e8 f1g1 b4b3 d1d6 g8e7 g1f1 a8b8 e3d2 b8c7 e2d3 c7d6 d2e3 g4f3 g2f3 c6a5 b2b3 a5b3 e3g5 e8c6 g5e3 h8f8 f1c1
518,W,checkmate,59,1.125346,2590,2026-09-04 09:33:34,g1f3 b8c6 b1a3 g8h6 d2d3 a8b8 c1e3 a7a5 e3d2 f7f6 a1c1 d7d6 a3b5 c8d7 b5a3 c6a7 e2e3 h6g4 f1e2 h7h5 g2g3 a5a4 f3e5 g4e5 f2f4 g7g5 h1f1 e8f7 f4g5 f7g7 g5f6 e7f6 h2h3 h5h4 g3h4 d8e7 b2b4 c7c5 e3e4 c5b4 f1g1 g7h7 c1b1 b4a3 d3d4 e5f7 e4e5 d6d5 c2c4 f8h6 c4d5 a7b5 e2d3 f6f5 d1g4 h6d2 e1d2 h8f8 g4g7
519,W,value_resign,25,1.009136,2595,2026-09-04 09:33:35,e2e4 b8a6 e1e2 g7g5 h2h4 b7b5 g1f3 e7e5 c2c4 b5c4 h4g5 f8g7 f3e5 a8b8 h1g1 c7c5 a2a4 d7d6 e5c6 e8f8 c6d8 g7f6 a1a2 b8b7 g2g3
520,B,value_resign,62,1.155887,2600,2026-09-04 09:34:09,d2d3 b7b6 b1a3 f7f6 a3c4 d7d6 a2a3 a7a5 g2g3 a8a6 e2e3 c8b7 f1e2 b7d5 e1f1 e7e5 a1b1 e5e4 d3e4 d5e4 h2h4 h7h6 b2b3 e4f5 d1d2 f5g4 f2f3 g4h5 h1h2 d8d7 d2d1 d6d5 e3e4 d5e4 f3e4 h5e2 d1e2 b6b5 h4h5 e8e7 e2d2 b5c4 a3a4 a6b6 b3c4 b6b1 d2a5 c7c6 a5c5 e7e8 g1f3 f8c5 f1g2 c5e7 h2h3 e8f8 g3g4 d7d8 c1b2 f6f5 f3h2 f5e4
521,B,material_adjudication,66,1.109392,2605,2026-09-04 09:36:09,h2h4 b7b6 b2b3 h7h5 b1c3 c7c6 a1b1 h8h6 c1a3 f7f5 d1c1 h6h8 c3d1 c6c5 d2d4 g7g5 h4g5 c8b7 a3c5 f8g7 d1c3 b6c5 e2e4 h5h4 e1d2 d7d6 c3e2 a7a6 b1b2 d6d5 e4d5 e8f8 d5d6 c5d4 c1a1 e7e5 a1e1 f5f4 e2f4 e5f4 a2a3 h4h3 h1h3 h8h3 g2h3 d8g5 f1c4 g5h4 e1b1 g7f6 d6d7 b8d7 d2e2 a8d8 g1f3 h4h3 e2e1 h3f3 c4e2 f3e4 e1f1 a6a5 e2d3 e4e6 b1e1 e6e5
522,W,material_adjudication_moderate,86,1.064013,2610,2026-09-04 09:38:15,d2d3 h7h6 b2b3 e7e5 a2a4 c7c5 e2e4 f7f6 d1h5 g7g6 h5g6 e8e7 g2g4 d8e8 d3d4 e8g6 d4e5 g6e4 e1d2 a7a6 f1g2 e4d3 c2d3 d7d5 g2d5 c8e6 e5f6 g8f6 d5e6 e7e6 c1b2 f8e7 a4a5 f6g4 b2h8 g4f2 b1a3 f2h1 h2h3 b8d7 a1e1 e6d6 h8g7 e7f6 g7f6 a8b8 f6e7 d6c7 g1e2 b7b5 a5b6 c7b6 a3c2 b8e8 e1f1 e8e7 h3h4 e7e6 e2f4 e6e8 f4g6 e8d8 f1h1 d7f6 h1f1 f6g4 d2c3 b6b5 g6f8 d8f8 f1f8 a6a5 c2e1 a5a4 b3a4 b5a4 c3c4 a4a3 c4c5 g4f6 d3d4 f6h5 d4d5 a3a2 c5b4 a2a1
523,W,material_adjudication_moderate,85,1.140520,2615,2026-09-04 09:38:16,b1a3 a7a5 f2f3 a5a4 b2b3 a8a6 a3c4 d7d6 e2e3 e8d7 g2g3 c7c6 c4a3 a6a8 f1e2 f7f6 e3e4 e7e6 e1f1 h7h5 a3c4 d6d5 c4b6 d7d6 c2c4 f6f5 c1a3 d6c7 a3c5 a4b3 b6a8 c7d7 c4d5 b3b2 a1b1 f5e4 f3e4 f8c5 d2d4 d8f6 f1e1 c5d4 d5e6 d7e6 d1d3 f6e5 e2f3 g8f6 g1e2 g7g5 e2d4 e5d4 d3d4 h8e8 d4c5 f6d7 c5a5 g5g4 h1f1 g4f3 f1f2 h5h4 a8c7 e6d6 f2f3 e8f8 a5d2 d6e7 g3g4 f8f3 d2b2 d7e5 b2e5 e7d8 b1c1 b8d7 e5e6 f3f6 e6b3 c6c5 b3c3 d8c7 a2a4 d7b6 g4g5
524,W,value_resign,47,1.156149,2620,2026-09-04 09:40:18,h2h4 h7h5 d2d3 b7b6 c1g5 d7d6 b2b3 c8g4 a2a4 f7f5 a1a2 e7e5 f2f3 b8a6 d1c1 f8e7 g5e3 e8f8 a2a3 d8b8 a4a5 a6c5 c1d2 g7g5 e1d1 a7a6 c2c3 a8a7 h4g5 c5b3 a3b3 b8d8 c3c4 d8d7 f3g4 h5g4 h1h8 f8f7 d2b2 f7f8 b1d2 d7d8 b2b1 c7c6 d2e4 f5e4 c4c5
525,W,material_adjudication,70,1.024214,2625,2026-09-04 09:40:46,e2e4 b8a6 d2d4 g7g5 d1d3 a8b8 d4d5 a6b4 h2h3 b4d3 e1d2 d3f4 b2b3 g5g4 d2e1 c7c5 c1f4 f8g7 f4b8 d7d6 h3g4 h7h5 b1d2 c8g4 h1h2 g4d7 a1d1 g7d4 c2c3 d4e3 f2e3 d8b8 f1e2 h5h4 g1f3 f7f5 f3h4 f5e4 c3c4 h8h6 g2g4 h6h8 g4g5 h8h4 h2h4 a7a5 d2f1 a5a4 e1d2 e7e5 d5e6 d7e6 b3a4 e6c4 e2c4 g8e7 d2c3 e7c6 g5g6 c6a5 g6g7 e8e7 c4d5 b8g8 d5g8 a5c4 c3c4 b7b6 a4a5 b6a5
526,W,material_adjudication,98,1.103294,2630,2026-09-04 09:41:04,h2h4 d7d6 h1h3 f7f5 b1a3 c7c5 g2g3 h7h6 e2e4 d6d5 e4d5 b8d7 d2d3 a8b8 b2b3 a7a5 f1g2 d8c7 g1f3 g8f6 a1b1 f6d5 f3g1 a5a4 e1f1 e7e6 d1d2 d5f6 d3d4 f8d6 a3b5 c7d8 b5d6 e8e7 g1e2 c5d4 g2b7 c8b7 c1a3 d8c7 d6b5 d7c5 b5c7 b7d5 b3b4 e6e5 c2c4 d4c3 d2c3 g7g6 b1c1 c5b3 a2b3 a4b3 f2f3 f6h5 g3g4 f5g4 f3g4 h8c8 g4g5 b3b2 c1b1 c8c7 b1b2 c7c3 e2c3 d5e4 g5h6 b8a8 b2b1 e4b7 b1c1 a8a3 c1b1 a3c3 h3c3 b7d5 b1c1 e7e8 c3c2 d5e6 c2c3 e6d7 c3c7 d7e6 c1b1 e8d8 b4b5 d8c7 h6h7 h5f6 h7h8q c7d7 h8f6 e6d5 b1a1 e5e4
527,W,checkmate,37,1.026352,2635,2026-09-04 09:45:54,d2d4 g8f6 g2g3 e7e6 e2e4 c7c6 g3g4 g7g6 e1e2 h7h6 d1d3 f8b4 c1e3 d7d5 g4g5 e8e7 g5f6 e7f6 h2h4 d8g8 h4h5 c6c5 f1h3 b8d7 b2b3 a8b8 e3h6 b8a8 e4d5 d7b6 a2a4 b6d5 b1a3 b4a3 d3d2 c5d4 d2g5
528,B,material_adjudication,103,1.181870,2640,2026-09-04 09:48:51,e2e3 g7g6 d2d3 g6g5 g2g4 e7e6 c1d2 g8e7 b1a3 e7g6 f2f4 a7a6 b2b3 f7f5 a1b1 g5f4 e3f4 g6f4 g1f3 b7b5 d2c3 a6a5 f1g2 d7d6 c3d4 b8a6 d1d2 e6e5 f3e5 d6e5 c2c4 f8a3 c4b5 e8g8 b5a6 a8a6 h1f1 d8d4 d2f4 e5f4 g4f5 c7c5 g2d5 g8h8 d5e4 d4e3 e1d1 a6b6 f1g1 e3d3 d1e1 c8d7 g1f1 d7c6 h2h4 c6a8 f1g1 a8c6 e4d3 h7h5 d3c2 f8f7 b1d1 h8h7 g1f1 f7f6 f1f4 h7h6 c2d3 a3b4 e1f1 f6f8 d3c4 c6b7 a2a3 b4a3 c4e6 a3b4 d1a1 b7d5 e6d5 f8d8 d5c4 a5a4 b3a4 b6d6 c4e2 d6d5 e2f3 d5d4 a1c1 d4f4 c1c5 f4f3 f1e2 f3c3 f5f6 b4c5 a4a5 c3c2 e2f3 c5e3 f3e3
529,B,material_adjudication_moderate,76,1.118607,2645,2026-09-04 09:49:31,e2e3 a7a5 b2b3 a5a4 f2f3 e7e6 e1e2 f8c5 g2g3 e8e7 b1c3 c7c6 c3a4 h7h6 e2e1 c5e3 f1g2 g7g6 g3g4 f7f6 c1b2 c6c5 a4c3 d8f8 a2a3 e3g1 h1g1 f8g7 d2d3 e7f7 f3f4 a8a6 g4g5 a6c6 g2c6 d7c6 d1b1 f6g5 f4g5 h6g5 g1g3 g8f6 g3f3 c5c4 h2h3 b8a6 d3d4 g7h6 c3d1 a6b8 b1c1 h6h5 b3c4 h5f3 c4c5 f6e8 h3h4 f3e4 c1e3 e4e3 d1e3 g5h4 e1f2 g6g5 c2c3 g5g4 f2e2 h8f8 e2d3 g4g3 a3a4 e6e5 a1f1 e8f6 d4e5 c8e6
530,B,material_adjudication,69,1.044554,2650,2026-09-04 09:53:31,e2e3 a7a5 b2b3 g8h6 f2f3 g7g6 e3e4 b7b5 d2d4 c8a6 d4d5 h8g8 g1e2 g6g5 b1c3 c7c5 c1g5 f7f6 d1c1 f6g5 g2g3 d7d6 e1d2 f8g7 f3f4 b8d7 f1g2 g5f4 a2a4 b5b4 h1f1 b4c3 e2c3 f4g3 h2g3 g7d4 c3b5 a6b5 a4b5 d8c7 c2c3 e7e5 c3d4 e5d4 a1a3 h6f7 f1f3 g8f8 b5b6 c7b6 g2h3 a8b8 d2e1 b6c7 e4e5 d6e5 f3f1 c7d6 g3g4 h7h6 h3g2 f7g5 c1g5 h6g5 a3a1 b8d8 f1f3 d6e7 a1c1
531,W,value_resign,42,1.116770,2655,2026-09-04 09:53:33,e2e3 g7g6 a2a3 b7b6 h2h3 g8h6 f2f3 h6g4 d2d4 c8b7 a3a4 b7f3 b2b3 f3e2 e1e2 g6g5 h3g4 e7e5 e3e4 d8e7 c1b2 d7d5 d4e5 b8d7 e2e1 e8c8 e5e6 f7f6 b3b4 c8b7 b1c3 d5d4 d1e2 d4c3 b2c3 f8g7 e6d7 c7c6 e2d1 h7h5 d1c1 h5g4
532,W,material_adjudication_moderate,106,1.105788,2660,2026-09-04 09:55:07,b1a3 a7a5 f2f3 f7f6 b2b4 b7b5 a1b1 a5b4 a3c4 g8h6 h2h3 f6f5 e2e3 h8g8 b1b4 c7c5 b4b5 h6g4 c4b6 g4h6 b5c5 d8b6 a2a3 b6c5 c2c4 c8a6 d2d4 c5b4 a3b4 a6c4 f1e2 c4d5 b4b5 f5f4 c1d2 f4e3 d2e3 h6f5 e3d2 a8a2 e1f1 h7h6 g2g4 f5g3 f1g2 g3h1 g2h1 g7g5 h1g2 f8g7 d2e3 d7d6 d1b1 b8d7 b1c1 e7e6 c1b1 g8h8 b1c1 h6h5 c1b1 h5h4 b1c1 h8f8 c1b1 f8h8 b1d1 h8h6 e3c1 h6f6 c1e3 d7f8 g2f1 e6e5 d4e5 f6h6 d1d5 g7e5 d5a2 e5d4 a2b1 d4e3 b1a1 e3f2 a1b2 f2g1 b5b6 f8g6 e2b5 e8d8 f1g1 d6d5 b2a1 d5d4 a1a4 d4d3 a4d4 d8c8 g1f2 d3d2 d4d2 c8b7 d2d4 g6f4 f2g1 h6e6
533,W,material_adjudication_moderate,90,1.149173,2665,2026-09-04 09:55:08,e2e3 a7a5 b2b3 a5a4 f2f3 e7e6 e1e2 f8c5 b1a3 g7g5 c1b2 b8c6 d2d3 f7f6 e2d2 b7b5 a3b5 c5e3 d2e3 c6b4 b3a4 d7d5 c2c3 h7h5 c3b4 h5h4 e3d4 e8f8 a2a3 c7c6 g2g4 c6b5 h2h3 b5a4 b4b5 a8b8 d1a4 e6e5 d4c5 d8e8 c5d5 b8b5 a4b5 e8b5 d5d6 b5b2 a1a2 b2a2 a3a4 a2c2 a4a5 c8b7 a5a6 b7a6 h1h2 c2b2 h2b2 a6c8 b2b8 g8e7 d6c7 h8g8 b8c8 e7c8 c7c8 g8h8 c8b7 e5e4 f3e4 f8e7 d3d4 h8d8 d4d5 d8d5 e4d5 e7f8 f1a6 f8g7 b7b8 g7g6 a6b5 g6h6 b5c4 h6g7 c4d3 g7h6 g1f3 h6g7 f3h4 g5h4
534,B,material_adjudication_moderate,76,1.067379,2670,2026-09-04 09:55:47,e2e3 d7d5 d2d3 g7g5 f2f4 e7e5 e3e4 d5d4 b2b4 d8e7 f4e5 c8d7 b4b5 b7b6 c2c4 e8d8 c1g5 g8h6 g5e7 d8e7 e5e6 f7e6 g2g4 d7b5 g4g5 h6g8 f1g2 b8d7 h2h3 b5a4 e1f2 a4d1 a2a3 d1a4 b1d2 a7a5 f2f1 c7c5 a1c1 f8g7 c1d1 e7f8 h3h4 a8d8 h4h5 d7f6 g5f6 g7f6 g1e2 a4d1 f1e1 a5a4 g2f1 d8e8 e1d1 e8e7 h1h2 f8e8 d1c2 e8d8 d2b1 d8e8 b1d2 e8d8 h2h1 d8e8 e2g1 e8d8 d2f3 b6b5 f3g5 b5c4 d3c4 f6g5 c2d3 e7a7
535,W,material_adjudication_moderate,86,1.140665,2675,2026-09-04 09:58:11,e2e3 a7a5 b2b3 e7e6 a2a4 f8c5 d2d4 c5b6 e1d2 f7f6 h2h4 a8a6 e3e4 g7g6 f1a6 b6d4 e4e5 e8e7 h4h5 d7d6 a6f1 c7c6 h1h3 d8b6 h5h6 d4a1 g2g4 d6d5 f1e2 a1d4 h3d3 c6c5 b1a3 d4e5 d3h3 e5f4 d2e1 f4c1 d1c1 b6c6 c1d2 e7d8 a3b5 c6e8 g4g5 e8e7 h3d3 f6g5 e1f1 g5g4 e2g4 g8h6 g4e2 h8g8 f1e1 g8f8 d2h6 g6g5 e1d1 b7b6 b5c3 b8c6 c3b5 c6b4 b5c3 b4c2 d1c2 c8a6 d3d2 d5d4 e2a6 f8f6 h6g5 d8c7 g5e5 c7d7 a6e2 f6f5 e5h2 d7d8 d2d1 e7f6 h2h3 h7h6 c3b5 d8e8
536,W,material_adjudication,66,1.136468,2680,2026-09-04 09:58:29,h2h4 b7b5 a2a4 b8a6 h4h5 f7f6 b2b4 d7d5 a1a3 e8f7 a3a2 h7h6 c2c3 f7e6 f2f4 a6b8 a4b5 c7c5 d2d4 c5c4 e1f2 a7a6 g1f3 a6b5 a2a8 c8b7 a8a7 b7c8 h1g1 e6d6 g2g3 b8a6 f1g2 d8b6 a7a8 b6b7 a8c8 b7c8 e2e3 e7e6 f2e1 f8e7 g2h3 g7g6 h5g6 e6e5 f3e5 f6e5 d4e5 d6c6 g6g7 h8h7 b1d2 a6c7 h3c8 d5d4 g1f1 d4c3 c1a3 c3d2 e1d2 e7f8 f4f5 f8b4 a3b4 c7d5
537,W,value_resign,41,1.185585,2685,2026-09-04 09:59:22,a2a4 f7f6 b2b4 c7c5 b4c5 e7e5 h2h4 g8e7 b1c3 f6f5 c5c6 d7c6 c1a3 b8d7 h4h5 c6c5 d2d3 e5e4 h1h3 d7b6 c3e4 a8b8 h3e3 b6c4 d3c4 d8d7 e4c5 b7b6 e3g3 d7d8 a1b1 g7g6 e2e4 d8d4 d1d4 b6c5 d4c5 a7a6 b1b2 f5e4 g1f3
538,W,checkmate,95,1.064945,2690,2026-09-04 10:01:45,h2h4 h7h5 d2d4 e7e5 b2b4 b7b6 d4e5 d7d5 e5e6 d8e7 b1d2 e7d6 c2c3 a7a5 d2b1 d6e6 c1d2 e8d8 e2e4 b8d7 d1e2 a5b4 e1d1 b4c3 b1c3 c7c5 c3d5 g8e7 d5f4 e6d6 a1b1 a8a2 e4e5 d6e5 e2e5 d7e5 b1b6 e5d7 b6b3 h8g8 f4h5 g7g6 h5g3 f8h6 d2h6 f7f6 f1e2 d8e8 h6d2 g8h8 g1h3 c5c4 b3b4 a2d2 d1d2 e7g8 h4h5 g6g5 h1c1 c8a6 b4b1 e8f8 h5h6 d7c5 d2e1 c5e4 b1a1 e4g3 h3g1 g8e7 a1a6 g3h1 a6a4 h1f2 e1f2 e7c8 f2f1 g5g4 g2g3 c8b6 a4a7 b6d5 e2c4 d5e3 f1e1 h8h6 c4e6 e3c4 e1e2 f8e8 e2d1 h6h8 c1b1 h8h6 b1b8
539,W,material_adjudication,66,1.155728,2695,2026-09-04 10:01:46,e2e3 g7g5 g1h3 e7e6 g2g3 g8e7 b1c3 f7f6 e1e2 b7b6 f2f4 b8c6 f1g2 c6d4 e2f1 a7a6 f4g5 f6g5 g2a8 e7f5 c3e2 d8e7 e2d4 f5g3 f1g2 g3h1 d1e2 e7g7 c2c4 h7h5 h3g5 f8c5 a2a4 h8g8 d4e6 g7g5 e6g5 g8g5 g2f3 c5b4 d2d4 c8b7 d4d5 g5e5 e3e4 c7c5 d5c6 b7c6 f3g2 c6e4 a8e4 e5e4 e2e4 b4e7 c1f4 h1g3 e4d5 a6a5 f4e5 d7d6 a1b1 d6e5 h2g3 e5e4 g2h2 e8f8
540,B,material_adjudication,89,1.063720,2700,2026-09-04 10:07:52,g2g4 h7h5 h2h3 a7a6 e2e4 h8h6 g4g5 e7e5 f1d3 d7d6 f2f3 h5h4 g5h6 c7c5 g1e2 c5c4 a2a4 c4d3 c2d3 b7b6 a1a3 c8d7 a3b3 b8c6 h6g7 a6a5 h1g1 f8g7 g1g7 d8e7 d1c2 e8f8 g7g8 f8g8 e2c3 c6d4 c2d1 d4b3 d1b3 d7a4 b3a4 a8c8 c3b5 c8c1 e1e2 c1b1 a4a2 b1h1 b5c7 e7f6 a2b3 h1h3 e2e1 f6h6 b3d5 g8f8 b2b3 f8g8 c7b5 h3g3 e1f2 h6f8 d3d4 g3g6 d5c6 g6h6 d4e5 d6e5 f2f1 f8b4 c6h6 b4b5 d2d3 b5d3 f1e1 d3c2 h6d2 c2d2 e1d2 h4h3 d2e2 h3h2 e2f2 h2h1q f2e3 h1g2 f3f4 b6b5 f4e5
541,B,value_resign,25,1.162322,2705,2026-09-04 10:08:14,e2e3 a7a5 d1e2 b8c6 g2g3 h7h5 e2h5 h8h5 f1b5 h5b5 h2h4 b5b2 c1b2 c6b4 b1a3 g7g6 g1h3 e7e6 a1d1 f8e7 b2e5 b4d5 h3f4 e8f8 h1h2
542,W,material_adjudication_moderate,122,1.074251,2710,2026-09-04 10:08:51,h2h4 b7b6 a2a3 e7e5 b2b3 d7d6 a1a2 c8g4 h4h5 a7a6 d2d3 a8a7 f2f3 e8e7 c1h6 g7h6 f3g4 f8g7 e2e4 f7f6 d1f3 a6a5 e1d1 b8c6 g1h3 c6d4 h3g5 f6g5 f1e2 a7a8 f3e3 d4b3 b1d2 b3d2 d1d2 c7c6 h1d1 d8c7 a3a4 g8f6 c2c3 h8f8 a2a1 e7f7 e3f3 d6d5 e4d5 e5e4 d3e4 c6d5 e4d5 f7e8 d5d6 c7d6 d2e1 d6c5 f3a8 e8e7 a8b7 f6d7 b7d7 e7f6 e1d2 f8d8 d7d8 f6e5 g2g3 c5d6 d2c2 d6d8 c2b1 d8d1 e2d1 e5e4 d1c2 e4e3 c2h7 g7c3 a1a3 e3d2 a3c3 d2c3 h7e4 c3b3 e4c6 b3b4 b1a1 b4c5 c6g2 c5b4 a1a2 b4a4 a2a1 a4b3 a1b1 b3c3 g2d5 c3d3 b1b2 d3e3 b2a3 e3d3 a3a4 d3c2 a4b5 c2d1 b5b6 a5a4 d5a2 a4a3 b6c5 d1c1 a2b3 a3a2 b3a2 c1b2 a2c4 b2c3 c4b5 c3c2 b5c6 c2c1
543,W,material_adjudication_moderate,120,1.046940,2715,2026-09-04 10:08:52,h2h4 b7b6 b2b3 h7h5 d2d3 d7d6 c1g5 c8g4 a2a4 a7a5 f2f3 a8a7 f3g4 h5g4 d1d2 f7f6 e1d1 f6g5 d2c1 h8h4 d3d4 h4h7 h1h7 b8c6 d4d5 c6b4 c1e3 e7e6 e3e6 g8e7 b1a3 d8d7 e6d7 e8d7 e2e3 e7d5 f1e2 c7c6 g2g3 d7e8 a3b5 c6b5 a4b5 d5e3 d1d2 e3c2 a1c1 c2a3 d2d1 d6d5 c1a1 a3c2 a1c1 a7f7 c1c2 b4c2 d1c2 d5d4 h7h2 e8e7 h2g2 g7g6 c2d1 f8g7 d1d2 e7e8 d2e1 a5a4 b3a4 f7a7 e1f1 a7a4 e2d3 a4a5 d3e2 e8e7 g2f2 e7e8 f1g2 e8d8 e2c4 d8e8 f2f7 a5a4 c4d5 a4a5 f7g7 a5b5 g7g8 e8e7 d5c6 b5c5 c6e4 c5a5 e4d3 e7f7 g8c8 f7e7 c8c1 e7e8 c1d1 a5a2 d3e2 a2e2 g1e2 e8f8 d1d4 f8e8 d4b4 e8f8 b4b1 f8f7 b1b6 f7f8 b6b2 f8e8 b2b1 e8e7 b1b4 e7d6
544,W,value_resign,57,1.181299,2720,2026-09-04 10:09:54,a2a3 g8f6 e2e3 c7c6 g1f3 c6c5 e1e2 h7h5 f3e5 f6g8 d2d4 a7a5 c2c3 c5d4 c3d4 h5h4 e3e4 d7d6 f2f3 d6e5 c1g5 e5d4 d1c1 a8a7 g2g4 e8d7 f1g2 d7e8 e4e5 f7f5 b2b3 d4d3 e2e3 c8d7 e5e6 d7c6 h2h3 d3d2 c1c4 d2d1q h1d1 g8f6 d1d8 e8d8 c4d3 c6d7 e6d7 f6e4 f3e4 h8g8 g4f5 b8d7 d3e2 b7b5 b3b4 a5b4 a3b4
545,B,value_resign,60,1.094925,2725,2026-09-04 10:11:37,h2h4 b7b6 b2b3 e7e6 h4h5 f7f6 a2a4 g8e7 c1b2 b8a6 b2c3 c7c5 e2e4 a6c7 d2d3 g7g6 c3f6 c5c4 b3c4 g6h5 a1a3 a8b8 f6g5 a7a5 g5e3 h5h4 e3b6 b8b6 d1h5 e7g6 h5d1 f8a3 c4c5 a3c5 b1a3 g6f4 c2c4 c5e7 a3b5 e8g8 g2g3 d7d6 g3f4 b6c6 b5c7 d8c7 d1e2 c8a6 e2e3 c7d7 h1h4 e7h4 c4c5 c6c5 e3c5 d6c5 e1d1 h7h6 e4e5 d7c8
546,W,material_adjudication,66,1.020531,2730,2026-09-04 10:12:06,g1h3 c7c5 d2d4 h7h5 e1d2 d7d6 h3g1 g8h6 a2a3 g7g6 d2e3 c5c4 f2f3 c8h3 c2c3 d8c7 g1h3 a7a5 b2b3 h6g4 f3g4 h5g4 h3g5 c4b3 d1d3 b8d7 d3b5 a8d8 g5f7 c7c4 b5c4 h8h7 c4b5 b3b2 c1b2 e8f7 e3f2 f8g7 h2h4 g4h3 h1g1 h3g2 f1g2 h7h8 f2f3 f7f6 f3g3 a5a4 g2e4 h8h2 g3h2 d7b8 g1g2 g6g5 g2g3 g5g4 e4f3 d6d5 a1a2 d8d7 b2c1 e7e5 c1b2 g7f8 f3g2 e5d4
547,B,material_adjudication_moderate,81,1.098539,2735,2026-09-04 10:12:50,b2b4 a7a5 b1a3 c7c6 d2d4 a8a6 h2h3 b7b6 g2g4 h7h5 c2c4 c6c5 a3b5 h5g4 a2a4 b8c6 c1b2 g4h3 e1d2 c6b4 g1f3 h8h5 d4d5 h5h8 h1h2 f7f6 d1e1 h8h7 a1a3 h7h5 d2d1 c8b7 b2c3 f6f5 f3g1 g7g5 c3b4 c5b4 a3h3 h5h3 g1h3 f8g7 h3g5 e8f8 f2f4 d8c8 g5h7 f8f7 d1c2 c8c5 d5d6 g8f6 h7f6 g7f6 c2d2 f7g6 d6e7 f6e7 d2d1 e7f6 h2h3 f6d4 h3d3 d4e3 d3e3 c5e3 b5d6 e3d4 d1c2 b7c6 e2e3 d4c5 f1e2 c6a4 c2b1 g6f6 d6b7 c5e7 e1f1 a4b3 e2f3
548,B,material_adjudication,66,1.160368,2740,2026-09-04 10:13:33,e2e3 g8h6 d2d4 g7g6 e1d2 e7e6 b2b3 d7d6 e3e4 h8g8 a2a3 h6f5 g2g4 f5d4 f1g2 f8g7 h2h4 g7f6 d1e2 d8e7 e4e5 f6e5 e2f1 b7b5 g2a8 c8b7 d2d3 d4c2 d3c2 b7h1 a8h1 b8d7 c1d2 e5a1 b1c3 c7c6 a3a4 a1c3 c2c3 b5a4 h1c6 a4b3 c3b2 e6e5 g1h3 f7f5 g4g5 g8g7 f1g2 f5f4 d2a5 e7e6 h4h5 e6f5 h5h6 g7g8 g2f3 e5e4 f3g4 f5g4 f2f3 g4h3 a5b6 g8f8 b2b3 e4e3
549,B,material_adjudication_moderate,129,1.054755,2745,2026-09-04 10:14:59,h2h4 b7b6 b2b3 c7c6 g2g4 b8a6 c2c4 g8h6 f2f4 h6g4 d2d4 a8b8 c4c5 a6c5 a2a3 d7d6 b3b4 g7g6 f1g2 d8c7 b4c5 c8d7 e1f1 f8h6 c5b6 c7b6 g2f3 f7f5 b1c3 h6g7 f3g2 g7f6 a1b1 b6c7 c3b5 b8b5 b1b5 c6b5 a3a4 b5a4 g2f3 h8f8 d1c2 c7c6 f3c6 d7c6 c2c6 e8d8 c6b7 d8e8 b7c7 a4a3 d4d5 a3a2 c1b2 f6b2 h1h3 a2a1q f1g2 g4e3 h3e3 b2f6 e3b3 a1a2 c7a7 a2a7 g1f3 a7a5 b3a3 a5a6 a3a6 e7e5 d5e6 e8e7 e2e3 f6c3 a6a3 c3b4 a3a4 b4c5 a4a5 c5e3 f3g5 h7h6 g5h7 f8c8 a5a7 e3a7 g2f3 e7e6 f3e2 g6g5 h4g5 h6g5 f4g5 d6d5 g5g6 e6e5 g6g7 c8c2 e2d3 c2c8 g7g8q c8g8 h7g5 g8g7 g5e6 f5f4 e6g7 a7b6 g7e6 b6e3 e6f4 e5f4 d3e2 e3c5 e2d3 c5e3 d3e2 e3d4 e2d3 d4c5 d3e2 c5d6 e2d3 d6e5 d3d2 d5d4 d2d3
550,W,checkmate,53,1.104999,2750,2026-09-04 10:15:13,e2e3 d7d5 e1e2 e7e5 c2c3 h7h5 e3e4 h8h7 b2b3 e8d7 e4d5 h5h4 h2h3 f8c5 f2f4 g7g5 d2d4 c5f8 c1b2 g5f4 b1d2 h7h6 d2f3 a7a5 g2g3 h4g3 f1g2 c7c6 h3h4 h6h7 a2a4 f7f6 d5c6 d7c6 h4h5 d8e8 d4d5 c6c7 d5d6 c7c6 b2a3 a8a7 d1d2 f8d6 a3d6 f6f5 a1d1 g8f6 d6b8 f6e4 d2d3 e4f2 d3b5
551,B,material_adjudication,66,1.149049,2755,2026-09-04 10:17:19,a2a3 d7d6 b2b4 e7e5 b4b5 e8d7 e2e4 b7b6 f1c4 d7e7 b1c3 c7c6 f2f3 h7h6 b5c6 b8c6 d2d3 c8b7 g2g3 f7f6 g1e2 d8e8 c4d5 a7a6 g3g4 g7g5 a3a4 e7d8 d5c6 b7c6 h2h3 h6h5 a4a5 h5g4 a5b6 g4f3 e2g3 g5g4 c1e3 g4h3 d1b1 c6e4 e1d2 e4b7 h1h3 h8h3 e3d4 e5d4 b1b2 d6d5 a1b1 f8h6 d2d1 g8e7 b1a1 f6f5 c3a4 e7g6 a1b1 a6a5 b1a1 a8c8 b2b1 e8e7 b1b2 e7g7
552,B,material_adjudication_moderate,99,1.147727,2760,2026-09-04 10:17:37,e2e3 g7g5 h2h3 e7e6 g2g3 g8e7 f1b5 b8c6 d1f3 c6d4 f3d1 d4b5 d1f3 e7d5 e1f1 f8a3 b1a3 b5a3 b2a3 b7b6 c1b2 d5e7 b2h8 c8b7 e3e4 g5g4 f3g4 e7c8 g4h5 d7d6 e4e5 b7h1 e5d6 h1b7 c2c3 d8d6 a3a4 b7d5 h8d4 e6e5 h5h7 e5d4 c3d4 f7f5 a1c1 a8b8 f2f3 c7c5 c1c3 f5f4 f1e2 f4g3 d4c5 b6c5 d2d3 d6e7 h7e7 e8e7 c3c5 e7e6 c5d5 e6d5 h3h4 c8d6 h4h5 b8h8 f3f4 g3g2 e2f2 d5c5 a2a3 a7a5 f2g2 h8h7 g2f3 h7h5 f3f2 d6f7 g1f3 f7h6 f3e5 c5d4 f4f5 h5f5 f2e2 f5e5 e2f1 e5e6 f1f2 d4d3 f2f1 e6d6 f1e1 d6d7 e1f1 d7d6 f1e1 d6d7 e1f1
553,W,material_adjudication_moderate,91,1.103259,2765,2026-09-04 10:19:54,e2e3 a7a5 c2c4 h7h6 e1e2 a5a4 e3e4 h8h7 g1h3 c7c5 d2d4 f7f6 f2f3 d7d5 c4d5 c5d4 h3f4 e7e5 g2g3 f8d6 f1h3 d6e7 c1e3 g7g6 f4d3 f6f5 g3g4 e7d6 d1c1 e8f8 g4f5 g6f5 a2a3 d4e3 h3f5 g8f6 f5h7 f6h5 e2e3 c8h3 b1d2 a8a6 c1b1 d8f6 h1c1 h3d7 f3f4 h5f4 d2f3 d6e7 d3f4 e5f4 e3e2 a6b6 c1d1 f8e8 e4e5 f6h8 h7g6 e8d8 e5e6 h8f6 e6d7 b8d7 d1d4 h6h5 h2h3 e7d6 d4d1 f6g6 b1g6 d8e7 g6h5 d7f6 f3h4 f6h5 a1c1 f4f3 h4f3 h5f6 c1b1 e7e8 e2e1 f6e4 f3d4 e4c5 d4f5 c5b3 h3h4 b3d2 d1d2
554,W,value_resign,43,1.151533,2770,2026-09-04 10:20:08,h2h4 b7b6 a2a3 b8c6 h1h3 g8h6 h3b3 h6f5 c2c3 f7f6 a3a4 c6d4 c3c4 g7g5 a4a5 f5e3 f2e3 c7c5 b3a3 g5g4 e3d4 e8f7 d4d5 h7h6 g1h3 g4h3 e1f2 h3g2 f2g2 d8e8 d1c2 b6a5 b2b3 c8b7 g2g3 b7d5 c4d5 h6h5 f1h3 f8h6 a3a4 a8d8 b1a3
555,W,material_adjudication_moderate,86,1.184425,2775,2026-09-04 10:21:01,a2a3 g8f6 h2h3 g7g5 h3h4 e7e6 h1h3 f6e4 d2d3 d7d5 c1g5 e4f6 g5e3 d8d6 d1c1 e6e5 a3a4 f6g4 h4h5 e8e7 b2b3 b7b6 b1d2 d5d4 e3f4 g4f2 g2g3 c8h3 g1h3 b8c6 f1g2 e5f4 e1f2 f4f3 g2f3 a7a5 c1b2 c6b4 f3a8 d6d8 a8e4 f7f5 e4f5 b4c2 b2c2 d8b8 d2e4 e7d8 f5e6 f8c5 f2e1 c5d6 c2b2 d6b4 e1d1 b4c3 b2c2 c3a1 d1e1 h8e8 h3f4 e8e6 f4e6 d8e7 h5h6 e7e6 g3g4 b8b7 c2c1 c7c6 c1a1 e6e7 a1a3 e7f7 a3b2 f7e7 e1f2 b7a8 f2f1 a8d8 f1e1 d8f8 e1d1 f8d8 d1e1 d8f8
556,B,checkmate,50,1.146386,2780,2026-09-04 10:21:02,e2e3 h7h5 b2b4 h8h6 e1e2 a7a6 d2d4 e7e5 g2g3 d7d6 d4e5 e8e7 e5d6 c7d6 a2a3 b7b5 d1d2 g7g5 c1b2 c8e6 e3e4 b8c6 f2f3 e6d7 d2d1 c6e5 f1h3 d7h3 g1h3 g5g4 f3g4 h5g4 b2e5 d6e5 h3g1 h6f6 b1d2 d8c8 c2c4 b5c4 d2c4 c8c4 d1d3 c4d3 e2d3 f8h6 g1e2 a8c8 h1d1 f6f3
557,W,material_adjudication_moderate,86,1.078998,2785,2026-09-04 10:21:16,b1a3 a7a5 f2f3 b7b5 a1b1 b5b4 e2e4 h7h5 f3f4 h5h4 d2d3 b4a3 b2a3 d7d6 b1b3 b8a6 c2c4 e8d7 d1g4 f7f5 g4d1 a6b4 e4e5 c8b7 g1h3 b4c6 e1d2 d8b8 c4c5 b8e8 h1g1 d6e5 b3b7 e5f4 h3f4 g7g5 f4e2 f8g7 d3d4 g5g4 e2f4 e8c8 b7b1 e7e5 f4g6 e5d4 g6h8 g7h8 b1b3 c8b8 b3b8 a8b8 c1b2 b8b2 d2e1 b2b7 d1e2 f5f4 e2g4 d7e7 g4d1 c6e5 f1c4 e5c4 e1e2 e7d7 h2h3 h8f6 d1d3 c7c6 d3c4 d7e8 c4d3 b7b8 e2d1 b8d8 d1e2 d8b8 e2d1 b8d8 d3e2 e8d7 e2d2 a5a4 d1c2 f6e7
558,B,value_resign,48,1.210193,2790,2026-09-04 10:22:10,a2a3 g8f6 h2h4 f6e4 c2c4 b8c6 c4c5 a7a5 h4h5 e4f2 a3a4 f2d1 b1c3 c6d4 c3b1 f7f6 b2b3 b7b5 a4b5 d4c6 e1d1 f6f5 c1b2 c6d4 g1h3 d4b3 a1a3 g7g5 b2h8 b3c5 h8b2 c5b7 h3g5 d7d6 a3c3 f8g7 g5h7 a5a4 c3c1 g7b2 b1a3 d6d5 d1c2 b2c1 a3c4 e7e5 c4e5 e8e7
559,W,value_resign,33,1.053150,2795,2026-09-04 10:22:10,e2e3 f7f5 a2a4 f5f4 f2f3 c7c5 c2c3 g7g5 e1e2 g8h6 a4a5 h8g8 c3c4 f4e3 d2e3 e8f7 h2h4 f7g6 d1e1 d8b6 a5b6 g5g4 f3g4 f8g7 b2b3 e7e5 e1f2 a7b6 b1c3 h6f7 c1b2 g8e8 e2d2
560,B,checkmate,24,1.083753,2800,2026-09-04 10:22:58,a2a3 g8f6 f2f4 a7a6 h2h4 c7c5 c2c4 f6e4 a3a4 f7f6 a4a5 e8f7 g2g4 b7b6 f1g2 h7h5 e1f1 d7d5 a5b6 d5c4 d2d4 h5g4 d4c5 d8d1
561,W,value_resign,63,1.181231,2805,2026-09-04 10:24:13,e2e3 a7a5 e1e2 b8c6 f2f3 c6b4 g2g3 b7b5 f1g2 e7e6 c2c3 b4d5 g2h3 f7f5 h3g2 b5b4 e3e4 c8a6 e2e1 e6e5 e4d5 f8d6 d1c2 b4c3 g2h3 g8f6 d2c3 f6d5 b2b3 h8f8 h3f5 d5b4 c3b4 a5b4 f5h7 g7g5 g1e2 a8b8 h7d3 d8f6 b1d2 e8d8 d2e4 f6f5 e4d6 f5e6 d3h7 c7d6 h2h3 e6e7 c2d2 e5e4 f3e4 a6e2 e1e2 g5g4 h3g4 f8f3 e2f3 b8a8 d2c2 d6d5 c2d2
562,W,value_resign,21,1.155416,2810,2026-09-04 10:27:55,b1a3 a7a5 g2g3 b8c6 e2e3 f7f6 f1b5 e7e5 c2c4 b7b6 b5c6 g8e7 c6a8 a5a4 a3c2 c8b7 f2f3 e7c6 g1h3 d8a8 d1e2
563,W,value_resign,32,1.158653,2815,2026-09-04 10:30:14,b1c3 h7h5 g1h3 a7a5 a2a4 g7g5 c3d5 c7c5 a1a3 f8g7 d2d3 e8f8 c1d2 d8b6 h3g5 f7f5 d5b6 g8f6 f2f4 b8c6 c2c4 c6b4 g5h3 a8b8 b6c8 b4c6 h1g1 b7b5 a3a2 b5b4 g2g4 h5g4
564,B,material_adjudication,69,1.138264,2820,2026-09-04 10:30:56,b2b3 b8a6 d2d3 e7e6 e2e4 b7b6 d1h5 a8b8 e1e2 g7g6 c1g5 g6h5 g5d8 e8d8 g2g4 f8h6 a2a3 c8b7 g4g5 h6g7 e2d2 g7b2 d2e1 b2a1 d3d4 c7c5 d4d5 h5h4 f1g2 b7c8 g2f1 a1d4 c2c3 d4g7 d5e6 a6c7 c3c4 f7e6 g5g6 b6b5 c4b5 g8f6 g6h7 c8b7 e4e5 b7h1 e5f6 g7f6 h2h3 h8h7 e1e2 h7h6 e2d2 e6e5 d2e2 h1b7 b1d2 d7d5 e2e1 b7c6 b5c6 b8c8 f1c4 d5c4 d2c4 e5e4 g1e2 h6h5 b3b4
565,W,material_adjudication,66,1.193234,2825,2026-09-04 10:30:57,h2h4 b7b6 b2b3 c7c6 h1h3 b8a6 c2c3 e7e6 g2g4 e8e7 f1g2 a6b8 c1b2 b8a6 d1c1 h7h5 g4g5 f7f5 g5g6 e6e5 f2f4 e5f4 c3c4 f4f3 g2f3 c6c5 b1a3 c8b7 e2e4 b7e4 f3e4 f5e4 e1e2 e4e3 g1f3 d8e8 a3b5 e8c8 d2d4 c5d4 f3d4 g8f6 c1e3 f6e4 a2a3 c8b7 e2d3 d7d5 a1c1 d5c4 b3c4 b7c6 d4c6 e7d7 e3f4 h8h6 f4e4 a8c8 e4e5 c8c6 d3c2 c6c5 c1d1 d7c6 e5e6 f8d6
566,B,material_adjudication,67,1.143138,2830,2026-09-04 10:34:15,e2e3 h7h5 b2b4 g7g5 d2d4 b7b6 d4d5 h5h4 c2c4 a7a5 g1e2 f8g7 b1c3 c7c5 d5c6 b8c6 a2a3 e8f8 c3a2 a5b4 c1b2 g7b2 d1b1 b2a1 e2c3 c6d4 a3b4 h8h6 f2f4 g5f4 e3d4 f4f3 h1g1 d7d5 f1d3 f7f6 c4d5 e7e6 d5e6 d8e7 b1a1 h6h8 g2f3 c8b7 e1d2 b7c6 a1d1 b6b5 h2h3 f6f5 d3b5 c6b5 c3b5 a8a2 d1c2 a2c2 d2c2 g8f6 c2b3 f6d5 g1g5 e7g5 b5a7 g5e7 b3b2 d5c7 b4b5
567,B,material_adjudication,83,1.099969,2835,2026-09-04 10:34:55,a2a3 g8f6 e2e3 c7c6 h2h3 b8a6 g2g4 h7h5 d2d3 a8b8 f2f3 h5h4 b2b4 a6b4 a3b4 f6g8 b1a3 c6c5 b4b5 c5c4 e1e2 d7d5 d3d4 f7f6 f1g2 a7a6 b5b6 a6a5 c2c3 e8f7 a3b1 c8g4 h3g4 d8c8 g2f1 f7e6 a1a5 e6d6 f1h3 c8e6 f3f4 b8d8 e2d2 e6e4 a5a7 d8b8 b1a3 b8d8 a3c2 d8b8 h3g2 e4g2 g1e2 g2e4 h1h3 b8c8 c2b4 c8b8 c1a3 e7e6 b4a6 d6d7 d1c1 f8a3 c1a3 e4d3 d2c1 d3e2 a3a4 d7e7 h3h1 e2e3 c1c2 b8d8 g4g5 f6g5 h1e1 e3e1 a4a1 e1e3 a1e1 e3e1 f4f5
568,W,value_resign,113,1.112215,2840,2026-09-04 10:42:11,h2h4 b7b6 b2b3 c7c6 g2g4 g8h6 c2c4 g7g5 c1b2 f7f6 f2f3 c6c5 b2d4 e8f7 a2a4 c5d4 h4g5 f6g5 f3f4 g5f4 f1g2 d4d3 g4g5 f4f3 e2f3 b8c6 f3f4 c8a6 d1h5 f7g8 b1c3 h6f5 g2c6 d7c6 e1d1 f8g7 a4a5 b6a5 h5g4 f5d6 c4c5 d6b7 g4g2 d8c7 a1c1 c7b8 h1h5 g7c3 d2c3 b8f8 d1d2 b7c5 h5h3 c5b3 d2e1 a8d8 g1f3 d8c8 f4f5 c6c5 g2g3 c5c4 g3g2 f8d8 c1d1 d8c7 d1b1 c7d6 b1d1 d6c6 d1b1 e7e6 f5e6 b3c1 b1c1 a5a4 c1a1 g8g7 a1a4 c6a4 g2a2 a4c6 f3d4 c6c7 e6e7 c7e5 a2e2 d3d2 e1d1 e5d6 e7e8q h8e8 d4b5 a6b5 d1c2 b5a6 e2d2 e8e7 d2d6 e7e4 d6a6 c8c6 a6a5 c6c5 a5a7 c5c7 a7a5 c7c5 a5c5 g7g6 c2d1 e4f4 d1c2
569,B,value_resign,52,1.104820,2845,2026-09-04 10:42:12,h2h4 b7b6 b2b3 h7h5 d2d3 b8a6 a2a4 c7c6 a1a3 a8b8 c1g5 d7d5 f2f4 d8c7 a3a1 f7f6 e1f2 a6b4 g2g4 h5g4 f1g2 e7e5 c2c4 f6g5 h4h5 e8d7 d3d4 c7d8 c4c5 b6c5 d4c5 c8a6 f4g5 f8e7 f2f1 g4g3 g1f3 e5e4 f3e5 d7c7 e5f7 d8f8 f1g1 f8f7 a4a5 e7f8 g2e4 d5e4 d1c1 b4d5 c1b2 b8a8
570,W,material_adjudication,74,1.152072,2850,2026-09-04 10:43:21,a2a3 g8f6 e2e3 b8a6 d2d3 b7b5 g2g4 g7g5 h2h4 f6g4 f2f3 f7f5 d3d4 e7e6 f3g4 f5g4 e1e2 c8b7 e3e4 e6e5 c2c3 e5d4 b2b4 a6b4 a3b4 g5h4 d1d4 f8g7 d4f2 h7h5 b1a3 d7d5 e4e5 c7c6 c1d2 e8e7 a3c2 h4h3 d2g5 e7e8 g5d8 a8d8 f2e1 b7c8 e1c1 c8d7 c1f4 g7h6 f4d4 h5h4 e2d1 c6c5 d4c5 h3h2 h1h2 g4g3 h2g2 h4h3 c5d4 h3g2 f1g2 h6g5 g2f3 h8h6 g1e2 g3g2 d4a7 d8a8 a7a8 e8e7 f3g2 d7c8 e2d4 c8b7
571,B,material_adjudication,69,1.167437,2855,2026-09-04 10:43:22,e2e4 b8a6 d2d4 g8f6 d1d3 a6b4 c1h6 b4d3 f1d3 g7g5 h6g5 f6e4 h2h4 f7f6 b2b4 e7e6 g5h6 f8d6 g2g4 d6h2 e1e2 e4d6 h1h2 e8e7 a2a4 a7a5 b1d2 d8g8 d2f1 a8a6 b4b5 a6a8 g4g5 g8f7 h4h5 b7b6 d4d5 d6b5 d3b5 e6d5 g5f6 f7f6 h6g5 f6g5 a1b1 g5f6 h2h3 c7c6 f1g3 c8b7 g1f3 h7h6 c2c3 h8b8 b5c6 b7c6 b1a1 b6b5 a4b5 a5a4 b5c6 d7c6 a1a4 a8a4 g3f5 e7e8 h3h4 b8a8 f3h2
572,B,material_adjudication_moderate,76,1.068293,2860,2026-09-04 10:44:30,d2d3 h7h6 b2b3 e7e5 e2e4 b7b6 b1d2 d8f6 d1h5 d7d6 g2g4 g7g5 f1g2 c8d7 a1b1 e8e7 h2h4 c7c6 c1b2 b6b5 b1d1 f8g7 e1f1 g5h4 d2c4 e7e8 c4d2 e8d8 h1h4 f6e7 h4h1 g8f6 h5h3 d7g4 h3h2 g4d1 h2h4 b8a6 c2c3 f6d5 e4d5 c6d5 h4e7 d8e7 g2d5 a8d8 c3c4 g7f6 d5c6 a6b4 c6b5 d6d5 a2a4 d5c4 d3c4 d1g4 g1f3 a7a6 b5a6 b4a6 f3e5 f6e5 b2e5 f7f6 e5f4 g4e6 d2f3 a6b4 f1e2 b4a2 h1a1 a2c3 e2e1 e6d7 f4d2 c3e4
573,W,material_adjudication,66,1.100434,2865,2026-09-04 10:45:40,g1h3 c7c5 d2d4 h7h5 e1d2 d7d6 f2f3 c8e6 h3g1 a7a5 c2c4 c5d4 g2g4 a8a6 a2a4 e6c8 f1h3 h5g4 a1a3 c8e6 h3g4 h8h2 g4e6 f7e6 h1h2 e6e5 b2b3 d6d5 c4d5 d8c8 c1b2 b7b6 f3f4 e5e4 h2h1 g7g6 g1f3 f8g7 f3d4 b6b5 b1c3 b5b4 a3a1 b4c3 b2c3 e8f7 e2e3 g7d4 c3d4 f7e8 a1c1 a6b6 d4b6 g8f6 c1c8 e8d7 h1g1 d7c8 g1e1 b8a6 d1c1 a6c5 c1c2 f6d5 c2c4 d5f6
574,W,material_adjudication,76,1.106935,2870,2026-09-04 10:46:03,e2e4 b8a6 d2d3 d7d6 g2g4 f7f6 a2a3 b7b6 d3d4 g7g5 f1a6 c8a6 b2b3 a6b7 b1d2 a8b8 d1e2 b8a8 f2f3 a7a5 e1d1 h7h6 c1b2 b6b5 c2c4 a8b8 c4c5 e7e6 c5c6 b7c6 d4d5 c6d5 e4d5 g8e7 d5e6 d6d5 h2h3 d8c8 e2f1 c8e6 a3a4 b5a4 b3a4 e6c8 b2f6 e8d8 f6h8 c7c6 g1e2 d8e8 e2g3 f8g7 a1c1 g7h8 d1c2 b8a8 f1d1 c6c5 d2b3 c5c4 b3a1 h8a1 c1a1 h6h5 g3h5 d5d4 d1d2 c4c3 d2d4 e7f5 g4f5 a8b8 d4c3 b8a8 c2d3 e8d8
575,W,material_adjudication_moderate,106,1.155980,2875,2026-09-04 10:49:21,h2h4 e7e5 h4h5 d7d6 d2d4 f7f5 d4e5 d8h4 a2a4 g8f6 a1a2 f6h5 c1d2 b7b6 h1h4 c8b7 g1h3 e8d8 d2h6 b8a6 f2f4 h8g8 a2a3 a6b4 h3f2 d8c8 f2h3 g8h8 e5e6 b4c2 d1c2 b7d5 h4h5 a7a5 c2c4 d5c4 b1c3 c4e6 b2b3 g7h6 a3a2 c8d7 e1d1 d6d5 c3b5 c7c6 b5c7 d7c7 d1e1 f8e7 h5h6 e7f6 h6f6 h8f8 f6e6 f8c8 b3b4 a5b4 a2a1 h7h6 a1d1 c7d7 e6e5 h6h5 d1c1 a8a4 h3g5 a4a5 g5e6 d7e8 e2e3 c8c7 c1b1 c6c5 e6c7 e8d8 f1e2 d8c7 e2b5 a5b5 e1d2 c7d6 d2e1 b4b3 b1b2 b5b4 b2b1 b3b2 e1f1 c5c4 e5f5 h5h4 f5g5 c4c3 g5g6 d6e7 f4f5 b4a4 e3e4 a4a5 e4d5 h4h3 g2h3 a5d5 f1e1 c3c2
576,W,value_resign,39,1.058111,2880,2026-09-04 10:49:43,b1a3 a7a5 d2d3 c7c6 e2e3 f7f6 g2g3 e8f7 b2b4 e7e6 f1e2 a5b4 c1d2 d8e7 a3c4 a8a5 g1h3 a5a2 a1a2 c6c5 e1g1 g7g6 f2f4 f8h6 a2a5 h6g7 a5c5 e7c5 d3d4 c5f5 d4d5 e6d5 c4d6 f7f8 d6f5 h7h5 f5d6 h8h7 h3f2
577,W,value_resign,105,1.137874,2885,2026-09-04 10:50:48,d2d3 b7b6 f2f4 f7f6 f4f5 d7d5 e2e4 c7c6 b1d2 e8d7 g1h3 h7h6 h3g1 h8h7 g1e2 c6c5 g2g4 b6b5 f1g2 d7c6 e4d5 d8d5 c2c3 d5g2 h1f1 b8d7 e2f4 g7g5 f4g2 a8b8 c3c4 b5c4 d3c4 c6b6 d1c2 h7f7 b2b4 c5b4 c1b2 b6c5 c2d3 f8g7 b2d4 c5d6 d3c2 b4b3 c2d3 b3b2 a1d1 b2b1q d2b1 c8a6 b1d2 a6c4 d3c4 b8a8 c4d3 a7a5 d2c4 d6c6 d3d2 a5a4 c4b6 d7b6 d4e3 e7e5 f1f2 a4a3 d2e2 b6d7 e2d3 d7c5 d3d2 c5e4 d2d3 e4f2 e1f2 a8d8 d1c1 c6b7 d3c3 f7c7 c3a3 c7d7 a3b2 b7a8 b2c3 d7d3 c3b4 d3e3 f2e3 d8b8 b4c5 b8d8 a2a4 e5e4 c5c6 a8b8 c6e4 d8e8 e4e8 b8b7 h2h3 g7f8 e3d3
578,B,material_adjudication,66,1.168567,2890,2026-09-04 10:54:57,g2g4 g8h6 a2a3 c7c5 e2e4 h8g8 d2d3 c5c4 d3c4 h6g4 d1g4 f7f5 g4f5 g7g6 f5h3 f8g7 a1a2 d7d6 h3d7 b8d7 h2h4 g6g5 c1g5 d7f6 h1h3 c8g4 h3h2 g4d1 g1f3 h7h5 f3g1 d6d5 e1d1 d8c8 c4d5 a8b8 g5f6 g7f6 a2a1 f6b2 g1e2 b2a1 d1d2 a1e5 d2c1 a7a5 e2g3 e8f7 h2h3 a5a4 f1d3 e5d4 b1d2 d4c5 g3e2 b7b6 c1d1 f7g6 h3e3 c5e3 f2e3 c8c7 e2g3 c7e5 c2c3 b8f8
579,B,material_adjudication,71,1.127011,2895,2026-09-04 10:55:59,a2a3 g8f6 a3a4 c7c5 b1c3 b8a6 f2f3 a6c7 d2d3 a7a6 b2b4 d7d6 c3b1 f6e4 g2g3 c5b4 d3e4 b4b3 c2c4 d6d5 f1g2 e7e5 d1d5 g7g6 c1d2 d8d6 e2e3 d6c6 d5e5 e8d7 h2h3 f8g7 e5g7 h8g8 g7h8 g8h8 d2c3 c6c4 c3h8 f7f5 b1d2 c4d3 h8d4 d7e8 e4f5 c8d7 d2b3 d3b3 g1e2 a6a5 a1b1 b3a3 b1a1 a3e7 d4c3 e7e3 f5g6 h7g6 c3d2 e3e5 f3f4 e5a1 e1f2 a1b2 e2d4 b2d4 f2e2 d4c4 e2e1 d7c8 g2f3
580,W,material_adjudication,102,1.096405,2900,2026-09-04 10:57:01,b1a3 a7a5 f2f3 b7b5 f3f4 f7f6 b2b4 e8f7 e2e4 g7g6 g1f3 f8g7 b4a5 a8a7 g2g4 h7h5 f1e2 c7c6 a3b5 a7a5 b5d4 d7d6 d4c6 b8c6 h2h3 h5h4 c2c4 g8h6 e1f2 e7e6 f3h4 d8e7 h4g6 f7g6 d1f1 e6e5 e2f3 f6f5 f1e2 g7f6 g4g5 f5e4 g5f6 e7f6 e2e4 g6f7 e4c6 a5a7 d2d4 c8b7 c6b5 b7f3 d4e5 f6e7 f2f3 h8d8 b5b2 a7b7 b2e2 b7b5 c4b5 d6e5 f3g2 e7f6 a2a3 e5f4 h1d1 f6a1 h3h4 h6g4 c1d2 a1a2 b5b6 g4f6 e2b5 d8d5 b5b4 f6e4 h4h5 e4d2 a3a4 d2b3 g2f1 d5c5 b6b7 f7e6 b7b8q a2a1 h5h6 a1d1 f1f2 d1d4 b4d4 b3d4 h6h7 e6d5 h7h8q c5c8 b8b7 c8c6 b7a7 c6c7
581,W,material_adjudication,76,1.045468,2905,2026-09-04 10:58:24,e2e3 g7g5 f2f4 h7h6 h2h3 e7e6 c2c4 c7c5 f4f5 e6f5 d2d4 h6h5 g2g3 d8c7 d1a4 b7b6 g1e2 c5d4 e2d4 b8c6 a4b5 c8b7 d4c2 e8e7 e1e2 d7d5 c4d5 c6d4 c2d4 a7a5 e2d1 f8g7 f1e2 b7d5 c1d2 a8c8 d4f5 e7f8 h1h2 c7g3 f5g3 d5e4 b5c4 c8c4 e2c4 g7f6 a2a3 g5g4 g3h5 e4b1 a3a4 h8h5 a1b1 g4g3 h2h1 g8h6 h3h4 h6f5 e3e4 h5h4 h1g1 h4e4 c4d3 e4d4 d3f5 d4c4 f5e6 f7e6 b1c1 c4c8 c1c8 f6d8 b2b3 f8e7 g1g3 e6e5
582,B,material_adjudication,95,1.127684,2910,2026-09-04 11:01:54,e2e3 a7a5 b2b3 a5a4 c2c4 c7c5 f2f3 f7f6 h2h3 e7e6 b1c3 a4a3 g1e2 e8e7 c3b5 a8a6 d2d3 d7d5 e1d2 h7h5 f3f4 g7g5 e3e4 d5c4 b3c4 g5f4 e2d4 c5d4 d2c2 g8h6 c1d2 e7f7 f1e2 f4f3 e2f3 f8c5 f3e2 b8c6 a1b1 e6e5 b1b3 h5h4 g2g4 f7g7 h1f1 b7b6 g4g5 f6g5 f1f3 g5g4 h3g4 h8g8 g4g5 h6g4 b5c7 d8c7 c2b1 h4h3 f3h3 a6a4 e2g4 c7d6 g4c8 g8c8 d1e2 d6e7 g5g6 c6a5 d2a5 a4a5 b3b6 c5b6 h3f3 c8c5 f3g3 g7f6 e2f3 f6g7 f3e2 c5c4 d3c4 g7f8 g3a3 a5a3 e2h5 a3h3 h5h3 f8g7 h3a3 e7a3 c4c5 b6c5 b1a1 a3b4 a2a3
583,W,value_resign,45,1.070736,2915,2026-09-04 11:01:55,h2h4 b7b6 b2b3 c7c6 g2g4 g8h6 c2c4 f7f6 f2f4 d7d5 f1h3 a7a5 c1b2 c6c5 a2a4 b8a6 e1f2 e8d7 f2g2 c8b7 e2e3 d5c4 d1f3 b7f3 g2f3 d7e8 h3f1 c4b3 f1g2 a6b8 f3f2 b8c6 g2c6 d8d7 c6d7 e8d7 g4g5 f6g5 h4g5 d7c7 g5h6 g7h6 g1f3 f8g7 b1a3
584,B,value_resign,72,1.071423,2920,2026-09-04 11:09:24,h2h4 b7b6 b2b3 h7h5 d2d3 b8a6 c1d2 a8b8 c2c3 c7c6 d3d4 e7e5 b3b4 e5e4 b1a3 e4e3 f2e3 b6b5 a1c1 c8b7 g1h3 a6c7 a3c2 d8h4 h3f2 h4d8 c1b1 b7a6 a2a3 b8b7 c3c4 g7g5 f2h3 d7d6 h1g1 b5c4 e3e4 b7b5 e2e3 g5g4 f1c4 c6c5 h3f4 b5b8 c4d5 a6c8 d1e2 c5b4 a3b4 a7a6 b4b5 b8b6 b5a6 b6b1 d2c1 e8d7 e1d1 g8e7 a6a7 f7f5 a7a8q c7a8 f4e6 d8a5 e4f5 e7d5 e2b5 a5b5 d1d2 d5f4 c1b2 b5c4
585,W,material_adjudication_moderate,76,1.092875,2925,2026-09-04 11:09:49,e2e4 h7h5 d2d3 a7a5 b2b3 b7b6 e1e2 c8b7 c1g5 a8a7 a2a4 c7c6 h2h4 b8a6 g2g3 f7f5 e4e5 a6b4 b1d2 h8h7 c2c3 g7g6 c3b4 a5b4 d2c4 a7a8 d1c2 f8g7 f1g2 g7f6 e5f6 g8f6 d3d4 d7d5 f2f4 d5c4 g5f6 e7f6 g1f3 h7d7 a1d1 e8e7 d4d5 c4b3 c2b2 d8c7 d5d6 c7d6 d1d6 d7d6 h1c1 d6d8 c1a1 e7e8 g2h3 d8c8 f3e1 e8e7 a1b1 c8d8 b1a1 e7f8 a1b1 f8e7 b1a1 e7e8 e2f1 c6c5 f1f2 b7e4 f2e2 e4d5 a1b1 a8a7 b1a1 g6g5
586,W,material_adjudication_moderate,98,1.115325,2930,2026-09-04 11:10:15,e2e3 a7a5 h2h3 a5a4 e1e2 c7c6 d2d4 e7e5 a2a3 d7d6 c2c3 e8d7 f2f3 e5e4 d4d5 f7f5 f3e4 g8e7 c3c4 h8g8 e2d2 g8h8 d1g4 f5g4 b2b4 d7e8 g1e2 g7g5 c1b2 f8h6 b2h8 g4g3 d5c6 g5g4 c6b7 c8b7 h3g4 d8c7 h1h6 c7c4 e2g3 c4f1 g3f1 b7e4 b4b5 b8d7 d2d1 e7c8 h8d4 a8b8 d1d2 b8b5 b1c3 b5c5 c3e4 c5c2 d2d3 d7c5 d4c5 d6c5 g2g3 e8f7 a1c1 c2c1 h6c6 c1f1 e4c5 f7e7 d3c4 h7h5 g4h5 c8a7 c6c7 e7d6 c7b7 a7b5 h5h6 b5a3 c4b4 f1b1 b4a4 b1b7 c5b7 d6e7 e3e4 a3c4 a4b5 c4e5 b5a4 e7e6 a4b5 e6f7 b5c5 f7e7 c5d4 e5c4 d4c4 e7e8
587,B,material_adjudication,71,1.205077,2935,2026-09-04 11:10:16,e2e4 b8c6 g2g4 g8h6 a2a4 h6g4 f2f3 g4f2 h2h4 f2d1 c2c4 d1e3 e4e5 f7f6 d2e3 f6e5 a1a2 e5e4 a2a1 a7a5 e1e2 b7b6 f3e4 c8b7 f1h3 a8c8 g1f3 h7h6 h3d7 e8f7 d7c8 d8c8 e4e5 c6e5 f3e5 f7e8 e5f3 b7f3 e2f3 c7c6 f3e2 c8d7 h1d1 d7c7 c1d2 e7e6 d2c3 f8e7 c3e5 c7e5 b1c3 e5h5 e2e1 h5h4 e1f1 b6b5 a4b5 e7g5 b5c6 g5e3 c3d5 e6d5 c6c7 e8d7 c4d5 d7c7 d1b1 h4h2 f1e1 c7b6 d5d6
588,W,value_resign,59,1.131041,2940,2026-09-04 11:10:59,h2h4 b7b6 b2b3 h7h5 h1h2 a7a5 c2c3 f7f5 c1a3 g8h6 g2g4 b6b5 g4g5 c7c6 f2f4 e8f7 g1h3 d8c7 a3b2 c6c5 g5h6 c8a6 h6g7 f8g7 e1f2 d7d5 f2g1 f7f6 a2a4 a6b7 a4b5 c7d8 d1c1 d5d4 c3c4 b8a6 b5a6 b7a6 d2d3 d8c7 b1a3 h8f8 a3b5 a6b5 c4b5 a8d8 h3g5 c7b6 a1a2 f6g6 c1c4 g7f6 g5e6 b6e6 c4e6 d8e8 a2a4 e8d8 e2e3
589,W,value_resign,63,1.185596,2945,2026-09-04 11:12:02,a2a4 c7c6 d2d3 d7d6 c2c3 e7e5 f2f3 e8e7 a4a5 f7f6 e1d2 a7a6 h2h4 c8e6 g2g4 h7h6 b2b3 c6c5 c3c4 d6d5 c4d5 e6d5 c1b2 b8c6 a1a4 d5b3 b2c3 b3a2 a4a2 c5c4 f3f4 h6h5 g4h5 a8b8 g1h3 f6f5 h1h2 c4d3 a2b2 e5f4 f1g2 f4f3 e2f3 g8h6 b2b6 d8d7 d1e1 e7d8 e1e3 c6a5 c3a5 f8c5 e3c5 b8c8 b6g6 d7c7 c5e3 f5f4 e3d3 d8e7 h3f2 b7b5 g2h3
590,W,value_resign,37,1.153523,2950,2026-09-04 11:12:03,d2d3 a7a6 c2c3 f7f6 a2a4 g8h6 b2b3 h6g8 a4a5 d7d6 e1d2 c7c5 f2f3 c8d7 e2e4 d7a4 g2g4 a4b3 f1e2 e8d7 d1b3 e7e5 b3b7 d7e8 b1a3 d8c8 b7a8 h7h6 a8a7 g7g5 d2d1 c8b7 a7b7 d6d5 e4d5 e8d8 h2h3
591,W,material_adjudication,82,1.113294,2955,2026-09-04 11:13:06,h2h4 b7b6 b2b3 e7e5 c2c3 g8e7 g2g3 c7c5 f1h3 b8c6 h3g2 c8b7 g3g4 g7g6 e1f1 c5c4 a2a4 h8g8 b3c4 e7f5 h4h5 e8e7 d2d3 d7d6 c1d2 g6h5 d2c1 g8g4 h1h5 g4h4 h5h4 f5h4 g1f3 h4g2 f1g2 h7h5 a4a5 d8e8 a5b6 a7b6 f3g5 h5h4 a1a8 e8a8 g5f7 e7f7 f2f3 a8d8 c1e3 h4h3 g2h3 d8f6 b1d2 f7g6 d1c2 c6d8 e3b6 d8e6 b6a7 b7c6 h3g4 e6c7 c2b2 c6d7 g4g3 f8e7 b2b4 d6d5 a7c5 d5c4 c5e7 f6e7 b4e7 d7e6 g3h4 c4d3 e2d3 e6f5 e7d8 c7e6 d8d7 e6c7
592,W,checkmate,51,1.103959,2960,2026-09-04 11:14:26,b1a3 a7a5 e2e3 g7g5 g2g3 b8c6 b2b3 g8h6 g1h3 e7e5 h3g1 e8e7 g1f3 b7b5 f3h4 g5h4 f1b5 c6b4 h1g1 e5e4 c2c3 a8a7 c1b2 h6f5 d1e2 b4a2 g3h4 a5a4 g1g5 c8b7 g5f5 a4b3 a3c4 f7f6 e1d1 d8c8 d2d3 e7e6 d3e4 f8c5 c4e5 f6e5 c3c4 h7h6 f2f4 e5f4 e3f4 b7e4 e2e4 e6d6 e4e5
593,W,checkmate,81,1.104413,2965,2026-09-04 11:14:47,b1a3 g8f6 d2d3 d7d5 e2e3 f6e4 a1b1 g7g5 d1f3 e7e6 g2g4 a7a6 e1d1 e4d6 f3e2 b7b6 c1d2 d5d4 b2b4 f8h6 e2e1 e8f8 f2f4 d4e3 h2h4 g5f4 h4h5 e3d2 e1e2 b6b5 f1g2 f7f6 g2a8 b8d7 g4g5 h6g5 h5h6 g5h6 h1h6 f8g7 h6h5 h7h6 a8f3 a6a5 b1b3 a5a4 b3b1 g7g6 b1b2 h8g8 a3b5 a4a3 b2b3 d7b6 b5d6 c7d6 b4b5 d8c7 e2d2 b6a4 f3e2 d6d5 d3d4 g8d8 c2c3 c7b8 b5b6 a4b6 c3c4 d5c4 b3a3 d8d4 d2d4 e6e5 d4d2 c8b7 g1f3 g6h5 f3e5 h5h4 d2f4
594,W,value_resign,36,1.150192,2970,2026-09-04 11:15:08,g1f3 a7a5 b1a3 b7b6 d2d3 b6b5 a3c4 f7f6 a1b1 g8h6 c1d2 b5c4 d3c4 d7d5 a2a4 e8d7 g2g3 d5c4 h1g1 c8b7 h2h3 g7g5 f1g2 c7c5 d2a5 d7c8 h3h4 g5h4 a5d8 h4g3 b2b4 c4b3 c2b3 f8g7 g2h3 h6f5
595,W,material_adjudication,66,1.119412,2975,2026-09-04 11:18:30,e2e4 b8a6 e1e2 a6b8 d2d4 g8h6 b2b3 f7f5 f2f3 b8c6 c2c3 h8g8 c1h6 c6d4 c3d4 a8b8 h6g5 g7g6 f3f4 f8g7 b1a3 b7b6 b3b4 d7d6 g1f3 a7a5 d1e1 f5e4 f3e5 e4e3 b4a5 c7c5 d4c5 b6c5 h2h4 d6e5 a1d1 g8f8 d1d8 e8d8 e2d1 e5f4 f1d3 f4f3 e1e3 f8f5 d3f5 c8f5 e3d2 d8e8 g2g4 f5d7 a5a6 c5c4 h4h5 g6h5 g4h5 g7h6 g5h6 b8c8 d2c3 f3f2 c3d2 c8b8 d1c1 e7e5
596,B,value_resign,62,1.186830,2980,2026-09-04 11:19:13,e2e4 b8a6 a2a3 a6c5 e1e2 e7e5 h2h3 a8b8 f2f3 d8e7 c2c3 g8f6 d2d3 b7b5 a1a2 c5d3 d1d3 a7a6 d3d1 h7h5 g2g3 d7d6 c1e3 f6d5 e4d5 c8d7 d1d3 h5h4 g3g4 e7d8 d3d2 d8e7 g4g5 b8b7 d2d1 f7f6 f3f4 e5f4 f1g2 f4e3 a2a1 f6g5 g2f3 g5g4 h3g4 h4h3 f3e4 e7e4 h1h3 e4g4 h3f3 g4c4 e2e3 f8e7 b2b4 a6a5 d1b3 c4b3 b1d2 b3a4 a1b1 b7b8
597,W,material_adjudication_moderate,106,1.138468,2985,2026-09-04 11:20:15,h2h4 b7b6 b2b3 c7c6 g2g4 b8a6 c2c4 h7h5 f1g2 h5g4 g2h3 g4h3 h1h3 h8h4 h3h4 e7e5 c4c5 e8e7 c1b2 g7g5 h4c4 f8h6 c4c2 a6c5 f2f3 g5g4 c2c4 d7d6 d2d4 c5e6 d4d5 c6d5 b1c3 d5c4 e1f1 g4g3 a1c1 f7f6 f3f4 e5f4 d1c2 c4b3 a2b3 c8b7 c3b5 b7d5 c2c4 d5c4 b5c7 c4d5 c7a8 d5e4 a8c7 d8c7 c1c7 e6c7 g1h3 e4g2 f1g2 c7d5 h3f4 h6f4 e2e4 d5e3 g2f3 e7f7 f3f4 b6b5 f4e3 g3g2 e3f2 f7g7 f2g2 b5b4 g2f1 a7a6 b2d4 a6a5 d4b2 a5a4 b3a4 b4b3 a4a5 g7f8 a5a6 f6f5 e4e5 f5f4 a6a7 g8e7 a7a8q f8f7 f1g1 d6e5 b2a1 e5e4 a1b2 e7g6 a8c6 g6e7 c6b7 f7e8 g1h1 f4f3 b2e5 f3f2
598,W,material_adjudication,100,1.081885,2990,2026-09-04 11:26:04,b2b3 b8a6 f2f3 b7b5 d2d4 h7h5 b3b4 h8h6 g1h3 g7g5 b1c3 d7d6 c3b5 e7e6 a1b1 a6b4 a2a4 f8e7 b5c7 d8c7 c1d2 a7a5 b1c1 b4c2 d1c2 c7c2 c1c2 e8d8 h3g5 f7f5 h2h4 c8b7 c2a2 b7c6 e1f2 h6f6 d2e3 c6d7 f3f4 a8a7 g5f3 f6f7 a2d2 e7f6 g2g3 f6e7 f1g2 f7f8 d2a2 f8e8 d4d5 e7f6 e3a7 e6d5 a2d2 d8e7 h1f1 e8d8 a7e3 f6c3 d2d1 g8f6 f3g5 e7e8 e3d2 c3d2 d1d2 f6e4 g5e4 d5e4 f1c1 e4e3 f2e3 d7a4 e3f2 d8d7 g2d5 a4b3 f2g1 b3d5 d2d5 a5a4 c1b1 a4a3 d5d1 a3a2 b1a1 d6d5 d1f1 d7b7 a1a2 b7b6 a2a8 b6b8 a8b8 e8e7 f1b1 d5d4 b1b5 d4d3
599,W,material_adjudication,72,1.066164,2995,2026-09-04 11:27:31,h2h4 b7b6 g2g4 d7d6 c2c4 e7e5 d2d3 h7h5 b1d2 d8d7 g4h5 d7e6 d1c2 f7f5 f1h3 h8h7 f2f4 e8d8 g1f3 e5f4 b2b4 a7a5 e1f2 a5b4 c1b2 b8a6 f3d4 g7g6 d2f3 d6d5 c4d5 e6d5 a2a4 f8c5 h5g6 d5d7 g6h7 d7h7 h4h5 g8f6 b2c1 h7g7 c2b2 f6h5 h1g1 g7f6 h3f5 c8f5 f2e1 f5e6 d4e6 d8e7 e6c5 a6c5 d3d4 c5a4 a1a4 a8a4 e1d2 f6f5 d4d5 e7e8 g1g2 b4b3 b2b3 f5g6 g2g6 e8d7 e2e3 a4a5 e3f4 d7c8
600,B,value_resign,12,1.219777,3000,2026-09-04 11:30:26,a2a4 b7b6 g1h3 b8c6 e2e3 h7h5 d1h5 h8h5 d2d4 g8f6 g2g3 h5a5
601,W,material_adjudication,66,1.207620,3005,2026-09-04 11:34:36,e2e4 b7b6 f2f4 e7e5 f1c4 g8e7 g1f3 b8c6 c4d3 b6b5 f3e5 a7a5 e5f3 a8b8 d1e2 f7f5 c2c3 b8a8 e2e3 a5a4 e1g1 e7d5 e4d5 d8e7 g1h1 c8b7 f3h4 e7e3 d2e3 f8d6 h4f5 e8d8 f5d6 c7d6 d5c6 b7c6 d3e4 c6e4 h1g1 d8e8 f1e1 g7g6 b1a3 h7h5 a3b5 a8a6 b5c7 e8f8 c3c4 h8h6 c7a6 f8g7 b2b3 a4b3 a2b3 d6d5 c1b2 g7f8 a1a3 f8f7 g1f1 d5c4 h2h4 d7d6 g2g3 c4c3
602,B,checkmate,62,1.073565,3010,2026-09-04 11:36:09,h2h4 b7b6 b2b3 c7c6 f2f4 f7f6 f4f5 e7e5 a2a4 b8a6 c1b2 e8e7 h1h2 h7h6 g1h3 d7d5 c2c4 c6c5 h3g1 c8e6 g1h3 e6f5 b2a3 d5d4 a3b2 f5b1 d1b1 a6c7 b1d3 a7a6 h3f2 h6h5 a1a3 h8h6 e2e4 b6b5 c4b5 a6b5 g2g4 b5b4 a3a1 g7g5 g4h5 h6h5 d3c4 f6f5 e4f5 g5h4 e1d1 e5e4 f2e4 f8h6 e4g3 g8f6 g3h5 f6h5 h2h4 e7d6 h4h5 d8g5 f5f6 g5d2
603,B,material_adjudication,67,1.040216,3015,2026-09-04 11:36:57,h2h4 b7b6 b1a3 d7d6 b2b3 e7e5 a1b1 e8e7 d2d4 f7f5 d4d5 c7c6 a3b5 c6b5 c1b2 b8a6 g1h3 c8d7 b2e5 d8b8 e5c3 b8b7 c3d2 f5f4 h1g1 g8f6 f2f3 f6d5 e2e3 f4e3 f1b5 a6c7 b5d7 e3d2 d1d2 d5f6 h3f4 a8d8 d7h3 g7g6 h4h5 f6h5 f4h5 d6d5 h5f4 d5d4 g2g3 g6g5 f4h5 d8d6 g1h1 g5g4 f3g4 b7h1 e1f2 h1h3 d2e2 e7d7 b1b2 f8h6 e2f1 h3g4 c2c4 c7e6 f1h3 g4h3 g3g4
604,W,material_adjudication,80,1.173715,3020,2026-09-04 11:40:03,h2h4 h7h5 e2e4 b8c6 f1d3 a7a5 e1f1 c6d4 g1e2 b7b5 e2d4 e7e5 a2a3 d7d6 d4e6 f7f6 d3b5 c7c6 b5c6 d8d7 c6d7 c8d7 a3a4 d7e6 c2c4 e6c4 f1g1 h8h6 g2g3 h6g6 b1c3 c4d3 a1a2 a8d8 h1h3 d8d7 b2b3 g6h6 c1b2 d7e7 h3h2 g7g5 d1b1 d3b1 h4g5 f6g5 c3b1 h6f6 a2a3 h5h4 b1c3 e8f7 g1g2 f7g7 d2d3 f6f7 a3a1 f7f6 a1a2 f6f7 g3h4 g5h4 h2h1 f7f4 h1g1 h4h3 g2g3 h3h2 g1d1 h2h1q d1h1 d6d5 c3d5 e7e6 d5f4 f8e7 f4e6 g7f6 h1h3 f6e6
605,W,checkmate,71,1.306469,3025,2026-09-04 11:43:05,e2e3 a7a5 b1c3 h7h5 c3d5 c7c5 g2g4 a5a4 a1b1 d7d6 d2d3 e8d7 e3e4 h5h4 d5b6 d7e6 b6c8 d8d7 f2f3 d7c8 f1e2 e6f6 h2h3 d6d5 g4g5 f6e6 c2c3 c5c4 b2b3 d5e4 b3c4 c8c5 f3e4 a8a6 c1d2 e6d6 d3d4 c5c4 g1f3 e7e5 e2c4 e5d4 e1e2 d4c3 d2c3 d6c6 f3e5 c6c5 c4f7 a6b6 e2f2 f8d6 d1g1 b6b1 g1b1 d6e5 b1f1 h8h5 c3a5 h5g5 f1e2 g8h6 f7e8 g7g6 h1d1 e5d4 f2e1 g5h5 e2d3 d4e3 d3c3
606,B,material_adjudication,73,1.062641,3030,2026-09-04 11:42:24,g1f3 b7b5 a2a4 b8a6 f3h4 f7f6 b2b4 g8h6 f2f4 d7d5 e1f2 h6g4 f2g1 h7h6 c1a3 a8b8 c2c4 b5c4 d1c2 c7c5 c2c4 d5c4 b4c5 a6c7 e2e3 a7a5 b1c3 h6h5 f1c4 b8b4 a3b4 a5b4 g2g3 e8d7 g1g2 b4c3 c4e6 d7e6 h2h3 e6d7 a1b1 f6f5 h1h2 h8h7 h2h1 h7h6 h1h2 g7g5 f4g5 g4e3 d2e3 c8b7 b1b7 d7c6 g5h6 c6b7 e3e4 b7c6 e4e5 c6c5 a4a5 f8h6 a5a6 c7d5 a6a7 c5d4 a7a8q d8a8 h2h1 a8a5 h1a1 a5b5 a1b1
607,B,checkmate,76,1.178667,3035,2026-09-04 11:43:10,h2h4 b7b6 b1a3 d7d6 b2b4 a7a5 c2c4 c8a6 h1h2 h7h5 a3c2 b6b5 c4c5 e7e5 e2e4 e8d7 b4a5 h8h6 d2d3 f8e7 d1f3 d6c5 g2g3 g7g5 h4g5 e7g5 f3e2 f7f6 e2d1 g5c1 a1c1 c7c6 d1e2 d7c7 f2f3 c5c4 d3c4 b5c4 c1d1 d8e7 a2a4 c4c3 d1c1 a6e2 e1e2 h6h8 a5a6 b8a6 e2d3 f6f5 d3c3 g8f6 e4f5 c7b8 f1a6 h5h4 g3h4 c6c5 a6b5 h8d8 g1h3 f6d7 c3d3 d7b6 d3e3 b8c7 a4a5 a8a5 f5f6 e7f6 b5c4 b6c4 e3e4 a5a6 h3g1 f6g6
608,W,material_adjudication,92,1.153218,3040,2026-09-04 11:44:17,e2e3 a7a5 f2f3 a5a4 b2b3 e7e6 e3e4 f8c5 g2g3 f7f5 d2d4 e8f7 d4c5 b8a6 f3f4 a6c5 e1e2 d7d6 c2c3 a4b3 e4e5 g8e7 e5d6 h8f8 d6d7 f7g8 c1b2 a8a2 g1f3 a2a1 b2a1 g7g6 d7c8q d8c8 f1g2 e7c6 e2f2 b3b2 a1b2 g8g7 b1a3 c8b8 d1c1 c6d8 a3c2 c5d3 f2e2 d3c1 b2c1 b8c8 h2h4 f8g8 f3e5 h7h6 c1d2 c7c5 h1h3 c5c4 g2f3 g7f8 d2e3 f8e8 h3h2 d8c6 e5c4 c8b8 e3c5 g8h8 h2g2 b8c8 c4e5 c6e5 f4e5 c8c5 f3b7 e8e7 g2h2 f5f4 g3f4 g6g5 h4g5 h6g5 h2h8 g5f4 h8h3 c5c3 h3c3 e7d7 e2f1 d7e7 f1g1 f4f3
609,B,material_adjudication_moderate,89,1.178407,3045,2026-09-04 11:45:21,b1a3 a7a5 f2f3 a5a4 b2b3 c7c6 e2e4 a4b3 d2d4 d7d6 e1f2 a8a3 a2b3 a3a7 f1e2 g7g5 h2h4 g5h4 a1a7 c6c5 h1h4 c5d4 a7a4 e7e5 c1d2 h7h6 c2c3 b7b6 d1c2 d8h4 f2f1 h6h5 g2g3 h4g3 c3d4 e5d4 a4a7 c8b7 d2f4 d4d3 f4g3 d3c2 b3b4 c2c1q f1f2 f8h6 g3f4 f7f5 f4c1 g8f6 c1h6 f6e4 f3e4 b7e4 e2f3 e4f3 g1f3 h8h6 f3d4 h6h8 d4b5 h5h4 f2e1 d6d5 b5d4 e8f8 d4f5 b8c6 a7c7 c6b4 e1f1 b4a2 f5h4 h8h4 c7b7 d5d4 b7a7 h4g4 f1f2 g4g5 f2e1 f8g8 e1f1 g8h8 f1e1 h8g8 e1e2 g8h8 e2d3
610,W,value_resign,103,1.233239,3050,2026-09-04 11:48:24,b1c3 h7h5 g1h3 a7a5 b2b3 e7e6 c3d5 f7f5 d2d3 f8b4 c1d2 e8f8 a1c1 b4a3 c2c3 a3e7 d5e7 f5f4 c1c2 d8e7 a2a4 c7c5 d3d4 b7b5 h3g1 c8b7 d4d5 c5c4 d5d6 c4b3 d6e7 f8e7 h2h4 b3c2 d1c2 b5a4 g1h3 g7g5 h3g5 b7e4 g5e4 g8f6 c3c4 d7d5 e4d6 e7d6 h1g1 d6e7 c2d1 b8a6 c4d5 a6c7 d2c3 f6d5 c3h8 a8h8 d1c2 h8h6 g2g4 h5g4 f1g2 f4f3 g2f3 g4f3 e2e4 d5e3 f2e3 a4a3 e4e5 a3a2 c2a2 a5a4 g1g4 h6h7 e1f2 a4a3 a2a3 e7f7 a3a5 c7a8 a5a8 h7h8 a8a4 h8g8 a4a2 g8g4 a2b1 f7g7 f2f3 g4h4 f3e2 h4b4 b1d1 g7f8 e2e1 f8e7 e3e4 b4b3 d1b3 e7f8 e1f2 f8e8 f2e1
611,B,material_adjudication_moderate,76,1.160869,3055,2026-09-04 11:48:25,h2h4 h7h5 e2e4 b7b6 d2d3 e7e5 b2b3 d7d6 e1d2 c8g4 d1g4 h5g4 d2d1 a7a6 h4h5 a8a7 d1e2 d8f6 h5h6 e8d8 a2a3 h8h7 g2g3 b8c6 f2f3 g4f3 e2e1 f8e7 b1d2 g7h6 c1b2 c6b4 a3b4 a6a5 b4b5 a5a4 g1f3 a4b3 a1a7 b3c2 f1g2 c2c1q b2c1 h6h5 g2h3 d8e8 d2c4 f6f3 c1b2 f3d3 h3f1 d3g3 e1d1 h5h4 h1h3 g3g6 h3d3 e8d7 d1c1 d7c8 d3e3 d6d5 b2e5 d5c4 c1b2 c8d7 a7a6 c7c6 b5c6 d7e8 a6a7 g6c6 b2c3 e8f8 a7c7 c6c5
612,B,material_adjudication_moderate,86,1.075806,3060,2026-09-04 11:50:11,a2a3 g8f6 a3a4 c7c6 h2h3 c6c5 d2d4 f6h5 g2g4 c5d4 f1g2 b7b6 h3h4 b8c6 e1f1 c8b7 g1h3 d4d3 e2e3 a8c8 c2d3 d8c7 g4h5 a7a5 g2f3 h7h6 h3g5 h6g5 e3e4 b7a6 b2b3 g5g4 f3g4 c7e5 f2f4 e5a1 e4e5 a1b1 c1b2 b1b2 d1c1 b2c1 f1e2 f7f5 g4f5 d7d6 h1c1 e8d8 c1c6 c8c6 e2e1 c6c5 d3d4 h8h5 d4c5 d6e5 f4e5 h5h4 c5b6 a6b7 f5e6 b7a6 e6d5 h4h3 e5e6 g7g5 d5c6 f8g7 b6b7 a6b7 c6b7 g7h6 b7c6 h3h5 e1f1 d8c7 c6f3 h5h4 f1e1 c7d6 f3g2 h6g7 g2f3 g7e5 f3a8 h4h2
613,W,material_adjudication,100,1.126155,3065,2026-09-04 11:53:11,a2a3 c7c6 h2h4 f7f6 h1h3 c6c5 f2f3 a7a5 c2c4 h7h6 a1a2 a5a4 h4h5 e8f7 d2d4 c5d4 e1f2 b7b6 b2b4 a4b3 a2d2 d4d3 a3a4 a8a4 c4c5 b6c5 d2d3 d8c7 d3b3 a4a5 b1c3 e7e6 h3h1 f7e7 f3f4 g7g6 h5g6 h6h5 c3b5 c7d8 g1f3 e7e8 g2g4 a5b5 b3b5 d7d5 f1g2 h5h4 d1c2 c5c4 c1b2 f8d6 h1h4 h8h4 f3h4 d6e7 h4f3 e8f8 b2c3 c8a6 b5a5 b8c6 a5a6 c6b4 c3b4 e7b4 a6a7 d8c7 f3g1 c7a7 e2e3 a7e7 g2f3 e6e5 f3d5 e5f4 e3f4 e7d7 d5c4 f6f5 c4g8 f8g8 g4g5 g8g7 g1f3 d7d6 c2b2 g7g6 f3e5 d6e5 f4e5 b4c5 f2g3 c5b4 b2b4 f5f4 g3f4 g6h5 b4c5 h5h4
614,W,material_adjudication,66,1.103966,3070,2026-09-04 11:53:11,a2a3 f7f6 e2e3 c7c6 e1e2 b7b5 b2b4 e7e5 c2c4 b5c4 g2g3 c4c3 d2d3 e8e7 f2f4 c3c2 d1c2 a7a5 h2h3 a5b4 e3e4 h7h5 g3g4 d7d5 g4g5 h8h6 g5h6 a8a7 c1e3 e5f4 e3a7 b4b3 c2b2 c8a6 h6g7 f8g7 h1h2 g7f8 e2e1 b8d7 f1g2 d8e8 g2f1 f4f3 b1d2 f3f2 e1f2 h5h4 f2f3 e7f7 e4d5 c6d5 h2g2 e8e7 d2b1 d7c5 g2h2 d5d4 h2g2 a6b7 f3g4 b7d5 a7c5 e7c5 f1e2 c5c2
615,B,material_adjudication_moderate,76,1.194448,3075,2026-09-04 11:53:41,h2h4 h7h5 a2a4 a7a5 a1a3 a8a6 f2f4 d7d5 b2b3 e8d7 c1b2 b7b6 g1h3 c8b7 d2d3 f7f6 b1d2 c7c5 d1a1 g8h6 f4f5 a6a8 b3b4 d5d4 c2c4 c5b4 a3b3 b8a6 h1g1 a6c7 g2g4 h5g4 f1g2 g4h3 g2b7 a8b8 b7h1 c7e6 g1g3 d8c7 h4h5 c7g3 e1d1 b8d8 f5e6 d7e6 b3c3 d4c3 b2c3 h6f5 h1c6 b4c3 d2f1 d8d6 f1g3 f5d4 c6f3 d4f3 g3f5 e6f5 e2f3 d6e6 f3f4 g7g6 h5h6 f8h6 d1c2 h8g8 c2c3 h6g7 a1b1 e6c6 b1b2 e7e6 d3d4 g7h6
616,B,material_adjudication,129,1.086431,3080,2026-09-04 11:53:55,h2h4 h7h5 a2a3 b7b6 e2e4 e7e5 b2b3 d7d5 e1e2 d5d4 c1b2 d8e7 a3a4 c7c5 a4a5 b8c6 a1a3 h8h6 c2c4 e8d8 d2d3 a7a6 a5b6 a8b8 b1d2 c8d7 f2f3 d7c8 d1a1 e7d6 a3a4 b8a8 a1a3 c8e6 b3b4 c6b4 g2g4 h5g4 f1g2 a8b8 e2d1 g4g3 g2f1 d6b6 h1h3 b4c6 b2c3 d4c3 d1e2 g8e7 f3f4 h6h4 h3h4 f7f5 a3c3 e6d7 e2d1 e5f4 h4f4 g7g5 f4f5 e7f5 e4f5 g5g4 f5f6 b6c7 a4a3 a6a5 f1e2 c6b4 c3b3 a5a4 a3a4 d7a4 b3a4 b8b7 d2b3 f8d6 d3d4 c5d4 c4c5 d6e5 b3a5 e5f6 a5b7 c7b7 a4a5 d8e8 a5b5 b7b5 e2b5 e8d8 b5e2 f6e5 d1e1 b4c6 e1f1 d8e8 f1g2 c6e7 c5c6 e7c6 e2b5 e8d7 b5c6 d7c6 g1e2 c6d5 e2g3 e5g3 g2g3 d5c4 g3g4 c4c3 g4f3 d4d3 f3e3 c3c2 e3d4 d3d2 d4c5 c2c1 c5d4 d2d1q d4c4 d1c2 c4d4 c2h2 d4e3
617,W,value_resign,43,1.122713,3085,2026-09-04 11:54:10,g1h3 e7e6 g2g3 a7a5 a2a4 f8e7 a1a2 b8c6 g3g4 c6d4 e2e3 b7b6 e3d4 h7h5 f2f3 e7b4 g4g5 e8e7 f1g2 d8e8 h1f1 a8a7 h3f2 f7f5 c2c4 a7a8 d4d5 g7g6 d5e6 d7e6 f2d3 b4c5 d3c5 a8a7 h2h3 b6c5 f3f4 e8a4 a2a4 c8b7 b1a3 b7c6 a3b5
618,W,material_adjudication,76,1.144822,3090,2026-09-04 11:58:53,e2e3 a7a5 g1f3 d7d5 b1a3 h7h5 e3e4 d5e4 f1d3 c7c5 d3e4 h5h4 g2g4 f7f6 e4d5 a8a7 a3b5 d8d5 d2d4 d5e6 d1e2 g8h6 a2a4 c5c4 b2b3 h6g8 a1b1 e6e2 e1e2 c8d7 c1d2 d7b5 a4b5 c4c3 d2c3 e8f7 f3h4 h8h4 h1c1 h4h2 c3a5 a7a5 g4g5 f6f5 c2c3 a5b5 c3c4 b5b6 c4c5 b6a6 d4d5 b8c6 g5g6 f7f6 d5c6 a6c6 b1a1 c6e6 e2f1 g8h6 f2f4 b7b6 c5b6 e6e4 b6b7 f6g6 b7b8q h6g4 b8f8 h2h8 f8h8 e4d4 b3b4 d4d8 h8d8 g6h6
619,B,material_adjudication,66,1.031301,3095,2026-09-04 11:59:54,h2h4 b7b6 b2b3 h7h5 a2a4 h8h7 f2f4 a7a5 g1h3 f7f5 c1b2 c8b7 e1f2 g8h6 h3g5 h6g4 f2g1 b8c6 g5h7 e8f7 d1c1 d8c8 h7f8 c8f8 h1h3 c6b4 c1d1 f8c8 g1h1 c7c5 b1c3 g4f2 h1h2 f2d1 c3b5 b4c6 b2e5 c6d4 a1d1 d4b5 a4b5 c5c4 b3c4 d7d6 c2c3 c8c4 e5g7 c4b5 h3e3 b5c6 g7h6 f7g6 d1a1 c6c4 a1a4 c4a4 h2h3 g6h6 d2d3 b7c6 e3e6 h6g7 c3c4 a4a2 c4c5 b6c5
620,B,material_adjudication,66,1.182672,3100,2026-09-04 12:00:24,b1c3 h7h5 g1h3 a7a5 b2b3 g7g5 f2f3 f7f5 c3b1 h8h6 e1f2 b7b5 b1c3 g5g4 f3f4 g4h3 a1b1 c8a6 b1a1 e8f7 f2e3 c7c6 d2d4 d7d5 d1d2 h3g2 f1g2 b8d7 d2d3 d8b8 d3f5 g8f6 f5g5 b8b7 g2f3 d7b8 c3d5 c6d5 h1g1 f8g7 h2h4 b7c8 c2c3 b5b4 g5d5 f6d5 e3d2 g7h8 g1g6 c8b7 a1b1 f7g6 e2e4 d5f6 e4e5 a8a7 d4d5 a7a8 d2e1 g6h7 c3b4 f6d5 b4b5 d5f4 b5a6 b7c6
621,W,material_adjudication_moderate,90,1.113699,3105,2026-09-04 12:00:55,b1a3 a7a5 f2f3 a5a4 e2e4 f7f6 e1e2 c7c5 b2b3 e8f7 d2d3 e7e5 c1b2 d8e7 h2h4 g7g5 h4g5 b7b6 f3f4 c8b7 f4e5 f6f5 b3b4 f5e4 d3d4 f7e6 b4b5 c5d4 a1b1 e6f5 b2d4 d7d5 g2g4 f5g4 f1g2 f8g7 g1h3 h7h5 d4e3 d5d4 e3d2 e7e8 e5e6 g8e7 h3g1 e7d5 c2c3 d5c3 d2c3 g4g5 c3d4 g7d4 e6e7 b8a6 b5a6 a8a6 g2f1 h8h6 a3c4 b7d5 d1d2 g5f5 c4d6 f5f6 d6e8 f6e7 h1h5 h6h5 f1g2 d4c5 g1h3 d5a2 e8c7 a2b1 c7a6 e4e3 d2c1 h5h6 a6c5 b6c5 h3f4 a4a3 c1b1 e7f8 e2e1 h6f6 b1c1 f6f4 g2h1 f4f6
622,W,checkmate,51,1.177634,3110,2026-09-04 12:00:56,h2h4 b7b6 b2b3 h7h5 d2d3 a7a5 c1d2 a8a6 e2e4 d7d6 e4e5 c8h3 g1h3 e8d7 f1e2 d8c8 b1a3 g8h6 e5d6 d7e8 d6c7 h6g8 c2c3 a6a8 d1c1 a8a6 a3c2 b6b5 e1d1 b8c6 d2e3 c6d4 a2a4 b5b4 g2g4 d4e2 d1e2 h5g4 h3g5 c8c7 c1b2 b4c3 b2a3 f7f5 e3c5 c7c5 a3c5 a6a8 c5c6 e8d8 g5f7
623,B,material_adjudication,66,1.129370,3115,2026-09-04 12:01:54,h2h4 b7b6 b2b3 h7h5 a2a4 d7d6 b3b4 e7e5 a1a3 d8d7 g1f3 e8e7 d2d4 c8b7 c1e3 b7c8 d4d5 e5e4 e3d4 e4f3 c2c4 a7a5 g2f3 b6b5 a3b3 a8a7 e2e4 c7c6 a4b5 d7d8 f1e2 c6b5 d4a7 a5a4 e1f1 a4b3 c4b5 c8e6 d5e6 b3b2 a7b8 d8b8 h1h2 b8b7 e2c4 f7e6 b5b6 d6d5 e4d5 e6d5 c4d5 b7b6 b1a3 b6b4 a3c4 g7g5 c4b2 b4b2 d1d2 b2d2 h4g5 f8g7 h2h1 e7d8 d5b7 g8e7
624,W,value_resign,47,1.133458,3120,2026-09-04 12:05:20,a2a3 b7b6 c2c4 d7d5 d2d3 e8d7 a3a4 f7f6 g1f3 c7c6 a4a5 d5c4 a5b6 e7e6 h2h4 a7a5 g2g3 c8b7 d1c2 c4d3 e2d3 e6e5 c2e2 e5e4 b1a3 e4f3 f1h3 d7d6 a3c4 d6d5 h3e6 d5c5 e2f3 g7g6 c1d2 f8e7 a1b1 d8d5 f3g4 h7h5 g4h3 d5h1 h3h1 a8a6 b1c1 a6b6 c4b6
625,B,material_adjudication_moderate,86,1.169852,3125,2026-09-04 12:06:30,h2h4 b7b6 b2b3 h7h5 c1b2 c8b7 c2c4 c7c5 g2g4 b8c6 b1c3 g7g5 c3b5 f7f5 g4f5 f8g7 f1h3 a7a6 b2g7 e8f7 e1f1 f7g7 f5f6 e7f6 d1b1 a6b5 c4b5 f6f5 h3g4 g8f6 b5c6 d7c6 g4f3 f6e8 a2a3 g7f7 h4g5 d8g5 h1h5 h8h5 f3h5 g5h5 b1b2 e8f6 a1c1 b6b5 c1c5 b5b4 a3b4 h5g6 f2f4 g6g4 g1f3 g4f4 d2d4 f4c7 b4b5 f6e4 b5c6 b7c6 d4d5 e4c5 d5c6 c5b3 b2b3 f7e8 b3c3 e8f7 c3c5 a8a5 c5a5 c7a5 c6c7 a5c7 f3h4 c7c1 f1g2 f7e8 e2e3 e8f7 e3e4 f5e4 g2f2 f7e8 f2g2 c1b2
626,W,material_adjudication_moderate,99,1.153279,3130,2026-09-04 12:07:03,a2a3 g8f6 a3a4 b8c6 h2h4 c6d4 a4a5 c7c6 a1a3 d4f5 h1h3 f6h5 b2b4 e7e5 h3e3 f5e3 a5a6 h5g3 a3e3 d8e7 f2g3 d7d6 c2c4 c8g4 g1h3 a8d8 e3c3 g4f5 c3a3 b7b5 d2d3 b5c4 d3c4 c6c5 c1e3 c5b4 a3b3 d8c8 g3g4 f5g4 h3g5 c8d8 e3a7 e7a7 b3b4 a7d7 g5e6 d7e6 b1d2 e6d7 d1c2 f8e7 b4b3 h7h6 a6a7 d8a8 c2b2 e7f6 b3b8 e8e7 b8h8 a8a7 e2e3 g7g5 h4g5 h6g5 b2b3 f6g7 h8h7 f7f5 h7g7 e7f8 g7d7 a7b7 b3c3 b7d7 f1e2 d7d8 e1d1 d8e8 e2f3 e5e4 f3g4 f5g4 d2e4 e8e5 c4c5 e5c5 c3d2 f8e7 d2b2 c5c6 e4c5 d6c5 b2a2 c6b6 e3e4 g4g3 a2d2
627,B,value_resign,24,1.142055,3135,2026-09-04 12:07:18,e2e3 a7a5 h2h4 e7e6 h4h5 b7b6 g2g4 g8h6 f1c4 g7g6 h5g6 f7g6 c4e2 a5a4 g1f3 h6f5 f3d4 f5d4 b2b4 d4e2 f2f3 e2g3 e1f2 g3h1
628,B,material_adjudication,77,1.173493,3140,2026-09-04 12:07:48,h2h4 b7b6 b1a3 h7h5 b2b4 a7a5 a1b1 a8a6 d2d4 a5b4 b1b4 c7c5 d4c5 d7d6 c5b6 d8b6 e2e4 c8g4 b4b5 g4d1 c1d2 b6b5 a3b5 a6a2 e1d1 e7e5 f1d3 e8d7 c2c3 d7c6 d1e2 f8e7 g1f3 b8d7 h1b1 h8h7 e2d1 d7b8 f3e1 b8d7 d1c1 d7b8 d2g5 b8d7 c1d1 a2a5 g5d2 f7f6 d1e2 h7h8 e1f3 g8h6 f3g1 h6f7 e2e1 g7g5 h4g5 f7g5 f2f4 e5f4 c3c4 a5a2 e1d1 d7c5 g1h3 g5h3 g2h3 h8d8 e4e5 f6e5 b1a1 a2a1 d1e2 a1a2 d3e4 d6d5 e4d5
629,B,material_adjudication,66,1.069536,3145,2026-09-04 12:09:51,d2d3 h7h5 b2b3 b7b6 a2a4 b8a6 c2c4 e7e6 d1d2 e8e7 d2c3 f7f6 a4a5 d8e8 e2e4 g7g6 e1d1 b6b5 d3d4 a8b8 c3d3 a6b4 g1e2 f8g7 h2h3 b4d3 f2f3 b5b4 d1d2 c8a6 e2f4 d3f4 a1a2 f6f5 e4e5 c7c5 g2g3 a6c4 g3f4 c4f1 h1f1 g6g5 f4g5 b8a8 d2e1 e8d8 d4c5 g7e5 f3f4 e7f7 f4e5 d8c7 f1h1 h5h4 h1f1 c7e5 a2e2 e5d5 f1f5 e6f5 e2e4 g8e7 e4d4 d5c6 d4h4 h8h4
630,B,checkmate,62,1.152089,3150,2026-09-04 12:09:51,g1f3 b7b5 c2c4 f7f6 e2e4 e7e6 b1c3 c7c6 f3g5 b5b4 e1e2 f8e7 g5e6 d7e6 g2g4 b4c3 d2c3 g7g6 g4g5 f6g5 c1g5 h7h6 d1d4 d8d4 c3d4 h6g5 f2f4 a7a6 f4g5 e8f8 h1g1 a6a5 g1g4 a5a4 b2b3 a4b3 a2b3 h8h2 e2d3 a8a1 g4g2 h2h1 f1e2 h1h4 g2g4 a1a2 g4h4 e7a3 e2g4 a3d6 h4h3 e6e5 d4e5 d6e5 g4c8 f8f7 h3e3 c6c5 c8h3 b8a6 h3f1 a6b4
631,W,material_adjudication,86,1.126393,3155,2026-09-04 12:11:54,h2h4 b7b6 b2b3 h7h5 d2d3 d7d6 b1d2 c8d7 g1f3 a7a5 c2c4 b8a6 f3e5 d7g4 e5c6 e7e5 c1a3 d8d7 f2f3 d7c6 f3g4 h5g4 e2e3 a6b8 d1e2 c6b7 h1h2 e8d7 a1d1 b8a6 g2g3 a5a4 b3b4 a8d8 h2g2 b6b5 c4b5 a6b8 b5b6 c7b6 b4b5 b7c8 d2c4 e5e4 c4b6 d7c7 b6c8 d8c8 d1d2 c7d8 e1d1 d8c7 d3d4 b8d7 d4d5 c7d8 a3c5 d7c5 e2c4 c5b7 c4d4 d8e7 f1e2 b7c5 d4c3 c5b3 c3c8 b3d2 d1d2 e7f6 c8d7 g7g5 h4g5 f6g5 e2c4 a4a3 c4f1 g5h6 g2f2 g8f6 f2f6 h6g5 f1g2 f8e7 g2h1 h8d8
632,B,material_adjudication,75,1.149500,3160,2026-09-04 12:12:09,h2h4 e7e6 b1c3 f7f6 c3b1 h7h6 h4h5 b7b6 a2a4 d7d5 f2f4 b8a6 d2d3 e8e7 a4a5 c7c6 c2c3 a8b8 e1d2 e6e5 d1c2 e5f4 c2d1 b6b5 d3d4 a6c7 h1h4 f6f5 a1a3 g8f6 g1h3 h8g8 h3f4 a7a6 f4h3 f6g4 d2d3 c7a8 a3a1 e7d7 g2g3 f8e7 f1g2 e7h4 g3h4 f5f4 g2f3 g4e3 c1e3 f4e3 d1e1 b5b4 c3b4 c6c5 d4c5 g7g5 d3e3 d8f6 b1c3 g8f8 f3d5 b8b4 d5c4 b4c4 e3d3 c4h4 e1h4 g5h4 c3b1 f6b2 a1a2 b2b7 c5c6 b7c6 a2b2
633,B,material_adjudication_moderate,141,1.177268,3165,2026-09-04 12:15:26,e2e3 h7h6 e3e4 g7g5 a2a3 b8c6 f2f3 f8g7 h2h4 g5h4 d2d3 h6h5 e1d2 b7b6 b2b3 g8h6 g1e2 g7a1 e2c3 c8a6 d1e2 a6c4 e2f2 h6g4 c3d5 g4f2 d3c4 a1e5 d2e2 f2d1 c1g5 h4h3 e2d1 f7f5 d5e7 d8e7 g5e7 e8e7 g2h3 f5e4 f3e4 h5h4 f1e2 a8f8 h1f1 h8h6 f1f3 c6b8 f3f8 e7f8 e2g4 e5d4 d1d2 d4f2 d2d1 c7c6 c2c3 d7d6 d1e2 b6b5 e2f2 b5c4 b3c4 f8e7 f2f3 b8a6 a3a4 a6c7 b1a3 e7f8 a3c2 f8e7 f3g2 d6d5 c4d5 c6d5 e4d5 c7d5 c3c4 d5f6 c2d4 f6e4 g4f3 e4d2 c4c5 a7a6 a4a5 e7f6 c5c6 f6g7 c6c7 h6h8 g2g1 h8c8 g1g2 g7g6 g2g1 c8c7 g1f2 c7c4 f2e3 d2f3 d4f3 c4c2 e3d3 c2a2 f3h4 g6g5 h4f3 g5g6 f3h4 g6g5 h4f3 g5g6 d3c4 a2a5 c4b3 a5b5 b3a4 b5b6 a4a5 b6b8 f3e5 g6f6 h3h4 f6e5 h4h5 b8c8 h5h6 c8h8 h6h7 h8h7 a5a6 h7h8 a6a7 e5e4 a7a6 h8h1 a6a7 e4d3 a7a8
634,B,material_adjudication,66,1.124725,3170,2026-09-04 12:18:26,h2h4 b7b6 b2b3 h7h5 d2d3 b8a6 c1g5 a6b8 g5f6 e7f6 a2a4 b8a6 a1a3 a8b8 h1h3 f6f5 d1d2 f8a3 d3d4 g8h6 d2d1 h8h7 f2f3 d7d6 e1d2 h6g4 b1a3 e8d7 f3g4 f5g4 h3d3 g4g3 g1h3 d8h4 d4d5 h7h6 a3b5 b8b7 h3f2 g3f2 g2g3 h4g5 d2c3 h6f6 e2e3 g7g6 a4a5 g5g4 f1e2 g4g5 c3d2 a6b4 g3g4 b4d3 e2d3 h5g4 d1e2 b7b8 d3f5 d7d8 f5g4 g5d5 e2d3 d5c6 b5a7 c8g4
635,B,value_resign,74,1.173817,3175,2026-09-04 12:20:03,e2e4 b8c6 h2h4 a7a5 d2d3 f7f6 b2b3 g7g6 g2g4 g8h6 b1c3 c6d4 c3d5 e7e6 d5f4 e8f7 e4e5 d4b3 d3d4 f8g7 f1g2 a5a4 d4d5 b3a1 c2c4 e6d5 c1d2 d5c4 d1a1 a4a3 g4g5 f6g5 h4g5 d7d6 e5e6 c8e6 f4e6 f7e6 g5h6 g7a1 g2f3 a1c3 d2c3 b7b6 c3h8 c7c5 h8c3 a8b8 c3d2 b6b5 f3c6 g6g5 g1f3 b8b6 f3g5 e6e7 f2f3 c4c3 d2c3 b5b4 c3d2 b6c6 g5h7 c5c4 h1h5 b4b3 e1e2 b3b2 f3f4 b2b1q d2c1 c6b6 c1d2 e7e6
636,W,value_resign,51,1.155202,3180,2026-09-04 12:20:04,h2h4 h7h5 b1c3 d7d5 c3b1 d8d6 a2a3 b7b6 a1a2 d5d4 a2a1 c7c5 e2e4 d6d7 d2d3 c5c4 a3a4 c4d3 f1d3 d7g4 c1g5 e8d8 c2c3 d4c3 g1e2 g8h6 b2c3 a7a5 d1c2 g4g2 h1g1 g2h2 c2d2 f7f6 d3b5 d8c7 g5h6 h8h6 d2d3 e7e5 b1d2 a8a7 d2f3 b8c6 f3h2 c6b4 d3d2 b4d3 e1d1 c8b7 e2g3
637,W,value_resign,57,1.191590,3185,2026-09-04 12:20:33,e2e3 g7g6 b2b4 e7e5 b1a3 a7a6 f1e2 g6g5 e1f1 g5g4 g2g3 d7d6 h2h3 e5e4 c1b2 b8d7 b2h8 e8e7 h3g4 a8a7 g4g5 b7b6 f1e1 f7f5 g5f6 g8f6 d2d3 a6a5 e1d2 a5b4 a3b5 e4d3 c2d3 f6h5 b5a7 c8b7 e2h5 b7d5 h8d4 d7c5 g3g4 f8g7 a2a4 g7d4 e3d4 c5d7 d1e2 d5e6 d4d5 d8g8 a1b1 g8e8 d2e1 d7c5 d3d4 e8d7 h1h4
638,W,material_adjudication_moderate,108,1.253202,3190,2026-09-04 12:22:04,h2h4 d7d6 c2c4 d6d5 d1b3 h7h5 c4c5 e7e5 b1c3 b8d7 a1b1 f8d6 e2e4 a8b8 d2d3 g8f6 e4d5 b7b5 c5b6 h8g8 b6b7 c7c6 c3a4 d8c7 g1f3 f6g4 e1d2 g4f2 b7c8q b8c8 f3g5 f2h1 b3d1 h1f2 g5e6 f2d1 e6c7 c8c7 b2b4 e5e4 d2d1 c6d5 c1d2 e4e3 d2e3 d7e5 e3d2 c7c8 d3d4 e5c4 a4c5 c4d2 d1d2 g7g6 f1a6 d6c5 a6c8 c5e7 a2a3 e8f8 g2g4 h5g4 c8g4 e7f6 g4f3 f6h4 d2e2 h4e7 f3d5 e7f6 d5c4 f6d4 e2d3 d4g7 b1d1 g8h8 d1f1 h8h4 f1f7 f8g8 b4b5 h4c4 d3c4 g8f7 c4d3 g7f6 d3e4 a7a6 b5a6 g6g5 a6a7 g5g4 a7a8q g4g3 a8a7 f7f8 e4f3 g3g2 f3g2 f6d4 a7a6 f8e8 g2h1 e8d7 a6c4 d7e7 c4d3 e7e6
639,W,checkmate,13,1.170428,3195,2026-09-04 12:22:05,e2e4 f7f5 g1e2 f5e4 f2f4 e4f3 e2d4 f3g2 b2b3 g2h1q d1e2 g7g5 e2h5
640,B,material_adjudication,77,1.192734,3200,2026-09-04 12:22:39,a2a3 e7e6 g1f3 f8e7 e2e4 g7g6 e4e5 b7b6 f1c4 c7c6 b2b3 c8b7 f3g1 h7h5 b1c3 h5h4 e1e2 f7f6 e5f6 d7d6 g1f3 e7f6 g2g3 h4h3 b3b4 a7a5 f3g1 d8c8 b4b5 a5a4 g1h3 h8h3 b5c6 b8c6 c4e6 c8e6 c3e4 f6e5 e4g5 e6d7 g5f7 e8f7 f2f4 g6g5 f4e5 d6e5 c1b2 c6e7 d1c1 b7c6 c1b1 c6b7 h1g1 g5g4 b1c1 e7d5 c2c4 d5f4 g3f4 h3h2 g1g2 h2g2 e2e1 d7e7 f4e5 e7e8 c4c5 b6b5 c5c6 b7c6 c1c6 e8c6 b2d4 f7e8 a1b1 g8h6 b1a1
641,W,checkmate,39,1.181207,3205,2026-09-04 12:22:59,h2h4 b7b6 b1a3 a7a6 b2b4 d7d6 b4b5 a6b5 c2c3 b8d7 a3b5 a8a6 c3c4 c7c5 b5a7 b6b5 a2a3 a6a4 g2g3 h7h6 d1b3 g8f6 c4b5 a4a7 b5b6 c8b7 e2e3 f6e4 f1b5 c5c4 b3c4 g7g5 b6a7 g5h4 c4d4 f8g7 d4g7 h4g3 g7h8
642,W,checkmate,29,1.235243,3210,2026-09-04 12:23:29,e2e3 a7a5 d1h5 b8c6 g2g3 g8h6 f1b5 b7b6 h2h3 c6d4 e3d4 h6f5 c2c3 c7c6 b5e2 f5g3 f2g3 c8b7 b1a3 g7g6 b2b3 g6h5 c1b2 a5a4 g3g4 f7f5 g4f5 h5h4 e2h5
643,B,value_resign,64,1.177302,3215,2026-09-04 12:24:36,h2h4 b7b6 b2b3 h7h5 d2d3 b8a6 e2e4 d7d6 c1g5 c8g4 f2f3 g4d7 e1e2 a8c8 c2c3 c8b8 g5c1 e7e6 d3d4 f8e7 g2g4 h5g4 f1g2 g4f3 g1f3 d6d5 h4h5 h8h5 h1g1 d5e4 c1b2 e4f3 e2f3 a6c5 d4c5 b6b5 d1e2 e6e5 e2b5 d7b5 c3c4 f7f6 b1c3 b5c4 c3b5 e8f8 b3c4 a7a6 f3e2 g7g6 g1d1 a6b5 d1d8 e7d8 a2a3 b5c4 a1c1 h5h8 g2h1 b8b2 e2e1 h8h5 c1c2 b2c2
644,B,value_resign,102,1.133745,3220,2026-09-04 12:26:57,h2h4 h7h5 e2e4 a7a6 d2d3 b7b6 a2a3 d7d6 b2b3 c8g4 c1g5 a8a7 d1c1 f7f6 b1d2 g4e6 a1a2 a7b7 c1b1 f6g5 d3d4 g5h4 e4e5 e6d7 d2c4 d6e5 c4d2 h8h6 g1e2 b6b5 d4e5 c7c5 f2f4 a6a5 e2c3 h6d6 e5d6 e7d6 b3b4 c5b4 c3d5 b4a3 d2b3 f8e7 f1d3 g8h6 d5e7 d8e7 d3e4 d6d5 b3a5 d5e4 a5b7 b8a6 e1e2 e7f8 b1d1 e4e3 c2c3 d7g4 e2d3 g4d1 a2a3 g7g5 f4g5 a6c5 d3e3 h6g4 e3d2 e8e7 b7c5 f8d8 d2c1 d8c8 h1d1 c8c5 a3a6 b5b4 c3c4 b4b3 c1b2 c5c8 d1d6 e7f7 a6b6 c8c5 d6d4 c5b6 d4d5 b6e6 d5c5 f7g7 c5d5 g7g8 b2b3 h4h3 d5e5 e6e5 b3a4 g8h8 c4c5 e5e4
645,W,material_adjudication,74,1.145908,3225,2026-09-04 12:29:23,e2e4 e7e5 d2d3 b7b6 b2b3 c7c6 e1e2 c8b7 g2g3 e8e7 h2h3 f7f6 e2f3 d7d5 f3e2 d5e4 b1d2 b8d7 f2f3 h7h6 c1b2 b7a6 f3e4 d8c8 g1f3 e7d6 f3h2 c6c5 d1e1 c5c4 h2f3 g8e7 e2f2 g7g5 f1g2 c4d3 c2d3 a6d3 e1e3 d3c2 g3g4 b6b5 e3e2 d7c5 e2b5 a8b8 b5c4 f8g7 c4c2 a7a6 h1e1 b8b7 b3b4 c5a4 c2a4 b7b4 b2a3 h8d8 a3b4 d6e6 f2f1 a6a5 a2a3 a5b4 a3b4 e7c6 a1b1 c6b4 a4b4 d8e8 b4a5 c8d8 a5a4 h6h5
646,B,material_adjudication,66,1.072381,3230,2026-09-04 12:29:24,d2d3 b7b6 b1a3 c7c5 e2e4 d7d6 e1d2 h7h5 b2b3 c5c4 g2g4 a7a6 g4h5 c4d3 f1e2 h8h5 a1b1 b8c6 e2h5 d3c2 d2e3 c2d1q a3b5 e7e5 h2h4 a6b5 h5f3 c6e7 a2a3 d1f3 g1f3 e7f5 e4f5 d6d5 f3e5 f8e7 e5f7 e8f7 h4h5 f7f8 c1b2 b5b4 a3b4 g7g5 h5g6 c8b7 b2d4 e7d6 h1h2 d6h2 b1h1 g8e7 h1h2 e7c6 b4b5 d8g5 f2f4 g5g3 e3d2 g3h2 d2e3 c6d4 e3d4 a8a5 d4d3 a5a8
647,B,material_adjudication,83,1.174432,3235,2026-09-04 12:31:38,h2h4 b7b6 b1a3 d7d6 b2b3 c8d7 c2c3 a7a6 a1b1 b6b5 g2g3 h7h5 c1b2 e7e5 d1c1 e5e4 b1a1 c7c5 f1g2 e8e7 a3c2 d7e6 d2d4 e6g4 a2a4 b5a4 a1a4 c5c4 b3c4 g4d7 a4a1 a8a7 g2e4 h8h6 d4d5 b8c6 g1f3 c6a5 b2a3 f7f5 e4d3 f5f4 g3f4 a5b3 c1b2 b3a1 b2a1 d7a4 a3b2 a4c2 d3c2 a7a8 c2b3 a6a5 e2e3 a5a4 b3a4 a8b8 f3g5 b8b2 a1b2 d8d7 g5e6 d7a4 e1e2 a4c4 e2f3 e7d7 h1c1 g8e7 e6f8 d7e8 b2a2 c4a2 c1c2 a2b3 c2b2 b3b2 f8d7 e8d7 f4f5 e7f5 e3e4
648,B,value_resign,40,1.195182,3240,2026-09-04 12:37:06,h2h4 d7d5 g1f3 f7f6 c2c3 a7a5 f3g1 c7c6 d1c2 a8a7 f2f4 a7a6 g2g4 b8d7 c2f5 d7c5 e1f2 c5e4 f2e3 h7h5 f5e4 d5d4 e3d3 g7g6 b2b3 e8f7 e4d4 c6c5 d4d5 d8d5 d3c2 d5h1 c1b2 f8h6 f1g2 h1g1 g4g5 h6g7 g5f6 g8f6
649,B,value_resign,58,1.165583,3245,2026-09-04 12:37:24,h2h4 h7h5 e2e4 a7a5 f1d3 b7b6 d1e2 d7d6 b1a3 a5a4 a1b1 g7g6 b2b4 f8h6 g2g4 c7c5 f2f3 g6g5 e4e5 f7f5 h4g5 h6g7 a3b5 e8f7 b5d4 f5g4 e2g2 c5d4 e5e6 f7f8 g5g6 b8c6 h1h2 h5h4 e1f1 g4f3 d3c4 f3g2 f1g2 c8b7 g1f3 a8a6 b4b5 g7e5 b5a6 b7a6 f3e5 d6e5 c1a3 d8c8 a3b4 a6b7 b4c3 d4c3 d2d3 g8h6 a2a3 c6a5
650,D,cap_draw,150,1.209607,3250,2026-09-04 12:38:15,d2d3 b7b5 b1c3 a7a6 g2g3 h7h5 e2e4 b5b4 g3g4 h5g4 a2a4 d7d6 c1g5 f7f6 g5d2 h8h6 d2h6 e7e6 f2f4 g7h6 g1e2 b8c6 f4f5 c6e5 a1b1 a8b8 d3d4 b4c3 e2c3 g8e7 d4d5 e6d5 e4d5 b8b6 h2h4 e5d7 b1a1 d7c5 a4a5 b6b4 f1c4 b4c4 d1d3 c4b4 e1d2 e8d7 h1g1 c5a4 g1g4 d8e8 c3a4 b4g4 a1g1 g4h4 g1h1 h4h1 c2c3 h1e1 d2e1 e7d5 e1f1 h6h5 b2b3 h5h4 d3d5 c7c6 d5c4 c6c5 f1g2 c8b7 g2f1 f8e7 c4h4 c5c4 h4c4 e8d8 a4b6 d7e8 c4d3 d6d5 d3c2 e8f8 b6d7 d8d7 f1e1 e7d8 c3c4 d5c4 c2d1 c4b3 d1d7 d8a5 d7d2 a5d2 e1d2 f8f7 d2e3 b7e4 e3e4 b3b2 e4e3 f7f8 e3e4 f8g8 e4d3 g8h8 d3c3 h8g8 c3b2 a6a5 b2a3 g8f8 a3a4 f8e8 a4a5 e8d7 a5b6 d7c8 b6a7 c8c7 a7a8 c7c8 a8a7 c8c7 a7a8 c7c6 a8a7 c6c5 a7a8 c5b4 a8a7 b4a3 a7a8 a3a2 a8a7 a2a1 a7a8 a1b1 a8a7 b1a1 a7a8 a1b1 a8a7 b1c2 a7a8 c2c1 a8a7 c1b2 a7a8 b2c3
651,B,material_adjudication,71,1.121809,3255,2026-09-04 12:39:21,e2e4 b7b6 h2h3 a7a5 d2d3 b6b5 e1e2 g7g6 f2f3 c8a6 c2c4 g6g5 c4c5 f8g7 d1d2 h7h5 c5c6 b8c6 d2c3 b5b4 c3g7 g8f6 e4e5 c6d4 e2e1 h8g8 h1h2 g8g7 h2h1 a8b8 e5f6 e7f6 g2g4 h5g4 h3g4 d4e6 d3d4 a6f1 d4d5 b8a8 e1f1 d8e7 d5e6 f7e6 a2a3 e8d8 a3b4 a5a4 h1h3 a4a3 a1a3 a8a3 b1a3 g7g8 a3c2 c7c5 b4c5 e6e5 c2a1 d8c7 c5c6 c7c6 h3h7 e7h7 c1g5 f6g5 f1g2 h7h8 g2f1 d7d5 g1e2
652,W,value_resign,73,1.090038,3260,2026-09-04 12:39:51,h2h4 b7b6 c2c3 e7e6 b2b3 f7f6 g2g3 h7h6 f1g2 g8e7 g3g4 c7c5 g2a8 c8b7 d2d4 c5d4 e1f1 b8c6 b1d2 e7g8 a2a4 g7g6 c3c4 h8h7 a8b7 d8b8 f2f3 f8d6 f1f2 h7h8 b7c6 d7c6 g4g5 f6g5 h4g5 d6e7 g5h6 h8h6 h1h6 g8h6 a1a3 b8a8 b3b4 e7b4 a3b3 b4c3 g1h3 c6c5 d1f1 c3b4 c1b2 h6f5 f2e1 a7a5 e2e4 d4e3 f3f4 e3d2 e1d1 a8b8 b2f6 f5e3 b3e3 b8b7 e3e6 e8d7 e6e5 b7f3 f1f3 d7d6 f3g4 b4a3 f6g7
653,W,material_adjudication,124,1.168914,3265,2026-09-04 12:41:08,h2h4 h7h5 d2d3 c7c5 c1g5 f7f6 d3d4 e8f7 g5c1 c5c4 b2b3 d7d5 e2e4 f7e6 e1d2 c4b3 a2a3 e6d6 c2b3 a7a6 f2f3 e7e6 d2e2 e6e5 g2g3 c8e6 c1b2 d5e4 d4e5 d6c6 f3e4 f6e5 f1h3 g8f6 h3e6 d8e7 b2e5 e7e6 g1f3 g7g6 e5f6 h8h6 f6d4 f8e7 h1g1 e6e4 e2d2 e7d6 g3g4 h5g4 g1g4 e4g4 d4b2 h6h4 f3h4 g4h4 d1f3 c6d7 b1c3 d6h2 f3b7 d7e6 b7a8 h2e5 a8g2 h4g5 g2g5 e5f4 d2d1 f4g5 c3d5 b8d7 d1e1 e6d5 b2c3 d7b6 c3a5 b6d7 e1f1 d5c5 a1d1 g5e3 a5d8 g6g5 d1d7 g5g4 f1g2 e3d4 a3a4 d4e5 g2f1 e5d6 f1g2 c5b4 d7d6 b4c5 a4a5 c5d6 b3b4 d6d5 g2g3 d5d4 g3g4 d4d5 b4b5 a6b5 a5a6 d5c4 a6a7 b5b4 a7a8q b4b3 g4g3 b3b2 g3h4 b2b1q h4h5 b1a2 a8a2 c4b4 a2a5 b4c4 h5h6 c4b3
654,B,value_resign,62,1.121227,3270,2026-09-04 12:41:09,a2a3 g8f6 e2e3 c7c6 a3a4 e7e5 b1c3 g7g5 f1e2 d8e7 g2g4 e7d8 g1h3 d8c7 h1g1 h7h5 g4h5 f8b4 c3d5 c6d5 g1g5 b8a6 e1f1 d5d4 e3e4 d4d3 a4a5 f6h5 e2h5 d7d6 c2c3 c8d7 d1f3 h8h5 g5h5 f7f5 e4f5 b4a5 b2b4 a5b4 c3b4 a6b4 f5f6 a7a5 h5h8 e8f7 c1a3 a8h8 a3b4 a5b4 f1e1 d7h3 f3h3 h8h3 a1a6 c7d7 a6a8 d7e6 a8a7 f7f6 e1d1 e6g4
655,B,value_resign,44,1.195252,3275,2026-09-04 12:41:37,b1a3 a7a5 f2f3 b7b5 e2e4 b5b4 f3f4 a8a6 f1a6 f7f6 g1e2 g8h6 e1g1 c8a6 a1b1 a6e2 d1e2 b4b3 e2f3 b3a2 b2b4 a2b1q a3b5 b1b4 c2c4 c7c5 c1b2 h6g4 e4e5 b4a4 f3g4 b8c6 d2d4 f6e5 d4e5 d7d6 e5e6 h8g8 b5c3 a4c2 c3b5 g7g5 g4h5 g8g6
656,B,material_adjudication_moderate,76,1.131952,3280,2026-09-04 12:43:05,h2h4 b7b6 b2b3 c7c6 c1a3 e7e5 a3b2 e5e4 g2g4 f8b4 a2a3 b4a3 b1a3 e8e7 d1b1 g8f6 f1g2 c8b7 c2c3 f6g4 g2f3 g4f2 a3c4 f2h1 b1e4 e7f8 e2e3 h7h6 d2d3 c6c5 e4b7 b8c6 c4a3 a8b8 b7a6 c6e7 e1e2 d7d5 e2f1 d8c8 a6a7 h1g3 f1e1 b8a8 a7b6 a8b8 b6a5 b8a8 a5b6 a8b8 b6a5 b8a8 a5b5 a8b8 b5a5 b8a8 a5c5 c8c5 a3c2 a8a1 b2a1 c5d6 a1b2 g3h5 f3h5 f7f5 g1e2 h8g8 c2d4 g7g5 d4b5 d6f6 b5c7 g5h4 h5f3 g8h8
657,B,material_adjudication_moderate,147,1.161055,3285,2026-09-04 12:46:05,h2h4 h7h5 a2a3 b7b6 d2d3 g8h6 c1g5 c7c5 c2c4 c8a6 e2e3 b8c6 e3e4 h6g4 d1b3 f7f6 b1c3 a8c8 g5d2 g7g5 a1c1 f6f5 h1h2 g4f2 c3d5 g5h4 e1f2 f8g7 e4f5 e8f8 h2h4 g7f6 d5f6 d7d6 a3a4 d8d7 f6d7 f8e8 g2g4 h5g4 a4a5 c6a5 b3c3 a6b7 f5f6 h8h4 d2e3 e8d7 d3d4 c5d4 c3d4 e7e5 d4c3 d6d5 f2e2 d5d4 c3c2 d4e3 e2e3 g4g3 f1d3 d7d6 g1f3 b7f3 c1f1 g3g2 f1g1 e5e4 d3e4 f3e2 e3e2 h4h3 g1g2 d6e6 e2f2 a5c4 c2c3 h3c3 b2c3 c8c5 e4d3 e6f6 g2g4 b6b5 f2e1 a7a5 g4d4 f6g5 e1d1 c5c7 d3c4 b5c4 d1e2 c7c5 d4d2 c5c6 d2d5 g5g6 d5a5 c6d6 a5c5 d6e6 e2f2 e6d6 f2e3 d6f6 e3d4 f6f4 d4e3 f4f6 e3d4 f6f4 d4e3 f4f6 e3d4 f6f4 d4d5 g6g5 d5d6 g5g4 d6c7 g4g3 c7b6 g3f2 b6c6 f2f1 c6d5 f1f2 d5d6 f2f1 c5c4 f4c4 d6d5 c4c3 d5d4 c3c2 d4d3 c2a2 d3c3 a2h2 c3d3 h2h3 d3d4 h3h4 d4d3 h4h5 d3d4
658,B,value_resign,22,1.126708,3290,2026-09-04 12:46:35,b1a3 b8c6 h2h4 h7h5 a1b1 a7a5 d2d4 e7e5 b2b4 a5b4 d4e5 d7d6 e5e6 c8e6 e2e3 e6g4 b1b4 g4d1 e1d1 a8b8 f2f3 f8e7
659,B,material_adjudication_moderate,100,1.145238,3295,2026-09-04 12:48:21,e2e4 e7e5 f1d3 a7a5 f2f3 b8c6 c2c3 g7g5 d3f1 g8e7 h2h4 f7f6 f1c4 a5a4 c4d3 e8f7 h1h3 a4a3 c3c4 g5h4 d3e2 f6f5 h3h4 f8g7 e1f2 a8a7 f3f4 d7d5 e4d5 b7b6 d5c6 a3b2 c1b2 g7f6 f4e5 f6h4 f2f1 e7c6 g1f3 h4g3 d2d4 a7a5 d4d5 g3e5 d5c6 e5b2 f3e5 b2e5 d1d8 h8d8 b1d2 e5d4 a1d1 d8f8 d2f3 d4e3 g2g3 b6b5 c4b5 a5a7 b5b6 c7b6 a2a4 f5f4 e2b5 f7g7 g3f4 f8f4 f1e1 a7a5 d1b1 c8f5 b1b3 f5e4 b3e3 e4f3 c6c7 f3b7 c7c8q b7c8 b5c6 g7f7 e3f3 f4f3 c6f3 f7f8 f3d5 h7h5 d5e4 h5h4 e4f5 h4h3 f5d3 a5c5 a4a5 c5a5 e1f1 a5a2 f1e1 c8a6
660,B,material_adjudication_moderate,98,1.164640,3300,2026-09-04 12:49:05,h2h4 b7b6 b2b3 h7h5 f2f4 a7a5 e1f2 d7d5 g1h3 a8a7 a2a4 e7e5 h3g5 h8h7 d2d3 f8e7 f2e3 b8a6 g2g4 h5g4 g5h7 f7f5 h7g5 c8b7 b1d2 a6b4 g5e4 e7h4 a1a3 g8e7 c1b2 h4g3 e4g3 d8d6 f1g2 a7a8 g3f5 g7g6 g2e4 g6f5 e4f5 e5f4 e3f2 e7f5 f2e1 d5d4 h1h5 b4d5 h5f5 d5c3 b2c3 d4c3 d2c4 d6g6 f5f4 g4g3 c4b6 c7b6 d1b1 g3g2 e1f2 a8c8 b1c1 e8d8 f2g1 g6e6 f4d4 d8e8 g1f2 e6e5 d4c4 e8d8 c4c8 d8c8 f2g1 e5e2 d3d4 e2h5 c1e3 c8d7 e3d3 b7d5 d3c3 h5h1 g1f2 g2g1q f2e2 g1g7 c3a1 h1h5 e2d2 g7g3 c2c3 d7c6 a1b1 g3f3 a3a1 b6b5
661,B,material_adjudication,66,1.139665,3305,2026-09-04 12:49:22,e2e4 b8c6 g2g4 g8h6 a2a4 a7a5 b1c3 a8a6 f1e2 g7g5 e2a6 h6g8 d1f3 e7e5 g1h3 c6d4 h1f1 d4f3 e1d1 f7f6 a6d3 e8e7 h3g1 f3g1 c3b1 d7d5 f1g1 f8g7 e4d5 d8d7 g1e1 h7h5 g4h5 g5g4 b2b3 c7c5 d5c6 b7c6 c1b2 h8h5 d3g6 h5h2 g6f5 d7b7 a1a3 h2f2 f5c8 b7c8 e1e2 f2f4 e2f2 f4f2 d1e1 f2f3 b1c3 e7e6 c3b5 g7h6 e1e2 c8d7 b2e5 f6e5 c2c4 h6e3 b5a7 d7e7
662,W,material_adjudication_moderate,106,1.090787,3310,2026-09-04 12:49:52,d2d3 b7b6 g2g4 d7d6 b1d2 a7a5 c2c4 c8g4 e2e3 f7f5 g1h3 c7c6 a2a4 g4h3 f2f3 g7g5 b2b3 h3f1 c1b2 a8a6 a1a3 f8g7 f3f4 d8d7 d2f1 e8f7 d1f3 g8h6 a3a1 g7b2 a1d1 d7b7 f4g5 f5f4 h2h4 b8d7 h4h5 f7e6 e3f4 b2c3 f1d2 c3d4 f3e2 e6f7 h1h3 d7c5 d2f3 f7g7 f3d4 h8c8 g5h6 g7f6 h3e3 c5d7 f4f5 c8e8 e1f1 a6a8 d1c1 d7c5 c1d1 c5d7 d1d2 b7b8 d4c6 b8c7 c6d4 d6d5 e3h3 d5c4 b3c4 d7e5 d4c2 e8c8 c2d4 c7b7 c4c5 b6c5 d4c2 e5c6 h3f3 b7b6 c2a3 c6d4 a3c4 d4e2 c4b6 e2g3 f1f2 a8b8 b6c8 b8c8 f2g3 c8d8 d2b2 d8d7 d3d4 c5d4 g3g4 e7e5 g4g3 e5e4 f3f2 d7d5 b2b3 f6e7
663,B,value_resign,46,1.083696,3315,2026-09-04 12:49:52,d2d3 b7b6 b1a3 c7c5 b2b4 f7f6 d3d4 c5b4 g2g4 e8f7 c2c4 h7h6 e2e4 d8e8 e1d2 e8d8 d2d3 g7g5 a3b5 a7a6 e4e5 a6b5 a2a3 f6e5 a3b4 a8a1 h2h4 g8f6 d3e2 c8b7 h4g5 h6g5 h1h8 b5c4 f2f3 b6b5 h8h3 a1a2 e2e3 f8g7 d1a4 b5a4 f3f4 a2a1 f4e5 b7f3
664,W,material_adjudication_moderate,93,1.113319,3320,2026-09-04 12:53:36,b2b3 c7c5 f2f3 a7a6 d2d4 b7b6 h2h3 h7h5 e1d2 e7e5 c1b2 h5h4 f3f4 b6b5 e2e3 a8a7 g1e2 a7b7 f4e5 d7d5 a2a4 c8g4 h3g4 b5a4 g2g3 c5d4 e3d4 f7f6 e5f6 g7f6 b1c3 a4b3 h1h4 h8h4 g3h4 b7d7 e2f4 e8e7 f1g2 f8h6 g4g5 h6g5 h4g5 f6g5 c2b3 g5f4 d2c1 d8f8 g2d5 g8f6 c3e2 f6d5 d1e1 b8c6 e1f1 d5e3 f1d1 e3d1 e2f4 f8f7 f4h5 c6a5 a1a5 d1b2 c1b2 d7d8 b2a1 d8d4 a5c5 e7d7 h5g3 d4f4 g3h5 f7e6 h5f4 e6d6 c5d5 d6d5 f4d5 d7e8 d5c3 e8f8 c3a4 f8e7 a1b1 e7d6 b1b2 d6d5 b2b1 d5d6 b1b2 d6d5 b2b1
665,B,material_adjudication,67,1.191370,3325,2026-09-04 12:54:34,h2h4 a7a5 b1a3 h7h5 e2e4 b7b5 d2d3 b5b4 a1b1 b4a3 b2a3 c7c6 c1g5 c8a6 b1b2 d8c8 g2g4 a6b7 d1c1 h5g4 e1d2 e7e5 c2c4 c6c5 b2b7 c8b7 h4h5 b8a6 g5e3 b7b6 f2f3 e8e7 d2e1 d7d5 f3g4 d5c4 d3c4 a8c8 c1b1 b6b1 e1d2 b1b2 d2d3 f7f6 e3c5 a6c5 d3e3 c8a8 g4g5 a5a4 h5h6 c5b3 h6g7 f8g7 a2b3 a4b3 g5f6 g7f6 h1h8 b2a3 h8g8 a8g8 c4c5 g8b8 c5c6 b8a8 c6c7
666,W,value_resign,67,1.078369,3330,2026-09-04 12:56:17,h2h4 b7b6 c2c3 e7e6 b2b3 g8e7 h1h2 f7f5 g2g3 g7g6 c1b2 h8g8 f1g2 c8b7 f2f4 d7d5 h2h1 b8d7 g1h3 c7c6 h1g1 g8g7 d2d3 c6c5 b1a3 d5d4 a1c1 a7a6 h3g5 b7g2 g1g2 b6b5 d1c2 d4c3 b2c3 c5c4 c3d2 d8c7 a3c4 a8c8 g2g1 h7h6 a2a4 b5c4 d3c4 d7b6 c4c5 b6d5 g5e6 g7h7 h4h5 g6h5 e6c7 d5c7 e1d1 c7d5 a4a5 c8b8 c2b2 d5f6 b3b4 b8b4 b2b4 h7h8 b4c3 h8h7 c1a1
667,B,value_resign,66,1.172259,3335,2026-09-04 12:57:16,a2a3 g8f6 h2h3 b8a6 e2e3 c7c6 a3a4 a8b8 d2d4 d8c7 e1e2 d7d5 c2c3 c8d7 a4a5 b7b5 a5b6 a6b4 b1a3 h7h5 f2f3 h5h4 c3b4 f6e4 b6b7 a7a5 b2b3 c7b7 f3e4 f7f5 g2g4 h4g3 b4a5 b8a8 e4d5 c6d5 e2e1 b7c7 f1e2 a8b8 a5a6 g3g2 h1h2 c7h2 b3b4 h2g1 e1d2 g1d1 d2d1 g2g1q d1d2 h8g8 a1b1 e8d8 b4b5 d7b5 b1b5 d8c8 b5d5 e7e6 a3c4 e6d5 c1b2 d5c4 b2a3 f8e7
668,W,value_resign,49,1.227670,3340,2026-09-04 12:58:05,d2d3 h7h6 b2b3 b7b5 a2a4 c7c5 b3b4 c8b7 e2e4 b5a4 b4c5 b8c6 d1f3 c6a5 b1c3 g7g5 g2g4 a4a3 h2h4 b7c6 a1b1 a7a6 e1d1 d7d5 f1g2 d8d7 h4h5 d5e4 f3g3 f8g7 c1d2 a8a7 c3e4 h8h7 d2a5 g7d4 c2c4 e7e5 e4d2 c6g2 g3g2 d4f2 g2f2 a3a2 b1a1 f7f6 f2e2 e8f7 c5c6
669,B,material_adjudication_moderate,78,1.220865,3345,2026-09-04 12:58:21,f2f4 a7a5 g2g3 a5a4 e2e3 d7d6 d2d4 b8d7 h2h3 g8f6 g3g4 f6d5 c2c4 d5f4 e1d2 b7b6 e3f4 e7e5 f4e5 f8e7 b2b3 f7f5 h1h2 g7g6 e5d6 c7d6 b3a4 d7f6 c1a3 f5g4 f1e2 c8d7 a3d6 g4h3 d6e7 d8e7 h2h3 d7h3 g1h3 g6g5 h3g5 h7h6 g5f3 a8c8 a4a5 e7b4 b1c3 b6a5 c4c5 f6e4 d2c2 e4c3 d1d2 c3e2 d2e2 e8d8 a2a3 b4a4 c2d3 h8e8 a1d1 e8e2 d3e2 c8a8 d4d5 h6h5 d1d2 d8c7 d2d4 a4b5 e2e1 a8f8 a3a4 b5d7 c5c6 d7d6 f3h4 c7b6
670,D,cap_draw,150,1.209700,3350,2026-09-04 12:59:18,g1h3 b7b6 g2g3 d7d6 b1c3 c8d7 b2b4 h7h5 f2f3 b6b5 c3b5 a7a5 c2c4 h5h4 d2d4 a8a6 a1b1 c7c6 b5a3 a6a7 b4b5 g7g6 b5c6 b8c6 g3h4 f7f6 a3b5 f8g7 b5c3 d8c7 c3b5 f6f5 b5c7 a7c7 c1d2 c6d4 e2e4 g6g5 e4f5 h8h4 f1e2 h4h3 f5f6 e7f6 d2a5 c7a7 a5d8 d4f5 h1g1 a7a8 f3f4 a8a2 e2d3 f5e3 d1b3 d6d5 b3a2 g5g4 a2b2 d5c4 b1a1 c4d3 f4f5 e8d8 g1g3 h3g3 h2g3 d8e7 a1c1 e3d5 b2b3 d5e3 b3g8 e3f5 g8h7 e7f8 c1b1 f5d6 b1b3 g7h6 h7d7 h6e3 d7d6 f8f7 b3d3 e3c5 d6e6 f7e6 d3d1 f6f5 e1f1 c5b4 d1c1 e6e7 f1g2 b4d6 c1e1 e7f8 e1e3 f5f4 g3f4 d6c5 e3e2 c5d4 f4f5 d4b6 f5f6 b6a5 g2g3 f8f7 g3g4 f7f6 e2a2 a5c3 a2g2 f6e5 g2c2 e5d4 g4f5 d4d3 c2g2 d3d4 f5f6 c3a5 g2f2 d4e3 f2f1 e3d4 f1f5 a5b4 f5g5 b4c5 g5f5 c5d6 f5g5 d6c5 g5f5 c5d6 f5g5 d6c5 g5f5 c5d6 f5g5 d6c5 g5f5 c5d6 f6f7 d6c5 f5f2 c5b4
671,B,material_adjudication,66,1.046208,3355,2026-09-04 12:59:19,h2h4 h7h5 b2b3 b8a6 d2d3 e7e6 b3b4 b7b6 b1a3 f8d6 c1d2 d6b4 a1b1 b4d2 d1d2 g8e7 a3c4 d7d6 e2e4 c7c5 g2g4 h8g8 c4e5 h5g4 g1e2 a6c7 e5g4 g7g5 e4e5 g8h8 f2f4 g5f4 e5d6 d8d6 g4f6 e8d8 b1d1 e7c6 h4h5 c8b7 e2g1 f4f3 g1f3 e6e5 f1e2 d6f6 f3e5 c7b5 e5c6 b7c6 c2c4 c6h1 c4b5 f6e7 d2e3 e7e3 e1f1 f7f5 d1d2 a7a5 b5a6 a8a6 a2a4 a6a7 d3d4 c5c4
672,B,value_resign,44,1.156195,3360,2026-09-04 13:00:26,e2e3 a7a5 f1b5 a5a4 g2g3 c7c6 d1f3 h7h5 h2h3 c6b5 d2d4 a4a3 b1a3 f7f5 a3b1 g8f6 e3e4 f6e4 b2b3 e4g3 b3b4 b8a6 f3d5 g7g5 e1d1 a6c7 d5f3 g3h1 d1e2 e8f7 b1a3 d8e8 a1b1 f7g7 e2f1 h1f2 a3b5 c7b5 f1f2 b5d6 c1a3 a8b8 c2c3 h8g8
673,W,material_adjudication,80,1.108310,3365,2026-09-04 13:01:06,b1a3 a7a5 f2f3 g8f6 h2h3 a5a4 b2b4 d7d6 a3b5 b8c6 g2g3 g7g5 e2e3 e7e6 f1e2 d8d7 h1h2 c6d4 b5d4 c7c5 b4b5 c5d4 c2c3 a8a6 b5a6 d4c3 c1a3 f6g4 f3g4 f7f5 e2d3 c3d2 e1f1 f5g4 e3e4 h8g8 d3c4 d6d5 c4d5 f8a3 d5c4 a3e7 h2e2 g4h3 g1h3 e6e5 c4g8 b7a6 h3g5 e7g5 f1g2 h7h6 e2d2 d7d8 g2f3 g5d2 d1c2 a6a5 f3g2 c8e6 g8e6 d8e7 c2d2 e7e6 a1b1 e6f6 b1c1 e8f8 c1c2 f8e7 c2c3 f6a6 a2a3 a6c8 c3c8 e7f7 g2h1 h6h5 d2c1 h5h4
674,B,material_adjudication_moderate,105,1.113735,3370,2026-09-04 13:04:46,e2e3 a7a5 b2b3 a5a4 f2f3 g8h6 e3e4 f7f5 e1e2 e8f7 g2g3 b7b5 a2a3 c8b7 f1g2 c7c6 c1b2 h6g4 f3g4 h7h5 d1f1 d8c8 c2c3 h5h4 f1f3 c6c5 e2f1 a4b3 c3c4 b5c4 f3f5 f7e8 g1e2 d7d6 f5c8 b7c8 b1c3 b8c6 h1g1 h4h3 g2h3 h8h3 f1g2 c8g4 e2f4 h3h6 c3d5 g4d7 e4e5 c4c3 b2c3 c6e5 c3e5 d6e5 d5c7 e8f7 c7a8 e5f4 d2d4 f4g3 h2g3 b3b2 a1f1 f7e8 d4c5 g7g5 g3g4 h6g6 f1b1 d7c6 g2h2 c6a8 b1b2 a8c6 g1c1 c6d7 b2b1 g6a6 c5c6 a6c6 c1c6 d7c6 b1c1 e8d7 h2g1 e7e6 g1f1 f8a3 c1c6 d7c6 f1e2 c6c5 e2d3 a3b4 d3e2 b4a3 e2d3 a3b4 d3e2 c5d4 e2f3 b4c5 f3e2 c5d6 e2f3
675,W,material_adjudication,66,1.203807,3375,2026-09-04 13:05:01,e2e3 a7a5 b2b3 a5a4 f2f3 e7e6 g2g3 a8a7 b1a3 f8a3 d1e2 a3d6 g3g4 f7f5 g4f5 b7b5 e1f2 d6f8 f5e6 d7e6 e3e4 g8e7 f2g2 c8b7 c1a3 g7g6 a1b1 b8a6 b1d1 h7h6 e2b5 e7c6 a3f8 h8f8 f1e2 d8d4 b5c4 a6b4 c2c3 d4c4 b3c4 c6d4 c3d4 b4a2 h2h3 c7c5 d4c5 b7c6 e4e5 a2c3 d2c3 f8f6 e5f6 a4a3 d1a1 e8d7 a1d1 d7c8 h1h2 a7d7 g2h1 d7e7 e2f1 e7c7 f1g2 a3a2
676,B,material_adjudication,75,1.075683,3380,2026-09-04 13:06:09,d2d4 g8f6 d1d3 a7a5 e2e4 g7g5 g2g4 e7e6 h2h3 a5a4 e4e5 f6g8 e1e2 b7b6 b2b4 c8b7 g1f3 b7d5 b1a3 d8e7 b4b5 e7d8 f1g2 h7h6 d3c4 d5c4 a3c4 f8e7 c1d2 b8c6 b5c6 a8a6 a1b1 b6b5 b1b5 e8f8 c6d7 h6h5 a2a3 c7c6 b5b4 e7b4 a3b4 h5g4 h3g4 h8h1 g2h1 f7f6 b4b5 c6b5 e5f6 b5c4 f3g5 e6e5 h1d5 g8f6 g5e6 a6e6 d5e6 f6e4 g4g5 e4g5 d2g5 d8g5 d7d8q g5d8 d4e5 d8e7 f2f4 e7e6 e2f1 a4a3 f4f5 e6e7 f5f6
677,B,material_adjudication,71,1.153049,3385,2026-09-04 13:06:38,h2h4 h7h5 d2d3 b7b6 c1g5 d7d6 g1h3 c7c5 b2b3 d6d5 g5d2 f7f6 h3f4 g8h6 c2c3 e8f7 f2f3 a7a6 b1a3 b8c6 d1c2 h6f5 a1b1 f5d6 c3c4 c6b4 c2b2 f7g8 f4d5 g8f7 d2f4 c8b7 d5c7 d8c7 b1a1 g7g5 h4g5 f6g5 f4g5 f8g7 g5f4 g7b2 a3b5 b2a1 b5c7 a8c8 f4d2 c8c7 a2a3 f7f8 a3b4 c5b4 c4c5 b6c5 f3f4 f8e8 g2g4 c7d7 g4h5 e8d8 h5h6 a1f6 h1h3 h8h7 d2b4 c5b4 f1g2 h7h8 d3d4 f6d4 e2e4
678,W,value_resign,56,1.147814,3390,2026-09-04 13:06:52,e2e3 g7g5 f1e2 h7h5 b1a3 c7c5 g2g3 b8a6 b2b3 a6c7 a1b1 d7d6 f2f4 d8d7 h2h4 d7f5 a3c4 g5f4 c4a5 e7e5 c2c3 f5b1 c1b2 b1a2 g1f3 a2b3 a5b3 f7f5 g3f4 e5f4 e3f4 g8e7 c3c4 a8b8 b2h8 e8d7 d2d4 c5d4 d1d2 b7b6 f3d4 b6b5 d4b5 b8b5 c4b5 c7b5 d2c1 a7a6 c1d2 e7c6 e1f2 c6b4 e2f3 c8b7 d2d1 d7e8
679,W,value_resign,41,1.171271,3395,2026-09-04 13:08:41,a2a3 g8f6 a3a4 b8a6 c2c3 d7d5 f2f3 g7g6 a4a5 f6d7 e1f2 b7b6 d2d3 e7e5 a5b6 a7b6 c3c4 a6c5 a1a8 f8e7 f2e3 f7f6 g2g3 h8f8 c4d5 b6b5 d3d4 c8b7 a8d8 e8d8 f1h3 b5b4 g3g4 e5d4 e3d4 b7a6 e2e4 f6f5 g4f5 a6c4 h3g4
680,W,value_resign,54,1.214820,3400,2026-09-04 13:09:51,e2e3 g7g5 g1h3 e7e5 g2g3 a7a6 b1c3 b8c6 a1b1 g8e7 h3g5 f7f6 g5e6 d7e6 g3g4 d8d3 f1d3 f6f5 h2h3 f5f4 d3h7 h8h7 d1f3 b7b6 h1h2 c8b7 d2d3 c6b8 f3b7 a6a5 c3e2 e7c6 b7a8 f8g7 a8b7 g7f6 e2f4 e5f4 g4g5 c6e5 e3e4 f4f3 a2a3 h7h6 g5h6 e8d8 c2c4 b8a6 b7a6 d8e7 c1e3 b6b5 c4c5 e7e8
681,W,material_adjudication_moderate,103,1.023471,3405,2026-09-04 13:12:10,e2e3 g7g6 f2f4 b8a6 f1a6 d7d5 g1f3 d5d4 d2d3 h7h5 d1d2 c7c6 b1a3 c8d7 h1f1 g8h6 a6b7 a8c8 d2e2 a7a5 b7c8 h8h7 c8d7 d8d7 f1f2 d4e3 e2d2 h7h8 g2g4 e3d2 e1d2 f8g7 g4h5 h6g4 f3e5 g7e5 f4e5 g4f2 h5h6 h8h6 b2b3 d7b7 d3d4 c6c5 a1b1 c5d4 e5e6 f7e6 h2h4 e8d8 b1b2 b7a8 d2e2 a8a6 e2f2 h6h4 c1e3 e6e5 f2g3 d4e3 g3h4 a6c8 a3b5 c8b8 c2c4 e3e2 b2e2 b8b7 e2e5 b7c6 b5d4 c6b7 h4g3 a5a4 b3a4 d8d7 a4a5 b7c7 d4f3 d7c6 g3g4 c7a5 e5a5 e7e5 f3g5 c6b6 a5a6 b6a6 g5h7 e5e4 g4f4 e4e3 f4e3 g6g5 e3d4 g5g4 d4e4 g4g3 e4f3 g3g2 f3g2 a6b6 g2g3
682,W,checkmate,63,1.221935,3410,2026-09-04 13:11:05,d2d3 h7h6 f2f4 c7c6 b1d2 a7a5 g2g4 c6c5 e2e4 h8h7 h2h4 f7f6 d1e2 a8a7 e1d1 d7d5 a2a3 c5c4 f4f5 e8f7 b2b3 d8e8 e4e5 c4d3 c2d3 f6e5 d1e1 c8d7 g4g5 h6g5 h4h5 d5d4 c1b2 a7a8 e2e5 b8c6 e5e2 g8h6 f1h3 h6f5 h3f5 d7f5 e2g2 g7g6 h5g6 f7g6 g1e2 f8g7 e2d4 g7d4 h1f1 g6h6 g2f3 h7g7 f3f5 a8b8 f5e4 e8d7 b2d4 c6d4 f1h1 d7h3 h1h3
683,B,material_adjudication_moderate,99,1.139344,3415,2026-09-04 13:12:29,b1a3 a7a5 f2f3 b7b5 a1b1 b5b4 e2e4 h7h5 f3f4 b4a3 d2d3 c7c6 b2a3 a5a4 g1e2 h8h6 e1f2 d8a5 g2g4 c6c5 h2h4 b8a6 g4h5 f7f6 h1h2 h6h5 d3d4 c8b7 b1b7 d7d6 d1d3 c5c4 d3c4 d6d5 e4d5 h5f5 c2c3 e7e6 d5e6 a6c5 d4c5 g7g6 c1b2 e8d8 c4d4 d8c8 c3c4 c8b7 f2g1 a8d8 d4e4 b7a7 e2g3 f8c5 g1h1 f5f4 e4f4 g6g5 h4g5 f6g5 f4f5 d8b8 b2c3 g8e7 f5g5 e7g6 f1g2 a5c3 g2f3 c3f3 h2g2 b8h8 g3h5 f3h5 g5h5 h8h5 g2h2 h5g5 h2h3 g6e7 h3h7 a7a8 h7e7 c5e7 c4c5 g5h5 h1g1 h5h4 g1f1 h4h5 c5c6 h5g5 c6c7 a8b7 f1e2 b7c8 e2f1 e7d6 f1e1
684,B,value_resign,58,1.130273,3420,2026-09-04 13:12:42,b1a3 a7a5 a3b1 c7c6 e2e4 f7f6 g1e2 c6c5 g2g3 g8h6 e2f4 a8a7 f1a6 a7a8 e1g1 a5a4 a6b5 b8c6 b1c3 g7g5 d1f3 g5f4 g3f4 f6f5 f3h5 h6f7 f2f3 d7d6 h5h4 f5e4 f3e4 h7h5 h4e1 c8d7 d2d3 a4a3 b2a3 c6d4 b5c4 f8h6 c4b3 c5c4 c3e2 d4e2 e1e2 c4b3 g1g2 b3c2 e4e5 h8f8 e5e6 d7e6 a3a4 e6d5 g2f2 a8b8 c1b2 f8h8
685,B,material_adjudication,69,1.178944,3425,2026-09-04 13:14:17,e2e3 g7g6 f1e2 a7a5 b1c3 h7h5 c3d5 g6g5 h2h4 a8a7 g1f3 c7c5 h4g5 h5h4 g5g6 f7g6 b2b3 g6g5 e1f1 g5g4 h1h4 h8h4 f3h4 b7b6 g2g3 g8h6 c2c3 c8b7 d5b6 d8b6 c1b2 b6c6 f1e1 h6f7 d2d4 d7d6 c3c4 b8d7 d4d5 c6c7 e2d3 a7a6 a1c1 c7d8 d3f1 d7e5 b2e5 d6e5 f1g2 a5a4 a2a3 e5e4 e1e2 a4b3 d1b3 b7c8 b3b2 f8g7 b2d2 g7f6 d5d6 f7d6 d2b2 f6b2 c1c3 a6a7 f2f4 b2c1 c3c1
686,B,value_resign,36,1.137995,3430,2026-09-04 13:15:11,e2e3 a7a5 b2b3 a5a4 f2f3 a8a7 f1a6 a7a6 d1e2 e7e6 g2g3 b7b5 e2b5 a6a5 e1e2 a5b5 b1a3 g8e7 a3b5 g7g5 b5d4 c7c5 a1b1 c5d4 e3d4 d7d6 a2a3 e6e5 f3f4 e5d4 g1f3 d8b6 f3g5 b8c6 g5f7 e8f7
687,B,material_adjudication,89,1.079982,3435,2026-09-04 13:15:25,h2h4 h7h5 d2d3 b7b6 b2b3 b8a6 c1b2 c7c6 b1d2 b6b5 g2g4 h8h7 e2e4 g8h6 f2f3 a8b8 f1g2 h5g4 c2c3 d7d5 e1f1 h6f5 d2c4 d5c4 e4f5 e7e5 f5e6 g4f3 g1f3 d8c7 a2a4 c4b3 a4b5 c6b5 g2h3 c8e6 h3e6 f7e6 d1b3 e6e5 f3e5 f8d6 e5f3 d6f8 c3c4 f8b4 f3d4 b5c4 d3c4 b4c3 h4h5 b8b3 b2c3 e8d7 d4b3 c7b7 h1h3 h7h6 c3g7 b7e4 g7h6 e4g4 b3d2 g4h3 f1e1 h3e6 e1d1 e6h6 a1a6 h6a6 h5h6 a6h6 d1c2 a7a5 d2f3 h6g7 c2d2 a5a4 d2e1 g7e7 f3e5 d7d6 e1d1 e7e5 d1c2 d6c5 c2c1 e5d6 c1b1
688,B,material_adjudication,75,1.197616,3440,2026-09-04 13:15:26,b1a3 a7a5 a3b5 h7h5 d2d4 g8f6 h2h3 f6g8 g2g4 d7d6 e1d2 a5a4 a2a3 b7b6 e2e4 e7e5 d4d5 a8a6 b2b3 b8c6 d2d3 f8e7 b5c7 d8c7 g4g5 c7d7 d5c6 d7d8 c1b2 a4b3 c2b3 c8e6 d3e2 a6a5 f2f4 e5f4 a3a4 a5g5 h3h4 g5g3 a4a5 e6g4 e2e1 g4d1 c6c7 d8c8 f1e2 b6b5 a1d1 e7f6 e4e5 d6e5 a5a6 e8f8 g1f3 g7g6 f3e5 f6e5 b2e5 f7f6 e5f4 g3g4 f4d2 c8d7 b3b4 d7c7 e2f3 g4d4 a6a7 c7a7 d2e3 d4d1 e1d1 a7e7 e3c5
689,W,material_adjudication_moderate,83,1.185907,3445,2026-09-04 13:19:25,e2e4 b8c6 g2g4 g8h6 a2a4 g7g6 g1f3 g6g5 f1d3 e7e5 h2h3 f8g7 c2c3 c6b8 d3c4 h8f8 c4b3 b7b6 d1c2 c7c5 a4a5 c5c4 b3c4 d7d6 c2a4 b8c6 h1f1 d8e7 a4b5 c8d7 e1e2 c6a5 b5d5 a5c4 d5a8 e7d8 a8d8 e8d8 a1a7 d6d5 f1d1 d5e4 f3e5 g7e5 f2f3 e4f3 e2f3 e5b8 a7d7 d8d7 d2d3 c4a5 f3e2 d7e6 c1g5 h6g4 h3g4 f7f5 g5h6 f5g4 h6f8 a5b3 b1d2 b8c7 d2b3 e6f7 d3d4 f7f8 e2d2 f8e7 d4d5 c7d6 c3c4 e7e8 c4c5 d6c5 b3c5 b6c5 d2c1 h7h6 b2b3 g4g3 d1e1
690,B,material_adjudication_moderate,89,1.230097,3450,2026-09-04 13:21:35,b1a3 a7a5 h2h4 a5a4 c2c4 c7c6 c4c5 d8c7 g2g3 e8d8 a3c2 f7f6 b2b4 a4b3 a1b1 h7h6 a2b3 d7d5 d2d4 e7e6 e2e4 g7g6 h4h5 c7g7 c1b2 d5e4 g3g4 e4e3 h5g6 f8e7 f2e3 g7g6 f1g2 f6f5 e3e4 f5e4 e1e2 g6g4 g2f3 e4f3 g1f3 g8f6 b2c1 f6e4 h1g1 g4h5 g1h1 e4c3 e2d2 c3d1 h1h5 h8f8 c2b4 f8f3 c1a3 a8a3 b1d1 f3f6 h5h6 f6h6 d4d5 a3a2 d2e1 b7b5 b4a2 c6d5 a2b4 e6e5 d1d5 d8e8 d5e5 e8d8 e5e7 d8e7 c5c6 h6h2 c6c7 b8d7 e1f1 d7b6 f1g1 h2h6 b4d3 e7e6 g1f1 h6f6 f1e2 e6f5 d3c5
691,W,checkmate,43,1.172181,3455,2026-09-04 13:22:18,e2e4 e7e5 g1e2 b7b6 d2d3 d7d6 f2f3 d8f6 b1d2 a7a5 g2g4 f6d8 a1b1 a8a6 d3d4 f7f5 e2g3 c8e6 c2c4 f5g4 d4d5 f8e7 a2a4 g8f6 f3g4 d8d7 d5e6 d7e6 h1g1 e6f7 d1e2 f7e6 g4g5 e8d7 g5f6 e6f6 f1h3 f6e6 h3e6 d7e6 e2g4 e6f6 g1f1
692,B,material_adjudication,73,1.237946,3460,2026-09-04 13:23:30,a2a3 a7a6 e2e4 c7c6 d2d4 f7f6 e1d2 e7e5 b2b4 d7d6 h2h4 e5d4 c2c4 d4c3 b1c3 c8e6 e4e5 f6f5 d1e1 g7g6 e5d6 d8d6 d2e2 f5f4 c1f4 e6h3 f4d6 h3g4 g1f3 g4e6 g2g4 g8f6 a1c1 e6f7 c1d1 f8d6 c3a4 a6a5 h4h5 a5b4 a3b4 f6h5 g4h5 a8a4 h5h6 d6b4 e1d2 b4d2 f1h3 d2b4 f3d4 b4f8 d1c1 g6g5 f2f3 a4d4 f3f4 b8d7 f4g5 f8e7 h3d7 d4d7 e2e1 h8g8 h1h3 f7g6 c1b1 g6b1 e1e2 g8f8 e2e3 b7b5 g5g6
693,B,material_adjudication,71,1.197853,3465,2026-09-04 13:25:10,g1f3 h7h6 e2e4 h6h5 f3e5 d7d6 a2a3 d6e5 d2d3 h8h6 c1g5 b7b6 c2c4 e8d7 b1d2 g8f6 f2f3 h6g6 d3d4 g6g5 h2h4 a7a6 h4g5 f6g8 c4c5 e5d4 d1c2 b6c5 a1d1 c8b7 c2c5 a6a5 e4e5 c7c6 e5e6 d7e6 a3a4 h5h4 d2c4 b7a6 c4b6 a6f1 b6a8 e6d7 c5c2 f1a6 c2c1 e7e5 a8c7 d7c7 g5g6 c7d7 g2g3 g8e7 g3g4 e7g6 g4g5 h4h3 h1h3 d7e7 h3h5 g6f4 b2b4 b8d7 c1c4 a6c4 b4b5 c4d5 b5c6 d7f6 g5f6
694,W,material_adjudication,66,1.184606,3470,2026-09-04 13:25:10,a2a3 c7c6 d2d3 c6c5 d3d4 c5d4 c2c4 d4c3 c1g5 c3b2 d1d4 g7g6 e1d1 b2a1q d4a1 a7a6 h2h4 f8g7 a1g7 e7e5 g5d8 g6g5 d8f6 g8f6 e2e4 h8g8 g7f6 d7d6 f1d3 b8d7 f6f5 g5g4 b1d2 e8f8 h4h5 b7b6 a3a4 c8b7 a4a5 h7h6 a5b6 b7d5 e4d5 f8g7 d3f1 a6a5 d2e4 g8f8 d1e1 d7c5 g1f3 c5d7 f3g1 a8a6 e4c5 d6c5 f5d7 g7f6 g1f3 f8d8 d7d8 f6g7 h1h4 a5a4 f3g1 f7f6
695,W,material_adjudication,88,1.040044,3475,2026-09-04 13:26:35,e2e4 e7e5 g1e2 f7f6 b1c3 a7a5 a1b1 f8c5 g2g4 g7g5 f2f3 e8f8 a2a4 h7h6 h1g1 c5g1 b1a1 h6h5 c3b5 g1h2 a1b1 c7c5 e2c3 h5g4 f1c4 a8a6 c3d5 g8h6 d1e2 a6e6 e2h2 f8g7 h2e2 g4f3 e2f3 e6e7 f3e2 h8g8 b2b3 b8c6 b1a1 g5g4 c1b2 c6d4 e2d3 d8e8 e1f1 f6f5 b5d6 f5e4 d6e8 g8e8 d3e4 d4c2 e4c2 e7e6 d2d3 h6g8 c2d2 g8f6 d5f6 g7f6 c4a6 e8e7 d2c1 e6a6 f1g2 a6b6 c1c5 d7d5 c5b6 e7e6 b6a7 b7b6 b2d4 e5d4 a1d1 e6e7 a7b6 f6f5 b6a5 e7a7 a5a7 c8e6 g2h1 g4g3 h1g1 f5g6
696,B,material_adjudication,101,1.078943,3480,2026-09-04 13:28:14,a2a3 c7c5 d2d4 c5d4 c2c4 a7a5 h2h4 b8c6 c4c5 a8a7 b1c3 a7a6 c1e3 d4d3 h1h3 f7f6 a1c1 b7b6 c3d5 f6f5 e3d2 d7d6 e2d3 b6b5 d2c3 e7e5 e1e2 a6a7 h4h5 g8f6 c5d6 d8d6 b2b3 f6d5 a3a4 d5c3 c1c3 b5b4 c3c6 d6c6 d1c1 c6c1 h5h6 c8b7 h6g7 h8g8 d3d4 f5f4 h3h4 f8g7 d4e5 g8f8 h4h1 b7d5 h1h2 e8f7 g1f3 d5b3 f3d2 f7g6 d2b3 g7e5 b3c1 a7a8 c1d3 e5g7 g2g3 f4g3 f2g3 g7h6 d3e5 g6g7 f1g2 a8a7 e5f3 g7g6 h2h6 g6h6 g2h3 f8f3 e2f3 h6g5 h3g2 g5h5 f3f4 b4b3 g2f3 h5g6 f3g2 g6h5 g2f3 h5g6 f3d5 b3b2 f4e5 b2b1q e5f4 g6h5 g3g4 h5g6 g4g5
697,W,material_adjudication_moderate,76,1.137843,3485,2026-09-04 13:28:43,e2e3 g7g6 f2f3 b7b6 h2h3 e7e5 d2d3 g6g5 c2c4 c7c6 g2g4 f8e7 d3d4 g8f6 d4e5 b8a6 a2a3 a8b8 e5f6 e7f6 g1e2 f6g7 h1g1 h7h5 h3h4 c8b7 e1d2 h5g4 a1a2 g4f3 e2d4 g5h4 g1g7 h8h6 d1f3 d8f6 f3f6 h6f6 b1c3 f6f1 b2b4 a6b4 a3b4 f1f3 c3d5 c6d5 c4d5 e8f8 g7h7 b7d5 a2a4 b8c8 d4f3 a7a5 b4b5 d5f3 c1b2 h4h3 b2e5 f7f5 h7h3 f8e7 a4a2 f3g4 h3h2 a5a4 e5d4 c8c4 a2b2 a4a3 b2b1 e7f8 d4b6 d7d5 b1a1 f5f4
698,B,value_resign,58,1.142275,3490,2026-09-04 13:28:44,a2a3 e7e6 a3a4 f8b4 a4a5 e8f8 c2c3 d8f6 h2h3 g7g5 a5a6 b8a6 c3b4 g8e7 b1a3 e6e5 d2d3 a8b8 b4b5 a6b4 g1f3 c7c5 c1e3 h7h6 e3c5 f8g8 c5b4 e5e4 e2e3 e4f3 g2f3 d7d5 f1e2 c8d7 d1d2 a7a6 b5a6 d5d4 b4c5 b7a6 b2b4 d4e3 c5e3 f6a1 d2d1 a1a3 d1d2 e7c6 b4b5 a6b5 d2c1 a3a2 c1b2 a2b2 h1f1 c6e7 e3f4 f7f5
699,B,checkmate,16,1.131596,3495,2026-09-04 13:30:18,a2a3 g8f6 a3a4 b8a6 f2f3 e7e6 g1h3 g7g6 g2g4 a8b8 b2b4 f6d5 b1c3 d5f4 h3f4 d8h4
700,W,material_adjudication,70,1.143715,3500,2026-09-04 13:30:32,a2a3 g8f6 a3a4 b8a6 f2f3 g7g6 b2b4 b7b5 a1a3 e7e6 a4b5 h7h6 h2h4 a8b8 b5a6 f8b4 c2c3 d8e7 d2d3 c7c5 c3b4 c5b4 e2e3 e7d6 a3b3 c8a6 e1d2 b8b6 f3f4 f6h7 b1c3 a6c4 b3b1 c4d3 g1f3 b6c6 c3e4 f7f6 e4d6 e8d8 g2g3 a7a6 h1h2 h8g8 b1a1 d8e7 a1a3 e7d6 a3a4 a6a5 c1a3 b4a3 f1g2 c6c2 d2d3 d6c5 d1c2 c5d6 f3e1 a3a2 c2d2 a2a1q a4c4 a1e1 d2e1 g8b8 c4c5 b8b7 g2e4 b7b6
701,W,material_adjudication,66,1.188183,3505,2026-09-04 13:31:42,e2e3 g7g6 f1e2 g6g5 g2g3 h7h5 f2f4 g5f4 b2b3 f7f5 e3f4 b8a6 g1f3 a8b8 e2f1 b7b6 f3g5 f8g7 c1a3 a6c5 c2c3 c5b3 a2b3 c8b7 f1e2 b6b5 a3b4 h5h4 g5f3 b7f3 e2f3 c7c5 b4c5 d7d6 c5e3 d6d5 g3h4 h8h4 f3e2 d8b6 e3b6 b8b6 e1f1 e8f8 d2d4 h4h8 b3b4 g7d4 d1d4 a7a5 d4b6 g8h6 b6a7 h8g8 f1e1 g8h8 h1f1 h8g8 f1f2 g8h8 a1a2 h8g8 e1f1 g8g6 a2a3 d5d4
702,W,value_resign,39,1.203930,3510,2026-09-04 13:31:42,e2e3 g8f6 d2d3 f6h5 c2c3 e7e6 a2a4 f8c5 h2h3 c5e3 c1e3 h7h6 g2g4 d7d5 e3d2 h5f4 d2f4 h6h5 f4d2 h8g8 d3d4 d8h4 f1g2 h5g4 e1e2 g4h3 a4a5 f7f5 g2h3 b7b6 g1f3 c8a6 e2e1 a6b7 f3h4 g7g6 h4g6 b8a6 d2e3
703,W,material_adjudication_moderate,116,1.182858,3515,2026-09-04 13:32:50,a2a3 g8f6 f2f3 f6e4 e2e3 c7c6 h2h3 e7e6 d2d3 f8d6 c2c4 d6g3 e1e2 e4f2 d3d4 f2d1 e2d1 g3e5 g2g4 d8e7 d4e5 g7g6 c4c5 e7c5 h3h4 e8e7 a3a4 b7b6 a4a5 c5c3 b2c3 c8b7 a5b6 a7b6 a1a8 b7a8 b1a3 h7h5 a3c2 h8h7 c1b2 h5g4 f3g4 f7f6 b2c1 c6c5 c3c4 a8h1 e5f6 e7f6 c1b2 f6e7 h4h5 h1b7 h5g6 h7g7 f1e2 g7g6 b2c1 g6g8 g1f3 g8f8 g4g5 b7f3 g5g6 f3e2 d1e2 b6b5 g6g7 b5c4 g7f8q e7f8 c1d2 e6e5 e2e1 f8g7 e3e4 b8c6 c2a3 d7d6 a3c4 c6b8 c4d6 c5c4 d6f5 g7f8 d2e3 b8c6 e1f2 c6e7 f2e2 e7f5 e4f5 c4c3 e3h6 f8e8 e2d1 e5e4 d1c2 e4e3 h6e3 e8f7 e3g5 f7e8 c2c3 e8f7 c3d4 f7f8 d4d5 f8f7 d5c6 f7f8 c6b7 f8f7 b7a7 f7f8
704,W,value_resign,87,1.136314,3520,2026-09-04 13:33:42,e2e4 e7e5 b2b4 e8e7 a2a3 c7c5 d1f3 c5c4 c1b2 f7f5 g2g3 d7d5 g3g4 f5f4 b4b5 c8e6 b1c3 h7h5 g1e2 h5g4 f3g4 e6g4 f2f3 a7a6 f3g4 d5d4 e2d4 e5d4 f1c4 d4c3 b2c3 f4f3 c4g8 a6b5 g8e6 d8b6 c3d4 e7e6 d4b6 b8c6 e4e5 h8h3 h1f1 c6d4 b6d4 a8b8 d4b2 b7b6 a3a4 b5a4 a1a4 b6b5 a4f4 e6e7 g4g5 b5b4 f1h1 b4b3 c2c4 h3h4 f4h4 b8a8 e5e6 e7e6 e1f2 f8a3 b2a3 a8h8 f2g1 h8h4 a3b2 h4h7 c4c5 e6f5 g5g6 h7h8 d2d4 h8h6 h2h3 f5g6 g1f2 h6h3 h1h3 g6g5 b2c1 g5g4 h3h1
705,W,material_adjudication,76,1.106569,3525,2026-09-04 13:33:55,e2e4 h7h5 b2b3 b7b6 d2d3 e7e5 d1e2 h8h6 e1d1 c7c6 c1d2 c6c5 h2h4 a7a6 b3b4 c5b4 d2h6 g8h6 a2a4 f8c5 e2h5 e8e7 d3d4 c5d4 a1a2 d4f2 g1h3 c8b7 h3f2 e7f8 c2c3 b4b3 a2a1 b3b2 a1a2 d7d6 d1c2 h6g8 a2b2 a6a5 b1d2 d8e7 h5f5 g7g6 f5g4 g6g5 h4g5 a8a6 f1d3 e7e6 g4g3 e6g4 f2g4 b8c6 g3f2 f7f6 b2b4 a6a8 f2e2 a5b4 c3c4 f6g5 d2b3 g8h6 a4a5 h6g4 e2d2 g4f2 h1f1 f8e8 f1f2 g5g4 f2f6 d6d5 c4d5 a8a5
706,W,value_resign,23,1.169635,3530,2026-09-04 13:34:45,e2e3 g7g6 g2g3 g8h6 f1e2 b8c6 f2f3 h6f5 b1a3 f5h6 b2b3 b7b6 c1b2 f8g7 a1b1 g7f8 b2c3 c6b4 b1c1 g6g5 c3a1 g5g4 e2c4
707,W,material_adjudication,108,1.150664,3535,2026-09-04 13:36:43,e2e4 h7h5 f1a6 c7c5 b2b3 b7a6 a2a4 g8h6 d1h5 h6g8 h5h8 c5c4 h8h4 c4b3 c2b3 f7f5 a4a5 b8c6 d2d3 e7e6 b1a3 d8h4 g2g3 h4f6 c1b2 g8e7 f2f3 g7g6 b2f6 f8h6 f6c3 c8b7 a3c2 e7d5 e4d5 e6d5 e1f2 h6g7 d3d4 e8f7 h2h4 g7f6 g3g4 f7g7 g4g5 f6d4 c3d4 c6d4 c2d4 f5f4 h4h5 g6h5 f2f1 h5h4 g1h3 g7g6 h3f4 g6g5 a1b1 g5f4 b1c1 f4g5 c1d1 h4h3 h1h3 a8f8 f1e1 f8f6 d1a1 f6f5 d4f5 g5f5 e1f1 f5g5 a1c1 b7c6 c1c4 d5c4 b3c4 d7d5 c4d5 c6d5 f3f4 g5f4 h3h6 f4g5 h6a6 d5e4 a6a7 e4d5 a7h7 g5g6 h7h3 g6g5 a5a6 d5e6 h3h7 g5g6 a6a7 g6h7 a7a8q e6d5 a8d5 h7h8 d5d4 h8g8 f1g1 g8f8
708,B,value_resign,26,1.198456,3540,2026-09-04 13:37:10,d2d3 b7b6 g2g4 d7d6 b1d2 e7e5 c2c4 c8g4 h2h4 a7a5 g1f3 e5e4 d1a4 b6b5 a4a3 e4f3 e2f3 b5b4 f3g4 b4a3 b2b4 a5b4 c1b2 a8a5 b2c3 b8d7
709,B,material_adjudication_moderate,83,1.142198,3545,2026-09-04 13:39:26,d2d3 b7b5 b1a3 a7a6 b2b4 a8a7 e2e3 c7c5 g2g3 c5b4 a3b5 h7h5 b5a7 c8b7 c1d2 b7h1 a1b1 a6a5 c2c4 b4c3 a2a3 e7e5 d1h5 c3d2 e1d1 h8h5 b1b7 g7g5 g3g4 d7d5 g4h5 g8f6 b7b8 d8b8 h2h4 g5g4 h5h6 f8h6 e3e4 b8c8 a7c8 e8d7 c8a7 d5e4 f1g2 h1g2 d3e4 g4g3 f2g3 f6e4 g1h3 d7e7 h3g5 h6g5 h4g5 e7d7 g3g4 d7d6 g5g6 f7g6 g4g5 d6e6 a7b5 e6f5 b5d6 f5f4 d6e4 f4e4 d1d2 a5a4 d2e2 g2f3 e2f2 e4f4 f2e1 e5e4 e1f2 f4g5 f2e3 g5h5 e3d4 g6g5 d4c4
710,W,material_adjudication,66,1.242428,3550,2026-09-04 13:39:27,h2h4 b7b6 b2b3 c7c6 g2g4 b8a6 d2d3 a8b8 c1d2 g8h6 f1g2 h6g4 c2c3 h7h5 f2f4 g4e3 g1f3 d7d6 d2e3 d8c7 e1f1 c8g4 d1c2 b6b5 f3d4 g4d7 d4c6 d6d5 c6b8 a6b8 e3c1 b8c6 b1a3 c6d4 a3b5 c7f4 c1f4 d4c2 a1c1 c2e3 f4e3 d5d4 b5d4 f7f6 g2h3 h8h7 c1c2 h7h8 f1f2 a7a5 c3c4 d7g4 h3g4 h5g4 e3d2 a5a4 b3a4 e8f7 f2g1 f7e8 e2e3 e7e5 d4f5 e5e4 c2c3 e4d3
711,W,material_adjudication_moderate,80,1.167153,3555,2026-09-04 13:44:27,d2d3 a7a6 e2e4 b7b6 f2f4 e7e5 b2b3 e8e7 g1e2 b8c6 b1d2 g7g6 h1g1 d7d6 c1b2 c8b7 b2a3 b6b5 a3b2 g6g5 f4g5 e7e8 d1b1 d8c8 e1d1 c6b8 c2c3 c7c5 h2h4 b8d7 g2g4 f7f6 g5f6 h7h5 g4g5 g8f6 c3c4 f6g4 f1h3 g4e3 d1e1 e3c2 b1c2 h8h7 a2a4 b5b4 h3g4 h5g4 g1g4 c8b8 h4h5 h7f7 h5h6 d7b6 g5g6 f7d7 g6g7 f8g7 h6g7 d7g7 g4g3 b6d7 e1d1 g7g3 e2g3 b8c7 c2c1 a8d8 g3e2 c7b6 a4a5 b6a7 d2f3 a7b8 f3d2 b8c8 d1c2 b7c6 c2b1 c6b7
712,W,material_adjudication,82,1.198343,3560,2026-09-04 13:44:57,d2d3 a7a6 a2a3 c7c5 e2e3 h7h5 g1e2 d8a5 b1d2 a5d8 b2b3 b8c6 e3e4 b7b5 d3d4 d7d6 g2g4 c6d4 b3b4 d4f3 d2f3 f7f6 e1d2 a8b8 b4c5 c8e6 f3d4 d6c5 g4h5 c5d4 a1b1 h8h5 e4e5 f6e5 f2f4 e5e4 e2d4 g8f6 c2c3 e6f5 f1e2 d8d6 h2h3 f5d7 h1h2 g7g6 e2h5 f6h5 f4f5 g6f5 d1h5 e8d8 a3a4 d6h2 d2e1 f8g7 c1e3 h2c7 d4f5 d7f5 h5f5 e7e6 f5e4 e6e5 h3h4 g7f6 e4f3 c7e7 f3d1 d8e8 d1c2 f6h4 e1e2 e7d6 c2d3 b5b4 d3d6 h4e7 d6b8 e8d7 a4a5 b4c3
713,B,material_adjudication,66,1.111975,3565,2026-09-04 13:46:58,f2f3 h7h5 e2e3 a7a5 b2b3 h5h4 b1a3 a5a4 b3b4 c7c6 b4b5 c6b5 g1h3 f7f6 c2c4 d7d5 c4b5 e8f7 f1e2 e7e5 h3f4 e5f4 g2g3 c8h3 e2f1 f7e7 g3f4 h3f1 d1e2 f1e2 c1b2 f6f5 a3b1 g7g5 e3e4 f5e4 f4g5 d8a5 b5b6 b8c6 e1f2 e2f3 b2c3 d5d4 c3d4 c6d4 f2e3 h8h5 e3d4 a8b8 h1f1 b8a8 d4e3 a8d8 d2d4 e4d3 f1f3 h4h3 f3f4 a5a6 b1a3 e7d6 a1b1 f8g7 b1b3 g8h6
714,W,value_resign,67,1.224993,3570,2026-09-04 13:47:15,h2h4 b7b6 b2b3 c7c6 c2c3 d7d6 g2g3 c8g4 f1g2 g4d7 g2f3 h7h5 g1h3 d6d5 e1g1 d7h3 a2a3 h3f1 d2d4 g7g5 b1d2 d8d7 d1f1 f8g7 c3c4 e8f8 c1b2 d7c7 h4g5 b6b5 c4d5 h5h4 d5d6 c7d6 b2c3 g7d4 c3d4 h4h3 d4h8 d6d2 f1h3 d2d8 e2e3 d8d7 h3d7 b8d7 a1d1 e7e5 d1d7 f8e8 d7d1 c6c5 f3h5 a7a6 g1h2 c5c4 b3b4 g8e7 h8e5 c4c3 e5f6 c3c2 d1c1 e8d7 f2f4 d7d8 g5g6
715,W,checkmate,47,1.070910,3575,2026-09-04 13:48:10,a2a3 g8f6 a3a4 b8a6 d2d3 c7c5 c2c3 a8b8 c1g5 d7d5 f2f4 h7h6 g5h6 a6b4 b2b3 g7h6 d1c1 d8c7 g1h3 f6g4 h3g5 c7d8 g5f7 a7a5 f7h8 h6h5 f4f5 c8d7 b1a3 b8c8 f5f6 e7f6 a3b5 g4e3 c1e3 f8e7 b5d6 e8f8 e1d2 d5d4 c3d4 c5d4 e3h6 f8g8 d6e8 b7b6 h6g7
716,B,material_adjudication,66,1.182346,3580,2026-09-04 13:51:36,h2h4 b7b6 b1a3 h7h5 e2e3 g7g5 f1a6 b6b5 a6b5 c7c6 g2g3 g5h4 d2d4 f8h6 d1d3 d7d5 d3d1 e8f8 d1h5 c6b5 h1h4 f8g7 g3g4 g8f6 h5h6 h8h6 f2f4 h6h8 a3b5 f6d7 c2c4 c8a6 a1b1 a6b5 c4b5 f7f6 g1f3 d7b6 g4g5 h8h4 f3h4 e7e5 h4f5 g7g6 g5f6 g6f5 d4e5 f5e4 f6f7 d8e7 f7f8q e7f8 a2a3 b8d7 c1d2 d7c5 a3a4 a8b8 d2c3 c5a4 c3d4 b8a8 b1a1 f8g7 f4f5 e4d3
717,W,material_adjudication_moderate,76,1.166021,3585,2026-09-04 13:51:58,a2a3 e7e5 d2d3 e8e7 g2g4 d7d6 b2b3 b7b6 e2e4 c8g4 g1f3 b6b5 d1e2 c7c6 a3a4 g4f3 e2f3 b5a4 b1d2 a4b3 f3h5 b8d7 a1b1 f7f6 h5e2 g7g5 c2c4 e7e8 f1h3 d8b8 h3d7 e8d7 f2f4 h7h6 h2h4 a7a6 b1b3 g5f4 b3b8 c6c5 b8a8 d7e7 e2f1 h6h5 h1h2 f8h6 h2h1 e7e6 f1e2 g8e7 h1f1 h8a8 f1f2 a8b8 f2f3 b8a8 e1f2 a8b8 e2f1 h6f8 f1e2 b8a8 d2b3 d6d5 d3d4 c5d4 f2f1 a8b8 b3d2 f8h6 d2b1 d5e4 f3f2 d4d3 e2h5 h6g5
718,B,material_adjudication,93,1.264691,3590,2026-09-04 13:52:20,e2e3 a7a5 b1a3 a5a4 d2d3 f7f6 e3e4 e7e5 a1b1 c7c6 f2f3 e8f7 g2g3 f7e8 a3c4 d7d5 e4d5 c6d5 f3f4 d5c4 f1g2 h7h6 g1f3 f8d6 d3c4 e5e4 f3e5 c8g4 e5g4 d6f4 c1f4 g7g5 c4c5 g5f4 g4h6 g8h6 d1d2 f4g3 h2g3 d8c7 g3g4 h6g4 h1h8 e8e7 e1d1 e4e3 h8h7 e7e8 d2d5 c7h7 b2b3 h7g6 b3a4 b7b6 c5b6 a8a4 b6b7 b8a6 d5b3 a4a2 b3a2 f6f5 a2c4 a6c5 c4c5 e8d8 d1e2 d8e8 b1b2 g6e6 b2b6 g4f6 c2c3 e8d7 b6a6 e6c6 c5e3 c6a6 e2f2 f6g4 f2g3 g4e3 b7b8q a6a5 g3f4 a5c3 b8b3 c3b3 g2f3 d7e8 f3d1 b3c3 f4g5
719,W,material_adjudication_moderate,81,1.168069,3595,2026-09-04 13:54:58,h2h4 e7e5 h4h5 d7d6 d2d3 g7g5 b1c3 d8f6 g1h3 c8h3 c1g5 a7a6 g5f6 g8f6 a1c1 h7h6 g2g3 f6h5 h1h3 c7c5 b2b4 e8e7 c3b1 e5e4 b4c5 d6c5 d3e4 a6a5 c2c3 h8g8 a2a3 a5a4 g3g4 g8g4 d1c2 h5f4 c2d1 h6h5 c3c4 e7e8 h3h5 f4h5 e4e5 g4g6 d1d3 h5f4 d3e4 f7f6 e5f6 e8d8 e4f4 f8h6 f4f3 h6c1 f1h3 b8d7 f6f7 d7f6 e1f1 c1g5 f7f8q d8c7 f8a8 g6g8 f1g1 g8a8 e2e3 b7b6 f3e2 a8c8 b1d2 f6h5 d2f3 g5e3 e2e3 c8e8 e3c3 e8a8 g1g2 a8c8 c3b2
720,W,value_resign,59,1.115605,3600,2026-09-04 13:56:21,e2e3 g7g6 a2a4 b7b6 b1c3 c7c6 c3d5 b8a6 f1d3 g6g5 a1b1 c6d5 d3e2 a6c7 g2g4 f7f6 b1a1 e7e6 h2h4 g8h6 h4g5 f6g5 d2d4 h6g4 g1f3 g4f2 e1f2 e8f7 d1d3 e6e5 b2b3 e5e4 f3g5 d8g5 d3c3 c8b7 h1h3 a7a6 c1b2 f8e7 f2e1 h8f8 a1c1 f7e8 c3c7 a8c8 c7b7 g5h5 h3h5 f8f6 e1d1 c8c4 a4a5 b6a5 b7d5 e8f8 d5c4 a5a4 e2f1
721,W,material_adjudication,66,1.164396,3605,2026-09-04 13:58:48,a2a3 h7h5 e2e3 c7c6 d2d4 g8f6 b2b4 e7e5 f2f3 f8d6 d4e5 g7g5 h2h3 h8h6 e1f2 d8b6 e5f6 d6c5 b4c5 b6c5 g2g4 a7a6 d1d4 c5d4 e3d4 d7d6 f2e1 c6c5 c1d2 c5c4 c2c3 c8d7 f1e2 h6f6 a3a4 a6a5 d2e3 d7c6 g4h5 g5g4 h3g4 e8f8 h1h4 b8d7 h5h6 d7e5 b1d2 f8e8 g4g5 f6h6 h4h6 e5d7 d2c4 c6d5 c4d6 e8f8 a1b1 a8b8 e1d2 b8d8 e2a6 d5c4 h6h5 b7a6 b1f1 c4b3
722,D,cap_draw,150,1.137097,3610,2026-09-04 14:03:09,b1a3 a7a5 f2f3 b7b5 e2e4 h7h5 g1e2 b5b4 a3c4 d7d6 c4e3 b8c6 g2g4 h5g4 a2a4 h8h3 a1a2 a8a6 f3g4 a6a8 f1h3 e7e5 c2c4 d8e7 e3f5 e7h4 e2g3 b4b3 e1f2 b3a2 f5h4 a2a1q g3f5 g7g5 h4g2 c8f5 e4f5 c6d4 d1e1 a1a4 f2g3 e5e4 d2d3 f8e7 c1e3 d4f3 e1d1 a4d7 c4c5 d6c5 d1c2 e4d3 c2d3 d7d3 h1d1 c7c6 d1d3 a8d8 g3f3 d8d3 f3e2 d3d7 e3c5 g8f6 c5e7 e8e7 g2e1 f6e4 e2f3 e4f6 f3g3 c6c5 h3f1 d7d8 f1b5 c5c4 b5c4 d8c8 b2b3 a5a4 c4a6 c8a8 a6c4 a4b3 c4b3 a8c8 e1c2 f6e4 g3f3 e4f6 c2d4 c8d8 d4e6 f7e6 f5e6 d8f8 f3e3 f6h7 b3c4 f8d8 c4d3 e7e6 d3h7 d8c8 h7d3 e6e5 d3b5 e5d6 b5d3 d6c5 d3a6 c8c6 a6d3 c6b6 d3e4 b6e6 e3d3 c5b4 e4f3 e6b6 f3e4 b4a3 e4d5 b6d6 d3c4 a3b2 c4c5 d6d7 c5d4 b2a1 h2h3 d7d8 d4c5 a1b2 c5c6 b2a1 c6c5 d8f8 c5d4 f8b8 d4c3 b8c8 d5c4 a1b1 c3d3 b1c1 d3d4 c1d1 d4d5 c8b8
723,W,material_adjudication,118,1.084743,3615,2026-09-04 14:03:44,d2d3 b7b6 g2g4 d7d6 b1d2 e7e5 c2c4 f7f6 b2b4 e8e7 e2e3 e7d7 f2f3 g8e7 f3f4 g7g5 h2h3 e5f4 e3f4 h7h6 f1g2 a7a6 g2a8 g5f4 a8e4 c8b7 e4f3 b6b5 f3b7 d8c8 b7c8 d7c8 c1b2 d6d5 d2f3 c7c5 f3h4 e7g6 b2f6 f4f3 d1e2 f3e2 h4g6 f8g7 c4b5 g7f6 g1e2 c8b7 e1d2 h8g8 b4c5 g8g6 b5b6 f6a1 h1a1 g6f6 a1b1 b8c6 b1b2 b7c8 a2a3 c6d4 e2c1 d4c6 b2b1 c8b7 g4g5 h6g5 d2e2 c6d8 e2e1 d5d4 e1d1 f6g6 c1b3 b7c6 h3h4 g5h4 d1e1 d8b7 b1b2 g6g5 e1d2 g5h5 a3a4 h4h3 d2e2 h3h2 b3a5 b7a5 b6b7 h2h1q b7b8q c6c5 b8b4 c5d5 b4a5 d5e6 a5b6 e6e5 b6a5 e5e6 a5b6 e6d7 b6d4 d7e8 d4f6 h5h2 e2e3 h2b2 f6b2 h1g2 b2g2 e8d7 g2f1 d7e6 f1e2 e6d5
724,W,material_adjudication_moderate,128,1.169540,3620,2026-09-04 14:04:36,h2h4 h7h5 e2e4 d7d5 b2b3 b7b6 e4d5 c8e6 f1c4 e6d7 a2a3 a7a5 d2d3 b6b5 c4b5 a5a4 c1g5 a8a7 b5a4 f7f6 g5e3 e7e5 d1d2 f8c5 a1a2 a7a5 b1c3 a5a4 c3d1 c5d6 e3c5 d6c5 c2c4 e5e4 b3a4 b8a6 d2c3 d8b8 e1e2 c5d6 a4a5 f6f5 a2a1 e4e3 f2e3 f5f4 c3d4 d6c5 d4f4 g8e7 a3a4 a6b4 d3d4 c5d6 f4f1 e7f5 a1b1 d6e7 e3e4 f5d4 e2d2 h8f8 g1f3 e8d8 d1c3 b8c8 e4e5 d4f3 g2f3 c8b8 c3b5 c7c5 d5c6 d7c6 b1b3 b8e5 b3b4 e7b4 d2d3 b4a5 b5a7 c6b7 f1e2 e5b8 h1b1 b8a7 c4c5 a7c5 b1c1 c5d6 d3c2 a5b4 c1d1 d6d7 d1d7 d8d7 c2b3 f8f4 e2e3 f4h4 f3f4 b4d6 e3d4 h4h1 b3b2 b7c6 b2a2 c6a4 d4a4 d7e7 a4e4 e7d8 e4h1 g7g5 f4g5 d8c7 h1g2 h5h4 g2f3 h4h3 f3h3 c7b6 h3h5 b6a5 h5g4 d6b8 g4e6 b8a7
725,W,value_resign,39,1.171376,3625,2026-09-04 14:04:37,a2a3 h7h5 e2e3 h5h4 f2f3 a7a6 g2g3 c7c5 d2d3 h4g3 h2h4 h8h5 b2b3 a6a5 f1e2 f7f5 c2c3 a5a4 e3e4 f5f4 d3d4 g8h6 d4c5 a4b3 c1d2 a8a6 e1f1 d8a5 e2a6 b8a6 f1e2 h5c5 c3c4 a6c7 d2a5 h6g4 f3g4 e7e5 d1d2
726,B,material_adjudication,113,1.249027,3630,2026-09-04 14:05:42,h2h4 e7e5 b1a3 e8e7 g2g4 e7d6 a3b5 d6c6 c2c4 d7d5 f2f4 c8g4 g1h3 b7b6 d2d3 a7a6 a2a4 a6b5 a4b5 c6d6 a1a8 d5d4 h3f2 h7h5 f4f5 f8e7 e1d2 g7g5 f5g6 d8f8 f2g4 h5g4 f1g2 f7g6 a8a2 f8e8 h1g1 b8d7 d2e1 d7f6 e1f1 g4g3 f1e1 f6h5 g2f1 h8h7 c1g5 e7f6 f1g2 d6e7 g1f1 e7d6 g5f6 g8f6 c4c5 d6c5 f1g1 h7f7 g2f3 e5e4 f3e4 f6e4 d3e4 f7f6 d1d2 f6f4 e2e3 d4e3 d2c1 c5b5 e4e5 c7c6 e1e2 f4h4 e2e3 e8c8 a2a1 g6g5 e5e6 c8e6 e3d3 e6c8 b2b3 b5b4 c1e1 b4c5 a1d1 h5f4 d3c3 c5b5 e1g3 f4h5 c3d3 h5g3 g1g3 b5b4 d1b1 b4a3 d3c3 a3a2 b1b2 a2a3 b2b1 a3a2 g3g1 h4h3 g1g3 h3g3 c3d4 c8b8 b1b2 a2a3 b2a2
727,B,material_adjudication,66,1.112749,3635,2026-09-04 14:05:58,h2h4 h7h5 e2e4 b8a6 d2d3 d7d6 e1d2 c7c6 h1h2 a6c7 e4e5 g7g6 b1a3 d8d7 g1h3 d6e5 c2c3 f8h6 h3g5 e8f8 d3d4 a7a6 c3c4 d7d4 d2e1 d4d6 a3b5 c6b5 c4c5 d6f6 d1d2 h6g5 h4g5 f6c6 d2d3 e7e6 a1b1 h5h4 c1d2 f7f6 g5f6 g8f6 d3g6 f6h7 f2f4 e5f4 a2a4 e6e5 h2h4 c6g6 h4h5 f4f3 g2f3 g6h5 b2b3 h5h4 e1d1 c8g4 f3g4 a8c8 f1d3 h7g5 d2g5 h4g4 d1e1 g4f5
728,B,checkmate,62,1.164684,3640,2026-09-04 14:06:59,d2d3 c7c5 d3d4 h7h5 e2e3 g7g6 e1d2 d8a5 d2d3 c5d4 e3d4 g8h6 d1d2 a5a4 b2b3 h6g4 b3b4 d7d6 f2f3 a7a6 f3g4 e7e5 d4d5 h8h7 g1e2 c8g4 d3c3 b8c6 g2g3 f7f6 d5c6 b7c6 h2h3 g4h3 c1b2 h5h4 e2d4 h3f1 h1f1 h4h3 d2d3 e5d4 c3d4 h7h5 f1f2 a6a5 b1a3 a5b4 d4c4 b4a3 c4c3 a3b2 a1b1 f8g7 b1b2 c6c5 f2f3 g6g5 g3g4 h5h4 b2b4 a4b4
729,W,checkmate,65,1.219809,3645,2026-09-04 14:08:06,a2a3 h7h5 h2h4 b7b6 e2e3 e7e5 f1c4 e8e7 f2f4 d7d5 g1f3 e5e4 g2g4 e4f3 b2b3 a7a6 h1f1 c8d7 c4d5 a8a7 c1b2 d7g4 d2d3 d8d6 b3b4 e7e8 b2e5 d6d7 c2c3 g4f5 e3e4 f5g4 f4f5 a6a5 d1d2 f8e7 b4a5 b6a5 a3a4 h8h7 b1a3 e8d8 a3c2 a7a6 a1b1 e7h4 f1f2 h4f2 d2f2 h5h4 d5f7 h7h6 e5d4 c7c5 d4e5 c5c4 f7g8 c4d3 f2c5 d3c2 g8f7 g7g6 b1b8 d7c8 c5c7
730,W,material_adjudication,66,1.196421,3650,2026-09-04 14:13:45,h2h3 e7e5 a2a3 b8c6 h3h4 g8e7 h1h3 f7f5 b1c3 b7b6 d2d3 c8b7 e2e4 e8f7 a1b1 a8b8 d1e2 d8e8 c3d5 h7h6 a3a4 c6a5 c1e3 e7d5 e4d5 b7c8 b2b3 c7c5 b1a1 e5e4 d3e4 f5e4 c2c3 c5c4 b3c4 c8b7 g2g4 b8a8 c4c5 h6h5 g4h5 e8c8 a1d1 f8c5 d1d2 h8h5 e2h5 g7g6 h5h6 c5f8 h6g5 c8c3 e1d1 a7a6 e3d4 c3d4 d2d4 f8h6 g5g4 f7e7 h3c3 a8b8 f2f4 e4e3 f1a6 b7a6
731,W,material_adjudication,94,1.299049,3655,2026-09-04 14:14:31,c2c4 d7d5 h2h4 h7h6 d1b3 c7c5 f2f4 g7g6 g2g4 f7f6 c4d5 f8g7 d2d4 b8d7 e2e4 a8b8 d4c5 d7c5 b3d3 c5d3 e1e2 c8g4 e2d2 e7e5 g1e2 d8e7 f1h3 f6f5 b1c3 b7b5 c3b5 a7a6 d2c2 b8b5 b2b3 e7d8 h4h5 g6h5 e2g3 e5f4 c1f4 d3f4 a1c1 h5h4 h1e1 e8f8 a2a4 b5b4 e4e5 h6h5 c2b1 f8f7 g3e2 f4d3 c1c2 d8d7 h3g4 h5g4 c2c4 b4b5 a4b5 f7g6 b5b6 d3f4 e2f4 g6h6 b1b2 a6a5 b6b7 h6h7 b7b8q g8h6 b8a7 d7e8 a7a5 h8f8 e1g1 h4h3 f4h3 g4h3 c4c7 e8e5 b2c1 e5d5 a5d5 f8d8 d5e6 d8d6 e6d6 f5f4 c7c8 g7f8 d6f8 h6f5
732,W,value_resign,61,1.262343,3660,2026-09-04 14:14:54,e2e3 g7g6 h2h3 b8c6 f2f3 g8h6 e1e2 f8g7 a2a4 e8g8 b2b4 h6g4 h3g4 b7b6 d2d4 a7a5 h1h7 f7f5 c1b2 g8h7 b4a5 a8a5 b2c3 c8b7 d1c1 d8e8 c1e1 c6d4 e3d4 g7d4 c3d4 c7c5 d4c3 g6g5 c3a5 b6a5 b1d2 f5f4 e1c1 b7c6 c2c3 c6a4 a1a4 e8d8 c3c4 d8c7 a4a5 c7a5 e2d1 a5a6 c1b2 f8a8 f1e2 a6b7 b2b7 a8b8 b7b8 d7d6 d2e4 d6d5 e4c5
733,W,value_resign,51,1.030042,3665,2026-09-04 14:15:15,h2h4 b7b6 b2b3 d7d6 c2c4 e7e5 h4h5 b8d7 c1b2 f8e7 g2g4 g7g5 f1g2 e8f8 h5h6 f7f6 f2f3 d6d5 c4d5 c7c5 d2d4 c5d4 a2a4 a8b8 e2e4 d7c5 b1c3 b6b5 d1e2 b8b7 c3b5 b7b8 e1f1 c8d7 b3b4 d4d3 e2d2 b8b5 a4b5 c5b3 d2d3 b3a1 b2a1 d7b5 d3b5 d8b8 b5b8 f8f7 g1e2 f6f5 h1h3
734,W,material_adjudication_moderate,128,1.123518,3670,2026-09-04 14:15:37,h2h4 h7h5 e2e4 b7b6 b2b3 a7a5 d2d4 b8c6 e1e2 c8b7 e2d3 g7g6 d4d5 g8h6 d1e2 f8g7 e2h5 g7f8 h5g5 c6d4 c1e3 f8g7 d3c3 d4f5 e3d4 f5d4 e4e5 c7c6 c3b2 d4f3 g2f3 c6d5 f3f4 d8c8 g1f3 f7f6 g5g6 e8f8 g6g3 h6f5 h1g1 f5g3 f2g3 f6e5 f4e5 f8g8 f1g2 h8h7 b1a3 g7h8 a1d1 h7h6 a3b5 h6h5 g3g4 h5h6 g2h3 a8a6 g4g5 h6h5 h3g4 h5h4 f3h4 c8c5 a2a4 d7d6 c2c3 d5d4 e5d6 d4c3 b2c2 g8f7 d6e7 f7e7 b5c3 h8c3 d1c1 e7d6 g5g6 b7d5 g6g7 c3d4 c2d1 d4f6 c1c5 d6c5 g7g8q d5g8 h4f5 g8d5 g4e2 a6a7 g1g6 d5b3 d1d2 b3e6 g6f6 e6f5 f6f5 c5d6 e2c4 d6e7 d2d3 a7c7 f5g5 c7c8 g5g6 e7d8 d3d4 d8d7 g6h6 d7e8 h6b6 e8d7 b6g6 d7e8 c4d3 e8f7 g6g4 f7e8 g4e4 e8d7 d3f1 c8b8 d4e3 b8b7 f1b5 d7d6
735,W,checkmate,65,1.165934,3675,2026-09-04 14:17:38,h2h4 e7e6 c2c4 b7b6 a2a3 e6e5 d2d3 h7h5 c1g5 f7f6 g2g4 f6g5 a3a4 c7c5 f2f4 b8c6 b1d2 e8f7 d1b3 g8f6 g1h3 g5f4 g4h5 d7d6 b3d1 h8g8 h3f2 e5e4 f2e4 f4f3 e4f2 a7a5 h5h6 c6b4 f1h3 a8a6 a1b1 d6d5 d2f3 f6e8 d3d4 c8h3 c4d5 h3g2 d1d3 g2h1 d3f5 e8f6 f2h1 f8e7 h6g7 f7g7 d5d6 e7d6 e2e3 f6g4 f5g4 g7h6 g4f5 d6e7 h4h5 g8g3 h1g3 d8f8 f5g6
736,B,material_adjudication,93,1.127604,3680,2026-09-04 14:19:01,a2a3 g8f6 a3a4 g7g6 b1c3 e7e6 e2e3 f8b4 d2d3 b4f8 c3d5 e6d5 g1f3 f8g7 b2b3 a7a6 f3g1 f6e4 d3e4 e8f8 f1e2 b7b6 f2f3 g7a1 g1h3 d5e4 f3e4 h8g8 h3f4 d8e7 c1b2 a1b2 f4d5 b2c3 d5c3 c7c6 c3d5 c6d5 e2f3 d5e4 f3e4 b8c6 e4f5 c8b7 g2g3 c6e5 e3e4 e7a3 e1f1 g6g5 d1a1 f7f6 a1a3 f8e8 a3b2 g8h8 f1e1 a6a5 h1g1 a8c8 g1f1 g5g4 c2c3 h7h6 f1f2 e5d3 e1f1 d3b2 c3c4 e8f7 c4c5 b7c6 c5b6 f7g7 f2b2 c8a8 b6b7 a8b8 f1e2 b8b7 b2c2 h6h5 f5g6 g7g6 c2c3 g6g5 c3c6 d7c6 e4e5 f6f5 e5e6 h8g8 e6e7
737,W,value_resign,53,1.165238,3685,2026-09-04 14:20:21,e2e4 e7e5 f1c4 f8c5 b1c3 c7c6 a2a4 e8e7 c3d5 c6d5 d1g4 f7f6 g4g7 e7e8 c4d5 h7h6 b2b3 h8h7 g7g8 e8e7 g8d8 e7d8 e1e2 a7a6 a4a5 f6f5 e2d3 b7b6 f2f4 b6a5 d5a8 e5f4 g1f3 d7d5 e4d5 c8d7 c1b2 c5f2 d5d6 a5a4 c2c3 a4b3 c3c4 d7e8 a1f1 b8d7 f1f2 e8g6 h2h3 h6h5 h1g1 a6a5 b2d4
738,B,value_resign,60,1.201460,3690,2026-09-04 14:23:15,b1c3 c7c6 b2b3 b7b6 g1h3 e7e6 g2g3 f8e7 c1b2 b8a6 c3e4 h7h6 h3f4 c6c5 a1c1 a6c7 d2d3 b6b5 a2a4 e6e5 b2e5 c5c4 e5d6 e7f8 b3c4 b5c4 e1d2 f7f5 f1g2 f8d6 e4d6 e8e7 g2a8 e7d6 c2c3 g7g5 d3c4 g5f4 h1g1 d8f6 e2e4 f4e3 f2e3 g8e7 a8f3 h8f8 c4c5 d6c5 h2h4 e7d5 e3e4 f5e4 d1c2 e4f3 c2g6 f6g6 c3c4 d5e3 d2e3 g6g7
739,W,material_adjudication,72,1.235588,3695,2026-09-04 14:25:27,e2e3 a7a5 b2b3 a5a4 f2f3 e7e6 e3e4 f8c5 g2g3 c5b4 b1c3 e8e7 g1e2 e7f8 f1h3 b4c3 d2c3 e6e5 a1b1 b8c6 d1d3 g8f6 e2g1 c6b4 d3b5 a4b3 b5b4 d8e7 b4b3 d7d6 c1e3 c8d7 h3d7 a8b8 d7h3 f6d5 b3d5 g7g5 e1f1 c7c6 d5d2 h7h5 g3g4 h5g4 h3g4 f7f6 e3f4 d6d5 g4f5 d5d4 f4e5 e7d8 h2h4 h8h4 h1h4 g5g4 b1d1 f6e5 f5g4 d8h4 d2e2 d4c3 f3f4 c6c5 d1d5 h4g4 e2g4 c5c4 d5a5 f8e8 g4g6 e8f8
740,W,material_adjudication,70,1.186441,3700,2026-09-04 14:25:43,b2b3 b8a6 h2h4 f7f6 c2c3 g8h6 f2f3 e7e5 d2d4 d7d6 c3c4 a6b4 e1f2 f6f5 c1h6 g7h6 d4e5 b4d5 g1h3 d6e5 c4d5 f8c5 f2g3 d8d6 b3b4 h8g8 g3h2 c5f2 h4h5 f2g1 h1g1 e5e4 h2h1 e4f3 g2f3 g8g1 h1g1 d6g3 g1h1 g3e5 b4b5 e5a1 h3f2 a8b8 d1c2 a1b1 c2b1 a7a6 h1g1 a6b5 b1d3 f5f4 f1h3 c8h3 f2h3 c7c6 g1f1 c6d5 h3f4 b7b6 d3d5 b8c8 e2e4 c8d8 d5b5 e8e7 f1g2 d8d4 g2g3 e7d6
741,B,material_adjudication,66,1.211694,3705,2026-09-04 14:25:45,e2e4 e7e5 a2a3 f7f6 b2b3 b7b6 c2c4 g8e7 d1g4 d7d5 c4d5 c8g4 a3a4 b8d7 c1b2 c7c6 h2h3 h8g8 a1a3 e8f7 h3g4 e7d5 e4d5 f8a3 b2a3 d7b8 g1e2 a7a5 a3b2 d8e7 b1c3 g7g6 h1h7 g8g7 h7h1 g6g5 d5c6 e7d6 c3b5 d6c6 e2g1 c6d7 f2f4 f7f8 f1c4 b8c6 f4f5 f8e8 g2g3 e5e4 e1e2 e8d8 h1h2 c6e5 b2e5 f6e5 f5f6 d7g4 g1f3 e4f3 e2d1 g7g6 h2h4 g5h4 d1e1 a8c8
742,B,material_adjudication,66,1.095889,3710,2026-09-04 14:26:56,e2e4 b8c6 b2b3 h7h5 c2c4 a7a5 a2a4 e7e5 a1a2 d7d6 h2h4 b7b6 d2d3 d8f6 c1g5 f6e6 e1d2 a8a7 d1e1 a7a6 b1c3 f7f6 a2c2 f6g5 e1e2 c6d4 d2c1 e6d7 h4g5 d4e2 c1d1 e8d8 g1e2 d7e8 h1h2 c7c5 f2f4 c8b7 f4f5 f8e7 f5f6 g7f6 g5f6 e7f6 h2h3 h5h4 h3e3 e8e7 c3d5 e7e8 e2c3 h4h3 g2h3 h8h7 f1e2 e8g6 c2b2 b7d5 c3d5 g6g7 d1e1 g8e7 d5c3 g7h8 h3h4 f6h4
743,B,material_adjudication,66,1.118426,3715,2026-09-04 14:28:07,e2e3 a7a5 b2b3 a5a4 f2f3 f7f6 e1e2 b7b5 g2g3 c8b7 d1e1 e8f7 d2d4 h7h6 c2c4 a4b3 d4d5 e7e6 a2b3 a8a1 f1g2 d8e8 h2h4 a1a2 e2f1 f8e7 d5e6 f7f8 c4b5 e8g6 e6d7 b8d7 e1c3 g6b1 g3g4 g7g6 h4h5 g6h5 g2h3 c7c5 b5c6 b7c6 c3c6 h5g4 h3g4 b1d3 g1e2 f6f5 g4f5 d3f5 c6d7 f5d7 e2d4 d7c8 d4c6 h6h5 h1h3 c8d7 h3h4 g8f6 c6e5 d7c8 e5d3 f6d5 c1a3 h8h6
744,W,material_adjudication_moderate,76,1.207913,3720,2026-09-04 14:28:57,h2h4 h7h5 a2a4 a7a6 a1a2 a8a7 b2b3 d7d5 c2c4 c8e6 b1c3 e8d7 c4d5 c7c5 d1c2 b7b6 c1b2 d8c8 c2d1 e6d5 a2a3 d7d6 b2a1 f7f6 e2e4 c8d7 e4d5 d7c7 f2f4 a7a8 g2g3 g7g5 h4g5 f6g5 f1g2 g8h6 d2d4 c5d4 c3e4 d6d5 f4g5 e7e5 e4d2 d5e6 g3g4 c7g7 g5h6 g7g4 d1g4 h5g4 a4a5 f8a3 a5b6 b8c6 g1e2 a3c5 e2g3 h8h6 h1h6 e6e7 b6b7 a8b8 a1b2 c6b4 b2a3 e7e8 a3b4 c5b4 e1d1 b4f8 h6h8 b8b7 b3b4 b7b6 g2e4 e8f7
745,B,value_resign,36,1.256859,3725,2026-09-04 14:30:11,e2e4 b8c6 b2b3 g8h6 g1f3 g7g6 h1g1 b7b6 b1a3 c8b7 b3b4 g6g5 d1e2 a7a5 b4a5 a8a6 a3c4 f8g7 c1a3 b7c8 a1b1 c6a5 g2g3 a5c4 f1g2 c4a3 e2a6 a3b1 g2h1 h6g4 a6b6 c7b6 d2d4 f7f6 c2c3 e7e6
746,B,checkmate,56,1.150405,3730,2026-09-04 14:35:08,h2h3 e7e5 g2g4 a7a6 h3h4 f7f6 f1g2 h7h5 b1c3 a6a5 g4h5 e8e7 c3d5 e7e8 a2a4 c7c6 a1b1 c6d5 c2c4 d5d4 f2f4 h8h5 g2h3 g7g6 g1f3 f8h6 d1c2 h6f4 f3h2 f4g3 e1d1 e8e7 c2g6 h5h4 g6g3 h4h3 g3h3 d7d5 h3h7 e7f8 c4d5 d8d5 h1f1 d5a2 d1c2 d4d3 c2d3 a2b1 d3c4 b1h7 d2d4 h7c2 c4b5 a8a7 d4e5 c2c6
747,B,material_adjudication,67,1.145497,3735,2026-09-04 14:36:23,a2a3 c7c5 e2e4 a7a5 d2d4 c5d4 g2g4 d7d6 e4e5 c8g4 e5d6 e7d6 c1g5 g4d1 g5d8 d6d5 g1f3 h7h5 d8b6 f8a3 c2c3 a5a4 f1h3 h8h7 e1d1 a3b4 b6d4 h7h6 c3c4 d5c4 d4c3 b4c3 b1c3 g7g5 f3d4 g5g4 h3g2 a8a7 g2b7 a7b7 f2f3 b7d7 f3g4 d7d4 d1e1 h5g4 c3e2 d4e4 h1g1 h6a6 a1a4 a6a4 b2b3 a4a5 b3c4 e4e3 g1g4 g8f6 g4f4 f6e4 f4e4 e3e4 h2h3 a5a8 c4c5 b8a6 e1f1
748,W,material_adjudication_moderate,78,1.125639,3740,2026-09-04 14:40:55,e2e3 g7g6 f1e2 a7a5 g2g3 g8h6 e2b5 c7c6 e1f1 c6b5 d1f3 f8g7 d2d4 e8g8 g1h3 f7f5 h3g5 h6g4 h2h3 d7d5 g5h7 d8c7 h3g4 f5g4 f3d5 c8e6 d5e6 f8f7 e6d5 c7d8 d5d8 f7f8 d8c7 b8d7 f2f4 f8e8 c2c3 b7b6 c7b6 g6g5 a2a3 b5b4 h1h5 d7b6 a3b4 b6d5 f4g5 a5b4 a1a8 e8a8 c3c4 a8a6 f1e2 d5b6 b1c3 b4c3 b2b3 e7e5 d4e5 g8f7 h7f6 g7f6 g5f6 c3c2 h5h4 b6a4 b3a4 a6a4 e2e1 a4c4 e5e6 f7e6 c1d2 c4e4 h4h6 c2c1q d2c1 e6f7
749,W,material_adjudication,66,1.131697,3745,2026-09-04 14:41:23,d2d4 g8f6 c1d2 a7a5 h2h4 g7g5 d4d5 a5a4 b2b4 f6e4 g1h3 e7e6 g2g3 f7f5 d1c1 e6e5 c2c3 e8e7 c3c4 e4g3 f2g3 e7f7 b4b5 f8c5 b5b6 h7h5 h1g1 c7b6 g3g4 c5g1 g4h5 g5g4 h3f2 g1f2 e1f2 b6b5 c4b5 d8e7 f1g2 h8f8 h5h6 b7b6 d5d6 e7d6 g2a8 f8h8 c1c3 h8h6 d2h6 d6h6 a8g2 d7d5 b1a3 d5d4 c3c8 e5e4 c8b8 f7g7 a1f1 h6h8 b8b7 g7f6 h4h5 h8c8 b7c6 f6e7
750,W,checkmate,41,1.065849,3750,2026-09-04 14:41:23,e2e4 b8c6 b2b3 c6b8 f2f3 b7b6 c2c3 h7h5 g1e2 a7a5 e2g3 g7g5 f1c4 d7d6 e4e5 c8d7 b1a3 d6d5 c4e2 a8a7 e1f1 f7f5 g3f5 d5d4 h2h3 d7f5 c3d4 f5d7 e5e6 g8h6 d1c2 f8g7 g2g3 d7c6 e2b5 h8f8 b5c6 b8c6 c2c6 d8d7 c6d7
751,D,cap_draw,150,1.118878,3755,2026-09-04 14:43:31,h2h4 b7b6 b1a3 g8h6 e2e3 c7c6 g2g4 h6g4 f1e2 b8a6 e1f1 a6b4 f2f4 b4a6 b2b4 a6b4 f1e1 d7d5 c2c3 c8d7 c3b4 a8c8 e2g4 c6c5 e1e2 h7h5 g4d7 d8d7 b4c5 f7f5 c5b6 d7d6 d1b3 a7a5 a1b1 a5a4 b3b2 h8h6 g1f3 d6b6 b2b6 c8b8 a3c4 b8b6 c4b6 g7g6 b6d7 f8g7 h1g1 e8d7 c1a3 d7e8 a3c1 e8f7 g1g5 d5d4 c1a3 d4e3 e2e3 g7f6 a3d6 e7d6 d2d4 f6g5 f4g5 h6h7 e3f2 f7g7 b1b2 f5f4 b2d2 a4a3 f2g1 d6d5 g1g2 g7f7 f3e5 f7g7 e5g6 g7g6 g2h3 g6f5 h3h2 h7a7 h2h3 a7a6 d2d3 f4f3 d3f3 f5g6 f3e3 a6a7 e3d3 g6g7 h3g3 a7a6 d3d2 a6a7 g3h2 a7a6 h2h1 a6a7 h1g1 a7a6 g1h1 a6a7 h1g1 a7b7 g1g2 b7a7 g2h1 a7a5 h1g1 g7f7 g1g2 f7g6 g2g3 g6f7 d2d3 f7g8 d3d2 g8h7 g3g2 h7g6 g2h1 g6f7 h1g1 f7g8 g1f1 g8h7 f1f2 a5a6 f2e1 a6a8 e1d1 a8a7 d1e1 a7d7 e1d1 h7h8 d1e1 h8h7 e1d1 d7e7 d1c2 e7e6 c2b3 h7g6 b3a3 e6e5
752,B,material_adjudication_moderate,80,1.267215,3760,2026-09-04 14:43:55,e2e3 a7a5 f1b5 h7h5 g2g3 c7c5 d1h5 h8h5 c2c3 h5d5 h2h4 a8a7 g1h3 e7e5 h3f4 e5f4 b5a4 f8e7 e3e4 d5h5 f2f3 a7a6 a4b5 b7b6 g3f4 e7d6 e4e5 g8e7 e5d6 a5a4 d6e7 e8e7 b1a3 f7f6 a1b1 e7d6 a3c2 c5c4 d2d4 d6c7 b5a6 c8a6 c1e3 b6b5 a2a3 g7g6 b2b4 c4b3 b1b2 a6c8 b2b3 a4b3 e1d2 b3c2 h1g1 h5h7 f4f5 g6g5 h4g5 b8a6 g5f6 h7h4 g1h1 d7d5 h1h4 c7c6 h4h6 d8g8 e3f2 a6c7 c3c4 b5c4 f2g1 c8f5 d2c3 c7e6 f3f4 g8h8 h6h8 c2c1q
753,W,material_adjudication,66,1.068975,3765,2026-09-04 14:49:05,e2e3 a7a5 e1e2 g8h6 h2h4 b7b5 f2f4 h6g8 b2b3 a8a7 a2a4 e7e5 a4b5 c8b7 g2g3 b7h1 b1a3 a7a8 f4e5 e8e7 c1b2 c7c6 g1h3 a5a4 b3a4 d7d6 e5d6 e7e6 e2f2 h1d5 c2c4 d5c4 d2d4 c4f1 d1f1 e6d7 b5c6 d7d6 e3e4 d6c6 a3c2 h7h5 f2g1 f7f5 d4d5 c6d7 f1f5 d7e7 b2a3 e7e8 a3f8 d8e7 f8e7 g8e7 f5g5 b8c6 d5c6 a8b8 h3f4 e7c6 g1h1 g7g6 a1g1 h8f8 g1g2 c6e7
754,B,checkmate,56,1.250269,3770,2026-09-04 14:49:06,h2h4 b7b6 b1a3 d7d6 c2c4 a7a5 f2f4 b6b5 h4h5 b5c4 a1b1 b8c6 e2e4 a8a6 d1a4 g7g5 f4g5 e7e5 b2b3 c8d7 b3c4 d8g5 c4c5 g5f6 f1a6 h7h6 a4b5 d6d5 b5a5 c6a5 d2d3 f8c5 a3c2 e8e7 c1a3 f6f2 e1d1 f2g2 h1h2 g2h2 a3c5 e7d8 c5f2 d5e4 d1e2 c7c5 g1f3 e4f3 e2e3 f7f5 b1h1 h2g2 h1g1 g2h2 g1h1 h2f4
755,B,material_adjudication,66,1.153334,3775,2026-09-04 14:55:26,h2h4 b7b6 c2c3 h7h5 b1a3 c7c5 b2b3 g7g5 h4g5 f8g7 e2e4 g7d4 f1e2 d4g7 e4e5 e8f8 a3c4 f7f5 g5g6 c8b7 c1a3 h5h4 h1h2 d8e8 g2g3 d7d5 g3h4 d5c4 a3b2 a7a6 a1c1 g7e5 h2h3 e8g6 f2f4 g6g1 e2f1 e5f4 d1e2 e7e5 h3h1 g1g3 e2f2 b6b5 f2g3 f4g3 e1e2 f5f4 h1h2 g3h2 f1g2 f8g7 g2b7 a8a7 b7a8 c4b3 a2b3 a7d7 a8d5 g8e7 h4h5 h8h7 h5h6 g7h8 d5c4 b5c4
756,B,checkmate,64,1.262031,3780,2026-09-04 14:56:13,b1a3 g8f6 d2d3 b8a6 e2e3 g7g5 b2b4 a6b4 c1b2 f6g8 a3c4 h7h5 a1b1 d7d6 d1e2 b4c6 b2h8 b7b5 h2h4 b5c4 b1b5 g5g4 e1d1 c8a6 b5h5 c4c3 g2g3 c6a5 f2f3 g4f3 g1f3 g8f6 f3d4 f6h5 g3g4 h5g7 f1g2 c7c6 g2c6 a5c6 d4c6 d8c7 c6d4 f7f5 h8g7 f8g7 d4b5 c7b7 b5a7 a8b8 g4g5 b8a8 a7c6 b7c6 a2a4 c6b7 h1g1 a8b8 g1g2 g7h8 e3e4 e8d8 h4h5 b7b1
757,W,material_adjudication_moderate,124,1.144090,3785,2026-09-04 15:00:23,h2h4 h7h5 e2e4 b7b6 b2b3 d7d6 a2a4 a7a5 c1b2 c8g4 d1c1 e7e5 b1a3 e8e7 f1a6 b6b5 a6b5 g8f6 b5f1 f6g8 a3c4 a8a7 f1d3 b8c6 c2c3 c6b4 c3b4 a5b4 c4e3 a7b7 a1b1 b7b8 g1e2 g4c8 h1g1 f7f6 g2g3 c7c5 b1a1 d8e8 d3c4 b8b6 c4g8 h8g8 a4a5 b6b7 f2f3 c5c4 b3c4 b7c7 a5a6 c8a6 g1h1 c7c4 e3c4 a6c4 d2d4 c4e6 h1h2 g7g6 d4d5 f8h6 a1a7 e8d7 d5e6 d7a7 c1h6 g8h8 h6h8 a7a8 e2g1 a8h8 e1f1 h8d8 h2c2 e7e6 g3g4 g6g5 g4h5 d8e7 c2d2 b4b3 d2d3 g5g4 f3g4 e7d7 h5h6 d7e7 g1e2 e7f7 d3d2 f7e7 f1f2 e6d7 b2a1 f6f5 e4f5 e7f8 a1b2 d7e8 g4g5 f8f5 f2e1 f5c2 d2c2 b3c2 b2c3 c2c1q e2c1 d6d5 c3d2 d5d4 e1d1 e8d8 h4h5 e5e4 g5g6 d8c7 g6g7 c7b6 d2e3 d4e3 d1e2 b6b7
758,W,material_adjudication_moderate,78,1.202044,3790,2026-09-04 15:04:17,b1a3 h7h5 a1b1 c7c5 h2h4 g7g5 d2d4 f8h6 b2b4 c5b4 c1d2 b7b6 a3c4 g5h4 g1h3 d7d5 d1c1 f7f6 c4e5 h6e3 c2c3 b4c3 d2e3 b8d7 b1b5 f6e5 g2g4 a8b8 g4h5 e8f8 f2f3 e5d4 e3d4 a7a6 b5b1 b8b7 d4h8 d7b8 h1g1 g8h6 h3f2 c8e6 f1h3 e6h3 f2h3 c3c2 c1c2 f8f7 h3f2 d8h8 b1b2 h8b2 c2b2 e7e5 f2d3 h4h3 b2a3 e5e4 f3f4 f7e6 a3b2 e4d3 e2d3 h3h2 g1h1 h6g4 e1d2 e6e7 f4f5 b7d7 f5f6 e7e6 b2d4 g4f2 h1h2 d7d8 h2f2 b8c6
759,W,checkmate,11,1.149698,3795,2026-09-04 15:05:10,b1c3 g7g5 h2h4 a7a5 b2b3 e7e5 h4g5 a8a7 c3d5 g8e7 d5f6
760,W,material_adjudication,66,1.082466,3800,2026-09-04 15:05:36,e2e4 b8c6 g2g4 g8h6 h2h4 a7a5 f2f3 g7g5 c2c3 e7e5 d1e2 b7b6 h4g5 c6d4 e2g2 d8e7 f3f4 h6g8 c3d4 d7d6 d4e5 c8g4 e5d6 e7e5 h1h2 e5d6 a2a4 e8d7 f4f5 g8e7 b1c3 h8g8 a1b1 e7c6 f1e2 d6h2 g2h2 f8c5 h2g2 d7e7 f5f6 e7d8 b2b3 g4e2 g1e2 g8g5 g2g5 d8e8 c1b2 h7h5 b1a1 c6d4 e2d4 c5d4 e1d1 h5h4 a1c1 c7c6 g5g4 e8f8 c3b1 d4b2 d1c2 f8e8 c2b2 c6c5
761,W,material_adjudication_moderate,140,1.201691,3805,2026-09-04 15:09:40,a2a3 d7d6 d2d3 c7c6 c1h6 c8f5 g2g3 g8f6 g3g4 f5g4 c2c4 a7a5 h2h4 a8a7 f2f3 d8c7 a1a2 h8g8 h6d2 a5a4 f3g4 a7a8 f1g2 b8d7 e1f1 a8b8 g4g5 b8a8 g5f6 h7h6 d3d4 g7f6 g2f3 g8g3 c4c5 f6f5 d1c1 f8g7 c5d6 e7d6 a2a1 g7d4 b2b4 d4a1 h1h3 g3h3 g1h3 h6h5 b4b5 d7e5 b5b6 c7b6 d2e3 b6c7 f3h5 e8e7 e3f4 e7e8 f1e1 a1d4 c1d1 e8f8 d1d4 e5d7 d4d1 f7f6 d1c1 d7e5 f4e3 e5g4 h5g4 f5g4 h3g1 f6f5 h4h5 f5f4 e3f4 f8e8 h5h6 g4g3 f4e3 a8c8 c1d1 c8a8 d1d4 a8b8 d4e4 c7e7 e4e7 e8e7 e1d2 g3g2 g1h3 e7e8 d2d1 b8a8 h3g1 c6c5 e3d2 c5c4 d1c2 a8c8 e2e4 b7b6 d2e3 c8c6 e4e5 e8e7 e5d6 e7d6 e3d4 d6d5 d4e3 d5d6 e3d4 d6d5 d4e3 d5d6 e3d4 d6d5 h6h7 c6c8 h7h8q c8h8 d4h8 d5c6 h8f6 c6b7 f6h8 b7c6 h8f6 c6b7 f6g7 b7c6 c2c3 c6c5 b1d2 c5b5 d2f3 b5a6
762,W,value_resign,65,1.123807,3810,2026-09-04 15:10:08,b2b3 b8a6 d2d3 d7d6 c2c4 a8b8 g1h3 f7f6 f2f3 e8d7 e1d2 b7b6 c4c5 g7g5 a2a3 e7e6 f3f4 g5f4 c5c6 d7c6 h1g1 c6b5 d1e1 f4f3 g2f3 d8e7 e2e3 f6f5 f3f4 h7h5 b1c3 b5a5 c1b2 g8f6 h3g5 e6e5 f4e5 d6e5 e3e4 a6b4 a3b4 a5b4 d2d1 f5f4 e1e2 b4b3 f1h3 c8h3 a1a7 f6d7 g5h3 f8h6 e2d2 h8c8 g1g6 c8e8 g6h6 b8b7 a7a6 e8h8 h6h8 e7f8 h3f2 f8h8 d2e2
763,B,value_resign,64,1.148594,3815,2026-09-04 15:10:36,h2h4 h7h5 a2a3 b7b6 h1h3 c7c6 h3b3 g8h6 c2c4 g7g6 g2g4 f8g7 g4h5 e8g8 f2f4 d8c7 b3c3 g7f6 h5g6 c6c5 b2b3 f7g6 e1f2 g6g5 c1b2 c7f4 f2g2 g5h4 e2e4 d7d6 c3f3 f4e4 g1h3 f6b2 d2d3 e4g4 g2h1 b2a1 d1e1 a1e5 f1g2 g4f3 g2f3 a7a5 d3d4 e5d4 f3a8 c8f5 a8d5 e7e6 e1e6 f5e6 d5e6 g8g7 h3g5 f8e8 g5f7 e8e7 e6d7 b8d7 f7d8 g7h8 h1h2 e7e6
764,W,material_adjudication_moderate,96,1.075724,3820,2026-09-04 15:11:02,b1c3 c7c6 f2f3 a7a5 c3d5 a5a4 b2b3 a4b3 a2b3 b7b6 e2e3 a8a1 d5b6 e7e5 d2d4 e8e7 c1b2 d8b6 f1b5 c6b5 g1e2 c8b7 h1g1 a1a5 b2a1 e5d4 a1d4 b7d5 d4b6 e7e6 b6a5 e6d6 c2c4 b5c4 b3b4 f7f6 e2f4 g7g5 f4d5 h7h5 e3e4 c4c3 d5f6 d6e6 b4b5 c3c2 d1c1 f8b4 e1e2 g8f6 f3f4 b4a5 f4g5 f6e4 c1c2 h8g8 c2e4 e6d6 g1f1 g8e8 e2d3 e8e4 d3e4 d6e6 e4f3 d7d6 g2g3 b8d7 b5b6 d7b6 g5g6 b6d5 g6g7 e6f7 f1d1 f7g7 d1d5 a5b4 d5b5 h5h4 b5b4 h4g3 h2g3 g7f8 g3g4 f8e7 b4b2 e7e8 b2b6 e8d7 b6a6 d7c7 f3f2 c7b7 a6a1 d6d5
765,W,material_adjudication,108,1.157758,3825,2026-09-04 15:11:30,e2e4 b8a6 d1f3 d7d6 d2d3 e7e6 e1e2 b7b5 a2a3 e8d7 c1g5 f8e7 g5e7 d7e7 g2g4 f7f6 e2d2 g7g6 c2c3 c7c5 g1e2 a8b8 h2h3 d8f8 a3a4 c5c4 d3c4 b5a4 d2c2 a6c5 c2d1 a7a6 b1d2 a4a3 a1a3 h7h5 a3a1 h5g4 f3g4 d6d5 g4g6 c5e4 d2e4 d5e4 h3h4 f8h6 g6h6 g8h6 h1h2 e7d7 f1h3 d7c6 d1d2 e6e5 e2f4 a6a5 h3g2 c8a6 f4g6 a6c4 g6h8 h6g4 g2e4 c6c5 h2h3 g4f2 a1a5 b8b5 b2b4 c5b6 h8g6 f2h3 a5a1 f6f5 e4f5 c4f7 f5h3 f7g6 h3g2 g6e4 g2e4 b6c7 e4f3 c7b6 a1g1 e5e4 g1g4 e4f3 g4g6 b6a7 h4h5 f3f2 d2e2 f2f1q e2f1 b5b6 f1f2 b6g6 h5g6 a7b6 g6g7 b6b7 g7g8q b7a6 c3c4 a6a7 g8f8 a7b6
766,W,material_adjudication_moderate,88,1.121687,3830,2026-09-04 15:13:54,b1a3 a7a5 f2f3 b7b5 e2e3 g8f6 f1b5 c7c6 g2g3 a5a4 a1b1 f6d5 c2c3 c6b5 d1c2 d8a5 c2f5 b8c6 e1d1 e7e5 d1e2 a5b6 f5e4 d5c7 e2f2 a8a7 b2b3 d7d5 e4c2 e8d8 a3b5 b6b5 d2d4 e5d4 e3d4 b5b7 b3a4 b7b8 b1b8 c6b4 c3b4 a7a5 c1e3 f8b4 g1e2 g7g6 f2g2 f7f5 g2h3 h7h6 a2a3 b4a3 c2c3 a3c5 e3f4 c5e7 c3d3 d8d7 f4e5 c7a6 b8c8 h8c8 f3f4 a6b4 d3d2 b4a2 d2e1 e7f8 e1g1 f8g7 g1g2 g7e5 d4e5 d7e7 e2d4 c8b8 e5e6 a2c3 h1f1 c3e4 f1c1 a5a4 c1d1 h6h5 g2h1 a4a2 d4f3 d5d4
767,W,material_adjudication,72,1.174380,3835,2026-09-04 15:14:17,e2e3 a7a5 e1e2 b7b5 g2g3 a5a4 c2c3 h7h5 f1g2 c7c6 e3e4 a4a3 g2f3 a3b2 c1b2 d8b6 d1c2 f7f5 d2d4 a8a7 e2e1 f5e4 b1d2 e4f3 g1f3 g8h6 h2h3 b6c5 d4c5 e8f7 b2a3 d7d5 e1e2 g7g6 a1d1 c8f5 c2b2 f8g7 d2b1 f5b1 d1b1 h6f5 b2d2 h5h4 b1b3 f5g3 f2g3 h4g3 h3h4 f7f8 b3b4 h8h6 h1g1 g7f6 g1f1 g3g2 f1f2 g2g1q f3g1 a7a3 f2f3 h6h4 f3d3 h4b4 c3b4 a3a2 d2a2 g6g5 e2d2 g5g4 g1e2 f6d4
768,B,material_adjudication_moderate,77,1.057701,3840,2026-09-04 15:14:44,d2d3 h7h5 b2b3 c7c5 a2a4 h8h6 b1a3 g7g5 c1g5 h6g6 d1b1 g6g5 e2e4 g5g4 a4a5 g8h6 f2f4 d8a5 b3b4 a5d8 b4c5 d7d5 h2h4 f7f6 g2g3 d5d4 a3b5 e8d7 b5d4 f8g7 f1e2 a7a5 b1d1 a8a7 g1f3 e7e5 f4e5 g4g3 e1d2 f6e5 d4b3 a5a4 f3e5 g7e5 h1h3 a4b3 a1a7 g3h3 c2b3 e5d4 e2f1 h3g3 d1f3 d7c6 f3g3 h6f7 g3g6 c6c5 g6f7 d8b6 f1e2 b6a7 f7h5 c5b4 h5d5 a7c5 d5c5 d4c5 h4h5 b8d7 h5h6 b4a5 h6h7 c5b4 d2d1 b4c3 d3d4
769,W,material_adjudication,68,1.201993,3845,2026-09-04 15:17:58,c2c4 d7d5 h2h4 b7b6 d2d3 d5c4 g2g4 b6b5 f1g2 c8d7 f2f4 e7e5 g2h3 d8e7 d1d2 h7h5 g4g5 b5b4 f4f5 e8d8 e2e4 c4d3 h3g2 b8a6 g1f3 a6b8 f3e5 b4b3 a2b3 e7e5 d2d3 e5e7 d3d5 c7c6 d5c4 c6c5 e1f1 b8c6 c4d5 a7a5 g2h3 d8c7 f1g2 a8b8 b1a3 b8b3 d5b3 e7e4 g2g3 e4h1 b3f7 h1e4 f7f8 c5c4 a3c4 g8f6 f8h8 d7f5 c4a5 f5g4 c1d2 c6b4 g5f6 g7f6 h3g2 e4h7 h8h7 c7d6
770,W,material_adjudication,74,1.155663,3850,2026-09-04 15:20:20,e2e3 a7a5 f1b5 h7h5 g2g3 c7c6 d2d4 b7b6 d1d2 a8a7 d2c3 a5a4 e1d2 c6b5 c3d3 a7a6 f2f4 d7d5 b1c3 h8h6 g1e2 h6d6 h1d1 g8h6 d3h7 a6a8 h7d3 b8c6 e2g1 f7f6 a1b1 e8f7 h2h3 b5b4 a2a3 d8c7 c3d5 d6d5 a3b4 h5h4 b4b5 h4g3 b5c6 d5d6 d4d5 f6f5 g1f3 g3g2 c2c3 d6c6 d5c6 c7c6 d1g1 c8b7 f3d4 f7e8 d4c6 b7c6 c3c4 c6b7 d2d1 b7f3 d1e1 a8c8 h3h4 f3g4 c1d2 c8c4 d3c4 h6g8 b1c1 g4h3 e3e4 b6b5
771,W,checkmate,41,1.168260,3855,2026-09-04 15:22:12,h2h4 h7h5 b1c3 b7b6 b2b3 c7c6 c1b2 h8h7 h1h3 c6c5 a1c1 d7d5 g2g3 d5d4 e2e4 d4c3 e1e2 c8d7 b2a1 g8h6 a2a3 c5c4 d2d4 c4b3 c2b3 g7g6 d1c2 h7h8 c2c3 b8a6 d4d5 f8g7 c3g7 h8g8 g7h6 d8c8 c1c8 a8c8 f1g2 g8h8 h6h8
772,W,value_resign,71,1.209815,3860,2026-09-04 15:25:40,h2h4 b7b6 b1c3 e7e6 e2e4 c8b7 a2a4 f8b4 d1h5 g7g6 d2d3 g6h5 b2b3 d8c8 a1b1 b6b5 a4b5 b8c6 b5c6 h7h6 c6b7 b4c3 c1d2 c8b7 d2c3 c7c5 c3h8 f7f6 e1e2 g8e7 b1d1 d7d6 c2c4 a7a5 d3d4 c5d4 h8f6 e6e5 f6e7 e8e7 f2f3 a5a4 b3a4 b7c6 d1a1 a8d8 g1h3 d8d7 h1g1 c6c5 e2d3 e7e6 a4a5 d7a7 a5a6 a7a6 a1a6 e6e7 h3g5 h6g5 h4g5 e7f8 g2g3 c5c8 a6a7 c8b7 a7b7 f8e8 b7b8 e8e7 f1e2
773,W,material_adjudication_moderate,112,1.157567,3865,2026-09-04 15:29:02,g1f3 b7b5 c2c4 f7f6 e2e4 c7c6 b1c3 e7e6 f3d4 f8c5 g2g4 b5b4 a1b1 a7a5 c3e2 c5d4 a2a4 b4a3 e2d4 a5a4 d4c2 d7d5 c2e3 h7h6 b2a3 g7g6 e3c2 g6g5 d1e2 d8c7 e4d5 c6d5 c4d5 c7c2 d2d3 c2b1 d5d6 b1c1 e2d1 c1d1 e1d1 a8a6 f2f4 b8c6 d1e1 f6f5 g4f5 g5g4 f5e6 c8b7 d6d7 e8f8 d7d8q c6d8 d3d4 b7d5 f1a6 g8f6 h1g1 f6e4 e6e7 f8e7 g1g2 e7e6 g2g3 h8f8 a6b5 f8h8 g3g4 h8e8 b5e8 h6h5 e8h5 d5c4 h5g6 e6d5 g6e4 d5e4 h2h3 e4d4 f4f5 d4c5 f5f6 c4b3 e1d2 d8f7 g4f4 c5d6 f4f5 b3e6 f5a5 e6h3 a5a4 h3d7 a4a7 d6d5 a7d7 d5e5 d7a7 e5d5 a7f7 d5e6 f7h7 e6f6 h7h4 f6e5 h4h3 e5e6 h3h5 e6d6 h5h2 d6e5
774,W,value_resign,56,1.247001,3870,2026-09-04 15:34:12,e2e3 a7a5 b1c3 h7h5 c3d5 h5h4 a1b1 a8a7 g2g3 a5a4 d1f3 c7c5 d2d4 c5d4 e3d4 d7d6 f3d3 b8c6 d5c3 c6d4 e1d1 c8g4 d1e1 d8c8 c3b5 g4d7 f1e2 e7e5 c1d2 a7a8 b2b4 a8a6 d3e4 f7f6 b5d4 c8c6 e4g6 e8e7 b4b5 c6d5 b5a6 e5d4 a6b7 d5h1 b7b8q h1d5 b8a7 h8h6 d2h6 d5b7 a7b7 g7h6 e1f1 e7d8 c2c3 d7c6
775,B,value_resign,52,1.222222,3875,2026-09-04 15:35:29,f2f3 h7h5 b2b3 d7d5 e2e4 b7b6 e4d5 g7g6 b1a3 c7c6 c2c4 c6d5 c4d5 f8g7 c1b2 d8d7 b2f6 e7f6 f1b5 e8f8 b5c4 h8h7 d1c1 g7h8 e1d1 b6b5 g2g4 b5c4 b3c4 h8g7 h2h3 h5g4 h3g4 h7h1 d5d6 a7a6 g4g5 c8b7 a3b1 b7c6 b1a3 c6b7 a3b1 b7c6 b1a3 a6a5 a3c2 a8a7 a2a3 a7a8 g5f6 g7f6
776,B,material_adjudication_moderate,97,1.200847,3880,2026-09-04 15:35:56,d2d4 g8f6 h2h4 a7a5 e2e4 a5a4 e1e2 h8g8 c1d2 e7e5 d2a5 f6e4 a2a3 e4f6 a1a2 a8a5 h4h5 f8e7 h5h6 d7d6 d4e5 b8a6 e5f6 e7f6 h6g7 f6g7 e2d2 f7f5 c2c4 g7e5 f2f3 d8e7 g2g4 e5d4 f1e2 a6c5 d2e1 c8d7 b1d2 f5g4 f3g4 c5b3 d2b3 a4b3 d1d4 b3a2 d4c3 a5c5 c3d2 a2a1q d2c1 g8g6 c1a1 b7b5 g1f3 d7c6 c4b5 c6d5 a1c1 c5c1 e1d2 e7f6 h1c1 g6g5 f3g5 f6g5 d2e1 g5e7 a3a4 e8f7 c1b1 e7d7 e2f3 d5f3 b5b6 d7e7 e1f1 f3d1 b6b7 d1c2 b7b8q c2b1 g4g5 f7e6 b8b7 e7d8 a4a5 c7c5 g5g6 b1g6 b7c6 d8e7 c6b7 e7d7 b7d7 e6d7 a5a6
777,W,checkmate,63,1.185272,3885,2026-09-04 15:35:57,a2a3 d7d6 g2g4 a7a6 c2c4 c7c5 d2d4 g8f6 e1d2 c5d4 e2e3 d8a5 b2b4 e7e5 b4a5 d4e3 f2e3 h7h5 h2h4 c8g4 g1f3 g7g6 c4c5 b8d7 d1b3 a8b8 c5d6 g4e6 b3d3 e5e4 d3c3 f6g4 f1e2 f8g7 f3d4 g7d4 c3d4 h8h6 b1c3 e8d8 c3e4 d7f6 e2d3 f6e4 d3e4 e6d7 e4d5 g4e3 d4e3 f7f6 e3e2 g6g5 h4g5 f6g5 c1b2 g5g4 b2d4 d7e6 d2d3 e6d5 h1c1 d8d7 e2e7
778,W,material_adjudication_moderate,77,1.157929,3890,2026-09-04 15:36:21,b1c3 g7g5 h2h4 c7c6 g1h3 f7f5 c3b5 h7h5 b5a3 e8f7 d2d3 d7d5 c1g5 f8h6 g5d2 c6c5 b2b4 g8f6 a1b1 a7a5 b4a5 d5d4 f2f3 b8c6 a5a6 a8a6 b1b3 c6b4 f3f4 d8e8 h3g5 f7g7 h1g1 a6d6 a3b5 b4d5 b5d6 e7d6 c2c4 d5c3 d2c3 d4c3 b3c3 d6d5 c4d5 e8d8 d5d6 d8d6 d1c2 d6d4 c3b3 c5c4 d3c4 d4g1 a2a4 g1d4 c4c5 g7g6 b3d3 d4e4 g5e4 f5e4 d3d1 h6f4 g2g4 f4b8 c2c3 h8d8 d1c1 f6d5 g4h5 g6h7 c3b2 c8g4 a4a5 d5f6 f1g2
779,B,material_adjudication,66,1.175082,3895,2026-09-04 15:37:58,b1c3 c7c6 g1h3 d7d6 g2g3 c8h3 d2d3 h3f1 h1f1 d6d5 a1b1 e8d7 f2f4 f7f6 e2e4 h7h5 c3d5 g8h6 d1e2 a7a5 e2f3 a8a7 c1d2 d7e8 d5e3 h6g4 c2c3 g7g5 b1a1 b8d7 e3c2 g4h2 b2b4 h2f3 f1f3 b7b5 f4g5 f8g7 b4a5 h5h4 g5f6 g7f6 a2a4 h4h3 a4b5 d7e5 b5c6 e5f3 e1d1 e7e5 g3g4 h8h6 g4g5 f6g5 a5a6 a7a8 a1b1 g5h4 b1a1 h6f6 a1b1 d8c7 b1a1 e8f8 a1b1 a8c8
780,W,material_adjudication,74,1.206301,3900,2026-09-04 15:40:51,e2e3 a7a5 d1h5 a5a4 g1h3 e7e6 h1g1 b7b6 h3g5 d8f6 c2c3 f6f2 e1f2 d7d6 h5h3 f7f6 f2e2 f6g5 g2g4 c8b7 b2b3 e8d7 f1g2 a4b3 c1a3 c7c5 e2f2 b7g2 h3g2 b8a6 h2h4 g5h4 a2b3 h4h3 g2h3 a6c7 h3g2 g8h6 g2e4 d6d5 e4g2 h6g4 f2g3 g4f2 b3b4 c5b4 c3b4 d5d4 e3d4 f2d1 g3g4 a8a3 b1a3 g7g6 g2g3 f8e7 g1g2 h8f8 g3h3 d7d6 h3h6 f8f6 h6g5 f6f5 g5h6 e7f6 d4d5 e6d5 a1d1 f5e5 d2d4 e5e6 h6d2 f6g5
781,B,checkmate,66,1.294619,3905,2026-09-04 15:40:55,e2e3 g7g5 f1e2 d7d5 g1f3 d8d7 h2h4 e7e5 b2b3 g5g4 b1a3 g4f3 a1b1 h7h6 c1b2 e5e4 b2c3 f8c5 c3b4 c5b4 e1f1 f7f5 g2f3 h6h5 c2c3 a7a6 b1a1 d7d6 a3c2 e8d8 c3b4 f5f4 f3e4 d5e4 f2f3 e4f3 e2f3 g8e7 h1g1 h8e8 f3e4 c7c6 d1h5 c8e6 h5f3 e7f5 e4f5 e6f5 e3e4 e8e4 f3e4 f5e4 g1h1 d6d7 b4b5 d7g7 h4h5 e4d3 f1e1 c6b5 h5h6 g7g5 a2a4 b5a4 h1h3 g5g1
782,W,material_adjudication,66,1.271159,3910,2026-09-04 15:41:46,e2e3 a7a5 b2b3 a5a4 f2f3 e7e6 e3e4 f8c5 g2g3 c5b6 f1h3 a4b3 h3e6 f7e6 e1f1 g8f6 f1g2 c7c5 c2b3 b8c6 e4e5 h8g8 e5f6 g7f6 d1e2 e8f8 e2d1 d8e7 b1c3 g8h8 c1b2 c6a5 h2h3 f6f5 f3f4 f8e8 d1f3 h7h6 h3h4 e7d6 g1h3 d6d4 h1g1 a8b8 h4h5 d7d5 c3d1 d4e4 b2h8 e4d3 f3d3 c5c4 d3c2 c8d7 b3b4 e8e7 c2b2 e7f8 b2c3 e6e5 c3e5 d7e6 d2d4 c4d3 g1h1 b8a8
783,B,checkmate,22,1.182600,3915,2026-09-04 15:43:19,a2a4 f7f6 b2b4 d7d6 g1f3 e7e5 f3e5 f6e5 c1a3 b7b6 h2h3 b8c6 f2f4 a7a5 f4e5 c6b4 e5d6 c7d6 a3b4 d8h4 g2g3 h4g3
784,B,checkmate,24,1.133426,3920,2026-09-04 15:45:44,e2e3 g7g5 g1h3 e7e6 g2g3 g8e7 b1c3 e6e5 a1b1 b8c6 g3g4 c6b4 h3g5 b4c2 d1c2 d7d6 f2f4 e7g8 c2h7 h8h7 g5h7 c8g4 h7f8 d8h4
785,W,material_adjudication,90,1.162522,3925,2026-09-04 15:46:36,e2e3 g7g6 f1e2 b7b5 a2a4 b5a4 b2b3 g6g5 b1c3 c8b7 g2g3 b7h1 f2f4 c7c6 c1b2 a4b3 e2f3 h1f3 c3d5 g8f6 c2b3 g5f4 d5c7 d8c7 d1f3 c7e5 b2e5 a7a6 e5f6 c6c5 e1f2 e7e5 f6h8 d7d6 f3e2 f4e3 f2e3 h7h6 e3f3 b8d7 g3g4 f7f6 h2h4 d6d5 a1a5 a8b8 f3g2 f8d6 g2f1 e8e7 g4g5 h6g5 h4g5 f6g5 f1g2 g5g4 b3b4 c5b4 e2d3 b4b3 d3b1 b8h8 b1b3 h8b8 b3a4 b8b2 a4g4 d6b4 a5a4 d7f6 g4f3 e5e4 f3e2 f6g4 a4b4 b2b4 g1h3 b4b8 e2g4 b8b6 g4f4 e7d7 g2h2 b6f6 f4f6 d7e8 f6g6 e8f8 d2d4 e4d3
786,W,material_adjudication,74,1.168302,3930,2026-09-04 15:48:14,e2e3 a7a5 b2b3 a5a4 d1g4 f7f6 f2f3 e8f7 d2d3 c7c5 h2h3 b7b6 e3e4 c8a6 g4f5 a4a3 f5f4 g8h6 g1e2 a6b7 b1d2 f6f5 e2g3 b8c6 e1d1 c6a7 d3d4 a7c6 d4d5 c6b4 f1c4 b4c2 d1c2 g7g5 f4g5 f7e8 c4e2 d8c8 g5f4 f8g7 a1b1 f5e4 f3e4 h8f8 f4e3 g7d4 e3h6 c5c4 e2c4 d4e5 h6b6 a8a6 b6e3 a6d6 e3e2 b7a6 c1a3 a6c4 d2c4 c8a6 b1a1 a6a3 a1b1 f8f2 e2f2 a3a2 b1b2 a2b2 c4b2 e7e6 h1g1 h7h6 f2f1 h6h5
787,B,material_adjudication,105,1.175110,3935,2026-09-04 15:49:05,b1c3 h7h5 g1h3 c7c6 h3f4 d8b6 c3e4 c6c5 e4c3 h8h6 f4h5 f7f5 h2h4 h6h5 b2b3 c5c4 d2d3 h5h4 h1h4 b6e6 c3e4 f5e4 c1a3 d7d5 d1d2 e6d7 h4h2 b7b6 a1d1 e4d3 c2d3 d7d8 g2g4 e7e5 f2f4 e8d7 b3c4 a7a6 c4d5 f8a3 h2h5 d7d6 d1b1 d6d5 b1b3 d5d6 h5e5 d8h4 e1d1 c8b7 b3a3 a6a5 a3a4 b7c6 a4d4 d6c7 e5e6 b8d7 a2a4 c6d5 d4d5 g8f6 d5g5 f6d5 e2e3 d7f6 g5e5 a8e8 e6b6 c7b6 f1g2 h4g4 d1e1 g4h4 e1f1 e8e5 f4e5 h4a4 e5f6 a4a1 f1f2 a1f6 g2f3 f6f5 e3e4 f5f7 e4d5 b6c5 f2g3 a5a4 d3d4 c5d6 f3h5 f7h5 g3f2 a4a3 f2g3 h5d5 d2a2 d5a2 g3h4 a2a1 h4g4 a1a2 g4g5
788,B,material_adjudication,66,1.170271,3940,2026-09-04 15:49:29,e2e3 g7g6 d2d3 g6g5 e3e4 f8h6 h2h4 d7d5 c1d2 c8e6 d3d4 d5e4 d4d5 e6d7 d5d6 e7d6 d1e2 g8e7 g2g4 e4e3 h1h3 f7f6 h3e3 b7b5 d2c1 c7c6 c1d2 c6c5 e1d1 d7g4 a2a4 b8d7 e3e4 g4e2 f1e2 b5a4 h4g5 f6g5 b1a3 h8f8 b2b3 a4b3 f2f3 a7a6 a3b5 d7b6 e4e6 d8d7 d2e3 b3b2 a1b1 c5c4 b5d4 g5g4 f3g4 h6e3 e6e3 c4c3 g1f3 a8d8 e2d3 b6d5 d3h7 d5e3 d1e2 e3g2
789,B,checkmate,34,1.334088,3945,2026-09-04 15:54:25,e2e4 b8c6 g2g4 g8h6 a2a4 f7f5 g1f3 f5g4 f3e5 a8b8 e5g4 g7g6 b1c3 h6f7 c3d5 c6d4 a1b1 h7h6 d2d3 e7e6 c1h6 h8h6 a4a5 e6d5 g4h6 f8h6 e4d5 d8e7 f1e2 d4e2 c2c3 e2f4 d1e2 e7e2
790,B,material_adjudication,87,1.103445,3950,2026-09-04 15:55:41,e2e3 a7a5 d1h5 a5a4 h2h3 e7e6 e3e4 b8c6 g2g3 e8e7 d2d4 a8a5 g1f3 a5h5 f1c4 d8e8 d4d5 h5h3 b2b4 c6d4 f3d2 d4f5 b4b5 h7h5 e4f5 h3g3 f2g3 e8d8 f5e6 d7d6 b5b6 f7e6 b6c7 d8c7 d5e6 c7d8 c4e2 b7b6 c2c3 g7g5 d2f3 c8e6 c1g5 g8f6 g5d2 f6e4 h1h2 e4d2 b1d2 a4a3 f3g5 f8h6 g5e6 e7e6 h2h5 h6d2 e1d2 h8h5 e2h5 d8f6 h5e2 d6d5 a1c1 f6f2 g3g4 e6f6 c1b1 f2g2 c3c4 d5c4 b1b6 f6g5 d2e1 g2g3 e1f1 c4c3 b6b3 g3c7 b3a3 c3c2 e2d3 c2c1q f1e2 c7b6 a3c3 c1b2 c3c2
791,W,material_adjudication,74,1.146855,3955,2026-09-04 15:57:15,e2e3 e7e6 b2b3 a7a5 e1e2 a5a4 f2f3 b7b5 e3e4 b8c6 g1h3 f7f5 c2c3 c6d4 c3d4 c7c5 d1e1 d7d5 b1c3 a4b3 a2a3 g7g5 h3g5 h7h6 g5e6 d8f6 c3d5 f5e4 h2h3 c8e6 d5f6 g8f6 f3e4 e6d7 e4e5 f6h5 e2d3 c5d4 f1e2 a8b8 c1b2 f8e7 h1f1 b8a8 h3h4 e7c5 g2g4 h8f8 g4h5 a8a4 b2c1 a4c4 e1d1 b3b2 c1b2 f8f5 b2c1 f5e5 d1b3 d7c6 e2f3 c6d7 b3c4 b5c4 d3c4 e8e7 c1b2 e5e3 d2e3 d4e3 f1c1 e7d6 b2e5 d6e5
792,W,value_resign,39,1.210799,3960,2026-09-04 15:57:21,d2d3 b7b5 b1a3 f7f6 c2c4 a7a6 e2e3 e8f7 a3b5 c7c5 g2g3 h7h5 b5c7 g8h6 d1h5 g7g6 h5c5 d8c7 b2b4 c7d6 c5c8 b8c6 c8a8 d6e5 g1e2 f7g7 f1h3 c6b4 h3f1 d7d5 c4d5 e7e6 c1b2 e5d5 a8d5 e6d5 e2c3 g6g5 a2a3
793,B,value_resign,28,1.173261,3965,2026-09-04 15:59:23,b1c3 c7c6 g1h3 h7h5 f2f4 f7f5 c3b5 g7g6 c2c4 f8g7 b5d4 d7d6 h1g1 d8a5 b2b4 a5b4 d4f5 g6f5 c1b2 g7b2 d1b3 b4b3 a1b1 b3a4 b1b2 e7e6 b2b7 b8a6
794,B,value_resign,26,1.235498,3970,2026-09-04 15:59:46,g1f3 b7b5 a2a4 b8a6 b2b4 b5a4 a1a4 f7f5 d2d4 g8f6 b4b5 e7e6 h2h4 f6e4 d1d3 d7d6 a4a6 e8d7 f3d2 c8a6 d3e4 f5e4 b1c3 d7e8 h1h3 d8h4
795,B,material_adjudication,71,1.265249,3975,2026-09-04 16:06:28,e2e3 g7g6 d1h5 b7b6 f2f3 g6h5 g1e2 b8c6 c2c4 c8a6 e2d4 g8h6 e1e2 f7f5 d4f5 h8g8 g2g3 d8c8 f1g2 a6b7 g2h3 h6f7 b1a3 c6e5 e2d1 h5h4 e3e4 b7c6 a3b5 h7h5 d2d4 e8d8 d4d5 c6b5 c4b5 g8g6 a2a4 c7c6 a1b1 c6b5 a4b5 g6h6 c1d2 e5c6 d5c6 h4g3 h2g3 f7d6 d2h6 d6f5 e4f5 f8h6 f5f6 e7f6 c6d7 c8b8 h3e6 b8c7 h1h5 d8e7 h5h6 e7e6 h6h4 e6d7 h4c4 c7c4 b2b3 c4e6 g3g4 a8h8 g4g5
796,W,value_resign,77,1.175194,3980,2026-09-04 16:06:58,a2a3 c7c6 d2d3 g8f6 a3a4 h7h5 a1a2 c6c5 b2b4 b7b6 d3d4 f6e4 c2c3 g7g5 a4a5 b6b5 d4c5 e4f6 f2f3 f8g7 b1d2 e8f8 e1f2 c8a6 h2h4 d8c8 d2b1 f6g8 c1e3 e7e5 a2a1 f7f5 g2g3 f5f4 g3f4 e5f4 e3d2 c8e8 f1h3 g5g4 f3g4 h5g4 h3g4 g7f6 g4f3 e8e7 g1h3 h8h4 f2g2 f6e5 h3f4 h4f4 d2f4 e5f4 f3a8 g8f6 a8d5 f6d5 d1d5 a6b7 d5b7 e7e6 h1c1 f4c1 b1d2 c1d2 a1b1 a7a6 b7b8 f8f7 b1b2 e6e5 b8e5 d7d5 e5d5 f7f6 d5d6
797,W,material_adjudication,100,1.243858,3985,2026-09-04 16:08:27,b2b4 a7a5 b1c3 b8a6 g1h3 f7f6 f2f3 h7h6 b4a5 b7b5 a5b6 e8f7 f3f4 d7d5 g2g3 e7e6 f1g2 f8e7 c3b1 f7f8 e1g1 c7c6 h3f2 h6h5 c2c4 d8b6 g2d5 e6d5 c4d5 c6d5 d2d3 g7g5 f4g5 f6g5 d1e1 a6b4 a2a3 b4c6 c1e3 d5d4 b1d2 d4e3 d2c4 b6d8 c4b6 d8b6 a1b1 h8h6 b1b6 c6b8 b6h6 g8h6 f2h3 h6f7 g1g2 c8d7 e1b1 b8a6 b1c1 g5g4 h3g1 e7f6 f1f6 f8e7 f6f7 e7f7 c1b2 a8b8 b2e5 b8c8 a3a4 d7c6 g1f3 a6b4 e5e3 b4c2 e3e5 g4f3 e2f3 h5h4 d3d4 c2d4 e5d4 h4g3 h2g3 f7e8 d4e3 e8f8 a4a5 c8e8 e3d4 e8e6 d4d2 e6e2 d2e2 f8f7 e2f1 f7e8 g2h1 e8d7
798,B,material_adjudication_moderate,85,1.107230,3990,2026-09-04 16:08:27,d2d3 h7h5 g2g3 d7d5 b2b3 g7g5 g3g4 e7e5 g4h5 d5d4 f2f3 b8c6 c1g5 d8g5 h5h6 g5e7 g1h3 a8b8 c2c3 e7c5 a2a4 a7a5 e1d2 c8h3 f1h3 c6e7 h1g1 h8h7 d1e1 f8h6 d2c2 b7b6 b1a3 d4c3 e2e3 b8a8 d3d4 e5d4 e3d4 c5d4 a3b5 d4c5 g1g6 f7g6 e1e2 c7c6 h3e6 g6g5 a1c1 h7g7 b5c3 c5d4 c3b5 d4b4 b5c7 e8f8 c7a8 b4d6 c1d1 d6b8 a8b6 b8b6 e6g8 b6b8 g8c4 g7g6 d1e1 g6g7 e2d1 b8h2 e1e2 h2b8 e2e3 b8c8 d1e2 e7g6 c4a6 c8b8 e2c4 g7h7 c2b1 b8d8 f3f4 g5f4 e3g3
799,W,material_adjudication,88,1.190128,3995,2026-09-04 16:09:24,a2a3 c7c6 d2d3 d7d6 c2c4 e8d7 h2h4 e7e6 h4h5 d7e7 c4c5 e6e5 c5d6 d8d6 c1e3 g7g5 h5g6 c8d7 g2g4 h7g6 h1h8 f7f6 f1h3 f8g7 h3f1 d6c7 f2f4 d7g4 f4e5 f6e5 h8g8 g7f6 b1c3 e7d7 g1h3 g4h3 c3e4 h3e6 e4f6 d7e7 b2b3 e6g8 e3d2 e7f6 f1g2 g8b3 d1b3 g6g5 b3d1 c7c8 a1c1 g5g4 c1b1 f6f7 b1b3 b7b6 d2e3 b6b5 b3b1 b8a6 d1d2 c8c7 b1d1 g4g3 g2f3 a8c8 d2c3 c8a8 d1c1 e5e4 d3e4 g3g2 f3g2 a8b8 g2h3 b5b4 a3b4 a6b4 c3d4 b8d8 d4b4 d8d4 e3d4 c6c5 b4d2 c5d4 h3f5 c7a5
800,B,value_resign,64,1.210396,4000,2026-09-04 16:09:25,e2e3 g7g6 f2f3 g6g5 e3e4 b8c6 b2b3 a8b8 c1b2 c6b4 f3f4 a7a5 g1f3 a5a4 b1a3 b7b5 e1e2 d7d5 c2c3 g8h6 f3g5 a4b3 c3b4 h8g8 h2h3 b8b7 a2b3 f8g7 h1h2 f7f6 g5e6 c8e6 d2d3 d5d4 a3b5 b7b5 a1a7 f6f5 b2a3 b5b6 g2g4 f5e4 f4f5 e4d3 e2d3 e6d7 f1e2 c7c6 g4g5 h6f5 d3c2 f5g3 h3h4 d8b8 h4h5 b8a7 c2b2 a7b7 d1c1 e8d8 e2a6 b7a6 c1e3 a6a8
801,W,material_adjudication,82,1.182920,4005,2026-09-04 16:11:37,d2d3 g7g5 b2b3 b8a6 h2h4 e7e6 a2a4 d7d6 h4g5 d8g5 c1g5 f7f6 a1a2 f6g5 e2e3 g8e7 b1c3 a6b4 a2a3 a8b8 h1h2 b4c6 c3a2 d6d5 g1f3 c6b4 a2c3 d5d4 c3e4 b7b6 f3d4 e6e5 e4g5 e5d4 c2c4 d4c3 f2f4 e8d7 a4a5 h8g8 h2h7 g8g5 f4g5 b6b5 h7f7 c3c2 d1c1 b4a2 a3a2 a7a6 e3e4 c7c5 c1c2 c5c4 d3c4 b5c4 g2g4 c4b3 c2d1 d7e6 a2a1 b3b2 a1b1 e6f7 e4e5 c8d7 f1h3 f8g7 e1e2 g7e5 e2f2 e5f4 f2f1 f7g8 d1d7 b8d8 d7d8 g8g7 g5g6 e7g6 h3g2 f4c7
802,W,material_adjudication_moderate,76,1.175045,4010,2026-09-04 16:13:27,e2e3 a7a5 d2d3 g7g5 a2a4 a8a7 e3e4 e7e5 b2b3 f7f6 c2c3 f8c5 c1b2 b8c6 e1e2 g8e7 d1c1 d7d5 e4d5 a7a8 b1a3 c6a7 g1f3 b7b5 d3d4 e7g6 d4c5 d8d5 a4b5 a8b8 b5b6 e5e4 c1e3 c7c6 f3g5 f6g5 f2f4 g5f4 e3d4 d5d4 c3d4 c8e6 a1d1 e6b3 b2c3 b3d1 e2d1 a5a4 b6a7 e4e3 a7b8q e8e7 g2g4 h8f8 d1e1 f8b8 f1h3 e7d8 e1d1 b8a8 d1e1 a8b8 h1f1 d8e8 f1g1 e8d8 e1f1 d8e8 a3c4 b8d8 f1g2 e3e2 c4a5 e8f8 g2h1 d8a8
803,W,material_adjudication_moderate,88,1.146045,4015,2026-09-04 16:14:23,h2h4 h7h5 b1c3 b7b6 d2d3 c7c6 c3d5 c6d5 g2g4 b8c6 f2f4 c6d4 g1f3 a7a5 f3d4 a8a6 h1g1 h8h6 g4h5 f7f6 e2e4 d5e4 g1g6 e8f7 d1e2 d8c7 b2b3 c7c5 f1h3 c8b7 e1d1 f6f5 h3f5 h6h5 d4b5 e7e6 f5h3 f7g6 d3d4 c5b5 e2b5 h5h4 b5a6 b7a6 d1d2 b6b5 a2a4 b5b4 h3g4 h4g4 d4d5 g8e7 a1b1 e7d5 c1b2 a6b5 a4b5 f8c5 b5b6 a5a4 d2e1 e4e3 b3a4 c5b6 e1e2 d5f4 e2f3 e6e5 f3g4 b6c5 b2e5 b4b3 e5f4 e3e2 a4a5 e2e1q b1e1 b3b2 e1b1 g6h7 f4g5 d7d6 b1b2 c5f2 b2b5 g7g6 g4f4 d6d5
804,W,value_resign,29,1.263092,4020,2026-09-04 16:14:38,e2e3 g7g6 f1e2 d7d6 g2g3 b8d7 a2a4 e7e5 e1f1 f7f6 f2f3 d8e7 b1c3 e8d8 e2c4 g6g5 b2b3 d6d5 c4d5 b7b5 d5a8 e7e6 d1e2 d8e8 a4b5 e8f7 e2e1 a7a5 g1e2
805,W,value_resign,67,1.190336,4025,2026-09-04 16:15:59,h2h4 b7b6 b2b3 h7h5 f2f4 e7e5 a2a4 d7d6 a4a5 c7c6 a5b6 d6d5 c1b2 e8e7 f4f5 h8h6 b1a3 c6c5 e2e3 a7b6 a3b5 b8a6 f1e2 d5d4 g2g3 d4e3 f5f6 e7f6 e1f1 f8e7 b5a3 c5c4 d2e3 c8d7 b3b4 c4c3 b2c3 f6g6 g1f3 e5e4 f3e5 g6h7 f1g2 d7g4 e5g4 h5g4 c3e5 f7f6 d1d8 a8d8 e5b2 g7g5 e2a6 h6g6 a6e2 e7c5 b4c5 g8e7 c5b6 d8d5 b2c3 h7h6 a1b1 d5d7 b1b2 g6g7 h1g1
806,W,value_resign,31,1.164074,4030,2026-09-04 16:17:22,e2e3 g7g5 f2f4 h7h6 f4g5 f8g7 h2h3 f7f5 c2c3 h6h5 f1e2 e8f8 g2g3 c7c5 d1b3 f5f4 e3f4 b7b6 b3d5 b8c6 g1f3 c6b4 d5a8 c8b7 a8d8 f8f7 e1d1 d7d6 d8a8 b7a8 h1h2
807,W,material_adjudication,66,1.146069,4035,2026-09-04 16:18:34,e2e3 g7g5 f1e2 d7d6 g2g4 h7h5 e2f3 c7c5 b2b4 a7a5 e1e2 f7f6 d2d4 a5b4 a2a3 b4a3 d4c5 g8h6 g4h5 f6f5 c5d6 a8a5 c2c3 c8e6 a1a3 a5a3 c1a3 e6d7 e3e4 g5g4 b1d2 g4f3 e2f3 f5e4 f3e4 h6f7 g1f3 f8h6 d6e7 d8e7 a3e7 f7d8 e4e5 d7e6 e7d8 e6f7 d1c1 h6d2 f3d2 e8d8 f2f3 h8h5 e5f6 f7e6 f3f4 h5h6 f6g7 d8e7 h2h3 e6h3 h1h3 h6e6 c1b2 e7d7 b2c2 d7c7
808,W,value_resign,83,1.184473,4040,2026-09-04 16:20:31,h2h4 d7d5 g2g3 h7h5 f2f4 b7b5 g3g4 d5d4 d2d3 a7a5 c2c3 a8a7 c1d2 h5g4 h4h5 h8h7 a2a3 c8b7 g1f3 b7f3 d1c1 b8d7 h5h6 g8h6 e2f3 d4c3 b2c3 g4f3 f4f5 d7b6 f1h3 a5a4 c3c4 g7g5 c4c5 b6a8 c5c6 h6f5 h3f5 h7h1 e1f2 f8g7 c1h1 g7a1 f5g6 f7g6 f2f3 d8c8 d2g5 e7e6 f3e2 b5b4 h1f1 a1f6 a3b4 e8d8 g5f6 d8e8 b1a3 a8b6 a3c2 a4a3 f6d4 c8d8 f1f3 b6a4 d4a7 a3a2 e2f1 e6e5 f1e1 g6g5 e1d2 a2a1q c2a1 g5g4 f3e3 d8d4 a7d4 e5e4 b4b5 a4b2 d4c5
809,W,material_adjudication_moderate,106,1.100416,4045,2026-09-04 16:21:58,e2e3 g8f6 f2f3 g7g5 e3e4 e7e5 c2c4 d7d5 b2b3 c8d7 h2h3 d5c4 f1e2 d8e7 b1c3 f6g8 g2g4 e8d8 a1b1 f8g7 c1b2 g7f6 e1f1 h7h5 b3c4 c7c5 g4h5 h8h5 d1e1 b8c6 f3f4 g5g4 f4e5 c6e5 h3g4 h5h1 g4g5 e5c4 g5f6 g8f6 b2a1 h1h2 e2f3 c4e5 b1b3 e5f3 g1f3 h2h7 e4e5 f6g4 c3d5 c5c4 d5e7 c4b3 a1b2 d8e7 e5e6 g4h2 f3h2 h7h2 e6d7 e7d7 d2d4 h2b2 a2b3 b2a2 e1b1 a2h2 b1d3 a7a6 d4d5 d7e7 d3d4 b7b5 f1g1 h2h6 d4e3 e7d6 e3h6 d6d5 h6h7 b5b4 g1f1 d5e6 h7d3 a8d8 d3e3 e6f5 e3c5 d8d5 c5d5 f5f4 d5c4 f4e3 f1g2 f7f6 g2g3 a6a5 g3h4 f6f5 h4g5 f5f4 g5g6 f4f3 c4c1 e3e2
810,B,value_resign,26,1.260137,4050,2026-09-04 16:22:13,h2h4 b7b6 b2b3 h7h5 e2e3 c7c6 c2c4 g7g6 g2g4 f8g7 f2f3 g7f6 c1b2 d7d5 d1e2 e8f8 g4h5 f6b2 c4d5 b2a1 e2a6 c8a6 h5g6 a1f6 d2d3 h8h5
811,B,material_adjudication_moderate,91,1.205463,4055,2026-09-04 16:23:27,e2e3 a7a5 d1h5 d7d6 f2f3 a5a4 b2b3 g7g6 g2g3 g6h5 b1a3 f8h6 f1e2 e8f8 a1b1 b7b6 e2c4 h6g5 c4d5 g5f6 d5a8 c7c6 a8c6 b8c6 e1e2 c8d7 e2e1 c6b8 a3c4 e7e5 b3a4 h5h4 a2a3 d6d5 c4b2 b8c6 g3h4 f8e7 d2d3 c6b8 c2c3 e5e4 f3e4 d5e4 d3e4 f6e5 c1d2 b8a6 h4h5 a6c5 h2h3 g8f6 c3c4 f6e4 g1f3 d7e6 h1f1 d8f8 h5h6 f7f5 a4a5 b6a5 h3h4 e4g3 f3e5 g3f1 e1f1 f5f4 e3f4 a5a4 e5f3 h8g8 f4f5 g8h8 f5e6 f8f3 f1e1 c5e6 b2a4 f3c6 a4b6 c6e4 e1d1 e4c6 a3a4 h8b8 a4a5 c6e8 h4h5 e8d8 d1e2
812,B,material_adjudication,91,1.201115,4060,2026-09-04 16:24:55,e2e3 a7a5 b2b3 a5a4 f2f3 h7h5 b1c3 h5h4 g1e2 a4a3 c1b2 d7d6 c3a4 c7c6 b2a3 h8h5 a3c1 e8d7 e3e4 a8a4 d2d4 a4c4 b3c4 f7f6 c4c5 d6c5 d4d5 c6d5 d1d5 h5d5 g2g4 d5d4 h1g1 d4d5 e4d5 d7d6 e1d2 c5c4 a2a3 d6d7 a1b1 e7e5 g4g5 h4h3 f1h3 d7c7 g5f6 g7f6 h3f1 f8h6 d2e1 b8d7 c1d2 h6f4 d5d6 c7d6 f1h3 g8h6 e2f4 d7f8 h3c8 d8c8 f4d5 d6d5 d2h6 d5e6 h6f8 c8f8 b1b7 e5e4 b7a7 f8c5 g1g6 c5a7 f3e4 a7b8 h2h4 b8h2 e1f1 h2h4 a3a4 h4h5 g6g1 h5h4 g1g3 h4g3 a4a5 c4c3 e4e5 f6e5 a5a6
813,W,material_adjudication,68,1.231934,4065,2026-09-04 16:25:25,b1c3 c7c6 h2h3 f7f6 c3b1 b7b5 h1h2 h7h6 g2g4 b8a6 c2c4 b5b4 e2e3 a8b8 d2d4 a6c7 f2f4 d7d5 f1g2 c8e6 b1d2 e6d7 a1b1 c7a6 g2f3 b8c8 c4d5 c6d5 a2a3 e7e6 d2b3 f8e7 a3b4 a6b4 g4g5 c8c7 e1d2 f6g5 b3a5 b4a6 b2b4 g8f6 b4b5 g5g4 h3g4 h8f8 b5a6 g7g6 g4g5 f6g4 f3g4 h6g5 g4f3 e8f7 f4f5 e6f5 f3e2 f7f6 d2d3 c7c8 c1d2 f8h8 h2h8 f6g7 h8h3 f5f4 a5b7 f4e3
814,B,checkmate,46,1.204765,4070,2026-09-04 16:25:40,f2f3 h7h5 g1h3 g8h6 c2c4 f7f5 a2a4 b8c6 d2d4 h8g8 h3f2 a8b8 b1a3 h5h4 c1e3 a7a5 e3d2 c6d4 f2h3 d7d5 a3b1 d5c4 d2a5 c8d7 e1d2 g8h8 b1a3 h6f7 h1g1 g7g5 a3c4 f8h6 d2d3 f7d6 c4e5 d4c6 e5d7 d8d7 a5c7 d7c7 h3g5 c6d4 e2e3 h6g5 e3d4 c7c4
815,B,material_adjudication,69,1.224797,4075,2026-09-04 16:26:36,e2e3 a7a5 g2g3 a5a4 e1e2 c7c6 c2c3 f7f5 b2b3 d7d6 h2h4 g7g6 g1h3 a4b3 a2b3 a8a1 f2f3 a1a2 c1b2 g8f6 f3f4 a2b2 c3c4 h8g8 d1c2 f8g7 c2b2 f6e4 h3g5 e7e5 g5e4 e8e7 b1c3 f5e4 f1g2 c8g4 e2f2 g7f6 c3e4 b8a6 e4f6 e7f6 h4h5 f6g7 h5g6 h7g6 g2h3 g4h3 h1h3 a6c7 h3h2 c6c5 f4f5 d8e7 f2e2 g6f5 h2h3 e7f8 g3g4 f5g4 h3h4 f8f5 h4h5 f5h5 e3e4 h5h4 e2d3 g7h8 b2c3
816,W,value_resign,57,1.215213,4080,2026-09-04 16:27:04,e2e3 g8f6 d2d3 f6e4 d1e2 a7a6 f2f4 g7g6 g2g4 e7e5 b2b3 f7f5 d3e4 f8c5 b1d2 b8c6 e2g2 a6a5 g1e2 e5f4 a2a4 h8f8 e1d1 d8e7 g4f5 g6g5 c2c3 e7g7 e2d4 f4f3 d4f3 c6e5 f1e2 b7b6 f3e5 c8b7 h1f1 g7e5 c1b2 e8e7 e2b5 e5f6 b5d7 f8d8 d7e6 d8c8 g2g4 f6e6 f5e6 h7h6 f1f7 e7e8 g4h5 e8d8 e4e5 c7c6 d1c2
817,W,material_adjudication,66,1.168504,4085,2026-09-04 16:27:18,b1a3 g8f6 b2b4 c7c5 a1b1 d7d6 f2f3 a7a6 c2c4 a8a7 d1a4 b8d7 g2g3 d6d5 a4a5 g7g5 f3f4 b7b6 a5b6 d7b6 b4c5 c8b7 c5b6 h7h5 f1g2 g5f4 c4c5 h5h4 c1b2 h4g3 h2g3 h8h1 b6a7 e7e5 g2h1 f4g3 c5c6 b7c6 a7a8q c6a8 a3c4 d5c4 b1c1 a8b7 h1b7 e5e4 c1c4 a6a5 g1h3 f8h6 b2c3 e8e7 b7a6 f6d5 c3e5 d8f8 c4c5 d5c7 e5c7 f8c8 a6c8 g3g2 e1f2 e7f6 h3g1 h6g5
818,W,checkmate,55,1.172263,4090,2026-09-04 16:30:36,h2h4 b7b6 b2b3 h7h5 f2f4 d7d6 f4f5 c8d7 g1h3 b8c6 c2c4 g7g5 h4g5 h8h6 h3f2 f8g7 c1b2 c6b4 g5h6 g7b2 g2g4 b2d4 h1h5 a8c8 d1c1 a7a6 e2e3 d4a1 b1a3 a1f6 f2d3 b4c6 c1b2 f6b2 a3b5 g8h6 h5h6 f7f6 b5c7 d8c7 a2a4 c6d4 e3d4 d6d5 h6h5 b2d4 e1e2 d7c6 e2f3 d5c4 f3e2 c7b8 d3e5 b8b7 h5h8
819,B,value_resign,25,1.139544,4095,2026-09-04 16:31:41,e2e4 b8a6 e1e2 c7c6 d2d3 g7g5 f2f4 a6c7 d3d4 c6c5 h2h4 g5f4 a2a4 c5d4 a4a5 d7d6 c1f4 c8g4 e2d2 g4d1 d2e1 a7a6 g1f3 f8g7 f3g5
820,B,material_adjudication,129,1.077946,4100,2026-09-04 16:32:27,e2e3 a7a5 d1h5 a5a4 h2h3 d7d6 f1b5 c7c6 g2g3 c6b5 h5g5 h7h5 g5g4 d8a5 g4g5 c8f5 f2f4 h8h7 b1a3 a5d2 e1d2 h7h8 c2c3 f5h7 g5d5 e7e6 g1f3 e6d5 h1h2 g7g5 d2e2 h7d3 e2d1 d3e4 f4g5 e4f3 d1e1 f3e4 a1b1 b8d7 h2c2 g8f6 g5f6 d7f6 a3b5 f8h6 b5c7 e8e7 c7a8 e4c2 a8c7 f6e4 c7b5 f7f6 b5a3 c2b1 a3b1 e7d7 c3c4 d5c4 b1a3 f6f5 a3c4 h8f8 a2a3 f5f4 g3f4 d7e8 c4d6 e8d8 d6e4 f8g8 e4g5 g8g6 e3e4 h6g5 f4g5 d8c8 c1d2 c8d8 e1d1 d8e7 d2e3 b7b6 d1e2 e7d6 e2d3 d6e6 e3b6 g6g5 b6d4 g5g3 d4e3 g3h3 d3d4 e6d6 e3d2 h3f3 d2g5 d6e6 e4e5 f3f5 g5d2 h5h4 d4d3 e6e5 d2c3 e5f4 d3e2 h4h3 e2d2 f4g5 d2e1 g5h4 c3d4 f5d5 d4e3 d5d7 e3c5 h4g3 e1e2 h3h2 e2e3 h2h1q c5d6 g3h4 e3e2 d7d8 e2e3
821,B,material_adjudication_moderate,105,1.261321,4105,2026-09-04 16:33:14,e2e3 g7g6 f1e2 a7a5 h2h3 a5a4 e1f1 g6g5 g2g4 a8a6 d2d4 g8f6 f2f3 d7d6 a2a3 c8d7 f1e1 f8g7 h3h4 g5h4 e2b5 c7c5 b5f1 c5d4 h1h4 f6d5 g1e2 h8f8 c2c4 d5c7 e2d4 f7f5 d1d2 f5g4 f3g4 d7c8 f1h3 b7b6 d4f3 f8f3 e1e2 f3h3 h4h3 c8g4 e2e1 g4h3 d2e2 h3f1 c1d2 g7h6 e1f1 b8d7 e3e4 h6d2 e2d2 d8b8 d2e3 e7e5 b2b3 a4b3 b1d2 b3b2 a1b1 a6a4 b1b2 e8d8 b2b6 b8b6 e3b6 d7b6 c4c5 d8e8 c5b6 h7h5 b6c7 e8d7 d2b3 d7c7 b3a1 a4c4 f1e1 c7b8 a3a4 d6d5 e4d5 b8b7 d5d6 b7c8 d6d7 c8d7 e1d2 e5e4 a4a5 d7c8 a5a6 c8b8 d2e3 h5h4 a6a7 b8a7 e3f2 a7b8 f2e3 h4h3 e3f2
822,B,material_adjudication,87,1.164806,4110,2026-09-04 16:37:40,g1f3 b7b5 c2c4 f7f6 b2b4 d7d5 a2a4 e7e6 f3g5 a7a5 c4d5 f6f5 c1a3 b8a6 d5e6 h7h6 d2d3 h6g5 b4a5 f8a3 a1a3 b5b4 f2f3 c7c5 f3f4 b4a3 b1c3 e8e7 c3b5 e7e6 e2e4 f5e4 f4g5 e6e7 b5c3 c8e6 f1e2 a8b8 d3e4 g7g6 e2a6 d8d7 d1c2 g8f6 g5f6 e7f6 g2g3 d7f7 h2h3 f7d7 a6b5 d7d4 c3e2 d4d8 b5a6 d8d7 e2f4 g6g5 f4e6 d7e6 c2c1 e6a6 c1b1 a6e6 b1c1 f6e7 e1f1 h8d8 c1a3 e6e4 a3c5 e7e8 a5a6 e4h1 c5g1 h1g1 f1g1 b8c8 a6a7 e8f8 a7a8q c8a8 g1f1 f8f7 f1e1 a8c8 e1f1
823,W,material_adjudication,66,1.204126,4115,2026-09-04 16:39:36,e2e3 a7a5 f1b5 h7h5 f2f3 c7c5 c2c3 e7e6 g2g3 h5h4 e1e2 a8a7 d2d4 h4g3 h2g3 d8f6 h1h8 f6d8 h8h4 d8h4 g3h4 a7a6 b5a4 a6c6 b2b4 c5b4 h4h5 g7g5 h5h6 g8h6 d1f1 b4c3 a4d1 d7d6 d4d5 e6d5 e3e4 h6g8 e4d5 c3c2 d5c6 c2b1q a1b1 b7c6 b1b3 g5g4 f3g4 c6c5 g4g5 a5a4 b3b8 e8e7 g5g6 f7g6 g1h3 c8h3 f1e1 h3f5 c1e3 a4a3 e1d2 g8f6 e2f1 f6h5 f1e2 f5e4
824,B,value_resign,60,1.151116,4120,2026-09-04 16:42:04,h2h4 b7b5 d2d4 g8f6 h4h5 a7a5 a2a3 f6d5 e2e4 c8b7 e4d5 f7f6 g2g3 b7d5 a3a4 b5a4 c2c4 d5c6 f1e2 b8a6 e2f3 c6d5 e1f1 d5f3 a1a3 f3d1 c1f4 g7g6 h5g6 e7e6 g6g7 f8g7 a3a4 d1c2 f2f3 f6f5 b1a3 g7e5 a3c2 e5f4 g3f4 d8e7 a4a5 c7c5 a5a6 a8a6 g1e2 d7d5 d4c5 a6a5 b2b4 a5a2 f1f2 d5c4 h1a1 a2c2 f2e1 e8f8 a1a3 h7h5
825,B,material_adjudication,69,1.273895,4125,2026-09-04 16:43:20,h2h4 e7e5 c2c4 h7h5 f2f4 e5f4 g2g4 d7d5 g4h5 e8d7 g1h3 a7a5 h1g1 h8h7 a2a4 g8e7 c4d5 h7h5 g1g4 h5d5 a1a2 f7f6 h3g1 b7b5 g4g6 e7g6 d1b3 d5h5 f1h3 d7d6 d2d4 c7c6 d4d5 c6d5 c1f4 g6f4 g1f3 h5h4 f3h4 b5a4 a2a4 c8h3 a4f4 a5a4 b3h3 d6c7 h3d3 g7g5 d3c2 c7b6 h4f3 g5f4 c2c1 f8g7 f3d2 b6a5 d2f3 f6f5 c1c3 a5b6 c3c1 d5d4 f3e5 g7e5 b1c3 b8c6 c3a4 b6a5 b2b3
826,W,value_resign,49,1.160075,4130,2026-09-04 16:43:47,e2e3 a7a5 f2f4 h7h5 g2g3 a8a6 f4f5 c7c5 f1b5 e7e5 d1f3 b8c6 b5a6 c5c4 f3e4 d7d5 a6c4 d5c4 f5f6 h5h4 c2c3 d8d6 g3h4 g8e7 g1f3 e7g6 e1e2 c8g4 e4g4 h8h4 f3h4 g6h4 g4h4 g7f6 h4c4 c6d4 e2d1 f8h6 h2h4 d6b8 b2b3 e8e7 c1a3 b8d6 a3d6 e7d6 c4f1 h6f4 c3d4
827,B,material_adjudication,67,1.276541,4135,2026-09-04 16:47:21,b1a3 a7a5 g2g3 a5a4 b2b4 g7g5 e2e4 h7h5 d2d3 d7d6 b4b5 b7b6 f2f4 f7f5 g1h3 e7e5 e4f5 e5f4 h3g5 f8e7 g3f4 e7f6 g5h3 f6a1 e1d2 a1f6 d1e2 f6e7 h1g1 h5h4 h3g5 c7c6 b5c6 a8a6 g5f7 e8f7 c6c7 d8c7 a3c4 g8f6 f1g2 c7d7 g2f3 e7d8 g1g5 d7e7 c4b2 a4a3 c2c3 f6e8 b2c4 b6b5 c4a3 a6b6 a3c4 b5c4 d3c4 c8b7 c4c5 b6c6 e2d3 d6c5 f5f6 e7f6 c3c4 f6e6 f3e2
828,B,material_adjudication,66,1.161906,4140,2026-09-04 16:50:53,a2a3 g8f6 a3a4 a7a6 a4a5 e7e6 d2d3 e8e7 e2e3 g7g6 c1d2 f8g7 d1c1 d7d6 c2c3 f6e4 g1f3 b8d7 d3e4 g7f8 g2g3 e6e5 f3g1 d7b6 e1d1 e7e6 a1a4 b6a4 f1e2 b7b6 f2f3 e6e7 b1a3 c8e6 d2e1 a4b2 c1b2 h7h6 b2b4 h8g8 e1f2 a8c8 b4a4 f8g7 a3c4 g7f6 a4c2 h6h5 a5b6 c7b6 c4b6 d8b6 c3c4 b6c5 c2c3 c8d8 c3a5 c5a5 h2h4 g8e8 h1h2 d8c8 g1h3 e6c4 e2c4 a5c5
829,W,material_adjudication_moderate,144,1.236627,4145,2026-09-04 16:51:44,a2a4 b7b6 g1h3 b8c6 c2c3 e7e6 g2g4 c6d4 c3c4 f8e7 e2e3 g7g6 e3d4 f7f6 a1a2 a7a6 f2f4 e8f8 b1c3 c7c5 d4c5 f8e8 a2a1 b6c5 f4f5 e8f7 b2b3 f7g7 c1a3 d8a5 f5e6 a5b6 h3f4 c8b7 e6d7 b7h1 f4d5 h1d5 c4d5 b6d8 d5d6 e7d6 f1g2 d6e7 g2a8 d8a8 d1e2 a8d8 c3d5 d8d7 d5e7 g8e7 a3b2 e7d5 e2c4 a6a5 c4c5 h8e8 e1d1 d5c7 c5a5 e8e7 d1c1 d7g4 a5c5 g4d7 a1a3 g7f7 c5c4 d7e6 h2h3 e6c4 b3c4 h7h5 d2d3 f7e8 d3d4 e7d7 c4c5 h5h4 d4d5 d7d5 c5c6 e8f8 a3e3 f8g8 e3e4 g8g7 e4e3 g7g8 e3e4 g8g7 e4f4 g7g8 f4f3 g8g7 f3f1 g7g8 f1f3 g8g7 f3f1 g7g8 f1f3 g8g7 f3f1 g7g8 f1f3 g8g7 f3f1 g7g8 f1f4 g8g7 b2f6 g7h7 f4e4 d5f5 f6h4 h7h8 c1d1 f5d5 d1e1 h8g8 a4a5 d5a5 e4d4 a5h5 d4f4 h5h4 f4h4 g8g7 h4e4 g7f8 e1d1 f8g7 d1c1 g7f8 e4e3 c7d5 e3e2 d5c7 c1d1 f8g8 e2f2 g8g7
830,W,material_adjudication_moderate,76,1.057548,4150,2026-09-04 16:53:50,h2h3 e7e5 h3h4 d8f6 b2b4 f6d6 a2a4 g8h6 h4h5 f7f5 d2d3 e8d8 g2g4 h6g4 f1g2 g4f2 g2d5 f2d1 e1d1 g7g6 c2c3 h8g8 d5g8 c7c5 b4c5 d6e7 c1b2 b7b5 c5b6 b8c6 g8d5 g6h5 d1e1 a7b6 h1h5 c8b7 h5f5 h7h6 b1d2 e7d6 d5c6 b7c6 g1f3 f8e7 f3e5 d6e5 f5e5 a8a5 d2c4 d7d6 e5e6 c6d7 c4a5 d7e6 a5c4 e6c4 d3c4 e7f6 e1f2 d8e7 e2e3 h6h5 e3e4 h5h4 a4a5 h4h3 f2g3 h3h2 a1h1 b6a5 b2c1 f6c3 c4c5 d6c5 h1h2 e7e8
831,B,material_adjudication_moderate,95,1.229116,4155,2026-09-04 16:54:16,e2e4 b8c6 g2g4 g8h6 g1e2 h6g4 e4e5 g4e3 d2e3 g7g5 a2a4 g5g4 c2c4 f7f6 e5f6 e7f6 a1a3 c6e7 a3a1 a7a5 f2f3 f8g7 d1b3 e7g6 e2g3 a8a6 h2h3 b7b6 b3c3 d7d5 f3g4 d5c4 f1c4 f6f5 c4a6 g7c3 b2c3 f5g4 a1a2 c8a6 h3g4 a6b7 g3f5 b7h1 b1d2 g6h4 c3c4 h1d5 c4d5 h8f8 d2c4 h4g6 a2c2 d8d5 e3e4 d5d3 c2d2 d3c4 c1a3 f8f5 g4f5 g6f4 d2c2 c4b3 c2c3 b3a4 a3d6 a4d7 d6f4 h7h5 f4c7 e8f7 e4e5 f7e7 f5f6 e7f7 c3c1 d7d4 c7b6 d4b6 c1c2 b6a6 e5e6 f7e6 c2c7 a6d6 c7e7 e6f6 e7a7 d6d4 a7a5 d4b2 e1d1 f6g6 a5b5
832,W,material_adjudication_moderate,116,1.103265,4160,2026-09-04 16:56:46,h2h4 h7h5 a2a3 b7b6 e2e3 d7d6 f1c4 c8g4 d2d3 b8a6 c4f7 e8f7 f2f3 g7g5 b1d2 f7e8 f3g4 h5g4 h1h2 f8g7 g2g3 g5h4 e1f1 d8b8 h2g2 b8b7 b2b4 h4h3 g2h2 g7a1 b4b5 a1g7 g1h3 g4h3 f1e2 a8b8 c1b2 g7f6 h2h3 h8h3 b5a6 b7a6 d1a1 e7e5 g3g4 d6d5 g4g5 a6b5 g5f6 g8f6 a3a4 b5b4 e2e1 b4d6 b2c3 f6e4 d2e4 d5e4 c3b2 e4d3 c2d3 b8c8 b2e5 d6e5 a1e5 e8d8 e5d4 d8e8 d4e4 e8d7 e1f2 h3h6 a4a5 c7c5 f2g2 b6a5 g2f1 a5a4 f1g2 a4a3 e4f4 h6e6 f4f5 c5c4 g2f1 c4d3 f5d3 d7c6 e3e4 c8f8 f1e2 c6c5 d3b1 a3a2 b1a2 e6h6 e4e5 c5b4 a2d2 b4a4 d2h6 f8d8 h6h2 d8c8 e2d1 a7a5 d1d2 c8c6 d2d1 c6e6 d1d2 e6e5 d2d1 e5e6 d1c2 e6e5
833,W,material_adjudication,66,1.141713,4165,2026-09-04 16:56:48,f2f4 a7a5 c2c4 d7d6 c4c5 c7c6 h2h3 e7e6 e2e4 d6c5 e1e2 d8f6 a2a4 f6h4 a1a2 b8d7 g1f3 h4f4 d2d4 f4e4 c1e3 f8e7 d4c5 e4b1 d1b1 a8b8 h1g1 e8f8 a2a3 h7h6 a3d3 g8f6 h3h4 d7c5 f3e5 c5d3 e5d3 c8d7 d3e5 b7b6 e5d7 f6d7 b1d1 b8c8 g2g3 d7f6 f1h3 g7g6 d1d2 f6d5 g1d1 f7f5 e3b6 d5b6 d2a5 b6c4 a5a6 c4b2 a6c8 f8f7 c8h8 e7f8 g3g4 f5g4 h3g2 f8g7
834,B,material_adjudication,66,1.206597,4170,2026-09-04 16:57:54,g2g3 d7d6 f2f3 b7b6 e2e3 g7g6 b1a3 e7e5 b2b3 g6g5 a3b5 d6d5 d1e2 b8d7 c1b2 a8b8 a1c1 g8e7 g3g4 a7a6 b5c7 d8c7 c1d1 b8a8 h2h4 g5h4 g4g5 c7c4 c2c3 c4c7 f1g2 h8g8 d2d4 b6b5 b3b4 g8g5 f3f4 g5g2 e2g2 e5f4 e3f4 d7b6 g1f3 c7d6 e1f2 f8h6 d1b1 h4h3 g2g3 h6f4 g3h3 c8h3 h1h3 h7h6 f3e5 b6a4 a2a3 a8c8 b2c1 f4e5 d4e5 d6e5 c1f4 e5f4 f2e1 c8c7
835,W,material_adjudication,66,1.202097,4175,2026-09-04 16:58:36,g1f3 d7d6 c2c3 c7c6 e2e3 a7a5 f1b5 d6d5 b5c6 b7c6 e1e2 h7h5 a2a4 a8a6 d1b3 h5h4 b3b8 d5d4 h1g1 f7f5 b8a8 h8h5 g2g4 c8b7 a8b7 f5g4 b7a6 g4f3 e2f1 e7e5 a6c6 e8e7 b2b3 d4e3 c1b2 e3d2 b1d2 e5e4 c6e4 e7f7 g1h1 d8e8 e4d3 h5f5 d2c4 e8e7 b2a3 e7a3 a1a3 f8c5 d3d2 f7e8 d2d1 g8f6 d1e1 e8d7 c4e5 d7d6 e5c4 d6d5 c4e5 f6e4 e5f3 f5f6 e1e3 g7g5
836,B,material_adjudication,66,1.119758,4180,2026-09-04 16:59:17,h2h4 b7b5 a2a3 f7f6 b2b4 a7a5 h1h3 a5a4 c2c3 g8h6 f2f3 h6g8 d1c2 a8a6 e1d1 c7c5 e2e3 d7d5 h4h5 h7h6 b4c5 g7g5 c2e4 d5e4 d2d4 c8h3 g1h3 a6a5 h3f4 d8c8 f1e2 e8f7 g2g4 c8d7 d4d5 g5f4 f3e4 f8g7 c3c4 g7f8 g4g5 f7g7 c1b2 e7e5 c5c6 d7e7 b1d2 b5b4 a3b4 a5a8 b4b5 f4e3 b2a3 f6g5 a3e7 f8e7 e2d3 e7f8 c4c5 e3d2 d1d2 f8e7 c6c7 b8d7 a1b1 d7c5
837,W,value_resign,103,1.233671,4185,2026-09-04 17:02:26,e2e3 g7g6 a2a4 e7e6 g1h3 e6e5 b1c3 g6g5 c3d5 d8e7 g2g4 f7f6 h1g1 e8d8 b2b4 g8h6 d5c7 d8c7 b4b5 h6g4 c1b2 g4h2 b2c3 e7e8 g1h1 h2f1 h1f1 f8a3 a1a3 a7a5 b5a6 a8a6 a4a5 a6a8 a3a1 d7d5 d1c1 c8h3 f1h1 h3g2 h1g1 b8a6 g1g2 a6b4 c3b4 h8g8 b4c3 d5d4 e3d4 e5d4 e1d1 d4c3 d2c3 h7h6 f2f3 b7b6 a5b6 c7b6 a1a8 e8a8 c1d2 a8c8 c3c4 b6c5 d2d3 g8h8 d1d2 c5b6 d3e3 b6b7 c2c3 f6f5 g2g1 c8c7 g1a1 h8c8 a1h1 c7c4 h1a1 b7c7 f3f4 g5g4 a1a4 c4a4 e3d3 c8a8 c3c4 a8a6 d3c2 a4b4 c2c3 b4b8 c3e5 c7d7 e5b8 a6a2 d2e1 a2b2 b8b2 h6h5 b2h8 d7e7 e1d1
838,B,material_adjudication,66,1.236205,4190,2026-09-04 17:03:37,e2e3 g7g5 f1e2 c7c5 g2g3 h7h5 b2b3 a7a6 f2f4 f8g7 f4f5 d7d6 g1f3 c8d7 f5f6 g7f6 d2d3 e8f8 b1d2 g8h6 h1f1 f6a1 f3g5 b7b5 f1f4 f8e8 a2a4 d7c6 a4b5 a6b5 c1b2 a1b2 g5e4 b2g7 e2f3 d6d5 e4c5 d5d4 e3d4 a8a2 d4d5 c6d7 d1b1 a2a5 b1a1 a5a1 e1e2 e7e6 f4e4 h6f5 c2c3 f5d4 c3d4 h8g8 c5d7 b8d7 d5d6 b5b4 d4d5 g7d4 e4e5 g8g6 d2e4 d4e5 d5e6 d8a8
839,W,value_resign,59,1.176810,4195,2026-09-04 17:05:08,b1a3 a7a5 d2d3 f7f6 e1d2 e7e6 f2f3 a8a6 a3b1 g8e7 c2c4 c7c5 d3d4 g7g5 h2h3 b8c6 d2e1 b7b5 h3h4 f6f5 a2a4 b5c4 e1f2 e6e5 d4c5 c6d4 d1e1 g5h4 b1c3 d8b6 c5b6 c8b7 c1e3 e7c6 g2g3 e5e4 g3h4 f8b4 f3e4 b4c3 b2c3 h8f8 e4e5 c6b4 e3d4 b7h1 f1h3 b4d5 h4h5 a6b6 d4b6 d5c3 e1f1 h1e4 b6c7 e8f7 a1a3 d7d5 e2e3
840,B,checkmate,20,1.145922,4200,2026-09-04 17:06:00,h2h4 h7h6 f2f4 h6h5 b1c3 e7e5 g2g4 d8g5 f1g2 g5f4 g1h3 e8e7 c3b5 f4g3 h3f2 e5e4 c2c4 g3g2 h1g1 g2g1
841,B,material_adjudication,66,1.185959,4205,2026-09-04 17:08:32,d2d3 a7a6 e2e4 b7b6 a2a3 d7d6 b2b3 e7e5 f2f3 d8f6 c1b2 a8a7 h2h3 a7b7 a1a2 f6f4 c2c4 f4f6 b2c1 g7g5 c4c5 g8e7 a3a4 d6c5 d3d4 c5d4 c1g5 f6g5 b1d2 h8g8 h3h4 g5f6 a2c2 e8d7 d1e2 d4d3 e2d3 f6d6 f3f4 d6d3 f1d3 h7h6 g1f3 e5f4 e1e2 d7e6 c2c7 b7c7 g2g4 b8d7 h1c1 c7c5 c1c5 b6c5 a4a5 c8b7 d3c4 e6d6 g4g5 b7c6 e4e5 d6c7 e5e6 c6f3 d2f3 f7e6
842,W,material_adjudication,66,1.154455,4210,2026-09-04 17:12:21,d2d3 h7h5 b2b3 b7b6 b1d2 e7e5 c1b2 a7a6 a1c1 d7d6 a2a4 f8e7 f2f3 g7g5 g2g4 h5g4 e2e4 c8e6 d3d4 e5d4 g1e2 c7c6 b2d4 e8f8 d4h8 d6d5 f1g2 a6a5 h8d4 g4f3 g2f3 b8a6 e4e5 a6b4 h1f1 f8g7 d4c3 f7f6 e2d4 f6e5 d4e6 g7h7 e6d4 e5d4 c3b2 d8f8 f3e2 a8d8 f1f8 b4c2 d1c2 h7h8 f8f2 d8b8 c2d1 e7b4 h2h4 b8a8 e1f1 g5h4 b2d4 h8h7 d2b1 h4h3 e2c4 d5c4
843,B,material_adjudication,66,1.115991,4215,2026-09-04 17:16:59,f2f4 a7a5 c2c4 g8h6 h2h4 b7b5 f4f5 h6f5 a2a4 b5a4 g1h3 d7d6 h1g1 f5d4 c4c5 e7e6 a1a2 e6e5 h4h5 d8e7 b1c3 d6c5 h3f2 c8d7 f2e4 e8d8 g2g3 d7e6 c3a4 e6a2 e2e3 f7f5 f1e2 f5e4 g1f1 b8d7 f1f7 h7h6 e2b5 e7f6 f7f6 g7f6 b5c6 d4c6 d2d3 f8d6 d1d2 a8a6 d3e4 h8f8 d2c2 f6f5 c1d2 c6b4 c2c3 f5e4 c3c2 b4c2 e1e2 f8f7 d2c3 c2b4 e2d2 d7f8 d2e1 c5c4
844,W,value_resign,63,1.197030,4220,2026-09-04 17:18:14,h2h4 h7h5 b1c3 f7f5 c3b5 b8a6 a2a4 d7d5 b5d6 d8d6 b2b4 d5d4 e2e3 a8b8 f2f3 d6g3 e1e2 e8d8 e3d4 a6b4 h1h3 g3g4 f3g4 b7b6 g4f5 c8b7 h3e3 d8d7 g1f3 b7d5 c2c3 a7a5 a1b1 c7c5 b1b3 c5c4 b3b4 b8c8 b4b5 e7e6 c1b2 g8e7 f5e6 d7c6 d1a1 e7g8 b2c1 g7g5 h4g5 f8a3 c1b2 a3b2 a1b1 b2a3 d2d3 g8e7 b1d1 a3b2 b5d5 e7d5 f3e5 c6c7 e5c4
845,B,material_adjudication,66,1.299204,4225,2026-09-04 17:21:55,h2h4 h7h5 a2a3 b7b6 e2e3 c7c5 b1c3 a7a5 b2b3 e7e5 f1a6 a8a6 e1e2 c8b7 c3b5 e5e4 c1b2 d7d6 d2d4 e4d3 e2d3 d8d7 a3a4 d7e6 g2g3 e6e7 g1h3 b8c6 f2f4 g8f6 h1g1 h8g8 b5c7 e7c7 d1b1 c6e7 g1c1 b7d5 e3e4 f6e4 f4f5 c7b7 h3f4 b7b8 f4d5 b8b7 d5f4 d6d5 b2d4 e8d7 f4d5 b7d5 f5f6 g7f6 g3g4 h5g4 b1b2 c5d4 b2d4 d5d4 d3e2 e7f5 c2c3 d4e5 e2d1 f5d6
846,W,material_adjudication_moderate,103,1.182102,4230,2026-09-04 17:24:03,f2f4 a7a5 c2c4 g8h6 h2h4 b7b5 g2g4 d7d6 c4c5 a8a6 g4g5 f7f6 e2e3 a6b6 d2d4 c8d7 g1h3 f6g5 f1e2 d7g4 h3g1 d6d5 e2f3 g5f4 e1f1 g4f3 d1f3 b6b7 c1d2 c7c6 a2a4 g7g6 f3f4 f8g7 f4g5 e8g8 g1f3 b5a4 f1e2 b7b5 f3e5 h6f7 e5f7 f8f7 g5g3 f7f8 a1a4 g7f6 d2a5 d8e8 e2d2 b8d7 h4h5 f8f7 b1a3 b5b3 h5g6 f7f8 g3g4 h7g6 h1d1 b3b8 d1h1 g8f7 g4g3 f7g8 a3c2 g6g5 c2a1 g8g7 a5c3 b8a8 a4a8 e8a8 g3h3 f8c8 h3d7 c8d8 d7c7 d8b8 h1c1 b8c8 c7g3 a8b8 c1g1 c8d8 g3b8 d8b8 g1g2 g5g4 g2g3 f6h4 g3g4 g7f7 g4h4 b8a8 h4h2 a8h8 h2e2 h8a8 d2e1 f7g7 c3d2
847,W,value_resign,55,1.131802,4235,2026-09-04 17:24:04,b1c3 c7c6 g1h3 h7h5 b2b3 e7e6 c3d5 g8f6 f2f3 f8d6 d5e3 e6e5 a2a4 b8a6 d2d3 h5h4 a1b1 e5e4 g2g3 d8c7 e3g2 b7b6 c1a3 d6e7 a3e7 h8g8 e7f6 c7g3 e1d2 g3g6 f6d4 e4f3 e2f3 f7f6 h3f4 c6c5 f4g6 c5d4 g2f4 c8b7 b3b4 a6b4 b1a1 b4c2 d1c2 d7d6 c2d1 h4h3 f4e6 f6f5 f3f4 e8f7 a1a3 f7g6 a4a5
848,W,material_adjudication_moderate,89,1.193230,4240,2026-09-04 17:25:45,h2h4 h7h5 d2d3 b7b6 c1h6 d7d6 b2b3 c8g4 h6g5 a7a6 f2f3 g8f6 f3g4 f6g4 a2a4 f7f6 b1c3 g4e3 g5e3 h8h7 d3d4 b8d7 a1c1 f6f5 e3d2 a6a5 e2e3 c7c5 c3e4 d8c8 c2c4 f5f4 e1e2 f4e3 d2e3 c5d4 e3d4 a8a6 e4g5 h7h8 d4c3 c8b7 b3b4 a5b4 c3b4 d6d5 g2g4 h5g4 f1g2 d5c4 g2b7 a6a7 c1a1 a7b7 d1c1 d7e5 g1f3 g4f3 e2e1 f3f2 e1f1 e5d3 c1d1 b7b8 g5e6 b8c8 h1h3 d3b4 a4a5 h8h4 h3h4 g7g5 h4c4 c8c4 e6f8 b6b5 d1d2 g5g4 a5a6 e8f8 d2f2 f8g7 f2g1 e7e6 g1g2 g7f6 f1f2 b4c2 a1c1
849,B,checkmate,50,1.221680,4245,2026-09-04 17:25:46,g1f3 h7h5 f3e5 h5h4 f2f4 b7b5 a2a3 a7a5 e5g4 b8a6 e2e3 a6b8 b2b3 a8a6 f1b5 h8h7 c1b2 b8c6 h1g1 a5a4 b2c3 c6b8 d1f3 c7c5 b5a6 c8a6 g2g3 f7f6 e1f2 h7h5 b3a4 d7d5 g1h1 e8f7 f3g2 h4h3 g2g1 d8d7 e3e4 d5d4 g4e3 d4c3 b1c3 d7d2 f2f3 d2c3 a1d1 b8d7 f3g4 a6e2
850,W,value_resign,32,1.224617,4250,2026-09-04 17:25:47,h2h4 h7h5 a2a4 b7b6 f2f4 a7a5 c2c4 d7d6 d1c2 c8g4 f4f5 e7e6 f5f6 e6e5 g2g3 g7g6 c2d3 d8d7 b1c3 f8g7 f6g7 e5e4 d3c2 d6d5 c4d5 d7c6 d5c6 e8d8 e1f2 b8c6 b2b3 c6d4
851,W,material_adjudication,76,1.221369,4255,2026-09-04 17:28:29,e2e3 c7c5 b2b3 a7a5 g2g4 g8h6 d1e2 h8g8 b1a3 f7f5 g4f5 a5a4 f5f6 e7f6 g1f3 f8d6 b3a4 h6f5 e2c4 a8a4 f1e2 b7b5 c4b5 a4a3 c1a3 c8a6 b5b3 c5c4 b3a4 c4c3 a3d6 f5d6 d2c3 e8e7 e1d2 a6e2 d2e2 d8e8 h1g1 h7h5 g1g3 h5h4 f3h4 e8h5 h4f3 g8h8 a1g1 b8a6 g1a1 a6c5 g3g7 e7f8 a4d7 c5d7 g7d7 d6e8 d7d4 f6f5 d4f4 f8f7 a2a4 h5g6 a4a5 e8f6 a5a6 h8h5 c3c4 f7e7 a6a7 e7f7 a7a8q f6h7 f3d4 f7e7 e2f3 g6b6
852,B,value_resign,60,1.273716,4260,2026-09-04 17:28:30,b1a3 a7a5 b2b3 a5a4 f2f3 c7c6 e2e4 d7d6 d2d3 a4b3 a2b3 e8d7 h2h3 f7f6 g1e2 a8a3 a1a3 d7e6 e1d2 h7h5 h1g1 b8d7 f3f4 g7g5 b3b4 g5f4 e4e5 c6c5 a3a4 c5b4 e5f6 g8f6 e2f4 e6f7 g2g4 e7e5 g4h5 e5f4 f1g2 f6h5 a4b4 d7c5 b4d4 f8h6 d1h5 f7e6 g2f3 d8f6 f3d5 e6d7 h5e2 f6d4 c1b2 d4b2 d5a2 b2a2 d3d4 b7b6 d4c5 b6c5
853,W,material_adjudication,76,1.262424,4265,2026-09-04 17:30:01,e2e3 a7a5 e1e2 g8h6 f2f3 b7b5 h2h4 d7d5 a2a4 b5b4 c2c3 h6g8 e3e4 h7h5 e4e5 c8g4 f3g4 a8a6 g4h5 e7e6 g1h3 f7f6 e5f6 g7f6 g2g3 h8h5 a1a2 e8d7 c3c4 a6d6 f1g2 h5h8 h4h5 d5c4 h3g1 e6e5 d2d4 c4d3 e2e1 b8a6 d1b3 e5e4 g2e4 f6f5 e4f5 d7e8 f5e6 d6e6 b3e6 d8e7 e6e7 f8e7 g1f3 g8f6 c1f4 f6h5 f4d2 h8f8 f3e5 e7g5 e5f3 f8f3 h1h5 f3f2 d2g5 a6b8 g5d2 b4b3 a2a1 c7c6 e1f2 b8d7 b1c3 e8d8 d2e3 d8e8
854,B,material_adjudication,105,1.227178,4270,2026-09-04 17:36:19,d2d3 b7b5 e2e4 h7h6 e1e2 d7d5 g1f3 b5b4 g2g3 d5e4 f1h3 e7e6 f3d4 g8f6 f2f4 e8e7 c1d2 f6e8 d4b5 a7a6 b5d4 c7c5 f4f5 c5d4 d1f1 d8c7 c2c3 b4c3 d2f4 e6f5 f4c7 e8c7 b2c3 d4c3 f1g2 c8e6 b1c3 e4d3 e2d3 e7d7 g2b7 f8b4 b7b4 f7f6 d3e2 a6a5 b4f4 g7g5 f4d2 d7e8 c3b5 g5g4 b5c7 e8f7 h3g2 b8d7 a1f1 a8c8 f1g1 c8c7 e2f1 h8g8 h2h3 g8a8 h3g4 f5g4 f1e2 a8c8 g2f1 c7c2 a2a4 c2d2 e2d2 c8d8 f1d3 h6h5 g1g2 f6f5 h1h5 d7e5 h5h7 f7g6 h7c7 e5d3 c7c2 d8d5 c2b2 g6g7 g2h2 g7g6 b2b7 d3e5 d2e1 d5d4 b7f7 e6f7 h2g2 f7e6 e1e2 d4a4 e2f1 g6h5 f1e1 e5c6 e1d1
855,B,material_adjudication_moderate,81,1.300931,4275,2026-09-04 17:38:55,e2e3 g7g5 f1e2 e7e5 g2g4 g8f6 b2b4 f8b4 a2a3 b4f8 g1h3 d7d5 h3g5 d8d6 d2d3 d5d4 e3d4 f8h6 e1g1 f6d5 a3a4 e5d4 c1d2 f7f5 e2f3 h6g5 f3d5 d6d5 b1c3 h8f8 c3d5 g5d2 d1d2 f5g4 d5c7 e8f7 c7a6 b8a6 a1b1 b7b6 b1b3 f8h8 d2e2 c8e6 f2f4 e6b3 c2b3 a8d8 b3b4 a6b4 a4a5 b6a5 e2g4 h8e8 f4f5 e8g8 g4g2 g8g2 g1g2 b4d3 f1f3 d8d6 f3d3 h7h6 d3d4 d6d4 h2h3 d4c4 h3h4 c4c5 h4h5 f7f8 g2h1 c5d5 h1g2 f8e8 g2f1 e8d8 f1e1 a5a4 e1f1
856,D,cap_draw,150,1.128958,4280,2026-09-04 17:40:33,f2f4 h7h5 a2a4 b8c6 f4f5 c6b4 g1f3 a7a5 b1a3 b4c2 d1c2 h5h4 c2c5 h4h3 d2d3 d7d5 c1d2 a8b8 c5c3 c8d7 a1c1 h3g2 f1g2 g7g5 c3a5 d5d4 f3g5 c7c5 h1g1 h8h6 g5e6 d7e6 c1c5 d8a5 d2a5 e6f5 a5c7 b7b6 c7b6 b8b6 c5f5 b6b2 a4a5 e7e6 f5f1 f8a3 g2f3 b2b1 e1d2 b1f1 g1f1 a3b4 d2d1 f7f5 a5a6 e8f8 a6a7 b4e7 a7a8q f8f7 d1e1 g8f6 a8a4 f6h7 a4d4 h7f6 d4g1 e7b4 e1d1 b4d6 d1e1 d6b8 g1h1 h6h2 h1h2 b8h2 e2e4 f5e4 f3e4 f7e8 e4h1 f6d5 d3d4 d5e3 f1f2 h2f4 f2d2 e8e7 d2b2 e3c4 b2c2 e7e8 e1d1 c4e3 d1c1 e3c2 c1c2 e6e5 d4e5 f4e5 h1c6 e8d8 c2b3 e5d6 b3a2 d8c8 c6f3 d6h2 a2b3 c8d8 b3c4 d8e8 c4c5 e8d8 c5d4 d8e8 d4c3 e8d8 c3d2 d8e8 d2e1 e8d7 e1f1 d7d6 f3d1 d6c5 d1e2 c5d6 e2d3 d6c5 f1e2 c5d6 e2f1 d6c5 d3e2 c5d6 e2d3 d6c5 d3e2 c5b4 e2c4 b4c3 f1e2 c3b2 c4b5 b2c1 e2e1 c1b1 b5e2 b1a1
857,W,checkmate,47,1.248360,4285,2026-09-04 17:42:47,e2e4 b8c6 g2g4 g8h6 h2h4 c6b4 c2c4 a8b8 f2f3 g7g6 d1b3 h8g8 f1g2 f7f5 e4f5 h6f5 d2d3 f5e3 b3b4 e3g2 e1f1 a7a5 b4a5 g6g5 f1g2 g5h4 g4g5 g8g5 c1g5 h4h3 g1h3 b7b6 a5d5 d7d6 b2b4 f8g7 b1d2 c8d7 g2g3 c7c6 d5e4 g7a1 h1a1 d8c7 h3f2 c6c5 e4e7
858,W,value_resign,39,1.187249,4290,2026-09-04 17:43:19,b1a3 a7a5 b2b3 f7f6 a3b1 g8h6 e2e3 c7c5 f2f3 e8f7 e1e2 a5a4 g2g3 b7b5 f1h3 c5c4 b1c3 f6f5 h3g2 c8b7 b3c4 f5f4 c4b5 a4a3 c3e4 d7d5 e4d6 f7e6 d6b7 e6f7 c2c3 e7e5 e3e4 f4g3 b7d8 f7g8 g2h3 f8c5 d2d3
859,W,value_resign,45,1.204691,4295,2026-09-04 17:48:25,h2h4 h7h5 b1c3 f7f5 c3b1 a7a5 g1f3 f5f4 b1a3 c7c6 f3e5 d7d6 d2d4 d6e5 c1d2 d8d4 c2c3 d4d7 b2b4 g7g6 d1c2 d7e6 a3b1 e6d6 b4a5 e7e6 b1a3 c6c5 g2g4 h5g4 h1g1 f8e7 g1g4 b8c6 g4g6 c8d7 a1d1 d6c7 a3b5 e8d8 b5c7 d8c7 a2a4 e5e4 f1g2
860,B,material_adjudication,129,1.192046,4300,2026-09-04 17:50:46,h2h4 h7h5 e2e3 a7a6 b2b3 d7d6 f2f3 d6d5 d2d4 c8d7 g2g3 g7g6 e3e4 d5e4 f3e4 f8g7 d1d2 f7f5 f1e2 e8f8 d2d3 f5e4 c1b2 g8f6 d3d2 g7h6 g1f3 h6d2 b1d2 f6d5 d2e4 d7e6 e2b5 a6b5 e4g5 d8e8 a2a4 b8d7 h1h3 d5e3 g5e6 f8f7 e6c7 a8d8 c7e8 g6g5 a1c1 g5g4 e8c7 g4h3 f3h2 d7b6 a4b5 b6c4 b2c3 c4d6 c3d2 e3c4 h2f3 c4d2 f3d2 d8b8 g3g4 h5g4 b5b6 h8c8 d4d5 d6e4 c1a1 e4d2 e1d2 c8d8 a1a4 e7e6 d5d6 e6e5 h4h5 d8d6 d2e2 d6f6 c2c4 f7g7 c4c5 e5e4 c7d5 f6f7 h5h6 g7h7 d5c3 g4g3 a4c4 b8d8 c3b5 f7e7 b5d6 h7h8 d6b7 e7b7 c5c6 b7b6 c6c7 d8c8 c4c5 h8h7 e2f1 c8c7 c5c7 h7h8 c7c5 b6e6 f1g1 g3g2 g1h2 h8h7 b3b4 h7h6 b4b5 e6b6 h2g3 h6g6 c5d5 e4e3 g3h3 g2g1q d5h5 g1e1 h3g2 g6h5 g2h3
861,B,material_adjudication_moderate,104,1.157788,4305,2026-09-04 17:53:40,e2e3 g7g6 h2h3 g8h6 a2a4 h6f5 f2f3 c7c6 e3e4 f5g3 d2d4 e7e6 b1a3 h7h6 a1a2 f8e7 a3b1 d8b6 c1h6 c6c5 d4c5 e7c5 c2c4 c5f2 e1d2 g3h1 h6g7 h8f8 g7c3 f2g1 b2b3 g1c5 d1e2 a7a5 c3e5 c5b4 d2d1 f7f6 e5d4 b6d4 d1c2 a8a7 e2d1 d4e5 f3f4 e5d6 d1d6 b4d6 e4e5 d6e5 f4e5 b8c6 e5f6 e6e5 c4c5 e8f7 b1c3 d7d5 c3d5 a7a6 f1a6 b7a6 a2a1 c8e6 d5c7 h1g3 c7e6 f7e6 c2c3 g3h5 g2g4 f8b8 g4h5 g6h5 h3h4 e6f6 b3b4 a5b4 c3c4 f6g6 a1b1 b8f8 b1b2 f8f6 c4d5 g6f7 b2b4 c6b4 d5e5 b4d3 e5d4 f7g6 d4d3 f6f7 d3c4 f7f6 c4b4 f6f5 b4c4 f5f4 c4d3 f4f3 d3e2 f3f4
862,W,material_adjudication,82,1.181798,4310,2026-09-04 17:54:16,h2h4 h7h5 e2e4 b7b6 b2b3 d7d6 f1c4 c8g4 e4e5 a7a5 c2c3 g4d1 e5d6 e7d6 g1h3 g7g5 h3g5 d1b3 a2b3 b8a6 c4a6 f7f6 g5e6 d8b8 e6f8 a8a6 c1b2 c7c5 a1a2 e8f8 f2f3 b8d8 c3c4 d6d5 c4d5 a6a8 b1a3 a5a4 a2a1 b6b5 a3b5 c5c4 b5d4 c4c3 b2c3 a4b3 d4e6 f8f7 e6d8 a8d8 c3b2 d8d5 d2d4 g8e7 e1e2 h8c8 g2g4 h5g4 f3g4 f7e8 h1d1 c8c2 d1d2 e8f8 b2c1 b3b2 c1b2 c2b2 d2b2 d5d4 g4g5 f6g5 h4g5 f8e8 e2f2 d4d2 b2d2 e7g6 f2g3 e8f8 a1b1 f8e7
863,W,material_adjudication,86,1.153810,4315,2026-09-04 17:54:34,a2a3 c7c6 h2h4 g8h6 d2d3 d8c7 h4h5 a7a5 d3d4 a5a4 c2c4 a8a6 e2e3 d7d5 e1e2 h6f5 c4d5 c6d5 e3e4 e7e5 d4e5 g7g5 h5g6 a6a8 c1e3 f5g7 d1d4 g7f5 d4d1 c8d7 b2b4 d5d4 g6f7 e8e7 e3d2 c7e5 d1c1 e7d8 e2d1 f5d6 g1f3 e5e4 b4b5 b7b6 f1e2 f8g7 g2g3 d6c8 d1e1 a8a7 g3g4 d7g4 f7f8q g7f8 f3d4 h7h5 f2f3 e4d4 f3g4 a7f7 h1h5 h8h5 g4h5 d4a1 e2c4 a1f6 h5h6 c8d6 h6h7 f6e7 e1d1 d6c4 h7h8q c4e5 h8h5 f7f5 h5f5 d8e8 d2a5 e5d3 f5d3 f8h6 c1h6 b6a5 d3c2 b8d7
864,B,material_adjudication,66,1.109126,4320,2026-09-04 17:54:52,a2a3 g8f6 a3a4 e7e6 h2h4 f6e4 h4h5 h7h6 b2b4 a7a6 h1h2 f8b4 a1a2 g7g6 c2c4 d7d6 a4a5 d6d5 g1h3 e8g8 f2f4 e4f6 h3f2 a8a7 c4d5 c7c5 g2g3 f6d5 d1c2 b4a3 b1a3 e6e5 c1b2 e5f4 g3f4 d5f4 h5g6 f7g6 h2h1 c8e6 a2a1 g6g5 d2d4 h6h5 h1h5 f4h5 d4d5 f8f2 e1f2 e6d5 f2e1 d5e6 f1h3 e6h3 a1d1 b8d7 d1d7 d8d7 a3b5 d7b5 c2c5 b5c5 b2f6 c5a5 e1f2 g8h7
865,W,material_adjudication,66,1.220477,4325,2026-09-04 17:54:53,g1f3 e7e6 f3h4 b7b5 a2a4 b5a4 e2e4 h7h6 b2b3 a7a5 g2g4 h6h5 e4e5 g7g5 h4g6 f8g7 g6h8 g7f8 f1d3 f8e7 d3f1 f7f5 f2f3 f5g4 a1a4 g4f3 h8g6 c7c5 b1c3 g8h6 c1b2 d7d5 h1g1 b8a6 c3b5 a8b8 g6e7 a6b4 b2c3 e8e7 g1g3 d5d4 d1b1 d4c3 b5c3 h6g8 a4a3 a5a4 g3g5 a4b3 c2b3 c5c4 b3c4 g8f6 e5f6 e7f6 h2h4 b4d3 b1d3 d8d3 f1d3 f6e7 g5g6 f3f2 e1f1 c8d7
866,B,material_adjudication,73,1.215238,4330,2026-09-04 17:55:42,a2a3 c7c6 d2d3 c6c5 d3d4 c5d4 c2c4 d7d5 h2h4 e8d7 g2g4 f7f6 g1f3 a7a5 c4d5 h7h5 e2e4 b7b6 f3g1 g7g5 c1e3 f8g7 g4h5 g5g4 f1a6 g8h6 d1d4 a8a6 d4d2 a5a4 d2d1 c8b7 d1c1 h8f8 e1e2 f8g8 f2f3 g4g3 b1c3 g3g2 h1h3 f6f5 e2e1 f5f4 e1f2 g7c3 g1e2 c3a5 c1c2 b6b5 a1b1 a6d6 e3f4 b7c6 f4d6 c6d5 d6b8 d8b8 e4d5 b8a7 e2d4 a7d4 f2e2 g2g1q b1g1 d4g1 c2c1 g1c1 b2b4 c1c2 e2e3 g8h8 b4a5
867,B,value_resign,31,1.313060,4335,2026-09-04 17:55:58,d2d3 h7h5 g1h3 c7c5 d3d4 g7g5 f2f3 f7f5 d1d2 g5g4 e1d1 a7a5 h3g5 d7d5 d4c5 a5a4 b2b3 f8g7 c2c4 a4b3 f3g4 e7e6 a2a3 g7a1 e2e3 f5g4 d2d4 c8d7 c1d2 d5c4 d4c3
868,W,material_adjudication,82,1.269650,4340,2026-09-04 17:58:24,e2e3 a7a5 e1e2 g8h6 a2a3 b7b5 f2f3 g7g6 h2h4 d7d5 d2d4 c7c6 e3e4 c8d7 c1e3 d5e4 f3e4 f8g7 d4d5 c6d5 c2c3 e8g8 e4e5 d5d4 d1d4 d8c8 e2f3 g8h8 a3a4 h8g8 f1b5 h6f5 d4c5 f5e3 c5c8 f8c8 b5d7 b8d7 f3e3 f7f6 b2b4 d7e5 b1d2 a5b4 d2b3 b4c3 h4h5 f6f5 h5h6 e5c4 e3d3 g7h6 h1h6 e7e6 d3c3 g8g7 h6h4 a8b8 h4c4 c8c6 c4c6 b8b6 c3c4 b6c6 c4d3 h7h6 a4a5 g7f7 g1f3 c6d6 b3d4 e6e5 a5a6 e5d4 a6a7 d6d5 a7a8q d5d6 f3h4 d6e6 a1b1 f7e7
869,B,material_adjudication,71,1.190895,4345,2026-09-04 17:58:45,b2b3 b7b6 g2g4 h7h5 a2a4 d7d5 g4h5 g7g6 a4a5 c7c6 a1a3 g8h6 h2h4 d5d4 f2f3 c8d7 f1g2 d4d3 c2c4 d3e2 g1e2 h8g8 g2h3 b6b5 c4b5 d8c7 e2c3 g6h5 e1f2 c6b5 h3d7 b8d7 a5a6 a8d8 c3d5 c7d6 b1c3 b5b4 d5b4 d6b4 c3d5 b4c5 d2d4 c5d5 f2e2 d5d6 c1b2 f8g7 d1c1 e7e5 d4e5 d6e7 h1d1 d7e5 a3a1 e5d3 e2d2 d3c1 d2c1 g7e5 b2e5 g8g6 d1d5 e7f8 d5d8 e8d8 e5d6 f8g8 c1b2 g6f6 d6c7
870,B,value_resign,80,1.231801,4350,2026-09-04 18:00:30,b1a3 a7a5 a1b1 c7c6 f2f3 a5a4 e2e4 f7f6 b2b3 d8b6 a3c4 b6b5 g1e2 e8f7 b3b4 b5c4 b4b5 e7e6 g2g4 f8b4 b1b4 c4b4 b5c6 b8a6 c2c3 d7c6 d1c2 b4e7 c1b2 a6c7 b2a3 e7a3 c2c1 a3e7 d2d4 g7g5 c1b2 e6e5 f1g2 a8a5 e2c1 f7g7 h2h4 e5d4 b2c2 d4c3 h1h3 h7h6 c2c3 a5d5 c3c4 c6c5 c4d5 a4a3 f3f4 b7b6 h4g5 h6g5 d5d3 g7f7 h3h8 f7f8 f4f5 c8d7 d3c3 e7g7 h8h1 g8h6 h1g1 h6g4 c1d3 g4e5 c3c1 e5d3 e1f1 d3c1 g2f3 c7a8 g1h1 d7c8
871,B,value_resign,64,1.285977,4355,2026-09-04 18:01:34,e2e3 a7a5 e1e2 g8h6 f2f3 b7b5 h2h4 c8b7 c2c3 g7g6 f3f4 f8g7 a2a4 e8g8 a4b5 h6f5 a1a3 d7d5 g2g4 f5g3 e2e1 g3h1 a3b3 a5a4 d2d3 h1f2 e1f2 a4b3 b1a3 b7a6 b5a6 d5d4 f2e2 a8a6 a3b5 d8d7 e3d4 c7c5 d4c5 d7b5 c3c4 b5b7 c5c6 b8c6 f1g2 f7f6 d3d4 f6f5 d4d5 c6b4 d5d6 b4c6 d6e7 f8a8 g1h3 a6a4 h3g5 a4c4 d1d7 b7d7 g5e6 d7c8 h4h5 c6b4
872,B,material_adjudication,77,1.207366,4360,2026-09-04 18:07:43,h2h4 h7h5 a2a4 f7f6 a4a5 b7b6 b2b3 c8b7 d2d4 b7g2 f2f4 d7d5 e1d2 e8d7 f1g2 b6a5 g2d5 a5a4 d5g8 a7a5 g8e6 d7e6 c1b2 e6f7 b3a4 d8d5 g1h3 c7c5 h1h2 g7g5 f4g5 a8a7 g5f6 e7f6 b2c3 c5d4 c3b2 f8h6 d2e1 b8c6 c2c4 d4c3 b2c3 d5d7 e1f2 d7d1 b1d2 d1a1 c3a1 a7c7 d2f3 c6b4 a1d4 c7d7 d4b6 f7g6 h2g2 g6f7 g2g1 d7d5 b6a5 d5a5 g1a1 b4d5 f3d4 d5b4 d4f3 f7g6 a1c1 a5a4 c1a1 a4a1 h3f4 g6f7 f4e6 f7e7 e6d8
873,B,checkmate,46,1.215495,4365,2026-09-04 18:09:32,a2a4 e7e6 a4a5 d7d6 e2e4 e8e7 f2f3 h7h6 b2b3 g7g6 e1e2 c7c6 b1a3 g8f6 g2g3 d8d7 f1h3 d6d5 d2d3 e7d8 e4e5 f8a3 a1a3 c6c5 e5f6 d5d4 f3f4 h8h7 c1d2 d7d5 c2c3 d5h1 c3d4 h1h2 e2e3 b8c6 d4c5 h2g3 e3e2 a7a6 h3g4 g3g4 e2e1 g4g1 e1e2 c6d4
874,W,value_resign,43,1.227959,4370,2026-09-04 18:10:17,f2f3 b8a6 a2a4 b7b5 a4b5 a6b4 a1a4 f7f5 c2c4 e8f7 g2g4 g8f6 a4b4 g7g6 d2d3 a7a5 b1a3 g6g5 f1h3 d7d5 c1e3 a5b4 e3d4 f8g7 e1f2 c8b7 a3c2 h7h6 c2b4 d8d6 c4c5 d6d7 b4c6 a8a5 c6a5 d7c8 d1b1 c7c6 b5c6 b7c6 g4f5 c6b5 f2g2
875,W,value_resign,51,1.121120,4375,2026-09-04 18:10:55,d2d3 b7b6 g2g4 d7d6 b1d2 h7h5 g4h5 c8d7 c2c4 a7a5 f2f3 g8h6 b2b4 b6b5 b4a5 h6g4 c4b5 e7e6 h2h4 c7c5 e2e4 a8a5 f1e2 g4h2 e1f2 d7c8 a2a3 e8d7 h1h2 a5b5 f3f4 f7f6 a1b1 b5b1 d2b1 h8g8 f2g2 c8b7 b1c3 c5c4 d3c4 b7e4 c3e4 d8e8 a3a4 g7g5 e4f6 d7e7 f4g5 b8c6 c1d2
876,W,material_adjudication,72,1.085231,4380,2026-09-04 18:15:00,e2e3 d7d6 g2g4 e7e5 b1c3 b7b6 g1e2 g7g5 e2d4 e5d4 b2b3 c8g4 f2f3 g4f3 c3e2 f3g2 f1g2 a7a5 h1g1 d4e3 e2d4 g8e7 g2a8 h7h6 d1e2 d6d5 d2d3 b8a6 g1h1 h6h5 h1f1 a6b4 c1e3 d8a8 d4f5 e7f5 e3d4 f5e7 f1f7 e8f7 d4h8 a8d8 h8b2 c7c5 a2a4 f8h6 a1c1 d8c8 c2c3 b4a2 c1a1 c5c4 a1a2 c4b3 a2a1 g5g4 e2g2 c8b7 c3c4 g4g3 c4c5 d5d4 g2b7 g3h2 b7g2 h2h1q g2h1 h6g7 c5b6 g7f6 h1g1 e7f5
877,B,checkmate,66,1.164694,4385,2026-09-04 18:15:38,a2a3 g8f6 a3a4 e7e6 h2h4 f6g8 g2g4 f7f6 f2f4 e8e7 a4a5 g8h6 c2c3 c7c6 g4g5 e6e5 d2d3 b7b6 g5f6 g7f6 a5b6 h6f5 c3c4 c8b7 a1a2 e5f4 f1h3 f5e3 c1d2 d8e8 d2e3 f4e3 g1f3 a7a5 h4h5 e8h5 b1c3 f8g7 f3d4 c6c5 c3a4 h7h6 d4b3 b7a6 b3a5 a6c8 d3d4 a8a5 a2a3 c5d4 h1g1 c8b7 d1d4 h5h3 d4d5 a5d5 c4d5 h8d8 a4c5 b7d5 g1g7 e7e8 g7g6 h3h1 g6g1 h1g1
878,B,material_adjudication_moderate,109,1.267911,4390,2026-09-04 18:21:13,e2e3 e7e5 f1e2 a7a6 g2g3 g7g5 b2b3 d7d6 e1f1 e5e4 b1a3 h7h5 c1b2 f7f6 f1e1 h5h4 e1f1 c7c5 c2c4 d8e7 f2f3 b8d7 d1c2 e8d8 a1e1 e7e6 g3h4 e6f7 c2e4 f6f5 e4d5 f7e7 h4g5 b7b5 d5f5 g8h6 g5h6 h8g8 a3b5 a6b5 f5h7 e7h7 h2h4 h7e7 c4b5 f8h6 a2a4 c8b7 e3e4 e7e8 h1h3 d7b6 a4a5 b6d7 a5a6 d8c8 a6b7 c8b7 e2c4 g8g1 f1g1 e8e7 c4d5 b7a7 d5a8 a7a8 g1f2 h6d2 e1e2 d2f4 f2g1 a8b7 g1g2 f4e5 b2e5 d7e5 h3h1 e5d3 h1d1 d3b4 g2f2 e7h4 f2g2 h4f6 b5b6 f6e7 d1c1 b7b6 f3f4 b4d3 c1d1 d3f4 g2g3 f4e2 g3g4 b6c7 g4f5 e7d8 d1d2 c7b8 d2e2 d8a5 e2a2 a5b6 e4e5 b6c7 e5d6 c7b7 f5e6
879,B,value_resign,68,1.217200,4395,2026-09-04 18:23:20,e2e3 a7a5 b2b3 h7h5 d2d3 g7g5 e3e4 b8c6 h2h4 g8h6 b1c3 g5h4 c3d5 c6d4 c1h6 f8h6 d1h5 h6g7 h5d1 a8a6 h1h3 d7d6 a2a4 c7c5 e1d2 c8h3 g1h3 c5c4 f1e2 d4e2 d1e2 g7a1 h3f4 f7f5 e4f5 a1g7 f5f6 g7f6 d3c4 e7e5 b3b4 e8d7 f4e6 d7e6 b4a5 a6a8 d5e3 d6d5 c4d5 e6d7 d5d6 d7d6 e2f3 f6e7 c2c3 b7b6 a5b6 e5e4 f3e2 e7g5 b6b7 a8b8 e2d3 e4d3 a4a5 d8e7 g2g4 g5h6
880,B,checkmate,82,1.257046,4400,2026-09-04 18:23:45,e2e3 g7g6 f2f4 b8a6 f1a6 g8f6 b2b3 e7e5 a6b7 a8b8 c1b2 c7c5 b1a3 f8g7 g2g3 c8b7 g1h3 f6d5 d2d3 b7c6 e1g1 f7f5 g1g2 d8c8 d1b1 b8b3 a2b3 e8f8 f4e5 h7h6 f1d1 d5e3 g2g1 e3d1 b1d1 c8b7 d1e2 f8f7 g3g4 f5g4 h3f2 h8b8 c2c4 g6g5 f2g4 h6h5 g4e3 c6f3 a1f1 f7e7 f1f3 d7d5 a3b1 g5g4 b1c3 g4f3 e2f3 d5c4 f3e2 c4d3 e2d3 h5h4 c3e2 b8d8 e3f5 e7e8 f5g7 b7g7 g1h1 d8d3 e2f4 e8e7 f4d3 c5c4 b3c4 e7f7 d3e1 f7e7 e1f3 h4h3 b2d4 g7g2
881,B,material_adjudication_moderate,107,1.208537,4405,2026-09-04 18:27:05,d2d3 b7b6 g2g4 f7f6 b1a3 e8f7 e2e4 e7e5 d1e2 d8e7 e1d1 c8b7 a1b1 g7g6 b2b4 b8c6 a3b5 a7a6 b5c7 a8c8 g4g5 f6f5 c1d2 c8c7 h2h4 f7e8 c2c4 f8g7 h4h5 g6h5 b1b2 a6a5 b4a5 f5e4 a5b6 e4d3 b6c7 d3e2 d1e2 c6b4 b2b4 b7h1 b4b7 d7d5 c7c8q e8f7 b7e7 g8e7 c8b7 h8c8 g1f3 c8c7 b7c7 f7g6 a2a4 d5c4 f3e5 g7e5 e2e1 e5c7 f1c4 h1d5 c4e2 c7d6 f2f4 g6f7 a4a5 e7c6 a5a6 h5h4 a6a7 c6a7 d2e3 h4h3 f4f5 a7c6 e2f1 f7e8 f1h3 c6e5 g5g6 e5f3 e1e2 h7h5 g6g7 e8f7 g7g8q f7g8 h3g2 f3g1 e3g1 d5g2 e2f2 g2h1 f5f6 g8f8 f2e3 h5h4 e3d4 d6b8 f6f7 f8f7 d4c5 f7g6 c5b6 b8d6 b6a7
882,W,material_adjudication,76,1.246558,4410,2026-09-04 18:28:51,b1a3 a7a5 b2b3 f7f6 f2f3 b7b5 e2e3 c7c5 a3b1 g8h6 h2h3 a5a4 f1b5 a8a6 e1e2 e8f7 b5a6 c8a6 d2d3 a4b3 a2b3 g7g5 f3f4 h6f5 g2g3 f7g7 a1a5 d8a5 e3e4 a5b6 e4f5 h7h6 b1d2 g5f4 c1b2 f4g3 h3h4 b6b5 c2c4 b5b7 b2c3 g3g2 h1h3 h6h5 d3d4 b7d5 h3d3 d5c6 d4c5 c6c5 c3d4 c5d4 d3d4 h8h6 d4d3 g7h7 d3h3 d7d5 d1c1 d5c4 b3c4 a6c4 d2c4 h7g7 h3g3 g7h7 c1e3 h7h8 g1f3 g2g1q f3g1 f8g7 g3h3 h8h7 h3g3 g7f8
883,W,material_adjudication_moderate,94,1.199824,4415,2026-09-04 18:30:05,b1a3 d7d5 g1f3 f7f6 d2d3 e8f7 b2b3 h7h5 a3c4 d5c4 a2a4 c7c5 b3c4 a7a5 c1e3 b7b6 h2h3 a8a7 a1a3 g8h6 e3d2 h6g8 f3h4 a7a6 h4g6 f7g6 d3d4 c8e6 d4d5 e6c8 f2f4 f6f5 d5d6 b8c6 d6e7 d8e7 c2c3 c8b7 h3h4 g6f6 d1b1 g7g6 b1b5 f8g7 b5a6 b7a6 a3a1 a6b7 a1b1 g8h6 b1b2 c6b8 h1h3 b6b5 h3e3 e7e8 b2b5 e8d8 b5b7 b8a6 b7b1 h6g4 e3d3 g6g5 d3d8 h8d8 f4g5 f6e7 e2e3 g7c3 d2c3 g4e3 f1e2 a6b4 c3b4 a5b4 b1b3 e3c4 e2c4 d8d7 c4e2 f5f4 e1f1 c5c4 b3b4 e7e8 g5g6 e8f8 g6g7 f8g7 b4c4 g7f8 a4a5 f8e8
884,W,material_adjudication,104,1.216366,4420,2026-09-04 18:32:46,b1a3 a7a5 g2g3 b7b5 b2b3 h7h5 e2e3 c7c6 f1e2 b5b4 c2c3 d8c7 g3g4 h5g4 a1b1 e8d8 a3c4 f7f5 d2d4 b8a6 f2f3 e7e6 c4b2 f8e7 a2a3 b4c3 b2c4 g7g6 f3g4 d8e8 g4f5 d7d5 f5e6 c8e6 c4b6 c7b6 h2h3 a6c7 h3h4 e6c8 c1d2 c3d2 e1d2 g8f6 e2f3 f6e4 d2c2 h8g8 h4h5 g6h5 h1h5 e8d7 d1e2 d7d6 b1c1 a8a7 f3e4 d5e4 e2f2 a5a4 g1h3 c8d7 c1b1 c6c5 d4c5 b6c5 h5c5 d6c5 f2g2 a7a8 h3f4 g8f8 b1d1 c5c6 b3a4 a8d8 c2b1 c6c5 d1c1 c5d6 b1a2 f8g8 g2h2 c7a6 h2e2 a6c5 a4a5 d8a8 c1c5 d6c5 e2d1 a8a5 d1d7 e7h4 d7h3 c5d6 h3h4 g8h8 h4h8 a5a8 h8g7 a8h8 g7h8 d6d7
885,B,checkmate,44,1.168535,4425,2026-09-04 18:33:32,f2f4 h7h5 f4f5 h8h7 c2c4 b8a6 a2a4 b7b5 a4a5 a6b4 h2h4 d7d5 d2d4 h7h6 e1d2 c7c6 c4b5 d8c7 a1a2 h6f6 g2g3 b4a2 f1g2 c6b5 g3g4 a8b8 g2f3 c8a6 e2e4 c7d7 g4g5 f6d6 e4e5 d7f5 e5d6 e7d6 b1a3 b5b4 a3b1 f8e7 d1b3 f5b1 h1h2 b1c1
886,W,checkmate,25,1.180708,4430,2026-09-04 18:33:54,e2e3 a7a5 b2b3 a5a4 c2c4 g7g5 e3e4 d7d5 c4d5 b8d7 f2f3 a4b3 f3f4 a8a7 g2g3 b3a2 d2d4 h7h5 b1a3 f7f5 f1e2 f5e4 e2h5 h8h5 d1h5
887,B,material_adjudication,66,1.264265,4435,2026-09-04 18:36:15,d2d4 g8f6 f2f3 d7d6 e2e4 c8f5 f1d3 f5e4 g2g3 e4c6 d3f5 g7g5 f3f4 f6g8 d1d3 g5g4 g1f3 g4f3 g3g4 a7a5 d4d5 f7f6 a2a4 b8d7 h1f1 e7e5 f5e6 c6d5 c2c4 d5e6 c1e3 b7b6 d3e4 e8e7 b1d2 c7c6 e4c6 e5e4 c6e4 d7c5 e4f3 a8a6 f4f5 h7h5 f3f4 f8h6 g4g5 f6g5 f4e4 c5e4 d2e4 g5g4 e3d4 e6f5 f1f4 h6g7 a1c1 d6d5 c4d5 f5d7 d4g7 h8h7 b2b3 h7g7 f4f2 g8f6
888,W,material_adjudication_moderate,99,1.294993,4440,2026-09-04 18:38:53,h2h4 h7h5 d2d4 b7b6 b2b3 c7c6 b1a3 b8a6 c2c3 g7g6 c1d2 a8b8 a1c1 g8f6 a3c4 f8h6 e2e3 b6b5 f1e2 d8c7 c4a5 d7d5 a2a3 h6g7 a3a4 c8d7 a4b5 f6h7 c1c2 c7a5 b5c6 a6c7 c6d7 e8d7 g1f3 b8c8 c2c1 a5b6 f3h2 e7e5 d4e5 d5d4 e3d4 a7a6 e5e6 f7e6 h2f3 g7f6 g2g3 c7d5 b3b4 d5c3 c1c3 c8c6 c3c6 b6c6 h1h2 h8d8 h2g2 c6c8 f3g5 f6g5 h4g5 d7e7 d4d5 e6d5 e1f1 d5d4 e2c4 d4d3 g3g4 c8c4 g4h5 g6h5 d1h5 d8b8 h5h7 e7e8 h7h8 c4g8 h8g8 e8e7 f2f3 b8g8 d2c1 g8b8 f3f4 d3d2 c1d2 a6a5 b4a5 b8a8 g2h2 a8c8 a5a6 c8b8 a6a7 e7e8 h2h8
889,W,material_adjudication,150,1.147268,4445,2026-09-04 18:39:39,h2h4 h7h6 h4h5 e7e6 c2c4 b7b6 f2f4 f7f6 d1b3 b6b5 e1f2 e8e7 c4b5 d7d5 b3c3 c7c6 b1a3 c6b5 b2b3 a7a6 c1b2 b5b4 c3b4 e7d7 b4a4 d7e7 b2c3 e6e5 b3b4 e5e4 a1e1 f6f5 g2g4 c8d7 b4b5 d8c7 g4f5 e7d8 a4d4 f8a3 d4e5 c7e5 c3e5 a3f8 e5b8 a8b8 f2e3 g8f6 e3d4 d7f5 f1g2 f8d6 b5a6 d6f4 e1f1 f6g4 f1f4 h8f8 d4d5 d8c8 d5c4 b8a8 g2e4 f5e4 f4f8 c8d7 g1f3 a8f8 d2d3 e4f3 e2f3 g4f2 h1f1 f2h3 c4c5 d7c7 f3f4 f8c8 c5c4 c7d6 c4b3 c8a8 f1h1 h3f4 a2a4 a8a6 h1h4 f4e6 h4e4 d6d5 e4e3 a6a7 e3f3 e6g5 f3f4 a7c7 b3a2 g5h3 f4h4 h3g5 a2b2 g5f3 h4h3 f3d2 a4a5 d5c5 a5a6 c5c6 b2c2 d2f1 c2d1 c6c5 d1e1 f1h2 h3h2 c5c6 h2d2 c6c5 e1d1 c5c6 d1e1 c6c5 d2d1 c5c6 d1d2 c6c5 d3d4 c5d5 d2d3 d5c4 d3d2 g7g6 h5g6 c7c8 e1d1 c4c3 d1e1 c8e8 e1d1 e8e4 a6a7 e4d4 d2d4 h6h5 a7a8q h5h4 d1e2 h4h3 e2d1 h3h2
890,W,value_resign,32,1.102002,4450,2026-09-04 18:39:40,d2d4 g8f6 f2f3 a7a5 e1f2 b7b5 g2g3 a8a6 e2e4 a6e6 f1b5 c8b7 d4d5 h8g8 d5e6 h7h6 b5a4 f7e6 c2c4 b7e4 c1d2 c7c5 a4b5 d8b6 a2a4 e8f7 d2e3 e4f5 d1c1 f5e4 h2h4 e4c6
891,B,material_adjudication_moderate,83,1.205505,4455,2026-09-04 18:39:57,e2e4 b8a6 e1e2 g8h6 f2f3 b7b5 g1h3 b5b4 a2a4 f7f5 c2c3 h8g8 e4e5 e7e6 h3g5 c8b7 a4a5 f8e7 d2d4 g7g6 g5h7 g6g5 b2b3 f5f4 c3b4 a6b4 b1d2 h6f5 a1b1 b4d5 h7f6 e7f6 e5f6 f5e3 c1b2 e3d1 e2d1 d8c8 f6f7 e8f7 b1a1 b7c6 d2c4 d5e3 c4e3 f4e3 d4d5 c8b7 d5c6 b7c6 f3f4 c6c5 f4g5 g8g6 f1c4 f7e8 b2f6 g6f6 g5f6 c5f5 d1e2 c7c6 a1d1 d7d5 g2g4 f5g4 e2e1 d5c4 b3c4 g4h5 c4c5 h5c5 e1e2 c5a5 d1a1 a5d8 h1d1 d8c7 a1a3 a7a5 h2h4 a8d8 e2f3
892,B,material_adjudication,66,1.205540,4460,2026-09-04 18:40:43,h2h4 b7b6 b2b3 h7h5 f2f4 h8h6 c2c3 g7g5 h4g5 c7c6 d2d3 c6c5 c3c4 h6f6 b1d2 f6f4 e2e4 f8g7 e1e2 g7a1 d1c2 c8b7 c2d1 a1d4 h1h5 e8f8 c1b2 f7f6 b2c1 e7e5 b3b4 d8e7 b4b5 a7a5 g5f6 f4f2 e2e1 g8f6 d1f3 f2f3 g2f3 f6h5 g1e2 e7e8 f1h3 e8f7 h3g4 b7c8 g4h5 f7e7 h5g6 d7d5 a2a3 f8g7 e2c3 d4c3 e1e2 c3b2 c1b2 a8a7 c4d5 c8b7 b2c3 b7c8 d5d6 e7d7
893,W,checkmate,49,1.296261,4465,2026-09-04 18:41:44,e2e3 g7g6 d2d3 g8h6 c2c3 g6g5 c3c4 d7d5 a2a3 h6g8 c4d5 c8d7 f2f3 b7b6 a1a2 h7h5 h2h4 b8c6 d5c6 d8c8 h4g5 c8b7 c6b7 f8g7 f1e2 e8f8 g2g3 a8c8 g5g6 f8e8 h1h5 h8h5 d3d4 g8f6 e1f1 h5c5 b1c3 g7h6 e3e4 h6c1 d4c5 f6d5 f3f4 d5c3 b2c3 d7c6 d1d3 c1e3 b7c8q
894,B,value_resign,66,1.181596,4470,2026-09-04 18:46:13,h2h4 h7h5 e2e4 b7b6 f1c4 a7a5 g2g3 a8a7 e1f1 d7d5 c4d5 f7f5 c2c3 f5e4 d1e2 a5a4 f2f4 c7c6 f4f5 e8d7 d5e4 g7g5 f5g6 g8h6 b2b4 f8g7 f1g2 h8f8 e2h5 d7c7 c1b2 c8e6 g1f3 a7a6 f3d4 e6g4 e4c6 g4h5 d4e6 c7c6 e6d8 f8d8 g3g4 h5g4 d2d4 b8d7 h1g1 b6b5 b2a3 g7f8 b1d2 f8g7 g1b1 c6b7 h4h5 e7e6 d2f1 g4f5 c3c4 b5c4 b4b5 a6b6 g2g3 g7f6 a3c1 h6g4
895,W,material_adjudication_moderate,104,1.229770,4475,2026-09-04 18:48:58,b2b3 b8a6 h2h4 b7b5 g2g4 d7d5 f1g2 h7h5 c2c3 c8d7 e2e3 a8b8 g4g5 c7c6 g2d5 d8c8 c1a3 c6d5 a3c5 a6c5 d1c2 c5b7 c2c1 g8h6 g5h6 b7a5 c1a3 c8b7 e1e2 h8h6 a3a5 b8c8 f2f3 g7g5 h4g5 h6g6 e3e4 d5e4 a5b5 d7b5 c3c4 b5c4 b3c4 e4f3 g1f3 b7b6 c4c5 b6c5 b1c3 c5c4 e2e3 c4b4 a1b1 b4c4 d2d3 c4c3 e3e4 a7a6 h1d1 f8h6 g5h6 c8c5 f3d4 a6a5 d1e1 c3b4 b1b4 a5b4 h6h7 g6g4 e4f3 e8f8 h7h8q g4g8 h8h6 f8e8 e1e2 g8g6 h6g6 f7g6 f3g2 c5a5 e2e6 e8f8 d4c6 f8f7 e6e2 f7f6 c6a5 b4b3 a2b3 g6g5 e2e3 g5g4 d3d4 e7e5 e3e2 e5d4 e2d2 f6g5 d2d3 h5h4 g2h2 h4h3
896,W,value_resign,34,1.226033,4480,2026-09-04 18:51:44,e2e3 g7g6 h2h3 g8h6 a2a4 h6f5 f2f3 f8g7 e3e4 c7c6 e4f5 h8g8 f5g6 h7g6 b2b4 b7b5 e1e2 g7c3 b1c3 e7e6 e2e3 d8f6 a1a2 d7d6 e3e2 c8a6 a4b5 a6b5 d2d3 e8e7 a2a1 b8a6 a1b1 a6b4
897,B,value_resign,52,1.255751,4485,2026-09-04 18:52:31,d2d4 g8f6 d1d2 a7a5 h2h4 f6e4 a2a3 a5a4 d4d5 f7f6 h1h3 g7g5 b2b4 e4d2 e1d2 g5h4 c2c4 b7b5 h3g3 a8a7 c4b5 h7h5 g1h3 c8b7 b5b6 c7b6 g3g6 f6f5 d2e3 b7d5 c1b2 d5g2 b2h8 g2f1 f2f3 b8c6 h3f2 f5f4 e3d3 f1g2 h8c3 f8g7 c3g7 e8f7 b1d2 f7g6 d2e4 g6g7 b4b5 c6d4 e2e3 d4e6
898,D,cap_draw,150,1.138531,4490,2026-09-04 18:54:05,a2a3 a7a6 d2d3 c7c5 c1e3 d7d6 e1d2 h7h5 g1f3 c5c4 f3e5 f7f6 d3c4 d6e5 e3d4 e5d4 c4c5 g7g6 c2c3 d8d5 c3d4 e8d7 h2h4 d5c6 g2g4 c6e4 f2f3 e4f4 d2d3 d7d8 b2b3 f8h6 g4g5 f4f5 d3e3 f6g5 h4g5 c8e6 g5h6 g8f6 d1c1 h8h6 e3f2 g6g5 d4d5 f5d5 c1b2 h6h8 c5c6 b7b5 e2e4 d5c5 f2g2 c5c6 b2c1 c6c1 b1c3 c1d2 c3e2 d2d3 e2c1 e6d7 f1d3 d8e8 e4e5 f6e4 f3e4 b5b4 d3e2 b4a3 h1d1 e8f8 a1a3 g5g4 e2c4 f8g7 e5e6 d7c8 c1d3 h8g8 a3a1 c8b7 c4d5 b7d5 e4d5 h5h4 a1c1 g8e8 d1g1 h4h3 g2h2 a8a7 g1g4 g7h6 g4g1 a7b7 h2h3 e8c8 h3g4 c8c1 g1c1 h6g7 g4g5 b7b3 c1d1 b3a3 g5f4 g7f6 d1d2 a3b3 f4e3 f6g7 e3e4 g7f8 e4e3 b3b6 e3e4 f8g7 e4e3 g7f8 e3e4 f8g7 e4e3 g7f8 e3e4 f8e8 d2e2 e8f8 e4e3 f8g7 e2d2 g7f8 d2c2 f8g7 c2c1 b6b3 e3e4 b3a3 e4e5 g7g6 d3f4 g6g5 c1d1 a3a4 d1f1 a4b4 d5d6 b4f4 f1f4 e7d6
899,W,material_adjudication_moderate,120,1.211928,4495,2026-09-04 18:56:47,e2e4 b8a6 e1e2 g8f6 d2d3 a8b8 c1d2 g7g5 c2c4 e7e5 h2h4 h7h5 h4g5 a6c5 d2c3 d8e7 g5f6 e8d8 b1d2 e7f6 b2b3 d7d6 f2f3 f8g7 g2g4 h5h4 e2f2 d8e8 g1h3 b7b5 c3b4 b5c4 b4c5 c4b3 h3g1 b3b2 a1b1 d6c5 f2e1 f6e7 d1e2 c8d7 g4g5 a7a5 e1d1 e8f8 d2c4 h4h3 f3f4 e5f4 f1h3 d7h3 h1h3 h8h3 g1h3 f4f3 e2f3 a5a4 f3e2 b8b4 a2a3 b4b7 e4e5 f7f6 g5g6 f6e5 c4a5 e7d6 a5b7 g7h6 b1b2 h6f4 h3g5 f4g5 b7d6 c7d6 b2a2 f8g8 e2e3 g5e3 a2b2 e3d4 b2b7 e5e4 d1e1 d4e5 b7a7 e4d3 g6g7 e5g7 e1d2 g7e5 d2d3 g8f8 d3c4 f8e8 a7a5 e5d4 a5b5 d4e3 c4d3 e3f2 d3e2 e8d7 e2f2 d7c6 b5a5 c5c4 f2g3 c6d7 a5a6 d7c7 a6a7 c7b6 a7h7 b6c6 g3g4 c6d5 h7h3 c4c3
900,B,checkmate,78,1.301204,4500,2026-09-04 18:58:00,e2e3 h7h5 a2a3 c7c5 h2h4 g7g6 f1d3 d7d5 e3e4 d5e4 d3e2 a7a6 g2g4 f8h6 d2d4 c8g4 c1e3 a8a7 e3h6 g8h6 d4d5 d8c7 f2f3 g4d7 e2d3 f7f6 d3e2 d7c8 c2c4 e4f3 e2f3 c7d8 d1e2 e8d7 d5d6 d7d6 e1d1 e7e5 f3e4 h6g4 g1f3 b8c6 f3e1 d6c7 e2d2 b7b6 b1c3 c8b7 h1g1 c6d4 a1b1 c7d7 g1g4 h5g4 e4b7 a7b7 h4h5 g6h5 a3a4 g4g3 d2g2 d8g8 g2b7 d7d6 b7b6 d6d7 c3d5 h5h4 b6c5 g3g2 e1g2 g8g7 g2h4 h8h4 b1a1 h4h2 d1e1 g7g1
901,W,material_adjudication,72,1.146317,4505,2026-09-04 19:00:50,d2d3 h7h5 c2c3 c7c5 a2a4 g8h6 c1d2 g7g6 a4a5 b7b6 a5b6 f7f6 d2h6 a7b6 a1a8 f8h6 d1c1 e8f7 g1f3 f7g7 g2g3 g6g5 d3d4 g5g4 a8b8 h6c1 d4c5 c8a6 b8d8 h8h6 h1g1 g4f3 c5c6 f6f5 h2h3 h6c6 b1a3 c1b2 a3c2 b2c3 e1d1 c3f6 d8d7 a6c8 d7a7 c6c2 d1c2 c8e6 e2e3 b6b5 f1d3 g7f8 c2d2 b5b4 g1c1 b4b3 c1b1 h5h4 g3h4 f5f4 b1d1 f4e3 d2e3 b3b2 e3d2 b2b1q d1b1 e6c4 d3c4 f6h4 c4d3 h4f2
902,W,material_adjudication,70,1.198790,4510,2026-09-04 19:01:18,d2d3 h7h5 h2h4 d7d5 b2b3 b8a6 a2a4 c8d7 e2e4 d5e4 b1d2 a8b8 e1e2 e4e3 d1e1 e7e5 f2e3 f8e7 d2e4 b7b6 c1d2 c7c6 c2c4 e8f8 a4a5 g7g6 a5b6 a7b6 a1d1 a6c7 d3d4 e5d4 e3d4 f8e8 e4d6 e7d6 d4d5 d6g3 e1g3 b6b5 g3e5 d8e7 e5e7 e8e7 d5c6 d7c6 c4c5 c6d7 b3b4 c7d5 e2e1 g8f6 f1e2 h8d8 g1f3 d5b4 d2b4 b8b7 f3g5 f6h7 g5h7 d7h3 g2g3 f7f5 h1h3 g6g5 h4g5 e7f7 h3h5 f7g6
903,B,checkmate,60,1.228473,4515,2026-09-04 19:03:54,h2h4 h7h5 a2a4 g7g6 b2b4 b7b5 h1h2 d7d5 f2f4 d5d4 e2e4 c7c6 e4e5 c8d7 a4b5 d8c8 b1a3 h8h7 b5c6 c8c6 b4b5 c6c8 d1h5 g6h5 e1f2 h7g7 c2c4 c8d8 g2g4 f7f6 e5e6 a7a6 b5a6 a8a7 e6d7 e8d7 a3b5 a7a6 c1b2 d4d3 g4g5 f6g5 f4g5 d7c6 f1g2 c6c5 b5c7 c5b4 b2g7 f8g7 c7d5 b4c5 d5e7 g8e7 a1a6 b8a6 g2f3 a6b8 f2e3 d8d4
904,W,material_adjudication,90,1.292308,4520,2026-09-04 19:05:37,h2h4 b7b6 b2b3 c7c6 c2c3 h7h5 g2g3 f7f5 f1g2 g7g5 a2a3 c6c5 c3c4 a7a5 f2f3 d7d6 e2e4 c8d7 h4g5 f8g7 e1f2 h5h4 g5g6 a8a6 f2e2 g7d4 e2d3 a6a8 d3e2 f5f4 g6g7 h8h5 b3b4 d8c7 g3h4 d4g7 d2d4 c5d4 e2f1 g8h6 c4c5 b6c5 b4a5 e8f8 a3a4 a8a6 b1d2 c7c8 a1b1 b8c6 d2c4 d7h3 h1h3 d4d3 c4d2 g7c3 b1b3 c3d4 b3d3 c8b7 d2c4 d4g7 d1e2 h6f5 e2d1 h5h4 h3h4 f5h4 c4d2 g7e5 g1h3 b7c8 h3g1 f8e8 d3b3 h4g2 f1g2 a6a5 d2c4 a5a6 c4e5 c8b7 e5c6 b7b3 d1b3 a6c6 a4a5 c5c4 b3d1 c4c3
905,B,material_adjudication,66,1.228843,4525,2026-09-04 19:06:04,c2c3 h7h6 c3c4 g7g5 c4c5 h8h7 h2h3 e7e6 a2a4 e6e5 a1a2 e5e4 h3h4 a7a6 h4g5 f8e7 a2a1 d7d5 b2b4 e4e3 c1b2 e8d7 f2f4 e7f8 a4a5 c7c6 g1f3 d8e8 b2c3 d5d4 d1c2 f8c5 h1g1 d4c3 d2c3 c5e7 g5h6 h7h6 f3g5 h6d6 g2g3 g8f6 f1h3 d7d8 h3c8 d8c8 b1d2 e3d2 e1f2 f6g4 f2g2 f7f5 g5f7 e8f7 e2e4 c8d7 g1e1 f5e4 c2e4 g4f6 g2f3 f6h5 g3g4 h5f4 g4g5 d2d1q
906,B,checkmate,32,1.207001,4530,2026-09-04 19:06:54,g1h3 h7h5 b2b4 c7c6 f2f3 f7f5 h3g5 h8h6 e1f2 d8c7 c2c4 g7g6 f2g1 b7b6 g5f7 e8f7 c1b2 c8b7 e2e3 h5h4 a2a4 e7e6 d2d3 a7a6 c4c5 f8c5 b4c5 h6h7 c5b6 c7b6 b1a3 b6e3
907,W,material_adjudication,84,1.217865,4535,2026-09-04 19:09:53,h2h4 h7h5 b1c3 a7a6 a1b1 b7b6 a2a4 c7c6 c3d5 c6d5 d2d4 e7e5 c2c4 e5d4 f2f3 d5c4 e2e4 d7d6 c1h6 c8b7 h6f4 g8e7 f4c1 d8c7 d1d4 e7g8 g2g4 a8a7 a4a5 g8h6 a5b6 c7c8 d4d1 a7a8 f1g2 h5g4 e1d2 h6g8 f3g4 c4c3 b2c3 e8e7 g2f3 b7e4 b6b7 e4b7 c3c4 b7f3 d1f3 b8d7 c4c5 d7c5 g1e2 f7f6 b1b2 g7g6 b2b1 f8g7 h4h5 g6h5 g4h5 f6f5 e2c3 g8f6 h5h6 g7h6 d2e1 c5e4 b1a1 h6g5 h1h8 e4c3 h8c8 a8c8 c1g5 c8c4 f3d3 e7e8 d3c4 f5f4 c4c3 f4f3 c3f6 f3f2
908,W,material_adjudication,74,1.256200,4540,2026-09-04 19:12:32,g2g3 h7h5 e2e3 c7c5 f1d3 h5h4 d3e4 b8a6 g1e2 a6b4 b1a3 d7d6 c2c3 a8b8 e4f3 b4c2 a3c2 c8d7 e1f1 a7a5 e2g1 a5a4 g3h4 c5c4 d1e2 e7e5 h4h5 a4a3 c2a3 d8c7 h2h4 h8h6 e3e4 f7f5 e4f5 g8e7 a3c4 e7f5 c4b6 h6h5 e2e3 d7c6 d2d3 c6f3 e3f3 h5h7 f3f5 h7h6 c1h6 g7h6 f5g6 c7f7 g6f7 e8f7 h4h5 d6d5 a1c1 f7e8 d3d4 e5d4 c3d4 f8d6 h1h2 d6h2 a2a4 h2d6 f2f3 b8a8 b6a8 d6f4 c1b1 f4g3 a4a5 g3f4
909,B,material_adjudication,66,1.258548,4545,2026-09-04 19:16:43,b2b4 c7c5 a2a4 f7f6 b4c5 a7a5 h2h4 a8a7 h4h5 g8h6 b1c3 d7d5 c5d6 e7e6 a1a3 b7b6 c1b2 b8c6 d6d7 c8d7 c3b5 a7a6 d2d3 c6b8 a3a1 h6f5 g2g4 f5d6 b2d4 f8e7 b5d6 e7d6 f1g2 b8c6 d4b2 d8c7 d1d2 e6e5 g2d5 f6f5 b2c3 f5g4 d5c6 c7c6 a1b1 c6h1 e1d1 b6b5 a4b5 a6a8 b5b6 a5a4 b6b7 a8b8 d2e3 h1h5 e3f3 g4f3 g1f3 e8d8 d1e1 e5e4 d3e4 d6c5 b1b2 g7g5
910,B,material_adjudication_moderate,76,1.234011,4550,2026-09-04 19:17:53,a2a4 d7d6 c2c3 b7b6 f2f4 e7e5 d1b3 d8h4 g2g3 h4g4 f4f5 g4f5 f1h3 f5g5 h3c8 g5e7 c8b7 e7e6 e1f2 e6b3 e2e3 a7a6 b7a8 b3c4 b1a3 c4g4 f2g2 g7g5 a3c2 f8g7 a8f3 g4f5 e3e4 f5f6 d2d4 g5g4 a1b1 g4f3 g1f3 g7h6 d4e5 f6e7 e5d6 c7d6 h1d1 b8d7 d1d6 e7d6 e4e5 d6e7 g2f2 e8d8 c1h6 g8h6 c2d4 f7f5 e5e6 d7c5 f2e2 h6f7 d4f5 e7e6 e2d1 e6f6 f3d4 f7d6 d1e2 f6e5 e2d1 e5e4 f5d6 e4g4 d1e1 h7h6 d6f7 d8d7
911,W,material_adjudication,100,1.240774,4555,2026-09-04 19:20:56,h2h4 h7h5 a2a3 b7b6 e2e3 d7d5 e3e4 b8a6 e4d5 b6b5 f1b5 c8d7 b5a6 a8b8 a6b7 c7c6 d2d3 c6d5 c1d2 a7a5 b7d5 f7f6 c2c3 d7b5 d5c4 b5d7 c4e6 a5a4 c3c4 d7e6 g2g4 h5g4 h4h5 g7g5 a1a2 f8h6 f2f3 g4g3 d1e2 b8b3 e2e6 g3g2 h1h3 d8c7 e6g4 f6f5 g4g2 g8f6 f3f4 f6h5 h3h5 g5g4 a2a1 h6g7 h5g5 g7f6 g5g6 b3b2 g1e2 g4g3 b1c3 b2d2 e1d2 e8f7 g2g1 f7g6 g1d1 g3g2 c3d5 c7a5 d5c3 h8a8 d1e1 a8e8 d2c2 f6c3 e2c3 g2g1q e1g1 g6f7 c3a4 a5a4 c2d2 e8f8 g1g5 f8g8 g5f5 f7e8 c4c5 a4d4 a1b1 e7e6 f5e6 e8d8 e6g8 d8e7 g8h7 e7e6 f4f5 e6f6
912,B,material_adjudication,69,1.267367,4560,2026-09-04 19:22:56,f2f4 h7h5 f4f5 g7g5 g1f3 d7d6 f3e5 b8d7 e5d7 b7b6 b1c3 c8d7 a2a3 c7c6 g2g3 f8g7 c3b5 d7f5 h1g1 d8c8 b5a7 a8a7 g1h1 c8e6 e2e3 f5h3 f1h3 f7f5 c2c4 h5h4 d2d3 a7d7 b2b4 g5g4 h3f1 g7a1 b4b5 c6b5 d1c2 a1f6 c4b5 g8h6 g3h4 h6f7 c2b2 f7e5 c1d2 d7c7 f1e2 e8f7 h4h5 h8h5 h1f1 e6d7 e3e4 f7f8 f1f5 h5f5 e4f5 f6g7 e2g4 e5d3 e1d1 d3b2 d1e1 g7h8 d2c3 d6d5 e1f1
913,W,material_adjudication,114,1.250572,4565,2026-09-04 19:24:06,e2e3 g7g6 h2h3 f8g7 f2f3 g6g5 a2a3 g8f6 d2d4 e7e5 g2g3 e5d4 e1d2 d8e7 f1b5 h8f8 c2c3 d4e3 d2e1 e7e5 c3c4 f8g8 c4c5 g7h6 c1e3 e5e3 d1e2 e3e7 e2e4 f6h5 c5c6 f7f5 e4e5 d7d6 e5e7 e8e7 c6b7 c8b7 g1e2 b7f3 h1h2 b8d7 e1d1 h5g3 h2f2 g8g6 f2f3 a7a5 e2g3 f5f4 b5d7 f4g3 d7g4 g3g2 f3e3 e7d8 e3e1 h6g7 h3h4 g7b2 h4h5 b2a1 h5g6 h7g6 e1g1 a1d4 g1g2 d8e8 b1d2 c7c5 a3a4 a8b8 g4f3 d4h8 f3e2 b8b7 g2g5 e8d7 e2d3 h8e5 g5g6 d7c7 d2e4 c5c4 d3c4 e5f4 e4f6 f4g5 g6g5 b7a7 c4e2 c7b8 e2g4 a7f7 g5f5 f7f6 f5f6 b8a8 f6f7 a8b8 g4h5 b8a8 f7f6 d6d5 f6f5 d5d4 d1e2 d4d3 e2d3 a8b8 d3c4 b8a8 f5g5 a8b8
914,B,value_resign,54,1.191695,4570,2026-09-04 19:25:09,e2e3 g7g5 f1e2 h7h5 g2g3 f7f5 b1a3 a7a5 f2f4 g5g4 d2d3 a8a7 a1b1 c7c5 b2b3 a5a4 d3d4 c5d4 b1b2 f8g7 g1f3 d7d6 e3e4 g7h6 e4f5 e8d7 c1d2 h6g7 f5f6 e7f6 b3a4 g4f3 b2b5 f3e2 d1e2 b8c6 c2c3 g8h6 c3d4 f6f5 d4d5 a7a4 d5c6 b7c6 e2h5 a4a3 h5d1 a3a2 d1c2 a2c2 d2b4 h6f7 e1f1 d7c7
915,W,material_adjudication,66,1.227294,4575,2026-09-04 19:27:29,h2h4 h7h5 b1a3 b7b6 a1b1 a7a5 b2b4 b8c6 c2c3 a5b4 d1c2 g7g5 f2f3 f8h6 h4g5 e8f8 g5h6 h5h4 a3b5 f7f6 f3f4 a8a5 c2e4 d7d5 e4g6 a5b5 d2d4 g8h6 c3b4 b5b4 g1f3 b4b1 g6b1 c6d4 c1d2 c7c5 f3d4 c5d4 a2a4 h4h3 b1b2 c8e6 g2h3 h6g8 f1g2 e6h3 g2h3 d8b8 f4f5 b8a7 b2c2 h8h3 h1h3 a7c7 c2c7 e7e6 f5e6 g8h6 d2h6 f8e8 c7b7 e8d8 h3h1 d8e8 b7a7 e8d8
916,B,material_adjudication_moderate,79,1.208629,4580,2026-09-04 19:36:44,h2h4 b7b6 b2b3 c7c6 c2c3 c8a6 h4h5 g7g6 c1b2 g8h6 d1c1 c6c5 f2f3 b6b5 b3b4 f7f6 a2a4 b5a4 b4c5 d8c7 e1f2 f6f5 h5g6 h8g8 f3f4 c7c5 f2e1 h7g6 c3c4 f8g7 b2g7 g8g7 a1a4 a6b7 d2d4 c5d4 a4a7 a8a7 h1h6 b7c6 b1a3 a7a8 g1f3 c6f3 a3c2 d4c5 h6h3 b8a6 c1a3 f3e2 a3c5 a6c5 f1e2 a8a2 e2f3 g7g8 g2g3 d7d6 e1f1 a2c2 f3d5 e8f8 d5g8 f8g8 f1e1 c2c4 e1d1 g8f8 d1e1 f8g7 e1d1 g7f6 d1d2 g6g5 f4g5 f6g5 h3h7 e7e5 d2e1
917,W,material_adjudication_moderate,76,1.260304,4585,2026-09-04 19:36:45,h2h4 h7h5 b2b3 b7b6 f2f3 c7c6 c1a3 b8a6 c2c3 h8h6 a3b2 e7e6 e1f2 f8e7 e2e3 g7g6 f1e2 h6h8 f2f1 e7f6 d1c2 e8f8 e3e4 f8g7 c2d1 c8b7 c3c4 g7h7 e4e5 f6e7 g2g4 c6c5 a2a3 h5g4 f3g4 f7f6 d2d4 f6e5 d4c5 b7h1 h4h5 a6c5 g4g5 h1b7 g1f3 e7d6 d1d6 e5e4 f3d4 c5b3 d4b3 d8e8 b2h8 h7h8 c4c5 e4e3 c5b6 a7b6 d6b6 e6e5 b6b7 a8c8 b7e4 g6h5 b3a5 h5h4 e4g2 h4h3 g2g3 h3h2 e2f3 e8f8 f1g2 e3e2 f3e2 f8f4
918,W,material_adjudication,82,1.255362,4590,2026-09-04 19:38:24,h2h4 h7h5 a2a3 c7c5 a3a4 c5c4 e2e4 f7f5 b2b4 b7b5 a4b5 a7a6 a1a5 c8b7 a5a4 g7g5 f1e2 d8b6 b1c3 g5h4 g2g3 a6b5 g3h4 a8a4 c3a4 f8g7 a4b6 e8f8 e2f3 f5e4 d2d4 e4f3 c2c3 d7d5 e1f1 b8a6 d1c2 a6b4 c3b4 g7f6 b6d7 f8e8 c1d2 e8d7 f1e1 c4c3 e1f1 c3d2 c2d2 e7e5 d4e5 f6e5 g1f3 e5f6 d2c1 d7e8 f3g5 b7c8 c1c8 e8e7 h1g1 g8h6 c8b7 e7d8 g5e6 d8e8 e6c7 e8e7 g1g5 h8c8 b7c8 h6f7 c8b7 e7f8 f1g1 f6g5 h4g5 f7d6 b7b8 f8e7 g5g6 e7d7
919,W,value_resign,56,1.212863,4595,2026-09-04 19:38:48,e2e3 a7a5 d2d4 a5a4 e1e2 e7e5 g2g3 a8a6 d4d5 e8e7 a2a3 c7c6 f1h3 e5e4 d5d6 e7f6 h3g2 f8d6 d1d6 f6g5 c1d2 g8f6 c2c4 f6e8 d6b8 g5h6 f2f4 f7f6 e2f2 d7d5 g1e2 d5c4 a1a2 c8e6 b8d8 f6f5 e2c3 e8f6 d8d6 a6a5 g2h3 g7g6 d6e7 f6g8 e7f8 h6h5 b2b3 g8f6 f8h8 f6g4 f2f1 g4e3 d2e3 c4b3 a2b2 b7b6
920,W,material_adjudication_moderate,109,1.315167,4600,2026-09-04 19:41:38,e2e3 g7g5 f2f4 e7e5 f4g5 g8e7 g1e2 f8g7 e3e4 b8c6 c2c4 b7b6 b2b3 e8g8 b1c3 a7a6 d1c2 d7d6 g2g3 c8g4 c1a3 g4d7 a3b2 d7g4 h1g1 g4e2 c4c5 d8e8 f1e2 d6d5 e2c4 c6d4 c2c1 d5c4 g1h1 d4e6 c5b6 c7b6 e1d1 e6c7 d1c2 b6b5 c1e1 b5b4 e1f1 b4c3 b2c3 a6a5 f1c4 h7h6 c4c7 e8d8 c7d8 f8d8 g5h6 g7h6 a2a4 d8d6 h1e1 a8b8 c3a5 g8g7 e1c1 e7c6 a5c3 d6f6 h2h4 b8d8 g3g4 f6e6 g4g5 c6d4 c3d4 d8d4 g5h6 g7h6 h4h5 h6g7 a4a5 e6d6 c1g1 g7h7 h5h6 d4d2 c2c1 h7h6 a5a6 d6d7 b3b4 d2d6 g1g4 h6h5 a6a7 h5g4 a7a8q g4h5 b4b5 h5h4 a8f8 d6d2 f8b4 d7d3 b4c4 d3d4 c4c3 d2d3 c3c2 h4g3 c2b2
921,B,value_resign,52,1.279694,4605,2026-09-04 19:41:42,h2h4 b7b6 b2b3 h7h5 h1h3 c7c6 c2c4 d8c7 g2g4 e7e5 f2f4 f8c5 c1b2 b8a6 b2e5 h5g4 e5c7 a6c7 h3d3 e8d8 e2e3 c7e8 g1h3 a8b8 b1a3 c8a6 f1g2 g4h3 g2e4 c5a3 h4h5 b6b5 c4b5 a6b5 d1e2 b5d3 e2d3 a7a5 a1b1 a3d6 d3d6 e8d6 a2a3 c6c5 e4f5 a5a4 b3a4 g7g5 f5g6 g8f6 f4g5 h3h2
922,W,material_adjudication,124,1.204826,4610,2026-09-04 19:42:30,e2e3 a7a5 b2b3 a5a4 d1g4 a4a3 e1e2 g8h6 g4h4 g7g6 b1a3 c7c6 f2f3 b7b5 g2g3 h6f5 e2d1 f5h4 f1b5 d7d6 g3h4 c6b5 c1b2 c8h3 a3b5 h3f5 a2a4 b8c6 b2h8 f8h6 b5a3 e7e5 d1e2 d8c7 d2d4 f5e6 c2c3 e5e4 d4d5 e6d5 a1c1 c6e7 c3c4 d5e6 a3b5 c7c8 h8b2 a8a6 f3e4 g6g5 h4g5 h6g5 h2h3 h7h5 g1f3 e7c6 h1d1 g5e3 b5d6 e8e7 d6c8 e7e8 e2d3 e6c8 b2c3 e3c1 d1c1 c8b7 d3c2 a6a8 f3d4 c6d4 c3d4 e8f8 d4e3 f7f6 a4a5 a8c8 e4e5 f6e5 c1g1 e5e4 g1d1 b7a6 e3f4 e4e3 f4e3 a6c4 b3c4 f8e8 e3a7 c8c4 c2b3 c4e4 a7f2 e4f4 a5a6 f4f2 h3h4 f2f5 b3a4 f5e5 d1d4 e5f5 d4d2 f5e5 d2d1 e8f7 d1d4 f7e7 d4b4 e7e6 a6a7 e5d5 a7a8q e6d7 b4b5 d5b5 a4b5 d7d6 a8a7 d6e5 a7b7 e5d6
923,W,value_resign,43,1.234800,4615,2026-09-04 19:44:46,a2a3 g8f6 e2e3 d7d5 f1e2 d8d6 a3a4 e7e5 b2b3 d5d4 a1a3 f6g4 e3d4 c8d7 a4a5 e5d4 a5a6 b7a6 a3a5 h8g8 d2d3 d6f6 e2g4 f8a3 f2f4 g7g6 g1f3 g6g5 f4f5 c7c5 b1a3 f6g7 a5c5 h7h5 g4h5 g7h6 c1g5 h6g5 f3g5 b8c6 d1a1 c6b4 g5f3
924,W,value_resign,55,1.310117,4620,2026-09-04 19:45:57,b1a3 c7c6 b2b4 a7a5 b4b5 b8a6 d2d3 g7g5 g2g4 a6c7 f2f3 e7e6 e1d2 c6b5 d3d4 g8e7 e2e4 e6e5 h2h3 e7c6 g1e2 b7b6 a3b5 e5d4 b5d4 f7f6 h1g1 f8h6 d1e1 c7a6 c2c4 f6f5 d4c2 c8b7 c1a3 a8c8 g4f5 h6g7 f3f4 g5f4 f1g2 g7a1 e1a1 d8g5 a1h8 e8f7 h8h7 f7e8 e2d4 g5h6 h7h6 c6d4 c2d4 b7e4 d4e6
925,W,material_adjudication_moderate,95,1.224750,4625,2026-09-04 19:47:09,e2e3 g7g6 b1a3 d7d6 d2d3 g8f6 a1b1 a7a6 g1f3 h7h5 c1d2 g6g5 f1e2 c8f5 b2b4 f6g8 e3e4 f5d7 h2h4 b7b5 f3g5 f8g7 b1b3 a8a7 e4e5 f7f6 d3d4 f6g5 a3c4 g8h6 e5e6 b5c4 e6d7 e8d7 b3a3 g5h4 c2c3 g7f6 e2f3 a6a5 d4d5 a7b7 b4a5 h8f8 a5a6 b8a6 a3a6 b7b2 f3e2 c7c6 a6a7 d7e8 d2h6 c6d5 g2g3 b2b6 e1g1 d8b8 h6f8 b8a7 f8h6 h4g3 f2g3 a7a2 h6e3 e7e5 e3b6 e5e4 b6c7 a2b2 g1h2 f6g5 f1g1 h5h4 g1g2 e8d7 c7a5 g5d8 a5d8 d7d8 g3h4 d8d7 g2g3 d7e7 h2g2 b2c3 g2h2 c3b2 h2g2 c4c3 g3g4 c3c2 d1d2 c2c1q d2c1
926,W,material_adjudication_moderate,118,1.205969,4630,2026-09-04 19:47:51,b1a3 a7a5 b2b3 a5a4 f2f3 d7d6 d2d3 e8d7 e1f2 e7e6 h2h4 d8e7 h4h5 g7g5 h5h6 f7f6 e2e3 e7e8 d3d4 e8g6 d4d5 g6f5 g2g4 e6d5 g4f5 c7c6 f1e2 b7b6 e3e4 d5d4 c2c3 g5g4 f2g2 d4d3 f3g4 d3e2 g1e2 f8e7 e2g3 a4b3 a2b3 b8a6 b3b4 a6c7 a3c4 a8a1 d1d4 c6c5 d4e3 a1a4 h1f1 d7d8 c4d6 e7d6 b4c5 d6c5 e3f3 c5e7 c1b2 g8h6 f1c1 b6b5 c3c4 b5b4 c4c5 c8d7 c5c6 d7c6 c1c6 b4b3 f3b3 h6g4 b3a4 g4e5 b2e5 f6e5 g2h1 e7f6 a4a1 d8e7 c6c7 e7d6 g3h5 d6c7 a1d1 c7c6 h1g1 c6c5 d1f1 c5b4 g1h1 h8g8 f1e2 g8g5 e2d2 b4a3 d2e1 g5h5 h1g1 a3b2 e1e2 b2c3 e2h5 c3b2 h5h1 b2a1 g1f1 a1b1 h1h7 b1a2 f1e2 a2a3 h7c7 a3a2 e2d3 a2a1 c7a7 a1b1
927,W,value_resign,127,1.245122,4635,2026-09-04 19:49:22,e2e4 b8c6 g2g4 g8h6 h2h4 h6g4 f2f4 e7e5 f1b5 d8f6 f4e5 f6f4 d1g4 f4g4 c2c4 f8c5 e5e6 f7f5 e4f5 a7a6 g1f3 e8e7 d2d4 g4g3 e1e2 b7b6 f3h2 e7d8 c1h6 g3g6 f5g6 c6d4 e2e3 g7h6 g6g7 h8g8 b5d7 c8d7 e6d7 g8g7 h2f3 a6a5 f3d4 c5d4 e3d4 g7g3 h4h5 a8a7 a2a3 c7c5 d4d5 d8d7 a3a4 g3b3 a1a2 a7a6 b1d2 b3d3 d5e5 d3d2 h1h3 d2d6 h3d3 d6d3 a2a3 d7c7 a3d3 c7c6 e5f6 c6b7 f6g7 b7c8 g7h6 b6b5 h6h7 b5a4 h5h6 c8b7 h7g7 b7c6 g7h8 c6b7 h8g7 b7c6 g7h8 c6b7 h8h7 a6f6 h7h8 f6f7 d3d2 f7f4 d2d5 b7c6 d5e5 c6d7 e5c5 d7d6 c5a5 f4f6 a5a4 f6h6 h8g7 h6e6 g7g8 e6f6 b2b3 f6h6 a4a7 d6c5 g8f7 h6b6 f7g7 b6e6 g7h7 c5b4 h7h8 e6e7 a7e7 b4c5 e7e8 c5b4 h8h7 b4b3 h7h8 b3a2 c4c5
928,B,material_adjudication,113,1.227458,4640,2026-09-04 19:55:47,g1f3 h7h5 b1c3 h8h6 d2d3 f7f5 f3e5 a7a5 c1g5 b7b5 c3b5 c8b7 c2c3 h6c6 f2f4 c6c4 d1b3 c7c5 b5a7 a8a7 e5g4 c4e4 c3c4 b8c6 a1d1 h5g4 g2g3 d8c7 h2h4 b7a8 f1g2 a7b7 d1d2 b7b3 a2b3 c6d8 g2e4 f5e4 h1h2 c7b7 e2e3 e7e6 h2e2 a5a4 b3a4 e4d3 a4a5 d3e2 e1e2 f8d6 d2d3 d6f4 g5f4 e8f7 a5a6 b7a6 d3d7 f7e8 d7g7 g8f6 f4e5 f6h5 g7g4 a8e4 g4e4 h5g3 e5g3 a6c6 g3f4 e8d7 e2e1 c6b6 h4h5 b6b2 f4h6 b2h8 h6g5 h8c3 e1e2 c3b4 g5d8 d7d8 h5h6 b4b2 e2e1 b2h8 h6h7 h8h7 e4e6 d8d7 e6a6 h7e4 a6a5 e4e6 a5c5 d7d8 c5a5 d8c8 a5d5 e6c6 d5d2 c6e4 d2d5 c8b8 e1e2 e4c4 e2e1 c4d5 e3e4 d5e4 e1d1 e4d5 d1e1
929,W,value_resign,61,1.227469,4645,2026-09-04 20:01:19,e2e3 a7a5 d2d3 h7h5 b2b3 c7c5 e3e4 b8c6 d1f3 g8h6 c1h6 h8h6 f3e2 g7g5 h2h4 g5h4 e1d1 a8a6 d3d4 c6d4 e2d2 b7b6 a2a4 f7f5 e4e5 h4h3 h1h3 h6c6 d2f4 e7e6 f4d2 c8b7 f1a6 b7a6 b1a3 f8e7 h3h5 c5c4 a3c4 a6c4 b3c4 f5f4 d2f4 e7g5 h5g5 d8f6 e5f6 d7d6 g2g4 e6e5 f4g3 d4f5 g3h3 c6c4 h3g2 f5e3 f2e3 d6d5 g5g6 e8f7 e3e4
930,B,material_adjudication,66,1.183608,4650,2026-09-04 20:01:46,e2e3 g7g6 h2h3 e7e6 d1e2 g6g5 e2d1 b8c6 d2d4 g8e7 a2a3 a8b8 d4d5 e6d5 a1a2 g5g4 a3a4 c6e5 b2b3 e5c4 b3c4 g4g3 a4a5 d5d4 c4c5 e7g6 e3d4 f8g7 f2g3 g7d4 d1d4 d8h4 f1d3 h4d4 g1f3 d4f6 c1d2 d7d6 f3h4 a7a6 a2a4 g6h4 g3h4 f6e7 d3e2 f7f5 b1a3 b7b5 a5b6 d6d5 a4f4 c7b6 c5c6 b8a8 c6c7 e7a3 f4f5 c8f5 c7c8q f5c8 h4h5 h7h6 e2d3 a8b8 d2f4 b6b5
931,W,checkmate,63,1.278720,4655,2026-09-04 20:04:49,e2e4 b8c6 h2h3 h7h6 g2g4 h6h5 c2c4 a8b8 e4e5 h5g4 b1a3 d7d5 b2b3 g4h3 h1h3 g7g5 h3d3 c6e5 f2f4 a7a6 c4d5 e5d3 e1e2 h8h7 d1c2 d3b4 c2e4 c8f5 e4f5 g8f6 c1b2 f6d5 f5h7 b7b5 h7e4 c7c5 e2f2 f7f5 e4e1 g5f4 b2e5 e7e6 e5b8 d8b8 e1e2 b8d6 g1f3 e6e5 a1d1 b4a2 a3c4 b5c4 b3c4 d5e7 f3e5 a2c3 d2c3 f4f3 e5f3 d6b8 d1e1 f8h6 e2e7
932,B,material_adjudication,105,1.196704,4660,2026-09-04 20:05:09,e2e3 a7a5 f1b5 a5a4 e1f1 c7c6 d1f3 h7h5 d2d4 h8h6 h2h3 d8b6 g2g4 b6b5 c2c4 b5b4 a2a3 b4a5 g4h5 h6f6 c1d2 a5f5 a1a2 d7d6 f3f5 c8f5 e3e4 f5e4 f2f3 e7e5 d4e5 d6e5 d2c3 e8d8 b1d2 a8a5 c3a5 d8d7 a5b6 c6c5 d2e4 f6b6 e4c5 f8c5 h3h4 d7d6 g1e2 b6a6 a2a1 g8f6 a1b1 b7b6 f1e1 b8d7 e2c3 f6h5 c3a4 h5f4 a4c5 b6c5 b2b4 d7f6 b4c5 d6c5 h4h5 a6e6 b1b2 c5c4 e1d2 e6e7 h1b1 f4e6 b2b5 f6d5 f3f4 e6f4 b5b2 d5c7 b2b4 c4c5 h5h6 g7h6 d2e1 c7d5 e1d2 d5b4 a3b4 c5b6 b4b5 h6h5 d2e1 f7f6 b1c1 b6b5 c1b1 b5a4 b1a1 a4b4 a1a7 e7a7 e1f1 b4a5 f1f2 a7a8 f2e3
933,B,material_adjudication_moderate,116,1.184320,4665,2026-09-04 20:06:57,e2e3 a7a5 d2d3 g7g5 e3e4 b8c6 b2b3 e7e6 a2a4 g8e7 d1h5 h8g8 e4e5 d7d5 e5d6 b7b6 d6e7 f8e7 h5h7 c8d7 a1a3 a8b8 f2f4 g8h8 h7h8 e7f8 h8e5 f7f6 e5b2 g5g4 f4f5 c6b4 h2h3 f8e7 c2c4 g4h3 g2h3 d7c8 e1d1 b8a8 d3d4 c8b7 g1e2 a8a6 f5e6 b7h1 c4c5 b6c5 d1d2 h1f3 h3h4 c5d4 h4h5 f6f5 e2d4 f5f4 f1h3 f3c6 b1c3 f4f3 c3d5 c6d5 d4f3 d5f3 d2e1 a6a8 c1d2 f3h5 b2e5 h5f3 h3f5 e7f6 e5f4 c7c6 f5b1 f3g2 f4c4 e8f8 b1e4 f6e5 e4g2 f8g7 g2c6 b4c6 c4b5 e5d6 b5c6 d6a3 c6c4 a3f8 e6e7 d8e7 d2e3 e7e3 e1d1 a8d8 d1c2 g7h8 c4c3 e3c3 c2c3 f8g7 c3c4 g7f6 c4b5 f6g7 b5b6 g7f6 b6b7 f6g7 b7c7 g7f6 c7b6 f6g7 b6c7 g7f6
934,W,material_adjudication_moderate,76,1.275376,4670,2026-09-04 20:06:58,c2c4 a7a5 g2g3 b8c6 d2d4 c6d4 d1d4 h7h5 d4e5 d7d5 h2h4 c8g4 c1h6 a8b8 h6d2 d5c4 b1a3 g7g5 e5h8 a5a4 a1d1 g4d7 f1g2 g5h4 b2b4 a4b3 a3c4 f7f6 d2c1 c7c6 a2b3 f8g7 h8g8 g7f8 g2f3 c6c5 g3h4 d7e6 g1h3 e6g8 d1d8 b8d8 e1f1 f6f5 c1g5 f8h6 g5h6 e7e5 h6d2 d8d2 c4a5 e5e4 h3g5 e4f3 g5f3 d2a2 a5c4 g8d5 c4e5 d5g8 e5c4 a2a8 f3e5 a8a1 f1g2 a1a2 f2f3 f5f4 g2f1 a2a8 e5g6 e8f7 g6h8 f7e7 f1f2 g8e6
935,W,material_adjudication_moderate,84,1.261345,4675,2026-09-04 20:08:08,a2a3 g8f6 a3a4 a7a6 b1c3 d7d5 h2h4 e7e6 g2g3 g7g5 f2f3 e8e7 b2b3 e6e5 d2d4 c8e6 f1g2 g5h4 d1d3 c7c5 h1h4 f6g8 e2e4 d5e4 d3e4 g8f6 e4b7 d8d7 b7a8 c5d4 a8b8 d4c3 h4c4 e6c4 b3c4 d7e6 e1f1 a6a5 g2h3 e5e4 h3e6 f7e6 b8a7 e7e8 c1e3 f8d6 g3g4 d6b8 a7a5 e4f3 e3d4 e6e5 d4c5 e5e4 g4g5 b8c7 g5f6 c7a5 a1b1 h7h6 b1c1 e8f7 c1b1 h8c8 c5d6 f7f6 b1e1 f3f2 f1f2 a5b4 d6b4 c8c4 b4c3 c4c3 a4a5 c3c8 c2c3 f6e7 g1e2 h6h5 a5a6 c8a8 e2g1 h5h4
936,W,value_resign,61,1.211958,4680,2026-09-04 20:09:16,e2e3 g7g6 b2b4 g6g5 g2g4 e7e5 f1e2 f8c5 b4c5 b7b6 a2a3 e5e4 c1b2 h7h6 a1a2 g8e7 b2h8 a7a6 h8c3 d7d6 c5b6 b8d7 e2b5 a8b8 b6c7 b8b5 f2f3 f7f5 d2d3 f5g4 c7d8q e8d8 b1d2 a6a5 a3a4 d8e8 c3d4 e4d3 a4b5 e7c6 d4c3 g4f3 c3a5 g5g4 a2a1 f3f2 e1f1 f2g1q h1g1 c6a5 d2e4 c8b7 a1a5 b7e4 g1g4 e4c6 b5c6 h6h5 g4g6 h5h4 d1d2
937,W,checkmate,77,1.291690,4685,2026-09-04 20:10:47,e2e3 g7g6 a2a4 e7e5 h2h3 d7d5 b1c3 a7a6 c3d5 f8b4 h1h2 d8d5 f2f4 e8d7 g2g3 b8c6 f4f5 a8b8 f1g2 d5b3 c2b3 g6f5 g2d5 g8e7 d1f3 e7d5 f3h5 d5e3 h5d1 d7e8 d1f3 b4c5 d2e3 e8f8 a1b1 b7b6 b3b4 c6b4 g3g4 h7h5 f3g2 h5g4 g1e2 b6b5 h3h4 h8g8 c1d2 f8g7 d2b4 c5b4 e1f1 g8d8 a4a5 d8d6 e3e4 c7c6 e4f5 c8f5 g2g3 b8a8 h2g2 f5b1 g2f2 d6f6 g3e5 b1f5 b2b3 b4a5 f2f5 g4g3 e5f6 g7h7 e2f4 a5d8 f6f7 h7h8 f4g6
938,B,material_adjudication,75,1.328284,4690,2026-09-04 20:12:11,h2h4 b7b6 b2b3 h7h5 h1h3 c7c6 h3h1 g7g6 g2g4 f8g7 c2c4 e8f8 c1b2 g8h6 b2f6 g7f6 g4g5 f8g7 g5f6 e7f6 d1c1 b6b5 b1c3 b5c4 c3b1 d7d5 b3c4 h8g8 f2f3 g6g5 h4g5 d5c4 f3f4 b8d7 g5h6 g7f8 h1h5 c8b7 b1c3 g8g1 d2d4 c4d3 a2a4 b7a6 c1b2 d8e7 h5f5 g1g8 c3d5 c6d5 a1a3 d3e2 f1e2 d5d4 e1d2 d7b8 e2a6 b8a6 a3b3 a8c8 f5a5 a6c7 b2b1 a7a6 f4f5 f8e8 h6h7 g8h8 b1e4 e7e4 b3a3 e4a8 d2d3 a8a7 a3a1
939,W,material_adjudication,146,1.290388,4695,2026-09-04 20:13:23,h2h4 h7h5 a2a3 b7b6 e2e4 e7e5 b2b3 a7a5 d2d4 e5d4 a3a4 d7d6 c1g5 h8h7 f1e2 c8b7 g5d8 b7e4 b1a3 g8e7 b3b4 a5b4 c2c3 b4a3 e2f1 b8a6 d8e7 f8e7 d1e2 h7h8 e2e4 d6d5 e4f5 f7f6 f5g6 e8d8 c3d4 h8h6 g6b1 a8a7 f1d3 g7g5 b1b5 a6b4 e1e2 a7a5 b5a5 b6a5 a1a3 g5h4 h1h4 b4c2 d3c2 e7a3 c2d3 a3b4 e2d1 d8d7 g1e2 b4e7 f2f4 e7d6 e2g1 f6f5 d3f1 h6h8 d1e1 h8h6 h4h1 h5h4 e1d1 d6f4 f1d3 f4d6 d1e1 h6h7 e1d2 h7h5 d3e2 h5h6 e2f3 c7c6 g2g3 h4g3 h1h6 d6f8 h6g6 d7d8 d2d1 c6c5 d4c5 d8e8 f3g2 e8f7 g2f3 f7g6 c5c6 f8d6 d1e1 d6c5 f3d5 c5g1 d5f3 g1c5 e1d1 c5d6 d1e1 g6f7 e1e2 f7f8 e2d1 f8f7 d1e2 f7g7 e2e3 g7f7 e3e2 f5f4 e2e1 f7g6 f3g2 f4f3 g2f3 g6g5 e1e2 d6c5 c6c7 g3g2 c7c8q g2g1q c8c6 g1e3 e2d1 c5e7 c6b5 e7c5 f3c6 e3g3 b5c5 g3e5 c5e5 g5g4 c6b7 g4h3 e5e3 h3h2
940,W,value_resign,67,1.128594,4700,2026-09-04 20:14:03,b1c3 c7c6 g1h3 d7d6 c3d5 c8h3 e2e4 g7g5 d2d3 c6c5 g2h3 b8d7 c1g5 d7b6 a2a3 f7f6 c2c3 b6d5 e4d5 a7a6 f1e2 h7h5 f2f4 f8g7 b2b4 a8b8 b4c5 d6c5 d5d6 f6g5 f4g5 h5h4 a3a4 e7d6 d1c2 g8e7 e2f3 d8d7 g5g6 g7h6 g6g7 h8g8 f3g4 b8d8 g4d7 d8d7 a1a2 e7c8 a2a1 b7b6 a4a5 d7e7 e1d1 e7g7 a5b6 g7g5 h1f1 g5h5 b6b7 c8b6 f1f3 h6e3 f3e3 e8f8 c2c1 g8g5 e3e4
941,B,checkmate,104,1.273446,4705,2026-09-04 20:20:05,e2e3 d7d5 b1c3 g7g5 g2g4 c7c6 d2d3 c8d7 e3e4 h7h5 c3d5 g8h6 d3d4 c6d5 a1b1 d5e4 f2f3 b7b5 g1e2 f7f5 a2a3 h8g8 b2b3 e4f3 c1g5 f8g7 g5f4 e8f8 d4d5 b8a6 g4g5 f3e2 d1d4 h5h4 c2c4 g7d4 c4b5 a6c5 b1b2 e7e5 f4e5 h6g4 e5d4 d8e7 b2c2 f5f4 b5b6 a8b8 b6a7 e7d8 a7b8q d8b8 e1e2 c5d3 c2c4 b8e8 e2d3 f4f3 h2h3 e8g6 d3d2 g6g5 d2d1 g5f4 h3g4 g8g4 f1d3 f8e8 d1c2 g4g3 c2b1 f4b8 h1h4 f3f2 d4b2 g3d3 b2c3 b8b7 h4g4 d7g4 c4g4 b7d7 a3a4 d7g4 b1b2 d3d2 c3d2 e8d8 d2h6 g4h5 h6g7 d8e8 a4a5 e8f7 a5a6 f7g7 a6a7 g7h6 a7a8q f2f1q a8b7 f1g2 b2c1 h5h1
942,B,material_adjudication_moderate,97,1.261590,4710,2026-09-04 20:23:49,b1c3 c7c6 g1h3 h7h5 g2g3 b7b6 d2d4 f7f5 c3d5 c6d5 e1d2 g7g5 a2a4 b8a6 f1g2 g5g4 h3g5 g8f6 a4a5 b6a5 a1b1 a6b4 c2c4 f8h6 f2f4 b4d3 c4c5 d8c7 d2d3 h5h4 g5e6 d7e6 h1g1 e8f7 e2e3 a5a4 b2b3 a7a6 e3e4 f6e8 d1e2 h4h3 g2h3 g4h3 g1d1 a4b3 e4d5 e6d5 e2d2 h8f8 d2e1 c7b8 c1d2 f7g6 b1c1 e7e6 c1b1 g6g7 b1b3 b8b3 d2c3 b3a4 d1a1 a6a5 a1a4 c8b7 a4a5 a8a5 c3a5 e6e5 d4e5 f8h8 e1d2 g7f8 d3c2 h6g7 e5e6 g7f6 d2e3 b7c8 a5c7 e8c7 e3e2 c8e6 e2f2 h8h7 c2b3 h7h8 b3c2 h8h7 f2e3 h7f7 e3e2 c7a6 c5c6 a6c7 e2f2
943,B,material_adjudication,66,1.224122,4715,2026-09-04 20:26:45,b1a3 h7h5 a1b1 c7c5 b2b4 h8h6 d2d4 c5b4 c2c3 a7a5 d1d3 h5h4 g2g3 h4g3 f2g3 b4c3 d3b5 h6a6 c1d2 b8c6 b5c4 c3d2 e1d2 a5a4 g1f3 a6b6 c4c2 c6b4 d2e3 b4c2 a3c2 d7d6 h2h4 e7e6 g3g4 f8e7 g4g5 e7f6 g5f6 g7f6 c2a3 e8e7 e3f2 b6c6 b1e1 e6e5 a3b5 c8g4 f1h3 f6f5 h3g4 f5g4 e1g1 e5e4 g1g4 f7f6 g4g5 f6g5 h4g5 e4e3 f2e3 c6c4 h1h3 a4a3 d4d5 c4b4
944,W,material_adjudication_moderate,110,1.293820,4720,2026-09-04 20:27:13,h2h4 b7b6 b1c3 c7c6 c3d5 c6d5 g2g4 e7e5 d2d4 g8e7 a1b1 b8c6 f2f4 g7g5 e2e3 e5d4 e3d4 g5h4 f4f5 a8b8 d1d2 c6d4 f1c4 a7a6 g1f3 d4c6 d2d5 e7d5 c4d5 d8c7 d5e4 d7d6 g4g5 c6e7 c1d2 b6b5 a2a4 b5a4 d2f4 c7d8 e1e2 b8b5 e2e3 b5f5 e4f5 c8f5 f4d6 d8d7 d6a3 f5g6 f3e5 d7d6 a3d6 a6a5 d6a3 e7d5 e3d2 f8a3 e5g6 f7g6 c2c4 a3b4 d2d1 d5c7 c4c5 b4c5 d1e1 c5e7 h1g1 e8d8 b1c1 d8e8 c1c7 e7d6 c7b7 e8f8 b7a7 f8e8 g1h1 h8f8 h1h4 f8f5 h4a4 d6b8 a7h7 b8a7 b2b3 e8d8 e1d2 f5g5 d2c3 d8c8 h7f7 g5f5 f7a7 f5f6 c3d4 c8b8 a4a5 g6g5 d4e5 g5g4 b3b4 f6b6 e5f4 g4g3 f4g3 b6b4 a7e7 b4c4
945,W,value_resign,69,1.334084,4725,2026-09-04 20:27:40,d2d3 b7b5 e2e4 f7f6 e1d2 a7a6 b2b3 d7d6 a2a3 c7c5 g2g3 e7e5 d1f3 c5c4 g1e2 c4d3 c2d3 d6d5 d2e3 f8c5 e2d4 b5b4 b1d2 e5d4 e3e2 b8d7 a3b4 g8h6 e4d5 h6f5 b4c5 h7h5 f3f5 g7g6 f5g6 e8f8 c1b2 h8g8 g6h6 f8e8 b2d4 g8h8 h6e3 e8f8 d2c4 d8c7 h1g1 c8b7 f2f3 h8h7 f1g2 a6a5 a1f1 b7d5 d4e5 f6e5 f3f4 a5a4 b3a4 h7f7 f4e5 d5c4 d3c4 f7f6 e5f6 d7c5 g2h3 c5e4 e2d1
946,B,material_adjudication_moderate,103,1.258761,4730,2026-09-04 20:36:21,a2a3 g8f6 a3a4 h7h6 b2b4 a7a5 c1a3 f6h7 f2f4 g7g5 h2h4 g5f4 b4a5 e7e6 h1h2 f7f6 c2c4 c7c6 a3b2 d8c7 b2c3 f8b4 e1f2 c7e5 d2d4 b4c3 f2f3 e5d4 a1a2 d4e3 f3g4 a8a5 b1c3 e8e7 d1c2 b8a6 g1h3 a6b4 c2b2 b4a2 c3b1 a2c3 b2c3 b7b6 c3e3 f4e3 g2g3 c8b7 h4h5 f6f5 g4f4 e6e5 f4e3 e7f6 h2g2 e5e4 g2g1 h8g8 c4c5 g8a8 e3f4 h7g5 c5b6 d7d6 b1c3 c6c5 c3b5 c5c4 b5c7 a8c8 h3g5 h6g5 f4e3 c4c3 f1g2 f6g7 e3d4 a5e5 d4c3 c8b8 c3c4 b7c8 e2e3 c8d7 g1d1 b8b6 a4a5 e5a5 d1d2 g5g4 h5h6 g7h6 c7d5 d7e6 g2f1 b6b8 f1e2 e6d5 d2d5 a5a2 d5d6 h6g7 d6d1
947,W,material_adjudication,78,1.342531,4735,2026-09-04 20:41:01,a2a3 g8f6 a3a4 d7d5 a4a5 c8e6 f2f3 d5d4 b2b3 g7g6 a1a4 e6d5 a4d4 f6d7 c1b2 d5b3 d4f4 c7c5 c2b3 g6g5 e1f2 h7h5 f4b4 d8a5 b2c3 a7a6 b4a4 a5b5 b1a3 b5a4 b3a4 g5g4 e2e3 h5h4 c3h8 f7f6 a4a5 e8f7 f3g4 f8g7 h8g7 f7g7 f1d3 c5c4 g1e2 c4d3 g4g5 f6g5 e3e4 e7e5 f2e3 g7h7 e3d3 d7c5 d3c2 c5e4 a3c4 e4f2 d1f1 f2h1 g2g3 h4g3 h2g3 h1g3 e2g3 b8c6 c2d3 c6a5 c4e5 a8b8 f1b1 a5c4 d3c4 h7g7 c4c5 a6a5 b1c1 a5a4
948,W,checkmate,85,1.260400,4740,2026-09-04 20:41:28,e2e4 b8a6 e1e2 g8h6 d2d4 c7c5 h2h4 h6f5 d4c5 a6c7 c1d2 f5h4 c2c4 e7e5 b2b3 d8e7 d2c3 h4f5 d1d6 f5d6 c5d6 b7b5 d6e7 f7f5 c4c5 a7a6 b3b4 d7d5 e4d5 a6a5 c3d2 a5b4 a2a3 g7g5 a3b4 c7a6 g1f3 f5f4 f3e5 a6c5 b4c5 c8b7 b1c3 f8e7 e5c6 b7c6 d5c6 a8a1 c3b5 e7c5 h1h5 g5g4 d2f4 c5d4 b5d4 a1a4 e2e1 a4d4 f4c1 d4a4 c1h6 g4g3 f2g3 e8e7 g3g4 h8e8 e1d1 e7f7 g4g5 a4a5 f1e2 f7g6 e2g4 g6f7 g4f5 a5f5 h5h3 f5b5 h3d3 e8e4 c6c7 f7e8 c7c8q e8e7 c8d7
949,W,material_adjudication_moderate,92,1.309614,4745,2026-09-04 20:41:54,d2d3 b7b5 e2e4 e7e5 b2b3 a7a5 a2a3 h7h5 f2f3 g7g5 c1g5 f8d6 g5c1 c7c5 g2g3 e8f8 e1e2 c8b7 a3a4 b5a4 f1g2 h5h4 a1a4 f7f6 g1h3 d6e7 a4c4 h4g3 b1a3 d8b6 h2g3 a5a4 b3a4 f8e8 e2d2 b8a6 g3g4 a6c7 h3f4 h8h1 g2h1 e5f4 d1e2 b6e6 c4c5 e7c5 a3c4 a8a6 a4a5 b7e4 f3e4 e8e7 d2c3 d7d6 d3d4 f4f3 e2f3 a6a5 d4c5 a5c5 c1e3 c5c4 c3d3 c4b4 c2c3 b4b2 f3g2 b2b1 d3c2 e7f8 c2b1 e6e7 b1a1 d6d5 e4d5 c7d5 g2d5 e7d7 c3c4 d7d5 c4d5 f8e8 h1g2 e8f7 g2f1 g8e7 a1a2 e7d5 e3d2 f6f5 g4g5 d5c7
950,W,material_adjudication,78,1.285955,4750,2026-09-04 20:42:42,e2e3 a7a5 f1b5 e7e6 g2g3 e8e7 b5e2 b8c6 h2h4 a5a4 g3g4 c6e5 e2b5 e7e8 g1h3 b7b6 h1g1 e8e7 d2d3 h7h5 g4h5 f7f6 e3e4 a8a6 b5a6 g7g5 b1a3 c8a6 a1b1 g5g4 e1d2 g4h3 f2f4 d7d6 c2c4 e5d3 d2d3 h3h2 g1g6 h8h5 a3b5 h2h1q d1h1 e6e5 h1g2 c7c6 b2b4 c6b5 c4b5 h5h4 b5a6 e5f4 c1a3 d8d7 a6a7 d6d5 a7a8q d5d4 a8a6 h4g4 b1c1 g4g2 g6g8 g2f2 a6b6 e7e8 b6c5 e8f7 c5c4 f7e7 c1b1 f2a2 c4a2 e7d8 a2b2 f4f3 b2c1 d7c8
951,B,material_adjudication_moderate,100,1.203771,4755,2026-09-04 20:50:07,e2e3 g7g5 g1h3 e7e6 g2g3 g8e7 e1e2 e6e5 d2d3 b8c6 f1g2 f7f5 b1a3 b7b6 h3g1 a7a5 g2f3 f8g7 c2c3 e8f7 c1d2 g7f8 a3c2 e5e4 d3e4 f5e4 f3g4 f7g6 f2f4 e7d5 c2d4 c6d4 e3d4 d5f6 d4d5 f6g4 h2h4 g5h4 b2b3 g6f6 d5d6 c8a6 c3c4 e4e3 g3h4 f8d6 g1f3 e3d2 d1d2 c7c6 d2d6 f6f7 a1d1 a8b8 f3d4 h8e8 e2f3 b6b5 f3g4 b5c4 h4h5 d8f6 d6f6 f7f6 h5h6 c4b3 a2b3 e8e3 d4c6 d7c6 d1e1 e3e1 h1e1 f6f7 e1e5 a6d3 e5c5 b8b6 c5c4 f7f8 c4c5 b6a6 c5c4 d3c4 b3c4 c6c5 g4f5 f8f7 f5g5 f7g8 f4f5 g8h8 f5f6 h8g8 g5h5 a5a4 h5h4 a6a7 h4g5 a4a3
952,B,material_adjudication_moderate,121,1.303223,4760,2026-09-04 20:55:51,a2a3 c7c5 h2h4 a7a5 d2d4 c5d4 h4h5 d7d5 c1d2 f7f6 a1a2 a5a4 e2e3 b7b5 f1b5 b8c6 g2g3 c8d7 e1f1 g8h6 e3d4 c6b8 c2c3 f6f5 d2e1 a8a7 f2f4 a7c7 b5d3 g7g6 e1d2 g6h5 h1h5 b8c6 d1f3 c6a5 d3e2 h6f7 b2b4 a4b3 a2b2 h7h6 b2b3 a5b3 c3c4 b3a1 c4d5 h8g8 d5d6 c7c6 d6e7 f8e7 d4d5 c6c5 d5d6 e7d6 a3a4 d8f6 d2e3 a1b3 g1h3 d7a4 e3c5 d6c5 f3d5 c5d6 e2b5 a4b5 d5b5 e8f8 b5b3 f6d4 b3c3 d4c3 b1c3 g8g6 c3e2 g6f6 e2d4 d6c7 f1g2 f6b6 d4c2 f7d6 g2f1 b6b3 h5h6 b3c3 c2d4 c7b8 h6d6 b8d6 d4b5 c3c1 f1e2 d6e7 e2d2 c1a1 d2e2 e7f6 b5a7 a1c1 e2d2 c1a1 d2c2 a1a7 h3g1 f8g8 c2b3 g8f8 b3c2 a7d7 c2b3 f8f7 b3a4 f7e7 g1f3 e7e8 f3g5 e8d8 a4b5
953,B,material_adjudication,97,1.299317,4765,2026-09-04 20:55:52,h2h4 h7h5 e2e4 a7a5 d2d4 a5a4 e1e2 e7e5 b2b3 d7d6 c1e3 e5d4 e3h6 c7c5 b1d2 g8h6 c2c4 b8d7 e4e5 g7g5 h4g5 f7f5 g5f6 h6g8 e5e6 h5h4 g2g4 g8f6 e6d7 f6d7 b3a4 f8e7 d1e1 a8b8 e2d1 b7b6 f2f3 b8a8 g4g5 a8a4 h1h4 h8h4 e1h4 e7g5 h4h5 e8f8 h5g5 d8g5 f1e2 g5g3 d2e4 g3g1 d1d2 g1f2 e4f2 a4a3 f2d3 c8b7 d2c2 b7a6 c2b2 a3d3 e2d3 a6c4 d3c4 f8e8 a1g1 d7e5 c4b3 c5c4 f3f4 c4b3 f4e5 d6e5 b2a3 b3a2 a3a2 e5e4 g1g4 e4e3 g4g3 e3e2 g3g1 e8f8 g1e1 d4d3 a2a1 d3d2 e1e2 d2d1q a1a2 d1e2 a2b3 e2f3 b3b2 f3g3 b2b1
954,W,material_adjudication,66,1.286238,4770,2026-09-04 20:56:17,e2e3 a7a5 b2b3 g8h6 c1a3 b7b5 c2c4 f7f5 a3c1 a5a4 b1c3 e7e6 e1e2 b5b4 b3a4 d8g5 g1h3 g5g6 a2a3 b4c3 h1g1 h8g8 d2c3 f5f4 d1d4 c7c5 d4f4 c8b7 h3g5 a8a6 c1d2 f8e7 g5e6 d7e6 e2d1 g6h5 f1e2 g7g6 e2h5 g6h5 f4h6 g8g6 h6h7 g6f6 e3e4 e8f8 d2e3 e6e5 a1c1 a6a8 e3c5 e7c5 g2g3 b8d7 f2f4 f6h6 h7h6 f8f7 a4a5 e5f4 g3g4 b7c6 h6g5 a8g8 g5h5 f7f8
955,W,material_adjudication,106,1.305562,4775,2026-09-04 20:57:33,h2h4 h7h5 a2a4 b7b6 a4a5 g8h6 f2f4 b8a6 b2b3 h8g8 g2g4 c7c6 a5b6 h6g4 d2d3 a6b4 c2c3 a7a5 a1a5 a8a5 c3b4 a5f5 f1g2 g4h6 c1b2 c8b7 g2e4 d7d5 e4f5 g7g5 h4g5 h6f5 g1f3 f5g3 h1g1 f8g7 b2g7 g8g7 b1d2 d5d4 f3d4 d8b6 g1g3 b6d4 g3g2 d4b2 e2e3 g7g8 f4f5 h5h4 d1e2 h4h3 g2g1 e8f8 e1d1 f8g7 f5f6 g7f8 f6e7 f8e7 b4b5 c6b5 e3e4 g8c8 d1e1 b2g7 d3d4 f7f6 g5f6 e7f6 g1g7 f6g7 e1d1 h3h2 e2h2 b7e4 h2h3 e4d5 h3g4 g7f6 g4e2 d5f3 d2f3 c8b8 f3g5 f6g5 d1c2 b5b4 e2d3 g5f4 d3c4 f4e3 c2b1 b8c8 c4b4 c8b8 b4a5 e3d4 a5a7 b8b6 a7b6 d4e4 b6d8 e4f5 d8c7 f5e6
956,W,checkmate,107,1.267068,4780,2026-09-04 20:59:10,e2e3 g7g5 f2f4 a7a5 d1e2 a5a4 e2h5 f8g7 g2g3 g5f4 f1b5 c7c6 b2b3 f4e3 d2e3 d7d6 h5d1 c6b5 e3e4 a4a3 g3g4 h7h5 b1d2 d8b6 d1f3 c8f5 f3e2 f5e4 e2e4 h5h4 e1e2 f7f5 g4f5 b6d4 g1f3 d4e4 d2e4 h8h5 c1d2 h4h3 b3b4 g8h6 h1b1 h6f5 e4g3 f5g3 h2g3 g7b2 f3d4 b2a1 b1a1 e7e5 d4f3 e5e4 g3g4 h5d5 f3h2 e4e3 d2e3 d5e5 g4g5 b8a6 c2c3 a6c7 h2f3 e5f5 f3d4 f5f7 e3d2 f7g7 a1h1 d6d5 h1h3 e8d7 h3h5 g7g6 d2c1 a8d8 c1a3 g6g7 a3c1 g7g6 e2d1 g6g7 d1d2 g7g6 d2c2 g6g7 c1d2 g7g8 h5h6 g8g7 d2c1 c7a6 c1d2 a6c7 d2c1 c7a6 c1d2 a6c7 h6f6 g7g5 d2g5 d8f8 f6f8 b7b6 f8d8
957,B,material_adjudication_moderate,129,1.286947,4785,2026-09-04 21:01:09,b1a3 a7a5 f2f3 b7b5 c2c3 d7d5 e2e4 g7g5 e4d5 d8d5 a1b1 e8d8 d1b3 d5d4 c3d4 b8c6 g2g3 c6d4 b3b5 c8d7 e1f2 d7b5 f1g2 b5c6 b2b3 h7h6 g1e2 d4e6 h1d1 c6f3 g2f3 h6h5 d2d4 a5a4 d4d5 a4b3 d5e6 d8c8 a3b5 b3a2 b1a1 c8b8 b5d4 c7c5 d1d3 c5d4 e2d4 f7e6 c1e3 f8g7 d4b3 g7a1 b3a1 e6e5 f3a8 b8a8 f2e2 e5e4 d3d2 h8h6 e3g5 h6e6 g5f4 e4e3 f4e3 g8f6 d2d1 h5h4 g3h4 f6g4 e2d3 g4e3 d1d2 e6e5 d2a2 a8b7 d3d4 e5f5 d4e3 e7e5 e3e4 f5h5 a2e2 h5h4 e4e5 h4c4 h2h3 c4a4 e5f6 a4a2 e2e3 b7c6 f6e7 a2a1 e3f3 c6c5 f3e3 c5d4 e3e2 d4d3 e2g2 a1h1 g2f2 h1h3 f2b2 h3f3 b2g2 d3d4 g2h2 d4c4 h2h1 c4b3 h1f1 f3f1 e7d8 b3a2 d8e7 a2a3 e7d8 a3a2 d8c7 a2a3 c7c8 a3a2 c8b7 f1a1 b7a6 a2b2 a6b5
958,B,value_resign,48,1.181603,4790,2026-09-04 21:02:18,a2a3 c7c5 e2e4 b8a6 b2b3 c5c4 e1e2 a6c7 d2d4 e7e5 c2c3 g8e7 f2f3 g7g6 c1e3 d7d6 b1d2 c4b3 g2g4 h8g8 h2h4 d8d7 d4e5 d6e5 c3c4 b3b2 a3a4 f8g7 e2f2 b2a1q d1a1 a7a5 f1e2 f7f6 a1d1 e8f8 f2g2 d7e8 d2b3 c8d7 c4c5 d7a4 b3a5 a4d1 e2c4 g8h8 g4g5 h8g8
959,B,checkmate,18,1.252145,4795,2026-09-04 21:03:28,h2h4 g8f6 h1h3 e7e5 h3g3 a7a6 g3d3 g7g6 b1c3 b7b6 d3h3 h7h5 b2b3 f8c5 c1b2 f6e4 h3h2 c5f2
960,B,value_resign,52,1.260640,4800,2026-09-04 21:04:16,d2d3 a7a6 e2e4 b7b6 f2f4 d7d6 b1c3 h7h5 g2g4 b8c6 d3d4 h5h4 d4d5 g8f6 f4f5 a8a7 a2a4 c6b4 d1d3 b4d3 e1d2 f6e4 d2d3 g7g6 b2b4 h4h3 b4b5 h8h6 g1h3 c7c6 h3f2 e4f2 d3d2 a6b5 c1b2 c8d7 c3e2 g6f5 g4g5 h6h8 a4b5 f8g7 a1a7 c6b5 g5g6 g7b2 g6g7 h8g8 c2c3 b2a3 c3c4 a3b2
961,B,material_adjudication,95,1.278232,4805,2026-09-04 21:08:17,e2e3 a7a5 b2b3 a5a4 g2g3 h7h5 b1c3 a8a7 c3b5 a4b3 b5a7 b7b6 d2d4 c8a6 a2a4 a6e2 d4d5 e2d1 c2c4 d1e2 e3e4 h5h4 g1e2 c7c6 a7b5 h8h7 e2f4 c6d5 e4d5 e7e6 c1b2 b8a6 g3g4 g7g5 a4a5 b6a5 b5d4 a6c7 f4h5 f8e7 f2f4 a5a4 a1a4 g5f4 a4a1 f7f5 d5d6 e7d6 g4f5 d6c5 d4b3 c5e7 f5f6 g8f6 h5f6 e7f6 f1g2 f6b2 a1d1 b2c3 b3d2 f4f3 g2f3 h4h3 f3e4 c3d2 d1d2 d8e7 e4h7 e8f7 c4c5 e7c5 h7e4 c5c3 e1e2 c7d5 e4d5 e6d5 d2d5 c3c4 d5d3 d7d6 h1b1 c4a2 b1b2 a2b2 d3d2 b2c3 d2b2 c3b2 e2f3 b2f6 f3e2 f7e6 e2e1
962,W,material_adjudication,104,1.254407,4810,2026-09-04 21:08:42,b1a3 a7a5 e2e3 f7f6 g2g3 e7e5 h2h3 e8e7 f1e2 a5a4 e1f1 e5e4 b2b3 b7b6 h1h2 b8a6 a3c4 d8e8 f2f4 h7h5 d2d3 h8h7 f1e1 e4d3 e1f2 d3e2 g1e2 e7f7 d1d5 e8e6 d5a8 f8c5 e2d4 c5d4 e3d4 g7g6 c4d2 f7g7 a8a7 h7h8 c2c3 h5h4 c1b2 c7c5 d4c5 a4b3 a2b3 h4g3 f2g3 c8b7 a7b7 a6c5 b7a7 e6d5 h3h4 g8e7 c3c4 e7c6 c4d5 c6a7 g3g4 a7c8 a1f1 c8d6 h2h1 h8h5 b3b4 h5f5 b4c5 b6c5 b2c3 g7f8 h4h5 f5h5 c3f6 f8f7 f6e5 h5h1 f1h1 f7e8 h1h4 e8e7 e5d6 e7d6 d2f3 d6d5 f3g5 d7d6 g5h7 c5c4 h7f8 g6g5 f4g5 c4c3 h4h5 c3c2 h5h1 c2c1q h1c1 d5d4 c1h1 d6d5 f8g6 d4c4
963,W,material_adjudication,82,1.242463,4815,2026-09-04 21:11:29,e2e3 h7h5 b2b3 h5h4 d1g4 a7a5 e1e2 b7b5 e3e4 e7e5 d2d3 b8a6 g4f3 d8e7 e2d2 b5b4 f3e3 d7d6 e3f3 f7f5 g2g4 f5f4 g4g5 h4h3 g5g6 g8h6 b1c3 b4c3 d2c3 h8g8 f1h3 c8h3 g1h3 h6f5 e4f5 a6c5 h3f4 e5f4 f3a8 e7d8 a8d8 e8d8 h1g1 f8e7 f5f6 e7f6 d3d4 c7c6 h2h4 c5e4 c3d3 d8e8 c2c3 f6h4 d3e4 g8f8 c1f4 f8f4 e4d3 h4f6 b3b4 a5b4 c3b4 f6d4 a1b1 f4f2 d3d4 c6c5 d4d3 c5b4 b1d1 f2f6 d3c4 b4b3 a2b3 f6g6 g1g6 e8d7 b3b4 d7e8 d1d2 e8f7
964,B,material_adjudication,69,1.249513,4820,2026-09-04 21:11:30,h2h4 b7b6 b2b3 h7h5 h1h2 h8h6 c2c3 c7c6 g2g4 g7g5 f2f4 f8g7 c3c4 g7a1 f1h3 d8c7 c1b2 h6h8 b2h8 a1h8 e1f1 h5g4 h3g2 g5h4 d2d3 e8f8 g2h3 e7e5 b1c3 c7d8 h3g4 d7d6 g4f5 h8f6 g1h3 d8e7 h3f2 b8a6 h2h3 a6c7 d1c1 b6b5 c4b5 c6b5 c1b2 b5b4 f4e5 f6e5 a2a3 b4a3 b2a3 a7a6 f2g4 c8f5 f1e1 e7e6 d3d4 e5g7 d4d5 e6e7 a3b2 e7d7 c3b1 f5g4 h3h4 g7b2 b1d2 d7c6 d5c6
965,B,value_resign,28,1.252671,4825,2026-09-04 21:12:17,e2e3 a7a5 d1g4 a5a4 g4e6 d7d6 f2f3 c8e6 e3e4 b7b6 g1e2 e6c8 c2c4 e7e5 b1c3 f7f5 e4f5 g8e7 b2b3 a4a3 f5f6 e8f7 h2h3 b8d7 g2g3 g7g5 e1f2 f7g6
966,B,material_adjudication_moderate,105,1.305751,4830,2026-09-04 21:12:39,a2a4 b7b6 b2b4 e7e6 g1h3 c7c5 f2f3 h7h6 f3f4 f7f6 h3g5 h6g5 b1a3 g5g4 b4b5 f8e7 e2e4 c5c4 a3c4 e6e5 d2d3 e5f4 c1f4 e8f8 f4b8 h8h2 h1h2 a8b8 a1b1 d8e8 b1b3 d7d5 c4d2 d5d4 d1e2 g4g3 h2h7 g7g5 h7h3 g5g4 h3g3 e7c5 a4a5 g8e7 a5a6 f8g7 g3g4 c8g4 e2g4 g7h8 g4e2 h8g7 d2c4 c5b4 b3b4 e7g8 e1d1 e8e7 d1e1 e7b4 e1f2 b8f8 f2g1 b4e7 g2g4 f8e8 c2c3 d4c3 c4e3 c3c2 e3c2 e7c5 d3d4 c5c8 d4d5 c8c5 c2e3 g7f8 g4g5 f6g5 g1g2 g8f6 e3c4 e8e4 e2b2 f6d5 f1d3 e4c4 d3c4 c5c4 b2a3 c4c5 a3c5 b6c5 b5b6 d5b6 g2f2 b6d7 f2e3 f8g7 e3d3 g7f8 d3c4 f8e7 c4d3
967,B,value_resign,72,1.319949,4835,2026-09-04 21:13:23,b2b3 b8a6 h2h4 g8f6 g1h3 f6d5 h3f4 f7f5 c2c4 d5f4 h1h3 a8b8 a2a4 f4h3 d2d3 a6b4 c1b2 b7b5 b2d4 h7h6 a4b5 b8a8 g2g4 f5g4 f2f3 a7a6 f3g4 h3g1 h4h5 h8g8 e2e3 d7d6 e1f2 e7e5 d1c1 a6b5 a1a8 c7c5 d4c3 d6d5 c4b5 d5d4 f2g1 d4c3 b1c3 f8d6 a8a7 c8e6 f1e2 c5c4 b3c4 d8b8 c1d1 b8a7 c4c5 d6c5 b5b6 a7a8 b6b7 a8b7 d1d2 e8d7 c3e4 c5e7 e4c5 e7c5 d2b4 c5b4 g4g5 d7d6 g5g6 b7b6
968,B,value_resign,58,1.337761,4840,2026-09-04 21:13:44,a2a3 d7d5 e2e3 b7b5 h2h3 e7e6 h1h2 h7h6 f1b5 b8d7 d2d4 f7f6 f2f3 g7g5 b2b4 c8b7 c2c3 a7a6 h3h4 g5h4 b5e2 f8b4 e1d2 a8c8 a3b4 g8e7 h2h3 a6a5 g2g4 a5b4 a1a8 c8a8 h3h4 b4b3 g4g5 f6g5 h4h6 h8h6 c3c4 d5c4 d2c3 h6h4 c1a3 e7c6 c3c4 d8b8 g1h3 b3b2 h3g5 e8d8 g5f7 d8c8 f7d8 c6d8 a3b4 b7c6 b1a3 d7b6
969,B,value_resign,52,1.292300,4845,2026-09-04 21:17:38,h2h4 h7h5 e2e4 a7a5 e1e2 b7b5 b2b3 b8a6 d2d4 e7e5 c1f4 e5f4 g2g4 c8b7 d1d2 d7d6 g4h5 d8f6 c2c3 f4f3 e2e1 f6h6 d2e3 f8e7 f1b5 c7c6 a2a4 a6b8 c3c4 g8f6 e3f3 b8d7 e1d1 a8d8 e4e5 d6e5 d4e5 c6b5 e5f6 d7f6 d1e2 b5c4 g1h3 c4b3 h3g5 b3b2 h1d1 b2a1q g5f7 e8f7 d1d4 d8a8
970,B,value_resign,48,1.243165,4850,2026-09-04 21:17:39,h2h4 h7h5 b1c3 c7c6 c3b1 a7a5 e2e4 c6c5 g2g3 f7f6 e1e2 a8a7 d2d4 c5d4 b2b4 d7d5 b4a5 g8h6 h1h2 d8c7 f1g2 c7d7 c1e3 d7g4 g1f3 e7e6 e4d5 d4e3 g2h3 g4c4 d1d3 c4d5 d3d5 e6d5 g3g4 h6g4 h3g4 h5g4 b1d2 a7a5 h4h5 d5d4 a2a4 g4f3 e2d3 a5a8 d2c4 a8a5
971,B,material_adjudication_moderate,139,1.277002,4855,2026-09-04 21:18:23,b1a3 a7a5 b2b3 c7c6 e2e3 f7f6 f2f3 a5a4 e1e2 a8a7 a3c4 e7e6 g2g3 f8b4 f1g2 a7a8 c2c3 d8b6 c1a3 b4a3 e2f1 b6a6 d1e2 g7g5 h2h3 e8e7 e3e4 h7h6 a1e1 h6h5 b3a4 a3c5 e1d1 a6a4 h3h4 d7d5 c4e3 b8d7 h4g5 d5e4 f3e4 f6g5 g2f3 c5e3 d2e3 g5g4 f3g4 h5g4 h1h8 g8f6 d1d4 a4a3 e4e5 d7e5 h8h4 a3a5 e3e4 b7b6 h4h1 c8b7 e2c2 b6b5 h1h6 b5b4 c3b4 a5a4 c2a4 a8a4 h6f6 e7f6 d4d1 f6e7 d1e1 a4a2 e1e2 b7a6 b4b5 a6b5 f1g2 b5e2 g1e2 e7f8 g2f1 c6c5 e2c3 a2a5 c3e2 a5a2 e2c3 f8g8 c3a2 e5d7 a2c3 g8f7 c3b5 f7e7 b5a3 e7f8 e4e5 f8g8 f1e1 g8f8 e1e2 f8e8 e2d3 e8d8 a3c4 d8e8 d3c3 e8d8 c3c2 d8c7 c2c3 c7d8 c3b3 d8c7 b3c3 c7d8 c4a5 d8c7 c3c4 c7b6 a5b7 b6b7 c4b5 b7c7 b5c4 d7b6 c4c5 b6a4 c5b4 a4b2 b4a5 b2d3 a5a4 c7c8 a4a5 c8d7 a5a4
972,B,checkmate,14,1.239461,4860,2026-09-04 21:18:23,h2h4 b7b6 b2b3 h7h5 f2f3 c7c6 c2c4 b6b5 a2a4 a7a5 a4b5 d8c7 b5c6 c7g3
973,B,value_resign,36,1.226428,4865,2026-09-04 21:21:28,e2e4 e7e5 b2b3 f8c5 d2d3 b8c6 a2a3 c5a3 b1a3 a7a5 b3b4 a5b4 g2g4 c6d4 d1f3 f7f6 f1h3 g7g6 a1b1 b4b3 a3b5 g8e7 g1e2 d4f3 e1f1 h8f8 e2f4 a8a7 b5d6 c7d6 f4e6 d7e6 d3d4 a7a6 d4d5 a6c6
974,B,value_resign,68,1.255980,4870,2026-09-04 21:21:45,h2h4 e7e6 h4h5 h7h6 c2c4 d7d5 f2f4 e6e5 e2e4 e5f4 e1f2 g7g5 c4d5 e8e7 d1e2 b8d7 b2b3 b7b5 e2b5 f7f5 e4f5 g5g4 b5b4 d7c5 g2g3 f4g3 f2g2 d8d6 b4b5 c8d7 b5e2 e7d8 d2d3 d6d5 g2g3 g8e7 g3g4 d5f5 g4h4 f8g7 b1a3 g7a1 d3d4 e7d5 f1h3 f5f7 d4c5 a8b8 g1f3 a1f6 h4g3 c7c6 e2e4 d5c3 c1d2 c3e4 g3f4 e4d6 c5d6 b8a8 b3b4 a7a5 b4a5 d7e6 h3g4 e6g4 h1h2 a8a7
975,B,material_adjudication_moderate,76,1.339140,4875,2026-09-04 21:24:15,h2h4 b7b6 c2c3 c7c5 h1h2 b8c6 g2g3 h7h5 f1g2 d8c7 b2b3 c8b7 g2d5 g7g6 c1b2 c6b4 d5b7 c7b7 c3b4 f7f5 b2e5 g6g5 b4c5 b7d5 c5c6 e8c8 e5f6 e7f6 h2h1 f8h6 e1f1 g5h4 h1h4 g8e7 d1c2 e7g6 h4f4 h6f4 g3f4 a7a5 b1c3 d5c6 a1c1 b6b5 c3b5 c6c2 c1c2 c8b8 d2d4 d8c8 c2d2 g6f4 f2f3 h5h4 d2d3 f4d3 e2d3 c8c1 f1e2 c1c2 e2d1 c2b2 b5c3 b8a8 a2a3 b2b3 d1d2 b3b2 d2d1 b2b7 d1e1 h8g8 g1e2 d7d5 c3d5 b7b1
976,W,material_adjudication,66,1.329300,4880,2026-09-04 21:27:27,h2h4 e7e5 d2d3 h7h6 h4h5 d7d6 b2b3 b7b6 c1d2 d8f6 b1a3 g7g5 f2f4 e8e7 f4g5 h6g5 g1h3 d6d5 h3g5 h8h5 h1h5 a7a6 g2g3 f6f5 f1g2 f5g4 c2c3 f7f6 c3c4 g4h5 c4d5 h5g4 a3c2 c7c6 b3b4 c6d5 c2d4 b8c6 d4c6 e7d7 g5f3 d7c6 f3h4 f8e7 e1f2 e7b4 d2b4 g4b4 d1c2 c6d7 g2d5 g8e7 d5a8 b4g4 d3d4 g4e6 a8e4 e5d4 a2a4 e6e4 c2e4 f6f5 e4d4 d7e8 d4f6 c8d7
977,W,checkmate,47,1.236284,4885,2026-09-04 21:27:45,e2e4 b8c6 g2g4 h7h5 f1d3 a7a5 d1f3 c6d4 e1f1 h5h4 h2h3 b7b6 c2c4 c8b7 f1e1 g8h6 e1d1 f7f5 g4f5 h8h7 f3e3 d4c6 e3g5 c6b8 e4e5 b7d5 f5f6 e7f6 g5g6 e8e7 g6h7 d5h1 d3c2 f6e5 d2d4 c7c6 f2f3 e5e4 a2a3 h1f3 g1f3 e4f3 c1h6 e7e8 h7g6 e8e7 h6g5
978,W,material_adjudication,70,1.318264,4890,2026-09-04 21:29:27,h2h4 h7h5 b1c3 c7c6 d2d3 a7a6 b2b3 b7b5 c1g5 h8h7 g2g4 a8a7 e2e4 g8h6 a2a3 d8c7 e4e5 c7d8 c3e2 h5g4 g5h6 g7g6 h4h5 f8h6 h5g6 h7g7 a1c1 g4g3 f2f4 f7g6 c1a1 g6g5 f4g5 g3g2 f1g2 h6g5 g2e4 e8f7 g1f3 f7e6 f3d2 g5d2 d1d2 a7b7 h1h3 d7d5 e5d6 e7d6 c2c3 e6d7 d2c2 g7g4 h3h5 g4e4 d3e4 c6c5 a3a4 c5c4 a4b5 a6b5 e1f2 b7b6 b3c4 d8h4 h5h4 b5c4 e2f4 d7e8 f2e3 c8b7
979,B,checkmate,46,1.308775,4895,2026-09-04 21:29:28,a2a4 g7g6 h2h4 a7a5 b1c3 a8a7 c3d5 e7e6 c2c4 c7c5 a1b1 e6d5 d2d4 c5d4 c4c5 h7h5 d1d4 b8c6 d4d5 g8f6 c1d2 f6d5 b1d1 h8g8 e2e4 f7f6 e4d5 f8g7 d5c6 d8c7 c6b7 c7b7 f1d3 b7g2 h1h2 g2h2 g1f3 h2g2 f3d4 a7a6 d3a6 c8a6 d4e6 a6c4 e6f4 g2f1
980,W,material_adjudication_moderate,76,1.377193,4900,2026-09-04 21:29:49,a2a4 b7b6 g1h3 d7d6 c2c3 e7e5 g2g3 c8d7 f2f4 d8f6 f4e5 d6e5 h1g1 f8c5 d1b3 c5a3 b3a3 b8a6 c3c4 a8d8 f1g2 a6b4 a3b4 c7c6 a1a3 a7a5 b4b6 d8b8 b6c5 g7g6 e1d1 e8d8 a3f3 d7e6 f3f6 g8f6 e2e3 d8c7 b1c3 b8d8 d2d3 h7h6 d3d4 e5d4 c5e5 c7c8 g2f3 f6d7 e5d4 d7b8 d1e1 d8d4 e3d4 h8f8 e1e2 f7f6 g1f1 c6c5 f3e4 e6f7 c3d1 c5d4 e4g6 f7g6 g3g4 h6h5 g4h5 f8e8 e2d2 g6h5 d2d3 h5f7 h3f4 f7e6 f4e6 e8e6
981,W,material_adjudication,66,1.259257,4905,2026-09-04 21:31:54,a2a4 c7c6 a1a2 f7f6 c2c3 c6c5 d2d3 a7a5 e2e3 e8f7 e1d2 g7g6 f2f3 e7e5 h2h3 f8h6 d3d4 h6g5 d4e5 d8b6 a2a3 b6e6 f1e2 f6f5 h3h4 e6e5 d2c2 g5f6 g2g4 f5g4 f3g4 c5c4 g1f3 e5e6 c1d2 f7e7 d1f1 a8a7 a3a1 f6e5 f3d4 e6d6 e2c4 g8f6 d4b5 d6e6 c4e6 d7e6 b5a7 e5c3 b1c3 h8d8 c3b5 c8d7 b2b3 d8e8 b5c7 f6e4 f1e1 e8d8 e1f1 e4d2 f1e2 h7h5 a1d1 g6g5
982,W,checkmate,61,1.203674,4910,2026-09-04 21:32:34,a2a3 c7c5 a3a4 f7f5 a4a5 a7a6 b2b3 d7d5 e2e3 h7h6 g2g4 f5g4 b1a3 h6h5 d1e2 e8d7 f2f4 a8a7 e3e4 d5d4 c1b2 g8h6 f4f5 h8g8 g1f3 d7d6 f1g2 g4f3 a3b1 f3e2 g2f1 c5c4 b3c4 c8d7 e4e5 d6c5 c2c3 c5c4 c3d4 g7g5 e1e2 d7c6 b1a3 c4b4 a3c2 b4b3 b2c3 f8g7 a1b1 b3a4 b1a1 a4b3 a1b1 b3a4 b1b2 d8c8 b2b3 h6f7 b3a3 a4b5 e2e1
983,W,value_resign,67,1.245437,4915,2026-09-04 21:35:23,b1a3 a7a5 b2b3 a5a4 d2d3 g7g5 h2h4 b7b6 e2e4 c8a6 c1d2 d7d6 h4g5 a4b3 h1h5 b8c6 a1b1 b3a2 d1e2 f7f6 g5f6 e7f6 e2d1 a2b1q d1b1 e8e7 f1e2 a6b5 a3b5 a8c8 c2c3 e7d7 d2e3 f8e7 d3d4 c6a7 b5a7 c8a8 a7b5 c7c6 d4d5 c6b5 b1c1 a8a2 c1b1 h7h6 b1a2 b5b4 c3b4 d8f8 a2b2 d7d8 e2f3 d8e8 b2c2 e8d8 g1e2 d8e8 c2c1 e8d8 e2f4 d8e8 e1d2 e8f7 c1c2 f7e8 c2b3
984,B,checkmate,66,1.194716,4920,2026-09-04 21:40:43,a2a4 h7h5 d2d4 g7g6 f2f3 a7a6 c2c4 d7d5 c4d5 d8d5 e1d2 c7c6 a1a2 e8d7 g2g4 h5g4 h2h3 g4h3 a4a5 c6c5 d1a4 b7b5 a5b6 d7e6 h1h3 f8g7 a2a3 c5c4 h3h7 d5c6 f3f4 h8h7 a4c6 b8c6 g1f3 c6b8 d2e1 a6a5 c1d2 e6d5 f3e5 d5d4 a3g3 c4c3 b1c3 g7e5 f4e5 a5a4 c3a4 a8a4 g3h3 c8h3 f1h3 a4a2 h3e6 f7e6 d2f4 d4c5 e2e3 b8c6 b6b7 c6b8 f4g5 h7h2 e1f1 a2a1
985,B,material_adjudication,66,1.318752,4925,2026-09-04 21:40:44,e2e3 g7g6 h2h3 g8h6 a2a3 f8g7 f2f3 a7a5 c2c4 e8g8 e3e4 c7c5 d2d4 c5d4 c1h6 g7h6 c4c5 f7f6 d1c1 g6g5 e1e2 a5a4 b2b4 a4b3 c1d1 b3b2 h3h4 b2a1q h4g5 f8e8 g5f6 d7d5 d1d4 b7b5 d4a1 d5d4 h1h6 e8f8 a1d4 d8d4 f6e7 d4g1 e7e8q g8g7 c5c6 f8e8 e4e5 b8c6 e2d2 c6d4 h6h1 g1h1 g2g3 c8a6 f1g2 h1g1 g2f1 g1g3 d2c1 a8d8 a3a4 h7h6 a4b5 a6b5 b1d2 g7f8
986,B,material_adjudication,66,1.193975,4930,2026-09-04 21:41:30,e2e4 b8a6 e1e2 g8h6 c2c3 h8g8 f2f3 a6b8 d2d4 f7f5 g2g3 f5e4 c1h6 g7h6 d1d2 e4f3 e2e1 g8h8 g1f3 d7d5 d2f4 d8d7 f1h3 e7e6 f3e5 d7d6 e1e2 b8d7 h1d1 c7c6 a2a4 f8e7 b1d2 h8f8 a4a5 f8f4 g3f4 d7f6 e2e1 c8d7 d2f3 d6b8 f4f5 e6f5 h3f5 d7f5 a1b1 e8d8 e5c6 b7c6 h2h3 e7d6 f3e5 d8c7 b1a1 d6e7 d1c1 f5e4 a1b1 e7d6 b1a1 d6e5 a1b1 e5d6 b1a1 f6h5
987,W,material_adjudication,76,1.296945,4935,2026-09-04 21:49:11,g1h3 c7c5 b2b3 a7a6 h3f4 d7d6 d2d3 e7e6 c1d2 g7g5 g2g3 h7h5 f4h5 f7f6 b1c3 e8f7 a1b1 d8d7 h2h4 h8h5 f2f4 g5g4 h1g1 f8h6 f1g2 d7d8 f4f5 d8c7 d2c1 b7b6 f5e6 f7g7 c3d5 h5d5 g2d5 c7e7 c2c4 b8d7 e6d7 c8d7 h4h5 h6g5 e2e3 g8h6 d5a8 e7f7 a8f3 g4f3 a2a3 h6g8 d1f3 f6f5 e1f1 g5e7 b3b4 e7d8 f3e2 f5f4 g3f4 g7f8 b4c5 b6c5 b1b3 f7f6 g1h1 d7g4 e2b2 f6e7 c1d2 g4h5 h1h5 g8f6 h5h6 d8c7 b2c2 f6h5
988,W,checkmate,61,1.280216,4940,2026-09-04 21:50:01,a2a4 e7e6 g1h3 f8b4 a4a5 g7g6 c2c3 b8a6 f2f3 b4e7 c3c4 g8h6 h3f2 h6f5 c4c5 d7d5 f2g4 e8g8 h2h4 b7b5 a5b6 a6c5 d2d3 f5h4 g4e3 c8d7 b6b7 c5b7 d3d4 c7c5 h1h4 c5d4 e3g4 f7f5 e1d2 f5g4 h4g4 d8c7 e2e4 d4e3 d2e3 e6e5 d1e1 d5d4 e3d2 d4d3 f1d3 b7c5 e1g3 c5b3 d2d1 b3a1 g4c4 c7b6 c1e3 h7h6 e3b6 a7b6 g3g6 g8h8 g6h7
989,B,material_adjudication_moderate,105,1.285065,4945,2026-09-04 21:50:26,h2h4 h7h5 e2e3 a7a6 a2a3 a8a7 g2g3 b7b6 f2f3 d7d5 f1h3 c8h3 d2d3 h3g2 d1e2 g2h1 g3g4 b8c6 b1d2 h5g4 f3g4 d8d7 c2c3 h1e4 d3e4 a6a5 b2b3 d5e4 a3a4 c6d8 g4g5 h8h4 c1b2 e7e5 g1f3 h4h3 f3e5 d7d5 e5f7 e8f7 e2g4 f8d6 g4h3 f7e8 c3c4 d5d3 a1c1 c7c6 g5g6 g8e7 h3h1 e7g6 c1a1 e8d7 h1e4 d3e4 d2e4 d6h2 c4c5 b6c5 e4c5 d7c7 e3e4 g6h4 a1c1 h2g3 e1f1 g7g5 c5e6 c7d7 e6d8 d7d8 c1c6 d8e8 c6c1 g3c7 f1e1 h4g6 b2c3 a7b7 e1e2 c7b6 e2d3 g5g4 e4e5 e8d7 d3c2 g4g3 c3a5 b6a5 e5e6 d7e7 c1b1 a5b4 a4a5 b7b8 a5a6 g3g2 a6a7 b8a8 b1a1 e7d8 a1c1 d8e8 e6e7
990,B,value_resign,50,1.248422,4950,2026-09-04 21:51:36,e2e4 b8c6 g2g4 g8h6 h2h3 h8g8 c2c3 g7g6 f1a6 c6a5 g1e2 d7d5 b2b4 b7a6 a2a4 a5c4 f2f3 a8b8 b4b5 e7e6 c1a3 a6b5 a3f8 d8h4 e2g3 h4g3 e1e2 e8f8 h1g1 c8b7 g1g3 f8g7 e4d5 c4d6 d5e6 f7e6 g3g2 b5a4 b1a3 b8f8 a3c4 d6c4 d2d3 b7f3 e2f1 f3d1 f1e1 c7c6 a1a4 g8h8
991,W,material_adjudication,84,1.276361,4955,2026-09-04 21:52:01,b1a3 a7a5 b2b3 a5a4 e2e3 d7d6 g1f3 f7f5 f1e2 b8d7 b3a4 f5f4 h2h3 e7e5 g2g4 e5e4 h3h4 f4e3 e1g1 d7f6 f3e5 a8b8 g1h2 g8e7 f2e3 d6d5 d2d3 e4d3 d1d3 c7c5 a4a5 c5c4 a3c4 d5c4 e5c4 d8d3 c2d3 c8g4 e2g4 f6g4 h2h1 e7c6 c1a3 f8d6 c4d6 e8d8 d6f5 g7g6 f5d6 g4e3 d6f7 d8d7 f7h8 e3f1 a1f1 b8h8 a5a6 b7a6 d3d4 c6d4 f1d1 h8a8 d1d4 d7c8 d4g4 c8b8 g4g5 a6a5 g5g4 g6g5 h4g5 h7h5 g4h4 b8a7 g5g6 a8b8 g6g7 b8b5 g7g8q b5e5 h1h2 e5d5 h4h5 a7b6
992,B,material_adjudication,67,1.355378,4960,2026-09-04 21:54:44,h2h4 b7b6 a2a3 h7h5 c2c4 d7d6 a3a4 c8f5 g2g4 e7e5 g4f5 e8e7 g1h3 a7a5 f2f4 e5f4 h1g1 e7e8 e2e3 f8e7 d1e2 f4e3 d2d4 b8a6 b1c3 a8c8 c3b5 d6d5 b5c7 a6c7 g1g7 d5c4 a1b1 e8f8 g7g5 e7g5 h3g5 d8d4 g5f7 f8f7 e2c4 d4c4 f1c4 f7e7 c1e3 g8f6 e3b6 f6d5 c4d5 c7d5 b6a5 h8e8 e1d2 c8a8 a5c3 d5c3 b2c3 a8a4 f5f6 e7f6 b1a1 a4a1 c3c4 e8e7 c4c5 e7e5 c5c6
993,B,material_adjudication_moderate,111,1.229653,4965,2026-09-04 21:59:13,h2h4 b7b6 b1a3 f7f6 d2d4 b6b5 b2b4 d7d5 g2g3 e8d7 a3b1 c7c6 a2a3 h7h6 c2c4 c8b7 f1h3 f6f5 e1f1 d5c4 f2f3 h8h7 h4h5 g7g5 h5g6 h7h8 d1e1 f8g7 h3g2 g7d4 e1d1 g8f6 d1d4 d7c7 d4f4 c7d7 e2e3 h8g8 f4f5 d7e8 f5e5 b8d7 e5d4 d8c7 g6g7 g8g7 g2h3 g7g8 h3d7 f6d7 a1a2 c6c5 b4c5 d7c5 a2b2 c5d7 b2b5 g8g6 d4d2 a7a5 b5d5 c7c8 f1e2 g6b6 d5d7 c8d7 d2d7 e8d7 h1h4 b6b1 c1d2 b7c6 h4h6 a8g8 d2e1 b1b2 e2f1 b2a2 e1d2 g8g3 f1f2 g3g8 g1e2 d7c8 h6c6 c8b7 c6c4 a2d2 c4d4 d2d4 e2d4 e7e5 d4b5 b7c6 f3f4 c6b5 f4e5 b5a4 f2f1 a4a3 e5e6 g8d8 e6e7 d8e8 e3e4 a5a4 e4e5 e8e7 f1e1 e7e8 e5e6
994,B,material_adjudication_moderate,83,1.269549,4970,2026-09-04 21:59:15,b1c3 c7c6 c3b5 f7f6 b2b4 c6b5 a2a4 a7a5 h2h3 a5b4 f2f4 h7h6 d2d3 f6f5 d3d4 b5a4 g2g4 h8h7 a1b1 a8a6 g4f5 d8a5 c2c4 a5f5 d1a4 a6a4 f1g2 f5c2 g1f3 d7d5 c4d5 e7e6 c1d2 b8d7 e2e3 f8d6 b1b4 g8f6 h3h4 d6b4 e3e4 b4c3 d5e6 c2d2 f3d2 g7g6 g2f1 e8e7 e6d7 c8d7 f1b5 e7e8 b5a4 d7a4 e4e5 a4d7 e5f6 h7h8 h4h5 g6h5 h1h5 c3d2 e1d2 e8f7 h5h2 h6h5 h2h5 h8h5 d2e1 f7f8 e1d1 b7b6 d1e1 f8e8 f4f5 e8f8 f6f7 d7c8 e1f1 f8f7 d4d5 h5h7 f5f6
995,B,material_adjudication_moderate,76,1.202862,4975,2026-09-04 22:01:09,e2e3 g7g6 h2h3 g8h6 f2f3 c7c6 b2b3 f8g7 d2d4 d8b6 b1a3 c6c5 e1d2 h8f8 d4c5 b6c5 c2c4 f7f5 a3b5 b7b6 a2a3 f5f4 b3b4 c5h5 a3a4 f4e3 d2e3 g7a1 b5d4 b8c6 d4c6 d7c6 c1a3 a7a5 c4c5 c8d7 b4a5 a1d4 e3d4 a8a5 c5b6 h6f5 d4d3 f5g3 b6b7 g3h1 b7b8q e8f7 b8c7 a5a4 d1a4 f8c8 c7c8 d7c8 a4d1 h1f2 d3c2 f2d1 g2g4 h5d5 g1e2 c8e6 g4g5 d5e5 f3f4 e5f5 c2d1 e6c8 e2g3 f5e6 f1d3 c6c5 a3c5 c8b7 c5d4 e6d5
996,B,checkmate,38,1.322008,4980,2026-09-04 22:06:44,b1a3 a7a5 d2d3 f7f6 e1d2 c7c6 e2e3 e7e6 f2f4 f8b4 c2c3 e8e7 h2h3 b4c5 a3c2 b7b6 a2a4 g7g6 g2g3 h7h5 c3c4 d7d5 g1e2 g6g5 h1g1 d5c4 f4g5 f6g5 d3d4 g8f6 d2e1 c8d7 c1d2 b8a6 d4c5 a6c5 e3e4 c5d3
997,B,checkmate,38,1.266522,4985,2026-09-04 22:10:11,h2h4 b7b6 a2a3 g7g5 f2f3 g5h4 c2c4 b8c6 h1h4 f8g7 d2d4 c6d4 h4f4 a7a5 f4d4 e7e5 c1h6 g7h6 a1a2 d8e7 b1d2 f7f5 d2b1 a8a7 d4h4 a7b7 h4h5 d7d6 h5h2 h6f4 h2h5 e5e4 c4c5 e4f3 g2f3 f4e3 h5f5 e7h4
998,W,material_adjudication,106,1.289876,4990,2026-09-04 22:11:45,h2h4 h7h5 a2a3 b7b6 e2e3 d7d5 e3e4 c8a6 d2d3 d5d4 c1g5 e7e5 g1e2 c7c6 g5d8 a6d3 c2c3 f8e7 d8e7 a7a6 b1d2 d3b5 d1b3 e8d7 b3a2 g8e7 a3a4 h8h6 a1d1 b5a4 a2a1 d4c3 b2c3 e7g6 a1c1 d7e8 d2c4 a4c2 c1c2 a8a7 e2c1 a7a8 c4a3 a6a5 a3c4 b6b5 c2e2 b5c4 d1d2 b8d7 e2d1 g6f4 f1e2 h6g6 d1c2 f4e2 e1e2 g6g2 d2d1 f7f6 e2e1 a8b8 c2d2 b8a8 f2f3 g2d2 d1d2 e8d8 e1d1 d8c7 d1c2 a8c8 c2d1 g7g5 h4g5 f6g5 d1c2 c8b8 d2g2 g5g4 g2f2 g4f3 f2f3 h5h4 f3f7 c7d6 h1h4 d7c5 f7f3 d6c7 f3e3 b8a8 c1e2 c7d6 c2b2 a8h8 h4h8 c5e4 b2a1 e4c3 e2c3 d6e7 e3e4 e7d6 c3e2 d6c7
999,B,material_adjudication_moderate,107,1.153505,4995,2026-09-04 22:11:25,b1c3 c7c6 g1h3 h7h5 b2b3 h8h6 c3e4 c6c5 c2c4 a7a5 f2f3 a8a7 e4c5 f7f6 c5d3 a7a8 h1g1 d7d5 c4d5 d8d5 f3f4 d5d4 h3f2 f6f5 c1b2 e7e6 a1c1 d4b2 d3b2 g8e7 d1c2 b7b6 c2c3 b8c6 c3c2 g7g5 f4g5 h6g6 d2d3 c8b7 c2c3 c6d4 c3c4 e7c8 c1d1 c8d6 c4d4 g6g5 d4f6 f8e7 f6e5 a8c8 b3b4 a5a4 e2e4 f5e4 h2h3 g5e5 f1e2 e4e3 b2a4 e3f2 e1f2 e5b5 a4b6 b5b6 e2f3 b7c6 f2e2 c6d7 g2g3 e8d8 g1f1 b6b4 a2a3 b4b2 d1d2 c8a8 d2b2 a8c8 b2b3 d7a4 b3b7 d6b7 f3b7 c8b8 f1c1 b8b7 c1b1 d8c7 b1b7 c7b7 e2e1 b7c6 d3d4 e7a3 e1e2 c6b7 e2d3 b7c8 d4d5 a3e7 d5e6 c8b7 g3g4 e7f6 g4h5
1000,W,material_adjudication,76,1.272387,5000,2026-09-04 22:11:48,d2d3 b7b5 a2a4 f7f6 c2c3 g7g6 g2g3 h7h6 c1g5 h8h7 f1g2 h7h8 f2f4 f6g5 g1f3 b5b4 f4f5 e7e6 c3b4 f8b4 b1d2 b8a6 d1c2 g8e7 f5f6 e7d5 a4a5 e8f8 f3d4 d8f6 h1f1 f6f5 g2d5 e6d5 d4f5 g6f5 a1c1 b4d2 c2d2 d5d4 c1c2 d7d6 b2b3 c7c6 c2c6 c8d7 c6a6 f8f7 d2d1 a8b8 a6a7 b8a8 a7a8 h8a8 f1h1 a8a5 e1d2 a5a2 d2e1 f7e6 h2h3 e6d5 d1c1 f5f4 g3g4 h6h5 g4h5 g5g4 c1b1 d5e6 b1a2 d7c6 h3h4 c6a4 b3a4 e6e7
1001,B,material_adjudication_moderate,85,1.304654,5005,2026-09-04 22:16:08,e2e3 g7g6 f1e2 g6g5 g2g3 g8h6 f2f4 a7a5 b1a3 f8g7 e2f3 a5a4 b2b3 b7b6 f4g5 h8f8 f3b7 g7a1 e1f1 c8b7 a3c4 h6f5 d1f3 b7f3 g1f3 d7d6 f1e2 b8d7 d2d3 c7c6 c1d2 f8g8 h1a1 a8a5 c4a5 c6c5 a1d1 e7e5 f3e5 d7e5 h2h3 b6a5 d1e1 d8c8 e2d1 g8g5 h3h4 g5g4 e1e2 h7h5 e3e4 f5h4 g3h4 e5f3 e2f2 c8c6 f2f3 c6d7 f3f4 d7e6 f4g4 h5g4 h4h5 f7f6 h5h6 e8d7 h6h7 e6e8 h7h8q e8h8 d1e1 d7c6 c2c4 h8h7 b3a4 h7g7 e1f1 c6d7 f1e2 d7d8 e2e3 d8e7 e4e5 f6e5 a2a3
1002,B,material_adjudication_moderate,105,1.201251,5010,2026-09-04 22:18:28,g1h3 c7c5 b1c3 h7h6 b2b4 c5b4 g2g3 e7e6 f1g2 b8a6 c1b2 g8e7 b2c1 h8g8 a1b1 a6c7 b1b4 d7d6 b4b1 e6e5 f2f3 c8e6 b1b7 g7g6 b7c7 d8c7 h1f1 e6h3 g2h3 c7c5 d2d4 c5c3 c1d2 c3d4 h3g2 e7d5 c2c3 d4c4 d1b3 c4b3 a2b3 e8e7 c3c4 d5f6 e2e4 f8g7 e1e2 a7a6 c4c5 d6c5 f1e1 g8d8 h2h4 a6a5 e1f1 a5a4 b3a4 c5c4 a4a5 a8a5 d2a5 d8d7 f1c1 f6e8 f3f4 f7f6 h4h5 d7d6 h5g6 e5f4 g3f4 f6f5 c1c4 d6g6 c4c1 g6g2 e2f1 g2a2 e4e5 h6h5 c1c7 e8c7 a5c7 e7e8 f1e1 e8f7 e1d1 g7f6 e5f6 f7f6 d1e1 f6e7 e1f1 e7d7 c7e5 d7d8 e5d4 d8d7 f1e1 h5h4 e1f1 h4h3 f1g1 d7c8 g1h1
1003,B,checkmate,44,1.253145,5015,2026-09-04 22:18:29,a2a3 c7c5 a3a4 h7h5 c2c3 h8h6 h2h4 a7a5 d1c2 f7f5 d2d4 c5d4 c1d2 a8a7 g2g3 d4c3 f1g2 d8c7 b1c3 g7g5 f2f4 g5h4 g3h4 e7e6 e1f1 c7c4 g2d5 e6d5 g1f3 h6b6 c3d5 c4c2 a1d1 c2e4 d5b6 g8e7 f3g5 e4h1 f1f2 h1h2 f2e1 e7c6 b2b4 h2g1
1004,W,material_adjudication,72,1.180108,5020,2026-09-04 22:19:39,e2e3 a7a5 f1a6 c7c5 g2g3 h7h5 d2d4 h5h4 d1f3 f7f5 h2h3 d8c7 f3f4 c7c6 c2c3 c6h1 d4c5 g8h6 f2f3 h1g1 e1e2 e8f7 f4d4 b7a6 g3h4 c8b7 e3e4 b7c6 d4g1 h6g8 c1g5 h8h4 g5h4 g8f6 h4f6 g7f6 e4f5 e7e6 b1d2 f8c5 g1g2 e6f5 c3c4 c6b5 c4b5 a6b5 a2a4 b5a4 a1a4 c5b4 b2b3 b8c6 g2g3 d7d5 g3g2 a8b8 e2d1 b4d6 h3h4 c6e5 d1e2 b8a8 e2e3 a8b8 g2g1 b8b3 d2b3 f7f8 a4a5 e5f3 g1g2 f3d2
1005,B,value_resign,72,1.205837,5025,2026-09-04 22:20:47,e2e3 g7g6 f2f3 g8h6 b2b3 b8a6 e3e4 h8g8 g1e2 c7c6 b1a3 a6c7 e4e5 a8b8 b3b4 f8g7 d2d4 f7f5 e1d2 e7e6 b4b5 c6b5 a3c4 b5c4 d1e1 c7a6 a2a4 h6f7 a1a2 b7b6 h2h3 d8e7 c1b2 d7d5 e5d6 e7d6 a2a1 g7h6 d2d1 h6c1 b2c3 b6b5 d1c1 b5a4 g2g4 b8b5 g4f5 g6f5 a1b1 b5b7 e1d1 f5f4 e2g1 a6b8 c1d2 e6e5 b1b7 c8b7 f1d3 e5d4 c3b4 d6d5 d2e1 c4d3 c2c4 d4c3 d1b3 a4b3 e1f2 h7h6 h1h2 a7a5
1006,B,value_resign,74,1.280897,5030,2026-09-04 22:21:07,b1a3 a7a5 f2f3 b7b5 e2e4 h7h5 g1e2 b5b4 a3c4 b8a6 a1b1 h5h4 d2d3 d7d6 g2g3 g7g5 g3g4 h8h7 a2a3 c8d7 c4d2 e7e6 a3b4 a5b4 c2c4 b4c3 b2c3 d7a4 c3c4 a4d1 c1b2 a8a7 b1d1 f7f5 h1g1 e8d7 f1g2 f8h6 c4c5 d6c5 d1a1 c7c6 g2h1 g8f6 b2f6 d8f6 d3d4 h7g7 a1b1 a6c7 b1a1 f5e4 a1a7 f6f8 f3e4 h4h3 a7a1 e6e5 d4c5 d7e6 d2c4 f8c5 c4e5 e6e5 a1c1 c5e3 c1c3 e3b6 c3b3 b6b3 e2g3 b3b2 e1d1 c7e6
1007,B,cap_draw,150,1.289698,5035,2026-09-04 22:23:19,a2a3 g8f6 d2d3 d7d6 e2e3 c8f5 h2h3 e7e5 g2g3 b7b6 e1e2 d8e7 b1d2 d6d5 g3g4 d5d4 g4f5 a7a5 a1b1 b8d7 f2f3 d7c5 e3d4 e5d4 e2f2 e7e5 g1e2 f8e7 f2g1 e5f5 d2c4 c5e6 e2d4 e6d4 c4e3 f5e5 c1d2 g7g5 h3h4 d4e6 h4g5 e6g5 f1g2 f6d5 e3c4 e5d4 d2e3 d5e3 c4a5 e3d1 g1h2 c7c5 c2c3 f7f5 c3d4 c5d4 g2f1 a8a5 b1d1 f5f4 b2b4 a5a3 d1e1 h8f8 e1e2 g5f3 h2g2 b6b5 g2f3 a3a6 h1h7 f8f7 h7f7 e8f7 e2e7 f7e7 f3f4 a6a2 f4g5 e7d8 f1h3 a2d2 g5h6 d8e8 h6g6 e8d8 h3e6 d8e8 e6d5 e8d8 g6f7 d8c8 f7e6 c8d8 e6f7 d8c8 d5e6 c8b7 e6d7 b7c7 d7b5 c7d8 b5c4 d8d7 f7f8 d7d8 c4d5 d2d3 b4b5 d3g3 d5c4 d8d7 c4f1 d4d3 f1d3 d7c7 b5b6 c7b6 d3e2 b6c5 e2f1 c5b4 f1a6 b4a3 a6b5 a3a2 b5c4 a2a3 c4b5 g3f3 f8g8 a3b2 b5e2 f3f4 e2d3 b2b3 d3b5 b3c3 b5d7 c3b3 d7b5 b3c3 b5a4 f4a4 g8g7 a4d4 g7g8 d4c4 g8h7 c3c2
1008,W,material_adjudication_moderate,78,1.331804,5040,2026-09-04 22:24:13,b1c3 c7c6 g2g3 h7h5 g1f3 f7f5 e2e4 d8c7 c3e2 c6c5 b2b3 f5e4 f3e5 d7d6 e2d4 g8f6 d1e2 b7b5 d4b5 c7b7 b5a3 a7a6 e2b5 a6b5 f1e2 f6d5 g3g4 a8a5 g4h5 h8h7 d2d3 b5b4 e5c4 b8a6 c4a5 b7c7 a3b5 e8d8 b5c7 a6c7 c1d2 d5c3 a2a3 h7h6 a3b4 e4d3 b4c5 d3e2 h2h4 e7e5 d2c3 c8a6 h1h3 f8e7 c5d6 h6d6 a1c1 g7g5 c3d2 g5g4 h3g3 d6d2 e1d2 d8c8 c2c3 e7b4 d2e1 b4a5 g3g4 c8d7 g4g5 c7e6 g5e5 a6d3 h5h6 d7e7 f2f3 a5b6
1009,W,material_adjudication,112,1.336946,5045,2026-09-04 22:25:57,a2a3 c7c5 b1c3 c5c4 a3a4 f7f5 e2e4 h7h6 d2d4 d7d6 a4a5 f5f4 d1d3 c4d3 c1d2 g8f6 c3d5 f6g4 h2h3 g4f6 g2g4 h8g8 a1b1 f6d5 e4d5 g7g6 c2d3 g6g5 d2c1 b8a6 c1d2 a8b8 f1g2 f8g7 h3h4 e8d7 h4g5 h6g5 b2b3 a6b4 b1d1 g7d4 g1f3 e7e6 f3d4 b4d5 g2e4 d5e7 d1a1 e6e5 h1h3 e5d4 a1a4 b7b6 a5b6 b8b6 a4d4 d7e6 d2a5 b6a6 a5d8 g8d8 e4g2 a6a2 e1f1 f4f3 g2f3 c8d7 f3d5 e7d5 f1g2 d8e8 h3f3 d5c3 g2g1 e8e7 f3h3 a2b2 d4d5 d7b5 d5b5 b2b1 g1g2 e7d7 h3h1 b1b2 h1c1 b2b3 b5b3 c3a2 c1c2 a2b4 b3b4 a7a5 b4e4 e6f7 c2d2 d6d5 e4d4 a5a4 f2f3 a4a3 d4b4 a3a2 d2a2 d7b7 b4b7 f7e6 a2a6 e6e5 b7b8 d5d4
1010,W,value_resign,37,1.335860,5050,2026-09-04 22:25:58,a2a3 c7c5 a3a4 f7f5 a4a5 g8h6 g1f3 c5c4 g2g3 f5f4 e2e4 e8f7 f3e5 f7g8 b1c3 f4f3 f1h3 h6f7 d1f3 f7e5 f3d1 d8c7 c3d5 e5f3 d1f3 e7e5 e1e2 g7g5 d5c7 d7d6 h3f5 b8d7 g3g4 a7a6 a1a4 a8b8 b2b3
1011,W,material_adjudication,74,1.240596,5055,2026-09-04 22:29:42,a2a3 b8c6 a3a4 b7b6 b1c3 g7g5 c3d5 c6d4 h2h4 e7e5 a4a5 d7d6 g2g4 d8e7 f2f4 c8a6 a5b6 a7b6 h4h5 a6b7 d5e7 f8h6 a1a4 e8e7 e2e3 g5f4 f1d3 d4e6 e3f4 a8a4 g1f3 h6f4 c2c4 g8f6 g4g5 b7f3 d1f3 f4g5 b2b3 a4a2 f3g3 c7c5 d3f5 d6d5 c4d5 f6h5 h1h5 g5f4 g3d3 c5c4 d3c4 f4g3 e1d1 e6g7 c1a3 e7f6 d5d6 g7h5 f5g4 h8c8 c4c8 h5f4 c8b7 h7h5 g4h5 f6f5 a3c1 a2a7 b7a7 f5e6 a7a6 e6d6 b3b4 d6c6
1012,B,value_resign,43,1.357587,5060,2026-09-04 22:29:43,a2a3 c7c5 b1c3 f7f5 h2h4 g8h6 d2d4 h8g8 e2e3 c5d4 e3d4 g7g5 a3a4 g5h4 g2g3 h4g3 c3e4 d8b6 e4d6 e8d8 f2g3 b6d6 b2b4 d8c7 f1g2 d6g3 e1f1 b8c6 g1e2 g3g2 f1e1 c6b4 h1h2 g2h2 d1d3 d7d6 d3e4 c8d7 c2c3 b4d5 e4d5 b7b6 c1d2
1013,W,material_adjudication,74,1.373804,5065,2026-09-04 22:31:38,b1c3 h7h5 a2a3 h8h6 h2h4 c7c6 e2e4 g7g6 d2d4 f7f6 c3e2 d7d5 g2g3 f8g7 a1b1 c8f5 c1h6 g8h6 e4f5 e8f8 h1h3 h6f5 d1c1 d8c7 g1f3 g7h6 f3d2 h6f4 g3f4 f5e3 f2e3 b8d7 e2g1 g6g5 h4g5 f6f5 d2f3 f8f7 f3e5 d7e5 f4e5 a8c8 c2c3 a7a5 f1e2 a5a4 e3e4 f7e6 h3d3 f5e4 c1d2 e4d3 e2d3 c6c5 g1f3 c5c4 d2e2 c4d3 e2d3 c7b8 e1f2 h5h4 b1a1 h4h3 a1b1 c8g8 b1h1 g8g6 d3g6 e6d7 h1g1 b8g8 g6c2 d7e8
1014,B,value_resign,54,1.263890,5070,2026-09-04 22:38:15,h2h4 b7b6 a2a3 d7d6 b2b3 c8d7 h1h3 e7e5 e2e4 d7c6 f1e2 d8f6 e2c4 f6h6 g2g4 g7g5 d2d3 g5h4 b1c3 c6b7 h3h1 c7c5 c1h6 f8h6 g1e2 f7f5 e4f5 b8d7 c3d5 h6e3 f2e3 g8f6 b3b4 f6d5 c4d5 b7d5 c2c4 d5h1 d1d2 h1b7 d2c2 h7h5 g4h5 a7a5 c2d2 a5b4 h5h6 b4b3 d2c2 b3c2 a1a2 a8d8 e2f4 e5f4
1015,B,checkmate,88,1.251808,5075,2026-09-04 22:41:47,a2a3 h7h5 h2h4 e7e5 b2b3 b7b6 c2c3 g7g5 e2e4 f8e7 h1h3 e8f8 h3f3 h8h6 d2d3 f7f6 h4g5 d7d6 g5h6 h5h4 g2g3 b8a6 a1a2 a6c5 a2a1 g8h6 b1d2 d6d5 e4d5 d8d7 g3g4 h6g4 d5d6 e7d6 d1e2 f6f5 b3b4 c5e6 f1h3 f8e8 c3c4 g4h2 h3f5 e6g5 b4b5 g5f3 g1f3 d7f5 c1b2 c8d7 e2e3 h2f3 d2f3 h4h3 f3h4 f5f4 e3f4 e5f4 a3a4 a7a5 b5a6 a8a6 h4g6 a6a5 d3d4 f4f3 b2c3 c7c5 a1d1 c5d4 c3a5 b6a5 d1d4 h3h2 d4d6 h2h1q e1d2 h1h2 d2e1 e8f7 c4c5 f7g7 c5c6 d7c6 g6f4 c6d7 e1f1 h2h1
1016,B,material_adjudication,83,1.336665,5080,2026-09-04 22:43:06,h2h4 b7b6 b1c3 a7a5 b2b3 c8b7 c3b1 g8h6 c2c4 c7c5 f2f3 b8c6 c1b2 b6b5 e2e3 b5b4 g2g4 g7g6 b2h8 a8a6 f1e2 a5a4 e1f1 f8g7 b1a3 g7a1 h8a1 f7f6 g1h3 b4a3 b3a4 c6b8 d2d4 h6g4 f3g4 b7h1 d4c5 f6f5 a4a5 f5g4 h3g1 d7d5 c5d6 a6d6 h4h5 d6d1 e2d1 e8d7 h5g6 h7g6 f1e2 b8c6 a5a6 c6b4 a6a7 e7e5 a7a8q d8a8 c4c5 a8a5 a1c3 d7c6 c3b4 a5b4 g1h3 g4g3 h3g1 c6b5 d1b3 b4c5 g1f3 c5b6 f3e5 b6a7 e5f3 a7b8 b3c4 b5c4 f3d4 b8c8 e3e4 c8b7 e4e5
1017,W,material_adjudication,66,1.326355,5085,2026-09-04 22:46:04,e2e3 g7g6 h2h3 g8h6 f2f3 f8g7 e1e2 e8g8 d2d3 c7c5 d3d4 g7e5 d4e5 d7d5 d1e1 f7f5 e5f6 c8h3 a2a3 d8c8 f6e7 g8f7 h1h3 f7e7 c1d2 c8e8 e2d3 h6f5 g2g4 f5d6 d2a5 b7b6 h3h7 e7f6 g4g5 f6e6 a5b6 a7b6 b1c3 b8d7 g1e2 a8c8 h7d7 e8d7 f1h3 f8f5 h3f5 g6f5 e1g1 d7h7 c3b5 d6b5 g5g6 h7g6 g1g6 e6e7 c2c4 b5c7 a3a4 f5f4 g6g1 f4e3 e2f4 d5c4 d3e3 e7f6
1018,B,value_resign,31,1.290015,5090,2026-09-04 23:15:59,e2e4 b8c6 g2g4 g8h6 a2a4 g7g5 c2c4 a7a5 h2h3 f8g7 a1a2 h8f8 h3h4 a8a6 f1g2 c6b4 d1b3 f7f6 h4g5 f6g5 b3c3 a6c6 c3g7 b4a2 g7h8 f8g8 b2b4 a5b4 b1a3 c6c5 c1b2
1019,B,value_resign,38,1.247195,5095,2026-09-04 23:17:32,b1a3 a7a5 b2b4 c7c6 b4a5 d7d6 d2d3 f7f6 g2g4 a8a5 e2e3 a5a8 f1e2 e8d7 c1d2 a8a3 h2h4 h7h5 g4h5 b7b6 c2c3 g8h6 d1c2 h6f5 h5h6 g7h6 a1b1 a3a5 b1d1 c8b7 c2b3 h6h5 b3b6 d8b6 g1f3 f8h6 e3e4 c6c5
1020,B,value_resign,61,1.300212,5100,2026-09-04 23:23:08,b1a3 a7a5 b2b3 f7f6 h2h4 d7d5 f2f4 c7c6 a3c4 e8d7 c4e5 f6e5 a2a4 e5f4 e2e3 d5d4 f1e2 d4d3 g2g4 f4g3 c2d3 g8h6 a1a3 b7b6 d3d4 c8b7 c1b2 d7c8 d1a1 d8e8 g1f3 g7g6 e2c4 f8g7 e3e4 h8f8 d4d5 g3g2 d5c6 g7b2 a1b1 b7c6 b1b2 b6b5 a4b5 c6b5 c4b5 g2h1q e1f2 g6g5 h4g5 e8b5 g5h6 f8h8 a3a5 b5a5 b3b4 a5d8 d2d4 a8a7 b2c1
1021,B,material_adjudication,69,1.343817,5105,2026-09-04 23:25:15,g1f3 b7b5 f3g1 f7f6 b2b4 d7d5 a2a4 g8h6 a4b5 c7c6 g1f3 d5d4 a1a4 e8d7 e2e3 c6b5 g2g3 b5a4 f3d4 g7g6 b1c3 a7a6 d2d3 h6f5 d4f5 g6f5 c3d5 e7e5 f1e2 d7e8 h1f1 c8e6 c1d2 h7h6 d5b6 d8b6 f2f4 b6c6 f4e5 e8d7 e5f6 h8h7 f1f4 a4a3 b4b5 a6b5 c2c4 b5c4 g3g4 f5g4 d3c4 a8a6 d2c1 d7c8 c1a3 a6a3 h2h3 a3a2 h3g4 b8a6 d1b3 a6b4 b3a2 b4a2 g4g5 f8e7 f6e7 e6d7 e1f1
1022,B,checkmate,70,1.291141,5110,2026-09-04 23:25:32,e2e3 a7a5 b2b3 a5a4 b1c3 c7c6 f2f3 d7d6 c3d5 c6c5 d5b6 d8b6 g2g3 h7h5 f1e2 b8d7 a2a3 a8a5 e2b5 b6c7 e1e2 a4b3 a3a4 a5b5 d2d4 d7b8 c2c4 d6d5 e3e4 c8f5 c4b5 f5c8 e4e5 g7g5 b5b6 c7d7 e5e6 d7e6 e2d3 f7f6 d1e2 e8f7 h2h4 e6d7 h4g5 f8g7 g5f6 g8f6 a1b1 d7a4 d4c5 c8d7 c1b2 b8a6 b1c1 a6c5 c1c5 f6e8 e2e3 g7b2 g1e2 f7f8 c5d5 h8g8 d5d7 a4d7 e2d4 g8g7 e3e2 d7d4
1023,B,material_adjudication,73,1.224027,5115,2026-09-04 23:26:20,a2a4 h7h5 a4a5 c7c5 h2h4 g7g6 a1a3 f8g7 b2b3 g8h6 f2f4 a7a6 b1c3 c5c4 c3d5 e8g8 g1h3 c4c3 g2g4 b7b6 g4h5 f7f5 h5g6 g7d4 h1g1 d4g1 a5b6 c3d2 c1d2 c8b7 d1a1 b7d5 a1e5 d5e4 b6b7 g1d4 b7a8q d4e5 f4e5 e4a8 a3a6 d8c7 c2c4 c7b7 d2h6 b7a6 h6f8 g8f8 e1f2 a6b6 f2e1 a8c6 h3g5 b6b7 g5h7 f8g8 c4c5 b7b4 e1d1 b4b3 d1e1 b3c4 e2e4 c4e6 e4f5 e6d5 f1c4 d5c4 h4h5 d7d6 e5e6 c4b3 e1d2
1024,W,material_adjudication_moderate,76,1.308928,5120,2026-09-04 23:27:06,e2e3 h7h5 b2b3 a7a6 d2d3 b7b6 c1b2 g7g5 e3e4 c7c5 f2f4 d8c7 g1f3 a6a5 a2a4 b6b5 f3g1 g5g4 a4b5 b8c6 b5c6 f8g7 b2g7 a8b8 g7h6 f7f5 d1e2 h8h6 c2c3 c8a6 c6d7 c7d7 e1d1 f5e4 b1a3 e4d3 e2e1 a5a4 b3a4 d3d2 e1d2 d7b7 d2c2 h5h4 f1a6 b7a6 g1f3 g4f3 g2f3 a6a4 c2a4 e8f8 a3c2 c5c4 a4b4 b8b4 c3b4 h4h3 b4b5 h6b6 f4f5 g8f6 f3f4 f6e8 h1g1 e8d6 f5f6 e7f6 d1c1 d6b5 c1b2 f8e8 g1f1 b6d6 f1e1 e8f8
1025,W,material_adjudication,76,1.359078,5125,2026-09-04 23:27:06,h2h4 b7b6 a2a3 d7d6 b2b3 c8b7 c2c4 g7g5 h1h3 b8d7 b3b4 g5g4 a3a4 g4h3 a1a3 b7g2 g1h3 g2h3 f1h3 h7h6 c1b2 c7c6 h3f1 a7a5 b2h8 a8a6 b4b5 c6b5 c4b5 d8a8 b5a6 a8c8 f2f3 h6h5 e1f2 c8a6 f1h3 d7c5 a3e3 e8d8 f2g2 a6c4 f3f4 e7e5 f4e5 c4h4 b1a3 d6d5 e3f3 c5b3 a3b5 h4g4 h3g4 h5g4 e2e3 b3c5 e5e6 g4f3 g2f3 f7e6 d2d4 f8e7 d4c5 b6c5 d1g1 c5c4 g1g2 c4c3 g2e2 c3c2 e2c2 g8f6 c2d1 d8d7 h8f6 e7f6
1026,W,material_adjudication,76,1.289160,5130,2026-09-04 23:27:07,a2a4 e7e6 d2d4 b8a6 f2f3 b7b6 c2c4 g7g5 h2h4 g8e7 e2e4 g5h4 c1f4 f8h6 f4g5 e7g6 g2g4 f7f5 g5d8 d7d6 a1a2 a8b8 f1h3 f5g4 h3g4 e8d7 e1f1 d7d8 g1h3 d8e8 d4d5 e6d5 c4d5 a6c5 a2a1 a7a6 d1e2 c7c6 b1c3 c8d7 h3f4 g6f4 g4d7 e8d7 d5c6 d7c6 e2d1 c5b3 d1b3 b8a8 b3d1 f4d3 c3e2 d3b2 d1b1 h8f8 b1b2 h6g7 b2b1 g7f6 b1c2 c6b7 a1c1 a8c8 c2d1 c8a8 e2g1 a8e8 g1e2 h4h3 h1h3 b7b8 e2g1 b8a8 h3h5 f6g7
1027,B,checkmate,38,1.347639,5135,2026-09-04 23:27:08,a2a3 b8c6 d2d3 a8b8 c1e3 g8f6 h2h4 f6d5 e3d2 c6d4 c2c4 d5f6 c4c5 a7a5 c5c6 h7h5 c6b7 f6g8 e2e4 c8b7 g1f3 d4e6 b2b3 g8f6 a3a4 c7c6 h1h3 d8b6 e1e2 h8g8 b1a3 b7c8 e4e5 g7g5 f3g5 f6g4 g5e6 b6f2
1028,W,material_adjudication_moderate,79,1.215430,5140,2026-09-04 23:27:50,e2e3 h7h5 b2b3 b8a6 a2a4 h5h4 f2f3 a6c5 d2d3 a8b8 a1a3 c5a4 a3a1 c7c6 c2c4 g7g6 c4c5 e7e6 a1a4 f8e7 a4f4 e7g5 b1d2 d8f6 g1h3 g5f4 d2c4 f4h2 c1b2 h2g3 e1e2 f6d8 b2h8 d7d5 c5d6 f7f6 f3f4 a7a5 h1g1 b7b5 c4a3 b5b4 a3c4 c6c5 d1d2 a5a4 d3d4 a4b3 d4c5 g3h2 c5c6 h2g1 h3g1 g6g5 f4g5 f6g5 c6c7 g8e7 c7b8q b3b2 c4b2 c8a6 b2d3 d8b8 g2g4 h4g3 d6e7 b8b7 d2c1 b7c6 e2d2 a6d3 f1d3 c6d5 e3e4 d5e5 g1f3 g5g4 f3e1
1029,W,material_adjudication,80,1.212648,5145,2026-09-04 23:28:06,b1c3 c7c6 c3b1 f7f6 h2h3 a7a5 e2e3 a5a4 g2g3 h7h5 c2c3 b8a6 e1e2 a6b8 e3e4 d7d5 f2f4 d5e4 b2b4 f6f5 c1a3 h8h6 h3h4 d8b6 f1h3 b6b4 a3b4 a8a6 d1f1 c6c5 b4c5 b7b6 c5e7 f8e7 f1g2 e8d8 e2e1 e7c5 e1e2 h6e6 b1a3 c5a3 d2d4 e4d3 e2f1 g8f6 h3f5 e6d6 f5c8 a3b2 a1d1 d8c8 c3c4 b6b5 c4c5 b2c3 c5d6 f6g8 g1f3 c3b2 g3g4 h5g4 f1f2 c8d7 h1f1 g4f3 g2f3 d7d6 f2g1 b2a1 d1d3 d6c7 f1c1 c7b6 c1a1 g8f6 a1f1 f6g4 f1c1 g7g5
1030,B,checkmate,82,1.230742,5150,2026-09-04 23:28:31,e2e3 a7a5 f1b5 a5a4 g2g3 h7h5 d1h5 h8h5 f2f4 c7c6 e3e4 d7d6 b5a4 a8a4 g1f3 e8d7 e1d1 g8f6 d2d4 h5f5 e4f5 f6g4 f3h4 g7g6 h4g6 f7g6 h2h3 g4e5 h3h4 a4a5 d4e5 e7e6 e5d6 f8d6 g3g4 e6f5 g4f5 g6f5 c1d2 a5a6 h4h5 d7e8 b1a3 e8f8 a1b1 c6c5 d2c1 a6b6 c1d2 c8e6 d2c3 d8e7 h1h2 b6c6 a3b5 b8d7 b5d6 e7d6 d1c1 d6e7 c1d2 e6g8 a2a4 c6b6 a4a5 b6d6 d2c1 d6h6 h2e2 e7d6 e2d2 d6e6 d2e2 e6e2 a5a6 b7b6 a6a7 h6h8 a7a8q f8e7 c3h8 e2e1
1031,W,material_adjudication_moderate,87,1.231024,5155,2026-09-04 23:29:39,g1f3 d7d6 c2c3 a7a5 e2e4 b7b6 f1e2 a8a7 c3c4 c8g4 b2b3 g4f3 e2f3 b8c6 a2a3 e7e5 c1b2 c6b4 d2d3 h7h5 a3b4 d8f6 b4a5 g7g5 b1a3 f8h6 b2c3 g5g4 a5b6 c7b6 a1c1 a7a3 f3e2 a3a2 h2h3 g4h3 g2h3 h6c1 d3d4 c1f4 d4d5 f6e7 f2f3 f4h6 h3h4 b6b5 c4b5 f7f6 e2c4 e8d8 b5b6 d8d7 b6b7 d7c7 d1e2 c7b7 e2a2 h6f8 e1f1 b7c8 a2g2 c8d8 c4a6 h8h6 c3b2 h6g6 g2g6 e7e8 g6h7 e8e7 h7e7 d8e7 f1f2 e7e8 b2a1 e8e7 h1h2 e7d7 f2e1 d7c7 e1f2 c7b6 h2h3 b6a6 a1b2 g8h6 b2c1
1032,B,material_adjudication_moderate,99,1.211648,5160,2026-09-04 23:32:26,a2a3 c7c5 a3a4 h7h5 b2b4 f7f6 f2f3 g7g5 d2d4 c5d4 e1d2 d7d5 c2c3 h5h4 c1a3 e8d7 h2h3 a7a6 c3d4 f8g7 a3b2 a6a5 b4a5 a8a5 b1c3 b7b5 f3f4 d8e8 a4b5 a5a1 e2e4 a1d1 d2d1 g5g4 g1e2 e7e5 h3g4 e8f7 d1c1 h8h7 h1h2 e5f4 e2f4 f7f8 b5b6 d7d6 f1d3 d5e4 c3b5 d6c6 g2g3 e4d3 b5c3 c8d7 h2h4 h7h8 c3b5 c6b5 f4e6 d7c6 e6f8 g7f8 h4h8 f6f5 h8g8 f8e7 g8b8 b5a4 g4g5 e7d6 g5g6 d6b8 g6g7 c6d5 b6b7 d5g8 c1d1 b8c7 b7b8q c7b8 b2c1 b8d6 d1e1 d6g3 e1f1 g3c7 c1b2 a4b5 d4d5 c7b6 b2c1 b6a7 f1e1 b5b6 c1d2 b6b7 d5d6 b7c8 d6d7
1033,B,checkmate,100,1.233235,5165,2026-09-04 23:32:40,d2d3 a7a6 c2c3 d7d6 c1d2 c7c5 g2g3 h7h6 h2h4 g7g6 d1c1 f7f6 b1a3 c5c4 d3c4 e8d7 f1g2 d6d5 a1b1 d5c4 a3c4 a6a5 h1h3 a5a4 e1f1 d7c7 c4b6 e7e5 g2h1 c7b6 h1g2 b6a5 b2b3 a4b3 a2b3 f8g7 c1b2 e5e4 b1c1 a8a7 b2c2 h6h5 h3h1 g6g5 h4g5 f6g5 f2f3 d8f8 d2g5 f8f7 g5e3 f7f8 e3a7 e4f3 g2f3 c8f5 a7b8 f5c2 c1c2 f8b8 c2a2 a5b6 e2e4 g7f6 e4e5 f6e5 h1h3 e5f6 a2a3 h8h7 a3a4 h5h4 h3h1 h4g3 h1h7 f6c3 g1e2 c3h8 h7h8 g8f6 h8h4 f6e8 a4e4 b6a7 h4h7 a7a8 e2d4 e8f6 h7h6 f6e4 f3e4 b8f4 f1g1 f4e4 d4e2 e4e2 h6h2 e2h2 g1f1 h2f2
1034,B,value_resign,78,1.256343,5170,2026-09-04 23:34:41,e2e4 b8c6 b2b3 b7b6 c2c3 c8b7 c3c4 b7c8 b1a3 c6b8 c4c5 h7h5 a3c2 g7g6 f1d3 c7c6 g1e2 f8g7 c1b2 e8f8 h1f1 c8b7 g2g4 g7b2 a1b1 g8f6 b1b2 g6g5 f2f4 f6g4 b3b4 d8c7 h2h3 g4h2 f1h1 g5g4 h1h2 g4h3 b4b5 c6b5 c5b6 a7b6 e2d4 c7f4 d3b5 f4h2 d1e2 h2e2 e1e2 f7f6 e2e1 b8c6 b5c6 b7c6 d4c6 d7c6 d2d3 h8g8 e1f1 g8h8 f1e1 c6c5 e1f1 h5h4 f1e1 b6b5 b2b5 a8a2 b5c5 h3h2 d3d4 h4h3 c5c7 h2h1q e1f2 h1h2 f2e3 h2g3
1035,B,value_resign,32,1.354570,5175,2026-09-04 23:35:10,e2e3 b7b6 b1a3 g7g5 g2g4 b6b5 a3b5 c7c5 a2a4 c8b7 f1e2 b7h1 a1b1 g8h6 d2d4 a7a6 h2h4 f7f5 h4g5 f5g4 b5c3 c5d4 g5h6 d4c3 b2c3 f8h6 d1d5 h1d5 b1a1 a6a5 c1d2 e7e6
1036,B,value_resign,42,1.259880,5180,2026-09-04 23:35:23,e2e3 a7a5 b2b3 a5a4 b1c3 c7c6 c3e2 f7f6 g2g4 a4b3 e2d4 d7d6 f1e2 c8g4 f2f3 g4h3 c2c4 a8a7 a2b3 a7a1 c1b2 a1a2 b2a1 h7h5 g1h3 e7e5 c4c5 e5d4 h3g1 d4e3 d2e3 d6c5 a1b2 b8d7 d1b1 d8a8 b1a2 a8a2 h2h3 g7g5 h3h4 e8e7
1037,B,value_resign,42,1.263507,5185,2026-09-04 23:38:08,a2a3 g8f6 e2e3 c7c6 d2d3 d8c7 c2c4 h7h5 b2b4 g7g6 e1d2 f8g7 b4b5 h8f8 e3e4 f8g8 d1a4 e8f8 d2e1 c7b6 a4b4 b6d8 f2f4 b7b6 g2g3 f8e8 b4a5 f6d5 e4d5 c6c5 b1c3 b6a5 g1e2 g7d4 e2d4 c5d4 c1b2 d4c3 f1e2 f7f6 h1f1 c8a6
1038,B,material_adjudication,66,1.286262,5190,2026-09-04 23:38:51,e2e3 h7h5 b2b3 b8a6 a2a4 h5h4 a1a3 e7e5 c1b2 f8a3 b1a3 a6c5 d2d3 d7d6 c2c4 c5b3 f2f3 h8h7 e3e4 e8e7 c4c5 b7b6 d1a1 b3a1 c5d6 c7d6 a3c2 d8c7 g2g4 c8a6 b2a1 f7f6 d3d4 f6f5 g1e2 g8f6 e2g3 h7h8 g4g5 f6e4 f1a6 e4g5 a1c3 c7c6 d4d5 c6d5 a6b7 d5b7 g3f5 e7e6 f5d6 e6d6 f3f4 g5e4 f4e5 d6c7 h1g1 h4h3 g1h1 e4d2 e1d2 h8d8 d2e1 a8c8 c3d2 c7d7
1039,W,value_resign,59,1.320176,5195,2026-09-04 23:40:47,a2a3 c7c6 d2d3 c6c5 d3d4 b7b5 e2e3 g7g5 g2g3 h7h5 f1b5 c5d4 e3d4 f7f5 c2c3 d8c7 f2f4 e8f7 f4g5 c7b6 b5e2 f8g7 a1a2 c8b7 g1f3 f5f4 a3a4 b8a6 c1f4 h5h4 d4d5 a6b4 a4a5 b4a2 a5b6 a7b6 e1d2 f7f8 f4e5 g7e5 f3e5 h4h3 e5d7 f8g7 c3c4 a8c8 d1c2 g8f6 g5f6 e7f6 c2d1 h8h7 e2d3 c8c4 d3c4 f6f5 c4b3 f5f4 d1c2
1040,W,material_adjudication,66,1.242011,5200,2026-09-04 23:42:31,a2a3 g8f6 e2e3 c7c6 d2d3 h7h5 c2c3 c6c5 b1d2 g7g5 d1e2 d8a5 b2b4 e7e6 e1d1 c5b4 g2g4 f8c5 d2b1 e8g8 c3b4 a5c7 b4c5 f6g4 f1h3 b8c6 c1d2 c6e7 e2f1 c7d8 h3g4 h5g4 d1e1 b7b6 c5b6 a7b6 f1g2 c8b7 g2b7 a8b8 b7g2 d8c7 e1d1 e7f5 b1c3 c7h2 h1h2 g4g3 c3b1 f8c8 g2e4 g3h2 g1h3 d7d5 e4g2 h2h1q g2h1 g8g7 f2f4 e6e5 f4e5 f7f6 h1d5 f6e5 h3g5 f5e3
1041,W,material_adjudication,68,1.246746,5205,2026-09-04 23:43:03,e2e3 a7a5 f1b5 h7h5 d2d4 c7c5 b2b3 h8h6 h2h4 f7f5 e1d2 d8b6 d1e1 a5a4 c1a3 b6b5 e3e4 e8f7 h1h2 a8a6 d4c5 f5e4 b3b4 e7e5 e1e2 f8e7 h2h1 b5c4 e2c4 f7f8 b4b5 e4e3 d2e3 d7d5 c4e2 a6f6 e3d3 f6f5 c2c3 g7g5 c5c6 g5h4 g1f3 f5f7 h1d1 b7b6 b1d2 e7a3 c3c4 a3e7 f3e5 f7f6 c4d5 c8e6 d5e6 e7b4 d2f3 f8e8 e2e3 f6e6 d3c2 e6e5 f3e5 e8f8 a1b1 h4h3 b1c1 h3g2
1042,W,material_adjudication,66,1.304144,5210,2026-09-04 23:43:34,c2c4 d7d5 b2b3 e7e5 h2h4 g8f6 g1h3 f6g8 g2g3 h7h5 c1b2 a7a6 h1g1 g8e7 c4d5 d8d5 f1g2 e8d7 g2d5 d7e8 g1h1 h8h7 d5g2 c8h3 e1f1 h3g4 h1h2 f7f5 a2a4 c7c6 f2f3 g7g5 d2d3 b7b6 f3g4 f5g4 b1c3 e7g8 d1d2 f8d6 c3e4 b8d7 e4d6 e8d8 g2e4 h7e7 a1a3 g8f6 h4g5 f6d5 a4a5 e7e6 e4g2 e6e7 f1e1 e7e8 d6e8 d8e8 g2e4 e8e7 h2h1 b6b5 e1d1 a8b8 b2d4 e5d4
1043,B,material_adjudication_moderate,76,1.160690,5215,2026-09-04 23:44:19,e2e3 h7h5 b2b3 a7a6 e3e4 b7b6 c2c3 c7c5 c3c4 g7g6 h2h4 c8b7 f1e2 f8g7 g2g4 g7d4 e1f1 d4a1 b1a3 d7d5 c4d5 c5c4 g4h5 e8f8 f1g2 h8h5 f2f3 c4b3 a2b3 h5h7 c1b2 a1b2 a3c4 h7h6 h4h5 g6g5 d2d4 g5g4 d1b1 b2d4 f3g4 f7f6 g4g5 h6h5 e2h5 f6g5 h5f3 g5g4 f3g4 g8h6 g4f3 d4c5 h1h6 f8g7 h6b6 c5b6 c4b6 d8b6 b1c2 b6d6 c2c3 e7e5 d5e6 g7f8 g1e2 b8c6 c3c2 a6a5 e2c3 f8g7 c3b5 d6e7 b5a3 e7a3 e6e7 c6e5
1044,D,cap_draw,150,1.360630,5220,2026-09-04 23:44:34,e2e3 h7h5 a2a3 c7c6 d2d4 d8a5 e1e2 g7g5 g2g3 f7f5 f2f3 a5b6 h2h4 d7d5 h4g5 e8f7 a1a2 f7g7 c2c4 f5f4 h1h4 c8d7 d1e1 b6a5 e1a5 f4g3 f1h3 b7b6 e2e1 b6a5 c4c5 a5a4 a2a1 a7a6 e1d1 g7f7 h3d7 f8g7 d7c8 g8f6 c8h3 h8f8 d1e2 f6e8 e2f1 e7e6 h3g2 g7h8 g2h1 b8d7 h4h5 d7e5 d4e5 f7g6 g1e2 g6h5 e2g3 h5h4 g3f5 f8f5 f1e1 f5f8 e1f2 h4g5 f3f4 g5g6 e3e4 d5e4 h1e4 g6f7 e4c6 a8c8 c6a4 c8c5 a4e8 f7e8 c1e3 c5c8 b1d2 f8f5 a1d1 h8e5 d2e4 a6a5 f2e2 e5b2 e4g3 b2f6 g3f5 e6f5 d1d6 f6e7 d6d1 e7a3 e2f2 a3e7 d1a1 a5a4 a1a4 c8c3 e3d2 c3c7 f2e1 e7d6 a4d4 c7d7 d4d5 e8f8 d5d6 d7d6 d2b4 f8e7 b4d6 e7d6 e1d1 d6c5 d1c1 c5b4 c1d1 b4a3 d1e1 a3a2 e1d2 a2a1 d2d1 a1a2 d1e1 a2a1 e1d1 a1a2 d1e1 a2a1 e1d1 a1a2 d1e1 a2a1 e1d1 a1b1 d1e1 b1a2 e1f1 a2a1 f1e2 a1a2 e2d1 a2a1 d1d2 a1a2 d2e1 a2a1
1045,B,material_adjudication,77,1.318794,5225,2026-09-04 23:45:15,b1a3 a7a5 f2f3 a5a4 e2e4 h7h5 d2d3 c7c6 g2g4 f7f6 b2b4 a4b3 e1d2 b3b2 a1b1 e8f7 c1b2 d7d5 b2d4 c6c5 h2h4 c5d4 b1b3 a8a4 e4d5 c8d7 g1e2 f7g6 c2c4 d7e6 d5e6 g8h6 b3b7 a4a3 e2f4 g6h7 b7b2 h6g4 f1g2 g4e3 d1e1 a3a7 e1g1 a7a6 a2a3 b8c6 c4c5 g7g6 g2h3 f8g7 f4g6 a6a3 g6h8 g7h8 g1b1 c6e5 b1d1 e3d1 h1d1 h8g7 b2b7 e5g6 d1c1 d8c8 b7a7 a3b3 c1h1 g7h6 d2c2 b3b6 a7c7 c8c7 c2d1 c7c5 d1e2 b6e6 h3e6
1046,B,material_adjudication_moderate,85,1.293657,5230,2026-09-04 23:45:28,e2e3 h7h5 d1h5 h8h5 g2g3 b8a6 f2f3 h5h4 g3h4 a6b4 f1b5 b4c2 e1e2 a7a6 h4h5 a6b5 e2f1 e7e5 h2h4 c2a1 h1h2 d8g5 h4g5 d7d5 f3f4 d5d4 f4e5 f8c5 h5h6 c5d6 e3d4 c8d7 e5d6 c7d6 d4d5 d7f5 h2f2 g7h6 f2f5 g8e7 f5f6 e7d5 a2a4 d5f6 g5f6 b5a4 d2d4 h6h5 d4d5 a8c8 c1f4 c8c4 f4d2 c4d4 f1e1 d4d5 d2f4 d5f5 f4d6 a1c2 e1e2 h5h4 g1f3 h4h3 d6e5 f5e5 f3e5 h3h2 b1c3 h2h1q c3a4 h1h2 e2f1 c2b4 e5f3 h2h7 b2b3 e8d8 f3d4 b4d5 d4f3 d8d7 f3g5 h7h8 g5f7
1047,W,checkmate,43,1.350420,5235,2026-09-04 23:45:29,f2f4 h7h5 g1f3 h5h4 b1a3 a7a5 c2c4 a8a7 f3h4 c7c5 a3c2 h8h6 g2g3 a5a4 h4f5 f7f6 f5h6 g7h6 h1g1 d7d5 f1g2 e8d7 b2b3 a4b3 g2f1 b3c2 d2d4 d5c4 d1c2 a7a4 f1g2 c5d4 c2a4 d7c7 c1b2 e7e5 f4e5 f8b4 a4b4 f6e5 b2a3 c8e6 b4b7
1048,W,value_resign,25,1.323277,5240,2026-09-04 23:46:45,a2a3 g8f6 a3a4 e7e6 g2g4 f6g4 g1h3 g7g6 f2f3 g4h2 a1a2 h7h5 c2c4 f8b4 h1h2 b4c3 d2c3 d7d5 h3g5 d8g5 c1g5 b8a6 f1g2 b7b5 d1c2
1049,W,value_resign,63,1.246170,5245,2026-09-04 23:49:26,h2h4 h7h5 b1c3 a7a5 b2b3 a8a7 a1b1 f7f6 c1b2 e7e5 b3b4 e5e4 c3b5 c7c6 b5a7 d7d6 b1c1 a5b4 c2c3 b8a6 a2a4 c6c5 c3b4 g7g5 b4b5 a6b4 h4g5 f6g5 b2h8 d6d5 h1h5 d8d6 g1h3 g5g4 d1b3 g8f6 b3e3 g4h3 h8f6 h3g2 f1g2 d5d4 e3e4 c8e6 h5h4 f8e7 e1f1 e7f6 e4f4 f6h4 f4d6 e6d7 g2h3 d7b5 a4b5 h4f6 e2e3 f6e5 d6e5 e8f7 c1d1 f7f8 e5e6
1050,B,material_adjudication_moderate,76,1.339646,5250,2026-09-04 23:50:21,a2a3 g8f6 a3a4 c7c5 c2c3 b8a6 f2f3 a6c7 e2e3 f6d5 h2h3 g7g5 e3e4 e7e6 e4d5 e6d5 h3h4 b7b5 a4b5 g5h4 g2g3 a8b8 f1h3 b8b5 c3c4 d5c4 b1c3 b5b8 f3f4 b8a8 a1b1 h4g3 g1e2 f7f5 e2g3 d8e7 g3e2 f8g7 c3d5 c7d5 d2d4 g7d4 d1d4 c5d4 c1d2 d5e3 d2e3 d4e3 h3f5 c8b7 h1g1 b7h1 g1h1 e7d6 f5e4 e8g8 b1d1 d6e6 h1h3 h7h5 e2g3 a8e8 d1d4 f8f7 f4f5 e6e7 f5f6 e7e6 b2b3 c4c3 e4a8 e8f8 e1f1 d7d5 f1g1 h5h4
1051,W,value_resign,27,1.244603,5255,2026-09-04 23:50:43,d2d3 a7a6 g1f3 h7h5 c1g5 c7c5 g5f4 a6a5 f3g5 d8c7 c2c3 g8h6 f4c7 h8g8 f2f4 a5a4 g2g3 f7f6 a2a3 f6g5 h2h3 e7e5 f4g5 h5h4 e2e4 h4g3 h1g1
1052,B,material_adjudication,66,1.278585,5260,2026-09-04 23:51:10,a2a3 c7c5 a3a4 h7h6 c2c3 g7g5 f2f3 h8h7 a4a5 h7g7 d1c2 b7b6 e2e4 c5c4 h2h4 c8b7 h4g5 h6g5 c2a4 f7f5 e1f2 g8h6 e4f5 e8f7 h1h6 b6a5 g1e2 b7c6 f5f6 c6a4 f6g7 f8g7 f3f4 g7h6 a1a4 d8g8 f4g5 g8g5 d2d3 g5e5 c1h6 c4d3 e2f4 d3d2 b1d2 d7d6 a4a5 e5a5 f1d3 a5e5 d3b5 d6d5 d2f3 e5f6 b5d3 f7g8 h6g5 f6f8 g5h4 f8f4 d3b5 f4d6 f3d4 b8a6 d4f5 d6e6
1053,W,material_adjudication_moderate,98,1.243500,5265,2026-09-04 23:52:44,a2a4 h7h5 a4a5 a7a6 h2h4 e7e5 b2b4 f8c5 b1a3 c5b4 c2c3 e5e4 d1c2 d7d6 c3b4 c8d7 g2g3 c7c6 a1a2 c6c5 f1g2 a8a7 g2e4 c5b4 h1h2 d6d5 e4d5 b4b3 c2b3 d8f6 e2e4 f6d6 a3c4 a7a8 c4d6 e8e7 a2a3 g8f6 b3c2 f6e4 d5e4 d7c8 e1d1 g7g6 d6b7 c8b7 c2b2 f7f5 h2g2 f5e4 b2c3 b7d5 c3h8 b8d7 g1f3 d7c5 g3g4 e7e6 d2d3 e4f3 g2g1 h5g4 h8f6 e6f6 c1b2 f6e7 b2c3 e7d7 d3d4 c5e4 c3d2 e4d2 d1d2 g6g5 h4g5 a8b8 a3d3 d5c4 d3e3 b8b2 d2c3 b2f2 c3c4 f2g2 g1h1 f3f2 c4c5 d7c7 h1f1 c7b7 e3e2 g2g1 e2f2 b7a8 c5d5 g4g3 f2d2 g3g2
1054,W,value_resign,43,1.209102,5270,2026-09-04 23:53:37,a2a3 g8f6 h2h4 f6d5 e2e4 d5c3 b1c3 c7c6 e1e2 b7b6 g2g4 e7e5 d2d3 d7d6 e2d2 c8g4 g1e2 b8d7 h1g1 d8c8 a3a4 g4f5 e4f5 g7g6 g1g4 g6g5 b2b3 g5h4 a1a2 f8g7 c3e4 c6c5 g4g7 c8b7 c2c3 b7d5 b3b4 d5e4 d3e4 a7a5 b4b5 a8d8 d1c2
1055,W,material_adjudication,66,1.291019,5275,2026-09-04 23:53:50,a2a3 g8f6 a3a4 e7e6 g2g4 h7h5 e2e3 h5g4 a4a5 e8e7 b2b3 b7b6 f1d3 c7c6 a1a2 e6e5 d3e2 f6e4 a2a3 h8g8 a5b6 g4g3 f2f3 g3g2 f3e4 g2h1q c1b2 d7d6 e2f3 c6c5 f3h1 d8b6 c2c4 b8c6 b1c3 a7a6 c3d5 e7d7 d5b6 d7c7 d1f3 c7b6 e1d1 f7f5 e4f5 c8b7 f3e2 g8h8 f5f6 g7f6 h2h3 h8h4 e2g2 d6d5 g1f3 d5c4 b3c4 c6b4 d1e2 b6c6 f3h4 e5e4 d2d3 b4d3 a3a5 f8h6
1056,W,material_adjudication_moderate,102,1.281259,5280,2026-09-04 23:56:18,a2a3 g8f6 a3a4 e7e6 g2g4 g7g6 a4a5 e8e7 d2d3 h7h5 b2b3 c7c6 e2e4 f6g4 e4e5 f8h6 c1b2 h8g8 f1e2 b8a6 b2c3 d8c7 b1a3 c6c5 a1c1 d7d5 c3d2 b7b6 a5b6 h6d2 d1d2 a7b6 h2h3 g4h6 d2h6 c5c4 d3d4 c7c6 h3h4 g6g5 h6g5 g8g5 h4g5 c4c3 c1d1 h5h4 g1f3 c8d7 a3b5 a8g8 e2d3 h4h3 f3d2 c3d2 d1d2 g8g5 f2f4 g5g3 h1h3 g3g8 d3e2 g8g7 b5a3 a6c7 h3h2 c7a6 d2d1 d7e8 f4f5 e6f5 e1d2 e7e6 e2a6 f5f4 a6b5 f4f3 b5c6 e8c6 h2h4 g7g5 d1f1 g5e5 f1h1 f7f6 a3c4 d5c4 d4e5 f6e5 d2d1 f3f2 h4h6 e6d5 b3b4 c6b7 h1f1 e5e4 d1d2 e4e3 d2e3 b7c8 e3f2 c8e6
1057,W,material_adjudication,80,1.259877,5285,2026-09-04 23:57:41,h2h4 b8a6 c2c4 h7h5 g2g4 d7d5 g1f3 e7e5 g4h5 e8e7 c4d5 b7b5 f3e5 e7d6 e5f7 d6e7 f7d8 a6c5 h1g1 c8d7 d2d3 h8h7 c1d2 c5e6 g1g5 e6g5 a2a4 a8d8 f2f4 g5f7 a4b5 c7c6 d5c6 d7c6 b5c6 d8d7 e1f2 d7d6 f1h3 d6c6 d2e3 c6c5 b1a3 a7a6 d1c1 c5c1 a1c1 g8h6 c1d1 a6a5 d1d2 a5a4 a3c4 a4a3 c4a3 h6f5 h3f5 e7d6 f5e6 f8e7 f2f1 d6c7 e6b3 g7g6 f1g2 g6h5 g2f3 e7a3 b2a3 f7d6 f3g2 d6e4 d2d1 e4g3 g2g3 h7f7 d3d4 c7b8 d1b1 f7f6
1058,B,material_adjudication,73,1.266074,5290,2026-09-04 23:59:33,f2f3 b7b6 e2e3 e7e5 b2b3 g7g6 b1a3 f8b4 a1b1 b4a5 f1e2 g6g5 e1f1 g8e7 g2g3 c7c6 d1e1 d8c7 h2h4 e8f8 c1b2 g5g4 e1d1 g4f3 e2f3 e5e4 f1f2 e7g6 b2h8 e4f3 d1f1 g6h8 g1f3 f7f6 g3g4 h7h5 g4h5 a5b4 f1c4 b4c5 d2d4 c5a3 h5h6 b6b5 c4c3 b8a6 f3h2 a3b4 c3d3 d7d5 c2c3 b4c5 b1f1 a6b4 c3b4 c5b4 h4h5 b4d6 a2a4 d6h2 a4b5 c6b5 h1h2 c7h2 f2e1 h2h5 f1h1 h5h1 d3f1 h1f1 e1f1 c8d7 f1e1
1059,W,checkmate,55,1.282824,5295,2026-09-04 23:59:34,h2h4 h7h5 a2a3 b8c6 e2e4 b7b6 g2g4 a7a5 f1g2 a8a6 g4h5 c6b4 d1f3 d7d6 e1f1 g8h6 f3c3 h6f5 g2f3 b4d5 c3b3 f5d4 b3d5 d4f3 g1f3 c8g4 h5h6 g4f3 h6g7 f8g7 d5c4 f3h1 c4a6 h1e4 f2f3 e4d5 c2c4 d5c6 a3a4 g7d4 f1e2 d6d5 c4d5 c6d7 f3f4 h8h4 a1a2 d8b8 a6c4 b8b7 c4d4 c7c5 d4g7 f7f5 g7g8
1060,W,value_resign,45,1.387077,5300,2026-09-05 00:00:01,a2a4 e7e6 a4a5 b7b6 f2f3 g7g6 e2e3 b8a6 a1a3 f8b4 a3c3 c7c5 b2b3 b4a5 f1a6 c8a6 b1a3 a6c8 c1b2 e8e7 c3c4 d8e8 b2h8 f7f5 g1h3 c8a6 c4h4 g6g5 h3g5 h7h6 g5h7 a6b7 g2g3 f5f4 g3f4 g8f6 h7f6 e8h8 f6h5 h8f6 h5f6 e6e5 e1g1 a5b4 a3c4
1061,B,material_adjudication,67,1.192870,5305,2026-09-05 00:00:45,e2e3 g7g6 d2d3 e7e6 d1e2 g6g5 e3e4 f8c5 c1g5 f7f6 g2g4 f6g5 d3d4 g8h6 e1d1 c5a3 e2d3 h8f8 b2a3 h6g4 f2f3 d8e7 f3g4 e6e5 h2h3 f8f7 b1d2 e5d4 f1e2 d7d6 c2c4 d4c3 d3c3 b8d7 g1f3 f7f3 c3f3 d7c5 h1h2 c5e4 d2e4 a7a6 a1c1 a8b8 e2d3 a6a5 f3g2 e7e5 c1c4 b7b5 e4g3 b5c4 d3c4 b8b2 c4e2 c8b7 g2b7 b2b7 e2f3 e5g3 h2g2 g3f3 d1c2 h7h6 g2f2 f3f2 c2d3
1062,W,material_adjudication,66,1.356575,5310,2026-09-05 00:00:45,e2e4 e7e5 g1e2 h7h5 d2d3 b7b6 c1g5 d7d6 h1g1 d8g5 b2b3 g5e7 f2f3 e8d8 b1a3 g8f6 a3b5 c8d7 e2g3 f6e8 f1e2 e7f6 e1f1 f6f4 g3h5 d8e7 h5f4 e5f4 g2g3 c7c6 b5c7 e8c7 d1d2 g7g5 d2c3 h8h2 d3d4 f8g7 g3f4 h2e2 f1e2 g5g4 f3g4 g7d4 c3d4 d7e6 f4f5 a7a6 c2c3 c6c5 d4g7 b8d7 f5e6 a8g8 g7g8 f7e6 a1d1 d6d5 g8h7 e7e8 g1g2 e8f8 e2e1 f8e8 e1d2 d5d4
1063,B,value_resign,46,1.273209,5315,2026-09-05 00:03:14,a2a3 g8f6 b2b4 b7b6 a3a4 e7e6 f2f4 g7g6 h2h4 b8a6 g2g4 f8h6 b4b5 f6g4 c2c4 g4h2 h1h2 f7f5 a1a3 h6f4 h4h5 f4h2 a4a5 d8h4 a3g3 h4c4 g3c3 c4b5 c1b2 e8f8 e2e4 b5b2 d2d4 h8g8 d1d3 f5e4 d3b5 d7d6 b1d2 b2c3 e1e2 f8g7 h5h6 g7f7 b5a6 c8a6
1064,W,material_adjudication,80,1.293419,5320,2026-09-05 00:03:57,h2h4 h7h5 g1h3 b7b6 f2f3 b6b5 c2c3 e7e5 a2a4 e5e4 d2d4 b5a4 a1a4 d7d6 c1g5 b8a6 g5d8 a8b8 a4a6 c8a6 b1a3 d6d5 d8g5 f7f6 d1d3 c7c6 d3a6 c6c5 a3b5 f6g5 b5c7 e8d7 h3g5 d7c7 f3e4 b8b6 a6a1 d5e4 d4c5 f8c5 h1g1 c5g1 e2e3 g1e3 e1e2 e3g5 h4g5 e4e3 b2b3 b6b3 g5g6 b3b7 g2g3 a7a5 a1a5 c7d7 a5a6 d7c7 a6c4 c7d7 e2e3 b7c7 c4f7 d7c8 f1a6 c8b8 f7b3 b8a7 a6b5 h5h4 g3h4 h8h4 b3g8 c7c4 b5c4 a7b6 g8f7 h4h5 c4b3 h5f5
1065,B,material_adjudication,91,1.346410,5325,2026-09-05 00:05:34,f2f4 e7e5 f4f5 b7b6 e2e3 f8b4 d1h5 g7g6 h5h3 b8a6 g1e2 b4e7 h3h6 g6g5 h6g7 b6b5 g2g4 e7f6 e3e4 f6g7 d2d4 e8f8 b1d2 g8f6 h1g1 b5b4 d4e5 f6g8 f1g2 d8e7 f5f6 g7f6 e5f6 e7f6 b2b3 f6a1 e2g3 h7h5 g3h5 c8b7 a2a3 f7f5 a3a4 f5e4 g2e4 a1a2 e4b7 a8e8 b7e4 h8h7 a4a5 c7c6 d2b1 e8e4 e1d2 c6c5 d2d3 f8e8 d3e4 e8d8 e4d5 h7h6 g1f1 d8e7 h2h3 c5c4 b3c4 h6h5 g4h5 g8f6 d5e5 f6h5 f1d1 h5g3 d1d3 e7e8 d3a3 a2b1 c4c5 d7d5 a3a1 b1c2 a1b1 b4b3 b1b3 c2b3 c1b2 b3a2 b2a3 e8d7 h3h4
1066,W,material_adjudication,66,1.453425,5330,2026-09-05 00:05:49,e2e3 g7g6 h2h3 g8h6 f2f4 b8c6 e1e2 f8g7 h3h4 b7b6 g1f3 e7e5 b1a3 h6f5 e2f2 e8e7 g2g4 f7f6 g4f5 c8a6 f1a6 c6b8 d2d3 h8f8 h1f1 b8c6 a3b5 g6f5 c1d2 e5e4 f3d4 c6d4 a6b7 d4c2 d1c2 e4d3 c2d3 d8e8 b7a8 c7c5 f2e1 c5c4 d3d5 h7h5 e1d1 g7h6 a1c1 f8f7 b5a7 e8a8 d5a8 d7d5 d1c2 b6b5 a7c6 e7d7 b2b3 f7g7 a2a3 g7g3 e3e4 f5e4 c2b1 g3e3 d2e3 h6f4
1067,W,material_adjudication,78,1.256629,5335,2026-09-05 00:09:03,a2a4 f7f6 b2b4 d7d5 g1f3 e7e5 d2d3 d5d4 f3e5 f6e5 c1g5 c7c6 g5d8 e8d8 c2c3 d4c3 b4b5 d8e7 b5c6 b7c6 b1c3 a7a5 f2f4 c8g4 f4e5 g4f5 c3d5 c6d5 e2e4 f5g6 e4d5 b8d7 f1e2 d7e5 d1d2 g8f6 h2h3 f6h5 a1a2 h5g3 h1g1 g3e2 e1e2 h8g8 e2d1 g6d3 g1h1 d3f5 d5d6 e7e8 g2g4 e5f3 d2e3 e8d7 g4f5 a8e8 e3f3 e8d8 f3e2 f8d6 h1h2 d6h2 e2h2 d7e7 a2d2 g7g6 h2g2 g6f5 g2e2 e7f8 d1e1 d8d4 d2d4 g8g6 e2d1 f8e8 e1f2 g6c6
1068,W,checkmate,25,1.331128,5340,2026-09-05 00:09:04,e2e3 a7a5 a2a3 a5a4 e1e2 c7c6 d2d4 d7d6 g2g4 e8d7 e3e4 f7f6 b2b3 b8a6 c2c4 d7e6 h2h4 d8c7 d4d5 e6e5 f1g2 c8f5 e2e3 f5g4 d1d4
1069,W,checkmate,41,1.228025,5345,2026-09-05 00:10:16,h2h4 b7b6 g2g4 e7e5 f2f4 f7f6 c2c4 e8e7 f4e5 d8e8 a2a3 d7d6 e5d6 e7d6 d2d4 g7g5 d4d5 h7h5 f1g2 c8b7 a1a2 g5h4 g4h5 b7a6 a3a4 f8e7 a2a1 b8d7 g2f3 a6c4 h1h4 a8d8 a4a5 b6a5 b1c3 c4e2 g1e2 a5a4 d1d4 c7c5 c3b5
1070,W,material_adjudication_moderate,120,1.310776,5350,2026-09-05 00:11:00,a2a3 c7c5 d2d4 c5d4 c2c3 d4c3 c1g5 h7h6 e2e4 d8b6 g5d2 g8f6 d2c3 d7d6 a1a2 e8d7 f2f3 h8g8 h2h3 e7e6 b1d2 d7e8 h3h4 c8d7 d2b1 e6e5 g2g4 b6a6 f1g2 e8d8 g4g5 h6g5 h4g5 f6e4 f3e4 f7f5 e4f5 d8e8 e1d2 g7g6 g1f3 g6f5 a3a4 f8g7 g5g6 e5e4 f3h4 g7f6 b2b3 g8g7 c3f6 g7g6 h4g6 d7e6 h1h4 e6b3 b1c3 b3d1 d2d1 a6c4 h4h6 a7a6 a2a1 c4c8 a1c1 e4e3 g2f3 c8e6 c3d5 b8d7 d5c7 e8f7 c7e6 f7e6 f6g7 f5f4 f3e4 d6d5 d1e1 d5e4 e1e2 d7b6 c1c5 e6d6 h6h5 a8g8 c5c3 g8g7 h5h6 g7h7 h6h7 b6d5 h7e7 d5c3 e2f1 c3a4 e7b7 d6c5 b7a7 f4f3 a7a6 c5b5 a6a7 b5b6 a7a4 b6b5 a4a1 b5b4 a1b1 b4c3 b1e1 c3b2 e1e3 b2c1 e3e4 c1b2 g6e5 b2c3 f1e1 f3f2
1071,W,material_adjudication,66,1.327004,5355,2026-09-05 00:11:44,h2h4 b7b6 h1h2 e7e6 b2b3 g7g5 c2c3 b8a6 g2g3 d8e7 h2h3 a8b8 f1g2 d7d5 c1b2 e7d6 f2f3 d5d4 d1c1 c8b7 e1f2 f8e7 g2f1 b8d8 h4g5 a6c5 c3c4 a7a5 g3g4 d8a8 f2e1 e8d8 f3f4 b7d5 e2e4 c5e4 a2a3 e4c5 c4d5 e6d5 f1e2 c5b3 h3b3 d6c6 c1c6 a8a6 e1f1 a5a4 b3b4 a6a8 c6a8 d8d7 a1a2 e7b4 e2f3 b4c5 b1c3 d4c3 f3d5 c3b2 a2b2 g8e7 a8a7 c5a3 b2b6 a3c5
1072,W,material_adjudication,92,1.306482,5360,2026-09-05 00:11:58,e2e3 b8a6 e1e2 b7b5 a2a4 g8h6 a4b5 f7f5 g1f3 g7g5 f3g5 h8g8 b5a6 h6g4 h2h4 f8g7 f2f4 d7d5 g5h7 a8b8 d1e1 g4f6 h7f8 c7c5 d2d4 d8d6 c2c3 e8f8 d4c5 d6c6 g2g4 f6g4 f1h3 g4f6 e1f2 c8a6 e2d1 c6c5 h3f5 f6e4 f2f3 b8b6 a1a4 a6b5 a4a7 g8h8 f5e4 d5e4 f3f2 b6b7 a7b7 c5b6 b7a7 b6a7 c3c4 b5c4 b1d2 c4a6 f2g1 a7d7 h4h5 f8e8 d1e1 a6b7 d2b1 g7f6 g1g2 d7c7 e1d2 c7c8 h1h2 h8h7 h2h1 h7h5 h1h5 e8f8 g2e2 c8a8 d2e1 a8c8 e1d1 c8e8 b1c3 e8h5 e2h5 f6c3 b2c3 b7a6 h5d5 e7e5 c3c4 a6b7
1073,B,checkmate,56,1.231861,5365,2026-09-05 00:12:39,f2f4 h7h5 a2a4 c7c6 a1a2 e7e6 d2d3 d8c7 b2b3 g8f6 g1h3 f8e7 f4f5 e8g8 f5e6 d7e6 c1d2 c8d7 h3g5 f8e8 h2h4 b7b6 d3d4 e8d8 g5h3 b6b5 a4b5 f6e4 d2e3 c7c8 h1g1 f7f5 b5c6 c8c6 c2c4 e4f6 b1d2 b8a6 g2g3 c6b7 a2a6 b7a6 d1c1 a6a2 f1g2 e7b4 g2a8 d8a8 e1d1 a8e8 d1e1 f6e4 e1d1 b4d2 c1b1 a2b1
1074,W,material_adjudication_moderate,84,1.314684,5370,2026-09-05 00:13:06,a2a3 g8f6 a3a4 a7a5 f2f3 c7c5 c2c3 a8a7 d2d3 f6e4 a1a3 f7f6 a3a2 e7e6 g2g4 e8e7 d3e4 h7h6 e1d2 d7d5 e4d5 d8d5 d2c2 d5d7 h2h4 d7d8 e2e4 d8d1 c2d1 h8h7 c3c4 c8d7 c1d2 e6e5 f1h3 h7h8 d1e1 b7b5 a4b5 a7a8 b1c3 a5a4 c3a4 a8a4 a2a4 h6h5 g4g5 f6g5 d2g5 e7e8 e1e2 f8d6 e2e1 h8f8 e1e2 f8f7 b2b3 g7g6 e2e3 f7f5 h3f5 g6f5 h1h2 f5e4 a4a5 e4f3 a5a6 b8a6 b5a6 e5e4 h2f2 d6g3 f2f1 g3b8 b3b4 c5b4 g5h6 b4b3 g1h3 b3b2 f1b1 f3f2 h3f2 b8c7
1075,B,material_adjudication,71,1.302825,5375,2026-09-05 00:14:14,g1h3 c7c5 h3g1 g7g6 b2b3 f8h6 e2e3 b8a6 f2f3 b7b5 a2a4 a6c7 f1c4 b5c4 f3f4 h6f8 g2g4 g6g5 d1f3 e7e5 e1d1 d8e7 f4g5 a7a6 a4a5 d7d5 h2h4 c8b7 f3e2 b7c6 b1a3 e8c8 c1b2 c4b3 c2b3 f7f6 g5f6 e7f6 g4g5 f6e7 g1f3 d5d4 h1h3 c6f3 e2f3 c7d5 e3e4 d5f4 a3c4 f4h3 f3h3 c8c7 a1a3 c7c6 h3f3 h7h5 d1c2 e7g7 c2d3 f8e7 f3f1 g8f6 g5f6 e7f6 f1g2 g7g2 b2c1 g2f3 d3c2 d8d6 c1b2
1076,B,value_resign,60,1.292755,5380,2026-09-05 00:14:42,e2e3 g7g6 h2h3 g8h6 f2f3 f8g7 g1e2 a7a5 b1a3 b7b5 a1b1 b8c6 a3b5 c6b4 g2g3 e8g8 b5d4 b4c2 d4c2 c7c6 e3e4 d8e8 d2d3 g6g5 c1g5 d7d6 g5e7 e8e7 a2a3 f7f5 e4e5 g7e5 b1a1 h6f7 b2b3 a5a4 b3a4 a8a4 f3f4 e5a1 d1a1 c8a6 a1d4 a4d4 c2d4 c6c5 d4c6 e7f6 h1g1 a6d3 f1g2 d3e2 e1e2 h7h5 e2d1 f6h6 c6e7 g8h8 a3a4 h6g7
1077,B,material_adjudication,71,1.238718,5385,2026-09-05 00:16:30,a2a4 f7f6 b2b4 c7c6 a4a5 e7e5 h2h4 g8e7 h1h3 f6f5 a1a3 e8f7 c1b2 h7h5 h3d3 d7d5 f2f3 b7b5 e2e3 d8c7 b2d4 b8a6 g2g4 a6b4 g4f5 e7f5 d4e5 f5h4 e5c7 h8h6 f1e2 c8d7 c2c3 b4d3 e1f1 f8a3 b1a3 b5b4 c3b4 a8c8 a5a6 c8c7 e2d3 d7c8 f3f4 c8a6 d1e2 c6c5 g1f3 h4f3 d3a6 c5b4 a3b5 c7d7 e2f3 b4b3 f1g2 h6a6 d2d3 d5d4 b5d4 b3b2 d4b3 b2b1q f3d1 b1d1 e3e4 g7g6 b3c5 f7f6 c5d7
1078,B,value_resign,52,1.326811,5390,2026-09-05 00:17:54,g1h3 c7c5 b2b3 h7h6 g2g3 b7b6 c2c4 f7f6 h1g1 a7a5 d2d3 h6h5 b1d2 g7g5 f1g2 c8b7 f2f4 f8g7 c1b2 e8f8 d1c2 g5g4 c2d1 d8e8 d3d4 g4h3 g2h3 d7d6 d4c5 d6c5 h3e6 f6f5 b2g7 f8g7 d1c2 g8f6 b3b4 e8d8 e6f5 c5b4 e2e4 b8a6 c4c5 a6c5 d2c4 b7e4 f5d7 e4c2 a1c1 d8d7 c4e5 d7e8
1079,B,checkmate,58,1.380168,5395,2026-09-05 00:19:04,b1a3 a7a5 b2b3 f7f6 a3b1 c7c6 f2f3 a5a4 g1h3 e7e6 c2c3 a4b3 e1f2 f8e7 c1b2 a8a5 d1b3 d7d6 f2g3 e8d7 e2e3 g8h6 h3f4 e6e5 f4e6 d8e8 e3e4 a5a7 b3b4 b8a6 f1a6 b7a6 b4c4 a6a5 e6g7 e8f8 a2a4 f8g7 g3f2 e7d8 g2g4 f6f5 b2c1 f5g4 f3g4 h6g4 f2g1 d8c7 g1f1 a7a8 h2h3 c7d8 h3g4 h8f8 f1g2 g7g4 g2h2 f8f2
1080,B,value_resign,44,1.288258,5400,2026-09-05 00:19:19,e2e3 c7c6 g2g3 h7h5 d2d4 c6c5 h2h4 g7g6 a2a3 d8b6 c1d2 e8d8 f1g2 b8a6 d4d5 f7f5 e3e4 f5e4 e1e2 g8h6 d2h6 f8h6 c2c3 b6b2 e2f1 d8c7 a1a2 b2a2 d5d6 c7c6 g1h3 a6b8 h3g5 h6g5 d1d4 c5d4 h4g5 c6b5 h1h3 b8a6 h3h4 d4d3 g2h3 h8g8
1081,W,material_adjudication,112,1.243083,5405,2026-09-05 00:19:48,f2f4 a7a5 e1f2 c7c6 c2c3 e7e6 e2e4 f7f6 g1e2 e6e5 b2b3 f8c5 d2d4 e5f4 g2g3 d7d6 d4c5 d6c5 f1g2 c8h3 b3b4 h3g2 e2f4 g2h1 f4e6 d8d7 b4b5 d7e6 d1f3 e6d7 f3e2 e8d8 b5c6 b7c6 e2c2 d7c7 c1f4 g8e7 f4c7 d8c7 b1a3 g7g5 a1h1 b8d7 h1b1 h8d8 b1b3 a5a4 b3b1 e7g6 e4e5 f6e5 f2e2 d7b8 b1d1 b8d7 a3c4 g5g4 e2f2 h7h6 c2g6 a4a3 c4a3 a8a3 g6g4 a3a2 f2e1 a2h2 g4g7 c7b6 e1f1 d8f8 f1g1 h2e2 d1d7 e2a2 g7f8 c5c4 f8h8 c6c5 h8g7 e5e4 g7f7 b6c6 d7a7 a2a7 f7a7 h6h5 g1g2 c6d5 a7a5 d5c6 g2h1 c6b7 h1g1 e4e3 a5a4 e3e2 g1f2 h5h4 f2e2 h4g3 a4a3 g3g2 e2f2 g2g1q f2g1 b7b8 g1f1 b8b7 f1e1 b7b6
1082,W,value_resign,34,1.347707,5410,2026-09-05 00:19:49,f2f3 b7b6 c2c3 e7e5 a2a4 d8h4 g2g3 h4d8 e1f2 d7d6 a4a5 h7h6 a5b6 g7g6 b6a7 b8a6 f1g2 c7c6 e2e4 c8e6 d1c2 e6b3 c2b3 d8g5 h2h4 a6b4 b3a4 g5g4 a4b4 h6h5 f3g4 h5g4 b1a3 f7f6
1083,B,value_resign,48,1.317291,5415,2026-09-05 00:21:24,h2h4 b7b6 b2b3 h7h5 c2c4 e7e6 g2g3 g7g5 f1g2 f8g7 g1h3 g7a1 g2a8 d7d6 d1c2 c7c5 b1c3 d8e7 e1g1 f7f5 h4g5 b8d7 a2a4 a7a5 c3b5 c8b7 h3f4 b7h1 f4e6 e7e6 g1h1 g8e7 b5a7 e6e5 h1g1 e5e2 b3b4 a5b4 f1e1 e2e1 g1g2 h8g8 c2d1 e1d1 c1b2 g8g7 b2a1 g7g6
1084,B,material_adjudication,95,1.337710,5420,2026-09-05 00:21:39,e2e4 b8a6 e1e2 a8b8 d2d3 c7c6 b1a3 a6c5 a3c4 d7d6 e2d2 f7f6 d1f3 c5b3 c2b3 d6d5 c4e3 d5e4 f3d1 a7a5 a2a4 e7e5 d3d4 c8d7 f2f3 e5d4 d2c2 f8b4 c1d2 b4e7 a1c1 d4e3 h2h3 e3d2 d1d2 h7h5 f3e4 g8h6 f1d3 b7b6 h1h2 f6f5 c1b1 f5e4 d3e4 h8f8 g1f3 e7f6 d2d1 f6e7 f3e5 b6b5 g2g4 b5a4 b3a4 h5g4 h3g4 h6g4 h2g2 g4e5 d1h5 g7g6 h5e5 d7e6 e5e6 d8c7 e6c6 c7d7 c6d7 e8d7 b2b3 d7e6 e4c6 e6d6 g2g6 f8f6 g6f6 e7f6 c6e4 d6e5 e4c6 b8c8 c2d3 c8c6 b1c1 c6c1 d3e2 c1b1 e2e3 b1b3 e3e2 b3b2 e2e3 b2a2 e3d3
1085,B,material_adjudication,77,1.225452,5425,2026-09-05 00:21:52,b1a3 a7a5 b2b3 g8h6 e2e3 a5a4 g2g4 g7g6 a1b1 f8g7 g1h3 c7c5 d1e2 e8g8 h3f4 b7b6 f4d5 e7e6 d5b6 d8b6 f2f4 f7f5 a3c4 b8a6 c4b6 d7d5 e3e4 g7f6 b1a1 h6g4 f1h3 c5c4 b6d5 e6d5 d2d3 g4f2 e1f2 f6a1 f2e1 h7h6 e4e5 c4d3 c2d3 c8e6 b3a4 a1c3 e1d1 a6c5 c1e3 d5d4 e3d4 c3d4 a4a5 a8a5 d1e1 g6g5 f4g5 h6g5 h3f5 e6f5 h1f1 f5e6 f1f4 g5f4 a2a4 g8h8 e2c2 f8g8 h2h4 g8a8 c2c5 a5c5 e1f1 d4b2 f1e1 h8g8 e1d1
1086,W,value_resign,51,1.265736,5430,2026-09-05 00:24:42,b1a3 a7a5 b2b3 a5a4 a3b1 g8f6 f2f3 f6d5 c2c4 b8a6 e2e4 d5e3 g1e2 a4b3 d2e3 c7c5 h1g1 a6c7 a2b3 a8a1 e2g3 f7f6 e4e5 a1b1 d1c2 h8g8 c2b1 d7d6 e5f6 e8d7 f6f7 h7h5 f7g8q e7e6 g3f5 g7g5 g2g3 e6f5 f1h3 f8h6 g8h7 d7c6 h3g4 h5g4 b1b2 d8g8 h7g8 c8d7 g8h7 d7c8 e1f2
1087,B,value_resign,38,1.242953,5435,2026-09-05 00:25:10,e2e4 b8a6 d2d3 c7c6 g1e2 h7h5 c1f4 a6c7 h1g1 g8h6 e1d2 g7g6 b2b3 h8g8 b3b4 a8b8 d3d4 f7f6 b4b5 d7d5 f4c7 d8c7 g2g4 e8d8 a2a3 d5e4 c2c4 h6g4 d1b3 c7h2 g1g4 h5g4 d4d5 f8h6 f2f4 g4f3 d2e1 h6g5
1088,B,material_adjudication,66,1.306058,5440,2026-09-05 00:27:43,a2a3 c7c5 d2d4 c5d4 e1d2 a7a5 g2g3 b8c6 c2c4 g8h6 d2d3 d8c7 h2h4 g7g5 h4g5 e8d8 e2e3 f7f5 g5h6 c7e5 e3d4 e5d4 d3c2 d4d1 c2d1 b7b6 g3g4 c8b7 b1d2 f5g4 d2b3 d8e8 a3a4 g4g3 f2g3 h8g8 f1d3 g8g3 g1h3 g3d3 d1e2 d3b3 a1a3 b3a3 b2a3 c6d8 c1d2 d7d6 h3f4 e8f7 e2e1 b7h1 f4d3 f7e8 e1e2 e7e5 e2e1 f8e7 e1e2 b6b5 a4b5 e8d7 b5b6 d8b7 c4c5 e7f6
1089,W,material_adjudication,76,1.245844,5445,2026-09-05 00:29:10,e2e4 b8c6 g2g4 g8h6 h2h4 c6b8 f1d3 f7f5 f2f4 c7c5 g4f5 d8c7 d1e2 c5c4 g1f3 h8g8 d3c4 c7c6 e1f1 d7d6 e2h2 c6a6 b1c3 a6c4 f1e1 e7e5 f5e6 a7a5 d2d4 e8e7 f4f5 h6g4 h2g1 g4f6 g1f2 f6e4 c3e4 c4c2 f2c2 a5a4 a1b1 d6d5 c1d2 d5e4 c2c3 e4f3 b1a1 f3f2 e1f2 g7g5 c3f3 g5g4 f3d5 f8g7 f2g2 g7f6 d5e4 f6d4 e4d4 b7b6 b2b4 g8d8 d4e3 c8b7 g2h2 b8c6 e3g5 e7e8 h4h5 d8d2 g5d2 c6b4 d2b4 a8c8 b4b5 b7c6
1090,B,checkmate,46,1.204595,5450,2026-09-05 00:29:39,h2h4 e7e6 a2a3 e8e7 e2e4 e6e5 d2d3 f7f6 g2g4 a7a5 b2b3 a5a4 h4h5 e7e8 g4g5 f6g5 h1h3 f8d6 h3f3 a4b3 b1d2 g8e7 d2b3 h8f8 c1g5 f8f7 g5e7 f7f8 f3f5 d8e7 a3a4 b8a6 f5f8 e8f8 a4a5 e7f6 d3d4 f8e8 d4e5 f6e5 b3d4 d6b4 c2c3 b4c3 e1e2 e5e4
1091,W,material_adjudication,66,1.323196,5455,2026-09-05 00:29:54,b1a3 a7a5 f2f3 a5a4 b2b3 c7c6 e2e4 d7d6 g2g3 a4b3 a2b3 e8d7 h2h3 f7f6 f1e2 e7e5 h1h2 a8a3 a1a3 c6c5 e2c4 g8e7 b3b4 c5b4 a3e3 b8a6 c4d5 a6c7 d2d4 e7g6 d1d2 e5d4 e3e2 f6f5 h2g2 f5e4 d5e4 d7e6 d2d4 g6e5 c1d2 g7g6 f3f4 e5c4 e1d1 f8g7 d4g7 c4d2 d1d2 d8e8 e4g6 e6d5 g6e8 h8g8 g7g8 c7e6 g2f2 b7b6 e2e3 b4b3 e3e6 c8e6 c2b3 e6g8 b3b4 g8f7
1092,W,material_adjudication_moderate,104,1.235957,5460,2026-09-05 00:33:17,d2d3 b7b5 a2a4 f7f5 a4b5 a7a6 c2c3 g7g5 e1d2 h7h5 d2e3 f8h6 b5b6 c7b6 d1a4 e8f8 e3d2 e7e5 e2e3 d7d5 a4d1 f5f4 e3f4 c8b7 f4e5 b7c8 g2g4 a8a7 g4h5 a7c7 g1f3 c8e6 f3d4 e6d7 f2f3 b6b5 h1g1 d7c8 b1a3 h6g7 g1g5 g7h6 a3b5 a6b5 d4f5 h6g5 f3f4 g5f4 d2c2 f4h2 c1g5 d8g5 h5h6 h2e5 d1e1 c8f5 e1e5 f5d3 c2d3 g5e7 e5h8 b8a6 h8g7 e7g7 h6g7 c7g7 a1a6 g7d7 a6a1 g8h6 d3d2 d7d6 f1b5 h6f5 b5d3 f5g3 a1g1 d6b6 g1g3 b6b2 d2d1 b2b6 d3c2 b6b8 g3g1 b8b2 g1g6 b2c2 d1c2 f8f7 g6h6 f7g7 h6h3 g7g6 h3g3 g6f7 c2b2 f7e6 b2a3 e6f7 a3b2 f7e6 b2c1 e6d6
1093,B,material_adjudication,66,1.324702,5465,2026-09-05 00:33:18,b1a3 h7h5 a1b1 a7a5 h2h4 b8c6 c2c3 d7d5 d1c2 c6d4 c3d4 a8b8 b2b3 h8h6 b3b4 f7f6 a3b5 e7e6 b4a5 c7c5 g2g3 c5c4 b1b3 c4b3 b5d6 f8d6 c2b3 g7g5 h4g5 f6g5 g3g4 d8a5 g4h5 d6f4 e1d1 e8d8 d2d3 e6e5 f2f3 e5d4 c1d2 f4d2 b3b6 a5b6 d1d2 c8d7 e2e3 g5g4 e3d4 g4f3 a2a3 h6h7 g1f3 d7f5 f3e5 b6c7 d2e1 b8c8 f1e2 g8f6 h1f1 c7a5 e1d1 f6g4 e2g4 h7h5
1094,B,value_resign,64,1.288943,5470,2026-09-05 00:34:16,a2a3 a7a6 g1f3 e7e6 e2e4 f7f6 b2b3 d7d6 f3e5 f6e5 g2g4 b8d7 d2d3 g7g5 c1g5 f8e7 g5e7 g8e7 b1c3 e7c6 d1e2 a6a5 f1h3 h8f8 g4g5 d7c5 h3e6 c5e6 e2d1 f8f7 g5g6 d8h4 g6f7 e8f7 c3d5 c6d4 h2h3 c7c6 d1g4 h4g4 h3g4 d4f3 e1f1 h7h6 d5b6 a8b8 b6c8 b8c8 g4g5 e6g5 h1h5 f7e6 d3d4 e5d4 c2c3 d4c3 h5g5 h6g5 a1d1 c8d8 a3a4 b7b6 d1d2 c3d2
1095,W,value_resign,55,1.302562,5475,2026-09-05 00:34:44,b1c3 g8f6 b2b4 g7g5 h2h4 f6g4 d2d3 a7a6 c1d2 e7e5 c3b5 g4f2 e1f2 f8g7 e2e3 h7h5 d1f3 h8f8 h4g5 d7d5 d2e1 d8g5 e3e4 d5e4 f3e2 a6b5 d3e4 g5f5 e4f5 b8a6 g2g4 a8b8 c2c3 a6b4 a2a3 b4c2 a1c1 c2e1 a3a4 b5a4 f2e1 a4a3 c3c4 a3a2 g4h5 a2a1q c1a1 g7f6 e1d1 f6h8 h5h6 c8d7 g1f3 b7b6 f3e1
1096,W,material_adjudication,66,1.248754,5480,2026-09-05 00:35:13,e2e3 a7a5 b2b3 e7e6 e3e4 a8a7 g2g4 c7c5 d2d4 h7h6 b1a3 c5d4 e1e2 e6e5 a3b5 f7f6 f1h3 d7d5 b5a7 d8c7 a7c8 c7c8 c2c3 a5a4 g4g5 h6g5 h3c8 e8f7 c1g5 f7e8 f2f4 f6g5 c3d4 e5d4 h2h3 f8b4 d1d4 g8f6 e2f2 g5f4 h3h4 d5e4 g1e2 h8h5 d4d1 h5h4 h1h4 g7g5 f2f1 g5h4 e2f4 a4a3 f1f2 b8a6 d1d4 a6c7 d4f6 c7d5 f6g6 e8f8 f2f1 d5f4 g6g5 h4h3 f1f2 f8e8
1097,B,material_adjudication,66,1.339367,5485,2026-09-05 00:35:14,e2e3 c7c6 f2f3 f7f6 e1e2 d8b6 c2c3 e8d8 h2h3 f6f5 d2d4 g8h6 c1d2 g7g6 a2a4 h8g8 a4a5 b6b2 d1c1 b2c3 b1c3 f8g7 c3e4 f5e4 c1c3 h6f5 f3e4 f5g3 e2d1 g3h1 f1e2 d7d6 a1c1 g6g5 g1f3 c8d7 d4d5 g7c3 d5c6 c3d2 d1d2 b7c6 f3d4 d6d5 c1c6 d7c6 d2c2 h7h5 e4d5 c6d5 g2g3 d5c4 e2c4 b8d7 c4b5 d7e5 d4f5 h1g3 f5d4 e5g6 c2b3 g3h1 h3h4 e7e5 h4g5 a8c8
1098,W,checkmate,23,1.266095,5490,2026-09-05 00:35:15,b1a3 d7d5 d2d3 a7a6 g1f3 g7g5 c1f4 g5f4 g2g4 e8d7 d1d2 f7f6 f3d4 a6a5 f1g2 a5a4 g2d5 c7c6 d2f4 b7b5 h1g1 b8a6 d5c6
1099,B,checkmate,54,1.274442,5495,2026-09-05 00:37:30,h2h4 b7b6 b2b3 h7h5 c1a3 g7g6 c2c3 c8b7 d1c2 c7c6 g2g3 f8g7 f1g2 g8h6 a3b2 e8g8 c3c4 g7f6 a2a4 f6b2 c2b2 h6f5 e1f1 d8c7 a1a3 f5e3 f2e3 d7d5 d2d4 f8d8 g3g4 h5g4 b2c1 b6b5 c4b5 b7c8 h4h5 g6h5 c1d1 f7f6 h1h5 c6c5 d4c5 b8d7 b3b4 c8b7 e3e4 g4g3 c5c6 b7c6 b5c6 c7b6 a3b3 b6f2
1100,W,material_adjudication,74,1.346425,5500,2026-09-05 00:38:57,e2e3 g7g5 g1h3 e7e5 h1g1 a7a6 c2c4 d7d6 d1h5 e8d7 g2g4 d8e7 f2f4 c7c5 f4f5 g8f6 h5g5 b7b6 b2b3 d7c6 c1b2 d6d5 c4d5 c6d5 f1b5 c8b7 g1f1 f6g4 g5g4 c5c4 h3g5 e7g5 g4g5 h8g8 g5h5 g8g5 h5g5 a6b5 b3b4 f8e7 b2c3 e7g5 a2a4 b8c6 a4b5 a8a1 c3a1 g5f6 b5c6 d5c6 h2h3 b7c8 a1c3 c8b7 b4b5 c6b5 h3h4 e5e4 c3f6 b5a4 e1e2 h7h5 f6e7 f7f6 f1d1 b7d5 b1c3 a4b3 c3d5 b6b5 e7d8 b5b4 d1f1 b3b2
1101,B,material_adjudication,77,1.276187,5505,2026-09-05 00:39:48,g1f3 b7b5 c2c4 f7f6 b1c3 a7a5 b2b3 b5b4 f3h4 g8h6 c4c5 b4c3 f2f4 h6f7 h4g6 c7c6 e1f2 h7g6 f4f5 c8b7 c1b2 d8c7 b2c3 g6g5 d1c2 d7d5 c5d6 f7d6 c3b2 e8d8 c2c5 c7c8 a1c1 d6f5 c5c3 f5d6 g2g4 f6f5 c3d4 b8d7 f1g2 f5g4 e2e3 a5a4 d4a4 d6f5 a4d4 f5d4 b2d4 c8b8 f2e1 d8c7 e3e4 d7c5 d4c5 c7d8 h1f1 h8h6 f1f5 e7e5 c5f8 g7g6 f8h6 g6f5 e4f5 d8e7 h6g5 e7d7 f5f6 a8a2 c1c2 a2c2 h2h3 b8a8 h3g4 b7a6 d2d3
1102,B,checkmate,40,1.319869,5510,2026-09-05 00:39:49,e2e3 a7a5 b2b3 d7d5 e3e4 g7g6 d2d3 b8c6 f2f3 d5e4 f3e4 e8d7 e1e2 g8h6 g1f3 d7e6 e4e5 f7f5 c1e3 g6g5 f3g5 e6d7 a2a4 a8a7 d1c1 e7e6 b1a3 h6g4 e3f4 f8a3 a1a3 h8g8 c1d1 g8g5 f4g5 d8g5 d1c1 g5c1 a3a1 c6d4
1103,B,material_adjudication,127,1.312485,5515,2026-09-05 00:40:59,a2a4 e7e6 a4a5 d7d6 f2f3 g7g5 b2b3 e6e5 a5a6 b8d7 a1a5 d6d5 a5d5 b7b6 c1b2 c7c5 c2c4 b6b5 e1f2 b5c4 b3c4 c8a6 f2g3 a6c4 h2h3 e5e4 f3e4 c4d5 e2e3 a7a6 e4d5 h7h5 b2h8 a8b8 d1e2 g8e7 h3h4 e7d5 h8c3 d5c3 d2c3 b8b1 h4g5 d8g5 g3f3 g5f5 f3g3 f5d5 e3e4 d5b7 g3f2 h5h4 h1h4 f7f5 h4h5 f5e4 e2c4 a6a5 f2e2 b1b6 e2e3 d7f6 h5h1 b6b1 f1e2 f8e7 e3d2 b1b2 d2d1 e8d7 g2g3 a5a4 h1h4 e7d8 c4a4 d7e6 g1h3 b2b6 h3f4 e6e7 a4c4 d8c7 c4c5 e7e8 c5d4 b6d6 e2c4 d6d4 c3d4 e4e3 g3g4 c7f4 d1e2 f6e4 c4b5 e8f8 b5c4 b7c8 e2d3 c8d7 d3e4 d7e7 e4f4 f8g7 f4g3 e7d7 h4h1 d7d8 h1e1 d8e7 g3h3 e3e2 c4e2 e7d7 e1f1 d7d4 e2d3 d4d3 f1f3 d3c2 f3c3 c2c3 h3g2 c3d4 g4g5 g7h8 g5g6
1104,B,material_adjudication,121,1.346627,5520,2026-09-05 00:42:48,e2e3 a7a5 b2b3 a5a4 f2f3 f7f6 g2g3 c7c6 e1f2 e7e6 f1h3 f8c5 d1f1 a4a3 b1a3 a8a3 c1a3 c5a3 g3g4 e8e7 f2e1 d7d5 a1d1 d8c7 g4g5 c7d7 c2c4 e7f8 h3g2 d5c4 f1c4 f8e7 d1b1 g7g6 f3f4 f6g5 f4g5 d7d8 g1e2 g8f6 e2d4 d8g8 h2h3 g8g7 e3e4 f6h5 g2f3 h8g8 d4c2 h7h6 c2a3 h6g5 f3h5 g6h5 b3b4 g5g4 a3c2 g4h3 h1h3 e7f7 b1b3 g8f8 c4d3 c6c5 b4c5 g7f6 d3e2 f6g7 e2f1 f7g8 e1e2 f8f1 e2f1 e6e5 h3h5 b8c6 f1e1 g7g6 h5h4 g6g7 h4h5 g7f8 e1d1 g8g7 d1e2 f8f4 d2d3 c6e7 h5h1 f4f6 h1f1 f6h6 c5c6 e7c6 f1f3 c6d4 c2d4 e5d4 f3g3 g7f7 g3f3 f7g7 e4e5 h6g5 e5e6 c8e6 f3g3 g5g3 a2a4 g3h3 e2f2 e6d5 f2e1 g7h7 b3b7 d5b7 e1f2 h3g4 f2f1 b7c8 f1e1
1105,B,value_resign,40,1.311035,5525,2026-09-05 00:43:02,e2e3 a7a5 b2b3 a5a4 f2f3 h7h5 h2h3 a8a6 e1e2 e7e5 e3e4 f8c5 c1b2 b8c6 g2g3 h8h7 c2c3 a6a7 d2d4 c5d4 c3d4 e5d4 d1d2 a4b3 d2f4 d7d6 b2c3 b3a2 e2d1 d4c3 a1a2 a7a2 b1c3 g7g5 c3a2 g5f4 g3f4 c6d4 h1h2 f7f5
1106,B,material_adjudication,66,1.315010,5530,2026-09-05 00:43:42,g1h3 d7d6 h1g1 h7h5 f2f3 b8a6 e2e3 e8d7 a2a4 a6b8 e1e2 a7a6 c2c4 d6d5 c4d5 g7g6 e3e4 c7c5 d2d4 c5d4 d1d4 f8h6 b1c3 d7d6 d4b6 d8b6 e2d3 c8h3 g2h3 b8d7 c3e2 g6g5 c1g5 h6g5 g1g5 f7f6 h3h4 d6c5 a4a5 b6b4 a1d1 f6g5 d3e3 g8f6 h4g5 b4a5 d1a1 a5b6 b2b3 a8d8 a1c1 c5b5 e3f4 a6a5 e4e5 f6g4 f3g4 d8g8 e2d4 b5b4 g4h5 b4a3 d4e2 a5a4 h5h6 a4b3
1107,B,checkmate,36,1.272897,5535,2026-09-05 00:43:56,a2a3 b8c6 h2h4 h7h5 e2e3 a7a5 d2d4 c6e5 f2f3 e5d3 e1d2 b7b6 g1e2 d7d5 h1g1 d8d7 e3e4 e7e5 d2d3 e5d4 c1h6 a8b8 h6g5 c7c5 e4d5 f7f6 c2c3 g8e7 b1d2 f6g5 d2b1 e7g8 g2g3 b6b5 d1d2 d7f5
1108,W,material_adjudication,86,1.338884,5540,2026-09-05 00:45:42,a2a3 g8f6 e2e3 c7c6 b2b4 d8c7 d2d3 e8d8 c2c4 h7h5 f2f3 g7g5 e1d2 f6g8 g1h3 d7d6 c4c5 d6c5 f3f4 b8a6 d2e1 c8h3 g2h3 a8c8 f1g2 c5c4 c1d2 a6b4 a3b4 a7a5 f4g5 f7f6 b4a5 c7b8 d1e2 f6g5 h1f1 b8h2 f1f8 d8d7 f8c8 d7c8 a1a2 c4d3 e2f1 c6c5 a2a3 g8f6 f1h1 h2g2 h1g2 g5g4 e1f1 g4h3 g2g5 f6e4 g5f4 c8d7 a3a1 d7e8 d2e1 h8f8 a1a4 f8f4 e3f4 h3h2 f1g2 d3d2 b1d2 e4c3 g2h2 c3a4 f4f5 c5c4 a5a6 c4c3 a6b7 c3d2 b7b8q e8f7 e1d2 h5h4 d2f4 a4c5 f4e3 c5a6
1109,W,material_adjudication,80,1.222991,5545,2026-09-05 00:48:12,e2e3 a7a5 f1b5 a5a4 e1e2 c7c6 c2c3 d7d6 b2b4 g8f6 f2f3 a4a3 b5a4 f6e4 f3e4 d8c7 g1f3 e8d7 b4b5 e7e6 c1a3 g7g6 h1g1 g6g5 f3g5 c7d8 g5f7 d8e8 f7h6 a8a4 d1a4 c6b5 a4b5 b8c6 a3c5 d6c5 b5d3 f8d6 b1a3 c6e5 d3c2 h8f8 d2d4 c5d4 e3d4 e8d8 d4e5 f8f5 e5d6 f5h5 a1d1 d8e8 e2f1 h5h6 c2e2 e8f7 e2f3 h6f6 f1e2 f6f3 g2f3 f7f6 a3b5 h7h6 g1g4 h6h5 g4g2 e6e5 h2h4 f6h4 b5a7 h4f6 a7c8 f6d6 d1d6 d7c8 g2g3 h5h4 g3g6 h4h3
1110,B,checkmate,58,1.277861,5550,2026-09-05 00:48:53,b2b3 b8a6 h2h4 h7h5 g2g3 d7d5 c2c3 a8b8 f1g2 b7b5 f2f4 c8d7 g1h3 e7e5 f4f5 e5e4 g3g4 d8c8 g2f1 c8d8 h3g5 f8e7 g5f7 c7c6 f7d8 e7d8 c1b2 h5g4 e1f2 g8e7 f1g2 e7f5 d1c1 f5h4 h1f1 d8a5 g2e4 d5e4 e2e3 h4f5 f2g2 h8h6 f1f5 d7f5 b3b4 a5c7 a2a3 b8b6 d2d4 e4d3 a1a2 g4g3 e3e4 a6b4 c3b4 f5e4 g2g1 h6h1
1111,W,material_adjudication,66,1.300591,5555,2026-09-05 00:50:46,e2e3 a7a5 a2a4 b7b6 f2f4 e7e5 c2c4 g7g6 a1a2 d7d6 h2h4 g6g5 f4g5 d8d7 g2g4 b6b5 d2d4 e5d4 c4c5 d4e3 e1e2 h7h5 e2d3 g8e7 d3c2 b8c6 a4b5 d6d5 b5c6 e7c6 c1e3 d5d4 e3d4 c6d4 c2c3 f8g7 g4h5 g7e5 g1f3 a8b8 f3e5 b8b3 c3d2 b3b2 a2b2 f7f6 e5d3 f6g5 f1h3 d7a4 h4g5 c8d7 b1a3 a4a3 b2b1 a3c5 d3c5 h8g8 b1b7 g8h8 d2d3 h8f8 d3d4 f8f5 h3g4 f5f7
1112,B,material_adjudication,69,1.224019,5560,2026-09-05 00:51:00,b1a3 h7h5 a1b1 a7a5 b2b4 b8c6 f2f3 c6b4 d2d4 d7d5 b1b3 a8b8 b3b4 a5b4 c2c4 c8d7 c4c5 h5h4 g1h3 c7c6 c1d2 b4b3 a3b1 b3a2 d1c1 e7e6 b1a3 d8c8 c1c2 f7f5 h1g1 a2a1q c2c1 a1a3 c1a3 g8f6 a3b2 e8e7 f3f4 c8d8 h3f2 e7f7 f2d3 f8e7 e2e4 d5e4 e1d1 e4d3 f1d3 f6d5 d1e1 g7g6 g2g3 h8g8 b2b3 d5f6 g3h4 d8c7 d2c3 g8g7 b3a2 f6e4 d3e4 f5e4 a2d2 e7d8 g1f1 f7e7 e1e2
1113,B,material_adjudication_moderate,83,1.253601,5565,2026-09-05 00:52:54,d2d3 b7b6 g2g4 d7d6 b1c3 c8b7 c3e4 b7d5 c1d2 a7a5 f1g2 a8a6 a1c1 f7f6 c2c4 d5b7 g1f3 f6f5 e4g5 f5g4 f3e5 c7c5 g2b7 a5a4 g5h7 h8h7 e5g6 b6b5 b7a6 b8a6 c4b5 a6c7 g6f8 h7h6 e2e3 e8f8 a2a3 c7b5 b2b3 a4b3 a3a4 b3b2 a4b5 b2c1q d1c1 f8f7 h2h4 g4h3 b5b6 d8b6 h1h3 h6h3 c1b2 b6b2 d2c3 e7e5 c3b2 g8f6 b2c3 f6d5 e3e4 g7g5 e4d5 e5e4 d3e4 h3h4 f2f4 g5f4 c3a5 f4f3 e1d2 c5c4 e4e5 h4h6 d2e1 d6e5 a5d2 h6h2 d5d6 f7e6 d6d7 e6d7 d2c3
1114,B,checkmate,52,1.255430,5570,2026-09-05 00:54:49,h2h4 b7b6 b2b3 d7d6 c2c3 c8d7 g2g3 h7h5 f1g2 e7e5 g2a8 f8e7 c1b2 g7g6 f2f4 a7a5 a8f3 d6d5 e2e4 a5a4 e1f2 a4b3 e4d5 e5e4 f3e4 b8a6 d1e2 e7g5 h4g5 a6c5 g1f3 f7f6 g3g4 c5e4 f2e3 h5g4 e3e4 h8h1 f3g1 d8e7 e4d4 h1g1 d5d6 e7e2 a2b3 f6f5 d2d3 c7c6 c3c4 d7e6 b1c3 c6c5
1115,B,value_resign,68,1.242182,5575,2026-09-05 00:55:04,b1a3 a7a5 b2b3 f7f6 a3b1 c7c6 h2h4 g8h6 d2d4 b7b5 b3b4 f6f5 h1h3 a5b4 a2a4 e8f7 c1b2 c8b7 f2f4 b5a4 a1a4 a8a4 g1f3 a4a5 f3g5 f7e8 g5e6 d7e6 e1f2 h6g4 f2f3 c6c5 d4d5 e6d5 h3h1 b8d7 c2c4 d5d4 f3g3 b7c6 b2a3 d8a8 a3b4 c5b4 d1e1 a8c8 h1g1 c8b7 b1a3 a5a8 c4c5 e8d8 e1c1 a8c8 a3c4 g4e3 c1e3 c6a4 e3d4 c8a8 d4d5 b7c6 d5c6 a4c6 e2e4 a8b8 f1e2 c6b5
1116,W,value_resign,19,1.270198,5580,2026-09-05 00:55:19,a2a4 f7f6 b2b4 c7c6 a1a2 b7b6 c2c3 e7e6 h2h3 f8c5 b4c5 d8c7 c1b2 c7h2 h1h2 g8h6 b2c1 h6g4 a2a3
1117,W,value_resign,53,1.280248,5585,2026-09-05 00:56:01,e2e3 g7g6 a2a4 b7b6 g1h3 e7e6 f2f3 g6g5 g2g4 b8a6 c2c4 c8b7 e1f2 b7f3 d1f3 a6b8 h3g5 e6e5 a4a5 d7d5 g5f7 e5e4 f3g3 d5d4 f1g2 f8e7 e3d4 d8d4 f2e1 e7b4 g3f2 e4e3 f2f3 e3e2 h1f1 d4e4 f7h8 g8f6 a5b6 e4c4 b6c7 c4c2 e1e2 c2c1 d2d4 b8d7 b1c3 b4c3 b2c3 c1b2 e2e1 b2a1 e1f2
1118,B,value_resign,80,1.339851,5590,2026-09-05 00:56:30,h2h4 h7h5 b2b4 c7c5 b1c3 c5c4 c3d5 a7a5 b4a5 a8a6 c1b2 a6e6 b2c1 g8h6 f2f4 h6g8 g1h3 e6e4 h1g1 d7d6 a2a4 c8d7 d2d3 g7g5 d3d4 d7h3 g2h3 g5f4 f1g2 g8f6 g2e4 f6e4 a1a3 c4c3 d5c3 d8a5 c1b2 f8h6 d4d5 b8a6 g1g7 f7f5 g7g6 b7b6 d1c1 a6c5 e1d1 e4g3 c3a2 e8f7 b2h8 f7g6 c2c4 g3e4 h8b2 c5a4 a2c3 a4b2 c1b2 a5c5 c3e4 f5e4 a3a7 f4f3 b2c3 b6b5 c3b2 c5a7 c4b5 f3e2 d1e2 a7b6 b2b1 b6d4 b1e4 d4e4 e2f2 h6f8 b5b6 f8h6
1119,W,material_adjudication,72,1.283685,5595,2026-09-05 00:56:31,h2h4 h7h5 a2a3 a7a6 a1a2 b7b5 a3a4 b5a4 f2f3 d7d5 d2d4 e7e5 a2a4 e8d7 d4e5 c7c6 c2c3 a6a5 e1d2 a8a7 h1h2 a7a6 g1h3 c6c5 f3f4 f7f6 g2g3 f8e7 c3c4 g7g5 f4g5 f6e5 c4d5 d8f8 e2e4 a6d6 f1g2 e7d8 b1c3 f8e7 a4a1 d7c7 a1b1 c8a6 h2h1 b8d7 h1g1 e7f8 d2e1 f8e7 e1d2 c7b6 g2f3 d8c7 f3h5 h8h5 d1h5 g8f6 g5f6 d7f6 h5g6 e7e8 g6e8 f6e8 g3g4 d6d5 c3d5 b6b5 g1d1 c7d6 h3g5 a5a4
1120,W,checkmate,69,1.339571,5600,2026-09-05 00:56:59,e2e3 g8f6 f2f3 g7g5 e3e4 f6d5 e4d5 h8g8 a2a3 c7c5 h2h3 h7h6 b2b4 h6h5 f1e2 c5c4 a3a4 d8c7 h3h4 d7d6 h4g5 c8e6 b1a3 f8g7 g2g3 g7a1 d5e6 f7f5 d2d3 c7c8 d3d4 d6d5 c1d2 a1b2 a3c4 d5c4 d2c3 b2c3 e1f1 e8f8 d1b1 c3d4 c2c3 d4c3 b1d1 f8g7 f3f4 b7b6 h1h5 c3b2 h5h3 a7a5 b4a5 b6a5 d1d2 b2d4 d2d4 g7f8 d4d5 c4c3 f1g2 a8a6 g1f3 c8d8 d5d8 f8g7 d8e7 g7g6 f3e5
1121,W,checkmate,63,1.236894,5605,2026-09-05 00:57:40,a2a3 g8f6 e2e3 c7c6 d2d3 b8a6 c2c4 a8b8 e1d2 a6c5 g1h3 d7d6 a3a4 c8d7 f2f4 c5b3 d1b3 h7h5 b3c3 h8h6 h1g1 g7g6 b1a3 e7e5 b2b4 f8e7 g2g3 f6e4 d3e4 d8c8 c4c5 e5f4 g3f4 e7f6 c3f6 c8d8 f6g5 f7f6 g5h6 b7b6 c1b2 d8c7 d2d3 a7a5 a3c2 d6d5 b4a5 b6a5 c2d4 b8c8 b2c1 c8b8 g1h1 b8b7 d3e2 b7b3 h1g1 d7c8 g1g6 c8d7 h6h7 c7b8 g6g8
1122,B,value_resign,40,1.277408,5610,2026-09-05 00:57:41,a2a4 f7f6 g2g4 c7c6 d2d4 e8f7 b2b4 b7b6 c2c3 h7h5 e1d2 d7d5 d1e1 b6b5 f2f4 b8d7 h2h3 b5a4 f1g2 h8h6 a1a4 d7c5 d4c5 d8c7 e2e4 c8a6 e1f1 a6f1 b4b5 f6f5 b5b6 a7b6 c5b6 c7b6 a4a8 f1g2 g4g5 h6h8 h1h2 g8f6
1123,W,material_adjudication_moderate,90,1.295771,5615,2026-09-05 01:00:35,h2h4 b7b6 b2b3 h7h5 c1b2 c7c6 g2g4 c6c5 f1g2 c8b7 b2c1 f7f5 f2f4 e8f7 e1f1 h5g4 g2d5 b7d5 e2e4 a7a6 e4d5 g4g3 c2c3 d8c8 g1h3 e7e6 h3g5 f7e8 d1e2 f8d6 h4h5 g8h6 d2d4 h8g8 g5f3 c5d4 f3d4 h6g4 b1d2 c8c3 e2d3 c3b4 c1b2 e6d5 d2f3 b8c6 d4c6 d7c6 f3d4 e8d8 d4c6 d8c7 c6b4 d6b4 a2a3 b4a3 b2a3 g8b8 d3d2 g4h6 a1a2 g3g2 f1g2 g7g5 a3e7 g5f4 a2a4 h6g4 h1g1 b6b5 g1e1 b5a4 b3a4 f4f3 g2f3 c7d7 e7g5 g4f6 h5h6 f6e4 d2d5 d7c8 f3f4 b8b7 e1h1 b7b2 h1f1 a8b8 f1e1 b2b1
1124,W,value_resign,65,1.297994,5620,2026-09-05 01:00:50,h2h3 a7a6 b1c3 e7e6 e2e4 h7h6 a1b1 g7g5 g2g4 a6a5 e4e5 h8h7 h1h2 a5a4 c3b5 d7d5 b2b4 f8b4 a2a3 b4a5 c1b2 b8a6 b1c1 d5d4 h2g2 d4d3 f1d3 d8e7 d3h7 c8d7 b2d4 d7b5 c2c3 e7a3 f2f4 a3c1 d1c1 a6b4 c3b4 a5b4 g2g3 b5c6 h7d3 g5f4 g3g2 b7b6 e1d1 a8c8 h3h4 g8e7 c1c4 c6d5 c4b4 e7c6 b4a4 c8a8 a4c6 e8e7 c6c7 e7e8 g1h3 f7f6 g4g5 h6g5 h3g5
1125,B,value_resign,114,1.293891,5625,2026-09-05 01:01:04,e2e3 a7a5 b2b3 a5a4 g2g3 h7h5 e1e2 d7d6 b1a3 b7b6 g3g4 h5h4 f2f3 e7e5 h2h3 b8c6 d2d4 d6d5 c2c3 c6d4 e3d4 c7c6 a3b1 f8e7 c1d2 e8f8 d4e5 c8d7 d1c2 a4b3 c2b2 b3a2 a1a2 f7f6 a2a8 d8a8 f3f4 f8e8 g4g5 a8a5 f1g2 c6c5 g2d5 f6e5 f4e5 a5b5 b2b5 d7b5 e2e1 e7f8 g1f3 b5a4 g5g6 e8e7 d5a2 a4e8 a2c4 e7d7 e1e2 g8e7 b1a3 d7c7 h1d1 e8c6 a3c2 e7g6 c4g8 h8g8 d2e3 c6a4 d1c1 a4c2 c1c2 c7c6 c2a2 f8e7 e2d2 c5c4 e3d4 g8c8 a2a7 e7f8 a7a1 b6b5 a1a2 g6f4 d4e3 f4d5 f3h4 d5e3 d2e3 g7g5 h4f5 c8e8 a2a1 e8e5 e3f2 e5f5 f2e1 f8d6 a1a6 c6d7 a6a7 d7d8 e1d1 f5f4 d1e1 f4f3 e1e2 f3h3 a7c7 d8c7 e2f2 h3h5
1126,W,checkmate,33,1.314220,5630,2026-09-05 01:02:47,d2d4 g8f6 h2h4 f6e4 h1h3 h7h5 b2b3 g7g6 f2f3 e7e5 d4e5 a7a6 c2c4 f7f5 g2g3 f8g7 c1b2 h8h7 d1d5 e4g3 h3g3 d8e7 e1f2 b7b6 d5a8 e8d8 b1c3 c8b7 a8b7 g6g5 a2a3 h7h6 b7b8
1127,W,material_adjudication,88,1.262305,5635,2026-09-05 01:04:08,h2h4 g8f6 c2c4 f6e4 h1h3 d7d5 c4d5 h8g8 b2b3 c8h3 c1b2 g7g5 g1h3 g5g4 d1c2 d8d5 c2c1 b8d7 e1d1 d7f6 a2a4 b7b6 h3f4 d5c5 b2e5 c5c1 d1c1 c7c6 f4d3 e7e6 e5f6 e4f6 g2g3 f6d5 b1c3 f8d6 c3d5 e6d5 h4h5 e8e7 c1b2 a8f8 h5h6 g8h8 a1c1 h8g8 c1c6 e7d7 c6c1 d6e7 f1g2 d7e6 f2f4 g4f3 e2f3 a7a5 b2c2 f7f6 b3b4 a5b4 d3b4 e6d7 b4d3 g8h8 c1b1 d7d6 b1b3 f8g8 b3b6 d6c7 b6b5 e7d6 b5d5 c7c6 f3f4 d6e7 d3f2 g8f8 c2b2 f8d8 d5d8 c6c7 d8h8 e7d6 g2e4 f6f5 h8h7 c7b6
1128,W,material_adjudication,76,1.285121,5640,2026-09-05 01:08:38,a2a3 g8f6 a3a4 e7e6 g1h3 g7g6 g2g4 b8a6 a4a5 f6g4 c2c3 a6b8 d2d3 b7b6 h3g5 g4f2 e1f2 b6b5 g5f7 e8f7 f2f3 d7d5 d1e1 d5d4 h2h4 e6e5 c3d4 c7c6 f3g2 d8d7 b2b4 e5d4 c1b2 f8b4 e1b4 c8b7 b4d4 c6c5 d4e4 b7e4 g2h2 b5b4 d3e4 g6g5 h4g5 b8a6 b2h8 a8h8 e2e3 h8f8 f1a6 h7h5 a6e2 f7g8 h1d1 b4b3 d1d7 b3b2 a1a3 f8e8 h2h3 e8f8 d7d8 g8g7 d8b8 f8b8 a5a6 c5c4 a3a5 b8b5 a5b5 c4c3 b5b7 g7g6 b7a7 c3c2
1129,W,value_resign,59,1.290711,5645,2026-09-05 01:09:39,b1a3 a7a5 e2e3 a5a4 g1e2 e7e6 e3e4 f8b4 a3c4 e8e7 g2g4 g7g6 e4e5 b4c5 e2c3 c7c6 c4b6 c5d4 b6a8 f7f6 e1e2 d4c5 d2d4 c5d4 d1d4 c6c5 c3b1 c5d4 e5f6 g8f6 c1f4 d8g8 g4g5 f6h5 f4b8 e6e5 b8e5 d7d5 e5h8 h5f4 e2e1 b7b6 a8b6 c8e6 h8e5 f4h5 h1g1 g8g7 e5g7 e6f5 g1h1 f5e4 h1g1 h7h6 b6c4 h6g5 e1d1 d5c4 b2b3
1130,B,material_adjudication,67,1.209646,5650,2026-09-05 01:10:24,e2e3 g7g5 c2c4 d7d5 f2f4 g5f4 g2g3 h7h5 e3e4 f8g7 c4c5 c8e6 g1h3 c7c6 e4d5 a7a6 d1c2 e6d5 h3g1 d5h1 f1g2 h1g2 g1f3 a8a7 c2d1 e8f8 f3h4 b7b6 c5b6 a7b7 d2d4 g2e4 d1e2 g7d4 e2e4 d4e3 e4f4 e3f4 c1f4 g8f6 a2a3 e7e5 f4e5 f6e8 e5h8 b7b6 h4f3 e8g7 h2h3 h5h4 f3h4 c6c5 a3a4 b6b2 b1d2 b2b6 a4a5 b6b5 d2f3 c5c4 a1b1 b5b1 e1e2 b1b5 f3d4 f8e8 h4f3
1131,B,material_adjudication,97,1.285876,5655,2026-09-05 01:11:40,e2e3 g7g6 a2a4 b7b6 b1c3 d7d5 g1h3 g6g5 h3g5 h7h5 a1a3 h8h6 f1e2 d8d7 b2b3 d5d4 c3d5 d7d5 c1b2 d5b7 e3d4 c7c6 f2f4 b7c7 g5f3 c8d7 f4f5 f7f6 b2c3 e7e5 d1a1 f8a3 e2c4 b6b5 g2g4 b5c4 g4g5 e5d4 c3d4 e8e7 a1a3 e7f7 a3c5 c4b3 g5h6 g8h6 c2b3 a7a5 d4f6 f7f6 c5e5 c7e5 f3e5 h6f5 d2d4 f5d4 e5d7 b8d7 h1f1 f6e7 f1f2 d4b3 e1e2 d7c5 e2f1 b3d2 f2d2 c5a4 d2d4 e7e6 d4a4 e6f7 f1e1 c6c5 a4c4 a8c8 c4c5 c8c5 h2h4 c5b5 e1f2 a5a4 f2e3 a4a3 e3d3 f7g6 d3c4 g6h6 c4b5 a3a2 b5c4 a2a1q c4b3 a1h1 b3b2 h1g2 b2b1
1132,W,material_adjudication,66,1.316700,5660,2026-09-05 01:11:55,e2e3 g7g6 a2a4 b7b6 b1c3 d7d5 b2b3 g6g5 c3d5 c8d7 c1b2 b8a6 g2g3 e7e6 d5c3 g8h6 c3e4 f7f6 f2f4 d8e7 b2c3 e6e5 f1a6 e5f4 c3b2 f4f3 e4f6 e7f6 d1b1 f6e7 b2h8 h6g4 h8c3 g4h2 h1h2 e7b4 c3b4 f8e7 e1d1 g5g4 b4c3 a8d8 a6d3 d8c8 h2h3 g4h3 c3d4 a7a5 g1h3 h7h6 h3f4 f3f2 f4g6 e7a3 a1a3 f2f1q d3f1 c8b8 d4c3 b8c8 g6e7 e8e7 d1c1 c8f8 f1e2 e7e8
1133,W,value_resign,61,1.301780,5665,2026-09-05 01:11:56,h2h4 b7b6 b2b3 h7h5 c2c3 c7c5 g2g3 g7g5 f1g2 f7f5 g2a8 c8b7 a8b7 g5h4 e2e4 h4g3 f2g3 f5f4 e1f2 h8h7 a2a4 d8c7 d1f1 h7g7 c1b2 d7d6 d2d4 b8d7 d4d5 a7a5 b7a6 e7e6 h1h2 f4g3 f2g2 g3h2 g2h2 g7g3 h2g3 f8e7 b1d2 g8f6 d2c4 f6h7 d5e6 d6d5 g3h3 d5c4 b3c4 c7d8 g1e2 d7b8 a6b5 b8c6 b5c6 d8d7 c6d7 e8d8 e2g3 e7f6 e6e7
1134,B,value_resign,56,1.343176,5670,2026-09-05 01:14:21,g1h3 c7c5 b1c3 b7b6 h3g5 h7h5 b2b4 c5b4 c3d5 g8h6 h1g1 e7e5 a2a4 b8a6 g2g4 d8g5 f2f4 g5h4 g1g3 h5g4 c1b2 h4d8 a1c1 h8h7 f1g2 d8h4 d5b4 f8b4 e1f2 h4d8 d2d4 e5d4 g2a8 b4c3 b2c3 d4c3 a8g2 h6g8 g3g4 g7g6 d1d5 g8f6 d5d4 h7h2 c1h1 h2h1 g2h1 d7d5 g4g6 f7g6 d4f6 d8f6 f4f5 g6g5 f2f1 f6f5
1135,W,checkmate,51,1.337319,5675,2026-09-05 01:15:07,h2h4 e7e5 c2c4 d7d5 d2d3 e8d7 f2f3 b7b5 e2e4 b5b4 b1d2 d8f6 b2b3 g7g5 c1b2 g8e7 h4g5 f6f5 c4d5 c7c6 f3f4 a7a6 g2g3 c8b7 a2a4 c6d5 e4f5 e7f5 h1h2 f7f6 h2h1 f5d6 f1g2 d7e6 d1f3 e5e4 f3e2 e4e3 d2c4 d5c4 d3c4 d6c4 e2c4 e6d6 a4a5 b7g2 a1d1 d6e7 b2f6 e7e8 d1d8
1136,B,value_resign,26,1.204716,5680,2026-09-05 01:15:08,e2e3 a7a5 f1b5 h7h5 g2g3 a5a4 d2d4 c7c6 e1d2 h8h6 e3e4 f7f5 d2e2 e7e5 c2c3 f8e7 d1d3 f5e4 f2f4 e4d3 e2f3 g8f6 b2b3 e5d4 c3d4 h6h8
1137,B,value_resign,14,1.428174,5685,2026-09-05 01:15:22,g1f3 h7h5 b1a3 d7d6 b2b4 c7c6 f3g1 a7a5 c2c3 h5h4 f2f3 a5b4 c3b4 b7b5
1138,B,material_adjudication_moderate,96,1.178161,5690,2026-09-05 01:15:37,e2e3 g7g5 a2a3 c7c5 h2h3 h7h5 g2g4 f7f5 g4f5 g5g4 f2f3 e8f7 d2d4 d8b6 e1d2 g4f3 h1h2 c5d4 e3e4 f8h6 d2d3 h5h4 c1d2 d7d5 e4d5 b8a6 g1f3 g8f6 f3d4 h6g7 c2c3 b6b2 d3e2 b2a1 f1g2 g7h6 g2f3 f6h5 f3h5 f7f8 h5g6 h6d2 b1d2 a1d1 e2d1 a6c5 a3a4 a8b8 f5f6 b7b6 g6d3 c5d3 f6e7 f8e7 d1e2 d3c5 h2f2 c5a4 d5d6 e7d7 f2f4 c8a6 e2e1 b8d8 f4f6 a4c5 f6f5 d8f8 f5f8 h8f8 e1d1 f8f6 d1e1 c5d3 e1e2 f6d6 d2e4 d3b4 e2d2 d6d4 c3d4 d7c8 d4d5 c8b7 e4g5 b6b5 g5f3 b4d5 f3h4 b7c6 d2d1 d5f4 d1e1 c6d5 h4f5 d5e4
1139,W,material_adjudication_moderate,76,1.262504,5695,2026-09-05 01:15:38,h2h4 b7b5 g2g4 h7h6 g4g5 h6g5 b2b3 a7a5 f1g2 g5h4 b1c3 d7d6 c3d5 b8d7 a1b1 c8b7 c2c4 b5c4 b3c4 d7f6 d5f4 c7c6 a2a3 d8b8 g1f3 e7e5 d2d3 c6c5 g2f1 b7c8 b1b8 a8b8 f1g2 e5f4 c1d2 c8d7 f3h4 d6d5 h4g6 f7g6 h1h8 f4f3 g2f3 g6g5 h8h1 g5g4 f3d5 f6d5 c4d5 f8e7 f2f3 g4f3 e2f3 e7f8 f3f4 d7g4 d1g4 b8b1 g4d1 b1d1 e1d1 e8d7 d1e1 g8h6 d2c3 h6g4 a3a4 c5c4 d3c4 f8b4 c3b4 a5b4 e1e2 b4b3 h1a1 b3b2
1140,B,material_adjudication_moderate,84,1.270054,5700,2026-09-05 01:16:21,d2d3 b8a6 a2a3 a8b8 c2c3 e7e6 e2e4 g7g6 e1d2 g8h6 h2h4 e8e7 e4e5 f7f6 e5f6 e7e8 d1b3 e6e5 f2f3 c7c6 b3a4 f8g7 f6g7 h8g8 h1h3 b7b5 a4b3 a6c5 b3d1 d8c7 b2b4 c5b3 d2c2 b3a1 c2d2 d7d5 a3a4 g8g7 a4b5 b8b5 c3c4 b5b4 c4d5 c6d5 h4h5 c7d7 d2c3 b4d4 c1h6 g7g8 h6e3 a7a5 h5h6 d4b4 h3g3 d5d4 e3d4 e5d4 c3d2 a5a4 b1a3 b4b2 d2c1 b2a2 d1c2 a2c2 a3c2 a1c2 c1c2 a4a3 c2b3 c8b7 b3a3 e8d8 a3b4 b7c6 g3h3 c6d5 b4c5 g6g5 h3h2 d5b7 c5b6 g8f8
1141,B,value_resign,52,1.171536,5705,2026-09-05 01:16:49,a2a3 c7c5 a3a4 h7h5 h2h4 c5c4 f2f3 f7f5 e1f2 d8c7 b2b4 a7a5 f3f4 d7d5 h1h2 a8a7 b4a5 e7e6 g1f3 d5d4 c2c3 e8f7 c3d4 a7a5 f3e5 a5e5 d1c2 e5e4 d2d3 c7d6 d3e4 d6d4 c1e3 d4a1 e4f5 f8e7 b1a3 e7a3 g2g3 a1b2 f1h3 b2c2 e3d4 b8c6 d4e5 g8h6 e5d4 c6d4 f2f1 g7g5 f5f6 b7b5
1142,W,material_adjudication_moderate,76,1.228378,5710,2026-09-05 01:18:37,b1a3 h7h5 h2h4 e7e5 b2b4 f8d6 h1h2 b7b6 a1b1 g7g6 c2c3 d6f8 h2h1 f8h6 d2d4 d8f6 b4b5 e8e7 e2e3 d7d5 f1d3 a7a5 d1c2 e5e4 d3e2 g6g5 c1d2 g5h4 g1h3 e7d7 h3f4 g8e7 c2d1 f6f5 h1h4 h8d8 h4h5 h6f4 h5f5 e7f5 e3f4 f5d4 f2f3 d4e2 d1e2 e4e3 e2e3 f7f6 c3c4 d5c4 e3e2 c4c3 b1d1 c8b7 d2c3 b7d5 c3d2 a5a4 a3c4 d5c4 e2c4 c7c6 g2g4 c6b5 c4b5 b8c6 e1f1 d7e7 g4g5 f6g5 f4g5 c6d4 b5b4 e7e8 f1f2 a8c8
1143,B,material_adjudication_moderate,103,1.342980,5715,2026-09-05 01:19:19,b1a3 a7a5 f2f3 b7b5 a1b1 c7c5 b2b4 d7d5 b4a5 c8b7 f3f4 a8a5 c2c4 g7g6 g2g3 e7e6 h2h3 f8e7 b1b5 d5c4 d2d4 a5b5 g1f3 c5d4 a3b5 b7d5 c1d2 g6g5 f4g5 e6e5 b5d4 e5d4 e2e4 f7f6 e4d5 d8d5 f1e2 c4c3 f3d4 c3d2 e1d2 d5a2 d4c2 b8d7 g5f6 g8f6 d1c1 d7c5 e2c4 a2c4 h1d1 c4b5 c1b1 c5b3 d2e3 e8g8 c2d4 b5h5 d4b3 f6d7 d1d7 h5e5 e3d2 e5g5 d2e1 g5e5 e1d2 e5g5 d2e1 g5g3 e1d2 g3g5 d2e1 g5e5 e1d2 e5g5 d2e1 g5g3 e1d2 g3h4 d7d3 e7g5 d2e2 g5f6 b3a5 h4a4 d3b3 a4a5 b3b4 f6g5 b1b2 g8f7 e2d3 f7g6 b2d4 f8f2 b4a4 a5f5 d4e4 g6f6 e4f5 f6f5 a4a6
1144,B,material_adjudication_moderate,95,1.287587,5720,2026-09-05 01:19:20,h2h4 b7b6 c2c3 d7d6 b2b3 c8d7 g2g3 h7h5 g1f3 a7a6 d2d4 a8a7 f1g2 g8h6 d1d2 d7c6 e1g1 d6d5 a2a3 g7g6 f3h2 c6d7 d2g5 f8g7 c1e3 h8f8 g2h3 f7f6 g5g6 h6f7 g6g7 f7h8 e3f4 c7c6 g7h8 f8h8 h3g2 e7e5 g2f3 e5f4 b3b4 f6f5 b1d2 a7b7 a3a4 a6a5 g3f4 d8h4 c3c4 h4f6 a1d1 d5c4 d2c4 e8f8 d1c1 f8e7 c4e5 c6c5 f3b7 c5b4 b7d5 f6d6 e5g6 e7e8 g6h8 d6d5 e2e4 f5e4 h8g6 b8c6 c1c6 d7c6 g6e5 c6d7 e5d7 d5d7 f4f5 h5h4 h2g4 d7f5 g4e3 f5d7 g1g2 b4b3 f1c1 d7d6 e3g4 d6e6 d4d5 e6g4 g2h2 e4e3 f2e3 b3b2 c1c4
1145,B,value_resign,26,1.265154,5725,2026-09-05 01:21:03,e2e3 a7a5 f1b5 h7h5 g2g3 a5a4 d2d4 g8f6 g1h3 b8c6 d1f3 f6e4 e1e2 d7d6 h3g1 c8g4 d4d5 g4f3 e2e1 e8d7 c2c4 a8a6 b5c6 b7c6 g1f3 g7g5
1146,W,value_resign,29,1.312323,5730,2026-09-05 01:21:43,a2a3 g8f6 a3a4 e7e5 f2f3 a7a6 c2c3 b7b6 a4a5 c7c5 d2d3 f6g8 a5b6 c5c4 a1a6 a8a6 d3c4 h7h6 e2e3 f7f5 b1d2 c8b7 g2g4 d8c7 b6c7 f5g4 f1g2 g8e7 d2f1
1147,B,value_resign,98,1.311662,5735,2026-09-05 01:23:46,e2e4 a7a6 e4e5 g7g6 b2b3 d7d5 e5d6 f7f6 g2g3 e7d6 d1e2 e8d7 d2d3 b7b6 g1f3 g8e7 c1f4 d7c6 e2e4 c6d7 a2a3 g6g5 f1h3 f6f5 h3g4 g5f4 e4e2 c7c6 g4f5 e7f5 e2e4 c8b7 e4f5 d7c7 f5f4 a6a5 f3h4 f8e7 f4e4 b8d7 c2c4 e7h4 c4c5 d6d5 e4h4 d8h4 g3h4 h8f8 b1d2 d7c5 f2f4 c5d3 e1e2 d3f4 e2f1 a5a4 a1c1 b6b5 h4h5 a4b3 h5h6 f8c8 d2b3 c7b6 b3c5 c8c7 c5e6 c7d7 e6f4 d5d4 h2h3 a8f8 a3a4 b5a4 h3h4 a4a3 f1e2 f8f4 h1f1 f4g4 c1b1 b6a5 b1b7 d7b7 f1f4 b7b6 f4g4 c6c5 h4h5 a3a2 g4d4 c5d4 e2d3 b6b4 d3e2 a2a1q e2d3 a5a4
1148,W,value_resign,61,1.299845,5740,2026-09-05 01:24:00,b1c3 c7c6 h2h3 c6c5 g1f3 c5c4 c3b5 f7f5 f3h2 g7g6 a1b1 e8f7 c2c3 g6g5 h3h4 h7h6 a2a4 a7a6 d2d4 a6b5 f2f4 f8g7 e1f2 d7d5 h4g5 b7b6 a4b5 f7e6 g5h6 g7h6 h2f3 a8a5 d1c2 e6f7 g2g3 g8f6 f1g2 a5b5 h1g1 b8a6 b2b4 c4b3 b1b3 b5b3 c2b3 a6c5 d4c5 d8c7 c5b6 c7b7 f3e5 f7g7 g2f3 h8g8 e2e3 b7b6 b3b6 c8b7 g1h1 f6e4 f2f1
1149,B,material_adjudication,69,1.331239,5745,2026-09-05 01:27:58,b2b3 f7f5 e2e4 e7e5 g2g3 f8c5 a2a3 d8e7 d2d3 g7g6 b1c3 e7e6 b3b4 a7a5 b4c5 b8c6 d1e2 e8d8 c3a2 e6f6 e4f5 a5a4 g1f3 g6g5 c1b2 a8a5 f3e5 c6e5 e2d1 f6h6 h2h4 d8e7 c2c4 h6c6 d3d4 e5c4 f1h3 c4b2 d1c1 b2c4 d4d5 c6c5 h4g5 b7b6 a2c3 c8b7 c1c2 h7h6 g5h6 h8h6 h3f1 h6h1 a1b1 c5d4 c3e2 a5d5 e2d4 d5d4 c2c4 d4c4 b1c1 c4c5 c1c5 b6c5 e1e2 b7c6 f1g2 h1g1 g2f3
1150,B,value_resign,21,1.333433,5750,2026-09-05 01:28:44,e2e3 a7a5 f1b5 h7h5 g2g3 a5a4 d1h5 h8h5 g1f3 c7c6 b1c3 c6b5 c3b1 a4a3 b1a3 b5b4 e1f1 b4a3 d2d4 a8a6 f3g1
1151,B,value_resign,59,1.363988,5755,2026-09-05 01:30:01,b2b3 b8a6 d2d3 c7c5 e2e4 c5c4 e4e5 d7d6 e5d6 f7f6 e1e2 g7g6 a2a4 d8d7 c2c3 a6b8 b1a3 e7d6 a3c4 a7a6 g2g3 f8g7 d1c2 h7h6 c1e3 d6d5 c4b2 d7c7 f2f3 d5d4 c3d4 c7c2 e3d2 e8f7 f1g2 c2b2 a1a2 b2a2 h2h4 b7b6 d4d5 b8c6 e2e1 b6b5 h4h5 g8e7 d5c6 e7c6 a4b5 a6b5 d2c3 b5b4 c3b4 c6b4 d3d4 g6g5 e1d1 a8a6 g2h3
1152,B,value_resign,43,1.369669,5760,2026-09-05 01:30:02,b1a3 g8f6 d2d3 b8a6 a1b1 c7c6 e2e3 d8a5 b2b4 a6b4 c2c4 b4d5 e1e2 g7g5 b1b5 c6b5 c1d2 h7h5 d1a4 b5a4 c4c5 a5d8 a3c2 e7e5 c5c6 f8e7 e2e1 h8h6 g2g4 b7b6 g4h5 e7d6 e3e4 e8e7 e4d5 d8c7 h2h3 b6b5 g1e2 f6h7 d3d4 b5b4 d4e5
1153,B,material_adjudication,66,1.426548,5765,2026-09-05 01:30:32,e2e3 a7a5 f1b5 h7h5 d2d4 g7g6 g2g3 c7c6 a2a3 c6c5 g3g4 c5d4 h2h3 f8h6 a3a4 h5g4 d1e2 f7f6 e2c4 b8c6 h3g4 h8h7 e3d4 b7b6 c4g8 h6f8 e1f1 h7h8 a1a3 h8g8 b5c6 d7c6 f2f3 c8b7 c2c4 e8d7 c4c5 b6c5 d4c5 a8c8 a3a1 e7e5 g4g5 f6g5 f1e1 e5e4 c1g5 f8e7 f3e4 b7a6 g5d2 g8g7 d2a5 d8a5 b2b4 a5b4 b1c3 g7h7 a1b1 b4a3 g1e2 h7h8 h1h3 h8f8 b1a1 a3a1
1154,B,value_resign,44,1.360910,5770,2026-09-05 01:32:14,e2e3 a7a5 f2f3 a5a4 b2b3 h7h5 b1a3 a8a6 g1e2 c7c5 e3e4 f7f5 b3b4 g7g5 b4b5 a6h6 g2g4 e8f7 f1g2 f5f4 g4h5 h6h5 h1f1 d7d5 d2d3 d5d4 a1b1 f8g7 b1b4 c5b4 e2d4 g7d4 d1e2 c8e6 c1d2 g8h6 b5b6 b4a3 e2d1 d4e3 d2e3 f4e3 d1e2 b8c6
1155,B,material_adjudication,73,1.315729,5775,2026-09-05 01:33:12,a2a3 c7c5 b1c3 f7f5 e2e4 f5e4 h2h4 g8h6 d2d3 b7b6 c1h6 e4d3 f2f4 c8b7 c3b1 e7e5 c2d3 e8e7 h6g7 f8g7 h4h5 h8e8 e1d2 e5f4 a3a4 a7a6 g1f3 a6a5 f3g1 e7d6 b1c3 d8e7 d3d4 g7d4 c3b5 d6d5 h5h6 e8g8 b5d4 c5d4 d1b1 b8c6 b2b3 e7e3 d2d1 f4f3 g1f3 e3f2 h1h5 d5d6 f1e2 d6c7 f3h4 g8c8 d1c2 f2e2 c2c1 c6b4 g2g4 d7d6 h4f3 b7c6 f3d4 e2f2 d4c6 b4c6 h5h2 f2h2 g4g5 c7b8 b1a2 c6b4 c1d1
1156,B,value_resign,68,1.273665,5780,2026-09-05 01:33:27,e2e3 a7a5 f1b5 h7h5 d2d4 b8c6 f2f4 h5h4 g2g3 g8f6 d1f3 d7d6 b5c4 g7g6 f4f5 c6e5 d4e5 d8d7 c4e2 a5a4 c1d2 h8g8 e3e4 f8g7 f5g6 b7b6 e5f6 g7f6 e2b5 d7b5 d2e3 b5c4 g1e2 f6b2 e1d1 b2a1 b1d2 c4a2 e2c3 a1c3 g3h4 a4a3 d2c4 c3e5 c4e5 c8e6 e5f7 a8a5 e3h6 g8g6 d1d2 g6h6 f7h6 e8d7 h1a1 a2a1 f3c3 a1b1 c3b3 b1h1 b3e3 a3a2 e3e1 h1h2 d2e3 c7c6 c2c4 a5a4
1157,W,material_adjudication_moderate,102,1.146533,5785,2026-09-05 01:35:22,a2a3 c7c5 a3a4 h7h5 h2h4 g8h6 f2f4 g7g6 e1f2 f7f5 b2b3 b7b6 b1c3 f8g7 d1e1 e8g8 c1b2 c8b7 e1c1 h6g4 f2g3 a7a5 c3b5 g7h8 d2d3 h8d4 c2c3 b8a6 g1h3 d8b8 h1g1 d4f6 c1e1 g4e3 g3f2 e3c2 g2g3 a6c7 f1g2 c7e8 h3g5 f6g5 e1c1 g5f6 c1c2 b7c6 g1c1 a8a6 b5c7 f6c3 b2c3 b8c7 c3b2 c6g2 f2g2 c5c4 c2c4 c7c4 b3c4 a6a8 g3g4 h5g4 c4c5 b6c5 e2e4 e8c7 c1c5 c7a6 c5a5 a6b4 a5a8 f8a8 e4f5 g6f5 b2d4 b4d3 d4e3 e7e6 a1d1 d3c5 e3c5 d7d6 c5d6 a8a4 d1c1 a4f4 d6f4 g8h7 f4g5 h7g7 g5h6 g7h6 c1e1 h6h7 g2h2 h7h8 h2h1 f5f4 h1g1 h8g8 e1f1 e6e5
1158,B,checkmate,68,1.316541,5790,2026-09-05 01:35:23,d2d3 b7b6 g2g4 c7c6 h2h3 e7e5 d3d4 c6c5 f2f4 c5d4 c2c4 d7d6 b2b4 a7a5 f4f5 a5b4 f1g2 f8e7 g2d5 e5e4 e1f2 a8a4 d1a4 b8c6 a4d1 c8b7 d1b3 h7h5 g4h5 g8f6 c1g5 h8h5 h3h4 f6d5 c4d5 e7g5 d5c6 b7c6 h4g5 h5h1 b1a3 b4a3 f2g2 h1h7 b3b1 d8g5 g2f1 g5g4 g1f3 g4h5 f3d4 c6d5 f5f6 g7f6 d4f3 e8f8 b1c1 h7h8 c1c7 e4e3 c7c2 f8e7 f1e1 d5e6 f3h4 h5h4 e1f1 h4h1
1159,B,value_resign,27,1.257959,5795,2026-09-05 01:36:33,e2e3 a7a5 f1b5 a5a4 g2g3 h7h5 d1h5 h8h5 b5f1 c7c6 f2f3 h5h8 b2b3 a4b3 f1h3 c6c5 h3f5 d8c7 b1a3 f7f6 e3e4 a8a5 f5g6 e8d8 c1b2 d7d6 e1f1
1160,B,value_resign,90,1.302900,5800,2026-09-05 01:37:31,h2h4 b7b6 b2b3 h7h5 h1h3 e7e5 b1a3 d7d5 d2d3 a7a6 a3b1 f8e7 e2e4 d5e4 d1e2 e4d3 c1d2 d8d7 e2e5 d3c2 e5g5 c8b7 f1d3 e7d8 a2a4 c2b1q a1b1 b7g2 g5g2 e8e7 d3c4 a6a5 b1d1 h8h6 d2h6 g7h6 d1d7 b8d7 h3d3 f7f6 d3d1 e7e8 c4e2 g8e7 b3b4 a5b4 f2f3 a8a4 d1d4 a4a3 d4b4 a3a1 e1d2 a1b1 d2c3 e7d5 c3c2 b1b4 e2d1 b4f4 g1e2 c7c5 e2f4 d5f4 g2g3 f4d5 g3g2 d5f4 g2g3 f4e6 g3g2 e6f4 g2g3 f4e6 g3g2 e6f4 g2g3 f4e6 g3g2 e8f8 c2d3 f8e7 d3c4 e6f4 c4b5 f4g2 d1c2 d7e5 f3f4 e5g6
1161,W,material_adjudication_moderate,76,1.296126,5805,2026-09-05 01:38:01,b2b3 b8a6 h2h4 f7f5 c2c4 h7h6 g1h3 e7e5 c1b2 a8b8 b1c3 d7d5 d1c1 d5d4 f2f4 h6h5 a2a4 e5e4 c3d5 a6b4 d5b4 h8h6 b4d5 f8c5 a1a2 e8d7 b2d4 c5d4 g2g3 h6e6 d2d3 d4f6 d5f6 g8f6 f1g2 a7a5 h3g5 e6c6 e1g1 c6a6 c1c2 b8a8 c4c5 d7e8 d3e4 f5e4 g2e4 f6e4 c2e4 c8e6 g5e6 a6e6 e4e6 d8e7 e6e7 e8e7 f4f5 a8b8 f5f6 g7f6 g1g2 c7c6 e2e4 e7e6 f1f2 b8a8 e4e5 f6e5 f2f3 e5e4 f3e3 a8b8 e3e4 e6d5 e4e2 d5c5
1162,B,checkmate,24,1.323512,5810,2026-09-05 01:38:03,g1h3 c7c5 d2d4 h7h5 e1d2 d8b6 f2f3 c5d4 c2c3 g7g6 c3d4 f8h6 d2d3 d7d5 a2a3 c8f5 d3c3 e8f8 g2g4 f5b1 a1b1 b6c6 c3d3 c6c4
1163,B,value_resign,66,1.209584,5815,2026-09-05 01:38:18,b1a3 a7a5 f2f3 b7b5 a3c4 h7h5 e2e3 d7d5 g1h3 d8d6 c4a5 d6c5 g2g4 b5b4 h3g5 h8h6 g4h5 d5d4 b2b3 a8a5 e3d4 e7e5 d4c5 c8f5 g5f7 e8f7 f1h3 h6h5 c2c3 b4c3 d1e2 h5h3 d2d3 c7c6 c1g5 f5e6 a2a4 b8d7 a1c1 e5e4 f3e4 f8c5 c1c3 c5a7 b3b4 a5g5 h1g1 a7g1 e2c2 g8h6 d3d4 g5g4 c3h3 d7f6 e4e5 g4e4 e1f1 g1d4 e5f6 e6h3 c2g2 h3g2 f1g2 f7e6 h2h3 e6f6
1164,B,material_adjudication_moderate,119,1.219981,5820,2026-09-05 01:40:36,a2a3 g8f6 a3a4 g7g6 a4a5 f6h5 d2d3 e7e6 f2f3 h8g8 c2c3 d7d6 h2h4 h5g3 e1d2 f7f5 b2b3 d8d7 c3c4 f8h6 d2c2 h6f8 a1a4 c7c5 a5a6 d7c6 a6b7 c6b7 b1a3 b8d7 f3f4 f8g7 h1h3 g7f6 h3g3 d6d5 g3g5 a7a6 g1f3 a8b8 c1d2 b8a8 d1e1 a8b8 f3e5 d7e5 f4e5 f6g5 d2g5 f5f4 c4d5 e6d5 g5f4 g6g5 h4g5 e8d7 e2e4 g8g6 e4d5 b7d5 g2g4 g6e6 f1g2 d5g2 c2c3 e6b6 e1g3 g2g3 f4g3 b6b3 c3c4 b3b6 c4c5 d7d8 g5g6 c8d7 g6h7 d7a4 h7h8q d8d7 h8g7 d7e8 g3h4 a4b3 g4g5 b8b7 a3c4 b7g7 c5b6 g7h7 h4g3 b3a2 g3f4 h7f7 f4c1 a2c4 d3c4 f7f2 c1e3 f2c2 e3d4 c2c4 g5g6 c4d4 g6g7 e8f7 b6c5 d4a4 g7g8q f7g8 e5e6 g8f8 e6e7 f8f7 c5d5 f7e7 d5e5 a4g4 e5d5
1165,W,checkmate,105,1.220819,5825,2026-09-05 01:41:44,b2b3 c7c6 e2e3 g7g6 d2d3 b7b6 c2c3 a7a6 a2a3 c6c5 c3c4 h7h5 b1d2 b8c6 f2f4 d7d6 h2h4 f8g7 g2g4 c8g4 f1e2 a8a7 d2f1 g7f6 a1b1 g4e2 d1e2 f6h4 h1h4 g8f6 f1d2 f6h7 f4f5 a6a5 h4h1 g6g5 c1b2 a7c7 b2h8 b6b5 b1d1 b5c4 d2c4 d8d7 h8d4 c6d4 e3d4 g5g4 d4d5 a5a4 b3a4 d7a4 d3d4 a4c4 e2c4 c5d4 c4e2 c7c3 d1d2 d4d3 e2e5 d6e5 h1h4 h7f6 d2d1 f6d7 h4h5 e8f8 d5d6 e7d6 h5h2 c3c2 h2h5 d7c5 a3a4 g4g3 g1h3 g3g2 d1b1 f7f6 h3g1 d6d5 a4a5 d3d2 e1e2 f8e8 e2d1 c2a2 h5h6 a2a5 d1d2 e8e7 h6g6 e7d7 g6g2 e5e4 g2g7 d7e8 g1h3 c5d7 g7h7 d5d4 b1b3 d7c5 b3b8
1166,W,material_adjudication,80,1.320799,5830,2026-09-05 01:43:45,a2a3 g8f6 a3a4 d7d6 g1h3 e8d7 c2c3 a7a6 f2f3 d6d5 c3c4 d7e6 g2g4 f6e4 h3f4 e6d7 f4d5 h7h5 e2e3 e4g5 e3e4 g7g6 b1a3 f7f6 a3b1 e7e6 b1c3 c7c5 a1b1 e6d5 c4d5 f8g7 d1e2 a6a5 g4h5 g7h6 h5g6 c5c4 d2d4 c4d3 e2d3 d8g8 d3e2 a8a7 e4e5 g8g6 e5e6 g5e6 f1h3 h6c1 h3e6 d7d8 b1c1 c8e6 d5e6 h8e8 f3f4 e8e6 e2e6 f6f5 e6d5 d8e8 h2h3 g6f6 b2b3 f6e7 e1d1 a7a6 c3b5 a6c6 d5f5 c6f6 f5e5 f6f4 e5f4 e7d7 d1e1 d7f5 b5c7 e8e7
1167,B,material_adjudication,66,1.237844,5835,2026-09-05 01:44:26,h2h4 b7b6 g2g4 d7d6 c2c4 b6b5 d1b3 b5c4 b3c4 a7a5 a2a4 c8e6 c4b5 e6d7 b5c4 a8a6 g4g5 h7h5 f1h3 d7h3 g1h3 h8h7 f2f4 d6d5 c4b3 a6b6 b3d5 d8d5 g5g6 h7h8 b2b3 d5b3 c1b2 b3b2 a1a2 b2b1 e1f2 b6b7 h1b1 b7b1 d2d3 b8a6 a2a1 b1b7 a1c1 b7b6 h3g5 f7g6 c1c2 e7e5 e2e3 b6b1 d3d4 e5f4 e3f4 b1b7 g5f7 a6b4 f7h8 b4c2 f2f1 b7a7 f1g1 c2a3 g1f1 f8b4
1168,W,material_adjudication,66,1.299441,5840,2026-09-05 01:45:34,b2b3 b8a6 h2h4 a8b8 b1c3 c7c6 c3b1 h7h5 a2a4 f7f6 a1a2 g8h6 d2d4 d8a5 c2c3 b7b5 e2e4 d7d5 b1a3 a6c7 a4b5 a5a4 b3a4 e7e5 a3c2 h6g8 d4e5 g8e7 c1d2 c8a6 b5c6 b8b5 f1b5 a6b5 g2g4 h5g4 f2f4 f6e5 e4d5 e5f4 d2c1 b5a6 c1f4 a6c4 f4e5 e7g6 e5d4 a7a5 d4e3 f8d6 e3h6 g7h6 c2d4 c4d5 d4e6 d5e6 d1d2 e6d7 c6d7 e8d7 d2b2 h8e8 e1f2 e8e5 b2c1 e5d5
1169,B,material_adjudication,71,1.256464,5845,2026-09-05 01:47:13,h2h4 h7h5 e2e4 b8a6 f1d3 a8b8 b1a3 c7c6 a3b1 g7g6 e4e5 d8c7 e1e2 d7d6 a2a4 f7f5 b2b4 g8h6 d3c4 d6d5 c4d5 c7d8 d5c6 b7c6 c1a3 h8h7 c2c3 c8d7 f2f4 h6g4 g1f3 f8h6 e5e6 a6b4 e6d7 d8d7 f3e5 d7c7 e5g6 b4d5 d2d3 e7e6 d1f1 g4e3 f1f3 h6f4 h1c1 h7h6 c3c4 h6g6 c4d5 e3d5 a3b2 f4c1 b2c1 f5f4 f3h3 c6c5 c1f4 d5f4 e2d2 b8b7 b1c3 c7d7 a1b1 b7b1 c3a2 e6e5 h3e3 e8d8 g2g4
1170,B,value_resign,31,1.277184,5850,2026-09-05 01:48:53,h2h4 h7h5 b1a3 a7a6 b2b4 d7d5 a1b1 f7f6 e2e4 e8d7 g1f3 a6a5 f3g1 a5b4 b1b4 a8a6 f2f3 c7c5 e4e5 c5b4 a3c4 f6f5 d2d4 a6a2 c4a5 a2a5 d1d2 a5a3 g2g3 a3a8 f1e2
1171,W,material_adjudication,68,1.340349,5855,2026-09-05 01:49:08,h2h4 b7b6 b2b3 c7c6 g2g4 c8a6 c2c3 g8f6 a2a3 g7g6 a1a2 a6b7 f1g2 f8h6 g4g5 h6g7 e1f1 e8f8 g1h3 f8g8 e2e3 d8c8 d2d3 d7d6 g5f6 g7h6 c3c4 h6g7 f6g7 c8h3 g2h3 g8g7 d1e2 b8a6 f2f3 a6c7 a2a1 f7f6 b3b4 h8g8 f1f2 f6f5 h1h2 h7h5 b1c3 c7e8 a1b1 c6c5 c3b5 g7h6 h2g2 e8g7 b1b2 c5b4 h3f5 b4a3 f5e6 a3b2 c1b2 a7a6 b5c7 b7d5 c7d5 g7e8 b2c3 g8f8 f3f4 a8a7
1172,B,material_adjudication,83,1.312127,5860,2026-09-05 01:53:06,b1a3 a7a5 f2f3 b8c6 h2h4 e7e5 c2c3 g8f6 a3b1 c6d4 h4h5 a5a4 g1h3 f6d5 c3d4 f7f6 d4e5 d7d6 h5h6 c8f5 e1f2 a8a5 d2d3 e8e7 e2e4 d8c8 e4d5 a5d5 d3d4 g7g5 d1d2 b7b6 b2b3 a4b3 e5d6 c7d6 h3g1 c8c5 d4c5 g5g4 c5d6 e7d6 c1b2 h8g8 a2a3 d6c6 d2d1 d5d1 g2g3 f5b1 f1g2 f8d6 a1b1 d1b1 f3g4 c6c5 a3a4 b1b2 f2f3 b2g2 f3g2 g8g4 g2f3 f6f5 h1h3 d6c7 a4a5 b6a5 h3h4 c7d6 h4h3 g4d4 f3e2 b3b2 g1f3 b2b1q f3d4 c5d4 h3h1 b1b2 e2f1 a5a4 f1e1
1173,W,checkmate,39,1.289003,5865,2026-09-05 01:53:07,a2a3 c7c5 d2d4 c5d4 e2e3 a7a5 g2g4 g8h6 f1h3 d7d6 g1f3 g7g6 e1f1 f8g7 e3d4 a8a7 c1h6 g7h6 d1e1 f7f5 e1d1 h8f8 g4g5 h6g7 d1e1 c8d7 f1g1 f8f7 b1c3 b8a6 a3a4 f5f4 c3d5 a6b8 g1g2 d8c8 a1b1 f7f8 e1e7
1174,W,material_adjudication_moderate,76,1.258159,5870,2026-09-05 01:53:23,h2h4 b7b5 g2g4 f7f6 a2a4 g8h6 f2f3 c7c6 e1f2 e8f7 d2d4 h6g4 f2g2 d7d5 b2b4 h7h5 c2c4 c8a6 a4b5 a6b5 c4c5 b5a6 a1a4 d8c7 c1h6 g7g6 b1a3 g4f2 d1b1 a6c8 a3b5 f2h1 b5c7 f8h6 c7a8 h1g3 g2g3 b8a6 b1e1 c8e6 a4a6 h6g7 f1h3 h8f8 g3g2 e6h3 g2h3 f6f5 f3f4 f8a8 e1f1 g7f6 h3g2 f7g7 g1h3 f6d4 a6a7 a8a7 f1d1 d4f6 h3f2 a7a2 d1c1 g7f7 g2f1 e7e6 f1e1 a2a6 f2d3 f7g7 e1d2 g7f7 c1b1 f7g7 b1c1 g7h6
1175,B,material_adjudication,101,1.258459,5875,2026-09-05 01:53:38,e2e3 g7g6 a2a4 e7e5 d1f3 f7f6 b1c3 f8b4 e1d1 e8e7 g1h3 b4c3 b2c3 d7d5 g2g3 e7f8 f3e2 d8e8 a4a5 e8c6 f2f3 c6b5 e2b5 c7c6 h3f4 c6b5 f4d3 a7a6 d3b2 f8e7 f1b5 h7h6 c3c4 a6b5 c4b5 f6f5 f3f4 e5f4 e3f4 g8f6 h2h3 e7e8 d2d3 c8e6 a5a6 b7a6 b5a6 b8a6 a1a6 a8a6 c2c3 a6d6 d1c2 e8d7 b2a4 f6h5 h1h2 h5g3 h3h4 h8f8 a4c5 d7d8 c5e6 d6e6 c1e3 g3e4 d3e4 f5e4 f4f5 g6f5 h2h3 d8e8 e3c5 f8f6 h4h5 e8d7 c2b2 f6f8 c5f8 e4e3 f8c5 e3e2 b2a3 e2e1q c3c4 e6e8 h3h1 e1c3 a3a4 d5d4 c5d4 c3c2 a4b5 e8e7 h1c1 c2c1 d4c5 e7e6 c5d4 e6f6 d4e3
1176,B,material_adjudication,66,1.265106,5880,2026-09-05 01:53:39,h2h4 h7h5 a2a3 a7a6 b1c3 e7e5 b2b3 d7d6 d2d3 c8h3 c1g5 f7f6 a1b1 f6g5 g1h3 d8c8 b1c1 b8d7 c1b1 a8b8 a3a4 g5h4 g2g4 h5g4 h3g1 e5e4 d1d2 c8d8 d3e4 a6a5 e1d1 c7c6 c3b5 d7f6 e2e3 g4g3 f1e2 g3f2 e4e5 d6e5 g1f3 e5e4 f3h4 c6b5 a4b5 f8c5 b1a1 h8h7 c2c3 c5e3 d1c2 e3d2 e2f1 a5a4 a1a4 d8a5 a4a5 g7g5 h4f5 h7h1 a5a6 h1g1 b5b6 f6h7 a6a7 b8d8
1177,W,material_adjudication,66,1.259301,5885,2026-09-05 01:53:40,e2e3 a7a5 e1e2 g8h6 e3e4 b8c6 h2h4 b7b5 c2c3 c8b7 f2f3 b5b4 c3c4 h6g8 a2a4 c6d4 e2e3 b4b3 h4h5 a8b8 e3d4 g7g6 d4d3 f7f5 f1e2 b8a8 g2g3 f8g7 a1a3 c7c6 d3e3 g8f6 d2d3 d7d6 h5h6 d8c7 h6g7 h8g8 d1b3 f5e4 e2d1 f6d5 c4d5 g8g7 d5c6 b7c6 b1d2 e4f3 d2f3 c6d5 b3d5 e7e6 d5a8 c7c8 d3d4 c8a8 d1b3 a8d5 b3d5 e6d5 h1h2 g6g5 c1d2 g5g4 h2g2 g4f3
1178,W,material_adjudication,82,1.302641,5890,2026-09-05 01:55:55,e2e3 a7a5 f2f3 e7e6 e3e4 a5a4 e1e2 e8e7 h2h3 b8c6 c2c4 a4a3 b2a3 a8b8 c1b2 h7h5 d2d4 e7d6 b2c1 h5h4 f3f4 c6a5 e4e5 d6e7 g1f3 a5c4 c1b2 d7d6 f3e1 c4b2 e5d6 c7d6 d1b3 b2d1 a3a4 b7b5 b3d1 g8f6 b1a3 b5b4 d1c1 b4a3 c1a3 f6e4 e1c2 f7f5 h1h2 e7d7 a3c1 g7g6 a1b1 b8b1 c1b1 d8f6 b1b2 f8g7 a4a5 c8a6 e2e1 h8c8 f1a6 c8a8 b2b7 d7e8 b7a8 e8f7 a8b7 f7e8 b7c6 e8f7 a6b7 f6e7 e1e2 g7f6 a2a4 e7b7 c6b7 f7f8 b7b6 f6d4 c2d4 f8e8
1179,W,material_adjudication_moderate,78,1.284701,5895,2026-09-05 01:56:37,a2a3 b8c6 d2d3 h7h5 c2c3 c6d4 d1a4 g7g5 c1g5 b7b5 a4d1 a8b8 a3a4 d7d5 a1a2 f8h6 d1c2 b5b4 b1d2 c7c5 g5e3 d4b3 e3c5 d8c7 c5d6 e7e6 c2b3 c7e7 d6b8 h6g7 e2e3 g7f6 b8d6 e7d6 g2g4 h5g4 b3b4 d6b4 c3b4 f6e7 g1e2 c8d7 h1g1 e6e5 b2b3 f7f6 e2c3 d5d4 f1g2 d4c3 a2a1 h8h2 d2e4 c3c2 a1c1 h2g2 g1g2 f6f5 e4c3 e7b4 e1d2 b4c3 d2c3 e5e4 d3e4 f5e4 a4a5 a7a6 c3c2 g8f6 c1d1 d7f5 d1d2 e8e7 c2c3 f5e6 c3d4 g4g3
1180,B,value_resign,28,1.293237,5900,2026-09-05 01:59:42,e2e3 a7a5 g2g3 a5a4 f1b5 h7h5 f2f4 f7f5 d1h5 h8h5 e3e4 b8a6 g1f3 b7b6 b5a4 c8b7 e4f5 b7d5 e1g1 h5h8 d2d3 d5f3 c1d2 e7e5 f1e1 f8d6 a2a3 h8h5
1181,B,material_adjudication,66,1.294973,5905,2026-09-05 02:01:31,h2h4 b7b6 b2b3 h7h5 d2d4 d7d5 c1g5 f7f6 e2e4 b8d7 e1d2 a8b8 a2a4 d7e5 a1a3 e5f3 g2f3 a7a5 a3a1 f6g5 h4g5 e7e5 f1h3 e5d4 h3c8 h5h4 h1h3 c7c5 c8g4 d8g5 f3f4 g5f4 d2e2 f4g4 f2f3 g4d7 e4d5 b6b5 a4b5 d7b5 e2d2 b5b7 b1a3 h8h5 h3h4 h5h4 f3f4 e8d8 g1f3 h4h3 d1c1 d8d7 f3d4 c5d4 a3c4 h3h2 d2e1 g8e7 a1a4 e7d5 c1d2 b7c8 c4b6 b8b6 c2c4 d7c6
1182,W,material_adjudication,66,1.345216,5910,2026-09-05 02:03:18,b2b3 c7c6 c2c3 f7f6 c1a3 b7b5 a3c1 e8f7 h2h3 b8a6 f2f4 f7e6 b3b4 e6d6 g2g3 a6b8 e2e4 a7a6 e1e2 g8h6 g1f3 d6e6 d2d4 d7d5 b1d2 d5e4 c3c4 e6d7 c4b5 h6g8 b5b6 h7h6 d2b3 e4f3 e2f2 e7e6 d1f3 a6a5 b6b7 c8b7 b4a5 b7c8 a2a4 f6f5 f1e2 f8e7 f2e3 h6h5 e3d2 g8f6 a1a2 f6e4 d2e3 e4g3 f3g3 h8h7 g3f3 c6c5 f3a8 c8b7 a8b7 d8c7 b7c7 d7c7 d4c5 g7g6
1183,B,material_adjudication,87,1.277374,5915,2026-09-05 02:05:48,a2a4 e7e6 h2h3 e8e7 d2d4 e6e5 f2f3 c7c6 c1f4 b7b5 f4d2 f7f6 a4b5 c6b5 c2c3 d7d5 e1f2 h7h6 f3f4 e5e4 e2e3 a7a6 f2e1 e7d7 a1a3 g7g5 f4g5 h6g5 f1e2 h8h5 e2h5 b5b4 c3b4 g5g4 a3a4 c8b7 d1g4 d7d6 g4f4 d6d7 h5f3 e4f3 g1f3 f8h6 f4g3 h6g5 b1a3 g5f4 g3f4 d8e8 a3c2 d7d8 b4b5 a6b5 a4a7 a8a7 h1g1 a7a4 b2b3 a4a8 g1h1 b8a6 c2a3 b5b4 a3b5 e8b5 h1g1 b5d7 f3h4 b7c6 e3e4 d5e4 d4d5 c6d5 h4f5 d5b3 g2g3 d7e8 f5d6 e8e7 f4e4 e7e4 d2e3 e4f3 e3d2 b3a2 g1f1
1184,W,checkmate,49,1.299901,5920,2026-09-05 02:05:49,b1a3 g7g6 a1b1 h7h6 g1f3 c7c5 g2g3 f8g7 c2c3 g7e5 f3g1 e5f6 f1g2 h8h7 f2f4 c5c4 d2d4 c4d3 e2d3 f6g7 c3c4 b7b6 g2a8 b8a6 a8f3 a6c7 g3g4 f7f5 f3d5 c7d5 c4d5 f5g4 g1e2 g7f6 f4f5 e7e5 a3c4 b6b5 f5g6 b5c4 g6h7 c4d3 a2a4 d3e2 h7g8q e8e7 d1d3 c8b7 d5d6
1185,B,value_resign,118,1.367872,5925,2026-09-05 02:06:07,e2e3 a7a5 f2f3 g8h6 e3e4 b8c6 a2a4 h8g8 e1f2 f7f5 c2c3 b7b5 e4f5 c6d4 c3d4 b5a4 f2e1 g7g5 g2g3 a8b8 f1g2 h6f7 a1a4 d7d5 e1f2 f8g7 h2h3 c7c6 a4c4 g8h8 c4c5 a5a4 f3f4 d8c7 d1a4 c8f5 a4d1 f5b1 b2b4 g7d4 f2e2 d4c5 b4c5 g5f4 c1b2 h8f8 d1b1 f4g3 b1f5 b8a8 g1f3 h7h5 h1a1 a8a1 b2a1 f7h6 f5g5 h6f7 g5h4 e7e5 f3e5 f7e5 h4h5 e5f7 h5g6 e8d8 d2d4 f8e8 e2f1 e8f8 a1b2 d8e8 f1e2 e8e7 b2c1 f8a8 c1b2 e7e8 g2f1 e8f8 e2d3 g3g2 f1g2 c7e7 g2f3 f8e8 g6g4 f7g5 b2c1 g5f3 g4f3 e8d8 c1d2 d8c7 f3e3 e7d7 d2c3 a8a2 c3b4 c7b7 b4a5 a2a5 e3d2 a5a8 d2b4 b7c8 h3h4 d7e7 h4h5 c8d8 h5h6 e7f7 b4b7 f7b7 h6h7 d8c7 h7h8q a8h8
1186,W,material_adjudication_moderate,128,1.171338,5930,2026-09-05 02:06:23,g1h3 c7c5 d2d4 b7b6 e1d2 d7d6 g2g3 h7h5 f2f4 c5d4 f4f5 c8f5 b1c3 f5g4 h3f4 g8h6 c3d5 g7g5 a2a4 h5h4 a1b1 b8d7 g3h4 g5h4 c2c4 d8b8 h1g1 f7f5 f1g2 e7e5 f4e6 d4d3 d2d3 e5e4 d3d2 h8g8 e6f4 f8e7 d5e7 h6f7 b2b4 e8e7 b4b5 g8d8 h2h3 d7c5 f4d3 c5d3 h3g4 d3f2 d1c2 f7e5 g4g5 f2g4 c2b2 b8c8 g2h3 g4h2 d2e3 e5c4 e3d4 c4b2 c1b2 d6d5 b1c1 a7a5 c1c8 d8c8 h3f5 c8d8 g1c1 d8b8 d4d5 h4h3 d5e4 b8g8 e4e5 g8g5 e5e4 a8d8 f5h3 d8d2 e4e3 d2b2 c1g1 e7d8 g1g5 d8e8 e3f4 b2e2 g5g3 e8e7 g3d3 e7e8 d3d4 e8e7 d4d3 e7f6 d3d4 e2a2 d4d3 a2a4 f4g3 a4a2 h3g2 f6g5 g3h2 g5f4 h2h1 f4g4 g2d5 g4h5 d5a2 h5h4 d3d7 h4h3 d7b7 a5a4 b7a7 a4a3 h1g1 h3g4 g1f1 g4h5 f1e1 h5h4 e1d2 h4g5
1187,W,material_adjudication,106,1.215180,5935,2026-09-05 02:06:24,a2a3 b8c6 d2d3 a8b8 c2c4 g7g6 b2b3 h7h5 h2h3 g8f6 e2e3 f6e4 f1e2 a7a6 a3a4 f7f5 a1a3 h8h7 a3a2 g6g5 a2a3 e4g3 f2g3 d7d6 d3d4 c6b4 d4d5 c8d7 c1d2 f8g7 d2b4 f5f4 a4a5 h5h4 g3h4 g5h4 b1d2 d8c8 e3f4 c7c5 d5c6 d7c6 c4c5 c8d7 d2f3 g7b2 a3a4 h7h6 b4d2 c6d5 c5c6 d7c6 b3b4 c6a4 d1a4 b7b5 a4a2 d5a2 f3h4 b2c3 d2c3 b8c8 c3d2 d6d5 h4f3 a2b3 f3g5 e8d7 g1f3 d7e8 e1f2 h6h5 g5f7 c8c4 h1a1 e8f7 a1c1 h5h6 f3g5 f7g7 g5e6 h6e6 e2c4 b3c4 g2g3 g7f7 f4f5 e6e4 g3g4 f7e8 f2f3 e4d4 d2e3 c4b3 e3d4 b3a4 h3h4 e7e5 d4e5 d5d4 e5d4 a4d1 c1d1 e8f8 d4e5 f8e8
1188,W,value_resign,55,1.138064,5940,2026-09-05 02:07:06,h2h4 e7e5 b1c3 e8e7 a2a3 c7c6 b2b3 b7b5 h1h3 d7d6 c1b2 c8h3 b3b4 g7g6 g1h3 b8a6 g2g4 d6d5 a1a2 f7f6 g4g5 d8c8 g5f6 e7f6 c3b5 c6b5 f2f4 f8c5 b4c5 c8f5 b2e5 f6e7 e5h8 g8f6 h8f6 e7f6 c2c4 d5c4 d2d4 c4d3 f1g2 d3e2 d1e2 a8e8 e2e8 a6c7 e8e2 f5b1 e1f2 b1a2 e2a2 f6e7 a2b2 h7h6 f4f5
1189,B,value_resign,52,1.225712,5945,2026-09-05 02:08:57,b1a3 c7c5 d2d4 d8b6 a1b1 f7f5 b1a1 h7h5 c1f4 g7g5 b2b4 e8d8 b4c5 b6h6 f4e3 d7d6 c5d6 e7d6 a3c4 a7a6 a2a4 f5f4 e3d2 a6a5 d2b4 a5b4 a1b1 h6f6 c4b6 a8a4 b6a4 b8d7 h2h4 g5g4 h1h2 f6e7 e2e4 f4e3 f2e3 f8h6 e3e4 g8f6 c2c4 f6e4 e1e2 e4c3 e2d3 c3d1 b1d1 g4g3 g1e2 d7c5
1190,B,material_adjudication_moderate,89,1.312951,5950,2026-09-05 02:11:05,e2e3 g7g6 h2h3 g8h6 f2f3 h6f5 f1a6 f5e3 d1e2 e3c2 e1d1 d7d6 a6b5 c7c6 e2c4 c2a1 a2a4 f8g7 d2d3 c6b5 a4b5 a1b3 c4b3 e7e6 b3a4 g7d4 g2g4 h8g8 a4d4 d8e7 g1e2 e7d7 b1d2 h7h6 d2c4 f7f5 g4f5 g6f5 c1d2 d6d5 c4e5 d7c7 d1e1 e8f8 h3h4 b7b6 f3f4 b8d7 d4b4 f8e8 h1h3 d7e5 f4e5 c7e5 b4d4 e5d4 e2d4 e6e5 d4f3 c8d7 f3e5 d5d4 e5d7 e8d7 d2f4 h6h5 b2b3 a7a5 b5a6 d7c8 h3f3 g8e8 e1f1 a8a6 f4g5 a6a5 g5f4 c8d8 f4e5 a5b5 e5d6 b5b4 f3f4 b4b3 f4f5 b3b2 f5f2 b2b1 f1g2
1191,W,material_adjudication,72,1.407053,5955,2026-09-05 02:11:21,a2a4 g7g6 e2e3 b7b6 f1e2 d7d5 b2b3 d5d4 b1a3 e8d7 a3b5 f7f6 h2h4 a7a6 h4h5 g6h5 c1a3 f8h6 b5d4 h5h4 b3b4 a6a5 c2c3 a5b4 c3b4 c7c5 g2g4 c5d4 h1h4 c8b7 e2f3 b7f3 d1f3 h6f8 f3b7 d7e8 b7a8 h7h5 a8e4 d8d7 e3d4 h5g4 h4h8 d7d5 e4d5 e7e5 d5e6 e8d8 f2f4 b8a6 d2d3 a6c7 e1e2 c7e6 h8g8 e5f4 a4a5 f4f3 e2f2 e6f4 d4d5 b6a5 d5d6 f4d3 f2f1 a5b4 a3b4 d8d7 g8g6 d3f4 b4c5 f8g7
1192,W,checkmate,39,1.292961,5960,2026-09-05 02:11:22,h2h4 b7b6 b2b3 h7h5 f2f4 h8h7 h1h3 f7f5 e1f2 g8h6 c1b2 c7c5 g1f3 h6g4 f2g1 c8b7 c2c4 a7a5 d2d4 a8a6 b1a3 g4e3 d1b1 g7g5 f3g5 h7g7 b1c1 e3d1 d4c5 b6c5 a3b5 d1b2 c1b2 g7g5 f4g5 f8g7 b2g7 d8b6 g7g8
1193,W,material_adjudication,92,1.231061,5965,2026-09-05 02:15:41,b1a3 a7a5 e2e3 a5a4 d2d3 g7g5 e3e4 c7c6 c1d2 h7h5 b2b3 a4b3 a2b3 a8a3 d1e2 a3a1 e2d1 a1a2 f1e2 f8g7 d3d4 e7e5 d4e5 e8f8 h2h4 g5g4 e5e6 d7d6 e6e7 g8e7 e4e5 g7e5 d2e3 h8g8 f2f3 g4f3 g1f3 f7f5 f3e5 d6e5 d1d8 f8f7 d8d2 f5f4 c2c4 a2d2 e3d2 e7g6 e2f3 b8d7 b3b4 e5e4 f3e4 d7e5 e4f3 c8e6 f3h5 e5c4 h5f3 c4d2 e1d2 b7b5 h4h5 g8a8 h5g6 f7g6 h1e1 g6f5 d2e2 e6c4 e2f2 a8g8 f3c6 g8c8 c6f3 c8a8 f3a8 c4d5 e1d1 f5e4 d1d5 f4f3 f2e1 f3g2 e1f2 g2g1q f2g1 e4f4 g1h2 f4f3 h2h1 f3g4
1194,W,material_adjudication,78,1.251633,5970,2026-09-05 02:15:57,e2e3 g7g5 g1h3 e7e6 h1g1 g8e7 g2g3 f7f5 b2b4 e8f7 b1c3 f5f4 e1e2 h7h5 e3f4 g5f4 b4b5 e6e5 g3f4 e5f4 f2f3 e7f5 a2a4 d7d5 c3e4 c7c5 e4c5 f8c5 e2e1 a7a5 b5a6 c5g1 a6b7 h8e8 d1e2 c8b7 c1b2 d5d4 h3g1 f5e3 d2e3 f4e3 h2h4 d8d7 b2d4 d7d4 a1b1 d4d7 b1b7 d7b7 e2b5 b7c8 b5d5 c8e6 d5a8 b8d7 a8a7 f7g7 f1d3 e6e7 a7d4 d7e5 d3e2 e8d8 d4b2 d8b8 b2b8 e5c6 b8b5 c6d4 b5c4 e7b4 c4b4 g7f6 b4d4 f6f5 d4c3 f5f4
1195,W,checkmate,21,1.347600,5975,2026-09-05 02:16:27,a2a3 c7c5 b1c3 f7f5 a3a4 h7h5 b2b4 h8h6 d2d3 c5b4 c3d5 b8a6 g2g4 a8b8 g4h5 h6h5 e2e3 b8a8 d1h5 g7g6 h5g6
1196,B,material_adjudication_moderate,76,1.323816,5980,2026-09-05 02:18:40,a2a3 g8f6 h2h4 a7a5 f2f3 f6e4 e2e3 a5a4 e1e2 c7c6 g2g3 c6c5 d2d4 e4g3 e2d2 c5d4 e3d4 g3h1 d4d5 h1g3 f1a6 d8a5 c2c3 f7f5 a6b5 a5c7 b5e2 e8f7 d1e1 c7b6 e1g3 h7h5 d2e1 b6d8 c1e3 b7b6 e3c5 b6c5 f3f4 c8b7 g1f3 b7d5 g3g1 d5b7 f3e5 f7g8 c3c4 g7g5 h4g5 f8g7 b1d2 h5h4 d2f3 b7f3 e2f3 d7d6 f3a8 d6e5 f4e5 b8a6 a1d1 d8a8 g1e3 a8c8 e3e2 a6b8 d1d2 b8a6 e2d3 h4h3 e1f1 g7e5 f1e1 g8f7 d3f1 h8g8
1197,B,material_adjudication_moderate,132,1.309438,5985,2026-09-05 02:21:29,a2a3 b7b6 d2d3 d7d6 c2c4 a7a5 b2b3 a5a4 f2f3 g7g6 c1h6 e7e5 h2h4 d8d7 g1h3 f8e7 b1d2 f7f6 a1b1 e8f7 d3d4 f6f5 e1f2 e5d4 g2g4 f5f4 d1c1 f7f6 b3b4 f6f7 e2e3 d4e3 f2e1 f7e8 h6f4 b8a6 f4e3 d6d5 c4d5 g8f6 f1a6 a8a6 d5d6 f6d5 d6e7 e8e7 b4b5 a6a8 g4g5 d5e3 e1e2 e3f5 c1f1 f5g3 e2e1 g3f1 d2f1 h8f8 h1g1 d7e6 f1e3 a8a5 h3f4 e6e5 f4g2 c8f5 h4h5 c7c6 b5c6 e7e6 f3f4 e5e4 c6c7 e4b1 e1e2 g6h5 g1b1 f8c8 b1b6 e6f7 e3f5 a5f5 b6a6 f5d5 a6a4 f7g6 a4a7 d5d6 g2e1 d6d4 a3a4 d4f4 e2d3 f4f2 d3e3 f2b2 e3d3 b2a2 a7a5 a2b2 a5a6 g6g5 a6a5 g5g4 a5e5 b2a2 e5e3 g4g5 e3f3 a2a4 f3f1 a4a2 f1f2 a2f2 d3e3 g5g6 e3f2 c8c7 f2e3 c7c3 e3d2 c3a3 e1c2 a3a2 d2e2 g6g5 e2e3 g5g6 c2b4 a2a4 b4c6 h5h4
1198,W,material_adjudication,66,1.275682,5990,2026-09-05 02:22:00,b1a3 b8c6 d2d3 g7g6 g1f3 a7a6 a1b1 d7d5 g2g4 c6b8 c1g5 f7f6 g5f4 b8d7 a3c4 d5c4 d1d2 f8g7 f4c7 g6g5 c7d8 h7h5 f1h3 h5g4 f3h4 a6a5 a2a4 g4h3 h4f5 e8d8 f5g7 g5g4 h1g1 h8h6 g7f5 d7b8 f5h6 g8h6 d3d4 c8d7 d4d5 e7e6 d5e6 d8c8 e6d7 c8c7 e1d1 h6g8 g1f1 b8d7 d1e1 d7b8 e1d1 g8h6 d1e1 c4c3 d2h6 c3b2 f2f4 g4f3 h6h7 c7d8 e1f2 f3e2 f2e2 d8e8
1199,W,material_adjudication,66,1.244081,5995,2026-09-05 02:22:01,a2a3 a7a6 e2e3 d7d6 g2g3 e7e6 g3g4 g7g6 d2d3 f8e7 h2h4 e7f6 g4g5 f6b2 c1b2 f7f6 f2f4 f6g5 b2h8 g5g4 c2c4 c7c6 e1f2 g8f6 f1e2 e8e7 b1d2 d8h8 f2f1 e7f7 h4h5 h7h6 h5g6 f7g6 c4c5 d6c5 a1a2 g6f7 h1h2 b7b5 h2h1 h8g7 h1h4 c5c4 d3c4 c6c5 e3e4 b5c4 e4e5 a8a7 e5f6 g7f6 h4h5 f7f8 f4f5 a7b7 d2c4 f8e7 c4d2 f6f5 h5f5 e6f5 e2d3 b8c6 d3c4 c6b4
1200,B,material_adjudication_moderate,76,1.295550,6000,2026-09-05 02:22:16,e2e3 a7a5 a2a3 b8c6 f2f3 f7f5 c2c3 g8h6 d1a4 h8g8 a4b3 f5f4 f1e2 g7g6 b3g8 h6g8 e2b5 e7e5 b5c6 b7c6 d2d3 c8b7 c3c4 d8e7 b1c3 e7d6 b2b4 f8e7 c1b2 h7h5 e3e4 d6e6 a1d1 a8d8 b4a5 e7f6 a3a4 c6c5 d3d4 e5d4 c3d5 b7c6 d5f6 g8f6 b2d4 c5d4 h2h4 d7d6 e4e5 f6d7 c4c5 d6e5 a5a6 c6b7 a6b7 d7b8 e1e2 e8d7 a4a5 d7c6 d1e1 d8g8 g2g4 h5g4 f3g4 g6g5 g1f3 g5h4 f3d4 e5d4 e2d2 e6g6 h1h4 b8d7 h4h5 g8e8
1201,B,value_resign,66,1.348641,6005,2026-09-05 02:23:15,g1f3 e7e6 h1g1 b7b5 e2e3 b8a6 f1b5 f8b4 c2c3 f7f6 f3e5 c8b7 c3b4 d8c8 a2a3 e8f8 f2f4 g7g6 d1c2 c7c6 b5c4 c8c7 c2a4 a6b4 g2g4 a7a5 a3b4 f6e5 d2d3 a5b4 a4d1 a8a1 b1d2 e5f4 g1f1 f8e7 c4e6 d7e6 f1f4 c7a5 f4f2 b7c8 d2c4 a5a8 e1e2 a1a2 c1d2 c8d7 c4b6 a8b8 b6d7 e7d7 d1b1 a2a5 b1f1 g6g5 d2b4 b8b4 f1d1 b4e7 d1a1 a5a1 b2b3 d7e8 f2f3 e7d7
1202,W,material_adjudication,66,1.380031,6010,2026-09-05 02:23:28,e2e3 a7a5 f2f4 e7e6 e1e2 b8c6 c2c4 g8e7 g2g3 e7g8 a2a4 g7g6 e2f3 g8h6 f1e2 a8b8 d2d4 f8e7 d1f1 h6g8 d4d5 h7h6 f1d1 b7b5 a4b5 c8b7 e3e4 d8c8 d5c6 b7c6 b5c6 d7c6 c4c5 c8d7 e2d3 d7d8 h2h3 h6h5 a1a5 b8a8 a5a8 d8a8 b1d2 g8f6 h1h2 a8d8 b2b4 h8h6 h2h1 d8d3 f3g2 g6g5 f4g5 e7c5 b4c5 f6d7 g5h6 e8e7 d1f3 f7f6 e4e5 d3d5 f3d5 c6d5 c1b2 e7e8
1203,B,value_resign,50,1.230329,6015,2026-09-05 02:24:22,a2a3 e7e6 a3a4 g7g6 h2h4 f7f6 a4a5 b7b6 h4h5 e8e7 c2c4 h7h6 d2d4 e6e5 d4d5 c8b7 f2f3 c7c6 e1f2 d8c8 g1h3 e5e4 a1a2 g6h5 d1a4 c6d5 c4d5 b7d5 f3e4 d5a2 c1f4 a2e6 b2b4 f8g7 a5b6 a7a5 b1a3 a5b4 a3b5 a8a4 h1h2 b8a6 e4e5 d7d5 b5d4 a4a2 d4e6 e7e6 h2h1 e6d7
1204,W,material_adjudication,72,1.339492,6020,2026-09-05 02:24:49,a2a3 e7e6 e2e4 g7g6 d2d3 f7f6 b2b3 f8a3 g2g3 e8e7 a1a3 b8c6 f2f4 f6f5 b1c3 b7b6 f1e2 g8f6 a3a4 c8b7 a4a7 a8a7 e2f3 a7a2 c3a2 d8b8 c2c3 b8g8 e4e5 c6b8 f3b7 f6d5 c1a3 e7f7 g1f3 d5c3 d1d2 c3a2 a3b2 g8f8 d3d4 b8c6 b7c6 d7c6 d4d5 e6d5 h1g1 h8g8 g1g2 f8g7 f3d4 g8h8 d4c2 h8f8 h2h3 f7e7 b2a1 g6g5 f4g5 f5f4 g3f4 e7d7 e5e6 d7e6 a1b2 e6d7 b2g7 f8f4 b3b4 d5d4 d2d3 d7e7
1205,W,material_adjudication_moderate,76,1.338982,6025,2026-09-05 02:26:25,a2a3 e7e6 e2e4 f8e7 g2g4 g7g6 d2d3 g6g5 f1g2 b8a6 e4e5 d7d6 e1d2 b7b6 g2a8 d6e5 d3d4 e5d4 b2b3 c8d7 a8g2 a6c5 h2h3 g8f6 h3h4 g5h4 a3a4 h8f8 g4g5 d4d3 g2c6 d7c6 h1h4 c6d7 h4h3 d3c2 d1c2 f6d5 c2h7 c5b3 h3b3 d5f4 g1f3 f7f6 d2c3 f6g5 c1b2 f4d5 c3d2 f8f3 b2a3 c7c5 b3f3 d5f6 h7g6 e8f8 f3h3 g5g4 g6h6 f8e8 h6g6 e8f8 h3g3 c5c4 a3e7 d8e7 g6c2 e7d6 d2c1 f6h5 g3g4 e6e5 f2f3 d6c7 b1c3 h5f4
1206,W,material_adjudication_moderate,86,1.307188,6030,2026-09-05 02:30:38,a2a4 f7f6 a4a5 b7b6 d2d3 d7d6 c2c3 c8e6 a5b6 a7b6 f2f3 a8a1 g2g4 a1a2 h2h4 a2a6 b1d2 e8d7 d2b1 e6g4 b2b3 g7g5 f3g4 f8g7 f1g2 a6a5 e1f1 g5h4 c3c4 g7h6 g4g5 f6g5 b1d2 b8a6 c1b2 d7e6 d1e1 a6b4 b2h8 c7c5 h8c3 h6g7 c3g7 a5a2 g7c3 d8a8 g2a8 h7h5 e1d1 g5g4 g1f3 h4h3 c3e5 d6e5 d2e4 a2a8 f3g5 e6f5 h1h2 g4g3 h2h1 g3g2 f1g1 g2h1q g1h1 a8d8 e4c5 f5g5 c5e6 g5g6 e6d8 g8h6 e2e3 h6f5 d1d2 b4c6 d8b7 c6b4 d3d4 e5d4 e3d4 f5d4 d2c3 b4a2 c3d2 d4b3
1207,D,cap_draw,150,1.320031,6035,2026-09-05 02:31:07,h2h4 h7h5 a2a3 b8c6 a3a4 c6d4 a4a5 d4b5 d2d3 a7a6 c2c3 d7d5 g2g4 c8g4 f2f3 b5a7 e1d2 b7b5 d3d4 d8c8 c3c4 b5c4 a1a4 g4e6 f1g2 a8b8 a4c4 d5c4 h1h3 c7c5 d4d5 e6f5 e2e4 e7e5 e4f5 c8f5 g2f1 h8h7 f1c4 b8d8 c4a6 c5c4 a6b7 f5b1 b7a8 d8a8 d1c2 b1c2 d2c2 e8e7 c1e3 a8d8 a5a6 e5e4 f3e4 c4c3 c2c3 h7h8 e3g5 f7f6 h3f3 a7b5 c3c4 f6g5 h4g5 d8e8 c4b5 e7d6 a6a7 f8e7 a7a8q e8a8 b5b4 a8a3 b4a3 h5h4 f3d3 h4h3 g1h3 h8h4 h3g1 h4e4 g1f3 e4g4 d3b3 d6d5 a3a2 d5c5 f3h2 g4g5 b3e3 c5d4 e3e7 g8e7 h2f3 d4e3 f3g5 e7g8 g5e6 e3e4 e6g7 e4d3 b2b4 d3d4 b4b5 d4c5 b5b6 c5b6 a2b2 b6a5 b2c3 a5b5 c3b3 b5c5 b3a2 c5d5 a2b2 d5d4 b2a2 d4d3 a2b3 d3d4 b3a2 d4d3 a2b3 d3d2 b3a2 d2d1 a2b3 d1c1 b3a2 c1d2 a2b3 d2d1 b3a2 g8e7 a2b3 e7c6 b3a2 c6d4 a2b2 d4c2 b2a2 c2d4 a2b2 d4c2 b2a2 c2d4 a2b2 d4c2
1208,B,material_adjudication,79,1.269990,6040,2026-09-05 02:31:22,h2h4 f7f6 a2a4 a7a5 c2c4 c7c5 d2d4 g7g5 f2f3 a8a7 e1f2 d7d5 h4g5 c5d4 g2g3 f6g5 c4d5 d8d5 a1a3 f8g7 f1g2 h7h5 e2e4 d5c5 f2f1 c8e6 f3f4 e6d7 f4f5 d7c6 e4e5 g5g4 f5f6 e7f6 e5f6 c6g2 f1g2 c5c6 g2f1 g8f6 h1h2 h5h4 g3h4 g7h6 b2b4 h6c1 a3f3 g4f3 d1c1 h8h7 b4a5 h7h6 g1f3 c6c1 f1f2 h6h5 h2h3 f6g4 f2g2 b8c6 h3h1 c6b4 h1c1 b4c2 a5a6 b7a6 g2g3 g4e3 f3e5 h5e5 c1c2 a7a8 b1d2 e3c2 h4h5 e5e2 h5h6 a6a5 h6h7
1209,W,value_resign,50,1.335747,6045,2026-09-05 02:31:37,d2d3 b7b5 e2e4 b8a6 e1d2 f7f6 a2a4 c7c6 h2h3 b5b4 c2c3 d8a5 g1e2 c6c5 g2g3 a6c7 f2f3 h7h6 e4e5 b4b3 e2g1 a5b4 c3b4 c5b4 b1c3 b4c3 d2c3 e8f7 c3b3 f6f5 f3f4 g8f6 e5f6 a8b8 b3c3 e7f6 f1e2 a7a6 g3g4 g7g5 g1f3 f5g4 h3g4 g5f4 c3c4 b8a8 b2b4 c8b7 d1d2 b7c6
1210,W,value_resign,47,1.177883,6050,2026-09-05 02:34:06,g1h3 c7c5 d2d4 h7h5 e1d2 g7g6 b2b4 c5d4 f2f3 a7a5 h1g1 a5b4 c2c3 a8a2 a1a2 b4c3 d2d3 c3c2 d3c2 f8g7 g2g4 d7d5 c1d2 g7f6 g4g5 e8f8 g5f6 h5h4 d2e1 e7f6 a2a1 c8h3 f1h3 b8c6 b1d2 b7b6 a1b1 d8c7 b1c1 c6d8 c2b1 f6f5 c1c2 c7c8 d2b3 c8a6 b3c5
1211,W,value_resign,49,1.322221,6055,2026-09-05 02:34:50,h2h4 e7e5 b1c3 f8d6 a2a4 g7g5 h1h2 h7h5 e2e4 g8f6 e1e2 d8e7 h4g5 e7e6 g5f6 h8h6 c3b1 a7a6 c2c4 d6c5 a4a5 e6f6 f2f4 f6f4 h2h3 e8f8 e2d3 b8c6 h3h5 f4f2 h5h6 f7f5 e4f5 f2g1 d3c2 c6d4 c2c3 g1h2 h6h2 e5e4 h2h3 c5b4 c3b4 d4c2 b4c3 c2a1 f1e2 f8e8 f5f6
1212,W,material_adjudication_moderate,76,1.281014,6060,2026-09-05 02:35:32,h2h3 e7e5 b1c3 b7b6 h3h4 c7c6 c3d5 b8a6 b2b3 a6c7 a2a3 a8b8 c1b2 g8f6 d5f6 g7f6 b2c3 c8b7 h4h5 d7d5 a3a4 h8g8 h1h3 c7a6 h3d3 e8e7 f2f3 b7a8 b3b4 c6c5 b4c5 d5d4 d1c1 a6c5 c3b2 g8g5 e2e4 g5g3 h5h6 a8b7 d3d4 d8d4 b2d4 f6f5 d4e5 f7f6 e5c3 a7a6 e4e5 b8a8 f3f4 b7d5 e1f2 a8e8 e5f6 e7d8 g1f3 f8e7 c1b2 e7f6 f1d3 d5f3 g2f3 g3g8 d3e4 f5e4 b2b6 d8d7 b6a5 f6d8 a5c5 d8f6 c5b6 e8b8 b6a5 g8f8
1213,W,checkmate,23,1.260568,6065,2026-09-05 02:36:01,e2e3 a7a5 f1b5 h7h5 d1f3 c7c6 e3e4 g7g6 g2g4 c6b5 d2d3 d8b6 g4g5 h8h7 g1e2 f8h6 g5h6 h7h6 h2h4 f7f5 c1h6 f5e4 f3f8
1214,B,material_adjudication,81,1.368388,6070,2026-09-05 02:36:15,e2e3 g7g6 b2b4 a7a5 e1e2 e7e5 a2a3 b8c6 b4b5 g8e7 h2h4 f7f5 b5c6 e7c6 a3a4 e8f7 c1a3 f8a3 b1a3 b7b6 f2f4 e5e4 c2c4 f7e8 d2d4 e4d3 d1d3 c8b7 e3e4 h8g8 e4e5 g6g5 a3c2 g5h4 g1f3 g8g3 h1h4 d8c8 h4h7 c6b4 c2d4 b4d3 a1b1 c7c5 e2d3 c5d4 d3d4 c8c6 b1a1 a8a6 d4c3 c6c5 f1e2 d7d6 a1d1 b7c6 e5d6 c6a4 h7b7 e8f8 d6d7 a6a8 c3b2 a4c6 f3d2 c6b7 d7d8q f8f7 d8g5 c5f2 g5g3 f2g3 d2e4 g3f4 g2g3 f4e4 d1d2 b7c6 c4c5 f7e8 c5b6
1215,B,value_resign,59,1.292318,6075,2026-09-05 02:38:08,b1a3 a7a5 f2f3 b7b5 e2e4 h7h5 d2d3 a8a6 f3f4 b5b4 a1b1 h5h4 a3b5 a6c6 f4f5 c6e6 e4e5 e6b6 a2a4 c7c5 b1a1 c8b7 c2c4 b4c3 b2c3 d7d6 f1e2 b6a6 e1d2 b7g2 e5d6 g2h1 g1f3 e7d6 b5d6 a6d6 c1b2 b8d7 f3h4 f7f6 h4g6 h8h2 g6f8 e8f8 a1c1 g7g5 d1h1 h2h1 c3c4 d8e7 b2c3 h1c1 d2c1 e7d8 d3d4 d8e7 e2d3 f8g7 c3b2
1216,W,material_adjudication,66,1.283631,6080,2026-09-05 02:38:36,d2d3 d7d5 g2g4 g8h6 c1h6 b8c6 g1f3 a8b8 a2a4 c6d4 f3d4 a7a6 g4g5 b7b5 b2b3 f7f6 f2f4 e7e5 a4b5 g7g6 b5a6 e5d4 h6f8 c7c5 h2h3 c8a6 f8g7 f6g5 h1h2 h8g8 a1a6 g8g7 b1d2 d8d7 f1g2 g7f7 a6a7 d7a7 g2d5 a7d7 d5f7 e8f7 h2f2 f7f8 c2c3 d4c3 d2c4 f8e7 c4a5 d7d8 a5c6 e7d7 c6d8 d7d8 f4g5 d8e7 d1b1 b8a8 e2e4 a8a6 b1c1 a6a8 e1d1 a8a5 f2f3 a5a8
1217,B,material_adjudication_moderate,96,1.353720,6085,2026-09-05 02:39:33,h2h4 h7h5 e2e4 a7a6 b2b3 b7b6 d2d4 a8a7 e1e2 d7d6 d1d2 c8d7 d2b4 d7c8 b4a3 e8d7 b1c3 f7f6 a3a5 b6a5 c3b1 e7e6 h1h3 a7b7 h3h1 g7g5 e2e3 b7b6 d4d5 f8g7 h4g5 f6g5 d5e6 d7e7 e3f3 g5g4 f3e2 c7c5 c1g5 g7f6 g5f6 g8f6 a2a3 c8b7 e4e5 b8d7 e6d7 f6d7 e5d6 e7d6 a3a4 b7d5 b1d2 g4g3 f2g3 d7e5 g3g4 h5g4 h1h8 d8h8 e2e1 g4g3 f1a6 b6a6 g1e2 d6c6 e2g3 h8f8 a1c1 a6a8 e1d1 c6d6 d1e1 f8d8 e1d1 a8c8 d1e1 c5c4 d2c4 d5c4 b3c4 e5d3 c2d3 d8d7 c4c5 d6c7 c5c6 d7g7 c1c5 g7g3 e1d2 g3g8 g2g4 g8a2 d2c3 a2e6
1218,W,value_resign,47,1.338221,6090,2026-09-05 02:42:23,b1a3 a7a5 h2h4 d7d6 e2e3 a5a4 b2b4 c7c6 f1e2 a8a7 b4b5 f7f6 g2g3 h7h5 b5b6 a7a6 f2f3 c8g4 f3g4 g8h6 g4g5 h6g4 c1b2 f6g5 b2d4 b8d7 e2a6 e7e6 h4g5 d8e7 e3e4 h5h4 c2c4 g4f2 e1f2 e6e5 g3g4 e5d4 a6b7 d7b6 b7a8 e7c7 a8c6 e8e7 d1e1 b6c4 f2g2
1219,W,material_adjudication_moderate,90,1.326723,6095,2026-09-05 02:43:36,d2d3 b7b5 e1d2 h7h5 e2e4 a7a5 b2b3 c8a6 b1a3 c7c6 g1e2 b5b4 h2h4 d8c8 d2e3 c6c5 g2g4 h8h6 g4g5 c8b7 g5h6 g8h6 a1b1 a8a7 d1e1 g7g5 h4g5 f7f6 g5g6 h6g4 e3d2 g4f2 e1f2 a5a4 d3d4 c5d4 e2d4 b7e4 f1g2 e4g2 f2g2 e7e5 a3b5 a6b5 d4e6 f8e7 a2a3 a7a8 e6g7 e8f8 h1h5 f8g7 h5h2 b4a3 b3a4 b5a4 h2h6 b8a6 h6h7 g7f8 g2g3 a8c8 g3g2 d7d5 b1b5 a4b5 h7e7 f8e7 g6g7 f6f5 c1a3 e7f7 g2d5 f7g7 d5b5 a6c7 b5b4 c7d5 b4b5 d5c7 b5b4 c8b8 b4h4 b8b5 h4h3 e5e4 c2c4 b5a5 a3d6 a5a3
1220,W,material_adjudication,86,1.255854,6100,2026-09-05 02:45:06,e2e3 a7a5 f1b5 h7h5 d2d4 g7g6 c2c3 g8f6 d1c2 c7c6 f2f3 a8a7 g2g3 f6g8 b2b4 f8g7 b1d2 c6b5 c1b2 g7d4 c3d4 g6g5 e1e2 b7b6 h2h3 d7d5 c2f5 d8d7 e3e4 a5b4 f5e5 g8f6 e5b8 d7b7 b8b7 c8b7 e4e5 f6g8 g3g4 e7e6 f3f4 h5g4 h1h2 g4h3 f4g5 b7c6 a1c1 a7a5 c1c6 e8d7 c6b6 d7c7 b6b5 a5b5 g1h3 c7b6 d2f1 b5a5 h3f2 h8h2 f1h2 f7f6 g5f6 g8f6 e5f6 b6a6 h2g4 a6a7 e2d3 a5a2 b2a1 a2f2 g4f2 b4b3 f6f7 b3b2 a1b2 e6e5 b2a1 e5d4 f7f8q a7b7 f8g7 b7c8 d3d2 c8b8
1221,W,material_adjudication,80,1.334719,6105,2026-09-05 02:45:23,d2d3 a7a6 a2a3 g7g5 h2h4 f7f6 d3d4 e7e5 a1a2 e5d4 f2f3 b7b6 h4h5 g8e7 c2c3 d7d6 c3d4 b8c6 e2e3 g5g4 h5h6 e8d7 a3a4 g4f3 g2f3 d7e6 h1h5 h8g8 a4a5 e6d7 d4d5 c6b4 a2a3 g8g1 a3a4 f6f5 a5b6 c7b6 a4b4 c8b7 b1c3 b7d5 c3d5 e7d5 d1d5 b6b5 e1e2 a6a5 b4b5 g1g4 d5b7 d8c7 b7a8 c7b8 e2d2 b8a8 f3g4 f5g4 d2d1 a8c6 b5a5 c6c7 a5a2 g4g3 d1e1 g3g2 f1g2 d6d5 g2h1 d7e7 h1d5 c7d6 e3e4 d6d5 e4d5 f8h6 h5h4 h6g5 h4h5 e7d6
1222,B,material_adjudication_moderate,96,1.390504,6110,2026-09-05 02:45:39,h2h4 g7g6 g2g4 b7b6 d2d4 h7h5 b1d2 g6g5 f1g2 a7a5 c2c4 e7e6 f2f3 f8g7 e1f1 h5g4 h4g5 f7f5 d2b1 a5a4 e2e4 d7d6 a2a3 g4f3 d1f3 b8a6 a1a2 a8b8 f3d1 d6d5 e4d5 e6d5 c4d5 d8d6 g5g6 h8h1 g2h1 g8f6 c1f4 d6f4 h1f3 f4h6 d1e2 e8d7 a2a1 d7d6 f1e1 b6b5 e2d2 c8d7 d2h6 g7h6 g6g7 h6g7 g1h3 f6d5 f3d5 f5f4 d5f3 g7d4 h3f4 d4b2 f4d5 b2a1 e1e2 a1h8 e2e1 h8d4 b1d2 a6c5 d5c7 b8f8 f3e2 d7c6 c7e6 c5e6 e2d3 c6f3 e1f1 f8f6 d2f3 f6f8 f1e2 f8f6 f3d4 e6d4 e2e1 d4c6 d3b5 f6f8 b5a4 c6d4 e1d2 f8f3 a4d1 f3g3
1223,B,material_adjudication,67,1.242974,6115,2026-09-05 02:47:03,e2e3 a7a5 f1b5 a5a4 c2c3 c7c6 g2g3 h7h5 d1f3 b7b6 h2h3 c6b5 h1h2 h8h7 f3a8 c8a6 a8f3 g8h6 f3f4 e7e5 f4e5 f8e7 e1e2 d7d6 e5h5 a6b7 h5g6 f7g6 g1f3 b7d5 d2d4 b8d7 f3d2 h7h8 f2f3 h8f8 e3e4 g6g5 e4d5 a4a3 h2g2 h6f5 b1a3 f5g3 g2g3 b5b4 c3b4 f8f5 g3g4 d7f6 g4g5 f5g5 b2b3 f6d5 f3f4 g5g3 f4f5 d5b4 c1b2 e7f6 a1g1 g3g1 b2c3 e8f8 a3b5 b4a2 h3h4
1224,B,value_resign,104,1.209336,6120,2026-09-05 02:47:31,e2e3 a7a5 d2d3 e7e6 a2a3 f7f6 d3d4 a5a4 c2c3 b7b6 f1c4 b8a6 d1d2 f8a3 b2b4 c8b7 c4e6 d7d5 f2f3 g8e7 h2h3 e7c8 b1a3 g7g6 h1h2 g6g5 d2e2 b7c6 e1d1 c8d6 e6f7 d6f7 g2g3 d8d7 b4b5 h7h6 a3c4 d5c4 b5c6 d7d5 a1a4 a6c5 a4a8 e8e7 e2c2 h8a8 g3g4 f7d8 c1d2 c5e6 e3e4 e6d4 c2b2 d5c6 h2f2 d4e6 f2e2 e7d7 b2b1 a8b8 b1b2 b6b5 d2e3 e6f4 e3f4 g5f4 e2d2 d7e7 b2c2 c6c5 g1e2 b8a8 e2f4 c5g5 f4g2 g5g8 d1e2 d8e6 f3f4 c7c6 d2d4 e6d4 c3d4 f6f5 g4g5 e7d8 e4f5 g8g7 f5f6 g7f7 g5h6 f7f6 c2b2 f6h6 g2e1 h6e6 e2f2 d8e8 b2a1 a8a1 h3h4 a1a3 h4h5 a3a2
1225,B,value_resign,56,1.328918,6125,2026-09-05 02:49:21,b1a3 h7h5 c2c3 h5h4 g2g3 a7a6 d1c2 b7b6 g3h4 g7g5 g1f3 a8a7 a3b1 e7e5 c3c4 c7c5 f1g2 g5h4 b2b3 f7f6 f3h4 h8h4 c2g6 e8e7 f2f4 d7d5 c4d5 b8d7 f4e5 d8e8 g6d3 d7e5 h1f1 e5d3 e1d1 e8g6 c1b2 e7d8 f1g1 d3b2 d1e1 g6h5 d2d4 b6b5 h2h3 c8h3 g2h3 c5d4 g1h1 f8d6 h1h2 d8c7 e1d2 a7a8 b1a3 d6f4
1226,W,value_resign,59,1.241239,6130,2026-09-05 02:49:35,h2h4 e7e6 g2g4 a7a6 c2c4 f7f6 f2f4 b7b6 f1h3 g7g6 f4f5 f8e7 a2a4 b8c6 f5g6 h7g6 e1f1 c6d4 a4a5 e6e5 h3g2 b6a5 g2a8 e8f8 h4h5 d4b5 c4b5 a6b5 a8d5 g6h5 d5g2 b5b4 d2d4 d7d5 g4g5 c8b7 g5f6 g8f6 d4e5 f8g7 e5f6 e7f6 b1d2 d8e7 a1b1 e7e6 g2d5 e6e5 d2c4 b7d5 c4e5 h8h6 c1e3 g7f8 e5f7 f6g5 e3g5 f8f7 g5h6
1227,W,material_adjudication_moderate,94,1.345001,6135,2026-09-05 02:53:55,h2h4 b7b6 b2b3 h7h5 h1h3 d7d5 c2c3 g7g5 e2e4 a7a6 f1c4 d5e4 e1e2 c7c5 d2d3 e7e5 c4f7 e8f7 d3e4 c8d7 c1a3 g5g4 c3c4 g8f6 b1c3 f8e7 h3h1 d7e6 h1h2 b8c6 d1d8 c6d8 a3b2 d8c6 a2a4 a8d8 e2e1 f6d7 g1e2 f7e8 e2g3 a6a5 e1e2 c6b4 c3b5 h8f8 a1c1 f8h8 b5c7 e8f7 h2h1 e7f6 h1d1 f6e7 d1e1 f7g8 c7e6 h8h6 e6d8 e7d8 e1d1 h6e6 g3f5 d7f6 f2f3 b4c2 f3f4 e5f4 g2g3 f4g3 b2e5 g3g2 e5f6 g2g1q d1g1 e6f6 c1c2 f6f5 e4f5 g8g7 c2d2 d8f6 g1g3 g7f8 e2d1 f8e8 g3g2 f6d4 g2e2 e8d8 f5f6 g4g3 e2g2 d8e8
1228,B,material_adjudication,66,1.397638,6140,2026-09-05 02:53:56,d2d3 a7a6 e2e4 f7f6 b2b3 d7d5 h2h4 d5e4 d3e4 c8d7 d1d2 d7b5 h4h5 d8d7 g2g4 e7e5 d2e2 b5c6 f1g2 a6a5 a2a3 f8c5 c2c3 a8a6 f2f3 a6b6 c1d2 c5g1 a3a4 e8e7 h1g1 b8a6 b3b4 a5b4 a4a5 b4c3 b1c3 b6b2 e1d1 a6c5 h5h6 g8h6 c3d5 c6d5 e4d5 c5b3 f3f4 b2d2 e2d2 b3d2 d1e1 c7c6 d5c6 b7c6 a1c1 e5f4 g2c6 d7d8 c6b7 f4f3 e1d1 g7g5 g1h1 d8a5 h1e1 e7f7
1229,B,material_adjudication,81,1.335350,6145,2026-09-05 02:54:11,e2e3 g7g6 b2b4 a7a5 b4a5 c7c6 g1f3 g6g5 e3e4 d7d6 d1e2 f7f6 g2g4 a8a5 c2c4 a5a4 f3d4 a4a7 d4c6 b8c6 f2f3 a7a4 b1a3 c8e6 e1f2 f8g7 a3c2 a4c4 h2h4 c6a5 h4g5 e6c8 e2c4 a5c4 a2a3 e7e5 g5f6 g7f6 g4g5 c4a3 g5f6 a3c2 a1a4 g8f6 a4d4 e5d4 c1b2 c2a3 b2a3 f6d5 e4d5 d8e7 a3b4 e7d8 f2g2 c8h3 g2h3 h7h5 f1g2 h5h4 g2f1 e8d7 b4a5 d8a5 f1g2 a5b6 g2f1 b6c7 f1d3 b7b6 d3f5 d7d8 f5g4 c7b7 h1e1 b7d5 h3g2 d4d3 g2f1 b6b5 e1e3
1230,B,material_adjudication_moderate,76,1.335041,6150,2026-09-05 02:54:25,e2e3 a7a5 b1c3 g8h6 c3d5 c7c5 g2g3 g7g5 h2h3 e7e6 d5b4 b8c6 b4a6 e8e7 f1b5 b7a6 d1f3 a6b5 e1f1 c6e5 f3f5 d8b6 f5g5 f7f6 g5f4 b5b4 g1f3 h6g4 f1g2 a8b8 f3h2 g4h2 h1h2 f6f5 b2b3 f8g7 g2f1 b8b7 f1g2 e5c4 a1b1 h8f8 g2g1 c4e5 d2d4 f8f7 d4c5 b6c5 f4g5 g7f6 g5h5 e5g4 h3g4 f7g7 g4g5 f6g5 f2f4 g5f6 h5h6 d7d5 h2h3 g7g8 c1d2 g8g6 h6h5 g6g7 h5h6 g7g8 b1b2 e7e8 a2a3 b4a3 b2b1 c5e7 g1f1 g8g6
1231,B,material_adjudication,66,1.275215,6155,2026-09-05 02:54:26,e2e3 g7g6 f2f4 e7e5 f4f5 b8a6 g1f3 b7b5 f1c4 f8e7 c4b5 c8b7 b5a6 a8b8 d1e2 g8f6 a6b5 c7c6 b5a4 e5e4 f3e5 g6f5 e2f2 d8a5 a4b5 c6b5 c2c4 a5a4 h2h3 b8a8 f2f5 h7h5 e5f7 e8f7 c4b5 a7a6 b5a6 a8a6 b2b3 a4b4 b1a3 a6a3 c1a3 b4a3 h1f1 a3d6 a2a3 h8g8 f5h5 f7g7 h5b5 b7c6 b5a5 d6e6 f1f5 g8f8 a5a4 c6a4 b3a4 e6f5 g2g3 f5h5 g3g4 h5g5 a1b1 g7h6
1232,B,checkmate,86,1.232836,6160,2026-09-05 02:54:40,e2e3 g7g5 h2h3 e7e6 g2g3 g8e7 g3g4 b8c6 b2b4 e7g6 f1b5 e8e7 d2d4 c6b4 b1a3 e7e8 b5e2 f8g7 h3h4 b4c2 e1f1 a7a6 f2f4 g7f8 a3c4 b7b5 a1b1 g5h4 e3e4 g6f4 d1c2 c8b7 e2f3 h8g8 h1h4 d8h4 g1e2 f4d3 c2d3 b5c4 d3e3 b7c6 e3f4 a6a5 g4g5 h4f4 c1f4 e8e7 f4e3 f7f6 a2a3 g8g5 e3g5 f6g5 e2g1 c4c3 b1b6 c7b6 d4d5 b6b5 d5c6 f8g7 c6d7 e7d8 f1e1 g7f8 a3a4 b5b4 e4e5 f8e7 f3a8 d8d7 e1d1 g5g4 a8g2 g4g3 g2f3 e7c5 d1e1 d7e7 e1d1 b4b3 f3e2 b3b2 g1f3 b2b1q
1233,W,material_adjudication,76,1.285324,6165,2026-09-05 02:57:27,a2a3 c7c5 e2e4 a7a5 g1e2 g7g5 b1c3 b8c6 g2g4 g8h6 f2f3 a8a7 c3d5 h8g8 f1g2 a7a6 e1g1 f7f6 d1e1 f8g7 e2c3 e7e6 f3f4 e6d5 c3d5 g8f8 h2h4 g5f4 a3a4 c6b8 g4g5 h6g4 e1e2 a6e6 e2g4 e6e4 g2e4 f8f7 g4e2 f4f3 e2f3 g7f8 e4d3 f8d6 b2b4 a5b4 d5f6 d8f6 g5f6 d6e5 c2c4 b4c3 f3e4 f7f6 e4e5 f6e6 d3f5 e6e5 d2c3 e5f5 f1f5 c5c4 f5h5 b7b6 c1a3 c8b7 a1b1 b8c6 h5h6 c6d4 c3d4 b7d5 g1f1 c4c3 f1g1 c3c2
1234,W,value_resign,59,1.276579,6170,2026-09-05 02:59:17,e2e3 a7a5 f2f4 a5a4 e1e2 c7c6 d2d3 h7h5 g1f3 d8a5 f3e5 h8h6 e3e4 a5b5 e5g6 h6g6 b1d2 b5c5 f4f5 c5d4 c2c3 d4c3 b2c3 d7d5 f5g6 g8f6 c3c4 c8g4 d2f3 g4f3 g2f3 b8a6 f1g2 a6b4 c4d5 f6d7 d3d4 c6d5 c1f4 f7f6 a2a3 a8a6 f4c1 h5h4 c1f4 h4h3 g2h3 b7b5 h3f5 a6a8 d1c1 e7e5 f4e5 f6e5 d4e5 b4c2 c1c2 f8a3 a1b1
1235,W,material_adjudication,68,1.333682,6175,2026-09-05 02:59:32,e2e3 a7a5 c2c4 a8a7 f2f3 h7h5 g2g3 c7c5 f1h3 h8h7 d1b3 d8c7 h3f5 g8f6 b3c2 a5a4 f5h7 d7d5 e3e4 d5e4 d2d4 f6h7 d4d5 c7e5 e1e2 e4f3 e2d1 e5f5 c2f5 c8f5 g1f3 g7g5 f3g5 h7g5 b1a3 f5d7 a1b1 f7f5 a3b5 a7a8 h2h4 g5f7 b5c7 e8d8 c7a8 a4a3 b2a3 f5f4 g3f4 d7f5 b1b2 d8c8 d1d2 c8d8 b2b5 f5d7 b5b3 d8e8 a3a4 d7a4 b3b7 a4b3 a2b3 b8a6 c1b2 a6c7 b2a3 c7d5
1236,B,material_adjudication_moderate,85,1.308057,6180,2026-09-05 03:02:20,h2h4 h7h5 e2e4 b7b6 b2b3 e7e5 d2d3 d7d6 d1f3 c8g4 f1e2 f8e7 c2c4 g4f3 c1g5 g8f6 g2f3 d8c8 b1c3 c7c6 c3b1 b8a6 g5f6 e7f6 d3d4 b6b5 b1d2 e5d4 e4e5 e8d8 e5f6 g7g5 c4b5 c6b5 h4g5 h5h4 a1d1 d8e8 e2b5 e8f8 b5a6 c8a6 b3b4 a6a2 g1e2 a7a5 b4a5 a2a5 e2d4 a5b6 d1c1 b6a5 c1c7 a5c7 d4b5 c7b7 h1h4 h8h4 e1e2 b7b6 b5d6 b6c6 d2c4 c6f3 e2f3 a8b8 f3e2 b8a8 d6b5 h4c4 b5d6 c4c3 e2d2 c3b3 d2c2 b3a3 c2b2 a8a7 f2f3 a7a8 d6f7 f8f7 b2c2 a3a2 c2b3
1237,W,material_adjudication,66,1.304141,6185,2026-09-05 03:02:21,e2e4 b8c6 g2g4 g8h6 a2a4 h6g4 h2h4 g7g6 g1h3 a7a5 b1c3 c6d4 c3d5 a8a7 e4e5 e7e6 a1b1 f7f6 c2c4 g4e5 f1g2 e6d5 c4d5 e5g4 d1g4 f8g7 g4d4 h8g8 d4a7 d8e7 e1f1 e7c5 a7c5 b7b6 c5a3 c8b7 a3a1 f6f5 h1g1 b7d5 h3g5 h7h5 f2f3 g7h6 f1e1 h6g5 h4g5 h5h4 b2b4 a5b4 d2d4 g8g7 b1b2 b4b3 e1e2 g7g8 f3f4 g8h8 a4a5 h4h3 g2f3 b6a5 c1e3 h8h7 a1b1 e8f7
1238,W,checkmate,37,1.259057,6190,2026-09-05 03:02:48,d2d3 b7b6 b1d2 e7e5 g2g4 f7f5 g4g5 f8b4 e2e4 b4e7 d2b1 c7c5 h2h4 f5e4 f2f4 e4f3 b1d2 g7g6 a1b1 f3f2 e1f2 e8f8 f1h3 a7a6 f2e1 c5c4 h4h5 c4d3 g1f3 b8c6 f3e5 c6e5 h1f1 e5f7 d1f3 d3c2 f3f7
1239,W,material_adjudication,68,1.331554,6195,2026-09-05 03:03:16,e2e4 b8c6 b2b3 b7b6 d2d3 g8h6 c1g5 g7g6 h2h4 f7f6 a2a3 c8a6 g5d2 c6a5 d2g5 c7c6 g5h6 c6c5 e1e2 f8h6 h4h5 b6b5 b3b4 c5b4 a3b4 d8c7 a1a5 h8g8 a5a1 h6f4 a1a6 a8b8 h5g6 f4e5 b1d2 f6f5 d2f3 h7g6 a6a7 c7a7 f3e5 a7b6 d3d4 f5e4 h1h3 b6d4 d1d4 b8a8 c2c4 b5c4 e2e3 g6g5 f1e2 g5g4 h3h4 g8g5 g2g3 c4c3 e5d3 c3c2 d4c3 c2c1q d3c1 a8c8 c3d2 c8c6 h4h2 g5h5
1240,B,value_resign,60,1.339953,6200,2026-09-05 03:03:31,g2g3 h7h5 h2h4 b8c6 c2c3 a7a6 f1g2 d7d6 b1a3 e7e5 g2c6 b7c6 d1c2 a6a5 g1h3 d8e7 e2e3 e5e4 h3g5 e7d7 f2f4 f8e7 g5f7 e8f7 a1b1 d7d8 b2b4 c8b7 b4a5 f7g6 b1b2 a8a5 e1e2 b7a6 d2d3 e4d3 c2d3 g6f7 a3c4 a6c4 d3c4 f7e8 c4c6 d8d7 c6d7 e8d7 h1h2 c7c6 f4f5 g8h6 b2b7 d7d8 b7a7 a5a7 c1b2 h6f5 c3c4 h8e8 c4c5 a7c7
1241,B,checkmate,84,1.371469,6205,2026-09-05 03:09:02,b1c3 c7c6 b2b4 b7b6 c3d5 c6c5 a2a3 g8f6 e2e4 f6d5 f2f4 f7f5 e4d5 a7a6 f1d3 e8f7 g1f3 b8c6 d5c6 f7e6 e1f2 c5b4 c2c3 b4c3 c6c7 d8e8 d1c2 c3d2 d3f5 e6f7 c1d2 c8b7 a3a4 e7e6 f5h7 f8c5 d2e3 c5e3 f2e3 h8h7 c2h7 e6e5 e3f2 e5e4 g2g4 e4e3 f2g2 f7f8 h7b1 g7g6 b1b4 d7d6 a4a5 b6a5 b4a5 e3e2 h1e1 b7d5 a5d2 g6g5 f4g5 a6a5 g2g3 e8e4 d2c1 f8g7 f3h4 a8e8 c7c8q e8c8 c1c8 e4e3 h4f3 e3f3 g3h4 f3g2 c8d7 g7g6 e1e2 g2e2 h4g3 e2e5 g3h4 e5h2
1242,W,material_adjudication,66,1.239738,6210,2026-09-05 03:09:33,a2a3 e7e6 e2e4 a7a6 b2b3 g8f6 f2f3 f6e4 f3e4 f7f6 e1e2 f8c5 c2c3 e8g8 d2d4 c5b6 a1a2 g7g6 h2h3 d7d6 c3c4 f6f5 c4c5 f5e4 a2d2 e4e3 d2d3 d6d5 c5b6 d8h4 g2g3 h4g3 d3c3 g3f2 e2d3 f2f7 d3e2 b8d7 c3c7 a8b8 h1h2 d7b6 c7f7 f8f7 b3b4 f7f5 c1e3 h7h6 e2e1 g8g7 f1e2 c8d7 e1d2 h6h5 e2d3 b6a4 h2g2 a6a5 g1f3 f5f3 d1f3 e6e5 b4a5 e5d4 e3d4 g7h7
1243,W,material_adjudication_moderate,107,1.369597,6215,2026-09-05 03:10:19,b2b3 b8a6 h2h4 g8f6 h1h3 h7h6 c2c4 f6g8 h3f3 h6h5 g1h3 b7b5 c4b5 d7d5 f3g3 f7f5 g3g6 a8b8 b5a6 e7e6 g2g3 f8c5 b1c3 e8d7 a1b1 c5b4 d2d4 b4d6 c3d5 g8e7 d5e7 d7e7 a2a4 d8f8 f1g2 c8d7 d4d5 e6e5 f2f3 e5e4 b3b4 e4f3 e2f3 e7d8 e1f1 d6e7 h3g5 h8g8 d5d6 e7g5 h4g5 d8e8 d1e2 f8e7 c1d2 b8b6 e2e3 e7e3 d2e3 c7c5 b4c5 b6b1 f1e2 f5f4 g3f4 b1b3 c5c6 b3e3 e2e3 h5h4 c6d7 e8d8 g2h3 g8f8 f4f5 f8f5 h3f5 h4h3 a4a5 h3h2 e3d3 h2h1q d3c4 h1h3 f5g4 h3g3 g6e6 g3d6 e6d6 d8c7 g4e6 c7d6 e6f5 g7g6 f5g6 d6d7 g6h7 d7e7 f3f4 e7f8 c4b5 f8g7 h7e4 g7f7 e4g6 f7g6 b5c6
1244,W,material_adjudication_moderate,76,1.374507,6220,2026-09-05 03:12:19,e2e3 e7e6 b2b4 a7a5 c2c4 b8a6 e1e2 a5b4 f2f3 e6e5 b1a3 f7f5 e3e4 g8f6 e2f2 b7b6 g1e2 b4a3 e2c3 f8c5 f2e2 e8e7 c1a3 h8f8 g2g3 a8b8 a1c1 d7d5 a3b2 f5e4 f3e4 c8g4 e2e1 f6h5 d1g4 d5d4 g4h5 d4c3 d2c3 g7g6 h5d1 f8f6 f1e2 c5e3 e2f3 f6f3 d1f3 e3c1 b2c1 d8d6 e1f2 b8c8 f3g4 d6d7 g4d7 e7d7 c1g5 h7h6 g5h6 g6g5 h6g5 c7c5 g5e3 a6c7 h2h3 d7e7 f2g1 c7e8 e3d2 e7d6 g1h2 e8c7 a2a4 d6e6 h1b1 c7a6
1245,B,material_adjudication,115,1.299591,6225,2026-09-05 03:12:35,e2e3 a7a5 d1g4 h7h5 g4g6 c7c5 f1d3 g8h6 g6g3 d7d5 c2c3 f7f6 d3b5 c8d7 h2h4 d7b5 d2d3 b5d7 f2f3 e7e6 g3g4 d7c6 g4e6 f8e7 g2g4 a8a7 e1f1 h6g4 d3d4 d8d7 e6d7 b8d7 f3g4 h5g4 a2a4 c5c4 h4h5 b7b6 f1g2 b6b5 a4b5 c6b5 a1a5 a7a5 h1h4 e8g8 h4g4 b5a6 g2f1 a6b7 g1e2 f6f5 g4g6 f5f4 e2f4 d7f6 f4e2 f6h5 f1e1 a5a4 g6h6 b7a6 h6a6 a4a6 e2f4 g8h8 f4h5 a6e6 h5f4 f8f4 e3e4 e6d6 e4d5 f4f3 b1d2 d6d8 d2f3 e7f6 c1d2 d8d5 f3e5 f6e5 d4e5 d5e5 d2e3 e5e8 e1e2 e8c8 e3d4 h8h7 e2e1 g7g6 d4b6 g6g5 e1e2 h7h6 e2e1 g5g4 e1e2 h6g5 b2b3 g5f4 e2e1 c4b3 c3c4 f4g3 e1d2 b3b2 d2c3 b2b1q c3d2 g3f4 d2c3 g4g3 b6a5
1246,W,material_adjudication_moderate,82,1.233335,6230,2026-09-05 03:13:18,h2h4 h7h5 g1h3 f7f5 a2a4 c7c6 b2b4 g8h6 d2d3 g7g6 a1a2 e7e6 c1h6 f8h6 a2b2 d8c7 h3g5 c7b6 c2c3 h8g8 b1d2 e8e7 d1c2 e7e8 f2f4 g8f8 d2c4 b6c7 d3d4 b8a6 c4e5 d7d6 e5g6 h6g5 h4g5 a6b4 c3b4 f8g8 g6h4 c8d7 c2d3 b7b5 a4b5 c6b5 e1f2 e6e5 b2c2 c7b7 c2a2 e5e4 d3c3 a7a6 e2e3 d6d5 h4f5 a8c8 f5d6 e8e7 d6c8 g8c8 c3c2 c8c2 a2c2 h5h4 c2c5 b7b8 h1h4 e7e8 f2g1 b8b7 h4h5 b7b8 h5h4 b8a8 h4h5 a8b7 h5h4 b7b8 c5d5 b8b7 d5c5 b7b8
1247,B,material_adjudication,66,1.279286,6235,2026-09-05 03:13:19,a2a3 b8c6 d2d3 h7h6 e2e4 h8h7 b2b3 b7b5 d1f3 g8f6 f3g4 f6g4 e4e5 f7f5 c2c3 a8b8 a3a4 d7d6 g2g3 c6d4 h2h3 g7g5 c3c4 a7a6 b1d2 h7g7 e5d6 b5a4 h3g4 g7g8 d6e7 d8e7 g1e2 d4e2 f1e2 a4b3 c1b2 a6a5 f2f4 e7d7 h1h6 f8h6 b2c3 e8f8 e2f1 h6g7 f1g2 d7e7 e1f1 f8e8 g4f5 g7c3 f4g5 e7d7 f5f6 d7d8 f1e2 c8e6 d3d4 d8d7 a1b1 b8a8 d2b3 g8f8 b3a5 a8a5
1248,W,material_adjudication,84,1.320025,6240,2026-09-05 03:13:47,a2a3 f7f6 e2e3 e7e5 h2h3 b8c6 d2d3 g8e7 c2c4 f6f5 f2f3 e8f7 b2b4 d7d5 a1a2 c8d7 b4b5 d5c4 g2g3 h7h6 f1e2 c4d3 b5c6 d3e2 d1e2 e7c6 a2d2 d7e8 d2d8 a8d8 b1d2 b7b6 e1d1 f5f4 g3f4 e5f4 e3f4 c6e7 a3a4 d8d5 c1b2 c7c5 d1c1 h8h7 h3h4 e7g6 f4f5 d5f5 h4h5 f5f4 h5g6 f7g6 e2d1 e8a4 d1f1 g6g5 b2a3 g7g6 a3b2 f8g7 b2g7 h7g7 g1e2 g5f5 e2f4 g6g5 f4d5 g7g6 d5f6 g6f6 d2e4 a4b5 f1h3 f5e5 e4f6 e5f6 f3f4 g5g4 h3g4 b5c4 h1d1 c4e6 d1d6 f6e7
1249,W,checkmate,49,1.296948,6245,2026-09-05 03:14:14,b1a3 a7a5 f2f3 b7b5 e2e4 g8f6 f3f4 b5b4 a1b1 f6e4 f1d3 b4a3 d3b5 e4c5 f4f5 c7c6 b5e2 e7e5 f5e6 g7g6 e2c4 a3b2 d1f3 f7f6 g2g3 e8e7 e1f1 b2c1q b1c1 c5a4 h2h3 d7d5 c4e2 c8e6 d2d4 c6c5 c2c3 g6g5 g3g4 f6f5 g4f5 c5d4 f5e6 d4c3 c1c3 b8c6 c3c6 g5g4 f3f7
1250,B,material_adjudication,66,1.363690,6250,2026-09-05 03:15:22,a2a3 e7e6 b1c3 b8a6 a3a4 g7g6 h2h4 b7b6 d2d4 f8e7 h1h3 h7h6 d4d5 f7f6 d5d6 e6e5 c3d5 c7d6 e1d2 f6f5 a1b1 f5f4 d5e7 d8e7 h3h2 b6b5 e2e3 e7e6 g1e2 b5a4 e3f4 e5f4 e2f4 e6e5 f1a6 e5f4 d2e1 f4h2 a6c8 h2e5 c1e3 a8c8 f2f4 e5e3 d1e2 e3e2 e1e2 a7a6 h4h5 g6g5 f4g5 h6g5 h5h6 h8h6 g2g3 h6h7 e2d2 h7h8 d2c1 g5g4 c2c4 h8h6 c4c5 c8c5 c1d1 h6h7
1251,B,material_adjudication,91,1.280840,6255,2026-09-05 03:16:38,a2a3 b8c6 d2d3 a8b8 c2c3 g7g6 a3a4 c6d4 a4a5 e7e6 e1d2 f8e7 c3d4 b7b6 e2e3 f7f6 d1e2 b8a8 f2f4 c8a6 g1h3 a8b8 d4d5 b6b5 h1g1 c7c6 d5e6 d7e6 h3f2 e8f8 g2g4 e6e5 b1c3 b5b4 c3e4 e5f4 g4g5 f4e3 d2e3 f6g5 e3d2 a6c4 f2d1 c4b3 a5a6 g8f6 e4g5 d8c7 d1e3 b3c4 e3c4 h7h6 g5e4 b8d8 d2d1 c6c5 c1e3 g6g5 e4c5 e7c5 e3c5 c7c5 f1g2 c5g1 d1d2 g1a1 e2d1 a1a2 d1b1 a2b1 g2e4 f6h5 c4a3 h5f4 a3b1 d8d7 d2d1 d7c7 h2h3 c7c8 e4d5 f8g7 d1e1 h8d8 h3h4 d8d5 b1a3 d5d8 a3c4 c8a8 h4g5
1252,B,value_resign,72,1.355372,6260,2026-09-05 03:17:06,e2e3 a7a5 g2g3 a5a4 f1b5 h7h5 d1f3 h8h6 h2h4 c7c6 e3e4 d7d6 f3e2 e8d7 g1f3 f7f6 b5a4 a8a4 f3d4 h6h7 b2b3 c6c5 b3a4 c5d4 e2c4 d8a5 f2f4 a5d8 c1b2 d8e8 h1g1 e7e5 g1g2 g8e7 f4e5 f6e5 g2f2 h7h6 e1f1 h6f6 c4d5 e7d5 e4d5 e8d8 f1e1 b8a6 f2f3 f8e7 g3g4 d7e8 g4h5 a6c7 e1f1 g7g6 a4a5 d8d7 a2a4 e8f7 f1g2 c7d5 f3f2 f7g7 h5g6 d7g4 g2f1 g7g6 f2f6 g6f6 h4h5 g4h3 f1f2 h3g4
1253,W,value_resign,67,1.255901,6265,2026-09-05 03:18:50,a2a3 c7c5 d2d4 d7d6 e2e3 c5c4 g2g3 h7h5 c2c3 d8a5 d4d5 a7a6 f1e2 e8d8 f2f4 c8d7 e2f3 h5h4 a1a2 d7f5 a3a4 f5b1 a2a1 b1f5 a1b1 f5b1 c1d2 b1a2 b2b3 b8c6 b3b4 a5b6 d5c6 b6c6 f3c6 b7c6 g1f3 d8c7 f3h4 h8h4 g3h4 e7e5 f4f5 a6a5 e1g1 a5b4 c3b4 f8e7 a4a5 e5e4 d1e2 c7d7 d2c1 a8d8 f5f6 g8f6 a5a6 d8b8 a6a7 b8a8 e2a2 a8a7 a2a7 d7e8 f1f2 f6h5 f2f3
1254,B,checkmate,26,1.290908,6270,2026-09-05 03:19:04,b2b3 f7f5 d2d3 e7e5 a2a3 f8c5 a1a2 g8f6 f2f3 f5f4 g2g4 f6g4 c2c3 a7a5 g1h3 g4h6 h1g1 c7c6 b1d2 c5g1 a3a4 e8g8 h3g1 d8f6 d3d4 f6h4
1255,B,value_resign,34,1.351895,6275,2026-09-05 03:21:33,e2e3 h7h5 f2f3 h8h7 e1e2 g7g6 b2b3 b7b6 h2h4 c7c6 c1b2 f8g7 b2g7 h7g7 g2g3 c8a6 c2c4 e8f8 d1c2 d8c7 f1g2 g7h7 g2h3 f8g7 b1c3 c7e5 c3b5 e5a1 c2b2 a1b2 c4c5 a6b5 e2e1 b2a3
1256,B,material_adjudication_moderate,95,1.328776,6280,2026-09-05 03:26:35,a2a3 e7e6 e2e4 e6e5 f1c4 c7c6 g2g3 g8e7 e1f1 d8c7 f2f3 f7f6 b2b4 d7d6 g1e2 b8d7 a3a4 g7g5 b1a3 g5g4 c4a2 f6f5 e4f5 d7c5 b4c5 g4f3 c5d6 c7d6 e2c3 e8d7 d1f3 e7f5 a3c4 f5d4 c3e4 d4f3 e4d6 f8d6 c4d6 b7b6 c1b2 d7d6 g3g4 c8g4 h2h3 g4e6 a2e6 d6e6 c2c4 f3d2 f1e1 d2c4 a1c1 c4b2 h1f1 a8f8 c1c3 a7a5 e1d2 b6b5 a4b5 c6b5 f1b1 f8f5 b1b2 h8f8 b2b5 a5a4 d2e2 a4a3 c3a3 f5h5 a3b3 f8c8 h3h4 h5h4 e2d3 h7h5 b5c5 c8c5 d3e3 e6f6 e3f2 c5c8 f2e3 f6g7 b3d3 g7h8 d3d2 h4h3 e3e2 e5e4 d2d5 c8b8 e2e1
1257,B,material_adjudication,66,1.336142,6285,2026-09-05 03:26:36,a2a3 b7b6 d2d4 g8f6 e2e4 b6b5 c1g5 c8b7 c2c3 g7g6 f2f3 b5b4 g5f6 e7f6 b2b3 d7d6 d1d2 b8c6 e1e2 f6f5 d2d1 e8d7 h2h3 a8b8 c3b4 b8a8 b1d2 c6d4 e2e1 f5e4 f3e4 g6g5 d1g4 f7f5 e4f5 d4c2 e1d1 c2a1 g4g5 d8g5 g1f3 g5e7 f1e2 h7h5 f5f6 e7f6 g2g4 c7c6 g4g5 f6e7 f3e5 d7c7 h1h2 d6e5 e2d3 h8g8 d2e4 e7d8 d1e2 d8d5 e2e3 a7a6 h2e2 d5b3 e3f2 b3c2
1258,B,value_resign,44,1.384886,6290,2026-09-05 03:27:37,a2a4 b7b6 g1h3 h7h5 f2f4 c7c6 f4f5 f7f6 g2g4 d7d5 g4h5 h8h5 h1g1 c6c5 f1g2 e7e5 f5e6 e8e7 d2d4 h5h4 a4a5 a7a6 c1h6 g7h6 d4c5 b6c5 h3f4 h4f4 d1d2 f4e4 c2c3 c5c4 d2c2 c8b7 g2e4 d5e4 a1a4 e7e6 c2e4 b7e4 h2h4 b8c6 g1g3 c6d4
1259,B,material_adjudication_moderate,100,1.297064,6295,2026-09-05 03:28:08,b1a3 c7c5 b2b4 c5b4 c2c4 b4c3 a3b5 h7h6 e2e4 g7g5 e1e2 f7f5 d2c3 f5e4 h2h4 a7a6 c1f4 g5f4 a2a4 a6b5 f2f3 d8c7 a1b1 e7e6 g2g3 e8e7 d1d2 a8a4 f1g2 h6h5 d2c2 e7d8 f3e4 f8c5 g1f3 f4g3 h1h2 c5a7 h2h1 b7b6 h1d1 b5b4 c2a4 b4c3 a4c2 c7c4 e2e1 c8b7 c2a2 c4a2 b1a1 a2b1 a1b1 g8f6 e4e5 b8c6 e5f6 b6b5 f6f7 d8e7 b1b5 c3c2 g2h3 c2d1q e1d1 e7d8 b5b7 h8f8 f3e1 f8f7 b7a7 c6a7 d1c2 a7b5 c2b3 d8e7 b3a4 g3g2 a4b5 g2g1q b5c4 g1f2 c4b5 f7f3 e1f3 d7d6 b5a6 e7f7 f3d4 d6d5 d4e6 f7g6 e6c5 d5d4 c5e6 f2c2 e6d4 c2c3 d4c6 c3h3
1260,B,value_resign,54,1.341499,6300,2026-09-05 03:28:53,e2e3 a7a5 b2b3 g7g6 b1a3 a5a4 g2g3 g8h6 f2f4 h8g8 b3a4 f7f5 h2h4 a8a6 f1h3 f8g7 d1e2 a6a4 c1b2 g7b2 h3g2 b2a3 g1f3 d7d6 e1f2 b7b6 h1b1 e7e6 b1b3 a3b2 c2c3 b2a1 d2d3 h6g4 f2g1 g4f6 h4h5 f6h5 g2h3 g6g5 f4g5 e8d7 h3f5 g8f8 f5g6 f8g8 g6h5 d8e7 g1g2 b8a6 d3d4 g8g7 d4d5 e7d8
1261,B,checkmate,12,1.382028,6305,2026-09-05 03:29:40,e2e3 g7g6 h2h3 g8h6 f1e2 h6g4 f2f4 e7e6 f4f5 d8h4 e1f1 h4f2
1262,W,material_adjudication,66,1.319218,6310,2026-09-05 03:30:40,e2e3 g7g5 f2f4 a7a5 e3e4 b8c6 d2d3 e7e6 f4f5 g8h6 h2h4 f8e7 b2b3 h6g8 c2c3 b7b6 a2a3 e8f8 g2g4 g5h4 c1b2 e6e5 g4g5 e7c5 d1e2 c8b7 e2d2 c6d4 c3d4 c5d4 b1c3 d8g5 d2g5 h7h6 g5h4 d4c3 b2c3 h6h5 a3a4 f7f6 a1a3 d7d5 a3a1 d5e4 a1d1 e4e3 f1e2 e5e4 d3e4 f8e7 e1f1 g8h6 h4h5 h6g8 h5f3 h8h1 f3g2 h1h5 e2h5 c7c6 c3b2 g8h6 f1e1 h6g4 h5g4 e7e8
1263,W,material_adjudication,90,1.346924,6315,2026-09-05 03:31:57,e2e3 a7a6 a2a3 e7e6 g2g3 g7g6 h2h3 h7h6 f2f3 h8h7 h1h2 f7f6 b2b3 b7b6 c1b2 c7c5 f3f4 e8e7 f4f5 c8b7 c2c4 g6f5 d1e2 b8c6 e1f2 d7d5 f1g2 d5c4 b2e5 h6h5 e5c7 d8c7 e2f1 h7g7 f1c4 c7b8 g2c6 h5h4 c6b7 b8b7 g3g4 f5g4 h3g4 b6b5 c4c2 e7d7 h2h4 a8d8 a3a4 b5b4 e3e4 g7g5 g1h3 g5g6 a4a5 g6g7 g4g5 c5c4 g5f6 g8f6 h3g1 c4c3 d2c3 b4c3 b1c3 f8c5 f2f1 c5g1 h4h1 g1d4 e4e5 f6g4 h1h5 d8b8 f1e2 g4f2 e2e1 b7c6 c2e4 b8b7 e4d4 d7c8 e1f2 g7h7 h5h7 c6e4 d4e4 b7b8 e4f3 b8a8
1264,B,material_adjudication,81,1.364378,6320,2026-09-05 03:32:27,h2h4 h7h5 b2b3 b7b6 c1b2 f7f6 c2c3 c7c5 f2f3 d7d5 d1c1 a7a6 b3b4 a8a7 b1a3 d8c7 c3c4 c5b4 a3c2 b8c6 c4d5 e7e5 f3f4 c8g4 a1b1 a7a8 b2a1 a6a5 d2d4 e5d4 a1b2 c7d7 d5c6 d7c6 c2d4 c6c1 b1c1 a8d8 d4b3 f8e7 f4f5 a5a4 a2a3 b4a3 b2a3 e7a3 e1f2 a3c1 b3c1 e8e7 e2e4 d8c8 f2e1 e7f8 e4e5 f6e5 f1d3 e5e4 d3e4 c8d8 c1d3 b6b5 g1f3 a4a3 f5f6 g8f6 h1g1 f8f7 f3d2 d8g8 d2b3 f6e4 g1f1 f7e7 f1f3 g4f3 g2f3 e4c3 e1f1 e7d8 f1e1
1265,B,material_adjudication_moderate,76,1.388902,6325,2026-09-05 03:32:41,g1f3 c7c5 e2e4 g7g5 h1g1 f8h6 g2g3 e8f8 f1g2 h6g7 d1e2 h7h5 g3g4 h5g4 b2b3 a7a5 f3g5 f7f5 d2d4 d7d6 g5f7 c5d4 f7d8 d4d3 c2d3 c8d7 a2a4 g7a1 g1h1 a1d4 c1g5 b8c6 d8c6 e7e6 c6d4 f5e4 f2f3 e4f3 g2f3 g4f3 e2f3 f8e8 d4e2 d7c6 f3g4 g8h6 g4h5 h6f7 h5g6 h8g8 g6g8 e8d7 h2h3 a8g8 e2c1 f7g5 b1c3 c6h1 h3h4 g5f3 e1e2 g8f8 h4h5 f8f5 h5h6 e6e5 h6h7 f5f8 h7h8q f8h8 e2f1 d7e6 c3e2 h8d8 d3d4 d8f8
1266,W,material_adjudication,66,1.314942,6330,2026-09-05 03:32:42,a2a4 h7h5 b2b3 b7b6 d2d3 c7c5 c1g5 c8a6 g5d2 h8h6 h2h4 d8c8 e2e4 d7d6 b3b4 e8d8 f1e2 c5b4 d3d4 g7g5 d2g5 f7f6 e1d2 b8c6 a4a5 e7e5 g5h6 g8h6 a5b6 c6d4 a1a6 c8a6 e2a6 a7b6 a6e2 h6g4 c2c3 a8a4 c3b4 g4f2 d1f1 d4e2 f1e2 f2e4 e2e4 f6f5 e4f5 d8e8 f5c2 e5e4 g1f3 e8d7 c2d1 e4f3 g2f3 d7e8 d1c1 f8g7 f3f4 g7e5 f4f5 a4a2 d2e3 a2f2 h1d1 e8e7
1267,W,material_adjudication_moderate,124,1.342658,6335,2026-09-05 03:33:24,e2e3 a7a5 b2b3 g8h6 b1a3 c7c5 f1b5 g7g5 g2g3 f7f6 d1f3 a8a7 e1f1 d8b6 f1e2 f6f5 c1b2 b6g6 h2h3 a5a4 h3h4 h8g8 a3c4 g5h4 c2c3 a4b3 a1e1 g6g7 h1h4 b3a2 h4h6 g7h6 e1a1 b8c6 d2d3 f8g7 d3d4 b7b6 c4b6 c8b7 b5c6 b7c6 d4c5 c6f3 g1f3 d7d5 e2e1 h6c6 c3c4 h7h6 c4d5 c6d5 b6d5 g7b2 a1a2 a7a2 d5c3 b2c1 c3a2 c1b2 f3h4 b2a3 h4f5 a3c5 f2f4 c5d6 f5h6 g8h8 h6f5 h8f8 e3e4 f8f6 f5d4 d6c7 e4e5 f6a6 a2c1 a6a7 d4e6 e8d7 e6c7 d7c7 c1d3 c7b6 e1e2 a7a2 e2f1 b6a7 d3c5 e7e6 c5e6 a2a4 f1g2 a4c4 e6g5 a7b6 e5e6 b6a7 f4f5 a7b7 g2h2 b7c7 h2h1 c7d8 g5f3 d8e8 f3e5 e8e7 e5c4 e7f8 c4e5 f8e8 h1h2 e8e7 g3g4 e7d6 h2g2 d6e5 g2f3 e5f6 f3g2 f6e7 g2f1 e7e8
1268,B,value_resign,68,1.280250,6340,2026-09-05 03:35:39,a2a3 g8f6 a3a4 g7g6 a4a5 h7h5 h2h4 f6g4 e2e4 c7c6 b1a3 h8h7 f1d3 d8a5 b2b3 e8d8 h1h3 f8g7 d3e2 b7b6 a3c4 a5a1 h3h1 h7h8 g1f3 g4h6 c1b2 a1a6 f3e5 h8f8 c4d6 a6a2 d1a1 a2a1 b2a1 c8b7 a1b2 g7e5 h1h3 a7a5 d6b7 d8c8 b2e5 c8b7 d2d4 f7f6 e1d2 f6e5 h3f3 f8f3 g2f3 e5d4 e2d3 a8a6 d3e2 a6a8 c2c3 b8a6 c3d4 a6c5 d4c5 b6c5 d2c2 a5a4 b3a4 d7d6 c2d1 g6g5
1269,W,value_resign,39,1.372778,6345,2026-09-05 03:37:32,e2e4 b8a6 f2f4 g8f6 e1f2 a8b8 f1c4 d7d6 g1f3 g7g5 f4f5 b7b5 e4e5 f6d5 c4d5 e7e6 e5d6 e6d5 f2e1 c7c5 d1e2 e8d7 g2g3 b5b4 d2d3 g5g4 b1d2 g4f3 e2e5 d5d4 e5h8 f8d6 h8h7 d8g8 h7g8 b8b7 h1g1 c5c4 d2c4
1270,W,material_adjudication,110,1.453459,6350,2026-09-05 03:40:15,e2e3 a7a5 f1a6 h7h5 g2g3 a5a4 d1f3 e7e5 a6b5 e5e4 f3e4 d8e7 e4f3 b7b6 e1e2 g8f6 f3a8 e8d8 c2c3 c7c6 f2f3 c6b5 b2b4 g7g6 a8a7 b8c6 a7b6 d8e8 c1a3 f8h6 b6c5 d7d6 c5c6 c8d7 c6b7 d7g4 f3g4 e7b7 d2d4 b7h1 g4g5 h1h2 e2f1 h6g5 g1f3 h2g3 f3g5 f6g4 g5e4 g3h4 d4d5 e8e7 f1e2 g4f6 e2d1 h8a8 b1d2 h4h3 e4f6 e7f6 d1e1 h3g3 e1f1 g6g5 d2e4 f6e5 e4g3 h5h4 e3e4 h4g3 f1g2 g5g4 a1b1 a8a6 b1b2 f7f5 e4f5 a6b6 c3c4 b5c4 g2g3 c4c3 b2b1 c3c2 b1c1 b6b4 a3b4 a4a3 b4a3 e5f5 a3b2 f5e4 b2a3 e4d5 a3d6 d5d6 a2a4 d6d5 a4a5 d5d6 a5a6 d6d5 a6a7 d5c6 a7a8q c6d7 g3h4 d7c7 a8a7 c7c6
1271,W,material_adjudication,94,1.308876,6355,2026-09-05 03:41:44,e2e3 g8h6 f2f4 a7a5 g2g3 a5a4 f1b5 c7c6 d1f3 e7e5 b5e2 e5e4 f3e4 f8e7 b1a3 h6g4 h2h3 d7d5 e4f3 b7b6 b2b4 h7h5 h3g4 b8a6 g4h5 c8d7 b4b5 c6b5 c1b2 e7a3 b2a3 b5b4 e2a6 a8a6 c2c4 b4a3 f3d5 h8h6 e1e2 a6a8 e3e4 e8f8 a1e1 d7e6 d5d3 d8d3 e2d3 a8c8 d3c2 f8e7 e4e5 h6h7 h1h2 c8c5 e1e3 e6f5 c2d1 h7h8 d2d4 c5c4 d4d5 h8c8 h2g2 g7g5 e5e6 f5e6 d5e6 g5g4 f4f5 f7f6 h5h6 c4d4 d1e2 c8h8 h6h7 h8h7 e3a3 h7h6 a3c3 d4d6 a2a3 d6d5 c3c1 h6h8 c1b1 e7f8 b1b6 d5d7 e6d7 f8e7 e2d1 e7d7 b6a6 h8g8
1272,W,material_adjudication,134,1.232071,6360,2026-09-05 03:43:06,h2h4 a7a5 c2c3 d7d6 h1h3 h7h5 g2g3 c8h3 g1h3 h8h6 c3c4 g8f6 f2f3 c7c6 e2e3 a8a7 e1f2 d6d5 a2a4 d8d7 c4d5 f6d5 d2d4 h6e6 e3e4 d5b4 f2g2 a7a8 d1e1 f7f6 d4d5 e6e5 a1a3 b4c2 e1d1 e5e4 f3e4 d7g4 d1c2 c6d5 e4d5 g4g3 g2g3 e7e5 c2d2 e5e4 d2c3 a8a6 a3b3 e8e7 c1g5 f6g5 c3c4 g5g4 b1c3 g4h3 f1h3 b7b6 c4a6 b8a6 b3b6 a6c5 b6b7 c5b7 c3e4 e7e8 b2b3 f8d6 e4d6 b7d6 h3g2 e8e7 g3h3 g7g6 g2f3 d6c8 f3g2 e7e8 d5d6 c8d6 g2f1 e8e7 f1d3 e7e8 d3g6 e8f8 g6h5 f8e7 h5g4 e7f7 h3h2 f7e7 g4f3 e7e8 h2h1 e8e7 h1h2 e7e8 h2h1 e8e7 h1h2 e7e8 h2h1 e8e7 h1h2 d6e8 h4h5 e7e6 f3c6 e6d6 c6b5 e8f6 h5h6 f6d5 b5c4 d5e3 h2g3 e3c4 b3c4 d6c5 g3f4 c5c4 f4f5 c4b4 f5e6 b4a4 h6h7 a4b3 h7h8q a5a4 e6e5 a4a3 e5e6 a3a2
1273,B,value_resign,44,1.363642,6365,2026-09-05 03:42:55,a2a4 h7h5 h2h4 b7b6 a4a5 b8c6 b1c3 c6d4 c3a4 g8h6 e2e4 c8b7 f1d3 a8c8 e1f1 f7f5 b2b4 b6a5 d1h5 h6f7 h5h8 f7h8 g1f3 c8a8 a1b1 e7e5 f3d4 f5e4 d4e6 d8e7 e6d8 e7d8 c1b2 d7d6 b2d4 b7a6 b4b5 e4d3 b5a6 e5d4 b1b2 e8d7 b2b1 g7g5
1274,W,material_adjudication,82,1.294591,6370,2026-09-05 03:46:35,e2e4 e7e5 g1e2 d7d6 b1c3 b7b6 a2a3 f7f6 g2g4 c7c5 a3a4 h7h5 g4g5 b8c6 g5f6 a8b8 h2h3 b8b7 f6g7 b7g7 h1g1 g7g1 e2g1 e8d7 d2d3 h5h4 b2b3 c5c4 c1b2 g8h6 d1d2 h6f7 g1e2 c6b4 e1d1 d8e7 f2f4 h8h5 f1g2 f8h6 d3c4 b4a6 d2d3 a6b4 d3f3 b4a6 f3d3 h5f5 e4f5 a6c5 g2d5 d7e8 a1a3 c8d7 d5e4 c5d3 c2d3 d7c6 f4e5 d6e5 e4c6 e8f8 d1c2 e5e4 d3e4 f7e5 e2d4 e7g7 c2b1 a7a6 f5f6 g7f7 d4f5 f7g6 b2c1 g6f5 e4f5 h6g7 c3a2 g7f6 c1e3 e5c4
1275,W,checkmate,61,1.328240,6375,2026-09-05 03:46:36,a2a3 g8f6 a3a4 g7g6 e2e3 e7e6 b2b4 e6e5 g1f3 f8c5 c1b2 f6e4 a4a5 f7f6 b1a3 b8c6 b4c5 e4g5 h2h3 e5e4 f3g5 h8g8 g5h7 c6b8 b2f6 e8f7 f6b2 g8h8 a1c1 g6g5 b2e5 b8a6 f1e2 f7e6 c2c3 e6e5 d2d4 e4d3 e2d3 e5e6 c5c6 d7c6 h7f6 d8f6 d1d2 e6d5 h1g1 a6b8 d3e2 d5c5 f2f3 b7b6 e3e4 h8h6 a5b6 c7b6 a3c2 b8d7 c2d4 f6g7 d4b3
1276,B,material_adjudication_moderate,105,1.319360,6380,2026-09-05 03:47:21,b1c3 f7f5 e2e4 h7h5 c3e2 g7g5 f2f4 c7c5 e2c3 e7e5 f1c4 g5f4 e4f5 e8e7 e1e2 d7d5 f5f6 g8f6 g1f3 f6h7 f3e1 d5c4 g2g3 f4g3 h2g3 c8d7 a2a3 f8g7 c3e4 e7f7 e4c5 e5e4 b2b3 c4b3 e1g2 g7a1 c1b2 d7a4 d1a1 a7a6 c2b3 a4b3 c5b3 b8c6 b2h8 d8h8 a1h8 a8h8 g3g4 c6d4 b3d4 h5g4 h1b1 e4e3 d4f5 f7e6 b1b3 e6f5 e2e3 b7b6 d2d4 f5e6 g2f4 e6f5 d4d5 g4g3 f4h5 f5g5 h5g3 h8d8 e3e4 h7f6 e4e5 f6d5 e5e6 b6b5 b3b2 g5f4 g3f5 d5e3 f5e3 f4e3 e6e7 d8d4 e7f7 d4d5 f7f8 a6a5 b2b5 d5b5 a3a4 b5b4 f8g7 b4a4 g7g8 a4a2 g8h7 e3f2 h7h8 f2f1 h8g7 a5a4 g7g8 a2a1 g8h7
1277,B,material_adjudication_moderate,76,1.298258,6385,2026-09-05 03:48:05,h2h4 h7h5 a2a4 b7b6 a4a5 c8b7 a5b6 a7b6 b2b3 a8a1 c1b2 d7d5 d1c1 b8a6 f2f3 a6b4 d2d4 b6b5 b1a3 a1c1 b2c1 b4c2 a3c2 b5b4 c2b4 d8b8 c1a3 b7a6 a3c1 a6e2 b4c6 b8b3 e1e2 b3a2 c1d2 e7e5 d4e5 e8d7 c6d4 f8e7 e2e1 c7c6 d4c6 d7c6 d2a5 a2a5 e1e2 g7g6 g2g4 h8h6 g4g5 f7f5 g5h6 g8h6 e2f2 f5f4 f2e2 e7b4 h1h3 h6f5 e2d3 a5a3 d3c2 c6b7 f1e2 a3c3 c2b1 b4a5 e5e6 f5g3 h3h2 b7c6 e6e7 c6d7 b1a2 d7e7
1278,W,material_adjudication,80,1.264434,6390,2026-09-05 03:48:19,h2h4 h7h5 e2e4 b8a6 a2a4 c7c6 b2b4 d8b6 f1a6 f7f6 e4e5 f6e5 a6e2 g8h6 b4b5 b6d4 e2f3 c6c5 c1a3 e7e6 b1c3 a8b8 g1h3 d7d5 a4a5 a7a6 c3d5 a6b5 h3g5 c8d7 d5e3 b5b4 c2c3 b4c3 d2c3 d4c3 e1e2 e5e4 f3e4 c3a1 d1a1 h8g8 g5e6 f8d6 f2f3 d7e6 g2g3 e8d7 a1b2 d6e5 b2e5 h6g4 f3g4 h5g4 e4f3 g4f3 e2f3 g8h8 a3c5 d7d8 c5b6 d8d7 a5a6 h8f8 e5f4 f8f4 g3f4 b7a6 h1b1 a6a5 f3e4 b8b6 b1b6 d7c7 b6e6 a5a4 e6e5 a4a3 e4f3 a3a2
1279,B,material_adjudication,73,1.321258,6395,2026-09-05 03:48:20,h2h4 b7b6 b2b3 h7h5 c1b2 c7c6 g2g3 g7g6 c2c3 f8g7 f1g2 e8f8 e1f1 g8h6 g1h3 h8h7 d1c1 e7e5 c1e1 c8b7 h3g5 d8e8 b3b4 h7h8 g5f3 e8e7 b1a3 f8e8 h1g1 e7f6 g3g4 h5g4 d2d3 c6c5 f3d2 c5b4 g2b7 b4a3 b2a3 a7a6 b7a8 h6g8 f1g2 g6g5 e1c1 f6e6 c1b2 e6f5 f2f3 g5h4 a8b7 e5e4 f3g4 f5g6 a3d6 g6d6 c3c4 g7b2 a1b1 f7f5 b1b2 e4d3 e2d3 e8f7 g4f5 d6d3 b2b3 d3d2 g2h1 g8e7 g1d1 d2d1 h1g2
1280,W,material_adjudication,86,1.351453,6400,2026-09-05 03:48:34,h2h4 b7b6 b2b3 h7h5 c1b2 h8h6 b2c3 h6g6 d1c1 g8h6 c3f6 g6g3 c2c3 e7f6 f2g3 c7c6 c1c2 f8c5 g1h3 c5d4 h1g1 d4g1 c2h7 f6f5 h7g7 g1d4 h3g1 d4e3 g1h3 c8b7 b1a3 d8e7 a3c2 e7f8 g7f8 e8f8 d2e3 h6g4 a1d1 f8g8 b3b4 g8h8 c2d4 g4e3 d1b1 c6c5 b4c5 f7f6 c5b6 a7b6 b1b6 e3f1 b6b7 f1e3 b7b3 a8a2 b3b8 h8h7 d4f5 e3f5 b8b4 f5g3 h3f4 h7h6 e1d1 g3e4 b4e4 d7d6 f4d3 d6d5 e4e3 h6h7 d1c1 h7h8 g2g3 h8g8 e3f3 g8h8 c1b1 h8g8 b1a2 g8h8 a2a1 h8g8 g3g4 h5g4
1281,W,material_adjudication,66,1.303234,6405,2026-09-05 03:48:37,a2a3 b8c6 d2d3 h7h6 c2c4 a7a5 a1a2 c6d4 c1e3 h6h5 b2b3 g8h6 f2f3 a8a7 e3d4 a5a4 d1d2 e7e5 d4a7 b7b6 e2e4 f8c5 g2g4 d8e7 d2b2 h8f8 b3a4 e7h4 e1d2 h6g4 f3g4 h5g4 g1e2 c8b7 b1c3 h4d8 d3d4 c5d4 d2e1 f7f5 c3d5 d4b2 a2b2 f5e4 e2g3 d8a8 d5c7 e8d8 c7a8 b7a8 e1e2 g7g6 h1g1 f8f6 g1g2 d8e7 e2d1 a8b7 d1e2 g6g5 g2f2 f6e6 b2b3 e7e8 a4a5 b6a5
1282,W,material_adjudication,66,1.311349,6410,2026-09-05 03:48:38,e2e3 g7g5 g1h3 e7e6 g2g3 g8e7 h1g1 e6e5 b2b3 d7d6 b1a3 b8d7 d1h5 d6d5 c1b2 d5d4 e3d4 b7b6 f2f4 g5g4 d4e5 g4h3 a3c4 a8b8 a2a4 h7h6 f1h3 d7c5 g1f1 c8d7 e5e6 h8h7 e6d7 d8d7 h3e6 d7e6 h5e2 e6e2 e1e2 c7c6 g3g4 c5b3 c2b3 b8d8 e2d1 h7g7 b2g7 f8g7 c4e5 g7e5 f4e5 d8d4 d2d3 d4g4 d1e1 e8d7 f1f7 d7e6 h2h3 g4f4 f7f4 c6c5 a1c1 e7d5 f4g4 e6f5
1283,W,value_resign,54,1.301288,6415,2026-09-05 03:50:30,h2h4 h7h5 a2a3 a7a5 d2d4 a5a4 e2e4 g8h6 e1e2 h6f5 d4d5 f5g3 f2g3 h8h7 a1a2 d7d6 c1e3 g7g6 e3d2 c8f5 e4f5 c7c6 d2b4 g6f5 e2e3 d8c7 e3d2 f8g7 c2c3 b8d7 f1d3 c6d5 d2e1 g7e5 e1f1 h7h8 g3g4 h5g4 a2a1 d5d4 c3d4 h8h4 h1h4 e7e6 d4e5 f5f4 e5d6 f7f6 d6c7 d7b6 b1c3 a8c8 d3a6 f6f5
1284,B,material_adjudication,67,1.304377,6420,2026-09-05 03:51:34,b1a3 a7a5 b2b3 f7f6 f2f3 a8a6 b3b4 d7d5 h2h3 c7c5 c1b2 a6b6 f3f4 b6c6 g2g4 f6f5 a3c4 c6d6 b2c3 a5b4 a2a4 b4c3 c4d6 e7d6 g1f3 f5g4 d1c1 b8c6 h3g4 c6a5 d2c3 h7h5 g4h5 c5c4 f3d4 c8g4 c1e3 f8e7 f4f5 g4h5 h1h4 g8f6 h4h5 f6h5 e3e6 d8b8 e6d5 b7b6 a1b1 b8d8 f1h3 d8d7 h3g4 h5f6 d4c6 f6g4 f5f6 e7f6 e1d1 d7c6 d5c6 a5c6 b1a1 h8f8 a1b1 e8d7 b1a1
1285,W,value_resign,41,1.360208,6425,2026-09-05 03:57:52,a2a3 b8c6 d2d3 h7h6 c2c3 h8h7 f2f3 c6b8 c1f4 g7g6 f4h6 e7e6 h6d2 f8c5 h2h4 c5g1 h1g1 e8f8 f3f4 f7f6 d1c2 b8a6 g2g3 b7b6 a1a2 d8e7 c2a4 d7d5 f1g2 f8g7 a4d4 e6e5 f4e5 f6e5 d4d5 c8e6 d5a8 h7h6 g2h3 g8f6 g3g4
1286,B,material_adjudication,66,1.260942,6430,2026-09-05 03:58:23,e2e3 a7a5 f2f4 a8a6 g2g3 a5a4 f1b5 h7h5 f4f5 a6d6 d1f3 d6h6 f3d5 c7c6 d5e4 d7d5 e4d5 c8d7 d5e5 b8a6 c2c3 a6c7 b5a4 h5h4 b2b3 h4g3 h2g3 h6h1 c1b2 h1g1 e1f2 b7b5 f2g1 b5a4 b1a3 a4b3 a2b3 c6c5 d2d4 c5d4 c3d4 f7f6 e5f4 c7d5 e3e4 d5f4 g3f4 d7c6 a3b5 g8h6 g1f1 c6b5 f1e1 g7g6 d4d5 f8g7 d5d6 d8b8 e4e5 e8f8 d6d7 h8g8 f5g6 f6f5 a1c1 b8d8
1287,B,material_adjudication,81,1.335712,6435,2026-09-05 03:59:24,a2a4 e7e6 a4a5 e8e7 c2c3 d7d5 d1c2 d5d4 c3d4 e6e5 c2c5 e7f6 e1d1 f8c5 d4c5 g7g5 f2f3 h7h6 d1e1 f6e7 h2h4 g8f6 e1f2 d8f8 h4g5 f6h7 d2d3 h7g5 c1g5 e7d7 f3f4 f7f6 a5a6 h6g5 a6b7 c8b7 h1h8 f8h8 g1f3 b7d5 a1a4 d7d8 f4g5 f6g5 b1d2 b8c6 f2e1 a8c8 f3g5 h8g7 g5h3 d8e8 a4a2 e8f8 a2a4 c8d8 h3f2 d5e6 a4h4 f8e8 g2g4 c6d4 d2e4 a7a5 h4h5 a5a4 c5c6 d4c6 b2b3 e8d7 b3a4 c6d4 h5e5 c7c5 e4g5 g7e5 g5f7 e5f6 g4g5 f6g7 g5g6
1288,W,material_adjudication,78,1.348677,6440,2026-09-05 04:00:23,b1a3 f7f6 h2h4 g8h6 d2d3 a7a5 a1b1 g7g5 b2b3 h6g4 h1h3 b7b6 f2f4 h8g8 f4g5 b8c6 e2e4 f6g5 e4e5 c6e5 f1e2 e5c4 a3b5 g4e3 c1e3 g5g4 e2g4 c4e3 g4h5 g8g6 h3e3 c8a6 a2a4 a6b5 a4b5 a5a4 b3a4 e7e6 a4a5 a8a5 e3f3 f8c5 h5g6 h7g6 d3d4 c5d6 c2c3 d6e7 d1c2 d7d6 e1f1 e8d7 f3f2 d8e8 h4h5 g6h5 f2f3 e8a8 c2d1 a8d5 f3d3 h5h4 f1e2 d5g2 e2e1 g2g3 d3g3 h4g3 e1d2 d7e8 d1e2 a5b5 b1b5 d6d5 g1f3 e8f8 c3c4 d5c4
1289,D,rule_draw,118,1.267040,6445,2026-09-05 04:01:21,g1h3 b7b6 a2a4 b8c6 g2g4 h7h5 g4h5 f7f5 d2d3 a8b8 f1g2 c8b7 c2c3 h8h5 a4a5 g8h6 c1g5 e8f7 g5f6 f7f6 a1a2 c6a5 a2a5 c7c6 f2f3 f6g6 a5a7 b6b5 h1g1 h5h4 a7b7 b8b7 d3d4 b7b6 e1d2 g6f7 d2c2 d7d5 h3f2 f5f4 f2d3 h6g8 d3e5 f7e8 d1e1 d8d6 e1h4 g8f6 g1d1 g7g5 h4f2 d6e5 d4e5 g5g4 e5f6 e7f6 d1d5 c6d5 f3g4 f8c5 g2d5 c5f2 b2b4 b6d6 c3c4 b5c4 d5c4 d6d8 b4b5 f2c5 c2c3 d8c8 b1d2 c5e3 d2f3 e3a7 f3d4 c8b8 c4d5 b8d8 d4e6 d8d5 c3c4 d5d6 e6f4 f6f5 g4f5 d6f6 f4e6 f6f5 h2h4 f5f7 h4h5 e8e7 e6c5 a7b6 h5h6 b6c5 c4c5 f7h7 b5b6 h7h6 b6b7 h6h8 c5b4 h8b8 b4c5 e7f6 c5b6 f6g5 b6a7 b8b7 a7b7 g5f4 b7c6 f4e3 c6b7 e3e2
1290,W,value_resign,43,1.321077,6450,2026-09-05 04:01:50,b1a3 a7a5 f2f3 b7b5 e2e4 h7h5 g1e2 b5b4 c2c3 b8c6 a3c2 d7d6 h1g1 b4c3 b2c3 g7g5 g2g3 a8a6 a2a3 f8g7 a1b1 c8b7 b1b7 c6e5 c2d4 e7e6 f1g2 h8h6 d4c2 f7f5 f3f4 g5g4 f4e5 a6c6 e5d6 d8d6 c3c4 e6e5 d2d3 h5h4 c1e3 h4h3 g2h1
1291,B,material_adjudication,66,1.363753,6455,2026-09-05 04:02:05,b1a3 a7a5 f2f3 a5a4 b2b4 c7c6 b4b5 d7d6 h2h3 c8g4 e1f2 a8a5 e2e4 c6b5 h3g4 h7h5 d2d3 h5h4 f2e3 d6d5 e4d5 d8d5 c1b2 b5b4 d1c1 b4a3 b2a3 f7f6 c2c4 d5d7 f3f4 d7g4 f4f5 g4f5 c1b2 f5c8 b2b4 b7b6 b4b6 a5a8 b6b2 a8a7 g1h3 c8e6 e3d2 h8h6 h3f4 e6f5 f1e2 f5f4 d2c2 f4g3 a1b1 g3g2 b1g1 g2e2 c2c3 e2f3 g1f1 f3c6 f1f5 a7b7 b2b4 e7e5 f5f3 b7b4
1292,W,material_adjudication,66,1.321924,6460,2026-09-05 04:02:06,h2h4 b7b6 g2g4 f7f6 h1h2 d7d5 f2f4 e8d7 c2c3 g7g6 f4f5 b8a6 d1b3 d7e8 f5g6 f8h6 g6g7 d5d4 b3c4 c7c5 f1g2 d4d3 e1f1 h6g7 g1f3 a6b8 c4b5 b8d7 f3d4 c5d4 g2a8 d4c3 b2c3 c8a6 b5a6 d7c5 a6b5 d8d7 b5d7 e8d7 c1b2 d3e2 f1e2 e7e5 d2d4 e5d4 c3d4 c5a4 b1d2 a4b2 h2g2 b2c4 d2c4 a7a5 e2d1 g8h6 a1b1 h6g4 g2g4 f6f5 g4g7 d7e8 a2a3 h8g8 g7g8 e8e7
1293,W,material_adjudication,66,1.385121,6465,2026-09-05 04:02:47,a2a3 e7e6 a3a4 f8b4 h2h4 f7f6 a4a5 g7g6 h1h2 e8e7 c2c3 b7b6 g2g3 b8a6 f1h3 e6e5 c3b4 d8f8 h4h5 g6h5 d2d3 f8f7 b2b3 e5e4 c1g5 f7e6 h3e6 e4d3 e6g8 d3e2 b1d2 e2d1q a1d1 f6g5 g8h7 h8h7 e1e2 a6b4 g1f3 b6a5 f3g5 c8b7 g5h7 b4d5 h7g5 h5h4 d2e4 h4g3 f2g3 e7e8 d1d4 d7d6 g5e6 c7c5 d4d1 d5c7 e6c7 e8d8 c7a8 d8e8 e2f1 d6d5 e4f6 e8e7 h2g2 d5d4
1294,W,material_adjudication,68,1.360920,6470,2026-09-05 04:03:58,a2a3 b8c6 d2d3 h7h6 c2c3 c6b8 f2f3 h6h5 c1d2 b7b6 h2h3 a7a5 f3f4 a8a7 f4f5 d7d6 d2c1 c8f5 c1d2 f5d3 e2d3 g7g5 f1e2 f8g7 b2b3 a5a4 a1a2 a7a5 a2c2 h5h4 b3a4 f7f6 g1f3 b8d7 c2a2 a5a4 d1a4 c7c5 a4d1 g5g4 h3g4 d8b8 a3a4 e7e6 f3h4 h8h4 h1h4 f6f5 g4g5 g7c3 d2c3 g8e7 e2f3 b8b7 b1d2 b7d5 f3d5 e7d5 h4h5 d5c3 a2a1 c3d1 e1d1 e8f8 a4a5 b6a5 d1e1 a5a4
1295,B,material_adjudication,66,1.354082,6475,2026-09-05 04:03:59,e2e3 a7a5 f1b5 h7h5 f2f3 a5a4 g2g3 b8a6 d2d4 a6b4 h2h3 b4d5 e3e4 b7b6 e4d5 g8f6 g1e2 f6g8 e1f1 c7c6 b5a4 d8c7 e2g1 c6d5 f3f4 c8a6 f1e1 b6b5 c1e3 b5a4 a2a3 g8h6 b1d2 a6b5 f4f5 h6f5 d1e2 b5e2 g1e2 f5e3 g3g4 h8h7 g4g5 d7d6 a1b1 c7b7 b1d1 b7c7 h3h4 c7a7 b2b4 e3g2 e1f1 a8c8 e2g3 a7d7 b4b5 c8d8 f1g2 d7b5 d1b1 b5a5 b1a1 g7g6 a1b1 e8d7
1296,W,material_adjudication_moderate,102,1.326979,6480,2026-09-05 04:05:48,h2h4 b7b6 b2b3 h7h5 c1b2 c7c6 g2g4 h8h6 c2c4 h5g4 f2f4 a7a6 d1c2 a6a5 c2c1 f7f5 e1d1 e8f7 f1g2 g7g6 c4c5 f8g7 a2a3 g7b2 c1b2 c8b7 c5b6 d8c8 e2e4 d7d6 d1e2 g8f6 b1c3 g4g3 e4e5 f6d7 e5d6 a5a4 g1f3 a4b3 b2b3 f7f6 a3a4 d7b6 a4a5 e7d6 a5b6 a8a1 h1a1 b8d7 e2d1 h6h7 f3g1 g6g5 h4g5 f6e7 g2f3 e7e8 g5g6 h7h8 g6g7 h8g8 b3g8 e8e7 c3d5 c6d5 g8h7 e7e8 h7h8 e8f7 g7g8q c8g8 h8g8 f7g8 f3e2 d5d4 d1e1 b7d5 e1d1 d7b6 a1a7 g8f8 d1e1 g3g2 e2f3 d5f3 g1f3 g2g1q f3g1 b6c8 a7a8 f8e7 g1f3 e7e8 f3h4 d6d5 h4f5 d4d3 e1f1 e8f7 f1g2 f7f6
1297,B,material_adjudication,67,1.306563,6485,2026-09-05 04:06:16,e2e3 g7g6 f2f4 b8a6 h2h3 g8h6 e1e2 b7b6 h3h4 h6f5 a2a4 f5h4 h1h4 e7e6 h4h2 f7f6 f4f5 f8e7 a4a5 e6e5 f5g6 h7g6 d1e1 d7d5 h2h8 e7f8 g2g4 d8e7 c2c4 d5d4 a5b6 a7b6 e2d3 c8d7 f1h3 f6f5 e3e4 c7c6 d3c2 f5g4 h3g4 a6b4 c2d1 a8a1 g4d7 e8d7 c4c5 e7c5 h8g8 a1b1 e1f2 b1c1 d1e2 c5d6 g8f8 g6g5 f8f7 d7e8 f2f1 c1f1 e2f1 e8f7 g1e2 g5g4 f1e1 d6e6 b2b3
1298,B,checkmate,34,1.372009,6490,2026-09-05 04:07:23,d2d4 d7d6 g2g4 g8f6 a2a4 a7a5 e2e4 c8d7 c2c3 g7g5 a1a3 f6e4 c3c4 e4f2 e1f2 a8a6 f2e2 c7c6 a3d3 d6d5 e2f2 d8c8 f2e2 c8c7 e2f3 f7f5 b2b3 d5c4 f3g2 c4d3 h2h4 g5h4 g2f3 c7g3
1299,B,material_adjudication,83,1.383209,6495,2026-09-05 04:07:38,b1a3 e7e6 b2b4 f7f6 f2f3 c7c5 b4b5 h7h6 h2h3 g7g5 c2c4 d7d5 c4d5 b8a6 e1f2 b7b6 d1c2 a8b8 g2g3 a6b4 c2d1 d8d5 f3f4 d5h1 f1g2 h1g2 f2g2 f8g7 g2h2 g8e7 f4g5 f6g5 e2e3 g7a1 c1b2 a1b2 d1e2 a7a6 b5a6 c8a6 g1f3 b6b5 a3b5 b4c2 b5a3 b8d8 a3c2 b2f6 e3e4 g5g4 e4e5 a6e2 h3g4 e8f8 e5f6 e7d5 g4g5 c5c4 g5h6 h8g8 f3d4 g8h8 d4e6 f8e8 e6d8 e8d8 c2d4 c4c3 d4e2 c3d2 a2a4 d8c8 e2f4 d5f4 g3f4 c8d8 a4a5 d2d1q a5a6 d1b3 a6a7 b3c2 h2h1
1300,W,material_adjudication_moderate,85,1.282990,6500,2026-09-05 04:08:17,e2e3 a7a5 a2a4 a8a7 b2b3 f7f6 d2d3 c7c5 e3e4 c5c4 g2g4 g7g5 d1e2 g8h6 e1d1 e7e5 b1d2 f8g7 g1f3 e8g8 f3d4 e5d4 d3c4 d7d6 f2f3 g8h8 a1b1 d8d7 h1g1 d4d3 c2d3 f6f5 e4f5 h6g8 c1b2 h7h5 g1g2 g7b2 b1b2 h5h4 e2e4 h4h3 g2e2 d6d5 c4d5 a7a6 d3d4 a6b6 f1h3 f8d8 e2g2 g8f6 e4e2 f6d5 d2c4 d5f4 c4b6 f4e2 b6d7 e2f4 d7f6 f4g2 h3g2 d8d4 d1e2 d4d5 f6d5 c8e6 f5f6 e6d5 b2d2 d5b3 d2d4 b3a4 d4a4 h8g8 e2f2 b7b5 a4a1 b8a6 g2h3 a6b4 f2g2 g8f7 a1d1
1301,B,material_adjudication_moderate,89,1.332930,6505,2026-09-05 04:09:21,b1a3 f7f6 f2f3 b7b5 a3c4 d7d5 f3f4 e8d7 h2h3 c7c6 g1f3 g7g6 g2g3 h7h5 f1g2 d5c4 d2d3 g6g5 f3d2 a7a5 f4g5 f6g5 h1f1 b8a6 d3d4 c4c3 d4d5 a8b8 d2e4 f8g7 e4c3 g5g4 d5c6 d7c7 c3b1 g4h3 g2h3 c8h3 f1h1 h3d7 c6d7 a6c5 c2c3 g8f6 c1d2 c5e4 g3g4 h5g4 h1h8 g7h8 d1c2 h8g7 b2b4 e4d2 b1d2 e7e5 b4a5 d8d7 e2e4 g7h6 e1e2 h6d2 c2d2 f6e4 d2d7 c7d7 a1d1 e4d6 a5a6 b5b4 e2e1 d7e6 d1d6 e6d6 a6a7 b8a8 c3b4 d6c7 a2a4 c7c8 b4b5 a8a7 b5b6 a7b7 a4a5 c8b8 a5a6 b7b6 a6a7
1302,B,value_resign,40,1.332909,6510,2026-09-05 04:13:21,a2a3 g8f6 e2e3 c7c6 b2b4 e7e5 d2d3 f8b4 c2c3 b4e7 h2h3 d7d6 a3a4 c8d7 f2f3 g7g5 g2g4 b7b6 b1d2 e5e4 c3c4 e4f3 a1b1 b6b5 c4b5 c6c5 d1c2 f6d5 d2c4 h7h6 e3e4 d5b4 c4d6 e7d6 e4e5 b4c2 e1d1 b8c6 b5c6 d8e7
1303,W,material_adjudication,68,1.247788,6515,2026-09-05 04:14:03,a2a3 e7e6 e2e4 e6e5 d2d4 g8f6 g2g4 g7g5 c1g5 e5d4 g5f6 d8f6 b1d2 f6d8 a3a4 b8a6 f1h3 a6c5 g1f3 a7a5 e4e5 f7f6 e5e6 a8a6 e1f1 a6d6 d1e2 d7e6 d2c4 c8d7 c4d6 f8d6 f3d4 d6e7 b2b3 c5a4 b3a4 d7a4 a1a4 b7b5 a4a5 h7h5 g4g5 d8d4 h3e6 d4a4 a5a4 e8f8 e2e4 c7c6 c2c4 b5a4 g5f6 e7f6 f2f4 c6c5 f1e2 a4a3 e6f5 a3a2 f5e6 a2a1q h1a1 f6d4 a1b1 h5h4 e6d7 h8h6
1304,B,material_adjudication,66,1.336687,6520,2026-09-05 04:14:04,e2e3 g7g6 h2h3 g8h6 f1e2 h6g4 c2c4 g4f2 e1f2 f7f5 d1c2 h8g8 g2g3 f8g7 g1f3 d7d6 c4c5 d8d7 d2d4 b7b6 c2c3 b6c5 d4d5 g7c3 b1c3 g6g5 f3g1 g5g4 a2a4 b8a6 e2a6 c8a6 h1h2 c7c6 a1a3 c6d5 c3d5 h7h6 d5b6 a7b6 h3h4 h6h5 a4a5 b6a5 f2g2 e8d8 a3a5 a6b7 e3e4 a8a5 b2b4 a5a6 b4b5 a6a5 c1a3 c5c4 b5b6 b7c6 g1e2 c6a4 e2c3 a4b3 e4e5 g8g7 e5e6 d7c6
1305,B,value_resign,54,1.317217,6525,2026-09-05 04:15:28,b1a3 a7a5 f2f3 b7b5 e2e3 b5b4 b2b3 a8a7 c2c4 b4c3 d2d3 a7a6 c1d2 c7c5 d2c3 h7h5 c3b2 g7g5 a3c4 h8h6 a2a3 d7d5 h2h3 a5a4 c4e5 h6c6 g2g3 c6e6 d1c2 c8d7 b3a4 d5d4 e5d7 e6e3 f1e2 d8d7 c2c5 e7e5 c5d5 d7d5 b2c3 d4c3 a1b1 d5d4 e1f1 e8e7 f3f4 g5g4 h3g4 h5g4 h1h4 b8c6 h4h5 f7f6
1306,W,value_resign,61,1.314192,6530,2026-09-05 04:15:43,a2a3 a7a6 e2e3 a6a5 e1e2 b8c6 g2g3 e7e6 d2d4 g8h6 d4d5 g7g6 b1c3 b7b6 d5c6 d7c6 c3d5 e6d5 b2b3 f8g7 h2h3 a8b8 c1b2 f7f5 b2g7 d8d6 g7h8 d6d8 h8e5 h6f7 c2c3 f7e5 d1d2 e5d7 a1d1 d8f6 f1g2 f6e7 a3a4 d7c5 f2f4 c8d7 g1f3 e7d6 f3e5 c5b3 d2d3 b3c5 d3c2 c5a4 c2a4 d5d4 a4c2 d6e5 f4e5 d4d3 c2d3 e8d8 g2f3 d8e8 h1g1
1307,B,checkmate,12,1.360995,6535,2026-09-05 04:16:52,f2f4 h7h5 g1f3 f7f5 f3e5 h8h6 c2c4 c7c6 g2g4 e7e6 g4f5 d8h4
1308,B,material_adjudication_moderate,76,1.304141,6540,2026-09-05 04:18:17,b2b3 e7e6 f2f3 f7f5 b1a3 e6e5 d2d4 d7d6 g1h3 e8d7 g2g4 g8f6 a3b5 f6d5 a1b1 f5g4 a2a4 g4h3 f1h3 d7c6 h3g2 d5c3 b5c3 c8h3 g2h3 e5d4 h3g2 d4c3 c1d2 c3d2 e1d2 g7g6 g2f1 f8e7 d1e1 b8d7 e1f2 a7a5 h1g1 a8b8 g1g4 d7f6 d2d3 f6g4 f3g4 d8d7 f1g2 d6d5 b3b4 a5b4 e2e4 e7c5 e4d5 c6d6 f2g1 d7e8 d3d2 e8a4 g1c1 d6e7 b1a1 a4b5 c2c4 b4c3 d2c3 h8d8 c1b2 c7c6 b2b5 c6b5 a1c1 d8e8 g2f3 e7d8 c3b2 c5d4
1309,W,value_resign,53,1.342363,6545,2026-09-05 04:18:18,a2a3 g8f6 e2e3 c7c6 b2b4 e7e5 d2d3 b8a6 f2f3 a6b4 c2c3 f6d5 a3b4 g7g5 a1a5 d5c7 a5e5 d8e7 g2g3 e7e5 h2h3 c6c5 b4c5 c7d5 f1e2 f8c5 c3c4 c5d6 f3f4 e5f5 c4d5 d6f8 e3e4 f5g6 f4f5 g6h6 b1c3 g5g4 c1h6 d7d6 h6g5 c8f5 e4e5 h7h6 e5e6 h6g5 d3d4 h8g8 h3g4 f5g4 e2g4 f7f5 g4f5
1310,B,material_adjudication,73,1.328956,6550,2026-09-05 04:21:11,g1h3 g8f6 e2e3 f6d5 f1e2 c7c5 b2b4 e7e5 h3g1 b8c6 a2a4 c5b4 c2c3 d5e7 g2g4 h8g8 h2h4 b4b3 a1a3 g7g5 a3b3 b7b6 c1b2 c8b7 f2f4 a8c8 f4g5 f8g7 a4a5 c8b8 a5b6 a7b6 c3c4 f7f5 g4f5 d8c8 f5f6 g7f6 g5f6 e7f5 h4h5 f5d6 b2c3 c6a5 c3a5 b7h1 a5c3 h1b7 b3b6 g8g1 e1f2 g1d1 e2d1 c8c4 b1a3 c4d3 d1e2 d3e4 d2d4 b8a8 b6d6 a8a3 d4d5 a3a2 c3d4 e5d4 e3d4 b7d5 f6f7 e8f7 f2e1 e4c2 e2d3
1311,W,value_resign,59,1.165342,6555,2026-09-05 04:23:10,a2a3 g8f6 e2e3 c7c6 b2b4 d8c7 e1e2 g7g6 e2e1 d7d5 f1e2 b7b5 g2g4 c8a6 d2d4 a6c8 h2h4 c8d7 f2f4 c7c8 g4g5 f6h5 g1f3 c8c7 b1c3 b8a6 c1d2 h5g3 c3d5 c6d5 c2c3 g3h1 e1f1 h7h5 f1g2 c7b7 d1h1 a6c7 a3a4 b5a4 f4f5 g6f5 h1f1 h8g8 f3e5 c7b5 e5d7 b7d7 e2b5 g8g5 h4g5 d7b5 f1b5 e8d8 b5a4 a8c8 g2h2 a7a5 b4a5
1312,B,value_resign,46,1.372569,6560,2026-09-05 04:24:26,h2h4 h7h5 a2a3 b7b6 d2d4 d7d6 c1g5 g8f6 a1a2 c8h3 a3a4 h3d7 d4d5 f6g8 b2b4 b8a6 d1d4 a8b8 e1d2 a6b4 b1c3 b4a2 f2f4 f7f5 d4c5 h8h6 c3d1 a7a6 g5h6 g8h6 c5c6 a6a5 c6d7 d8d7 g1h3 c7c5 h1h2 h6g4 c2c3 g4h2 c3c4 d7d8 h3f2 b8b7 f2d3 g7g6
1313,W,material_adjudication,72,1.381495,6565,2026-09-05 04:24:42,a2a3 g8f6 e2e3 c7c6 d2d3 d8c7 e1e2 h7h5 h2h4 b8a6 f2f4 f6g8 c2c3 f7f6 c1d2 f6f5 b2b4 a8b8 e3e4 b7b5 e4e5 a6b4 a3b4 d7d5 e5d6 e7d6 e2f3 b8a8 f3g3 d6d5 g1h3 g8f6 f1e2 e8f7 h1f1 g7g6 g3h2 f8h6 h2h1 a8b8 b1a3 h8h7 h3g5 f7g7 a3b5 b8b5 d2e3 h7h8 a1a7 c7a7 e3a7 h6g5 h4g5 f6h7 d1d2 g7g8 d2c1 g8f7 d3d4 f7e7 c1d2 e7f7 c3c4 b5b4 c4c5 b4d4 d2d4 c8e6 f1d1 h8d8 d1d3 d8d7
1314,W,checkmate,97,1.401325,6570,2026-09-05 04:25:11,e2e4 b8c6 g2g4 g8h6 h2h4 a7a5 f2f3 d7d5 d2d4 g7g6 f1g2 c6b4 c2c3 b4d3 e1e2 b7b6 d1f1 a5a4 b2b3 h8g8 c1h6 f8h6 b3a4 h6e3 e4d5 e3g1 e2d3 a8a4 d3e2 c7c6 h1g1 c6d5 b1d2 f7f6 f1c1 c8a6 e2f2 d8b8 c1c2 b6b5 g1b1 h7h6 f3f4 g6g5 g2d5 g5h4 d2f3 g8g4 d5f7 e8f7 f4f5 h4h3 f2f1 g4g8 f1f2 h3h2 f3h2 b8d8 h2f3 d8d5 f3e1 h6h5 b1b3 h5h4 e1f3 h4h3 f3e1 a4c4 a1b1 a6c8 b3b5 c8f5 b5d5 f5c2 e1c2 e7e6 d5a5 c4c3 d4d5 c3c2 f2e3 e6d5 b1h1 f7f8 h1h3 f6f5 e3d3 c2c6 a5a7 g8g4 a2a4 f8e8 a4a5 d5d4 h3h8 g4g8 h8g8
1315,B,material_adjudication_moderate,101,1.348196,6575,2026-09-05 04:26:10,e2e3 g7g5 g1h3 e7e6 h3g5 f7f6 h1g1 b7b6 g2g3 h7h5 g5f7 e8f7 f2f4 f8c5 f4f5 e6f5 f1c4 f7f8 b1c3 b8c6 e1e2 c6e5 d2d4 c5d4 e3d4 e5c4 a1b1 a7a5 a2a4 d8e7 e2d3 c4b2 c1b2 c8b7 d3d2 e7g7 c3b5 f8e8 b5c7 e8d8 c7a8 b7a8 c2c3 g7g5 d2e1 g8e7 d1d3 a8e4 d3d2 g5d2 e1d2 e4b1 d2e2 e7g6 g1b1 h5h4 g3h4 g6h4 d4d5 d8e8 e2d2 f5f4 b1c1 d7d6 d2e1 f6f5 c3c4 h8h7 c4c5 b6c5 b2c3 h7d7 c3a5 f4f3 h2h3 h4g2 e1f1 d7b7 h3h4 g2h4 f1e1 e8d7 c1d1 b7a7 a5c3 a7a4 d1c1 a4e4 e1d2 f5f4 d2d3 e4e3 d3d2 e3e4 d2d3 e4e8 c1h1 h4g2 c3d2 f3f2 d3c4
1316,W,value_resign,39,1.414089,6580,2026-09-05 04:27:51,h2h3 h7h5 b2b3 g7g5 h3h4 c7c5 e2e4 d7d6 d2d3 b8d7 c1g5 a8b8 a2a3 g8f6 a3a4 e7e6 e4e5 f8h6 e1d2 e8g8 d2e1 d8e7 e5f6 h6g5 f6e7 g5h4 d1d2 g8g7 h1h2 h4f6 e1d1 a7a5 d2e1 g7g6 e7f8q d7f8 b1c3 d6d5 a1a2
1317,B,value_resign,62,1.331692,6585,2026-09-05 04:30:54,a2a3 c7c6 h2h4 d7d5 h4h5 f7f6 h5h6 d8c7 d2d3 a7a5 e2e3 c6c5 a1a2 c7g3 f2g3 c8g4 c2c3 g4d1 f1e2 d1e2 e3e4 d5e4 c1e3 g7g5 g1e2 e4d3 a3a4 d3e2 e3d2 c5c4 a2a1 e7e5 e1e2 g8e7 h1d1 b8c6 g3g4 f8h6 b1a3 a8d8 a3c4 e8g8 c4e3 c6b8 a1c1 e7g6 e3c2 e5e4 d2e3 b8d7 e3f4 g5f4 d1d7 d8d7 g2g3 f4g3 g4g5 h6g5 c3c4 g5h6 c1b1 f6f5
1318,W,checkmate,13,1.314157,6590,2026-09-05 04:31:10,e2e3 g7g6 f1e2 g6g5 b2b3 a7a5 g2g3 a5a4 h2h4 b7b6 b1c3 f7f6 e2h5
1319,B,checkmate,32,1.372585,6595,2026-09-05 04:32:30,h2h4 b7b6 b2b3 h7h5 c2c3 c8a6 g2g3 e7e6 g3g4 e6e5 g4h5 d7d6 g1h3 a6b7 h3f4 b7h1 b1a3 b8c6 f4d3 a7a6 d1c2 h1g2 a1b1 g2e4 f1g2 e4g2 c2b2 d8f6 f2f4 c6e7 f4e5 f6f1
1320,B,value_resign,32,1.394321,6600,2026-09-05 04:33:18,b1a3 h7h5 g2g4 f7f6 b2b3 e7e5 a3c4 a7a5 d2d4 e8e7 e2e4 h5g4 d1d2 e7e8 f1e2 b7b5 c2c3 g4g3 c4e5 g3g2 g1f3 g2h1q f3g1 d7d6 e2h5 g7g6 e5c6 b8c6 b3b4 e8d7 d4d5 f6f5
1321,B,material_adjudication,113,1.342913,6605,2026-09-05 04:33:53,a2a3 g8f6 a3a4 b8a6 f2f3 c7c5 a1a3 d8c7 c2c3 a6b8 e2e3 g7g6 f1a6 d7d5 a6e2 c5c4 g2g4 e8d8 b2b3 f8h6 f3f4 f6g4 g1f3 b7b6 c1b2 e7e6 a3a1 h8f8 b3b4 b8a6 h2h3 f7f5 h3g4 f5g4 f3g5 c7d6 b4b5 f8g8 g5f7 d8e8 f7h6 g8g7 d2d3 d6e7 b5a6 c4d3 e2d3 a8b8 b1d2 c8d7 c3c4 d5c4 d2e4 c4d3 b2c3 e6e5 f4e5 g6g5 h1f1 g7g6 e5e6 g6h6 f1g1 e7e6 g1g4 e6g4 d1g4 d7g4 a1b1 b8d8 e4g5 d3d2 c3d2 g4d7 e3e4 h6h1 e1e2 h7h6 g5e6 d7e6 b1h1 e6d7 e4e5 d8c8 h1b1 c8c4 e2e1 h6h5 e5e6 d7e6 a4a5 e6d7 a5b6 a7b6 a6a7 d7c6 b1b6 c6a8 b6b4 c4b4 d2b4 h5h4 b4d2 h4h3 d2e3 h3h2 e3b6 h2h1q e1f2 h1b7 f2e3 b7b6 e3d3
1322,W,material_adjudication_moderate,112,1.376677,6610,2026-09-05 04:35:10,e2e4 b8a6 e1e2 c7c6 d2d4 a6c7 d4d5 g7g6 g1f3 g8h6 c1h6 f8h6 d1d4 h6f8 h2h4 d7d6 c2c3 a7a5 d4h8 c6d5 h8f8 e8f8 g2g4 c8g4 f1h3 g4h3 a2a4 c7a6 h1h3 a6b8 f3d4 d5e4 b2b4 a5b4 c3b4 d6d5 b1a3 f7f6 d4e6 f8e8 e6d8 e8d8 a4a5 d5d4 a3b5 d4d3 e2f1 d8d7 b5d4 e7e5 d4b5 d3d2 h3c3 d2d1q a1d1 d7e6 h4h5 g6h5 f2f4 e4f3 b5d6 a8a6 d6b7 e5e4 d1c1 a6b6 c3c4 b6b7 c4c3 e6d7 a5a6 b8a6 c1d1 d7e7 c3b3 b7b6 b4b5 a6c5 b3b1 e7f7 d1d4 c5d7 d4d7 f7e6 d7h7 f6f5 b1b3 f5f4 h7h5 e4e3 b3b1 e3e2 f1e1 e6d7 b1b3 b6b5 b3b5 d7d8 h5h4 d8c8 e1f2 c8c7 b5b2 c7d7 b2a2 d7e8 a2c2 e8d7 c2a2 d7e8 f2e1 e8e7
1323,W,material_adjudication_moderate,113,1.428810,6615,2026-09-05 04:36:11,a2a3 g8f6 e2e3 c7c6 b2b4 d8c7 f2f4 e7e5 d2d3 e5f4 b1d2 a7a5 f1e2 f8b4 a3a4 a8a7 e3f4 g7g6 f4f5 g6f5 c2c3 b4f8 g2g4 f8c5 c3c4 a7a8 d1c2 c5g1 g4g5 d7d6 h1g1 c8d7 c4c5 f6g8 c5d6 c7b6 g1f1 b8a6 d2f3 a6b4 c2d2 f5f4 d3d4 h7h5 f3h4 b4a6 g5g6 f7g6 a1b1 a6b4 c1a3 g6g5 h4g6 h8h7 a3b4 a5b4 a4a5 a8a5 h2h3 g5g4 e2c4 g4h3 c4g8 h7h6 g6f4 h6h8 f4d3 h8g8 b1b4 a5a1 e1e2 a1f1 b4b6 c6c5 e2f1 d7c6 f1e2 c6b5 b6c6 c5d4 c6c7 b5c6 d2a2 c6d7 a2b1 h5h4 b1f1 h3h2 d3f4 h2h1q f1h1 g8g6 f4g6 d7e6 e2f1 e8d8 c7c6 b7c6 f1e1 d8d7 e1f1 d7d6 f1e1 c6c5 e1f1 h4h3 f1e1 d6c7 e1f1 c7d6 h1g1 h3h2 g1h1
1324,B,material_adjudication_moderate,147,1.406832,6620,2026-09-05 04:37:42,e2e3 a7a5 d1h5 a5a4 h5f5 e7e6 e1e2 e6f5 g1h3 d7d5 b2b3 f5f4 c1b2 g8f6 g2g4 f8e7 e3f4 b8d7 e2e3 f6g8 e3e2 f7f6 h3g5 b7b5 b1c3 e7b4 g5e6 b4e7 e6d8 a8b8 d8e6 c7c5 b3a4 b5a4 d2d3 b8b2 a1b1 b2b1 c3b1 c5c4 b1a3 h7h6 a3b5 d7c5 b5c7 e8f7 e6c5 e7c5 h2h3 c5f8 c7d5 c4d3 e2d3 c8d7 c2c4 h6h5 g4h5 h8h5 d3e2 h5h4 h1g1 f7e8 d5b6 f8e7 b6d7 e8d7 g1g7 g8h6 g7h7 h6f5 h7h4 f5h4 f2f3 d7c6 f4f5 h4f5 e2e1 f5d4 h3h4 d4f3 e1e2 f3g1 e2f2 e7c5 f2e1 c5b4 e1f2 b4c5 f2e1 g1f3 e1e2 f3h4 f1h3 f6f5 h3f5 c5d6 f5c2 d6c5 e2e1 c6d6 c2a4 c5b4 e1d1 d6c7 d1c2 c7c8 a4b3 c8d7 a2a3 b4a3 b3a2 a3b4 c2b3 b4c5 b3c2 d7c6 a2b3 c6d6 b3a2 c5f2 a2b3 d6c5 c2b1 c5b6 b3c2 b6c5 c2b3 c5b4 b3a2 b4a3 c4c5 f2c5 a2c4 c5b4 b1c2 h4g6 c2d3 b4d6 d3e4 d6e7 c4d5 e7d6 d5c4 d6e7 c4d5 e7d6 d5c4
1325,W,material_adjudication,68,1.292994,6625,2026-09-05 04:38:26,h2h4 b7b6 b2b3 h7h5 c1b2 c7c6 g2g4 g7g6 d2d3 f8h6 e2e4 b8a6 f1e2 d7d5 a2a4 e8f8 b2d4 h5g4 d4h8 g6g5 d3d4 d5e4 c2c3 g5h4 a4a5 b6b5 e2g4 c8g4 h1h4 d8c7 d1g4 g8f6 h8f6 h6g7 g4g7 f8e8 e1e2 e7f6 e2d2 b5b4 c3b4 f6f5 b1a3 a6b4 h4h3 b4d5 g7h7 f7f6 h7c7 d5c7 d2e2 c7d5 a3c4 a8b8 f2f3 e8e7 h3h4 d5c3 e2e3 e7f7 g1e2 f7e8 e2c3 e4f3 c3a2 a7a6 a1f1 b8a8
1326,W,material_adjudication,94,1.370595,6630,2026-09-05 04:38:56,a2a3 c7c5 b1c3 f7f5 a3a4 h7h6 b2b4 c5c4 e2e4 f5e4 b4b5 g7g6 g2g4 e7e6 e1e2 f8e7 d2d4 h8h7 g4g5 d8b6 a4a5 h6g5 a5b6 d7d5 a1a4 a7b6 h2h3 a8a4 c3a4 g5g4 a4b6 c8d7 d1d2 c4c3 d2d1 g4h3 f2f4 e7d6 c1e3 g8f6 h1h3 h7h3 f1h3 d7b5 e2f2 b5a4 h3e6 a4d7 d1e1 d7e6 e1d1 d6e7 f2g2 f6g4 d1e1 g4e3 e1e3 e7f6 e3e2 b8c6 f4f5 c6d4 e2d1 g6f5 g1e2 d4e2 d1e2 d5d4 e2d1 e4e3 d1d3 f6d8 b6a8 e6d7 d3d4 d8a5 d4e3 e8f8 g2f1 f5f4 e3f4 f8e8 f4g3 a5b4 g3e5 e8f8 e5e4 d7c6 e4b4 f8e8 b4c3 c6d5 c3a5 e8f8
1327,B,material_adjudication_moderate,109,1.298602,6635,2026-09-05 04:41:09,a2a3 g8f6 g2g4 c7c5 d2d3 f6d5 e2e4 b8a6 g1e2 d5c3 b1c3 a6c7 c1g5 f7f6 f1h3 a7a5 d1b1 d7d6 g5e3 c5c4 e1g1 c8g4 h3g4 a5a4 b1d1 b7b5 f2f3 e7e5 d3d4 d8e7 d4e5 d6e5 d1b1 h7h5 g4h5 h8h5 f3f4 e5f4 e3f4 b5b4 a3b4 e7b4 f4c7 f8d6 a1a4 a8a4 c7d6 b4d6 g1f2 a4a6 b1d1 h5h2 f2g1 h2h5 d1d6 a6d6 f1c1 e8d7 g1g2 h5h8 c1d1 h8h5 c3b1 d6d1 b1c3 d1e1 g2f2 e1h1 e2g3 h5h6 c3e2 h1h4 g3f5 d7e6 f2f1 e6e5 f5h6 g7h6 e2c3 h4h5 b2b3 c4b3 c2b3 h5h4 c3d5 h4h5 d5b6 h5h4 b3b4 h4f4 f1e1 h6h5 b6d5 f4e4 e1d2 e5d5 b4b5 e4e6 b5b6 d5c6 b6b7 c6b7 d2d3 b7c6 d3d4 c6d6 d4d3 d6c5 d3c3
1328,B,material_adjudication,79,1.356745,6640,2026-09-05 04:44:42,e2e3 g7g5 g1h3 e7e6 h1g1 g5g4 g2g3 b8a6 d1g4 b7b5 g4h5 c8b7 f1g2 b7g2 g1g2 f8e7 a2a4 b5a4 e1f1 d8b8 b2b3 a6c5 h5h4 e7h4 h3g5 c5e4 d2d3 c7c6 g3h4 e4f6 e3e4 a4b3 c2b3 e8e7 e4e5 h7h6 e5f6 e7f6 c1b2 f6e7 b2h8 h6g5 h8c3 a7a5 h4g5 f7f5 a1a5 a8a5 c3a5 b8e5 a5c3 e5c5 f1e2 e7f7 f2f4 g8e7 d3d4 c5d6 h2h4 c6c5 d4c5 d6c5 e2e1 c5d6 b1a3 d6a3 c3d2 a3b3 g2g1 b3d3 g1g2 d3e4 e1d1 e4g2 d1e1 g2g1 e1e2 g1g3 d2e1
1329,B,material_adjudication_moderate,81,1.335537,6645,2026-09-05 04:46:49,b1a3 a7a5 f2f3 b7b5 e2e4 a5a4 g2g3 h7h5 g1e2 a8a6 b2b4 h8h6 h2h3 c8b7 a3b5 b7e4 c1a3 c7c6 f3e4 c6b5 c2c3 e7e5 d1c2 g7g5 h1h2 d7d6 a1d1 f8e7 d2d4 e5d4 e2d4 d6d5 e4d5 h5h4 h2e2 h4g3 f1g2 a6b6 e2e5 f7f5 c2f5 h6f6 f5e4 f6f4 e4e3 b8d7 e5g5 f4e4 g2e4 e7g5 e3e2 d7f6 e1f1 f6e4 e2e4 d8e7 e4d3 g5f6 d4f3 b6d6 d3f5 e7f8 f3d4 f6d4 c3d4 f8f5 f1e2 d6b6 d1d2 g8f6 d2d3 f5d7 e2e3 e8f7 e3d2 f7f8 d2e2 f6g8 h3h4 f8g7 h4h5
1330,W,material_adjudication_moderate,114,1.377154,6650,2026-09-05 04:47:05,a2a3 d7d5 d2d3 g8f6 c1d2 c7c6 a1a2 d8c7 h2h4 b7b5 f2f4 h8g8 c2c4 f6g4 e2e4 g4e3 e4e5 f7f6 a3a4 b5c4 d2e3 f6e5 f4e5 c4d3 f1d3 e8d7 g1h3 c7e5 b2b4 d5d4 d3e2 e5g3 e1f1 g3e3 b4b5 c6b5 a4b5 d7d8 a2a3 e3e5 b1c3 d4d3 c3a4 e5e2 d1e2 d3e2 f1e2 a7a5 a3c3 c8h3 h1h3 d8d7 a4b6 d7e6 b6a8 b8d7 b5b6 e6d5 a8c7 d5d6 b6b7 d6e5 b7b8q d7b8 c3c1 b8d7 e2f2 e5d6 c7b5 d6e6 b5c3 e6d6 c3b5 d6e6 b5c3 g7g5 h4g5 g8g6 f2e1 d7b6 h3h5 f8g7 e1d1 g7c3 c1c3 b6d7 c3e3 d7e5 g2g4 a5a4 d1e1 a4a3 e3a3 e5g4 a3a4 g4e3 h5h7 g6g7 h7g7 e3d5 a4a6 e6f5 g7h7 e7e5 h7a7 d5b6 e1f1 e5e4 g5g6 f5g6 f1f2 g6f6 f2e1 f6e5
1331,B,material_adjudication_moderate,97,1.390927,6655,2026-09-05 04:47:51,c2c4 d7d5 h2h4 f7f6 d1b3 b7b5 d2d3 e8f7 g2g4 c7c6 b3c3 d5c4 e1d1 d8b6 e2e4 g8h6 a2a4 h6g4 b2b4 c4d3 f2f3 b6b7 c3d4 g4e3 c1e3 g7g6 h4h5 f8g7 b1d2 c8e6 h5h6 h8d8 h6g7 d8d4 e3d4 a7a5 b4a5 f7g7 e4e5 b5b4 e5f6 e7f6 d4b2 a8a5 f1d3 b8d7 d2c4 e6c4 d3c4 a5a7 c4e2 c6c5 a1c1 a7a5 g1h3 a5a4 h3f4 a4a2 f4d3 g6g5 c1b1 h7h5 h1h5 g7g8 b2c1 b7c6 b1b3 c6b7 d3e1 b7c6 e1d3 c6b7 h5h1 b7d5 b3b2 a2b2 c1b2 g5g4 h1h4 g4f3 e2f3 d5f3 d1c1 f3b7 d3c5 d7c5 b2d4 c5d7 c1b2 b7a6 b2b3 a6c6 b3b4 c6e6 d4f2 d7e5 b4c5
1332,W,checkmate,51,1.300141,6660,2026-09-05 04:48:06,c2c4 b8c6 f2f4 h7h5 g1h3 f7f5 h3g5 a8b8 e1f2 d7d5 e2e4 h5h4 f2e2 h8h6 g5h3 e7e6 d2d3 d5c4 a2a3 h6h5 d3d4 g7g6 h1g1 f8g7 e4e5 e8d7 c1e3 a7a5 d4d5 e6d5 e5e6 d7e6 e3a7 g7b2 a7b8 b2a1 b8c7 d8c7 e2d2 g8h6 f1c4 a1d4 c4d5 e6d5 d1e2 c7d6 h3f2 c8d7 g1c1 c6e7 e2c4
1333,W,value_resign,59,1.355737,6665,2026-09-05 04:48:48,f2f4 h7h5 e2e4 c7c5 g1e2 d7d6 e1f2 d8d7 b2b4 a7a5 c2c3 c5b4 c1a3 b4a3 b1a3 g7g5 f4g5 e7e5 a3c2 a8a7 d1c1 f7f6 c1a3 f8g7 g5g6 a7a6 f2e3 d7d8 e2g3 e8d7 f1a6 h5h4 a6e2 h4g3 e3f3 d6d5 e4d5 h8h2 h1h2 g3h2 e2b5 d7c7 a3c5 b8c6 d5c6 h2h1q a1h1 b7b6 c5e3 g7h6 h1h6 g8h6 e3h6 d8h8 h6h8 c8e6 f3e4 e6f5 e4f5
1334,B,material_adjudication_moderate,133,1.344707,6670,2026-09-05 04:50:17,e2e3 g7g6 h2h3 g8h6 f1e2 h6f5 e1f1 h7h5 e3e4 f5h4 c2c3 h8g8 b2b3 c7c6 e4e5 b7b6 g1f3 f8h6 e5e6 f7e6 g2g3 c8b7 d2d4 h4f3 e2f3 h6f8 h3h4 f8g7 h1h3 e8f7 f1g1 g8h8 b1a3 g7f6 a1b1 d8c8 b3b4 c6c5 d4c5 b6c5 f3b7 c8b7 b4c5 b7a6 d1c2 d7d5 c5d6 f6c3 c2c3 h8c8 c3d2 a6d6 f2f4 a7a6 b1b2 e6e5 f4e5 d6d2 c1d2 f7g7 b2b3 c8d8 d2c3 g6g5 h4g5 d8c8 c3b2 b8c6 a3c2 a8b8 g5g6 c6a5 b3b8 c8b8 b2a3 a5c4 g1f1 c4a3 c2a3 b8c8 a3c2 c8c2 f1g1 c2a2 g1f1 g7g6 f1g1 e7e6 g1f1 g6f5 h3h5 f5e4 f1e1 e4e3 e1f1 e3d4 f1g1 d4c5 h5h3 a6a5 g1f1 a5a4 h3h5 c5d4 h5h3 d4e5 g3g4 e5f6 h3f3 f6e7 g4g5 e6e5 f3c3 e5e4 g5g6 e7f6 c3c2 a2c2 g6g7 f6g7 f1e1 g7h8 e1d1 c2a2 d1e1 h8h7 e1d1 h7h6 d1e1 h6g5 e1d1 g5f4 d1e1
1335,W,material_adjudication_moderate,76,1.399808,6675,2026-09-05 04:50:18,d2d3 a7a6 c2c3 d7d6 a2a3 c7c5 e2e3 e7e6 b2b4 e8e7 f2f3 e7d7 f1e2 d7e7 e1d2 c8d7 c3c4 g7g6 h2h3 f7f6 d2e1 d7c6 f3f4 h7h5 d3d4 h5h4 d1d2 d8e8 h1h2 c6d5 e2f3 c5d4 c4d5 d4e3 d2d1 e6d5 g2g3 h4g3 h2c2 f8g7 d1d5 f6f5 c1e3 g8f6 d5b7 b8d7 e3d2 e8c8 c2c8 a8c8 b7c8 h8c8 h3h4 d7b8 g1e2 c8c4 b1c3 c4e4 f3e4 f5e4 b4b5 g3g2 e1f2 g2g1q f2g1 e7e8 f4f5 g6f5 b5a6 b8a6 g1h1 f6h5 d2g5 g7e5 h1g1 a6c7
1336,W,material_adjudication,78,1.373150,6680,2026-09-05 04:51:00,h2h4 b7b6 f2f3 b6b5 b2b3 a7a5 g1h3 f7f5 c2c3 g7g5 e2e3 h7h5 e1f2 c7c6 e3e4 a8a7 f2e2 f5e4 f3e4 d7d6 e2e3 c8h3 h1h3 g5h4 f1e2 e7e5 d2d4 a7a8 g2g3 e5d4 d1d4 f8e7 d4h8 e8d7 b3b4 a5b4 h8h5 b4c3 b1a3 h4g3 e2b5 c6b5 h5f3 b8c6 f3g3 b5b4 a3c2 e7f6 g3g2 c6a5 a1b1 a8b8 b1b4 d6d5 b4b8 d8b8 c1a3 b8b7 e4d5 b7a7 e3e4 f6e5 e4e5 g8f6 g2f3 f6d5 a3e7 d7e7 f3d5 a7b8 e5e4 b8h8 h3h8 a5c4 d5c4 e7f6 c4c3 f6e7
1337,W,checkmate,23,1.464833,6685,2026-09-05 04:53:33,b1a3 a7a5 f2f3 a5a4 b2b3 g8h6 e2e4 h8g8 g1h3 c7c6 e1e2 b7b5 b3a4 f7f5 h3g5 g7g6 e4f5 h6f7 a1b1 d7d5 f5g6 c8d7 g6f7
1338,B,value_resign,64,1.368373,6690,2026-09-05 04:54:15,e2e3 g7g6 g1h3 b7b6 d2d3 e7e5 b1a3 g8f6 f2f3 a7a6 g2g4 g6g5 h3g5 f6g8 d1d2 d8e7 e1e2 g8h6 e3e4 h6g4 e2d1 g4e3 d2e3 e7d8 c2c3 f7f6 a3c4 d7d6 f3f4 b8c6 f1h3 f6g5 h3c8 d8c8 e3d2 e5f4 h1g1 a6a5 d1e1 c8a6 c4a3 a5a4 a3c2 f8e7 g1g4 h7h5 g4g1 g5g4 g1f1 g4g3 d2f4 a6d3 f4f3 d3c2 f3d1 c2d1 e1d1 g3g2 c1e3 g2f1q d1c2 h8f8 b2b3 e8d8
1339,B,material_adjudication,77,1.408920,6695,2026-09-05 04:56:45,b1a3 f7f5 g1f3 e8f7 e2e3 e7e5 g2g3 f5f4 f3g1 b8c6 f1e2 a7a6 b2b3 f8c5 c1b2 f4e3 f2e3 g8e7 g1f3 h8f8 d1c1 g7g6 a3c4 g6g5 e1d1 a6a5 h1g1 d7d6 g1f1 g5g4 f3h4 f7e6 f1f8 d8f8 a2a4 e6d7 e2g4 d7d8 g4e2 b7b6 c2c3 c8b7 d2d3 d6d5 c4e5 c6e5 d1c2 c5d6 h2h3 d5d4 e3d4 e5d7 c3c4 d6g3 e2h5 g3h4 b3b4 e7f5 b4a5 b6a5 h5e2 f5g3 c2b1 g3e2 c4c5 h4g3 c5c6 b7c6 c1c6 d7b6 c6a8 b6a8 d4d5 h7h5 b2d4 e2d4 b1b2
1340,W,material_adjudication,98,1.415679,6700,2026-09-05 04:57:00,b1a3 e7e6 b2b4 a7a5 b4a5 e8e7 f2f3 f7f6 e2e3 c7c5 f1b5 a8a5 e1e2 d7d5 d2d4 g7g5 g2g3 f8h6 d1f1 c5d4 f1h3 e7f8 c1d2 e6e5 h3g2 a5a3 d2c1 a3c3 a2a3 b8c6 c1b2 c3c2 e2d3 d8e7 d3c2 g5g4 e3d4 c6d4 c2b1 d4b5 a3a4 d5d4 a4b5 e5e4 f3e4 h6g7 b2d4 e7d8 d4b2 b7b6 g2e2 g7h6 b1a2 f8g7 a1d1 d8d1 e2d1 c8e6 a2a1 e6c4 d1b1 c4d3 b1a2 d3e4 b2d4 e4h1 a2e2 h1b7 d4b6 g7g6 e2b2 h6g7 b6c7 b7f3 a1b1 f6f5 b2c1 g8f6 b5b6 h8f8 g1f3 g4f3 c7d6 f6d5 d6f8 d5b6 f8g7 g6g7 c1c2 g7g6 c2b2 f3f2 b2b6 g6g5 b6f2 f5f4 f2f1 f4g3
1341,W,material_adjudication,74,1.334635,6705,2026-09-05 04:57:17,h2h4 h7h5 b1c3 a7a5 c3d5 a5a4 b2b3 d7d6 g1h3 e7e5 c1b2 c8h3 g2h3 c7c6 d1c1 g7g5 h4g5 e5e4 d5e7 a4b3 e7d5 b8a6 f1g2 a6b4 a2b3 c6d5 a1a8 d8a8 c2c3 b4a2 e1g1 a2c1 b2c1 h5h4 c1b2 d5d4 c3d4 a8c8 g2e4 e8e7 e4f3 d6d5 e2e4 d5e4 f1c1 h8h7 c1c8 e4f3 g5g6 f7g6 g1f1 h7g7 d4d5 b7b5 b2g7 f8g7 c8g8 e7f7 g8g7 f7g7 d2d4 g7h8 d5d6 b5b4 d6d7 h8h7 f1g1 h7h8 d7d8q h8g7 d4d5 g7f7 d8c7 f7f8
1342,B,material_adjudication,97,1.387943,6710,2026-09-05 04:57:31,b1a3 h7h5 h2h4 a7a5 b2b3 e7e5 d2d3 e8e7 a1b1 b8c6 e2e4 a8b8 f1e2 h8h7 c1d2 g7g5 h4g5 c6d4 b3b4 a5b4 f2f3 d4e2 d1e2 b4a3 d2b4 e7e8 b4d2 h5h4 e2e3 f8g7 h1h4 h7h4 b1d1 c7c6 g2g3 h4h5 g3g4 h5h1 e3e2 h1g1 e1f2 c6c5 d1g1 e8e7 f2e1 f7f5 e4f5 d7d6 f5f6 e7f8 f6g7 f8g7 g5g6 d8d7 g4g5 g8e7 f3f4 e5f4 c2c4 e7f5 e2f3 f5e3 d2e3 f4e3 f3e3 b7b5 c4b5 b8b5 e3c1 d7e7 c1e3 c8e6 e1d2 c5c4 d3c4 b5b8 e3d3 b8c8 g1c1 e7g5 d2e1 g5d8 c1d1 c8c4 d3c4 e6c4 d1c1 d8e7 e1f2 e7e6 c1c4 e6c4 f2e3 c4a4 e3d3 g7f6 d3e3
1343,W,checkmate,45,1.305074,6715,2026-09-05 04:58:40,e2e4 b8c6 g2g4 g8h6 h2h4 a7a5 a2a4 a8a7 d2d4 f7f6 d1d2 g7g6 e1e2 a7a6 d4d5 c6d4 e2d3 h8g8 d3d4 f8g7 f1h3 f6f5 d4c5 a6a8 g4f5 b7b6 c5c4 c8b7 f5f6 d8c8 f6g7 c8d8 g1e2 c7c6 a1a2 c6d5 c4d4 d5e4 d2h6 d8c7 c2c4 g8g7 h6g7 e4e3 g7g8
1344,B,material_adjudication_moderate,99,1.303896,6720,2026-09-05 05:00:32,g1f3 h7h5 b1a3 h8h6 a1b1 c7c5 c2c4 h6b6 d1c2 f7f5 h2h3 g7g5 f3g5 f8g7 f2f4 d7d5 c4d5 g7f6 g5e4 f5e4 c2a4 b6c6 a4e4 e8d7 d5c6 b7c6 e1d1 a7a5 h1g1 a5a4 a3c2 c5c4 d2d4 c6c5 e4a8 c8b7 a8b7 d8c7 b7c7 d7c7 g2g3 g8h6 e2e4 f6d4 e4e5 h6f5 d1e2 d4g1 e2e1 f5g3 e1d2 g3f1 d2c3 c7c6 c3c4 f1g3 b2b4 a4b3 a2b3 b8d7 c1e3 g1e3 c2e3 c6b7 b1c1 g3f5 e3f5 h5h4 b3b4 c5b4 c4b5 d7c5 c1c5 b4b3 f5g7 b3b2 b5a5 b2b1q c5d5 b1h7 g7e6 h7f7 e6g5 f7d5 a5a4 e7e6 f4f5 b7c7 f5e6 d5d4 a4b3 c7d8 g5f3 d4d5 b3a3 d5e6 f3h4 e6c6 a3b4
1345,W,value_resign,45,1.407588,6725,2026-09-05 05:01:01,e2e4 b8c6 g2g4 g8h6 h2h4 a7a5 f2f3 b7b5 c2c3 a8a7 f1b5 h8g8 b2b3 e7e5 h4h5 f7f6 d1c2 d8e7 g1e2 g7g5 h5g6 e7d8 b5c4 h6g4 c4g8 h7h6 f3g4 c8b7 g8d5 c6b4 c3b4 d8a8 d5c4 h6h5 b4b5 a7a6 b5a6 b7a6 c4d5 h5g4 c1a3 a6b7 e2g1 a8b8 d2d3
1346,B,material_adjudication,89,1.279009,6730,2026-09-05 05:02:54,b1a3 a7a5 f2f3 b7b5 f3f4 c7c6 e2e4 a8a7 g1e2 d7d6 b2b3 f7f6 h1g1 e8d7 c2c4 g8h6 a3b5 a7a8 a2a4 f6f5 b5d4 f5e4 d2d3 c8b7 c1b2 c6c5 g2g4 c5d4 e1d2 b7a6 e2d4 e4d3 f1d3 g7g6 d3e2 a6b7 d4f3 f8g7 f3g5 g7b2 a1b1 b2d4 e2f3 b7c6 d1f1 d8g8 c4c5 d4g1 f1g1 d7d8 c5d6 g8g7 f3c6 b8c6 g5e6 d8e8 e6g7 e8f8 g1g2 f8g7 d6e7 c6e7 d2d3 h8d8 d3c4 e7d5 b1c1 h6g4 g2g4 d5f6 g4f3 a8c8 c4b5 c8c1 f3e2 c1h1 e2g2 h1a1 g2b2 a1h1 b2e2 f6h5 e2h5 g6h5 b5b6 g7f6 h2h4 d8f8 f4f5
1347,W,material_adjudication,66,1.382322,6735,2026-09-05 05:02:54,d2d4 h7h6 e2e4 c7c6 g1e2 f7f6 g2g4 e8f7 e4e5 h6h5 g4h5 b7b6 b2b4 h8h5 c2c3 f6e5 d4e5 h5e5 h2h3 g7g6 b1d2 g8h6 d2f3 e5e4 c1d2 d8e8 b4b5 c8b7 f3g5 f7g7 f1g2 c6b5 g2e4 b7e4 g5e4 d7d5 e4g3 h6f5 d1c2 b8c6 g3f5 g6f5 c2d3 b5b4 c3b4 c6b4 d2b4 a7a5 b4c5 e8c8 c5b6 a8b8 f2f4 b8b6 a2a4 c8c3 e2c3 b6d6 d3c2 e7e5 c2b1 g7f6 c3b5 d6e6 b5c7 e5f4
1348,B,material_adjudication_moderate,76,1.328163,6740,2026-09-05 05:03:08,a2a3 g8f6 a3a4 g7g6 a4a5 f6h5 h2h4 e7e6 c2c4 e8e7 b1c3 f7f5 d2d3 c7c6 a1a2 d7d5 c1g5 h5f6 d1b3 h7h6 c4d5 h6g5 b3a3 e7d7 d5c6 b7c6 h4g5 f8a3 b2a3 d7e7 h1h8 d8h8 g5f6 e7f6 e1d2 c6c5 g2g4 b8c6 f1g2 c8b7 f2f4 f5g4 g2c6 b7c6 e2e4 h8g8 e4e5 f6f5 a2a1 g4g3 a3a4 g6g5 f4g5 g8g7 a1b1 f5f4 c3b5 c6b7 b5c3 b7a6 d2e1 c5c4 b1c1 g7f8 g1e2 f4e3 e2g3 c4d3 c3e4 f8g8 c1c5 g8g7 e4f6 a8b8 g3e4 b8b1
1349,W,material_adjudication,66,1.263400,6745,2026-09-05 05:04:28,e2e3 a7a5 f1b5 h7h5 b2b3 h5h4 f2f3 a8a6 g2g3 c7c5 c2c3 a6b6 g3h4 f7f6 d1c2 e7e6 e1d1 b6b5 a2a4 b5b3 c2b3 d7d5 f3f4 g7g6 h2h3 h8h4 b3c2 g6g5 c1b2 d8e7 e3e4 h4f4 h1h2 f4e4 d2d3 e4f4 g1e2 e8d8 e2f4 g5f4 d3d4 c5d4 b1d2 d4c3 b2c3 f4f3 a1c1 e7g7 d2f3 g7h6 c2g2 h6h5 c3d2 e6e5 g2g8 e5e4 g8f8 h5e8 f8f6 d8d7 f3h4 e8f8 f6c3 d5d4 c3d4 f8d6
1350,W,material_adjudication,66,1.387549,6750,2026-09-05 05:06:30,e2e3 a7a5 d2d3 g8h6 f2f4 c7c6 b1a3 f7f5 g2g3 a5a4 b2b3 b7b6 f1e2 h6g4 e3e4 f5e4 h2h3 e8f7 h3g4 e4d3 c2c3 d3e2 d1c2 f7e8 g1e2 c6c5 a3b5 d7d5 h1h2 a4b3 c2b3 a8a2 b3a2 h7h5 a2c2 h5g4 h2h8 b8a6 b5a7 a6b4 c3b4 c5b4 c1e3 c8d7 c2d1 d8b8 h8h5 b4b3 f4f5 b3b2 a1a3 b2b1q d1b1 g7g6 h5h4 b8a7 a3a7 f8g7 a7a6 d5d4 a6a7 d4e3 b1c1 g7h6 c1c3 h6f4
1351,B,checkmate,78,1.353233,6755,2026-09-05 05:09:05,h2h4 b7b5 h4h5 f7f6 b2b4 g8h6 a2a4 d7d5 a1a2 g7g6 d2d4 b8d7 a4b5 f6f5 b1a3 h8g8 c1d2 g8g7 e2e3 c7c6 f1e2 f5f4 h1h4 h6g4 f2f3 g6g5 f3g4 g7g6 a3c4 g5h4 h5g6 f8g7 g6h7 a8b8 g4g5 c6b5 e3f4 d5c4 f4f5 d7b6 f5f6 e7f6 g5f6 g7f6 a2a7 c4c3 d2c3 b6a4 h7h8q f6h8 e2h5 e8f8 e1d2 a4c3 d2c3 h8f6 h5e2 d8b6 a7a1 c8d7 c3d2 f8e8 d4d5 b6c7 a1a2 c7d6 a2a7 d6b4 d2c1 b4c5 d5d6 c5a7 c2c4 b5c4 g2g4 a7b7 g4g5 b7b2
1352,B,material_adjudication_moderate,101,1.385354,6760,2026-09-05 05:11:17,a2a3 g8f6 e2e3 c7c6 d2d3 d8c7 g1f3 h7h5 c2c3 g7g5 f3e5 c7e5 f2f3 e8d8 f1e2 f8g7 d1d2 b8a6 d3d4 e5b5 e2b5 c6b5 e1e2 g7h6 g2g4 h5g4 e3e4 g4f3 e2f3 a6c7 c3c4 b5c4 b2b3 d7d6 b3c4 g5g4 f3e2 h6d2 c1d2 a7a6 c4c5 c7e6 e4e5 d8d7 c5d6 e7d6 e5f6 a8b8 h1f1 h8h4 d4d5 g4g3 d5e6 d7e6 d2g5 g3g2 g5h4 g2f1q e2f1 e6f5 h4g5 f5g5 f1e1 d6d5 h2h4 g5h4 b1c3 b7b5 c3d5 a6a5 d5c3 b5b4 a3b4 a5b4 c3a2 c8e6 a2b4 b8b4 a1a2 b4b3 a2a4 h4h3 a4a7 e6d5 a7f7 d5f7 e1e2 b3b7 e2e1 b7c7 e1d2 c7c8 d2e1 c8a8 e1e2 f7e6 e2e3 e6d5 f6f7 a8f8 e3d4
1353,B,value_resign,64,1.393768,6765,2026-09-05 05:12:46,a2a3 g8f6 e2e3 c7c6 b2b4 e7e5 f2f3 g7g6 e3e4 f6d5 e4d5 f7f6 h2h4 e8f7 f1e2 e5e4 h4h5 e4e3 h5g6 h7g6 e2c4 f7e7 d2e3 h8h1 e1e2 h1h4 e3e4 f6f5 b4b5 d8c7 c2c3 c6b5 c4b5 a7a6 b5c4 c7c4 e2f2 b7b5 a3a4 d7d6 c1e3 f8h6 e3d4 f5e4 b1a3 c4d5 f3e4 d5e4 d1c2 b5a4 c2e4 h4e4 g1f3 c8e6 g2g3 b8d7 a1c1 g6g5 f3g5 h6g5 a3c2 d7b6 d4b6 a4a3
1354,B,material_adjudication,81,1.327421,6770,2026-09-05 05:13:17,a2a3 g8f6 e2e3 c7c6 b2b4 e7e5 f2f3 f8c5 c2c4 a7a5 b4c5 e8e7 g2g4 d8c7 d1a4 g7g5 a4a5 c7a5 c1b2 a5c7 d2d4 h7h5 g1e2 e7f8 e2c3 f8e8 h2h3 h8h6 d4e5 d7d5 c3d5 c6d5 e5f6 d5c4 b2d4 c8d7 g4h5 g5g4 h3g4 c7d8 g4g5 h6h8 h5h6 d7e6 f1c4 e6c4 e1d2 b8a6 e3e4 c4e6 h1h5 a6c5 d2e3 c5e4 f3e4 d8d7 d4b2 a8d8 e4e5 e6c4 b1d2 c4d3 d2f3 d7d5 f3e1 d3e4 e1c2 d5b3 e3e4 b3b2 e4f4 b2c2 g5g6 h8h6 a3a4 h6h5 g6g7 c2b3 a1a3 b3b2 a3b3
1355,W,checkmate,71,1.395385,6775,2026-09-05 05:14:44,g2g3 h7h5 e2e3 b7b6 a2a3 c7c6 g3g4 c8b7 c2c4 g7g6 h2h4 f8g7 a1a2 e8f8 f2f3 d8c7 d2d3 c7g3 e1e2 b7a6 d3d4 h5g4 f3g4 a6c8 b2b3 g3c7 f1g2 c7d6 g1f3 g8h6 e2f2 h6g4 f2e1 d6c7 f3g1 f7f5 g2f3 d7d5 c4d5 c6d5 f3g4 f5g4 b3b4 c7c6 e1e2 f8f7 d1f1 g7f6 b4b5 c6b7 b1d2 b7c7 a2b2 c8b7 e3e4 b8d7 e4e5 a8c8 e5f6 f7e6 e2e3 g4g3 f1g2 a7a6 b2b1 a6b5 g1f3 e7f6 h1d1 e6f5 g2h3
1356,W,value_resign,49,1.360482,6780,2026-09-05 05:14:59,d2d3 b7b6 b1a3 c7c5 e2e4 d7d6 f2f4 f7f6 a1b1 c8h3 e1f2 h3c8 d1f3 a7a5 b2b3 a8a7 a3b5 c5c4 d3c4 h7h5 b5a7 a5a4 c2c3 f6f5 a7b5 b8c6 b1b2 a4a3 g1e2 a3b2 c1b2 c6a5 e4f5 d6d5 c4d5 e7e6 f5e6 f8e7 e2d4 c8e6 d4e6 d8d7 f1d3 d7b5 d3b5 e8f7 h1g1 e7f6 g2g3
1357,B,material_adjudication,71,1.411135,6785,2026-09-05 05:18:29,e2e3 h7h5 a2a3 c7c5 d2d4 d8c7 g2g4 e8d8 h2h4 c7b6 b2b3 c5d4 f1g2 h5g4 e1d2 b8c6 e3e4 h8h7 c2c3 d4d3 a3a4 a7a6 a4a5 b6a7 d2d3 b7b6 c1f4 h7h6 f4h6 g8h6 a5b6 a7b6 b1d2 c8b7 g1e2 f7f5 a1b1 e7e5 b1c1 a8c8 d1e1 d8c7 e1d1 a6a5 e4f5 h6f5 g2e4 f5h4 h1h4 d7d5 e4d5 c6e7 d5b7 b6b7 h4g4 b7c6 d2f3 c6f3 d3d2 f3g4 e2f4 g4f4 d2e1 g7g5 d1g4 f4g4 c1c2 c7d8 f2f3 g4g3 e1f1
1358,W,value_resign,30,1.432266,6790,2026-09-05 05:18:45,a2a3 h7h5 e2e3 c7c5 d2d4 a7a5 b2b4 c5d4 e3d4 h8h7 g2g4 h5g4 d1g4 a5a4 e1e2 d8b6 c1e3 h7h2 h1h2 d7d6 g4g2 b6a5 b4a5 a8a5 e2d3 a5f5 d4d5 c8d7 d3e4 d7c8
1359,B,material_adjudication,75,1.400230,6795,2026-09-05 05:19:01,e2e3 g7g6 h2h3 g8h6 f1e2 h6g4 b2b4 c7c6 h3g4 b7b6 h1h4 f8g7 b1a3 h7h5 d2d3 g7a1 c1d2 e8f8 h4h1 a1f6 g4g5 f6g5 e3e4 g5d2 d1d2 h5h4 d2g5 c8b7 g5h4 h8h4 h1h4 b8a6 e2f1 d8c7 c2c3 a6b4 c3b4 c7e5 h4h3 f8g7 a3c2 g6g5 d3d4 e5d6 e4e5 d6d5 a2a3 a7a5 b4a5 a8a5 e1e2 d7d6 e5d6 e7d6 c2b4 d5e4 h3e3 e4d4 e2f3 d4c5 b4d3 c5f5 f3e2 g7g6 g2g4 f5g4 f2f3 g4h5 d3f4 g5f4 e2f2 g6f6 f1c4 h5g5 g1e2
1360,W,material_adjudication_moderate,88,1.299296,6800,2026-09-05 05:20:15,h2h4 b7b6 b2b3 g7g5 h4h5 d7d6 e2e4 e7e5 b1a3 c8g4 d1g4 d8f6 e1e2 e8d8 g4f5 f8e7 a3c4 a7a5 c2c3 b8d7 c1b2 b6b5 c4a3 f6f5 e4f5 a8a7 a1e1 c7c5 f5f6 g8f6 a3b5 a7a6 a2a3 d6d5 e2f3 e5e4 f3e2 a5a4 g2g3 a4b3 f1g2 a6b6 c3c4 d5c4 b5a7 b6a6 a7b5 a6b6 b5c7 d8c7 f2f3 g5g4 f3g4 c7d8 g4g5 f6d5 b2h8 e7g5 d2d4 c4d3 e2f1 d5f6 g1h3 g5h6 h8f6 d7f6 e1b1 b6b5 h3f2 d8e7 f2e4 f6e4 g2e4 f7f6 e4f3 h6f8 a3a4 b5b4 a4a5 d3d2 f1e2 h7h6 b1d1 b3b2 d1b1 e7e8 h1d1 f8e7
1361,W,material_adjudication_moderate,107,1.393569,6805,2026-09-05 05:20:33,h2h4 h7h5 b1c3 a7a5 b2b3 b8c6 d2d3 c6d4 c3d5 e7e6 a2a4 e6d5 c1e3 b7b6 a1a2 e8e7 g1h3 a8b8 h3g5 c8a6 g2g3 f7f6 g5e6 d7e6 e3d4 f6f5 c2c3 g8f6 a2d2 h8h6 f2f4 f6e8 f1g2 a6b7 b3b4 a5b4 c3b4 c7c5 e1f2 b6b5 b4c5 b5a4 d1a4 b7c6 a4c6 d8c8 c6c8 b8c8 h1f1 g7g6 d2a2 f8g7 d4g7 e8g7 f2e3 c8c5 a2d2 c5c8 e3f3 e7f8 d2d1 d5d4 d1b1 e6e5 b1b4 f8e8 f3f2 e8f8 f2e1 c8b8 b4b8 f8f7 f4e5 f7e6 g2d5 e6d5 e1d1 h6h8 b8b4 d5c5 b4a4 c5b5 a4a1 h8a8 a1a8 g6g5 d1d2 g5h4 a8a6 h4h3 f1f5 g7f5 a6a1 b5c5 a1a7 c5b6 a7a2 h3h2 a2b2 b6c5 b2c2 c5d5 c2c1 h2h1q c1h1 f5g3 h1h3
1362,B,material_adjudication,99,1.350967,6810,2026-09-05 05:21:17,e2e4 f7f6 b2b3 a7a5 d2d3 a5a4 d1f3 c7c6 g1e2 a4b3 c2b3 c6c5 a2a3 a8a3 b1a3 d7d5 g2g4 h7h5 e4d5 e7e5 e1d2 h5g4 a1b1 h8h5 f3e4 f8e7 f2f4 c5c4 f1h3 b8c6 f4e5 g4h3 d5c6 f6e5 e4g6 e8f8 c6b7 h5h6 b7b8q c8e6 b8d8 e7d8 a3c4 g8e7 g6h5 h6h5 e2c3 g7g5 d2e2 e5e4 d3e4 e7g8 b1a1 g5g4 e2d3 g8f6 h1g1 d8e7 g1f1 f8e8 f1f6 e7f6 e4e5 f6e5 c4e5 h5e5 c1d2 e6d7 a1a7 e5a5 a7a5 g4g3 a5e5 e8f8 c3e4 g3h2 e4c5 h2h1q c5d7 f8f7 d3e2 h1c6 d7c5 h3h2 e5f5 f7e8 f5g5 h2h1q e2e3 h1h2 d2a5 c6d6 g5d5 d6d5 a5b6 e8f7 b6c7 d5c5 e3f3
1363,W,material_adjudication_moderate,76,1.424223,6815,2026-09-05 05:21:45,e2e4 b8a6 e1e2 c7c5 d2d4 a6c7 a2a3 e7e5 c1g5 a7a6 g5d8 h7h6 b1c3 a8b8 c3d5 g7g5 d5c7 e8d8 e2f3 d8c7 b2b4 c5d4 c2c3 g8f6 a1b1 g5g4 f3e2 h6h5 d1c1 f6g8 c3d4 f8c5 d4c5 d7d5 f2f3 c7c6 e4d5 c6d5 g2g3 f7f6 b1b2 g8e7 f1g2 h8d8 e2f2 e7c6 c1d2 d5e6 f2f1 d8d2 b2d2 a6a5 b4b5 g4f3 g2f3 e5e4 b5c6 e4f3 g1f3 b7c6 f1e2 a5a4 h2h3 e6e7 f3h4 c8e6 h1c1 b8a8 d2d1 e6c4 e2f2 e7e6 g3g4 h5g4 h3g4 a8c8
1364,B,material_adjudication_moderate,76,1.374455,6820,2026-09-05 05:21:59,e2e3 g7g6 f2f4 e7e5 g1f3 b8c6 h2h3 g6g5 c2c3 g8e7 f4f5 c6d4 e3d4 d7d6 c3c4 d6d5 f1d3 e5e4 f3g1 b7b6 a2a3 e4d3 f5f6 e7g6 h3h4 d5c4 h1h3 h7h6 d1h5 g6h4 h5d1 c8b7 h3h4 g5h4 b1c3 a7a6 a3a4 h8g8 a1a2 c7c5 d4c5 d8f6 d1f3 f6e5 f3e3 e5e3 d2e3 f8g7 g2g4 f7f5 g4f5 g7f6 c5b6 g8g3 g1e2 e8d7 e2g3 h4g3 c3e4 b7e4 b6b7 a8b8 a4a5 b8b7 c1d2 e4f3 a2a1 d7c7 a1c1 b7b5 c1c4 c7d8 b2b3 f3g2 e3e4 f6b2
1365,W,value_resign,36,1.375219,6825,2026-09-05 05:23:34,b1a3 b7b5 b2b4 b8a6 d2d3 a8b8 e2e3 f7f5 g2g4 d7d6 d1e2 e7e5 e1d1 d8f6 g4f5 g7g6 f2f3 a6c5 f3f4 e8d7 b4c5 a7a5 c5c6 d7e7 c1b2 g6g5 f4g5 f6f5 f1g2 e7e6 g2f3 f5g4 f3g4 e6e7 a1b1 b5b4
1366,B,material_adjudication,113,1.455580,6830,2026-09-05 05:24:16,e2e4 f7f6 b2b3 a7a5 d2d4 a5a4 g2g4 a8a6 c2c3 a4b3 f1a6 f6f5 e1e2 d7d6 a6b7 c8b7 b1d2 g8f6 d1e1 f6e4 e1f1 b3a2 d2e4 b8d7 d4d5 f5g4 c1a3 c7c6 d5c6 b7c6 f2f3 d6d5 f3g4 e7e5 g1h3 d5e4 h3g5 d8g5 h2h4 g5g4 e2e1 c6d5 h1g1 g4h4 f1f2 h4h3 f2g2 h3g2 g1g2 f8d6 a3d6 d5c6 d6a3 e8d8 g2g7 h8e8 g7h7 e8e6 e1f2 d8e8 c3c4 d7f6 h7a7 f6g4 f2g2 e4e3 g2f1 e8d8 a3b2 d8e8 c4c5 e5e4 f1e2 e8d8 b2d4 c6d5 a7a2 d5a2 a1a2 d8c8 a2a1 c8b7 a1c1 b7c6 c1b1 g4f6 d4e3 f6d5 e3d4 e4e3 b1c1 d5f4 e2f1 c6b5 d4e3 e6e3 c5c6 e3e8 c6c7 e8c8 f1f2 f4d3 f2f1 d3c1 f1f2 b5a5 f2g3 c8c7 g3f2 c7d7 f2e3 a5a4 e3f2
1367,W,material_adjudication,88,1.421479,6835,2026-09-05 05:26:06,a2a3 g8f6 e2e3 c7c6 e1e2 g7g5 b2b3 f6d5 g1h3 e7e5 g2g3 e8e7 c1b2 f7f6 a1a2 d8b6 b3b4 g5g4 h3g5 b6c7 b1c3 d5c3 b2c3 d7d6 c3b2 f8g7 d2d4 f6g5 h2h4 a7a6 d4e5 c8e6 e5d6 c7d6 h4g5 e6d5 b2g7 h8d8 h1h7 d5a2 g7e5 e7e8 e5d6 d8d6 d1d6 c6c5 g5g6 c5b4 a3b4 a2g8 h7h8 a6a5 g6g7 a5a4 b4b5 b8c6 d6c7 a8c8 c7c8 e8f7 c8b7 f7e8 b7a7 c6a7 c2c3 a7b5 h8g8 e8f7 c3c4 f7g8 c4b5 a4a3 b5b6 a3a2 b6b7 g8g7 b7b8q a2a1q b8c7 g7f6 f1g2 a1a7 c7a7 f6e6 a7a2 e6f6 e2f1 f6g6
1368,W,material_adjudication,70,1.332135,6840,2026-09-05 05:26:06,a2a3 c7c6 d2d3 d8c7 g2g4 g8f6 c2c4 h7h5 f2f3 g7g5 c4c5 f6d5 g4h5 e8d8 h2h4 g5g4 e2e4 h8h5 e1d2 b7b6 f3g4 f8h6 d2e2 c7e5 d1c2 h5h4 h1h4 h6f8 b1c3 c8b7 c3d5 c6d5 e2d2 b6c5 h4h2 f7f5 e4f5 a7a5 g1f3 e5g7 a3a4 d5d4 f1e2 d7d6 c2d1 d8c8 b2b3 e7e5 f5e6 b8d7 e6d7 c8c7 d2e1 g7f6 h2f2 f6e7 c1b2 e7d7 d1d2 f8e7 e2f1 a8f8 f3g1 f8f2 e1f2 e7f6 d2e1 c5c4 f1e2 c7d8
1369,B,value_resign,62,1.435582,6845,2026-09-05 05:29:49,a2a3 g8f6 e2e3 c7c6 b2b4 e7e5 d1e2 d8b6 f2f3 e8e7 c2c4 f6d5 d2d3 f7f5 a1a2 b6c7 b1d2 d5e3 c1b2 f5f4 a2a1 b8a6 a3a4 a6b4 h2h4 b7b5 a4b5 h8g8 b2e5 c7e5 a1a3 b4c2 e1f2 c2a3 h4h5 e5c7 b5b6 a7b6 d3d4 d7d6 e2d3 g7g5 h5h6 f8h6 f1e2 g8g6 c4c5 a8b8 c5d6 e7d6 f2e1 h6g7 d4d5 c8b7 d5c6 d6c6 d3c3 g7c3 e2f1 b7c8 f1c4 c7b7
1370,W,value_resign,47,1.336659,6850,2026-09-05 05:30:04,e2e4 b8a6 e1e2 f7f6 f2f3 g8h6 h2h4 b7b5 b2b3 c7c5 b1a3 a6c7 a3b5 f6f5 a2a4 a8b8 b5a7 h6f7 e4e5 h7h5 f3f4 d7d6 d1e1 c8e6 c1b2 d6d5 a7c6 f7d6 c6a5 d6c4 b3c4 d5c4 a5c6 d8d7 c6b8 d7c8 b8c6 c8b8 c6b8 c7b5 b2c3 g7g5 g2g4 e6d5 f1g2 g5h4 c3d4
1371,B,value_resign,44,1.455332,6855,2026-09-05 05:30:33,e2e3 a7a5 b1c3 g8h6 c3d5 c7c5 a2a4 g7g5 f1e2 e7e6 h2h4 e6d5 d2d4 a8a7 c1d2 g5h4 g2g4 h4g3 f2g3 a7a8 e3e4 c5d4 b2b4 d5e4 e2f3 e4f3 g1f3 b8a6 d1c1 a5b4 g3g4 h6g4 e1g1 f7f6 c2c3 d4c3 f3d4 e8f7 d4c6 d7c6 d2e3 f8h6 e3h6 g4f2
1372,B,material_adjudication,105,1.340833,6860,2026-09-05 05:32:16,b2b3 b8a6 h2h4 h7h5 a2a4 b7b6 a4a5 c7c6 f2f4 d8c7 e2e3 a6b4 f1e2 f7f6 d2d4 e8f7 d4d5 b4a2 c2c3 g7g5 a5b6 f7e8 b1a3 a7b6 h4g5 f8g7 a1a2 f6g5 e1f2 g5g4 d5c6 c7c6 a3b5 a8a2 c1d2 d7d6 g1f3 c6d7 f2e1 g4f3 e2f3 c8a6 b3b4 h5h4 d1b1 a6b5 b1a2 b5c6 f3c6 d7c6 h1g1 c6d7 a2b1 e7e5 f4e5 g7e5 e3e4 g8e7 g1h1 d7c8 b4b5 h8h7 h1g1 e8d8 e1e2 d8e8 g1d1 h4h3 g2h3 h7h8 d2e3 h8h7 b1c1 h7h4 e2d3 h4h7 d3d2 e7g6 h3h4 h7h4 d2c2 h4e4 c1d2 e4e3 d2e3 g6f4 e3f2 f4h5 c3c4 c8c4 c2b1 c4c7 f2h4 h5g3 h4g3 e5g3 d1d5 c7e7 d5d6 g3d6 b1b2 e7g7 b2b3 d6e5 b3a4
1373,B,material_adjudication,87,1.369574,6865,2026-09-05 05:34:11,a2a3 g8f6 e2e3 c7c6 b2b4 e7e5 d2d3 f8b4 c1d2 b4c5 g2g4 h7h6 h2h4 e5e4 d3e4 e8e7 g4g5 d7d5 f1e2 f6e4 c2c3 f7f6 a1a2 a7a6 a3a4 e4d2 d1d2 c8e6 h1h2 d8g8 h2g2 f6g5 h4g5 h6h5 e2d3 c5b6 c3c4 d5c4 d3c4 b6d8 c4e6 g8e6 g1e2 a6a5 e3e4 h8g8 g2g3 b8d7 e2f4 e6e4 g3e3 e4e5 e3e5 d7e5 f4h5 e5f3 e1d1 f3d2 f2f3 d2f3 d1c2 g7g6 h5f6 e7f8 b1c3 b7b6 c3e2 c6c5 f6g8 f8g8 c2b1 b6b5 a4b5 a8b8 b5b6 b8b6 b1c2 g8g7 a2a4 b6c6 a4a5 d8a5 c2b1 c6b6 b1c1 b6c6 c1b2
1374,B,material_adjudication,66,1.361065,6870,2026-09-05 05:36:08,h2h4 b7b5 b2b3 c7c6 c2c3 f7f6 g1h3 a7a5 h1g1 h7h6 f2f4 e7e5 d1c2 a8a6 e1d1 c6c5 b1a3 d7d5 a1b1 e5f4 e2e4 d5e4 a3b5 c8g4 d1e1 d8e7 d2d4 e4d3 c2e2 g7g5 e2e7 f8e7 c1d2 b8d7 h4g5 h6g5 a2a4 f6f5 f1e2 d3e2 b5c7 e8d8 c7a6 f4f3 b3b4 c5b4 c3b4 g4h3 b4a5 h3g2 g1h1 g2h1 d2b4 e7b4 b1b4 g8e7 b4b5 e7g6 e1f2 d7f8 f2e1 f5f4 e1f2 g5g4 f2e1 h8h2
1375,W,material_adjudication,100,1.354061,6875,2026-09-05 05:36:52,h2h4 h7h6 a2a3 c7c5 h4h5 a7a5 d2d4 c5d4 e2e3 b8c6 e1d2 b7b6 e3d4 c8b7 g1e2 g7g6 g2g4 g6g5 c2c3 a8c8 e2g3 c8b8 f1a6 b7a6 d1g1 f7f6 d2d1 d7d6 a3a4 b8a8 b2b3 h8h7 d4d5 h7g7 d5c6 a6c8 g1g2 c8g4 f2f3 g4f3 g2f3 a8c8 f3g2 c8c7 b1d2 d8c8 d1c2 c7c6 c2d1 c8c7 b3b4 g5g4 d1e2 a5b4 c1b2 c7d7 h1c1 d6d5 e2d1 b4c3 b2c3 c6c3 c1c3 d5d4 c3c1 e7e5 a1b1 g8e7 g3e4 e8d8 d1e2 e7c6 e4f6 g7e7 f6d7 d8d7 a4a5 c6a5 e2d3 e7e6 b1a1 d7d6 d2c4 d6c7 c4e5 c7d6 d3d4 e6e5 c1e1 e5e6 e1b1 e6e3 b1d1 d6e6 d4e3 f8g7 a1a4 e6e5 a4b4 g7f6
1376,B,material_adjudication,79,1.418778,6880,2026-09-05 05:37:22,e2e3 g7g6 f1e2 b7b6 b1a3 e7e5 a1b1 a7a6 b2b4 d7d5 g2g3 g6g5 f2f4 g5f4 e3f4 e8e7 c2c3 c7c5 h2h3 c5b4 c3b4 b6b5 d2d4 b8d7 d1d3 h7h5 c1b2 d8a5 g1f3 e5e4 b4a5 e4d3 e2d3 f7f6 b2c1 a8b8 c1d2 b5b4 b1b4 b8b4 d2b4 e7e8 b4d2 f8a3 d3a6 c8a6 g3g4 a3f8 g4h5 h8h5 f3h4 h5h4 a2a4 h4h6 h3h4 f8e7 h4h5 a6b7 h1h2 h6h8 e1f2 b7c6 f2e1 h8h6 h2e2 e8d8 e1f2 h6h5 a5a6 e7d6 a6a7 g8h6 a7a8q c6a8 e2e1 d6e7 e1b1 h6f5 f2f3
1377,W,material_adjudication,72,1.387538,6885,2026-09-05 05:40:51,a2a3 c7c5 d2d4 c5d4 c1g5 a7a5 g2g4 b7b5 e2e4 a8a7 f1g2 h7h6 e1e2 d7d6 b2b4 c8g4 e2f1 h6g5 b4a5 e7e5 h2h3 g4h5 c2c4 a7b7 c4b5 d8e7 b1d2 b7a7 a3a4 b8d7 f2f3 a7a5 d1e1 g5g4 h3g4 h5g4 h1h8 d7c5 f3g4 c5d3 e1d1 a5a4 a1a4 g7g6 d2c4 d3b2 g2f3 b2d1 h8g8 d1b2 c4b2 e7f6 f1g2 f6g7 g8f8 e8f8 g4g5 g7h8 g1h3 h8g8 b5b6 g8h8 f3e2 f7f5 b2c4 h8h5 e2h5 f5e4 a4a2 f8e7 c4a5 g6h5
1378,W,material_adjudication_moderate,95,1.350735,6890,2026-09-05 05:41:37,b1c3 e7e6 g1h3 f7f6 g2g3 a7a5 f1g2 b7b5 c3b5 f8e7 b5d6 e7d6 c2c3 d6e7 g2a8 c8a6 e1g1 a6c4 a8e4 g7g5 a1b1 d7d5 e4f3 c4e2 d1e2 b8d7 c3c4 d5c4 f3g2 e6e5 f2f3 c7c6 a2a4 d8c7 e2c4 h7h5 f3f4 g5f4 h3f2 f4g3 h2g3 d7b6 c4a6 c7c8 a6c8 e8f7 g2f3 b6c8 d2d4 e7f8 c1e3 e5e4 f3e4 g8e7 b1a1 f7e6 e4f3 f8h6 b2b3 h6e3 g1g2 e3f2 f1f2 h8h6 a1d1 e6d7 g2g1 d7e8 f3g2 f6f5 g2f3 f5f4 g3f4 c6c5 d4c5 h6c6 f3h5 e7g6 h5g6 c6g6 g1h1 c8e7 d1d4 g6h6 h1g1 h6c6 f4f5 e7f5 d4d1 f5e3 f2e2 e8e7 e2e3 e7f8 e3e4
1379,B,value_resign,52,1.377698,6895,2026-09-05 05:42:38,g1h3 e7e5 b1c3 a7a5 f2f4 b8c6 f4e5 g8e7 a2a4 g7g5 c3d5 c6d4 a1a2 f7f6 d5f6 e8f7 d2d3 d7d6 h3f2 d4e6 e5d6 f7f6 f2e4 f6g7 h2h4 e7f5 h4g5 e6d4 c1d2 h7h6 d6c7 d8d5 c2c3 h6g5 e4g5 d5a2 g5f3 h8h1 f3d4 f5d4 d1b1 a2b1 e1f2 d4c2 g2g3 f8e7 f1g2 e7d6 g2h1 g7g6 d2c1 b7b5
1380,B,material_adjudication,73,1.371394,6900,2026-09-05 05:43:54,e2e3 c7c5 f2f3 h7h6 b2b3 a7a6 d2d4 d7d6 f1a6 c8d7 e3e4 g7g5 e1f2 c5d4 b1d2 a8a6 d1e2 h6h5 g2g4 g8h6 g4h5 d7h3 g1h3 f8g7 a2a4 a6c6 e4e5 d8a5 e5d6 e8g8 d6e7 f8e8 h3g5 a5c7 f2g1 g7f6 g5h3 d4d3 e2f1 d3c2 f3f4 f6a1 g1g2 f7f6 d2e4 c7d7 f1b5 a1d4 e4f6 d4f6 h1e1 f6d4 e1e5 e8e7 e5e7 d7e7 h3g5 h6g4 h2h3 g4e3 c1e3 d4e3 g2f1 g8g7 h5h6 g7h6 h3h4 c2c1q f1e2 c1b1 g5e6 e7e6 b5c6
1381,B,material_adjudication,75,1.356681,6905,2026-09-05 05:44:27,c2c4 h7h6 g2g4 c7c5 h2h3 b7b5 b2b4 b5c4 f1g2 c5b4 g4g5 b8a6 h3h4 d7d5 h4h5 a6c7 d2d3 a8b8 f2f4 e7e6 a2a3 f8e7 d3c4 d5c4 e1f2 d8d1 c1d2 c8a6 g1f3 d1c2 a3b4 b8a8 b1a3 c2a4 a3c2 a4c2 a1c1 c2b1 c1b1 c7b5 d2e3 c4c3 g5h6 g8h6 e3c1 h8h7 f3d4 g7g6 h5g6 h6g4 f2f1 h7h1 g2h1 b5a3 h1a8 a3b1 g6g7 g4h6 d4c2 e7f6 b4b5 a6b5 c1a3 f6g7 f1e1 b5d7 c2b4 g7d4 a3b2 c3b2 b4d3 d4c3 e1f1 f7f6 e2e3
1382,W,material_adjudication,94,1.361110,6910,2026-09-05 05:44:43,h2h4 b7b5 h4h5 g8h6 a2a3 c8b7 c2c4 d7d5 f2f3 h6g8 d2d4 b5c4 g2g4 e7e5 e2e3 a7a6 f1h3 e8e7 a1a2 d8d7 h5h6 g7g5 f3f4 f8h6 f4g5 d7d6 g5h6 g8f6 e1d2 f6e4 d2c2 c4c3 h1h2 d6d7 b2b3 h8g8 d4e5 c7c5 b1c3 e4c3 c2c3 d7e6 h2d2 g8d8 g1e2 c5c4 e2g3 c4b3 a2a1 b8c6 c1b2 d8c8 c3b3 c6a7 e3e4 d5e4 b3b4 e4e3 d2d6 e6e5 b2e5 e3e2 d1b1 e2e1q b1e1 e7f8 e1h1 f7f6 e5f6 b7h1 f6g7 f8e7 a1d1 h1b7 g4g5 b7e4 g5g6 h7g6 g7e5 e4c2 d1c1 e7f8 c1c2 c8c2 a3a4 f8e8 h6h7 a8d8 h7h8q e8e7 h8g7 e7e8 g7g6 e8f8
1383,W,material_adjudication,96,1.441447,6915,2026-09-05 05:44:57,h2h4 h7h5 b1c3 c7c6 e2e4 g8h6 c3e2 c6c5 a1b1 b7b6 d2d3 b8c6 c1h6 e7e6 h6d2 c8b7 c2c4 c6e7 d2a5 b6a5 a2a4 d8c8 e4e5 d7d6 d1c2 b7a6 f2f3 h8h7 e5d6 e7c6 e2d4 c5d4 c4c5 a6b7 d6d7 c8d7 g2g4 e6e5 f3f4 d7g4 f4e5 g4g3 c2f2 g3f2 e1f2 g7g6 e5e6 e8e7 e6f7 a8d8 f1h3 c6e5 g1f3 e5f3 h3g2 b7d5 g2f3 d5f3 f2f3 d8d7 c5c6 d7c7 f3e2 h7h6 b1f1 c7c6 e2d2 g6g5 f1e1 h6e6 h4g5 f8g7 e1c1 c6c1 h1c1 e6b6 b2b3 b6b3 c1c7 e7f8 g5g6 b3b4 c7a7 g7f6 a7a5 f8g7 d2e2 g7g6 f7f8q b4b8 f8b8 f6e5 a5a6 g6f7 a6a7 f7e6
1384,B,material_adjudication_moderate,103,1.410187,6920,2026-09-05 05:46:07,a2a3 g8f6 e2e3 c7c6 b2b4 e7e5 d2d3 f8b4 c2c3 e8e7 a3b4 d8b6 d1e2 h8g8 b4b5 g8d8 b5c6 d7c6 f2f3 b6c7 c1d2 d8d5 e3e4 c7d7 e4d5 f6d5 b1a3 d7c7 d3d4 f7f6 h2h3 c8f5 f3f4 d5f4 g1f3 f5g6 e2e3 f4d5 f1e2 d5e3 d2e3 e5e4 a3c2 e4f3 e2f3 g6c2 g2g3 g7g6 h1f1 e7e8 e1d2 f6f5 d2c2 c7g3 a1a5 f5f4 f1g1 g3h4 g1g4 h4h3 g4f4 h3d7 f4e4 e8d8 c2d2 c6c5 a5c5 b8a6 c5a5 a6c7 e4f4 b7b6 f3a8 b6a5 a8b7 a5a4 d2c2 c7b5 f4f3 d7b7 d4d5 h7h5 f3f7 b7a6 f7a7 a6a7 e3a7 b5a7 c2c1 h5h4 c1b1 d8e8 c3c4 e8d8 c4c5 a7b5 c5c6 d8c7 b1a1 c7d8 c6c7 d8c7 a1b1
1385,W,material_adjudication,66,1.344251,6925,2026-09-05 05:46:22,a2a3 g8f6 e2e3 c7c6 d2d3 d8c7 c2c3 g7g5 g2g4 e8d8 b2b4 f6g4 f1e2 h7h5 h2h3 b7b6 h3h4 g4f2 e1f2 g5g4 f2g2 g4g3 c1b2 d7d6 c3c4 f8g7 b1c3 c6c5 d1a4 b8c6 a4d1 c5b4 a3b4 a7a6 c4c5 g7h6 b4b5 b6c5 b5c6 f7f5 e3e4 c7c6 e2f3 f5e4 d3e4 d8e8 c3d5 c6b7 b2h8 e7e6 d5c3 b7b6 d1f1 a8b8 g1e2 h6e3 e2g1 b6c6 a1a4 c6a4 c3a4 c8d7 g1e2 b8d8 h1g1 d6d5
1386,W,material_adjudication,66,1.404321,6930,2026-09-05 05:46:48,h2h4 b7b6 b2b3 h7h5 g1h3 f7f5 h3g1 f5f4 h1h2 c7c6 c2c3 g8h6 f2f3 g7g6 e1f2 e8f7 h2h3 f7f6 c1b2 d7d6 d2d4 c8h3 g1h3 f8g7 c3c4 h6f5 b1c3 f5h4 a1c1 d8c7 f2g1 f6f7 a2a4 b8a6 g1h1 a6b4 d4d5 g7c3 b2c3 f7e8 d5c6 h4f5 c3b4 h8h6 h3g5 a7a5 g5e6 a5b4 e6c7 e8f7 c7a8 d6d5 c4d5 f7f8 g2g4 h5g4 h1g1 f8g7 g1g2 g4g3 d5d6 f5d6 d1d2 g6g5 d2d1 g5g4
1387,B,material_adjudication,67,1.313561,6935,2026-09-05 05:48:36,g1h3 c7c5 d2d4 h7h5 e1d2 d7d6 h3g1 h5h4 g1h3 e8d7 f2f4 a7a6 c2c4 b7b5 f4f5 f7f6 d4c5 d6c5 e2e3 e7e5 a2a3 f8e7 h1g1 b5c4 h3f4 e5f4 e3f4 d8e8 b1c3 h4h3 g2h3 d7d8 f1c4 c8b7 c4e6 c5c4 b2b3 g8h6 d2e1 b8d7 g1g4 h6g4 h3g4 c4b3 d1e2 e8f8 e6d7 d8d7 g4g5 e7b4 a3b4 f8d6 g5f6 g7f6 c3e4 b7e4 c1d2 e4h1 e2d3 h8b8 a1b1 d6d3 b1b2 d7d8 h2h4 b8b7 b2b1
1388,W,material_adjudication_moderate,114,1.349432,6940,2026-09-05 05:51:37,a2a3 g8f6 e2e3 c7c6 b2b4 e7e5 d1f3 f8b4 a3b4 e8e7 g2g4 f6g4 f3e2 g4f6 b1a3 d8b6 f2f4 f6e4 h2h4 e4g3 d2d3 g3e2 a1b1 e2c1 a3c4 b6c5 b4c5 f7f5 e3e4 e5f4 e4f5 d7d5 c5d6 e7d8 h4h5 c8f5 b1b7 c6c5 e1d1 h7h6 d1c1 h8g8 f1e2 d8c8 b7f7 g8f8 f7f8 c8d7 g1f3 b8a6 c2c3 a8f8 c4e5 d7d6 c3c4 a6c7 c1d2 f8g8 d2c3 d6e7 e5c6 e7d7 f3e5 d7e8 h1f1 f5d7 c6a7 c7b5 c4b5 f4f3 e2f3 g8h8 f3d5 h8f8 e5f7 f8f7 c3c4 f7f1 d5e4 f1f4 c4c5 d7e6 e4d5 e6d7 d5e4 e8d8 c5d6 d7b5 a7b5 d8e8 b5c7 e8f7 e4h7 f7f8 h7g6 f4d4 c7d5 d4d5 d6d5 f8g8 d5e6 g8f8 d3d4 f8g8 d4d5 g8f8 d5d6 f8g8 e6d5 g8f8 d5e6 f8g8 e6e7 g8h8
1389,B,material_adjudication,66,1.456888,6945,2026-09-05 05:52:05,b1c3 c7c6 h2h3 d7d6 c3d5 c6c5 c2c4 a7a5 d5e3 a8a7 e3c2 b8d7 g2g4 d8c7 f1g2 f7f5 f2f3 g7g5 a2a3 c7b8 h3h4 f8g7 e1f1 h7h6 b2b3 f5g4 c2b4 g4f3 e2f3 d6d5 b4d3 g7a1 d1e1 h8h7 h4g5 a1f6 g5f6 g8f6 f3f4 h6h5 g2f3 d5c4 d3c5 d7c5 c1b2 c4b3 d2d4 c5d3 e1e5 d3e5 d4e5 h7h8 e5f6 h8f8 f6e7 f8f7 f3h5 a5a4 h5f3 f7f5 b2f6 c8d7 f1e1 b8c8 h1h4 c8c7
1390,W,value_resign,37,1.465640,6950,2026-09-05 05:52:33,a2a3 e7e6 e2e4 c7c6 g2g4 f8b4 e4e5 f7f6 h2h4 d8b6 d1f3 g7g5 f3e4 d7d6 c2c3 f6e5 f1g2 d6d5 e4e5 c8d7 e5h8 b4f8 e1f1 f8g7 h8g8 e8e7 a3a4 e6e5 h1h3 g5h4 g8h7 b6b2 c1b2 a7a5 d2d3 d5d4 c3c4
1391,W,material_adjudication,80,1.418932,6955,2026-09-05 05:53:28,b1a3 a7a5 f2f3 b7b5 e2e4 c7c6 g1e2 b5b4 a3b1 d8b6 h1g1 c6c5 a2a3 e7e5 b1c3 b4c3 e2c3 b8c6 d2d3 e8e7 g2g3 f7f6 e1d2 g7g6 f3f4 c8b7 b2b4 e7e6 b4b5 c6d4 f1g2 e6f7 g2f3 d4f3 d1f3 b6e6 h2h3 h7h6 f4f5 g6f5 g3g4 f5e4 c3e4 f7e8 c1b2 a8d8 d2e2 h8h7 e2d2 c5c4 a1d1 f6f5 g4f5 e6d5 g1g8 d5g8 a3a4 d7d5 e4f6 e8e7 f6g8 e7d7 b2c3 d5d4 f3e2 c4d3 e2d3 b7d5 c3a1 e5e4 d3d4 f8g7 d4e3 g7d4 e3d4 d7c8 d4c3 c8b8 c3b2 d8d7
1392,W,checkmate,31,1.440754,6960,2026-09-05 05:53:29,f2f4 h7h5 d2d3 c7c5 e1f2 c5c4 d3d4 a7a5 c2c3 g8h6 f4f5 h6f5 d1c2 f5h4 c1e3 a5a4 d4d5 d7d6 g2g3 a4a3 b1a3 a8a3 a1e1 f7f5 b2a3 h4g6 e3d4 c8d7 f1g2 f5f4 c2g6
1393,W,value_resign,51,1.392484,6965,2026-09-05 05:53:44,b1a3 a7a5 f2f3 a5a4 b2b3 h7h5 g1h3 c7c6 c2c4 f7f6 d2d4 e8f7 a1b1 g8h6 a3c2 d7d5 h1g1 h6g8 b3b4 c8e6 c4c5 h8h6 c1h6 b7b5 c5b6 g7h6 a2a3 d8b6 g2g4 b6c7 h3f4 e6c8 f4d3 c7f4 d3f4 h5g4 f1g2 g4f3 g2f3 h6h5 f4h5 c6c5 d4c5 c8b7 g1f1 d5d4 b1b2 b7a6 d1b1 a6b7 b1a1
1394,W,material_adjudication_moderate,76,1.375540,6970,2026-09-05 05:55:33,h2h4 b7b6 g2g4 e7e5 c2c4 f8a3 h1h3 h7h5 f2f4 d7d6 g4g5 h8h7 h3a3 d8e7 d2d4 e8d7 d4e5 e7e6 a3g3 d6d5 f1h3 e6g4 d1b3 g8h6 g5h6 d7c6 g3g2 g4g2 c1d2 d5c4 h3g2 c6d7 b3c4 a7a5 g1f3 h7h6 a2a4 d7e7 g2h3 c8h3 f3d4 c7c6 e5e6 h3e6 d4e6 f7e6 f4f5 e6f5 b1c3 b8d7 d2h6 g7h6 e2e3 d7f6 b2b4 f5f4 e3f4 a5b4 c3e2 e7d7 a4a5 b6a5 c4d4 d7e8 a1b1 a8d8 d4e5 e8f8 f4f5 f6d7 e5d6 f8f7 d6d4 c6c5 d4e4 d8e8
1395,W,value_resign,53,1.278169,6975,2026-09-05 05:58:24,a2a3 b8c6 d2d3 h7h5 c2c3 g7g6 c1h6 g8h6 b2b3 b7b5 e2e3 c8b7 c3c4 c6b8 f2f3 d7d5 c4b5 e8d7 b1d2 a7a5 b5a6 h6f5 d1c1 h8g8 a6b7 a8a5 e3e4 f5h6 g1e2 b8a6 b3b4 a6b4 a3b4 a5a1 c1a1 g6g5 d3d4 f8g7 a1b2 f7f6 e4d5 e7e6 d5e6 d7e6 g2g4 e6e7 b2a2 d8d5 a2d5 h6g4 e1d1 g4e3 d1e1
1396,B,material_adjudication_moderate,93,1.327543,6980,2026-09-05 05:59:09,c2c4 h7h6 g2g4 d7d5 d1b3 h6h5 f2f4 a7a6 h2h4 e7e5 g4g5 e8d7 c4d5 e5f4 b3b7 c8b7 d2d3 d8c8 a2a3 h8h6 b2b3 c7c5 g5h6 c8d8 c1f4 c5c4 f4c7 d8c7 e2e4 d7d8 b1d2 c7g3 e1e2 g8h6 d3d4 h6g4 h1h3 g3f4 h3f3 f4f6 f3f6 g7f6 a1e1 c4b3 e4e5 f6e5 d2b3 f7f6 e1c1 b8d7 c1c3 b7d5 c3c2 f8h6 g1f3 e5e4 f3h2 f6f5 c2c3 d7f6 b3a5 a8b8 a5c6 d5c6 h2g4 f6g4 c3c6 h6e3 f1h3 f5f4 h3g4 h5g4 h4h5 e3d4 h5h6 b8c8 c6c8 d8c8 h6h7 d4h8 e2f1 c8b7 a3a4 g4g3 a4a5 b7b8 f1e1 b8b7 e1f1 b7b8 f1g1 b8b7 g1h1
1397,B,material_adjudication_moderate,101,1.359517,6985,2026-09-05 06:05:22,a2a3 g8f6 a3a4 g7g6 f2f3 c7c6 d2d3 d8c7 a4a5 b7b6 b1a3 e7e6 b2b3 f8b4 c2c3 b4c3 c1d2 c3d2 e1d2 a7a6 a5b6 c7b6 a3c2 e8e7 e2e4 b6c5 g2g3 f6g8 g1e2 h7h6 b3b4 c5b6 f3f4 f7f5 b4b5 h8h7 b5a6 b8a6 a1b1 b6a5 d2c1 a5c7 g3g4 f5g4 b1b2 h6h5 d3d4 e7f7 e2g3 d7d5 c2e3 h7h8 e4d5 e6d5 b2b6 g8f6 b6c6 c7c6 c1b1 h8d8 f1d3 c8e6 d3f1 a6b4 d1e1 g6g5 e1b4 g5f4 b4c3 f4e3 c3c6 d8c8 c6b7 e6d7 f1d3 a8b8 b7b2 b8b2 b1b2 c8b8 b2c1 h5h4 h1f1 h4g3 f1f6 f7f6 d3c4 b8b7 c4d5 b7b8 d5c4 b8a8 c1b2 g3g2 d4d5 f6g5 b2c1 a8f8 h2h4 g5f5 h4h5
1398,B,material_adjudication,87,1.415284,6990,2026-09-05 06:05:23,h2h4 b7b5 c2c3 a7a5 h1h3 h7h5 b2b3 e7e5 h3f3 a8a6 f3f7 b5b4 g2g3 h8h6 f7f3 f8e7 f1g2 c8b7 g2h1 b7a8 h1g2 b8c6 e2e4 g7g5 h4g5 h6e6 d1c2 h5h4 g5g6 g8f6 g6g7 d7d6 g3h4 b4c3 d2c3 c6d4 c3d4 a8e4 b1a3 e4c2 e1f1 e5e4 g7g8q f6g8 a3c2 e4f3 g2f3 g8f6 f3d5 e6e5 d4e5 f6d5 e5d6 e7d6 c1g5 d8d7 g5d8 e8d8 g1h3 d6h2 a2a3 c7c6 h3f4 d5f4 a1d1 d8e7 d1d7 e7d7 f1e1 d7e8 e1f1 e8f7 f1e1 f7g7 e1d1 g7g6 c2d4 g6h5 f2f3 h5h4 d4c6 a6c6 d1d2 c6b6 d2d1 a5a4 b3a4
1399,W,material_adjudication_moderate,85,1.351636,6995,2026-09-05 06:05:24,a2a3 b8c6 a3a4 a7a5 c2c3 c6d4 a1a2 d4c2 d1c2 b7b6 c2f5 c8b7 c3c4 b7f3 e2f3 e7e6 f5h5 g7g6 d2d3 g6h5 e1e2 e8e7 d3d4 d7d5 c1e3 d8e8 c4c5 e6e5 d4e5 g8h6 c5b6 e8c6 b6c7 h8g8 f3f4 c6c7 g1f3 g8g6 b1c3 d5d4 e3d4 a8d8 a2a1 g6e6 f3g5 e6g6 c3b5 c7d7 g2g3 g6c6 e5e6 f7e6 a1d1 h6g4 g5h7 e6e5 h7f8 e7f8 f4e5 d7e7 f2f3 g4h2 h1h2 f8g7 e5e6 d8d4 b5d4 c6e6 d4e6 e7e6 e2f2 e6b6 f2g2 b6b2 f1e2 h5h4 h2h3 g7f8 h3h4 b2b7 h4h2 f8f7 d1a1 b7b2 a1d1
1400,W,value_resign,51,1.475704,7000,2026-09-05 06:06:10,e2e3 a7a5 f1a6 a5a4 e1e2 c7c6 d2d3 d7d5 e3e4 f7f6 a6b7 d8d6 b7a8 b8a6 c1d2 e8f7 f2f4 f6f5 e4f5 d6c7 h2h4 g8h6 e2f1 h6g4 d1g4 c8f5 g4f5 f7e8 g2g4 a6b4 c2c3 b4d3 g1f3 d3b2 g4g5 e7e5 f1e1 g7g6 f5d3 b2d3 e1e2 e5e4 f3d4 e8d8 a8c6 c7c6 d4c6 d8e8 c6e5 f8c5 b1a3
1401,B,material_adjudication_moderate,106,1.330914,7005,2026-09-05 06:08:53,a2a4 h7h5 a4a5 g7g6 d2d3 c7c6 g2g4 g8h6 b1d2 h8g8 c2c4 c6c5 d1c2 f7f6 f2f4 e8f7 g4g5 f8g7 g5h6 g7h6 h2h4 f6f5 f1h3 d7d5 c4d5 f7f6 g1f3 h6g7 e1g1 b7b6 f3g5 b6b5 e2e4 g7h6 a5a6 b8a6 b2b3 a6b4 c2d1 d8b6 c1b2 e7e5 h3g2 c5c4 g1h1 b6d4 b2d4 e5d4 g2f3 h6g5 h1h2 g5h4 d1e1 h4e1 a1e1 c4d3 e1d1 c8d7 e4e5 f6g7 e5e6 d7c8 h2g1 a8b8 e6e7 c8d7 d2b1 b8c8 e7e8q g8e8 d1d3 b4d3 d5d6 d3f4 f1e1 c8c6 f3c6 d7c6 d6d7 e8d8 e1d1 f4h3 g1h2 d8d7 d1d4 d7d4 b1a3 c6d7 a3b5 d4c4 b3c4 f5f4 b5c7 d7f5 c4c5 g7f8 h2h1 a7a5 h1g2 a5a4 g2f3 f5d3 c7a8 a4a3 c5c6 f8g7
1402,W,value_resign,63,1.416774,7010,2026-09-05 06:09:53,a2a3 a7a6 d2d3 e7e6 h2h4 a8a7 c2c4 d7d5 g2g4 e8d7 c4d5 g8e7 d1d2 e6d5 f2f3 g7g5 d2e3 g5h4 g4g5 b7b5 f3f4 a6a5 e3e4 a5a4 f1h3 d7c6 e4f3 c8g4 h3g4 a7a5 e2e4 e7g8 h1h4 b8a6 h4h5 d5e4 f3e4 d8d5 g4d1 f7f6 e4f3 d5f3 d1f3 c6d7 b2b4 a4b3 c1d2 f8a3 b1a3 b5b4 d3d4 f6g5 f4g5 a5a3 a1b1 a6c5 d4c5 a3a2 d2c1 g8f6 h5h6 f6e4 f3e4
1403,W,material_adjudication_moderate,78,1.387996,7015,2026-09-05 06:11:25,h2h4 h7h5 f2f4 a7a5 g2g3 a8a6 c2c4 a6c6 f1h3 d7d6 a2a4 c8h3 a1a2 h3g4 g1f3 e8d7 d2d4 f7f5 e1g1 b7b6 a2a1 g4f3 e2f3 d6d5 c4d5 c6c4 b2b3 c4c1 d1c1 g8f6 c1e1 f6d5 a1a2 c7c5 d4c5 b6c5 a2b2 d7c6 f1f2 h8g8 b3b4 c5b4 b2b3 d8d7 g1f1 d5f6 e1d2 f6g4 f3g4 f5g4 d2e2 c6c5 b1d2 g8h8 f2g2 b8c6 f4f5 c6d4 e2d3 d4b3 d3d7 b3d2 d7d2 g7g5 d2b2 f8g7 f5f6 g7f6 b2c1 c5b6 h4g5 f6g5 c1g5 h8h7 g5h4 h7h8 f1e1 h8h6
1404,W,material_adjudication,96,1.441340,7020,2026-09-05 06:12:41,b2b3 b8a6 g2g4 g8f6 c2c3 a8b8 c3c4 f6d5 f1g2 g7g6 g2d5 e7e6 e1f1 f8b4 c1a3 e8g8 g1h3 d8f6 a3b4 e6d5 g4g5 f6a1 b4f8 g8f8 c4d5 h7h5 d2d3 b7b5 d5d6 f8g7 a2a3 c7d6 b3b4 a1d4 e2e3 d4e5 d1e2 d6d5 b1d2 d7d6 h3f4 d5d4 d2f3 d4e3 f3e5 d6e5 f2e3 e5f4 e3f4 b8b6 f1f2 c8g4 e2e4 g4f5 e4e5 f7f6 g5f6 g7g8 h1f1 f5e6 f2e2 h5h4 f4f5 g6f5 e5d4 g8f7 d4e3 a6c7 a3a4 c7d5 e3d4 d5c3 e2d2 c3a4 d4e3 f7f6 d3d4 f5f4 e3f4 f6g7 d2c2 e6c4 f4g5 g7h7 f1b1 c4d5 g5d5 h7h8 b1d1 a4c3 c2c3 h4h3 d5f3 h8g8 f3f2 b6f6
1405,W,checkmate,17,1.452782,7025,2026-09-05 06:13:13,e2e3 a7a5 a2a4 g8h6 b2b3 g7g6 g1h3 c7c5 b1a3 g6g5 c1b2 h6g4 b2h8 g4e3 d2e3 f7f6 d1h5
1406,B,material_adjudication,87,1.365402,7030,2026-09-05 06:14:14,b2b3 a7a6 e2e4 h7h5 d2d3 b7b6 e4e5 a8a7 c1b2 h5h4 g1e2 h8h7 b1d2 d7d6 e5e6 c7c5 e6f7 e8f7 a2a3 h7h6 h2h3 g7g5 a1a2 b8c6 b3b4 c5b4 c2c4 b4a3 a2a3 f8g7 b2g7 f7g7 a3a4 c6b8 f2f4 g5f4 e2f4 c8b7 f1e2 b7c8 e2f3 g8f6 f3e2 f6h7 e2f3 h7f6 f4d5 f6d5 c4d5 a6a5 d2b3 d8h8 d1d2 b6b5 a4g4 c8g4 h3g4 b8d7 g4g5 a5a4 g5h6 h8h6 d2h6 g7h6 b3d4 a7a5 d4c6 a4a3 h1h4 h6g5 h4e4 a3a2 e4g4 g5f6 c6a5 a2a1q e1d2 a1a5 d2e3 d7e5 f3d1 e5g4 e3e2 e7e5 d5e6 f6e7 e2f3
1407,W,material_adjudication,72,1.391932,7035,2026-09-05 06:14:15,d2d3 b7b6 g2g4 d7d6 b1d2 e7e5 h2h3 c8f5 e2e3 f5d3 d2f3 e5e4 f3d4 d3f1 a1b1 f1e2 d1e2 d8e7 e2d1 a7a5 f2f3 b8d7 h1h2 e7d8 d4f5 d6d5 a2a4 d7f6 g4g5 f8e7 f5e7 e4f3 e3e4 d8e7 g5f6 e7e4 h2e2 f3e2 f6g7 e2d1q e1d1 h7h6 g7h8q e8d7 h8g7 e4a4 g1f3 g8e7 g7f7 d7c6 f7f6 c6d7 f3h4 a4h4 f6h4 e7f5 h4e1 a8b8 c2c4 d5c4 c1d2 f5d4 h3h4 d7c6 e1e5 b8e8 e5d4 e8e4 d4e4 c6d7 e4b7 d7d6
1408,B,material_adjudication_moderate,123,1.378589,7040,2026-09-05 06:15:15,h2h4 h7h5 a2a3 b8c6 a3a4 a7a5 a1a2 b7b6 c2c4 a8a6 f2f3 c8b7 g2g4 h5g4 h1h2 h8h6 f3g4 d8c8 f1g2 a6a8 d2d4 g8f6 d4d5 c6b4 c1h6 g7h6 g4g5 b4a2 b1d2 h6g5 h4g5 f6g4 d1c2 g4e3 c2c1 f8g7 g2f3 a2c1 d2e4 d7d6 b2b3 c8g4 e1f2 f7f5 e4f6 e8f7 f2e3 g7f6 g5f6 f7g8 h2h1 g8f8 f3g4 f5g4 e3f2 c7c5 f2f1 f8f7 f6e7 f7e8 e2e4 g4g3 h1h7 a8c8 f1e1 c8a8 g1f3 g3g2 e1f2 a8c8 f2g2 c8a8 f3h4 a8a6 g2g3 c1a2 h4f5 a2c3 g3h4 c3a2 h4g4 a6a8 f5d6 e8d7 d6b7 a8b8 b7a5 b6a5 g4f3 d7e8 f3g2 a2c3 g2f1 b8b3 f1e1 b3b7 e1d2 c3e4 d2d1 e4g5 h7h5 g5f3 h5h3 f3d4 h3d3 e8e7 d3d4 c5d4 c4c5 b7b8 d1d2 e7d7 c5c6 d7c7 d2d3 b8b6 d3d4 c7d8 d4c5 b6b8 d5d6 b8b2 c5d5
1409,W,material_adjudication,66,1.427058,7045,2026-09-05 06:15:44,e2e4 b8a6 a2a4 f7f5 e1e2 a6c5 b1c3 g8f6 f2f3 e7e5 a1a2 e8f7 a2a1 a7a5 g2g3 d8e7 d2d3 a8b8 f1g2 c5e6 c3d5 e7c5 d5f6 f5f4 c2c3 f4g3 h2g3 f7f6 d3d4 f8e7 d4c5 g7g6 g2h3 h8f8 c1d2 g6g5 g3g4 h7h5 d1b1 h5g4 f3g4 e7c5 e2d3 c5g1 h1g1 f8e8 d2e3 e8d8 g1d1 d7d5 a1a2 f6g7 a2a1 d5d4 e3g1 d4c3 d3c3 g7f8 h3g2 d8d1 b1d1 f8e8 g2f1 e6d4 d1d3 c7c6
1410,W,value_resign,18,1.424905,7050,2026-09-05 06:15:58,g1h3 c7c5 d2d4 d7d6 e1d2 d8a5 c2c3 b8d7 g2g3 h7h5 d4c5 e7e5 h3g1 d7b8 f2f3 b7b6 a2a3 a5c5
1411,W,material_adjudication,94,1.432108,7055,2026-09-05 06:17:25,a2a4 e7e6 g2g4 g7g6 a4a5 g8h6 d2d3 e8e7 b2b3 b8a6 h2h4 f7f5 g4g5 b7b6 e2e3 c8b7 c1b2 b7h1 g5h6 f8h6 b2h8 d8h8 a1a3 h1b7 d3d4 h6f8 f1a6 b7a6 c2c4 a6b7 b1d2 a7a6 a5b6 d7d5 f2f4 c7b6 d1e2 d5c4 b3c4 h8g8 e1f2 b6b5 a3b3 g8g7 g1f3 g6g5 d4d5 g5h4 f3d4 b5c4 d4e6 c4b3 e6g7 f8g7 e3e4 g7f6 e4e5 b7d5 e5f6 e7f6 e2e5 f6f7 e5d5 f7e7 d5e5 e7d8 e5d5 d8e8 d5a8 e8e7 a8a6 b3b2 d2f3 b2b1q f3d4 b1b2 d4e2 b2b4 a6d3 h4h3 e2d4 b4d4 d3d4 e7e6 f2e3 h3h2 d4d1 h2h1q d1h1 e6f6 e3f3 h7h5 h1c1 f6e6
1412,D,rule_draw,128,1.449009,7060,2026-09-05 06:18:36,b2b3 f7f5 h2h4 g7g6 a2a3 f5f4 a1a2 g8h6 d2d3 c7c5 c2c4 b7b5 e2e3 b8a6 a2a1 a6c7 e3e4 a7a5 e4e5 e7e6 f1e2 h6f5 g1f3 h8g8 g2g4 f4g3 d3d4 g3g2 d4c5 g2h1q e1d2 f5h4 d1h1 f8g7 f3h4 g8f8 c1b2 b5b4 e2f3 a5a4 a1a2 h7h6 h1d1 d8h4 f3a8 c7a8 c5c6 b4a3 b2a3 g7f6 e5f6 a4b3 a2a1 h4c4 a3f8 e8f8 a1a8 c4c6 d1b3 c6a8 f2f4 a8e4 b1c3 e4f4 d2d1 f8f7 b3c4 f4c4 c3b5 d7d6 b5d6 f7f8 d6c4 g6g5 c4d6 c8d7 f6f7 g5g4 d1e1 e6e5 e1f1 d7e6 f1g2 e6f7 d6c4 f7e6 c4e5 f8g8 g2g3 g8f8 g3f4 f8e7 f4g3 e7d6 e5g4 h6h5 g4f6 d6c5 g3h4 e6f7 f6h5 c5d4 h4g5 f7e6 g5f6 e6f5 f6f7 f5e4 f7e6 e4f5 e6d6 d4d3 d6d5 f5g4 d5d6 g4f5 h5f4 d3d4 f4h5 d4d3 d6d5 f5g4 d5d6 g4f5 d6c7 f5g4 c7d8 g4h5
1413,B,material_adjudication_moderate,76,1.332156,7065,2026-09-05 06:18:50,e2e3 a7a5 a2a3 b8c6 e1e2 g8h6 e2f3 g7g5 f3g3 f7f6 f2f3 e7e6 h2h4 b7b6 h1h2 a5a4 g3f2 h6g8 g2g4 f8g7 f2e2 g5h4 d2d4 c6d4 d1d4 e6e5 d4d1 a8a6 h2f2 c8b7 c2c4 f6f5 f3f4 e5f4 f2f4 g7b2 c1b2 g8f6 f4f5 d8e7 b2f6 e7f6 f5f6 h8f8 e3e4 f8f6 g4g5 f6e6 e2f3 e6e4 f1g2 e4c4 f3e2 b7g2 b1d2 c4c5 d2e4 g2e4 d1c1 e4c2 c1c2 c5c2 e2d1 c2c4 g1f3 e8d8 f3d2 c4c3 a1c1 c3a3 d1e1 a3a2 c1b1 h4h3 b1c1 c7c5
1414,W,material_adjudication,66,1.359220,7070,2026-09-05 06:22:03,a2a3 a7a6 e2e3 a6a5 e1e2 g8h6 f2f3 b7b5 c2c4 c8b7 g2g3 e7e6 a3a4 g7g5 d1c2 b5a4 c2c3 d7d5 b2b3 h8g8 c3b2 f8b4 b1c3 c7c6 f3f4 a4b3 a1b1 b8d7 h2h4 a8b8 f1h3 d5d4 h4g5 b4c3 d2c3 d4c3 b2b3 b8c8 b3c3 h6g4 h3g4 d8g5 f4g5 f7f6 g1f3 g8g5 h1g1 h7h5 g4h5 g5h5 b1b3 a5a4 b3b2 b7a6 e2d3 a4a3 b2a2 a6c4 d3c4 h5e5 f3e5 f6e5 a2a3 e5e4 c3b3 c8b8
1415,B,material_adjudication,67,1.418766,7075,2026-09-05 06:22:18,a2a3 g8f6 e2e3 c7c6 b2b4 e7e5 d2d3 f8b4 a3b4 e8e7 b1d2 d7d5 g2g3 h7h5 c1b2 g7g5 b4b5 c6b5 f2f4 d5d4 f1e2 e7e8 g1f3 d8b6 f4g5 f6h7 e3d4 h5h4 d2b1 e5d4 c2c3 d4c3 b2c3 f7f6 g5f6 h7f6 f3h4 h8h4 g3h4 c8d7 c3f6 b6f6 h1f1 f6h4 e1d2 h4h2 f1f3 h2g2 d2e3 g2g5 e3f2 g5h5 f2e3 h5e5 e3d2 e5a1 f3e3 e8d8 e3f3 a1g7 d1g1 g7g1 f3f1 g1c5 e2f3 a7a5 f3d1
1416,W,checkmate,67,1.460286,7080,2026-09-05 06:26:16,e2e3 g7g6 a2a3 e7e5 d2d3 d7d6 g2g4 g6g5 f2f3 a7a6 h2h3 h7h5 e1d2 h5h4 b2b3 d8d7 h1h2 d7a4 b3a4 c8d7 g1e2 d6d5 c2c4 f8g7 h2g2 a6a5 e2g3 h4g3 f3f4 e5f4 e3f4 g7a1 f1e2 g5f4 g4g5 f4f3 e2f3 f7f6 g2e2 a1e5 d3d4 d5c4 d2e3 f6g5 d4e5 b8c6 f3c6 d7c6 d1f1 a8b8 c1d2 e8d7 f1f7 d7d8 e3d4 h8h4 d4e3 c6d5 f7d5 d8e7 d2a5 g8f6 e5f6 e7e8 e2d2 b7b6 d5g8
1417,W,checkmate,37,1.430668,7085,2026-09-05 06:27:34,h2h4 h7h5 b1a3 a7a5 b2b3 b8c6 d2d3 a5a4 a1b1 a4b3 a2b3 h8h6 c1g5 a8a6 d1c1 a6a3 c1a3 c6b8 a3c5 h6b6 c5c3 c7c6 e2e4 g8f6 c3d2 d7d6 g5e3 f6d7 e4e5 c6c5 f1e2 d6e5 b1d1 f7f6 e2h5 g7g6 h5g6
1418,B,value_resign,62,1.384832,7090,2026-09-05 06:27:50,a2a3 g8f6 e2e3 c7c6 g2g3 d7d6 f2f3 d8c7 f1d3 c8d7 d3e2 f6h5 e3e4 f7f5 e2a6 e8f7 a6b7 d6d5 b7a8 f5e4 d2d3 e4d3 c1g5 h7h6 g5h4 g7g6 e1f1 d3c2 d1c2 f7e6 c2c1 e6f7 b2b4 f8g7 h2h3 h8f8 c1d1 g7a1 h4e7 f7e7 g3g4 h5g3 f1g2 g3h1 g4g5 h6g5 g2h1 b8a6 h3h4 a6b4 a3b4 c7e5 d1e1 e5e1 h1h2 g5h4 h2g2 g6g5 g1h3 e7d8 b1a3 d7e6
1419,B,material_adjudication,66,1.423838,7095,2026-09-05 06:29:25,a2a3 e7e6 e2e3 h7h6 b2b4 a7a6 d2d4 f7f6 e1e2 d7d6 g2g4 g7g5 h2h4 g5h4 h1h4 b7b6 c2c3 h6h5 c1b2 f6f5 e3e4 e8f7 e2f3 a8a7 e4f5 d8h4 b1d2 e6e5 d4e5 h4e7 f3e2 h5g4 a3a4 d6e5 d1c2 c7c6 e2e1 e7d7 f2f4 e5e4 f1g2 f8e7 c2e4 g8f6 e4e6 d7e6 f5e6 f7e6 f4f5 e6f5 g1f3 c8d7 f3e5 d7e6 e5c6 b8c6 a4a5 b6b5 g2f3 g4g3 f3e4 f5f4 e4f3 f4f5 f3e4 f5f4
1420,W,material_adjudication,96,1.351504,7100,2026-09-05 06:29:42,a2a3 g8f6 e2e3 c7c6 f1b5 e7e5 h2h4 f6h5 d2d3 e8e7 g2g4 g7g6 e1f1 d7d5 f2f3 c6b5 d1d2 h5g3 f1g2 g3h1 h4h5 h1g3 c2c3 e7d7 g2g3 f8e7 d2e2 d8g8 e2d1 a7a6 g4g5 d5d4 e3d4 g8d8 c1d2 f7f6 g3g2 d7c6 g5f6 e7f6 d4e5 f6e5 f3f4 e5f6 h5h6 c6d7 g1f3 f6e7 f3e5 d7c7 d1f1 e7f6 e5f7 c8h3 g2h3 d8c8 f4f5 g6f5 f7h8 f6h8 f1h1 c8e6 h3g2 b5b4 a3b4 h8f6 b1a3 a6a5 b4a5 c7d7 h1d1 a8a5 d1c2 b8a6 b2b3 f5f4 b3b4 a5a3 a1a3 d7c7 d2f4 c7d8 c2c1 a6b8 c1f1 f6c3 f4g5 c3f6 g5f6 e6f6 f1f6 d8e8 f6e5 e8d8 g2h1 b8d7
1421,B,cap_draw,150,1.443950,7105,2026-09-05 06:30:14,b1a3 a7a5 d2d3 f7f6 f2f3 e7e6 e1d2 e8e7 h2h3 f6f5 g2g4 b7b5 g4f5 c8b7 f5e6 d7e6 e2e4 c7c6 g1e2 b7a6 e2f4 g8f6 a3b1 f6h5 f4e6 h8g8 f3f4 e7e6 d1h5 d8c8 h5f5 e6e7 f5c8 b8d7 c8c7 a8c8 d3d4 c8c7 h1g1 d7f6 d4d5 c6d5 e4d5 f6d5 f1b5 a6b5 c2c4 b5c4 f4f5 c7c6 a2a4 d5c7 b1c3 g7g6 f5g6 h7g6 g1h1 c6f6 h1f1 f6f1 c3b5 f8h6 d2c2 g8g7 c1h6 f1f2 c2c1 g7g8 b5c7 e7d8 c7b5 c4b5 a4b5 d8c7 a1a5 c7b6 h6d2 g6g5 a5a2 g8c8 c1d1 b6b5 a2a1 b5c6 d1e1 f2f5 a1d1 c8h8 b2b4 h8h3 d1b1 c6b5 b1a1 h3h4 a1b1 h4c4 b1c1 c4c1 d2c1 f5e5 e1d2 b5a4 c1b2 e5e6 b2d4 g5g4 b4b5 g4g3 b5b6 g3g2 b6b7 g2g1q d4g1 e6d6 d2e3 d6b6 b7b8q b6b8 g1f2 a4b3 e3d4 b8h8 d4c5 b3c2 c5c4 h8h6 c4c5 h6h3 f2d4 c2b3 c5b5 b3c2 b5c5 c2d2 c5b5 d2e2 b5c4 h3h2 c4d5 e2d1 d4e3 d1c2 e3g5 h2h5 d5c6 h5g5 c6b7 g5g7 b7c6 g7g6
1422,W,value_resign,53,1.489276,7110,2026-09-05 06:30:29,a2a3 g8f6 e2e3 c7c6 d2d3 d8c7 e1e2 h7h6 d3d4 g7g5 g2g4 d7d6 d4d5 c6d5 b2b4 c8g4 f2f3 b8d7 c1b2 c7b6 f3g4 d5d4 c2c3 f6d5 c3d4 d5e3 d1c1 e3d5 h2h4 f7f5 h4g5 a7a5 b4a5 b6a5 f1g2 a5a4 g2d5 h6g5 h1h8 e8d8 h8h3 d7b8 e2f2 f5g4 h3h7 b8d7 f2g2 a8a6 b1c3 d8e8 c3a4 a6a4 a1a2
1423,W,material_adjudication,72,1.412948,7115,2026-09-05 06:31:52,e2e4 f7f6 b2b3 c7c6 d1g4 a7a5 e1e2 a5a4 d2d4 d7d6 g4f3 e7e6 g2g4 a4b3 a2a3 h7h5 c1f4 e6e5 f4h6 e5d4 c2b3 f6f5 h6g5 d8g5 a1a2 a8a7 h2h4 g5h6 f3d3 f5f4 g4g5 h6e6 d3d4 a7a5 b1c3 b8a6 b3b4 a5e5 f1h3 e6b3 g5g6 c8e6 h3e6 b3e6 g1f3 g8f6 f3e5 c6c5 b4c5 f8e7 e5c4 d6c5 d4d2 a6b4 a3b4 e6c4 e2e1 c5b4 c3b1 f6e4 d2b2 c4a2 b2a2 e7f6 a2b3 h8h7 g6h7 f6e5 b3c2 g7g5 f2f3 g5g4
1424,B,material_adjudication,105,1.469682,7120,2026-09-05 06:32:35,b1a3 a7a5 f2f3 b7b5 f3f4 a8a6 d2d3 b5b4 e2e4 f7f6 a1b1 d7d6 e1d2 c8g4 d1g4 b4a3 g4f3 h7h5 d3d4 g7g5 f1b5 c7c6 g2g3 a6b6 c2c3 a3b2 b5a4 b2c1q b1c1 e8d7 f4g5 f6g5 h2h3 f8g7 a2a3 d7c8 d2c2 d8c7 e4e5 d6d5 c1a1 c8d7 f3f5 d7e8 f5g5 b8d7 g5g7 h8h6 g7g8 d7f8 g3g4 e8d7 g8g5 h6f6 e5f6 d7e8 g4h5 e7f6 g5g2 b6b7 g1f3 b7b5 a4b5 c6b5 g2g3 c7g3 h1e1 e8d8 h5h6 g3f3 e1f1 f3e2 c2b3 f8g6 h6h7 d8c7 h7h8q g6h8 f1e1 e2f2 e1f1 f2e2 f1e1 e2c4 b3b2 c7d8 e1e3 h8g6 a1f1 c4f1 e3f3 f1g2 f3f2 g2h3 c3c4 h3g4 c4d5 g6f4 f2f4 g4f4 b2b3 b5b4 a3a4 f4g5 b3c4
1425,B,material_adjudication,77,1.426770,7125,2026-09-05 06:34:29,a2a3 g8f6 a3a4 b8a6 f2f3 d7d5 e1f2 c8g4 d1e1 g4h3 b2b3 e7e5 b3b4 f8e7 g1h3 c7c6 c1a3 b7b6 e1d1 a8c8 g2g4 h7h5 g4h5 f6g8 h3g5 c8c7 g5f7 e8f7 c2c4 d8c8 c4d5 g8f6 d5c6 c7c6 b4b5 c6d6 f3f4 a6c5 a3c5 b6c5 f4e5 c8f5 f2e1 f5e5 d2d3 e5a1 b1d2 a1d1 e1d1 h8h5 d2e4 d6d8 d1e1 c5c4 d3c4 f7g8 h1g1 e7b4 e1f2 g8h8 e4f6 g7f6 f1g2 h5c5 g1b1 c5c4 g2d5 d8d5 h2h4 d5d8 b1b4 c4b4 h4h5 h8h7 f2e3 h7h6 a4a5
1426,W,material_adjudication,82,1.403901,7130,2026-09-05 06:35:59,d2d3 g7g5 h2h4 f7f6 e1d2 c7c5 f2f3 e8f7 d3d4 b7b6 h4h5 d7d5 b2b4 b8d7 h1h3 c5b4 a2a4 b4a3 e2e4 b6b5 h3g3 f8h6 c2c3 a7a6 b1a3 a8a7 a3b5 g5g4 d2c2 h6f8 b5a7 c8b7 e4d5 d7b6 a1b1 d8d5 c1a3 e7e5 a3b4 h7h6 b1a1 e5d4 c3d4 f8b4 g3g4 b4f8 g4h4 b6c4 f1c4 d5c4 c2b1 c4d5 a1a4 f6f5 g1h3 b7c6 a4a1 d5e6 h3f4 e6d7 g2g4 f5g4 h4g4 d7g4 f3g4 c6d7 d1e2 f8e7 g4g5 h6g5 f4e6 g5g4 e2d2 g8f6 e6c5 f7g7 c5d7 a6a5 d2e3 f6e4 e3c1 e4d6
1427,W,material_adjudication_moderate,88,1.368780,7135,2026-09-05 06:36:42,a2a3 g8f6 e2e3 c7c6 d2d3 h7h5 e1d2 d8c7 g2g4 g7g5 b2b4 c7e5 f2f4 g5f4 g1e2 e5a1 a3a4 f4e3 d2e3 f6g4 e3d2 a1b1 e2c3 h8h6 c3b1 h6h7 c2c3 g4f2 d1c2 d7d6 b4b5 c8f5 b5c6 b7c6 h1g1 f8h6 d2e2 c6c5 c1h6 f5e6 b1d2 a7a5 h6e3 h7h8 e2f2 e8f8 d2b3 e6b3 c2b3 d6d5 f1e2 c5c4 b3a3 c4d3 e2d3 d5d4 e3d4 b8c6 g1f1 c6d4 a3b2 d4e6 d3b5 e6c7 h2h3 c7b5 b2b5 a8c8 h3h4 c8c3 f2e2 c3b3 b5b3 f7f6 f1d1 h8h6 e2f3 f6f5 b3b2 h6e6 b2d2 f8e8 d2g2 e6f6 d1a1 e8f8 g2g3 f8f7
1428,W,material_adjudication_moderate,106,1.357347,7140,2026-09-05 06:40:01,a2a3 c7c6 d2d3 d8a5 b1d2 e8d8 b2b4 a5b5 c2c4 b5h5 g2g4 h5g4 h2h3 g4g6 h3h4 g6h5 f2f4 f7f6 e2e4 h5d1 e1d1 a7a5 d3d4 a5b4 c1b2 h7h6 d1c2 b4a3 a1a3 a8a3 b2a3 d7d6 f1e2 h6h5 h1h3 c8h3 g1h3 g7g5 a3c1 g5h4 e2f3 b8d7 e4e5 g8h6 e5f6 e7f6 d2b1 h6g4 f4f5 g4f2 h3f2 f8h6 c1b2 h4h3 f3h5 d8c7 h5f7 h6f4 f2h3 f4g5 c4c5 h8h3 b1d2 h3h6 d4d5 c6d5 c5d6 c7c6 d2f3 h6h8 c2b3 b7b5 f3g5 f6g5 b2h8 g5g4 h8c3 d5d4 c3d4 g4g3 b3b4 g3g2 d4g1 d7f6 b4a5 c6d7 f7e6 d7d6 a5a6 d6e7 a6b5 e7f8 b5b6 f6e4 b6a7 e4f6 a7a8 f8e7 a8b8 f6e4 b8a8 e4f6 a8b7 e7f8 b7c7 f8e7
1429,B,material_adjudication,75,1.358945,7145,2026-09-05 06:40:31,a2a3 e7e6 h2h4 b7b6 b1c3 f7f6 c3e4 g8e7 a1b1 b8c6 g2g4 g7g5 h4g5 f6g5 d2d3 c6b4 a3b4 e7g6 g1f3 c8b7 c1g5 f8e7 g5d2 a7a5 g4g5 a8a6 d3d4 a5b4 f1g2 e8f7 d4d5 e6d5 f3d4 d8g8 d2e3 d5e4 h1h3 g8g7 d1c1 b4b3 c2b3 c7c5 b3b4 c5d4 b4b5 f7f8 b5a6 e7b4 e3d2 e4e3 a6b7 e3d2 c1d2 b4d2 e1f1 d2f4 b7b8q f4b8 f2f4 g6f4 h3h4 f8f7 e2e3 h7h5 g5h6 h8h6 e3d4 f4e6 g2d5 h6h4 d5e6 f7e6 b1a1 h4g4 f1f2
1430,W,material_adjudication_moderate,100,1.403275,7150,2026-09-05 06:43:13,h2h4 h7h5 b1c3 a7a5 c3d5 g7g6 b2b3 a8a7 a1b1 c7c5 d2d4 e7e6 d5b4 c5b4 g1h3 f7f6 h3f4 h8h7 g2g4 h5g4 f4g6 d7d5 g6f4 h7g7 b1a1 b8c6 a2a4 f8e7 f1g2 e8f8 d1d2 e6e5 d4e5 f6e5 f4d3 b7b6 h1f1 c8b7 g2d5 d8d5 c1b2 d5d4 b2d4 e5d4 a1b1 f8e8 d3f4 a7a8 b1d1 e7f6 f4d5 a8b8 f1g1 f6h4 g1h1 h4f6 h1h5 b8c8 e2e4 d4d3 d2d3 c6d4 d3d2 d4c6 d1c1 g7g6 d5b6 f6g5 h5g5 g6g5 b6c8 b7a6 e1d1 g8f6 d2e1 e8d7 d1d2 d7c8 f2f3 g4f3 e1d1 g5e5 d1f3 c6d4 f3f6 e5e4 f6g5 a6b7 g5g6 c8b8 g6f6 d4e6 d2d1 e6f8 f6f8 b8a7 f8h8 e4e6 h8h7 e6g6
1431,B,material_adjudication,67,1.458518,7155,2026-09-05 06:45:46,h2h4 b7b6 b1a3 e7e5 d2d3 h7h5 a1b1 d7d6 c1d2 e5e4 b2b3 e4d3 g1h3 c8g4 b3b4 a7a5 f2f3 a5b4 e2d3 g4h3 b1b4 a8a4 b4a4 h3d7 e1e2 b6b5 a3b5 f8e7 b5d4 d7a4 d4e6 f7e6 e2e1 g7g5 h4g5 b8a6 f1e2 h5h4 h1h4 h8h4 g2g3 h4h8 d3d4 d6d5 g3g4 c7c6 a2a3 a6c7 c2c4 d5c4 d1c2 d8d4 e2d3 c6c5 c2b1 c4d3 b1c1 c7d5 c1c4 d5c7 c4d4 c5d4 d2c1 e7d8 c1d2 c7b5 d2f4
1432,B,material_adjudication_moderate,77,1.359492,7160,2026-09-05 06:46:48,e2e3 g7g6 a2a3 b8c6 d2d3 g8h6 c2c3 a7a5 d1a4 e7e5 a4d1 a8b8 h2h3 d7d5 g1f3 d5d4 e3d4 f7f6 d4e5 c6e7 e5e6 h6g8 c3c4 c7c6 f3g1 d8c7 d3d4 f8g7 f2f3 g6g5 a1a2 e7f5 b2b4 a5b4 a3b4 f5g3 c4c5 c8e6 f1e2 g3h1 a2a7 f6f5 d4d5 c6d5 c1d2 g7f6 g2g4 d5d4 e1f1 d4d3 e2d3 h1g3 f1e1 c7c8 g4f5 e8e7 g1e2 g3h1 f5e6 h7h5 e2g3 h1g3 d3c4 c8f8 d2c1 f6e5 c4e2 g3e2 e1e2 h5h4 f3f4 e5f4 d1d4 f4c1 b4b5 h8h6 b1d2
1433,W,value_resign,85,1.431464,7165,2026-09-05 06:47:19,a2a3 g8f6 e2e3 c7c6 d2d3 d7d6 f1e2 c8d7 a1a2 a7a5 b2b3 a8a6 c1d2 f6e4 h2h4 e4g3 f2g3 a5a4 h1h2 h7h5 h2h3 b7b5 c2c3 h8h6 b3b4 f7f5 h3h1 g7g5 h4g5 f8g7 g5h6 g7c3 d2c3 d8c8 g1f3 d7e6 h1h4 e6a2 f3g5 a2b1 h4h5 a6a8 d1b1 e7e6 b1d1 f5f4 g3f4 c6c5 b4c5 d6c5 g2g3 b5b4 c3b4 c5b4 a3b4 b8a6 e3e4 a4a3 b4b5 a3a2 b5a6 a8a6 g5f7 e8f7 f4f5 a2a1q f5e6 f7e7 e4e5 a1d1 e1d1 a6e6 h6h7 c8h8 d3d4 h8g7 h7h8q g7h8 h5h8 e6h6 h8h6 e7d7 e2c4 d7e7 h6h5
1434,B,value_resign,76,1.373957,7170,2026-09-05 06:48:49,b1a3 a7a5 b2b3 f7f6 g2g3 a8a6 e2e3 e7e5 f1b5 b8c6 d1h5 g7g6 h5h4 h7h6 b5a6 f8a3 e1f1 a3c1 f1e2 c6e7 a6b5 c7c6 c2c4 b7b6 b5a6 c8a6 g3g4 b6b5 c4b5 c6b5 g1f3 c1b2 a1e1 a5a4 b3b4 e8f8 h4h3 b2c3 d2c3 e5e4 f3d4 a4a3 e1g1 f6f5 g1g3 g8f6 h3g2 f5g4 h1d1 e7g8 d4b3 d8e7 d1d4 a6b7 b3a5 b7d5 g3g4 f6g4 d4d5 g8f6 d5d4 e7e6 h2h3 g4e5 c3c4 b5c4 g2f1 e5f7 d4c4 f8e7 c4c6 d7c6 f2f3 e6f5 f1e1 h8a8
1435,B,material_adjudication_moderate,77,1.382778,7175,2026-09-05 06:49:19,b2b3 c7c6 c2c3 h7h6 h2h3 g7g6 c3c4 e7e6 h3h4 f8b4 a2a3 f7f6 a1a2 b4a3 c1a3 d8c7 h4h5 c7e5 h5g6 e5c7 h1h3 g8e7 h3h4 b7b6 a3e7 e8e7 e2e4 f6f5 d1h5 h8h7 g6h7 c8b7 b1c3 b8a6 d2d3 c6c5 h7h8q a8h8 f1e2 h8f8 h4h1 e6e5 h1h4 a6b4 a2b2 f8f7 h5h6 c7c6 h6g6 e7f8 e1d1 c6g6 e2f3 g6g7 h4h5 b4d3 h5f5 f7f5 e4f5 f8e8 f3b7 d3b2 d1e1 a7a5 b7a6 e8d8 g2g4 d8e7 g4g5 e7d6 f2f4 e5f4 f5f6 g7f7 c3e4 d6c7 e4d2
1436,B,material_adjudication,73,1.408902,7180,2026-09-05 06:50:35,b1a3 h7h6 a1b1 e7e5 b2b3 f8c5 b1b2 e8e7 f2f4 d7d5 d2d3 e7f8 c2c3 g7g5 g1f3 e5f4 d1c2 d5d4 f3d4 g8e7 c3c4 c5d4 c1f4 g5f4 e2e4 b8d7 a3b1 d4e5 b1a3 f8g7 d3d4 e5d4 f1d3 d4b2 c2b2 d7f6 e4e5 c7c6 e5f6 g7f8 a3c2 f4f3 f6e7 f8e7 h2h3 b7b5 b2h8 d8h8 c4b5 c6b5 a2a4 c8d7 a4b5 a7a6 b5a6 a8c8 g2f3 e7e8 c2a1 h8f6 h3h4 f6g7 h1h3 e8d8 a6a7 d7h3 a7a8q c8a8 f3f4 d8c8 d3e4 f7f6 e4d5
1437,W,material_adjudication,116,1.393585,7185,2026-09-05 06:51:07,e2e3 g7g6 f2f3 g6g5 h2h3 e7e6 a2a3 b8c6 g2g3 g8e7 d2d4 e7d5 c2c4 c6e7 c4d5 e7d5 e3e4 d5f6 e4e5 g5g4 h3g4 d8e7 h1h4 h8g8 h4h3 d7d6 a3a4 f8g7 h3h1 e8d8 a4a5 f6d5 e5d6 c7d6 b1c3 g7d4 d1d4 d5c7 c3e2 d8d7 f1h3 e6e5 d4a4 b7b5 a5b6 d7d8 c1d2 c8d7 d2c3 d7a4 b6c7 d8c7 a1a4 d6d5 a4a2 a8f8 c3d2 e5e4 f3f4 a7a6 g4g5 f8a8 f4f5 f7f6 g5f6 e7f8 d2g5 g8g5 e1f2 f8f6 f2e3 f6d6 g1f3 e4f3 g3g4 c7b8 e2d4 d6e7 d4e6 e7b7 e6g5 a6a5 g5h7 b7h7 f5f6 h7f7 g4g5 a5a4 e3d3 f7f8 h1b1 f3f2 h3f1 f8d6 f1g2 d6e5 g2f3 d5d4 f3a8 b8a8 a2a1 f2f1q b1f1 e5g5 f6f7 g5e7 f1h1 e7d7 h1f1 d7f7 f1f7 a4a3 b2b4 a8b8 a1a3 b8c8
1438,W,material_adjudication_moderate,97,1.410852,7190,2026-09-05 06:51:36,h2h4 b7b6 b2b3 c7c6 c1a3 e7e6 h1h3 f8a3 c2c3 h7h5 b1a3 e8e7 g2g3 d7d5 a3c2 b8a6 e2e4 a6c5 e4d5 e6d5 c3c4 c8g4 h3h2 g4e6 d1f3 h8h6 c4d5 e6d5 f3f4 a8c8 f1h3 g8f6 f4g5 c5d7 a2a3 d5b3 c2e3 c6c5 a1b1 b3c2 e3c2 d8c7 a3a4 a7a5 b1c1 c8d8 g5g7 c5c4 g7h6 c7c8 f2f4 d7b8 f4f5 b8c6 h2g2 d8g8 g2h2 g8g3 h6g5 g3g5 h4g5 f6e8 h2g2 c8d7 f5f6 e8f6 g5f6 e7d6 g2h2 d7c7 g1f3 c6b4 c2d4 b4a2 d4b5 d6d5 b5c7 d5d6 c1b1 d6c7 b1b4 a5b4 e1e2 b4b3 d2d4 c7b7 a4a5 b3b2 a5a6 b7a6 f3d2 a6b5 h2h1 b2b1q d2b1 h5h4 b1c3
1439,W,value_resign,85,1.382594,7195,2026-09-05 06:52:47,b1a3 h7h5 h2h4 b8c6 c2c3 a7a5 a3c2 d7d5 g2g3 e7e5 g1f3 e8e7 d2d3 d5d4 b2b4 h8h6 c1h6 a5b4 c3b4 a8a3 c2a3 e5e4 f3e5 e4e3 h6g5 f7f6 d1c2 f6g5 e1d1 g5h4 g3h4 c8e6 e5g6 e7d7 f1h3 b7b6 h3e6 d7e6 g6h8 g7g5 f2f3 d8e8 b4b5 c6e7 h4g5 e6e5 a3c4 e5e6 h1g1 e8b5 a2a4 b5b4 a4a5 b6b5 c4e5 e6e5 g5g6 c7c5 g1g2 e7g6 h8g6 e5d6 a5a6 b4c3 g2h2 c3a1 c2c1 a1a6 g6f8 c5c4 d3c4 b5c4 h2h1 d6e7 f8h7 g8f6 h7f6 e7f6 c1b1 a6b6 b1b6 f6e7 b6c7 e7e6 h1g1
1440,W,material_adjudication,68,1.409657,7200,2026-09-05 06:52:48,h2h4 h7h5 a2a3 b8c6 a3a4 a8b8 e2e4 c6d4 b2b4 a7a5 g1h3 d7d6 b4a5 c8d7 c2c3 e7e5 c3d4 e5d4 e1e2 f8e7 e2f3 b7b6 b1a3 g7g6 a3c2 d4d3 f1d3 c7c6 a5b6 f7f5 d3e2 b8b6 a4a5 b6b8 a5a6 g8f6 d2d3 f5e4 d3e4 d6d5 e4e5 f6e4 c1e3 e4c3 d1f1 b8a8 f3f4 a8a6 a1a6 c3b1 h3g5 d5d4 e3d2 d4d3 e2d3 h8g8 g2g3 b1d2 f1e2 g8f8 f4e3 d2c4 d3c4 f8f5 c4f7 e8f8 h1d1 f8g7
1441,B,material_adjudication,66,1.490086,7205,2026-09-05 06:53:04,e2e3 g7g6 h2h3 c7c6 e3e4 h7h5 d2d4 g8h6 a2a3 d8b6 f2f3 h8g8 c2c4 f8g7 b1c3 e8f8 c1g5 c6c5 f3f4 f7f5 e4e5 c5d4 d1b3 b6b3 e1f2 b8a6 c3e4 b7b6 g1f3 f8e8 a1b1 f5e4 g5h6 g7h6 f3e1 h6g7 h3h4 b3a2 h1h3 d4d3 f2g3 a6c5 b1a1 a2a1 b2b3 e8d8 b3b4 c5a4 b4b5 e7e6 c4c5 g7f6 c5c6 f6e7 c6c7 d8c7 e1c2 e7c5 c2a1 g8f8 f1d3 c8a6 d3c4 a6b5 a1b3 a7a6
1442,W,material_adjudication_moderate,76,1.429479,7210,2026-09-05 06:53:18,d2d3 b7b6 c1g5 d7d6 e2e4 a7a6 a2a3 d6d5 g5e7 e8e7 d3d4 c8f5 e4f5 d8c8 g2g4 b6b5 d1d3 h7h5 f2f4 f7f6 g1f3 c8e8 g4h5 c7c5 d3d1 c5c4 f3g5 e8d8 g5e6 d8c8 a1a2 b8c6 a2a1 c6b4 a3b4 c8b7 b1c3 a6a5 b4a5 a8a5 a1a5 b5b4 h5h6 b4c3 b2c3 g8h6 a5a3 h6f5 e6f8 h8f8 a3a4 f5e3 d1e2 f8c8 a4a1 b7b2 e2e3 e7d8 e3d2 b2a1 e1f2 d8e8 f2e2 a1a2 h1g1 a2a7 e2d1 a7d7 f1e2 d7b7 g1f1 b7b8 d1c1 b8a7 e2h5 g7g6
1443,B,material_adjudication_moderate,105,1.392836,7215,2026-09-05 06:55:14,h2h4 b7b6 b2b3 h7h5 h1h3 e7e5 h3f3 d7d5 b1c3 d8e7 e2e3 e8d8 f1b5 b8d7 b5c4 h8h6 c3d5 h6d6 d5e7 f8e7 a1b1 e5e4 f3f4 d7b8 e1e2 b6b5 b1b2 c7c6 g2g4 b5c4 g4h5 c8e6 f4e4 g8f6 e4c4 e6g4 f2f3 g4d7 e2f1 d6d5 e3e4 d5e5 g1e2 b8a6 e2d4 e5h5 d1e2 h5h4 e2e3 a8b8 f3f4 c6c5 d4f3 h4f4 e3f4 d7e8 f4e3 a6b4 e4e5 f6g4 f3d4 g4e3 d2e3 c5d4 c4d4 d8c7 e5e6 f7e6 c1d2 e6e5 d4b4 e7b4 d2b4 b8b4 a2a3 b4g4 e3e4 g4h4 b3b4 c7c6 f1g2 h4f4 c2c3 e8f7 a3a4 g7g6 g2g3 g6g5 b2b1 f4e4 g3f3 f7g6 b1d1 g6f5 d1d3 e4c4 d3d1 f5d7 d1c1 a7a6 f3f2 c6b7 c1b1 d7e6 f2e1
1444,W,checkmate,71,1.409308,7220,2026-09-05 06:57:10,h2h4 h7h5 e2e4 a7a5 b2b3 b8c6 a2a4 e7e5 c1b2 a8b8 a1a2 f8c5 a2a1 g8e7 b2c3 f7f5 d2d3 c6d4 c3d2 c5b6 f2f3 d4e6 d1e2 e6g5 h4g5 f5e4 d3e4 b6c5 d2a5 h5h4 b1c3 d7d6 f3f4 h4h3 h1h3 c8h3 g1h3 d8c8 f4e5 e7f5 e4f5 c7c6 e5d6 c5e3 e2e3 c8e6 g2g4 e6e3 f1e2 b8a8 a5c7 a8c8 c3d5 c6d5 f5f6 e3e4 f6g7 h8g8 h3f2 e4d4 a1c1 d4g7 e1d2 d5d4 d2e1 g8f8 f2d3 f8g8 d3f4 e8d7 e2b5
1445,W,material_adjudication_moderate,76,1.383326,7225,2026-09-05 06:58:47,b2b4 f7f5 a2a4 a7a5 b4a5 e8f7 f2f4 c7c6 a1a3 c6c5 d2d3 g8h6 c1d2 d8a5 d2a5 a8a5 g1h3 d7d5 c2c3 e7e6 d1c1 a5a4 a3a4 f7e7 a4d4 h8g8 c1b2 c5d4 h3g5 d4c3 b2c3 b7b5 h2h4 b5b4 c3e5 b8d7 e5e6 e7d8 h1g1 f8e7 e6d5 c8b7 d5b3 d7b6 d3d4 e7g5 h4g5 b7d5 b3d5 b6d5 g5h6 d5b6 g2g3 g7g6 f1g2 b4b3 b1c3 b3b2 e1f2 d8e8 g1b1 b6c4 d4d5 c4d2 b1b2 g6g5 b2a2 g5f4 a2a1 f4g3 f2e3 d2b3 a1h1 e8d7 g2f3 g3g2
1446,W,material_adjudication,76,1.448264,7230,2026-09-05 07:04:54,h2h4 b7b6 b1a3 h7h5 d2d4 a7a5 f2f3 b8c6 b2b3 c8a6 g1h3 e7e5 h3f4 c6d4 e2e3 f8a3 f1a6 a8a6 a1b1 d7d5 f4h5 h8h5 c1d2 d4c6 c2c3 c6e7 g2g4 h5h8 b3b4 d8d6 b4a5 g7g5 a5b6 c7b6 h4g5 h8h1 e1e2 d6c5 d1e1 e7g6 b1a1 e8f8 e1c1 b6b5 c1c2 a6a8 d2e1 c5c4 e2f2 a8d8 f2g2 h1h8 a1b1 d8a8 b1b3 a8d8 b3a3 d5d4 c3d4 d8d4 e3d4 c4d4 a3d3 d4b6 d3d1 b5b4 e1d2 b6d8 d2b4 g6e7 d1d8 f8g7 b4c5 h8h5 c2c1 h5h4
1447,W,material_adjudication,66,1.446822,7235,2026-09-05 07:04:55,h2h4 b7b6 b2b3 h7h5 h1h3 d7d6 b1a3 e7e5 h3h1 c8g4 d2d3 b6b5 c1g5 a7a6 g5d8 e8d8 d1c1 a8a7 e1d2 h8h6 c2c3 g4e6 e2e4 b8c6 f1e2 c6b4 g1f3 a7b7 f3g5 d6d5 g2g4 h5g4 g5e6 f7e6 c3b4 g7g5 e2g4 h6h4 h1h4 g5h4 f2f4 e5f4 d2c2 d5e4 d3e4 c7c5 b4c5 d8e8 c1d1 f8e7 c2d2 e7f6 c5c6 b7c7 d1c1 c7c6 c1c6 e8d8 b3b4 h4h3 c6b6 d8d7 b6a5 g8h6 g4h3 h6f5
1448,W,checkmate,83,1.451597,7240,2026-09-05 07:05:40,h2h4 h7h5 d2d4 b8c6 b2b3 g8h6 e1d2 h8g8 f2f3 c6d4 c1b2 d4b5 a2a4 d7d5 a4b5 c7c6 b2a3 c6b5 a3d6 c8e6 g2g4 e6d7 d6e5 a7a6 b3b4 h5g4 e2e3 g4f3 g1f3 a6a5 b4a5 d5d4 f3d4 a8b8 e5b8 d8b8 f1b5 e7e5 b5d7 e8d7 b1a3 f8a3 a1a3 e5d4 e3d4 b8c8 d4d5 f7f5 c2c3 f5f4 a5a6 d7d6 a6b7 c8b7 c3c4 h6f5 a3h3 f4f3 d1f3 g8b8 f3c3 b8a8 c4c5 d6d5 d2e2 b7c6 c3c1 c6c5 c1c5 d5c5 e2d1 c5b4 d1c1 a8c8 c1b1 c8c4 b1a1 b4a4 a1a2 c4d4 h1b1 d4c4 h3a3
1449,W,value_resign,57,1.405860,7245,2026-09-05 07:06:11,h2h4 b7b6 b2b3 c7c6 g2g4 e7e5 c2c3 g7g6 g4g5 f7f6 f1h3 e8e7 g5f6 g8f6 d2d4 f6h5 d4e5 a7a5 d1d3 d7d6 e5d6 e7f7 d3d2 c8h3 h1h3 a8a7 a2a3 b6b5 b3b4 f8g7 e1f1 g7h6 d2h6 g6g5 h6g5 d8g5 h4g5 h5f4 e2e4 h8c8 c1b2 f4h3 g1h3 b8a6 d6d7 c8c7 f1g2 f7g6 c3c4 b5c4 b4a5 a6b4 a3b4 c7d7 b2c3 a7a6 g2f3
1450,W,value_resign,39,1.399799,7250,2026-09-05 07:06:42,d2d3 b7b6 c1g5 d7d6 b1d2 f7f6 e2e3 e7e5 g5h6 g7g5 b2b4 a7a5 d1e2 e8d7 b4b5 f8g7 h6g7 g8e7 g1h3 h8f8 g2g3 g5g4 f2f3 g4h3 h1g1 e5e4 g7h8 e4f3 d2f3 e7d5 f1h3 f6f5 c2c4 d5c3 h8c3 h7h5 f3d4 b8a6 b5a6
1451,W,material_adjudication_moderate,76,1.386191,7255,2026-09-05 07:07:50,a2a3 g8f6 e2e3 c7c6 b2b4 e7e5 f1e2 f8c5 g2g3 e8e7 b4c5 d8c7 c1b2 b8a6 a1a2 e5e4 c2c4 a6b8 f2f4 e4f3 e2f3 f6g8 g1h3 h7h6 h3g1 d7d5 c5d6 c7d6 g1e2 c8d7 b2g7 d6f6 g7h8 f6h8 e1g1 g8f6 g3g4 d7g4 f3g4 h8g8 a2a1 g8g4 g1f2 g4f5 f2g1 f5e4 b1c3 e4e5 h2h3 b8d7 a3a4 a7a5 d2d3 h6h5 d1c2 a8a7 c2b2 a7a8 g1h1 e7e8 h1g1 a8d8 h3h4 b7b6 g1f2 e5c7 c3d1 f6g8 b2c2 c7b7 d3d4 b7c7 f2g1 f7f5 d4d5 c6d5
1452,W,material_adjudication_moderate,86,1.473797,7260,2026-09-05 07:08:51,a2a3 g8f6 h2h4 d7d6 h1h3 a7a6 a1a2 c8g4 h3e3 g4e6 a3a4 h8g8 e3h3 d8d7 a2a1 e6h3 g1h3 f6e4 b2b3 e7e6 g2g4 b7b6 c1b2 d7a4 a1a4 g7g6 a4c4 f7f5 d2d3 h7h6 g4g5 h6g5 h3g5 e4g5 h4g5 c7c6 f1g2 a8a7 c4c3 c6c5 b1d2 b8d7 d2f3 f8g7 d1a1 f5f4 a1d1 a7a8 c3c4 a6a5 b2c3 a8c8 d3d4 c5d4 c3d4 d6d5 c4c8 e8e7 d4b6 d7b6 d1d2 b6c8 f3d4 g7d4 c2c3 d4e3 d2d3 c8b6 d3c2 e7e8 f2e3 f4f3 g2f3 g8h8 c2c1 b6d7 f3d5 e6d5 c3c4 h8g8 c1b1 d5d4 b1c2 a5a4 b3a4 d4e3
1453,B,material_adjudication_moderate,105,1.412090,7265,2026-09-05 07:09:37,h2h4 h7h5 b1c3 b8c6 d2d4 a8b8 a2a4 b7b6 b2b3 c6d4 c1b2 d4c2 d1c2 c7c6 c2h7 h8h7 c3d5 c6d5 e1d2 g7g5 h4g5 f7f5 d2c1 b6b5 c1b1 a7a5 a4b5 f8g7 b5b6 g7b2 b1b2 h5h4 a1b1 e8f7 h1h3 d8b6 b2c1 b6b7 b1a1 b7a8 a1b1 c8b7 c1b2 h7g7 e2e4 b7c8 e4d5 e7e6 d5d6 e6e5 b1c1 b8b6 b2a1 b6b5 h3h4 c8b7 c1c5 b7d5 c5d5 a5a4 d5b5 a4b3 a1b2 a8c8 b5b4 c8c5 b4b3 c5d6 g5g6 f7g6 b2a2 d6e7 b3b2 e7h4 g1f3 h4e4 b2b3 g7h7 f1e2 e4d5 g2g4 d5e4 b3d3 e4d3 e2d3 g6f6 d3f5 h7h8 f5g6 f6g6 g4g5 e5e4 f3e1 d7d5 a2b3 e4e3 f2e3 g6g5 e3e4 d5e4 b3c4 g8f6 c4d4 f6d7 d4e4
1454,W,material_adjudication,66,1.392940,7270,2026-09-05 07:09:38,a2a4 g7g6 g2g4 h7h5 a4a5 h5g4 d2d3 g8h6 g1f3 c7c5 d1d2 b8c6 f3e5 h8g8 h2h4 c6a5 e2e4 g8h8 e5d7 h6f5 e1e2 f5h4 a1a5 c8d7 d3d4 h8h6 d4c5 d7c6 b2b4 a8b8 d2d3 g6g5 c1g5 h6g6 g5h4 b7b6 a5a7 d8d3 e2d3 b6c5 h1g1 f7f5 e4f5 g6d6 d3e3 c6d7 b4c5 b8b1 c5d6 b1b6 f5f6 d7e6 c2c4 e8f7 g1g3 e6c4 f6e7 c4a6 d6d7 a6f1 d7d8q f8e7 e3d4 f1h3 d4c3 h3g2
1455,B,material_adjudication_moderate,76,1.364724,7275,2026-09-05 07:10:36,e2e3 a7a5 h2h3 f7f5 b1a3 f5f4 e3f4 g8h6 d1g4 h6g8 g4g5 a8a7 f1b5 c7c6 g2g3 d7d5 d2d4 c8e6 e1e2 c6b5 c1d2 b8c6 a3b5 h7h6 b5a7 h6g5 e2f1 c6b8 a1b1 e6h3 g1h3 g5g4 h3g5 h8h1 f1g2 h1b1 f4f5 g8f6 a7c6 b8c6 g5e6 d8c8 b2b3 g7g5 d2g5 b1b2 a2a4 c8c7 e6c7 e8f7 g5d2 e7e5 d4e5 d5d4 c7e6 f6e8 d2c1 b2c2 c1g5 c6e5 e6d4 c2c7 f2f3 g4f3 g2g1 f8g7 g1f1 g7f6 g5f6 f7f6 d4f3 e5g4 f3d4 b7b6 d4e6 c7f7
1456,B,value_resign,44,1.383526,7280,2026-09-05 07:10:37,d2d4 g8f6 e2e3 f6h5 g2g4 g7g5 b2b4 f7f5 f2f3 f5g4 e3e4 e8f7 b1d2 c7c6 f3g4 c6c5 f1d3 a7a5 d1e2 a5b4 d3b5 a8a2 a1a2 d7d6 d4c5 c8g4 e2c4 g4e6 c2c3 e6c4 d2c4 b4c3 a2a7 b8c6 b5c6 b7c6 h2h4 d6d5 a7d7 d8d7 h1h2 e7e6 c1b2 d5c4
1457,B,material_adjudication,73,1.430991,7285,2026-09-05 07:11:31,h2h4 b7b6 b2b3 e7e6 h1h3 g7g5 e2e4 f7f6 h3h2 c8b7 f1b5 a7a5 b5c4 d7d6 d1h5 e8d7 e1d1 g8h6 c4e6 d7e6 h5e2 b7e4 e2e4 e6f7 e4a8 d6d5 d2d4 h6f5 f2f3 g5h4 h2h4 f5h4 a2a4 b8d7 a8a7 f6f5 b1d2 h4g2 a1a2 f8e7 a7b7 f7g8 b7a7 h7h6 f3f4 h8h7 g1e2 h6h5 a2b2 h7h6 e2g3 g2e3 d1e2 e3g2 e2f1 g2e3 f1e1 e7d6 e1e2 e3g2 e2f1 g2h4 d2f3 h4f3 g3h5 d8f8 a7c7 d6c7 b2a2 f8d8 f1f2 d7f6 c1b2
1458,B,material_adjudication,83,1.455464,7290,2026-09-05 07:11:45,b2b4 a7a5 e2e3 d7d6 f2f3 g7g6 c2c3 e8d7 h2h3 e7e6 e1e2 a5b4 d2d4 g6g5 a2a4 b4c3 a1a3 f8h6 g2g4 d8f6 b1c3 c7c6 c3e4 f6g7 h3h4 f7f5 h4g5 f5e4 f3f4 d6d5 a4a5 g8e7 g5h6 g7h6 f1g2 h6g7 g4g5 c6c5 c1d2 e7f5 d4c5 d5d4 e3d4 e4e3 g2f3 e3d2 e2d2 f5d4 d2c3 b8c6 a3a1 d7e8 f3e4 c8d7 h1h3 h7h5 g5h6 h8h6 h3h6 g7h6 g1f3 d4f3 e4f3 h6g7 c3d2 e8d8 a5a6 c6b8 a6b7 a8a1 d1a1 g7a1 d2c2 d7c6 f3c6 b8c6 b7b8q c6b8 f4f5 a1a2 c2c3 e6e5 c3b4
1459,B,material_adjudication_moderate,76,1.478751,7295,2026-09-05 07:11:46,h2h4 h7h5 b1c3 g8h6 f2f4 b8c6 a1b1 a7a5 c3d5 c6d4 d5b6 c7b6 c2c3 d7d6 c3d4 a8b8 d4d5 c8d7 g2g3 b6b5 h1h2 d8c7 d1b3 b8c8 b3c3 d7f5 d2d4 c7c3 b2c3 f5d3 c1d2 d3b1 f1g2 g7g6 c3c4 b5c4 d2e3 b7b6 g1h3 h6f5 g2f3 f8g7 e3c1 f5g3 h3g5 g7f8 g5e4 f8g7 c1d2 g7f8 e1f2 f8g7 f2g3 g7h6 h2h3 f7f6 d2e1 g6g5 f4g5 h6g7 a2a3 f6f5 g5g6 f5e4 f3e4 g7h6 e4f3 h6e3 g6g7 h8g8 a3a4 g8g7 g3h2 c4c3 h2h1 e8d7
1460,W,value_resign,31,1.513097,7300,2026-09-05 07:16:33,a2a3 g8f6 a3a4 b8a6 e2e3 g7g6 b2b4 e7e5 g1f3 f6d5 h2h3 d5e7 f3e5 a8b8 c1b2 b7b5 g2g4 f7f6 e5f7 b5a4 f7d8 c7c5 a1a4 a6c7 b4c5 b8b6 b2e5 c7a6 b1a3 b6b1 a3b1
1461,W,value_resign,55,1.385806,7305,2026-09-05 07:18:45,g1h3 e7e6 h1g1 a7a6 b1c3 h7h5 a2a4 h8h6 f2f4 f8e7 c3d5 e6d5 g2g3 g7g6 f4f5 e7g5 h3f4 d5d4 f4d3 f7f6 a1b1 h6h8 f5g6 d7d5 g1g2 h5h4 g6g7 h4g3 g7h8q a6a5 g2g3 b7b6 h8g7 g5e3 d3e5 d4d3 c2c4 d5c4 e5g6 c7c5 d2e3 a8a6 d1d2 c4c3 d2c3 g8e7 g6e7 d8e7 h2h3 e7g7 g3g7 b6b5 b2b3 e8f8 c1d2
1462,B,value_resign,48,1.481075,7310,2026-09-05 07:20:47,a2a3 g8f6 e2e3 c7c6 d2d3 d7d6 e1d2 c8d7 g1e2 f6e4 d3e4 g7g6 h2h3 e7e5 h3h4 f8e7 g2g4 d8c7 a3a4 b8a6 a4a5 a8b8 e2c3 d7g4 d1e1 h8f8 f1h3 f7f5 a1a2 g4h3 h1h3 f5e4 h4h5 g6h5 h3h5 e8d7 c3d1 a6b4 f2f3 b4a2 c2c3 f8f3 e1f1 f3f1 h5e5 d6d5 e5d5 d7e8
1463,W,value_resign,39,1.435580,7315,2026-09-05 07:20:48,g1h3 c7c5 d2d4 h7h5 e1d2 d7d6 h1g1 b7b6 f2f4 e8d7 c2c3 a7a6 b2b4 c5b4 e2e4 e7e5 d1c2 b4c3 c2c3 f8e7 f4e5 h8h6 e5d6 d7d6 a2a3 f7f5 a1a2 f5e4 f1a6 b6b5 a6c8 d8c8 c3c8 b8a6 c8a8 a6c7 a8b7 g8f6 a2b2
1464,W,material_adjudication_moderate,110,1.508477,7320,2026-09-05 07:22:22,a2a3 c7c6 f2f3 d8c7 d2d3 c6c5 c2c4 a7a5 c1f4 c7f4 g2g4 f7f6 h2h3 e8f7 a1a2 e7e6 e2e3 f4g3 e1e2 g7g6 d1e1 g3e1 e2e1 a8a6 d3d4 b7b6 a2a1 e6e5 d4c5 c8b7 c5b6 f8g7 g1e2 f7e7 g4g5 f6g5 c4c5 e5e4 f3e4 b8c6 e2c1 g7b2 f1a6 b2a1 a6b7 a1f6 b7c6 d7c6 e4e5 f6e5 b6b7 g8f6 c1d3 e5c7 b7b8q h8b8 h1f1 g5g4 h3g4 f6g4 f1f3 b8b1 e1e2 g4h2 f3f1 g6g5 f1b1 g5g4 b1b2 g4g3 a3a4 h7h5 e3e4 g3g2 e2f2 e7e8 f2g2 h2g4 g2f3 e8e7 b2b3 e7d8 f3e2 d8e8 e4e5 g4e5 d3e5 c7e5 b3h3 e8e7 h3h5 e5d4 e2d3 d4c5 h5c5 e7d6 d3c4 d6e6 c4d4 e6d6 d4c4 d6e6 c4d4 e6d6 d4c4 d6e6 c4d4 e6d6 d4c4 d6c7
1465,W,value_resign,61,1.454721,7325,2026-09-05 07:23:22,g1f3 b7b5 c2c4 f7f6 e2e4 e7e6 h2h4 c7c6 f3d4 g8e7 h1h3 d7d5 e1e2 d5c4 d4e6 a7a5 e6d8 c8h3 g2h3 e8d8 h4h5 b8d7 d1c2 d8c7 d2d4 g7g5 d4d5 a5a4 b2b3 a4b3 a2b3 a8a1 c2b2 a1a8 d5c6 c7c6 b3c4 b5c4 e2e3 d7c5 f1c4 g5g4 h3g4 h7h6 b2f6 c6d7 f6h8 c5e4 e3e4 f8g7 h8g7 d7e8 c4e6 a8d8 g4g5 h6g5 c1e3 e7c8 h5h6 d8d7 f2f3
1466,W,material_adjudication,76,1.367649,7330,2026-09-05 07:24:07,h2h4 h7h5 g1h3 f7f6 b1c3 a7a5 h3g1 g8h6 b2b4 c7c6 b4b5 d7d5 c3d5 e8f7 b5b6 e7e6 d5c3 a8a7 d2d4 d8b6 f2f3 b6c7 c3a4 h6g4 a1b1 f6f5 c2c3 g4e3 c1e3 a7a8 e3g5 c6c5 g1h3 c5d4 c3d4 g7g6 d4d5 f8b4 g5d2 h8d8 d1c1 b4d2 c1d2 d8d5 d2g5 c7e5 f3f4 e5e4 b1c1 f7g7 c1c8 b8c6 c8a8 d5d4 a8e8 g7f7 e1f2 f7e8 a4c5 c6b4 c5e6 b4a2 e6d4 b7b6 f2e1 e4d4 h1g1 d4c3 e1f2 e8f8 g5g6 f8e7 g6h6 e7e8 h6g5 e8f8
1467,B,material_adjudication_moderate,76,1.450349,7335,2026-09-05 07:24:52,b1a3 a7a5 f2f3 c7c6 e2e4 b8a6 g2g3 f7f6 e1e2 a8b8 d2d4 a6c7 b2b3 d7d6 c2c3 a5a4 b3b4 e7e5 a3c2 a4a3 d4e5 d6e5 d1d8 e8d8 f3f4 g7g6 f1g2 e5f4 c1f4 b7b5 f4c7 d8c7 g2f3 f8d6 h2h3 d6g3 e2f1 c7b6 c2a3 c8e6 a3c2 g3e5 a1d1 h7h6 f1e2 e6a2 c3c4 b5c4 e2d2 a2b3 g1e2 b3c2 d2c2 f6f5 e4f5 g6f5 c2d2 c6c5 h1e1 c5b4 d2c1 c4c3 d1d5 e5f6 c1c2 b6a7 h3h4 f5f4 e1h1 h8h7 h1h3 h6h5 d5d1 a7b6 e2c1 b6c5
1468,B,material_adjudication,73,1.427908,7340,2026-09-05 07:25:21,h2h4 a7a5 b2b3 a5a4 g2g3 e7e6 c2c3 a4b3 f2f3 d7d6 d1b3 b8d7 g3g4 a8a7 f3f4 b7b6 c3c4 f7f5 a2a4 d8g5 h4g5 g8h6 e1f2 h6g4 f2g2 g7g6 g1f3 f8g7 b3b2 g7b2 c1b2 c7c6 b2d4 a7c7 f3h4 e6e5 d4c3 c8b7 e2e3 d7c5 a4a5 e5f4 c3h8 f4e3 h4f3 b6a5 h8b2 b7a6 f1d3 c5d3 b1a3 c7d7 g2g3 d3b2 h1h7 e3e2 a1b1 b2a4 h7d7 e8d7 b1b3 c6c5 f3e1 a6c8 e1d3 c8a6 d3f4 e2e1q g3f3 g4f2 f4d3 e1d2 b3b2
1469,B,value_resign,60,1.393200,7345,2026-09-05 07:26:03,d2d3 b7b6 b1c3 h7h6 f2f4 c7c6 c3b1 e7e5 b1d2 f7f6 f4e5 f6e5 e2e3 f8e7 g2g4 c6c5 e1f2 a7a5 g1f3 c8b7 f3e5 b7h1 d1e2 h1c6 f1g2 a8a6 g2e4 c6b7 e4b7 e7d6 b7a6 b8a6 e5g6 d8f6 f2e1 f6g6 b2b3 g6f6 c1b2 f6b2 a1b1 b2a2 b1b2 a2b2 c2c3 a5a4 h2h3 a4b3 c3c4 a6b4 e2d1 d6f4 d1e2 e8f7 g4g5 f4g3 e1f1 b2a2 d3d4 g3h2
1470,W,material_adjudication,66,1.482805,7350,2026-09-05 07:26:18,d2d3 h7h5 c2c3 b7b6 c1d2 h5h4 f2f4 d7d6 b2b3 c8f5 g1f3 e7e6 f3e5 f8e7 b1a3 g7g6 a1b1 c7c6 e5c4 e8d7 a3b5 c6b5 c4b6 d8b6 d1c2 h4h3 a2a4 b5a4 b3a4 f7f6 e2e4 b6d8 d2c1 a7a6 e4f5 e6e5 d3d4 h3g2 f1g2 e5d4 g2a8 d4c3 h2h3 g6g5 a8f3 d6d5 c2c3 g5g4 f3g4 d5d4 c3d3 d7e8 e1g1 g8h6 b1b3 h6g4 h3g4 d8d5 b3b8 e8d7 b8h8 a6a5 h8h6 d5c6 g1h2 c6b7
1471,W,cap_draw,150,1.465237,7355,2026-09-05 07:27:13,a2a3 g8f6 e2e3 d7d6 f2f3 b8a6 d2d3 a8b8 c2c3 a6c5 f3f4 d8d7 b2b4 c5e6 f4f5 e6f4 c1d2 f4d5 c3c4 d7f5 c4d5 f6d5 g2g4 f5g4 d1e2 e7e5 g1f3 g4f5 e3e4 e8e7 e4d5 a7a5 f3d4 f5g6 e2f3 c8g4 f3e3 g4c8 d4f3 e7d7 f1e2 g6h6 e3h6 g7h6 h2h3 a5b4 a3b4 h8g8 f3h4 g8g3 b1a3 f7f6 h4f5 c7c6 h1h2 c6d5 a3c2 d5d4 c2d4 e5d4 f5d4 d7e7 h2f2 c8h3 a1b1 b7b5 b1d1 h6h5 d4f5 h3f5 d3d4 f5c2 e2f3 f8g7 d1c1 g3f3 f2f3 f6f5 c1c2 g7f6 f3d3 f5f4 d4d5 h5h4 c2b2 f6b2 d2f4 b8f8 f4d2 h7h5 d3h3 b2a3 h3h4 a3b4 h4h5 b4d2 e1d2 b5b4 d2c2 b4b3 c2b3 f8f2 b3a4 e7d7 a4a5 d7e8 a5a6 e8f8 a6a7 f8e8 a7a8 e8f8 h5h4 f8e8 h4h5 e8f8 h5h4 f8e8 h4h3 e8f8 h3e3 f8f7 a8b7 f2h2 b7b6 h2h5 e3d3 h5h6 d3e3 f7f6 e3e2 f6f5 b6b7 f5f4 e2e6 h6h2 e6e1 f4g3 b7c7 g3g2 e1d1 h2h7 c7d6 h7f7 d1a1 g2f2 d6e6 f7f5 e6f5 f2g2
1472,W,material_adjudication,66,1.421731,7360,2026-09-05 07:27:14,e2e3 a7a5 f2f4 a8a6 c2c4 h7h5 g2g3 a5a4 d1f3 f7f5 f3d5 h5h4 g3h4 c7c6 d5f3 e8f7 f1d3 a6b6 d3f5 g8f6 c4c5 d7d5 d2d3 c8f5 c5b6 g7g6 e3e4 d5e4 e1f1 f8g7 d3e4 f5e4 f3e4 f6e4 g1f3 e4c3 b2c3 f7f8 f1f2 d8d7 f2e2 g7c3 b1c3 f8g7 c1d2 a4a3 a1b1 d7e6 e2f2 e6f6 c3e4 h8h4 e4f6 e7f6 f3h4 c6c5 d2c3 c5c4 c3d2 c4c3 d2c3 g7f7 h1f1 g6g5 f4f5 g5h4
1473,B,material_adjudication_moderate,76,1.519052,7365,2026-09-05 07:28:32,a2a3 e7e6 d2d3 f7f6 g1f3 h7h6 c1g5 c7c5 d3d4 d7d6 g5f6 g7f6 f3g1 a7a6 b2b3 d8a5 d1d2 c5c4 d2a5 e6e5 b1c3 c4b3 d4e5 c8g4 a1c1 b8c6 h2h3 c6b4 a3b4 b7b6 g1f3 b6a5 c2b3 a5b4 e5f6 g4f3 e2f3 g8f6 c3e2 f6h7 g2g4 a8b8 e1d1 d6d5 f1g2 e8e7 e2f4 f8g7 d1c2 h8c8 c2b1 g7f6 c1c8 b8c8 h1c1 f6g5 c1c8 g5f4 c8c6 d5d4 c6a6 f4g3 a6a7 e7d6 b1a1 g3f2 a7a4 d4d3 h3h4 d3d2 g4g5 d2d1q a1a2 h6g5 h4g5 d1c2
1474,B,checkmate,20,1.434043,7370,2026-09-05 07:29:50,b1a3 a7a5 f2f3 b7b5 e2e4 h7h5 e1e2 b8c6 c2c3 h8h6 g1h3 c6d4 e2e3 a8a6 e3d4 c7c5 d4c5 d8b6 c5d5 b6d6
1475,B,value_resign,50,1.536744,7375,2026-09-05 07:30:44,h2h4 e7e6 h1h3 f7f6 c2c3 g7g6 f2f4 b7b6 e1f2 b8c6 d1b3 f8c5 d2d4 c5d4 e2e3 f6f5 b3d5 g8e7 c3d4 e6d5 b2b3 c6d4 a2a3 d4c2 c1b2 e7c6 b1c3 c2a1 g1e2 c6a5 g2g4 b6b5 b2a1 e8g8 c3d5 f5g4 e2g3 d8e8 e3e4 c7c5 f4f5 g6g5 h4g5 d7d6 f1b5 g4h3 g5g6 c8b7 g6g7 f8f7
1476,W,material_adjudication_moderate,102,1.424948,7380,2026-09-05 07:31:40,h2h4 b7b6 b2b3 h7h5 h1h2 d7d6 h2h1 c8d7 b1a3 e7e5 d2d3 a7a6 c1d2 a8a7 a1c1 f8e7 e2e4 d7g4 f1e2 g4e2 d1e2 a7b7 c1b1 d8d7 e2f1 d7a4 b3a4 a6a5 f2f4 e5f4 c2c4 e7f8 g2g4 f4g3 b1d1 g3g2 f1g2 g7g5 d2g5 f8g7 c4c5 f7f5 c5b6 c7b6 g5e3 g7c3 e1f1 f5e4 a3b5 e4d3 b5c3 g8f6 c3d5 f6d5 e3c5 d5f4 g2f3 b6c5 g1h3 f4h3 h1h3 h8h6 h3h1 b7d7 d1d3 c5c4 f3e3 h6e6 e3e6 d7e7 e6d6 c4d3 d6d4 b8d7 f1g1 e7e5 d4e5 d7e5 g1h2 e5d7 h2h3 e8d8 h1d1 d7e5 d1d2 e5c4 d2d3 d8c8 d3g3 c8d7 g3g2 d7e6 g2g1 c4e3 g1g6 e6f7 g6g5 e3d5 g5d5 f7e6 d5d2 e6e5
1477,W,material_adjudication,66,1.429867,7385,2026-09-05 07:32:20,g2g4 h7h5 d2d3 b8c6 c2c3 d7d6 b1d2 e7e5 h2h3 b7b6 e2e4 c8d7 f2f3 d8e7 g1e2 e8c8 a1b1 h5g4 a2a3 g4f3 e1f2 e7f6 d2f3 c6e7 c1g5 f6g6 d3d4 e5d4 c3d4 g8f6 b2b3 g6e4 g5f6 a7a5 f6e7 f8e7 b1b2 b6b5 d1e1 h8h5 e2g3 e4e6 g3h5 g7g6 h5g7 g6g5 g7e6 f7e6 f1d3 g5g4 h3g4 c8b8 d3e4 d8f8 g4g5 f8f3 f2g2 e7g5 e4f3 d7c6 e1b1 g5f6 f3c6 f6g5 g2h2 g5f4
1478,W,value_resign,49,1.482817,7390,2026-09-05 07:32:20,a2a3 e7e6 a3a4 h7h6 f2f4 f8b4 a4a5 d8h4 g2g3 b8c6 c2c3 h4f6 d2d3 g7g6 f4f5 e6f5 f1g2 g8e7 c3b4 b7b6 g2d5 e8d8 e2e3 c6b4 d5a8 h8e8 a8f3 e7c6 b1d2 e8g8 a5b6 c7b6 f3e2 c8b7 d2c4 d8e7 g1f3 f5f4 c4b6 a7b6 h1f1 f4e3 f3h4 g6g5 f1f6 g5h4 e2f3 c6d4 c1e3
1479,B,material_adjudication_moderate,131,1.412409,7395,2026-09-05 07:37:59,h2h4 h7h5 a2a3 b7b6 a1a2 b8c6 e2e3 c8b7 c2c3 d8b8 d2d3 g8h6 f2f3 b8c8 g2g4 h6g8 a3a4 a7a5 d1b3 e8d8 b3b5 c6e5 b5e5 h5g4 h4h5 d7d6 e5d4 c7c5 d4f4 c8e6 c3c4 g4f3 g1f3 g7g5 f3g5 f8h6 g5e6 f7e6 d3d4 h6f4 d4c5 b7h1 e3f4 g8h6 c5d6 h1e4 d6e7 d8e7 b1d2 e4c6 f1h3 h8e8 f4f5 a8c8 b2b3 h6f5 h3f5 e8f8 f5c2 e6e5 c1b2 e5e4 c2e4 c6e4 d2e4 f8h8 e4d2 h8h5 c4c5 e7e6 c5b6 h5h1 e1f2 h1h3 b6b7 c8b8 b2c3 h3c3 f2e1 c3c6 a2a3 c6b6 a3a2 b6b7 a2a1 b7b4 a1c1 e6e5 e1d1 e5d6 d2f3 b4b3 d1e2 b3b6 c1d1 d6c5 f3d2 b8d8 d2f3 b6e6 e2f1 d8d1 f1f2 e6f6 f2e2 d1c1 e2d2 c1h1 f3g5 f6f1 d2e2 f1f8 g5e6 c5b4 e6f8 b4a4 e2f2 a4b3 f2g2 h1h4 g2g3 h4b4 f8d7 b3b2 d7b6 a5a4 b6d5 b4b7 d5c7 b7c7 g3f2
1480,B,value_resign,54,1.509415,7400,2026-09-05 07:38:28,e2e3 h7h5 f2f4 a7a5 d2d3 g8h6 b2b3 a8a6 f1e2 d7d6 f4f5 a5a4 g2g3 g7g5 c2c4 d6d5 e3e4 c7c5 b1c3 h6f5 e2g4 f5g3 g4f3 d5e4 a1b1 g3h1 d3e4 e7e6 d1d5 e6d5 c4d5 b8d7 g1e2 f8g7 d5d6 a4a3 e1d2 a6a5 b3b4 c5b4 c3b5 g7f8 b5c7 d8c7 d6c7 f8h6 b1b4 g5g4 d2e1 g4f3 e2d4 d7c5 c1d2 b7b6
1481,B,value_resign,50,1.440295,7405,2026-09-05 07:38:45,a2a3 e7e6 a3a4 e8e7 b2b4 a7a5 h2h3 b8c6 g2g4 a5b4 c1b2 g7g5 h3h4 c6e5 b2e5 f7f6 f1g2 f6e5 e1f1 g5h4 h1h4 e5e4 c2c3 e6e5 d2d4 c7c6 a4a5 e5d4 d1d4 b4c3 h4h1 f8g7 a1a3 g7d4 b1c3 c6c5 c3b5 a8a5 b5a7 a5a7 g4g5 a7a3 g2f3 d4f2 f1f2 b7b5 h1h3 d7d6 f2g3 e7e6
1482,W,material_adjudication,68,1.501396,7410,2026-09-05 07:39:13,f2f4 a7a6 g1f3 h7h5 e1f2 d7d6 c2c4 c8d7 f3e5 h5h4 e5g6 d7c8 g6h8 b7b5 h8g6 c7c5 g6h4 a8a7 f2g1 g8h6 g2g3 g7g6 c4b5 f8g7 b2b3 b8d7 a2a3 a6b5 g1g2 h6g4 c1b2 a7a8 b2g7 d7f6 g7f6 c8b7 e2e4 e7f6 b1c3 b5b4 d1e2 b4c3 d2c3 d8e7 a1b1 b7e4 g2g1 g6g5 b1a1 c5c4 f4g5 e7e5 f1g2 e4c6 e2c4 f6g5 c4d4 g5h4 g2c6 e8d8 d4e5 d6e5 g3h4 a8c8 g1g2 f7f5 h1g1 d8c7
1483,B,material_adjudication,81,1.446947,7415,2026-09-05 07:43:07,a2a3 c7c5 d2d4 h7h5 d4c5 a7a6 f2f3 a8a7 c2c4 d7d5 a1a2 d8c7 g2g4 c8g4 d1d5 g4e6 a3a4 f7f5 c1d2 e6d5 d2c3 d5c4 a2a3 h5h4 c3d4 a6a5 a3c3 c7d8 f1h3 c4b3 f3f4 g8h6 c3b3 d8c8 g1f3 h8g8 f3h4 b8c6 d4f2 g7g6 b3b6 c6d4 e2e3 d4f3 h4f3 h6g4 f3e5 g4f2 h3f1 f2h1 f1c4 e8d8 b6f6 f8h6 c4g8 e7f6 e5g6 h6f4 e3f4 d8e8 g8b3 a7a8 b3d5 b7b6 c5b6 a8b8 g6h8 b8a8 b6b7 c8c1 e1e2 a8b8 b2b3 c1b2 e2e3 b2b1 e3d2 e8d7 d2e2 d7e7 e2e3
1484,W,material_adjudication,80,1.437204,7420,2026-09-05 07:43:36,e2e3 g7g5 f2f4 h7h6 g1e2 b8c6 g2g4 e7e5 e1f2 g8e7 f4f5 f8g7 e3e4 a7a5 d1e1 d7d6 b1c3 a8b8 b2b3 h6h5 d2d3 h5g4 e1d1 c6d4 c1g5 d4e2 c3e2 a5a4 d1b1 e7f5 g5d8 a4b3 c2c4 b3b2 b1b2 f7f6 d8c7 f5e3 f2e3 c8d7 b2b1 d7a4 e2d4 e5d4 e3d2 a4d7 a2a3 f6f5 e4f5 g7f6 f1g2 h8h4 h1e1 f6e7 g2d5 b8c8 d5e6 c8c7 e6d5 h4h2 d2d1 d7c6 d5c6 c7c6 e1e6 c6c5 a3a4 b7b6 b1b6 h2h8 b6a7 e8f7 d1c2 h8a8 a7a8 e7f8 a1h1 f8e7 h1g1 g4g3
1485,B,value_resign,20,1.473159,7425,2026-09-05 07:43:37,a2a3 e7e6 a3a4 f7f5 e2e4 g7g6 h2h3 f5e4 b1a3 f8e7 b2b4 b7b6 h1h2 a7a5 d2d4 a5b4 c1e3 b4a3 d1e2 a8a6
1486,B,checkmate,76,1.490112,7430,2026-09-05 07:44:06,b2b3 b8a6 h2h4 h7h5 g1h3 d7d5 h3f4 b7b6 g2g4 e7e5 f4e6 f7e6 g4g5 e8e7 a2a3 d5d4 a1a2 a8b8 h1g1 a6b4 c1b2 b4a2 e2e4 c8b7 d2d3 b7a6 d1h5 h8h5 g1g4 e7d7 b2d4 a6c4 d4e5 b6b5 b1d2 h5h4 e5b2 h4h3 g4g3 h3h2 g3e3 h2h7 b3c4 c7c6 c4b5 c6b5 c2c3 e6e5 d3d4 d7c6 d4e5 d8c7 g5g6 b5b4 g6h7 g8h6 h7h8q h6g4 c3b4 g7g5 e3h3 f8b4 h8h5 b4a3 b2a3 g4f2 a3b2 f2h3 f1h3 c7a5 e5e6 b8b2 h5f3 a5d8 e1d1 d8d2
1487,W,value_resign,55,1.446320,7435,2026-09-05 07:44:49,b1a3 a7a5 f2f3 f7f6 a1b1 c7c6 d2d3 e8f7 b2b3 c6c5 e2e3 d7d5 f1e2 g7g5 c2c3 f8g7 a3b5 c8f5 b5d6 d8d6 b1a1 f5h3 a2a4 d6d8 g2h3 d8b6 c1d2 b6b4 c3b4 a5b4 e1f1 h7h5 a4a5 a8a5 a1a5 b7b5 d2c1 g7f8 d3d4 b8d7 d4c5 d7c5 e3e4 e7e6 f1g2 c5a6 a5a6 g5g4 a6b6 f8c5 f3g4 h5g4 e2g4 f7g7 e4d5
1488,W,material_adjudication_moderate,76,1.425171,7440,2026-09-05 07:45:04,h2h4 e7e5 c2c4 h7h5 g1f3 b7b6 f3e5 e8e7 f2f4 d7d6 e5g6 e7d7 d2d3 g8e7 b2b3 f7g6 b1d2 a7a5 c1a3 b6b5 g2g4 b5b4 h1g1 e7g8 g4h5 g6h5 d2e4 d7e7 g1h1 b4a3 a1c1 b8c6 d1c2 c6d4 e4g5 e7d7 c4c5 c8a6 h1h3 a8a7 g5e6 d7e6 c2c4 e6d7 c4d4 a7b7 c5c6 d7c8 c6b7 c8b7 d4c3 f8e7 c3g7 c7c6 f4f5 h8h7 g7h7 g8f6 h7g7 f6d7 h3h2 e7f6 g7g1 f6e7 c1c2 d8c7 b3b4 a5b4 d3d4 b4b3 a2b3 e7f6 g1g2 a6b5 b3b4 f6d4
1489,W,material_adjudication,70,1.432430,7445,2026-09-05 07:47:25,b2b3 b8a6 g2g4 f7f5 c2c3 g7g5 f1g2 a8b8 h2h4 f8g7 g2d5 d7d6 e1f1 a6c5 b3b4 c5d7 d2d3 h7h5 g4f5 e7e5 g1h3 g5h4 f2f4 a7a5 d5g8 a5b4 g8d5 c7c5 d3d4 e5d4 c3b4 g7f6 c1d2 d8e7 f1g2 d7b6 b4c5 d6c5 d1f1 b6d5 h3g5 h4h3 g2h3 h5h4 b1a3 d5e3 d2e3 d4e3 g5e6 c8e6 f5e6 f6g7 f1g1 e7e6 h3g2 c5c4 a3c4 g7f6 c4e5 f6e5 f4e5 e8d7 g1e3 e6e5 e3e5 h8g8 g2f2 g8e8 h1d1 d7c6
1490,W,material_adjudication,82,1.454697,7450,2026-09-05 07:47:55,a2a3 b8c6 d2d3 h7h6 c2c3 a7a5 f2f3 f7f5 c1g5 g7g6 g5h4 e7e6 g1h3 f5f4 e1d2 b7b6 h1g1 h8h7 h4d8 c6d8 h3f4 g6g5 f4h3 f8e7 e2e4 a8b8 f3f4 c8b7 f4g5 h6g5 h3g5 e7g5 d2e2 h7h6 e4e5 h6h2 e2f2 b8a8 f2e2 a5a4 b1d2 a8a6 d2c4 h2h5 d3d4 g8f6 a1b1 g5h6 c4a5 a6a5 e5f6 h6f4 b2b4 a4b3 b1b3 a5a6 b3b1 h5d5 d1d3 a6a3 g2g4 e6e5 f6f7 e8f7 f1g2 e5d4 g2d5 f7e8 e2f3 b7d5 f3f4 a3c3 d3e2 d8e6 f4e5 e6c5 e5d5 c3e3 e2c2 d7d6 g4g5 e3e2
1491,W,material_adjudication_moderate,76,1.400587,7455,2026-09-05 07:50:34,e2e4 b8c6 g2g4 h7h5 h2h3 g7g5 e1e2 g8h6 c2c3 h8g8 e4e5 h5g4 b2b3 c6b8 f2f3 g4f3 g1f3 d7d5 e5d6 b8d7 h3h4 h6g4 h1h2 e7d6 h2h3 g4f2 d1e1 f2d1 c1b2 f7f5 f3g5 d1b2 e1g3 b2d1 e2d1 g8g5 g3g5 d8g5 h4g5 f5f4 f1b5 b7b6 b3b4 a7a6 b5c6 e8e7 c6a8 c7c6 h3h5 e7d8 c3c4 c8b7 c4c5 b7a8 c5b6 f8e7 b4b5 c6b5 b1c3 a8c6 a1c1 f4f3 h5h1 f3f2 a2a3 e7f8 h1f1 d7b6 f1f2 d8d7 g5g6 d7e8 f2f7 f8e7 a3a4 e7g5
1492,W,material_adjudication_moderate,76,1.415406,7460,2026-09-05 07:50:35,e2e4 b8a6 d2d4 g8f6 f2f3 d7d6 a2a4 a8b8 h2h3 c8d7 d4d5 g7g5 c2c3 e7e6 a1a2 b7b5 a2a1 f8g7 a4b5 b8b5 a1a6 g7h6 f1b5 g5g4 f3g4 h8f8 c1h6 c7c6 e1d2 c6b5 g4g5 f6e4 d2e3 e4f2 d1f3 f2h1 a6a7 e6d5 e3d2 d8e7 h6f8 e7f8 b1a3 h1g3 a3b5 d7b5 f3f2 g3h1 f2e3 e8d8 g1f3 b5c4 b2b3 d5d4 c3d4 c4b3 e3d3 h1f2 d2c1 f2d3 c1d2 f8g7 a7f7 d8e8 f7g7 b3d5 g7a7 d3f4 f3h2 f4g6 d2c2 d5c6 h2g4 g6f4 c2c3 f4g6
1493,B,material_adjudication,135,1.458536,7465,2026-09-05 07:53:03,d2d4 e7e6 c1g5 d7d6 e2e4 f7f6 g2g4 e8d7 g5c1 g8e7 a2a3 g7g5 b2b3 e6e5 d4d5 h8g8 b1c3 c7c6 f1g2 d8c7 g1f3 e7d5 e4d5 d7d8 h2h3 e5e4 f3h2 c8d7 h1f1 d8c8 d1d4 c6d5 c1g5 f6g5 c3d5 c7c2 d4d2 c2d2 e1d2 g8g7 f1d1 c8d8 g2e4 d7c6 d2e3 b8d7 d5b4 c6e4 e3e4 f8e7 b4c2 b7b5 h2f3 a7a5 h3h4 d7c5 e4e3 c5b3 a1b1 b5b4 b1b3 a5a4 b3b4 g5h4 g4g5 a8a5 e3d3 h4h3 g5g6 d6d5 g6h7 g7h7 f3h2 e7c5 d1d2 h7h6 b4g4 d8e7 g4g5 c5f2 c2b4 f2c5 d3c3 e7d6 h2g4 h6h4 g5g6 d6e7 b4c6 e7f7 c6a5 f7g6 g4f2 g6f5 c3d3 c5b6 a5c6 d5d4 f2h3 h4h3 d3c4 f5g6 d2d3 h3d3 c4d3 g6h5 c6d4 h5h4 d4c6 b6c5 d3c4 c5a3 c6d4 a3e7 c4b5 a4a3 d4f5 h4h3 f5e7 a3a2 b5a4 a2a1q a4b4 h3g2 e7d5 a1a2 d5c3 a2e6 c3d5 e6d5 b4c3 d5e5 c3c4 g2f1 c4b4
1494,B,material_adjudication,66,1.486950,7470,2026-09-05 07:54:01,e2e3 h7h5 f1b5 c7c6 b2b3 d8a5 g1e2 e8d8 e1g1 g8h6 d1e1 h6g4 a2a4 g4h2 e1d1 g7g6 e2g3 h8h7 d1e1 f8g7 g3e4 b7b6 b5c6 d7c6 g1h1 b8a6 c1b2 c8d7 e4d6 a5g5 f2f4 g5g4 h1h2 e7d6 g2g3 a6b4 c2c4 a7a5 e3e4 b4c2 b1c3 c2e1 f1e1 g7f6 e1c1 g6g5 f4g5 a8a7 c3b5 f6b2 b5a7 b2a1 c1a1 f7f5 a1f1 d8e8 e4f5 h7f7 f1f3 g4f3 a7c6 d7c6 c4c5 b6b5 c5d6 f7f8
1495,D,rule_draw,135,1.511352,7475,2026-09-05 07:54:30,e2e3 a7a5 e1e2 b8c6 f2f3 e7e5 c2c3 g8e7 h2h4 d7d5 a2a4 d8d6 d2d4 c6b4 d4e5 d6e5 e3e4 d5e4 g2g4 b7b5 f1g2 h8g8 c1d2 a8b8 a4b5 e4f3 e2f3 c8d7 b5b6 c7b6 d1e2 e7g6 e2e5 g6e5 f3e2 f8d6 g4g5 b4c2 g2f3 e5f3 c3c4 f3d2 c4c5 b6c5 b1d2 c2a1 g1f3 c5c4 d2c4 a5a4 c4d6 e8e7 d6e4 f7f6 h1a1 g7g6 e4f6 g8g7 f6d7 e7d7 e2e1 b8b5 a1a4 d7c6 a4a7 b5b2 f3e5 c6d6 a7g7 d6e5 g7h7 e5d4 h7h6 b2b4 h6h7 b4b5 h7c7 d4d3 c7a7 b5d5 e1f1 d5b5 f1e1 d3d4 e1f1 d4c5 f1e1 c5b6 a7a4 b6c5 e1f1 c5b6 a4d4 b6c6 d4c4 c6d5 c4c1 d5d4 c1c7 d4d3 f1e1 b5f5 c7e7 f5b5 e1f1 d3d4 f1e1 d4d3 e1f1 d3d4 f1e1 d4d3 e1f1 d3d4 f1e1 d4d3 e1f1 d3d4 f1e2 b5e5 e7e5 d4e5 h4h5 g6h5 g5g6 e5f6 g6g7 f6g7 e2f3 g7h7 f3g3 h7g8 g3h4 g8h8 h4h5
1496,W,material_adjudication,66,1.421062,7480,2026-09-05 07:54:30,d2d3 h7h6 a2a4 a7a5 a1a2 a8a6 c2c4 c7c5 d3d4 f7f5 d4c5 b7b5 g2g4 b5c4 g1h3 d7d5 c1h6 g8h6 g4g5 c8d7 b1c3 a6d6 c5d6 d5d4 e2e3 d4c3 g5h6 e7d6 h6g7 f8g7 f2f4 g7f6 b2c3 b8a6 f1c4 d6d5 c4a6 h8h3 a2c2 d8b8 d1d5 b8b3 c2d2 h3h6 d5b3 d7e6 b3b1 f6c3 e1e2 c3d2 e2d2 e6d5 h2h3 d5h1 b1h1 e8d8 d2d1 d8e8 a6b5 e8d8 d1e1 d8c7 e1f1 c7b6 h1g2 b6c5
1497,W,value_resign,107,1.466322,7485,2026-09-05 07:55:24,e2e3 g7g6 g1h3 b7b6 d2d3 e7e5 h3g1 f8c5 h2h3 f7f5 g1f3 f5f4 f3h4 d8f6 b1d2 g8e7 h4f3 a7a6 a2a4 e5e4 f3g1 f6h4 a4a5 e4d3 c2d3 c5d6 e3f4 h4f6 f2f3 c7c5 a5b6 a6a5 b2b3 f6a1 c1a3 a1d1 e1d1 c8b7 d3d4 c5d4 a3d6 b8c6 d6e7 c6e7 f1d3 e7d5 g2g3 d5b6 g1e2 g6g5 e2d4 g5g4 h3g4 a8c8 d4f5 h7h5 h1h5 h8h5 g4h5 a5a4 b3a4 b6d5 f5d6 e8e7 d6c8 e7e8 a4a5 b7c8 h5h6 d5c7 d3e4 d7d5 f4f5 d5e4 f3e4 c8d7 g3g4 c7b5 a5a6 b5d4 a6a7 d7a4 d1c1 d4b3 d2b3 a4b3 c1b2 b3a2 b2a2 e8f8 a2b2 f8g8 g4g5 g8f8 e4e5 f8e8 g5g6 e8d7 b2a3 d7e8 h6h7 e8e7 h7h8q e7d7 h8g8 d7e7 g8f7
1498,W,material_adjudication,70,1.458982,7490,2026-09-05 07:56:01,b2b3 d7d6 d2d3 b8d7 b1a3 e7e6 b3b4 a7a6 e2e4 a8a7 g2g4 b7b6 d3d4 h7h5 a3b5 a6b5 d1e2 f8e7 a1b1 f7f5 c1d2 g7g5 e4f5 e6f5 g4f5 a7a4 c2c3 c8b7 h2h3 g5g4 h3g4 h5g4 f5f6 g8f6 h1h8 f6g8 e2g4 b7d5 g4g3 e7g5 d2g5 d8b8 g5d2 b8c8 f1e2 a4a8 g1h3 a8a2 e2b5 c8b7 b5d3 b7c6 h3g5 e8d8 f2f4 d7e5 d4e5 d8d7 g3h4 g8e7 e5d6 e7f5 h4h5 a2d2 e1d2 c6a8 h5h7 d7c6 d2c2 a8a5
1499,B,checkmate,46,1.468555,7495,2026-09-05 07:56:02,g1h3 e7e6 c2c4 b7b5 g2g3 f8a3 h3f4 d7d5 b2b3 f7f6 c1a3 h7h6 c4d5 e6d5 b1c3 c7c6 a1c1 e8d7 f4h5 g7g6 f2f4 g6h5 g3g4 a7a6 e1f2 h5g4 e2e4 g8e7 a3b2 d5e4 d1g4 d7e8 g4g7 h8h7 g7h7 c6c5 a2a4 e7c6 f1b5 a6b5 a4b5 d8d2 f2g3 d2e3 g3g2 c8h3
1500,B,checkmate,44,1.439420,7500,2026-09-05 07:57:43,a2a3 c7c5 d2d4 c5d4 c1g5 a7a5 g1f3 f7f6 f3h4 b8c6 h4f5 e7e5 g2g4 a8a7 g5f4 a7a6 f4e5 f6e5 e1d2 d4d3 c2d3 a6a7 b1c3 b7b6 c3b5 c8b7 e2e3 c6b4 b5a7 h7h5 a3b4 f8b4 d2e2 d8c7 g4g5 b7h1 a7b5 e5e4 b5c7 e8f7 f5h6 g8h6 g5h6 h1f3
