game,moves
1,h2h3 e7e5 f2f4 d8h4 g2g3 h4g3
2,h2h3 h7h5 b2b4 b8a6 b1a3 b7b5 c2c4 d7d5 a3b1 h5h4 f2f3 a6b8
3,d2d3 a7a6 e2e4 b7b6 b1a3 d7d6 c1f4 f7f6 g1e2 a6a5 a3b5 g7g5
4,e2e4 f7f6 b2b3 a7a5 d1h5 g7g6 h5e2 c7c5 d2d4 a8a6 g2g4 a6a8
5,e2e4 b8c6 g2g4 g8h6 a2a4 b7b6 f1b5 g7g6 b5c6 d7c6 b2b3 f7f6
6,e2e3 a7a5 f1b5 h7h5 g2g3 c7c5 d1e2 b8c6 f2f3 a8b8 b1a3 h5h4
7,e2e3 a7a5 e1e2 h7h5 e3e4 f7f5 d2d3 d7d6 c1g5 b8c6 c2c3 b7b6
8,h2h4 b7b6 c2c3 e7e6 b1a3 f7f6 c3c4 d7d5 h4h5 g8e7 f2f4 a7a5
9,c2c4 a7a5 h2h4 b7b5 a2a4 f7f5 c4c5 h7h6 f2f4 c8b7 h1h2 a8a6
10,h2h4 b7b6 b2b3 c7c6 c1b2 c6c5 e2e4 h7h5 f1e2 h8h6 g1f3 f7f5
11,h2h4 b7b6 d2d4 d7d6 c1e3 a7a5 a2a3 a5a4 b1c3 a8a6 c3a4 d6d5
12,h2h4 b7b6 d2d4 d7d6 c1e3 f7f6 d1d2 a7a5 b2b3 g7g5 d4d5 e7e6
13,e2e3 g7g5 a2a3 c7c6 h2h3 h7h5 a3a4 f7f6 b2b4 a7a5 e3e4 c6c5
14,d2d3 c7c6 b2b3 b7b6 b1a3 d7d6 a3c4 f7f6 f2f3 c6c5 c4e3 c8e6
15,f2f4 a7a5 c2c4 b7b5 c4c5 b8a6 e2e4 a6c5 f1c4 h7h5 d1c2 c5a4
16,b1a3 a7a5 f2f3 b7b5 c2c4 f7f6 b2b4 g8h6 e2e3 c7c6 a1b1 d7d5
17,e2e3 g7g6 h2h3 e7e6 f2f3 g6g5 g2g3 e8e7 a2a3 g8f6 f1b5 c7c6
18,e2e3 g7g6 h2h3 e7e6 f2f3 e8e7 b2b3 b8c6 b1a3 g8h6 g1e2 g6g5
19,e2e3 a7a5 f1d3 f7f6 d3b5 e7e6 g2g3 c7c6 g1e2 g8h6 e1g1 g7g6
20,h2h4 h7h5 a2a3 e7e5 e2e4 a7a5 f2f3 b8c6 g2g3 f8c5 f1b5 c5g1
21,b1a3 a7a5 c2c3 b7b5 f2f3 a8a6 f3f4 c7c5 e1f2 a6c6 a3b5 h7h5
22,f2f3 g7g6 e2e3 g8h6 e3e4 h8g8 g1e2 g8g7 b1a3 g6g5 b2b4 g7g8
23,h2h4 b7b6 b2b4 a7a5 a2a4 e7e5 c1b2 a5b4 h1h2 d7d6 g2g4 d8e7
24,e2e3 g7g5 h2h3 e7e6 g2g4 b8c6 a2a4 c6b4 f1e2 b4a6 a4a5 f8g7
25,e2e3 g7g6 a2a4 b7b5 a4a5 b5b4 b2b3 g8h6 e3e4 h8g8 e4e5 d7d5
26,h2h4 b7b6 b2b3 c7c5 f2f4 e7e5 c2c4 a7a5 h4h5 a8a6 a2a3 d8h4
27,f2f4 b8a6 b2b4 b7b5 c2c4 e7e5 g1f3 h7h6 f3e5 f8d6 b1a3 c7c6
28,e2e3 a7a5 g1f3 e7e6 f1a6 a8a6 h1g1 e6e5 h2h3 f8e7 g2g3 e5e4
29,e2e3 g7g5 h2h3 h7h5 f2f4 c7c5 d2d4 h8h7 e1d2 a7a5 h1h2 f7f5
30,g1f3 h7h5 b2b3 b7b6 b3b4 c7c6 d2d3 a7a5 b1a3 a5b4 c2c4 b4c3
31,b1a3 h7h6 a1b1 d7d5 f2f4 a7a6 a3b5 d5d4 d2d3 h6h5 b5a3 c8e6
32,h2h4 b7b6 f2f4 d7d6 g2g4 g8h6 c2c4 h6g4 f1g2 g4e3 f4f5 b8d7
33,b1a3 h7h6 a1b1 e7e5 g2g4 d7d5 a3b5 e8e7 g1f3 c7c6 e2e3 c8g4
34,e2e3 a7a5 g2g3 a5a4 f1b5 g7g5 b1c3 c7c6 h2h3 h7h5 c3e2 a4a3
35,g1f3 h7h5 f3e5 a7a5 b2b3 a5a4 e5c6 a4b3 f2f3 b8c6 c2c4 g7g5
36,h2h4 b7b6 b2b3 c7c6 c1b2 c8a6 a2a4 a6b7 a4a5 g8h6 c2c4 f7f6
37,e2e3 g7g6 f2f4 b8a6 e1e2 b7b6 b1c3 e7e5 a2a4 a6b8 f4e5 g6g5
38,b1a3 g8f6 b2b4 b7b5 a3b5 a7a5 g1f3 a5b4 c2c3 b8a6 c3b4 c7c5
39,h2h4 b7b6 b2b3 c7c6 g2g4 a7a6 c2c4 c6c5 d2d4 c5d4 d1d4 a6a5
40,h2h4 b7b6 b2b3 c7c6 g2g4 h7h5 c2c4 g7g6 f2f4 b8a6 c1b2 d8c7
41,a2a3 g8f6 e2e4 c7c6 g1e2 h7h5 d2d4 d8c7 e1d2 g7g5 f2f3 b8a6
42,b1a3 a7a5 g1f3 c7c6 d2d4 f7f6 e2e4 e8f7 f1d3 c6c5 e4e5 a5a4
43,e2e3 g7g6 a2a4 b7b6 e1e2 g6g5 a4a5 a7a6 b1c3 b6b5 g1f3 h7h5
44,h2h4 b7b6 b2b3 c7c6 g2g4 b8a6 e2e3 e7e5 f1g2 a6b4 e1e2 c8b7
45,d2d4 g8f6 d1d3 a7a5 e1d2 g7g5 h2h3 f6g4 h3g4 f7f5 g4f5 d7d6
46,a2a3 g8f6 h2h4 c7c6 a3a4 f6e4 b2b4 f7f6 h4h5 c6c5 f2f4 d8c7
47,h2h4 b7b6 b2b3 c7c6 g2g4 h7h5 c2c4 b6b5 f1g2 a7a5 b1c3 c6c5
48,g1h3 c7c5 d2d4 h7h5 e1d2 f7f6 a2a4 a7a5 f2f3 c5d4 c2c4 e8f7
49,c2c4 d7d5 h2h4 h7h5 d1a4 c8d7 c4c5 d7a4 f2f4 b7b5 c5b6 e7e5
50,e2e3 g7g6 a2a4 b7b6 e1e2 e7e5 b1c3 a7a6 c3d5 c8b7 a4a5 g6g5
51,h2h4 b7b6 b2b3 c7c6 c2c3 b6b5 g2g3 h7h6 c1b2 f7f6 h1h2 d8b6
52,g1f3 b7b5 c2c4 f7f5 e2e4 c7c5 a2a4 b5a4 f3g1 h7h5 d2d4 g8h6
53,b1a3 a7a5 f2f3 c7c6 e2e4 a5a4 b2b3 a4b3 a2b3 f7f6 e1e2 c6c5
54,h2h4 b7b6 b2b3 c7c6 c2c3 c8b7 c3c4 c6c5 d2d4 a7a5 d4c5 b7a6
55,e2e3 g7g5 g2g3 b7b6 b1a3 e7e5 h2h3 a7a6 g1f3 d7d5 f1a6 b8a6
56,h2h4 h7h5 a2a3 a7a6 e2e4 d7d6 d2d3 g7g6 b2b3 b7b6 c1g5 c8g4
57,h2h4 b7b6 b2b3 c7c6 g2g4 h7h5 c2c4 f7f5 a2a3 g8f6 g4g5 d8c7
58,b2b3 c7c6 c2c3 f7f6 f2f3 e8f7 b3b4 b7b5 e1f2 d8c7 d2d4 g8h6
59,g1h3 b8c6 g2g4 g8h6 a2a4 a7a5 c2c3 h8g8 c3c4 a8b8 h3g1 d7d5
60,e2e3 g7g5 f1e2 b8c6 b2b4 a7a5 h2h4 c6a7 e1f1 b7b6 b4b5 e7e6
61,h2h4 b7b6 b2b3 c7c6 g2g4 b8a6 c2c3 h7h5 f1g2 c6c5 g2a8 a6b8
62,g1f3 b7b5 c2c4 a7a5 a2a4 f7f5 e2e4 a8a7 a4b5 g8h6 g2g3 c7c5
63,e2e3 g7g5 f2f4 h7h6 g2g4 g5f4 e3f4 e7e5 g1f3 e5f4 e1f2 f7f5
64,a2a4 c7c6 b2b4 f7f6 c2c3 e7e5 h2h4 g8e7 a1a3 c6c5 b4c5 b7b6
65,a2a4 c7c6 h2h4 f7f6 b2b4 c6c5 b4c5 g8h6 h4h5 d7d5 c5d6 c8d7
66,h2h4 e7e5 h4h5 b7b6 b2b4 d7d6 c2c3 c8g4 c1a3 g7g5 h5h6 a7a6
67,e2e3 a7a5 f1b5 a5a4 g2g3 c7c6 h2h3 d7d6 b1a3 a8a7 d1f3 c8g4
68,e2e4 b8c6 g2g4 g8h6 a2a4 f7f6 f2f3 g7g5 b2b4 h8g8 b4b5 a7a5
69,e2e3 g7g5 a2a4 d7d5 b2b3 b7b6 a4a5 b8a6 c1a3 b6a5 b1c3 e7e6
70,c2c3 h7h5 b2b4 b7b5 f2f4 b8a6 f4f5 a6b4 g1h3 a7a5 c3b4 e7e6
71,e2e3 d7d5 f2f4 d8d7 d2d3 e7e5 d3d4 g8e7 b2b3 e7g8 f1e2 d7d8
72,e2e3 g7g5 g1h3 e7e6 e1e2 b7b6 f2f4 g5f4 a2a4 b8a6 b2b3 f8e7
73,a2a3 g8f6 a3a4 a7a6 a4a5 d7d5 g1f3 c8h3 e2e3 e7e5 b2b3 c7c5
74,e2e4 b8c6 g2g4 g8h6 a2a4 g7g6 f2f3 a7a5 f1e2 c6d4 a1a3 a8b8
75,h2h4 e7e5 h1h2 b7b6 g2g3 g7g5 c2c4 d7d5 b2b3 b8d7 c4d5 f7f6
76,e2e4 b8c6 g2g4 g8h6 a2a4 g7g6 g1h3 h8g8 b2b3 c6d4 d2d3 e7e6
77,e2e4 a7a5 d2d3 f7f6 b2b3 b8c6 a2a4 b7b6 f2f4 a8b8 b1a3 c6d4
78,d2d3 g7g6 g2g4 f7f6 b1d2 f8h6 f2f3 a7a6 e2e4 a6a5 c2c3 b8a6
79,f2f3 a7a6 e2e4 h7h5 g2g4 h8h7 b1a3 c7c5 h2h4 e7e5 d2d4 e8e7
80,h2h4 h7h5 e2e4 e7e5 b2b4 d7d6 b1a3 b7b5 d2d3 b8d7 d1e2 d8e7
81,h2h4 e7e5 c2c4 h7h5 h1h2 d7d5 b1a3 h8h7 a3b5 e8e7 c4d5 b8d7
82,b1a3 b8a6 b2b4 b7b5 f2f4 c7c5 d2d4 c5b4 c2c4 d7d6 a1b1 b5c4
83,a2a4 h7h5 a4a5 h5h4 d2d3 c7c6 b1d2 e7e5 c2c4 g7g6 a5a6 g6g5
84,b2b3 e7e6 e2e4 f8c5 f2f3 f7f5 b1a3 g8f6 g1e2 f5f4 a3b5 f6g8
85,h2h4 h7h5 e2e4 e7e5 f1c4 b7b5 e1e2 c8a6 b2b3 d8e7 d2d3 d7d5
86,g1h3 d7d6 h1g1 h7h5 b2b3 e7e6 a2a4 f8e7 d2d3 g8f6 h3f4 b8a6
87,h2h4 h7h5 c2c4 e7e5 a2a3 a7a5 b2b3 d7d5 e2e4 b8d7 g2g4 g8h6
88,h2h4 b7b6 b2b3 h7h5 c1a3 e7e5 c2c4 b8a6 g2g4 g7g5 a3f8 e8f8
89,e2e3 b8c6 f2f3 c6b4 a2a4 e7e6 e3e4 c7c6 a4a5 e8e7 e1e2 f7f5
90,f2f4 b8a6 c2c4 d7d6 f4f5 a8b8 b1a3 g7g5 a3b5 a6b4 d1b3 e7e5
91,g1h3 b7b5 a2a4 b8a6 c2c3 h7h6 h3f4 g7g5 d2d3 d7d6 b1d2 c8g4
92,g1h3 e7e6 g2g3 e6e5 e2e4 b7b6 f1d3 a7a6 h3g5 d7d6 f2f4 f7f6
93,h2h4 b7b6 b2b3 c7c6 c2c3 b8a6 a2a3 h7h5 c3c4 d7d6 g2g3 c8d7
94,h2h4 e7e5 h4h5 b7b6 d2d4 g8e7 d4e5 f7f6 e5f6 g7f6 c1d2 d7d6
95,e2e3 a7a5 d1h5 g8f6 h5h4 b7b5 g2g3 c8a6 f1b5 a6b5 f2f3 c7c5
96,b1a3 g8f6 d2d3 d7d5 a1b1 a7a6 f2f3 e8d7 e2e4 d7e6 c2c3 h7h5
97,g1h3 g8f6 a2a4 a7a5 c2c4 b8c6 f2f3 f6g4 f3g4 f7f5 e1f2 f5g4
98,d2d3 b7b5 b1a3 a7a6 e2e4 f7f6 g2g3 d7d6 a1b1 c7c6 g3g4 e7e5
99,h2h4 e7e5 c2c4 h7h5 c4c5 d7d5 e2e4 d8e7 b2b3 c8g4 f2f4 b8d7
100,g1h3 c7c5 d2d4 b7b5 g2g3 f7f6 c2c3 e8f7 h3g5 f6g5 h2h4 h7h5
101,h2h4 e7e5 g1f3 b7b6 b2b3 c7c6 c2c4 a7a6 c1a3 f8a3 b1a3 c6c5
102,b1c3 h7h5 b2b3 b7b6 g1h3 c7c6 c1b2 f7f5 d2d3 a7a5 a2a4 d7d6
103,e2e3 a7a5 f1b5 a5a4 h2h3 a8a6 d1f3 e7e5 g2g3 e5e4 f3h5 g7g6
104,a2a4 d7d6 a1a3 g8f6 a3c3 a7a6 h2h4 d6d5 d2d4 e7e5 c1d2 e5d4
105,e2e3 a7a5 f1b5 a5a4 c2c3 c7c6 g2g3 d7d6 h2h3 c6b5 d1f3 b8d7
106,d2d3 a7a6 e2e4 b7b6 a2a3 f7f5 b2b3 b8c6 c2c4 c8b7 f2f3 h7h5
107,e2e3 g7g6 f2f4 b8a6 g1h3 g8f6 e1e2 b7b6 b1a3 f6d5 d2d3 d5e3
108,b1a3 a7a5 f2f3 a5a4 b2b4 e7e5 g1h3 a8a6 b4b5 a6e6 b5b6 g8e7
109,g1h3 c7c5 d2d4 h7h5 e1d2 d7d6 f2f3 a7a6 h3f2 c5d4 c2c4 d4c3
110,g1h3 e7e6 g2g4 h7h6 h3g5 f8b4 g5h3 d8h4 g4g5 b4f8 a2a4 b8a6
111,e2e3 a7a5 f1b5 a5a4 e1e2 c7c6 c2c3 d7d6 b1a3 c8h3 g2g3 c6b5
112,e2e4 c7c5 g1e2 h7h5 d2d4 c5d4 f2f3 f7f6 f3f4 f6f5 d1d3 a7a5
113,d2d3 b7b6 b1a3 d7d6 a1b1 a7a5 f2f3 e8d7 e1d2 f7f5 e2e4 g8h6
114,b1a3 f7f6 b2b4 c7c5 b4b5 a7a5 c2c4 f6f5 f2f3 d7d5 c4d5 e7e6
115,d2d3 b7b6 g2g4 d7d6 b1d2 g8h6 e2e4 a7a5 f2f3 a5a4 f1g2 h6g8
116,b2b3 b7b6 c2c3 c7c6 b1a3 f7f6 f2f3 b6b5 a3c4 e8f7 e2e4 d7d5
117,d2d3 b7b6 b1a3 d7d6 a1b1 f7f6 a3b5 c7c5 g2g3 a7a6 b2b3 g7g5
118,e2e4 b8c6 b2b3 a7a5 c2c3 c6d4 g1e2 c7c5 c3d4 a8a7 b1a3 a5a4
119,h2h4 b7b6 c2c3 e7e6 g2g3 d7d6 b2b3 g7g5 g1h3 b8d7 h3g5 c7c5
120,f2f3 a7a6 e2e4 h7h5 g2g3 h8h6 d2d3 c7c5 f3f4 h6d6 b1d2 d6d3
121,e2e3 f7f5 b1c3 f5f4 e3f4 c7c6 g1e2 d8c7 c3a4 d7d5 d2d3 e7e5
122,e2e4 b8c6 g2g4 g8h6 a2a4 b7b6 b1c3 h6g4 c3d5 h7h5 h2h3 f7f5
123,d2d3 h7h6 b2b3 b7b6 e2e4 c7c6 d1e2 e7e5 c1f4 e5f4 c2c4 g8f6
124,e2e3 g7g6 g1h3 b7b6 f2f3 e7e5 h3g5 b8a6 b1c3 f7f6 e3e4 f6g5
125,d2d3 a7a6 b2b3 b7b5 c2c3 f7f6 f2f3 c7c5 e2e4 d8c7 e1e2 e8f7
126,e2e3 a7a5 e1e2 g8h6 h2h4 b7b5 b1c3 d7d5 f2f3 h6g4 g2g3 c8b7
127,e2e4 f7f6 b1a3 c7c5 d2d4 g8h6 g1e2 c5d4 d1d4 a7a5 a3b5 b8c6
128,g2g4 d7d6 c2c4 b7b6 f2f3 g7g5 e2e4 e7e5 f1h3 d6d5 e4d5 d8d6
129,d2d3 c7c5 a2a4 f7f6 c2c3 h7h6 a4a5 a7a6 f2f4 b7b6 e2e4 g7g6
130,d2d3 a7a6 c2c3 g7g6 d1c2 c7c6 c1g5 h7h5 a2a4 d8b6 b1a3 d7d5
131,h2h4 b7b6 b2b3 h7h5 c1b2 e7e5 a2a4 d8e7 a1a2 d7d5 b1c3 g7g5
132,d2d3 a7a6 c2c3 d7d6 a2a4 c7c5 f2f3 f7f6 a4a5 b7b6 d1c2 d6d5
133,d2d3 a7a6 b2b3 b7b6 a2a3 d7d6 f2f3 c7c5 e2e3 c8b7 g1e2 g7g6
134,e2e4 b8c6 g2g4 g8h6 b1c3 h6g4 a2a4 g4f2 g1e2 f2d1 c3d5 d1e3
135,e2e3 a7a5 f1b5 a5a4 h2h3 e7e5 g2g3 b7b6 b2b3 e5e4 b1c3 d8h4
136,h2h4 b7b6 b2b3 g8h6 f2f4 d7d6 c2c3 c8f5 e1f2 b8c6 g1f3 h6g4
137,e2e3 g7g5 h2h3 b8a6 e1e2 g8f6 f2f3 b7b5 c2c3 d7d5 a2a4 c8f5
138,e2e4 a7a6 g2g4 e7e5 f1c4 f7f6 f2f3 g7g6 d2d4 a8a7 d4d5 a6a5
139,b1a3 h7h5 a1b1 a7a6 e2e4 c7c5 d2d3 d7d5 h2h3 d5e4 b2b3 e7e5
140,d2d3 a7a6 c2c3 h7h6 f2f3 h6h5 c1d2 h8h6 f3f4 b7b6 g1h3 c7c5
141,e2e4 b8c6 g2g4 g8h6 a2a4 h6g4 f2f3 g4f2 e1f2 c6d4 h2h4 b7b6
142,h2h4 b7b6 d2d4 f7f6 a2a3 b6b5 g2g4 b5b4 e2e4 g8h6 c1h6 c8b7
143,a2a4 h7h5 h2h4 d7d5 e2e4 d5e4 e1e2 c8d7 b2b3 e4e3 f2e3 d7c8
144,g1f3 h7h5 b1a3 a7a5 c2c3 c7c6 d1c2 d7d5 a3b5 f7f5 d2d3 g8h6
145,b2b4 a7a5 b1a3 a5a4 d2d4 a8a6 g1f3 g7g5 c1d2 b7b6 b4b5 e7e6
146,b1a3 g8f6 b2b4 d7d5 f2f3 a7a6 b4b5 d5d4 a1b1 f6e4 b1b2 c7c6
147,d2d3 a7a6 a2a3 g7g6 c2c4 d7d5 h2h4 f7f6 c4d5 c8g4 c1d2 e7e5
148,b1a3 c7c5 h2h3 h7h6 c2c4 d7d5 a3c2 f7f6 a1b1 b8d7 g2g4 d8a5
149,b1a3 a7a5 f2f3 b7b5 e2e4 h7h5 d2d3 b5b4 f3f4 b4a3 f1e2 d7d6
150,a2a3 g8f6 h2h4 b8a6 d2d4 a6b4 e2e4 f6e4 a3b4 f7f6 c1d2 d7d6
151,c2c3 g7g5 b2b4 g8h6 g2g4 a7a5 f2f3 h8g8 c3c4 a5b4 h2h4 f7f6
152,b1a3 c7c5 b2b3 d7d6 d2d3 f7f6 f2f3 b8d7 e1d2 e7e5 a1b1 g7g5
153,b1a3 a7a5 f2f3 b7b5 e2e4 h7h5 d2d3 b5b4 f3f4 b4a3 a1b1 b8a6
154,b1a3 b7b5 c2c4 f7f6 b2b4 g8h6 h2h3 a7a5 a3b5 f6f5 b4a5 b8c6
155,b1a3 a7a5 f2f3 b7b5 e2e4 h7h5 g1e2 g7g5 f3f4 c7c5 a3c4 f7f5
156,g1h3 c7c5 d2d4 h7h5 e1d2 d7d6 f2f3 a7a6 d4c5 d6c5 d2c3 d8d2
157,g1h3 b7b5 b1c3 a7a5 b2b3 c8a6 h3f4 b5b4 c3d5 c7c6 c2c4 c6d5
158,e2e3 a7a5 b2b3 a5a4 f1b5 e7e5 g2g3 b8a6 d1f3 a4b3 f3g2 g7g5
159,b1a3 d7d6 b2b4 c7c6 d2d4 b8d7 g2g4 g7g5 e2e3 h7h5 f1e2 h5g4
160,e2e3 a7a5 d1h5 g8f6 e1e2 f6h5 h2h4 b8c6 d2d3 c6d4 e2d2 b7b5
161,b1a3 c7c5 d2d4 a7a5 e2e4 a8a7 c1d2 c5c4 e4e5 d7d6 g2g4 c8g4
162,h2h4 b7b6 b2b3 h7h5 g2g4 e7e5 e2e4 d8e7 a2a3 d7d6 d2d4 c8g4
163,d2d3 h7h6 b2b3 b7b6 a2a4 b8c6 c1g5 c6d4 g1h3 d7d6 f2f3 e7e6
164,a2a3 g8f6 b2b4 g7g6 a3a4 h7h6 b1c3 c7c6 e2e3 e7e6 c3b5 f8b4
165,e2e3 d7d5 f2f4 d8d6 e3e4 g7g6 d2d3 c7c6 f4f5 e7e5 e4d5 c8f5
166,e2e3 a7a5 b1a3 e7e6 b2b3 f8a3 e3e4 a3e7 g2g3 b8c6 c1b2 h7h6
167,d2d3 b7b6 b1a3 c7c5 e2e3 a7a6 c2c4 h7h5 d1e2 g7g5 g2g4 h8h6
168,d2d4 g8f6 d1d3 a7a5 e2e4 g7g5 g2g4 e7e5 d3e2 a5a4 b2b3 e5d4
169,g1f3 b7b5 c2c4 f7f6 e2e4 c7c6 f3d4 a7a6 g2g3 g7g6 c4b5 e8f7
170,d2d3 b7b6 b1a3 c7c5 e2e4 a7a6 a1b1 d7d6 f2f4 f7f6 e1d2 e7e5
171,e2e3 g7g6 a2a4 b7b6 b1c3 e7e5 c3d5 g6g5 g2g3 f8a3 b2b3 a3d6
172,e2e3 a7a5 d1h5 e7e6 e3e4 b8c6 g2g4 g8h6 d2d4 d8h4 a2a3 h4h5
173,e2e4 e7e5 f2f3 b7b6 f1c4 g7g6 e1e2 a7a6 c2c3 g6g5 d1c2 d7d6
174,e2e4 b8c6 g2g4 g8h6 a2a4 h6g8 b1c3 a8b8 c3d5 c6d4 a4a5 g8h6
175,b1a3 a7a5 f2f3 b7b5 a1b1 b5b4 e2e4 h7h5 d2d3 b4a3 c1g5 b8c6
176,c2c4 a7a5 h2h3 e7e5 g2g4 a5a4 b1c3 d7d5 c3d5 f8c5 h1h2 b7b6
177,e2e3 b8a6 f1a6 g7g6 a6e2 c7c6 g1f3 d7d5 e2b5 g6g5 b1a3 f7f6
178,d2d3 b7b6 b1a3 c7c5 e2e4 a7a5 e1e2 f7f6 f2f4 a5a4 c2c3 g8h6
179,e2e3 a7a5 g2g3 h7h5 f2f3 a5a4 b2b3 h5h4 f1b5 c7c5 e1f1 a4b3
180,e2e4 e7e5 f1c4 f8c5 b1a3 e8e7 e1f1 c5b6 f2f3 b6g1 g2g4 g8f6
181,e2e4 b8c6 g2g4 g8h6 a2a4 b7b5 g1h3 e7e5 b1c3 h6g4 a4b5 a7a5
182,b1a3 a7a5 b2b3 a5a4 b3b4 d7d6 f2f3 c7c6 d2d3 e8d7 b4b5 f7f6
183,a2a3 c7c6 b2b4 b8a6 a3a4 f7f6 h2h4 c6c5 b4c5 g8h6 f2f3 e7e5
184,e2e4 d7d6 e1e2 e7e5 f2f3 b8a6 d2d3 b7b5 b2b3 a8b8 h2h4 b8b6
185,b1a3 h7h5 b2b4 g7g5 f2f3 f7f6 a1b1 c7c5 a3c4 e8f7 c4b6 f7e6
186,h2h4 h7h5 a2a3 e7e5 e2e4 b7b6 b2b3 d7d6 d2d3 g7g5 h1h3 b8d7
187,b1a3 a7a5 b2b3 a5a4 b3b4 b7b6 f2f3 c7c5 g1h3 e7e6 b4b5 e6e5
188,e2e3 a7a5 f1b5 h7h5 g2g3 c7c5 d1h5 h8h5 f2f4 g8h6 e3e4 h5h2
189,d2d3 b7b6 b1a3 c7c5 e2e4 d7d6 f2f4 f7f6 e1d2 a7a6 a3b5 g7g6
190,a2a3 g8f6 h2h4 b8a6 a3a4 f6g4 f2f3 f7f5 c2c3 b7b5 e2e3 g4e3
191,e2e3 a7a5 e3e4 b7b6 e1e2 g8h6 d2d3 e7e5 f2f3 h6g4 f3g4 d8h4
192,h2h4 e7e5 c2c4 h7h5 f2f4 b7b6 g2g4 d7d5 d2d3 d8d7 g4h5 f8e7
193,b1a3 a7a5 b2b3 g8h6 e2e3 f7f6 f2f3 a5a4 e1e2 e8f7 g2g3 b7b6
194,b2b3 b8a6 d2d3 b7b6 b3b4 c7c5 c2c4 a6b4 a2a3 g7g6 b1c3 a8b8
195,b2b3 e7e6 g2g3 f7f5 e2e3 f8c5 g1f3 e6e5 b1c3 f5f4 f3e5 g8f6
196,e2e3 g7g6 h2h3 g8h6 f1d3 f7f5 d3b5 f5f4 e3f4 c7c6 d2d4 d7d5
197,h2h4 b7b6 b2b3 b8a6 c2c3 e7e5 h4h5 c7c5 e2e4 f8e7 f1a6 c8a6
198,e2e4 f7f6 b2b3 d7d6 e1e2 e7e5 f2f3 g8e7 d1e1 b8d7 d2d3 g7g6
199,h2h4 b7b6 b2b3 h7h5 g2g4 a7a5 c2c4 e7e5 g4h5 a5a4 b1c3 e8e7
200,h2h4 b7b5 b2b4 g7g6 a2a4 f7f6 b1c3 d7d5 a4b5 c7c6 f2f3 e8d7
201,h2h4 b7b6 b2b3 h7h5 c1b2 b8c6 d1c1 f7f5 b1c3 b6b5 d2d3 g7g5
202,e2e3 a7a5 d1h5 g8f6 h5h4 a8a7 f2f3 f6g4 f1a6 a5a4 h2h3 d7d6
203,h2h4 b7b6 b2b3 c7c6 b3b4 f7f6 a2a4 g8h6 g1h3 c6c5 f2f4 b8a6
204,h2h4 b7b6 b1a3 a7a5 f2f4 d7d6 c2c4 f7f6 b2b4 d6d5 c4d5 c7c5
205,b1a3 c7c6 e2e3 f7f6 f1e2 e7e5 e1f1 e8e7 g2g3 d7d5 b2b3 a7a5
206,a2a3 g8f6 a3a4 d7d5 a4a5 a7a6 g1f3 e7e5 f3e5 c8f5 g2g4 f5g4
207,b2b3 b7b6 c2c3 c7c6 e2e3 b8a6 f2f3 f7f6 e3e4 h7h6 e1e2 f6f5
208,a2a4 e7e6 g2g3 b8a6 b1c3 d7d6 e2e4 c7c6 d2d4 d8c7 f1b5 c8d7
209,g1f3 b7b5 c2c4 f7f6 e2e4 c7c5 b1c3 e8f7 c4b5 d8e8 d2d4 g7g6
210,h2h4 e7e5 c2c4 h7h5 h1h2 a7a6 a2a4 g7g6 a4a5 f8g7 c4c5 e8f8
211,d2d3 b7b6 g2g4 d7d6 b1d2 e7e5 b2b3 c7c5 h2h4 d8e7 f1g2 c8g4
212,e2e3 a7a5 f1b5 h7h5 g2g3 c7c5 f2f3 a8a7 g1e2 h5h4 e1g1 d8c7
213,b1a3 a7a5 f2f3 b7b5 e2e4 d7d6 g2g3 h7h5 f1b5 d8d7 b5d7 e8d8
214,a2a3 c7c6 h2h4 c6c5 c2c4 b8c6 d2d4 c5d4 h4h5 f7f6 a1a2 g8h6
215,e2e3 a7a5 b1a3 f7f6 d1h5 g7g6 g2g3 g6h5 b2b3 b7b6 a3b1 b8c6
216,e2e3 a7a5 f1b5 h7h5 g2g3 c7c6 d1h5 h8h5 b5e2 h5c5 e3e4 b8a6
217,e2e4 b8c6 a2a4 g7g5 g2g4 c6b4 b1c3 g8h6 h2h4 c7c5 h4g5 b4c2
218,e2e3 a7a5 e1e2 b7b5 g2g3 h7h5 h2h3 c7c5 f2f4 h5h4 g3h4 f7f5
219,f2f4 a7a5 e2e4 f7f6 f1c4 c7c6 h2h3 a5a4 e1f1 d7d6 b2b4 h7h6
220,a2a3 c7c6 d2d3 h7h5 c1g5 g7g6 b2b3 c6c5 g1h3 f7f5 g5e7 f8e7
221,h2h4 b7b6 b2b3 h7h5 c1b2 c7c6 a2a3 c8a6 e2e4 d8c8 f1a6 b8a6
222,f2f3 b7b5 c2c4 d7d5 g1h3 g8f6 b2b4 f6g8 d2d4 a7a5 h1g1 e7e5
223,h2h4 c7c6 g2g4 c6c5 c2c4 f7f6 f2f4 a7a5 h1h2 e8f7 f1g2 d7d5
224,e2e3 a7a5 f1b5 a5a4 b1c3 c7c6 c3d5 d7d6 g2g3 c6b5 h2h3 b8a6
225,b1a3 d7d5 g1f3 d8d6 g2g4 g8h6 f3e5 h6g4 e5f3 e8d7 b2b3 b7b5
226,e2e3 a7a5 d1h5 e7e6 a2a4 b7b6 b2b3 e6e5 g2g3 d7d6 c1b2 c8g4
227,g1h3 e7e6 g2g3 g8h6 e2e4 f7f6 b2b3 a7a5 d1h5 g7g6 h5e2 b8c6
228,e2e3 g7g6 b1a3 g6g5 b2b4 a7a5 f1e2 a5b4 e1f1 g8h6 h2h4 b7b6
229,b1c3 h7h5 g1h3 c7c5 b2b4 f7f5 b4c5 g7g5 h3g5 h5h4 d2d3 h4h3
230,h2h4 b7b6 b1a3 a7a5 h4h5 d7d6 d2d3 c7c6 a3c4 c8a6 a2a3 a6c4
231,e2e3 g7g6 b1a3 g6g5 f1e2 d7d6 e3e4 a7a6 b2b4 b7b6 d2d4 h7h5
232,h2h4 g7g6 h4h5 d7d5 a2a3 f7f6 d2d4 c8h3 f2f3 d8d6 h5g6 e7e5
233,b1a3 a7a5 b2b3 g8h6 e2e3 c7c5 f2f3 g7g5 g2g3 d8b6 e1e2 b6a6
234,b1a3 e7e6 a3b1 a7a6 c2c3 g7g5 f2f3 d7d6 d1c2 e8d7 g2g4 b7b6
235,e2e4 e7e5 f2f3 g8e7 g1e2 b7b5 a2a4 f7f6 e1f2 b8c6 a4b5 a8b8
236,h2h4 b7b6 b2b3 c7c6 g2g4 h7h5 c2c4 b6b5 c1a3 f7f6 e2e4 e8f7
237,a2a3 c7c6 h2h4 d8c7 c2c4 h7h6 f2f4 g7g5 a3a4 d7d6 g2g4 f7f6
238,g2g4 b7b6 b1a3 d7d6 e2e3 a7a5 d2d3 f7f6 f2f3 g7g5 a3b5 e8f7
239,e2e3 a7a5 f2f4 b8a6 g2g3 g8h6 f1a6 d7d5 g1f3 a8a6 d2d4 c8g4
240,g1h3 a7a5 a2a4 f7f6 c2c4 d7d5 g2g3 c8h3 a1a3 c7c6 b2b3 g8h6
241,b2b3 b8a6 d2d3 b7b6 a2a4 f7f6 c1e3 d7d6 a4a5 e8d7 a1a2 b6b5
242,h2h4 b7b6 b2b3 c7c6 g2g4 c8a6 c2c4 c6c5 f2f4 e7e5 f4e5 a6c8
243,e2e3 d7d6 g2g3 b7b6 f2f3 e7e5 b2b3 g7g5 f1a6 e8d7 c1b2 f7f6
244,h2h4 e7e5 c2c4 a7a5 g2g3 a5a4 h1h3 h7h5 h3h2 a8a5 f1g2 d8e7
245,h2h4 b7b6 b2b3 h7h5 c2c3 e7e5 b1a3 c7c5 e2e4 g8e7 d1c2 b8a6
246,d2d3 a7a6 c2c3 h7h5 c1d2 h8h7 e2e4 a6a5 e4e5 g7g5 a2a3 c7c5
247,e2e3 g7g5 g1h3 e7e6 a2a4 f8b4 c2c4 e6e5 f2f3 d7d5 h1g1 h7h6
248,b1a3 b8c6 h2h4 a7a5 a3b1 h7h5 c2c3 c6d4 c3d4 a8a6 d4d5 g8h6
249,h2h4 e7e5 h4h5 b7b6 b1a3 d7d6 d2d3 a7a5 b2b3 a5a4 c1d2 f7f6
250,e2e3 a7a5 f1b5 a5a4 e1e2 c7c6 b1a3 d7d6 f2f3 d8a5 g2g3 e8d7
251,b2b3 a7a5 g1h3 g8h6 b1c3 a8a6 c1b2 c7c5 a2a4 a6a8 c3d5 f7f6
252,b1c3 h7h5 g1h3 d7d5 f2f4 d5d4 f4f5 c7c5 f5f6 e7f6 h3f2 c8d7
253,e2e3 a7a5 f1b5 a5a4 b1c3 c7c6 c3d5 d7d6 g2g3 e8d7 b2b3 a4b3
254,h2h4 e7e6 h4h5 f7f6 d2d3 b7b6 b1a3 b8a6 b2b4 g7g6 a3b5 g6h5
255,b2b3 a7a5 b1a3 d7d5 g1f3 f7f6 d2d3 c7c6 c1d2 b7b5 f3d4 h7h6
256,h2h4 b7b6 d2d3 d7d6 g2g4 e7e5 b2b3 c8g4 c1d2 d8e7 d2c3 g7g5
257,a2a3 c7c6 h2h3 g7g6 d2d4 g6g5 e2e3 h7h5 f2f3 f7f5 e3e4 g5g4
258,e2e4 b8c6 g2g4 c6e5 a2a4 e5d3 c2d3 f7f6 g4g5 a7a5 h2h3 a8b8
259,e2e3 a7a5 b1a3 a5a4 f1b5 c7c6 g2g3 h7h5 d1h5 h8h5 e1f1 h5b5
260,e2e3 d7d5 f2f4 d8d6 b2b3 a7a6 g1f3 c8d7 g2g3 b7b6 d2d3 a6a5
261,e2e3 a7a5 b2b3 a5a4 b1c3 g8h6 c3d5 c7c5 g1e2 a4a3 e3e4 f7f5
262,e2e3 a7a5 f1a6 h7h5 a6b7 c8b7 f2f3 h5h4 g2g3 f7f6 c2c4 e8f7
263,h2h4 e7e5 h4h5 b7b6 b2b3 d7d6 c1b2 c7c5 b1c3 e5e4 e2e3 d8e7
264,b2b3 b8a6 d2d3 d7d6 a2a4 f7f6 g2g4 e8d7 a4a5 e7e5 d1d2 f6f5
265,h2h4 b7b6 b1a3 d7d6 c2c4 e7e5 b2b4 a7a5 a3c2 a5b4 f2f4 c8f5
266,h2h4 b7b5 h4h5 f7f6 b2b4 g8h6 a2a4 c7c5 f2f3 a7a6 d2d3 c8b7
267,h2h4 b7b6 b2b3 h7h5 c2c3 g7g5 e2e4 c7c5 d2d4 f8g7 c1g5 f7f6
268,h2h4 e7e5 a2a4 d7d6 c2c4 f8e7 h4h5 b8c6 g1f3 c6b4 b1c3 c8d7
269,a2a3 c7c5 d2d4 h7h5 h2h4 c5c4 a3a4 a7a5 c1e3 f7f6 a1a3 c4c3
270,b1a3 g8f6 g1f3 h7h5 b2b4 c7c5 a1b1 c5b4 f3g1 f6e4 b1b4 b7b6
271,b2b3 c7c6 e2e3 g7g6 f2f3 g8h6 b1a3 h8g8 h2h4 b7b5 f3f4 d7d6
272,a2a3 c7c5 e2e4 a7a5 f2f3 b8c6 g1e2 h7h5 g2g3 h8h6 d2d4 c6b8
273,h2h4 h7h5 e2e3 c7c5 e3e4 b7b6 f1d3 d7d6 d1e2 a7a6 g2g3 c8g4
274,b2b3 b8a6 d2d3 e7e5 a2a3 f8d6 c2c3 e8e7 g2g4 c7c6 a1a2 a6c5
275,h2h4 b7b5 a2a4 b8a6 h1h3 d7d5 a4b5 a8b8 c2c4 h7h5 a1a6 c8a6
276,h2h4 h7h5 e2e4 e7e5 b2b3 f8c5 d2d3 e8e7 a2a3 b8c6 g2g3 c5e3
277,e2e3 a7a5 f1b5 h7h5 b5f1 c7c5 d1g4 b8a6 e3e4 a6c7 g4f4 g7g6
278,e2e4 b8a6 g1e2 g7g5 f2f3 f7f6 e1f2 e7e6 a2a4 f8c5 d2d4 b7b6
279,e2e3 a7a5 f1b5 a5a4 b2b3 e7e5 d1e2 f8c5 e1f1 g8f6 b1a3 f6e4
280,e2e3 a7a5 f1b5 a5a4 b1c3 b8c6 g1f3 d7d6 e1g1 e7e6 g2g3 a4a3
281,a2a3 g8f6 a3a4 d7d5 a4a5 c8d7 g1f3 e7e5 g2g4 e8e7 e2e3 f6g4
282,c2c4 b7b6 a2a4 e7e6 g2g4 f7f6 g1h3 h7h6 h1g1 a7a6 a4a5 f8e7
283,g1f3 h7h5 e2e4 a7a5 d2d4 b7b6 a2a3 a8a7 c1f4 c8b7 c2c4 c7c5
284,e2e3 f7f6 f1b5 c7c5 c2c3 e8f7 e1e2 h7h6 g1f3 e7e5 h2h3 f8d6
285,h2h4 d7d5 f2f4 b7b5 d2d3 a7a5 h4h5 b8a6 b1d2 d5d4 g2g4 c7c5
286,e2e4 b8a6 g1e2 b7b6 d2d4 d7d6 c1h6 a8b8 e1d2 g8h6 f2f3 d8d7
287,g1f3 e7e6 g2g4 b7b5 c2c4 f8e7 f3d4 a7a5 h2h4 b5c4 f2f4 h7h5
288,e2e3 a7a5 b1a3 b8c6 d2d3 g7g5 e1d2 e7e6 a3b5 g8e7 h2h3 b7b6
289,c2c4 b8c6 b2b3 e7e5 e2e4 f7f5 g1e2 f8c5 b1c3 c6b4 d2d3 b7b6
290,a2a3 g8f6 h2h3 e7e5 e2e3 b7b6 f2f4 d7d6 f1d3 c8g4 f4e5 f6e4
291,e2e3 a7a5 b2b3 a5a4 d1g4 a8a5 g2g3 f7f6 g4h4 e7e5 f1b5 a5b5
292,f2f3 b7b5 c2c4 d7d5 c4d5 e7e5 e2e4 b8c6 e1e2 g7g5 d5c6 d8f6
293,a2a3 g8f6 a3a4 d7d5 a4a5 e7e5 f2f3 b7b6 e2e4 d5d4 d2d3 a7a6
294,h2h4 h7h5 e2e4 e7e5 g2g3 g7g5 d2d4 b7b6 g3g4 d7d6 d1f3 g8f6
295,b1a3 h7h5 b2b3 b7b6 g1h3 c7c6 d2d3 c6c5 c2c4 g7g6 f2f4 a7a6
296,e2e3 a7a5 b2b3 a5a4 f2f3 f7f6 g2g3 e7e5 f1b5 a4b3 g1h3 e8e7
297,b2b3 h7h5 d2d3 b7b6 g1h3 c7c5 f2f3 a7a6 d3d4 e7e5 c1b2 h5h4
298,e2e3 a7a5 b2b3 d7d6 d2d3 a5a4 e3e4 b7b6 e1e2 g7g5 b1c3 h7h5
299,a2a3 d7d6 f2f3 c7c6 g2g3 g7g5 e2e3 d6d5 f1d3 d8c7 f3f4 h7h6
300,e2e3 a7a5 a2a3 a5a4 e1e2 g8h6 f2f3 g7g6 e3e4 c7c5 b1c3 f8g7
301,b2b3 c7c6 g2g4 g8f6 d2d3 a7a5 a2a4 f6g4 e2e3 c6c5 e3e4 e7e5
302,b2b3 b8a6 d2d3 f7f5 a2a3 g8f6 c2c4 a8b8 f2f3 h8g8 b3b4 e7e6
303,b2b3 b8a6 d2d3 f7f5 a2a3 g8f6 c2c4 d7d6 a1a2 a8b8 h2h4 a6c5
304,b1a3 c7c5 g1f3 h7h5 c2c3 f7f5 d1c2 g7g5 f3g5 f8g7 g5e6 h5h4
305,a2a3 b7b5 e2e3 d7d5 a3a4 g7g5 g2g4 e8d7 d2d3 a7a5 b1a3 b5b4
306,f2f4 a7a5 a2a4 f7f6 b2b4 b7b6 h2h3 a5b4 g2g4 d7d6 d2d4 b8a6
307,e2e3 g7g6 d1e2 g6g5 a2a3 b8c6 e2d1 e7e6 a3a4 c6b4 f1e2 b4c2
308,h2h4 h7h5 a2a3 d7d5 f2f4 e7e5 f4f5 b7b6 e2e4 f7f6 d1e2 b8d7
309,g1f3 h7h5 b1a3 c7c6 c2c4 a7a6 a3c2 a6a5 g2g3 a5a4 c4c5 f7f5
310,e2e3 a7a5 d1h5 g8f6 f1c4 f6h5 g2g3 g7g5 c4f7 e8f7 h2h4 h5g7
311,e2e3 g7g6 f2f3 d7d6 g1h3 c7c6 g2g3 g8f6 h1g1 f6e4 f3e4 f8g7
312,e2e3 g7g6 f2f3 g6g5 h2h3 f8g7 g2g3 g8f6 a2a3 c7c6 f1g2 d8c7
313,b1c3 h7h5 g1h3 a7a5 f2f4 f7f5 d2d4 h5h4 e1d2 b7b5 d4d5 c8a6
314,a2a3 c7c6 h2h4 d8c7 h4h5 c6c5 e2e4 f7f5 b2b3 f5f4 c2c4 e7e5
315,e2e3 d7d5 d2d3 e7e5 g1f3 c8d7 b1d2 d7f5 b2b3 f5d7 f3e5 g7g6
316,e2e3 g7g6 a2a4 e7e5 f2f3 g6g5 a4a5 f8c5 g2g4 c5b4 b2b3 d8f6
317,h2h4 e7e5 h4h5 d7d6 d2d4 f7f5 d4e5 g7g5 a2a4 e8e7 a1a3 h7h6
318,e2e3 g7g6 g1h3 e7e5 f2f4 b8c6 f1c4 a7a6 h3g5 a6a5 e1e2 a5a4
319,h2h4 b7b6 c2c3 e7e6 b2b4 e6e5 h4h5 d7d6 c1a3 f7f5 c3c4 e8e7
320,e2e3 a7a5 d1h5 e7e6 e1e2 b8c6 d2d3 f8e7 h2h4 b7b5 g2g4 c6b8
321,e2e3 a7a5 b1a3 f7f6 g2g3 e7e5 f1b5 b8c6 d1h5 e8e7 a3b1 d7d5
322,e2e3 a7a5 b1a3 f7f6 g2g3 e7e6 b2b3 e6e5 f1e2 g8e7 f2f4 e7c6
323,a2a3 c7c5 d2d4 c5d4 e2e4 d4e3 h2h4 g8f6 a3a4 f6g4 c1e3 f7f6
324,e2e3 a7a5 b1a3 e7e6 e3e4 f7f6 f1d3 g8h6 d1e2 c7c6 g2g3 a8a6
325,e2e3 a7a5 b1a3 e7e6 e3e4 b8c6 g2g4 g8h6 d2d4 g7g5 c1g5 h6g4
326,h2h4 b7b6 b2b3 c7c6 h4h5 g8h6 f2f4 f7f6 c2c3 a7a5 e1f2 e7e5
327,a2a3 g8f6 a3a4 e7e6 f2f3 g7g6 b1c3 f6e4 e2e3 e4c3 b2c3 g6g5
328,b1a3 e7e6 g1h3 h7h5 g2g3 f7f5 f1g2 f8a3 b2a3 b7b6 d2d3 d8f6
329,e2e3 g7g6 f2f4 b8a6 h2h3 g8h6 e1e2 b7b6 h3h4 e7e6 a2a4 f8b4
330,a2a3 c7c6 h2h4 d8c7 d2d4 g8f6 h1h3 c7d6 e1d2 d6d5 h3b3 d5f5
331,b1a3 e7e6 b2b4 d7d6 f2f3 g7g5 e2e3 a7a6 c1b2 h7h5 b2h8 b7b6
332,a2a3 c7c6 d2d3 d8c7 b2b3 d7d5 g2g4 f7f5 a3a4 g8f6 e2e4 f5f4
333,e2e3 g7g6 d2d3 e7e6 b1a3 f7f5 b2b4 f8b4 c1d2 a7a6 d2b4 g6g5
334,b1a3 h7h5 b2b4 d7d5 g1f3 b7b6 a1b1 a7a6 c2c3 e8d7 d1c2 e7e5
335,e2e3 a7a5 f1b5 h7h5 b5a6 f7f5 f2f3 b7b5 g2g3 e8f7 a6b5 c7c5
336,e2e3 g7g6 b1a3 g6g5 a3b1 f8g7 g1h3 e7e6 g2g3 b8a6 f1b5 b7b6
337,a2a3 c7c6 d2d3 d8b6 c1g5 d7d6 c2c4 b6c7 f2f3 f7f6 g5c1 c8g4
338,e2e4 b8c6 g2g4 g8h6 a2a4 f7f6 b1c3 b7b6 e4e5 c6b4 c3d5 b4d5
339,d2d3 b7b6 g2g4 d7d6 b1d2 e7e5 b2b3 c8g4 f2f3 d8h4
340,e2e3 g7g6 f2f4 e7e5 g1e2 b8c6 e2d4 e5d4 f1d3 g8e7 h2h4 d7d6
341,h2h4 b7b6 b2b3 h7h5 a2a4 a7a5 c1b2 c8b7 b1c3 e7e5 c3d5 b7d5
342,e2e3 a7a5 b2b3 a5a4 f2f3 e7e6 e3e4 f8c5 b1a3 f7f5 g2g4 f5g4
343,e2e3 g7g5 g1h3 e7e6 g2g3 g8e7 h3f4 e6e5 h2h3 e5f4 f1e2 h7h5
344,e2e3 a7a5 c2c4 a8a7 g1e2 c7c5 b1c3 h7h5 d2d4 d7d6 a2a4 c8d7
345,h2h4 e7e5 b1a3 h7h5 a1b1 d7d5 e2e4 f8d6 b2b4 c8g4 b4b5 a7a6
346,e2e3 a7a5 d2d3 g8h6 f2f4 f7f6 e3e4 b8a6 b2b3 a8b8 e1d2 b7b5
347,e2e4 b8a6 g2g4 a8b8 d2d4 g8f6 f1e2 g7g5 b2b3 f8g7 b3b4 g7h6
348,h2h4 b8c6 b1a3 b7b5 c2c3 f7f6 a3b5 g8h6 f2f4 c8b7 e1f2 e8f7
349,e2e3 a7a5 b2b3 e7e6 a2a4 e6e5 g2g3 b7b6 f2f3 e5e4 b1c3 d7d6
350,h2h4 b7b6 b2b3 c7c6 c2c3 c8a6 g2g3 e7e6 h4h5 g8e7 d2d3 c6c5
351,e2e3 a7a5 f1b5 h7h5 g2g3 g7g5 d1h5 c7c6 h5f3 f7f5 h2h4 c6b5
352,e2e3 a7a5 f1b5 h7h5 g2g3 c7c6 d2d4 c6b5 f2f3 d8b6 b1a3 h5h4
353,b2b3 b7b6 e2e4 a7a5 d2d3 d7d6 a2a3 c8h3 g2h3 a8a6 e1e2 c7c5
354,h2h4 h7h5 e2e4 e7e5 a2a4 d7d6 b2b3 c8g4 a1a2 d8e7 d2d3 b8c6
355,g1f3 d7d6 c2c4 a7a5 a2a3 a8a7 f3g1 c7c6 d2d4 c8d7 f2f3 g8f6
356,h2h4 e7e5 h4h5 d7d6 d2d4 a7a6 c2c4 c8f5 e2e4 g7g5 e4f5 h7h6
357,g1f3 b7b5 a2a4 f7f6 b2b4 a7a5 f3g5 b5a4 f2f4 d7d5 b4b5 b8a6
358,e2e3 g7g6 f2f4 b8a6 b1a3 g6g5 e1e2 b7b5 d2d3 e7e6 f4g5 b5b4
359,h2h4 b7b6 c2c3 e7e6 b2b3 h7h5 b1a3 f8a3 c1a3 a7a6 a1b1 e6e5
360,d2d3 a7a6 e2e4 b7b6 a2a3 d7d6 c1h6 e7e5 b2b3 c8e6 h6g7 f8g7
361,d2d3 h7h6 b2b3 c7c5 c1d2 e7e5 a2a3 f7f6 g2g3 g8e7 d2h6 b7b6
362,f2f4 a7a5 c2c4 b7b5 c4c5 f7f6 e2e4 g8h6 h2h3 d7d5 b2b3 e8d7
363,h2h4 h7h6 g1h3 e7e6 c2c4 f7f6 f2f4 b7b5 e1f2 b5c4 h1g1 c7c6
364,b1a3 a7a5 f2f3 b7b5 e2e4 h7h5 d2d3 b5b4 a3c4 d7d5 c4a5 c8e6
365,b1a3 a7a5 g1h3 b8c6 d2d3 c6e5 h3g1 f7f6 b2b4 a5b4 a1b1 a8a7
366,b1a3 h7h5 a1b1 d7d5 c2c4 g7g6 h2h3 e8d7 g2g4 h5g4 a3c2 b8a6
367,e2e3 g7g5 f1c4 g8h6 h2h3 c7c5 d1f3 g5g4 h3g4 f7f5 e3e4 f5e4
368,h2h4 e7e5 c2c4 b7b6 a2a4 f8a3 a1a2 d8g5 a4a5 g5h5 a5b6 a7b6
369,g1f3 b7b5 a2a4 b8a6 a4b5 c7c5 b1a3 a8b8 d2d3 b8b5 f3d2 f7f6
370,h2h4 h7h5 e2e4 e7e5 b2b4 f8c5 a2a4 b7b5 d2d3 d8e7 f2f3 c5b6
371,h2h4 e7e5 h4h5 b7b6 b2b3 g7g5 a2a4 d7d6 a1a3 b8d7 c1b2 e8e7
372,a2a3 c7c6 a3a4 f7f6 b2b4 h7h5 d2d4 d7d5 c2c3 e8d7 f2f3 d7e6
373,b1a3 a7a5 f2f3 c7c6 e2e4 f7f6 b2b3 c6c5 g2g3 g8h6 g1e2 h6g8
374,b1a3 h7h6 g2g4 c7c5 h2h3 c5c4 e2e3 b8a6 c2c3 a8b8 g1e2 a6c7
375,e2e3 a7a5 g2g3 a5a4 b2b3 g8f6 f2f3 a4b3 f1e2 c7c5 c2b3 d7d6
376,b1a3 h7h6 g1f3 g7g5 g2g4 c7c6 d2d4 f7f6 e1d2 f8g7 b2b4 e7e6
377,f2f4 a7a6 e2e4 g8f6 d2d3 e7e5 f4e5 f6e4 b1d2 g7g5 d1e2 e4d2
378,h2h4 e7e5 b1a3 g7g5 d2d3 h7h6 c1g5 c7c6 g5d8 e8d8 h4h5 d7d5
379,e2e3 a7a5 d1h5 a5a4 e1d1 c7c6 c2c4 d8c7 d2d3 g7g6 h5h4 d7d6
380,b1a3 a7a5 b2b3 c7c6 e2e3 f7f6 g2g3 g8h6 f1e2 b7b5 a3c4 b5c4
381,a2a3 a7a6 a3a4 f7f6 a4a5 e7e5 c2c4 b8c6 f2f3 g8e7 e2e3 g7g5
382,g2g4 c7c5 b2b3 g8h6 d2d3 b8c6 b1d2 a7a5 e2e3 c6d4 e3e4 g7g5
383,e2e3 a7a5 f2f3 a5a4 b2b3 f7f6 e1e2 e7e6 g2g3 b7b6 b1c3 e6e5
384,h2h4 b7b6 b2b3 h7h5 a2a4 b8a6 a1a3 c7c5 b1c3 a6c7 c3d5 a8b8
385,g2g4 h7h5 h2h3 a7a6 b2b3 e7e5 g4h5 f8c5 h1h2 d7d6 c1b2 c5d4
386,h2h4 e7e6 d2d4 f7f6 g2g4 g7g5 d4d5 e6d5 d1d4 f8a3 f1g2 d8e7
387,h2h4 h7h5 e2e4 e7e5 b2b3 b7b6 d1e2 d8e7 e1d1 f7f6 d2d4 c8b7
388,d2d3 a7a6 e2e4 f7f6 b2b3 g7g6 g2g3 b7b5 a2a4 f8g7 a4b5 e8f7
389,e2e3 g7g5 c2c4 d7d5 f2f4 e8d7 g2g3 h7h6 d1c2 a7a5 h2h3 g5f4
390,d2d3 a7a6 c2c3 f7f6 d1c2 g7g6 d3d4 d7d5 f2f3 e8f7 e1f2 b7b5
391,d2d3 h7h5 b2b3 b7b6 c1b2 c7c5 e2e4 h5h4 b1d2 b8c6 g2g4 a7a5
392,h2h4 e7e5 c2c4 f7f5 h1h3 f8c5 a2a4 g8e7 a4a5 e8g8 a1a2 c5b4
393,e2e3 g7g5 g1h3 e7e6 g2g3 b7b6 d2d3 g8e7 e1d2 f8g7 h3g5 b8a6
394,e2e3 g7g6 d2d3 g6g5 c2c4 d7d6 c4c5 d6c5 f2f4 b8d7 g2g4 d7e5
395,h2h4 h7h5 a2a4 g7g6 g2g4 e7e5 c2c4 f8h6 a1a2 d8e7 f2f4 e7f8
396,b1a3 a7a5 f2f3 a5a4 c2c3 c7c6 b2b4 d7d6 e2e4 e8d7 e1e2 f7f5
397,e2e3 g7g5 g1h3 e7e6 g2g3 g8h6 h3g5 f8g7 b1a3 a7a5 g5h7 b8c6
398,h2h4 h7h5 a2a4 a7a5 a1a2 b7b6 c2c4 a8a6 f2f3 c8b7 g2g4 f7f6
399,a2a3 c7c6 d2d3 f7f6 e2e3 c6c5 d3d4 d8c7 e1d2 c5d4 c2c3 h7h6
400,h2h4 b7b6 b1a3 d7d6 c2c4 a7a5 a3b5 c8g4 c4c5 g4c8 b2b3 c7c6
401,h2h4 a7a5 h4h5 d7d6 d2d3 b8d7 a2a3 b7b6 a1a2 a5a4 c2c4 g7g5
402,h2h4 d7d6 c2c4 b7b6 b2b4 c7c5 b4c5 b6c5 d1b3 a7a6 g2g3 h7h5
403,h2h4 e7e5 a2a4 g7g5 b1c3 h7h6 c3d5 d7d6 b2b4 e5e4 a1b1 g5h4
404,h2h4 b7b6 h4h5 f7f6 f2f3 e7e6 e1f2 h7h6 b2b3 e8e7 d2d4 e6e5
405,h2h4 b7b6 h4h5 d7d6 b2b3 c8g4 b1a3 c7c6 e2e3 g4d1 e1d1 b8a6
406,h2h4 h7h5 e2e4 a7a5 d2d3 a8a7 b2b3 d7d5 c1g5 c7c5 a2a4 d5e4
407,h2h4 h7h6 a2a4 f7f6 h1h3 c7c5 h3h1 a7a5 b2b4 c5b4 f2f4 d8c7
408,d2d3 b7b6 g2g4 f7f6 b1d2 d7d6 b2b3 g8h6 f1g2 b8a6 f2f3 a8b8
409,b1a3 a7a5 f2f3 b7b5 e2e4 h7h5 f1b5 h5h4 g2g3 a5a4 b2b3 a4b3
410,b1a3 d7d5 g1f3 f7f6 g2g4 a7a6 f3e5 h7h5 a3b5 c7c5 a2a4 a6b5
411,e2e3 g8f6 b1c3 g7g5 g1e2 d7d6 g2g3 b8a6 f2f3 c8h3 e3e4 f8g7
412,e2e3 a7a5 f2f3 a5a4 e1e2 c7c6 c2c3 d8b6 h2h4 d7d6 g2g3 c8e6
413,b1a3 a7a5 f2f3 b7b5 e2e4 h7h5 g2g3 b5b4 a3b1 b8c6 a2a4 b4a3
414,d2d3 b7b6 c1g5 c7c5 e2e4 f7f6 f2f4 b6b5 e1d2 a7a6 g2g3 d7d6
415,a2a4 f7f6 h2h4 c7c6 b2b3 c6c5 a4a5 g8h6 f2f3 c5c4 e1f2 f6f5
416,b1a3 h7h6 a1b1 e7e5 g2g4 a7a6 g1f3 f8a3 f3e5 f7f6 e2e3 f6e5
417,h2h4 h7h5 e2e4 b7b5 d2d3 e7e5 b2b3 b8a6 a2a4 b5b4 a1a2 a8b8
418,b1a3 a7a5 f2f4 e7e6 e2e4 a8a6 f1a6 b7a6 g2g3 f7f6 d1h5 g7g6
419,b1a3 a7a5 f2f3 b7b5 a1b1 g8h6 e2e4 b5b4 d2d3 g7g5 h2h4 e7e6
420,b2b3 b8a6 d2d3 e7e6 g2g4 g7g5 a2a3 b7b6 e2e4 f8g7 c1g5 f7f6
421,h2h4 b7b6 b1a3 h7h5 a1b1 a7a5 c2c4 a8a6 d1a4 h8h7 b2b4 a5b4
422,h2h4 b7b6 b1a3 a7a5 b2b3 a8a7 c2c4 h7h5 c4c5 b6c5 a1b1 c8b7
423,b1c3 c7c6 g1h3 h7h5 b2b4 b7b6 a1b1 h8h6 f2f3 f7f5 d2d4 a7a5
424,h2h4 h7h5 e2e3 d7d5 e3e4 d5e4 d2d3 c8h3 d1h5 g7g6 h5g5 b7b5
425,a2a3 g8f6 f2f3 a7a6 e2e4 d7d5 d2d4 g7g6 e4d5 f6d5 g1e2 h8g8
426,e2e4 c7c5 g1e2 h7h5 d2d4 f7f6 e1d2 g7g5 h2h4 e8f7 h1h3 f8g7
427,g1f3 h7h5 b1a3 c7c5 c2c3 b7b6 g2g3 g7g5 d2d4 b8c6 a1b1 g5g4
428,g1f3 h7h5 b1a3 c7c5 g2g3 f7f6 e2e4 d7d5 f1e2 h5h4 a1b1 d5e4
429,a2a3 g8f6 h2h4 b8a6 d2d4 a6b4 e1d2 f6d5 e2e4 f7f5 e4d5 b4d5
430,a2a4 c7c6 h2h4 b7b6 c2c3 e7e5 g2g3 h7h5 f1g2 e8e7 e1f1 f7f6
431,h2h4 b7b5 h4h5 f7f6 d2d3 g8h6 b2b4 a7a5 f2f3 a5b4 a2a4 h6g4
432,e2e3 g7g6 a2a4 b7b6 b1c3 c7c6 d1e2 c8b7 f2f4 g8h6 g2g4 c6c5
433,a2a3 c7c5 b1c3 h7h5 d2d4 g7g5 a3a4 f7f6 a4a5 g5g4 b2b3 e8f7
434,e2e3 a7a5 g2g3 a5a4 f1b5 c7c6 d1f3 h7h5 d2d4 a4a3 b1a3 g7g5
435,h2h4 b7b6 b1a3 e7e5 c2c3 d8g5 h4g5 e8e7 b2b4 d7d5 h1h3 c8h3
436,e2e3 a7a5 b1a3 a5a4 d2d3 f7f6 a1b1 e7e6 g2g3 e8e7 f1g2 b8a6
437,a2a3 b8c6 b2b3 g8h6 h2h4 f7f5 d2d3 f5f4 c1f4 h6g4 f4e5 h8g8
438,h2h4 a7a6 h4h5 d7d5 g2g3 g7g6 a2a4 h7h6 g1h3 e7e5 c2c4 d8d7
439,a2a3 c7c6 d2d4 g8f6 h2h4 d8c7 a1a2 b7b5 h4h5 d7d5 a3a4 f6e4
440,b1a3 a7a5 f2f3 c7c6 e2e4 f7f6 b2b3 c6c5 e1e2 g8h6 h2h4 d7d6
441,b1a3 a7a5 b2b3 f7f6 f2f3 d7d5 e2e3 c7c5 g2g3 h7h6 f1g2 a5a4
442,e2e3 h7h5 d2d4 g7g5 a2a4 b7b6 e3e4 d7d6 h2h3 f7f6 c1e3 d6d5
443,e2e3 h7h5 d1h5 h8h5 f2f4 b8c6 b1a3 h5h7 g1f3 c6b4 f1a6 c7c6
444,e2e3 h7h5 d1h5 h8h5 g1e2 h5a5 b2b3 a5b5 e3e4 d7d6 c2c3 b8a6
445,e2e3 e7e5 e3e4 b7b5 f1c4 b5b4 e1e2 a7a6 c2c3 g7g5 c4f7 e8f7
446,h2h4 b8c6 g2g4 g8h6 a2a4 b7b6 f2f4 h6g4 f1g2 d7d6 c2c3 c6e5
447,h2h4 e7e5 h4h5 b7b6 b1a3 a7a6 a3b5 d7d5 b2b3 e8d7 c1b2 g8e7
448,h2h4 c7c6 h4h5 f7f6 d2d4 b7b5 b2b4 d7d5 a2a4 e8d7 f2f3 b5a4
449,a2a4 c7c6 d2d3 f7f6 a4a5 e7e5 b2b3 e8f7 g2g4 g8e7 a5a6 c6c5
450,f2f3 b7b6 b2b3 c7c6 e2e3 e7e5 c2c4 f8c5 f1d3 b6b5 a2a4 b5b4
451,h2h4 b7b6 b1a3 d7d6 c2c4 d6d5 a3c2 d5c4 d2d3 a7a5 c1g5 c8e6
452,h2h4 b7b6 b2b3 c7c6 c2c3 g8h6 f2f4 c8a6 g1h3 f7f6 e1f2 e7e5
453,h2h4 c7c6 g2g3 h7h6 g3g4 c6c5 f2f4 c5c4 e2e3 a7a5 d2d3 a8a7
454,h2h4 b7b6 b1a3 d7d6 b2b4 a7a5 a1b1 c8g4 c2c4 c7c6 h4h5 a8a6
455,e2e3 e7e5 f2f3 f8c5 c2c3 c5d6 c3c4 e8e7 a2a4 d8f8 e3e4 f7f5
456,h2h4 h7h5 d2d4 a7a6 b2b3 b7b5 b1a3 b5b4 a1b1 d7d5 e2e4 d5e4
457,a2a3 c7c6 h2h3 f7f6 f2f3 c6c5 g2g3 h7h6 b2b3 a7a5 h1h2 b7b5
458,h2h4 a7a5 h4h5 g8h6 a2a3 a5a4 h1h3 c7c5 f2f3 f7f5 d2d3 a8a5
459,e2e3 a7a5 d2d3 g8h6 f2f4 g7g5 a2a3 c7c5 g2g4 g5f4 e3f4 f7f6
460,h2h4 h7h5 e2e4 b7b6 d2d3 e7e5 c1g5 d7d6 b1a3 c8g4 g5f6 d8f6
461,h2h4 h7h5 e2e4 b8a6 d2d4 a8b8 c1d2 e7e5 a2a3 d7d6 d1e2 f7f6
462,h2h4 b7b6 b2b3 h7h5 c1b2 h8h7 c2c3 c7c5 h1h2 e7e6 b1a3 c8b7
463,e2e3 h7h5 d2d4 a7a6 e1d2 d7d6 e3e4 b7b6 d2e3 g8h6 d1d3 a6a5
464,h2h4 b7b6 b2b3 h7h5 a2a4 c7c6 a1a3 c8a6 c2c4 d8c8 a4a5 e7e6
465,e2e3 g7g6 b1a3 g6g5 b2b4 h7h5 f1e2 c7c5 a3b5 a7a6 e3e4 d7d6
466,e2e3 a7a5 f1b5 h7h5 g2g3 c7c5 d1h5 a8a7 g1h3 h8h5 e1d1 a5a4
467,a2a3 b8c6 a3a4 g7g5 h2h4 c6d4 c2c4 a8b8 g1h3 c7c5 b2b4 h7h6
468,e2e3 h7h5 f2f4 h5h4 d2d3 a7a5 e3e4 h8h7 a2a4 a8a6 g1e2 e7e6
469,e2e3 g7g5 b2b3 b8a6 h2h3 e7e6 f2f3 a6b4 d2d4 b7b6 f1b5 b4d5
470,g1f3 h7h5 b1c3 a7a5 f3e5 g7g5 b2b3 e7e6 g2g3 a8a7 c1b2 d7d6
471,b1c3 a7a5 a1b1 c7c6 c3d5 a5a4 g2g3 d7d6 d2d3 e8d7 b2b3 h7h5
472,h2h4 h7h5 e2e4 a7a5 g1h3 g8h6 e1e2 e7e5 f2f3 b7b6 e2f2 h6g8
473,b2b4 h7h6 a2a3 g7g5 a3a4 a7a5 d2d3 h8h7 h2h3 a8a6 b1a3 c7c5
474,a2a3 g8f6 a3a4 g7g6 f2f3 e7e6 a4a5 e8e7 e2e3 f6h5 b2b3 c7c6
475,h2h4 h7h5 a2a3 b7b6 c2c4 e7e5 c4c5 g8e7 a1a2 d7d5 b2b4 f7f5
476,h2h4 b7b6 b1a3 d7d6 c2c4 d6d5 a3c2 c7c5 a1b1 d5c4 d2d4 d8d4
477,h2h4 h7h5 e2e4 b7b5 b2b3 a7a5 c2c3 b8a6 f1d3 a8a7 d3c4 b5c4
478,h2h4 b7b6 b2b3 c7c6 f2f4 e7e5 c2c4 d7d6 c1b2 h7h5 g1h3 d8h4
479,e2e3 a7a5 b2b3 a5a4 g2g3 h7h5 f2f3 h5h4 g3h4 e7e5 e1e2 a4b3
480,g1f3 b7b5 b1c3 a7a5 b2b3 b8c6 f3h4 c6d4 c3d5 d7d6 c2c3 d8d7
481,f2f4 a7a5 d2d3 c7c6 e1d2 d8b6 d3d4 b6d4 d2e1 e8d8 g1h3 b7b6
482,b1a3 h7h5 b2b4 g7g5 d2d3 c7c5 b4c5 h5h4 a3c4 g5g4 a1b1 f7f5
483,e2e4 c7c5 b2b3 a7a5 d2d3 f7f6 d1d2 b8c6 h2h4 e7e5 e1d1 d7d6
484,h2h4 b7b6 b1a3 e7e5 c2c3 f7f6 a1b1 e8e7 g1f3 e7d6 a3b5 d6e7
485,e2e3 a7a5 d1h5 a5a4 d2d3 e7e5 e1e2 g7g6 e3e4 c7c6 b2b3 f7f6
486,e2e4 c7c5 g1e2 h7h5 d2d4 d7d6 h1g1 c8d7 b2b3 a7a6 f2f4 g8f6
487,f2f4 h7h6 h2h4 a7a5 c2c4 b7b5 g2g4 h6h5 f4f5 b5c4 g1f3 a8a6
488,e2e3 g7g5 h2h3 e7e6 e1e2 g8e7 h3h4 e6e5 e3e4 g5h4 d2d3 b8c6
489,e2e3 g7g5 g1h3 e7e6 g2g3 g8e7 h3g5 e6e5 f1b5 b8c6 d1h5 b7b6
490,h2h4 e7e6 h4h5 c7c6 b1a3 h7h6 a1b1 d8a5 b2b4 f8b4 c2c4 f7f6
491,f2f4 a7a5 c2c4 a5a4 d1a4 c7c6 a4a8 d7d6 h2h3 c8d7 a8b8 f7f6
492,c2c3 h7h6 c3c4 c7c5 h2h3 g7g5 g2g4 b7b5 f2f3 f8g7 h3h4 e8f8
493,e2e4 e7e5 g1e2 b7b6 b2b3 d7d6 b1c3 d8h4 g2g3 h4e4 c3e4 g8h6
494,e2e3 a7a5 f1b5 a5a4 c2c3 c7c6 d1c2 d7d6 g2g3 c6b5 h2h4 c8g4
495,b2b3 b8a6 f2f3 a6c5 e2e3 d7d6 g2g3 g7g6 e1e2 a8b8 a2a4 f8g7
496,g2g3 h7h5 h2h4 b7b6 b2b3 f7f5 g3g4 a7a5 g4h5 g8h6 f2f4 d7d6
497,h2h4 h7h5 e2e4 b7b6 g1e2 d7d6 b2b3 g7g5 b1c3 c8d7 h4g5 f8g7
498,h2h4 b7b6 g2g4 d7d6 c2c4 c8g4 f1h3 g8h6 f2f3 g4h5 e2e3 h8g8
499,h2h4 b7b6 b2b3 h7h5 a2a4 e7e5 c1b2 a7a5 d1c1 c8b7 b2c3 d8c8
500,e2e3 a7a5 e1e2 b7b5 g1h3 g8h6 g2g4 c8a6 a2a4 h6g4 a4b5 c7c5
501,h2h4 b7b6 b2b3 d7d6 c2c4 e7e5 b3b4 h7h5 f2f4 b6b5 d2d3 c8g4
502,a2a4 c7c6 b2b4 f7f6 a1a2 e7e6 d2d4 f8b4 c1d2 b4e7 e2e3 e6e5
503,d2d3 b7b6 b1a3 c7c5 e2e4 f7f5 f2f4 g8f6 a3b1 e8f7 e4f5 f6d5
504,a2a3 g8f6 a3a4 g7g6 a4a5 f6e4 d2d3 f7f6 c2c3 c7c6 d3e4 e8f7
505,f2f4 a7a5 e2e3 a8a6 e1e2 h7h5 g2g3 a6g6 h2h4 b7b5 c2c4 g6g3
506,h2h4 b7b6 b2b3 h7h5 a2a4 a7a5 e2e4 d7d6 d2d3 c8g4 c1g5 a8a7
507,e2e3 a7a5 e1e2 b7b5 g2g3 g8h6 c2c4 h6g4 a2a3 a8a6 a3a4 e7e5
508,d2d3 a7a6 e2e4 b7b5 b2b3 f7f6 h2h4 d7d6 g2g4 e7e5 d1f3 h7h6
509,e2e3 e7e6 e3e4 e6e5 b2b3 f8c5 d2d3 b8c6 h2h4 b7b6 d1e2 a7a6
510,h2h4 b7b6 c2c3 h7h5 b1a3 a7a5 c3c4 b6b5 c4b5 c7c5 h1h2 a8a6
511,h2h4 b8a6 c2c4 h7h5 f2f4 b7b5 g2g4 d7d6 f1g2 e7e5 f4e5 b5c4
512,e2e3 a7a5 b2b3 a5a4 g2g3 a8a6 d1f3 a6d6 g1e2 e7e5 g3g4 d6d3
513,b2b3 c7c6 e2e3 g7g6 f2f3 g8h6 g2g4 h8g8 b1a3 b7b5 a3b5 c6b5
514,h2h4 b7b6 b2b3 c7c6 g2g4 b8a6 f1g2 c6c5 g1h3 a6b4 b1a3 c5c4
515,e2e3 a7a5 b2b3 a5a4 g2g3 h7h5 f2f3 h5h4 g1h3 a8a7 h3f4 c7c5
516,a2a3 g8f6 a3a4 f6g4 f2f3 c7c6 f3g4 f7f6 d2d3 b7b6 c2c3 e8f7
517,f2f4 h7h5 c2c4 d7d5 c4d5 g7g6 d2d3 e8d7 e2e4 f8g7 f4f5 c7c6
518,g1f3 b8c6 b1a3 g8h6 d2d3 a8b8 c1e3 a7a5 e3d2 f7f6 a1c1 d7d6
519,e2e4 b8a6 e1e2 g7g5 h2h4 b7b5 g1f3 e7e5 c2c4 b5c4 h4g5 f8g7
520,d2d3 b7b6 b1a3 f7f6 a3c4 d7d6 a2a3 a7a5 g2g3 a8a6 e2e3 c8b7
521,h2h4 b7b6 b2b3 h7h5 b1c3 c7c6 a1b1 h8h6 c1a3 f7f5 d1c1 h6h8
522,d2d3 h7h6 b2b3 e7e5 a2a4 c7c5 e2e4 f7f6 d1h5 g7g6 h5g6 e8e7
523,b1a3 a7a5 f2f3 a5a4 b2b3 a8a6 a3c4 d7d6 e2e3 e8d7 g2g3 c7c6
524,h2h4 h7h5 d2d3 b7b6 c1g5 d7d6 b2b3 c8g4 a2a4 f7f5 a1a2 e7e5
525,e2e4 b8a6 d2d4 g7g5 d1d3 a8b8 d4d5 a6b4 h2h3 b4d3 e1d2 d3f4
526,h2h4 d7d6 h1h3 f7f5 b1a3 c7c5 g2g3 h7h6 e2e4 d6d5 e4d5 b8d7
527,d2d4 g8f6 g2g3 e7e6 e2e4 c7c6 g3g4 g7g6 e1e2 h7h6 d1d3 f8b4
528,e2e3 g7g6 d2d3 g6g5 g2g4 e7e6 c1d2 g8e7 b1a3 e7g6 f2f4 a7a6
529,e2e3 a7a5 b2b3 a5a4 f2f3 e7e6 e1e2 f8c5 g2g3 e8e7 b1c3 c7c6
530,e2e3 a7a5 b2b3 g8h6 f2f3 g7g6 e3e4 b7b5 d2d4 c8a6 d4d5 h8g8
531,e2e3 g7g6 a2a3 b7b6 h2h3 g8h6 f2f3 h6g4 d2d4 c8b7 a3a4 b7f3
532,b1a3 a7a5 f2f3 f7f6 b2b4 b7b5 a1b1 a5b4 a3c4 g8h6 h2h3 f6f5
533,e2e3 a7a5 b2b3 a5a4 f2f3 e7e6 e1e2 f8c5 b1a3 g7g5 c1b2 b8c6
534,e2e3 d7d5 d2d3 g7g5 f2f4 e7e5 e3e4 d5d4 b2b4 d8e7 f4e5 c8d7
535,e2e3 a7a5 b2b3 e7e6 a2a4 f8c5 d2d4 c5b6 e1d2 f7f6 h2h4 a8a6
536,h2h4 b7b5 a2a4 b8a6 h4h5 f7f6 b2b4 d7d5 a1a3 e8f7 a3a2 h7h6
537,a2a4 f7f6 b2b4 c7c5 b4c5 e7e5 h2h4 g8e7 b1c3 f6f5 c5c6 d7c6
538,h2h4 h7h5 d2d4 e7e5 b2b4 b7b6 d4e5 d7d5 e5e6 d8e7 b1d2 e7d6
539,e2e3 g7g5 g1h3 e7e6 g2g3 g8e7 b1c3 f7f6 e1e2 b7b6 f2f4 b8c6
540,g2g4 h7h5 h2h3 a7a6 e2e4 h8h6 g4g5 e7e5 f1d3 d7d6 f2f3 h5h4
541,e2e3 a7a5 d1e2 b8c6 g2g3 h7h5 e2h5 h8h5 f1b5 h5b5 h2h4 b5b2
542,h2h4 b7b6 a2a3 e7e5 b2b3 d7d6 a1a2 c8g4 h4h5 a7a6 d2d3 a8a7
543,h2h4 b7b6 b2b3 h7h5 d2d3 d7d6 c1g5 c8g4 a2a4 a7a5 f2f3 a8a7
544,a2a3 g8f6 e2e3 c7c6 g1f3 c6c5 e1e2 h7h5 f3e5 f6g8 d2d4 a7a5
545,h2h4 b7b6 b2b3 e7e6 h4h5 f7f6 a2a4 g8e7 c1b2 b8a6 b2c3 c7c5
546,g1h3 c7c5 d2d4 h7h5 e1d2 d7d6 h3g1 g8h6 a2a3 g7g6 d2e3 c5c4
547,b2b4 a7a5 b1a3 c7c6 d2d4 a8a6 h2h3 b7b6 g2g4 h7h5 c2c4 c6c5
548,e2e3 g8h6 d2d4 g7g6 e1d2 e7e6 b2b3 d7d6 e3e4 h8g8 a2a3 h6f5
549,h2h4 b7b6 b2b3 c7c6 g2g4 b8a6 c2c4 g8h6 f2f4 h6g4 d2d4 a8b8
550,e2e3 d7d5 e1e2 e7e5 c2c3 h7h5 e3e4 h8h7 b2b3 e8d7 e4d5 h5h4
551,a2a3 d7d6 b2b4 e7e5 b4b5 e8d7 e2e4 b7b6 f1c4 d7e7 b1c3 c7c6
552,e2e3 g7g5 h2h3 e7e6 g2g3 g8e7 f1b5 b8c6 d1f3 c6d4 f3d1 d4b5
553,e2e3 a7a5 c2c4 h7h6 e1e2 a5a4 e3e4 h8h7 g1h3 c7c5 d2d4 f7f6
554,h2h4 b7b6 a2a3 b8c6 h1h3 g8h6 h3b3 h6f5 c2c3 f7f6 a3a4 c6d4
555,a2a3 g8f6 h2h3 g7g5 h3h4 e7e6 h1h3 f6e4 d2d3 d7d5 c1g5 e4f6
556,e2e3 h7h5 b2b4 h8h6 e1e2 a7a6 d2d4 e7e5 g2g3 d7d6 d4e5 e8e7
557,b1a3 a7a5 f2f3 b7b5 a1b1 b5b4 e2e4 h7h5 f3f4 h5h4 d2d3 b4a3
558,a2a3 g8f6 h2h4 f6e4 c2c4 b8c6 c4c5 a7a5 h4h5 e4f2 a3a4 f2d1
559,e2e3 f7f5 a2a4 f5f4 f2f3 c7c5 c2c3 g7g5 e1e2 g8h6 a4a5 h8g8
560,a2a3 g8f6 f2f4 a7a6 h2h4 c7c5 c2c4 f6e4 a3a4 f7f6 a4a5 e8f7
561,e2e3 a7a5 e1e2 b8c6 f2f3 c6b4 g2g3 b7b5 f1g2 e7e6 c2c3 b4d5
562,b1a3 a7a5 g2g3 b8c6 e2e3 f7f6 f1b5 e7e5 c2c4 b7b6 b5c6 g8e7
563,b1c3 h7h5 g1h3 a7a5 a2a4 g7g5 c3d5 c7c5 a1a3 f8g7 d2d3 e8f8
564,b2b3 b8a6 d2d3 e7e6 e2e4 b7b6 d1h5 a8b8 e1e2 g7g6 c1g5 g6h5
565,h2h4 b7b6 b2b3 c7c6 h1h3 b8a6 c2c3 e7e6 g2g4 e8e7 f1g2 a6b8
566,e2e3 h7h5 b2b4 g7g5 d2d4 b7b6 d4d5 h5h4 c2c4 a7a5 g1e2 f8g7
567,a2a3 g8f6 e2e3 c7c6 h2h3 b8a6 g2g4 h7h5 d2d3 a8b8 f2f3 h5h4
568,h2h4 b7b6 b2b3 c7c6 g2g4 g8h6 c2c4 g7g5 c1b2 f7f6 f2f3 c6c5
569,h2h4 b7b6 b2b3 h7h5 d2d3 b8a6 a2a4 c7c6 a1a3 a8b8 c1g5 d7d5
570,a2a3 g8f6 e2e3 b8a6 d2d3 b7b5 g2g4 g7g5 h2h4 f6g4 f2f3 f7f5
571,e2e4 b8a6 d2d4 g8f6 d1d3 a6b4 c1h6 b4d3 f1d3 g7g5 h6g5 f6e4
572,d2d3 h7h6 b2b3 e7e5 e2e4 b7b6 b1d2 d8f6 d1h5 d7d6 g2g4 g7g5
573,g1h3 c7c5 d2d4 h7h5 e1d2 d7d6 f2f3 c8e6 h3g1 a7a5 c2c4 c5d4
574,e2e4 b8a6 d2d3 d7d6 g2g4 f7f6 a2a3 b7b6 d3d4 g7g5 f1a6 c8a6
575,h2h4 e7e5 h4h5 d7d6 d2d4 f7f5 d4e5 d8h4 a2a4 g8f6 a1a2 f6h5
576,b1a3 a7a5 d2d3 c7c6 e2e3 f7f6 g2g3 e8f7 b2b4 e7e6 f1e2 a5b4
577,d2d3 b7b6 f2f4 f7f6 f4f5 d7d5 e2e4 c7c6 b1d2 e8d7 g1h3 h7h6
578,g2g4 g8h6 a2a3 c7c5 e2e4 h8g8 d2d3 c5c4 d3c4 h6g4 d1g4 f7f5
579,a2a3 g8f6 a3a4 c7c5 b1c3 b8a6 f2f3 a6c7 d2d3 a7a6 b2b4 d7d6
580,b1a3 a7a5 f2f3 b7b5 f3f4 f7f6 b2b4 e8f7 e2e4 g7g6 g1f3 f8g7
581,e2e3 g7g5 f2f4 h7h6 h2h3 e7e6 c2c4 c7c5 f4f5 e6f5 d2d4 h6h5
582,e2e3 a7a5 b2b3 a5a4 c2c4 c7c5 f2f3 f7f6 h2h3 e7e6 b1c3 a4a3
583,h2h4 b7b6 b2b3 c7c6 g2g4 g8h6 c2c4 f7f6 f2f4 d7d5 f1h3 a7a5
584,h2h4 b7b6 b2b3 h7h5 d2d3 b8a6 c1d2 a8b8 c2c3 c7c6 d3d4 e7e5
585,e2e4 h7h5 d2d3 a7a5 b2b3 b7b6 e1e2 c8b7 c1g5 a8a7 a2a4 c7c6
586,e2e3 a7a5 h2h3 a5a4 e1e2 c7c6 d2d4 e7e5 a2a3 d7d6 c2c3 e8d7
587,e2e4 b8c6 g2g4 g8h6 a2a4 h6g4 f2f3 g4f2 h2h4 f2d1 c2c4 d1e3
588,h2h4 b7b6 b2b3 h7h5 h1h2 a7a5 c2c3 f7f5 c1a3 g8h6 g2g4 b6b5
589,a2a4 c7c6 d2d3 d7d6 c2c3 e7e5 f2f3 e8e7 a4a5 f7f6 e1d2 a7a6
590,d2d3 a7a6 c2c3 f7f6 a2a4 g8h6 b2b3 h6g8 a4a5 d7d6 e1d2 c7c5
591,h2h4 b7b6 b2b3 e7e5 c2c3 g8e7 g2g3 c7c5 f1h3 b8c6 h3g2 c8b7
592,b1a3 a7a5 e2e3 g7g5 g2g3 b8c6 b2b3 g8h6 g1h3 e7e5 h3g1 e8e7
593,b1a3 g8f6 d2d3 d7d5 e2e3 f6e4 a1b1 g7g5 d1f3 e7e6 g2g4 a7a6
594,g1f3 a7a5 b1a3 b7b6 d2d3 b6b5 a3c4 f7f6 a1b1 g8h6 c1d2 b5c4
595,e2e4 b8a6 e1e2 a6b8 d2d4 g8h6 b2b3 f7f5 f2f3 b8c6 c2c3 h8g8
596,e2e4 b8a6 a2a3 a6c5 e1e2 e7e5 h2h3 a8b8 f2f3 d8e7 c2c3 g8f6
597,h2h4 b7b6 b2b3 c7c6 g2g4 b8a6 c2c4 h7h5 f1g2 h5g4 g2h3 g4h3
598,b2b3 b8a6 f2f3 b7b5 d2d4 h7h5 b3b4 h8h6 g1h3 g7g5 b1c3 d7d6
599,h2h4 b7b6 g2g4 d7d6 c2c4 e7e5 d2d3 h7h5 b1d2 d8d7 g4h5 d7e6
600,a2a4 b7b6 g1h3 b8c6 e2e3 h7h5 d1h5 h8h5 d2d4 g8f6 g2g3 h5a5
601,e2e4 b7b6 f2f4 e7e5 f1c4 g8e7 g1f3 b8c6 c4d3 b6b5 f3e5 a7a5
602,h2h4 b7b6 b2b3 c7c6 f2f4 f7f6 f4f5 e7e5 a2a4 b8a6 c1b2 e8e7
603,h2h4 b7b6 b1a3 d7d6 b2b3 e7e5 a1b1 e8e7 d2d4 f7f5 d4d5 c7c6
604,h2h4 h7h5 e2e4 b8c6 f1d3 a7a5 e1f1 c6d4 g1e2 b7b5 e2d4 e7e5
605,e2e3 a7a5 b1c3 h7h5 c3d5 c7c5 g2g4 a5a4 a1b1 d7d6 d2d3 e8d7
606,g1f3 b7b5 a2a4 b8a6 f3h4 f7f6 b2b4 g8h6 f2f4 d7d5 e1f2 h6g4
607,h2h4 b7b6 b1a3 d7d6 b2b4 a7a5 c2c4 c8a6 h1h2 h7h5 a3c2 b6b5
608,e2e3 a7a5 f2f3 a5a4 b2b3 e7e6 e3e4 f8c5 g2g3 f7f5 d2d4 e8f7
609,b1a3 a7a5 f2f3 a5a4 b2b3 c7c6 e2e4 a4b3 d2d4 d7d6 e1f2 a8a3
610,b1c3 h7h5 g1h3 a7a5 b2b3 e7e6 c3d5 f7f5 d2d3 f8b4 c1d2 e8f8
611,h2h4 h7h5 e2e4 b7b6 d2d3 e7e5 b2b3 d7d6 e1d2 c8g4 d1g4 h5g4
612,a2a3 g8f6 a3a4 c7c6 h2h3 c6c5 d2d4 f6h5 g2g4 c5d4 f1g2 b7b6
613,a2a3 c7c6 h2h4 f7f6 h1h3 c6c5 f2f3 a7a5 c2c4 h7h6 a1a2 a5a4
614,a2a3 f7f6 e2e3 c7c6 e1e2 b7b5 b2b4 e7e5 c2c4 b5c4 g2g3 c4c3
615,h2h4 h7h5 a2a4 a7a5 a1a3 a8a6 f2f4 d7d5 b2b3 e8d7 c1b2 b7b6
616,h2h4 h7h5 a2a3 b7b6 e2e4 e7e5 b2b3 d7d5 e1e2 d5d4 c1b2 d8e7
617,g1h3 e7e6 g2g3 a7a5 a2a4 f8e7 a1a2 b8c6 g3g4 c6d4 e2e3 b7b6
618,e2e3 a7a5 g1f3 d7d5 b1a3 h7h5 e3e4 d5e4 f1d3 c7c5 d3e4 h5h4
619,h2h4 b7b6 b2b3 h7h5 a2a4 h8h7 f2f4 a7a5 g1h3 f7f5 c1b2 c8b7
620,b1c3 h7h5 g1h3 a7a5 b2b3 g7g5 f2f3 f7f5 c3b1 h8h6 e1f2 b7b5
621,b1a3 a7a5 f2f3 a5a4 e2e4 f7f6 e1e2 c7c5 b2b3 e8f7 d2d3 e7e5
622,h2h4 b7b6 b2b3 h7h5 d2d3 a7a5 c1d2 a8a6 e2e4 d7d6 e4e5 c8h3
623,h2h4 b7b6 b2b3 h7h5 a2a4 d7d6 b3b4 e7e5 a1a3 d8d7 g1f3 e8e7
624,a2a3 b7b6 c2c4 d7d5 d2d3 e8d7 a3a4 f7f6 g1f3 c7c6 a4a5 d5c4
625,h2h4 b7b6 b2b3 h7h5 c1b2 c8b7 c2c4 c7c5 g2g4 b8c6 b1c3 g7g5
626,a2a3 g8f6 a3a4 b8c6 h2h4 c6d4 a4a5 c7c6 a1a3 d4f5 h1h3 f6h5
627,e2e3 a7a5 h2h4 e7e6 h4h5 b7b6 g2g4 g8h6 f1c4 g7g6 h5g6 f7g6
628,h2h4 b7b6 b1a3 h7h5 b2b4 a7a5 a1b1 a8a6 d2d4 a5b4 b1b4 c7c5
629,d2d3 h7h5 b2b3 b7b6 a2a4 b8a6 c2c4 e7e6 d1d2 e8e7 d2c3 f7f6
630,g1f3 b7b5 c2c4 f7f6 e2e4 e7e6 b1c3 c7c6 f3g5 b5b4 e1e2 f8e7
631,h2h4 b7b6 b2b3 h7h5 d2d3 d7d6 b1d2 c8d7 g1f3 a7a5 c2c4 b8a6
632,h2h4 e7e6 b1c3 f7f6 c3b1 h7h6 h4h5 b7b6 a2a4 d7d5 f2f4 b8a6
633,e2e3 h7h6 e3e4 g7g5 a2a3 b8c6 f2f3 f8g7 h2h4 g5h4 d2d3 h6h5
634,h2h4 b7b6 b2b3 h7h5 d2d3 b8a6 c1g5 a6b8 g5f6 e7f6 a2a4 b8a6
635,e2e4 b8c6 h2h4 a7a5 d2d3 f7f6 b2b3 g7g6 g2g4 g8h6 b1c3 c6d4
636,h2h4 h7h5 b1c3 d7d5 c3b1 d8d6 a2a3 b7b6 a1a2 d5d4 a2a1 c7c5
637,e2e3 g7g6 b2b4 e7e5 b1a3 a7a6 f1e2 g6g5 e1f1 g5g4 g2g3 d7d6
638,h2h4 d7d6 c2c4 d6d5 d1b3 h7h5 c4c5 e7e5 b1c3 b8d7 a1b1 f8d6
639,e2e4 f7f5 g1e2 f5e4 f2f4 e4f3 e2d4 f3g2 b2b3 g2h1q d1e2 g7g5
640,a2a3 e7e6 g1f3 f8e7 e2e4 g7g6 e4e5 b7b6 f1c4 c7c6 b2b3 c8b7
641,h2h4 b7b6 b1a3 a7a6 b2b4 d7d6 b4b5 a6b5 c2c3 b8d7 a3b5 a8a6
642,e2e3 a7a5 d1h5 b8c6 g2g3 g8h6 f1b5 b7b6 h2h3 c6d4 e3d4 h6f5
643,h2h4 b7b6 b2b3 h7h5 d2d3 b8a6 e2e4 d7d6 c1g5 c8g4 f2f3 g4d7
644,h2h4 h7h5 e2e4 a7a6 d2d3 b7b6 a2a3 d7d6 b2b3 c8g4 c1g5 a8a7
645,e2e4 e7e5 d2d3 b7b6 b2b3 c7c6 e1e2 c8b7 g2g3 e8e7 h2h3 f7f6
646,d2d3 b7b6 b1a3 c7c5 e2e4 d7d6 e1d2 h7h5 b2b3 c5c4 g2g4 a7a6
647,h2h4 b7b6 b1a3 d7d6 b2b3 c8d7 c2c3 a7a6 a1b1 b6b5 g2g3 h7h5
648,h2h4 d7d5 g1f3 f7f6 c2c3 a7a5 f3g1 c7c6 d1c2 a8a7 f2f4 a7a6
649,h2h4 h7h5 e2e4 a7a5 f1d3 b7b6 d1e2 d7d6 b1a3 a5a4 a1b1 g7g6
650,d2d3 b7b5 b1c3 a7a6 g2g3 h7h5 e2e4 b5b4 g3g4 h5g4 a2a4 d7d6
651,e2e4 b7b6 h2h3 a7a5 d2d3 b6b5 e1e2 g7g6 f2f3 c8a6 c2c4 g6g5
652,h2h4 b7b6 c2c3 e7e6 b2b3 f7f6 g2g3 h7h6 f1g2 g8e7 g3g4 c7c5
653,h2h4 h7h5 d2d3 c7c5 c1g5 f7f6 d3d4 e8f7 g5c1 c5c4 b2b3 d7d5
654,a2a3 g8f6 e2e3 c7c6 a3a4 e7e5 b1c3 g7g5 f1e2 d8e7 g2g4 e7d8
655,b1a3 a7a5 f2f3 b7b5 e2e4 b5b4 f3f4 a8a6 f1a6 f7f6 g1e2 g8h6
656,h2h4 b7b6 b2b3 c7c6 c1a3 e7e5 a3b2 e5e4 g2g4 f8b4 a2a3 b4a3
657,h2h4 h7h5 a2a3 b7b6 d2d3 g8h6 c1g5 c7c5 c2c4 c8a6 e2e3 b8c6
658,b1a3 b8c6 h2h4 h7h5 a1b1 a7a5 d2d4 e7e5 b2b4 a5b4 d4e5 d7d6
659,e2e4 e7e5 f1d3 a7a5 f2f3 b8c6 c2c3 g7g5 d3f1 g8e7 h2h4 f7f6
660,h2h4 b7b6 b2b3 h7h5 f2f4 a7a5 e1f2 d7d5 g1h3 a8a7 a2a4 e7e5
661,e2e4 b8c6 g2g4 g8h6 a2a4 a7a5 b1c3 a8a6 f1e2 g7g5 e2a6 h6g8
662,d2d3 b7b6 g2g4 d7d6 b1d2 a7a5 c2c4 c8g4 e2e3 f7f5 g1h3 c7c6
663,d2d3 b7b6 b1a3 c7c5 b2b4 f7f6 d3d4 c5b4 g2g4 e8f7 c2c4 h7h6
664,b2b3 c7c5 f2f3 a7a6 d2d4 b7b6 h2h3 h7h5 e1d2 e7e5 c1b2 h5h4
665,h2h4 a7a5 b1a3 h7h5 e2e4 b7b5 d2d3 b5b4 a1b1 b4a3 b2a3 c7c6
666,h2h4 b7b6 c2c3 e7e6 b2b3 g8e7 h1h2 f7f5 g2g3 g7g6 c1b2 h8g8
667,a2a3 g8f6 h2h3 b8a6 e2e3 c7c6 a3a4 a8b8 d2d4 d8c7 e1e2 d7d5
668,d2d3 h7h6 b2b3 b7b5 a2a4 c7c5 b3b4 c8b7 e2e4 b5a4 b4c5 b8c6
669,f2f4 a7a5 g2g3 a5a4 e2e3 d7d6 d2d4 b8d7 h2h3 g8f6 g3g4 f6d5
670,g1h3 b7b6 g2g3 d7d6 b1c3 c8d7 b2b4 h7h5 f2f3 b6b5 c3b5 a7a5
671,h2h4 h7h5 b2b3 b8a6 d2d3 e7e6 b3b4 b7b6 b1a3 f8d6 c1d2 d6b4
672,e2e3 a7a5 f1b5 a5a4 g2g3 c7c6 d1f3 h7h5 h2h3 c6b5 d2d4 a4a3
673,b1a3 a7a5 f2f3 g8f6 h2h3 a5a4 b2b4 d7d6 a3b5 b8c6 g2g3 g7g5
674,e2e3 a7a5 b2b3 a5a4 f2f3 g8h6 e3e4 f7f5 e1e2 e8f7 g2g3 b7b5
675,e2e3 a7a5 b2b3 a5a4 f2f3 e7e6 g2g3 a8a7 b1a3 f8a3 d1e2 a3d6
676,d2d4 g8f6 d1d3 a7a5 e2e4 g7g5 g2g4 e7e6 h2h3 a5a4 e4e5 f6g8
677,h2h4 h7h5 d2d3 b7b6 c1g5 d7d6 g1h3 c7c5 b2b3 d6d5 g5d2 f7f6
678,e2e3 g7g5 f1e2 h7h5 b1a3 c7c5 g2g3 b8a6 b2b3 a6c7 a1b1 d7d6
679,a2a3 g8f6 a3a4 b8a6 c2c3 d7d5 f2f3 g7g6 a4a5 f6d7 e1f2 b7b6
680,e2e3 g7g5 g1h3 e7e5 g2g3 a7a6 b1c3 b8c6 a1b1 g8e7 h3g5 f7f6
681,e2e3 g7g6 f2f4 b8a6 f1a6 d7d5 g1f3 d5d4 d2d3 h7h5 d1d2 c7c6
682,d2d3 h7h6 f2f4 c7c6 b1d2 a7a5 g2g4 c6c5 e2e4 h8h7 h2h4 f7f6
683,b1a3 a7a5 f2f3 b7b5 a1b1 b5b4 e2e4 h7h5 f3f4 b4a3 d2d3 c7c6
684,b1a3 a7a5 a3b1 c7c6 e2e4 f7f6 g1e2 c6c5 g2g3 g8h6 e2f4 a8a7
685,e2e3 g7g6 f1e2 a7a5 b1c3 h7h5 c3d5 g6g5 h2h4 a8a7 g1f3 c7c5
686,e2e3 a7a5 b2b3 a5a4 f2f3 a8a7 f1a6 a7a6 d1e2 e7e6 g2g3 b7b5
687,h2h4 h7h5 d2d3 b7b6 b2b3 b8a6 c1b2 c7c6 b1d2 b6b5 g2g4 h8h7
688,b1a3 a7a5 a3b5 h7h5 d2d4 g8f6 h2h3 f6g8 g2g4 d7d6 e1d2 a5a4
689,e2e4 b8c6 g2g4 g8h6 a2a4 g7g6 g1f3 g6g5 f1d3 e7e5 h2h3 f8g7
690,b1a3 a7a5 h2h4 a5a4 c2c4 c7c6 c4c5 d8c7 g2g3 e8d8 a3c2 f7f6
691,e2e4 e7e5 g1e2 b7b6 d2d3 d7d6 f2f3 d8f6 b1d2 a7a5 g2g4 f6d8
692,a2a3 a7a6 e2e4 c7c6 d2d4 f7f6 e1d2 e7e5 b2b4 d7d6 h2h4 e5d4
693,g1f3 h7h6 e2e4 h6h5 f3e5 d7d6 a2a3 d6e5 d2d3 h8h6 c1g5 b7b6
694,a2a3 c7c6 d2d3 c6c5 d3d4 c5d4 c2c4 d4c3 c1g5 c3b2 d1d4 g7g6
695,e2e4 e7e5 g1e2 f7f6 b1c3 a7a5 a1b1 f8c5 g2g4 g7g5 f2f3 e8f8
696,a2a3 c7c5 d2d4 c5d4 c2c4 a7a5 h2h4 b8c6 c4c5 a8a7 b1c3 a7a6
697,e2e3 g7g6 f2f3 b7b6 h2h3 e7e5 d2d3 g6g5 c2c4 c7c6 g2g4 f8e7
698,a2a3 e7e6 a3a4 f8b4 a4a5 e8f8 c2c3 d8f6 h2h3 g7g5 a5a6 b8a6
699,a2a3 g8f6 a3a4 b8a6 f2f3 e7e6 g1h3 g7g6 g2g4 a8b8 b2b4 f6d5
700,a2a3 g8f6 a3a4 b8a6 f2f3 g7g6 b2b4 b7b5 a1a3 e7e6 a4b5 h7h6
701,e2e3 g7g6 f1e2 g6g5 g2g3 h7h5 f2f4 g5f4 b2b3 f7f5 e3f4 b8a6
702,e2e3 g8f6 d2d3 f6h5 c2c3 e7e6 a2a4 f8c5 h2h3 c5e3 c1e3 h7h6
703,a2a3 g8f6 f2f3 f6e4 e2e3 c7c6 h2h3 e7e6 d2d3 f8d6 c2c4 d6g3
704,e2e4 e7e5 b2b4 e8e7 a2a3 c7c5 d1f3 c5c4 c1b2 f7f5 g2g3 d7d5
705,e2e4 h7h5 b2b3 b7b6 d2d3 e7e5 d1e2 h8h6 e1d1 c7c6 c1d2 c6c5
706,e2e3 g7g6 g2g3 g8h6 f1e2 b8c6 f2f3 h6f5 b1a3 f5h6 b2b3 b7b6
707,e2e4 h7h5 f1a6 c7c5 b2b3 b7a6 a2a4 g8h6 d1h5 h6g8 h5h8 c5c4
708,d2d3 b7b6 g2g4 d7d6 b1d2 e7e5 c2c4 c8g4 h2h4 a7a5 g1f3 e5e4
709,d2d3 b7b5 b1a3 a7a6 b2b4 a8a7 e2e3 c7c5 g2g3 c5b4 a3b5 h7h5
710,h2h4 b7b6 b2b3 c7c6 g2g4 b8a6 d2d3 a8b8 c1d2 g8h6 f1g2 h6g4
711,d2d3 a7a6 e2e4 b7b6 f2f4 e7e5 b2b3 e8e7 g1e2 b8c6 b1d2 g7g6
712,d2d3 a7a6 a2a3 c7c5 e2e3 h7h5 g1e2 d8a5 b1d2 a5d8 b2b3 b8c6
713,f2f3 h7h5 e2e3 a7a5 b2b3 h5h4 b1a3 a5a4 b3b4 c7c6 b4b5 c6b5
714,h2h4 b7b6 b2b3 c7c6 c2c3 d7d6 g2g3 c8g4 f1g2 g4d7 g2f3 h7h5
715,a2a3 g8f6 a3a4 b8a6 d2d3 c7c5 c2c3 a8b8 c1g5 d7d5 f2f4 h7h6
716,h2h4 b7b6 b1a3 h7h5 e2e3 g7g5 f1a6 b6b5 a6b5 c7c6 g2g3 g5h4
717,a2a3 e7e5 d2d3 e8e7 g2g4 d7d6 b2b3 b7b6 e2e4 c8g4 g1f3 b6b5
718,e2e3 a7a5 b1a3 a5a4 d2d3 f7f6 e3e4 e7e5 a1b1 c7c6 f2f3 e8f7
719,h2h4 e7e5 h4h5 d7d6 d2d3 g7g5 b1c3 d8f6 g1h3 c8h3 c1g5 a7a6
720,e2e3 g7g6 a2a4 b7b6 b1c3 c7c6 c3d5 b8a6 f1d3 g6g5 a1b1 c6d5
721,a2a3 h7h5 e2e3 c7c6 d2d4 g8f6 b2b4 e7e5 f2f3 f8d6 d4e5 g7g5
722,b1a3 a7a5 f2f3 b7b5 e2e4 h7h5 g1e2 b5b4 a3c4 d7d6 c4e3 b8c6
723,d2d3 b7b6 g2g4 d7d6 b1d2 e7e5 c2c4 f7f6 b2b4 e8e7 e2e3 e7d7
724,h2h4 h7h5 e2e4 d7d5 b2b3 b7b6 e4d5 c8e6 f1c4 e6d7 a2a3 a7a5
725,a2a3 h7h5 e2e3 h5h4 f2f3 a7a6 g2g3 c7c5 d2d3 h4g3 h2h4 h8h5
726,h2h4 e7e5 b1a3 e8e7 g2g4 e7d6 a3b5 d6c6 c2c4 d7d5 f2f4 c8g4
727,h2h4 h7h5 e2e4 b8a6 d2d3 d7d6 e1d2 c7c6 h1h2 a6c7 e4e5 g7g6
728,d2d3 c7c5 d3d4 h7h5 e2e3 g7g6 e1d2 d8a5 d2d3 c5d4 e3d4 g8h6
729,a2a3 h7h5 h2h4 b7b6 e2e3 e7e5 f1c4 e8e7 f2f4 d7d5 g1f3 e5e4
730,h2h3 e7e5 a2a3 b8c6 h3h4 g8e7 h1h3 f7f5 b1c3 b7b6 d2d3 c8b7
731,c2c4 d7d5 h2h4 h7h6 d1b3 c7c5 f2f4 g7g6 g2g4 f7f6 c4d5 f8g7
732,e2e3 g7g6 h2h3 b8c6 f2f3 g8h6 e1e2 f8g7 a2a4 e8g8 b2b4 h6g4
733,h2h4 b7b6 b2b3 d7d6 c2c4 e7e5 h4h5 b8d7 c1b2 f8e7 g2g4 g7g5
734,h2h4 h7h5 e2e4 b7b6 b2b3 a7a5 d2d4 b8c6 e1e2 c8b7 e2d3 g7g6
735,h2h4 e7e6 c2c4 b7b6 a2a3 e6e5 d2d3 h7h5 c1g5 f7f6 g2g4 f6g5
736,a2a3 g8f6 a3a4 g7g6 b1c3 e7e6 e2e3 f8b4 d2d3 b4f8 c3d5 e6d5
737,e2e4 e7e5 f1c4 f8c5 b1c3 c7c6 a2a4 e8e7 c3d5 c6d5 d1g4 f7f6
738,b1c3 c7c6 b2b3 b7b6 g1h3 e7e6 g2g3 f8e7 c1b2 b8a6 c3e4 h7h6
739,e2e3 a7a5 b2b3 a5a4 f2f3 e7e6 e3e4 f8c5 g2g3 c5b4 b1c3 e8e7
740,b2b3 b8a6 h2h4 f7f6 c2c3 g8h6 f2f3 e7e5 d2d4 d7d6 c3c4 a6b4
741,e2e4 e7e5 a2a3 f7f6 b2b3 b7b6 c2c4 g8e7 d1g4 d7d5 c4d5 c8g4
742,e2e4 b8c6 b2b3 h7h5 c2c4 a7a5 a2a4 e7e5 a1a2 d7d6 h2h4 b7b6
743,e2e3 a7a5 b2b3 a5a4 f2f3 f7f6 e1e2 b7b5 g2g3 c8b7 d1e1 e8f7
744,h2h4 h7h5 a2a4 a7a6 a1a2 a8a7 b2b3 d7d5 c2c4 c8e6 b1c3 e8d7
745,e2e4 b8c6 b2b3 g8h6 g1f3 g7g6 h1g1 b7b6 b1a3 c8b7 b3b4 g6g5
746,h2h3 e7e5 g2g4 a7a6 h3h4 f7f6 f1g2 h7h5 b1c3 a6a5 g4h5 e8e7
747,a2a3 c7c5 e2e4 a7a5 d2d4 c5d4 g2g4 d7d6 e4e5 c8g4 e5d6 e7d6
748,e2e3 g7g6 f1e2 a7a5 g2g3 g8h6 e2b5 c7c6 e1f1 c6b5 d1f3 f8g7
749,d2d4 g8f6 c1d2 a7a5 h2h4 g7g5 d4d5 a5a4 b2b4 f6e4 g1h3 e7e6
750,e2e4 b8c6 b2b3 c6b8 f2f3 b7b6 c2c3 h7h5 g1e2 a7a5 e2g3 g7g5
751,h2h4 b7b6 b1a3 g8h6 e2e3 c7c6 g2g4 h6g4 f1e2 b8a6 e1f1 a6b4
752,e2e3 a7a5 f1b5 h7h5 g2g3 c7c5 d1h5 h8h5 c2c3 h5d5 h2h4 a8a7
753,e2e3 a7a5 e1e2 g8h6 h2h4 b7b5 f2f4 h6g8 b2b3 a8a7 a2a4 e7e5
754,h2h4 b7b6 b1a3 d7d6 c2c4 a7a5 f2f4 b6b5 h4h5 b5c4 a1b1 b8c6
755,h2h4 b7b6 c2c3 h7h5 b1a3 c7c5 b2b3 g7g5 h4g5 f8g7 e2e4 g7d4
756,b1a3 g8f6 d2d3 b8a6 e2e3 g7g5 b2b4 a6b4 c1b2 f6g8 a3c4 h7h5
757,h2h4 h7h5 e2e4 b7b6 b2b3 d7d6 a2a4 a7a5 c1b2 c8g4 d1c1 e7e5
758,b1a3 h7h5 a1b1 c7c5 h2h4 g7g5 d2d4 f8h6 b2b4 c5b4 c1d2 b7b6
759,b1c3 g7g5 h2h4 a7a5 b2b3 e7e5 h4g5 a8a7 c3d5 g8e7 d5f6
760,e2e4 b8c6 g2g4 g8h6 h2h4 a7a5 f2f3 g7g5 c2c3 e7e5 d1e2 b7b6
761,a2a3 d7d6 d2d3 c7c6 c1h6 c8f5 g2g3 g8f6 g3g4 f5g4 c2c4 a7a5
762,b2b3 b8a6 d2d3 d7d6 c2c4 a8b8 g1h3 f7f6 f2f3 e8d7 e1d2 b7b6
763,h2h4 h7h5 a2a3 b7b6 h1h3 c7c6 h3b3 g8h6 c2c4 g7g6 g2g4 f8g7
764,b1c3 c7c6 f2f3 a7a5 c3d5 a5a4 b2b3 a4b3 a2b3 b7b6 e2e3 a8a1
765,e2e4 b8a6 d1f3 d7d6 d2d3 e7e6 e1e2 b7b5 a2a3 e8d7 c1g5 f8e7
766,b1a3 a7a5 f2f3 b7b5 e2e3 g8f6 f1b5 c7c6 g2g3 a5a4 a1b1 f6d5
767,e2e3 a7a5 e1e2 b7b5 g2g3 a5a4 c2c3 h7h5 f1g2 c7c6 e3e4 a4a3
768,d2d3 h7h5 b2b3 c7c5 a2a4 h8h6 b1a3 g7g5 c1g5 h6g6 d1b1 g6g5
769,c2c4 d7d5 h2h4 b7b6 d2d3 d5c4 g2g4 b6b5 f1g2 c8d7 f2f4 e7e5
770,e2e3 a7a5 f1b5 h7h5 g2g3 c7c6 d2d4 b7b6 d1d2 a8a7 d2c3 a5a4
771,h2h4 h7h5 b1c3 b7b6 b2b3 c7c6 c1b2 h8h7 h1h3 c6c5 a1c1 d7d5
772,h2h4 b7b6 b1c3 e7e6 e2e4 c8b7 a2a4 f8b4 d1h5 g7g6 d2d3 g6h5
773,g1f3 b7b5 c2c4 f7f6 e2e4 c7c6 b1c3 e7e6 f3d4 f8c5 g2g4 b5b4
774,e2e3 a7a5 b1c3 h7h5 c3d5 h5h4 a1b1 a8a7 g2g3 a5a4 d1f3 c7c5
775,f2f3 h7h5 b2b3 d7d5 e2e4 b7b6 e4d5 g7g6 b1a3 c7c6 c2c4 c6d5
776,d2d4 g8f6 h2h4 a7a5 e2e4 a5a4 e1e2 h8g8 c1d2 e7e5 d2a5 f6e4
777,a2a3 d7d6 g2g4 a7a6 c2c4 c7c5 d2d4 g8f6 e1d2 c5d4 e2e3 d8a5
778,b1c3 g7g5 h2h4 c7c6 g1h3 f7f5 c3b5 h7h5 b5a3 e8f7 d2d3 d7d5
779,b1c3 c7c6 g1h3 d7d6 g2g3 c8h3 d2d3 h3f1 h1f1 d6d5 a1b1 e8d7
780,e2e3 a7a5 d1h5 a5a4 g1h3 e7e6 h1g1 b7b6 h3g5 d8f6 c2c3 f6f2
781,e2e3 g7g5 f1e2 d7d5 g1f3 d8d7 h2h4 e7e5 b2b3 g5g4 b1a3 g4f3
782,e2e3 a7a5 b2b3 a5a4 f2f3 e7e6 e3e4 f8c5 g2g3 c5b6 f1h3 a4b3
783,a2a4 f7f6 b2b4 d7d6 g1f3 e7e5 f3e5 f6e5 c1a3 b7b6 h2h3 b8c6
784,e2e3 g7g5 g1h3 e7e6 g2g3 g8e7 b1c3 e6e5 a1b1 b8c6 g3g4 c6b4
785,e2e3 g7g6 f1e2 b7b5 a2a4 b5a4 b2b3 g6g5 b1c3 c8b7 g2g3 b7h1
786,e2e3 a7a5 b2b3 a5a4 d1g4 f7f6 f2f3 e8f7 d2d3 c7c5 h2h3 b7b6
787,b1c3 h7h5 g1h3 c7c6 h3f4 d8b6 c3e4 c6c5 e4c3 h8h6 f4h5 f7f5
788,e2e3 g7g6 d2d3 g6g5 e3e4 f8h6 h2h4 d7d5 c1d2 c8e6 d3d4 d5e4
789,e2e4 b8c6 g2g4 g8h6 a2a4 f7f5 g1f3 f5g4 f3e5 a8b8 e5g4 g7g6
790,e2e3 a7a5 d1h5 a5a4 h2h3 e7e6 e3e4 b8c6 g2g3 e8e7 d2d4 a8a5
791,e2e3 e7e6 b2b3 a7a5 e1e2 a5a4 f2f3 b7b5 e3e4 b8c6 g1h3 f7f5
792,d2d3 b7b5 b1a3 f7f6 c2c4 a7a6 e2e3 e8f7 a3b5 c7c5 g2g3 h7h5
793,b1c3 c7c6 g1h3 h7h5 f2f4 f7f5 c3b5 g7g6 c2c4 f8g7 b5d4 d7d6
794,g1f3 b7b5 a2a4 b8a6 b2b4 b5a4 a1a4 f7f5 d2d4 g8f6 b4b5 e7e6
795,e2e3 g7g6 d1h5 b7b6 f2f3 g6h5 g1e2 b8c6 c2c4 c8a6 e2d4 g8h6
796,a2a3 c7c6 d2d3 g8f6 a3a4 h7h5 a1a2 c6c5 b2b4 b7b6 d3d4 f6e4
797,b2b4 a7a5 b1c3 b8a6 g1h3 f7f6 f2f3 h7h6 b4a5 b7b5 a5b6 e8f7
798,d2d3 h7h5 g2g3 d7d5 b2b3 g7g5 g3g4 e7e5 g4h5 d5d4 f2f3 b8c6
799,a2a3 c7c6 d2d3 d7d6 c2c4 e8d7 h2h4 e7e6 h4h5 d7e7 c4c5 e6e5
800,e2e3 g7g6 f2f3 g6g5 e3e4 b8c6 b2b3 a8b8 c1b2 c6b4 f3f4 a7a5
801,d2d3 g7g5 b2b3 b8a6 h2h4 e7e6 a2a4 d7d6 h4g5 d8g5 c1g5 f7f6
802,e2e3 a7a5 d2d3 g7g5 a2a4 a8a7 e3e4 e7e5 b2b3 f7f6 c2c3 f8c5
803,h2h4 h7h5 b1c3 b7b6 d2d3 c7c6 c3d5 c6d5 g2g4 b8c6 f2f4 c6d4
804,e2e3 g7g6 f1e2 d7d6 g2g3 b8d7 a2a4 e7e5 e1f1 f7f6 f2f3 d8e7
805,h2h4 b7b6 b2b3 h7h5 f2f4 e7e5 a2a4 d7d6 a4a5 c7c6 a5b6 d6d5
806,e2e3 g7g5 f2f4 h7h6 f4g5 f8g7 h2h3 f7f5 c2c3 h6h5 f1e2 e8f8
807,e2e3 g7g5 f1e2 d7d6 g2g4 h7h5 e2f3 c7c5 b2b4 a7a5 e1e2 f7f6
808,h2h4 d7d5 g2g3 h7h5 f2f4 b7b5 g3g4 d5d4 d2d3 a7a5 c2c3 a8a7
809,e2e3 g8f6 f2f3 g7g5 e3e4 e7e5 c2c4 d7d5 b2b3 c8d7 h2h3 d5c4
810,h2h4 b7b6 b2b3 h7h5 e2e3 c7c6 c2c4 g7g6 g2g4 f8g7 f2f3 g7f6
811,e2e3 a7a5 d1h5 d7d6 f2f3 a5a4 b2b3 g7g6 g2g3 g6h5 b1a3 f8h6
812,e2e3 a7a5 b2b3 a5a4 f2f3 h7h5 b1c3 h5h4 g1e2 a4a3 c1b2 d7d6
813,b1c3 c7c6 h2h3 f7f6 c3b1 b7b5 h1h2 h7h6 g2g4 b8a6 c2c4 b5b4
814,f2f3 h7h5 g1h3 g8h6 c2c4 f7f5 a2a4 b8c6 d2d4 h8g8 h3f2 a8b8
815,e2e3 a7a5 g2g3 a5a4 e1e2 c7c6 c2c3 f7f5 b2b3 d7d6 h2h4 g7g6
816,e2e3 g8f6 d2d3 f6e4 d1e2 a7a6 f2f4 g7g6 g2g4 e7e5 b2b3 f7f5
817,b1a3 g8f6 b2b4 c7c5 a1b1 d7d6 f2f3 a7a6 c2c4 a8a7 d1a4 b8d7
818,h2h4 b7b6 b2b3 h7h5 f2f4 d7d6 f4f5 c8d7 g1h3 b8c6 c2c4 g7g5
819,e2e4 b8a6 e1e2 c7c6 d2d3 g7g5 f2f4 a6c7 d3d4 c6c5 h2h4 g5f4
820,e2e3 a7a5 d1h5 a5a4 h2h3 d7d6 f1b5 c7c6 g2g3 c6b5 h5g5 h7h5
821,e2e3 g7g6 f1e2 a7a5 h2h3 a5a4 e1f1 g6g5 g2g4 a8a6 d2d4 g8f6
822,g1f3 b7b5 c2c4 f7f6 b2b4 d7d5 a2a4 e7e6 f3g5 a7a5 c4d5 f6f5
823,e2e3 a7a5 f1b5 h7h5 f2f3 c7c5 c2c3 e7e6 g2g3 h5h4 e1e2 a8a7
824,h2h4 b7b5 d2d4 g8f6 h4h5 a7a5 a2a3 f6d5 e2e4 c8b7 e4d5 f7f6
825,h2h4 e7e5 c2c4 h7h5 f2f4 e5f4 g2g4 d7d5 g4h5 e8d7 g1h3 a7a5
826,e2e3 a7a5 f2f4 h7h5 g2g3 a8a6 f4f5 c7c5 f1b5 e7e5 d1f3 b8c6
827,b1a3 a7a5 g2g3 a5a4 b2b4 g7g5 e2e4 h7h5 d2d3 d7d6 b4b5 b7b6
828,a2a3 g8f6 a3a4 a7a6 a4a5 e7e6 d2d3 e8e7 e2e3 g7g6 c1d2 f8g7
829,a2a4 b7b6 g1h3 b8c6 c2c3 e7e6 g2g4 c6d4 c3c4 f8e7 e2e3 g7g6
830,h2h3 e7e5 h3h4 d8f6 b2b4 f6d6 a2a4 g8h6 h4h5 f7f5 d2d3 e8d8
831,e2e4 b8c6 g2g4 g8h6 g1e2 h6g4 e4e5 g4e3 d2e3 g7g5 a2a4 g5g4
832,h2h4 h7h5 a2a3 b7b6 e2e3 d7d6 f1c4 c8g4 d2d3 b8a6 c4f7 e8f7
833,f2f4 a7a5 c2c4 d7d6 c4c5 c7c6 h2h3 e7e6 e2e4 d6c5 e1e2 d8f6
834,g2g3 d7d6 f2f3 b7b6 e2e3 g7g6 b1a3 e7e5 b2b3 g6g5 a3b5 d6d5
835,g1f3 d7d6 c2c3 c7c6 e2e3 a7a5 f1b5 d6d5 b5c6 b7c6 e1e2 h7h5
836,h2h4 b7b5 a2a3 f7f6 b2b4 a7a5 h1h3 a5a4 c2c3 g8h6 f2f3 h6g8
837,e2e3 g7g6 a2a4 e7e6 g1h3 e6e5 b1c3 g6g5 c3d5 d8e7 g2g4 f7f6
838,e2e3 g7g5 f1e2 c7c5 g2g3 h7h5 b2b3 a7a6 f2f4 f8g7 f4f5 d7d6
839,b1a3 a7a5 d2d3 f7f6 e1d2 e7e6 f2f3 a8a6 a3b1 g8e7 c2c4 c7c5
840,h2h4 h7h6 f2f4 h6h5 b1c3 e7e5 g2g4 d8g5 f1g2 g5f4 g1h3 e8e7
841,d2d3 a7a6 e2e4 b7b6 a2a3 d7d6 b2b3 e7e5 f2f3 d8f6 c1b2 a8a7
842,d2d3 h7h5 b2b3 b7b6 b1d2 e7e5 c1b2 a7a6 a1c1 d7d6 a2a4 f8e7
843,f2f4 a7a5 c2c4 g8h6 h2h4 b7b5 f4f5 h6f5 a2a4 b5a4 g1h3 d7d6
844,h2h4 h7h5 b1c3 f7f5 c3b5 b8a6 a2a4 d7d5 b5d6 d8d6 b2b4 d5d4
845,h2h4 h7h5 a2a3 b7b6 e2e3 c7c5 b1c3 a7a5 b2b3 e7e5 f1a6 a8a6
846,f2f4 a7a5 c2c4 g8h6 h2h4 b7b5 g2g4 d7d6 c4c5 a8a6 g4g5 f7f6
847,b1c3 c7c6 g1h3 h7h5 b2b3 e7e6 c3d5 g8f6 f2f3 f8d6 d5e3 e6e5
848,h2h4 h7h5 d2d3 b7b6 c1h6 d7d6 b2b3 c8g4 h6g5 a7a6 f2f3 g8f6
849,g1f3 h7h5 f3e5 h5h4 f2f4 b7b5 a2a3 a7a5 e5g4 b8a6 e2e3 a6b8
850,h2h4 h7h5 a2a4 b7b6 f2f4 a7a5 c2c4 d7d6 d1c2 c8g4 f4f5 e7e6
851,e2e3 c7c5 b2b3 a7a5 g2g4 g8h6 d1e2 h8g8 b1a3 f7f5 g4f5 a5a4
852,b1a3 a7a5 b2b3 a5a4 f2f3 c7c6 e2e4 d7d6 d2d3 a4b3 a2b3 e8d7
853,e2e3 a7a5 e1e2 g8h6 f2f3 b7b5 h2h4 d7d5 a2a4 b5b4 c2c3 h6g8
854,d2d3 b7b5 e2e4 h7h6 e1e2 d7d5 g1f3 b5b4 g2g3 d5e4 f1h3 e7e6
855,e2e3 g7g5 f1e2 e7e5 g2g4 g8f6 b2b4 f8b4 a2a3 b4f8 g1h3 d7d5
856,f2f4 h7h5 a2a4 b8c6 f4f5 c6b4 g1f3 a7a5 b1a3 b4c2 d1c2 h5h4
857,e2e4 b8c6 g2g4 g8h6 h2h4 c6b4 c2c4 a8b8 f2f3 g7g6 d1b3 h8g8
858,b1a3 a7a5 b2b3 f7f6 a3b1 g8h6 e2e3 c7c5 f2f3 e8f7 e1e2 a5a4
859,h2h4 h7h5 b1c3 f7f5 c3b1 a7a5 g1f3 f5f4 b1a3 c7c6 f3e5 d7d6
860,h2h4 h7h5 e2e3 a7a6 b2b3 d7d6 f2f3 d6d5 d2d4 c8d7 g2g3 g7g6
861,e2e3 g7g6 h2h3 g8h6 a2a4 h6f5 f2f3 c7c6 e3e4 f5g3 d2d4 e7e6
862,h2h4 h7h5 e2e4 b7b6 b2b3 d7d6 f1c4 c8g4 e4e5 a7a5 c2c3 g4d1
863,a2a3 c7c6 h2h4 g8h6 d2d3 d8c7 h4h5 a7a5 d3d4 a5a4 c2c4 a8a6
864,a2a3 g8f6 a3a4 e7e6 h2h4 f6e4 h4h5 h7h6 b2b4 a7a6 h1h2 f8b4
865,g1f3 e7e6 f3h4 b7b5 a2a4 b5a4 e2e4 h7h6 b2b3 a7a5 g2g4 h6h5
866,a2a3 c7c6 d2d3 c6c5 d3d4 c5d4 c2c4 d7d5 h2h4 e8d7 g2g4 f7f6
867,d2d3 h7h5 g1h3 c7c5 d3d4 g7g5 f2f3 f7f5 d1d2 g5g4 e1d1 a7a5
868,e2e3 a7a5 e1e2 g8h6 a2a3 b7b5 f2f3 g7g6 h2h4 d7d5 d2d4 c7c6
869,b2b3 b7b6 g2g4 h7h5 a2a4 d7d5 g4h5 g7g6 a4a5 c7c6 a1a3 g8h6
870,b1a3 a7a5 a1b1 c7c6 f2f3 a5a4 e2e4 f7f6 b2b3 d8b6 a3c4 b6b5
871,e2e3 a7a5 e1e2 g8h6 f2f3 b7b5 h2h4 c8b7 c2c3 g7g6 f3f4 f8g7
872,h2h4 h7h5 a2a4 f7f6 a4a5 b7b6 b2b3 c8b7 d2d4 b7g2 f2f4 d7d5
873,a2a4 e7e6 a4a5 d7d6 e2e4 e8e7 f2f3 h7h6 b2b3 g7g6 e1e2 c7c6
874,f2f3 b8a6 a2a4 b7b5 a4b5 a6b4 a1a4 f7f5 c2c4 e8f7 g2g4 g8f6
875,d2d3 b7b6 g2g4 d7d6 b1d2 h7h5 g4h5 c8d7 c2c4 a7a5 f2f3 g8h6
876,e2e3 d7d6 g2g4 e7e5 b1c3 b7b6 g1e2 g7g5 e2d4 e5d4 b2b3 c8g4
877,a2a3 g8f6 a3a4 e7e6 h2h4 f6g8 g2g4 f7f6 f2f4 e8e7 a4a5 g8h6
878,e2e3 e7e5 f1e2 a7a6 g2g3 g7g5 b2b3 d7d6 e1f1 e5e4 b1a3 h7h5
879,e2e3 a7a5 b2b3 h7h5 d2d3 g7g5 e3e4 b8c6 h2h4 g8h6 b1c3 g5h4
880,e2e3 g7g6 f2f4 b8a6 f1a6 g8f6 b2b3 e7e5 a6b7 a8b8 c1b2 c7c5
881,d2d3 b7b6 g2g4 f7f6 b1a3 e8f7 e2e4 e7e5 d1e2 d8e7 e1d1 c8b7
882,b1a3 a7a5 b2b3 f7f6 f2f3 b7b5 e2e3 c7c5 a3b1 g8h6 h2h3 a5a4
883,b1a3 d7d5 g1f3 f7f6 d2d3 e8f7 b2b3 h7h5 a3c4 d5c4 a2a4 c7c5
884,b1a3 a7a5 g2g3 b7b5 b2b3 h7h5 e2e3 c7c6 f1e2 b5b4 c2c3 d8c7
885,f2f4 h7h5 f4f5 h8h7 c2c4 b8a6 a2a4 b7b5 a4a5 a6b4 h2h4 d7d5
886,e2e3 a7a5 b2b3 a5a4 c2c4 g7g5 e3e4 d7d5 c4d5 b8d7 f2f3 a4b3
887,d2d4 g8f6 f2f3 d7d6 e2e4 c8f5 f1d3 f5e4 g2g3 e4c6 d3f5 g7g5
888,h2h4 h7h5 d2d4 b7b6 b2b3 c7c6 b1a3 b8a6 c2c3 g7g6 c1d2 a8b8
889,h2h4 h7h6 h4h5 e7e6 c2c4 b7b6 f2f4 f7f6 d1b3 b6b5 e1f2 e8e7
890,d2d4 g8f6 f2f3 a7a5 e1f2 b7b5 g2g3 a8a6 e2e4 a6e6 f1b5 c8b7
891,e2e4 b8a6 e1e2 g8h6 f2f3 b7b5 g1h3 b5b4 a2a4 f7f5 c2c3 h8g8
892,h2h4 b7b6 b2b3 h7h5 f2f4 h8h6 c2c3 g7g5 h4g5 c7c6 d2d3 c6c5
893,e2e3 g7g6 d2d3 g8h6 c2c3 g6g5 c3c4 d7d5 a2a3 h6g8 c4d5 c8d7
894,h2h4 h7h5 e2e4 b7b6 f1c4 a7a5 g2g3 a8a7 e1f1 d7d5 c4d5 f7f5
895,b2b3 b8a6 h2h4 b7b5 g2g4 d7d5 f1g2 h7h5 c2c3 c8d7 e2e3 a8b8
896,e2e3 g7g6 h2h3 g8h6 a2a4 h6f5 f2f3 f8g7 e3e4 c7c6 e4f5 h8g8
897,d2d4 g8f6 d1d2 a7a5 h2h4 f6e4 a2a3 a5a4 d4d5 f7f6 h1h3 g7g5
898,a2a3 a7a6 d2d3 c7c5 c1e3 d7d6 e1d2 h7h5 g1f3 c5c4 f3e5 f7f6
899,e2e4 b8a6 e1e2 g8f6 d2d3 a8b8 c1d2 g7g5 c2c4 e7e5 h2h4 h7h5
900,e2e3 h7h5 a2a3 c7c5 h2h4 g7g6 f1d3 d7d5 e3e4 d5e4 d3e2 a7a6
901,d2d3 h7h5 c2c3 c7c5 a2a4 g8h6 c1d2 g7g6 a4a5 b7b6 a5b6 f7f6
902,d2d3 h7h5 h2h4 d7d5 b2b3 b8a6 a2a4 c8d7 e2e4 d5e4 b1d2 a8b8
903,h2h4 h7h5 a2a4 g7g6 b2b4 b7b5 h1h2 d7d5 f2f4 d5d4 e2e4 c7c6
904,h2h4 b7b6 b2b3 c7c6 c2c3 h7h5 g2g3 f7f5 f1g2 g7g5 a2a3 c6c5
905,c2c3 h7h6 c3c4 g7g5 c4c5 h8h7 h2h3 e7e6 a2a4 e6e5 a1a2 e5e4
906,g1h3 h7h5 b2b4 c7c6 f2f3 f7f5 h3g5 h8h6 e1f2 d8c7 c2c4 g7g6
907,h2h4 h7h5 b1c3 a7a6 a1b1 b7b6 a2a4 c7c6 c3d5 c6d5 d2d4 e7e5
908,g2g3 h7h5 e2e3 c7c5 f1d3 h5h4 d3e4 b8a6 g1e2 a6b4 b1a3 d7d6
909,b2b4 c7c5 a2a4 f7f6 b4c5 a7a5 h2h4 a8a7 h4h5 g8h6 b1c3 d7d5
910,a2a4 d7d6 c2c3 b7b6 f2f4 e7e5 d1b3 d8h4 g2g3 h4g4 f4f5 g4f5
911,h2h4 h7h5 a2a3 b7b6 e2e3 d7d5 e3e4 b8a6 e4d5 b6b5 f1b5 c8d7
912,f2f4 h7h5 f4f5 g7g5 g1f3 d7d6 f3e5 b8d7 e5d7 b7b6 b1c3 c8d7
913,e2e3 g7g6 h2h3 f8g7 f2f3 g6g5 a2a3 g8f6 d2d4 e7e5 g2g3 e5d4
914,e2e3 g7g5 f1e2 h7h5 g2g3 f7f5 b1a3 a7a5 f2f4 g5g4 d2d3 a8a7
915,h2h4 h7h5 b1a3 b7b6 a1b1 a7a5 b2b4 b8c6 c2c3 a5b4 d1c2 g7g5
916,h2h4 b7b6 b2b3 c7c6 c2c3 c8a6 h4h5 g7g6 c1b2 g8h6 d1c1 c6c5
917,h2h4 h7h5 b2b3 b7b6 f2f3 c7c6 c1a3 b8a6 c2c3 h8h6 a3b2 e7e6
918,h2h4 h7h5 a2a3 c7c5 a3a4 c5c4 e2e4 f7f5 b2b4 b7b5 a4b5 a7a6
919,e2e3 a7a5 d2d4 a5a4 e1e2 e7e5 g2g3 a8a6 d4d5 e8e7 a2a3 c7c6
920,e2e3 g7g5 f2f4 e7e5 f4g5 g8e7 g1e2 f8g7 e3e4 b8c6 c2c4 b7b6
921,h2h4 b7b6 b2b3 h7h5 h1h3 c7c6 c2c4 d8c7 g2g4 e7e5 f2f4 f8c5
922,e2e3 a7a5 b2b3 a5a4 d1g4 a4a3 e1e2 g8h6 g4h4 g7g6 b1a3 c7c6
923,a2a3 g8f6 e2e3 d7d5 f1e2 d8d6 a3a4 e7e5 b2b3 d5d4 a1a3 f6g4
924,b1a3 c7c6 b2b4 a7a5 b4b5 b8a6 d2d3 g7g5 g2g4 a6c7 f2f3 e7e6
925,e2e3 g7g6 b1a3 d7d6 d2d3 g8f6 a1b1 a7a6 g1f3 h7h5 c1d2 g6g5
926,b1a3 a7a5 b2b3 a5a4 f2f3 d7d6 d2d3 e8d7 e1f2 e7e6 h2h4 d8e7
927,e2e4 b8c6 g2g4 g8h6 h2h4 h6g4 f2f4 e7e5 f1b5 d8f6 f4e5 f6f4
928,g1f3 h7h5 b1c3 h8h6 d2d3 f7f5 f3e5 a7a5 c1g5 b7b5 c3b5 c8b7
929,e2e3 a7a5 d2d3 h7h5 b2b3 c7c5 e3e4 b8c6 d1f3 g8h6 c1h6 h8h6
930,e2e3 g7g6 h2h3 e7e6 d1e2 g6g5 e2d1 b8c6 d2d4 g8e7 a2a3 a8b8
931,e2e4 b8c6 h2h3 h7h6 g2g4 h6h5 c2c4 a8b8 e4e5 h5g4 b1a3 d7d5
932,e2e3 a7a5 f1b5 a5a4 e1f1 c7c6 d1f3 h7h5 d2d4 h8h6 h2h3 d8b6
933,e2e3 a7a5 d2d3 g7g5 e3e4 b8c6 b2b3 e7e6 a2a4 g8e7 d1h5 h8g8
934,c2c4 a7a5 g2g3 b8c6 d2d4 c6d4 d1d4 h7h5 d4e5 d7d5 h2h4 c8g4
935,a2a3 g8f6 a3a4 a7a6 b1c3 d7d5 h2h4 e7e6 g2g3 g7g5 f2f3 e8e7
936,e2e3 g7g6 b2b4 g6g5 g2g4 e7e5 f1e2 f8c5 b4c5 b7b6 a2a3 e5e4
937,e2e3 g7g6 a2a4 e7e5 h2h3 d7d5 b1c3 a7a6 c3d5 f8b4 h1h2 d8d5
938,h2h4 b7b6 b2b3 h7h5 h1h3 c7c6 h3h1 g7g6 g2g4 f8g7 c2c4 e8f8
939,h2h4 h7h5 a2a3 b7b6 e2e4 e7e5 b2b3 a7a5 d2d4 e5d4 a3a4 d7d6
940,b1c3 c7c6 g1h3 d7d6 c3d5 c8h3 e2e4 g7g5 d2d3 c6c5 g2h3 b8d7
941,e2e3 d7d5 b1c3 g7g5 g2g4 c7c6 d2d3 c8d7 e3e4 h7h5 c3d5 g8h6
942,b1c3 c7c6 g1h3 h7h5 g2g3 b7b6 d2d4 f7f5 c3d5 c6d5 e1d2 g7g5
943,b1a3 h7h5 a1b1 c7c5 b2b4 h8h6 d2d4 c5b4 c2c3 a7a5 d1d3 h5h4
944,h2h4 b7b6 b1c3 c7c6 c3d5 c6d5 g2g4 e7e5 d2d4 g8e7 a1b1 b8c6
945,d2d3 b7b5 e2e4 f7f6 e1d2 a7a6 b2b3 d7d6 a2a3 c7c5 g2g3 e7e5
946,a2a3 g8f6 a3a4 h7h6 b2b4 a7a5 c1a3 f6h7 f2f4 g7g5 h2h4 g5f4
947,a2a3 g8f6 a3a4 d7d5 a4a5 c8e6 f2f3 d5d4 b2b3 g7g6 a1a4 e6d5
948,e2e4 b8a6 e1e2 g8h6 d2d4 c7c5 h2h4 h6f5 d4c5 a6c7 c1d2 f5h4
949,d2d3 b7b5 e2e4 e7e5 b2b3 a7a5 a2a3 h7h5 f2f3 g7g5 c1g5 f8d6
950,e2e3 a7a5 f1b5 e7e6 g2g3 e8e7 b5e2 b8c6 h2h4 a5a4 g3g4 c6e5
951,e2e3 g7g5 g1h3 e7e6 g2g3 g8e7 e1e2 e6e5 d2d3 b8c6 f1g2 f7f5
952,a2a3 c7c5 h2h4 a7a5 d2d4 c5d4 h4h5 d7d5 c1d2 f7f6 a1a2 a5a4
953,h2h4 h7h5 e2e4 a7a5 d2d4 a5a4 e1e2 e7e5 b2b3 d7d6 c1e3 e5d4
954,e2e3 a7a5 b2b3 g8h6 c1a3 b7b5 c2c4 f7f5 a3c1 a5a4 b1c3 e7e6
955,h2h4 h7h5 a2a4 b7b6 a4a5 g8h6 f2f4 b8a6 b2b3 h8g8 g2g4 c7c6
956,e2e3 g7g5 f2f4 a7a5 d1e2 a5a4 e2h5 f8g7 g2g3 g5f4 f1b5 c7c6
957,b1a3 a7a5 f2f3 b7b5 c2c3 d7d5 e2e4 g7g5 e4d5 d8d5 a1b1 e8d8
958,a2a3 c7c5 e2e4 b8a6 b2b3 c5c4 e1e2 a6c7 d2d4 e7e5 c2c3 g8e7
959,h2h4 g8f6 h1h3 e7e5 h3g3 a7a6 g3d3 g7g6 b1c3 b7b6 d3h3 h7h5
960,d2d3 a7a6 e2e4 b7b6 f2f4 d7d6 b1c3 h7h5 g2g4 b8c6 d3d4 h5h4
961,e2e3 a7a5 b2b3 a5a4 g2g3 h7h5 b1c3 a8a7 c3b5 a4b3 b5a7 b7b6
962,b1a3 a7a5 e2e3 f7f6 g2g3 e7e5 h2h3 e8e7 f1e2 a5a4 e1f1 e5e4
963,e2e3 h7h5 b2b3 h5h4 d1g4 a7a5 e1e2 b7b5 e3e4 e7e5 d2d3 b8a6
964,h2h4 b7b6 b2b3 h7h5 h1h2 h8h6 c2c3 c7c6 g2g4 g7g5 f2f4 f8g7
965,e2e3 a7a5 d1g4 a5a4 g4e6 d7d6 f2f3 c8e6 e3e4 b7b6 g1e2 e6c8
966,a2a4 b7b6 b2b4 e7e6 g1h3 c7c5 f2f3 h7h6 f3f4 f7f6 h3g5 h6g5
967,b2b3 b8a6 h2h4 g8f6 g1h3 f6d5 h3f4 f7f5 c2c4 d5f4 h1h3 a8b8
968,a2a3 d7d5 e2e3 b7b5 h2h3 e7e6 h1h2 h7h6 f1b5 b8d7 d2d4 f7f6
969,h2h4 h7h5 e2e4 a7a5 e1e2 b7b5 b2b3 b8a6 d2d4 e7e5 c1f4 e5f4
970,h2h4 h7h5 b1c3 c7c6 c3b1 a7a5 e2e4 c6c5 g2g3 f7f6 e1e2 a8a7
971,b1a3 a7a5 b2b3 c7c6 e2e3 f7f6 f2f3 a5a4 e1e2 a8a7 a3c4 e7e6
972,h2h4 b7b6 b2b3 h7h5 f2f3 c7c6 c2c4 b6b5 a2a4 a7a5 a4b5 d8c7
973,e2e4 e7e5 b2b3 f8c5 d2d3 b8c6 a2a3 c5a3 b1a3 a7a5 b3b4 a5b4
974,h2h4 e7e6 h4h5 h7h6 c2c4 d7d5 f2f4 e6e5 e2e4 e5f4 e1f2 g7g5
975,h2h4 b7b6 c2c3 c7c5 h1h2 b8c6 g2g3 h7h5 f1g2 d8c7 b2b3 c8b7
976,h2h4 e7e5 d2d3 h7h6 h4h5 d7d6 b2b3 b7b6 c1d2 d8f6 b1a3 g7g5
977,e2e4 b8c6 g2g4 h7h5 f1d3 a7a5 d1f3 c6d4 e1f1 h5h4 h2h3 b7b6
978,h2h4 h7h5 b1c3 c7c6 d2d3 a7a6 b2b3 b7b5 c1g5 h8h7 g2g4 a8a7
979,a2a4 g7g6 h2h4 a7a5 b1c3 a8a7 c3d5 e7e6 c2c4 c7c5 a1b1 e6d5
980,a2a4 b7b6 g1h3 d7d6 c2c3 e7e5 g2g3 c8d7 f2f4 d8f6 f4e5 d6e5
981,a2a4 c7c6 a1a2 f7f6 c2c3 c6c5 d2d3 a7a5 e2e3 e8f7 e1d2 g7g6
982,a2a3 c7c5 a3a4 f7f5 a4a5 a7a6 b2b3 d7d5 e2e3 h7h6 g2g4 f5g4
983,b1a3 a7a5 b2b3 a5a4 d2d3 g7g5 h2h4 b7b6 e2e4 c8a6 c1d2 d7d6
984,a2a4 h7h5 d2d4 g7g6 f2f3 a7a6 c2c4 d7d5 c4d5 d8d5 e1d2 c7c6
985,e2e3 g7g6 h2h3 g8h6 a2a3 f8g7 f2f3 a7a5 c2c4 e8g8 e3e4 c7c5
986,e2e4 b8a6 e1e2 g8h6 c2c3 h8g8 f2f3 a6b8 d2d4 f7f5 g2g3 f5e4
987,g1h3 c7c5 b2b3 a7a6 h3f4 d7d6 d2d3 e7e6 c1d2 g7g5 g2g3 h7h5
988,a2a4 e7e6 g1h3 f8b4 a4a5 g7g6 c2c3 b8a6 f2f3 b4e7 c3c4 g8h6
989,h2h4 h7h5 e2e3 a7a6 a2a3 a8a7 g2g3 b7b6 f2f3 d7d5 f1h3 c8h3
990,e2e4 b8c6 g2g4 g8h6 h2h3 h8g8 c2c3 g7g6 f1a6 c6a5 g1e2 d7d5
991,b1a3 a7a5 b2b3 a5a4 e2e3 d7d6 g1f3 f7f5 f1e2 b8d7 b3a4 f5f4
992,h2h4 b7b6 a2a3 h7h5 c2c4 d7d6 a3a4 c8f5 g2g4 e7e5 g4f5 e8e7
993,h2h4 b7b6 b1a3 f7f6 d2d4 b6b5 b2b4 d7d5 g2g3 e8d7 a3b1 c7c6
994,b1c3 c7c6 c3b5 f7f6 b2b4 c6b5 a2a4 a7a5 h2h3 a5b4 f2f4 h7h6
995,e2e3 g7g6 h2h3 g8h6 f2f3 c7c6 b2b3 f8g7 d2d4 d8b6 b1a3 c6c5
996,b1a3 a7a5 d2d3 f7f6 e1d2 c7c6 e2e3 e7e6 f2f4 f8b4 c2c3 e8e7
997,h2h4 b7b6 a2a3 g7g5 f2f3 g5h4 c2c4 b8c6 h1h4 f8g7 d2d4 c6d4
998,h2h4 h7h5 a2a3 b7b6 e2e3 d7d5 e3e4 c8a6 d2d3 d5d4 c1g5 e7e5
999,b1c3 c7c6 g1h3 h7h5 b2b3 h8h6 c3e4 c6c5 c2c4 a7a5 f2f3 a8a7
1000,d2d3 b7b5 a2a4 f7f6 c2c3 g7g6 g2g3 h7h6 c1g5 h8h7 f1g2 h7h8
1001,e2e3 g7g6 f1e2 g6g5 g2g3 g8h6 f2f4 a7a5 b1a3 f8g7 e2f3 a5a4
1002,g1h3 c7c5 b1c3 h7h6 b2b4 c5b4 g2g3 e7e6 f1g2 b8a6 c1b2 g8e7
1003,a2a3 c7c5 a3a4 h7h5 c2c3 h8h6 h2h4 a7a5 d1c2 f7f5 d2d4 c5d4
1004,e2e3 a7a5 f1a6 c7c5 g2g3 h7h5 d2d4 h5h4 d1f3 f7f5 h2h3 d8c7
1005,e2e3 g7g6 f2f3 g8h6 b2b3 b8a6 e3e4 h8g8 g1e2 c7c6 b1a3 a6c7
1006,b1a3 a7a5 f2f3 b7b5 e2e4 h7h5 g1e2 b5b4 a3c4 b8a6 a1b1 h5h4
1007,a2a3 g8f6 d2d3 d7d6 e2e3 c8f5 h2h3 e7e5 g2g3 b7b6 e1e2 d8e7
1008,b1c3 c7c6 g2g3 h7h5 g1f3 f7f5 e2e4 d8c7 c3e2 c6c5 b2b3 f5e4
1009,a2a3 c7c5 b1c3 c5c4 a3a4 f7f5 e2e4 h7h6 d2d4 d7d6 a4a5 f5f4
1010,a2a3 c7c5 a3a4 f7f5 a4a5 g8h6 g1f3 c5c4 g2g3 f5f4 e2e4 e8f7
1011,a2a3 b8c6 a3a4 b7b6 b1c3 g7g5 c3d5 c6d4 h2h4 e7e5 a4a5 d7d6
1012,a2a3 c7c5 b1c3 f7f5 h2h4 g8h6 d2d4 h8g8 e2e3 c5d4 e3d4 g7g5
1013,b1c3 h7h5 a2a3 h8h6 h2h4 c7c6 e2e4 g7g6 d2d4 f7f6 c3e2 d7d5
1014,h2h4 b7b6 a2a3 d7d6 b2b3 c8d7 h1h3 e7e5 e2e4 d7c6 f1e2 d8f6
1015,a2a3 h7h5 h2h4 e7e5 b2b3 b7b6 c2c3 g7g5 e2e4 f8e7 h1h3 e8f8
1016,h2h4 b7b6 b1c3 a7a5 b2b3 c8b7 c3b1 g8h6 c2c4 c7c5 f2f3 b8c6
1017,e2e3 g7g6 h2h3 g8h6 f2f3 f8g7 e1e2 e8g8 d2d3 c7c5 d3d4 g7e5
1018,e2e4 b8c6 g2g4 g8h6 a2a4 g7g5 c2c4 a7a5 h2h3 f8g7 a1a2 h8f8
1019,b1a3 a7a5 b2b4 c7c6 b4a5 d7d6 d2d3 f7f6 g2g4 a8a5 e2e3 a5a8
1020,b1a3 a7a5 b2b3 f7f6 h2h4 d7d5 f2f4 c7c6 a3c4 e8d7 c4e5 f6e5
1021,g1f3 b7b5 f3g1 f7f6 b2b4 d7d5 a2a4 g8h6 a4b5 c7c6 g1f3 d5d4
1022,e2e3 a7a5 b2b3 a5a4 b1c3 c7c6 f2f3 d7d6 c3d5 c6c5 d5b6 d8b6
1023,a2a4 h7h5 a4a5 c7c5 h2h4 g7g6 a1a3 f8g7 b2b3 g8h6 f2f4 a7a6
1024,e2e3 h7h5 b2b3 a7a6 d2d3 b7b6 c1b2 g7g5 e3e4 c7c5 f2f4 d8c7
1025,h2h4 b7b6 a2a3 d7d6 b2b3 c8b7 c2c4 g7g5 h1h3 b8d7 b3b4 g5g4
1026,a2a4 e7e6 d2d4 b8a6 f2f3 b7b6 c2c4 g7g5 h2h4 g8e7 e2e4 g5h4
1027,a2a3 b8c6 d2d3 a8b8 c1e3 g8f6 h2h4 f6d5 e3d2 c6d4 c2c4 d5f6
1028,e2e3 h7h5 b2b3 b8a6 a2a4 h5h4 f2f3 a6c5 d2d3 a8b8 a1a3 c5a4
1029,b1c3 c7c6 c3b1 f7f6 h2h3 a7a5 e2e3 a5a4 g2g3 h7h5 c2c3 b8a6
1030,e2e3 a7a5 f1b5 a5a4 g2g3 h7h5 d1h5 h8h5 f2f4 c7c6 e3e4 d7d6
1031,g1f3 d7d6 c2c3 a7a5 e2e4 b7b6 f1e2 a8a7 c3c4 c8g4 b2b3 g4f3
1032,a2a3 c7c5 a3a4 h7h5 b2b4 f7f6 f2f3 g7g5 d2d4 c5d4 e1d2 d7d5
1033,d2d3 a7a6 c2c3 d7d6 c1d2 c7c5 g2g3 h7h6 h2h4 g7g6 d1c1 f7f6
1034,e2e4 b8c6 b2b3 b7b6 c2c3 c8b7 c3c4 b7c8 b1a3 c6b8 c4c5 h7h5
1035,e2e3 b7b6 b1a3 g7g5 g2g4 b6b5 a3b5 c7c5 a2a4 c8b7 f1e2 b7h1
1036,e2e3 a7a5 b2b3 a5a4 b1c3 c7c6 c3e2 f7f6 g2g4 a4b3 e2d4 d7d6
1037,a2a3 g8f6 e2e3 c7c6 d2d3 d8c7 c2c4 h7h5 b2b4 g7g6 e1d2 f8g7
1038,e2e3 h7h5 b2b3 b8a6 a2a4 h5h4 a1a3 e7e5 c1b2 f8a3 b1a3 a6c5
1039,a2a3 c7c6 d2d3 c6c5 d3d4 b7b5 e2e3 g7g5 g2g3 h7h5 f1b5 c5d4
1040,a2a3 g8f6 e2e3 c7c6 d2d3 h7h5 c2c3 c6c5 b1d2 g7g5 d1e2 d8a5
1041,e2e3 a7a5 f1b5 h7h5 d2d4 c7c5 b2b3 h8h6 h2h4 f7f5 e1d2 d8b6
1042,c2c4 d7d5 b2b3 e7e5 h2h4 g8f6 g1h3 f6g8 g2g3 h7h5 c1b2 a7a6
1043,e2e3 h7h5 b2b3 a7a6 e3e4 b7b6 c2c3 c7c5 c3c4 g7g6 h2h4 c8b7
1044,e2e3 h7h5 a2a3 c7c6 d2d4 d8a5 e1e2 g7g5 g2g3 f7f5 f2f3 a5b6
1045,b1a3 a7a5 f2f3 a5a4 e2e4 h7h5 d2d3 c7c6 g2g4 f7f6 b2b4 a4b3
1046,e2e3 h7h5 d1h5 h8h5 g2g3 b8a6 f2f3 h5h4 g3h4 a6b4 f1b5 b4c2
1047,f2f4 h7h5 g1f3 h5h4 b1a3 a7a5 c2c4 a8a7 f3h4 c7c5 a3c2 h8h6
1048,a2a3 g8f6 a3a4 e7e6 g2g4 f6g4 g1h3 g7g6 f2f3 g4h2 a1a2 h7h5
1049,h2h4 h7h5 b1c3 a7a5 b2b3 a8a7 a1b1 f7f6 c1b2 e7e5 b3b4 e5e4
1050,a2a3 g8f6 a3a4 c7c5 c2c3 b8a6 f2f3 a6c7 e2e3 f6d5 h2h3 g7g5
1051,d2d3 a7a6 g1f3 h7h5 c1g5 c7c5 g5f4 a6a5 f3g5 d8c7 c2c3 g8h6
1052,a2a3 c7c5 a3a4 h7h6 c2c3 g7g5 f2f3 h8h7 a4a5 h7g7 d1c2 b7b6
1053,a2a4 h7h5 a4a5 a7a6 h2h4 e7e5 b2b4 f8c5 b1a3 c5b4 c2c3 e5e4
1054,a2a3 g8f6 h2h4 f6d5 e2e4 d5c3 b1c3 c7c6 e1e2 b7b6 g2g4 e7e5
1055,a2a3 g8f6 a3a4 e7e6 g2g4 h7h5 e2e3 h5g4 a4a5 e8e7 b2b3 b7b6
1056,a2a3 g8f6 a3a4 e7e6 g2g4 g7g6 a4a5 e8e7 d2d3 h7h5 b2b3 c7c6
1057,h2h4 b8a6 c2c4 h7h5 g2g4 d7d5 g1f3 e7e5 g4h5 e8e7 c4d5 b7b5
1058,f2f3 b7b6 e2e3 e7e5 b2b3 g7g6 b1a3 f8b4 a1b1 b4a5 f1e2 g6g5
1059,h2h4 h7h5 a2a3 b8c6 e2e4 b7b6 g2g4 a7a5 f1g2 a8a6 g4h5 c6b4
1060,a2a4 e7e6 a4a5 b7b6 f2f3 g7g6 e2e3 b8a6 a1a3 f8b4 a3c3 c7c5
1061,e2e3 g7g6 d2d3 e7e6 d1e2 g6g5 e3e4 f8c5 c1g5 f7f6 g2g4 f6g5
1062,e2e4 e7e5 g1e2 h7h5 d2d3 b7b6 c1g5 d7d6 h1g1 d8g5 b2b3 g5e7
1063,a2a3 g8f6 b2b4 b7b6 a3a4 e7e6 f2f4 g7g6 h2h4 b8a6 g2g4 f8h6
1064,h2h4 h7h5 g1h3 b7b6 f2f3 b6b5 c2c3 e7e5 a2a4 e5e4 d2d4 b5a4
1065,f2f4 e7e5 f4f5 b7b6 e2e3 f8b4 d1h5 g7g6 h5h3 b8a6 g1e2 b4e7
1066,e2e3 g7g6 h2h3 g8h6 f2f4 b8c6 e1e2 f8g7 h3h4 b7b6 g1f3 e7e5
1067,a2a4 f7f6 b2b4 d7d5 g1f3 e7e5 d2d3 d5d4 f3e5 f6e5 c1g5 c7c6
1068,e2e3 a7a5 a2a3 a5a4 e1e2 c7c6 d2d4 d7d6 g2g4 e8d7 e3e4 f7f6
1069,h2h4 b7b6 g2g4 e7e5 f2f4 f7f6 c2c4 e8e7 f4e5 d8e8 a2a3 d7d6
1070,a2a3 c7c5 d2d4 c5d4 c2c3 d4c3 c1g5 h7h6 e2e4 d8b6 g5d2 g8f6
1071,h2h4 b7b6 h1h2 e7e6 b2b3 g7g5 c2c3 b8a6 g2g3 d8e7 h2h3 a8b8
1072,e2e3 b8a6 e1e2 b7b5 a2a4 g8h6 a4b5 f7f5 g1f3 g7g5 f3g5 h8g8
1073,f2f4 h7h5 a2a4 c7c6 a1a2 e7e6 d2d3 d8c7 b2b3 g8f6 g1h3 f8e7
1074,a2a3 g8f6 a3a4 a7a5 f2f3 c7c5 c2c3 a8a7 d2d3 f6e4 a1a3 f7f6
1075,g1h3 c7c5 h3g1 g7g6 b2b3 f8h6 e2e3 b8a6 f2f3 b7b5 a2a4 a6c7
1076,e2e3 g7g6 h2h3 g8h6 f2f3 f8g7 g1e2 a7a5 b1a3 b7b5 a1b1 b8c6
1077,a2a4 f7f6 b2b4 c7c6 a4a5 e7e5 h2h4 g8e7 h1h3 f6f5 a1a3 e8f7
1078,g1h3 c7c5 b2b3 h7h6 g2g3 b7b6 c2c4 f7f6 h1g1 a7a5 d2d3 h6h5
1079,b1a3 a7a5 b2b3 f7f6 a3b1 c7c6 f2f3 a5a4 g1h3 e7e6 c2c3 a4b3
1080,e2e3 c7c6 g2g3 h7h5 d2d4 c6c5 h2h4 g7g6 a2a3 d8b6 c1d2 e8d8
1081,f2f4 a7a5 e1f2 c7c6 c2c3 e7e6 e2e4 f7f6 g1e2 e6e5 b2b3 f8c5
1082,f2f3 b7b6 c2c3 e7e5 a2a4 d8h4 g2g3 h4d8 e1f2 d7d6 a4a5 h7h6
1083,h2h4 b7b6 b2b3 h7h5 c2c4 e7e6 g2g3 g7g5 f1g2 f8g7 g1h3 g7a1
1084,e2e4 b8a6 e1e2 a8b8 d2d3 c7c6 b1a3 a6c5 a3c4 d7d6 e2d2 f7f6
1085,b1a3 a7a5 b2b3 g8h6 e2e3 a5a4 g2g4 g7g6 a1b1 f8g7 g1h3 c7c5
1086,b1a3 a7a5 b2b3 a5a4 a3b1 g8f6 f2f3 f6d5 c2c4 b8a6 e2e4 d5e3
1087,e2e4 b8a6 d2d3 c7c6 g1e2 h7h5 c1f4 a6c7 h1g1 g8h6 e1d2 g7g6
1088,a2a3 c7c5 d2d4 c5d4 e1d2 a7a5 g2g3 b8c6 c2c4 g8h6 d2d3 d8c7
1089,e2e4 b8c6 g2g4 g8h6 h2h4 c6b8 f1d3 f7f5 f2f4 c7c5 g4f5 d8c7
1090,h2h4 e7e6 a2a3 e8e7 e2e4 e6e5 d2d3 f7f6 g2g4 a7a5 b2b3 a5a4
1091,b1a3 a7a5 f2f3 a5a4 b2b3 c7c6 e2e4 d7d6 g2g3 a4b3 a2b3 e8d7
1092,d2d3 b7b5 a2a4 f7f5 a4b5 a7a6 c2c3 g7g5 e1d2 h7h5 d2e3 f8h6
1093,b1a3 h7h5 a1b1 a7a5 h2h4 b8c6 c2c3 d7d5 d1c2 c6d4 c3d4 a8b8
1094,a2a3 a7a6 g1f3 e7e6 e2e4 f7f6 b2b3 d7d6 f3e5 f6e5 g2g4 b8d7
1095,b1c3 g8f6 b2b4 g7g5 h2h4 f6g4 d2d3 a7a6 c1d2 e7e5 c3b5 g4f2
1096,e2e3 a7a5 b2b3 e7e6 e3e4 a8a7 g2g4 c7c5 d2d4 h7h6 b1a3 c5d4
1097,e2e3 c7c6 f2f3 f7f6 e1e2 d8b6 c2c3 e8d8 h2h3 f6f5 d2d4 g8h6
1098,b1a3 d7d5 d2d3 a7a6 g1f3 g7g5 c1f4 g5f4 g2g4 e8d7 d1d2 f7f6
1099,h2h4 b7b6 b2b3 h7h5 c1a3 g7g6 c2c3 c8b7 d1c2 c7c6 g2g3 f8g7
1100,e2e3 g7g5 g1h3 e7e5 h1g1 a7a6 c2c4 d7d6 d1h5 e8d7 g2g4 d8e7
1101,g1f3 b7b5 c2c4 f7f6 b1c3 a7a5 b2b3 b5b4 f3h4 g8h6 c4c5 b4c3
1102,e2e3 a7a5 b2b3 d7d5 e3e4 g7g6 d2d3 b8c6 f2f3 d5e4 f3e4 e8d7
1103,a2a4 e7e6 a4a5 d7d6 f2f3 g7g5 b2b3 e6e5 a5a6 b8d7 a1a5 d6d5
1104,e2e3 a7a5 b2b3 a5a4 f2f3 f7f6 g2g3 c7c6 e1f2 e7e6 f1h3 f8c5
1105,e2e3 a7a5 b2b3 a5a4 f2f3 h7h5 h2h3 a8a6 e1e2 e7e5 e3e4 f8c5
1106,g1h3 d7d6 h1g1 h7h5 f2f3 b8a6 e2e3 e8d7 a2a4 a6b8 e1e2 a7a6
1107,a2a3 b8c6 h2h4 h7h5 e2e3 a7a5 d2d4 c6e5 f2f3 e5d3 e1d2 b7b6
1108,a2a3 g8f6 e2e3 c7c6 b2b4 d8c7 d2d3 e8d8 c2c4 h7h5 f2f3 g7g5
1109,e2e3 a7a5 f1b5 a5a4 e1e2 c7c6 c2c3 d7d6 b2b4 g8f6 f2f3 a4a3
1110,b2b3 b8a6 h2h4 h7h5 g2g3 d7d5 c2c3 a8b8 f1g2 b7b5 f2f4 c8d7
1111,e2e3 a7a5 a2a4 b7b6 f2f4 e7e5 c2c4 g7g6 a1a2 d7d6 h2h4 g6g5
1112,b1a3 h7h5 a1b1 a7a5 b2b4 b8c6 f2f3 c6b4 d2d4 d7d5 b1b3 a8b8
1113,d2d3 b7b6 g2g4 d7d6 b1c3 c8b7 c3e4 b7d5 c1d2 a7a5 f1g2 a8a6
1114,h2h4 b7b6 b2b3 d7d6 c2c3 c8d7 g2g3 h7h5 f1g2 e7e5 g2a8 f8e7
1115,b1a3 a7a5 b2b3 f7f6 a3b1 c7c6 h2h4 g8h6 d2d4 b7b5 b3b4 f6f5
1116,a2a4 f7f6 b2b4 c7c6 a1a2 b7b6 c2c3 e7e6 h2h3 f8c5 b4c5 d8c7
1117,e2e3 g7g6 a2a4 b7b6 g1h3 e7e6 f2f3 g6g5 g2g4 b8a6 c2c4 c8b7
1118,h2h4 h7h5 b2b4 c7c5 b1c3 c5c4 c3d5 a7a5 b4a5 a8a6 c1b2 a6e6
1119,h2h4 h7h5 a2a3 a7a6 a1a2 b7b5 a3a4 b5a4 f2f3 d7d5 d2d4 e7e5
1120,e2e3 g8f6 f2f3 g7g5 e3e4 f6d5 e4d5 h8g8 a2a3 c7c5 h2h3 h7h6
1121,a2a3 g8f6 e2e3 c7c6 d2d3 b8a6 c2c4 a8b8 e1d2 a6c5 g1h3 d7d6
1122,a2a4 f7f6 g2g4 c7c6 d2d4 e8f7 b2b4 b7b6 c2c3 h7h5 e1d2 d7d5
1123,h2h4 b7b6 b2b3 h7h5 c1b2 c7c6 g2g4 c6c5 f1g2 c8b7 b2c1 f7f5
1124,h2h3 a7a6 b1c3 e7e6 e2e4 h7h6 a1b1 g7g5 g2g4 a6a5 e4e5 h8h7
1125,e2e3 a7a5 b2b3 a5a4 g2g3 h7h5 e1e2 d7d6 b1a3 b7b6 g3g4 h5h4
1126,d2d4 g8f6 h2h4 f6e4 h1h3 h7h5 b2b3 g7g6 f2f3 e7e5 d4e5 a7a6
1127,h2h4 g8f6 c2c4 f6e4 h1h3 d7d5 c4d5 h8g8 b2b3 c8h3 c1b2 g7g5
1128,a2a3 g8f6 a3a4 e7e6 g1h3 g7g6 g2g4 b8a6 a4a5 f6g4 c2c3 a6b8
1129,b1a3 a7a5 e2e3 a5a4 g1e2 e7e6 e3e4 f8b4 a3c4 e8e7 g2g4 g7g6
1130,e2e3 g7g5 c2c4 d7d5 f2f4 g5f4 g2g3 h7h5 e3e4 f8g7 c4c5 c8e6
1131,e2e3 g7g6 a2a4 b7b6 b1c3 d7d5 g1h3 g6g5 h3g5 h7h5 a1a3 h8h6
1132,e2e3 g7g6 a2a4 b7b6 b1c3 d7d5 b2b3 g6g5 c3d5 c8d7 c1b2 b8a6
1133,h2h4 b7b6 b2b3 h7h5 c2c3 c7c5 g2g3 g7g5 f1g2 f7f5 g2a8 c8b7
1134,g1h3 c7c5 b1c3 b7b6 h3g5 h7h5 b2b4 c5b4 c3d5 g8h6 h1g1 e7e5
1135,h2h4 e7e5 c2c4 d7d5 d2d3 e8d7 f2f3 b7b5 e2e4 b5b4 b1d2 d8f6
1136,e2e3 a7a5 f1b5 h7h5 g2g3 a5a4 d2d4 c7c6 e1d2 h8h6 e3e4 f7f5
1137,g1f3 h7h5 b1a3 d7d6 b2b4 c7c6 f3g1 a7a5 c2c3 h5h4 f2f3 a5b4
1138,e2e3 g7g5 a2a3 c7c5 h2h3 h7h5 g2g4 f7f5 g4f5 g5g4 f2f3 e8f7
1139,h2h4 b7b5 g2g4 h7h6 g4g5 h6g5 b2b3 a7a5 f1g2 g5h4 b1c3 d7d6
1140,d2d3 b8a6 a2a3 a8b8 c2c3 e7e6 e2e4 g7g6 e1d2 g8h6 h2h4 e8e7
1141,a2a3 c7c5 a3a4 h7h5 h2h4 c5c4 f2f3 f7f5 e1f2 d8c7 b2b4 a7a5
1142,b1a3 h7h5 h2h4 e7e5 b2b4 f8d6 h1h2 b7b6 a1b1 g7g6 c2c3 d6f8
1143,b1a3 a7a5 f2f3 b7b5 a1b1 c7c5 b2b4 d7d5 b4a5 c8b7 f3f4 a8a5
1144,h2h4 b7b6 c2c3 d7d6 b2b3 c8d7 g2g3 h7h5 g1f3 a7a6 d2d4 a8a7
1145,e2e3 a7a5 f1b5 h7h5 g2g3 a5a4 d2d4 g8f6 g1h3 b8c6 d1f3 f6e4
1146,a2a3 g8f6 a3a4 e7e5 f2f3 a7a6 c2c3 b7b6 a4a5 c7c5 d2d3 f6g8
1147,e2e4 a7a6 e4e5 g7g6 b2b3 d7d5 e5d6 f7f6 g2g3 e7d6 d1e2 e8d7
1148,b1c3 c7c6 h2h3 c6c5 g1f3 c5c4 c3b5 f7f5 f3h2 g7g6 a1b1 e8f7
1149,b2b3 f7f5 e2e4 e7e5 g2g3 f8c5 a2a3 d8e7 d2d3 g7g6 b1c3 e7e6
1150,e2e3 a7a5 f1b5 h7h5 g2g3 a5a4 d1h5 h8h5 g1f3 c7c6 b1c3 c6b5
1151,b2b3 b8a6 d2d3 c7c5 e2e4 c5c4 e4e5 d7d6 e5d6 f7f6 e1e2 g7g6
1152,b1a3 g8f6 d2d3 b8a6 a1b1 c7c6 e2e3 d8a5 b2b4 a6b4 c2c4 b4d5
1153,e2e3 a7a5 f1b5 h7h5 d2d4 g7g6 g2g3 c7c6 a2a3 c6c5 g3g4 c5d4
1154,e2e3 a7a5 f2f3 a5a4 b2b3 h7h5 b1a3 a8a6 g1e2 c7c5 e3e4 f7f5
1155,a2a3 c7c5 b1c3 f7f5 e2e4 f5e4 h2h4 g8h6 d2d3 b7b6 c1h6 e4d3
1156,e2e3 a7a5 f1b5 h7h5 d2d4 b8c6 f2f4 h5h4 g2g3 g8f6 d1f3 d7d6
1157,a2a3 c7c5 a3a4 h7h5 h2h4 g8h6 f2f4 g7g6 e1f2 f7f5 b2b3 b7b6
1158,d2d3 b7b6 g2g4 c7c6 h2h3 e7e5 d3d4 c6c5 f2f4 c5d4 c2c4 d7d6
1159,e2e3 a7a5 f1b5 a5a4 g2g3 h7h5 d1h5 h8h5 b5f1 c7c6 f2f3 h5h8
1160,h2h4 b7b6 b2b3 h7h5 h1h3 e7e5 b1a3 d7d5 d2d3 a7a6 a3b1 f8e7
1161,b2b3 b8a6 h2h4 f7f5 c2c4 h7h6 g1h3 e7e5 c1b2 a8b8 b1c3 d7d5
1162,g1h3 c7c5 d2d4 h7h5 e1d2 d8b6 f2f3 c5d4 c2c3 g7g6 c3d4 f8h6
1163,b1a3 a7a5 f2f3 b7b5 a3c4 h7h5 e2e3 d7d5 g1h3 d8d6 c4a5 d6c5
1164,a2a3 g8f6 a3a4 g7g6 a4a5 f6h5 d2d3 e7e6 f2f3 h8g8 c2c3 d7d6
1165,b2b3 c7c6 e2e3 g7g6 d2d3 b7b6 c2c3 a7a6 a2a3 c6c5 c3c4 h7h5
1166,a2a3 g8f6 a3a4 d7d6 g1h3 e8d7 c2c3 a7a6 f2f3 d6d5 c3c4 d7e6
1167,h2h4 b7b6 g2g4 d7d6 c2c4 b6b5 d1b3 b5c4 b3c4 a7a5 a2a4 c8e6
1168,b2b3 b8a6 h2h4 a8b8 b1c3 c7c6 c3b1 h7h5 a2a4 f7f6 a1a2 g8h6
1169,h2h4 h7h5 e2e4 b8a6 f1d3 a8b8 b1a3 c7c6 a3b1 g7g6 e4e5 d8c7
1170,h2h4 h7h5 b1a3 a7a6 b2b4 d7d5 a1b1 f7f6 e2e4 e8d7 g1f3 a6a5
1171,h2h4 b7b6 b2b3 c7c6 g2g4 c8a6 c2c3 g8f6 a2a3 g7g6 a1a2 a6b7
1172,b1a3 a7a5 f2f3 b8c6 h2h4 e7e5 c2c3 g8f6 a3b1 c6d4 h4h5 a5a4
1173,a2a3 c7c5 d2d4 c5d4 e2e3 a7a5 g2g4 g8h6 f1h3 d7d6 g1f3 g7g6
1174,h2h4 b7b5 g2g4 f7f6 a2a4 g8h6 f2f3 c7c6 e1f2 e8f7 d2d4 h6g4
1175,e2e3 g7g6 a2a4 e7e5 d1f3 f7f6 b1c3 f8b4 e1d1 e8e7 g1h3 b4c3
1176,h2h4 h7h5 a2a3 a7a6 b1c3 e7e5 b2b3 d7d6 d2d3 c8h3 c1g5 f7f6
1177,e2e3 a7a5 e1e2 g8h6 e3e4 b8c6 h2h4 b7b5 c2c3 c8b7 f2f3 b5b4
1178,e2e3 a7a5 f2f3 e7e6 e3e4 a5a4 e1e2 e8e7 h2h3 b8c6 c2c4 a4a3
1179,a2a3 b8c6 d2d3 h7h5 c2c3 c6d4 d1a4 g7g5 c1g5 b7b5 a4d1 a8b8
1180,e2e3 a7a5 g2g3 a5a4 f1b5 h7h5 f2f4 f7f5 d1h5 h8h5 e3e4 b8a6
1181,h2h4 b7b6 b2b3 h7h5 d2d4 d7d5 c1g5 f7f6 e2e4 b8d7 e1d2 a8b8
1182,b2b3 c7c6 c2c3 f7f6 c1a3 b7b5 a3c1 e8f7 h2h3 b8a6 f2f4 f7e6
1183,a2a4 e7e6 h2h3 e8e7 d2d4 e6e5 f2f3 c7c6 c1f4 b7b5 f4d2 f7f6
1184,b1a3 g7g6 a1b1 h7h6 g1f3 c7c5 g2g3 f8g7 c2c3 g7e5 f3g1 e5f6
1185,e2e3 a7a5 f2f3 g8h6 e3e4 b8c6 a2a4 h8g8 e1f2 f7f5 c2c3 b7b5
1186,g1h3 c7c5 d2d4 b7b6 e1d2 d7d6 g2g3 h7h5 f2f4 c5d4 f4f5 c8f5
1187,a2a3 b8c6 d2d3 a8b8 c2c4 g7g6 b2b3 h7h5 h2h3 g8f6 e2e3 f6e4
1188,h2h4 e7e5 b1c3 e8e7 a2a3 c7c6 b2b3 b7b5 h1h3 d7d6 c1b2 c8h3
1189,b1a3 c7c5 d2d4 d8b6 a1b1 f7f5 b1a1 h7h5 c1f4 g7g5 b2b4 e8d8
1190,e2e3 g7g6 h2h3 g8h6 f2f3 h6f5 f1a6 f5e3 d1e2 e3c2 e1d1 d7d6
1191,a2a4 g7g6 e2e3 b7b6 f1e2 d7d5 b2b3 d5d4 b1a3 e8d7 a3b5 f7f6
1192,h2h4 b7b6 b2b3 h7h5 f2f4 h8h7 h1h3 f7f5 e1f2 g8h6 c1b2 c7c5
1193,b1a3 a7a5 e2e3 a5a4 d2d3 g7g5 e3e4 c7c6 c1d2 h7h5 b2b3 a4b3
1194,e2e3 g7g5 g1h3 e7e6 h1g1 g8e7 g2g3 f7f5 b2b4 e8f7 b1c3 f5f4
1195,a2a3 c7c5 b1c3 f7f5 a3a4 h7h5 b2b4 h8h6 d2d3 c5b4 c3d5 b8a6
1196,a2a3 g8f6 h2h4 a7a5 f2f3 f6e4 e2e3 a5a4 e1e2 c7c6 g2g3 c6c5
1197,a2a3 b7b6 d2d3 d7d6 c2c4 a7a5 b2b3 a5a4 f2f3 g7g6 c1h6 e7e5
1198,b1a3 b8c6 d2d3 g7g6 g1f3 a7a6 a1b1 d7d5 g2g4 c6b8 c1g5 f7f6
1199,a2a3 a7a6 e2e3 d7d6 g2g3 e7e6 g3g4 g7g6 d2d3 f8e7 h2h4 e7f6
1200,e2e3 a7a5 a2a3 b8c6 f2f3 f7f5 c2c3 g8h6 d1a4 h8g8 a4b3 f5f4
1201,g1f3 e7e6 h1g1 b7b5 e2e3 b8a6 f1b5 f8b4 c2c3 f7f6 f3e5 c8b7
1202,e2e3 a7a5 f2f4 e7e6 e1e2 b8c6 c2c4 g8e7 g2g3 e7g8 a2a4 g7g6
1203,a2a3 e7e6 a3a4 g7g6 h2h4 f7f6 a4a5 b7b6 h4h5 e8e7 c2c4 h7h6
1204,a2a3 e7e6 e2e4 g7g6 d2d3 f7f6 b2b3 f8a3 g2g3 e8e7 a1a3 b8c6
1205,a2a3 e7e6 e2e4 f8e7 g2g4 g7g6 d2d3 g6g5 f1g2 b8a6 e4e5 d7d6
1206,a2a4 f7f6 a4a5 b7b6 d2d3 d7d6 c2c3 c8e6 a5b6 a7b6 f2f3 a8a1
1207,h2h4 h7h5 a2a3 b8c6 a3a4 c6d4 a4a5 d4b5 d2d3 a7a6 c2c3 d7d5
1208,h2h4 f7f6 a2a4 a7a5 c2c4 c7c5 d2d4 g7g5 f2f3 a8a7 e1f2 d7d5
1209,d2d3 b7b5 e2e4 b8a6 e1d2 f7f6 a2a4 c7c6 h2h3 b5b4 c2c3 d8a5
1210,g1h3 c7c5 d2d4 h7h5 e1d2 g7g6 b2b4 c5d4 f2f3 a7a5 h1g1 a5b4
1211,h2h4 e7e5 b1c3 f8d6 a2a4 g7g5 h1h2 h7h5 e2e4 g8f6 e1e2 d8e7
1212,h2h3 e7e5 b1c3 b7b6 h3h4 c7c6 c3d5 b8a6 b2b3 a6c7 a2a3 a8b8
1213,e2e3 a7a5 f1b5 h7h5 d1f3 c7c6 e3e4 g7g6 g2g4 c6b5 d2d3 d8b6
1214,e2e3 g7g6 b2b4 a7a5 e1e2 e7e5 a2a3 b8c6 b4b5 g8e7 h2h4 f7f5
1215,b1a3 a7a5 f2f3 b7b5 e2e4 h7h5 d2d3 a8a6 f3f4 b5b4 a1b1 h5h4
1216,d2d3 d7d5 g2g4 g8h6 c1h6 b8c6 g1f3 a8b8 a2a4 c6d4 f3d4 a7a6
1217,h2h4 h7h5 e2e4 a7a6 b2b3 b7b6 d2d4 a8a7 e1e2 d7d6 d1d2 c8d7
1218,b1a3 a7a5 h2h4 d7d6 e2e3 a5a4 b2b4 c7c6 f1e2 a8a7 b4b5 f7f6
1219,d2d3 b7b5 e1d2 h7h5 e2e4 a7a5 b2b3 c8a6 b1a3 c7c6 g1e2 b5b4
1220,e2e3 a7a5 f1b5 h7h5 d2d4 g7g6 c2c3 g8f6 d1c2 c7c6 f2f3 a8a7
1221,d2d3 a7a6 a2a3 g7g5 h2h4 f7f6 d3d4 e7e5 a1a2 e5d4 f2f3 b7b6
1222,h2h4 g7g6 g2g4 b7b6 d2d4 h7h5 b1d2 g6g5 f1g2 a7a5 c2c4 e7e6
1223,e2e3 a7a5 f1b5 a5a4 c2c3 c7c6 g2g3 h7h5 d1f3 b7b6 h2h3 c6b5
1224,e2e3 a7a5 d2d3 e7e6 a2a3 f7f6 d3d4 a5a4 c2c3 b7b6 f1c4 b8a6
1225,b1a3 h7h5 c2c3 h5h4 g2g3 a7a6 d1c2 b7b6 g3h4 g7g5 g1f3 a8a7
1226,h2h4 e7e6 g2g4 a7a6 c2c4 f7f6 f2f4 b7b6 f1h3 g7g6 f4f5 f8e7
1227,h2h4 b7b6 b2b3 h7h5 h1h3 d7d5 c2c3 g7g5 e2e4 a7a6 f1c4 d5e4
1228,d2d3 a7a6 e2e4 f7f6 b2b3 d7d5 h2h4 d5e4 d3e4 c8d7 d1d2 d7b5
1229,e2e3 g7g6 b2b4 a7a5 b4a5 c7c6 g1f3 g6g5 e3e4 d7d6 d1e2 f7f6
1230,e2e3 a7a5 b1c3 g8h6 c3d5 c7c5 g2g3 g7g5 h2h3 e7e6 d5b4 b8c6
1231,e2e3 g7g6 f2f4 e7e5 f4f5 b8a6 g1f3 b7b5 f1c4 f8e7 c4b5 c8b7
1232,e2e3 g7g5 h2h3 e7e6 g2g3 g8e7 g3g4 b8c6 b2b4 e7g6 f1b5 e8e7
1233,a2a3 c7c5 e2e4 a7a5 g1e2 g7g5 b1c3 b8c6 g2g4 g8h6 f2f3 a8a7
1234,e2e3 a7a5 f2f4 a5a4 e1e2 c7c6 d2d3 h7h5 g1f3 d8a5 f3e5 h8h6
1235,e2e3 a7a5 c2c4 a8a7 f2f3 h7h5 g2g3 c7c5 f1h3 h8h7 d1b3 d8c7
1236,h2h4 h7h5 e2e4 b7b6 b2b3 e7e5 d2d3 d7d6 d1f3 c8g4 f1e2 f8e7
1237,e2e4 b8c6 g2g4 g8h6 a2a4 h6g4 h2h4 g7g6 g1h3 a7a5 b1c3 c6d4
1238,d2d3 b7b6 b1d2 e7e5 g2g4 f7f5 g4g5 f8b4 e2e4 b4e7 d2b1 c7c5
1239,e2e4 b8c6 b2b3 b7b6 d2d3 g8h6 c1g5 g7g6 h2h4 f7f6 a2a3 c8a6
1240,g2g3 h7h5 h2h4 b8c6 c2c3 a7a6 f1g2 d7d6 b1a3 e7e5 g2c6 b7c6
1241,b1c3 c7c6 b2b4 b7b6 c3d5 c6c5 a2a3 g8f6 e2e4 f6d5 f2f4 f7f5
1242,a2a3 e7e6 e2e4 a7a6 b2b3 g8f6 f2f3 f6e4 f3e4 f7f6 e1e2 f8c5
1243,b2b3 b8a6 h2h4 g8f6 h1h3 h7h6 c2c4 f6g8 h3f3 h6h5 g1h3 b7b5
1244,e2e3 e7e6 b2b4 a7a5 c2c4 b8a6 e1e2 a5b4 f2f3 e6e5 b1a3 f7f5
1245,e2e3 a7a5 d1g4 h7h5 g4g6 c7c5 f1d3 g8h6 g6g3 d7d5 c2c3 f7f6
1246,h2h4 h7h5 g1h3 f7f5 a2a4 c7c6 b2b4 g8h6 d2d3 g7g6 a1a2 e7e6
1247,a2a3 b8c6 d2d3 h7h6 e2e4 h8h7 b2b3 b7b5 d1f3 g8f6 f3g4 f6g4
1248,a2a3 f7f6 e2e3 e7e5 h2h3 b8c6 d2d3 g8e7 c2c4 f6f5 f2f3 e8f7
1249,b1a3 a7a5 f2f3 b7b5 e2e4 g8f6 f3f4 b5b4 a1b1 f6e4 f1d3 b4a3
1250,a2a3 e7e6 b1c3 b8a6 a3a4 g7g6 h2h4 b7b6 d2d4 f8e7 h1h3 h7h6
1251,a2a3 b8c6 d2d3 a8b8 c2c3 g7g6 a3a4 c6d4 a4a5 e7e6 e1d2 f8e7
1252,e2e3 a7a5 g2g3 a5a4 f1b5 h7h5 d1f3 h8h6 h2h4 c7c6 e3e4 d7d6
1253,a2a3 c7c5 d2d4 d7d6 e2e3 c5c4 g2g3 h7h5 c2c3 d8a5 d4d5 a7a6
1254,b2b3 f7f5 d2d3 e7e5 a2a3 f8c5 a1a2 g8f6 f2f3 f5f4 g2g4 f6g4
1255,e2e3 h7h5 f2f3 h8h7 e1e2 g7g6 b2b3 b7b6 h2h4 c7c6 c1b2 f8g7
1256,a2a3 e7e6 e2e4 e6e5 f1c4 c7c6 g2g3 g8e7 e1f1 d8c7 f2f3 f7f6
1257,a2a3 b7b6 d2d4 g8f6 e2e4 b6b5 c1g5 c8b7 c2c3 g7g6 f2f3 b5b4
1258,a2a4 b7b6 g1h3 h7h5 f2f4 c7c6 f4f5 f7f6 g2g4 d7d5 g4h5 h8h5
1259,b1a3 c7c5 b2b4 c5b4 c2c4 b4c3 a3b5 h7h6 e2e4 g7g5 e1e2 f7f5
1260,e2e3 a7a5 b2b3 g7g6 b1a3 a5a4 g2g3 g8h6 f2f4 h8g8 b3a4 f7f5
1261,e2e3 g7g6 h2h3 g8h6 f1e2 h6g4 f2f4 e7e6 f4f5 d8h4 e1f1 h4f2
1262,e2e3 g7g5 f2f4 a7a5 e3e4 b8c6 d2d3 e7e6 f4f5 g8h6 h2h4 f8e7
1263,e2e3 a7a6 a2a3 e7e6 g2g3 g7g6 h2h3 h7h6 f2f3 h8h7 h1h2 f7f6
1264,h2h4 h7h5 b2b3 b7b6 c1b2 f7f6 c2c3 c7c5 f2f3 d7d5 d1c1 a7a6
1265,g1f3 c7c5 e2e4 g7g5 h1g1 f8h6 g2g3 e8f8 f1g2 h6g7 d1e2 h7h5
1266,a2a4 h7h5 b2b3 b7b6 d2d3 c7c5 c1g5 c8a6 g5d2 h8h6 h2h4 d8c8
1267,e2e3 a7a5 b2b3 g8h6 b1a3 c7c5 f1b5 g7g5 g2g3 f7f6 d1f3 a8a7
1268,a2a3 g8f6 a3a4 g7g6 a4a5 h7h5 h2h4 f6g4 e2e4 c7c6 b1a3 h8h7
1269,e2e4 b8a6 f2f4 g8f6 e1f2 a8b8 f1c4 d7d6 g1f3 g7g5 f4f5 b7b5
1270,e2e3 a7a5 f1a6 h7h5 g2g3 a5a4 d1f3 e7e5 a6b5 e5e4 f3e4 d8e7
1271,e2e3 g8h6 f2f4 a7a5 g2g3 a5a4 f1b5 c7c6 d1f3 e7e5 b5e2 e5e4
1272,h2h4 a7a5 c2c3 d7d6 h1h3 h7h5 g2g3 c8h3 g1h3 h8h6 c3c4 g8f6
1273,a2a4 h7h5 h2h4 b7b6 a4a5 b8c6 b1c3 c6d4 c3a4 g8h6 e2e4 c8b7
1274,e2e4 e7e5 g1e2 d7d6 b1c3 b7b6 a2a3 f7f6 g2g4 c7c5 a3a4 h7h5
1275,a2a3 g8f6 a3a4 g7g6 e2e3 e7e6 b2b4 e6e5 g1f3 f8c5 c1b2 f6e4
1276,b1c3 f7f5 e2e4 h7h5 c3e2 g7g5 f2f4 c7c5 e2c3 e7e5 f1c4 g5f4
1277,h2h4 h7h5 a2a4 b7b6 a4a5 c8b7 a5b6 a7b6 b2b3 a8a1 c1b2 d7d5
1278,h2h4 h7h5 e2e4 b8a6 a2a4 c7c6 b2b4 d8b6 f1a6 f7f6 e4e5 f6e5
1279,h2h4 b7b6 b2b3 h7h5 c1b2 c7c6 g2g3 g7g6 c2c3 f8g7 f1g2 e8f8
1280,h2h4 b7b6 b2b3 h7h5 c1b2 h8h6 b2c3 h6g6 d1c1 g8h6 c3f6 g6g3
1281,a2a3 b8c6 d2d3 h7h6 c2c4 a7a5 a1a2 c6d4 c1e3 h6h5 b2b3 g8h6
1282,e2e3 g7g5 g1h3 e7e6 g2g3 g8e7 h1g1 e6e5 b2b3 d7d6 b1a3 b8d7
1283,h2h4 h7h5 a2a3 a7a5 d2d4 a5a4 e2e4 g8h6 e1e2 h6f5 d4d5 f5g3
1284,b1a3 a7a5 b2b3 f7f6 f2f3 a8a6 b3b4 d7d5 h2h3 c7c5 c1b2 a6b6
1285,a2a3 b8c6 d2d3 h7h6 c2c3 h8h7 f2f3 c6b8 c1f4 g7g6 f4h6 e7e6
1286,e2e3 a7a5 f2f4 a8a6 g2g3 a5a4 f1b5 h7h5 f4f5 a6d6 d1f3 d6h6
1287,a2a4 e7e6 a4a5 e8e7 c2c3 d7d5 d1c2 d5d4 c3d4 e6e5 c2c5 e7f6
1288,b1a3 f7f6 h2h4 g8h6 d2d3 a7a5 a1b1 g7g5 b2b3 h6g4 h1h3 b7b6
1289,g1h3 b7b6 a2a4 b8c6 g2g4 h7h5 g4h5 f7f5 d2d3 a8b8 f1g2 c8b7
1290,b1a3 a7a5 f2f3 b7b5 e2e4 h7h5 g1e2 b5b4 c2c3 b8c6 a3c2 d7d6
1291,b1a3 a7a5 f2f3 a5a4 b2b4 c7c6 b4b5 d7d6 h2h3 c8g4 e1f2 a8a5
1292,h2h4 b7b6 g2g4 f7f6 h1h2 d7d5 f2f4 e8d7 c2c3 g7g6 f4f5 b8a6
1293,a2a3 e7e6 a3a4 f8b4 h2h4 f7f6 a4a5 g7g6 h1h2 e8e7 c2c3 b7b6
1294,a2a3 b8c6 d2d3 h7h6 c2c3 c6b8 f2f3 h6h5 c1d2 b7b6 h2h3 a7a5
1295,e2e3 a7a5 f1b5 h7h5 f2f3 a5a4 g2g3 b8a6 d2d4 a6b4 h2h3 b4d5
1296,h2h4 b7b6 b2b3 h7h5 c1b2 c7c6 g2g4 h8h6 c2c4 h5g4 f2f4 a7a6
1297,e2e3 g7g6 f2f4 b8a6 h2h3 g8h6 e1e2 b7b6 h3h4 h6f5 a2a4 f5h4
1298,d2d4 d7d6 g2g4 g8f6 a2a4 a7a5 e2e4 c8d7 c2c3 g7g5 a1a3 f6e4
1299,b1a3 e7e6 b2b4 f7f6 f2f3 c7c5 b4b5 h7h6 h2h3 g7g5 c2c4 d7d5
1300,e2e3 a7a5 a2a4 a8a7 b2b3 f7f6 d2d3 c7c5 e3e4 c5c4 g2g4 g7g5
1301,b1a3 f7f6 f2f3 b7b5 a3c4 d7d5 f3f4 e8d7 h2h3 c7c6 g1f3 g7g6
1302,a2a3 g8f6 e2e3 c7c6 b2b4 e7e5 d2d3 f8b4 c2c3 b4e7 h2h3 d7d6
1303,a2a3 e7e6 e2e4 e6e5 d2d4 g8f6 g2g4 g7g5 c1g5 e5d4 g5f6 d8f6
1304,e2e3 g7g6 h2h3 g8h6 f1e2 h6g4 c2c4 g4f2 e1f2 f7f5 d1c2 h8g8
1305,b1a3 a7a5 f2f3 b7b5 e2e3 b5b4 b2b3 a8a7 c2c4 b4c3 d2d3 a7a6
1306,a2a3 a7a6 e2e3 a6a5 e1e2 b8c6 g2g3 e7e6 d2d4 g8h6 d4d5 g7g6
1307,f2f4 h7h5 g1f3 f7f5 f3e5 h8h6 c2c4 c7c6 g2g4 e7e6 g4f5 d8h4
1308,b2b3 e7e6 f2f3 f7f5 b1a3 e6e5 d2d4 d7d6 g1h3 e8d7 g2g4 g8f6
1309,a2a3 g8f6 e2e3 c7c6 b2b4 e7e5 d2d3 b8a6 f2f3 a6b4 c2c3 f6d5
1310,g1h3 g8f6 e2e3 f6d5 f1e2 c7c5 b2b4 e7e5 h3g1 b8c6 a2a4 c5b4
1311,a2a3 g8f6 e2e3 c7c6 b2b4 d8c7 e1e2 g7g6 e2e1 d7d5 f1e2 b7b5
1312,h2h4 h7h5 a2a3 b7b6 d2d4 d7d6 c1g5 g8f6 a1a2 c8h3 a3a4 h3d7
1313,a2a3 g8f6 e2e3 c7c6 d2d3 d8c7 e1e2 h7h5 h2h4 b8a6 f2f4 f6g8
1314,e2e4 b8c6 g2g4 g8h6 h2h4 a7a5 f2f3 d7d5 d2d4 g7g6 f1g2 c6b4
1315,e2e3 g7g5 g1h3 e7e6 h3g5 f7f6 h1g1 b7b6 g2g3 h7h5 g5f7 e8f7
1316,h2h3 h7h5 b2b3 g7g5 h3h4 c7c5 e2e4 d7d6 d2d3 b8d7 c1g5 a8b8
1317,a2a3 c7c6 h2h4 d7d5 h4h5 f7f6 h5h6 d8c7 d2d3 a7a5 e2e3 c6c5
1318,e2e3 g7g6 f1e2 g6g5 b2b3 a7a5 g2g3 a5a4 h2h4 b7b6 b1c3 f7f6
1319,h2h4 b7b6 b2b3 h7h5 c2c3 c8a6 g2g3 e7e6 g3g4 e6e5 g4h5 d7d6
1320,b1a3 h7h5 g2g4 f7f6 b2b3 e7e5 a3c4 a7a5 d2d4 e8e7 e2e4 h5g4
1321,a2a3 g8f6 a3a4 b8a6 f2f3 c7c5 a1a3 d8c7 c2c3 a6b8 e2e3 g7g6
1322,e2e4 b8a6 e1e2 c7c6 d2d4 a6c7 d4d5 g7g6 g1f3 g8h6 c1h6 f8h6
1323,a2a3 g8f6 e2e3 c7c6 b2b4 d8c7 f2f4 e7e5 d2d3 e5f4 b1d2 a7a5
1324,e2e3 a7a5 d1h5 a5a4 h5f5 e7e6 e1e2 e6f5 g1h3 d7d5 b2b3 f5f4
1325,h2h4 b7b6 b2b3 h7h5 c1b2 c7c6 g2g4 g7g6 d2d3 f8h6 e2e4 b8a6
1326,a2a3 c7c5 b1c3 f7f5 a3a4 h7h6 b2b4 c5c4 e2e4 f5e4 b4b5 g7g6
1327,a2a3 g8f6 g2g4 c7c5 d2d3 f6d5 e2e4 b8a6 g1e2 d5c3 b1c3 a6c7
1328,e2e3 g7g5 g1h3 e7e6 h1g1 g5g4 g2g3 b8a6 d1g4 b7b5 g4h5 c8b7
1329,b1a3 a7a5 f2f3 b7b5 e2e4 a5a4 g2g3 h7h5 g1e2 a8a6 b2b4 h8h6
1330,a2a3 d7d5 d2d3 g8f6 c1d2 c7c6 a1a2 d8c7 h2h4 b7b5 f2f4 h8g8
1331,c2c4 d7d5 h2h4 f7f6 d1b3 b7b5 d2d3 e8f7 g2g4 c7c6 b3c3 d5c4
1332,c2c4 b8c6 f2f4 h7h5 g1h3 f7f5 h3g5 a8b8 e1f2 d7d5 e2e4 h5h4
1333,f2f4 h7h5 e2e4 c7c5 g1e2 d7d6 e1f2 d8d7 b2b4 a7a5 c2c3 c5b4
1334,e2e3 g7g6 h2h3 g8h6 f1e2 h6f5 e1f1 h7h5 e3e4 f5h4 c2c3 h8g8
1335,d2d3 a7a6 c2c3 d7d6 a2a3 c7c5 e2e3 e7e6 b2b4 e8e7 f2f3 e7d7
1336,h2h4 b7b6 f2f3 b6b5 b2b3 a7a5 g1h3 f7f5 c2c3 g7g5 e2e3 h7h5
1337,b1a3 a7a5 f2f3 a5a4 b2b3 g8h6 e2e4 h8g8 g1h3 c7c6 e1e2 b7b5
1338,e2e3 g7g6 g1h3 b7b6 d2d3 e7e5 b1a3 g8f6 f2f3 a7a6 g2g4 g6g5
1339,b1a3 f7f5 g1f3 e8f7 e2e3 e7e5 g2g3 f5f4 f3g1 b8c6 f1e2 a7a6
1340,b1a3 e7e6 b2b4 a7a5 b4a5 e8e7 f2f3 f7f6 e2e3 c7c5 f1b5 a8a5
1341,h2h4 h7h5 b1c3 a7a5 c3d5 a5a4 b2b3 d7d6 g1h3 e7e5 c1b2 c8h3
1342,b1a3 h7h5 h2h4 a7a5 b2b3 e7e5 d2d3 e8e7 a1b1 b8c6 e2e4 a8b8
1343,e2e4 b8c6 g2g4 g8h6 h2h4 a7a5 a2a4 a8a7 d2d4 f7f6 d1d2 g7g6
1344,g1f3 h7h5 b1a3 h8h6 a1b1 c7c5 c2c4 h6b6 d1c2 f7f5 h2h3 g7g5
1345,e2e4 b8c6 g2g4 g8h6 h2h4 a7a5 f2f3 b7b5 c2c3 a8a7 f1b5 h8g8
1346,b1a3 a7a5 f2f3 b7b5 f3f4 c7c6 e2e4 a8a7 g1e2 d7d6 b2b3 f7f6
1347,d2d4 h7h6 e2e4 c7c6 g1e2 f7f6 g2g4 e8f7 e4e5 h6h5 g4h5 b7b6
1348,a2a3 g8f6 a3a4 g7g6 a4a5 f6h5 h2h4 e7e6 c2c4 e8e7 b1c3 f7f5
1349,e2e3 a7a5 f1b5 h7h5 b2b3 h5h4 f2f3 a8a6 g2g3 c7c5 c2c3 a6b6
1350,e2e3 a7a5 d2d3 g8h6 f2f4 c7c6 b1a3 f7f5 g2g3 a5a4 b2b3 b7b6
1351,h2h4 b7b5 h4h5 f7f6 b2b4 g8h6 a2a4 d7d5 a1a2 g7g6 d2d4 b8d7
1352,a2a3 g8f6 e2e3 c7c6 d2d3 d8c7 g1f3 h7h5 c2c3 g7g5 f3e5 c7e5
1353,a2a3 g8f6 e2e3 c7c6 b2b4 e7e5 f2f3 g7g6 e3e4 f6d5 e4d5 f7f6
1354,a2a3 g8f6 e2e3 c7c6 b2b4 e7e5 f2f3 f8c5 c2c4 a7a5 b4c5 e8e7
1355,g2g3 h7h5 e2e3 b7b6 a2a3 c7c6 g3g4 c8b7 c2c4 g7g6 h2h4 f8g7
1356,d2d3 b7b6 b1a3 c7c5 e2e4 d7d6 f2f4 f7f6 a1b1 c8h3 e1f2 h3c8
1357,e2e3 h7h5 a2a3 c7c5 d2d4 d8c7 g2g4 e8d8 h2h4 c7b6 b2b3 c5d4
1358,a2a3 h7h5 e2e3 c7c5 d2d4 a7a5 b2b4 c5d4 e3d4 h8h7 g2g4 h5g4
1359,e2e3 g7g6 h2h3 g8h6 f1e2 h6g4 b2b4 c7c6 h3g4 b7b6 h1h4 f8g7
1360,h2h4 b7b6 b2b3 g7g5 h4h5 d7d6 e2e4 e7e5 b1a3 c8g4 d1g4 d8f6
1361,h2h4 h7h5 b1c3 a7a5 b2b3 b8c6 d2d3 c6d4 c3d5 e7e6 a2a4 e6d5
1362,e2e4 f7f6 b2b3 a7a5 d2d3 a5a4 d1f3 c7c6 g1e2 a4b3 c2b3 c6c5
1363,e2e4 b8a6 e1e2 c7c5 d2d4 a6c7 a2a3 e7e5 c1g5 a7a6 g5d8 h7h6
1364,e2e3 g7g6 f2f4 e7e5 g1f3 b8c6 h2h3 g6g5 c2c3 g8e7 f4f5 c6d4
1365,b1a3 b7b5 b2b4 b8a6 d2d3 a8b8 e2e3 f7f5 g2g4 d7d6 d1e2 e7e5
1366,e2e4 f7f6 b2b3 a7a5 d2d4 a5a4 g2g4 a8a6 c2c3 a4b3 f1a6 f6f5
1367,a2a3 g8f6 e2e3 c7c6 e1e2 g7g5 b2b3 f6d5 g1h3 e7e5 g2g3 e8e7
1368,a2a3 c7c6 d2d3 d8c7 g2g4 g8f6 c2c4 h7h5 f2f3 g7g5 c4c5 f6d5
1369,a2a3 g8f6 e2e3 c7c6 b2b4 e7e5 d1e2 d8b6 f2f3 e8e7 c2c4 f6d5
1370,e2e4 b8a6 e1e2 f7f6 f2f3 g8h6 h2h4 b7b5 b2b3 c7c5 b1a3 a6c7
1371,e2e3 a7a5 b1c3 g8h6 c3d5 c7c5 a2a4 g7g5 f1e2 e7e6 h2h4 e6d5
1372,b2b3 b8a6 h2h4 h7h5 a2a4 b7b6 a4a5 c7c6 f2f4 d8c7 e2e3 a6b4
1373,a2a3 g8f6 e2e3 c7c6 b2b4 e7e5 d2d3 f8b4 c1d2 b4c5 g2g4 h7h6
1374,h2h4 b7b5 b2b3 c7c6 c2c3 f7f6 g1h3 a7a5 h1g1 h7h6 f2f4 e7e5
1375,h2h4 h7h6 a2a3 c7c5 h4h5 a7a5 d2d4 c5d4 e2e3 b8c6 e1d2 b7b6
1376,e2e3 g7g6 f1e2 b7b6 b1a3 e7e5 a1b1 a7a6 b2b4 d7d5 g2g3 g6g5
1377,a2a3 c7c5 d2d4 c5d4 c1g5 a7a5 g2g4 b7b5 e2e4 a8a7 f1g2 h7h6
1378,b1c3 e7e6 g1h3 f7f6 g2g3 a7a5 f1g2 b7b5 c3b5 f8e7 b5d6 e7d6
1379,g1h3 e7e5 b1c3 a7a5 f2f4 b8c6 f4e5 g8e7 a2a4 g7g5 c3d5 c6d4
1380,e2e3 c7c5 f2f3 h7h6 b2b3 a7a6 d2d4 d7d6 f1a6 c8d7 e3e4 g7g5
1381,c2c4 h7h6 g2g4 c7c5 h2h3 b7b5 b2b4 b5c4 f1g2 c5b4 g4g5 b8a6
1382,h2h4 b7b5 h4h5 g8h6 a2a3 c8b7 c2c4 d7d5 f2f3 h6g8 d2d4 b5c4
1383,h2h4 h7h5 b1c3 c7c6 e2e4 g8h6 c3e2 c6c5 a1b1 b7b6 d2d3 b8c6
1384,a2a3 g8f6 e2e3 c7c6 b2b4 e7e5 d2d3 f8b4 c2c3 e8e7 a3b4 d8b6
1385,a2a3 g8f6 e2e3 c7c6 d2d3 d8c7 c2c3 g7g5 g2g4 e8d8 b2b4 f6g4
1386,h2h4 b7b6 b2b3 h7h5 g1h3 f7f5 h3g1 f5f4 h1h2 c7c6 c2c3 g8h6
1387,g1h3 c7c5 d2d4 h7h5 e1d2 d7d6 h3g1 h5h4 g1h3 e8d7 f2f4 a7a6
1388,a2a3 g8f6 e2e3 c7c6 b2b4 e7e5 d1f3 f8b4 a3b4 e8e7 g2g4 f6g4
1389,b1c3 c7c6 h2h3 d7d6 c3d5 c6c5 c2c4 a7a5 d5e3 a8a7 e3c2 b8d7
1390,a2a3 e7e6 e2e4 c7c6 g2g4 f8b4 e4e5 f7f6 h2h4 d8b6 d1f3 g7g5
1391,b1a3 a7a5 f2f3 b7b5 e2e4 c7c6 g1e2 b5b4 a3b1 d8b6 h1g1 c6c5
1392,f2f4 h7h5 d2d3 c7c5 e1f2 c5c4 d3d4 a7a5 c2c3 g8h6 f4f5 h6f5
1393,b1a3 a7a5 f2f3 a5a4 b2b3 h7h5 g1h3 c7c6 c2c4 f7f6 d2d4 e8f7
1394,h2h4 b7b6 g2g4 e7e5 c2c4 f8a3 h1h3 h7h5 f2f4 d7d6 g4g5 h8h7
1395,a2a3 b8c6 d2d3 h7h5 c2c3 g7g6 c1h6 g8h6 b2b3 b7b5 e2e3 c8b7
1396,c2c4 h7h6 g2g4 d7d5 d1b3 h6h5 f2f4 a7a6 h2h4 e7e5 g4g5 e8d7
1397,a2a3 g8f6 a3a4 g7g6 f2f3 c7c6 d2d3 d8c7 a4a5 b7b6 b1a3 e7e6
1398,h2h4 b7b5 c2c3 a7a5 h1h3 h7h5 b2b3 e7e5 h3f3 a8a6 f3f7 b5b4
1399,a2a3 b8c6 a3a4 a7a5 c2c3 c6d4 a1a2 d4c2 d1c2 b7b6 c2f5 c8b7
1400,e2e3 a7a5 f1a6 a5a4 e1e2 c7c6 d2d3 d7d5 e3e4 f7f6 a6b7 d8d6
1401,a2a4 h7h5 a4a5 g7g6 d2d3 c7c6 g2g4 g8h6 b1d2 h8g8 c2c4 c6c5
1402,a2a3 a7a6 d2d3 e7e6 h2h4 a8a7 c2c4 d7d5 g2g4 e8d7 c4d5 g8e7
1403,h2h4 h7h5 f2f4 a7a5 g2g3 a8a6 c2c4 a6c6 f1h3 d7d6 a2a4 c8h3
1404,b2b3 b8a6 g2g4 g8f6 c2c3 a8b8 c3c4 f6d5 f1g2 g7g6 g2d5 e7e6
1405,e2e3 a7a5 a2a4 g8h6 b2b3 g7g6 g1h3 c7c5 b1a3 g6g5 c1b2 h6g4
1406,b2b3 a7a6 e2e4 h7h5 d2d3 b7b6 e4e5 a8a7 c1b2 h5h4 g1e2 h8h7
1407,d2d3 b7b6 g2g4 d7d6 b1d2 e7e5 h2h3 c8f5 e2e3 f5d3 d2f3 e5e4
1408,h2h4 h7h5 a2a3 b8c6 a3a4 a7a5 a1a2 b7b6 c2c4 a8a6 f2f3 c8b7
1409,e2e4 b8a6 a2a4 f7f5 e1e2 a6c5 b1c3 g8f6 f2f3 e7e5 a1a2 e8f7
1410,g1h3 c7c5 d2d4 d7d6 e1d2 d8a5 c2c3 b8d7 g2g3 h7h5 d4c5 e7e5
1411,a2a4 e7e6 g2g4 g7g6 a4a5 g8h6 d2d3 e8e7 b2b3 b8a6 h2h4 f7f5
1412,b2b3 f7f5 h2h4 g7g6 a2a3 f5f4 a1a2 g8h6 d2d3 c7c5 c2c4 b7b5
1413,e2e3 a7a5 a2a3 b8c6 e1e2 g8h6 e2f3 g7g5 f3g3 f7f6 f2f3 e7e6
1414,a2a3 a7a6 e2e3 a6a5 e1e2 g8h6 f2f3 b7b5 c2c4 c8b7 g2g3 e7e6
1415,a2a3 g8f6 e2e3 c7c6 b2b4 e7e5 d2d3 f8b4 a3b4 e8e7 b1d2 d7d5
1416,e2e3 g7g6 a2a3 e7e5 d2d3 d7d6 g2g4 g6g5 f2f3 a7a6 h2h3 h7h5
1417,h2h4 h7h5 b1a3 a7a5 b2b3 b8c6 d2d3 a5a4 a1b1 a4b3 a2b3 h8h6
1418,a2a3 g8f6 e2e3 c7c6 g2g3 d7d6 f2f3 d8c7 f1d3 c8d7 d3e2 f6h5
1419,a2a3 e7e6 e2e3 h7h6 b2b4 a7a6 d2d4 f7f6 e1e2 d7d6 g2g4 g7g5
1420,a2a3 g8f6 e2e3 c7c6 f1b5 e7e5 h2h4 f6h5 d2d3 e8e7 g2g4 g7g6
1421,b1a3 a7a5 d2d3 f7f6 f2f3 e7e6 e1d2 e8e7 h2h3 f6f5 g2g4 b7b5
1422,a2a3 g8f6 e2e3 c7c6 d2d3 d8c7 e1e2 h7h6 d3d4 g7g5 g2g4 d7d6
1423,e2e4 f7f6 b2b3 c7c6 d1g4 a7a5 e1e2 a5a4 d2d4 d7d6 g4f3 e7e6
1424,b1a3 a7a5 f2f3 b7b5 f3f4 a8a6 d2d3 b5b4 e2e4 f7f6 a1b1 d7d6
1425,a2a3 g8f6 a3a4 b8a6 f2f3 d7d5 e1f2 c8g4 d1e1 g4h3 b2b3 e7e5
1426,d2d3 g7g5 h2h4 f7f6 e1d2 c7c5 f2f3 e8f7 d3d4 b7b6 h4h5 d7d5
1427,a2a3 g8f6 e2e3 c7c6 d2d3 h7h5 e1d2 d8c7 g2g4 g7g5 b2b4 c7e5
1428,a2a3 c7c6 d2d3 d8a5 b1d2 e8d8 b2b4 a5b5 c2c4 b5h5 g2g4 h5g4
1429,a2a3 e7e6 h2h4 b7b6 b1c3 f7f6 c3e4 g8e7 a1b1 b8c6 g2g4 g7g5
1430,h2h4 h7h5 b1c3 a7a5 c3d5 g7g6 b2b3 a8a7 a1b1 c7c5 d2d4 e7e6
1431,h2h4 b7b6 b1a3 e7e5 d2d3 h7h5 a1b1 d7d6 c1d2 e5e4 b2b3 e4d3
1432,e2e3 g7g6 a2a3 b8c6 d2d3 g8h6 c2c3 a7a5 d1a4 e7e5 a4d1 a8b8
1433,a2a3 g8f6 e2e3 c7c6 d2d3 d7d6 f1e2 c8d7 a1a2 a7a5 b2b3 a8a6
1434,b1a3 a7a5 b2b3 f7f6 g2g3 a8a6 e2e3 e7e5 f1b5 b8c6 d1h5 g7g6
1435,b2b3 c7c6 c2c3 h7h6 h2h3 g7g6 c3c4 e7e6 h3h4 f8b4 a2a3 f7f6
1436,b1a3 h7h6 a1b1 e7e5 b2b3 f8c5 b1b2 e8e7 f2f4 d7d5 d2d3 e7f8
1437,e2e3 g7g6 f2f3 g6g5 h2h3 e7e6 a2a3 b8c6 g2g3 g8e7 d2d4 e7d5
1438,h2h4 b7b6 b2b3 c7c6 c1a3 e7e6 h1h3 f8a3 c2c3 h7h5 b1a3 e8e7
1439,b1a3 h7h5 h2h4 b8c6 c2c3 a7a5 a3c2 d7d5 g2g3 e7e5 g1f3 e8e7
1440,h2h4 h7h5 a2a3 b8c6 a3a4 a8b8 e2e4 c6d4 b2b4 a7a5 g1h3 d7d6
1441,e2e3 g7g6 h2h3 c7c6 e3e4 h7h5 d2d4 g8h6 a2a3 d8b6 f2f3 h8g8
1442,d2d3 b7b6 c1g5 d7d6 e2e4 a7a6 a2a3 d6d5 g5e7 e8e7 d3d4 c8f5
1443,h2h4 b7b6 b2b3 h7h5 h1h3 e7e5 h3f3 d7d5 b1c3 d8e7 e2e3 e8d8
1444,h2h4 h7h5 e2e4 a7a5 b2b3 b8c6 a2a4 e7e5 c1b2 a8b8 a1a2 f8c5
1445,b2b4 f7f5 a2a4 a7a5 b4a5 e8f7 f2f4 c7c6 a1a3 c6c5 d2d3 g8h6
1446,h2h4 b7b6 b1a3 h7h5 d2d4 a7a5 f2f3 b8c6 b2b3 c8a6 g1h3 e7e5
1447,h2h4 b7b6 b2b3 h7h5 h1h3 d7d6 b1a3 e7e5 h3h1 c8g4 d2d3 b6b5
1448,h2h4 h7h5 d2d4 b8c6 b2b3 g8h6 e1d2 h8g8 f2f3 c6d4 c1b2 d4b5
1449,h2h4 b7b6 b2b3 c7c6 g2g4 e7e5 c2c3 g7g6 g4g5 f7f6 f1h3 e8e7
1450,d2d3 b7b6 c1g5 d7d6 b1d2 f7f6 e2e3 e7e5 g5h6 g7g5 b2b4 a7a5
1451,a2a3 g8f6 e2e3 c7c6 b2b4 e7e5 f1e2 f8c5 g2g3 e8e7 b4c5 d8c7
1452,a2a3 g8f6 h2h4 d7d6 h1h3 a7a6 a1a2 c8g4 h3e3 g4e6 a3a4 h8g8
1453,h2h4 h7h5 b1c3 b8c6 d2d4 a8b8 a2a4 b7b6 b2b3 c6d4 c1b2 d4c2
1454,a2a4 g7g6 g2g4 h7h5 a4a5 h5g4 d2d3 g8h6 g1f3 c7c5 d1d2 b8c6
1455,e2e3 a7a5 h2h3 f7f5 b1a3 f5f4 e3f4 g8h6 d1g4 h6g8 g4g5 a8a7
1456,d2d4 g8f6 e2e3 f6h5 g2g4 g7g5 b2b4 f7f5 f2f3 f5g4 e3e4 e8f7
1457,h2h4 b7b6 b2b3 e7e6 h1h3 g7g5 e2e4 f7f6 h3h2 c8b7 f1b5 a7a5
1458,b2b4 a7a5 e2e3 d7d6 f2f3 g7g6 c2c3 e8d7 h2h3 e7e6 e1e2 a5b4
1459,h2h4 h7h5 b1c3 g8h6 f2f4 b8c6 a1b1 a7a5 c3d5 c6d4 d5b6 c7b6
1460,a2a3 g8f6 a3a4 b8a6 e2e3 g7g6 b2b4 e7e5 g1f3 f6d5 h2h3 d5e7
1461,g1h3 e7e6 h1g1 a7a6 b1c3 h7h5 a2a4 h8h6 f2f4 f8e7 c3d5 e6d5
1462,a2a3 g8f6 e2e3 c7c6 d2d3 d7d6 e1d2 c8d7 g1e2 f6e4 d3e4 g7g6
1463,g1h3 c7c5 d2d4 h7h5 e1d2 d7d6 h1g1 b7b6 f2f4 e8d7 c2c3 a7a6
1464,a2a3 c7c6 f2f3 d8c7 d2d3 c6c5 c2c4 a7a5 c1f4 c7f4 g2g4 f7f6
1465,g1f3 b7b5 c2c4 f7f6 e2e4 e7e6 h2h4 c7c6 f3d4 g8e7 h1h3 d7d5
1466,h2h4 h7h5 g1h3 f7f6 b1c3 a7a5 h3g1 g8h6 b2b4 c7c6 b4b5 d7d5
1467,b1a3 a7a5 f2f3 c7c6 e2e4 b8a6 g2g3 f7f6 e1e2 a8b8 d2d4 a6c7
1468,h2h4 a7a5 b2b3 a5a4 g2g3 e7e6 c2c3 a4b3 f2f3 d7d6 d1b3 b8d7
1469,d2d3 b7b6 b1c3 h7h6 f2f4 c7c6 c3b1 e7e5 b1d2 f7f6 f4e5 f6e5
1470,d2d3 h7h5 c2c3 b7b6 c1d2 h5h4 f2f4 d7d6 b2b3 c8f5 g1f3 e7e6
1471,a2a3 g8f6 e2e3 d7d6 f2f3 b8a6 d2d3 a8b8 c2c3 a6c5 f3f4 d8d7
1472,e2e3 a7a5 f2f4 a8a6 c2c4 h7h5 g2g3 a5a4 d1f3 f7f5 f3d5 h5h4
1473,a2a3 e7e6 d2d3 f7f6 g1f3 h7h6 c1g5 c7c5 d3d4 d7d6 g5f6 g7f6
1474,b1a3 a7a5 f2f3 b7b5 e2e4 h7h5 e1e2 b8c6 c2c3 h8h6 g1h3 c6d4
1475,h2h4 e7e6 h1h3 f7f6 c2c3 g7g6 f2f4 b7b6 e1f2 b8c6 d1b3 f8c5
1476,h2h4 b7b6 b2b3 h7h5 h1h2 d7d6 h2h1 c8d7 b1a3 e7e5 d2d3 a7a6
1477,g2g4 h7h5 d2d3 b8c6 c2c3 d7d6 b1d2 e7e5 h2h3 b7b6 e2e4 c8d7
1478,a2a3 e7e6 a3a4 h7h6 f2f4 f8b4 a4a5 d8h4 g2g3 b8c6 c2c3 h4f6
1479,h2h4 h7h5 a2a3 b7b6 a1a2 b8c6 e2e3 c8b7 c2c3 d8b8 d2d3 g8h6
1480,e2e3 h7h5 f2f4 a7a5 d2d3 g8h6 b2b3 a8a6 f1e2 d7d6 f4f5 a5a4
1481,a2a3 e7e6 a3a4 e8e7 b2b4 a7a5 h2h3 b8c6 g2g4 a5b4 c1b2 g7g5
1482,f2f4 a7a6 g1f3 h7h5 e1f2 d7d6 c2c4 c8d7 f3e5 h5h4 e5g6 d7c8
1483,a2a3 c7c5 d2d4 h7h5 d4c5 a7a6 f2f3 a8a7 c2c4 d7d5 a1a2 d8c7
1484,e2e3 g7g5 f2f4 h7h6 g1e2 b8c6 g2g4 e7e5 e1f2 g8e7 f4f5 f8g7
1485,a2a3 e7e6 a3a4 f7f5 e2e4 g7g6 h2h3 f5e4 b1a3 f8e7 b2b4 b7b6
1486,b2b3 b8a6 h2h4 h7h5 g1h3 d7d5 h3f4 b7b6 g2g4 e7e5 f4e6 f7e6
1487,b1a3 a7a5 f2f3 f7f6 a1b1 c7c6 d2d3 e8f7 b2b3 c6c5 e2e3 d7d5
1488,h2h4 e7e5 c2c4 h7h5 g1f3 b7b6 f3e5 e8e7 f2f4 d7d6 e5g6 e7d7
1489,b2b3 b8a6 g2g4 f7f5 c2c3 g7g5 f1g2 a8b8 h2h4 f8g7 g2d5 d7d6
1490,a2a3 b8c6 d2d3 h7h6 c2c3 a7a5 f2f3 f7f5 c1g5 g7g6 g5h4 e7e6
1491,e2e4 b8c6 g2g4 h7h5 h2h3 g7g5 e1e2 g8h6 c2c3 h8g8 e4e5 h5g4
1492,e2e4 b8a6 d2d4 g8f6 f2f3 d7d6 a2a4 a8b8 h2h3 c8d7 d4d5 g7g5
1493,d2d4 e7e6 c1g5 d7d6 e2e4 f7f6 g2g4 e8d7 g5c1 g8e7 a2a3 g7g5
1494,e2e3 h7h5 f1b5 c7c6 b2b3 d8a5 g1e2 e8d8 e1g1 g8h6 d1e1 h6g4
1495,e2e3 a7a5 e1e2 b8c6 f2f3 e7e5 c2c3 g8e7 h2h4 d7d5 a2a4 d8d6
1496,d2d3 h7h6 a2a4 a7a5 a1a2 a8a6 c2c4 c7c5 d3d4 f7f5 d4c5 b7b5
1497,e2e3 g7g6 g1h3 b7b6 d2d3 e7e5 h3g1 f8c5 h2h3 f7f5 g1f3 f5f4
1498,b2b3 d7d6 d2d3 b8d7 b1a3 e7e6 b3b4 a7a6 e2e4 a8a7 g2g4 b7b6
1499,g1h3 e7e6 c2c4 b7b5 g2g3 f8a3 h3f4 d7d5 b2b3 f7f6 c1a3 h7h6
1500,a2a3 c7c5 d2d4 c5d4 c1g5 a7a5 g1f3 f7f6 f3h4 b8c6 h4f5 e7e5
1501,e2e3 a7a5 f1b5 a5a4 d2d3 e7e5 g2g3 f8b4 b1d2 f7f6 f2f4 e8e7
1502,h2h4 b7b5 b2b3 a7a5 g2g4 h7h6 d2d4 e7e5 f1g2 b5b4 c1b2 f7f6
1503,h2h4 b7b6 h1h3 e7e5 b2b3 d8f6 c2c3 d7d5 f2f4 f6f4 c1a3 f8a3
1504,e2e3 g7g6 b1c3 g6g5 g1h3 e7e6 g2g3 f8a3 h3f4 b8a6 f1a6 a3f8
1505,e2e3 a7a5 h2h3 e7e5 d2d4 a5a4 e1e2 d7d5 g2g4 d8h4 a2a3 b7b6
1506,h2h4 h7h5 b1c3 b7b5 b2b3 c8a6 c3e4 g7g5 e4g5 c7c5 a2a4 f8g7
1507,f2f4 b8a6 d2d4 a6b8 b2b4 d7d6 g1f3 g7g5 c2c3 e7e5 c1e3 c8g4
1508,e2e4 b8c6 g2g4 g8h6 h2h4 h6g4 c2c4 g4e3 b2b3 b7b5 h1h3 g7g6
1509,d2d3 h7h6 a2a4 b8a6 b1d2 c7c6 d2b3 b7b5 a1b1 f7f5 e2e4 c6c5
1510,h2h4 b7b6 a2a3 h7h5 e2e3 b8c6 e3e4 e7e5 d1e2 c6d4 d2d3 d4e2
1511,e2e3 a7a5 f1b5 a5a4 e1e2 g7g5 g1h3 c7c6 d2d4 h7h5 b5c6 b7c6
1512,e2e4 b8a6 a2a4 c7c6 d2d3 g8h6 b2b4 h6g8 b1a3 a8b8 c1g5 f7f6
1513,e2e3 a7a5 b2b3 a5a4 g2g3 h7h5 e1e2 g7g5 f2f4 g5f4 e3f4 c7c6
1514,h2h4 a7a6 g2g4 h7h5 b2b3 e7e5 e2e4 g7g5 d2d4 d7d6 d1f3 f7f6
1515,a2a3 g8f6 a3a4 g7g6 a4a5 h8g8 c2c3 f6h5 d2d3 e7e6 c1f4 h5f4
1516,h2h4 b7b6 g2g4 e7e5 c2c4 h7h5 b1c3 e8e7 f2f4 b8c6 f4e5 c6b4
1517,h2h4 b7b6 a2a3 b6b5 h1h2 h7h5 e2e4 a7a5 g2g3 a8a6 d1h5 h8h5
1518,e2e3 g7g6 a2a3 b8c6 d2d3 c6d4 d1f3 a7a5 e1d1 d4f3 g2f3 a8b8
1519,f2f4 h7h5 d2d3 b8a6 a2a4 e7e5 c2c3 g7g6 f4e5 f8h6 c1h6 g8h6
1520,e2e3 a7a5 e1e2 g8h6 g2g3 b8c6 f2f3 a5a4 d2d4 h8g8 b2b3 f7f5
1521,g1h3 e7e6 g2g3 g8h6 b1c3 e8e7 c3d5 e7d6 b2b3 b8a6 h3g5 d8g5
1522,d2d3 h7h6 a2a4 c7c5 b2b3 f7f6 e2e4 e7e5 d1h5 g7g6 h5g6 e8e7
1523,a2a4 f7f6 a4a5 b7b6 d2d3 e7e5 c2c3 e8e7 e1d2 h7h6 f2f3 c7c5
1524,b1a3 a7a5 f2f3 b8c6 d2d3 g8h6 h2h4 f7f6 c2c3 c6d4 c1e3 a8a6
1525,e2e4 f7f6 b2b3 c7c6 d1g4 a7a5 f1e2 d7d5 e2d1 c8g4 e4d5 d8c8
1526,a2a4 h7h5 c2c3 b7b6 a4a5 h8h6 d2d3 c7c5 a5b6 a7b6 c1h6 g8h6
1527,f2f3 e7e5 b1a3 e8e7 a1b1 d7d5 e2e4 f7f6 a3b5 c7c6 d2d4 c6c5
1528,e2e4 b8c6 g2g4 g8h6 a2a4 h6g4 e4e5 g4f2 e1f2 a7a6 c2c3 c6d4
1529,e2e3 a7a5 f1b5 h7h5 b5c6 a5a4 d1f3 h5h4 g2g3 b8c6 g1h3 e7e5
1530,b2b3 e7e5 f2f3 f8c5 g2g3 f7f5 c2c3 h7h6 d2d4 c5e7 e2e4 f5f4
1531,e2e4 b8c6 d1g4 b7b5 f1d3 c6b4 g4f3 a7a5 g2g4 g7g6 g1e2 f7f5
1532,e2e4 a7a6 b2b3 b8c6 d2d3 c6a5 f2f4 b7b6 b1d2 e7e5 d1e2 a8a7
1533,c2c3 h7h6 a2a4 g7g5 d2d3 e7e6 c1d2 f8e7 f2f4 b8a6 a4a5 b7b5
1534,e2e3 g7g6 h2h3 g8h6 f1e2 b8c6 b2b4 h6f5 c2c3 h7h5 b1a3 c6d4
1535,h2h4 b7b6 b2b3 h7h5 g1h3 f7f6 c2c3 c7c5 h3f4 a7a5 f4h3 d7d5
1536,e2e3 h7h5 f2f4 b8a6 f1a6 h8h6 g2g3 c7c6 d1f3 b7a6 e1f1 d7d6
1537,h2h4 b7b6 b2b3 h7h5 e2e3 f7f6 e3e4 f6f5 f1c4 a7a6 e1f1 d7d6
1538,e2e4 b8c6 g2g4 c6d4 b1c3 d7d6 a1b1 d4e6 e1e2 b7b6 e2e1 f7f6
1539,a2a3 g8f6 a3a4 g7g6 d2d3 a7a5 f2f3 a8a6 c2c3 e7e6 d1c2 f8b4
1540,g1f3 h7h5 f3e5 h8h6 h2h4 b7b6 b2b3 f7f5 a2a4 a7a5 d2d3 g7g6
1541,e2e3 a7a5 f1b5 h7h5 d2d4 g8f6 c2c3 h5h4 d1c2 c7c6 f2f3 g7g5
1542,a2a3 d7d6 f2f3 e7e5 d2d4 e5d4 e2e3 d8e7 g2g3 g7g5 h2h3 c8f5
1543,b1a3 a7a5 f2f3 b7b5 c2c3 a8a6 e1f2 f7f5 a3b1 g8h6 e2e3 b8c6
1544,g1f3 c7c5 h2h3 d7d6 c2c4 f7f6 e2e3 d6d5 f3h2 e8d7 g2g3 b7b5
1545,b2b3 e7e5 b1c3 f7f5 g2g3 f8c5 b3b4 g8f6 b4c5 g7g6 a1b1 f6d5
1546,e2e4 b8c6 g2g4 g8h6 a2a4 h6g4 e4e5 g7g5 g1h3 f7f6 b1a3 e7e6
1547,e2e4 b8a6 e1e2 d7d6 c2c3 e7e6 h2h3 d8h4 d1b3 b7b6 e4e5 e8d8
1548,e2e3 f7f5 a2a4 g7g6 b1c3 e7e6 g1e2 f8b4 a4a5 e8f7 e3e4 c7c6
1549,e2e3 g7g6 f2f3 g8h6 g2g4 b7b5 a2a3 b8c6 h2h3 b5b4 d2d3 h6g4
1550,f2f4 h7h6 d2d3 h8h7 e2e4 g7g5 c1d2 g5f4 g1h3 f7f5 d1c1 e7e5
1551,h2h4 b7b6 b2b3 h7h5 c1a3 d7d5 a3c5 f7f6 c2c3 b8a6 d1c1 f6f5
1552,e2e4 b8c6 g2g4 g8h6 f1c4 h8g8 h2h4 d7d6 c4d5 h6g4 d1e2 g7g5
1553,h2h4 b7b6 a2a3 d7d6 h1h3 h7h5 b2b3 c8d7 a1a2 e7e5 h3h1 d7g4
1554,e2e3 a7a5 g1f3 g7g5 g2g3 a5a4 f1b5 a8a7 f3d4 g8h6 d1f3 c7c5
1555,e2e4 b8c6 g2g4 g8h6 g1h3 h6g4 a2a4 g4f2 h3f2 a7a6 b1c3 d7d6
1556,e2e4 b8c6 g2g4 g8h6 h2h4 h6g4 g1h3 a8b8 f1g2 d7d6 a2a4 c8d7
1557,e2e4 f7f6 b2b3 c7c5 f2f4 e7e6 e1f2 e6e5 f1a6 b7a6 g1e2 g8e7
1558,e2e3 g7g6 g1h3 e7e5 f2f3 b7b6 c2c4 d7d5 b2b4 a7a6 c4d5 e8e7
1559,b1a3 g8f6 b2b4 c7c5 e2e3 c5b4 c2c4 h7h5 a3c2 g7g5 g1e2 a7a5
1560,e2e3 g7g6 c2c3 e7e6 b2b4 e6e5 c3c4 d7d5 f2f3 f8b4 g1e2 e8e7
1561,f2f4 a7a5 a2a4 b7b5 b1a3 b8a6 e2e4 h7h5 a4b5 h8h6 e4e5 c7c6
1562,e2e4 b8c6 g2g4 b7b6 h2h4 f7f6 d2d3 g8h6 b1d2 g7g6 e4e5 c6b4
1563,b1a3 a7a5 f2f3 b7b5 e2e3 c7c6 h2h3 e7e5 d2d4 g8e7 a1b1 c6c5
1564,e2e4 a7a6 d2d3 f7f6 b2b3 d7d5 c1b2 e7e5 f1e2 g7g6 g1f3 d5e4
1565,e2e3 g7g6 a2a4 f7f5 b1c3 c7c5 b2b4 e7e5 g1h3 f8d6 d2d3 c5c4
1566,a2a4 d7d6 c2c3 a7a5 f2f3 b7b5 a4b5 g7g6 a1a3 e8d7 h2h4 e7e5
1567,d2d3 b7b6 c1g5 h7h5 d1d2 c7c6 b2b3 b8a6 h2h3 f7f6 e2e4 f6g5
1568,b2b4 b7b5 g1f3 e7e6 a2a4 b8a6 f3d4 b5a4 e2e4 f8b4 d1e2 h7h5
1569,g1f3 g7g6 b1a3 c7c5 g2g4 g8h6 h2h3 c5c4 h1g1 f7f5 f3e5 h6f7
1570,e2e3 c7c5 f2f4 g7g6 h2h3 h7h5 c2c4 f7f5 g2g3 e8f7 d1f3 d8b6
1571,h2h4 b7b6 b2b3 h7h5 e2e4 f7f5 e4f5 h8h6 f1d3 d7d5 f5f6 h6f6
1572,e2e4 b8c6 g2g4 g8h6 h2h4 h6g4 a2a4 b7b6 f2f4 c8b7 d1g4 b6b5
1573,e2e4 b8c6 d2d3 g7g6 b2b3 g8h6 b1d2 d7d6 f2f3 e8d7 h2h4 h6f5
1574,a2a3 c7c5 b1c3 f7f5 e2e4 h7h5 a3a4 g7g5 a4a5 h8h7 d2d4 c5d4
1575,h2h4 b7b6 b2b3 h7h5 d2d4 d7d6 b1a3 a7a6 a1b1 e7e5 f2f3 e8e7
1576,e2e3 a7a5 f1b5 h7h5 g2g3 c7c6 d2d4 f7f5 f2f3 a5a4 d4d5 g7g5
1577,a2a3 e7e6 h2h4 d7d6 d2d3 b7b6 c1d2 g8f6 d1c1 g7g5 d2g5 c8b7
1578,h2h4 b7b6 b2b3 h7h5 h1h3 c7c6 c1b2 g7g6 b1c3 g8h6 g2g4 f8g7
1579,d2d3 b8a6 a2a3 a8b8 c2c3 e7e6 e1d2 a6c5 a3a4 g7g6 h2h4 f8e7
1580,h2h4 b7b6 c2c3 h7h5 d2d3 b8a6 d1b3 h8h6 b3d1 h6h8 c1g5 f7f6
1581,a2a3 g8f6 a3a4 g7g6 h2h4 a7a5 f2f3 c7c5 e1f2 f8g7 b2b4 e7e5
1582,e2e4 b8c6 g2g4 g8h6 h2h4 c6b8 f1h3 c7c5 d2d3 b8a6 e4e5 a6c7
1583,a2a3 c7c5 d2d4 c5d4 c2c3 a7a5 c3d4 a8a6 g2g3 h7h5 d4d5 a6e6
1584,e2e3 d7d5 f2f4 d8d6 e3e4 h7h5 e4d5 g7g6 d2d3 d6d5 g1f3 e8d8
1585,h2h4 b7b6 b2b3 d7d6 g1h3 d6d5 h3g5 h7h5 d2d3 f7f6 c1d2 b8a6
1586,h2h4 h7h5 g1h3 a7a5 g2g3 d7d6 c2c4 b7b6 f2f3 a8a6 a2a4 e7e5
1587,e2e4 f7f6 b2b3 c7c5 c2c3 e7e5 f1c4 g8e7 g1f3 b8a6 e1e2 a6c7
1588,a2a3 e7e6 h2h4 f7f6 d2d4 h7h6 e1d2 d7d6 b2b4 g7g5 g2g4 g5h4
1589,d2d3 b7b6 c1g5 f7f6 a2a3 c7c5 c2c3 e7e6 g2g3 h7h6 f1g2 a7a5
1590,a2a3 c7c5 d2d4 c5d4 g2g4 e7e5 e2e3 g8e7 e3d4 f7f6 h2h3 g7g6
1591,d2d3 b7b6 h2h3 d7d6 b1d2 e7e5 e2e3 a7a6 f2f3 d8h4 g2g3 h4g3
1592,e2e4 b8c6 g2g4 g8f6 h2h3 f6g4 f2f3 h8g8 h3g4 g7g5 e4e5 c6b4
1593,h2h4 b7b6 b1a3 g8h6 g1h3 c8b7 f2f4 f7f6 h1g1 e8f7 e2e3 f6f5
1594,h2h4 h7h5 d2d4 g7g6 b1c3 c7c6 g1f3 f8g7 a2a4 d8c7 c3b5 c6b5
1595,a2a3 g8f6 e2e3 c7c6 e1e2 g7g5 b2b4 f6d5 c2c4 h7h5 g2g4 f7f5
1596,d2d3 c7c5 d3d4 d8a5 c2c3 f7f5 g2g3 h7h5 c1f4 e8f7 b2b4 a5b6
1597,e2e3 g7g6 a2a4 b7b6 c2c4 b8a6 f2f3 f8g7 h2h3 e7e5 a4a5 c8b7
1598,b1a3 e7e6 a1b1 f7f6 g2g4 g8h6 g1f3 b7b5 a3b5 c8a6 b5d4 g7g6
1599,h2h4 b7b6 b2b3 a7a5 h4h5 d7d6 b1a3 c8g4 d2d3 f7f6 f2f3 a8a6
1600,e2e3 g7g6 d1h5 g6h5 g2g4 a7a5 e3e4 g8h6 a2a4 h5g4 e1e2 b8c6
1601,a2a3 g8f6 e2e3 c7c6 d2d3 f6h5 d1h5 g7g6 h5h4 a7a5 f2f4 c6c5
1602,g1h3 c7c5 d2d4 b7b6 e1d2 a7a5 h3g5 e7e6 g2g3 c8b7 g5f7 e8f7
1603,a2a3 c7c6 d2d3 g8f6 g2g4 f6g4 b1d2 h7h5 h2h4 b8a6 d3d4 g7g6
1604,a2a3 c7c6 b2b4 d8b6 e2e3 h7h5 a3a4 h8h6 e3e4 c6c5 h2h4 a7a6
1605,a2a3 c7c5 d2d4 c5d4 c2c3 e7e5 c3d4 g8e7 g2g4 d7d6 h2h4 b7b5
1606,e2e4 b8a6 e1e2 b7b5 e2f3 a6b4 g1e2 f7f5 b1a3 h7h5 e4f5 c7c5
1607,a2a3 g8f6 a3a4 c7c6 h2h4 g7g6 h4h5 c6c5 b1c3 h7h6 b2b4 c5c4
1608,a2a3 g8f6 a3a4 b8a6 a4a5 b7b6 c2c3 b6a5 g1f3 e7e6 e2e3 f8e7
1609,e2e3 a7a6 g2g3 e7e5 b1c3 d7d6 a1b1 h7h5 f2f3 c8f5 a2a4 d8d7
1610,a2a3 g8f6 h2h4 b8a6 a3a4 c7c5 b1c3 a6b4 h1h3 g7g5 c3a2 f6h5
1611,a2a3 c7c5 b1c3 f7f5 a3a4 e8f7 b2b4 e7e5 g1h3 a7a6 c3d5 g8e7
1612,d2d3 h7h6 a2a4 a7a5 e2e4 h8h7 b2b3 h6h5 d1e2 b8c6 a1a3 c6e5
1613,a2a3 g8f6 e2e3 c7c6 d2d3 d8c7 e1d2 h7h5 g2g4 f6g4 g1e2 c7b6
1614,d2d3 h7h5 c2c3 b7b6 c1d2 e7e5 b2b4 f8e7 d1c2 e7g5 g2g4 c7c5
1615,a2a3 a7a5 e2e3 a5a4 e1e2 d7d6 h2h3 c7c6 d2d4 e8d7 g2g4 f7f5
1616,e2e4 e7e6 b1a3 f8c5 g2g4 e8e7 d2d4 e6e5 d4c5 f7f6 a3c4 c7c6
1617,h2h4 b7b6 b2b3 h7h5 a2a4 a7a6 a4a5 g8h6 g2g4 h6g4 d2d4 d7d6
1618,a2a3 g8f6 d2d3 d7d6 c2c3 b7b6 b2b4 f6g8 e2e3 a7a6 f1e2 e7e5
1619,h2h4 b7b6 b2b3 g8f6 c2c3 d7d6 g1h3 c8d7 d1c2 f6g8 c3c4 d7c6
1620,e2e4 a7a6 d2d3 f7f6 b2b3 d7d5 g2g3 d5d4 d1f3 g7g6 c1g5 c8d7
1621,a2a3 g8f6 e2e4 c7c6 d2d3 g7g5 e4e5 b8a6 e5f6 h7h5 h2h4 a8b8
1622,e2e4 b8a6 e1e2 d7d6 b1a3 a8b8 h2h4 c7c6 h1h3 d8c7 c2c3 c8h3
1623,e2e4 a7a6 d2d3 h7h5 b2b3 b7b6 e1d2 a8a7 a2a4 f7f5 g1e2 h5h4
1624,a2a3 g8f6 e2e3 c7c6 e1e2 d7d6 b2b4 a7a5 a3a4 c8f5 c2c3 a5b4
1625,e2e3 h7h5 g2g4 h8h7 e1e2 c7c6 g4h5 g7g6 b1a3 a7a5 b2b3 g8h6
1626,h2h4 b7b6 b2b3 h7h5 a2a4 b8a6 a1a3 e7e6 a4a5 f8a3 c1a3 c8b7
1627,b1a3 a7a5 e2e3 f7f6 f1e2 a5a4 b2b4 g7g5 e2h5
1628,d2d3 b7b6 c1g5 f7f6 a2a3 d7d6 b1d2 e8d7 e2e3 a7a5 c2c3 e7e5
1629,e2e4 e7e5 g1e2 g8e7 b1c3 b8c6 g2g4 a7a5 c3d5 a8a7 d5c3 c6d4
1630,e2e3 h7h5 a2a3 c7c5 d2d4 d8b6 d4c5 g7g5 c5b6 d7d5 h2h3 g5g4
1631,e2e4 c7c5 d2d4 b8c6 e1d2 h7h5 h2h4 a8b8 d1h5 h8h5 g1e2 d8b6
1632,h2h4 b7b6 b1a3 g7g5 g1h3 c7c5 h4h5 f8h6 g2g3 e8f8 b2b3 c8b7
1633,b1a3 a7a5 f2f3 b8c6 e2e3 e7e5 c2c3 a8a7 f1b5 g7g5 d1c2 c6d4
1634,b2b3 h7h5 e2e3 h8h6 h2h4 h6b6 b1a3 f7f5 a1b1 e7e5 d2d3 f8a3
1635,a2a3 e7e6 a3a4 f8b4 h2h4 e8f8 g1h3 g7g6 h1g1 d8h4 c2c3 b4e7
1636,h2h4 h7h5 a2a3 e7e5 b2b4 d7d6 d2d3 b7b6 c1g5 c8g4 g5d8 a7a6
1637,f2f4 a7a5 a2a4 a8a7 c2c4 c7c5 h2h3 d7d5 c4d5 e7e5 f4f5 d8h4
1638,h2h4 b7b6 g1h3 e7e5 h1h2 f8a3 b1c3 d7d5 h3g1 b8d7 h4h5 g7g6
1639,e2e3 g7g5 h2h3 g8h6 f2f4 g5f4 e3f4 a7a5 g2g4 d7d6 c2c4 b7b5
1640,d2d3 a7a6 a2a3 d7d6 c2c4 h7h6 a3a4 h6h5 a1a3 c8g4 f2f3 g7g5
1641,a2a3 g8f6 d2d3 d7d6 a1a2 b7b6 c1d2 f6d7 c2c3 b8a6 f2f4 a6c5
1642,b1a3 g8f6 d2d3 b8a6 b2b4 c7c5 a3b1 c5c4 c2c3 a6c7 e1d2 d7d6
1643,a2a3 g8f6 e2e3 c7c6 c2c3 e7e5 d2d3 d8e7 a1a2 e8d8 g2g4 f6g4
1644,a2a3 g8f6 e2e3 c7c6 d2d3 e7e5 h2h4 f8b4 b1d2 b4d2 e1d2 a7a5
1645,d2d3 b8a6 a2a4 d7d6 c2c3 e7e6 e1d2 g7g6 a4a5 f8e7 g2g4 g6g5
1646,h2h4 a7a6 b1c3 d7d6 a1b1 c7c6 c3d5 c8h3 g2g3 b7b5 e2e3 c6d5
1647,b1a3 a7a5 c2c3 d7d6 f2f3 c7c6 e2e4 g8f6 d2d3 f6e4 c1d2 f7f6
1648,g1h3 c7c6 c2c4 h7h5 b2b3 b7b6 f2f3 g7g6 c1b2 f8h6 c4c5 d7d6
1649,e2e3 a7a5 b1a3 a5a4 e1e2 g7g5 g2g3 c7c5 c2c3 g8h6 f2f4 d7d6
1650,h2h4 b7b6 b1c3 f7f6 b2b3 g8h6 h1h3 c7c6 h3g3 b6b5 e2e4 b5b4
1651,h2h4 g8f6 h1h3 e7e6 b2b4 f6h5 b1a3 c7c6 c2c3 f7f6 d1c2 a7a5
1652,e2e4 a7a6 d2d3 f7f6 b2b3 d7d5 g2g4 d5d4 a2a3 e7e5 d1e2 g7g5
1653,a2a4 c7c6 d2d3 b7b5 f2f4 h7h5 a4b5 g7g6 b1d2 c8a6 g2g4 d8a5
1654,a2a3 g8f6 e2e3 c7c6 b2b4 e7e5 f1e2 f8d6 e2f3 e8f8 e1f1 d8e8
1655,f2f4 a7a5 a2a4 b8c6 h2h3 c6d4 c2c4 b7b5 e2e3 h7h5 e3d4 d7d5
1656,a2a3 g8f6 e2e3 c7c5 d2d3 a7a5 c2c3 f6h5 e3e4 b8c6 h2h3 c5c4
1657,e2e3 g8f6 d2d3 g7g5 a2a3 e7e6 h2h4 f6g8 e3e4 d7d5 c1g5 f7f6
1658,a2a3 g8f6 h2h4 b8a6 h1h3 a8b8 a3a4 h7h5 b2b3 d7d5 a1a3 b7b5
1659,a2a3 g8f6 a3a4 b8a6 a4a5 c7c6 c2c3 a8b8 d2d3 e7e6 f2f4 a6c7
1660,b1a3 h7h5 h2h4 a7a5 b2b3 f7f5 d2d4 a8a6 a3b5 e7e5 a1b1 e5e4
1661,h2h4 h7h5 a2a3 b7b6 f2f4 b6b5 e2e4 b8c6 a1a2 a7a5 g2g4 c8b7
1662,h2h4 b7b6 b2b3 h7h5 f2f3 c8b7 e2e3 b7c6 g2g3 c6d5 b1a3 e7e5
1663,a2a3 g8f6 a3a4 b7b6 a4a5 f6g8 g1h3 e7e5 c2c4 g8h6 a5b6 c7b6
1664,c2c4 h7h6 b2b4 a7a5 b1a3 a5b4 f2f3 c7c5 a1b1 e7e6 b1b3 g7g5
1665,e2e3 h7h5 g2g4 a7a5 b2b3 h8h6 g4g5 b8c6 g5h6 a8b8 b1a3 g8h6
1666,d2d3 g8h6 b2b3 a7a6 h2h4 b7b6 d3d4 a6a5 c1a3 h6g4 d4d5 c8a6
1667,e2e4 a7a6 b2b3 b7b6 a2a3 h7h5 d2d4 h5h4 g2g4 d7d6 b1d2 c8b7
1668,d2d3 h7h5 c2c3 b7b6 c1d2 g7g6 g2g3 c8b7 c3c4 c7c5 h2h4 b7h1
1669,g1h3 c7c5 d2d4 e7e5 g2g3 b7b5 c1f4 c8a6 b1d2 e5f4 a2a3 b8c6
1670,g1f3 e7e6 c2c4 b7b6 g2g3 a7a6 f1g2 g8e7 e1g1 e7g6 a2a4 a8a7
1671,h2h4 b7b6 b2b3 h7h5 d2d4 f7f5 b1a3 f5f4 f2f3 e7e5 a1b1 f8a3
1672,g1h3 g8f6 a2a4 b8c6 h3g5 f6g8 h1g1 g8h6 h2h4 a7a5 c2c3 b7b6
1673,h2h4 b8c6 h4h5 g8h6 a2a4 a7a5 b1c3 b7b6 c3d5 d7d6 d2d3 c6e5
1674,h2h4 a7a5 b2b3 c7c6 d2d4 d7d6 c1d2 c8g4 h1h3 f7f6 a2a4 e8d7
1675,a2a3 c7c5 a3a4 h7h5 d2d4 g7g6 e1d2 h8h7 h2h4 c5d4 f2f3 f8h6
1676,h2h4 b7b6 b2b3 h7h5 h1h3 f7f5 f2f4 e8f7 d2d3 c8b7 d3d4 a7a6
1677,g1f3 h7h6 f3h4 f7f5 b1c3 h6h5 b2b4 d7d6 d2d4 g7g5 f2f3 b8d7
1678,h2h4 h7h5 e2e4 a7a6 b2b3 e7e6 d2d3 g7g5 d1d2 d7d6 h4g5 f7f6
1679,h2h4 g7g6 b1c3 e7e6 b2b3 d7d5 g2g4 a7a6 f2f4 f8e7 e1f2 c7c6
1680,h2h4 b7b6 g2g3 d7d6 b2b3 c8d7 c1b2 h7h6 h1h3 g8f6 f2f4 b6b5
1681,e2e4 f7f5 g1e2 f5e4 g2g4 c7c5 h2h3 g7g6 b2b3 d8b6 f1g2 b6b5
1682,a2a3 e7e6 h2h4 d7d6 d2d3 b7b6 g2g4 e6e5 c1d2 c8g4 f2f3 h7h5
1683,h2h4 b7b6 b1a3 g8h6 e2e3 g7g5 g2g4 e7e5 d2d4 a7a6 f1h3 d7d5
1684,b2b3 c7c6 d2d3 b7b6 c1d2 f7f6 d2g5 c6c5 b3b4 b8c6 a2a4 e7e5
1685,e2e4 a7a6 b2b3 d7d6 d2d3 h7h5 c1g5 c8g4 d1g4 h5g4 a2a3 h8h6
1686,d2d3 b7b5 e2e4 a7a5 e1e2 c8a6 f2f4 h7h5 b2b3 h8h7 g2g3 h7h8
1687,e2e4 a7a6 g2g4 h7h5 d2d3 d7d6 f2f3 c8d7 c1g5 a8a7 a2a3 f7f6
1688,h2h4 b7b6 b2b3 h7h5 h1h3 c8a6 d2d4 a6c8 d1d2 d7d6 e2e4 a7a5
1689,e2e3 a7a5 b2b3 a5a4 g2g3 h7h5 f1e2 c7c6 d2d4 c6c5 b3b4 a8a6
1690,a2a3 g8f6 h2h4 f6e4 h1h3 a7a6 e2e3 d7d6 g2g4 c7c6 d2d4 a8a7
1691,b1c3 c7c6 h2h3 h7h6 c3b1 c6c5 b1a3 g7g5 g1f3 f8g7 d2d4 g7d4
1692,c2c4 b7b6 b1a3 c7c6 d2d3 h7h5 a3c2 c6c5 d3d4 a7a6 d4c5 b6c5
1693,h2h4 e7e5 d2d4 e8e7 a2a3 g8f6 h1h3 h7h5 h3f3 d7d5 d4e5 b7b6
1694,e2e4 b8c6 d2d3 g7g5 b2b3 c6d4 c1g5 d7d5 a2a3 a8b8 a1a2 a7a5
1695,h2h4 b7b6 b1a3 g8h6 h1h3 c7c6 a3c4 f7f6 b2b3 b6b5 f2f4 b5c4
1696,h2h4 e7e5 a2a3 g7g6 d2d3 a7a6 c1e3 f7f6 e1d2 d7d6 e3g5 e8d7
1697,b2b4 a7a5 b1a3 c7c6 b4a5 d7d6 e2e3 a8a5 f1e2 a5a4 g2g4 a4a3
1698,h2h4 b7b6 h1h3 e7e5 b2b4 a7a5 d2d4 h7h5 h3b3 d7d6 a2a3 b8c6
1699,b1a3 a7a5 d2d3 f7f6 e1d2 e7e6 g1f3 c7c6 d3d4 g7g5 h2h4 d8c7
1700,a2a3 g8f6 a3a4 b8a6 a4a5 h8g8 c2c3 a8b8 b1a3 e7e6 a1a2 b7b6
1701,e2e4 c7c5 b2b3 h7h5 d2d3 g7g5 f2f3 d7d6 c1g5 f7f6 e1e2 b8d7
1702,b1a3 a7a5 f2f3 b7b5 e2e4 b5b4 a1b1 a8a6 g1e2 h7h5 a3c4 d7d6
1703,h2h4 h7h5 b1c3 f7f5 c3a4 e8f7 b2b4 e7e5 a2a3 g8f6 h1h3 e5e4
1704,b2b3 b8a6 g1h3 e7e6 g2g4 g8h6 e2e3 h6g4 b1a3 b7b5 f1b5 g4e3
1705,h2h4 e7e6 a2a3 b7b6 d2d3 d7d6 c1d2 e6e5 g2g4 c8g4 f2f3 a7a5
1706,e2e3 e7e6 b1a3 g7g5 b2b4 f8b4 f1b5 b4a3 g1h3 h7h6 c1a3 c7c6
1707,d2d3 b8a6 a2a3 a8b8 c2c3 g7g6 g2g4 e7e6 h2h4 f7f6 h1h2 e8e7
1708,e2e3 g7g5 g1h3 h7h5 f2f4 a7a5 h3f2 h8h6 f1e2 g5g4 g2g3 h6h7
1709,e2e3 g7g5 g1h3 d7d6 b2b4 a7a6 f2f3 c8h3 g2h3 e7e5 e3e4 g5g4
1710,h2h4 b7b6 g2g4 h7h5 c2c4 f7f6 f2f4 d7d5 d2d3 e8d7 h1h2 a7a6
1711,h2h4 b7b6 b2b3 c7c6 f2f4 f7f6 c2c3 e7e5 h1h3 a7a5 c3c4 a5a4
1712,e2e3 g7g6 h2h3 c7c6 g2g3 h7h5 f2f3 g8h6 a2a3 h8g8 d2d4 f8g7
1713,a2a3 e7e5 f2f4 d7d6 b1c3 c7c6 d2d3 c8g4 e2e4 a7a6 a1b1 g4d1
1714,e2e4 b8c6 g2g4 g8h6 a2a4 h6g4 h2h4 g4e3 b1c3 e3d1 f1c4 g7g6
1715,a2a3 g8f6 a3a4 b7b6 a4a5 f6h5 d2d3 d7d6 b1d2 f7f6 a1a4 e7e6
1716,a2a3 c7c6 e2e3 d7d6 f1e2 h7h5 g2g4 a7a6 g4h5 c8h3 e2b5 d8d7
1717,e2e3 a7a5 a2a4 f7f6 c2c4 d7d5 b1c3 h7h5 c3d5 c8d7 a1b1 g7g5
1718,a2a3 g8h6 d2d3 c7c5 c2c3 g7g6 g2g3 d7d5 c1e3 d5d4 d1d2 d4e3
1719,a2a3 g8f6 e2e3 c7c5 d2d4 a7a5 d4c5 f6e4 h2h3 b8c6 c2c4 c6a7
1720,e2e3 a7a5 e1e2 b7b5 b1c3 h7h5 b2b3 f7f5 c3d5 g7g5 a2a4 c8b7
1721,d2d3 c7c5 d3d4 d8b6 h2h3 h7h5 b2b4 d7d6 h3h4 b8d7 a2a4 b6c6
1722,a2a3 g8f6 e2e3 c7c6 b2b4 e7e5 d2d3 f8b4 b1d2 b4d6 g2g4 d8b6
1723,a2a3 e7e6 e2e4 b8c6 g2g4 g7g5 h2h4 f8h6 d2d3 g5h4 h1h4 h6c1
1724,h2h4 b7b6 b2b3 h7h5 f2f4 b6b5 a2a4 a7a5 a4b5 f7f6 c1b2 d7d6
1725,d2d3 h7h5 f2f4 g8h6 c2c3 d7d5 c1d2 d8d6 h2h4 f7f5 g1f3 e8d7
1726,h2h4 b7b6 b2b3 h7h5 d2d4 c8b7 b1a3 a7a6 a1b1 e7e5 h1h2 f8a3
1727,c2c3 h7h6 c3c4 b8a6 h2h3 d7d5 g2g4 a8b8 a2a4 g8f6 c4d5 g7g6
1728,b1c3 c7c6 g1h3 h7h5 b2b3 h8h6 c1b2 f7f5 c3d5 c6c5 b2c3 g7g5
1729,a2a3 f7f5 h2h4 g8h6 c2c4 c7c5 d2d4 e8f7 h4h5 c5d4 b1d2 b7b5
1730,c2c4 h7h6 h2h4 g7g5 g2g3 c7c5 g1h3 f7f5 d1b3 f8g7 f1g2 e8f8
1731,a2a3 g8f6 e2e3 b7b5 g2g4 f6g4 f1e2 g7g5 b2b4 b8c6 h2h4 g4e3
1732,a2a3 g8f6 a3a4 g7g6 a4a5 c7c6 g1f3 h7h5 c2c3 f6g4 d2d3 d7d5
1733,a2a3 g8f6 e2e3 c7c6 g1f3 g7g5 f3d4 h7h5 d2d3 d8a5 b2b4 a5d5
1734,a2a3 g8f6 h2h4 d7d5 e2e3 c8f5 b1c3 h8g8 g1f3 d8d7 c3b1 d7c8
1735,a2a3 c7c5 b1c3 f7f5 a3a4 h7h5 b2b4 h8h6 h2h4 c5c4 c3e4 h6h7
1736,b2b3 b8a6 h2h4 h7h5 g2g4 d7d5 f1g2 f7f6 g2d5 d8d5 g4g5 d5h1
1737,e2e3 h7h5 b2b3 b8a6 f2f3 h5h4 g2g3 a8b8 g3h4 e7e5 d2d3 a6c5
1738,d2d3 c7c5 d3d4 b7b6 c2c3 b6b5 d4c5 c8a6 f2f3 e7e5 e2e3 g7g5
1739,d2d3 a7a6 g1f3 c7c6 d3d4 a6a5 d1d3 a8a7 e2e4 g7g5 f3g1 d7d6
1740,a2a4 b7b6 g1h3 b8c6 h1g1 c6d4 c2c3 f7f6 d1c2 g7g6 c3d4 f8g7
1741,e2e4 b8a6 f2f4 a8b8 d2d4 g7g5 e1d2 a6b4 g1e2 g8f6 c2c3 d7d6
1742,d2d3 a7a6 c2c3 d7d6 e1d2 d8d7 a2a4 c7c5 f2f3 g7g6 a4a5 h7h5
1743,e2e3 g7g6 a2a3 b8c6 d2d3 e7e6 h2h4 f7f6 c1d2 a8b8 b2b3 g8e7
1744,h2h4 b7b6 a2a3 e7e5 h1h2 f8c5 d2d4 e5d4 e2e4 a7a6 f1a6 f7f5
1745,d2d3 b8a6 g2g4 d7d6 e2e4 h7h5 d1d2 b7b6 f1g2 a6b8 d3d4 g7g5
1746,e2e3 a7a5 b1a3 e7e6 b2b3 f7f6 e3e4 e6e5 g2g3 d7d5 e4d5 a8a7
1747,e2e3 h7h5 g2g4 h8h6 b2b3 h6f6 g4h5 g7g5 f2f4 f6f5 g1h3 a7a5
1748,e2e3 h7h5 g2g3 c7c5 d2d4 b7b6 f2f4 g8h6 a2a3 c5d4 h2h4 b8c6
1749,a2a3 b8c6 d2d3 a8b8 c2c4 g7g6 c1g5 g8h6 h2h3 c6d4 b2b4 f7f6
1750,a2a3 b7b5 a3a4 b8a6 d2d3 d7d6 a4b5 g8f6 d1d2 c8d7 a1a3 d8b8
1751,a2a3 e7e5 f2f4 g8e7 h2h4 f7f6 d2d3 a7a5 f4e5 b8a6 c2c3 a6c5
1752,a2a3 e7e6 h2h4 d8f6 h1h3 f6f4 d2d4 b7b5 g2g3 f8d6
1753,d2d3 b7b6 g2g4 d7d6 b1d2 c8g4 e2e3 g4d1 d2f3 f7f5 g1h3 e7e6
1754,a2a3 c7c6 d2d3 d7d6 c1h6 a7a6 c2c4 g7h6 c4c5 c8e6 g2g3 e6d5
1755,h2h4 b7b6 a2a3 d7d6 b2b3 e7e5 a1a2 a7a6 b3b4 d6d5 d2d3 e5e4
1756,b1a3 a7a5 d2d3 f7f6 a1b1 e7e6 c2c3 c7c6 e1d2 b8a6 f2f3 f8e7
1757,h2h4 b7b6 b2b3 h7h5 d2d4 d7d6 b1a3 b8d7 b3b4 g7g5 a1b1 c7c5
1758,d2d3 a7a6 e2e4 f7f6 b2b3 g7g6 c1b2 d7d5 g2g4 e7e6 a2a3 e8f7
1759,h2h4 b7b6 b2b3 h7h5 d2d4 d7d6 b1a3 b8d7 b3b4 g7g5 a1b1 e7e5
1760,h2h4 h7h5 b1c3 a7a5 g1f3 e7e5 c3d5 b7b5 a2a4 f7f6 b2b4 e8f7
1761,h2h4 b7b5 g2g4 h7h5 g4g5 b5b4 b2b3 f7f5 d2d3 c8b7 a2a3 c7c5
1762,e2e4 e7e6 b1c3 f7f6 g2g4 h7h6 a1b1 c7c5 d2d4 g7g5 c3e2 d7d5
1763,e2e4 a7a6 d2d3 f7f6 b2b3 d7d5 a2a3 d5d4 g2g3 g7g6 g3g4 e7e6
1764,e2e3 a7a5 d2d3 e7e6 e1d2 f7f6 a2a4 b7b6 e3e4 b8a6 d3d4 c7c5
1765,e2e3 h7h5 f2f4 a7a5 g1h3 a8a6 g2g3 h5h4 f1b5 h4g3 d1f3 g3g2
1766,a2a4 g7g6 h2h4 h7h5 e2e4 a7a5 b2b4 d7d5 b4a5 a8a5 d2d3 c8e6
1767,a2a4 f7f6 a4a5 g8h6 d2d3 c7c5 c2c3 c5c4 c1h6 g7h6 g2g3 a7a6
1768,f2f4 a7a5 c2c3 b8a6 f4f5 a5a4 g1h3 d7d6 e2e4 c7c5 d2d3 b7b6
1769,b1a3 a7a5 c2c3 d7d6 g1f3 a8a6 e2e4 c7c6 f1a6 f7f6 e1e2 b8a6
1770,a2a3 g8f6 h2h4 b8a6 a3a4 c7c6 h1h3 f6g8 a1a2 a6b4 c2c3 b4a2
1771,d2d3 c7c5 d3d4 f7f5 b2b3 e7e5 e2e4 e5d4 g2g4 b8a6 g1e2 f5e4
1772,d2d3 a7a6 a2a3 e7e6 c2c4 d7d6 h2h4 b7b6 g2g4 b8c6 f1g2 a8a7
1773,a2a3 e7e6 e2e4 f7f6 e1e2 e6e5 g1f3 g8e7 f3e5 f6e5 f2f3 e7g6
1774,a2a3 b8c6 d2d3 a8b8 c1g5 g7g6 c2c3 e7e6 d1d2 f8e7 d2d1 c6d4
1775,a2a3 e7e6 h2h4 e8e7 d2d4 b7b6 h1h2 c8b7 h2h3 d7d5 h3h1 e6e5
1776,a2a3 g8f6 h2h4 d7d6 b2b4 d6d5 a3a4 b7b5 h1h3 f6g8 h3g3 h7h5
1777,e2e3 h7h5 g2g4 d7d6 f2f3 h8h7 g4h5 c7c6 b2b3 a7a6 h5h6 d8a5
1778,h2h4 b7b6 b2b3 h7h5 f2f3 d7d5 d2d4 f7f6 e1d2 b8a6 a2a4 a8b8
1779,d2d3 a7a6 a2a3 h7h5 c2c3 d7d6 h2h4 g7g6 c1g5 c8e6 g5c1 c7c6
1780,b2b3 a7a6 f2f3 c7c5 e2e3 d7d6 h2h3 h7h5 g2g3 e7e6 c2c4 e8e7
1781,h2h3 e7e5 g2g4 d7d5 g1f3 d8d6 h3h4 e5e4 d2d3 c8g4 f3e5 f7f6
1782,e2e3 g7g6 a2a4 b7b6 g1h3 e7e5 b1c3 c7c6 d2d3 f8h6 c3d5 b8a6
1783,d2d3 b8a6 e2e4 c7c6 g2g4 h7h5 b2b3 h5g4 d1e2 g8f6 c1d2 h8h2
1784,b1a3 a7a5 f2f3 b8c6 d2d3 a8a6 a1b1 c6d4 e2e3 a6a8 c2c3 f7f6
1785,h2h4 b7b5 g2g4 f7f6 g4g5 g8h6 d2d3 d7d6 c2c3 c8g4 f2f3 h8g8
1786,h2h4 b7b6 b1c3 c7c6 c3d5 c6c5 a2a4 b8c6 h4h5 a8b8 b2b3 h7h6
1787,a2a3 g8f6 h2h4 f6e4 a1a2 b8c6 c2c3 a8b8 h4h5 c6d4 b2b4 d4f5
1788,d2d3 a7a6 c2c3 d7d6 c3c4 c7c5 a2a3 b7b6 d3d4 h7h5 a3a4 g7g5
1789,e2e3 a7a5 e1e2 b7b5 e3e4 g8h6 d2d3 b8c6 e4e5 g7g5 c1g5 h8g8
1790,e2e4 a7a6 e1e2 e7e5 f2f3 d7d5 d2d3 c8h3 e4d5 d8d5 c2c3 f7f6
1791,e2e3 g7g6 g1h3 b7b6 h3f4 g6g5 f4d5 b8a6 b1c3 e7e6 g2g3 e6d5
1792,e2e3 h7h5 g2g4 g7g6 b1c3 g8h6 c3d5 c7c5 a2a4 h6g4 g1f3 c5c4
1793,a2a3 g8f6 h2h4 b8a6 a3a4 c7c6 a1a3 d8c7 a4a5 c7a5 a3c3 a5b6
1794,a2a3 e7e6 h2h4 f7f5 d2d4 g8f6 h1h3 g7g6 d4d5 e6d5 c2c4 b7b5
1795,e2e4 a7a6 d2d3 d7d5 g2g4 g7g5 c1d2 b8d7 e4d5 e7e6 c2c4 f7f6
1796,a2a3 g8f6 e2e3 c7c6 d2d3 e7e5 g2g4 f8e7 a1a2 b8a6 b2b3 e7a3
1797,e2e4 a7a6 e1e2 a6a5 f2f4 c7c6 c2c3 g7g6 b2b3 a5a4 h2h4 a4b3
1798,h2h4 f7f6 g1f3 b7b5 c2c3 h7h5 g2g3 d7d5 e2e3 a7a6 f1b5 a6b5
1799,h2h4 b7b5 g2g4 f7f6 f2f3 b5b4 b2b3 d7d5 c2c3 h7h5 f1g2 a7a6
1800,a2a4 h7h5 c2c3 d7d5 a4a5 a7a6 d2d4 e7e5 f2f3 e8e7 e1f2 c7c5
1801,e2e3 a7a5 b1c3 g8h6 c3d5 h6f5 b2b3 e7e6 f1b5 g7g5 b5c4 b8c6
1802,h2h4 b7b6 b2b3 h7h5 f2f3 f7f6 d2d4 d7d5 b3b4 a7a6 b1c3 b6b5
1803,e2e4 b8c6 g2g4 g8h6 a2a4 h6g4 h2h4 g4e3 e4e5 c6d4 d2e3 d4c2
1804,d2d3 a7a5 b2b3 g8h6 h2h4 a5a4 e2e4 f7f6 d1d2 a4b3 h1h2 b3b2
1805,a2a3 g8f6 f2f3 e7e6 b2b4 g7g6 e2e4 e8e7 h2h4 f6d5 a3a4 d5b4
1806,a2a3 g8f6 a3a4 a7a6 a4a5 d7d5 g1h3 e7e5 h3f4 f8d6 f4d5 f6d5
1807,h2h4 b7b5 g2g4 f7f6 a2a4 b5a4 b2b3 a4b3 g4g5 b8c6 g5g6 c8a6
1808,a2a3 e7e6 e2e4 b8c6 h2h3 g7g6 g2g4 a8b8 d2d3 g8e7 h3h4 f7f6
1809,a2a3 g8h6 h2h4 b8c6 d2d3 b7b6 h1h3 c8b7 e2e4 a8c8 d3d4 f7f5
1810,d2d3 h7h6 a2a4 c7c5 e2e4 h6h5 h2h4 d7d5 g2g4 g7g6 b1c3 f7f6
1811,e2e3 h7h6 h2h3 e7e6 b2b4 f8b4 c2c3 b4a5 b1a3 b8a6 f1d3 g7g5
1812,b1a3 g7g6 a1b1 d7d5 g1f3 e8d7 e2e3 b8a6 b2b4 a8b8 b4b5 h7h5
1813,a2a3 e7e6 h2h4 b7b5 a3a4 d7d5 g2g4 b8a6 a4b5 d5d4 a1a3 g7g5
1814,b1c3 c7c6 c3e4 a7a5 g2g4 d8c7 e4d6 e8d8 e2e4 b7b5 d2d3 g7g5
1815,d2d3 h7h6 c1g5 h6g5 e2e4 c7c5 f2f4 f7f6 c2c3 h8h4 g2g3 e7e6
1816,b1a3 g8f6 d2d3 d7d5 a1b1 f6e4 b2b3 a7a6 c1e3 e4c5 e3d2 e7e5
1817,d2d3 h7h5 f2f4 a7a6 c2c3 d7d6 c1d2 g8f6 d1c1 f6e4 f4f5 e7e6
1818,h2h4 b7b6 f2f3 d7d6 b2b3 e7e5 e2e3 a7a6 b1a3 c7c5 f1a6 g7g6
1819,d2d3 a7a6 e2e3 d7d6 g2g4 c8g4 f2f3 g7g6 a2a3 f8g7 b1c3 c7c6
1820,a2a3 g8f6 a3a4 b8a6 h2h4 c7c6 h1h3 d8c7 a1a3 a8b8 h3e3 d7d5
1821,e2e3 h7h5 g2g4 g7g5 d1f3 f7f5 f1b5 a7a6 g4h5 b7b6 b5a6 d7d6
1822,b1c3 c7c6 h2h3 e7e6 c3b1 a7a5 e2e4 a5a4 h3h4 f7f6 g2g4 e6e5
1823,g1h3 c7c5 d2d4 h7h5 f2f3 h8h7 e1f2 b7b6 b2b4 b6b5 c2c4 a7a6
1824,a2a3 e7e6 h2h4 a7a6 c2c4 d7d6 g2g4 d6d5 e2e4 h7h6 c4d5 c7c5
1825,e2e3 a7a5 f1b5 h7h5 b2b3 a5a4 b1c3 c7c6 c3d5 d7d6 d2d3 c6b5
1826,e2e3 g7g6 h2h3 g8h6 g1f3 f8g7 f3g1 b8a6 d2d3 c7c6 a2a4 a8b8
1827,a2a3 g8f6 h2h4 b8a6 h1h3 h7h5 b2b4 b7b5 f2f4 f6g8 h3b3 c8b7
1828,a2a3 g8f6 h2h4 b8a6 h1h3 h7h5 a3a4 f6g8 a1a2 a6b4 b2b3 b7b5
1829,f2f4 a7a5 e2e4 c7c6 d2d3 e7e6 h2h4 e8e7 h4h5 f7f6 e1e2 g8h6
1830,a2a3 g8f6 a3a4 b8a6 h2h4 h8g8 b2b4 e7e6 a1a2 e8e7 h1h2 f6d5
1831,e2e3 a7a5 e1e2 b8c6 h2h4 h7h5 f2f4 b7b5 a2a4 e7e5 a4b5 c6d4
1832,d2d3 c7c5 d3d4 b7b5 a2a4 c5c4 a4b5 f7f5 b1d2 b8a6 e2e3 g7g5
1833,f2f3 h7h5 b2b4 g7g5 h2h3 g5g4 a2a4 f7f5 d2d3 c7c6 b1a3 e7e6
1834,h2h4 b7b6 b1c3 c7c5 b2b3 h7h6 d2d4 c5d4 c3b5 c8b7 e2e4 b8c6
1835,b1a3 e7e5 b2b4 d7d6 a1b1 e8e7 a3c4 g7g5 e2e4 a7a5 g1e2 b8c6
1836,a2a3 g8f6 h2h4 h7h5 e2e3 c7c6 b2b4 f6e4 g2g4 e4f2 e1f2 h5g4
1837,a2a3 e7e6 e2e4 e6e5 f2f3 f7f6 g2g3 b8c6 d2d4 g8e7 c2c4 a8b8
1838,b1a3 a7a5 c2c3 a8a7 b2b3 c7c6 e2e3 f7f6 f2f3 a5a4 a1b1 e7e6
1839,a2a3 h7h6 e2e4 b8c6 b2b3 b7b5 a3a4 b5a4 d2d3 h6h5 d1f3 h8h7
1840,h2h4 b7b6 b2b3 h7h5 d2d4 d7d5 f2f3 c8d7 b1a3 b8a6 a1b1 d7c8
1841,a2a3 g8f6 a3a4 g7g6 b2b4 c7c6 f2f4 e7e6 e2e3 f8b4 h2h4 e8f8
1842,a2a3 e7e6 e2e4 e6e5 g2g4 g8e7 h2h4 a7a6 f2f4 f7f6 d2d3 e7g6
1843,g2g4 h7h5 h2h3 a7a6 c2c4 e7e5 d2d3 f7f6 g4h5 e8e7 a2a3 b7b5
1844,a2a3 e7e6 e2e4 f7f6 e1e2 e6e5 f2f3 f8b4 c2c3 c7c6 a3b4 e8e7
1845,d2d3 a7a6 c2c3 d7d6 c1f4 c7c5 f4e3 c5c4 e3d2 g8h6 g1f3 f7f6
1846,b1a3 d7d5 d2d3 e7e5 e2e3 a7a6 d1h5 g7g6 h5e2 g6g5 g2g4 c7c6
1847,a2a3 g8f6 h2h4 f6e4 g2g4 a7a5 h1h3 f7f5 d2d4 a5a4 h3d3 e4f2
1848,b1c3 h7h5 b2b3 h5h4 g1h3 h8h6 c3e4 a7a5 e4g3 h6h7 f2f3 b7b5
1849,a2a4 g7g5 h2h4 c7c5 e2e4 d7d5 a4a5 d8a5 a1a5 g5h4 c2c4 d5c4
1850,a2a3 g8f6 a3a4 g7g6 e2e3 e7e6 b2b3 f8b4 d1g4 f6g4 e3e4 g4f2
1851,e2e4 c7c5 d2d4 h7h5 h2h4 d7d6 e1d2 a7a6 g2g4 h8h7 g1f3 c5d4
1852,a2a3 e7e6 e2e4 e6e5 g2g4 f8c5 d2d4 f7f6 f1c4 f6f5 b1c3 g8f6
1853,a2a3 g8f6 h2h4 b8a6 h1h3 a8b8 b2b4 h7h5 a3a4 d7d5 b1c3 d5d4
1854,b1a3 g8f6 g1h3 a7a5 h3g5 f6g4 c2c4 g4f2 g5e6 c7c6 e6d8 f7f5
1855,a2a4 f7f6 a4a5 b7b6 c2c3 e7e6 d1c2 g7g5 f2f3 g5g4 e2e4 h7h6
1856,a2a3 g8f6 e2e3 c7c5 d2d3 a7a5 g2g3 h7h5 f2f3 h5h4 c2c3 a8a7
1857,a2a3 c7c6 d2d3 c6c5 b1d2 a7a5 a3a4 g7g6 d3d4 a8a7 h2h4 h7h6
1858,e2e3 a7a5 e1e2 b7b5 b2b3 b8c6 c2c3 g7g5 g2g4 g8h6 h2h4 g5h4
1859,a2a3 g8f6 h2h4 b8a6 a3a4 d7d5 c2c4 e8d7 f2f4 f6e4 h1h3 h7h5
1860,b1c3 h7h5 g1h3 c7c6 c3d5 g7g5 c2c4 c6d5 c4c5 b8c6 b2b3 e7e5
1861,h2h4 h7h5 a2a3 b7b5 e2e4 b8a6 a3a4 a6c5 b2b4 b5a4 e4e5 c5e4
1862,b1a3 h7h5 b2b4 g7g5 f2f3 g5g4 e2e3 h8h7 b4b5 f7f6 c1b2 c7c5
1863,a2a3 g8f6 h2h4 b8a6 a3a4 g7g5 c2c3 g5h4 a4a5 e7e5 g1f3 d8e7
1864,a2a3 g8f6 e2e3 c7c5 e1e2 g7g5 b2b4 f6g8 d2d4 h7h5 e3e4 d7d6
1865,a2a3 g8f6 a3a4 g7g6 a4a5 f6h5 d2d3 d7d6 h2h4 c7c5 b2b3 c8d7
1866,e2e4 c7c5 d1g4 f7f5 g4d1 h7h5 b2b4 g7g5 d2d3 d7d6 c1g5 f5f4
1867,a2a3 g8f6 a3a4 g7g6 e2e3 e7e6 e1e2 e8e7 b2b4 b7b6 f2f3 a7a5
1868,h2h4 b7b6 b1a3 b6b5 h4h5 d7d5 d2d3 e7e6 a3b5 a7a5 f2f4 c7c6
1869,h2h4 h7h5 b1c3 g8h6 g1h3 c7c6 d2d4 b8a6 c3d5 a6c7 a2a4 c6c5
1870,h2h4 b7b6 b2b3 c7c6 g2g4 b8a6 c2c3 d7d6 e2e4 c8f5 f1c4 f5d7
1871,e2e4 c7c5 g1e2 h7h5 d2d4 d7d6 e1d2 a7a5 g2g4 b7b6 e2f4 b8d7
1872,e2e4 b8c6 g2g4 g8h6 h2h4 h6g4 a2a4 g4e3 g1e2 e3d1 e2g1 d1f2
1873,h2h4 h7h5 c2c4 d7d5 d1b3 b7b5 e2e4 e7e5 c4d5 g7g5 b1c3 d8f6
1874,a2a3 b8c6 d2d3 g7g6 h2h4 f7f6 c2c4 e8f7 c1d2 f6f5 a1a2 f8h6
1875,b1a3 a7a5 d2d3 b8c6 a1b1 a8a6 f2f3 f7f6 e1d2 c6d4 b2b3 c7c6
1876,e2e3 g7g6 b1c3 g6g5 g1h3 h7h5 c3d5 h8h6 g2g3 g8f6 b2b3 f6d5
1877,a2a3 g8f6 h2h4 b8a6 h1h3 d7d6 a3a4 a8b8 b2b3 c8h3 g1h3 f6d5
1878,h2h4 h7h5 g2g3 d7d5 g1h3 b7b5 h3g5 e7e5 b2b3 f7f6 d2d3 c8g4
1879,a2a3 g8f6 e2e3 c7c5 e1e2 h7h5 g1f3 f6d5 f3e5 d8c7 b2b3 d7d6
1880,a2a3 g8f6 e2e3 c7c5 d2d3 a7a5 c2c3 h7h5 f2f4 g7g6 b2b4 f6g8
1881,e2e3 b7b6 f1c4 d7d5 f2f3 g7g5 f3f4 d5c4 g2g3 h7h5 f4g5 e8d7
1882,e2e3 a7a5 b2b3 a5a4 f1d3 a4b3 d3e2 h7h5 a2a4 h5h4 a4a5 e7e5
1883,a2a3 b8c6 d2d3 a8b8 c2c3 g7g6 f2f4 e7e6 a1a2 b8a8 h2h3 b7b6
1884,e2e4 b8a6 g2g4 a6c5 d2d4 g8f6 e1e2 b7b5 d1d2 f6e4 d4c5 e4d2
1885,h2h4 h7h5 b1c3 e7e5 a2a3 f8d6 c3d5 g8f6 d5f6 e8e7 f6h5 g7g6
1886,d2d3 b8a6 a2a3 a8b8 c1e3 g7g6 f2f3 e7e6 e3d2 g6g5 c2c4 f7f6
1887,h2h4 e7e5 a2a4 e8e7 c2c4 h7h5 b2b3 e7d6 a1a2 g7g5 e2e4 g5h4
1888,h2h4 g8f6 b2b4 c7c5 f2f3 c5b4 h1h3 f6g4 f3g4 f7f5 g4g5 e8f7
1889,f2f4 h7h6 g1f3 h8h7 e2e4 a7a5 f1d3 b8a6 d1e2 f7f5 d3a6 h6h5
1890,f2f4 a7a5 e2e4 e7e5 d2d3 f7f6 e1d2 b8c6 f4e5 g8e7 e5f6 g7f6
1891,a2a3 g8f6 h2h4 b7b5 h1h3 f6d5 a3a4 f7f6 g2g4 b5a4 f2f4 b8a6
1892,a2a3 g8f6 h2h4 b8a6 h1h3 h7h5 a3a4 f6g8 b2b4 b7b5 e2e4 a8b8
1893,a2a3 c7c5 b1c3 f7f5 a3a4 h7h6 b2b4 c5b4 c3e4 f5e4 h2h4 a7a5
1894,a2a4 e7e6 f2f4 g7g6 a4a5 b8c6 f4f5 f8b4 c2c3 c6d4 c3d4 a8b8
1895,e2e4 b8a6 d2d4 a8b8 a2a3 a6c5 c1g5 g8f6 g1e2 c5e4 f2f3 d7d6
1896,a2a3 b8c6 d2d3 a8b8 a3a4 g7g6 a4a5 e7e6 e2e3 c6d4 e3d4 h7h6
1897,h2h4 b7b6 b2b3 h7h5 g1h3 d7d5 c2c3 e8d7 h1h2 a7a6 g2g3 f7f6
1898,h2h4 b7b6 b1c3 c7c6 c3d5 g8h6 f2f4 f7f6 e2e3 e8f7 b2b3 d7d6
1899,e2e3 g7g6 a2a4 b7b6 b1c3 d7d5 b2b3 e8d7 d1e2 a7a6 c3d5 e7e6
1900,h2h4 b7b6 b2b3 h7h5 h1h2 h8h6 g2g3 f7f5 d2d3 g7g6 a2a3 e8f7
1901,a2a4 c7c6 d2d3 f7f6 a4a5 e7e5 c2c3 e8e7 f2f3 b7b6 e1d2 h7h6
1902,h2h4 b7b6 g2g4 h7h5 f2f4 d7d6 c2c4 f7f6 h1h2 d6d5 c4d5 e8f7
1903,c2c4 a7a5 g1h3 b8c6 f2f3 g8h6 b2b4 c6b8 d2d4 b7b5 a2a3 b8c6
1904,b1a3 h7h5 b2b3 a7a6 h2h4 e7e5 e2e4 g7g5 a1b1 f8c5 a3b5 g5g4
1905,h2h4 b7b6 b2b3 h7h5 d2d4 d7d5 f2f3 f7f6 e2e4 b8d7 e1e2 a8b8
1906,e2e3 b8a6 f1a6 h7h5 g2g4 h8h6 h2h4 c7c6 a6e2 b7b6 e2f3 h5g4
1907,a2a3 d7d5 d2d3 e8d7 g1f3 b7b5 f3g5 f7f6 g2g4 g8h6 f2f3 a7a5
1908,a2a3 g8f6 h2h4 b8a6 h1h3 f6d5 b2b3 b7b5 g2g3 f7f6 e2e4 a6c5
1909,b2b3 e7e6 f2f3 f8c5 g2g4 d8h4
1910,a2a3 g8h6 h2h4 b7b5 d2d4 f7f6 e1d2 a7a6 g2g3 g7g5 f2f3 c8b7
1911,e2e3 g7g6 g1h3 e7e5 f1b5 f7f6 d1h5 f8b4 b1a3 h7h6 h5g6 e8f8
1912,e2e3 g7g6 a2a3 b8c6 f2f3 e7e5 h2h4 b7b6 d2d3 a7a6 h4h5 c6b4
1913,h2h4 b7b6 b2b3 h7h5 g1h3 d7d5 d2d4 b8a6 e1d2 c8d7 h3g5 d7c6
1914,h2h4 b7b6 g2g4 h7h5 f2f4 d7d6 c2c4 b6b5 g4g5 b5c4 g1f3 a7a5
1915,h2h4 a7a5 c2c3 b7b5 f2f3 a8a7 e2e3 h7h5 d1c2 d7d5 d2d4 c7c6
1916,h2h4 h7h5 e2e4 b7b6 b2b3 c7c6 g2g4 h5g4 c2c3 g8h6 e1e2 c6c5
1917,a2a3 e7e6 d2d4 g7g5 h2h4 a7a6 a1a2 d7d6 h1h2 g5h4 h2h4 f8g7
1918,e2e3 a7a5 f1b5 a5a4 e1f1 c7c6 h2h3 g7g5 d1f3 g5g4 h3g4 c6b5
1919,a2a3 c7c5 b1c3 f7f5 a3a4 g7g5 f2f3 h7h5 b2b4 b8c6 h2h4 c5b4
1920,h2h4 b7b6 a2a3 b6b5 g2g4 f7f6 g4g5 g8h6 f2f4 c7c6 f1g2 c6c5
1921,a2a3 g8f6 h2h4 b8a6 h1h3 c7c6 a1a2 a8b8 b2b3 d8c7 f2f4 d7d6
1922,a2a3 g8f6 f2f3 b8c6 d2d3 a8b8 c2c3 f6d5 e1d2 c6d4 a3a4 g7g6
1923,f2f4 a7a5 c2c4 a5a4 d1a4 a8a4 d2d3 a4a5 h2h4 c7c5 c1e3 g8h6
1924,a2a3 g8f6 a3a4 b8a6 a4a5 c7c6 c2c3 a6c7 d2d3 b7b5 b1d2 f6d5
1925,d2d3 b8a6 c1g5 b7b5 e2e4 c7c5 d3d4 d8a5 c2c3 c8b7 d1f3 e7e5
1926,e2e3 g7g5 h2h3 e7e6 g2g3 g8e7 f1b5 g5g4 d1g4 b8c6 g4f3 c6d4
1927,a2a4 c7c6 a4a5 g8h6 d2d3 h6g4 c2c3 h7h5 f2f3 g7g6 g2g3 f8h6
1928,h2h4 b7b6 a2a3 b6b5 d2d3 a7a5 g2g4 h7h6 c2c4 f7f6 d3d4 c8b7
1929,a2a4 c7c6 a4a5 g7g6 g1h3 h7h5 c2c3 d7d6 g2g3 c8h3 f1g2 h3g2
1930,d2d4 g8f6 f2f3 a7a5 d4d5 a5a4 c2c4 b7b6 e2e3 f6g8 g1h3 f7f6
1931,a2a3 g8f6 e2e3 c7c6 d2d3 e7e5 b1d2 f8e7 g2g4 g7g5 f1g2 h7h5
1932,e2e3 a7a5 f1b5 h7h5 g2g3 a5a4 d2d4 h8h6 d1e2 h6f6 f2f4 f6f5
1933,g2g4 h7h5 e2e3 h8h6 b2b3 h5h4 c1b2 f7f5 d2d3 g7g5 a2a3 c7c5
1934,h2h4 b7b6 b2b3 d7d6 c2c4 a7a5 c4c5 c7c6 g2g3 e7e5 h1h2 b6c5
1935,a2a3 g8f6 d2d3 c7c6 g2g4 f6g4 c2c4 c6c5 h2h4 f7f5 h4h5 g7g6
1936,e2e3 a7a5 e1e2 g8h6 h2h4 b7b5 b2b3 f7f5 f2f4 d7d5 c2c3 e7e6
1937,e2e3 g7g6 a2a4 d7d5 e1e2 a7a6 b2b3 e7e5 b1c3 f7f5 a4a5 d8d7
1938,a2a3 g8f6 h2h4 c7c6 d2d3 d7d6 g2g4 c8g4 c2c4 d8b6 c4c5 b6c7
1939,a2a4 c7c6 b2b4 b7b5 a1a3 b5a4 b4b5 e7e6 g2g4 f8a3 c1a3 c8b7
1940,a2a3 g8f6 e2e3 b7b5 f1b5 c7c6 d2d3 c6b5 a3a4 f6g4 a4b5 b8a6
1941,e2e4 a7a6 b1a3 h7h5 a3b5 g7g5 a1b1 d7d6 h2h4 a6a5 d2d4 c7c6
1942,a2a3 c7c5 d2d4 c5d4 h2h3 g8f6 h3h4 b8a6 h1h3 a6c7 e2e4 d7d6
1943,a2a3 g8f6 e2e3 e7e6 g2g4 f6g4 f2f3 g7g6 h2h4 f7f5 f1h3 c7c5
1944,g1f3 h7h5 b1a3 c7c5 h2h4 f7f6 d2d4 b7b6 f3g1 c5c4 e2e4 c8a6
1945,e2e3 g7g6 a2a4 d7d5 b2b3 a7a6 c1b2 d5d4 g1f3 e7e5 e3d4 f7f6
1946,d2d3 b8a6 a2a3 a8b8 a3a4 e7e5 c2c3 d8h4 a1a2 e8d8 c1h6 d7d6
1947,e2e3 a7a5 e1e2 b7b5 a2a4 h7h5 g2g3 c7c5 c2c4 d7d5 a4b5 d5c4
1948,a2a4 c7c6 a4a5 f7f6 d2d3 e8f7 b1d2 g7g6 h2h3 b7b6 a1a2 f8g7
1949,e2e3 g7g6 a2a3 b8c6 h2h3 g8h6 a3a4 h8g8 b2b4 f8g7 f2f3 c6b4
1950,b1a3 h7h5 h2h4 a7a5 c2c3 a8a6 a3b1 b7b6 c3c4 a5a4 d1c2 e7e5
1951,e2e3 a7a5 e1e2 b7b5 a2a4 h7h5 e3e4 h8h6 b2b3 e7e5 d2d3 d8e7
1952,e2e3 c7c6 b1a3 c6c5 f2f4 h7h5 d2d3 a7a6 a1b1 d7d5 e1d2 f7f6
1953,h2h4 b7b6 b1c3 c7c6 c3d5 c6d5 g2g4 f7f6 e2e3 e8f7 d2d3 b6b5
1954,g1h3 g8f6 b1c3 b7b5 g2g3 b8a6 h3g5 h8g8 h2h4 e7e6 b2b4 f8e7
1955,f2f4 c7c6 e2e4 a7a5 g2g3 a5a4 b2b3 d7d6 d1f3 c8h3 f1b5 a4b3
1956,h2h4 h7h5 a2a3 b7b6 e2e3 b6b5 g2g4 h5g4 f2f3 f7f6 d2d4 e8f7
1957,a2a3 h7h5 h2h4 e7e5 f2f4 d7d6 d2d3 e8e7 b2b3 a7a6 a1a2 e5e4
1958,h2h4 e7e6 c2c4 f7f6 h1h3 b7b6 d1a4 c7c5 e1d1 g7g5 g2g4 f8g7
1959,h2h4 e7e5 c2c4 d7d5 g2g4 e8e7 f2f4 c8d7 h1h2 d7g4 d1b3 d5c4
1960,a2a3 a7a6 d2d3 h7h5 c2c3 d7d6 c1d2 c7c5 g1f3 g7g5 f3e5 d6e5
1961,a2a3 b7b5 a3a4 f7f6 c2c3 d7d5 d2d3 e7e6 a1a2 b8a6 a4b5 d8d6
1962,f2f4 e7e5 g1f3 d7d6 e2e3 c7c6 h2h3 e5f4 e3e4 a7a5 d2d4 d8c7
1963,a2a3 e7e5 f2f3 e8e7 e2e3 b7b6 f1c4 f7f6 g2g3 c7c5 e1e2 g8h6
1964,h2h4 b7b6 g2g4 h7h5 f2f4 d7d6 c2c4 e7e5 g4h5 b6b5 g1f3 a7a5
1965,a2a4 d7d6 c2c3 b7b6 f2f4 a7a5 d1b3 a8a7 e1f2 c8e6 f4f5 e6b3
1966,a2a4 f7f6 e2e3 b7b6 a4a5 b8a6 f2f3 e8f7 c2c3 b6a5 d1c2 c7c6
1967,a2a3 e7e6 h2h4 b7b5 d2d4 e6e5 g2g3 g8f6 d4e5 g7g6 f2f3 b8c6
1968,a2a3 a7a6 d2d3 g7g5 c2c4 d7d5 c1g5 e8d7 c4d5 h7h5 h2h3 f7f6
1969,h2h4 h7h5 a2a4 b7b6 f2f4 g8h6 g2g4 d7d6 b2b4 a7a5 h1h3 a5b4
1970,b2b4 a7a5 b1a3 a5b4 a1b1 d7d6 f2f3 e8d7 g2g3 c7c6 c2c4 b4a3
1971,e2e3 e7e6 h2h3 b7b5 f1b5 a7a6 b5c6 b8c6 c2c3 a8a7 d1f3 c6b8
1972,e2e3 g7g6 a2a3 e7e5 h2h3 g8f6 g2g4 f6g4 h3g4 f7f6 f2f3 b8c6
1973,h2h3 e7e5 a2a4 f7f6 c2c4 c7c6 g2g4 d7d5 c4d5 c6d5 h1h2 b8d7
1974,a2a3 c7c5 d2d4 h7h5 e2e3 h8h6 h2h4 c5d4 e3d4 a7a6 g1e2 h6h8
1975,h2h4 b7b6 b2b3 e7e6 c2c3 d7d6 h4h5 c7c5 e2e3 c8d7 e3e4 d7c6
1976,b1a3 a7a5 f2f3 b8c6 e2e3 f7f6 c2c3 c6b8 f1a6 a8a6 d1c2 a5a4
1977,e2e3 d7d5 f2f4 h7h5 g1f3 c8d7 g2g3 d5d4 e3d4 h8h6 f3h4 g7g5
1978,h2h4 b7b6 b1c3 c7c6 c3d5 c6d5 d2d4 f7f6 a2a4 b8c6 e1d2 a8b8
1979,e2e3 h7h6 h2h3 b8a6 a2a3 g8f6 f1a6 c7c6 a6d3 g7g5 d3e4 f6d5
1980,b1a3 h7h6 a1b1 e7e5 g2g4 a7a6 a3c4 d7d5 e2e4 d5c4 d1f3 d8d6
1981,h2h4 h7h5 a2a3 e7e5 b1c3 f8d6 b2b4 e8f8 a3a4 g8e7 e2e4 c7c6
1982,e2e3 a7a5 h2h3 a5a4 e1e2 f7f5 h3h4 d7d5 e3e4 f5e4 a2a3 b7b5
1983,a2a3 b8a6 h2h4 a8b8 d2d4 g8f6 f2f3 a6b4 h1h3 d7d6 c2c4 b4d5
1984,e2e3 e7e5 f1e2 g7g5 e2f3 a7a6 e3e4 d7d6 g1e2 g5g4 b1c3 f8h6
1985,e2e3 a7a5 b2b3 a5a4 b1c3 d7d6 d2d3 b8a6 c3b5 a4b3 a2b3 d6d5
1986,h2h4 b7b6 g1h3 g8h6 b2b3 b8c6 c1b2 c8b7 d1c1 a7a5 g2g4 d7d6
1987,a2a3 b8c6 c2c4 g8h6 d2d3 c6b4 h2h4 b4c6 h4h5 g7g6 h5g6 f7g6
1988,e2e3 a7a5 b1a3 g7g5 g2g4 a5a4 b2b4 f7f5 f1e2 f5f4 b4b5 c7c5
1989,f2f3 h7h5 b2b4 b7b5 d2d4 a7a5 c2c3 e7e5 b4a5 e5e4 e1d2 c8a6
1990,e2e3 g7g6 a2a4 d7d5 g1f3 a7a6 f1a6 e8d7 h1f1 b8a6 d1e2 d5d4
1991,f2f4 a7a5 a2a4 a8a7 f4f5 c7c5 c2c3 e7e6 e1f2 e8e7 g1f3 e6f5
1992,a2a3 g8f6 g1h3 b8a6 a3a4 d7d6 c2c3 a8b8 g2g4 d6d5 d2d3 c8d7
1993,b2b3 b8a6 h2h4 h7h5 h1h2 d7d5 e2e4 b7b6 f1d3 d8d6 h2h1 e7e5
1994,a2a3 b7b5 d2d3 h7h5 c2c3 c8a6 c3c4 b5c4 d1d2 c7c5 h2h4 d8c8
1995,b1a3 h7h5 a3b1 h5h4 g1h3 e7e5 a2a4 c7c5 g2g3 d8b6 d2d4 f7f6
1996,a2a3 b8a6 e2e3 a8b8 d2d4 e7e5 e1d2 d7d6 g2g4 f7f5 b1c3 e5d4
1997,a2a3 g8f6 a3a4 a7a6 a4a5 d7d5 h2h3 e7e5 h3h4 g7g5 h4h5 g5g4
1998,e2e3 a7a5 f2f4 e7e6 d1h5 a8a6 g2g3 e6e5 f1b5 a5a4 g1f3 b8c6
1999,e2e4 a7a6 e1e2 b8c6 d2d4 g8h6 h2h4 f7f5 f2f3 f5e4 c1h6 b7b5
2000,h2h4 b7b6 b2b3 e7e6 c2c3 f7f6 h4h5 h7h6 b1a3 d7d5 a3b5 c7c6
2001,e2e3 a7a5 f1b5 a5a4 d1f3 c7c6 g2g3 h7h5 d2d4 c6b5 g3g4 h5g4
2002,a2a3 g8f6 h2h4 h7h5 g2g4 h5g4 f2f3 b8a6 d2d4 a6b4 a3b4 f6d5
2003,a2a3 e7e6 d2d4 f7f5 c1g5 d8g5 a1a2 g8f6 h2h4 g5f4 h1h3 f4h4
2004,e2e3 g7g5 f2f4 a7a5 g2g3 g8h6 f4g5 a5a4 g5h6 h8g8 g1h3 c7c6
2005,a2a4 c7c6 d2d3 h7h5 c1g5 c6c5 h2h4 g7g6 b2b4 c5b4 d1c1 f7f6
2006,a2a3 a7a6 d2d3 h7h5 c2c4 c7c5 h2h4 g7g5 c1g5 f8h6 g2g4 e8f8
2007,a2a4 c7c6 a4a5 g7g6 c2c3 h7h5 d2d3 h8h6 g1f3 b7b6 c1h6 g8h6
2008,a2a3 e7e6 d2d4 f7f5 b2b4 g8f6 h2h4 h7h6 g2g4 g7g6 e1d2 f8b4
2009,a2a3 g8f6 a3a4 g7g5 b2b4 e7e6 c1b2 f6g4 b2h8 g4e3 d1c1 a7a5
2010,a2a3 c7c6 d2d3 b8a6 g2g4 d7d6 d3d4 a8b8 h2h4 f7f5 e1d2 d8c7
2011,h2h3 e7e5 a2a4 b7b6 b1c3 c7c6 a4a5 e8e7 a5b6 f7f6 b2b3 d7d5
2012,h2h4 h7h5 e2e4 a7a5 f2f3 b7b6 f3f4 c7c6 a2a4 a8a7 d2d4 a7c7
2013,a2a3 g8f6 h2h4 b8a6 h1h3 f6d5 h3e3 b7b5 g2g4 g7g6 d2d3 e7e6
2014,b1a3 a7a5 f2f3 b8c6 e2e3 a8a6 f1a6 c6d4 c2c3 f7f6 g2g3 d7d5
2015,a2a3 g8f6 a3a4 b8a6 a4a5 c7c6 d2d3 a6c7 c2c3 b7b5 a5b6 a7a5
2016,c2c3 h7h6 h2h3 g8f6 c3c4 c7c5 g1f3 h8h7 g2g4 h7h8 f3e5 g7g5
2017,b1a3 h7h5 a1b1 d7d5 g1f3 h8h6 c2c3 d5d4 h2h4 e8d7 d1c2 e7e5
2018,h2h4 b7b6 d2d4 d7d6 a2a3 c8d7 c2c4 g8f6 g2g4 d7g4 e1d2 d8d7
2019,a2a3 g8f6 h2h4 h7h5 a1a2 g7g5 b2b4 g5h4 g1f3 b7b5 a3a4 f6d5
2020,b1a3 a7a5 f2f3 b7b5 e2e3 f7f6 b2b3 d7d5 f1b5 b8d7 h2h4 h7h6
2021,b2b3 c7c6 g2g4 g8f6 d2d3 c6c5 a2a3 g7g5 h2h4 f6d5 c2c4 f7f5
2022,a2a3 g8f6 e2e3 c7c6 d2d3 d7d6 c2c4 c8d7 a3a4 a7a6 c4c5 f6e4
2023,a2a3 g8f6 h2h4 b8a6 a1a2 b7b5 c2c4 f6d5 d1a4 b5a4 b2b3 d7d6
2024,h2h4 b7b6 b2b3 h7h5 g2g4 h8h6 f1g2 h6h7 g4h5 c7c6 g2c6 d7c6
2025,b1a3 d7d5 d2d3 e7e5 g2g4 f7f6 b2b3 g8e7 h2h3 e7g6 h3h4 h7h5
2026,a2a3 g8f6 h2h4 h7h5 a1a2 b8c6 a3a4 f6e4 d2d4 b7b5 a4b5 c6b4
2027,a2a3 g8f6 a3a4 b8a6 h2h4 g7g5 a1a2 g5h4 b2b4 e7e6 c2c4 f8b4
2028,b1a3 c7c5 h2h3 g7g5 g2g3 h7h6 c2c4 f7f6 g3g4 e8f7 b2b4 f7e6
2029,e2e3 g7g6 f1e2 b7b6 c2c4 c7c6 a2a3 e7e6 d2d4 f8e7 g2g3 b6b5
2030,h2h4 b7b6 g2g4 e7e5 c2c4 f8c5 d2d3 d7d6 b1d2 c8g4 f2f3 c5f2
2031,a2a3 g8f6 e2e3 c7c6 f1e2 h7h5 b2b3 h8g8 a1a2 g7g5 a3a4 f8g7
2032,b1a3 a7a5 c2c3 g8h6 c3c4 f7f6 e2e3 a5a4 a3c2 c7c6 h2h3 d7d5
2033,a2a3 g8f6 h2h4 b8a6 h1h3 g7g6 a3a4 h7h5 a1a3 c7c5 b2b4 d8c7
2034,a2a3 g8f6 e2e3 c7c6 g1f3 e7e5 g2g4 f8d6 h2h4 e5e4 f3g1 d6c5
2035,e2e3 g7g5 g1h3 h7h5 a2a4 f7f5 h3g5 h8h6 b1c3 a7a5 c3d5 g8f6
2036,a2a3 c7c5 d2d4 h7h5 e1d2 c5d4 d2e1 h5h4 e2e3 a7a6 b2b3 d7d6
2037,h2h4 h7h5 d2d4 e7e5 g2g3 d7d5 e1d2 b7b5 a2a3 f8b4 c2c3 g8h6
2038,a2a3 c7c6 h2h3 d7d6 h1h2 f7f5 a3a4 e7e6 h3h4 f5f4 h2h3 e6e5
2039,a2a3 g8f6 h2h4 b8a6 h1h3 h7h5 b2b3 g7g6 d2d3 f6g4 c1d2 c7c6
2040,h2h4 b7b6 b2b3 e7e5 f2f4 d7d6 a2a3 f7f5 a3a4 a7a5 b1c3 e5f4
2041,f2f4 a7a5 g1f3 b7b5 e2e4 h7h5 e4e5 h5h4 b1a3 b5b4 c2c4 g7g5
2042,e2e3 g7g5 f2f4 h7h6 g1f3 c7c5 g2g3 h8h7 e1f2 g5f4 e3f4 d8b6
2043,h2h4 e7e5 h4h5 g7g5 d2d3 e8e7 e2e4 d7d5 h1h2 f7f6 f2f3 c7c5
2044,h2h4 b7b6 g2g4 e7e5 c2c3 d8e7 c3c4 g7g5 f2f4 d7d6 d2d3 g5f4
2045,b1a3 a7a5 f2f4 a8a6 c2c4 b7b5 g1f3 e7e6 c4b5 h7h5 e2e4 a6c6
2046,h2h4 b7b6 b2b3 g8f6 h1h3 f6g8 c2c3 h7h5 f2f4 a7a5 a2a4 f7f5
2047,h2h4 h7h5 e2e4 b7b6 d2d3 d7d6 d3d4 e7e5 g2g4 e8e7 f2f4 f7f6
2048,b2b4 a7a5 b1a3 b8c6 f2f3 e7e5 e2e3 g7g5 g2g4 a5b4 g1e2 d8e7
2049,a2a4 e7e6 b1c3 b7b6 a4a5 f7f6 c3d5 g7g6 d5c7 e8e7 d2d4 h7h6
2050,h2h4 h7h5 a2a3 b7b6 a3a4 d7d6 f2f4 e7e5 b2b3 e8e7 d2d3 c8g4
2051,a2a3 g8f6 f2f3 c7c5 d2d4 d7d6 a3a4 a7a6 a4a5 c5d4 b2b4 f6d5
2052,d2d4 f7f5 a2a4 d7d6 c2c3 a7a5 c1d2 a8a6 d4d5 c8d7 g1h3 g8f6
2053,e2e3 a7a5 f1b5 a5a4 b1c3 b8c6 g2g3 h7h5 c3d5 d7d6 a1b1 f7f5
2054,e2e4 a7a6 e1e2 b8c6 f2f3 h7h5 g2g4 a6a5 d2d4 b7b6 d4d5 g7g5
2055,a2a4 d7d6 f2f4 a7a6 c2c4 c7c6 c4c5 e7e6 g1h3 d6c5 b1c3 f8e7
2056,b1c3 c7c6 h2h3 h7h6 d2d4 c6c5 c3a4 c5d4 h3h4 g7g5 h4h5 e7e5
2057,b1a3 a7a5 f2f3 b7b5 c2c3 c7c6 e2e3 g8h6 f1b5 g7g6 d1c2 f8g7
2058,h2h4 b7b6 b1c3 c7c6 c3d5 c6d5 g2g4 b6b5 d2d4 f7f6 f1g2 e7e5
2059,a2a3 b8a6 h2h4 b7b5 h4h5 f7f6 g1f3 g7g6 d2d4 a6b8 a1a2 d7d5
2060,h2h4 h7h5 b1c3 e7e5 a2a4 g8e7 g2g3 d7d5 c3b5 e8d7 f2f4 e7g8
2061,a2a3 g8f6 h2h4 h7h5 b2b4 b8c6 a3a4 b7b6 b4b5 c8a6 f2f3 a6b5
2062,a2a4 d7d6 c2c3 a7a5 f2f3 b7b5 c3c4 d6d5 c4d5 e7e5 e2e4 b8d7
2063,e2e4 e7e5 d2d3 f8c5 b1d2 a7a6 g2g3 b8c6 g3g4 a8b8 c2c3 g8e7
2064,a2a3 b8a6 a3a4 e7e6 a4a5 f8e7 h2h4 g7g5 c2c3 b7b6 b2b3 e6e5
2065,h2h4 a7a5 h1h3 h7h5 d2d4 e7e5 h3f3 b8a6 c1g5 b7b5 g5d8 d7d6
2066,a2a4 d7d6 b1c3 a7a6 c3b1 d6d5 a4a5 e7e5 g1f3 e8e7 g2g4 h7h5
2067,a2a3 d7d5 e2e4 g7g6 d2d3 g6g5 g2g4 e7e6 c1g5 e8d7 e4d5 e6d5
2068,e2e4 c7c5 g1h3 f7f6 b2b4 e7e5 f1c4 d7d6 b4c5 b7b6 g2g3 b8d7
2069,e2e3 g7g5 f2f4 b8c6 f4f5 c6a5 g2g3 g8f6 f1c4 a5c4 d1f3 g5g4
2070,a2a3 g8f6 e2e3 c7c6 f2f4 e7e5 f4e5 d7d6 b2b3 a7a6 d2d3 f6g8
2071,b1a3 a7a5 d2d3 b8c6 g2g4 a8a6 e2e4 d7d5 a3c4 c8g4 e4d5 c6d4
2072,a2a3 c7c5 d2d4 h7h5 e1d2 g8h6 d1e1 c5d4 c2c3 d4d3 e2e4 f7f5
2073,a2a4 d7d6 h2h3 b7b6 h1h2 b8a6 f2f3 e7e5 d2d4 d8h4 g2g3 h4g3
2074,f2f4 a7a5 c2c4 a5a4 d1a4 a8a4 h2h3 d7d6 b1c3 e7e5 h3h4 c8g4
2075,b2b4 a7a5 b1a3 b8c6 g2g4 b7b6 e2e3 h7h5 b4b5 h5g4 f1e2 c6d4
2076,h2h4 b7b6 b1c3 d7d6 a2a3 c8d7 f2f4 c7c6 g2g4 h7h5 c3e4 h5g4
2077,h2h4 h7h5 a2a3 b7b6 g2g4 a7a5 e2e3 b8c6 g4g5 a8b8 g5g6 d7d5
2078,h2h4 h7h5 a2a3 b8c6 e2e4 b7b6 g2g4 a7a5 h1h3 c6d4 d2d3 a8a7
2079,a2a4 e7e5 b1c3 g7g5 h2h3 b8a6 h3h4 d7d5 h1h3 b7b6 c3d5 d8d5
2080,a2a3 c7c5 h2h4 h7h5 d2d4 c5c4 e1d2 a7a6 e2e4 d7d6 g2g4 h5g4
2081,h2h4 h7h5 a2a3 b7b6 g2g4 d7d6 e2e4 a7a6 g1h3 g7g5 f1g2 g5h4
2082,b1a3 a7a5 c2c3 a5a4 a1b1 c7c6 d2d3 b8a6 d3d4 d7d6 d1c2 f7f5
2083,g1f3 h7h5 b1a3 h8h6 h2h3 f7f5 a1b1 b7b6 d2d4 c7c5 c1h6 g8h6
2084,g1h3 c7c5 f2f3 f7f5 b1c3 g8h6 h3f4 h8g8 b2b4 c5b4 f4d3 e7e6
2085,b1c3 c7c6 d2d4 g8f6 c3d5 d8a5 c1d2 a5b6 d5b6 e7e5 d4e5 f6e4
2086,a2a3 g8f6 h2h4 b8a6 h1h3 a8b8 a3a4 h7h5 a1a3 d7d5 h3c3 c8d7
2087,d2d3 b8a6 a2a3 h7h5 e2e3 a8b8 h2h3 h5h4 g2g3 h4g3 e1e2 h8h4
2088,e2e3 g7g5 a2a3 e7e6 g2g4 f7f6 h2h4 b7b5 e3e4 h7h6 f2f3 b5b4
2089,a2a3 g8f6 e2e3 c7c6 g2g4 a7a6 d2d3 d7d6 b1c3 c8d7 a1b1 f6e4
2090,e2e3 a7a5 b2b3 g8h6 b1a3 a5a4 e3e4 h6g8 d1h5 a8a6 f1a6 b8a6
2091,h2h4 b7b6 b2b3 h7h5 e2e4 f7f5 d2d4 c7c6 b1c3 h8h6 d4d5 e7e5
2092,d2d3 b8a6 g1f3 h7h6 f3d2 e7e6 b1c3 f8e7 f2f4 h6h5 f4f5 b7b5
2093,g1f3 h7h5 b1a3 h8h6 g2g4 e7e5 g4h5 e8e7 d2d3 d7d6 c2c3 e7e8
2094,e2e3 g7g5 a2a3 c7c6 h2h3 h7h5 a1a2 f8g7 f2f3 g8f6 d2d4 b7b6
2095,e2e3 a7a5 h2h3 f7f5 f1a6 d7d6 g2g3 a5a4 h3h4 b8a6 b2b3 e7e6
2096,a2a3 g8f6 h2h4 f6g8 h1h3 b7b5 d2d3 a7a5 e2e4 h7h5 g2g3 b8c6
2097,h2h4 h7h5 e2e4 c7c5 d2d4 d8b6 e1e2 g7g5 b2b4 f7f5 e2e3 c5d4
2098,a2a3 g8f6 h2h4 h7h5 h1h3 b7b6 a3a4 c7c6 b2b4 f6g4 a1a2 g4f2
2099,a2a3 f7f6 e2e3 c7c5 d2d4 e8f7 e1d2 e7e5 h2h3 f8d6 d4e5 f6e5
2100,a2a3 d7d5 f2f3 b7b5 e2e4 g7g6 d2d3 e8d7 h2h3 a7a5 c2c4 c7c5
2101,d2d3 c7c5 b2b3 f7f6 e2e4 e7e6 d1d2 e6e5 f2f3 g8e7 h2h3 c5c4
2102,a2a3 h7h5 h2h4 b7b5 d2d3 a7a5 c1g5 a8a7 e2e4 f7f6 e1e2 d7d6
2103,a2a3 d7d5 f2f4 f7f6 g1f3 b7b5 e2e4 g8h6 f1d3 h6g4 e4d5 e8d7
2104,h2h4 h7h5 a2a4 d7d5 a4a5 b7b6 d2d3 f7f6 c1f4 e8d7 f4c7 h8h7
2105,a2a3 a7a6 d2d3 d7d6 h2h4 c7c6 c2c4 e8d7 g2g4 b7b5 c4c5 f7f5
2106,a2a3 d7d5 f2f3 b7b5 d2d4 g7g5 h2h4 e7e5 g2g4 b5b4 e1d2 d8d7
2107,a2a3 g8f6 h2h4 b8a6 h1h3 a8b8 h3h1 d7d5 e2e3 b7b6 f1a6 b6b5
2108,a2a3 d7d5 g2g4 h7h6 e2e4 e7e5 e4d5 f7f6 b1c3 b8d7 d2d3 f8e7
2109,d2d3 c7c5 d3d4 d8b6 f2f3 e8d8 b2b3 h7h5 h2h4 c5d4 e1d2 g7g6
2110,a2a3 b8c6 d2d3 a8b8 c1h6 g7g6 h6e3 e7e6 f2f3 d7d6 g2g4 h7h6
2111,a2a3 g8f6 e2e3 c7c6 b2b4 e7e5 f2f4 f8c5 b4c5 g7g6 f4e5 f6d5
2112,a2a3 g8f6 h2h4 b8a6 h1h3 d7d5 e2e3 c8h3 f1b5 c7c6 g1h3 h7h5
2113,a2a3 g8f6 h2h4 b8a6 h1h3 g7g5 b2b4 e7e6 b1c3 f6d5 d2d3 f7f6
2114,c2c3 b8c6 b2b3 h7h6 d2d3 c6b8 c1d2 f7f5 g2g4 b8c6 f1g2 e7e5
2115,a2a3 g8f6 a3a4 d7d5 a4a5 b8a6 g1f3 h7h5 f3e5 a8b8 c2c3 c8d7
2116,a2a4 c7c6 d2d3 d8c7 a1a3 e8d8 b1d2 d8e8 f2f4 b7b6 g1f3 d7d6
2117,b1a3 c7c6 h2h3 f7f6 a3c4 e7e6 b2b4 h7h6 e2e4 a7a5 g1e2 f6f5
2118,e2e3 a7a5 b2b3 h7h6 h2h3 h6h5 f2f3 f7f5 b1a3 b8c6 d2d4 c6e5
2119,a2a3 g8f6 c2c4 b7b5 h2h4 b8a6 c4b5 d7d5 d2d3 a8b8 d1c2 b8b5
2120,a2a3 g8f6 h2h4 b8c6 h1h2 f6d5 c2c3 h7h6 a3a4 c6d4 c3c4 a8b8
2121,e2e3 g7g6 h2h3 g8h6 a2a3 f8g7 f2f3 c7c6 d2d4 e8g8 g2g4 d8b6
2122,a2a3 g8f6 h2h4 b8a6 h1h3 h7h5 b2b3 d7d5 a1a2 c8f5 c2c4 d5d4
2123,a2a3 c7c5 d2d4 h7h5 g2g4 g7g5 e2e4 f7f5 h2h3 e8f7 e1d2 d8a5
2124,a2a3 c7c6 e2e3 h7h6 d2d4 g8f6 b2b4 g7g5 c2c3 f8g7 f2f3 b7b6
2125,a2a4 g7g6 h2h4 h7h5 b2b4 h8h6 a1a3 d7d5 d2d4 e7e5 c1d2 e5d4
2126,a2a3 g8f6 a3a4 b8a6 c2c3 e7e6 a4a5 f6e4 h2h4 b7b6 h1h3 a6b8
2127,g1h3 c7c5 g2g3 h7h5 c2c4 b7b6 d1b3 g8h6 f1g2 h8g8 e1g1 f7f5
2128,h2h4 h7h5 b2b4 a7a5 b1a3 b7b5 b4a5 e7e5 d2d3 a8a5 e2e4 f8a3
2129,e2e4 e7e5 g1e2 g8e7 a2a4 f7f6 b1c3 a7a5 e2d4 e5d4 g2g4 e7f5
2130,a2a3 g8f6 a3a4 f6h5 f2f3 b7b5 d2d4 f7f6 g2g3 b8c6 e1f2 h7h6
2131,e2e4 b8a6 d2d4 c7c6 g2g4 a6c7 d1d2 g8h6 h2h3 d7d6 e4e5 c8g4
2132,a2a3 b7b5 c2c4 g8f6 d2d3 b5b4 f2f3 f6e4 c1g5 d7d5 f3e4 e8d7
2133,e2e3 g7g5 a2a4 d7d6 f2f4 c8g4 g1f3 g4f5 g2g4 f5d7 f4f5 h7h5
2134,h2h4 b7b6 b2b3 h7h5 d2d4 f7f6 b1a3 d7d5 e2e4 b8d7 b3b4 g7g6
2135,a2a4 d7d6 c2c3 b7b6 h2h3 a7a5 c3c4 e7e5 f2f3 c8b7 e2e4 d8h4
2136,a2a4 e7e6 g2g4 g7g6 g1f3 h7h5 a4a5 f8g7 b2b3 d8f6 e2e4 f6a1
2137,d2d3 h7h6 a2a4 a7a5 e2e3 h8h7 b1d2 g7g5 h2h3 b8a6 f1e2 h6h5
2138,b1a3 a7a5 d2d3 b8c6 g2g4 g8h6 h2h4 h6f5 g4f5 f7f6 e2e3 e7e6
2139,h2h4 b7b6 g2g4 h7h5 a2a3 b6b5 d2d3 a7a5 f2f3 a8a6 f1h3 h8h7
2140,e2e4 a7a6 e1e2 c7c5 b2b4 g7g6 f2f3 d7d6 d2d4 b7b6 c2c3 c5d4
2141,a2a3 g8f6 e2e3 c7c6 d2d3 c6c5 a1a2 f6e4 e1e2 g7g5 f2f4 g5f4
2142,h2h4 d7d6 c2c4 h7h5 g1h3 d6d5 h1h2 c8h3 d1b3 h3e6 e1d1 e6d7
2143,a2a3 g8f6 h2h4 b7b5 a3a4 b8a6 a4a5 f6h5 c2c3 c7c6 g2g4 a6c7
2144,e2e3 e7e5 e3e4 g8e7 g1e2 f7f6 b1c3 a7a5 a1b1 e8f7 a2a3 g7g5
2145,b1a3 h7h5 a1b1 a7a5 b2b4 b8c6 g1f3 a5a4 b1b3 b7b6 d2d3 c8b7
2146,e2e3 g7g5 g1h3 h7h5 f2f4 f7f5 b2b3 a7a6 c2c3 d7d6 f4g5 c7c5
2147,e2e3 a7a5 b1c3 c7c5 a2a4 a8a7 e3e4 f7f6 f1b5 e7e5 g2g4 g8e7
2148,a2a4 d7d6 b1a3 a7a6 a4a5 c7c5 c2c4 g7g6 d2d4 c5d4 h2h4 g6g5
2149,a2a3 g8f6 e2e3 c7c6 b2b4 e7e5 g1f3 f8d6 h2h3 e5e4 a3a4 d8c7
2150,a2a3 g8f6 h2h4 h7h5 g1f3 b7b5 e2e3 b8c6 f1d3 h8g8 h1f1 g8h8
2151,a2a3 g8f6 h2h4 h7h5 g1f3 b7b5 d2d3 c8a6 g2g4 a6c8 f3g1 c7c5
2152,a2a3 a7a6 e2e3 d7d6 g2g3 c7c5 d2d3 h7h5 f2f3 h5h4 f1e2 f7f6
2153,h2h4 b7b6 g2g4 f7f6 h1h3 g7g6 a2a3 e7e6 f2f3 d8e7 d2d3 e8f7
2154,e2e3 a7a5 e1e2 b7b5 g2g3 h7h5 b2b3 d7d5 b1c3 c8b7 d2d3 h5h4
2155,e2e3 a7a5 f1b5 h7h5 b2b3 g8f6 g2g3 c7c6 b5f1 c6c5 f2f3 a8a7
2156,h2h4 h7h5 e2e4 a7a5 b2b3 b7b5 g1f3 d7d5 e4e5 f7f6 a2a4 h8h6
2157,e2e3 g7g5 g2g4 c7c5 a2a3 h7h5 h2h3 a7a5 f2f3 f8g7 d2d4 e8f8
2158,e2e3 a7a5 b2b3 a8a7 d1g4 h7h5 g4f4 c7c5 f2f3 g7g5 f4g5 d7d5
2159,a2a3 g8f6 a3a4 b7b6 c2c3 e7e6 f2f4 b8a6 d2d3 f8e7 a4a5 b6b5
2160,d2d3 a7a6 g2g3 h7h5 c2c3 d7d6 a2a3 c7c5 f2f3 c5c4 d1a4 d8d7
2161,a2a3 c7c5 h2h3 g8h6 e2e3 f7f5 g2g4 h6g4 d2d4 g4f2 e1f2 c5c4
2162,a2a3 g8f6 e2e3 c7c6 f2f4 d8c7 g1f3 a7a5 f3e5 f6e4 f1d3 a5a4
2163,a2a3 g8f6 h2h4 g7g5 d2d3 a7a6 c2c4 g5h4 c1d2 b7b5 g2g3 b8c6
2164,e2e4 b8a6 e1e2 d7d6 d2d4 e7e6 g2g4 g8e7 d1d2 g7g5 h2h4 h8g8
2165,b2b4 a7a5 b1a3 c7c6 b4a5 f7f6 e2e3 d7d5 f1e2 d8c7 g2g3 a8a5
2166,e2e3 a7a5 e1e2 g7g5 g2g3 g8h6 h2h3 f8g7 e3e4 a5a4 c2c3 e8g8
2167,a2a3 g8f6 e2e3 f6d5 h2h3 c7c5 c2c4 d5f6 f2f3 a7a5 e1f2 a8a6
2168,h2h4 h7h5 a2a3 g8f6 e2e3 h8h7 f2f3 c7c6 d2d4 d8a5 e1f2 g7g5
2169,h2h4 a7a6 a2a3 d7d6 g2g4 c8g4 f2f3 c7c5 c2c4 f7f6 d2d4 c5d4
2170,d2d3 b7b6 c1g5 d7d6 a2a3 f7f6 b2b4 e8d7 g5d2 c7c5 b4c5 d6d5
2171,h2h4 a7a6 c2c4 e7e5 a2a4 h7h5 a1a2 b8c6 g2g4 g7g5 f2f4 a8b8
2172,a2a3 g8f6 a3a4 b7b6 a4a5 f6h5 e2e3 e7e5 c2c4 a7a6 f2f3 e8e7
2173,g2g4 f7f5 d2d3 d7d5 e2e4 e7e5 e4d5 f5g4 c1h6 g7g5 b1d2 d8d5
2174,e2e3 a7a5 a2a3 a5a4 e1e2 c7c6 d2d4 d7d6 c2c4 e7e5 g1h3 d6d5
2175,e2e3 a7a5 b2b3 g7g6 b1a3 g8h6 g1f3 c7c6 g2g3 b7b5 a3b5 c6b5
2176,e2e3 a7a5 a2a4 a8a7 f1b5 g7g5 b5f1 g5g4 e1e2 h7h6 e3e4 f7f5
2177,h2h4 b7b6 b1c3 g7g5 h4g5 b8a6 b2b4 d7d6 h1h7 h8h7 a1b1 c8d7
2178,e2e3 a7a5 b2b3 a5a4 g2g3 h7h5 d1h5 h8h5 b1a3 c7c6 g1e2 b7b6
2179,d2d3 b8a6 a2a3 a8b8 c2c4 e7e5 g2g4 g7g5 c1d2 f8h6 g1h3 g8f6
2180,a2a3 g8f6 a1a2 b7b5 e2e3 a7a5 g1f3 a5a4 b2b4 g7g5 d2d3 e7e6
2181,a2a3 g8f6 a3a4 b7b6 b2b4 b8c6 f2f4 f6h5 b4b5 c8b7 b5c6 b7c6
2182,a2a3 g8f6 a1a2 b7b5 h2h4 b8a6 h1h3 d7d5 g2g4 a6b4 e2e3 a8b8
2183,c2c4 d7d5 h2h4 h7h5 c4c5 e7e5 e2e4 c8h3 a2a3 h3c8 a1a2 b8d7
2184,h2h4 b7b6 g2g4 f7f6 h1h3 g7g6 a2a3 d7d6 h3h1 a7a6 f2f3 h7h5
2185,a2a4 d7d6 g1h3 b8a6 a1a3 d8d7 b2b4 e7e5 f2f3 a8b8 g2g4 a6b4
2186,e2e3 a7a5 a2a4 a8a7 g2g4 g8f6 b2b3 g7g5 c1b2 b7b5 h2h4 a7a8
2187,b1a3 a7a5 f2f3 a5a4 e2e4 f7f5 e1e2 c7c6 d2d3 d8c7 b2b3 g8f6
2188,d2d3 h7h6 a2a4 a7a5 a1a2 c7c5 c2c4 f7f6 d3d4 c5d4 h2h3 a8a6
2189,a2a3 g8f6 h2h4 b8a6 h1h3 d7d6 d2d4 g7g5 c1g5 a8b8 g5f6 e7f6
2190,a2a3 e7e6 e2e4 f7f6 g2g4 h7h6 d1f3 g7g5 e1e2 a7a6 f3f5 e6f5
2191,e2e3 h7h5 d2d3 c7c6 b1d2 b7b5 a2a4 g7g5 e3e4 b5b4 g2g4 f8g7
2192,e2e4 a7a6 f1a6 c7c5 f2f4 f7f6 d2d3 e7e5 h2h4 d7d6 a6b7 a8a5
2193,h2h4 a7a6 c2c4 h7h5 c4c5 h8h6 b2b3 d7d5 b1c3 h6h7 a1b1 d8d7
2194,e2e3 a7a5 f2f4 e7e5 g2g3 a5a4 c2c3 c7c6 f1b5 e5f4 e1f2 a8a6
2195,a2a3 g8f6 a3a4 b7b6 e2e3 e7e5 f2f3 f6g8 c2c4 f8b4 h2h4 d7d5
2196,e2e3 a7a5 f1b5 a5a4 c2c3 a8a6 e1e2 h7h5 b1a3 h8h6 d1c2 c7c6
2197,h2h4 b7b6 b2b3 d7d6 f2f3 d6d5 e2e4 h7h5 d2d3 b8d7 e4d5 f7f6
2198,e2e4 a7a6 d2d3 b8c6 g2g4 h7h5 b1d2 d7d6 h2h3 a8a7 d1f3 f7f5
2199,a2a3 g8f6 h2h4 b8a6 h1h3 d7d6 b2b3 c8h3 b1c3 f6d7 g1h3 d7c5
2200,a2a3 g8f6 a3a4 b7b6 g1h3 b8a6 h3g1 g7g5 a4a5 f6d5 b2b3 d5b4
2201,a2a3 g8f6 a3a4 h7h6 e2e3 c7c5 b2b4 a7a5 f1e2 g7g5 g1f3 e7e6
2202,a2a3 g8f6 a3a4 e7e6 h2h4 f6e4 b1c3 f7f6 h4h5 e4g3 e2e4 g3h1
2203,a2a3 g8f6 a3a4 a7a6 a4a5 g7g5 d2d3 c7c5 c1f4 g5f4 b2b3 f6h5
2204,a2a3 e7e5 c2c4 a7a5 h2h4 b8c6 h1h2 f8d6 d2d3 h7h5 c4c5 d6c5
2205,a2a4 c7c6 b2b4 f7f6 h2h4 e7e5 a1a3 g8e7 h1h3 c6c5 f2f4 c5b4
2206,a2a3 g8f6 e2e3 c7c6 g1f3 g7g5 d2d4 f6d5 f3e5 h7h5 h2h3 d7d6
2207,h2h4 b7b6 b2b3 h7h5 h1h2 c7c6 e2e4 g7g6 d2d3 f8g7 c1g5 g8h6
2208,h2h4 a7a6 g2g4 h7h5 g1f3 b8c6 b1a3 c6b8 g4h5 g8h6 h1h3 f7f6
2209,a2a3 g8f6 e2e3 c7c6 g1f3 e7e6 g2g4 f8d6 c2c3 e6e5 g4g5 d6e7
2210,a2a3 a7a5 d2d4 g8f6 d4d5 a5a4 h2h4 e7e5 h4h5 f8d6 h1h2 d8e7
2211,e2e3 a7a5 d2d4 g8f6 e1d2 f6d5 a2a4 b8c6 g2g3 f7f6 f1h3 f6f5
2212,e2e3 a7a5 f2f3 a5a4 e1e2 c7c6 d2d4 d7d6 e3e4 e8d7 d1d3 b7b5
2213,a2a3 c7c5 h2h3 a7a5 h1h2 h7h5 c2c4 a8a7 a1a2 d8b6 g2g4 e7e5
2214,e2e3 g7g5 a2a3 e7e6 e3e4 b8a6 e4e5 a8b8 e1e2 a6c5 b2b3 d7d5
2215,a2a3 c7c6 d2d3 d8c7 c1g5 d7d6 f2f3 f7f6 d3d4 e7e5 h2h3 e8e7
2216,e2e4 a7a6 d2d3 h7h5 f2f4 h8h6 c2c3 d7d6 a2a3 c8g4 d1g4 h5g4
2217,h2h4 b7b6 b2b3 g8h6 f2f4 c8b7 c2c3 b7c6 e2e3 h6g8 f1e2 h7h5
2218,a2a3 g8f6 e2e3 c7c6 g1f3 g7g5 b2b4 f6g8 f1e2 b7b6 f3g5 f7f6
2219,e2e3 g7g5 a2a3 e7e6 g2g3 b8c6 g1h3 c6e7 h1g1 b7b5 b1c3 c8a6
2220,e2e3 h7h5 g2g4 d7d5 f1e2 c8g4 g1f3 a7a5 h1g1 f7f6 b2b3 g4f3
2221,e2e3 a7a5 d2d4 a5a4 e1e2 g8f6 a2a3 a8a6 d4d5 e7e5 g2g3 f6d5
2222,g2g3 h7h5 e2e3 f7f5 f2f3 g7g5 a2a3 c7c5 d2d4 c5d4 g3g4 h8h7
2223,h2h4 h7h5 g1f3 b7b6 d2d4 b8a6 b2b3 e7e6 a2a3 c8b7 f3g1 f8e7
2224,h2h4 b7b6 a2a3 e7e5 g2g4 g7g6 c2c4 a7a6 f1g2 f7f6 f2f3 e8e7
2225,g1h3 e7e6 b1c3 b7b5 a2a4 b8a6 g2g4 g7g5 c3e4 h7h6 h3g5 h6g5
2226,a2a4 c7c6 d2d3 f7f6 a4a5 e8f7 c1g5 e7e5 c2c3 b7b6 a5b6 a7b6
2227,e2e3 h7h5 a2a3 d7d5 h2h4 a7a5 a1a2 b7b5 e3e4 b8d7 b2b3 f7f6
2228,h2h4 b7b5 h4h5 f7f6 a2a4 c8a6 d2d3 g8h6 e2e4 h8g8 b1c3 g7g6
2229,h2h3 e7e5 b1c3 h7h6 e2e3 b8c6 g2g4 h6h5 c3e4 h5g4 a2a4 b7b6
2230,a2a3 g8f6 a3a4 b8a6 c2c3 h7h5 d2d3 d7d5 a4a5 d8d7 g2g4 h5g4
2231,a2a4 h7h6 e2e3 a7a5 g2g4 g7g6 b2b3 f7f6 h2h3 c7c5 f2f3 e7e5
2232,e2e3 a7a5 f2f4 e7e6 g2g3 a5a4 d1f3 f8e7 c2c3 d7d6 f1b5 b8d7
2233,e2e3 g7g5 a2a3 e7e6 b2b4 d8e7 c1b2 e7d6 f1e2 e6e5 e1f1 g8e7
2234,g1h3 h7h5 b2b3 a7a6 b1c3 h8h6 c1b2 d7d5 g2g4 c8g4 c3e4 h6e6
2235,a2a3 d7d5 g2g4 e8d7 e2e4 f7f6 d2d3 g8h6 c1h6 g7g5 e4d5 b8c6
2236,e2e3 g7g5 d1h5 e7e6 g2g3 g8f6 h5e2 b8c6 f2f3 f6e4 f3e4 f8e7
2237,a2a3 g8f6 a3a4 e7e6 g2g4 g7g6 g1h3 b7b5 e2e3 b8a6 a4b5 f8e7
2238,h2h4 b7b6 b2b3 d7d6 h1h3 f7f6 c2c3 e7e5 f2f4 d8e7 e1f2 c8g4
2239,e2e3 g7g6 a2a3 c7c5 b2b3 a7a6 d2d3 c5c4 g2g4 e7e5 b1d2 f7f5
2240,a2a3 g8f6 a3a4 d7d5 a4a5 e8d7 e2e3 f6h5 f1e2 e7e5 g1f3 f7f5
2241,g1f3 e7e6 c2c4 b7b6 g2g3 g8f6 f3e5 c7c5 a2a3 d8e7 d1b3 e7d6
2242,h2h4 b7b6 b2b3 h7h5 h1h2 d7d5 c2c3 b8a6 b1a3 d8d7 g1h3 e7e5
2243,g1f3 b7b5 c2c3 g8h6 b1a3 a7a5 g2g3 a8a7 a3b5 a7a6 e2e3 g7g5
2244,a2a3 g8f6 a3a4 b8a6 c2c3 h7h5 d2d3 e7e6 a4a5 g7g5 f2f4 d7d6
2245,h2h4 b7b6 a2a3 h7h5 g2g4 b6b5 e2e3 f7f6 f1c4 g7g6 d2d3 h5g4
2246,a2a3 g8f6 a3a4 d7d5 a4a5 b8a6 h2h4 a8b8 e2e3 h7h6 b2b4 c8d7
2247,e2e3 g7g6 f1e2 e7e5 b1a3 d7d5 b2b3 g6g5 g2g4 c8g4 g1f3 b8d7
2248,e2e3 e7e5 f2f3 g7g5 g1h3 b8c6 g2g4 g8e7 a2a4 f7f6 h1g1 a7a5
2249,b1a3 a7a5 e2e3 a5a4 f1e2 g7g5 g2g4 h7h5 b2b4 h8h7 a3c4 f8g7
2250,e2e3 a7a5 f2f4 a5a4 e1f2 b8a6 d1e1 d7d6 f1a6 e8d7 c2c3 a8a6
2251,e2e3 g7g5 f2f4 b8a6 e3e4 g5f4 f1a6 h7h5 g1f3 h8h6 a6b7 c8b7
2252,e2e3 g7g6 g1e2 h7h5 f2f4 h8h7 e2g1 c7c5 g2g3 d8b6 f4f5 g8h6
2253,h2h4 b7b6 b2b3 h7h5 d2d4 h8h7 b1a3 e7e6 f2f3 g7g6 c1b2 a7a6
2254,e2e3 g7g5 f2f4 a7a5 g2g3 a5a4 d1f3 g5f4 f1b5 h7h5 e3f4 f7f5
2255,g2g3 h7h5 e2e3 b8a6 g3g4 h8h6 b2b3 h5g4 a2a3 e7e6 b1c3 h6f6
2256,b1a3 h7h5 a1b1 b8c6 c2c3 a7a5 a3c2 h5h4 f2f3 e7e6 e2e4 f8b4
2257,a2a4 e7e6 e2e4 g8f6 f2f3 e8e7 f1d3 f6g8 d3a6 f7f6 a4a5 g7g6
2258,e2e3 g7g6 e1e2 f8g7 f2f3 d7d6 e3e4 e7e5 a2a4 b7b6 h2h3 h7h6
2259,h2h3 a7a6 c2c4 d7d5 f2f4 e7e5 c4d5 f7f6 a2a4 c7c6 d5d6 d8d6
2260,a2a4 e7e6 a4a5 e8e7 c2c3 f7f6 g1h3 d7d5 d1c2 d5d4 c3d4 e6e5
2261,e2e3 h7h5 g2g4 h5g4 f2f3 b8a6 a2a3 g8h6 h2h3 e7e5 f1e2 h6g8
2262,g1h3 c7c5 d2d4 b7b6 g2g3 h7h5 c2c4 g8h6 d4c5 b8c6 c1h6 c8b7
2263,h2h4 b7b5 h4h5 f7f6 b2b4 g8h6 g1f3 b8c6 d2d4 c8a6 b1a3 d7d6
2264,b1a3 g8f6 b2b4 c7c5 a1b1 c5b4 f2f3 h7h5 c2c4 f6e4 g1h3 b8c6
2265,e2e3 a7a5 f1b5 a5a4 e1f1 c7c6 g1e2 d7d6 e2g1 a4a3 c2c3 e8d7
2266,a2a4 e7e6 a4a5 e8e7 c2c3 d7d5 d2d3 e6e5 f2f3 g7g5 g2g4 b7b6
2267,e2e3 e7e5 e3e4 f8d6 g1e2 a7a5 a2a4 g8f6 h1g1 b8a6 b1a3 e8f8
2268,h2h4 a7a6 h4h5 d7d6 c2c4 c8g4 a2a4 b7b6 a4a5 d8c8 f2f3 f7f6
2269,b2b3 c7c6 d2d4 g7g6 b1a3 g8f6 g1f3 h7h6 e1d2 a7a5 d2e1 b7b5
2270,e2e4 f7f6 g1f3 a7a5 b1a3 d7d6 e4e5 c7c6 e5d6 a8a7 b2b3 a7a6
2271,a2a3 b8c6 d2d3 d7d5 b1c3 a8b8 c1d2 c6d4 d1b1 f7f6 c3d5 h7h6
2272,h2h4 h7h5 g1h3 a7a6 b2b4 d7d6 a2a3 c8g4 a3a4 d8d7 f2f4 e7e5
2273,e2e3 a7a5 f1b5 c7c6 g2g3 g8f6 f2f3 c6c5 a2a4 h7h6 e3e4 f6g8
2274,a2a3 g8f6 a3a4 b8a6 c2c3 c7c6 a1a2 f6e4 d2d3 a6c7 c1h6 e4c3
2275,e2e3 g7g5 f2f4 b8a6 e3e4 a6b4 d2d4 g8f6 d1d2 h8g8 f4g5 g8g5
2276,b1a3 g8f6 d2d3 c7c5 a1b1 f6h5 b2b3 e7e6 h2h4 f7f5 c1d2 e8e7
2277,b2b4 a7a5 b1a3 c7c6 b4a5 f7f6 d2d3 d7d5 e1d2 d8a5 c2c3 c6c5
2278,e2e4 a7a6 d2d3 g7g5 c1g5 d7d6 b2b3 c8d7 b1a3 h7h5 a1b1 c7c5
2279,h2h4 b7b6 b2b3 h7h5 d2d4 g7g5 f2f3 h8h7 e1d2 e7e5 e2e4 h7h6
2280,h2h4 h7h5 d2d4 a7a5 c1g5 a5a4 b2b3 d7d6 g5c1 g7g5 e1d2 b7b6
2281,h2h4 b7b6 b2b3 h7h6 h1h2 c7c5 g2g3 h8h7 e2e3 f7f6 g3g4 e7e5
2282,h2h4 h7h5 e2e4 b7b6 b2b3 b8a6 c1b2 e7e6 b1c3 c7c5 f1a6 c8a6
2283,e2e3 a7a5 f1b5 a5a4 e1e2 a8a5 f2f3 c7c6 h2h3 d7d6 c2c3 a5b5
2284,h2h4 b7b6 b2b3 h7h5 d2d4 h8h7 b1a3 c7c6 e2e4 f7f5 b3b4 a7a5
2285,a2a3 b8c6 d2d3 a8b8 c2c4 g7g6 h2h3 c6b4 b2b3 e7e6 d1d2 f8e7
2286,b2b4 a7a6 g1f3 a6a5 b1a3 c7c6 e2e3 g7g5 a3c4 d7d6 g2g4 c8g4
2287,a2a3 g8f6 a3a4 b8a6 a4a5 e7e5 g1f3 c7c6 f3h4 a6c7 c2c3 c6c5
2288,d2d4 g8f6 b1a3 b7b5 e2e3 e7e5 a3b1 f6d5 e1d2 b8c6 f1c4 a7a5
2289,h2h4 b7b6 a2a3 b6b5 h4h5 f7f6 c2c4 d7d5 d2d4 b5c4 g2g3 g8h6
2290,h2h4 b7b6 b2b3 h7h5 h1h2 g7g6 b1c3 h8h7 c3d5 f7f5 g2g3 c7c6
2291,h2h4 e7e5 a2a4 b7b6 g2g4 d7d6 c2c4 e8e7 b1c3 c8d7 d1b3 a7a5
2292,e2e3 e7e5 h2h3 a7a6 f2f3 b7b6 d2d3 e8e7 h1h2 f7f6 a2a3 h7h6
2293,b1a3 a7a5 d2d3 a8a6 e1d2 b8c6 e2e3 b7b5 a3b1 h7h5 a2a4 b5a4
2294,f2f3 h7h5 d2d4 g7g6 h2h3 d7d5 g2g3 h5h4 g3h4 f7f6 b2b3 b8a6
2295,a2a3 g8f6 h2h4 a7a6 g2g4 g7g5 h4g5 f6h5 f1h3 e7e6 g4h5 h8g8
2296,a2a3 g8f6 h2h4 b8a6 h1h3 d7d5 d2d4 a8b8 c1g5 h7h5 e2e4 d8d6
2297,h2h4 e7e5 a2a4 e8e7 c2c4 d7d5 b1c3 b7b6 h1h3 h7h5 c4d5 c7c6
2298,a2a3 g8f6 d2d4 b8c6 f2f3 a7a5 e2e3 c6d4 e3d4 d7d6 d4d5 c8f5
2299,a2a4 e7e6 g1h3 a7a6 b1c3 f7f6 g2g3 g7g6 c3d5 f8b4 f2f3 e6d5
2300,h2h4 b7b6 a2a3 b6b5 d2d3 g7g6 c1g5 f7f6 g2g4 f8g7 c2c4 d7d5
2301,e2e3 g7g5 h2h3 e7e6 g2g4 b8c6 a2a3 c6b4 a3b4 b7b5 c2c4 a8b8
2302,e2e3 g7g5 d1e2 b8a6 e3e4 a8b8 e2d3 d7d6 f2f4 a6b4 g1e2 a7a5
2303,e2e4 e7e5 g1e2 d7d6 b1c3 f7f6 e2g3 b7b6 f1c4 b8a6 g3h5 e8e7
2304,e2e3 g7g5 g2g4 f7f5 a2a3 h7h5 g1f3 e8f7 g4f5 f7f6 b2b3 f8g7
2305,h2h4 e7e5 c2c4 h7h5 g2g4 d7d5 f2f4 f8b4 g4g5 e8f8 d1a4 e5f4
2306,a2a4 g7g6 a4a5 d7d6 h2h3 e7e5 e2e4 c8h3 g2h3 h7h6 b1c3 c7c6
2307,h2h4 h7h5 a2a3 b7b5 d2d4 a7a5 g2g3 d7d5 f2f3 f7f6 e1d2 b8c6
2308,a2a3 g8f6 e2e3 c7c6 g1f3 e7e5 h2h4 f8d6 g2g4 e5e4 f3g1 h7h5
2309,h2h4 h7h5 b1c3 a7a5 b2b3 g7g5 h4g5 h8h7 a1b1 e7e5 c1b2 e8e7
2310,a2a3 c7c5 d2d4 e7e6 d1d3 c5c4 g2g4 g7g5 d3d2 e6e5 d2c3 e5d4
2311,a2a3 g8f6 h2h4 b8a6 h1h3 a8b8 e2e3 e7e6 d2d3 a6b4 g2g4 e6e5
2312,h2h4 e7e6 c2c4 b7b6 a2a3 g7g5 g2g4 a7a6 e2e4 f7f5 f1h3 h7h6
2313,e2e4 f7f6 b1c3 c7c5 a2a4 a7a5 f1b5 b8c6 c3b1 g8h6 b1c3 a8a7
2314,h2h4 h7h5 e2e4 a7a6 b2b4 a8a7 d2d3 b7b6 a2a3 d7d6 e1e2 c8h3
2315,h2h4 b7b6 a2a3 d7d6 g2g4 a7a5 d2d4 c8g4 f2f3 g8f6 e2e3 f6d5
2316,a2a3 g8f6 e2e3 b7b5 f1b5 c7c6 d2d3 d7d6 g1f3 c8d7 c2c4 g7g5
2317,e2e3 e7e5 f2f3 h7h6 e3e4 f7f5 g2g3 b8c6 c2c3 g7g6 a2a4 b7b6
2318,a2a3 g8f6 a3a4 b8a6 a4a5 b7b6 h2h4 b6a5 b2b3 f6d5 c2c3 f7f6
2319,a2a3 b8c6 a3a4 a7a5 c2c3 c6b8 f2f3 b7b5 e2e4 h7h5 e1e2 a8a6
2320,h2h4 b7b6 b2b3 h7h5 h1h2 g7g6 c2c3 h8h7 g2g3 e7e5 d1c2 a7a6
2321,f2f4 a7a5 c2c4 g8h6 h2h3 b7b5 c4b5 e7e5 f4e5 d8h4 g2g3 h4g3
2322,g1h3 c7c5 c2c4 h7h6 g2g3 a7a6 h1g1 f7f6 e2e3 e7e5 d1e2 g7g5
2323,b2b3 d7d6 d2d3 c8g4 f2f3 a7a6 a2a4 e8d7 e1d2 g4f5 d3d4 c7c6
2324,f2f4 a7a5 c2c4 a5a4 g1f3 c7c6 d1a4 a8a4 h1g1 b8a6 e1f2 d7d6
2325,a2a3 g8f6 h2h4 b8a6 c2c4 a8b8 d2d3 d7d5 c4d5 c8d7 c1g5 b7b5
2326,b1a3 h7h5 g1f3 b7b5 d2d4 e7e6 a1b1 g8f6 a3b5 f8b4 c2c3 c8a6
2327,g1f3 b7b5 c2c4 d7d6 c4b5 g7g6 e2e3 c7c6 g2g3 g6g5 a2a3 h7h5
2328,a2a3 g8f6 e2e3 c7c6 g1f3 g7g5 c2c3 h7h5 d2d3 f8g7 e1d2 f6e4
2329,h2h4 b7b6 b2b3 e7e5 h1h2 a7a5 c2c3 c8b7 g2g3 h7h5 g1h3 f7f5
2330,d2d3 b8a6 c2c4 d7d5 b2b3 b7b5 d1c2 c7c6 a2a4 c8d7 a4b5 h7h5
2331,b1a3 g8f6 b2b4 f6g4 d2d3 c7c5 c2c3 g4h6 c1d2 b8c6 a3c2 g7g5
2332,h2h4 b7b6 g2g4 d7d6 c2c4 c8g4 d1a4 b6b5 a4a5 a7a6 f2f3 b8c6
2333,b1c3 g8f6 h2h4 b8a6 a2a4 d7d5 a4a5 d8d6 h1h3 a8b8 c3d5 c8f5
2334,f2f4 a7a5 c2c4 a5a4 d2d3 c7c6 h2h3 e7e5 d1a4 g8f6 a4a8 e5e4
2335,c2c4 d7d5 b1c3 e8d7 d1b3 f7f6 c4c5 a7a5 d2d4 a5a4 b3a4 a8a4
2336,a2a3 c7c5 d2d4 d8c7 c2c3 b7b5 c1d2 a7a6 a3a4 c5d4 b2b4 d7d6
2337,b1a3 b8a6 g1f3 g8f6 d2d3 c7c5 h2h4 a6c7 a1b1 f6e4 c1d2 e4d2
2338,a2a3 g8f6 a3a4 c7c5 g2g3 d8c7 b2b3 f6h5 f2f4 h7h6 e1f2 a7a5
2339,c2c4 e7e5 b1c3 g8e7 h2h4 d7d5 a2a4 e8d7 c3d5 g7g5 d5c3 h7h5
2340,a2a3 g8f6 h2h4 b7b6 e2e3 c7c6 g2g4 b8a6 f1a6 c8a6 h4h5 a6f1
2341,h2h4 b7b6 b2b3 h7h5 h1h2 b8c6 h2h3 h8h6 g2g3 c8b7 h3h2 a8c8
2342,f2f4 g7g6 g1f3 g8h6 b1a3 h8g8 a1b1 d7d5 d2d3 d5d4 d1d2 e8d7
2343,e2e3 h7h5 g2g4 h5g4 a2a3 c7c5 b2b3 a7a6 d2d3 b7b6 e1d2 d7d5
2344,b1a3 a7a5 d2d3 f7f6 e1d2 d7d5 f2f3 b7b5 a3b5 h7h5 g1h3 g7g6
2345,g1h3 c7c5 c2c4 h7h6 d1b3 f7f6 h3g1 g7g5 g2g3 f6f5 b3a3 b7b5
2346,a2a4 g7g6 e2e3 e7e6 a4a5 f8b4 e1e2 h7h5 g1h3 d7d5 b2b3 d5d4
2347,a2a3 g8f6 h2h4 b8a6 e2e3 c7c6 g2g4 d8c7 d2d3 e7e5 f1g2 a8b8
2348,f2f4 a7a5 e2e4 c7c6 e1f2 g8h6 g1e2 d7d6 d2d3 b8d7 b2b3 h6g4
2349,e2e3 g7g5 a2a4 e7e5 c2c3 c7c5 e1e2 g8e7 f2f3 d8c7 e3e4 h7h5
2350,h2h4 b7b6 b1a3 g8h6 e2e3 c7c6 h4h5 g7g6 f1d3 f8g7 h5g6 h7g6
2351,e2e4 b8a6 d2d4 a8b8 d1d3 g8f6 g1e2 f6g8 d4d5 e7e5 c2c4 f8c5
2352,b1a3 a7a5 d2d3 f7f6 e1d2 d7d5 f2f3 c7c6 g2g4 a8a6 a3b1 b8d7
2353,a2a3 g8f6 e2e4 h7h6 f2f3 h6h5 h2h4 b8a6 b2b4 f6e4 f3e4 b7b6
2354,a2a3 e7e6 d2d3 g7g6 h2h4 a7a6 c2c3 f7f6 g2g4 b7b6 g1f3 c7c5
2355,h2h4 h7h6 g2g4 b7b5 f2f4 a7a5 g4g5 h6g5 h4g5 h8h1 d2d4 h1h4
2356,f2f4 a7a5 c2c4 g8h6 b1c3 b7b6 h2h3 d7d6 h3h4 f7f6 d1b3 b8a6
2357,h2h4 b7b6 b2b3 g8h6 h1h3 b8c6 g2g4 f7f5 a2a4 c8b7 g4g5 g7g6
2358,a2a4 h7h5 e2e3 b7b6 f1b5 c7c5 c2c3 c8b7 b2b4 a7a5 h2h4 b7e4
2359,e2e3 a7a5 d2d4 g8f6 a2a3 d7d6 f2f3 c8d7 c2c3 f6e4 e1e2 d7c6
2360,f2f4 a7a5 g2g4 h7h5 a2a4 a8a7 b2b4 d7d5 b4a5 g8f6 d2d3 a7a5
2361,g1f3 e7e6 b1a3 b7b5 c2c3 a7a6 e2e4 f7f5 f1d3 d7d6 a3b5 f5e4
2362,g1h3 e7e6 g2g3 b7b5 h3f4 f8e7 a2a4 b5a4 h2h4 h7h5 c2c3 b8a6
2363,e2e3 g7g5 h2h3 e7e6 g2g3 f8d6 a2a3 b8a6 f1g2 g8f6 h3h4 d6f8
2364,a2a3 b8a6 h2h4 b7b5 g2g4 f7f6 d2d3 d7d5 f2f3 a8b8 a1a2 a6b4
2365,e2e3 g7g5 f1a6 h7h5 b2b3 d7d5 a6e2 a7a6 g2g4 c8d7 h2h4 a8a7
2366,a2a3 g8f6 e2e3 c7c6 d2d4 d8c7 h2h3 g7g5 h3h4 d7d6 g2g4 c8g4
2367,a2a4 c7c6 a4a5 g7g6 d2d3 h7h5 c1g5 h8h7 b2b3 b7b6 d1d2 e7e5
2368,e2e3 a7a5 f1b5 a5a4 e1e2 g7g5 c2c3 c7c6 h2h3 h7h5 d2d4 d7d5
2369,h2h4 b7b6 b2b3 g8h6 c2c3 b8c6 g2g4 a7a5 d2d3 c6d4 c3d4 h6f5
2370,a2a3 g8f6 h2h4 b8a6 b2b4 a8b8 a3a4 d7d5 f2f3 b8a8 e1f2 c8f5
2371,e2e3 g7g5 f1e2 b8a6 b2b4 d7d5 e1f1 h7h5 a2a4 e7e6 h2h4 g5h4
2372,a2a3 a7a5 d2d3 c7c5 d3d4 b8c6 g2g3 c5d4 d1d2 g7g6 g3g4 g8h6
2373,h2h4 b7b6 b2b3 g8h6 c2c3 b8c6 h1h3 c8b7 e2e4 d8c8 a2a3 g7g6
2374,e2e3 c7c5 b2b3 a7a6 f2f3 h7h5 d2d3 d7d6 g2g3 c8h3 a2a3 h3d7
2375,a2a3 g8f6 c2c4 b8a6 d2d3 a8b8 d1d2 h7h5 d2g5 g7g6 e1d2 f6h7
2376,a2a3 g8f6 a3a4 b8a6 b2b4 a8b8 c2c3 e7e5 d2d3 f6g8 c3c4 e8e7
2377,d2d4 g8f6 c1e3 b8c6 e1d2 b7b5 a2a4 c8b7 c2c3 b5b4 d4d5 b4c3
2378,e2e4 a7a6 d2d4 a6a5 e1e2 b8c6 a2a4 c6d4 d1d4 g8h6 b2b4 h6f5
2379,e2e3 h7h5 d2d4 g7g6 b2b4 b7b6 c1d2 b8c6 b1a3 e7e5 d4d5 g6g5
2380,a2a3 g8f6 h2h4 b8a6 h1h3 a8b8 d2d4 f6d5 h3e3 d5e3 d1d3 d7d6
2381,d2d3 b7b5 a2a4 a7a5 c2c3 b5b4 g2g4 d7d6 c3b4 b8a6 e1d2 a6b4
2382,e2e3 g7g6 d2d3 g6g5 g1h3 h7h5 h3g1 d7d6 b2b3 a7a6 f2f3 b8d7
2383,a2a3 g8f6 h2h4 b8a6 e2e3 a6c5 g2g4 h8g8 d2d3 g7g5 c2c4 g5h4
2384,a2a3 c7c5 d2d4 c5d4 d1d2 h7h5 d2g5 h8h6 h2h4 e7e6 g2g3 a7a6
2385,h2h4 c7c6 h4h5 g7g6 h5g6 c6c5 d2d4 h7h5 b2b4 b7b6 d1d3 f8g7
2386,h2h4 b7b6 b1a3 h7h5 d2d4 h8h7 e2e3 a7a5 b2b3 e7e5 f2f3 a5a4
2387,a2a3 c7c6 h2h4 d7d6 d2d4 c8d7 e1d2 a7a6 g2g4 d8c8 a1a2 c6c5
2388,h2h4 b7b6 g2g4 f7f6 f2f4 d7d5 f1h3 b8a6 e2e4 a8b8 d2d3 c7c6
2389,a2a3 b8a6 h2h4 b7b5 h4h5 d7d5 d2d4 g8f6 c2c4 a8b8 a1a2 c8d7
2390,e2e3 a7a6 a2a3 c7c5 h2h3 a6a5 d2d4 c5d4 e1e2 b8c6 c2c4 d4e3
2391,g2g3 h7h5 e2e3 c7c5 f2f3 b7b6 b2b3 g8h6 f1g2 a7a6 c1b2 d7d5
2392,a2a3 c7c5 d2d4 h7h5 e1d2 d7d5 d2c3 b7b6 e2e4 a7a5 h2h4 e7e5
2393,d2d4 b7b6 g2g3 a7a5 a2a3 g8f6 e2e4 d7d6 e1e2 b8c6 g3g4 c8g4
2394,a2a3 g8f6 b1c3 b7b5 a3a4 b8a6 c3b5 d7d5 d2d3 h7h5 c2c3 f6g8
2395,a2a3 g8f6 g2g3 b8a6 e2e4 c7c6 g1f3 g7g6 g3g4 a8b8 h2h4 a6c5
2396,e2e4 c7c5 g1e2 h7h5 d2d4 g7g6 e1d2 a7a6 f2f4 d7d6 c2c3 g8h6
2397,h2h4 b7b6 b2b3 h7h5 c2c3 g7g5 g2g3 g8h6 h1h3 c7c5 e2e4 f8g7
2398,e2e3 g7g5 f2f4 a7a5 e3e4 d7d6 d2d3 c7c6 b2b3 a5a4 e1e2 c8g4
2399,d2d3 b7b6 f2f3 f7f6 a2a3 c7c5 c2c4 a7a6 d1a4 g7g6 h2h3 f8g7
2400,e2e3 e7e5 g1e2 b8c6 e3e4 a7a5 b1c3 g8e7 a2a4 g7g5 g2g4 a8a6
2401,e2e3 h7h5 b2b3 a7a6 c2c4 c7c5 a2a3 h5h4 g2g4 h4g3 d2d3 g3h2
2402,a2a3 b8a6 h2h4 b7b5 h4h5 g8f6 b2b4 d7d5 a3a4 d5d4 e2e4 g7g6
2403,a2a3 c7c5 h2h3 h7h5 f2f3 b7b6 d2d4 c5d4 e2e3 g8h6 f1d3 d4e3
2404,d2d3 a7a6 e2e4 h7h5 b2b3 b7b6 d1f3 a8a7 e1e2 h8h6 g1h3 a7a8
2405,h2h4 b7b6 g1f3 d7d6 b2b3 c8b7 c2c3 b7c6 e2e4 b8d7 f3e5 d6e5
2406,e2e4 a7a6 d2d3 h7h5 c2c3 d7d6 d1c2 c8d7 f2f3 g8h6 d3d4 h5h4
2407,a2a3 g8f6 h2h4 b7b6 h1h3 h7h5 e2e4 f6g8 g2g4 b6b5 g4h5 a7a5
2408,a2a4 e7e6 a4a5 e8e7 g1h3 g8h6 c2c4 b7b6 g2g4 e7e8 e2e3 f7f6
2409,e2e3 e7e5 c2c4 f7f5 b1c3 d8f6 g2g3 f6f7 g1e2 c7c6 h1g1 g8f6
2410,g2g3 h7h5 e2e3 b8c6 f2f3 b7b6 a2a3 c6d4 e3d4 f7f6 d2d3 d7d5
2411,e2e3 a7a5 d2d4 a5a4 e1e2 b7b5 e2d2 b5b4 f1c4 c8b7 c4f1 a4a3
2412,h2h4 b7b6 a2a4 h7h5 g2g4 h5g4 f2f4 d7d6 h1h3 c8b7 b2b3 e7e5
2413,a2a3 g8f6 a3a4 g7g5 f2f3 e7e6 b2b4 f6g8 g1h3 f8b4 c1b2 h7h6
2414,a2a3 g8f6 a3a4 e7e6 h2h4 f6g8 h4h5 d7d6 d2d4 b8a6 e1d2 g7g6
2415,b1c3 a7a6 g2g4 d7d6 a2a4 c7c6 c3d5 c8g4 a4a5 d8d7 a1a3 d7f5
2416,e2e3 h7h5 d2d4 h8h7 f2f3 a7a6 g2g4 g7g6 b2b4 f7f6 b1d2 h5g4
2417,d2d4 f7f6 e1d2 b8c6 d4d5 b7b6 a2a4 c6a5 h2h4 d7d6 f2f4 g7g5
2418,h2h4 b7b6 b1c3 d7d6 a2a3 h7h5 c3d5 c8g4 d5c7 e8d7 b2b3 g4e2
2419,h2h4 h7h5 b1c3 e7e5 a2a4 b7b6 c3d5 c7c6 b2b3 c6d5 a1a3 e8e7
2420,h2h4 h7h5 d2d3 b8a6 a2a3 c7c6 c1d2 a8b8 b2b3 b7b6 b3b4 d7d5
2421,b1a3 g8f6 d2d3 b8a6 a3c4 g7g5 f2f3 b7b5 h2h4 g5h4 h1h4 c7c5
2422,e2e3 a7a5 f2f3 g8h6 b2b3 g7g6 b1a3 c7c5 e3e4 a8a7 g1e2 h8g8
2423,d2d4 f7f5 e1d2 e7e5 a2a4 h7h6 b1a3 g7g5 a1b1 c7c5 e2e4 e5d4
2424,a2a3 g8f6 f2f3 a7a6 e2e3 c7c6 g2g3 d8c7 b2b3 e8d8 c1b2 d7d6
2425,h2h4 h7h5 d2d4 e7e5 g2g3 b7b6 f2f3 f7f6 d4e5 e8e7 a2a3 a7a6
2426,h2h4 b7b6 b2b3 d7d6 c2c4 e7e5 c1b2 h7h5 g2g4 c8b7 f1g2 b8d7
2427,a2a4 h7h5 a4a5 g7g6 e2e3 f8g7 c2c3 h8h7 d2d3 e7e6 b1d2 g8h6
2428,f2f3 h7h5 g1h3 d7d5 b1c3 e8d7 b2b4 e7e5 h3g1 h5h4 a2a4 d5d4
2429,h2h4 b7b6 b2b3 d7d6 a2a3 c8d7 h1h3 d7h3 c2c4 h3c8 d2d4 h7h5
2430,e2e3 g7g5 g2g3 e7e5 a2a3 f8g7 h2h3 g8f6 f2f3 b7b5 h3h4 e8g8
2431,g1h3 e7e6 g2g3 b7b5 a2a4 b5a4 c2c3 f8d6 e2e4 h7h6 h3f4 d6e7
2432,d2d4 f7f6 e1d2 e7e5 h2h4 g7g5 f2f3 g8e7 a2a4 f8g7 h4g5 d7d5
2433,d2d3 b8a6 e1d2 e7e6 f2f3 b7b5 e2e4 f7f6 h2h4 b5b4 g2g4 g8h6
2434,f2f3 h7h5 b2b4 b8c6 g1h3 b7b6 b4b5 c6d4 c2c4 f7f5 c1b2 e8f7
2435,e2e3 a7a5 d2d4 e7e6 g2g3 b7b6 f1b5 b8c6 d4d5 c8b7 c2c4 g8e7
2436,e2e3 a7a5 e1e2 b7b5 c2c3 g8h6 b1a3 c7c5 h2h4 c8b7 f2f3 h6g8
2437,e2e3 a7a5 c2c3 a8a7 e3e4 c7c5 e1e2 g8h6 d2d4 g7g5 f2f3 f7f6
2438,h2h4 b7b6 b1c3 d7d6 g1h3 c8g4 h1g1 b8d7 a2a4 e7e6 c3d5 d8f6
2439,d2d4 a7a6 e1d2 d7d5 e2e4 e8d7 h2h4 h7h6 g2g4 g7g6 d2e1 d5e4
2440,h2h4 e7e6 h4h5 d7d5 f2f4 d8d6 e2e4 b8c6 e4d5 e6e5 f4e5 c6e5
2441,a2a3 f7f5 d2d3 c7c5 e2e4 g8f6 c1g5 f6g4 e1e2 f5f4 b2b3 b8c6
2442,a2a3 g8f6 a3a4 g7g6 a4a5 e7e6 h2h4 e6e5 c2c3 e8e7 h1h3 g6g5
2443,h2h4 b7b6 g2g4 d7d5 h1h2 b6b5 e2e4 h7h5 g4g5 a7a5 g1f3 d5e4
2444,h2h4 b7b6 b2b3 d7d6 h4h5 c8f5 f2f3 f5g4 e2e3 b8d7 b1a3 g7g5
2445,e2e3 g8f6 f1e2 c7c6 b1a3 e7e5 b2b4 f6h5 a1b1 d8e7 h2h4 h5g3
2446,a2a4 e7e6 g1f3 f8e7 f3g1 h7h5 h2h4 g7g6 a4a5 e7b4 c2c3 c7c6
2447,d2d4 f7f5 e1d2 e7e5 f2f3 h7h6 h2h3 f8b4 c2c3 b4d6 d4e5 d6f8
2448,e2e3 f7f6 d1g4 b7b6 g4d1 a7a5 f1d3 g8h6 c2c3 e7e6 d3f5 g7g5
2449,h2h4 b7b6 b1c3 d7d6 c3d5 c8d7 a2a4 c7c6 a4a5 b6a5 d2d4 d7h3
2450,h2h3 b7b5 g2g4 h7h5 c2c4 d7d5 c4d5 h8h6 d2d4 h5g4 f2f3 d8d5
2451,a2a3 b8a6 e2e3 a6c5 d2d3 g7g6 c2c4 e7e6 h2h4 f7f5 g2g3 g8e7
2452,b2b4 a7a5 b1a3 c7c6 b4a5 e7e5 c2c4 g7g5 d2d4 a8a7 c1g5 d7d6
2453,h2h4 b7b6 g1h3 d7d6 c2c4 a7a5 g2g4 a8a6 h1g1 h7h5 g4h5 e7e5
2454,d2d4 b7b6 b1d2 a7a5 e2e4 b8c6 g2g4 g7g5 c2c3 c8b7 h2h3 c6d4
2455,h2h4 b7b6 b2b3 g7g6 d2d4 c7c6 g2g4 g8h6 d4d5 b8a6 d1d2 a6c7
2456,a2a4 c7c6 d2d3 b7b6 a4a5 h7h5 b1d2 h8h6 a5b6 c6c5 a1b1 a7b6
2457,a2a3 b8a6 e2e3 a8b8 d2d4 g8f6 e1e2 d7d6 c2c3 e8d7 f2f3 g7g5
2458,h2h3 e7e5 f2f4 a7a5 a2a4 b7b6 c2c4 d8h4 g2g3 h4g3
2459,a2a3 b8a6 f2f3 c7c5 a3a4 h7h6 c2c3 a6c7 a1a2 b7b5 d2d4 b5a4
2460,e2e3 g7g5 f2f4 e7e5 g1f3 b8c6 f3e5 g8e7 f4f5 c6e5 b1a3 f8h6
2461,d2d4 c7c5 h2h4 b7b6 b1d2 b8c6 a2a3 c5c4 h4h5 c4c3 f2f4 c3b2
2462,d2d4 f7f5 a2a4 g7g6 a4a5 e7e6 c1f4 f8e7 c2c3 e8f8 h2h4 d8e8
2463,a2a3 b8c6 f2f4 g8f6 e2e4 e7e6 f4f5 e6e5 h2h4 f6e4 g2g4 g7g5
2464,a2a3 g8f6 h2h4 b8a6 h1h3 a8b8 h3f3 d7d5 d2d4 b7b5 a3a4 f6e4
2465,d2d4 a7a6 c2c4 h7h5 c4c5 g7g6 h2h3 e7e5 e1d2 f7f6 a2a3 f8g7
2466,e2e3 a7a5 d1g4 d7d6 g4d1 a5a4 e1e2 b7b6 c2c3 g7g5 d1a4 a8a4
2467,h2h4 e7e6 g2g4 a7a6 h1h2 g7g5 c2c3 d7d5 d1b3 f7f6 f1g2 h7h6
2468,f2f4 a7a5 a2a4 a8a7 f4f5 g7g6 g2g4 h7h5 c2c4 g8f6 b1a3 c7c6
2469,c2c4 f7f6 g1h3 b7b5 c4b5 d7d5 f2f4 g7g6 b2b4 a7a6 h1g1 c7c5
2470,a2a3 g8f6 h2h4 b8a6 h1h3 a8b8 g2g4 d7d5 d2d4 b7b5 c2c4 h7h6
2471,h2h4 b7b6 b1a3 g8h6 d2d4 f7f5 e2e3 c8b7 f2f4 e8f7 a1b1 a7a5
2472,h2h4 e7e5 b2b4 b7b6 a2a4 e5e4 h1h3 a7a5 b4b5 c8b7 h4h5 c7c6
2473,e2e4 e7e5 f2f3 f7f6 b1c3 g8e7 a2a4 b8c6 f1b5 g7g5 b5c6 f8g7
2474,d2d3 b8a6 a2a3 a8b8 g2g4 g7g5 h2h4 d7d5 h1h3 g8f6 c2c4 d5d4
2475,h2h4 h7h5 b1c3 b8c6 a2a4 a7a5 c3d5 c6d4 g2g4 a8b8 e2e4 h5g4
2476,a2a4 g7g6 e2e3 c7c6 b1c3 g6g5 c3d5 c6d5 g1h3 f8h6 b2b3 d5d4
2477,h2h4 b7b6 b1c3 c7c6 c3d5 c6d5 g2g3 g8h6 b2b3 e7e6 d2d3 f7f6
2478,a2a4 h7h5 f2f4 h8h7 h2h4 d7d6 g2g4 e8d7 b2b4 a7a5 c1b2 e7e6
2479,a2a3 a7a6 g2g3 g7g5 e2e3 e7e5 g1f3 h7h5 h2h3 f8h6 h1h2 b7b5
2480,h2h4 b7b6 a2a3 h7h5 e2e3 b8c6 h1h2 c8b7 d2d3 d8c8 h2h3 a7a5
2481,d2d3 b7b6 c1g5 d7d6 e2e3 g7g6 f2f3 f7f6 b1c3 f6g5 b2b3 b6b5
2482,e2e3 g7g5 g1h3 e7e6 g2g3 g8h6 h3g5 e6e5 g5e6 b8c6 f1c4 d7e6
2483,f2f4 a7a5 c2c4 a5a4 h2h3 e7e5 h1h2 b7b5 f4e5 b5c4 h3h4 f8a3
2484,a2a4 e7e6 a4a5 e8e7 g2g4 e6e5 b1c3 c7c6 a5a6 e5e4 a6b7 c8b7
2485,f2f4 a7a5 a2a4 a8a7 b2b4 c7c5 b1a3 a5b4 a3b5 e7e6 h2h3 a7a8
2486,e2e4 c7c5 g1e2 h7h6 f2f3 g7g5 d2d4 h8h7 f3f4 c5d4 e1f2 g5g4
2487,d2d3 b7b6 c1g5 f7f6 e2e4 e7e5 b1d2 b8a6 d1e2 a8b8 h2h3 b6b5
2488,a2a3 d7d6 f2f3 e7e5 d2d3 g7g5 f3f4 b8a6 f4g5 h7h5 b2b3 c8d7
2489,a2a3 g8f6 e2e3 c7c6 d2d3 d7d6 d1f3 a7a6 e1e2 c8d7 b2b3 d7g4
2490,a2a3 g8f6 h2h4 b7b5 a3a4 f6d5 h4h5 f7f6 b2b4 d5b4 a1a3 b5a4
2491,e2e3 g7g6 a2a3 e7e5 h2h3 a7a6 c2c4 h7h5 f2f3 h8h7 d2d3 b8c6
2492,a2a3 c7c6 b2b4 d7d6 c2c4 a7a5 g2g3 e7e6 e2e3 d8e7 b4a5 e8d7
2493,h2h4 b7b6 g2g4 a7a5 h4h5 d7d6 c2c4 c8g4 f2f3 a8a6 e1f2 e7e6
2494,e2e3 c7c5 f2f4 g8h6 b2b4 g7g5 f1d3 a7a5 h2h3 g5f4 d3e2 h8g8
2495,h2h4 h7h5 a2a3 b7b6 g2g4 b6b5 d2d3 d7d5 e2e4 b8a6 e4d5 a8b8
2496,e2e3 a7a5 d2d4 g8f6 f2f3 d7d6 d4d5 b7b6 b1a3 f6e4 b2b3 c8d7
2497,e2e3 g7g5 d1h5 d7d5 g2g3 d8d6 f2f4 c8d7 a2a3 g8f6 h5e2 h7h5
2498,a2a3 g8f6 h2h4 b8a6 h1h2 f6g8 h2h3 b7b5 d2d4 e7e5 g2g3 e5d4
2499,a2a3 g8f6 h2h4 b8a6 b1c3 d7d5 a3a4 e7e6 g1h3 b7b5 a4b5 f6g8
2500,a2a3 g8f6 e2e3 c7c6 g1f3 e7e5 e1e2 f8d6 f3e5 d6e5 f2f4 e5d6
2501,f2f4 a7a5 e2e4 c7c6 e1f2 d7d6 g1e2 f7f6 d2d4 e8d7 g2g4 h7h5
2502,a2a3 b8a6 d2d3 a8b8 g2g4 a6c5 c2c4 g7g6 c1d2 h7h5 f2f3 a7a5
2503,b1c3 a7a5 g2g4 h7h5 c3d5 c7c5 h2h4 a8a7 a1b1 c5c4 e2e4 h8h6
2504,h2h4 a7a6 c2c4 d7d5 b2b3 e8d7 g1h3 e7e5 g2g3 c7c6 c4d5 f8d6
2505,e2e3 a7a5 a2a4 d7d5 b2b3 a8a6 d2d4 a6h6 g2g3 e8d7 f1e2 f7f6
2506,h2h4 e7e5 a2a4 e8e7 b2b4 d7d5 f2f4 c8g4 f4e5 f7f6 e2e3 c7c5
2507,b2b4 a7a5 b1a3 c7c6 b4a5 f7f6 e2e3 e7e5 a3c4 e8e7 c1b2 c6c5
2508,h2h4 h7h5 a2a3 a7a6 e2e3 c7c6 f2f3 a8a7 d2d4 c6c5 c2c4 a7a8
2509,e2e3 g7g5 f2f4 a7a5 e3e4 e7e5 b2b3 b7b6 g2g3 g5f4 c1a3 a8a7
2510,b1a3 a7a5 f2f3 b7b5 e2e4 h7h5 g1e2 h8h7 f3f4 a8a6 d2d3 h5h4
2511,h2h4 h7h5 a2a3 a7a6 g2g4 a8a7 g4h5 d7d6 g1f3 f7f6 e2e4 c8g4
2512,a2a3 c7c5 d2d4 h7h5 e1d2 c5c4 c2c3 a7a6 e2e4 d7d6 f2f3 d8a5
2513,b1c3 c7c6 g1f3 f7f6 c3b1 a7a5 e2e3 a8a7 f1e2 h7h5 e1f1 h8h6
2514,a2a3 g8f6 h2h4 d7d6 a3a4 f6g8 c2c3 b7b6 g2g3 h7h5 h1h2 e7e5
2515,e2e3 a7a5 f1b5 a5a4 e1f1 c7c6 d1f3 a4a3 g2g3 a8a7 d2d4 d7d6
2516,h2h4 b7b5 h4h5 f7f6 b2b4 d7d5 a2a4 e7e6 a4a5 g8h6 a1a3 d5d4
2517,e2e4 a7a6 g1f3 h7h5 g2g3 b8c6 f1d3 a8a7 b2b4 a6a5 b1a3 a5b4
2518,a2a3 g8f6 a3a4 b8a6 f2f3 e7e6 b2b4 b7b5 a4b5 c7c5 b4c5 f6e4
2519,h2h4 b7b6 g2g4 f7f6 e2e4 g7g6 f2f3 e7e6 a2a3 c7c5 b1c3 d8c7
2520,e2e4 f7f6 f1d3 a7a5 g2g4 g8h6 g1f3 b8c6 d1e2 b7b6 e4e5 f6f5
2521,h2h4 b7b6 b2b3 b8c6 c2c3 c8b7 h4h5 g8h6 c1a3 f7f5 e2e4 e7e6
2522,b2b4 b7b6 b1a3 g7g5 d2d3 c7c5 c1d2 c5b4 a3c4 b8a6 a2a3 c8b7
2523,e2e3 g7g5 a2a3 c7c6 f1e2 h7h5 a3a4 f7f6 b2b4 d7d6 d2d4 e7e5
2524,h2h4 h7h5 b1c3 g8h6 d2d4 h8h7 a2a3 b8c6 c1h6 b7b6 d4d5 h7h6
2525,e2e3 a7a5 d2d4 a5a4 e1e2 f7f6 e3e4 e7e5 d4d5 g8h6 c2c4 b7b6
2526,e2e4 e7e5 d2d3 g8e7 b2b3 b8a6 a2a3 c7c6 g2g4 a6c7 h2h4 g7g5
2527,g1f3 b7b5 b1c3 f7f6 b2b4 a7a5 c3a4 d7d6 d2d4 b5a4 b4b5 c8g4
2528,h2h3 a7a6 c2c4 e7e5 f2f4 d8h4 g2g3 h4g3
2529,a2a4 e7e6 a1a2 d7d5 a4a5 e8e7 e2e4 f7f6 f1e2 c8d7 g1f3 d8c8
2530,h2h3 a7a6 a2a3 e7e5 b1c3 g7g5 a3a4 g8f6 h3h4 e5e4 a4a5 d7d5
2531,h2h4 b7b6 a2a3 c7c5 h4h5 g7g5 h5g6 h7g6 d2d4 h8h1 e2e4 h1g1
2532,e2e4 a7a6 g2g3 b8c6 a2a3 a6a5 h2h3 c6d4 f2f3 a8b8 c2c3 d4b5
2533,e2e3 g7g6 h2h3 g8h6 a2a4 a7a5 b1a3 a8a7 d2d3 c7c5 f1e2 f7f6
2534,a2a3 c7c5 h2h3 h7h6 e2e3 e7e6 h3h4 e6e5 e3e4 a7a6 a1a2 g7g5
2535,a2a3 c7c5 h2h3 h7h5 b2b3 g7g5 h3h4 h8h7 h1h3 f7f5 e2e4 e7e5
2536,d2d3 b8a6 e2e3 d7d6 a2a3 g7g5 g2g4 h7h5 h2h3 h5h4 f2f3 a6b4
2537,d2d3 h7h5 c2c3 d7d5 c1g5 e8d7 e2e4 c7c5 d1e2 a7a6 e4d5 b8c6
2538,a2a3 c7c5 h2h3 h7h6 e2e4 b7b5 b2b3 b8a6 g2g3 g8f6 f1c4 b5c4
2539,a2a3 e7e6 h2h4 f7f6 a1a2 h7h5 h1h2 a7a6 e2e4 g7g6 g2g3 a8a7
2540,h2h4 b7b6 b2b3 h7h5 h1h2 c7c6 g2g3 c8b7 c2c3 c6c5 f1g2 b7g2
2541,h2h4 b7b6 b2b3 b8c6 d2d4 d7d6 c2c3 e7e5 c1d2 g8e7 g2g4 c8g4
2542,f2f4 a7a5 a2a4 e7e5 f4e5 d7d6 g1h3 b8a6 c2c4 b7b5 c4b5 f8e7
2543,h2h4 h7h5 e2e4 b7b6 b2b3 e7e5 a2a4 d7d6 c1b2 d8e7 b1c3 e8d8
2544,h2h4 b7b6 b2b3 h7h5 d2d4 d7d5 b1a3 e7e5 a3b5 d8d6 a1b1 e8e7
2545,a2a3 g8f6 f2f3 b8a6 a3a4 a8b8 d2d4 f6e4 b1d2 e4c5 a1b1 f7f5
2546,a2a4 c7c6 d2d3 d8c7 c2c3 d7d5 b1d2 f7f6 b2b3 c8h3 f2f3 h3c8
2547,a2a3 e7e6 h2h4 e8e7 c2c4 e6e5 g2g4 d7d5 f2f4 h7h5 f4e5 b7b5
2548,e2e3 g7g5 h2h3 e7e6 g2g3 g8e7 b1c3 b8c6 g1e2 e6e5 g3g4 a7a5
2549,a2a4 e7e6 a4a5 e8e7 g1h3 g8h6 c2c4 b7b6 d2d3 h8g8 c1h6 f7f6
2550,e2e3 a7a5 f1b5 a5a4 d1f3 g7g5 g2g3 h7h5 b1c3 h8h6 c3d5 c7c6
2551,h2h4 c7c6 h4h5 g7g5 f2f3 d7d5 c2c4 d8c7 e1f2 d5c4 b1a3 a7a6
2552,a2a3 d7d5 d2d4 g7g6 e2e4 a7a6 f1d3 e8d7 a3a4 g8h6 g1f3 f8g7
2553,h2h4 h7h5 f2f3 b8c6 e2e3 d7d5 g2g3 c6e5 f3f4 a8b8 d2d4 e5g6
2554,a2a3 g8f6 h2h4 b8a6 a1a2 e7e5 h1h3 f8d6 c2c3 a8b8 d1c2 c7c6
2555,a2a3 b8a6 e2e3 c7c6 d2d4 g8f6 e1e2 d8c7 g2g4 a8b8 e2d2 d7d6
2556,d2d3 b8a6 a2a3 f7f6 d1d2 d7d5 d3d4 a8b8 e2e4 e7e5 h2h3 a6c5
2557,e2e4 a7a6 g2g3 g8f6 a2a3 a8a7 e4e5 f6e4 e5e6 c7c6 b2b3 f7f6
2558,a2a3 c7c5 b1c3 f7f5 b2b4 c5c4 b4b5 a7a5 a3a4 h7h6 e2e4 d7d6
2559,a2a3 g7g6 b2b3 e7e6 g1h3 a7a6 c2c4 a8a7 b1c3 f8b4 a3a4 b4c3
2560,e2e3 g7g6 h2h3 g8h6 f2f4 b8a6 d2d4 f7f5 e1d2 b7b6 g1e2 f8g7
2561,a2a3 g8f6 e2e3 e7e6 g1f3 c7c5 g2g3 f6h5 g3g4 d7d6 f3e5 h8g8
2562,g2g3 b7b6 g3g4 d7d6 e2e3 a7a5 b1a3 a5a4 f2f3 f7f6 b2b3 d6d5
2563,e2e4 a7a6 f1a6 b7a6 d2d3 d7d6 e1f1 c7c6 d1f3 c6c5 g2g3 c8g4
2564,h2h4 h7h5 d2d4 b7b6 a2a4 b8c6 e2e4 c8b7 e1d2 d8c8 b1a3 f7f5
2565,e2e4 e7e5 g1e2 a7a5 a2a4 b8c6 g2g4 g8e7 b1c3 a8a6 a1a3 b7b6
2566,g2g3 h7h5 e2e3 b8c6 f2f3 a8b8 b2b3 c6b4 d2d3 d7d5 f1h3 h5h4
2567,e2e4 b8c6 g2g4 g8h6 h2h4 h8g8 a2a3 f7f5 g4f5 a8b8 g1f3 h6g4
2568,h2h4 b7b6 b2b3 h7h6 g1h3 h6h5 e2e4 c7c6 c2c3 e7e5 d1f3 g7g6
2569,a2a3 g8f6 e2e3 f6g8 e1e2 e7e5 d2d4 a7a6 c2c4 g7g6 b2b4 h7h5
2570,b1a3 a7a5 e2e4 b8c6 g2g4 g8h6 d2d4 h8g8 d4d5 f7f6 e4e5 c6e5
2571,a2a3 e7e6 h2h4 b7b6 h1h2 f7f6 c2c4 b8a6 f2f3 a8b8 d2d4 d7d6
2572,e2e3 g7g5 d2d4 h7h5 e3e4 c7c5 b2b3 d7d6 b3b4 d6d5 b1c3 a7a5
2573,a2a4 g7g6 b2b4 e7e6 e2e3 e6e5 f2f3 a7a6 e1e2 c7c6 c2c4 d7d6
2574,b2b3 b8a6 h2h4 d7d5 a2a4 f7f6 f2f3 a8b8 h4h5 e7e6 b3b4 d5d4
2575,d2d3 b7b6 c1g5 f7f6 e2e4 e7e6 h2h3 d7d6 g5f6 g8f6 g2g4 h7h6
2576,e2e3 g7g6 a2a3 c7c5 g1f3 b7b6 b2b4 c5c4 d1e2 b8c6 e2d1 g8h6
2577,d2d4 a7a5 a2a3 g8f6 e2e3 a5a4 e1e2 d7d6 c2c4 c8d7 f2f3 g7g5
2578,h2h4 b7b6 g2g4 f7f6 h1h2 g8h6 a2a4 h6g4 a1a3 c7c5 a4a5 c8b7
2579,h2h4 b7b5 h4h5 f7f6 b2b4 d7d5 a2a4 e7e6 a1a3 a7a6 a3c3 b5a4
2580,e2e4 e7e5 b1c3 d7d6 g2g4 c8g4 g1e2 c7c6 a1b1 d8c7 c3d5 g4e2
2581,e2e3 a7a5 h2h3 f7f5 a2a3 c7c5 g1f3 h7h5 f3e5 g7g5 a1a2 a5a4
2582,e2e3 e7e5 c2c4 g8e7 g1e2 d7d5 g2g4 b7b5 c4d5 e7d5 b1c3 b8a6
2583,h2h4 b7b6 b2b3 h7h5 h1h3 h8h7 e2e4 e7e5 d1e2 g7g6 d2d3 f7f6
2584,e2e4 e7e6 b1c3 g8f6 g2g4 c7c6 f1e2 g7g5 c3b5 c6b5 h2h4 e6e5
2585,h2h4 b7b6 g2g4 d7d6 c2c4 a7a5 h1h2 e8d7 b2b3 a5a4 f1g2 c8b7
2586,h2h4 b7b5 h4h5 f7f6 b2b4 d7d5 a2a4 g8h6 d2d4 a7a6 e2e3 h6f5
2587,g1f3 e7e6 b1a3 d7d6 g2g4 c7c6 e2e3 a7a6 b2b3 f7f6 f3g1 c6c5
2588,g1h3 e7e6 d2d4 b7b6 g2g3 a7a5 d4d5 e8e7 e1d2 e7d6 c2c4 c7c6
2589,e2e3 e7e5 h2h3 b7b5 d2d4 a7a5 a2a3 e5d4 f2f3 a5a4 g2g4 f7f5
2590,b1a3 a7a5 b2b4 a5a4 g2g4 d7d6 e2e3 d8d7 f1e2 h7h5 b4b5 d7e6
2591,e2e3 a7a5 d2d4 a5a4 e1e2 c7c6 g1h3 a4a3 b2a3 a8a3 c2c4 d7d6
2592,a2a3 g8f6 a3a4 b8a6 a4a5 a8b8 b2b3 d7d6 d2d3 h8g8 c1f4 e7e5
2593,e2e4 b8a6 f2f4 g8f6 e1f2 h7h6 f1e2 f6g4 e2g4 h8h7 b2b4 a8b8
2594,e2e3 a7a5 f2f3 a5a4 b2b3 g8h6 g2g3 h6g4 e3e4 g4f2 d2d4 b7b6
2595,b1a3 h7h5 c2c4 h5h4 a1b1 a7a5 h2h3 e7e5 g2g3 e8e7 a3c2 e7e8
2596,a2a3 c7c5 d2d4 a7a6 g2g4 g8h6 g1f3 c5d4 f3d4 g7g5 c1g5 f7f6
2597,e2e3 a7a5 c2c3 d7d6 e1e2 g8f6 e3e4 g7g5 c3c4 b7b6 a2a4 h7h5
2598,a2a3 b8c6 c2c4 a7a5 d2d3 c6d4 c1d2 d7d6 c4c5 a8b8 c5c6 b7c6
2599,h2h4 b7b6 g2g4 f7f5 c2c4 f5g4 f2f4 g7g6 e2e4 e7e5 f4f5 f8h6
2600,e2e3 e7e5 h2h3 b8c6 d2d3 b7b5 b1a3 d7d5 c2c4 a8b8 h3h4 h7h5
2601,a2a3 g8f6 e2e3 c7c6 g1f3 b8a6 f1a6 a8b8 a6e2 d8b6 g2g4 h7h5
2602,e2e4 c7c5 d2d4 b7b6 f2f4 h7h5 g1e2 g8h6 c2c3 c8b7 b2b4 b8c6
2603,e2e3 a7a5 h2h3 d7d6 d2d3 a5a4 e1d2 e7e5 e3e4 b7b6 c2c3 g7g5
2604,e2e4 b8c6 g2g4 g8h6 h2h4 a7a5 f2f3 h8g8 a2a3 f7f5 g4f5 a8a7
2605,a2a3 g8f6 h2h4 g7g5 h1h2 g5h4 h2h4 b8a6 g1f3 e7e6 g2g4 b7b6
2606,h2h4 b7b6 b2b3 e7e6 h1h2 d7d6 b1a3 b8d7 e2e3 f7f6 f1a6 g8e7
2607,h2h4 f7f5 h1h3 e7e5 e2e4 f8c5 h3d3 g8f6 g2g4 g7g6 a2a4 e8f7
2608,b2b3 a7a6 c2c4 d7d5 h2h4 c7c5 a2a3 g7g5 a1a2 e8d7 h4g5 f8g7
2609,f2f4 a7a5 e2e4 e7e5 a2a4 c7c6 a1a2 f7f6 c2c4 g7g6 h2h3 e8f7
2610,d2d4 a7a5 a2a3 g8f6 b2b3 b7b6 h2h4 b8a6 h1h3 d7d6 c1g5 c8h3
2611,e2e4 b8c6 g2g4 g8h6 c2c3 h8g8 h2h4 h6g4 h1h3 f7f6 d1e2 c6e5
2612,h2h4 e7e5 d2d4 b7b6 a2a3 e5d4 c1f4 g8e7 c2c4 d7d6 f4d6 c7d6
2613,e2e4 b8a6 e1e2 a8b8 d2d4 d7d6 f2f3 c8d7 g2g4 g8f6 a2a3 f6e4
2614,h2h3 b7b5 h3h4 f7f6 b2b4 d7d5 a2a4 h7h6 d2d4 a7a5 h4h5 b5a4
2615,a2a3 f7f5 h2h4 e7e5 b1c3 d7d6 h4h5 c7c6 a1a2 b8d7 a3a4 d8f6
2616,h2h4 h7h5 d2d4 b8c6 g1f3 c6d4 b1c3 d4f5 b2b4 c7c6 a1b1 h8h6
2617,h2h4 b7b6 b2b3 d7d6 d2d3 b8a6 f2f3 e7e6 e2e3 d6d5 g2g4 g7g5
2618,d2d4 b7b6 c1g5 c7c5 h2h3 b8c6 d4d5 b6b5 c2c3 c8a6 e2e3 d7d6
2619,h2h4 b7b6 b2b3 h7h5 d2d4 e7e5 d4d5 e8e7 e2e4 f7f6 d1d2 d7d6
2620,h2h4 b7b6 b2b3 h7h5 h1h2 e7e5 c1b2 g7g6 e2e4 d7d5 b1c3 f7f6
2621,e2e3 a7a5 d1h5 a5a4 e3e4 c7c6 g1e2 d7d6 d2d4 c8g4 e1d2 g4h5
2622,e2e3 a7a5 d1h5 d7d6 e1d1 a5a4 d2d3 c7c6 h5h7 c8g4 f2f3 h8h7
2623,h2h4 b7b6 b1c3 d7d6 c3a4 f7f5 e2e4 g7g6 d2d4 g6g5 e1e2 a7a6
2624,d2d3 b7b6 c1g5 f7f6 b1d2 a7a5 a2a4 d7d6 e2e4 f6g5 g2g4 a8a6
2625,a2a3 d7d5 g2g3 b7b6 e2e4 h7h5 d2d3 c7c5 c1d2 c8d7 g3g4 h5g4
2626,g1f3 b7b5 b1a3 e7e6 b2b4 f8e7 e2e4 h7h5 f3g1 c7c6 a1b1 g7g6
2627,d2d4 f7f6 g2g3 e7e5 d4e5 f6e5 e1d2 h7h6 a2a3 g7g6 b2b4 f8b4
2628,d2d3 a7a6 e2e4 b7b6 a2a3 d7d6 d1f3 c8g4 c1g5 g4f3 b2b3 f3g4
2629,b1a3 h7h5 a3b5 h5h4 h2h3 d7d6 a2a4 b7b6 b5c7 d8c7 b2b4 a7a6
2630,h2h4 b7b6 b2b3 e7e6 g2g4 f8b4 f1g2 c8b7 g2b7 b4e7 b1c3 a7a5
2631,d2d4 f7f6 h2h4 b7b6 b1d2 d7d6 g2g4 a7a5 e2e4 a8a6 f1b5 c8d7
2632,h2h4 b7b5 b1c3 a7a5 a2a4 b5a4 c3a4 f7f5 b2b4 g8f6 c2c3 a8a6
2633,a2a3 d7d5 d2d4 g8f6 c1e3 d8d6 f2f3 b8d7 b2b4 d6e6 e3f4 a8b8
2634,b1a3 h7h5 g1f3 h5h4 a1b1 d7d6 c2c3 f7f6 d2d4 c8d7 d1c2 d7c6
2635,e2e3 a7a5 b2b3 b8c6 c1b2 e7e5 g2g4 g7g6 g1f3 g8h6 b1c3 h6g4
2636,e2e3 g7g5 d1h5 e7e5 g1h3 b8c6 g2g3 g8e7 e1e2 b7b6 f2f4 g5f4
2637,h2h4 b7b6 g2g4 f7f6 d2d4 h7h5 g4g5 d7d6 e2e3 f6g5 f1e2 c8d7
2638,a2a3 b8a6 e2e3 c7c6 d2d4 g8f6 e1e2 d7d6 f2f3 d8a5 c2c3 a8b8
2639,e2e4 b8c6 g2g4 g8h6 h2h4 a7a5 g1f3 h6g8 c2c4 a8b8 f1h3 h7h5
2640,a2a3 c7c5 c2c4 a7a5 f2f3 h7h6 b2b3 b7b5 e2e4 f7f5 d2d3 a8a6
2641,a2a3 g7g5 c2c4 a7a5 f2f4 b7b5 f4f5 a5a4 d2d4 e7e6 f5e6 c8b7
2642,d2d3 b8a6 d3d4 b7b5 a2a3 g8f6 d4d5 h7h6 a3a4 e7e5 e2e3 g7g5
2643,e2e3 g8h6 b2b4 h6g8 d1h5 b7b5 c1a3 b8a6 h5d1 e7e6 f1d3 d7d5
2644,h2h4 h7h5 d2d4 d7d5 f2f3 g7g6 b1c3 e8d7 a1b1 a7a6 b2b4 f8h6
2645,b1a3 h7h5 g1f3 g8f6 h2h4 f6e4 c2c3 g7g5 h4g5 h8g8 d1c2 e4d2
2646,e2e4 b8a6 e1e2 h7h6 b2b4 b7b5 a2a4 a6b4 e4e5 f7f6 e5f6 e7f6
2647,h2h4 b7b6 b2b3 h7h5 d2d4 c7c6 b3b4 e7e5 c1d2 e5e4 d4d5 e4e3
2648,d2d3 b8a6 f2f3 f7f6 a2a3 a8b8 c2c3 g7g6 c3c4 d7d5 c1d2 d5c4
2649,b1a3 a7a5 f2f3 b7b5 e2e4 f7f6 g1e2 g8h6 e1f2 b8c6 b2b4 a5b4
2650,h2h4 b7b6 b2b3 h7h5 c2c3 g7g5 g2g3 f8g7 f1g2 e8f8 e1f1 f7f6
2651,a2a3 c7c5 h2h3 c5c4 e2e3 d8a5 b2b4 a7a6 a3a4 a5d8 f1e2 e7e5
2652,g1f3 b7b5 b1c3 a7a5 c3d5 e7e6 d5c7 d8c7 d2d4 f8d6 b2b4 c7a7
2653,h2h4 b7b6 b2b3 c8a6 c2c3 g7g5 g2g3 h7h6 h4g5 h6g5 h1h8 a6c8
2654,d2d4 f7f6 d4d5 f6f5 h2h4 f5f4 c1f4 g8h6 f4e5 b8c6 g1h3 c6e5
2655,e2e3 a7a5 f1b5 h7h5 g2g3 c7c6 d2d4 e7e6 f2f3 h5h4 b5c4 a5a4
2656,h2h4 h7h5 e2e4 a7a5 b2b3 f7f6 b1c3 f6f5 e4f5 g7g5 f5g6 h8h7
2657,e2e3 h7h5 e1e2 b7b5 g2g4 a7a5 h2h3 h8h6 e2e1 a5a4 g4h5 d7d6
2658,e2e3 h7h5 b2b3 a7a6 f2f3 d7d5 f1d3 g7g5 d3b5 c8d7 b5d7 e8d7
2659,e2e3 g7g5 a2a3 e7e6 g2g4 g8h6 f2f3 h8g8 h2h4 g5h4 h1h3 f7f5
2660,a2a3 c7c5 e2e3 a7a5 a3a4 f7f5 c2c3 d8c7 d1e2 h7h5 f2f3 a8a7
2661,e2e3 a7a5 f1b5 h7h5 b2b3 c7c5 b5f1 f7f5 f2f3 g8h6 g2g3 b7b5
2662,b2b3 b8a6 h2h3 d7d5 c2c3 g7g5 h3h4 a8b8 h1h2 g8h6 d2d3 f7f5
2663,d2d3 h7h6 a2a4 a7a5 e2e3 h8h7 e1d2 e7e5 h2h3 f8b4 b1c3 d7d5
2664,e2e4 b8a6 e1e2 d7d6 d2d4 b7b6 g1f3 f7f6 d1d3 c7c6 d4d5 a6c7
2665,a2a3 c7c5 d2d4 h7h5 b1c3 c5d4 h2h4 d4c3 e2e4 b8a6 c1d2 b7b5
2666,d2d4 h7h5 c2c3 g7g6 b2b4 h8h6 d1a4 e7e5 b1a3 e5d4 c3d4 c7c5
2667,e2e4 c7c5 d2d4 g8h6 f2f4 h8g8 h2h4 f7f5 c2c3 c5d4 e4f5 d8a5
2668,h2h4 b7b6 b2b3 h7h5 h1h2 h8h7 f2f3 e7e5 g2g3 g7g6 e2e4 f7f6
2669,d2d3 b8a6 f2f3 d7d6 e1f2 e8d7 e2e4 b7b6 h2h3 f7f5 a2a3 g8h6
2670,h2h4 b7b6 g2g4 f7f6 e2e4 e7e6 b1a3 e6e5 d1e2 d7d6 c2c3 e8e7
2671,e2e3 d7d5 a2a3 c7c6 e1e2 d8a5 c2c3 g7g5 a3a4 h7h5 d2d4 f7f6
2672,e2e3 a7a5 f1b5 g8h6 d1f3 g7g5 h2h3 e7e6 g2g3 g5g4 f3g2 g4h3
2673,h2h3 b7b5 h3h4 f7f6 g1h3 d7d5 g2g3 g8h6 c2c3 g7g6 h4h5 c7c6
2674,h2h4 b7b6 b2b3 h7h5 f2f4 d7d5 c2c3 b8a6 e1f2 e7e5 d2d4 f8e7
2675,b1a3 h7h5 g1f3 h8h6 g2g4 c7c6 g4h5 g7g5 a3b1 c6c5 d2d4 f7f5
2676,g1f3 e7e6 b1a3 f8a3 c2c3 d8f6 e2e4 e8f8 b2a3 d7d6 e4e5 h7h6
2677,c2c3 h7h6 h2h3 e7e5 d1b3 g7g5 g2g4 h6h5 h1h2 d7d5 c3c4 d5c4
2678,f2f3 b7b6 e2e4 h7h5 d2d3 a7a5 b1d2 b8c6 g1e2 a8a6 g2g4 h5h4
2679,e2e4 b8c6 g2g4 g8h6 a2a4 h8g8 b1c3 g7g5 h2h4 c6b4 c3b5 a7a5
2680,g1f3 e7e6 f3g1 f7f5 a2a4 g8f6 b2b4 d7d5 e2e3 e8f7 f1e2 e6e5
2681,g2g3 h7h6 e2e4 b8a6 d2d4 a8b8 d1d3 a6c5 e4e5 c5d3 f1d3 f7f6
2682,h2h4 b7b6 g2g4 g8h6 h1h2 f7f6 f2f3 c7c5 f3f4 c8a6 a2a4 h6g4
2683,a2a4 e7e6 a4a5 e8e7 g1h3 f7f6 h1g1 c7c6 c2c3 d8e8 g2g4 h7h5
2684,e2e3 e7e5 g1e2 b8c6 e3e4 a7a5 b1c3 b7b6 g2g4 g8e7 f2f3 g7g5
2685,a2a3 c7c5 d2d4 c5d4 a3a4 h7h5 b1d2 h8h7 b2b4 f7f5 e2e4 d4e3
2686,a2a3 c7c5 b1c3 h7h5 a3a4 f7f5 d2d4 a7a5 c3d5 c5d4 e2e4 h8h6
2687,e2e3 a7a5 f1b5 a5a4 c2c3 g7g5 g2g3 h7h6 h2h3 h6h5 d2d4 f7f5
2688,d2d3 b7b6 c1g5 f7f6 e2e4 d7d6 d1d2 e7e5 h2h3 a7a5 g2g4 h7h6
2689,e2e3 a7a5 d2d4 a5a4 g2g3 d7d6 d4d5 b7b6 f1b5 c7c6 d1f3 e7e5
2690,b1a3 h7h5 g1f3 b7b6 a3b5 h8h6 a1b1 h6h8 d2d4 c7c6 b5a3 h8h6
2691,e2e3 g7g5 d1h5 b8a6 g2g3 g8f6 f1b5 e7e5 h2h4 a6c5 b5f1 c5b3
2692,e2e3 g8h6 a2a3 h6g8 f2f3 e7e5 h2h3 f7f5 h3h4 e8f7 c2c4 b8a6
2693,g1f3 b7b5 b1a3 f7f5 c2c4 h7h5 e2e4 g7g5 b2b3 c7c5 b3b4 c8a6
2694,a2a3 c7c5 d2d4 h7h5 e2e4 g8h6 b2b3 g7g5 e1e2 d7d6 d4d5 b7b5
2695,e2e3 b8c6 f1e2 e7e5 g2g3 g8e7 h2h3 f7f6 b1c3 a8b8 e1f1 a7a5
2696,e2e3 b8c6 f2f3 g7g6 g2g3 e7e5 e1e2 d7d6 a2a4 f8g7 e2e1 f7f6
2697,d2d4 f7f6 e1d2 h7h6 d4d5 e7e5 h2h4 d7d6 g2g4 a7a6 a2a3 c8f5
2698,a2a3 c7c5 d2d4 a7a6 e1d2 c5c4 d2e3 d7d6 e3e4 e8d7 f2f3 c4c3
2699,g2g3 h7h5 f2f3 b7b5 e2e3 b8c6 a2a3 b5b4 d2d4 c6d4 f1d3 c7c5
2700,e2e3 a7a6 c2c4 h7h5 f2f3 c7c5 g2g3 d7d5 f1h3 d8d6 b2b3 d6g6
2701,a2a4 h7h5 d2d3 c7c5 b2b3 b7b6 h2h4 c5c4 c1g5 c4b3 g2g4 f7f6
2702,f2f4 a7a5 e2e4 f7f6 d2d3 e7e6 b2b3 b8c6 d1h5 g7g6 h5c5 h7h5
2703,g1f3 b7b5 b1a3 f7f6 a1b1 c7c5 a3b5 g7g6 c2c3 d8b6 g2g3 f6f5
2704,e2e3 h7h5 b2b3 a7a6 d2d3 e7e6 a2a4 g7g5 a4a5 h8h7 b1c3 d7d6
2705,b2b3 f7f5 f2f3 c7c6 e2e3 h7h6 d2d4 d8c7 b3b4 a7a5 e1e2 a8a7
2706,e2e3 h7h5 d2d4 g7g5 e3e4 a7a6 d1d3 e7e5 c1f4 c7c5 d4d5 c5c4
2707,e2e3 g7g6 h2h3 b8a6 e1e2 g8h6 f2f3 a6b4 a2a3 f8g7 e2e1 b4a2
2708,a2a4 e7e6 b1a3 f7f5 e2e3 e8e7 f1c4 g8f6 b2b4 a7a5 b4b5 d7d5
2709,e2e3 h7h5 a2a3 c7c5 f2f3 f7f5 c2c3 e8f7 g2g3 g8h6 a3a4 f7e8
2710,a2a4 e7e6 h2h4 d7d5 h1h3 f7f5 a4a5 g8f6 h3b3 e8e7 d2d3 e7d6
2711,b1a3 h7h5 g1f3 b7b6 d2d4 c7c5 e1d2 h5h4 e2e3 e7e6 f3h4 h8h4
2712,b1a3 h7h5 g1f3 g8f6 a3c4 c7c5 c4e5 b7b6 c2c3 d8c7 f3h4 f6g8
2713,a2a3 g8f6 a3a4 b8a6 a4a5 c7c6 d2d3 a6c7 c1g5 h8g8 f2f4 h7h5
2714,h2h4 b7b6 g2g4 h7h5 e2e3 h8h7 a2a3 f7f5 g4g5 b6b5 e3e4 c8b7
2715,a2a4 g7g6 h2h3 d7d5 e2e3 e7e5 g1f3 a7a6 g2g4 e5e4 h3h4 c8e6
2716,f2f4 a7a5 g1f3 e7e6 a2a4 e8e7 c2c4 d7d5 e1f2 c7c5 a1a2 d8c7
2717,h2h4 g8f6 h1h3 a7a6 c2c3 c7c5 c3c4 h7h6 d1b3 g7g5 h3g3 g5g4
2718,e2e3 a7a5 d2d4 a5a4 e1e2 b7b5 d4d5 e7e6 c1d2 f8e7 d5d6 c7d6
2719,h2h4 b7b6 b2b3 e7e6 h1h2 b8c6 c2c3 c6d4 g2g3 f7f6 f1g2 c8b7
2720,g1f3 a7a6 b1a3 h7h5 d2d3 f7f6 a1b1 d7d6 f3e5 e7e6 d3d4 h5h4
2721,e2e3 c7c5 b2b4 e7e5 f1e2 b8c6 b1a3 c5b4 g1f3 g8e7 f3e5 b4a3
2722,c2c4 b7b6 b2b4 a7a5 f2f3 e7e6 g1h3 a5b4 e2e3 d7d6 h3f4 g7g6
2723,g1f3 e7e6 b1a3 f8a3 c2c3 g8f6 f3e5 c7c6 b2a3 a7a6 g2g3 d7d6
2724,h2h4 b7b6 b2b3 h7h5 h1h2 h8h7 e2e4 g7g6 g2g3 f7f6 f2f3 e7e6
2725,c2c4 d7d5 h2h4 b7b5 b2b3 e8d7 b1c3 b8a6 a2a4 a8b8 g2g3 f7f6
2726,b2b3 e7e6 e2e3 b8c6 f2f3 c6d4 g1e2 d4c2 d1c2 g8f6 a2a3 f8a3
2727,h2h4 b7b6 b2b3 e7e6 c2c3 d7d6 c3c4 e6e5 c1b2 c8g4 h4h5 b8d7
2728,e2e3 d7d5 a2a3 d8d6 e3e4 c8f5 e4f5 e7e5 g1f3 g8e7 f3e5 h8g8
2729,g1f3 e7e6 b1a3 d7d6 c2c3 b8a6 f3e5 a8b8 d2d3 g7g6 e5c4 c7c5
2730,h2h4 h7h5 b1c3 e7e5 a2a4 f8d6 e2e3 e5e4 d2d3 d6c5 d3e4 a7a6
2731,h2h4 b7b6 g2g4 f7f6 d2d4 g8h6 e1d2 h6g4 f1g2 e7e6 g2c6 g7g5
2732,e2e4 b8c6 g2g4 g8h6 a2a4 a7a5 d2d4 h6g4 d4d5 g7g5 c1g5 c6b8
2733,g1h3 g7g5 b2b3 e7e6 g2g3 b8a6 c2c3 f8e7 h3g1 d7d6 h2h4 g5h4
2734,g2g3 b8c6 e2e3 h7h5 h2h3 c6b8 f2f4 h8h7 a2a3 c7c5 d2d4 d8b6
2735,g2g3 h7h5 b2b3 c7c5 c2c3 f7f5 h2h4 g7g5 f2f3 b7b6 c3c4 g5g4
2736,c2c4 d7d5 h2h4 g7g5 g1h3 h7h5 g2g3 c8h3 f1h3 h8h7 e1g1 d5d4
2737,e2e3 a7a5 f2f3 h7h6 a2a3 c7c5 a1a2 h6h5 d2d4 b7b6 a3a4 a8a7
2738,e2e3 a7a5 f1b5 h7h5 g2g3 c7c5 d2d4 d8c7 d4d5 a8a7 c2c3 c5c4
2739,e2e3 a7a5 f1b5 h7h5 d2d4 c7c5 b2b3 a8a7 f2f3 e7e5 e1e2 h5h4
2740,h2h4 b7b6 g2g4 d7d6 c2c4 h7h5 f2f4 b6b5 e2e3 a7a5 g4g5 b5c4
2741,h2h4 b7b6 g2g4 f7f6 d2d4 c8b7 f1g2 a7a5 g2b7 g7g5 e2e4 a5a4
2742,h2h4 b7b6 g2g4 h7h5 f2f4 d7d6 c2c4 a7a5 e2e3 a5a4 g4g5 e7e5
2743,h2h4 h7h5 d2d4 c7c6 c1g5 b7b5 d4d5 e7e5 d5e6 b8a6 c2c3 f8e7
2744,h2h4 b7b6 g2g4 h7h5 c2c4 c7c5 e2e4 a7a5 d2d4 a8a7 d1d2 h5g4
2745,h2h4 b7b6 g2g4 b8c6 b2b4 h7h5 f2f4 g7g5 h1h3 d7d5 d2d4 c6e5
2746,a2a3 g8f6 h2h4 b8a6 a3a4 g7g5 a1a3 e7e6 a4a5 g5h4 h1h4 e6e5
2747,d2d3 b8a6 a2a3 a8b8 e1d2 f7f6 d3d4 d7d5 b1c3 g7g6 d2e1 e7e6
2748,f2f4 c7c6 b1c3 d8b6 g1h3 d7d5 h1g1 d5d4 d2d3 h7h5 e1d2 e8d8
2749,b1a3 a7a5 b2b3 f7f6 c1b2 a8a6 e2e3 c7c6 g2g3 c6c5 f1a6 c5c4
2750,a2a3 g8f6 a3a4 e7e6 h2h4 g7g6 a4a5 e8e7 d2d3 f6e4 h1h3 f8h6
2751,h2h4 b7b6 b1a3 g7g5 g2g4 d7d6 h4g5 a7a5 c2c4 f8h6 g5h6 c8g4
2752,a2a3 e7e6 a3a4 f7f6 a4a5 d7d5 g2g4 e8e7 d2d3 e6e5 c1d2 b8a6
2753,e2e3 a7a5 e1e2 b7b5 c2c4 h7h5 d2d4 b5b4 a2a3 h8h7 b1d2 g7g5
2754,a2a4 h7h6 a4a5 h6h5 d2d3 c7c5 e2e3 h8h6 b2b3 g7g5 c1b2 h6g6
2755,g1f3 h7h5 b1a3 b7b6 c2c3 h8h6 a3c2 h6h7 f3g1 g7g6 h2h3 c7c6
2756,e2e3 h7h5 b2b3 b8a6 d2d3 d7d6 e3e4 h5h4 f2f3 b7b6 e1e2 e7e6
2757,g1f3 e7e6 b1a3 d7d6 d2d3 b8d7 a3b5 g7g5 c1g5 f7f6 g2g4 f6g5
2758,h2h4 h7h5 a2a4 b7b6 g2g3 c7c6 e2e4 c8b7 h1h2 b8a6 c2c3 a8c8
2759,e2e3 e7e5 g2g3 f7f6 e3e4 g8e7 b2b3 d7d6 f2f3 b8d7 f1g2 b7b6
2760,h2h4 b7b6 c2c3 d7d6 g2g3 h7h5 f2f3 b8d7 e2e3 g7g6 f1c4 f8h6
2761,h2h4 e7e5 f2f3 c7c6 c2c4 b7b5 e2e3 b5c4 g2g4 g7g6 d2d4 f8e7
2762,h2h4 b7b6 b2b3 h7h5 h1h2 h8h7 e2e4 g7g6 g2g3 f7f6 a2a3 e7e6
2763,h2h4 b7b6 a2a3 c7c6 f2f4 d7d6 d2d3 a7a6 c2c4 c8g4 f4f5 b6b5
2764,h2h4 b7b6 g2g4 h7h5 f2f3 a7a5 e2e3 b8a6 h1h3 c7c6 b2b3 h5g4
2765,b2b4 a7a5 b1a3 c7c6 b4a5 f7f6 c2c3 g8h6 d2d3 d7d5 a1b1 e8d7
2766,h2h4 e7e5 a2a4 d7d5 b2b3 e8d7 d2d3 f8a3 g2g4 d7e7 f2f3 a7a6
2767,g1f3 b7b5 b1c3 a7a5 a1b1 b8a6 b2b3 f7f5 c3b5 d7d6 f3d4 a5a4
2768,e2e3 a7a5 f1b5 a5a4 e1f1 c7c6 d1f3 h7h5 d2d4 h8h6 g2g3 d7d5
2769,c2c4 b7b6 b2b4 e7e5 b1a3 e8e7 g1h3 g7g5 e2e3 d7d5 f2f3 a7a5
2770,a2a3 g8f6 d2d4 b7b5 a3a4 g7g6 f2f3 a7a5 d4d5 f6d5 e2e4 c7c6
2771,h2h4 f7f6 c2c3 e7e6 h1h2 b7b6 b2b3 d7d6 g2g3 b8d7 c1a3 g7g6
2772,c2c4 b7b6 a2a3 f7f6 d2d3 e8f7 g2g4 c7c5 g4g5 h7h6 h2h4 g7g6
2773,e2e3 a7a5 e1e2 b7b5 a2a4 h7h5 e3e4 b8c6 c2c3 h8h6 e4e5 c6e5
2774,g1f3 b7b5 d2d4 g8f6 e2e3 f6d5 e3e4 c7c6 c1e3 f7f6 f1d3 d5e3
2775,e2e3 e7e5 f2f3 g7g5 g1h3 h7h6 g2g3 a7a6 f1b5 h8h7 d1e2 c7c6
2776,h2h4 h7h5 c2c3 e7e5 b2b3 f8d6 a2a4 e8f8 e2e4 g7g6 a1a2 f7f6
2777,e2e3 a7a6 f2f4 e7e6 f4f5 b7b5 e3e4 e6f5 e4f5 f8c5 g1f3 b5b4
2778,d2d3 d7d5 a2a4 g7g5 a4a5 e7e5 g2g4 e8e7 h2h4 c8g4 b2b3 e5e4
2779,e2e3 a7a5 b2b3 h7h6 b1a3 e7e5 b3b4 g7g5 h2h4 h6h5 b4a5 d7d6
2780,c2c4 d7d5 g1h3 h7h6 b2b4 e7e6 c4d5 a7a5 b1a3 a5b4 a1b1 f7f6
2781,a2a3 g8f6 e2e3 c7c6 g1f3 b8a6 a3a4 a8b8 f3e5 d8a5 e1e2 a5e5
2782,b1a3 a7a5 f2f3 b7b5 e2e4 f7f6 g1e2 g8h6 a3c4 b5b4 c2c3 b8c6
2783,b2b3 e7e6 e2e3 f8c5 g2g3 f7f5 f2f3 f5f4 b1c3 g8e7 g1e2 f4g3
2784,h2h4 h7h5 a2a3 b7b5 d2d3 d7d5 f2f3 c8h3 g2g4 h3g4 f1h3 g4c8
2785,b1a3 h7h5 g1f3 g8f6 a1b1 b8a6 f3d4 e7e5 d4e6 e8e7 e6d8 e5e4
2786,f2f4 a7a5 e2e3 a5a4 e1e2 d7d6 g1f3 c7c6 e3e4 f7f6 c2c3 e8f7
2787,e2e3 a7a5 f1a6 a5a4 e1e2 a4a3 a6b7 c8b7 d2d3 g8h6 b1a3 g7g5
2788,d2d4 h7h5 f2f3 g7g6 b1c3 c7c6 e1d2 b8a6 c3e4 b7b6 b2b3 a6b8
2789,e2e3 e7e5 f1c4 c7c5 f2f4 e8e7 g1f3 d7d5 e3e4 d5c4 h1f1 a7a5
2790,g1f3 h7h5 a2a4 c7c5 b2b4 b7b6 b4b5 g7g5 f3g5 f8g7 f2f3 g7d4
2791,b1a3 h7h5 b2b4 g7g5 b4b5 h8h6 f2f3 h6d6 a1b1 f8h6 e2e3 f7f6
2792,h2h3 h7h5 e2e3 c7c5 f2f4 f7f5 d2d4 c5d4 h3h4 h8h7 e3d4 g7g5
2793,h2h4 g8h6 f2f4 b7b5 g2g4 a7a5 g4g5 d7d6 d2d3 h6g4 h4h5 b5b4
2794,e2e3 a7a5 d2d4 a5a4 e1e2 b7b6 f2f3 g7g5 h2h3 d7d5 h1h2 b8c6
2795,g1f3 h7h5 b1a3 b7b6 c2c3 c7c6 a3c2 h8h6 g2g4 c6c5 f3d4 a7a5
2796,e2e4 b8c6 g2g4 g8h6 a2a4 h6g4 h2h4 g4h6 d1h5 a7a5 d2d4 g7g6
2797,h2h4 b7b6 e2e4 g7g6 d2d3 e7e5 g2g4 f7f6 d1e2 h7h5 b1d2 h8h7
2798,b1a3 h7h5 g1f3 b7b6 c2c3 c8b7 f3d4 c7c6 d4c2 h8h6 f2f4 f7f5
2799,g2g4 c7c5 d2d4 a7a6 c1d2 e7e5 g1f3 e5e4 f1g2 f7f6 e1g1 d7d5
2800,g1f3 b7b5 b1a3 g8f6 d2d3 b8a6 a1b1 f6e4 d1d2 e4d2 c1d2 c7c6
2801,e2e3 a7a5 e1e2 g8h6 a2a3 b7b5 c2c4 b5c4 f2f3 b8c6 d2d4 g7g6
2802,g1f3 h7h5 h2h3 b7b5 f3g1 h5h4 g2g4 a7a6 b2b3 a8a7 b1c3 b8c6
2803,e2e3 g7g6 g1h3 b7b6 g2g3 b8c6 f2f3 c6e5 h3f2 f7f6 b2b3 b6b5
2804,e2e3 h7h5 d2d4 g7g5 a2a3 d7d6 h2h3 b8d7 f2f3 f7f5 g2g4 g8f6
2805,e2e3 h7h5 g2g4 h5g4 b2b4 b7b6 b1a3 c7c5 f1e2 c5b4 a1b1 b4b3
2806,g1f3 b7b5 b1c3 h7h5 f3d4 b8a6 b2b4 h5h4 g2g4 d7d6 d4e6 c8e6
2807,h2h4 b7b6 g2g4 a7a5 f2f3 a8a7 d2d3 c7c5 f1g2 b6b5 d3d4 c5c4
2808,a2a3 c7c5 d2d4 f7f6 e1d2 a7a6 f2f3 b7b6 h2h3 d7d6 g2g3 h7h6
2809,e2e3 b8a6 e1e2 g7g5 g1h3 e7e6 f2f3 b7b5 h3g5 f8e7 c2c3 g8f6
2810,b1a3 a7a5 f2f3 b7b5 e2e4 h7h5 g1e2 b5b4 f3f4 e7e5 d2d4 b8a6
2811,e2e3 h7h5 g2g4 h5g4 a2a3 b8a6 h2h4 h8h7 d2d4 g7g6 f2f3 g4f3
2812,h2h4 b7b6 g2g4 f7f6 d2d4 b6b5 f2f3 a7a5 g1h3 d7d5 a2a3 a8a6
2813,g2g4 b7b6 h2h3 h7h5 f1g2 e7e6 g2f1 a7a5 a2a3 f8a3 e2e4 a3e7
2814,g1h3 e7e6 b1a3 a7a6 c2c3 d7d5 g2g3 h7h6 a3b5 f7f6 f2f4 c7c5
2815,b1a3 h7h5 b2b4 g7g5 c2c3 c7c6 f2f3 h8h6 d2d4 e7e6 g1h3 a7a5
2816,g1f3 h7h5 b1c3 h8h6 c3b5 b7b6 b5d4 h6c6 g2g4 h5g4 e2e4 c6c2
2817,h2h3 a7a6 c2c4 a6a5 g2g4 a5a4 b2b3 f7f5 b1c3 d7d6 b3a4 b7b6
2818,e2e3 a7a5 a2a3 c7c5 d2d4 h7h5 e1e2 b7b6 f2f3 c8b7 h2h4 c5d4
2819,g1h3 c7c5 c2c4 b7b6 a2a4 g7g6 b2b4 d7d5 g2g3 e8d7 f1g2 a7a6
2820,h2h4 h7h5 a2a3 b7b6 e2e3 b8c6 g2g4 h5g4 d2d4 c8b7 f2f3 g4f3
2821,a2a4 g7g6 e2e3 e7e6 f1e2 e6e5 b1c3 g6g5 h2h3 c7c6 c3d5 c6d5
2822,e2e3 h7h5 e1e2 c7c5 c2c3 g8h6 b2b4 h8g8 e3e4 g7g6 d2d4 c5b4
2823,e2e3 g7g6 f2f4 b8a6 e3e4 a8b8 g1f3 g8h6 f1a6 b7a6 c2c3 h6g4
2824,h2h4 h7h5 a2a3 b7b6 g2g4 e7e5 c2c4 d7d5 e2e3 d8d7 a1a2 e8d8
2825,e2e3 e7e5 f1c4 e5e4 d1h5 g7g6 c4e6 d7e6 g2g3 g6h5 h2h4 c8d7
2826,h2h4 b7b6 g2g4 f7f5 g4g5 a7a5 h1h2 e8f7 f2f3 c8b7 c2c3 a5a4
2827,d2d4 h7h5 b2b4 g7g6 e2e3 g8h6 b1d2 c7c6 a2a4 h8h7 h2h4 d7d5
2828,c2c4 c7c6 g1h3 h7h5 g2g3 f7f5 c4c5 h5h4 d1b3 g8f6 h3g1 d8c7
2829,h2h4 b7b5 a2a4 d7d5 b2b3 f7f6 e2e3 b8a6 g2g4 c8d7 h1h3 h7h5
2830,h2h4 h7h5 e2e4 a7a6 d1h5 h8h5 b1a3 h5h7 a1b1 g7g6 d2d3 c7c6
2831,h2h4 b7b5 a2a4 d7d5 b2b3 c7c6 e2e4 d8c7 c2c4 f7f6 a4b5 e8d7
2832,b2b3 b8a6 g2g4 f7f5 d2d4 f5f4 b1d2 a6c5 c2c3 c5e4 c3c4 d7d6
2833,b2b3 e7e6 e2e3 e8e7 b1a3 e7d6 f2f3 e6e5 h2h3 d8h4 e1e2 g8e7
2834,h2h4 h7h5 b1a3 b7b5 d2d4 a7a5 a1b1 c7c6 e2e4 e7e5 e1e2 a8a7
2835,a2a3 g8f6 a3a4 g7g6 e2e3 e7e6 f2f3 e8e7 b2b4 c7c6 g1h3 h7h5
2836,b2b3 a7a5 e2e4 e7e5 a2a4 e8e7 b1c3 c7c5 c1b2 f7f6 g2g4 d7d5
2837,d2d3 b8a6 a2a3 a8b8 c2c4 c7c5 d3d4 c5d4 g2g4 h7h5 e1d2 d4d3
2838,h2h4 b7b6 b2b3 d7d6 f2f4 a7a5 c2c3 a5a4 h1h2 c8g4 c1b2 c7c5
2839,h2h4 b7b6 c2c4 f7f6 a2a3 c7c5 d2d4 d7d5 a3a4 e8f7 b2b4 h7h5
2840,h2h4 b7b6 b2b3 h7h5 h1h2 e7e5 f2f3 e8e7 e2e4 f7f6 g2g3 c8b7
2841,f2f3 h7h5 b1c3 c7c6 c3d5 c6d5 b2b3 g8h6 e2e3 g7g5 d2d4 h6g8
2842,h2h3 b7b5 h3h4 f7f6 g2g4 b5b4 g4g5 d7d5 d2d3 a7a5 g5g6 e8d7
2843,d2d4 a7a6 e2e4 b7b5 f2f4 g8f6 e1d2 a6a5 g1e2 f6e4 d2d3 f7f5
2844,h2h4 b7b6 g2g4 f7f5 d2d3 a7a5 e2e4 c8b7 b1d2 f5e4 c2c4 a8a6
2845,h2h4 h7h5 e2e3 b8c6 a2a4 a8b8 e3e4 c6d4 b2b3 a7a5 a1a3 b7b5
2846,h2h4 b7b6 g2g4 f7f5 d2d3 h7h6 g4f5 d7d6 b1d2 c7c5 g1h3 a7a5
2847,e2e3 g7g5 f1e2 b8a6 a2a4 e7e5 e1f1 f8e7 h2h4 a8b8 b1c3 d7d5
2848,e2e3 b8c6 f2f3 e7e5 e1e2 g7g5 b2b3 c6e7 c1a3 a8b8 g1h3 d7d5
2849,e2e3 g7g6 f1e2 e7e5 g2g3 g6g5 b1c3 b8c6 c3d5 c6e7 b2b3 e7d5
2850,e2e3 f7f5 f1e2 f5f4 g2g3 g8h6 b1a3 c7c5 c2c4 h8g8 d1a4 h6f5
2851,e2e3 d7d5 f2f4 d8d7 e1f2 g7g5 f4g5 b7b6 e3e4 a7a5 g1e2 d5e4
2852,h2h4 b7b6 b2b3 f7f6 c2c3 g8h6 g2g3 e7e6 f1h3 e8e7 d2d3 h6g8
2853,g1f3 b7b6 b1a3 c7c6 h2h3 c8b7 g2g4 f7f6 h1h2 e8f7 a3c4 g7g6
2854,e2e3 g7g5 a2a4 b7b6 b1c3 e7e6 g1e2 f8e7 g2g3 b8a6 f2f4 f7f6
2855,h2h4 h7h5 a2a3 a7a6 e2e4 b7b5 e4e5 b8c6 f1e2 a6a5 c2c4 c6e5
2856,b1a3 h7h5 g2g3 h8h6 h2h4 b7b6 e2e4 e7e5 f2f3 e8e7 d2d3 a7a6
2857,g1h3 g8f6 b2b3 e7e6 h3g5 h8g8 f2f4 e8e7 e2e4 d7d6 e1f2 a7a5
2858,e2e4 b8a6 f2f4 g8f6 d2d4 f6e4 g1h3 b7b6 h1g1 d7d6 f1b5 c7c6
2859,e2e4 b8c6 g2g4 g8h6 a2a4 h6g4 h2h4 g4e3 d2e3 c6d4 e4e5 d4c2
2860,g1f3 b7b6 b1a3 h7h5 a1b1 a7a5 d2d3 a8a6 d1d2 c7c5 f3d4 h8h6
2861,e2e3 e7e5 g1e2 b8c6 a2a3 f8a3 b1c3 g7g5 a1b1 a3b2 g2g4 d7d6
2862,h2h4 b7b6 g2g4 f7f6 e2e4 g8h6 f2f3 b6b5 d2d3 a7a5 a2a4 f6f5
2863,e2e3 a7a5 f2f3 g7g5 a2a3 a5a4 g2g3 c7c6 h2h3 f8g7 e3e4 h7h5
2864,e2e3 g7g6 h2h3 g8h6 a2a3 e7e6 f2f3 h8g8 h3h4 f7f5 g1e2 b8c6
2865,b1a3 h7h5 a1b1 e7e5 e2e3 g7g5 f1e2 d7d5 g1f3 b8d7 g2g3 d8f6
2866,e2e3 a7a5 d2d4 a5a4 e1e2 b7b6 e3e4 e7e6 d4d5 g7g6 c2c4 e6d5
2867,b2b3 b8a6 h2h4 h7h5 g2g4 g7g5 h4g5 f7f5 f2f3 d7d5 d2d4 a8b8
2868,b1a3 h7h5 b2b4 g7g5 d2d4 f7f5 e2e4 c7c5 d1d2 d7d6 d2g5 h5h4
2869,h2h4 h7h5 c2c3 e7e5 g2g3 a7a6 g1h3 g7g6 f2f4 e5f4 d2d3 f7f6
2870,b1a3 h7h5 b2b4 g7g5 d2d4 h5h4 b4b5 g8f6 f2f3 h8g8 g1h3 d7d5
2871,b2b3 h7h6 e2e4 b7b6 c1a3 e7e6 a3f8 f7f6 g2g3 c8b7 d1c1 e8f8
2872,e2e3 e7e5 b1a3 g7g5 g2g4 b8c6 g1e2 e5e4 b2b3 c6b8 e2d4 a7a6
2873,h2h4 b7b5 b2b3 b8c6 c2c3 b5b4 h1h3 h7h6 c3b4 c6d4 a2a3 d4f5
2874,e2e3 d7d5 b2b3 a7a6 g2g4 c7c5 d1e2 h7h5 b3b4 a8a7 g1f3 a6a5
2875,e2e3 g7g5 f2f4 e7e5 g2g3 b8c6 f4g5 g8e7 c2c3 d7d6 d1g4 c8g4
2876,e2e3 d7d5 f2f4 h7h5 g1f3 b8a6 d2d4 d8d7 h1g1 h8h6 e3e4 d5e4
2877,a2a3 e7e6 a3a4 d7d5 a4a5 f7f6 g2g3 e8f7 g1h3 b8a6 c2c4 d8d6
2878,c2c3 e7e6 h2h4 f7f5 h1h2 h7h6 g1h3 a7a6 g2g3 d7d5 b2b3 f5f4
2879,e2e3 a7a5 d2d4 a5a4 e1e2 b8c6 e3e4 e7e5 d4d5 g7g5 d1d2 a4a3
2880,f2f4 b8a6 e2e4 g8f6 d2d4 e7e5 e1f2 f6e4 f2e1 f7f5 h2h3 f8d6
2881,h2h4 b7b6 b2b3 h7h5 h1h2 e7e5 e2e4 f7f6 f2f3 d7d6 h2h1 g7g6
2882,e2e3 d7d5 f1b5 b8c6 g2g3 e7e5 e1f1 g8e7 d1e2 d8d6 b5c6 b7c6
2883,h2h3 b7b5 a2a3 c7c5 c2c4 h7h5 d1c2 b5c4 f2f3 b8a6 g2g4 h5g4
2884,e2e3 g8h6 a2a3 h6g8 e1e2 e7e5 d2d4 g7g5 b1c3 e5d4 e3d4 g8f6
2885,e2e3 d7d5 h2h3 d8d6 b2b3 b8a6 f2f3 a8b8 e1f2 a6b4 a2a3 h7h6
2886,e2e3 g7g6 h2h3 e7e6 g2g3 b8a6 f1a6 f8e7 a2a3 c7c6 f2f3 a8b8
2887,h2h4 b7b6 b2b3 b8c6 h1h3 c8b7 d2d4 d7d6 c2c3 e7e6 g2g4 c6e7
2888,e2e4 b8c6 g2g4 g8h6 a2a4 h6g4 h2h4 g4e3 f1d3 a7a5 d2e3 g7g6
2889,h2h4 b7b6 b2b3 h7h5 h1h2 e7e5 f2f4 d7d6 f4e5 f7f6 g1h3 c8f5
2890,g1h3 a7a6 c2c4 d7d5 c4c5 e7e6 h3g1 g7g6 h2h3 a6a5 h3h4 b7b5
2891,b1a3 h7h5 g1f3 g8f6 a3c4 f6e4 a1b1 c7c6 f3e5 h8h6 f2f4 f7f5
2892,a2a3 g8f6 e2e3 c7c6 h2h4 b8a6 h1h3 a8b8 a3a4 f6g8 e1e2 d7d6
2893,g1f3 e7e6 b1a3 d7d6 c2c3 a7a5 f3e5 c7c6 a3c2 d6e5 a2a4 b7b5
2894,h2h4 b7b6 g2g4 f7f6 e2e4 a7a5 c2c4 g7g6 f2f3 b8a6 f1g2 e8f7
2895,a2a3 e7e6 d2d4 h7h6 e1d2 g7g6 e2e3 f8e7 h2h4 a7a6 g2g4 e7f8
2896,a2a4 e7e6 a4a5 e8e7 a5a6 f7f6 c2c3 h7h6 d2d3 b8a6 c3c4 b7b6
2897,e2e4 d7d5 e4d5 g7g6 g1f3 f7f6 a2a3 e7e5 f3d4 d8d5 b1c3 d5d4
2898,h2h4 b7b6 b1a3 h7h5 g2g4 h5g4 f2f4 f7f5 d2d4 a7a5 d4d5 b6b5
2899,e2e3 h7h5 b2b3 g7g5 f2f4 a7a6 h2h3 f7f6 g2g3 g5f4 e3f4 e7e5
2900,h2h4 b7b6 b2b3 h7h5 h1h2 e7e5 f2f4 h8h7 a2a4 d7d6 g2g3 a7a6
2901,e2e3 b8a6 a2a4 f7f6 f1e2 e7e5 b1c3 f8c5 a4a5 c5b4 e1f1 h7h6
2902,a2a3 d7d5 h2h3 b8d7 f2f3 a8b8 e2e3 e7e5 d2d4 f8a3 d1e2 a7a6
2903,a2a3 e7e6 e2e4 f7f6 e1e2 e6e5 f2f3 g8e7 c2c4 d7d6 a3a4 e8d7
2904,e2e3 b7b6 f2f3 e7e5 c2c4 g7g5 g1h3 g8e7 b2b4 d7d5 h3g5 b8a6
2905,h2h4 b7b6 b1a3 h7h5 d2d4 b8c6 d4d5 c6a5 g2g3 c7c6 b2b4 e7e6
2906,h2h4 b7b6 b1a3 c7c5 e2e3 h7h5 g2g4 h5g4 e3e4 h8h7 f1g2 c5c4
2907,h2h4 b7b6 b2b3 b8c6 f2f4 g8h6 e1f2 a7a5 a2a4 f7f5 c1b2 c8b7
2908,e2e4 b8a6 d2d4 c7c5 f2f4 c5d4 d1f3 g8f6 f1d3 h7h5 f4f5 h8h6
2909,f2f4 a7a5 c2c4 g8h6 h2h4 b7b5 g2g4 b5c4 a2a4 d7d6 e2e3 d8d7
2910,e2e3 a7a5 b2b3 a5a4 f1b5 c7c6 d1f3 h7h5 e1e2 h8h6 b5d3 f7f5
2911,e2e3 g7g5 d1h5 e7e5 g1h3 b8c6 h1g1 g8e7 h3g5 a7a5 g2g3 e5e4
2912,h2h4 g8f6 g2g4 a7a5 d2d3 d7d5 d1d2 e8d7 f1h3 f6g4 e2e4 f7f6
2913,e2e3 e7e6 b2b3 f8c5 b1a3 g7g5 g1e2 e6e5 g2g3 c5a3 h1g1 a3d6
2914,a2a3 c7c5 h2h3 h7h6 e2e3 b7b6 c2c4 g7g5 g1e2 h6h5 h1g1 f8g7
2915,e2e3 e7e5 g2g4 b8c6 b1c3 g7g5 e3e4 b7b6 f1c4 g8h6 c3b5 h6g4
2916,h2h4 h7h5 e2e4 a7a6 b2b3 f7f6 d2d3 d7d6 b1d2 g7g6 g2g4 h5g4
2917,g1f3 e7e6 b1a3 d7d6 h2h4 b8a6 g2g4 c7c6 h1h2 f7f6 f3g1 g8h6
2918,e2e3 d7d5 a2a4 a7a6 b2b3 c8g4 a4a5 e7e5 d2d3 d8f6 f2f3 g4e6
2919,b1a3 a7a5 f2f3 b7b5 c2c3 c7c6 a3c2 a8a7 e2e3 c6c5 e1e2 h7h5
2920,e2e3 d7d5 e1e2 e7e5 g1f3 d8d6 a2a4 h7h6 f3e5 f7f5 e5d3 f5f4
2921,b1a3 h7h5 b2b4 h5h4 d2d4 d7d5 d1d2 a7a6 a3b5 f7f6 g2g3 b8c6
2922,h2h4 h7h5 b2b3 c7c5 e2e4 g7g5 g2g3 d7d6 a2a3 b8d7 f2f3 f7f5
2923,e2e4 b8a6 d2d4 g8f6 f2f3 c7c6 g1e2 a8b8 d4d5 d7d6 d1d2 b7b6
2924,d2d4 a7a5 g2g3 g8f6 d4d5 b7b6 e2e3 e7e5 b1a3 f6d5 g3g4 g7g5
2925,a2a3 f7f5 g1f3 d7d6 e2e4 e7e6 b2b3 f5e4 f3g1 a7a6 d2d3 b8c6
2926,e2e3 d7d5 f2f4 d8d7 g1f3 b8a6 f1b5 e8d8 e1e2 c7c6 c2c3 a8b8
2927,e2e4 f7f6 d2d4 g8h6 a2a3 c7c5 g1f3 b8c6 e4e5 a7a5 e5f6 g7f6
2928,h2h4 e7e5 a2a4 d7d6 c2c4 b7b6 g2g4 h7h5 e2e3 e8e7 b1c3 d8e8
2929,e2e4 b8c6 g2g4 g8h6 a2a4 a7a5 d2d4 h8g8 d4d5 b7b5 b1c3 g7g5
2930,e2e4 c7c5 b2b3 b7b5 d2d3 b8a6 a2a4 b5a4 e1e2 h7h6 d3d4 a4b3
2931,e2e4 f7f6 b1c3 c7c6 g1e2 c6c5 a2a4 d7d6 f2f4 a7a6 e1f2 d6d5
2932,e2e4 a7a6 d2d3 f7f6 g2g4 e7e5 b2b3 g7g5 c1b2 g8e7 a2a4 e8f7
2933,b1a3 h7h5 b2b4 g7g6 d2d4 g8h6 h2h4 h8h7 f2f3 c7c6 b4b5 b8a6
2934,h2h4 b7b6 h1h2 h7h5 b2b3 h8h7 e2e4 e7e5 c1b2 h7h6 f1e2 a7a6
2935,b2b3 b8a6 h2h4 a6b8 d2d3 d7d5 h1h2 e7e6 g2g4 h7h6 g1f3 e6e5
2936,h2h4 h7h5 b1c3 e7e5 d2d3 f8d6 e2e4 b8a6 d1g4 c7c5 g4e2 g7g5
2937,d2d4 b8c6 c2c3 c6d4 f2f3 a7a5 e2e3 e7e6 e3d4 g8f6 c1g5 a5a4
2938,e2e3 h7h5 f2f4 g7g5 h2h3 g5f4 e3f4 f7f5 a2a3 b8c6 b2b3 e7e6
2939,e2e3 g8h6 g1f3 g7g6 a2a4 a7a5 b1a3 a8a6 f1a6 g6g5 g2g4 h6g4
2940,e2e3 e7e5 f1e2 b7b6 e2c4 a7a6 f2f4 g7g5 d2d3 d7d6 f4f5 b8c6
2941,b1c3 f7f6 a1b1 e7e6 d2d4 d7d6 h2h4 b7b5 c3b5 a7a6 c2c3 a6b5
2942,a2a3 b7b6 c2c4 c7c5 a3a4 b8a6 a4a5 g8h6 d2d3 f7f6 a5b6 g7g6
2943,g2g4 f7f5 h2h3 e7e5 g4g5 f8c5 h1h2 c5d4 c2c4 d7d6 e2e4 b7b6
2944,e2e3 a7a5 f1b5 h7h5 b2b4 c7c5 d2d4 g7g5 h2h4 a8a7 g2g4 a5b4
2945,f2f3 c7c6 d2d4 a7a6 e1d2 c6c5 a2a4 d7d5 g2g4 c5c4 b2b3 e7e5
2946,b2b3 e7e5 h2h4 b7b5 a2a4 a7a5 f2f4 b5a4 b1c3 a8a6 a1a4 c8b7
2947,a2a3 b7b6 g1h3 e7e5 b1c3 b8a6 h1g1 d7d5 g2g4 d5d4 a3a4 g8e7
2948,e2e3 e7e6 b2b3 e6e5 g2g3 f8c5 f2f3 f7f6 g1e2 g8e7 e1f2 e7d5
2949,b2b3 e7e6 h2h4 f7f5 c2c4 h7h6 g2g3 f5f4 b1c3 d8e7 c1a3 e6e5
2950,h2h4 b7b6 b1a3 h7h5 g1f3 c8b7 d2d4 h8h6 e2e3 c7c6 b2b4 g7g5
2951,a2a3 g8f6 a3a4 e7e6 b2b4 g7g6 h2h4 f8g7 d2d3 d7d5 a1a3 e8d7
2952,e2e4 b8c6 b2b3 a7a6 d2d3 g8h6 c1b2 h8g8 b1d2 g7g5 d3d4 a6a5
2953,g1f3 e7e5 a2a4 d7d6 c2c3 b7b6 a4a5 c8g4 a5b6 a7a5 d2d3 c7b6
2954,g2g3 h7h5 f1g2 d7d5 g3g4 f7f6 b2b3 a7a6 f2f3 c7c5 b1a3 b7b6
2955,e2e3 e7e5 g1e2 b8c6 b1c3 a7a5 c3d5 g8e7 g2g4 e7d5 h2h3 b7b6
2956,e2e4 e7e6 b1c3 g7g5 g2g4 e6e5 g1e2 d7d6 h1g1 d6d5 e4d5 d8d6
2957,g2g4 h7h6 h2h3 a7a6 e2e4 f7f6 g4g5 h6g5 h3h4 h8h5 d1h5 g7g6
2958,b1c3 h7h5 b2b3 g7g5 f2f4 h8h6 c3a4 h6f6 g2g3 g5f4 e2e4 e7e6
2959,h2h4 h7h5 e2e4 a7a5 b2b3 f7f6 d2d3 b8c6 c2c3 h8h7 e1e2 c6e5
2960,e2e3 a7a5 g1f3 h7h5 a2a3 a5a4 g2g4 f7f6 e1e2 e7e6 f3g1 g7g6
2961,h2h4 b7b5 h4h5 f7f6 b2b4 d7d5 d2d4 e7e6 e1d2 b8d7 a2a4 g7g5
2962,e2e3 e7e5 c2c3 g7g5 f2f4 g8e7 f4g5 d7d5 f1e2 b8d7 e1f2 a8b8
2963,h2h4 h7h6 a2a3 h6h5 e2e3 b7b6 f2f3 c7c5 c2c4 b8a6 d2d4 c5d4
2964,h2h4 b7b6 b2b3 h7h5 h1h2 h8h7 e2e4 g7g6 a2a4 e7e5 b3b4 a7a6
2965,h2h4 b7b6 b2b3 h7h5 h1h2 h8h7 e2e4 e7e5 f1c4 h7h8 d1e2 f7f6
2966,e2e3 a7a5 f2f3 a5a4 e1e2 c7c6 e3e4 f7f6 c2c3 e7e5 g2g3 f8c5
2967,e2e4 b8c6 g2g4 g8h6 a2a4 a7a5 d1e2 h8g8 a1a3 c6d4 b2b3 c7c6
2968,e2e3 a7a5 f2f3 a5a4 e1e2 e7e6 c2c3 f8c5 e3e4 e8e7 g1h3 f7f6
2969,e2e3 g7g6 f1e2 b7b6 d2d3 h7h5 b1d2 g6g5 h2h3 c7c6 g2g4 h5g4
2970,e2e4 b8c6 b2b3 e7e5 b1c3 g7g5 g2g4 a8b8 a2a4 c6d4 c1b2 f8h6
2971,b1c3 h7h5 h2h4 b8a6 b2b3 d7d6 g1h3 c8g4 c3b1 a6b8 c2c4 a7a5
2972,e2e4 b8c6 g2g4 g8h6 a2a4 a7a5 e4e5 h8g8 d2d4 g7g5 b2b3 c6d4
2973,a2a3 g8f6 e2e3 c7c6 h2h4 b8a6 h1h3 a8b8 a1a2 e7e5 h3h2 h7h5
2974,f2f4 a7a5 c2c4 d7d5 c4d5 e8d7 h2h3 g8h6 d5d6 e7e5 b2b3 f8d6
2975,e2e4 b8c6 b2b3 e7e5 b1c3 g7g5 a2a4 f8h6 g2g4 a8b8 g1e2 c6e7
2976,e2e3 g7g6 e1e2 h7h5 g2g3 g8h6 f2f3 d7d5 b2b3 h5h4 g1h3 b7b5
2977,e2e3 a7a5 f2f3 g7g6 a2a3 h7h5 g2g3 c7c5 e1f2 d7d5 f1a6 c8h3
2978,e2e3 g7g6 f1e2 b7b6 a2a4 a7a5 b1c3 e7e6 b2b3 g6g5 c3d5 c8b7
2979,e2e3 g7g6 h2h3 g8h6 d2d4 f7f5 b1a3 d7d5 b2b4 d8d7 f2f3 f8g7
2980,h2h4 b7b6 b2b3 h7h5 c2c3 g7g5 h1h3 e7e5 g2g4 e8e7 f2f4 d7d6
2981,e2e3 g7g6 h2h3 g8h6 b2b4 c7c6 b1a3 h6f5 f1e2 h7h5 d2d4 f5g3
2982,h2h4 b7b6 b2b3 h7h5 g1h3 c7c6 f2f4 g7g6 f4f5 f8g7 h3g1 g7a1
2983,g1h3 g8f6 h3g1 b8a6 g1f3 f6g8 b1a3 a6c5 e2e3 h7h5 d2d4 g7g5
2984,a2a3 a7a5 f2f3 b7b5 c2c4 c8a6 d2d3 a6c8 g2g4 d7d6 c1e3 d6d5
2985,e2e3 e7e6 g2g4 g8h6 h2h4 g7g6 f2f4 h6g4 f1a6 f7f6 f4f5 f8e7
2986,e2e3 g7g6 h2h3 e7e6 b2b4 f8b4 f2f3 g6g5 g2g3 e6e5 a2a3 b8c6
2987,h2h4 h7h5 a2a3 b7b6 e2e3 c7c5 f2f3 a7a5 d1e2 b8c6 e2f2 c6d4
2988,b1a3 a7a5 d2d3 f7f6 e1d2 d7d5 f2f3 e8d7 a1b1 h7h5 a3b5 g7g5
2989,h2h4 b7b6 b2b3 e7e6 c2c3 d7d6 d1c2 c8b7 g2g3 g7g5 b3b4 e6e5
2990,e2e4 b8c6 d1f3 g8h6 b2b3 f7f5 g1e2 f5e4 f3e4 d7d6 e2d4 c8h3
2991,c2c3 e7e6 b2b4 a7a5 g2g3 b8c6 d1c2 a5b4 e2e4 a8a6 f1a6 f8c5
2992,h2h4 h7h5 e2e3 b7b6 b1a3 h8h7 f1c4 h7h8 a3b1 b8c6 a2a3 c8b7
2993,e2e3 c7c5 f2f4 f7f5 d2d4 h7h5 d1e2 g8h6 e2h5 h6f7 h5g6 h8h6
2994,h2h4 b7b6 b2b3 c7c5 f2f4 f7f6 g1h3 b6b5 a2a4 b5b4 e1f2 f6f5
2995,h2h4 h7h5 b2b3 g7g5 d2d3 c7c5 a2a4 f7f6 c1g5 f6g5 e1d2 b7b5
2996,g2g3 b7b6 g3g4 h7h5 h2h4 d7d6 c2c4 a7a5 e2e3 g7g5 f2f3 f8h6
2997,a2a3 c7c5 a3a4 g7g6 b1c3 f7f6 d2d4 d7d5 e2e3 g8h6 a1b1 d8d7
2998,b1a3 h7h5 c2c4 b8a6 a3c2 a8b8 h2h3 d7d5 c4c5 a6c5 a1b1 a7a5
2999,g1f3 d7d6 f3e5 e7e6 e5d3 f7f5 h2h4 b7b5 g2g4 d8g5 h4g5 c7c5
3000,a2a3 g8f6 h2h4 c7c5 b1c3 g7g6 a1a2 h7h6 h1h3 b8a6 b2b4 a6b4
3001,e2e3 a7a5 f1b5 a5a4 g2g3 c7c6 d1f3 d7d6 e1f1 c8g4 f1g2 g4f3
3002,e2e4 b8c6 g2g4 a8b8 a2a4 c6d4 a4a5 g8f6 d1e2 f6h5 e4e5 d7d6
3003,a2a4 e7e6 g2g4 g7g6 a4a5 g8f6 d2d3 f8b4 c2c3 f6g4 h2h4 h8g8
3004,e2e3 d7d5 b2b3 c8h3 a2a4 e7e5 f1b5 h3d7 b5d7 b8d7 b1a3 g7g5
3005,a2a3 c7c5 a3a4 g7g5 a4a5 d8c7 d2d3 h7h5 c1d2 g5g4 d2c3 c7c6
3006,a2a4 g7g6 e2e3 e7e6 f2f3 f8b4 h2h3 d8e7 a4a5 c7c6 b2b3 f7f6
3007,a2a4 g7g6 g2g4 a7a6 a4a5 e7e5 b1c3 h7h5 c3d5 g6g5 a1a3 f8a3
3008,a2a3 e7e6 e2e4 g7g6 g2g4 g8h6 g1e2 d8h4 b1c3 h6g4 d2d3 h8g8
3009,h2h4 g8f6 h1h3 b8a6 c2c4 h7h6 b2b3 a6c5 c1a3 f6g8 d1c1 a7a5
3010,a2a3 a7a5 d2d4 c7c5 a3a4 a8a7 b2b4 a5b4 g2g3 h7h6 e1d2 h6h5
3011,h2h4 b7b6 b2b3 h7h6 f2f4 f7f6 a2a4 h6h5 e1f2 d7d5 e2e4 e8d7
3012,h2h4 b7b6 g2g4 f7f5 a2a4 a7a5 c2c4 a8a6 f2f3 b8c6 a1a2 c6b4
3013,e2e3 a7a5 f2f4 a8a7 d2d4 f7f6 e1d2 a5a4 c2c4 c7c5 d1f3 c5d4
3014,d2d4 a7a5 g2g3 g8f6 a2a4 b7b6 d4d5 a8a6 c2c4 c8b7 e2e3 e7e5
3015,e2e3 f7f6 f1b5 f6f5 b5e2 e7e5 g2g3 e8f7 e1f1 g8e7 b1c3 f5f4
3016,e2e3 g7g6 h2h3 g8h6 f2f4 b8c6 a2a4 h8g8 h3h4 c6d4 b1a3 h6f5
3017,b1a3 h7h5 b2b4 h5h4 f2f3 a7a5 b4b5 c7c6 c2c3 d7d5 g1h3 c6b5
3018,e2e4 b8c6 g2g4 g8h6 a2a4 h6g4 h2h4 g4e3 g1h3 c6d4 f1d3 d4c2
3019,b1a3 c7c5 h2h3 c5c4 g1f3 g8h6 a3c4 b8c6 c4d6 e7d6 e2e3 b7b6
3020,b2b3 e7e6 e2e3 f8c5 a2a4 g7g5 g2g4 f7f6 a4a5 c7c6 a5a6 c5d6
3021,h2h4 h7h5 b2b3 b7b6 g2g4 f7f6 g4h5 d7d6 c2c3 c7c5 e2e3 e7e6
3022,e2e3 g7g5 f2f4 e7e5 c2c3 b8c6 f4g5 g8e7 f1e2 a7a6 e1f2 a8b8
3023,h2h4 b7b6 b2b3 c7c6 g2g4 c6c5 d2d4 c5d4 e1d2 g8h6 f2f3 b8c6
3024,e2e3 d7d5 e1e2 c8e6 f2f3 a7a6 d2d4 h7h6 b2b3 h8h7 h2h4 c7c5
3025,e2e3 a7a5 d2d4 a5a4 e1e2 a8a6 e3e4 g8f6 c1g5 d7d6 d1c1 b7b6
3026,h2h4 c7c6 b2b3 b7b5 g2g4 g8h6 c2c4 h6g4 f1g2 d7d5 e1f1 d8d6
3027,e2e3 g7g6 h2h3 g8h6 f2f3 f7f5 a2a3 f5f4 h3h4 c7c6 e3f4 b8a6
3028,e2e3 a7a5 e1e2 b7b5 d2d4 g8h6 g2g3 d7d5 c2c3 a8a7 d1d2 c7c6
3029,a2a4 h7h5 d2d3 b7b6 b1d2 b8a6 g2g4 a8b8 e2e4 h5g4 g1e2 d7d6
3030,a2a4 e7e6 a4a5 e8e7 c2c3 e6e5 b1a3 f7f5 a3c2 g8h6 d2d3 b8a6
3031,h2h4 b7b6 b2b3 e7e6 c1b2 f7f6 b1c3 b6b5 b3b4 a7a5 h4h5 g8e7
3032,e2e3 g7g5 h2h3 e7e6 g2g3 g8e7 f2f4 a7a6 f4g5 e6e5 d1h5 b8c6
3033,b2b3 e7e5 h2h4 b7b6 h4h5 c7c6 g2g4 g8e7 d2d3 e7g6 h5g6 f8c5
3034,b1a3 a7a5 f2f3 b7b5 a3c4 h7h5 a1b1 h8h7 h2h4 b5c4 d2d4 c4d3
3035,e2e3 g7g6 a2a4 e7e5 g1f3 f8b4 f1d3 f7f6 e3e4 a7a5 f3d4 e5d4
3036,b2b3 a7a5 d2d3 h7h6 e2e4 c7c5 a2a4 g7g6 b1a3 h8h7 g2g4 c5c4
3037,h2h4 b7b5 c2c3 a7a5 b2b3 f7f6 a2a4 h7h6 f2f4 a8a6 b3b4 d7d5
3038,e2e4 b8c6 g2g4 g8h6 f2f3 e7e6 a2a4 b7b5 h2h4 h8g8 e4e5 c6d4
3039,h2h4 b7b6 b2b3 h7h5 h1h3 e7e5 h3e3 g7g6 e3e5 d8e7 g2g3 e7e5
3040,e2e4 b8c6 g2g4 c6b8 a2a3 c7c5 d2d4 a7a6 d1d2 d7d6 a3a4 c8g4
3041,e2e4 b8c6 g2g4 g8h6 a2a4 h8g8 b1c3 g7g5 g1h3 h6g4 f2f3 g4h2
3042,a2a3 c7c5 a3a4 g7g5 g2g3 a7a5 b1c3 f7f5 f2f3 h7h6 b2b4 a5b4
3043,h2h4 b7b6 b2b3 h7h5 h1h2 e7e5 e2e4 a7a5 f2f3 f7f6 a2a4 e8e7
3044,e2e4 b8c6 g2g4 a8b8 f1g2 g8h6 a2a4 a7a5 e4e5 g7g5 a1a3 h6g4
3045,e2e3 a7a5 d2d4 a5a4 e1e2 b7b6 d4d5 g7g5 c2c3 e7e6 g1h3 c8b7
3046,b1a3 a7a5 d2d3 f7f6 e1d2 d7d5 a1b1 c7c6 e2e3 a5a4 g2g4 d8c7
3047,e2e3 a7a5 d2d4 g8h6 f2f3 a5a4 d4d5 h6f5 a2a3 f5e3 c1e3 c7c6
3048,a2a3 e7e6 e2e4 f7f6 e1e2 h7h6 c2c4 b7b6 d2d3 c8b7 c4c5 d8c8
3049,h2h4 c7c6 h4h5 d7d6 d2d3 f7f5 c1f4 e7e5 c2c3 e5f4 a2a4 a7a5
3050,a2a3 g8f6 f2f3 b8c6 e2e3 f6d5 h2h3 d5e3 d2e3 f7f5 a3a4 a7a5
3051,h2h4 b7b6 b2b3 e7e6 g2g4 f7f5 c2c4 g7g5 f2f3 h7h5 f1g2 b8c6
3052,b1a3 b8a6 b2b4 b7b5 d2d4 d7d5 g1f3 a6b4 c2c3 c7c6 a1b1 a8b8
3053,e2e3 a7a5 f1b5 a5a4 c2c3 c7c6 e1e2 g7g5 b5a4 f7f6 d2d4 h7h5
3054,e2e4 b8c6 g2g4 g8h6 a2a4 h6g4 h2h4 g4e3 g1f3 c6d4 f3d4 d7d6
3055,b2b3 b8a6 h2h4 h7h5 b1a3 a6b8 a1b1 b8c6 c2c3 b7b6 e2e4 c8b7
3056,e2e3 g7g6 h2h3 e7e6 g1f3 g8e7 f3d4 b8c6 d4c6 e7c6 a2a4 c6e7
3057,e2e4 b7b6 g2g4 f7f6 g1e2 g8h6 b1c3 a7a5 a2a4 c8b7 d2d3 a8a6
3058,a2a3 g8f6 e2e3 c7c6 d2d3 d7d6 c2c3 g7g5 a3a4 c8d7 b1d2 a7a5
3059,e2e3 a7a5 d1h5 e7e6 g2g3 d7d6 f1e2 b7b6 b2b3 a5a4 h5f3 c7c6
3060,h2h4 b7b6 b2b3 h7h5 h1h2 h8h7 b1c3 h7h6 c3a4 h6d6 a4b6 c7b6
3061,h2h4 b7b6 b1c3 g8h6 h1h3 c7c6 b2b3 a7a5 g2g4 f7f5 d2d4 c8b7
3062,e2e4 b8c6 g2g4 g8h6 a2a4 h6g4 h2h4 c6d4 f2f4 h8g8 f1b5 g8h8
3063,e2e3 a7a5 d1g4 d7d5 g4f4 g7g5 g2g4 g5f4 f1e2 c8g4 b2b3 a8a7
3064,e2e4 b8c6 d1h5 a7a5 b2b3 e7e5 d2d3 g7g5 c2c3 g8f6 c1g5 f6h5
3065,e2e3 a7a5 e1e2 g8h6 g2g3 b8c6 f2f3 b7b6 f1g2 c8b7 c2c3 d8c8
3066,h2h4 b7b5 g2g4 a7a5 f1g2 g8h6 h1h2 h8g8 g2d5 g8h8 d5a8 f7f6
3067,e2e3 a7a5 f1b5 h7h5 g2g3 h8h6 d1h5 h6h5 d2d4 h5d5 h2h3 e7e6
3068,h2h4 b7b6 b2b3 b8c6 c2c3 h7h5 h1h3 c8b7 d2d4 g7g6 e2e4 f7f6
3069,e2e3 e7e5 c2c4 d7d5 e1e2 a7a6 a2a3 g7g5 c4d5 c8d7 d2d3 g8f6
3070,b1a3 a7a5 f2f3 a5a4 e2e4 c7c6 g1e2 f7f6 d2d4 e8f7 e1d2 e7e5
3071,e2e3 a7a5 e1e2 c7c6 e3e4 g8h6 g1f3 f7f6 c2c4 c6c5 d2d4 f6f5
3072,e2e4 b8a6 a2a3 c7c5 g2g3 d8a5 h2h4 a8b8 h1h3 f7f6 b2b4 e7e5
3073,e2e4 b8c6 g2g4 h7h5 c2c4 a8b8 h2h3 a7a5 e4e5 h5g4 d1g4 d7d6
3074,a2a4 c7c6 d2d3 g7g6 b1d2 h7h5 g2g4 h8h7 f2f4 h5g4 b2b4 e7e5
3075,h2h4 b7b6 b2b3 h7h5 h1h2 c7c5 e2e4 g7g5 g2g3 h8h7 f1b5 b8c6
3076,h2h4 b7b5 h4h5 f7f6 a2a4 b5b4 d2d3 g7g6 b1c3 g8h6 c3d5 e7e6
3077,e2e3 g7g6 a2a3 e7e5 g2g4 g6g5 f1c4 d7d5 h2h4 d8d7 h1h2 d5c4
3078,b2b3 g7g5 f2f4 e7e6 e2e4 a7a5 f4f5 f8c5 g2g3 a5a4 b1a3 d7d6
3079,e2e3 e7e5 e3e4 g8e7 d2d3 f7f6 b2b3 b8a6 f2f3 g7g5 e1e2 a8b8
3080,e2e4 b8c6 g2g4 g8h6 a2a4 h6g4 g1e2 g4f2 e1f2 b7b6 b2b4 c6b4
3081,e2e4 b8c6 g2g4 g8h6 a2a4 h6g4 d2d4 g7g5 h2h4 f7f6 f1d3 c6b4
3082,e2e4 e7e5 a2a4 d7d5 f2f3 g7g5 g1e2 f8h6 b1c3 b8c6 a1b1 c6d4
3083,a2a3 g8f6 a3a4 e7e6 h2h4 b8a6 h1h3 a8b8 a4a5 d7d5 d2d3 h7h6
3084,e2e3 g7g6 h2h3 d7d6 e1e2 e7e5 b1c3 a7a6 f2f3 d6d5 c3d5 b7b6
3085,b1c3 a7a5 g2g3 e7e6 e2e4 b8c6 g3g4 c6d4 c3b5 a8b8 b5d4 d7d5
3086,e2e3 e7e5 c2c4 f7f5 g1e2 f5f4 e3f4 d7d6 b1c3 b8d7 h1g1 e5e4
3087,e2e4 e7e5 b1c3 g7g5 g1e2 a7a5 a2a4 d7d5 g2g4 h7h5 a1a3 d8d7
3088,e2e4 e7e5 a2a4 g7g6 b1c3 d7d6 f1c4 g6g5 g1h3 c8h3 h1f1 h7h5
3089,h2h4 b7b6 b2b3 e7e6 c2c3 d7d6 g2g4 e6e5 c3c4 c8g4 c1b2 b8d7
3090,h2h3 e7e5 g2g4 d7d5 d2d3 f7f5 a2a4 a7a6 c2c4 d8h4 c1g5 f8d6
3091,e2e3 e7e5 f2f3 d8g5 g2g3 e8d8 d1e2 g5e7 b2b3 b8a6 e1d1 g7g5
3092,b2b3 c7c6 g2g4 c6c5 d2d3 h7h5 a2a4 g7g5 e2e3 g8h6 e1e2 b7b6
3093,e2e4 e7e5 b1a3 f8c5 a3c4 e8e7 d2d3 c7c6 g2g4 f7f6 g1e2 e7e6
3094,e2e3 a7a5 g1f3 g8h6 g2g3 g7g5 h2h3 a8a7 f3g5 f7f5 f1b5 f5f4
3095,e2e3 a7a5 d1h5 a5a4 g1h3 d7d6 h1g1 c8h3 g2g3 c7c6 f1h3 g8f6
3096,g1f3 h7h5 f3e5 h8h6 h2h4 b7b6 h1h2 d7d6 b2b3 c8e6 e5d3 f7f6
3097,b1a3 h7h5 b2b4 h5h4 d2d4 d7d5 d1d2 a7a6 a3b5 e8d7 f2f3 e7e6
3098,e2e3 e7e5 h2h3 g7g5 g2g4 a7a6 e3e4 g8f6 h3h4 a6a5 f2f3 g5h4
3099,b2b3 b8c6 d2d3 c6d4 e2e4 b7b6 e1d2 f7f6 c1b2 e7e5 a2a3 d4e6
3100,e2e4 e7e5 d2d4 b8c6 d1d3 g8e7 g2g4 a8b8 h2h3 a7a5 d4e5 b7b6
3101,e2e3 d7d5 f2f3 g7g5 b2b3 b7b6 g2g3 b8a6 e1e2 b6b5 c2c3 h7h5
3102,b1a3 b8a6 d2d3 g7g5 h2h4 g5h4 a1b1 e7e6 e2e4 a6c5 c1d2 e8e7
3103,b1a3 h7h5 g1f3 c7c5 f3e5 h8h6 h2h4 g7g5 d2d4 b7b6 a1b1 g5h4
3104,g1h3 g8f6 h3g5 b8a6 h2h4 b7b6 b1a3 f6e4 h1g1 c7c6 f2f4 e7e5
3105,b1a3 h7h5 g1f3 c7c5 h2h4 d8c7 c2c3 f7f5 g2g3 e8d8 f3g5 a7a6
