game,outcome,end_reason,n_moves,loss,steps,timestamp,moves
1,B,value_resign,27,1.727497,5,2026-09-11 10:09:21,e2e3 a7a5 b1a3 a5a4 f1d3 d7d6 c2c3 e8d7 h2h3 e7e6 b2b4 f7f5 d1c2 b8a6 c2a4 b7b5 e3e4 b5a4 g1f3 f5e4 d3e4 g7g6 e1e2 g8e7 e2e1 d7e8 c3c4
2,W,checkmate,31,1.721322,10,2026-09-11 10:10:30,g1f3 e7e5 b2b4 f8d6 b1a3 b7b5 c2c3 a7a5 d1a4 a5b4 a4a8 e5e4 a3b5 e4f3 d2d4 b4c3 a8f3 h7h5 a1b1 c7c6 b5d6 e8e7 c1e3 e7d6 b1b8 d8e8 g2g4 h5g4 f3g3 e8e5 g3e5
3,B,checkmate,60,1.708511,15,2026-09-11 10:20:01,f2f4 b8a6 c2c4 h7h5 g2g4 b7b5 c4b5 d7d5 g1f3 a8b8 f3g5 b8b5 d2d4 c8d7 f1g2 b5b4 e1f1 g8f6 h2h3 h5g4 a2a3 h8g8 a3b4 g4g3 a1a6 e7e6 a6b6 e8e7 c1d2 c7b6 g2f3 d7b5 h1g1 d8c8 f4f5 e7d8 f5e6 f7e6 g1h1 f8d6 d1e1 c8d7 h1g1 d8e8 g1g3 d6g3 g5e6 g3e1 f1e1 a7a5 e6c5 b6c5 f3g4 f6g4 h3g4 c5d4 b4a5 d7e7 a5a6 e7e2
4,W,material_adjudication,66,1.805706,20,2026-09-11 10:22:15,h2h4 b8a6 c2c4 h7h5 b2b3 d7d6 c1b2 a6b8 d1c1 a7a5 b2d4 g7g5 h4g5 a8a7 d4a7 f7f6 g2g3 f6g5 a7b8 e7e5 e1d1 c8g4 b1c3 f8g7 h1h2 g4e6 a1b1 d8d7 b1b2 e6c4 h2g2 d7c6 b3c4 c6g2 f1g2 g5g4 c3b1 h8h6 e2e4 d6d5 g1e2 g8e7 f2f3 g4f3 g2f3 c7c5 e2f4 g7f6 f4d3 d5c4 d3e1 a5a4 g3g4 h5g4 f3g2 a4a3 b2b5 f6g5 g2f1 g5h4 f1c4 h4e1 b1a3 g4g3 c4f1 g3g2
5,B,material_adjudication,66,1.714337,25,2026-09-11 10:22:16,a2a3 a7a5 a3a4 h7h6 h2h3 c7c5 c2c4 b7b6 b2b4 a5b4 f2f4 f7f5 c1b2 c8b7 b2c1 e8f7 e1f2 d8e8 a4a5 b6a5 d2d4 c5d4 g2g3 h8h7 f1g2 e8d8 g2f1 b7e4 c4c5 g7g6 f1g2 e4g2 f2g2 f8g7 g1f3 f7f8 h1h2 d4d3 c1b2 g7b2 d1b3 b2a1 h3h4 g8f6 f3e5 f8e8 b1a3 d8c8 a3c4 a5a4 g2f1 a4b3 g3g4 b8a6 h4h5 g6g5 h2h1 e7e6 h1h3 h7h8 c4b6 c8b7 b6a8 f6d5 g4f5 d5e7
6,B,material_adjudication,66,1.771175,30,2026-09-11 10:22:17,h2h4 b7b6 b2b3 h7h5 h1h3 g7g6 h3h2 h8h6 h2h3 f8g7 d2d4 g7f8 h3h2 b8c6 g2g4 h5g4 d1d2 h6h4 h2h3 g4h3 g1h3 c6d4 e2e4 d7d6 h3g5 g8h6 b3b4 c8a6 f1d3 d4e6 g5e6 f7e6 d3a6 c7c5 a6b7 f8g7 b7a8 g7a1 d2h6 h4h6 a8c6 e8f7 c1h6 a7a6 h6d2 c5b4 a2a3 b4a3 b1a3 g6g5 a3b1 d8c8 f2f4 g5g4 d2b4 b6b5 c2c4 a1f6 c6b7 c8b7 c4b5 b7b6 b1d2 d6d5 b4c5 b6c5
7,B,material_adjudication,66,1.746533,35,2026-09-11 10:22:18,e2e3 a7a5 h2h3 a5a4 a2a3 e7e5 b2b3 a8a7 d2d3 d8e7 b3a4 d7d5 e3e4 b7b6 d1f3 g7g5 e1d1 b8d7 c1d2 d5e4 d3e4 a7a8 g1e2 h7h5 b1c3 c8b7 g2g4 c7c6 d2g5 e7g5 g4h5 g5f6 f3f6 d7f6 a1b1 f6h5 h1g1 a8a5 b1b2 f7f5 d1c1 f5f4 f2f3 f8a3 g1g7 a3b2 c1b2 g8e7 b2b3 h5g7 e2f4 h8h6 c3e2 b7c8 c2c3 c8h3 f1h3 e5f4 h3f5 e7f5 e4f5 e8f8 e2f4 a5a8 f4e6 f8f7
8,B,material_adjudication_moderate,76,1.752025,40,2026-09-11 10:25:46,d2d3 d7d5 f2f4 e8d7 f4f5 a7a5 b2b3 a5a4 c1a3 g7g6 g1h3 f7f6 b1c3 g6g5 h3g5 f6g5 a1b1 c7c6 b3a4 g8f6 b1b3 b8a6 d1b1 e7e5 a3c5 a6c5 g2g3 d8e8 f1h3 a8b8 d3d4 e5d4 c3d5 c6d5 g3g4 f8d6 h3g2 c5b3 b1b3 e8e7 e1f1 b7b5 c2c4 d4c3 b3c3 d5d4 c3d4 f6g4 h2h3 d7d8 h3g4 h8g8 a4b5 h7h6 f5f6 e7d7 a2a4 c8b7 h1h3 b7a8 b5b6 g8g6 e2e3 h6h5 g4h5 g6h6 h3h1 g5g4 f1g1 g4g3 d4e4 h6f6 h5h6 d6c5 h6h7 d7g7
9,B,material_adjudication,81,1.712092,45,2026-09-11 10:27:34,h2h4 b8a6 h4h5 g8f6 d2d3 a6c5 c2c3 a7a5 d1b3 f6h5 f2f3 c5b3 a2a3 b7b5 c1f4 h5f4 g2g3 f4d3 e1d1 a8a7 f1g2 d3f2 d1e1 b3a1 h1h2 h7h5 g1h3 h8h6 a3a4 h6e6 e2e4 a7a6 a4b5 g7g6 b5a6 c7c5 h3f2 f8g7 f3f4 h5h4 g2f3 d7d6 f4f5 e6f6 e4e5 g6g5 e5f6 e7f6 f2d1 a1b3 g3h4 g5g4 f3g4 c8a6 h4h5 d8d7 b1d2 b3d2 b2b3 a5a4 b3b4 d6d5 h2e2 e8f8 e1d2 d7c8 b4c5 a6b5 e2e3 c8a8 h5h6 g7h6 c3c4 b5c4 d2c3 h6e3 d1e3 c4d3 g4h5 d3e4 c3b4
10,B,checkmate,82,1.726676,50,2026-09-11 10:27:55,e2e3 g7g5 d1h5 g8f6 g2g3 f6h5 g1h3 h8g8 e1e2 f7f5 b2b3 e8f7 f2f4 c7c5 c2c4 e7e5 h3g5 g8g5 f4g5 h5g7 d2d4 b7b5 g5g6 f7e8 a2a4 e8e7 a4b5 a7a6 g6h7 e5e4 h7h8q f5f4 g3g4 e7e6 f1g2 d8h4 h8h4 c8b7 g2h3 a6b5 b1a3 b5b4 a3b5 a8a1 g4g5 g7f5 h4h5 f8g7 h1f1 g7f8 e2d2 f8g7 g5g6 g7f8 e3f4 a1b1 b5a3 b4a3 h3g4 f8d6 h5f5 e6e7 h2h3 c5d4 d2d1 d6c5 b3b4 d7d6 b4c5 b8c6 d1e2 a3a2 c1e3 a2a1q f1f2 a1c3 e3c1 c3c1 c5d6 e7d6 f5e4 c1d1
11,W,material_adjudication_moderate,89,1.769325,55,2026-09-11 10:30:24,d2d3 d7d5 d1d2 e8d7 g1f3 f7f6 b1a3 c7c6 a1b1 a7a5 d2c3 g7g5 c3c5 e7e5 h2h4 f8c5 e1d1 d7e8 e2e4 a5a4 f3g1 b8d7 f1e2 a8a6 h4g5 d7b8 g5f6 c5b4 b2b3 d8c7 f2f3 c8e6 c1d2 a4b3 e4d5 a6a3 d5e6 c7d8 b1b3 g8f6 b3b4 a3a2 b4a4 b8a6 a4a2 f6d5 d3d4 h8g8 g2g4 e5d4 d1e1 a6c5 h1h7 d5e7 d2c1 b7b5 c1d2 g8f8 h7g7 f8g8 g7g8 e7g8 g4g5 d4d3 c2d3 e8e7 d3d4 c5e6 d4d5 c6d5 a2a7 d8c7 a7c7 e6c7 d2f4 d5d4 f4e5 c7d5 e1d2 d4d3 e2d3 b5b4 d3g6 b4b3 e5a1 b3b2 a1b2 e7f8 g6h5
12,B,material_adjudication,89,1.742246,60,2026-09-11 10:30:25,a2a3 a7a5 a3a4 h7h6 g1h3 g8f6 b2b4 g7g5 e2e3 d7d5 b4a5 c8g4 f2f4 c7c5 f1d3 e7e5 h3g1 a8a5 d3b5 b8d7 b5d3 e5e4 d1g4 f6g4 c1b2 c5c4 b1a3 f8a3 e1e2 f7f5 b2a3 h8g8 d3e4 d5e4 f4g5 b7b5 g5h6 g8h8 a3b2 h8h6 b2e5 a5a4 c2c3 e8f8 a1a4 d7e5 a4a5 d8f6 e2d1 f6f7 d2d3 f7f6 d3e4 f5e4 g1f3 g4f2 d1e1 f6g7 f3e5 g7e5 e1f2 e5d6 h1d1 d6e7 d1d5 b5b4 a5a7 e7a7 c3b4 a7c7 b4b5 h6g6 b5b6 c7c8 d5c5 c8b8 f2e1 g6g7 c5c8 b8c8 b6b7 c8d8 b7b8q d8b8 e1d1 b8e8 d1e1 e8b5 e1d1
13,B,material_adjudication,91,1.733266,65,2026-09-11 10:31:05,a2a3 b7b6 c2c4 g8f6 d2d3 b8a6 h2h4 f6e4 h4h5 c7c5 f2f4 d7d6 b1c3 e7e6 c3e4 e8e7 a1a2 f7f5 b2b3 c8b7 e4d6 e7d6 h1h3 h8g8 e1f2 d8e8 a2d2 a8c8 b3b4 c5b4 a3b4 g7g5 c1a3 e6e5 f4g5 g8g5 e2e3 d6e6 f2e2 f8b4 a3b4 a6b4 c4c5 e6f6 d1a4 e8a4 h5h6 c8a8 d2a2 a7a5 a2a4 b6c5 e3e4 c5c4 d3c4 b7e4 g1f3 g5g8 h3h5 b4c6 a4a2 f6g6 h5h3 e4f3 h3f3 g6h6 a2d2 h6g6 e2f2 e5e4 f3e3 g8d8 f2e2 c6b4 g2g3 a5a4 c4c5 d8b8 f1g2 b4a6 d2d5 a6b4 g2e4 f5e4 e3e4 b4d5 e4e3 a4a3 e2d1 d5f6 d1e1
14,B,checkmate,64,1.724896,70,2026-09-11 10:31:06,d2d3 d7d5 f2f4 e8d7 f4f5 a7a6 d1d2 f7f6 g1f3 g7g5 a2a3 b7b5 f3d4 g8h6 g2g3 h6f7 d2e3 c7c5 b1d2 f7e5 d2b1 c8b7 b2b4 c5d4 e3f2 e5d3 e1d1 f8h6 f1g2 d3e5 f2d4 d7c8 g2d5 b7d5 d4d5 d8d5 c1d2 b8d7 b1c3 d5b7 a3a4 d7b8 c3b5 h8f8 b5d4 b8c6 d4c6 b7c6 b4b5 c6b7 b5a6 b7a6 h2h4 a6a5 d2a5 a8a5 h4g5 f6g5 h1h6 f8f5 h6h7 e5c4 h7h2 f5f1
15,B,checkmate,92,1.763740,75,2026-09-11 10:31:25,a2a3 b7b6 e2e3 e7e5 d2d3 d8h4 h2h3 a7a6 g2g3 h4h6 e3e4 d7d6 c1h6 a8a7 d1f3 a6a5 f3f5 c8f5 b2b4 f7f6 g1e2 f5h3 b1c3 h3g2 h1h5 g8h6 e1c1 b8c6 g3g4 h6g4 f1g2 a5b4 g2f3 b4c3 f3g4 a7a5 g4f3 g7g6 h5h1 c6d4 e2d4 e5d4 a3a4 f8g7 h1e1 c7c5 c1b1 f6f5 e4f5 e8f8 b1c1 g6f5 f3e2 g7f6 f2f3 a5a6 f3f4 a6a5 e2f3 h8g8 e1g1 g8h8 g1e1 h8g8 f3g2 g8h8 g2f3 h8g8 e1h1 a5a6 f3b7 a6a7 b7c8 g8g3 h1h7 a7a5 d1f1 g3e3 c8f5 e3e8 f5d7 e8d8 d7c6 f6e7 h7e7 f8e7 f1f3 e7f8 c6d5 d8e8 f4f5 e8e1
16,B,material_adjudication,97,1.747232,80,2026-09-11 10:32:51,a2a3 h7h6 e2e4 b8c6 b2b4 h6h5 f2f4 h5h4 f1d3 c6d4 g1f3 b7b5 e4e5 d4f3 d1f3 d7d5 b1c3 c7c6 a3a4 a8b8 c3b5 h8h7 a1b1 c6b5 c2c3 b5a4 f4f5 g8h6 b4b5 c8d7 e5e6 a7a5 e6d7 d8d7 c1b2 e7e5 f5e6 f7e6 d3h7 d7b5 h1f1 b5c6 d2d3 f8e7 c3c4 g7g5 b1a1 b8c8 h7e4 c8b8 a1a4 d5e4 f3e4 c6a4 b2d4 b8b3 g2g4 h4h3 e4f3 e8d7 d4c3 b3c3 f3d1 a4b3 d1b3 c3b3 f1f3 e7a3 f3h3 b3b2 h3h6 b2b1 e1d2 a3e7 d2c2 b1g1 c2c3 g1b1 c3c2 b1b8 c2c3 a5a4 h6e6 d7e6 c3d4 b8c8 c4c5 a4a3 h2h3 a3a2 d4c4 a2a1q h3h4 c8b8 h4g5 e7f8 g5g6
17,W,checkmate,39,1.733514,85,2026-09-11 10:40:15,a2a3 g8f6 h2h4 f6g8 h1h3 h7h5 e2e4 b7b5 a3a4 a7a5 g2g3 f7f5 h3h2 f5e4 f1b5 e7e5 f2f3 e4f3 h2h1 e8f7 d2d4 c8a6 g1f3 e5d4 b2b3 a6b5 a4b5 f8e7 b1a3 d8f8 c1b2 f7g6 d1d4 e7a3 a1a3 f8f3 h1f1 f3g4 d4g7
18,B,material_adjudication_moderate,123,1.771096,90,2026-09-11 10:40:58,e2e3 g7g5 d1h5 g8f6 h5e2 b8a6 e3e4 c7c6 f2f3 b7b5 g2g3 b5b4 h2h3 c6c5 a2a4 f8g7 e1d1 f6g4 h3g4 f7f5 a4a5 f5e4 c2c4 d7d6 h1h3 g7c3 e2h2 c3b2 c1b2 e4f3 h2h1 d8d7 b2h8 a8b8 h3h7 e7e6 f1d3 d7h7 d3h7 f3f2 g1e2 f2f1q h1f1 e8e7 f1g2 c8b7 e2d4 b7g2 d4b5 b8h8 h7e4 g2e4 b5a7 h8a8 a7b5 a8d8 d1e2 e4a8 d2d4 c5d4 b5d4 a8b7 e2d3 e6e5 d4b5 e5e4 d3c2 d8f8 a1a4 e7d7 a4b4 a6b4 c2c3 f8f6 c3b4 e4e3 b4c3 d6d5 c4d5 b7d5 c3b4 f6e6 b1c3 d5c6 c3e2 e6f6 b5d4 c6g2 a5a6 d7c7 a6a7 g2a8 d4c2 c7b7 c2e3 b7a7 e2c1 a8f3 e3f5 f3g4 f5g7 f6a6 b4b5 a6g6 g7f5 a7a8 b5c4 g4f5 g3g4 f5g4 c1b3 a8b8 c4c5 g4h3 b3a1 g6g8 c5d4 b8c8 d4e3 g5g4 e3f4 g8g6 f4e3
19,W,value_resign,32,1.764283,95,2026-09-11 10:40:59,h2h4 g8h6 a2a3 b7b6 g2g4 f7f5 a3a4 e8f7 f2f4 h6g8 g4f5 b8a6 f5f6 d7d5 b2b4 f7e8 f6g7 h7h5 g7h8q d8d6 f1h3 a6b8 h1h2 e7e5 h3f5 g8f6 b4b5 e8e7 h2h1 f6h7 f5h7 f8g7
20,W,material_adjudication,94,1.727953,100,2026-09-11 10:41:39,h2h4 h7h5 a2a4 a7a5 b2b4 c7c5 d2d4 c5c4 d4d5 a8a7 g2g3 b8c6 c1b2 a5b4 h1h2 b7b6 d5c6 h8h6 a4a5 c4c3 b2c1 a7a6 f1g2 a6a5 c1g5 h6h7 g5e3 a5a8 a1a8 e7e5 g2e4 f8e7 h2h3 d8c7 e3d2 c3d2 d1d2 c7b8 a8b8 d7d6 e4f5 g8f6 d2d1 g7g6 f5e6 f7e6 g3g4 h5g4 h3e3 f6e4 c2c4 b4c3 b1c3 e4c3 d1d2 c3e4 e3e4 h7h6 g1h3 g4h3 e1f1 h3h2 f1g2 h6h5 d2d1 h5h4 e4e3 h4d4 d1c1 e5e4 c1c3 e7f6 c3d4 f6d4 e3e4 d4f2 b8c8 e8e7 e4f4 e6e5 f4f2 g6g5 f2f1 e5e4 f1d1 e4e3 g2h1 g5g4 h1h2 b6b5 h2g3 b5b4 g3h4 b4b3
21,B,material_adjudication,66,1.756626,105,2026-09-11 10:44:02,a2a3 c7c5 a3a4 h7h5 b1c3 b8a6 b2b3 d7d6 a4a5 a6c7 d2d3 h8h6 f2f3 a7a6 c3b5 a6b5 e1f2 g7g6 h2h4 c7e6 a5a6 c5c4 a6b7 c8b7 c1d2 e6c5 f2e1 c5b3 a1a8 d8a8 d2c3 f8g7 d1d2 b3d2 c3d2 g7d4 d3c4 b5b4 e2e3 e7e5 e3d4 e5d4 g2g4 h5g4 f3g4 f7f6 g4g5 h6h5 c4c5 b7h1 f1e2 b4b3 c2b3 a8d8 g5f6 g8h6 g1f3 g6g5 h4g5 h6g4 c5d6 g4h6 b3b4 h6f7 g5g6 e8f8
22,B,material_adjudication,66,1.744466,110,2026-09-11 10:44:03,e2e4 f7f6 d1h5 g7g6 h5e2 d7d5 g2g4 c8g4 b2b3 g4e2 g1e2 g6g5 e4d5 f8h6 d2d4 b8a6 f2f3 a6b8 e1d1 d8d7 f3f4 g5f4 c1f4 b7b5 a2a4 d7c8 b1d2 e8f7 f1g2 b5b4 f4h6 g8h6 g2e4 f6f5 e4d3 c7c6 d5c6 b8c6 d4d5 c6d8 a1b1 a7a5 h1f1 d8b7 f1f5 h6f5 d3f5 c8f5 e2d4 f5f6 d4f5 f6f5 b1c1 f7g8 d1e1 a8f8 d2c4 f5g5 h2h3 g5f6 h3h4 f6f5 c1b1 b7c5 e1d2 f5d7
23,B,material_adjudication,73,1.775564,115,2026-09-11 10:44:22,b1a3 a7a5 f2f3 b7b5 e2e3 b5b4 a3b1 e7e6 e3e4 g7g5 b2b3 f8e7 e4e5 d7d5 a2a4 h7h6 c1b2 c7c5 f1c4 g5g4 d1c1 b8a6 c4a6 c8d7 a1a3 a8c8 c2c4 b4a3 a6c8 a3b2 c1b2 d8c8 c4d5 g4g3 d5e6 d7e6 g1e2 f7f5 f3f4 c8d7 b1c3 c5c4 e2g3 h6h5 c3b5 c4b3 g3h5 e7c5 d2d4 c5b6 d4d5 e6d5 b5c7 d7c7 e1d1 h8h5 g2g4 d5h1 g4h5 g8h6 b2b3 c7d8 d1e1 e8e7 b3e3 h1a8 e3d3 d8d3 h2h4 d3d4 e1f1 e7e6 f1e2
24,B,material_adjudication,67,1.750378,120,2026-09-11 10:44:23,e2e3 g7g6 d2d3 g6g5 e3e4 d7d5 b2b3 d8d7 c2c3 e7e5 c1d2 h7h5 h2h4 c7c6 d2e3 h8h7 f1e2 f7f6 h4g5 g8e7 g5f6 b7b5 e3d2 c8a6 g1h3 a6b7 e2g4 h5g4 d1g4 d5d4 f6e7 d7g4 e7f8q e8f8 f2f3 g4g8 h3g1 d4c3 h1h7 g8h7 b1c3 b5b4 c3a4 b8a6 d3d4 a6c7 a1c1 e5d4 g2g4 b7a6 g4g5 a6b7 g1e2 h7h5 e2f4 h5h4 e1e2 b7a6 f4d3 c6c5 c1h1 h4h1 d2e3 a8c8 e3g1 c8a8 a2a3
25,W,material_adjudication_moderate,77,1.736477,125,2026-09-11 10:47:25,f2f4 e7e6 c2c4 a7a5 h2h4 f8e7 h4h5 d7d6 g2g4 a5a4 f1h3 b7b6 b2b4 a8a6 e2e3 e7h4 e1f1 h4f6 d1e1 g8e7 b4b5 a6a8 g4g5 f6a1 f1e2 a1f6 g5f6 b8a6 b5a6 e7f5 f6g7 h8g8 h3f5 e6f5 g1f3 c8a6 h5h6 b6b5 c4b5 a6b5 e2f2 b5c6 e1f1 e8d7 b1a3 c6f3 f2f3 c7c6 f1g2 g8g7 h6g7 d8g8 e3e4 f5e4 f3f2 g8g7 g2g7 d7c7 a3c2 a8f8 g7h8 f8h8 h1h2 h8b8 c1a3 d6d5 c2e3 d5d4 e3c2 h7h5 a3c5 b8b5 c5d4 f7f6 d4e3 c7b8 f2e2
26,W,checkmate,37,1.716960,130,2026-09-11 10:52:50,h2h4 b7b6 b2b3 h7h5 f2f4 c8b7 e1f2 a7a5 a2a4 h8h7 c1b2 d7d5 f4f5 d8d7 f5f6 e7e5 e2e4 g7f6 f2g3 e8d8 g3f3 a8a6 e4d5 d7c6 f3e3 c6d5 f1c4 d5c4 b3c4 d8d7 d2d4 e5d4 e3d4 h7h6 d4c3 d7c6 d1d5
27,B,material_adjudication,66,1.709504,135,2026-09-11 10:53:45,e2e4 b8c6 g2g4 g8h6 d1e2 h6g4 a2a4 a7a6 g1f3 g4e3 b2b4 e3c2 e1d1 c6b4 e2e3 c2e3 d1e1 b4c2 e1e2 d7d5 f2e3 c8f5 e4f5 c2b4 b1c3 d8d7 f3e5 d7c8 c3d1 e8d8 c1a3 c8f5 a3b4 f5e5 b4c3 e5d6 c3b4 d6b4 a1b1 b4c4 d2d3 c4c6 e3e4 g7g5 e4d5 c6c5 b1c1 c5c1 h1g1 b7b6 g1g3 c1a3 f1g2 f7f5 g3e3 c7c6 d5c6 f8g7 g2h3 e7e6 h3g2 h7h6 g2h3 h8f8 h3g2 a3b4
28,B,material_adjudication_moderate,76,1.732420,140,2026-09-11 10:54:28,b1a3 e7e6 e2e4 h7h6 e4e5 g8f6 d1e2 f6e4 a3b1 g7g5 f2f3 f7f6 f3e4 f6e5 h2h3 b8a6 e2b5 a6b8 h3h4 c7c6 b5c4 a7a6 a2a3 g5g4 c4b4 f8b4 g2g3 b4d6 a3a4 e8f8 d2d4 e5d4 b2b3 a6a5 c1b2 f8g7 h4h5 d8g8 f1c4 c6c5 g1f3 e6e5 b1d2 g4f3 h1h2 a8a7 c4g8 h8g8 d2f3 g7f8 e1f2 b8c6 c2c3 d4c3 b2c3 f8g7 c3e5 d6e5 f3e5 c6e5 g3g4 e5d3 f2e2 a7a8 g4g5 b7b6 g5h6 g7h6 h2h3 c8b7 h3e3 d3b4 e2d2 g8h8 a1c1 h6g7
29,W,material_adjudication_moderate,78,1.708790,145,2026-09-11 10:56:09,e2e4 f7f6 d1h5 g7g6 h5e2 b7b5 b2b4 a7a5 f2f3 a5b4 b1a3 g8h6 a3c4 h8g8 f3f4 e7e6 a2a4 b8a6 e4e5 b5c4 g1f3 c8b7 e5f6 f8e7 f6e7 d8e7 e2e5 h6g4 d2d4 g8h8 e5h8 e8f7 h8h7 f7f6 h7e7 f6e7 f3e5 g4e5 f4e5 a6c5 d4c5 d7d6 h1g1 a8b8 g1h1 d6e5 c1b2 c4c3 g2g4 c3b2 a1b1 b7h1 b1b2 h1c6 a4a5 e7d7 c2c3 b4c3 b2b8 c3c2 e1d2 c2c1q d2c1 g6g5 a5a6 c6d5 b8b4 d7c6 f1e2 e5e4 c1d2 c6c5 b4b1 c5c6 b1a1 e4e3 d2e3 e6e5
30,B,material_adjudication_moderate,101,1.747278,150,2026-09-11 11:00:23,h2h4 b7b6 b2b3 h7h5 h1h2 g7g6 g2g3 d7d5 f2f4 f8g7 f1g2 e8f8 e1f2 g8f6 d2d4 c8g4 f2e1 f8g8 g1f3 b8d7 c1b2 a7a5 e1f1 d8e8 b1a3 c7c6 c2c4 b6b5 a3b1 d7b8 a2a4 g4f3 g2f3 b5a4 h2h1 e8f8 b3a4 b8d7 c4d5 f6d5 f3d5 c6d5 d1c1 a8c8 b1c3 d7f6 h1h2 c8c4 c3b5 c4c1 a1c1 f6e4 c1a1 e4g3 f1g2 g3e4 g2f3 f8e8 a1c1 e8f8 c1a1 f8e8 h2h1 e4c3 b2c3 e8f8 a1c1 h8h7 c3b2 h7h8 h1f1 h8h7 f4f5 h7h6 f5g6 f7g6 f3g2 f8d8 b2a3 g6g5 h4g5 h6e6 a3b2 e6e2 g2g3 e2b2 f1f3 d8b6 b5c7 b6g6 c1c5 g6g5 g3h3 g5h6 h3g3 g7d4 c5a5 h6g7 g3h4 g7h7 h4g3
31,B,material_adjudication_moderate,113,1.750398,155,2026-09-11 11:03:02,a2a3 g8f6 h2h4 b8a6 b2b4 h7h5 h1h3 f6g4 c2c3 a6b8 g2g3 g7g6 f2f3 a7a5 e2e4 h8h7 d2d4 g4e3 c1e3 b8c6 b4a5 f7f5 f1e2 b7b6 d4d5 c6a5 e1f2 c8b7 b1d2 f8h6 e3h6 h7h6 f2f1 d8c8 d2c4 a5c4 e2c4 f5e4 f3e4 c8b8 c4d3 e7e5 f1e2 h6h7 g1f3 e8f7 g3g4 h5g4 h3g3 g4f3 e2f3 c7c6 f3g2 c6d5 e4d5 b7d5 g2f2 e5e4 d3e2 e4e3 g3e3 b8b7 d1f1 h7h4 c3c4 d5c6 e2d3 h4f4 f2e1 f4f1 e1f1 a8h8 e3e5 c6g2 f1f2 b7c6 a1b1 d7d6 e5e6 c6a4 b1b4 a4a3 f2g2 f7e6 b4b5 h8d8 b5b6 a3a2 g2f1 g6g5 b6a6 a2b2 a6a5 e6d7 a5b5 d8b8 b5b2 b8b2 f1e1 g5g4 e1f1 b2a2 d3e4 g4g3 e4d3 d7e8 c4c5 d6d5 c5c6 e8d8 c6c7 d8c7 d3e4
32,B,material_adjudication_moderate,103,1.737397,160,2026-09-11 11:04:54,d2d3 e7e5 b2b3 g7g5 h2h4 d7d6 h4g5 b8d7 f2f3 d8e7 a2a3 d6d5 g2g4 e5e4 b1d2 e4d3 c2d3 a8b8 f1g2 a7a5 e1f1 e7e5 f3f4 e5a1 e2e3 a1c3 a3a4 f8c5 c1a3 c5a3 d2b1 c3b2 b1a3 f7f6 a3b5 e8d8 g2f3 f6g5 f4g5 g8e7 h1h3 b2g7 d1b1 e7c6 b5c3 c6e5 f3d5 e5g4 g1e2 h7h5 g5h6 h8h6 d5c4 c7c6 f1g2 h6d6 h3f3 c6c5 f3h3 b8a8 c4d5 d8e7 h3g3 d6f6 g3g4 g7g4 e2g3 g4g5 c3e4 g5h6 e4f6 d7f6 d5c4 c8d7 b1e1 a8h8 e1a5 h6e3 a5c7 f6e8 g3f5 e7f6 f5e3 e8c7 a4a5 d7f5 e3f5 f6f5 g2g3 f5f6 a5a6 c7a6 d3d4 c5d4 g3g2 h8h7 c4d3 h7h5 d3c2 h5g5 g2h2 a6b4 c2d3
33,W,material_adjudication,66,1.727136,165,2026-09-11 11:06:22,e2e3 e7e5 g1e2 b8c6 b1c3 g7g5 e3e4 c6e7 a2a4 d7d6 c3b5 c8g4 b5c3 h7h5 f2f3 g8h6 f3g4 e7g8 a1b1 c7c6 h2h3 d8b8 d2d3 f8e7 g2g3 a7a5 c1d2 d6d5 e4d5 e7d6 c3b5 c6d5 b5d6 e8e7 f1g2 e7d6 g4h5 f7f6 d3d4 h6g4 h3g4 d6d7 b2b4 e5e4 e1g1 b8d6 f1f5 g8e7 b1b2 e7f5 g4f5 h8c8 g3g4 a8b8 h5h6 a5b4 d2b4 d6b4 b2b4 c8c7 c2c4 b8a8 c4c5 a8c8 g1f2 c8b8
34,B,material_adjudication,66,1.725065,170,2026-09-11 11:06:44,a2a3 a7a5 b2b3 a5a4 d2d3 c7c5 e2e3 h7h6 d1e2 a4b3 g1f3 g7g5 f3d2 f8g7 g2g4 h6h5 e1d1 d8a5 c2b3 f7f5 g4h5 b8c6 a3a4 a5b6 d1c2 c6d8 f1g2 g7a1 c1a3 e8f7 e2f3 g8f6 h1d1 h8h5 b1c3 h5h6 d1a1 h6h2 c3d5 f6d5 d2c4 b6h6 c4b6 d5b6 a1b1 d7d5 a3c5 b6d7 c5b4 b7b6 b1h1 h2h1 f3f4 g5f4 g2h1 d5d4 c2b1 a8a6 b1b2 e7e6 e3f4 d7c5 b4c5 a6a7 c5d4 a7a6
35,B,material_adjudication,71,1.671974,175,2026-09-11 11:08:09,e2e4 e7e5 d1h5 d8e7 b2b4 e7e6 e1d1 b7b5 c1b2 a7a5 b4a5 g8f6 h5f3 f8e7 g2g4 h8g8 d2d3 b8a6 h2h4 b5b4 a2a3 g8h8 h1h3 f6g4 d1e1 h8f8 e1d1 c8b7 f3f6 a8a7 f6e6 f7e6 a3b4 e7b4 b1c3 a7a8 d1e1 b4e7 c3b5 f8f2 f1e2 f2f4 e2g4 f4g4 g1e2 g7g5 b5c7 a6c7 d3d4 g5h4 d4d5 e6d5 e2d4 d5e4 a5a6 b7a6 a1a6 a8a6 h3c3 e7f8 c3c7 h4h3 d4b3 f8d6 c2c3 d6c7 e1d2 e8f7 b3c5 g4g1 b2c1
36,B,material_adjudication_moderate,80,1.727167,180,2026-09-11 11:08:50,d2d3 b7b6 g2g4 f7f6 c1f4 d7d5 g1f3 e8d7 f3e5 f6e5 f1h3 a7a5 f4e5 h7h5 g4h5 e7e6 d1c1 g7g5 e5c3 f8g7 c3g7 h8h5 e1d1 h5h3 c1e3 h3e3 f2e3 e6e5 b1d2 d5d4 e3d4 e5d4 c2c3 d7e8 c3d4 b8d7 d4d5 d8e7 a1b1 e7g7 h1f1 g8e7 b1a1 c8b7 a1c1 e7d5 e2e4 a8c8 e4d5 c8b8 d1e1 b8a8 b2b3 a8c8 d2c4 c7c6 d5c6 b7c6 c4b6 c8b8 b6c4 c6g2 a2a4 g2f1 e1f1 g7f6 f1e1 e8d8 h2h4 f6g7 h4g5 b8b7 d3d4 b7b8 e1d1 b8b7 d1e1 b7b8 c4d6 b8b7
37,B,material_adjudication,87,1.704561,185,2026-09-11 11:09:52,a2a3 b7b6 a3a4 g8h6 g2g3 h8g8 d2d3 c7c5 g1f3 d7d6 e2e4 f7f5 b1d2 b8d7 f3h4 c8b7 c2c4 g7g5 f1g2 g5h4 e4f5 d8c8 d1e2 b7g2 h1g1 h6g4 g1g2 c8c7 g3h4 b6b5 c4b5 g4e5 g2g8 a7a6 b5a6 a8a6 f2f4 a6a5 f5f6 c7b6 e1d1 e8d8 b2b4 c5b4 f4e5 d7e5 d2c4 e5c4 d3c4 b6c5 c1b2 e7f6 b2c1 a5a8 g8f8 d8d7 a1b1 a8f8 c1d2 f8e8 d2h6 e8e2 d1e2 d6d5 c4d5 c5c2 h6d2 c2b1 h4h5 b1f5 h5h6 b4b3 e2e1 d7c7 d5d6 c7d7 h2h4 b3b2 e1d1 d7d6 d2e3 b2b1q d1d2 f5g6 h4h5 g6h5 e3g1
38,W,material_adjudication,66,1.677944,190,2026-09-11 11:10:14,f2f3 e7e6 b2b3 f8d6 c2c4 a7a5 b1c3 c7c5 e2e4 d8c7 g2g4 e6e5 c3b5 c7c6 d1e2 e8d8 h2h4 g8f6 d2d4 a5a4 h1h2 h8g8 d4d5 d6e7 h2g2 f6h5 g2h2 c6b5 c4b5 h5g3 e2f2 d8c7 h2h1 g8e8 f2g3 c7b6 g4g5 f7f5 d5d6 f5f4 g3g4 a4b3 c1d2 b3b2 a1b1 e7d6 a2a4 e8e7 b1b2 e7e6 f1d3 g7g6 g4h3 c5c4 d3c4 h7h6 e1f1 h6g5 c4d5 g5g4 h3g4 d6e7 g1h3 e7f6 f1f2 d7d6
39,W,value_resign,55,1.672712,195,2026-09-11 11:13:50,a2a3 b7b6 a3a4 c7c6 h2h3 h7h6 d2d4 f7f6 c1d2 e8f7 d2c3 a7a5 b2b4 g7g5 h3h4 f8g7 c3d2 h6h5 a1a2 f7e6 d2c3 a8a7 a2b2 b6b5 h4g5 d7d5 g2g3 f6g5 b4a5 b5a4 b2b8 c8a6 b8d8 g5g4 b1d2 a7d7 d8d7 g7f8 h1h4 a6d3 g1h3 g4h3 d1a1 h8h6 d7a7 c6c5 d4c5 d3g6 h4h5 e6f7 f1h3 h6h5 e2e3 h5h3 c3b2
40,D,rule_draw,133,1.739824,200,2026-09-11 11:14:28,d2d4 b7b6 e1d2 f7f6 b2b3 d7d5 a2a3 b8d7 g2g3 c7c5 f2f3 h7h6 d4c5 b6c5 f3f4 a8b8 h2h4 c8a6 e2e3 d8c7 f1a6 b8b4 g3g4 c7a5 b1c3 b4b6 d1f3 a5a6 b3b4 a6b7 c3d5 b7d5 f3d5 b6d6 d5d6 e7d6 c2c4 f6f5 g4f5 c5b4 a3b4 g8e7 h4h5 a7a5 b4a5 h8h7 g1h3 e8d8 c1b2 e7f5 a5a6 f5e3 d2e3 g7g5 h5g6 h7h8 e3d2 f8e7 a1e1 h6h5 b2f6 e7f6 g6g7 h8e8 h1f1 f6g7 h3g5 g7d4 g5f3 h5h4 f3d4 e8e1 f1e1 h4h3 d2d3 h3h2 e1h1 d7c5 d3e2 d8e7 a6a7 c5e4 f4f5 e4g3 e2d2 g3h1 a7a8q h1g3 a8g2 h2h1q g2g3 h1e4 g3e1 e4e5 e1e5 d6e5 d4e6 e7f6 d2e1 f6f5 e6c7 f5e4 c4c5 e4d4 e1f2 d4c5 f2g3 c5d6 c7b5 d6c6 b5a3 c6b6 a3c4 b6c5 c4a3 c5b4 a3c2 b4b3 c2e1 e5e4 g3g2 e4e3 g2f1 e3e2 f1f2 b3a4 f2e3 a4b3 e3f2 b3a2 e1g2 a2a1 f2e2
41,W,material_adjudication,68,1.741302,205,2026-09-11 11:16:30,e2e4 f7f6 d1h5 g7g6 h5e2 b8c6 b1a3 g8h6 f2f4 d7d5 g1h3 a7a5 e4d5 c6d4 e2d3 e8d7 c2c3 d4b3 g2g4 a8a7 a2b3 b7b5 g4g5 h6g4 a3b5 g4f2 e1f2 a7a8 d3c4 e7e5 d2d4 e5d4 b5d4 c7c5 d5c6 d7c7 c1e3 c8a6 d4e6 c7b8 a1d1 a6c4 f1c4 d8c8 g5f6 c8c6 h1g1 c6e6 c4e6 f8e7 f6e7 h8e8 g1f1 e8e7 b3b4 e7e6 b4a5 e6d6 d1a1 b8c7 f1d1 d6d1 a1d1 c7b8 d1d4 a8a7 d4c4 b8b7
42,B,material_adjudication_moderate,109,1.739452,210,2026-09-11 11:17:49,d2d3 d7d5 f2f4 h7h5 e2e3 g7g5 f4g5 e8d7 b2b3 c7c6 d1e2 d8b6 e3e4 f7f6 e4d5 h5h4 b1d2 h4h3 c2c4 c6d5 g2g3 a7a5 f1h3 e7e6 c4c5 b6d8 g5f6 g8f6 h3e6 d7e8 g1h3 c8e6 h3f4 d5d4 f4e6 d8e7 a2a3 a5a4 b3a4 f6d5 h1f1 e7e6 e2e6 f8e7 g3g4 h8h6 g4g5 h6e6 e1f2 b8c6 h2h4 a8d8 g5g6 e7h4 f2g1 e6g6 g1h1 g6h6 h1g2 h4e7 f1e1 d8d7 d2c4 d5e3 c1e3 d4e3 e1e2 e7f8 c4e3 c6d4 c5c6 b7c6 e3f5 d4e2 f5h6 f8h6 a1e1 d7d3 e1e2 e8f8 e2e4 d3d8 a4a5 c6c5 a5a6 f8g7 e4c4 d8a8 c4c5 a8a6 c5c7 g7g6 c7c4 a6a3 c4c5 a3a6 g2f1 a6b6 f1g1 h6g7 g1f1 b6a6 f1e2 a6b6 e2e3 g7f6 c5d5 b6b3 d5d3
43,W,material_adjudication,68,1.698771,215,2026-09-11 11:19:50,h2h4 b8a6 d2d4 g7g5 a2a3 a6b4 a3b4 g8f6 f2f3 g5h4 d1d2 h8g8 e2e3 f8h6 g2g3 h4h3 f1h3 h6g7 h3f1 f6d5 c2c3 h7h6 e3e4 b7b5 e4d5 g7d4 d2f4 e7e5 f4h6 g8g3 f1b5 d8f6 h6f6 e5e4 f6f7 e8f7 e1f1 a7a6 b5a4 d4c3 b2c3 e4f3 c1b2 c8b7 b1a3 a6a5 a3b5 c7c6 d5c6 b7c6 b5a7 a8a7 b4a5 a7a5 a4c6 a5a1 b2a1 d7c6 f1f2 f7f8 g1f3 g3f3 f2f3 c6c5 h1h4 f8e7 h4g4 e7e8
44,B,material_adjudication,109,1.685836,220,2026-09-11 11:21:11,a2a4 e7e6 b1c3 g8f6 h2h4 f8d6 g2g4 b8a6 d2d3 g7g5 c1g5 h7h5 g5f6 d8f6 c3e4 e8e7 e4d6 c7d6 h1h3 h5g4 h3e3 e6e5 b2b3 f6e6 e3g3 h8e8 d1b1 a6c7 e2e3 a7a6 e3e4 e7f6 a1a2 e8e7 f1e2 f6g7 e2g4 e6f6 g4f5 g7f8 g1h3 a6a5 a2b2 c7e6 g3f3 f6h4 h3g1 h4h5 f3h3 h5g5 g1e2 d6d5 e4d5 g5f5 h3g3 f5h5 d5e6 b7b5 e6f7 b5a4 e2c3 a4a3 b2a2 c8a6 b1c1 f8f7 c1d2 e7e6 g3g5 h5f3 a2a3 a8c8 a3a5 f7f8 c3d1 e5e4 a5a4 f3h1 g5g1 h1g1 e1e2 e4d3 e2f3 e6e5 d2f4 f8e8 f4e5 e8d8 c2d3 a6b5 e5d4 b5a4 b3a4 g1d1 f3e3 d1h5 f2f4 c8c1 e3f2 c1c8 d4e4 c8c2 e4e2 c2e2 f2g3 d8e8 a4a5 e2a2 a5a6
45,W,material_adjudication,66,1.765496,225,2026-09-11 11:25:31,e2e4 b7b6 d2d3 d7d6 b1d2 a7a6 g2g4 e8d7 a1b1 f7f6 d1e2 d6d5 f2f4 h7h5 c2c4 g7g5 c4d5 e7e5 b1a1 c8b7 g4h5 b6b5 f4e5 b5b4 e5f6 d7e8 g1f3 h8h5 b2b3 h5h6 f6f7 e8f7 f1g2 f7e8 f3d4 f8g7 d2f3 g7d4 f3d4 a6a5 e1g1 b8a6 h2h3 a6c5 c1e3 g8f6 e3g5 c5e4 d3e4 h6g6 g5f6 d8f6 e2d1 f6d4 d1d4 e8d8 d4b2 d8e8 g1h1 e8d8 g2f3 a8b8 f1e1 b8a8 e4e5 d8d7
46,B,checkmate,54,1.697643,230,2026-09-11 11:26:56,h2h4 h7h5 a2a4 b8c6 f2f4 c6d4 b2b4 d7d5 g1f3 a7a5 b4a5 a8b8 f3d4 c7c5 e1f2 c8h3 g2h3 e7e5 h1h2 e5d4 e2e4 d4e3 d2e3 d5d4 e3e4 d8h4 f2e2 c5c4 b1a3 f8a3 a1a3 b8d8 c1b2 g8f6 e4e5 h8g8 e5f6 g7f6 b2d4 d8d4 d1d4 h4f4 d4c3 f4h2 e2f3 g8g3 f3f4 g3c3 f4f5 c3c2 h3h4 e8d8 a3h3 h2e5
47,W,material_adjudication,68,1.735444,235,2026-09-11 11:29:47,e2e4 b8c6 f1d3 g8h6 b1a3 f7f5 g2g4 a7a5 e4f5 c6b8 g4g5 c7c5 a3b1 a8a6 d3e4 a6g6 d2d4 e7e5 f5g6 a5a4 e1f1 d7d6 f2f3 d8d7 b2b4 e5d4 g5h6 d6d5 e4d3 c5c4 a2a3 c4d3 b1d2 d3c2 d1c2 d7c6 c2b2 c8d7 g1e2 d7h3 f1g1 f8d6 e2d4 e8d7 d4f5 h3f5 h6g7 h8g8 b4b5 c6c5 g1f1 g8g7 b2g7 d6e7 g7g8 f5g6 g8g7 c5d4 g7d4 e7f6 d4b2 f6b2 c1b2 d5d4 h2h4 b8c6 b5c6 d7c6
48,W,material_adjudication,106,1.683982,240,2026-09-11 11:30:33,e2e4 e7e5 d1e2 d8e7 e1d1 f7f6 f2f3 b7b6 g2g4 c7c5 d2d3 e8d8 b1d2 b8a6 h2h4 c5c4 d2b1 c4d3 c2d3 g7g5 h4g5 c8b7 g5f6 e7a3 h1h4 a3b4 g4g5 g8e7 f6e7 d8e8 h4g4 h7h5 b1d2 b4d6 e7f8q e8f8 b2b4 h5g4 f3g4 a6b4 c1a3 b4d3 e2d3 d6a3 d3a3 f8g7 d1c1 h8c8 d2c4 g7g6 f1d3 d7d5 g1h3 d5c4 d3c4 c8c4 c1b2 a7a5 a3b3 c4b4 a1f1 b4b3 b2b3 a8c8 b3b2 b7e4 f1e1 e4c6 e1e5 c6g2 h3f4 g6g7 f4g2 c8c5 e5e8 g7f7 e8b8 f7g6 g2e1 g6g5 b8d8 g5g4 d8e8 a5a4 e1c2 g4f5 b2c1 c5c8 e8c8 f5e4 c8c7 e4d5 c7c3 d5d6 c2e1 d6d7 c3e3 d7d8 e3a3 d8d7 a3a4 d7c6 c1b2 c6b5 a4a3 b5c6
49,W,material_adjudication_moderate,76,1.685935,245,2026-09-11 11:32:19,b1a3 h7h5 a1b1 b7b6 d2d4 c7c6 e2e4 g7g6 h2h4 h8h7 d1d2 f8h6 g2g4 d7d5 g4g5 e8f8 c2c4 c8e6 g5h6 d8c7 a3b5 c6b5 e1d1 g6g5 f1e2 h7h6 c4b5 a7a6 e4d5 e6d5 h4g5 d5h1 g5h6 g8h6 b2b4 h1e4 d2h6 f8e8 c1f4 e4b1 f4c7 b1g6 b5a6 e8d7 e2h5 g6h5 h6h5 d7c7 h5h7 b8a6 g1f3 a6b4 a2a4 b4d5 d1d2 e7e6 f3e5 d5f6 h7b1 a8d8 e5d3 d8d5 f2f4 f6d7 d3f2 d5d4 d2c3 e6e5 f4e5 d4h4 c3d2 h4h2 d2e1 h2h4 b1d1 h4h2
50,B,material_adjudication_moderate,93,1.715639,250,2026-09-11 11:37:10,h2h4 b7b6 b2b3 h7h5 h1h2 b8a6 c1b2 a6b8 b2e5 d7d5 h2h1 f7f6 d1c1 g7g5 e5f4 e8d7 h4g5 h5h4 e2e4 e7e5 g2g3 h4h3 b1a3 a7a5 f4e5 f8a3 f1h3 d7e8 g5f6 a3c1 a1c1 e8f7 h3g2 c8g4 h1h8 g4e6 e4d5 e6d5 e5c7 d8c7 g2d5 f7f6 d5a8 b8c6 c2c3 f6e5 f2f4 e5e6 h8g8 c6e7 g1f3 e7g8 a2a4 g8f6 f3g5 e6e7 b3b4 a5b4 c3b4 c7c1 e1f2 f6e8 a8b7 c1b2 b7c6 e7d8 g5h3 e8c7 c6f3 b2d2 f3e2 d2c3 a4a5 c7d5 a5b6 c3b2 b4b5 d5b6 f2g1 d8e8 e2f3 b6c4 g1h1 b2b5 f3c6 b5c6 h1g1 c6a6 h3g5 a6a2 g5h7 e8f7 h7g5
51,W,checkmate,59,1.713264,255,2026-09-11 11:38:27,a2a3 b7b6 c2c4 g8f6 a3a4 e7e6 h2h4 a7a6 g2g4 d7d5 b2b4 e8e7 c1b2 f6e4 g1f3 e7d6 d1c2 d8f6 e1d1 f6d8 h1h2 b8d7 d2d3 e4f2 h2f2 e6e5 b4b5 d5d4 f1h3 a6b5 f3d2 f8e7 d2e4 d6e6 b1d2 d7f6 f2f3 h8e8 e4f2 e5e4 d3e4 e7b4 e4e5 e6e5 g4g5 e8h8 c4b5 f6h5 f3d3 h8g8 c2c1 c8h3 f2h3 d8e7 h3f2 b4d6 e2e4 e7e6 d2f3
52,B,material_adjudication,79,1.717018,260,2026-09-11 11:38:48,g1f3 e7e6 b1a3 d7d6 g2g4 b8d7 h1g1 h7h5 b2b4 d8g5 g1g3 a7a5 f3g5 d7b6 d2d4 h5h4 e2e3 c7c6 e1e2 a8b8 g5e6 h4g3 f1g2 b6d7 d1d3 a5b4 e6c7 e8e7 d3d2 b4a3 f2g3 h8h2 e2d1 g8f6 c2c4 f6e4 g2e4 h2d2 d1d2 d7f6 e4g2 c8g4 c1a3 b8c8 c7a6 g4e6 d4d5 c6d5 c4d5 b7a6 d5e6 f7e6 g3g4 f6g4 g2h3 g4e5 a1c1 c8d8 a3c5 d6c5 d2c3 e5g6 e3e4 e7d7 h3e6 d7e6 c3b2 e6e5 c1c4 a6a5 b2a3 e5f4 c4c5 f8c5 a3b2 c5e7 e4e5 d8d3 e5e6
53,B,material_adjudication,107,1.730774,265,2026-09-11 11:39:11,g2g3 g8f6 b2b3 b8a6 h2h3 g7g5 h1h2 e7e5 h3h4 g5h4 f1h3 f8h6 f2f4 c7c6 h3g2 f6d5 g2d5 f7f6 d5g2 d7d5 d2d3 h8g8 h2h4 a8b8 c2c3 a6b4 h4h6 d8c7 h6h7 a7a6 e1f1 c7h7 c3b4 h7e7 a2a3 b7b5 b1c3 e8d7 c1e3 d5d4 c3e4 d4e3 f4e5 f6e5 e4c5 d7e8 g3g4 g8g4 d1c1 g4g5 g2h1 c8d7 g1h3 a6a5 h3g5 e7g5 h1d5 g5e7 c1b2 e7g7 d5h1 a5b4 h1g2 b4a3 b2a3 b5b4 a3a4 g7f8 g2f3 f8c5 a1e1 b8c8 a4a6 c8b8 a6c4 c5c4 b3c4 b4b3 e1b1 b3b2 c4c5 b8c8 f1e1 d7e6 b1b2 e8d7 b2b6 c8g8 e1f1 g8g5 f3e4 d7c8 e4f3 e6g8 b6b2 c8c7 b2c2 g8e6 c2d2 e3d2 f3e4 d2d1q f1f2 e6g8 e2e3 g5g6 e4g6
54,W,material_adjudication_moderate,89,1.744925,270,2026-09-11 11:41:50,a2a3 c7c6 d2d3 d7d6 c2c4 g7g5 b1d2 c8d7 h2h4 g5g4 h4h5 f7f5 g1h3 g4h3 d2b3 g8f6 c1d2 b7b5 c4b5 d6d5 f2f4 c6c5 e1f2 e8f7 f2e1 h8g8 h1h3 f6h5 h3h5 d8b6 b3c5 b6c5 d1b3 c5d6 g2g3 f7e8 f1g2 d6c7 h5h7 g8g3 g2d5 g3h3 h7h3 b8a6 b3c4 c7c4 d3c4 a6c7 e2e3 c7d5 c4d5 a8b8 a3a4 f8g7 d2c3 g7c3 b2c3 b8d8 h3h1 a7a6 b5a6 e7e6 e1f2 e6d5 h1d1 d7c6 d1d2 d8d7 f2f1 d5d4 c3c4 d4e3 d2d7 c6d7 f1e1 e3e2 a6a7 d7c6 e1e2 c6a8 a4a5 a8b7 a5a6 b7a6 a1a6 e8d7 a6a3 d7e6 e2d1
55,B,checkmate,66,1.777529,275,2026-09-11 11:42:10,f2f4 b8a6 b2b4 g8f6 a2a4 d7d5 h2h4 a8b8 b4b5 e7e6 c2c4 a6b4 g2g4 f6g4 b5b6 a7b6 f1g2 e8d7 e1f1 g7g5 c4d5 g5f4 g2e4 g4f6 g1f3 f6e4 d5e6 f7e6 d2d4 e4d6 f3e5 d7e8 c1b2 d6e4 h1h3 f8d6 h3f3 h8g8 b1c3 c7c5 d4c5 e4g3 f1f2 b6c5 d1e1 d8f6 c3e4 f6h4 e4d6 e8e7 d6f5 e6f5 a1c1 c5c4 c1c4 c8d7 e1b4 e7d8 b2a3 b7b6 a3b2 d7a4 b4a4 h4h2 f2e1 h2e2
56,W,material_adjudication,70,1.702803,280,2026-09-11 11:45:49,c2c3 e7e5 c3c4 f7f5 h2h4 f8d6 d1b3 g8f6 g2g4 b8a6 g4f5 d8e7 b3h3 h7h5 f2f4 b7b5 c4b5 e5f4 e1f2 f6e4 f2f3 c8b7 b5a6 e4d2 f3f2 b7h1 b1d2 h1c6 a2a4 e8d8 f1g2 h8h7 g2c6 d7c6 f5f6 g7f6 d2f3 c6c5 f2f1 h7f7 a1b1 f6f5 f3g5 e7g5 h4g5 c7c6 h3g2 f4f3 g1f3 f7d7 c1d2 d8e8 b2b3 a8d8 f3h2 f5f4 e2e4 f4e3 d2e3 d6e7 b1c1 h5h4 f1g1 h4h3 g2h3 c5c4 c1c4 c6c5 a4a5 d7d2
57,W,checkmate,99,1.663616,285,2026-09-11 11:49:55,e2e3 e7e5 f2f3 d8e7 c2c4 g7g5 g1h3 d7d5 e3e4 h7h6 d1b3 e7d7 e4d5 a7a6 g2g3 f7f6 h3g1 f8d6 b3d3 b7b5 a2a4 b5a4 d3e2 c8b7 a1a4 b7d5 c4d5 d7a4 d2d3 a4d7 b1c3 g8e7 h2h4 e8d8 g3g4 h6h5 h4g5 f6g5 b2b3 h5g4 h1h8 e7g8 h8g8 d8e7 c1b2 a6a5 f3g4 b8a6 f1g2 a8g8 e1d1 d6b4 c3b5 d7b5 b2d4 b5d7 d4e5 e7d8 e2e4 b4e7 e5d4 a6c5 d4c5 e7c5 d3d4 g8e8 e4d3 c5d6 g2f1 a5a4 b3a4 e8e7 g1h3 d8e8 h3g5 d7g4 d1c1 g4g5 c1b1 g5h4 a4a5 c7c5 d5c6 e7g7 c6c7 d6c7 d3c4 c7a5 f1d3 h4h6 c4a4 e8d8 a4a5 d8d7 a5f5 h6e6 d3b5 d7d6 f5c5
58,B,material_adjudication,87,1.694620,290,2026-09-11 11:53:46,b2b3 b8a6 f2f4 a6b4 e2e4 d7d6 d2d3 a7a6 d1f3 f7f6 f3h5 e8d7 a2a3 b7b6 h2h3 g7g6 h5h4 b4c2 e1d2 c2a1 c1b2 a8a7 h4f2 a6a5 f4f5 h7h5 h1h2 g6f5 f1e2 d6d5 b2a1 a5a4 b1c3 a4b3 h3h4 d5e4 f2e1 e4d3 e2d3 a7a5 g1e2 b6b5 c3b5 c7c6 b5c3 c8b7 a3a4 f5f4 e2f4 g8h6 e1b1 f6f5 f4g6 h8g8 g6f8 d8f8 c3d1 f5f4 b1b2 f4f3 g2f3 c6c5 d3f1 b7c6 b2b3 a5a8 d1e3 g8g3 h2g2 g3f3 g2g5 f3f2 d2c3 e7e6 b3c2 h6g8 c2f2 f8f2 f1e2 e6e5 g5e5 f2e2 e5h5 c5c4 a1b2 d7e7 b2c1
59,W,checkmate,67,1.676701,295,2026-09-11 11:56:37,e2e3 e7e5 f2f3 d8e7 e3e4 e8d8 a2a4 f7f5 g1e2 b7b6 b1c3 h7h5 a1b1 b8a6 e4f5 c8b7 b1a1 e7h4 g2g3 h4f4 g3f4 e5f4 d2d4 g7g5 b2b3 d8e7 e1d2 g5g4 e2f4 e7d6 b3b4 a6b4 d4d5 c7c5 f1d3 a7a6 c3e4 d6e7 h1f1 f8g7 c1b2 g7f6 b2e5 f6e5 a1b1 g8f6 e4f6 e7f6 f3g4 h5g4 a4a5 b4d3 f4d3 b6a5 d3e5 f6e5 f1g1 h8h2 d2e3 h2h4 d1d2 h4h3 e3e2 a5a4 g1g4 e5f5 d2f4
60,W,material_adjudication,66,1.739450,300,2026-09-11 11:55:58,e2e3 g7g5 a2a4 e7e6 e3e4 d8e7 b2b3 c7c6 c1b2 f8g7 a4a5 e8d8 b1a3 e7f6 e4e5 d8c7 e5f6 g8f6 a1c1 g7h6 f2f4 g5g4 a3c4 h6f4 b2d4 b8a6 c1b1 a6c5 d4c3 f6e4 g2g3 h8g8 g3f4 d7d6 g1h3 g4h3 b1a1 c7d8 d1f3 g8g5 a1a4 d8e7 f4g5 c5a4 f1h3 c8d7 f3f4 e4c3 d2c3 a8b8 b3a4 e6e5 f4f2 d7h3 c4d2 h3d7 f2f6 e7e8 h2h4 h7h5 e1e2 d7g4 e2e1 g4e6 h1g1 d6d5
61,W,checkmate,55,1.723735,305,2026-09-11 11:59:36,a2a4 g7g6 a4a5 d7d5 g1f3 e7e5 a1a3 d5d4 d2d3 g6g5 e2e3 d4e3 g2g4 f7f6 a3b3 f8a3 e1e2 h7h5 c1e3 h5g4 f3d4 d8d7 b1a3 e5d4 e3d4 d7d4 f1g2 e8d8 a3b5 d4a4 b5d4 a4d4 d1d2 d4c5 d3d4 c5c2 d2c2 g8h6 c2g6 c8d7 b3b7 d8c8 g6f6 b8c6 g2c6 d7c6 f6c6 h8g8 b7c7 c8b8 c7a7 a8a7 h1c1 g8c8 c6c8
62,B,material_adjudication,149,1.690415,310,2026-09-11 12:02:05,h2h4 b7b6 b2b3 h7h5 h1h2 g7g6 d2d4 h8h7 g2g3 e7e5 d1d2 d7d5 e2e4 f8g7 b3b4 e8f8 f1g2 f7f5 e1f1 f5e4 g1h3 e4e3 d4e5 e3d2 b1d2 c8g4 c2c4 f8e8 c1b2 g7h6 c4d5 e8f8 b4b5 g8e7 d5d6 e7g8 e5e6 d8d6 d2e4 d6e6 h3g5 e6d5 e4c5 d5c5 g5e4 f8f7 e4c5 b6c5 f2f3 g4c8 f3f4 h7h8 b2h8 c7c6 b5c6 b8a6 a1d1 c8g4 d1c1 g4e6 c6c7 a8c8 g2c6 c8c7 c6f3 c7e7 h8c3 e6g4 f3g4 h5g4 f1g1 e7e3 g1g2 e3d3 a2a4 h6g7 c3a5 d3f3 c1d1 g7f6 d1e1 f7g7 e1e6 f6d8 a5d8 a6c7 e6c6 c7d5 c6d6 g8h6 h2h1 d5e3 g2g1 a7a5 d8a5 e3c4 d6a6 h6g8 g1g2 c4a5 a6a5 c5c4 f4f5 g6f5 h1b1 c4c3 b1a1 c3c2 a1c1 f5f4 g3f4 g8e7 f4f5 e7f5 a5a6 f5e3 g2h2 g4g3 h2g1 e3c4 g1g2 f3c3 h4h5 c3b3 c1c2 c4e3 g2g3 e3c2 g3f4 c2e3 a6c6 b3a3 c6c7 g7h6 c7c8 e3g2 f4f5 a3a4 c8a8 a4a8 f5g4 a8a3 g4f5 h6h5 f5e6 a3c3 e6d6 c3b3 d6d7
63,B,value_resign,64,1.742709,315,2026-09-11 12:02:06,e2e4 e7e5 b2b4 f8b4 f1e2 c7c6 c2c3 b4e7 d1c2 f7f6 f2f3 b7b5 a2a4 a7a6 a4b5 c6b5 h2h4 e7d6 e2d3 d6c5 g2g3 f6f5 h1h2 a8a7 d3c4 f5f4 c1a3 f4g3 a3c5 g3h2 c5a7 h2h1q c4b3 d7d5 a7b8 c8e6 b3d5 d8b8 d5e6 h1g2 e6h3 g2g1 e1e2 g8h6 b1a3 g1h2 e2d3 h2h3 a3b5 a6b5 c2b3 b8b6 a1a3 e8d8 c3c4 b5b4 a3a7 b6a7 h4h5 a7b6 b3a3 b4a3 c4c5 b6c7
64,W,material_adjudication,102,1.716544,320,2026-09-11 12:04:24,c2c4 d7d5 d1b3 e8d7 h2h4 b7b5 b3b5 d7d6 g1h3 f7f6 g2g4 h7h5 g4g5 e7e5 b1a3 a7a5 b5e8 d5d4 e8d8 b8d7 h1h2 a8b8 e2e3 d4e3 f2f4 c8b7 d8c8 b7a6 a3c2 b8c8 e1e2 e5f4 d2e3 c7c5 a2a4 f4f3 e2f3 d7e5 f3f2 e5g4 f2g1 g4h2 g1h2 f6g5 h3g5 c8d8 e3e4 d6e7 f1h3 h8h6 c2e3 h6d6 e3d5 e7e8 e4e5 d6d5 c4d5 d8d5 g5e6 f8e7 e6c7 e8d8 c7a6 g7g5 c1g5 c5c4 g5e7 d8e7 b2b3 c4b3 h2g2 b3b2 a1b1 d5e5 b1b2 g8f6 g2g3 e5e4 b2a2 e4g4 h3g4 h5g4 a2a1 f6d5 g3g4 e7d6 g4f5 d6e7 f5g6 e7e6 h4h5 d5b4 h5h6 b4c2 h6h7 c2a1 h7h8q a1b3 g6g7 b3d4 h8h7 e6d5
65,B,material_adjudication,89,1.731423,325,2026-09-11 12:04:55,h2h3 a7a6 b2b4 a6a5 b1a3 h7h5 c2c3 g7g5 a3c4 f7f5 d1b3 d7d5 b4a5 d5d4 c3d4 a8a6 c4b2 e8d7 e2e4 f8g7 b3d5 a6d6 d5c5 d6d4 a2a4 e7e5 b2d3 f5e4 f1e2 e4d3 e2d3 d4d3 g2g3 g8f6 g1f3 f6h7 f3e5 g7e5 e1e2 h5h4 e2d3 e5g7 f2f3 h4g3 d3e2 g3g2 h1g1 h7f6 c1a3 f6e8 g1g2 b7b6 a5b6 c7b6 c5g5 d8g5 g2g5 h8h3 g5g7 e8g7 f3f4 h3h4 a3b2 g7h5 d2d4 b8a6 a1h1 h4h1 d4d5 h1g1 e2f2 g1g5 f4g5 d7d6 f2g1 d6c5 g1f1 c8b7 g5g6 b7d5 g6g7 h5g7 b2d4 c5d4 a4a5 d5c4 f1e1 b6b5 e1f2
66,W,material_adjudication,66,1.734500,330,2026-09-11 12:05:10,g2g3 h7h5 b2b3 h8h7 g1h3 b7b6 c2c3 e7e5 f2f4 g7g6 f4f5 d7d5 f5g6 f7f5 g6h7 d5d4 c3d4 g8f6 d2d3 c8b7 c1b2 a7a5 b1d2 d8e7 b2a3 b8a6 a3b4 a5b4 h7h8q a6c5 d4c5 e7c5 h8f6 c5d4 a2a3 f8e7 f6g7 e7f8 h1g1 f8g7 a3b4 g7h6 a1a8 b7a8 f1g2 d4e3 d1b1 h5h4 b1a1 e5e4 d3d4 a8b7 d4d5 e3c5 b4c5 h6g5 h3g5 h4h3 a1c1 h3g2 c1c4 b6b5 c4d3 e4d3 e1d1 d3e2
67,W,material_adjudication,78,1.723102,335,2026-09-11 12:05:25,h2h4 b7b6 b2b3 f7f6 h1h3 h7h5 h3g3 d7d5 b1c3 e8d7 c1b2 a7a6 c3d5 b6b5 a1b1 d7e6 d5c3 e6d7 e2e4 g7g6 d1c1 g8h6 c3b5 a6b5 a2a3 c7c6 e1d1 f6f5 b2h8 f5e4 b1b2 c8b7 f1c4 a8a3 g1h3 c6c5 c4b5 d7e6 h8c3 h6g4 f2f3 e4f3 c3b4 c5b4 g2f3 g4h6 h3f2 d8d4 g3g2 d4c5 b5a4 g6g5 f2d3 a3a4 d3c5 e6e5 c5d7 b8d7 b3a4 b7f3 d1e1 f3g2 h4g5 d7c5 g5h6 c5a4 b2b3 f8h6 b3b4 g2f3 c2c4 e5e6 b4a4 h6f8 e1f2 f3e4 c1d1 f8g7
68,D,cap_draw,150,1.661383,340,2026-09-11 12:07:03,h2h4 b7b6 b2b3 h7h5 f2f4 h8h7 e1f2 a7a5 g2g3 e7e5 f1g2 b6b5 f2f1 c8b7 a2a3 d7d5 g2e4 d5e4 f4e5 b8c6 h1h2 c6d4 d2d3 a8a6 c1d2 a6a7 d1c1 d4c2 c1c2 e4d3 c2c1 a7a8 d2g5 d3d2 g5d8 d2c1q f1f2 a8d8 e2e4 g8h6 g1e2 g7g6 e2c1 b7e4 e5e6 f7e6 b1d2 e4c6 f2f1 e6e5 a3a4 h6f7 a4b5 c6d7 c1d3 f8d6 d2e4 e8e7 f1g1 e7f8 e4d6 c7d6 b5b6 d6d5 b6b7 d8b8 d3e5 b8b7 g1f2 f7e5 a1a5 h7g7 a5d5 b7b3 d5d7 g7d7 f2g1 b3b2 h2b2 f8e7 b2b3 d7d8 b3b4 g6g5 b4e4 g5h4 g3h4 d8c8 e4e5 e7f8 e5h5 c8c4 g1h1 f8g7 h5d5 c4h4 h1g2 h4c4 g2g3 g7g6 d5b5 g6f6 b5a5 f6e6 a5h5 e6f7 h5f5 f7g6 f5d5 c4c8 d5d6 g6f7 g3f4 c8c2 f4g3 f7e7 d6h6 c2c8 g3g2 e7e8 h6h7 c8c5 h7h3 c5c4 h3h7 c4c2 g2f3 e8f8 h7h3 f8e8 f3e3 c2c4 e3d3 c4c8 d3d4 c8b8 h3d3 b8b2 d4c3 b2a2 c3b3 a2h2 b3a3 e8f8 a3b4 f8e8 b4a5 e8f8 a5a6 f8e8
69,B,checkmate,66,1.757445,345,2026-09-11 12:07:30,b1a3 a7a5 c2c3 d7d6 f2f4 d6d5 a3c2 c8h3 e1f2 b7b5 e2e4 f7f6 b2b3 b5b4 e4e5 e8f7 g2g3 h3g4 g1f3 c7c5 a2a3 f6e5 f3e5 f7f6 e5g4 f6f7 g4e5 f7e8 d2d4 g8h6 f1b5 b8d7 e5d7 d8d7 b5d7 e8d7 f2e2 b4c3 d4c5 a8b8 d1f1 g7g6 f4f5 h6f5 c1g5 e7e5 f1g1 h7h6 c2d4 h6g5 d4f5 g6f5 a1f1 f8c5 g1g2 c5d6 g2d5 g5g4 d5a5 c3c2 h1g1 h8h2 e2e3 b8b3 a5c3 b3c3
70,B,material_adjudication_moderate,90,1.684493,350,2026-09-11 12:10:33,a2a4 d7d5 c2c3 c8e6 b2b4 e8d7 e2e4 a7a6 e4d5 e6d5 f1e2 d5e6 g1f3 g7g6 e2d3 h7h5 f3d4 g6g5 d4f5 a6a5 d3c4 e6f5 b4b5 c7c5 b1a3 f5d3 a1a2 d3c4 a3c4 d7c7 a2a1 e7e6 a1b1 h5h4 f2f3 f8g7 b1b3 d8e7 e1e2 g7d4 c1b2 d4f2 b2a3 b8d7 e2f2 a8c8 f2e2 b7b6 f3f4 g5f4 h2h3 c8e8 h1g1 g8f6 c4e5 d7e5 d2d4 e5d3 d4c5 f6d7 c5c6 d7c5 a3c5 d3c5 e2f3 c5b3 d1b3 e8d8 g1d1 f7f6 f3e2 e6e5 d1d7 d8d7 c6d7 e7d7 c3c4 d7d8 b3a2 f4f3 g2f3 d8c8 a2b3 c8d8 e2f2 c7d6 b3b2 d6c7 b2e2 d8e8
71,W,checkmate,37,1.712341,355,2026-09-11 12:11:03,e2e3 g7g5 d1h5 b8a6 g2g3 c7c6 g1h3 g8f6 h5f3 h7h5 h3g5 f8h6 f3f4 d7d6 a2a4 h6g5 f4g5 f6d7 f2f3 h8h7 g5f4 a6c5 b2b3 a8b8 e1d1 h7h6 c2c4 e8f8 f1g2 d7b6 f4h6 f8e8 a4a5 b6c4 b3c4 d8d7 h6h8
72,W,material_adjudication_moderate,136,1.734720,360,2026-09-11 12:11:31,a2a3 b7b6 c2c4 b8c6 d2d3 g8h6 b1d2 g7g6 e2e4 h8g8 h2h4 c8b7 h1h3 c6e5 d1h5 g6h5 g2g3 b7c8 g1e2 c7c5 f2f4 a8b8 f4f5 f8g7 f5f6 e8f8 f6g7 f8g7 a3a4 f7f6 a1b1 d8c7 f1g2 d7d6 d3d4 e5g4 d4c5 d6c5 e4e5 h6f5 g2f3 f6e5 f3g4 h5g4 h3h2 e5e4 e1f2 a7a5 d2e4 h7h5 c1f4 c7b7 f4b8 b7b8 e4c5 b6c5 f2g1 b8b7 b1a1 f5h4 g3h4 g8f8 e2c1 g7h6 a1b1 e7e5 h2e2 h6g6 e2e5 g4g3 e5e7 f8f6 e7b7 c8b7 c1e2 b7a6 e2g3 f6b6 g1g2 g6h6 g2g1 h6g6 g1g2 g6h6 g2h3 h6g6 g3e4 a6c8 h3g3 c8a6 e4c5 b6d6 c5a6 d6a6 c4c5 a6a7 b1e1 a7c7 c5c6 c7c6 e1d1 c6b6 d1d2 b6b7 d2d4 b7b2 g3f3 g6f5 d4d5 f5e6 d5h5 b2d2 f3e4 d2h2 e4f3 h2d2 f3e4 d2h2 e4f4 h2h4 h5h4 e6e7 h4g4 e7e8 g4g3 e8d7 g3g4 d7e8 g4g3 e8d7 g3g5 d7e8 g5g4 e8e7 g4g3 e7d7
73,W,material_adjudication,66,1.754885,365,2026-09-11 12:12:27,e2e4 f7f6 d1h5 g7g6 h5e2 c7c5 h2h3 g8h6 e1d1 b7b6 f2f3 f8g7 g2g3 e7e6 d1e1 b8c6 c2c4 c6e7 e2d3 c8b7 g1e2 d8c8 h3h4 b7e4 f3e4 h6f5 g3g4 e6e5 d3h3 e8g8 a2a4 f5e3 h3e3 g7h6 e3h6 d7d5 e1d1 a7a6 f1g2 g6g5 h4g5 f6g5 h6g5 g8f7 c4d5 c8g4 g5h4 g4h4 h1h4 e7d5 e4d5 f7e8 h4h5 f8f6 g2e4 a8d8 h5h2 h7h5 d2d3 c5c4 b1d2 c4d3 e2g3 d8d5 b2b4 e8d8
74,B,checkmate,112,1.697980,370,2026-09-11 12:13:21,h2h4 h7h5 a2a3 b8c6 a3a4 c6d4 a4a5 b7b6 a5a6 f7f6 b1c3 e8f7 a1b1 c8a6 e2e4 a6b7 c3d5 e7e5 d2d3 c7c6 d5f4 g8e7 f1e2 a7a5 h1h2 e5f4 e2f1 b6b5 d1e2 b7a6 e2d2 f7e6 g2g3 f4g3 f2g3 e6f7 c2c3 d4e6 d3d4 d8b8 d4d5 b8g3 d2f2 g3f2 e1f2 c6d5 e4d5 g7g5 d5e6 d7e6 c1d2 g5h4 h2h4 e7d5 h4d4 h5h4 f2e1 f8d6 f1e2 f6f5 e2f3 f5f4 f3e4 d6e7 e4d5 e6d5 d4f4 f7g6 f4g4 g6f5 b1d1 f5g4 d2e3 h8h5 d1d5 h5f5 d5f5 g4f5 b2b3 a8d8 e3b6 h4h3 b6d8 e7d8 g1h3 f5g4 h3g1 g4h4 e1d2 h4g3 g1e2 g3f2 e2d4 a6b7 d4b5 d8g5 d2c2 b7f3 b5d4 f3g2 d4f5 g2e4 c2b2 e4f5 b2a1 g5h6 c3c4 a5a4 c4c5 a4b3 c5c6 h6g7
75,B,material_adjudication,66,1.702960,375,2026-09-11 12:13:35,h2h4 b7b6 a2a3 b6b5 c2c4 d7d6 g2g4 h7h5 f2f3 b8a6 e2e4 e8d7 a1a2 d6d5 a3a4 h5g4 f3g4 d7e8 b2b3 c8g4 a4b5 g4d1 c1b2 f7f6 b2a3 d1h5 c4d5 a6b8 b5b6 a7a5 b6b7 a8a7 b1c3 h5f3 a3c5 a7b7 g1f3 e7e5 f3g1 b8d7 c5d4 e5d4 h4h5 d4c3 d2c3 f6f5 e4f5 c7c5 d5c6 b7b3 a2a4 g8f6 c6d7 e8d7 a4a5 d8a5 f1d3 f8b4 c3b4 a5a1 e1e2 f6h5 g1f3 h5f4 e2d2 h8h1
76,W,material_adjudication_moderate,86,1.702744,380,2026-09-11 12:14:40,c2c4 b8c6 b2b3 a7a6 g1h3 e7e5 b1c3 c6d4 e2e4 g8f6 c3a4 f8c5 a4c5 d7d6 c1b2 d6c5 g2g4 a8b8 d1b1 c8g4 h3g5 d8d7 h1g1 d7d6 b1d3 g4h5 f2f3 h8f8 g5h7 f6h7 a2a4 f7f6 h2h4 a6a5 g1h1 f6f5 e4f5 d4b3 d3b3 f8f5 b3c2 f5f4 h1h3 e5e4 f3e4 f4g4 e4e5 d6b6 a1c1 g7g6 b2a3 b8d8 e5e6 b6d6 d2d3 c7c6 c2e2 e8f8 c1d1 b7b6 d3d4 g4f4 d4c5 h5e2 d1d6 e2f1 d6d8 f8e7 d8d1 f1c4 c5b6 c6c5 a3c5 e7f6 h3a3 f4e4 e1f2 c4e6 d1a1 e4e5 a3f3 f6g7 a1f1 h7f6 h4h5 e5d5
77,B,material_adjudication,77,1.748224,385,2026-09-11 12:16:14,b2b3 g8f6 d2d3 e7e5 f2f3 b8c6 a2a4 g7g5 e2e4 f6d5 e4d5 c6d4 c1g5 f7f6 g5e3 d8e7 h2h3 a7a5 a1a2 a8b8 d5d6 c7d6 b1d2 d4f5 g2g4 f5e3 d1e2 e3f1 e1f1 h7h6 d3d4 e5d4 e2e7 e8e7 g1e2 e7e6 e2d4 e6e5 d4b5 h6h5 b5c3 e5d4 c3b5 d4c5 f1e2 h5g4 f3g4 f6f5 g4f5 b7b6 f5f6 c8b7 h1g1 b7d5 b5d4 c5d4 h3h4 d4c5 c2c4 d5e6 d2f3 c5b4 f3d4 h8h4 d4e6 b4b3 a2a1 d7e6 e2d3 h4h3 g1g3 h3g3 d3d4 g3g6 c4c5 g6h6 c5d6
78,B,material_adjudication,69,1.714112,390,2026-09-11 12:16:28,g1h3 g8f6 b2b4 b8a6 f2f3 c7c6 h3g5 d7d6 a2a4 a8b8 g5f7 e8f7 c2c3 a6b4 c3b4 e7e6 g2g4 d8e7 f1g2 g7g6 b1c3 f8g7 e1f1 h8g8 f1f2 c6c5 c3b5 f7f8 d2d4 c5b4 e2e4 f6h5 g4h5 g7f6 b5a7 e7c7 d4d5 f6a1 g2h3 a1f6 a7c6 b7c6 h5h6 f6e5 d1b3 g8h8 d5c6 c7c6 f3f4 g6g5 f4e5 d6e5 c1g5 h8g8 g5h4 c8d7 h1f1 c6c5 f2e2 f8e8 f1c1 c5c1 b3b4 b8b4 a4a5 d7c6 e2d3 e8d7 a5a6
79,W,material_adjudication,66,1.665566,395,2026-09-11 12:17:35,e2e3 a7a5 f1b5 a5a4 g2g3 f7f5 b2b3 h7h5 f2f3 c7c6 b5a4 g7g5 b1a3 d7d5 e1f2 a8a6 a4b5 e7e6 b5a6 d8d7 a6b7 c8b7 f2e1 f8d6 g1e2 e8f7 a1b1 f5f4 h2h4 g8e7 c2c4 f4g3 h4g5 e7f5 d1c2 b8a6 b1a1 a6b4 g5g6 f7e7 c2c3 e6e5 g6g7 f5g7 c4d5 c6d5 e2g3 h5h4 g3e2 g7f5 e1f1 f5g3 e2g3 h4g3 h1h8 b4a2 c3c2 b7a6 a3c4 a2b4 c2h7 e7e6 h7h4 d7h7 h4h7 b4c2
80,W,material_adjudication,72,1.659369,400,2026-09-11 12:21:51,c2c3 h7h6 d1b3 e7e6 h2h3 f7f5 f2f4 d7d5 e1f2 b8d7 d2d3 d7c5 b3c2 d5d4 c3d4 d8d4 c1e3 d4d6 g1f3 g8f6 c2c5 d6c5 e3c5 f8c5 f2e1 c5e7 h3h4 e7d8 d3d4 f6d5 f3e5 h8g8 e1f2 a8b8 g2g3 a7a5 f1g2 d8f6 g2f3 e8e7 b1a3 g8e8 a1f1 f6e5 f4e5 f5f4 g3f4 a5a4 e2e4 g7g5 h4g5 h6g5 f4g5 e8f8 f2g2 f8f4 f1f2 e7d7 a3b1 d7e7 h1h7 e7d8 g2g3 d5e3 g3f4 e3f5 e4f5 e6f5 f2e2 d8e8 f3h5 e8f8
81,B,checkmate,66,1.705399,405,2026-09-11 12:22:35,h2h4 b7b6 b2b3 h7h5 g2g3 f7f5 c2c3 g7g5 h1h3 f5f4 h3h2 h8h7 f1h3 d7d6 h4g5 f4g3 f2g3 e7e5 g5g6 c7c6 h3f1 h7h6 g6g7 f8g7 e2e4 g7f6 h2h1 h6g6 d1c2 d6d5 c1a3 b8d7 a3d6 c6c5 e4d5 g6g4 c2c1 f6e7 h1h5 e7d6 f1e2 d6e7 e2g4 b6b5 g4d7 c8d7 d5d6 a8b8 d6e7 g8e7 b3b4 e5e4 b1a3 e4e3 a1b1 d8c7 g3g4 e7g8 d2d4 a7a6 d4c5 d7g4 h5h4 c7g3 e1f1 g3f2
82,B,material_adjudication,66,1.698781,410,2026-09-11 12:23:04,d2d3 d7d5 g1f3 g7g5 c1g5 h7h6 e2e3 d5d4 g5h4 d8d7 f3d2 b8c6 b1a3 d7g4 d1g4 c8g4 f1e2 d4e3 f2f3 e3d2 e1d2 c6b4 c2c3 a8d8 c3b4 g4d7 h1g1 f7f5 b4b5 c7c5 d3d4 h6h5 b2b3 c5d4 h4g5 f5f4 g2g3 f4g3 e2c4 h5h4 f3f4 a7a6 b5a6 g3h2 g1h1 h4h3 a6b7 d7f5 c4e6 f5e6 h1h2 e6f5 b3b4 f8g7 a1b1 d8b8 g5h4 h8h4 h2h3 h4h3 a3c4 f5d7 a2a4 d7c6 b4b5 c6b7
83,B,checkmate,58,1.687065,415,2026-09-11 12:24:15,h2h4 c7c6 b2b3 d7d6 g2g4 a7a5 a2a4 d8b6 d2d4 e8d7 f2f3 d6d5 g1h3 g7g5 h1g1 f8g7 c1d2 e7e6 h4g5 b6a7 a1a3 f7f5 g1g2 f5g4 g2g4 a7b6 b3b4 a5b4 a3e3 g8e7 c2c3 b4c3 d2c3 e7f5 b1d2 f5e3 d1c1 g7d4 c3d4 b6d4 g4d4 c6c5 d4g4 e3g4 f3g4 h8f8 g5g6 h7g6 c1c5 f8f6 c5g1 f6f7 g1g2 a8a4 d2b3 a4c4 b3d2 c4c1
84,B,material_adjudication,85,1.674124,420,2026-09-11 12:25:17,e2e3 a7a5 b2b3 g8h6 b1a3 b7b6 d1h5 g7g6 h5g5 c7c6 f2f3 h8g8 f1b5 f7f5 b5c4 b6b5 c4b5 b8a6 g2g3 a6c7 c2c4 c6b5 c4b5 c7b5 f3f4 b5a3 c1a3 f8g7 a3b2 g7b2 g5h6 b2a1 d2d4 a1d4 e3d4 d7d6 g1f3 d8b6 h6h7 g8f8 e1e2 d6d5 h1c1 a5a4 b3a4 c8b7 a4a5 b6a5 c1b1 b7c6 a2a3 a8c8 h7g7 a5a3 f3g5 a3a4 e2e1 c6d7 b1c1 c8c1 e1d2 c1c6 g5h7 e8d8 g7f8 d8c7 g3g4 c6c4 g4f5 g6f5 f8g7 d7e6 h7g5 c7d7 g7e5 c4d4 d2e1 d4f4 e5f4 a4f4 g5e6 d7e6 e1e2 f4d6 e2e1
85,B,checkmate,16,1.769036,425,2026-09-11 12:25:47,e2e3 a7a5 b2b3 e7e5 f2f3 g7g5 g2g3 b8c6 d2d4 c6d4 e3d4 e5d4 e1d2 d8e7 b1a3 e7e3
86,W,value_resign,55,1.668851,430,2026-09-11 12:26:32,h2h4 h7h5 a2a4 b8c6 e2e4 a7a5 f1d3 a8a6 f2f3 f7f5 e1e2 b7b6 f3f4 c8b7 d3a6 c6d4 e2f1 f5e4 a6b7 g7g6 g2g3 c7c6 f4f5 d8c8 b2b3 d4f5 b3b4 f8h6 c1a3 h6g7 b7c8 e8f8 g3g4 h5g4 g1h3 g7a1 c8d7 b6b5 d7c6 g4h3 h1h3 h8h7 c6a8 f5e3 d2e3 a1b2 a3b2 h7h8 b2e5 g8f6 d1d2 a5b4 f1e2 f6e8 e5g7
87,W,material_adjudication_moderate,76,1.735961,435,2026-09-11 12:32:44,a2a3 b7b5 a3a4 b8a6 c2c3 b5a4 g1f3 f7f6 b2b4 e7e5 b4b5 c7c5 a1a3 g7g5 c3c4 a6c7 d2d4 a8b8 d4d5 e5e4 f3g1 h7h5 c1e3 c7d5 c4d5 a7a6 b5a6 f8e7 f2f4 c8a6 f4g5 b8b1 d1b1 h5h4 a3a4 f6g5 a4a6 d8a5 a6a5 e8f8 g2g3 e7d6 e3d2 g8e7 f1h3 f8e8 d2c3 h8h7 e1f1 e8f8 g3g4 d6f4 b1c1 f4c1 f1f2 e7d5 h3g2 d5c3 h2h3 c5c4 f2f1 c1b2 f1f2 f8e7 f2f1 h7h6 a5g5 e7f6 g5g8 f6f7 g8g5 d7d6 g1f3 f7f6 g5f5 f6g6
88,W,checkmate,35,1.712047,440,2026-09-11 12:33:32,c2c4 b7b6 g1h3 f7f5 a2a3 h7h5 d2d3 c7c5 h3g5 f5f4 b1d2 f4f3 e2f3 g7g6 b2b3 f8g7 g5e6 g7a1 e6d8 e8d8 b3b4 c8b7 d1e2 a7a6 g2g4 g8h6 b4c5 b6c5 e2e3 a8a7 e3c5 b7c6 c5a7 c6b5 a7b8
89,B,checkmate,110,1.729078,445,2026-09-11 12:34:26,a2a3 g8f6 a3a4 d7d6 g2g3 b8a6 f2f4 c8d7 d2d3 f6g8 c1d2 d8c8 b1c3 a8b8 c3d5 g8f6 d3d4 c8d8 a1a3 d7a4 d5f6 g7f6 d2e3 e7e6 d1b1 h8g8 a3a4 b7b5 a4a6 b8c8 a6a7 d6d5 h2h3 f8e7 e1d2 d8d7 b1e1 c8b8 h1h2 h7h5 b2b4 f6f5 g1f3 h5h4 g3h4 c7c6 c2c3 d7a7 f3e5 e7f6 e5c6 a7b7 c6e5 b7c7 e1b1 g8g3 e5g6 g3g6 h4h5 g6h6 h3h4 h6h5 h2h3 h5h8 h3h2 c7c8 h2h3 b8b6 f1g2 c8b8 h3h1 b6b7 h4h5 b8c8 g2h3 b7b6 h1f1 h8h5 h3g2 h5h4 f1f3 h4h6 f3f1 h6h4 f1h1 h4h1 g2h1 c8a8 h1f3 b6b8 b1b3 a8b7 b3a2 b8a8 a2b1 a8a4 b1c1 b7c6 c1b1 e8f8 c3c4 b5c4 b1d1 f8e7 b4b5 c6b5 d1c2 e7d7 d2c3 b5b4
90,B,material_adjudication,117,1.744177,450,2026-09-11 12:35:38,e2e3 a7a5 b2b3 e7e5 f2f3 g7g5 g2g3 b8c6 c1b2 f8b4 g1h3 g8e7 c2c3 d7d5 c3b4 a8b8 b2a3 a5b4 a3b4 c6b4 h3g5 h8g8 b1a3 d5d4 f1b5 c7c6 g5e6 c8e6 h2h3 c6b5 a3b5 h7h6 a2a3 e5e4 a3b4 d8d7 b5d4 e6d5 f3e4 g8g3 e4d5 b7b5 d1c1 e7d5 e1f2 g3g8 d4f3 d5e7 a1a5 b8c8 c1b2 d7d5 h1f1 c8d8 f3e1 e7g6 b2f6 e8d7 f2g1 d8c8 e1f3 d5e6 f6e6 f7e6 d2d3 d7d8 f3d2 g6f4 g1f2 f4d3 f2e2 d3c1 f1c1 c8c1 a5b5 c1c8 b5c5 h6h5 e2d1 d8d7 c5c8 g8c8 d2c4 c8b8 h3h4 b8b4 c4a5 b4h4 d1c2 h4g4 c2c3 h5h4 a5c4 g4g5 e3e4 h4h3 c3d3 g5c5 d3d4 h3h2 c4e5 d7e7 d4c5 h2h1q b3b4 e7f6 b4b5 h1h3 b5b6 h3g3 b6b7 g3e5 c5b6 e5b8 b6a6 f6g6 e4e5
91,W,material_adjudication,66,1.740589,455,2026-09-11 12:36:03,e2e4 e7e5 f1a6 d8f6 f2f3 g7g5 g2g3 f6e7 e1f1 f7f6 a2a4 b7b6 h2h4 e7b4 b1c3 b4c5 b2b3 b8a6 f1g2 d7d6 c1b2 c7c6 h4g5 c8g4 d1e2 g4c8 h1h2 c8f5 e4f5 d6d5 e2a6 d5d4 c3e4 c5d5 c2c4 d5d8 d2d3 a8c8 h2h4 f6g5 h4h5 f8e7 f5f6 g8f6 h5h1 g5g4 e4f6 e7f6 f3g4 h8g8 b3b4 d8c7 g2f2 g8g4 g1f3 g4g5 b4b5 c8b8 f3g5 e8d7 g5h7 f6h4 h1h4 c7d8 f2e1 d8g5
92,B,value_resign,94,1.731248,460,2026-09-11 12:38:23,e2e3 e7e5 e3e4 d8e7 d1e2 c7c6 e2a6 d7d6 b1c3 b8a6 c3e2 d6d5 a1b1 d5d4 g2g3 a6c7 c2c3 c7e6 c3d4 e5d4 e4e5 e6c5 e2d4 c5a4 f2f3 e7d7 e5e6 d7e7 b1a1 g8f6 b2b4 f7e6 d4f5 e6f5 f1e2 c8d7 d2d4 f6d5 h2h3 g7g6 c1d2 b7b6 h3h4 g6g5 h4g5 f8g7 b4b5 g7d4 b5c6 d7e6 a1b1 e8f7 e2d3 f7g8 d3b5 e6f7 g1e2 e7e6 e1f1 e6e7 e2d4 a7a6 b5a4 h7h5 g5h6 e7d6 f3f4 b6b5 a4d1 h8h6 h1h6 d6h6 c6c7 d5c7 d4f5 h6f6 g3g4 c7e6 g4g5 f6f5 f1g1 e6f4 d2f4 f5f4 a2a4 f4c7 a4b5 c7b8 b5a6 b8b1 g5g6 f7g6 a6a7 g6f5
93,B,material_adjudication_moderate,86,1.776570,465,2026-09-11 12:38:47,b1a3 c7c5 h2h3 h7h6 a1b1 g7g5 d2d4 c5d4 e2e4 d8b6 f1d3 h8h7 g1e2 h6h5 c1g5 g8f6 c2c3 d4c3 b2c3 b6a5 d3b5 f6e4 d1b3 b7b6 h1g1 c8b7 b1d1 e4c5 a3c4 c5b3 c4a5 b3a5 a2a4 b7c6 b5c6 b8c6 g5d2 h7h6 d2h6 f8h6 f2f4 a8c8 e2g3 a5c4 g3h5 f7f5 g1h1 e8d8 g2g3 c4e3 e1d2 e3d1 h1d1 a7a5 d2c2 d8e8 c2d2 e8d8 g3g4 e7e6 g4f5 e6f5 d2e2 d7d6 d1d3 c6e7 e2d2 c8c4 d3d4 c4d4 c3d4 d8e8 h3h4 e8f8 h5f6 f8g7 f6e8 g7f8 e8c7 h6f4 d2e2 f4g3 h4h5 g3h4 h5h6 f8f7
94,W,material_adjudication,90,1.706007,470,2026-09-11 12:42:11,a2a3 g8f6 h2h4 b8a6 h1h3 e7e5 d2d3 f8d6 g2g4 a8b8 e2e4 f6g4 h4h5 h8g8 d1g4 f7f5 e4f5 c7c6 d3d4 b7b6 f2f3 e5d4 g4d4 d8f6 d4h4 f6h4 h3h4 e8e7 a1a2 c8b7 h4d4 c6c5 d4d6 e7d6 b2b3 g8c8 c1f4 d6e7 c2c4 b8a8 g1h3 h7h6 h3g1 g7g5 h5g6 d7d5 g6g7 a6b4 a3b4 c5b4 b1d2 d5c4 f1c4 e7d7 f5f6 b6b5 c4b5 d7d8 a2a4 a7a6 b5a6 b7a6 a4b4 a6b7 f4e5 d8e8 g7g8q e8d7 d2c4 c8g8 b4b5 g8g1 e1f2 b7c6 f2g1 c6b5 c4b6 d7e6 b6a8 e6e5 f6f7 b5a4 b3a4 e5e6 f7f8q h6h5 f3f4 h5h4 a4a5 e6d7
95,B,material_adjudication,79,1.680586,475,2026-09-11 12:42:58,e2e3 e7e5 d1e2 b8a6 e1d1 g7g5 g1f3 d8e7 e3e4 h7h5 f3g5 f8g7 e2c4 g7h6 g5f7 e7f7 f1d3 g8f6 b2b3 d7d5 e4d5 e5e4 b1a3 e4d3 c4d3 h6f4 a3b5 f6h7 b5c7 a6c7 a2a4 f4h6 d3e4 f7e7 d5d6 e7e4 d6c7 h6f8 c1b2 h5h4 f2f4 e4f4 h1f1 f8h6 f1f4 h6f4 g2g3 c8g4 d1c1 e8d7 g3f4 h8c8 h2h3 g4h3 d2d3 d7d6 c2c4 c8c7 c4c5 d6c5 d3d4 c5b4 c1d2 a8d8 a1c1 c7c6 d4d5 c6c1 b2c1 d8e8 c1b2 h3c8 a4a5 b4b3 b2c1 e8d8 c1a3 d8g8 d5d6
96,B,material_adjudication,87,1.733669,480,2026-09-11 12:43:44,h2h4 b7b6 b2b3 h7h5 f2f4 h8h7 g2g4 g7g6 f4f5 h5g4 f1g2 b8c6 h4h5 g6f5 e1f1 f5f4 d2d3 f4f3 c1b2 a7a5 d1c1 g8h6 c1g5 f3e2 f1e1 c8b7 g2d5 d8c8 d5c6 b7c6 g5f6 e7f6 b1d2 f8e7 g1e2 h6g8 a2a3 c6d5 c2c4 d5b7 h1f1 e7c5 b2d4 c5d4 e2d4 h7g7 h5h6 g7g6 h6h7 g8h6 h7h8q e8e7 h8c8 a8c8 b3b4 e7d8 a1b1 c7c5 b4c5 b6c5 b1b7 c5d4 b7a7 d7d5 c4d5 a5a4 d5d6 c8c5 d2e4 c5b5 a7a4 f6f5 e4g3 g6d6 e1d2 f7f6 g3f5 h6f5 f1f5 b5f5 a4d4 d6d4 d2e3 d4d5 e3e4 g4g3 a3a4
97,B,material_adjudication,73,1.675178,485,2026-09-11 12:50:53,e2e3 g7g6 f2f4 b7b6 b1a3 e7e5 a3c4 d8h4 g2g3 h4e7 b2b3 f7f6 b3b4 e8d8 f1e2 d7d5 f4e5 d5c4 e1f1 f6e5 a1b1 b6b5 c1a3 h7h6 c2c3 e7f6 f1e1 c8g4 g1f3 a7a6 h2h3 g4f5 h1g1 f5b1 d1b1 g8e7 e2c4 b5c4 h3h4 e5e4 f3g5 h6g5 g1f1 f6c6 f1f6 e7f5 f6c6 b8c6 b4b5 a6b5 h4g5 b5b4 a3b4 c6b4 c3b4 f8g7 g3g4 f5e3 d2e3 c4c3 a2a3 c7c5 b4c5 a8a5 b1b4 a5a6 b4c3 g7c3 e1e2 a6a4 c5c6 c3a1 e2e1
98,B,material_adjudication_moderate,80,1.627838,490,2026-09-11 12:51:41,g2g3 b7b6 b2b3 h7h5 c2c3 c7c5 e2e4 c5c4 b3b4 c8b7 f1e2 b8c6 e2f3 c6e5 d2d4 e5d3 e1e2 e7e6 e2e3 d7d6 b1a3 h5h4 a1b1 f7f5 a3c2 b7e4 c2a3 e4f3 e3f3 a8c8 f3e2 h4h3 d1a4 d8d7 a3b5 a7a6 c1e3 d7b5 a4b5 a6b5 a2a3 d6d5 g3g4 f5g4 f2f3 e8d7 f3g4 h8h4 g1f3 h4h8 e3d2 c8b8 d2g5 f8d6 h1d1 d7e8 d1d3 c4d3 e2d3 b8c8 f3h4 c8c4 d3d2 h8h4 g5h4 e8d7 g4g5 g8e7 g5g6 e7f5 d2d3 f5h4 d3e2 d7d8 e2d2 d6e7 b1b2 e7f8 b2b1 h4f3
99,B,material_adjudication,66,1.691695,495,2026-09-11 12:51:42,e2e3 a7a5 e1e2 g8h6 b1a3 b7b5 d2d3 f7f6 b2b3 b5b4 a1b1 c7c5 h2h4 d7d5 a3b5 b8d7 c2c3 b4c3 c1d2 c8b7 f2f3 h6f5 b5c3 c5c4 b3c4 d5c4 d3c4 f5e3 g1h3 e3d1 c3d1 d8c7 d2f4 e7e5 f4e5 f6e5 a2a4 e8f7 g2g4 a8d8 e2d3 f8e7 g4g5 e5e4 f3e4 f7e8 h1h2 c7e5 h2h1 e7d6 h1g1 b7a6 f1g2 e8e7 d3c2 d8f8 c4c5 d6c5 b1c1 d7b8 c2b1 c5d6 h3f4 e5f4 g2h3 b8d7
100,D,cap_draw,150,1.701127,500,2026-09-11 12:59:16,e2e4 b8c6 f1d3 a7a5 e1f1 c6e5 a2a4 e5d3 g1f3 c7c6 c2d3 f7f6 f1e2 e7e5 d1c2 a8a7 e2e1 d8c7 b1a3 b7b5 a4b5 h7h6 h1g1 c6b5 c2c7 a7c7 b2b3 b5b4 a3b5 c7c5 d3d4 c5b5 e1e2 f8e7 g2g4 e8f8 g1h1 f6f5 g4f5 e5d4 f3d4 b5b6 e2e3 e7h4 c1b2 a5a4 h1g1 a4a3 d4e6 d7e6 b2g7 f8f7 g7h8 e6f5 h8d4 b6d6 e4f5 c8f5 d2d3 g8f6 f2f4 f6h5 a1f1 d6d7 f1b1 f7f8 b1d1 a3a2 e3e2 d7d4 g1g2 f8e8 e2e3 d4d3 d1d3 f5d3 g2a2 h4f6 e3d3 e8f8 a2a4 h5f4 d3d2 f4e6 a4b4 e6g7 b4c4 f8e8 d2d1 e8d8 d1c1 g7f5 h2h4 f5e3 c4c6 f6h4 c6h6 h4g5 h6h5 g5f6 c1d2 f6d4 d2e2 d8e8 h5h6 e8d7 b3b4 e3g2 e2f1 d4g7 h6h7 g2e3 f1e2 e3f5 b4b5 d7c8 e2f1 g7f6 h7f7 f6d8 f7f5 d8e7 f5h5 e7b4 b5b6 c8b7 h5h6 b4c5 h6h5 b7b6 f1e1 c5d4 h5h7 d4c5 e1f1 c5d4 f1e1 d4c5 e1f1 c5d4 h7h4 b6c5 h4h5 c5c4 f1e1 c4b3 e1d1 d4c3 d1c1 c3d4
101,W,material_adjudication,66,1.702816,505,2026-09-11 13:02:40,e2e4 b8a6 d2d3 e7e5 f2f3 f8c5 c1h6 f7f6 b1d2 g8h6 a1b1 c7c6 g1e2 c5b4 h2h4 b4f8 g2g4 f8a3 b2a3 a8b8 b1b4 d8c7 b4b5 c6b5 c2c4 c7c6 a3a4 g7g5 c4b5 c6d6 b5a6 d6f8 h4g5 f6g5 a6b7 a7a5 b7c8q b8c8 f1h3 e8e7 d1b3 c8b8 b3d5 e7d8 e1d1 d8e8 a2a3 b8b6 d2c4 b6d6 c4d6 f8d6 d5d6 h6f7 d6c7 d7d5 d1d2 h8f8 c7a7 f8h8 a7b6 h8f8 d2c1 e8e7 h3g2 e7e8
102,B,material_adjudication,66,1.742855,510,2026-09-11 13:03:06,e2e3 e7e5 f1c4 b8c6 b1a3 a7a5 e1e2 a8a7 c4f7 e8f7 g1f3 d7d5 a3b1 c8g4 a2a3 g8e7 d1g1 d5d4 h2h4 d8d5 b2b4 f7f6 b4b5 d5f7 b5c6 h7h5 e2d1 e7c6 c1b2 b7b6 e3d4 f6e7 d2d3 e5e4 d4d5 e4f3 d5c6 f3g2 d1d2 g2h1q g1h1 f7f4 d2e1 e7d8 h1e4 f4e4 d3e4 d8c8 b2e5 g7g6 f2f3 f8g7 f3g4 g7e5 g4g5 e5d4 e4e5 d4a1 e5e6 a1g7 e6e7 b6b5 e1d2 g7d4 a3a4 b5a4
103,W,material_adjudication,66,1.737708,515,2026-09-11 13:05:33,e2e3 e7e5 e3e4 a7a5 a2a4 f7f6 f2f3 c7c5 e1e2 d8e7 c2c4 a8a7 d2d4 g7g5 d4c5 b7b6 c5b6 a7b7 c1d2 h7h5 d1c1 d7d5 c4d5 e8d8 d2c3 h8h6 a1a2 e7g7 b2b3 b8d7 h2h4 g5g4 f3g4 g8e7 g4h5 h6h5 c3a5 h5h4 h1h4 g7g8 b1c3 f8g7 c1e1 b7b6 a5b6 d8e8 h4h5 e7d5 c3d5 f6f5 d5c7 e8f7 b3b4 c8b7 e2f2 b7c8 g1e2 d7b6 a2a1 f7f8 g2g3 b6a4 e4f5 c8b7 e2c1 b7d5
104,W,material_adjudication,82,1.668550,520,2026-09-11 13:06:23,f2f4 h7h5 b2b3 b8a6 g1h3 f7f5 c2c4 e7e6 c4c5 a6b4 e1f2 d7d6 d2d3 g8e7 a2a3 b4d3 e2d3 d6c5 h3g5 h8g8 d1f3 d8d6 f2e1 d6c6 e1d1 a7a5 a3a4 b7b6 c1b2 c8b7 b1d2 c5c4 d3c4 c6d7 g5e6 d7e6 f3b7 a8a7 b7a7 g7g5 g2g4 f5g4 f1d3 e6d7 d1c1 d7d3 f4f5 e7f5 a7b7 f5e3 b7e4 d3e4 d2e4 h5h4 h1g1 f8g7 e4g5 e3c4 b3c4 e8d7 g1g4 g8c8 h2h3 g7h6 c4c5 h6g5 g4g5 d7e8 g5g6 e8f8 c5b6 c7b6 c1d2 f8f7 g6f6 f7e7 f6b6 c8c2 d2c2 e7f7 b6b7 f7g6
105,B,material_adjudication,85,1.708733,525,2026-09-11 13:08:25,g2g3 h7h6 f1h3 c7c5 d2d4 b7b5 e2e4 c8a6 b2b3 h6h5 e1f1 g8f6 c1h6 d7d6 d1f3 g7h6 d4d5 h8g8 b1d2 f6e4 c2c4 b5c4 f3e4 c4c3 f1g2 d8b6 d2f1 h5h4 e4e2 b8d7 a1c1 c3c2 e2c2 a6b7 c2e4 b6a5 e4c4 f7f5 h3f5 d7e5 g3g4 e5c4 b3c4 e8d8 h2h3 a8c8 a2a3 g8g7 f5c8 d8c8 g4g5 h6g5 a3a4 e7e5 c1e1 g5g4 e1e3 f8e7 f1g3 e5e4 g3f5 g4g3 f5g7 g3f2 g1e2 c8d7 g2f2 a5a6 e3e4 a6a4 e2c3 a4a3 e4e2 a3c3 e2e3 c3c2 e3e2 c2a4 e2a2 a4a2 f2e3 b7a6 h1d1 d7d8 d1d2
106,B,material_adjudication,109,1.718838,530,2026-09-11 13:09:14,e2e3 a7a5 b2b3 a5a4 f1b5 c7c6 g2g3 d7d6 b5e2 c8g4 f2f3 b8d7 h2h3 d8c8 a2a3 g4h5 e2a6 d7c5 b3b4 h5f3 c2c4 f3d1 a6b7 c5b7 e3e4 g8f6 e4e5 c8d8 c4c5 a8a7 c1b2 e7e6 e1d1 d6d5 e5f6 d8f6 b2f6 g7f6 d1c2 a7a8 g1e2 f6f5 h1h2 f8e7 h3h4 e7f6 b1c3 h8f8 h2h3 d5d4 e2d4 f6d4 a1b1 d4c3 d2c3 f7f6 c3c4 e6e5 b1d1 f5f4 g3f4 e5f4 d1d2 f6f5 c2c3 a8d8 h4h5 d8a8 h5h6 a8d8 h3h2 f4f3 h2h3 f5f4 d2d8 e8d8 h3f3 d8e8 c3b2 f8f6 b2c3 f6f8 c3b2 f8f6 f3f1 f6f8 f1d1 f4f3 b2a2 f3f2 d1f1 f8f5 f1f2 f5f2 a2a1 e8f8 b4b5 c6b5 c4b5 b7c5 b5b6 f2f3 b6b7 c5b7 a1a2 f3f6 a2a1 f8f7 a1a2
107,W,material_adjudication,118,1.687527,535,2026-09-11 13:12:00,h2h4 b7b6 b2b3 h7h5 f2f4 b6b5 g2g4 a7a5 a2a4 a8a6 a4b5 d7d6 c1b2 c8g4 b5a6 b8a6 e1f2 e7e5 f2g3 f7f6 c2c3 d6d5 d1e1 g7g6 a1a3 c7c5 g1h3 e5e4 g3h2 g4h3 f1h3 a5a4 c3c4 a6b4 c4d5 d8e7 b3a4 b4d3 b2f6 d3e1 f6e7 f8e7 b1c3 h8h6 c3b5 c5c4 h1e1 e7a3 b5d4 e8d8 e1d1 a3c5 d4e6 d8c8 e6c5 c8b8 d1c1 g8f6 e2e3 c4c3 c1c3 f6d5 c3c4 d5b6 c4e4 b8a7 h2g3 h6h7 e4c4 b6c4 d2d3 c4e3 f4f5 g6f5 g3f4 h7e7 a4a5 e7e8 h3f5 e3f5 f4f5 e8c8 d3d4 a7b8 f5g6 c8c6 g6h5 b8a8 h5g5 c6d6 h4h5 d6d4 h5h6 d4d5 g5f6 d5c5 h6h7 c5h5 f6g7 h5g5 g7f6 g5h5 f6g7 h5g5 g7h6 g5f5 h7h8q f5f8 h8g7 f8f4 h6g6 f4f7 g7f7 a8b8 f7e7 b8a8 e7f6 a8b8
108,W,material_adjudication_moderate,88,1.713430,540,2026-09-11 13:14:44,a2a3 g8f6 e2e3 c7c6 g1f3 d8c7 e1e2 f6e4 b2b3 c7b6 c1b2 e8d8 b2d4 e4c5 d4c5 b6c5 d2d4 c5b6 d1c1 h7h6 g2g4 g7g5 c2c4 f7f5 h2h4 g5h4 e2d1 h8h7 f3h4 h6h5 f2f3 h5g4 f3g4 e7e5 e3e4 b6d4 b1d2 f5e4 h4f3 d4f2 h1h7 b8a6 c4c5 f8c5 c1c3 e4f3 d2e4 c5d4 e4f2 d4c3 a1c1 c3d4 f2e4 d7d5 e4d6 f3f2 b3b4 a8b8 d6c8 b8c8 h7b7 d4e3 c1b1 a6c7 d1e2 e3g5 b7a7 c8b8 e2f2 e5e4 b1b2 d8e7 a7c7 e7d8 c7h7 d8e8 b2b3 e4e3 f2g3 e3e2 f1e2 g5f6 g3f4 c6c5 b4b5 c5c4 b3b1 c4c3
109,B,material_adjudication_moderate,77,1.662469,545,2026-09-11 13:14:45,g2g4 h7h5 d2d4 b8a6 f1g2 a8b8 d1d2 h8h6 h2h3 d7d6 g4h5 d8d7 h3h4 h6e6 e1f1 g8h6 g2f3 e6f6 d4d5 f6f3 e2f3 g7g5 g1e2 g5g4 f1g2 g4f3 g2f3 h6f5 d2f4 f8h6 f4c4 e7e5 c1h6 b7b5 c4c3 f5h6 f3e4 d7g4 e4e3 c8d7 a2a4 a6c5 f2f3 g4f5 a4b5 b8b5 e3d2 a7a5 b1a3 b5b4 a1e1 f5f6 d2c1 d7c8 e1f1 e8d7 c3d2 b4b7 c2c4 c5b3 c1d1 b3d2 d1d2 b7b2 d2e1 h6g8 e2c3 g8h6 h1h3 c8a6 f1f2 b2b3 c3d1 f6e7 f2d2 b3a3 f3f4
110,B,material_adjudication,77,1.749275,550,2026-09-11 13:15:30,e2e3 e7e5 e3e4 a7a5 f2f3 g8e7 a2a4 b8c6 c2c4 f7f5 h2h4 a8a6 a1a3 f5e4 f3e4 h7h5 f1d3 g7g5 h4g5 c6b4 b1c3 a6g6 c3d5 g6e6 g2g4 f8g7 g4h5 e8f7 d5e7 f7e7 h5h6 h8h7 h6g7 h7h1 e1e2 e7f7 g1f3 h1d1 c4c5 f7g7 f3e1 e6c6 e2d1 d8e7 b2b3 c6c5 c1b2 e7d6 d3c4 d6c6 d2d4 e5d4 e4e5 c5c4 b3c4 c6e6 c4c5 g7g8 g5g6 b4d5 e1d3 c7c6 b2c1 e6f5 g6g7 d5e3 c1e3 d4e3 d1e1 f5e6 a3b3 e6b3 e1e2 d7d5 e5d6 b3a2 e2e3
111,B,checkmate,94,1.672214,555,2026-09-11 13:20:27,a2a3 a7a5 a3a4 h7h6 b2b4 g8f6 b1a3 g7g5 b4a5 d7d5 a1a2 e7e6 d2d4 b8a6 h2h4 b7b6 f2f3 e8e7 c1d2 c8b7 a3b1 h8h7 h4h5 b6a5 d2c1 e7e8 e1f2 f6g4 f3g4 f8d6 c1e3 d6f4 g1h3 f4e3 f2e3 h7h8 e3d2 a6b4 a2a1 d8f6 e2e3 c7c6 c2c3 b4c2 d1c2 e8f8 f1e2 f6d8 h1f1 f7f6 c3c4 d8c7 e2d3 d5c4 d3e4 b7a6 c2b2 f6f5 d2c2 f8g8 e4f3 f5g4 f3g4 c7d6 g4f3 g5g4 f3g4 c4c3 b2c1 a6f1 c1f1 a8d8 e3e4 d8a8 b1c3 d6d4 a1a2 h8h7 h3f2 e6e5 g4f5 c6c5 c3b5 h7d7 f5d7 a8f8 b5a3 f8f7 f1d1 f7f2 c2c1 f2a2 d7h3 d4b2
112,B,checkmate,82,1.698640,560,2026-09-11 13:25:32,g2g3 h7h5 b2b3 d7d6 f2f3 d6d5 e2e3 c7c5 h2h4 a7a5 d2d4 a5a4 e1d2 d8d7 e3e4 g8f6 a2a3 c5d4 c2c3 a4b3 c3d4 a8a7 d2c3 b8c6 c3b2 b7b6 g1h3 c8b7 f1d3 b7a8 b1d2 d7c7 e4d5 f6d5 d3e4 f7f6 e4d5 e7e5 d5c6 a8c6 d1b3 f8d6 h3g1 a7a5 d4e5 f6e5 b2c2 g7g6 g1e2 e5e4 f3e4 h8f8 e2c3 f8f6 h1g1 c6d7 g1f1 f6f1 d2f1 d6g3 c1b2 d7e6 a3a4 e6b3 c2b3 c7f4 f1g3 f4g3 b3b4 a5e5 c3e2 e5e4 e2d4 g3h4 a4a5 h4e7 b4a4 b6a5 b2c3 e7c5 c3b2 c5b4
113,W,material_adjudication,66,1.709735,565,2026-09-11 13:29:13,h2h4 h7h5 a2a3 b7b6 e2e3 g7g6 f2f3 b8c6 g2g3 f8g7 f1b5 c8a6 b5c6 g7f8 h1h3 a6b7 d2d3 h8h7 d3d4 b7c6 d4d5 d8c8 d5c6 f8g7 c6d7 c8d7 c2c3 g7f8 b1d2 d7g4 f3g4 h5g4 h3h1 h7h8 h4h5 g6h5 g1e2 a7a5 d1b3 e7e6 h1g1 f8e7 g1g2 a5a4 b3c2 a8d8 a1b1 c7c5 c2d1 d8d3 g2h2 d3d2 c1d2 c5c4 e2g1 h5h4 h2g2 h4g3 g2g3 e7c5 e3e4 e6e5 g1f3 g8e7 g3g2 g4f3
114,B,material_adjudication_moderate,139,1.654770,570,2026-09-11 13:30:28,h2h4 e7e5 h4h5 b7b6 d2d3 e5e4 c1g5 f7f6 d3e4 d7d6 g2g4 d8e7 b1d2 c8b7 g5h4 g7g5 h5g6 e7e5 c2c3 a7a5 e2e3 b6b5 a1b1 b7d5 a2a3 b8d7 h1h3 e5h2 g1e2 e8e7 h3g3 d5e4 d2e4 g8h6 g6g7 f8g7 f2f3 h2h4 d1d2 f6f5 g4g5 f5f4 g5h6 g7h6 e3f4 h6f4 e2f4 h4g3 e4g3 d6d5 f1h3 c7c6 a3a4 a8b8 e1f1 h8g8 b2b4 g8g3 b4a5 g3h3 f4h3 b5a4 d2g5 e7e8 f1g1 b8b1 g1g2 b1b8 h3f4 a4a3 g2h2 a3a2 c3c4 a2a1q g5g1 a1b2 g1g2 d7f6 g2b2 b8b2 h2g3 b2c2 g3h4 e8f7 c4d5 c6d5 a5a6 f6h5 a6a7 c2c8 f4h5 c8a8 h5f4 a8a7 f4d5 a7a8 f3f4 a8a3 d5b4 a3c3 b4d5 c3c2 d5e3 c2c3 e3d5 c3c2 d5b4 c2c3 b4d5 c3c2 d5e3 c2c3 e3d5 c3c2 d5b4 c2c8 b4d3 h7h6 f4f5 f7e7 h4h5 c8c2 d3c5 c2c5 h5h6 c5b5 h6g7 e7e8 f5f6 b5g5 g7h6 g5g3 h6h5 g3g1 f6f7 e8f7 h5h4 g1c1 h4g3
115,B,material_adjudication_moderate,79,1.721807,575,2026-09-11 13:32:05,g2g3 b7b6 g3g4 f7f5 e2e4 f5g4 b1c3 g8h6 c3d5 c7c6 g1e2 c8b7 d2d3 g7g6 c2c3 e7e5 e2d4 c6d5 c1h6 d8e7 a1b1 e5d4 h6g5 d4c3 g5e7 e8e7 a2a3 f8g7 d1c2 g7f6 e4d5 b7d5 h1g1 b8c6 g1g4 c3b2 b1b2 f6b2 f2f4 b2d4 f1g2 d5g2 c2g2 d7d5 f4f5 g6f5 g4f4 a7a5 g2e2 e7d8 a3a4 h7h6 f4d4 c6d4 e2b2 d4f3 e1f2 d5d4 b2d4 d8c7 f2f3 a8f8 d4h8 f8h8 h2h4 c7c8 d3d4 h8g8 h4h5 g8d8 f3e3 d8d6 d4d5 c8d7 e3f4 d6d5 f4e3 b6b5 a4b5
116,B,material_adjudication_moderate,76,1.712395,580,2026-09-11 13:32:54,g2g4 h7h5 e2e3 c7c5 b1c3 h8h6 b2b3 d8b6 d1f3 h6f6 c3d5 f6f3 d5b6 a7b6 g1f3 g7g5 a2a4 f8g7 f3d4 g7d4 e3d4 b6b5 a4a5 d7d6 e1d1 c8g4 d1e1 c5d4 c1b2 e7e5 a5a6 b8a6 f1b5 e8f8 b5a6 a8a6 a1a6 b7a6 f2f3 g4f3 h1f1 f3g2 f1f2 g2d5 f2e2 g8e7 e2e5 d6e5 e1d1 f7f6 b2d4 e5d4 d1e2 f8g8 e2e1 g5g4 e1f2 h5h4 f2e2 e7c6 e2f2 c6e5 f2e2 h4h3 e2f2 e5f3 f2e2 a6a5 e2f2 g8f8 b3b4 a5a4 b4b5 f8g8 b5b6 g8f8
117,W,material_adjudication_moderate,76,1.712642,585,2026-09-11 13:36:28,e2e3 e7e5 d2d4 d8e7 a2a3 d7d5 e1d2 b7b6 b2b4 e7d6 b1c3 e5d4 e3d4 b8c6 g2g4 a8b8 d2e2 g7g5 c3b5 g8e7 b5d6 c7d6 a1a2 h7h5 h2h4 b6b5 c1g5 a7a6 g5e7 c6e7 g4g5 e7g6 g1f3 g6f4 e2d2 c8g4 a2a1 a6a5 f1g2 f4g2 a3a4 g4f3 d1f3 g2f4 f3f4 b5a4 f4f6 f8g7 f6f5 b8b4 a1d1 g7f8 f5d3 b4b3 c2c3 h8h7 h1e1 e8d8 d3e3 h7g7 e1h1 b3b2 d2c1 a4a3 e3d3 f7f6 h1f1 f6g5 h4g5 d8e8 d3f3 h5h4 f3g2 g7f7 f1h1 h4h3
118,B,material_adjudication_moderate,86,1.722663,590,2026-09-11 13:39:46,b2b4 a7a5 d2d4 a8a6 a2a3 b7b5 e1d2 g8f6 g2g3 a6e6 d4d5 g7g5 d5e6 h7h6 c1b2 c8b7 c2c4 h6h5 c4b5 b7h1 h2h4 g5h4 b2d4 f8g7 d4b2 f7e6 b4a5 f6d5 g3h4 d8c8 b2g7 h8g8 g7b2 g8g1 a3a4 e6e5 f2f4 e7e6 b2e5 d5f4 e5f4 e6e5 a5a6 b8a6 b5a6 e5f4 d2e1 c8a6 d1c1 a6c6 c1c6 h1c6 e1f2 g1g4 f2e1 g4h4 b1a3 c6a4 f1g2 a4c6 a3c2 c6g2 e1f2 f4f3 a1g1 d7d6 g1h1 g2h1 c2d4 e8d8 d4f3 h4h3 f3e1 d6d5 e1f3 d8c8 f3g1 h3h2 f2g3 h2g2 g3h4 c8b8 g1f3 b8a7 e2e3 c7c5
119,W,value_resign,62,1.721010,595,2026-09-11 13:40:10,e2e4 b8a6 b1a3 f7f6 d1h5 g7g6 h5e2 g8h6 g2g4 a6c5 f2f3 f6f5 e1d1 h8g8 g4g5 f5e4 g5h6 f8h6 b2b4 h6g7 b4b5 a8b8 c2c4 e4f3 g1f3 a7a6 b5a6 g6g5 f3g5 g7f6 a6b7 c8b7 d2d4 e7e5 g5h7 c5d3 h7f6 d8f6 d4e5 f6e5 h2h4 d3c1 e2e5 e8f8 d1c1 d7d5 f1d3 d5c4 d3e4 g8h8 e4f3 b8c8 e5e2 h8h5 f3h5 f8g7 h5g4 g7f8 g4e6 b7c6 e2f1 f8e8
120,W,material_adjudication,66,1.712356,600,2026-09-11 13:40:59,h2h4 b7b6 b2b3 h7h5 c1b2 f7f5 a2a4 a7a5 b3b4 a5b4 b2d4 g7g6 b1c3 f5f4 d4h8 e7e6 c3b5 b8c6 h8g7 b4b3 g7f8 c8b7 e2e3 e8f8 f1d3 b3c2 d1c2 f8e7 c2b3 f4e3 f2e3 e7f6 h1h3 c6e5 b3c3 d7d5 g1e2 d5d4 e2d4 c7c5 e1d1 c5d4 e3d4 e5d3 c3d3 b7e4 d3e4 d8d4 b5d4 a8d8 e4d3 d8d4 d3d4 e6e5 d4e3 g8e7 e3h6 f6f5 d2d4 e5d4 h3g3 e7c6 h6g5 f5e6 d1e1 c6b8
121,D,rule_draw,124,1.755252,605,2026-09-11 13:42:34,g2g3 b7b5 b2b3 h7h5 f1g2 c7c5 e1f1 d7d5 h2h4 f7f6 b1c3 e7e5 f2f4 b8d7 c1a3 b5b4 h1h3 b4c3 g2e4 d8b6 e4d5 a7a5 d5a8 b6b7 d1c1 b7a8 e2e4 c8a6 f1e1 a8e4 e1f2 g8e7 d2c3 h8g8 f4e5 f6e5 c1e1 e4d5 a1d1 d5b7 a3b2 g7g5 h4g5 e5e4 h3h5 f8g7 b2a3 e7f5 g5g6 e4e3 e1e3 f5e3 f2e3 g8f8 a3c5 d7c5 g1h3 c5d7 d1d6 f8g8 a2a4 e8f8 g3g4 b7c7 d6a6 g7c3 e3e2 g8g7 a6e6 c3e5 h5e5 d7e5 h3g5 e5g4 e6a6 g7g8 g5e6 f8e7 e6c7 g4f6 a6a5 g8c8 c7a6 c8c2 e2f1 c2c8 g6g7 e7f7 f1g1 f7g7 a6c5 f6g8 b3b4 c8c6 a5b5 c6d6 a4a5 d6d5 g1g2 g7f6 g2g3 g8e7 b5b6 d5d6 b6b5 e7c6 g3g4 c6d4 b5b6 f6e7 b4b5 d4b5 b6b5 d6d5 g4h4 e7d6 h4g4 d5c5 b5c5 d6c5 a5a6 c5b6 a6a7 b6a7
122,B,material_adjudication_moderate,127,1.692406,610,2026-09-11 13:42:57,a2a3 a7a5 a3a4 b8a6 c2c3 h7h6 f2f3 a6c5 e2e4 a8b8 a1a2 h6h5 d1c2 h8h6 g1e2 g7g5 e2d4 d7d6 d4c6 d8d7 f1b5 d6d5 c6a5 e7e5 b5d7 e8d7 d2d3 c5b3 c1g5 b3d4 c3d4 e5d4 e4d5 f7f6 b1c3 f6g5 c2b1 d4c3 b2c3 f8e7 d5d6 h6d6 f3f4 d6a6 a2c2 b7b6 g2g3 a6a8 a5c6 d7c6 f4g5 c8f5 c2d2 e7g5 b1b3 g5d2 e1e2 d2h6 h1f1 b8e8 e2f2 e8c8 f2e2 c8e8 e2f3 e8c8 f3e2 c8e8 e2d1 e8c8 f1f5 c6b7 f5h5 c7c6 b3a2 b7c7 c3c4 c8e8 c4c5 b6c5 h5c5 h6f8 c5g5 f8e7 g5h5 e8c8 d1e1 c6c5 a4a5 c7d7 a5a6 d7e8 a2d2 a8a6 d2c3 a6a2 c3b3 a2a1 e1f2 c5c4 d3c4 e7f6 f2g2 a1c1 b3a4 e8d8 h5f5 c1c4 a4c4 c8c4 f5f6 g8f6 g2f3 d8d7 f3e3 d7e8 e3d3 c4c6 d3d4 e8d7 h2h3 f6h7 d4d5 c6c8 d5e4 d7e7 e4d5
123,W,material_adjudication_moderate,89,1.645949,615,2026-09-11 13:43:43,h2h4 b7b6 g2g4 f7f5 f2f3 c7c6 c2c4 f5g4 a2a3 e8f7 d1a4 g8h6 a4c2 g4f3 e2f3 c6c5 a3a4 d8c7 c2d3 c8b7 h4h5 a7a5 f3f4 b7h1 f4f5 c7c8 b2b4 b8a6 b4b5 a6b4 d3e3 h6f5 e3f4 g7g5 f4f5 f7g7 c1b2 e7e5 f5g5 g7f7 g5e5 h1b7 f1h3 b4c2 e1f2 c2a1 e5h8 a1b3 h8e5 h7h6 d2d3 f7g8 b1a3 b3d2 b2c3 d2c4 a3c4 d7d6 h3c8 d6e5 c8b7 a8e8 c4e5 e8e5 c3e5 g8f7 g1h3 f8d6 e5d6 f7e8 b7a8 e8d7 d6c7 d7c7 a8d5 c7d6 d5c4 d6e7 f2e2 e7d6 e2f1 d6e7 c4d5 e7d6 d5c4 d6e7 f1g2 e7f8 h3g5
124,B,material_adjudication_moderate,79,1.762340,620,2026-09-11 13:45:51,e2e3 a7a5 a2a3 c7c5 g1h3 f7f5 b2b4 h7h5 d2d3 g7g5 h3g5 h5h4 d3d4 f8g7 e1d2 g7e5 b4a5 d8a5 d2e2 a8a6 g5e6 a6e6 c2c3 e6c6 c3c4 e8f8 d4e5 a5c7 d1d2 c7e5 c1b2 e5f6 d2d3 f6b2 e2e1 b2a1 e1d1 a1b1 d3b1 g8f6 f2f3 c6a6 b1b5 h4h3 g2h3 a6a3 b5c5 a3b3 c5a3 b3a3 f3f4 f8f7 d1c2 b8c6 f1e2 b7b5 c4b5 a3a2 c2b3 c8b7 b5c6 b7c6 b3a2 c6h1 e2f3 d7d5 a2a3 e7e6 a3a2 h8h6 f3e2 f6e4 e2d1 f7g7 d1b3 g7f6 a2a3 h6h7 b3c2
125,W,material_adjudication,106,1.703768,625,2026-09-11 13:50:44,h2h4 h7h5 e2e4 a7a6 a2a3 c7c6 g2g4 c6c5 f1a6 g8f6 a6b7 c8b7 d2d4 c5d4 g1f3 f6e4 g4g5 e7e5 c1f4 f8d6 b2b3 e8g8 f4e5 g8h8 e5d6 f7f6 d6f8 d8f8 f3d4 f8c8 g5f6 b8c6 e1g1 c6d4 d1d4 g7f6 d4b2 c8g8 g1h1 e4d2 f2f3 d2f1 c2c4 f1e3 b2c1 f6f5 c1e3 a8c8 b3b4 g8c4 b1d2 c4c6 e3f4 h8g8 a1d1 c6f6 f4g5 f6g5 h4g5 g8f7 b4b5 b7d5 a3a4 c8c2 a4a5 c2b2 b5b6 b2b5 h1h2 b5a5 d2b3 d5b3 b6b7 b3d1 b7b8q a5a2 h2g1 d1c2 b8b5 f7e6 b5c4 e6e5 c4a2 d7d5 g1f1 c2e4 f3e4 d5d4 a2d2 f5e4 f1e2 e5e6 e2d1 e4e3 d2a2 e6f5 g5g6 h5h4 g6g7 h4h3 g7g8q f5f6 g8g3 h3h2 g3f4 f6g6
126,W,material_adjudication,102,1.688118,630,2026-09-11 13:51:53,a2a4 g7g6 e2e3 e7e6 b2b3 d8h4 d2d3 f8e7 g1f3 b7b6 f3h4 e7h4 g2g4 a7a5 d1f3 d7d5 d3d4 h4e7 a1a2 b8d7 f3g2 f7f5 b1d2 c8b7 f1d3 g6g5 g2f1 f5g4 d2f3 d7c5 d4c5 g4f3 c5b6 e7f6 d3b5 e8d8 c1b2 c7b6 h1g1 d8c8 c2c4 h7h6 b2f6 g8f6 c4d5 f6d5 e3e4 d5b4 g1g4 b4a2 b5c4 h8e8 e4e5 h6h5 g4g5 e8f8 g5h5 b7c6 h5h6 f8f4 c4d3 c6b7 h2h4 f4h4 h6h4 a2b4 d3c4 b4d5 h4h3 d5c7 h3f3 b7f3 f1h3 f3c6 h3g3 c8b7 e1f1 a8c8 g3g5 c8g8 g5g8 c6e4 g8g5 e4f5 f2f4 f5e4 b3b4 a5b4 f1f2 e4d5 c4d5 c7d5 f2g3 b4b3 g5g7 d5e7 g7e7 b7a6 e7a3 b3b2 a3b2 a6a7
127,B,material_adjudication,69,1.737091,635,2026-09-11 13:57:21,h2h4 b7b6 g1f3 d7d6 g2g4 f7f6 a2a3 c8b7 e2e4 g7g6 d2d3 b8c6 f1h3 a8b8 f3h2 d6d5 a1a2 e8f7 d1d2 d5e4 g4g5 h7h6 b1c3 f8g7 g5h6 g7h6 d2e2 h6c1 h4h5 g6h5 e1f1 g8h6 a3a4 e4e3 a2a1 c1b2 a1b1 b2c3 b1c1 c6b4 f2f4 c7c5 d3d4 b4d5 d4c5 h6g4 h3g4 h5g4 h1g1 h8h7 g1g4 b7c6 e2f3 e7e6 f3d5 e6d5 a4a5 d8h8 g4g6 f7e8 a5b6 h7h6 g6h6 h8h6 b6a7 b8a8 c1b1 e8f7 b1a1
128,W,material_adjudication,96,1.745691,640,2026-09-11 13:58:09,e2e3 b7b6 f2f3 b8c6 c2c4 f7f6 b2b4 e7e6 b4b5 d7d6 b5c6 g7g6 b1a3 d6d5 d1e2 d8d6 g2g3 f8e7 e1f2 d6c6 a3b5 c6d7 c4d5 e6d5 b5d4 a8b8 c1a3 e7b4 a3b4 a7a5 e3e4 a5b4 f1h3 c7c5 h3d7 e8d7 f2g2 c5d4 a1d1 d7d8 e2f1 d5e4 f3e4 c8b7 h2h3 b8c8 d1a1 c8a8 g3g4 b4b3 f1f2 f6f5 g1e2 b7e4 g2h2 e4h1 h2h1 b3b2 a1b1 g8f6 e2d4 f5g4 f2e2 g4h3 b1b2 h8e8 e2f3 f6d7 f3d5 a8a5 d5c4 a5c5 c4d3 d7e5 d3h3 e5c4 b2b5 c5b5 d4b5 g6g5 h3h7 e8h8 h7h8 d8e7 b5a3 c4a3 h8d4 a3c2 d4e4 e7d6 e4c2 g5g4 c2c1 d6e5 a2a4 g4g3
129,B,material_adjudication,66,1.721242,645,2026-09-11 13:58:31,e2e4 b8a6 a2a3 c7c6 g2g4 g8f6 d2d4 a8b8 c1g5 h8g8 h2h4 f6g4 h1h3 f7f6 d4d5 f6g5 d1g4 g5h4 a3a4 d7d6 h3h4 c8g4 c2c3 g4d1 h4f4 d1b3 f1g2 c6c5 g2f3 d8c7 b1a3 b3a4 e1d2 b7b5 a1c1 c7b7 d2e2 b8a8 b2b3 a6c7 b3a4 h7h6 a3b5 c7b5 a4b5 b7c8 f4h4 c5c4 e2e1 g8h8 b5b6 a7b6 h4f4 a8a5 f3g4 c8d8 f2f3 h6h5 g4h3 h5h4 g1e2 g7g5 h3e6 f8g7 f4f5 a5a2
130,W,material_adjudication,76,1.750838,650,2026-09-11 13:58:55,e2e3 a7a5 b2b3 a5a4 f2f3 g8h6 c1b2 a4a3 b1a3 c7c6 g2g3 h6g4 b2c3 g4e3 d2e3 c6c5 b3b4 c5b4 c3b2 b4a3 h2h4 a3b2 a2a4 f7f5 g1h3 b2a1q e3e4 a1a3 g3g4 h7h6 e4f5 a3a2 h3f4 a8a5 g4g5 e7e5 f4d5 a5a4 f3f4 h8g8 h1g1 e5e4 f1g2 e8f7 d1f3 b7b5 f3d3 b5b4 d3e4 f8c5 e4d4 a2b1 e1d2 b8c6 d4c5 d7d6 c5c6 c8f5 g1b1 a4a2 d5e3 a2a6 c6a6 f5c8 a6c4 c8e6 c4e2 e6g4 e2g4 d8f6 g5f6 f7e8 f4f5 h6h5 g4d1 d6d5
131,W,checkmate,47,1.722058,655,2026-09-11 13:58:56,e2e4 b8c6 f1d3 g8f6 g2g4 f6g4 f2f4 c6b4 g1e2 g4e3 d2e3 b4d3 c2d3 g7g5 f4g5 h7h6 g5h6 h8h6 b1d2 h6h5 h1f1 h5h4 e4e5 b7b6 d2e4 a7a5 f1f4 h4f4 d1c2 f4g4 c2c4 d7d5 e5d6 e8d7 c4d4 f8g7 d4d5 c7c6 d5f7 b6b5 f7f3 d8b6 f3g4 d7e8 g4g7 c8d7 g7e7
132,W,material_adjudication,100,1.702156,660,2026-09-11 14:04:25,a2a4 g7g6 e2e3 g6g5 g1h3 e7e6 f2f4 b8a6 d1h5 g8f6 h5g5 e6e5 b2b4 f6d5 b4b5 f8h6 g5d8 e8d8 b5a6 a8b8 a1a2 e5f4 a2b2 f4e3 g2g4 d7d6 d2e3 d5e3 g4g5 h6g7 a6b7 c8b7 b2b7 b8b7 c1e3 b7b1 e1d2 a7a6 f1e2 b1h1 e3f2 c7c6 e2f3 h1h2 f3c6 h2h3 c6a8 h3f3 a8f3 d8e8 f3g4 a6a5 g4e2 e8f8 f2g1 f7f5 g5f6 g7f6 e2g4 h8g8 c2c4 g8g4 c4c5 g4g1 c5c6 f6b2 c6c7 h7h6 c7c8q f8e7 c8c2 b2a3 d2e3 a3c5 e3d2 g1g4 d2e1 e7f8 c2f5 f8e7 f5g4 d6d5 e1d2 c5d6 g4h3 h6h5 h3h5 e7f8 h5h7 f8e8 h7b7 e8d8 b7d5 d8e8 d5d6 e8f7 d6d3 f7e8 d2d1 e8e7
133,W,material_adjudication_moderate,76,1.681865,665,2026-09-11 14:05:34,b1a3 a7a5 d2d3 d7d5 c1d2 a8a7 g1f3 c8d7 a1b1 c7c6 b1c1 h7h5 f3g5 f7f6 g5f3 h8h6 c2c3 d7h3 d2h6 g7h6 g2h3 e7e6 a3c4 d5c4 d3d4 f6f5 f3d2 a5a4 f1g2 a4a3 b2a3 e8d7 g2f3 d8g5 e2e4 f8a3 h3h4 g5f4 e4e5 a3c1 d1c1 f4h4 h1g1 a7a2 g1g8 d7e7 d2c4 h4g5 g8g5 h6g5 f3h5 c6c5 c1g5 e7f8 g5d2 a2d2 e1d2 b8d7 c4b2 c5d4 c3d4 d7f6 e5f6 f5f4 d2d3 f4f3 d3e3 e6e5 h2h3 e5d4 e3d4 b7b5 d4d5 b5b4 d5e6 b4b3
134,B,material_adjudication_moderate,92,1.715367,670,2026-09-11 14:07:32,a2a3 e7e5 d2d3 c7c6 b2b3 c6c5 c2c4 d8e7 g2g3 f7f6 d3d4 c5d4 a1a2 d4d3 g1f3 g7g6 f3d2 d3e2 f1e2 d7d6 f2f4 b8c6 e2f3 e8d8 b1c3 b7b5 d1e2 e5e4 c3e4 b5b4 e4d6 c8d7 h1f1 c6d4 e2e7 f8e7 a3b4 d4f3 f1f3 e7d6 c4c5 d6e7 a2b2 a8b8 b4b5 e7c5 b5b6 a7b6 b2b1 g8e7 c1b2 h8f8 b2f6 f8f6 b1c1 c5d4 d2e4 f6f5 e4g5 b6b5 g3g4 d4e3 g4f5 e3c1 g5h7 e7f5 e1f1 c1b2 b3b4 b2a3 f1f2 f5d4 f2f1 d4f3 f1e2 d7e6 e2f3 e6b3 f3e2 b3a2 h7g5 d8e7 g5f3 b8a8 f3e5 e7e6 e5g6 e6f7 g6h4 a8c8 h4f3 a2e6
135,B,checkmate,76,1.684781,675,2026-09-11 14:12:32,a2a4 g7g6 b2b4 d7d5 g1f3 a7a6 a4a5 e7e6 c1b2 g6g5 b2d4 b7b5 a5b6 g5g4 b6c7 g4f3 c7d8q e8d8 d1c1 b8c6 e2e3 f7f6 d4b2 h7h6 h2h3 c6b4 f1b5 a6b5 b1c3 a8a1 b2a1 g8e7 g2f3 b4a2 c3a2 b5b4 c2c4 d8e8 a1b2 d5c4 h3h4 c4c3 b2c3 b4c3 c1c3 e8d7 c3b4 h6h5 b4b6 e7d5 b6b5 d7c7 b5a4 c8d7 a4c4 c7d8 e1f1 f8e7 c4c1 h8h6 d2d4 d7a4 e3e4 e7a3 c1e1 d5f4 e4e5 a4b5 f1g1 f6e5 d4e5 b5c4 a2c3 h6g6 g1h2 g6g2
136,B,material_adjudication,87,1.675392,680,2026-09-11 14:13:26,e2e3 a7a5 g1f3 h7h5 a2a3 h8h6 d2d4 g7g6 e1d2 a5a4 f1c4 b7b6 f3e5 h5h4 f2f4 d7d5 e5f7 e8f7 c4d5 d8d5 f4f5 d5g2 d1e2 g6f5 h1g1 g2b7 g1g6 b7e4 d4d5 c8a6 e2d3 a6d3 c2d3 b8c6 d3e4 h6g6 e4f5 g6f6 d5c6 f8g7 d2e1 h4h3 b1d2 b6b5 a1b1 f7f8 e1f2 g8h6 f2g3 f6c6 d2e4 g7e5 g3h3 e5f6 e4f6 e7f6 e3e4 a8c8 c1h6 f8e8 h6c1 c6c5 c1e3 c5c4 e3g1 c7c5 b1a1 b5b4 a3b4 c5b4 a1e1 a4a3 b2a3 b4a3 h3g2 c4c2 e1e2 c2e2 g2f1 e2e4 h2h4 e4h4 f1f2 h4h7 f2e1 h7h3 e1f2
137,W,material_adjudication,66,1.656205,685,2026-09-11 14:17:31,a2a4 c7c6 d2d3 g7g6 c1g5 d8b6 d3d4 h7h5 a4a5 b6c7 g5e7 e8e7 h2h4 g8f6 b1d2 b8a6 a1a3 h8g8 a3f3 c7e5 d4e5 a6b4 f3f4 f8h6 e5f6 e7e8 g1f3 h6f4 c2c3 g8g7 f3d4 f4g5 h4g5 b4d5 g2g3 a8b8 d4c2 d5e3 f2e3 g7g8 c2a1 d7d5 d2b1 c8e6 e1d2 b8c8 h1g1 a7a6 g3g4 h5g4 d2c2 g8h8 b1d2 h8h2 c3c4 d5c4 e3e4 b7b6 a5b6 a6a5 b2b3 c8b8 d2c4 b8d8 d1e1 e6d7
138,B,material_adjudication,107,1.729815,690,2026-09-11 14:21:22,h2h4 h7h5 a2a4 e7e5 d2d3 a7a5 a1a2 f7f6 b2b3 h8h7 d3d4 f8b4 d1d2 h7h6 d4e5 g7g6 e1d1 b4d2 c1d2 b7b6 d2h6 c7c5 d1c1 e8f7 h6f4 f6e5 f4g3 c8b7 a2b2 d8c8 b1c3 f7f6 c1d1 b8c6 c3d5 f6g7 d5b6 c8c7 b6a8 b7a8 c2c3 c7b7 e2e3 c6e7 b2d2 g8f6 g3e5 g7f7 e5f6 f7f6 d1e1 f6f7 f1e2 b7g2 c3c4 g2h1 d2d7 h1g1 e1d2 a8g2 d2c2 g1h2 d7d2 g2c6 f2f4 c6g2 e2f1 e7c8 f1g2 h2h4 g2f3 c8b6 d2d7 f7f6 d7d6 f6g7 d6b6 h4d8 b6b7 g7g8 e3e4 d8f6 e4e5 f6f4 f3d5 g8f8 b7f7 f4f7 d5f7 f8f7 e5e6 f7e7 c2b2 h5h4 b2c2 g6g5 c2d2 h4h3 d2e1 h3h2 e1f1 h2h1q f1f2 e7f8 f2g3 h1a1 e6e7
139,B,material_adjudication_moderate,103,1.698284,695,2026-09-11 14:23:05,b1c3 g8f6 h2h4 b8a6 h1h3 h7h5 b2b3 f6g8 c3d5 a6c5 a1b1 c7c6 a2a4 c5e6 d5e3 g8h6 d2d4 a8b8 d4d5 c6d5 c2c3 a7a5 d1d2 g7g5 h4g5 h6g8 h3f3 f8g7 d2d3 h5h4 d3b5 e6c7 b5b6 e7e5 b6a7 b8a8 a7b6 c7a6 e3d5 d8b6 d5b6 a8b8 b6c8 b8c8 c1d2 a6c5 e2e3 g8e7 f1e2 c8a8 g1h3 c5e4 b1d1 e4d2 d1d2 a8a7 e3e4 d7d5 e4d5 b7b6 d5d6 e5e4 f3f4 e7g6 f4g4 g6e5 g4e4 f7f5 e4e5 g7e5 f2f3 e5c3 b3b4 c3d2 e1d2 a5b4 h3f2 f5f4 e2b5 a7d7 b5d7 e8d7 d2c2 d7d6 f2d3 h8g8 a4a5 b6a5 g5g6 g8g7 d3c1 d6c5 c2b3 c5b6 b3c2 g7g6 c1d3 g6g3 d3f2 b6c5 c2b3 c5b6 b3a2
140,B,material_adjudication_moderate,97,1.732207,700,2026-09-11 14:23:57,b2b4 e7e6 c2c3 g7g5 c1a3 a7a6 h2h4 c7c5 h1h3 g8f6 h4g5 f6d5 h3h4 b8c6 c3c4 d7d6 h4h3 c5b4 c4d5 b4a3 d5c6 b7c6 h3b3 c8b7 b1c3 h8g8 d1c2 d8b8 c3e4 e8d8 b3b7 b8b7 a1c1 b7b4 e4d6 f8g7 e2e3 b4d6 g1h3 d8e7 d2d4 f7f5 c2c6 d6c6 c1c6 g8b8 g2g3 e7e8 c6c2 g7f8 f1a6 a8a6 c2c5 b8d8 g5g6 h7h5 g6g7 f8g7 c5c8 d8c8 e1f1 g7d4 e3d4 f5f4 h3f4 a6b6 f4h5 c8c3 f2f4 e6e5 h5f6 e8f7 f6d5 e5d4 d5b6 d4d3 b6a4 c3c2 a4c5 d3d2 f1e2 c2c5 e2d1 c5c8 g3g4 c8f8 f4f5 f8e8 d1d2 e8b8 g4g5 b8c8 g5g6 f7g7 f5f6 g7g6 f6f7
141,W,material_adjudication_moderate,78,1.734569,705,2026-09-11 14:28:18,e2e3 e7e5 d1h5 g7g6 e3e4 a7a5 h5e2 f7f6 c2c4 b8c6 h2h3 g8e7 f2f4 b7b6 b2b4 a5b4 f4e5 f6e5 b1c3 f8g7 c3b5 g7f8 g2g4 g6g5 e2f2 h8g8 f2f6 c8b7 c1b2 f8g7 f6g5 g7f8 g5h5 g8g6 f1e2 d7d6 a1c1 d8d7 e1d1 b7c8 d1e1 e7g8 b5c7 d7c7 h5h4 f8e7 h4h7 a8b8 h7g6 e8f8 g4g5 c7d7 g1f3 c6d4 f3h4 d4e6 e2f3 e6g5 d2d4 g5f3 h4f3 e5d4 f3d4 e7g5 g6g5 d7e7 g5h5 g8f6 h5f3 e7d7 d4e2 f8e7 e2c3 b4c3 b2c3 b6b5 c3b2 b5c4
142,B,material_adjudication,81,1.667209,710,2026-09-11 14:29:21,e2e3 a7a5 f2f3 a5a4 b2b3 g8h6 e3e4 f7f5 g1e2 f5f4 b3a4 d7d6 b1a3 a8a4 c2c4 b8a6 d1a4 c7c6 a4c2 h6g8 h2h3 b7b6 c2b1 h7h5 g2g4 c6c5 e1f2 a6b4 e2f4 g7g5 f4g6 h5g4 g6h8 c8d7 a3c2 b4c2 b1c2 f8g7 h3g4 g7a1 f1g2 e7e5 f3f4 g5f4 c1a3 d8e7 h8g6 e7g7 c2d3 g7g6 g2h3 a1d4 f2e2 g6g5 h1f1 g8f6 f1d1 f6g4 d3f3 g4h2 f3h1 g5h5 e2d3 d7h3 h1h2 h3f1 d1f1 h5h2 f1f3 h2g2 f3f1 g2g3 d3e2 e8f8 f1g1 g3g1 a3b2 d4b2 a2a3 f4f3 e2f3
143,B,material_adjudication,81,1.685466,715,2026-09-11 14:29:37,b2b4 a7a5 d2d4 b7b6 c2c3 b6b5 c1d2 c8b7 f2f3 h7h5 g1h3 a5b4 a2a3 b4a3 a1a2 f7f6 g2g3 a8a5 a2a1 a5a6 d4d5 a6a5 f1g2 b7a8 a1a3 c7c6 c3c4 a5a3 h1g1 a3a7 d5c6 b5c4 f3f4 d7c6 e2e3 f6f5 h3g5 d8d3 g2f1 c6c5 f1d3 c4d3 b1c3 g8h6 g5e6 e8d7 e6c5 d7d6 c3b5 d6c6 b5a7 c6c5 d1b1 b8c6 a7c6 a8c6 d2a5 c6b5 a5d8 h6g8 h2h3 h5h4 d8e7 f8e7 g3h4 b5a4 e3e4 f5e4 h4h5 e7f6 e1d2 c5c4 d2c1 e4e3 b1a1 f6a1 g1d1 c4d4 d1d3 d4d3 c1b1
144,B,material_adjudication,66,1.732343,720,2026-09-11 14:29:38,d2d3 d7d5 a2a4 a7a5 d3d4 f7f6 b1c3 e8d7 c3d5 b7b5 a1b1 b5b4 e1d2 c8b7 e2e4 b7a6 h2h3 a6f1 g1e2 f1g2 h1g1 g2f3 e4e5 f3d5 e5e6 d5e6 e2f4 c7c6 d4d5 e6f5 d5c6 d7c7 f4d5 d8d5 d2e1 d5c4 d1d2 c4e4 d2e2 e4e2 e1e2 e7e5 e2e1 a8a7 h3h4 f5c2 c1d2 c2b1 b2b3 g7g6 g1g3 f8c5 f2f3 c5g1 d2c3 b1e4 f3e4 b4c3 h4h5 b8c6 h5g6 g8e7 g6g7 h8g8 g3g1 a7a8
145,W,material_adjudication_moderate,109,1.748191,725,2026-09-11 14:31:20,h2h4 c7c6 b2b3 d7d5 g2g3 f7f6 d2d4 c8h3 e1d2 g7g5 f1h3 b8d7 c1a3 g8h6 b3b4 g5g4 c2c3 g4h3 d2e3 d8c7 h1h3 a8d8 d1c1 c7c8 b4b5 h6g4 e3d2 f8h6 d2d1 c8a8 b1d2 h6d2 d1d2 g4f2 b5c6 f2h3 g1h3 b7c6 a3e7 e8e7 c1c2 h7h5 a1b1 c6c5 d4c5 e7f7 c5c6 d7f8 c6c7 d8c8 b1b8 a8b8 c7b8q c8b8 c2d3 b8b2 d2e1 b2a2 c3c4 a2a1 e1f2 d5c4 d3c4 f7e7 h3f4 f6f5 c4b5 a7a6 b5b3 e7d7 b3b7 d7d8 f4d3 f8e6 b7c6 a1a5 c6e6 a5d5 e6d5 d8e8 d5d4 a6a5 f2e3 a5a4 d3c5 a4a3 d4c3 a3a2 c3c1 a2a1q c1a1 h8h7 c5b7 h7b7 a1a4 e8e7 e3d2 e7d6 d2e3 f5f4 e3f4 b7b2 e2e4 b2b1 a4c2 b1b6 c2d2 d6e6 g3g4
146,B,material_adjudication_moderate,91,1.680263,730,2026-09-11 14:32:04,a2a4 g7g6 h2h4 d7d5 a4a5 e8d7 a1a2 d5d4 g1f3 g6g5 g2g3 f8g7 h4g5 e7e5 f3e5 d7e7 h1h3 f7f6 e5d3 f6g5 h3h5 c8e6 e2e3 c7c5 e3d4 c5d4 a2a4 g8f6 h5g5 d8d6 d1e2 g7h6 g5b5 a7a6 b5b7 b8d7 g3g4 h6f4 d3f4 d6f4 d2d3 f4c1 e2d1 c1d1 e1d1 f6g4 b2b3 g4f6 b1d2 a8b8 b7b8 d7b8 f2f4 f6d5 f4f5 e6f5 a4d4 d5c3 d1e1 b8c6 d4f4 f5e6 f1g2 c6b4 g2h3 e6h3 f4b4 h3g2 b4c4 c3b5 e1f2 g2d5 c4c5 e7d6 c2c4 d6c5 c4d5 c5b4 f2e3 b5a3 d2c4 a3c4 b3c4 b4a5 c4c5 h7h5 d3d4 h8e8 e3f4 a5a4 c5c6
147,W,checkmate,31,1.673213,735,2026-09-11 14:32:20,a2a3 g8f6 e2e3 g7g6 g2g3 b8a6 b1c3 c7c6 c3e4 f6h5 a3a4 f7f5 d2d3 b7b6 g3g4 f5g4 e4d2 h8g8 f1e2 a6b8 d3d4 d7d5 a1b1 c8e6 f2f3 g8h8 f3g4 e6d7 g4h5 g6h5 e2h5
148,W,material_adjudication,102,1.686818,740,2026-09-11 14:33:45,a2a4 g7g6 g1f3 b7b6 f3d4 d7d6 b1c3 h7h5 c3d5 c7c6 d4c6 d8c7 c6a5 h8h6 b2b3 c7d7 e2e3 g6g5 g2g4 f8g7 d1f3 g7a1 a5c4 e7e6 f1d3 c8a6 f3e4 h5g4 f2f3 d7c8 c4d6 e8d7 d5b6 a7b6 d6c8 a6d3 e4a8 d7c8 c2d3 g4f3 a8f3 g8f6 b3b4 f6d5 e3e4 d5b4 e1g1 b4d3 f3d3 g5g4 c1a3 a1f6 f1f4 f6g5 h2h3 g5f4 h3g4 c8c7 d3c4 c7b7 g4g5 f4g5 c4e2 b8c6 d2d3 c6e5 e2g2 g5f4 g2f1 e5g6 g1f2 f7f5 f1e2 h6h4 f2g2 h4h6 e2f1 f5e4 d3e4 b7a8 f1d3 f4g5 d3c4 g6f4 g2f3 h6h4 e4e5 f4h5 c4e6 g5h6 e6h6 h5f6 h6g5 h4h5 g5g6 f6g8 g6h5 g8f6 e5f6 a8b8 h5h8 b8a7
149,W,material_adjudication_moderate,76,1.689991,745,2026-09-11 14:33:59,b1a3 a7a5 g2g4 e7e5 a1b1 c7c6 e2e4 e8e7 d2d3 e7e8 d1e2 f8a3 b2a3 g8h6 h2h4 e8e7 b1b6 h6g4 b6b3 a5a4 e2g4 a4b3 c2b3 d7d6 g4e2 d8a5 c1d2 b7b6 h1h3 a5a3 h3f3 b6b5 d3d4 e5d4 f1h3 c8h3 g1h3 b8d7 b3b4 h8d8 f3a3 a8a3 e2f1 a3f3 e1e2 e7e8 e2f3 d7e5 f3e2 e8d7 f1h1 g7g6 f2f3 d4d3 e2e1 e5f3 h1f3 f7f5 e4e5 d6e5 a2a4 e5e4 f3f1 b5a4 h3g5 d8c8 b4b5 c6b5 d2b4 e4e3 f1d3 d7e8 d3e2 a4a3 b4a3 h7h5
150,W,material_adjudication,82,1.665969,750,2026-09-11 14:34:14,g1h3 g8f6 h3g1 h8g8 h2h4 e7e6 a2a3 a7a6 g2g4 f6g4 h1h3 b7b6 d2d3 d7d6 e2e4 f7f6 c1d2 g7g6 d2g5 f6g5 d1g4 a8a7 g4g5 d8g5 h4g5 f8g7 h3f3 c7c6 f1h3 b8d7 b1d2 g7b2 a1d1 b2g7 g1e2 a7a8 f3g3 b6b5 h3e6 d6d5 e6g8 a8b8 a3a4 b5a4 g3f3 d5e4 d3e4 a4a3 g8f7 e8e7 d2c4 d7e5 c4e5 c8e6 c2c4 g7e5 f7e6 e7e6 e1f1 a3a2 d1c1 a2a1q c1a1 e5a1 f3a3 a1g7 a3a6 e6e7 a6c6 b8b2 c6c7 e7d8 c7g7 b2b1 f1g2 b1b7 g7b7 d8c8 b7b6 c8c7 b6a6 c7b7
151,B,material_adjudication,69,1.734967,755,2026-09-11 14:36:05,a2a4 g7g6 g2g3 g8f6 h2h3 e7e6 e2e4 b8c6 f2f3 f8h6 g1e2 c6b4 b1c3 g6g5 d2d3 a7a6 e2d4 e6e5 c1d2 e5d4 g3g4 d4c3 d1c1 b7b6 b2c3 a8b8 a1b1 e8f8 c3b4 c8b7 d2g5 h6g5 c1g5 b8c8 d3d4 d8e7 g5c1 a6a5 b4a5 e7e6 g4g5 f8e8 e4e5 f6d5 f1e2 h8g8 c2c4 d5f4 c1f4 g8g6 f4d2 c8a8 a5b6 c7b6 a4a5 a8a5 e1d1 h7h6 f3f4 b7h1 f4f5 e6f5 g5h6 f5b1 d2c1 b1c1 d1c1 g6e6 h6h7
152,D,cap_draw,150,1.725408,760,2026-09-11 14:36:32,b2b3 g8f6 h2h4 b8a6 h1h3 a6c5 h3f3 f6g4 c2c4 g7g5 d2d4 h7h5 h4g5 f7f5 d4c5 d7d5 e2e3 a7a6 f1d3 g4f6 c1b2 h8h7 d3f5 a8b8 f5g6 e8d7 b2f6 e7e5 f6e5 h5h4 d1c1 h7h5 e5f6 f8h6 g5h6 d8f6 g1e2 f6g6 b1d2 g6h6 g2g4 h4g3 f3f7 d7e8 f2f4 c8e6 c4d5 e6f7 e2g3 h5d5 g3e4 a6a5 e4c3 d5d3 d2f3 h6e6 f3d4 d3d4 f4f5 e6e5 c3b5 d4e4 b5c7 e5c7 c1c2 e4e3 e1f2 c7c8 f2e3 b8a8 c5c6 f7h5 c6b7 c8b7 c2c4 b7c8 a2a3 c8c4 b3c4 a5a4 a1h1 h5f7 h1b1 a8c8 e3d3 f7h5 b1h1 h5g4 h1e1 e8f8 e1g1 g4f5 d3c3 f8e7 g1f1 f5h3 f1f3 h3g4 f3g3 g4f5 g3f3 f5g4 f3d3 g4f5 d3d5 f5g6 d5d4 e7e8 d4g4 g6h5 g4h4 h5d1 h4h1 d1b3 h1h8 e8d7 h8h7 d7c6 h7h6 c6b7 c4c5 c8g8 c3d2 b3c4 d2c3 c4f1 h6f6 f1g2 c5c6 b7c7 f6h6 c7b6 c3b4 g8g7 b4a4 g7f7 a4b4 g2f3 a3a4 f3e2 h6h2 e2f3 h2b2 b6c6 a4a5 f7f4 b4b3 c6b5 b3a2 b5a5
153,W,material_adjudication,74,1.658275,765,2026-09-11 14:37:38,g1f3 b7b5 b1a3 e7e6 e2e4 g8f6 a3c4 f8e7 c2c3 f6e4 f1d3 b8a6 f3d4 e7c5 d3e4 c5d4 d2d3 e8g8 d1d2 f7f6 e1d1 d4e5 g2g3 b5c4 a2a4 f6f5 e4a8 c7c5 d3d4 g8f7 d4e5 h7h6 a1b1 d7d5 e5d6 c8d7 a8g2 f7e8 h2h4 h6h5 a4a5 d8b8 d1e1 f5f4 g3f4 b8d6 h1f1 d6e7 g2f3 e6e5 f4f5 e5e4 f3h5 g7g6 f5g6 e4e3 f2e3 e7h4 f1f2 a6c7 d2e2 f8f6 a5a6 f6a6 g6g7 e8d8 h5g6 d7g4 g7g8q d8e7 e1d1 h4f2 e2g4 a6d6
154,B,material_adjudication,66,1.682388,770,2026-09-11 14:38:04,a2a3 a7a5 g1f3 a5a4 e2e3 h7h5 e1e2 a8a7 e3e4 c7c5 d2d3 h5h4 f3d2 b8a6 e4e5 f7f6 h1g1 d7d6 b2b4 e7e6 d2f3 d8e7 g2g4 d6d5 c2c3 e8d7 e5f6 g7f6 f3e1 a6c7 e1c2 h4h3 b4c5 e6e5 c3c4 c7e6 d1d2 b7b6 c4d5 e6d4 c2d4 e5d4 e2d1 e7c5 g4g5 c5d5 g5f6 d5f3 d2e2 f3f6 e2e4 c8b7 e4d4 f6d4 f1h3 h8h3 c1d2 a7a8 b1c3 b6b5 c3b5 d4e5 d2c3 e5c5 d3d4 c5c6
155,B,value_resign,38,1.693656,775,2026-09-11 14:38:54,e2e4 f7f6 d1h5 g7g6 h5e2 f8g7 c2c3 d7d5 f2f4 a7a6 g1f3 e8d7 c3c4 g7f8 c4d5 b7b5 b2b4 g6g5 b1a3 c7c5 d2d4 a6a5 d5d6 a5b4 g2g3 b4a3 c1b2 a3b2 f4g5 f8h6 g5f6 g8f6 e4e5 b2a1q e1f2 b5b4 e5f6 b4b3
156,W,checkmate,23,1.711560,780,2026-09-11 14:39:56,e2e4 e7e5 a2a4 b8c6 f2f3 d7d6 g1e2 b7b6 b1c3 a7a5 a1b1 d8e7 e2g3 g7g5 e1e2 c6d4 e2f2 c8d7 f1c4 a8d8 c3d5 d4c6 d5c7
157,W,value_resign,33,1.683180,785,2026-09-11 14:41:40,e2e4 g8f6 h2h3 a7a5 e1e2 e7e5 a2a4 b7b5 e2e3 h7h6 g2g4 c8b7 g4g5 b8c6 a4b5 f6e4 f2f3 d8g5 e3e2 c6b4 h3h4 g5g4 f3g4 c7c6 b5b6 f8d6 f1h3 h8h7 c2c4 d6f8 d2d3 f7f6 g1f3
158,B,material_adjudication_moderate,76,1.700839,790,2026-09-11 14:43:29,e2e3 e7e5 d1e2 b8a6 e1d1 g7g5 e3e4 f8g7 g2g4 a6c5 g1h3 c5e6 c2c4 g8e7 b1a3 h8g8 h3g5 e6g5 a3b5 d7d6 b5c7 d8c7 f2f4 g5e6 f4f5 e6d4 e2f3 d4f3 a1b1 g8f8 d1e2 g7f6 d2d4 c7c6 d4d5 c6c7 e2e3 e7g8 g4g5 f6g5 e3e2 g5h6 e2f3 e8d7 c1h6 g8h6 f3e3 h6f5 e4f5 b7b6 b1a1 d7d8 b2b3 c8f5 a1c1 d8e8 h2h3 f5e4 e3e4 a8b8 h1h2 f7f5 e4e3 e8d7 c1d1 b8a8 e3f3 d7c8 f1d3 a7a5 d1c1 a8a7 a2a4 a7a8 f3e2 f8f6
159,B,material_adjudication,73,1.702249,795,2026-09-11 14:45:47,a2a4 c7c6 d2d3 g7g6 h2h3 c6c5 c1g5 h7h6 g5e7 f8e7 h3h4 e7f6 a4a5 e8e7 c2c3 a7a6 d1a4 f6e5 d3d4 c5d4 c3d4 f7f6 d4d5 e7f8 h4h5 g6h5 b1a3 e5b2 h1h5 b2a1 a3c2 b7b6 c2a1 g8e7 a1c2 e7g6 g2g3 b6a5 a4c4 c8b7 f1h3 f6f5 f2f4 d7d6 e1f1 f8g7 c4d3 d8c7 h3f5 g6e7 d3b3 e7f5 h5f5 g7g8 g3g4 c7c8 f5h5 a5a4 b3d3 a4a3 g4g5 c8g4 d3f3 g4f5 e2e4 f5f7 f3b3 f7h5 g5h6 h5h6 g1e2 h6h5 c2d4
160,W,checkmate,67,1.691091,800,2026-09-11 14:47:14,a2a4 f7f6 a4a5 a7a6 e2e3 e7e5 b2b3 g7g6 b1c3 b8c6 f2f4 e8e7 c3d5 e7d6 c1b2 d6d5 f4e5 f6e5 f1c4 d5d6 e1f1 b7b6 c4g8 d6e7 a5b6 c6b4 b6c7 h8g8 c7d8q e7d8 g1f3 d7d5 f3h4 g6g5 d1e2 b4c2 a1c1 g5h4 c1c2 g8g5 b2c3 d5d4 e3d4 e5d4 h2h3 d4c3 d2d4 c8f5 c2c3 h7h5 e2e5 a8c8 c3c8 d8d7 g2g3 h4g3 c8c7 d7d8 h3h4 g3g2 f1g1 g2h1q g1h1 f8d6 e5f6 d6e7 f6e7
161,W,material_adjudication,68,1.715497,805,2026-09-11 14:48:14,b1a3 d7d5 a1b1 d8d7 h2h3 f7f6 g1f3 a7a5 g2g3 a5a4 e2e3 h7h5 a3b5 e8d8 f3d4 e7e5 f2f3 e5d4 b5d4 c7c6 f1b5 d7d6 h1h2 d6g3 e1e2 h5h4 h2g2 g3g5 g2g5 f6g5 b5a4 a8a4 a2a3 f8d6 b2b4 g5g4 f3g4 h8h6 g4g5 c8g4 h3g4 h6h8 d4f5 h4h3 f5d6 d8d7 d2d4 d7d6 g5g6 d6e7 g4g5 h3h2 d1h1 g8f6 e2d2 h8h5 g5f6 g7f6 b4b5 c6b5 g6g7 b8d7 g7g8q h5e5 e3e4 d7f8 d2e1 e5e6
162,W,material_adjudication,68,1.706517,810,2026-09-11 14:50:12,g1f3 h7h5 b1a3 g8f6 f3e5 f6g4 c2c3 g7g5 e5d3 f7f5 e2e3 h8g8 f1e2 d7d6 h2h4 b8a6 a3c4 g5h4 e1f1 c7c5 h1h4 g4h6 b2b4 d8d7 h4f4 a8b8 b4b5 e7e6 b5a6 d6d5 c4e5 b7a6 e5d7 c8d7 d3e5 f8d6 d2d3 d6e5 a2a4 e5f4 e3f4 d5d4 c3d4 h6g4 d4c5 g4h2 f1g1 a6a5 c5c6 d7c6 c1d2 c6e4 a1a3 b8b6 d2a5 b6c6 a3b3 e4d5 g1h2 d5b3 d1b3 c6c3 b3c3 a7a6 g2g4 h5g4 c3f6 g8g6
163,W,material_adjudication,66,1.679463,815,2026-09-11 14:51:12,a2a4 g7g6 a4a5 c7c6 d2d4 h7h5 h2h4 g8f6 f2f3 b7b6 a5b6 e7e5 g2g4 h8h6 c2c4 e5d4 a1a7 h5g4 c1e3 d8b6 a7a1 f8c5 a1a8 h6h5 e3c1 e8e7 g1h3 c8b7 a8a3 f6d5 c4d5 c5a3 b1a3 c6d5 f3g4 h5h4 h1g1 b6c5 g1g2 h4h3 c1d2 g6g5 b2b4 f7f5 b4c5 b8a6 d2a5 a6c5 a3b5 c5d3 e2d3 f5g4 d1e2 e7f8 e1f2 f8f7 f2e1 b7c6 e1f2 c6b5 a5b6 b5c6 f2e1 c6b7 e2c2 f7g7
164,B,material_adjudication,66,1.694258,820,2026-09-11 14:51:44,a2a3 g8f6 h2h4 b8a6 h1h3 h8g8 a3a4 e7e6 b2b4 f8d6 b4b5 f6g4 h3e3 g4e3 d2e3 a6c5 a4a5 g7g6 c1d2 h7h5 a1a3 b7b6 a5b6 a7b6 a3b3 d6e7 b1a3 c5a4 a3c4 d7d5 d1b1 d5c4 b3b2 f7f5 e3e4 c4c3 d2c3 f5e4 b2a2 e7f6 c3f6 d8f6 a2a4 a8a4 c2c3 f6f4 g2g3 f4f5 e1d2 e4e3 d2e3 a4a5 f1h3 f5e5 b1e4 e5e4 e3d2 e4d5 d2c2 d5d7 h3e6 d7e6 g1f3 a5a4 e2e4 e8d7
165,W,material_adjudication_moderate,121,1.708353,825,2026-09-11 14:53:26,a2a4 b7b5 c2c3 c7c6 d2d3 a7a5 g2g4 a8a7 a4b5 d7d5 c1f4 c6b5 d1b3 a5a4 b3d5 d8d5 e2e4 d5e6 b1d2 e8d8 f4b8 h7h6 b8a7 c8a6 f1g2 g7g6 g1h3 e6g4 h3f4 g4g5 a7e3 a4a3 b2a3 g5f4 e3f4 g6g5 g2f3 g5f4 d3d4 h6h5 h1g1 d8d7 a1b1 d7e6 b1d1 g8h6 f3h5 h8g8 g1g8 h6g8 d2b1 g8h6 d4d5 e6d7 b1d2 e7e5 d2b1 f8c5 b1d2 c5a3 h2h4 a6b7 d2b1 a3c5 h5f3 b7c8 e1e2 f7f6 b1d2 c5b6 c3c4 b5c4 d2c4 b6c5 d1c1 c8a6 c1c3 a6c4 c3c4 c5e3 c4c3 e3d4 c3d3 d4f2 e2f2 h6g8 f2g2 d7d6 g2h3 d6c5 f3g2 f4f3 g2f3 c5c4 d5d6 c4d3 f3g4 d3d2 d6d7 d2e3 d7d8q f6f5 e4f5 g8f6 h3g2 f6g4 g2h3 g4f2 h3g2 e3e2 g2g3 e5e4 d8c7 e4e3 c7b6 f2d3 b6b7 e2d1 g3g4 d3c5 b7a7
166,B,checkmate,68,1.683276,830,2026-09-11 14:54:17,b1a3 g7g6 g1f3 h7h5 h1g1 c7c6 a3c4 f7f5 h2h4 d7d5 c4e5 e7e6 e5d3 d8d7 d3e5 d7d8 a2a4 f8d6 d2d3 a7a6 c1g5 g8f6 c2c4 a8a7 a4a5 d5c4 g5f6 d8f6 d3d4 c6c5 a1b1 e8f8 d4c5 d6e5 d1c2 f6g7 f3e5 g7e5 f2f4 e5c5 g2g4 c5g1 g4f5 e6f5 c2c4 g1h1 c4d4 b8c6 d4a7 c6a7 e2e4 h1h2 b1a1 f8g7 f1g2 b7b6 a5b6 c8e6 b6a7 g7f6 a7a8q h8a8 e4f5 g6f5 g2a8 h2g3 e1f1 e6c4
167,B,material_adjudication_moderate,93,1.761999,835,2026-09-11 14:56:07,a2a3 e7e6 e2e4 e6e5 f2f4 c7c6 b2b4 f8b4 a3b4 g8f6 f1c4 b7b6 c2c3 c8a6 g1e2 a6c4 f4e5 f6e4 a1a4 d8h4 e2g3 h8f8 a4a2 b8a6 d2d3 c4a2 d3e4 e8d8 e1f2 a2b1 h2h3 h7h5 c1g5 h4g5 d1b1 g5h6 h1d1 g7g5 f2e2 c6c5 d1d3 f7f5 e4f5 h6h8 b4c5 b6c5 g3e4 h8g8 g2g4 h5h4 e2d2 g8g7 e4g5 d8e8 f5f6 g7h8 g5h7 a6c7 h7f8 h8f8 c3c4 f8f7 b1b3 c7e6 g4g5 a8c8 g5g6 f7g6 b3b1 g6f7 b1b3 e8d8 b3a4 a7a5 d2c1 e6d4 d3d4 c5d4 c1d2 c8a8 e5e6 f7e6 f6f7 e6f7 a4b3 d8c7 d2d3 a5a4 b3b4 f7g7 d3e2 a8a6 b4b5
168,B,material_adjudication,69,1.717484,840,2026-09-11 14:56:49,e2e4 b8a6 d2d3 e7e5 d1g4 f8d6 e1d1 d6f8 g4g3 d8e7 b2b3 g7g6 a2a3 f8g7 f2f3 g6g5 c1g5 e7e6 c2c4 e6c6 g3h4 c6e6 g1e2 d7d6 c4c5 b7b6 g5f4 e6e7 b1c3 e7h4 g2g3 h4e7 f4g5 f7f6 c5d6 e7d6 g5f6 g7f6 g3g4 b6b5 g4g5 f6g5 d1e1 c8b7 h1g1 g5h6 a3a4 b5b4 a4a5 g8f6 c3a4 d6d8 h2h4 a8b8 d3d4 e8d7 d4e5 d7c6 e5f6 h8f8 e2d4 c6d7 d4e6 d7e6 e4e5 b7c6 h4h5 c6f3 g1g4
169,B,material_adjudication_moderate,109,1.715452,845,2026-09-11 14:57:56,g1f3 e7e6 b1a3 d7d6 c2c3 b8d7 c3c4 a7a5 g2g4 g7g5 f3g5 f7f5 g5e6 h7h5 g4f5 a5a4 e6d8 e8d8 h1g1 d6d5 d2d4 d5c4 e2e3 f8e7 f1c4 a8b8 c4d5 e7f6 b2b4 g8e7 e3e4 d8e8 d5e6 b8a8 e6d7 c8d7 e4e5 h5h4 e5f6 d7b5 g1g3 h4g3 c1d2 g3h2 a3b5 h2h1q e1e2 h1c6 b5c3 c6f6 a1b1 e8d7 f2f4 f6f5 d1f1 c7c6 b4b5 h8b8 c3a4 a8a4 b5c6 d7c6 a2a3 b7b6 e2e1 b8c8 f1d3 f5d3 b1b3 e7d5 b3d3 c8d8 f4f5 c6d7 f5f6 a4c4 f6f7 c4c2 f7f8q d8f8 a3a4 d5f6 a4a5 b6a5 d2a5 c2a2 a5d2 f6e4 d3e3 e4d2 e1d1 f8f3 e3f3 d2f3 d4d5 a2d2 d1c1 d2a2 c1b1 a2d2 b1c1 d2a2 c1b1 a2d2 b1c1 d2a2 c1b1 a2d2 b1c1
170,W,material_adjudication_moderate,76,1.732787,850,2026-09-11 14:57:57,g1h3 a7a6 b2b4 d7d5 f2f3 e7e6 b1c3 h7h6 c1b2 g7g6 b4b5 d5d4 b5a6 f8c5 a6b7 c8b7 h1g1 d4c3 f3f4 c5g1 b2c3 a8a7 c3h8 c7c5 d1c1 b7e4 g2g4 d8c7 h8e5 a7a2 a1a2 c7a5 a2a5 g8f6 c2c4 b8c6 a5a6 e8e7 e5c3 c6d4 c1d1 d4c2 d1c2 e4c2 f4f5 f6e4 h3g1 e4c3 h2h4 c2b3 d2c3 b3a2 f1g2 e6f5 e1f2 f5g4 a6a7 e7f8 f2f1 a2b1 f1f2 b1f5 g1f3 g4f3 g2f3 f7f6 f2g1 f5e6 g1f2 f8e8 f3a8 e6g4 e2e4 e8d8 f2g1 g4e6
171,B,checkmate,82,1.730884,855,2026-09-11 15:01:34,a2a4 g8h6 g1f3 b8c6 a4a5 h8g8 e2e3 b7b6 e1e2 g7g5 b2b3 f7f5 a5a6 c8a6 a1a6 d8c8 a6b6 a7a6 b6c6 d7d6 e3e4 f5f4 h2h4 g5g4 f3g5 e7e6 c6c7 c8c7 c2c4 d6d5 c4d5 e6d5 d2d4 c7c8 b1c3 c8c3 c1f4 f8g7 g5e6 d5e4 e6g7 g8g7 f4h6 g7g6 d1d2 c3d2 e2d2 g6h6 d2e1 a8b8 d4d5 h6d6 e1e2 d6d5 g2g3 d5e5 h1g1 b8c8 f1g2 c8d8 g1c1 e8d7 e2f1 d7e8 f1g1 d8d6 h4h5 e5h5 g2e4 d6d8 f2f3 g4f3 e4f3 h5a5 c1c4 a5a3 c4b4 d8c8 f3e4 a3a2 b4a4 c8c1
172,B,material_adjudication,66,1.744343,860,2026-09-11 15:06:29,h2h4 h7h5 e2e4 a7a6 b2b3 f7f6 d2d3 d7d6 c1b2 h8h6 d1c1 b7b5 g2g4 g7g5 h4g5 f6g5 b1c3 c8g4 c3d5 c7c6 f2f3 g4f3 a2a4 c6d5 h1h5 h6h5 e4e5 e8f7 f1e2 f3e2 g1e2 f7e6 e2d4 e6d7 e5d6 b5b4 e1e2 f8h6 c1b1 b8c6 d6e7 g8e7 d4c6 d7c6 b1e1 a6a5 e1h1 d8d6 h1h5 c6d7 h5h6 d6h6 a1h1 h6h1 e2d2 d5d4 b2d4 d7e8 d4f2 e7g6 f2e3 h1h2 d2c1 g6h4 d3d4 h2h1
173,B,value_resign,40,1.724602,865,2026-09-11 15:07:47,h2h4 b7b6 a2a3 b8a6 h4h5 d7d6 b2b4 a8b8 b4b5 f7f6 a1a2 e7e6 f2f4 d6d5 b5a6 d8d7 h5h6 e8e7 c1b2 g8h6 a3a4 d5d4 a2a3 c8a6 g2g4 a6e2 b2d4 e2d1 g4g5 f6g5 f1c4 g5f4 d4e5 g7g6 a3d3 d1c2 b1c3 c7c6 g1h3 c2d3
174,D,cap_draw,150,1.663746,870,2026-09-11 15:08:03,a2a3 a7a5 g1f3 h7h5 g2g3 c7c5 e2e3 d8c7 e1e2 f7f5 h2h4 g7g5 h4g5 f8g7 f1h3 e8f8 e3e4 f5e4 f3e5 g7e5 f2f3 c7b6 d2d4 e5d4 f3e4 c5c4 a3a4 b6c5 d1d4 c5d4 c1e3 d4b2 e3d4 b2d4 c2c3 d4c5 g3g4 b7b6 g4h5 c8b7 h1g1 b7c6 b1d2 c6a4 a1a4 a8a7 e4e5 f8g7 a4a2 g8h6 g5h6 g7h7 g1g4 h8f8 d2e4 f8c8 e4c5 b6c5 e5e6 d7e6 g4h4 h7h6 e2d2 c8d8 d2e1 b8c6 h4e4 h6h5 h3e6 d8e8 e6c4 e7e5 c4b5 e8e6 b5c6 e6c6 e4e5 h5h4 e5e4 h4g5 a2d2 c6a6 e4c4 a5a4 c4c5 g5h4 d2d1 h4g3 c5b5 a7c7 d1c1 a6d6 c3c4 c7c8 b5e5 c8b8 c4c5 d6d8 e5h5 b8b2 h5h6 d8b8 c1d1 b2b4 e1f1 a4a3 c5c6 b8c8 d1d3 g3f4 d3a3 f4g5 h6h3 c8c6 a3a5 g5g6 h3g3 g6h6 f1g1 b4b8 g1h2 b8c8 g3d3 c6c2 h2g1 h6g7 g1f1 g7f8 d3b3 c2h2 f1g1 h2h6 g1g2 f8e8 b3b4 e8d7 g2g3 c8c2 a5g5 h6e6 g3h4 e6d6 b4b1 d7e6 b1b3 d6d7 g5g4 e6d6 g4g3 d6c5
175,W,material_adjudication_moderate,113,1.684250,875,2026-09-11 15:11:23,a2a4 c7c6 d2d3 a7a5 e2e3 c6c5 b2b3 f7f5 d1h5 g7g6 g2g3 g6h5 d3d4 e7e6 h2h4 a8a6 e3e4 e8f7 c1d2 g8e7 d4c5 d8c7 d2g5 c7c5 e1d2 b8c6 f1c4 e7d5 e4e5 h8g8 g1f3 a6a8 h1c1 c6e5 c4d5 e6d5 g5e3 e5f3 d2d3 b7b6 e3c5 f8c5 c2c3 c8b7 d3e2 f3d4 c3d4 c5d4 b1c3 d4c3 c1c3 f5f4 g3f4 g8f8 a1g1 d5d4 c3d3 f7f6 d3d4 f8c8 d4d7 f6f5 d7b7 c8e8 e2d3 a8d8 d3c2 f5e4 b7b6 d8c8 c2b1 e4f3 f4f5 f3f2 g1g5 f2e2 b6h6 c8d8 h6h7 d8d5 h7h6 e8h8 h6c6 d5f5 g5f5 h8e8 c6c2 e2d1 c2c6 d1e2 b1b2 e8e3 f5f4 e3e4 f4e4 e2d3 c6b6 d3e4 b6c6 e4d5 c6c8 d5d6 b2c1 d6d7 c8c4 d7d6 c1b2 d6d5 c4c7 d5d6 c7b7 d6c6 b7a7
176,W,material_adjudication,96,1.651796,880,2026-09-11 15:11:39,h2h4 h7h5 f2f4 a7a5 e1f2 b8a6 e2e4 b7b5 g1e2 c7c5 f2g3 d8b6 f4f5 f7f6 b1a3 a8a7 a1b1 b6d6 e2f4 e7e5 f5e6 g7g6 h1g1 h8h6 d2d4 d6d4 d1d4 c5d4 f1e2 a6b4 g1d1 d7d5 e4d5 b4c2 a3b5 f8c5 b5a7 c8a6 f4g6 a6e2 c1h6 e2d1 b1d1 c2e3 d1d2 g8h6 a2a4 e3c4 d2d3 c5a7 g3h3 a7b6 g2g3 c4e5 g6e5 f6e5 d5d6 e5e4 d3d1 b6c5 d6d7 e8d8 h3g2 e4e3 g2f1 h6g4 f1e2 d4d3 e2d3 g4f2 d3e2 f2d1 e2d1 d8e7 d1e2 c5d6 e2e3 d6c7 g3g4 h5g4 h4h5 g4g3 e3f3 e7e6 h5h6 e6d5 h6h7 g3g2 f3g2 c7d8 h7h8q d8e7 h8g8 d5e5 g8g7 e5d6
177,W,material_adjudication,66,1.722086,885,2026-09-11 15:13:42,c2c3 d7d5 d2d3 a7a6 h2h3 f7f6 d1b3 c8d7 c1f4 h7h5 b1a3 g7g5 a3c2 d7c8 f4e3 e8d7 e3d2 f8h6 c2d4 d7e8 a1d1 a6a5 g1f3 a5a4 d4c6 e8d7 b3d5 d7e8 c6d8 f6f5 f3d4 e7e6 d5b7 c8b7 d8b7 a8a5 c3c4 g8f6 d4e6 b8a6 f2f4 f6d7 h1g1 g5f4 b2b4 a4b3 d2a5 e8e7 e6c7 a6b8 a2a4 b3b2 g2g3 h8h7 d3d4 b2b1q d1b1 f4g3 b1a1 d7f6 c4c5 e7d7 g1g3 b8a6 c5c6 d7c6
178,B,material_adjudication,66,1.704861,890,2026-09-11 15:14:29,b1a3 a7a5 f2f3 e7e6 e2e4 f7f6 e1e2 e8e7 e4e5 b7b6 e5f6 g7f6 g2g3 b8c6 f1g2 c6d4 e2e3 h7h6 e3d4 c8b7 d4e3 d8c8 c2c3 e7e8 h2h4 f8c5 d2d4 c5d6 c3c4 b7d5 c4d5 h6h5 d5e6 d7e6 d1d2 d6b4 a1b1 b4d2 e3d2 e8e7 a3b5 c7c6 b5d6 c8c7 a2a3 a5a4 g3g4 h5g4 d6b7 g4g3 b2b4 e7d7 g2f1 c7b7 f1d3 f6f5 b1b2 c6c5 f3f4 b7h1 g1e2 c5b4 a3b4 d7d8 e2g3 h1g2
179,W,material_adjudication,88,1.707145,895,2026-09-11 15:15:16,e2e4 f7f6 d1h5 g7g6 h5e2 d7d5 e1d1 e8f7 c2c4 f8g7 e4d5 a7a5 g1f3 c7c5 e2e3 a5a4 d2d4 g7h6 d4c5 h6e3 f2e3 d8f8 c1d2 f7e8 d2e1 h7h6 g2g3 c8d7 e1f2 h6h5 d1e2 b8a6 f1g2 f6f5 c5c6 b7c6 d5c6 h5h4 c6d7 e8d7 f3h4 g6g5 h1d1 d7e6 g2d5 e6f6 d5a8 g5h4 a8f3 h4g3 h2g3 e7e6 d1d7 h8h2 d7a7 f8c5 a7d7 g8e7 d7d1 e7g6 b1c3 g6e7 c3b5 e7c8 e2e1 f6g5 f2g1 h2b2 a2a3 b2c2 a1b1 g5f6 b5d4 c8a7 d4c2 a7c8 f3g2 f6g6 e1f2 c5c4 c2e1 c4c2 e1c2 a6b4 c2b4 g6g5 e3e4 f5e4
180,W,material_adjudication,86,1.713181,900,2026-09-11 15:15:17,b2b3 g8f6 d2d3 h8g8 f2f4 f6e4 b1d2 d7d5 g1f3 e4d2 d1d2 e8d7 a1b1 c7c6 f4f5 g7g5 f3d4 f7f6 g2g4 c6c5 f1g2 c5d4 e1g1 a7a6 g2d5 h7h5 d5g8 a6a5 g4h5 a5a4 b3a4 b7b6 g8d5 c8b7 d5b7 a8a7 b1b3 d8e8 c1b2 e7e6 a2a3 f8b4 d2b4 a7b7 b4b5 d7c7 f5e6 e8c6 b5c4 c6c4 d3c4 b8a6 e2e3 b7a7 e3e4 g5g4 c2c3 d4c3 b2c3 a7a8 a4a5 b6a5 c3d4 a5a4 f1f6 a4b3 f6f7 c7b8 h2h4 b3b2 d4b2 a6c5 e4e5 c5e6 b2c3 e6g5 e5e6 g5f7 e6f7 a8a3 f7f8q b8c7 c3e5 c7d7 f8f7 d7c6
181,W,material_adjudication_moderate,85,1.707737,905,2026-09-11 15:16:48,e2e3 d7d6 g2g3 h7h5 a2a3 d6d5 f2f3 d8d7 h2h3 c7c5 h1h2 a7a5 e3e4 d5d4 a3a4 d7c7 h3h4 a8a7 a1a2 c7g3 h2f2 g7g6 f1b5 c8d7 e1f1 d7b5 d1e2 b5e2 g1e2 h8h7 e2g3 d4d3 c2d3 f8g7 g3e2 e8f8 b1c3 g7c3 e2c3 h7h8 c3b5 a7a8 d3d4 c5d4 b5d4 f7f6 f3f4 f6f5 b2b3 f5e4 c1b2 g6g5 h4g5 h5h4 f1g2 h4h3 g2h2 a8a7 f2f1 b8a6 g5g6 a6b4 a2a1 f8g7 d4b5 g8f6 b5a7 b4d5 b2f6 e7f6 h2h1 b7b6 f4f5 d5b4 f1g1 g7f8 a1e1 h8h6 e1a1 b4c2 a1c1 c2a3 c1c7 f8e8 g1a1
182,B,material_adjudication_moderate,99,1.700991,910,2026-09-11 15:17:04,d2d3 e7e5 a2a3 d7d6 g2g4 g7g5 c1g5 c8g4 f2f3 d8g5 a1a2 b7b5 d1d2 e8d7 d2g5 h7h6 g5c1 f7f6 g1h3 g4h3 b1c3 c7c6 c1a1 b5b4 f1h3 d7e8 h3g2 b4c3 b2b4 e8d8 a1c3 b8d7 g2h3 e5e4 d3e4 d8c7 e1f1 a7a5 a3a4 g8e7 b4a5 f6f5 e4e5 d7e5 a2b2 e7d5 c3d2 h8h7 b2b5 c6b5 a4b5 a8a5 d2a5 c7d7 a5a6 d5b4 a6a7 d7c8 c2c3 h7a7 b5b6 a7a8 h3f5 c8b7 c3b4 b7b6 f3f4 e5c4 h2h3 d6d5 f1f2 h6h5 h1c1 a8a2 f5d3 f8b4 d3c4 d5c4 c1c4 b6b5 c4c1 b4a3 c1c2 a2c2 f2f3 a3c1 h3h4 b5c4 e2e4 c2c3 f3e2 c1b2 e4e5 c4b3 e5e6 c3c2 e2f1 b2f6 e6e7
183,W,material_adjudication,66,1.725812,915,2026-09-11 15:18:15,d2d3 b7b6 e2e4 f7f6 g1e2 e7e5 f2f3 f8c5 b1d2 d7d6 d3d4 e5d4 g2g4 e8e7 d2b1 d8f8 c1f4 e7d7 c2c3 h7h5 f4d6 d4c3 d6f8 d7e8 g4h5 c3b2 b1a3 b6b5 a1b1 h8h6 e4e5 e8f8 a3b5 g7g5 b5c7 a7a6 f1h3 c8h3 c7a8 h6h5 d1d3 h3g2 h1g1 h5h2 d3f5 c5g1 e5f6 b8d7 e2g1 h2h1 f5g5 h1h5 g5g2 d7f6 a8b6 h5h2 g2h2 f8e8 g1e2 a6a5 e2d4 g8h6 d4c6 h6f7 b6d5 f7g5
184,W,material_adjudication_moderate,138,1.737927,920,2026-09-11 15:19:44,e2e3 g7g6 a2a3 e7e5 h2h3 d7d5 g2g3 f8d6 b2b3 d8f6 d2d3 d5d4 a3a4 d6e7 f2f3 g6g5 g3g4 c7c6 e3e4 b7b6 h3h4 e8f8 h4g5 f6g6 f1e2 c8a6 d1d2 f8e8 h1h3 e7g5 d2g5 g6g5 c1g5 f7f6 e1d1 f6g5 b1d2 a6b7 d2c4 b8a6 a4a5 b6b5 c2c3 d4c3 c4d6 e8e7 a1a3 a6b4 d3d4 e5d4 d6b7 a8b8 b7c5 a7a6 e4e5 h7h5 h3h5 h8h5 g4h5 g8h6 d1c1 h6f5 f3f4 g5f4 g1f3 e7f8 f3g1 f5e7 g1f3 d4d3 c5d3 b4d3 e2d3 b5b4 a3a4 b8d8 d3c4 f8g7 f3h4 e7f5 h4f5 g7f8 f5d6 f4f3 c1d1 f3f2 c4f1 f8g7 d1c1 c3c2 d6b5 c6b5 a4b4 d8f8 f1e2 g7g8 e5e6 g8g7 e2f1 f8d8 c1b2 d8f8 h5h6 g7g8 h6h7 g8h7 b2c2 f8e8 c2c3 e8e6 f1h3 f2f1q h3f1 h7g8 f1d3 e6d6 c3c2 d6d5 b4g4 g8f7 g4h4 d5d3 c2d3 f7e8 h4b4 e8d7 d3e4 d7e8 e4d5 e8d7 d5e5 d7c6 e5d4 c6d6 d4c3 d6c5 b4f4 c5d6
185,D,rule_draw,107,1.756772,925,2026-09-11 15:21:36,h2h4 h7h5 a2a4 b8c6 a4a5 c6d4 c2c3 d4b5 d2d3 a7a6 c1d2 b5d6 d2f4 d6b5 b2b3 g7g5 h4g5 c7c5 h1h5 b5c7 f4c7 h8h5 c7d8 b7b5 a5b6 c8b7 c3c4 a8d8 b3b4 h5g5 f2f4 g5g4 b4c5 g4f4 b1a3 d7d5 g2g4 f4d4 c4d5 f7f6 a3c2 d4g4 e1d2 g4g1 e2e3 d8d5 c2a3 e7e5 a3c2 f8e7 c2b4 a6a5 b4d5 b7d5 c5c6 d5c6 b6b7 c6b7 d1c2 b7g2 f1g2 g1g2 d2c3 g2c2 c3c2 e8f8 a1c1 f8g7 c2d2 a5a4 d2e1 a4a3 e3e4 a3a2 c1a1 e7b4 e1f1 f6f5 a1a2 f5e4 d3e4 g7g6 a2a1 b4c3 a1c1 c3d4 c1b1 g6h7 f1e1 g8f6 b1b7 h7h8 e1e2 f6e4 e2d3 e4g5 b7b4 d4c5 b4c4 c5a3 c4h4 g5h7 d3e4 h8g7 h4h7 g7h7 e4e5
186,W,value_resign,29,1.683358,930,2026-09-11 15:22:19,e2e3 c7c5 b2b3 f7f5 f2f4 h7h6 g1h3 d8a5 e3e4 d7d6 a2a4 c8e6 e4f5 e6d5 c1b2 a5b6 d1h5 e8d7 h3g5 h6g5 h5h8 g5g4 a4a5 b6b5 f1b5 b8c6 c2c4 a8b8 b1a3
187,W,value_resign,111,1.723164,935,2026-09-11 15:24:16,d2d3 d7d5 c2c3 e8d7 g1f3 g7g5 f3e5 d7e6 e5d7 e6d7 e2e3 f7f6 b2b4 c7c6 d1g4 d7c7 g4d1 c8f5 f1e2 b8a6 e1d2 c7d7 a2a3 f8h6 h2h4 d8c8 h4g5 h6g5 d3d4 g5f4 g2g3 h7h5 g3f4 e7e6 e2h5 h8h5 h1h5 b7b5 h5f5 e6f5 f2f3 g8e7 d1e2 c8c7 a1a2 c7d6 a2b2 a8h8 e2f1 a6c7 f1e2 c7a8 e2d1 a7a5 b4a5 h8h2 d1e2 h2e2 d2e2 b5b4 c3b4 c6c5 d4c5 d6e6 e2d2 d5d4 e3d4 d7c7 b1c3 c7d8 d4d5 e7d5 c3d5 e6d5 d2e3 d5e6 e3d2 e6d7 d2e1 d7e6 e1d1 e6d7 c1d2 d7d4 d1c2 d4f2 b4b5 f2f3 a5a6 a8c7 a6a7 f3a3 b5b6 a3c5 c2b1 c5g1 d2c1 d8d7 b6c7 g1g3 c7c8q d7c8 a7a8q c8c7 a8h8 g3g7 h8g7 c7d6 b2b7 d6c6 g7h7
188,B,checkmate,72,1.738986,940,2026-09-11 15:24:31,e2e4 c7c5 b2b3 h7h5 c2c4 a7a6 e4e5 h8h6 d2d3 g7g5 a2a3 b7b5 c4b5 d8a5 b1c3 a5c3 c1d2 a6b5 d2c3 f7f6 c3b2 d7d6 d1g4 h5g4 d3d4 f8g7 g2g3 h6h2 e5f6 h2h1 f6g7 c5d4 f1g2 h1g1 e1e2 b5b4 g2a8 g1a1 b2a1 b8a6 a1d4 b4a3 e2d3 c8d7 a8g2 a6c5 d4c5 d6c5 g2d5 a3a2 f2f4 d7f5 d3c3 f5d7 d5g8 a2a1q c3d2 d7e6 g8e6 a1g7 d2e3 g7f8 e6d5 e7e5 f4g5 e8e7 d5c4 e5e4 e3e4 e7d6 c4d3 f8f3
189,W,cap_draw,150,1.690353,945,2026-09-11 15:26:24,e2e3 a7a5 e1e2 g8h6 g1f3 b7b5 a2a3 g7g5 g2g3 b8a6 c2c3 d7d5 a3a4 d8d7 a4b5 g5g4 d2d4 e7e6 b5a6 g4f3 e2f3 f8e7 f3g2 h6g4 d1g4 h7h5 g4f3 e8f8 f3e2 a5a4 e2d1 a4a3 h1g1 a3b2 c1b2 f7f5 g3g4 a8b8 h2h4 h5g4 f2f4 g4g3 d1a4 b8b2 f1e2 b2e2 g2f1 e2f2 f1e1 h8h4 g1g3 h4h2 a4d7 c8d7 a6a7 d7c6 b1d2 f8f7 a7a8q c6a8 d2f3 f2f3 g3f3 a8b7 a1c1 c7c5 f3f1 c5c4 f1f3 b7c6 f3f2 h2h7 f2f3 c6a4 c1a1 a4c6 a1a5 f7g8 a5a7 h7h6 a7a6 c6e8 a6a1 h6h5 a1c1 g8f8 e1f2 e7d6 f3g3 e8f7 c1d1 h5h8 d1c1 d6e7 f2e1 h8h4 e1e2 h4h5 e2d2 e7f6 c1b1 f8e7 b1c1 e7f8 g3g1 f8e7 c1a1 e7d6 g1b1 f7g6 a1a5 h5h2 d2d1 d6e7 a5a7 e7f8 b1b8 f6d8 b8d8 g6e8 a7c7 h2f2 d1c1 f2e2 d8d6 e2e3 c1d2 e3e4 c7h7 e4f4 d6e6 f4f3 e6f6 f8g8 h7c7 f5f4 d2e1 e8a4 e1e2 f3h3 f6f4 h3c3 e2d2 c3d3 d2c1 d3d4 f4d4 a4b3 c1b2 b3a2
190,B,material_adjudication,69,1.775116,950,2026-09-11 15:28:30,d2d3 h7h6 c2c3 f7f6 a2a4 a7a5 b2b4 e7e5 d1b3 c7c5 b4a5 c5c4 b3c4 e8e7 c1a3 e7e8 c4e4 d7d5 f2f4 d5e4 c3c4 e5f4 g2g4 a8a7 f1g2 g7g6 e1d1 h8h7 d1c1 f6f5 g2e4 b7b6 a5b6 a7a6 g4f5 a6b6 f5g6 h7g7 c4c5 b6e6 g1h3 f8e7 h1d1 g8f6 e4f5 f4f3 f5e6 c8e6 h3f4 e6d7 c1b2 f3e2 f4h3 e2d1q d3d4 d7f5 b1c3 f6e4 c3d1 e8f8 h3f2 b8d7 f2e4 f5e4 a1b1 d7f6 c5c6 d8c8 a4a5
191,B,material_adjudication,66,1.764407,955,2026-09-11 15:29:42,h2h3 e7e5 c2c3 g7g5 e2e4 d7d5 e4d5 e8e7 b1a3 f8h6 f1d3 c8d7 d5d6 e7d6 a1b1 e5e4 g2g4 e4d3 f2f3 d6e7 a3c4 d7c8 b2b3 g8f6 a2a4 h6g7 f3f4 d8d5 f4g5 h8g8 g5f6 g7f6 g4g5 g8g5 d1f3 d5d7 g1e2 d3e2 h1g1 g5g1 e1e2 g1g6 d2d4 c7c6 e2d2 d7d8 c4e5 f6e5 d4d5 a7a5 b3b4 c8d7 f3f2 e5g7 f2f3 d8f8 h3h4 h7h5 f3h5 a5b4 d5c6 b4c3 d2d1 e7e8 c6d7 e8d8
192,B,material_adjudication,66,1.704999,960,2026-09-11 15:31:08,d2d3 b8a6 d3d4 g7g5 f2f3 b7b6 g1h3 c8b7 b2b4 c7c5 d4c5 e7e5 c1d2 h7h5 d2g5 d8c8 a2a4 f8c5 b4c5 a6c5 a1a3 a7a5 a3a1 f7f5 h3g1 h8h7 e1d2 h7g7 g1h3 g8e7 g5e7 g7e7 c2c3 e7e6 h3g5 e6f6 b1a3 c5a4 d1a4 c8c5 a3c4 e5e4 a4b3 a5a4 a1a4 a8a4 b3a4 b6b5 a4a5 c5c4 g2g3 f6a6 a5c7 c4c7 g5f7 e8f7 d2e1 f7f8 e1d1 a6g6 d1e1 e4e3 e1d1 g6g8 f3f4 g8g6
193,W,material_adjudication_moderate,90,1.711933,965,2026-09-11 15:33:21,h2h3 e7e5 b1c3 f8d6 c3d5 g8h6 c2c3 h6f5 d5b4 a7a6 f2f4 a6a5 a1b1 e5f4 b4d3 d6a3 d3b4 a5b4 g1f3 h7h5 h1h2 d7d5 e2e4 b8a6 e4f5 b4c3 b2a3 g7g5 f5g6 a8b8 d2d3 h8g8 b1b5 c8d7 d3d4 d7b5 f1b5 c7c6 b5a6 g8g6 f3e5 c3c2 d1c2 d8c7 e5g6 f7g6 a6b7 c7b7 c2d2 g6g5 h3h4 g5h4 h2h3 b8a8 h3h4 b7e7 d2e2 f4f3 g2f3 e7e2 e1e2 e8d7 c1f4 a8a7 e2d2 a7a5 f4h2 a5a3 h4h5 a3a2 d2d1 a2g2 h5h4 g2h2 h4h2 c6c5 d4c5 d7c6 f3f4 c6c5 f4f5 c5d4 h2g2 d4e5 g2e2 e5f5 e2h2 f5e6 d1c1 d5d4
194,B,checkmate,50,1.700742,970,2026-09-11 15:33:36,c2c3 g7g5 d2d3 c7c5 c1d2 d8b6 d1c1 b6d6 f2f4 h7h5 c1d1 d6b6 g2g4 g5f4 g1f3 e8d8 f3g5 h5g4 g5f7 d8e8 f7h8 b6b5 d2f4 b5b2 f4b8 b7b6 h1g1 c8b7 b8a7 b2a1 d1c1 a8a7 c3c4 a1d4 f1g2 d4g1 g2f1 g1h2 e2e3 b7h1 b1a3 d7d5 c4d5 a7a6 c1c4 a6a3 d5d6 a3a2 f1e2 h2e2
195,W,material_adjudication_moderate,108,1.723395,975,2026-09-11 15:34:20,g1f3 h7h5 b1a3 c7c5 h2h4 f7f6 a3c4 g7g5 g2g3 d7d5 c4a5 g5g4 c2c4 c8d7 f3e5 f6e5 b2b3 f8g7 c1b2 e8f7 a5b7 d7c8 b7d8 f7g6 e2e4 d5c4 d8c6 b8c6 b2c1 c8b7 f1c4 c6a5 a2a3 a5c4 b3c4 b7e4 e1g1 e4f3 d1e1 e5e4 a1a2 g8f6 a2a1 h8g8 a1a2 g6h6 a3a4 g7f8 d2d4 h6g7 c1e3 c5d4 e3d4 a8e8 e1c3 f3e2 a2e2 a7a5 c3e1 g8h8 e2e3 h8h6 d4e5 h6g6 g1g2 g6h6 e1e2 g7h7 e5f6 h6f6 f1c1 f6h6 c4c5 e8d8 e3e4 d8d5 c1c4 e7e5 c4c1 f8c5 e2b5 c5e7 b5c6 h6c6 c1c6 d5d6 e4c4 d6c6 c4c6 h7h8 c6e6 e7f6 e6f6 h8g7 f6f5 g7g6 f5e5 g6f6 e5h5 f6g6 h5g5 g6h6 g2h2 h6h7 h2h1 h7h6 g5d5 h6g6
196,W,material_adjudication_moderate,76,1.697671,980,2026-09-11 15:35:02,e2e4 f7f6 e4e5 b8a6 c2c3 a6c5 f2f4 a7a6 f4f5 a8a7 e5f6 e7e5 h2h3 g8f6 d2d3 f8d6 d1h5 f6h5 c1g5 d8f6 g5f6 g7f6 g1f3 h5g3 f3d4 b7b6 d4c6 e8f7 h1g1 h7h6 c6a7 g3f5 a7c8 f7f8 g2g4 e5e4 d3e4 f5e3 e1f2 e3c2 c8d6 c2a1 d6f5 a1c2 b2b4 h6h5 b4c5 h5g4 f1g2 g4h3 g2f3 h3h2 g1h1 f8f7 c5b6 c7b6 c3c4 c2e1 b1d2 h8h6 f2e1 h6g6 a2a3 g6g1 e1e2 d7d6 c4c5 d6c5 f5h6 f7g7 h1h2 g7f8 h2h1 g1g3 e2d1 a6a5
197,B,checkmate,16,1.703636,985,2026-09-11 15:35:03,a2a3 a7a5 a3a4 h7h6 h2h3 c7c5 b1c3 c5c4 c3d5 c4c3 d5e7 f8e7 f2f4 e7h4 g2g3 h4g3
198,W,value_resign,71,1.733737,990,2026-09-11 15:35:17,f2f4 b8a6 c2c4 h7h5 g2g4 a8b8 a2a4 a6b4 g1h3 g7g6 g4h5 f8h6 h5g6 f7g6 e1f2 b7b5 a4b5 d7d5 a1a7 h6g7 a7a5 h8h5 a5a3 c8h3 a3h3 h5h4 h3h4 g7h8 f2e3 d5c4 f1h3 c7c5 b5c6 g6g5 f4g5 d8c8 d2d4 e8f7 h1f1 g8f6 f1f6 e7f6 d1d2 f6g5 h4h5 b4d3 d2c3 d3e5 h5h6 g5g4 h3g4 e5g4 e3d2 g4h6 c3c4 f7f8 h2h4 h8d4 c4d4 b8b4 d4b4 f8f7 d2e1 h6g4 b4c5 c8b8 c1e3 g4f2 e1f2 b8h2 f2f1
199,W,value_resign,57,1.771121,995,2026-09-11 15:35:59,e2e3 a7a5 g1f3 h7h5 a2a3 h5h4 f1d3 c7c5 d3b5 f7f5 c2c3 a8a7 e1e2 g7g5 d2d4 g5g4 f3e5 a7a8 b5a6 a8a6 b2b4 b7b6 b4b5 c8b7 b5a6 b7e4 f2f3 c5d4 d1d2 e4d5 e3d4 h4h3 e5g6 f8g7 a6a7 d5c4 e2f2 h3g2 f2g2 g7f6 a7a8q b8c6 a8b7 d8c8 b7c8 e8f7 c8b7 f7e8 d2d1 c6d4 h1g1 b6b5 c1b2 e8f7 a3a4 b5a4 a1a3
200,B,material_adjudication,93,1.694041,1000,2026-09-11 15:36:55,g1f3 e7e6 c2c3 g8f6 b1a3 e8e7 e2e4 d7d5 e1e2 d5e4 c3c4 d8d7 f3e5 a7a6 e5d7 b8d7 g2g4 e7d6 g4g5 a6a5 g5f6 c7c6 a3b1 h7h5 b1a3 d6c7 d2d4 g7f6 c1e3 h8h6 d4d5 e6d5 c4d5 c6d5 f1h3 f6f5 f2f4 h6f6 e2f1 d7b8 d1d5 c8e6 d5e5 f8d6 e5f6 d6f8 b2b3 e6b3 e3f2 b3a2 h1g1 b8d7 f6f7 a2f7 h3g2 d7f6 a1d1 f8a3 f2h4 f7c4 f1e1 a8f8 h4f6 f8f6 g2f1 c4e6 f1e2 f6h6 d1d4 a3b4 e1f2 b4a3 g1c1 a3c1 e2d3 c1e3 f2e3 e4d3 e3d3 h6g6 d4a4 g6g8 a4a5 g8b8 d3c3 b7b5 a5b5 b8b5 c3d3 c7b8 d3e3 e6g8 e3d4
201,W,material_adjudication,88,1.616850,1005,2026-09-11 15:38:38,g1f3 a7a5 c2c3 g8h6 d1b3 a5a4 b3c4 g7g6 e2e4 d7d6 d2d3 c8e6 c4b4 c7c6 b4b7 b8d7 d3d4 e6g4 c1h6 a8c8 f1e2 g4f3 e2f3 f7f6 h6f8 d8a5 d4d5 c8b8 b7c6 a5a6 e4e5 a6c6 d5c6 f6e5 e1e2 e8f8 c6d7 f8g7 f3e4 d6d5 h1f1 d5e4 g2g4 g7f8 b1d2 g6g5 h2h4 g5h4 d2e4 f8g7 f1c1 h8f8 c1d1 b8d8 e4g3 h4g3 f2g3 h7h5 g4h5 f8f6 g3g4 d8d7 g4g5 f6d6 c3c4 d6d1 a1d1 d7d1 e2d1 a4a3 b2a3 e5e4 c4c5 e4e3 h5h6 g7g6 c5c6 g6h7 d1e2 e7e5 c6c7 h7g6 c7c8q g6f7 c8c3 f7e7 c3c2 e7f7
202,W,material_adjudication_moderate,78,1.770702,1010,2026-09-11 15:38:52,e2e4 b8a6 d2d4 g8f6 d1f3 e7e5 e1d1 e5d4 h2h3 f8d6 d1e2 d8e7 c1g5 h8f8 g5f6 e7f6 e2d3 b7b6 c2c4 c7c5 b2b3 d6g3 f2g3 g7g6 f3f6 c8b7 g1e2 b6b5 f6d4 c5d4 e2d4 f7f5 e4e5 b5b4 b1d2 a6c5 d3e2 a7a5 a1d1 d7d6 d4b5 a8c8 b5d6 e8e7 h1g1 f8d8 d6b7 c5b7 c4c5 e7e8 d2c4 d8d1 e2d1 h7h6 f1e2 e8d8 a2a3 b4a3 g1e1 a3a2 d1d2 a2a1q e1a1 d8c7 a1f1 c8d8 d2c1 a5a4 b3b4 a4a3 f1g1 a3a2 c1b2 d8g8 e2f1 g8d8 e5e6 f5f4
203,W,material_adjudication,128,1.692291,1015,2026-09-11 15:39:46,d2d3 d7d5 b1a3 a7a5 g2g4 g7g5 a1b1 e8d7 h2h3 a5a4 d1d2 c7c6 e2e3 h7h5 e3e4 f8g7 h3h4 d5e4 h4g5 e4d3 c2d3 b8a6 g1f3 a6c7 h1h5 h8h5 g4h5 b7b6 h5h6 g7d4 f3d4 g8h6 g5h6 e7e5 d4f3 f7f6 f1h3 d7d6 d3d4 e5d4 f3d4 c8h3 b2b4 d6e7 a3c2 d8d7 f2f3 c6c5 e1d1 c5d4 c2d4 a4a3 h6h7 a8h8 f3f4 c7b5 d4b5 d7b5 f4f5 b5d7 c1a3 d7d2 d1d2 b6b5 b1b3 h8h7 b3b2 h7h5 b2b1 e7d7 b1h1 h5h8 h1h3 h8h3 a3b2 d7c6 b2f6 h3f3 f6g7 f3f5 a2a3 c6b7 d2e3 b7a8 e3e4 f5f7 g7h8 f7d7 h8e5 d7b7 e4e3 b7b8 e5d4 b8b7 e3f4 b7d7 f4e5 d7d4 e5d4 a8b8 d4c5 b8a8 c5b5 a8a7 b5a5 a7a8 a3a4 a8b8 b4b5 b8a7 b5b6 a7b7 a5b5 b7b8 b5a6 b8a8 a4a5 a8b8 b6b7 b8c7 a6a7 c7d7 b7b8q d7e7 a5a6 e7d7 b8b7 d7d6
204,B,material_adjudication,71,1.683717,1020,2026-09-11 15:41:29,a2a4 d7d6 g2g4 e8d7 d2d4 h7h5 e1d2 d6d5 g4h5 h8h5 f1g2 a7a6 a4a5 e7e6 g1f3 h5h8 h2h4 f7f6 e2e4 f8a3 a1a3 g7g5 f3g1 g5h4 d1f3 d5e4 f3h3 f6f5 d4d5 g8f6 a3b3 e6d5 c2c3 d7e7 g2f1 c7c5 f2f3 d8d6 f1e2 c8e6 b3b6 b8c6 h3f1 a8b8 b6b3 h4h3 d2e1 f6h7 c1f4 d6f4 f3e4 f4g3 f1f2 g3f2 e1f2 f5e4 h1h3 e6h3 g1h3 h8d8 h3g5 h7g5 e2d3 c5c4 d3c4 d5c4 b3b6 g5e6 f2g3 e7f8 g3g4
205,W,material_adjudication,66,1.712995,1025,2026-09-11 15:42:22,d2d3 b7b6 a2a3 f7f6 e2e3 e7e6 e1e2 b6b5 c2c4 d7d5 g2g3 a7a6 b2b3 b5b4 d3d4 g8e7 c4d5 e7d5 e3e4 b8d7 e4d5 e6d5 h2h4 g7g5 h4g5 f8c5 d4c5 h7h6 h1h4 f6g5 h4g4 d7f6 f2f3 c8g4 f3g4 a8b8 a3b4 f6g4 a1a5 d8e7 e2d2 e7e6 d2c3 b8b7 a5a6 d5d4 d1d4 e6f5 b1d2 f5f1 d2f1 b7b5 a6a2 g4f6 c1b2 h8h7 b2c1 b5a5 a2a5 f6d5 c3d2 h7e7 a5a7 e7e6 c1b2 e8d8
206,B,material_adjudication_moderate,80,1.664136,1030,2026-09-11 15:43:42,e2e4 b8a6 d1h5 c7c6 h2h3 d8b6 b2b3 a6c7 c1b2 c7e6 g2g4 e6c5 c2c4 e7e6 f2f4 g8f6 h5h4 g7g6 e4e5 b6d8 e5f6 h7h5 b2d4 d7d6 f1e2 d8a5 d4c5 h5g4 c5b4 a5f5 h3g4 h8h4 g4f5 h4h1 e1f1 g6f5 e2f3 h1h8 g1e2 a7a5 b4c3 a8b8 b1a3 h8h2 c3a5 b7b6 a5c3 c6c5 a1e1 h2h3 a3b5 h3f3 f1g2 c8b7 e1f1 f3f4 g2g1 f4e4 f1e1 b8c8 g1f1 f5f4 e2g1 e4e1 f1e1 b7e4 e1e2 d6d5 g1f3 e4f3 e2f3 d5c4 f3e2 c4b3 a2b3 e6e5 e2f1 f8h6 b5d6 e8d8
207,B,value_resign,42,1.691446,1035,2026-09-11 15:43:43,e2e4 b8c6 d1h5 g8f6 h5h4 f6g4 f2f4 c6a5 f1d3 c7c6 h4g5 d7d6 h2h3 d8b6 b2b3 g4f6 c2c4 b6b4 e4e5 h8g8 e5d6 h7h6 g5c5 b4c5 g1f3 c5d6 d3e4 d6d8 e4c2 e7e6 f3e5 d8d4 c1b2 d4b2 g2g4 e8e7 b3b4 f6d5 b4a5 b2a1 e1f2 d5e3
208,W,value_resign,29,1.755427,1040,2026-09-11 15:43:56,h2h4 b7b6 b2b3 h7h5 c1b2 f7f5 b3b4 e8f7 b1a3 g8f6 e2e3 c7c6 f1d3 c8a6 d3f5 d8c8 f2f4 f6g8 c2c4 d7d5 f5c8 g8h6 g1h3 a6c4 c8b7 h6g4 d1c1 g4f6 e3e4
209,B,material_adjudication,66,1.683609,1045,2026-09-11 15:45:28,a2a4 g7g6 e2e4 d7d5 c2c3 a7a6 d2d3 e8d7 d1g4 e7e6 e4d5 a6a5 a1a2 b7b6 g4c4 e6d5 c4b5 c7c6 b5b6 d8b6 g1f3 d5d4 c3d4 d7e7 g2g4 b6b7 g4g5 e7e8 f3d2 c8h3 f1h3 b7e7 d2e4 b8d7 b1d2 c6c5 d4c5 f7f5 g5f6 g8f6 c5c6 g6g5 a2a1 f6e4 d3e4 d7b6 b2b3 e7f6 e4e5 f6e5 e1d1 e5a1 d1e2 a8d8 c6c7 f8d6 c7d8q e8d8 c1a3 a1a3 f2f4 a3b2 h1f1 g5f4 f1f3 h7h6
210,W,checkmate,13,1.672348,1050,2026-09-11 15:48:22,e2e4 b8c6 g1f3 h7h5 f1d3 c6b8 e4e5 c7c5 h2h4 f7f5 b2b4 f5f4 d3g6
211,W,material_adjudication,66,1.698371,1055,2026-09-11 15:50:31,e2e3 g7g6 f1d3 c7c5 d3e2 b7b6 b2b4 b8c6 b4c5 e7e5 a2a4 a8b8 c1a3 d8c7 a3b2 g6g5 h2h3 f8e7 g2g3 e7f6 h3h4 g5h4 e2d3 c6e7 e3e4 e7d5 g1e2 f6e7 g3h4 c7d8 h1h3 e7h4 e4d5 b6c5 b2e5 b8b4 e5h8 d8g5 e1f1 h7h5 c2c4 h4f2 f1f2 b4c4 a1a3 c8b7 d3c4 b7a6 d2d4 e8d8 b1c3 a6c4 d5d6 a7a5 a3a1 g5d2 d1d2 h5h4 c3d1 d8e8 d2e3 e8f8 e3d3 c4d3 d4c5 d3e2
212,B,material_adjudication,66,1.719344,1060,2026-09-11 15:50:32,e2e3 e7e5 e3e4 f8a3 d1h5 d8f6 g2g4 g7g6 h5h4 e8f8 h4f6 g8f6 b2a3 f6e4 e1d1 h7h6 d2d3 e4f2 d1d2 f2h1 g1f3 f7f6 f3e5 f6e5 f1g2 h1f2 c1b2 f2g4 g2d5 d7d6 h2h3 g4f6 d5e4 c7c6 d2c3 f6d5 e4d5 c6d5 b1d2 a7a6 d2f3 c8e6 d3d4 e5e4 f3g5 h6g5 h3h4 b7b6 h4g5 h8h5 a3a4 h5h2 a1b1 e6h3 b2a3 a6a5 b1c1 b8c6 c1b1 a8d8 b1c1 f8e7 c1b1 e4e3 b1c1 e7e8
213,W,material_adjudication,66,1.652719,1065,2026-09-11 15:50:47,d2d3 e7e5 f2f3 e8e7 b2b3 h7h6 a2a4 c7c5 h2h4 g7g5 e2e4 e7e6 g2g4 a7a5 e1d2 f7f6 d1e2 d8b6 d2d1 b6a7 h4g5 h6h5 g4h5 f6g5 h1h2 f8d6 b1a3 c5c4 a3c4 g5g4 c4d6 e6d6 c1b2 a7g1 h2g2 g1h1 g2g4 d6e6 d3d4 h8h5 g4g8 e6f7 g8g3 e5d4 c2c3 d4c3 b2c3 h1h4 g3g4 h4g4 f3g4 h5c5 c3d4 f7e8 d4c5 d7d6 c5d4 d6d5 d1d2 c8g4 e2f2 d5e4 d4h8 g4d7 f2e3 d7e6
214,W,material_adjudication,104,1.680571,1070,2026-09-11 15:53:17,g1f3 c7c5 c2c4 f7f6 h2h4 a7a5 f3g1 d8b6 d1c2 h7h5 a2a4 g7g5 a1a2 a8a7 h4g5 f6g5 g2g3 b6d8 f2f3 g5g4 b2b3 f8h6 c2b2 a7a8 f1g2 g8f6 a2a3 d7d5 g2h3 e8f7 f3g4 h5g4 c4d5 g4h3 h1h3 c8h3 g1h3 f7g7 b1c3 f6h5 c3e4 g7g6 e4c5 b7b6 g3g4 b6c5 d2d4 h5g3 c1h6 g6h6 e2e3 h6g7 d5d6 h8h3 d6e7 d8e7 d4c5 g7f8 g4g5 a8a6 a3a1 e7h7 a1c1 a6a8 b2e5 b8d7 e5d5 a8d8 c5c6 d7b6 d5d8 f8g7 d8b6 h7h5 b6b7 g7g6 e1d2 g6g5 b7c7 h5g6 d2c3 g6c6 c7c6 g3f5 c3c2 h3e3 c6b5 g5g4 c1d1 g4g3 d1d2 g3h4 c2b1 h4g5 b1b2 g5g4 b5b6 e3b3 b2b3 f5h4 b6c6 g4g3 c6b5 h4f3
215,W,material_adjudication_moderate,76,1.696891,1075,2026-09-11 15:54:04,b2b4 a7a5 d2d4 c7c6 g2g3 g8f6 e1d2 e7e5 f2f3 f8d6 d4e5 f6e4 d2e1 a5b4 e5d6 e4d6 d1d6 d8f6 d6b4 h7h5 e2e4 f6h6 e1d1 d7d5 f1a6 b7b5 e4d5 c8a6 b4d2 e8d8 a2a4 b5a4 c1a3 g7g5 b1c3 g5g4 g1e2 g4f3 e2d4 h6d2 d1d2 a6c4 d4f3 c6d5 h2h3 h8h6 a3b2 a4a3 b2a3 a8a3 a1a3 d8e7 d2d1 b8c6 h1g1 c6d4 f3d4 e7d7 a3a2 c4a2 c3a2 h6d6 d1e2 h5h4 c2c3 f7f5 g1d1 h4g3 e2f1 g3g2 f1g2 d6g6 g2h1 f5f4 d4f3 g6e6
216,W,material_adjudication,68,1.724817,1080,2026-09-11 15:55:40,e2e4 f7f6 b1c3 c7c5 g1e2 e7e5 a2a4 b8a6 a1b1 g8e7 g2g4 a6c7 f2f3 g7g5 e1f2 f8g7 f1g2 f6f5 c3a2 f5g4 a2c3 h8g8 h2h3 g7h6 h3g4 a7a6 f2e1 e7c6 f3f4 g5f4 h1h6 f4f3 g2f3 d7d6 d2d4 e5d4 g4g5 c8e6 h6h7 g8f8 f3h5 f8f7 h5f7 e8e7 d1d3 d8c8 e1d1 c6e5 d3d2 d4c3 d2c3 e5f3 c1d2 e6f7 e2c1 f3d4 d2e3 c8e6 e3d4 c5d4 c3d2 e6a2 c1a2 b7b5 d2f4 b5a4 c2c4 d4c3
217,B,material_adjudication_moderate,76,1.736426,1085,2026-09-11 15:56:27,d2d4 g7g5 g1h3 g8f6 f2f3 a7a5 h3g1 a8a7 c1e3 f6d5 h2h4 b8c6 a2a3 d5e3 b1d2 f7f6 f3f4 f8g7 a1b1 e3f1 h4g5 h8f8 g5g6 f6f5 g1f3 f1d2 d1d2 d7d6 h1h7 g7f6 d4d5 f6b2 b1b2 e7e6 g6g7 b7b6 d5c6 c8a6 c2c3 f8g8 a3a4 g8g7 h7g7 d8f6 g7g4 f5g4 f3g5 e8e7 g5h7 f6h8 h7g5 d6d5 d2c1 h8e8 f4f5 e6f5 b2b3 a6c4 b3b5 c4b5 a4b5 e8d8 e2e3 f5f4 c3c4 f4e3 c4d5 d8d5 g5f3 g4f3 g2f3 d5d6 c1e3 e7d8 f3f4 a7a8
218,W,material_adjudication,78,1.703864,1090,2026-09-11 15:57:14,g1h3 g8h6 a2a4 c7c5 b1c3 b7b6 e2e4 b8c6 f2f4 e7e6 d1e2 e8e7 g2g3 c8b7 e2d1 c6b4 h1g1 d7d6 c3a2 a8c8 d2d3 f7f5 c1e3 b4a2 a1a2 d8e8 c2c4 e6e5 b2b4 b7e4 b4b5 h6g4 e3d2 g7g6 a2a3 f8g7 f1e2 e7e6 h3g5 e6d7 h2h3 d7c7 d3e4 g4f6 e4f5 a7a6 g5e6 e8e6 f5e6 e5f4 g1f1 a6b5 d2f4 b5b4 a3b3 c8a8 e2f3 h8e8 f4g5 e8e6 e1d2 b6b5 c4b5 a8a4 g5f6 g7f6 d1b1 f6d4 f3e2 c5c4 b3b4 a4b4 b1b4 g6g5 f1f3 e6f6 f3f6 d4f6
219,B,material_adjudication_moderate,105,1.761532,1095,2026-09-11 16:00:15,a2a3 a7a5 e2e3 c7c5 g1f3 e7e5 e1e2 f7f5 c2c3 a8a7 e2e1 d8c7 c3c4 h7h6 b2b3 e5e4 d2d3 b7b5 c4b5 e4f3 d1f3 g7g6 f3f4 c7f4 b5b6 a7b7 e3f4 f8d6 g2g3 g8f6 g3g4 f5g4 a1a2 f6d5 f4f5 g6f5 c1h6 h8h6 a2d2 d5b6 b3b4 e8f8 b4c5 d6c5 d3d4 c5d4 d2d4 d7d5 d4d5 b6d5 e1e2 d5f6 e2d3 f5f4 b1c3 f6e8 a3a4 h6h5 c3d5 e8c7 d5c7 b7c7 f1e2 b8d7 e2g4 h5e5 d3d4 c7c2 h1c1 e5c5 c1c2 c5c2 g4d7 c8d7 d4d3 c2c4 d3c4 f8e8 c4d5 f4f3 h2h4 e8e7 h4h5 d7a4 h5h6 e7f8 h6h7 f8g7 h7h8q g7h8 d5d4 h8h7 d4d3 h7g6 d3d4 g6g7 d4d3 a4e8 d3d4 a5a4 d4c5 g7g6 c5b6 e8d7 b6a5
220,B,material_adjudication,66,1.731294,1100,2026-09-11 16:00:15,a2a3 b7b6 d2d3 b8a6 e2e4 g8f6 g2g4 a8b8 f2f3 a6b4 h2h4 h8g8 b1c3 g7g6 c1d2 f8g7 c3a2 c8b7 d2b4 b8c8 b4d6 f6h5 e4e5 h5g3 d1c1 e8f8 f3f4 h7h6 a3a4 f8e8 e5e6 c7d6 h1h3 d7e6 b2b3 g7a1 c2c3 a7a6 h3g3 a6a5 c1a1 b7a6 a1c1 d8d7 d3d4 a6f1 e1f1 f7f5 d4d5 f5g4 d5e6 d7e6 f1g2 e6b3 c1a3 b3a3 g1f3 g4f3 g2f2 b6b5 a4b5 g6g5 f2f3 g8h8 b5b6 h8f8
221,B,material_adjudication,66,1.707432,1105,2026-09-11 16:00:37,e2e4 f7f6 d1h5 g7g6 h5e2 d7d5 e1d1 d8d7 f2f3 e8f7 g2g4 d5e4 b2b3 e4f3 g1f3 d7g4 f1h3 g4h5 e2b5 h5b5 d2d4 f8g7 c1g5 f7e8 b1d2 c7c6 a2a4 b7b6 a4b5 c8h3 a1a4 h3d7 d2e4 c6b5 g5f4 b5a4 e4f6 g8f6 b3a4 h7h6 h2h3 b8a6 c2c3 d7a4 d1c1 a6b4 h1h2 a4d7 f4e3 b4d5 c1b2 h8f8 e3f2 f6h5 f3h4 h5f6 c3c4 d7c8 c4d5 b6b5 d5d6 e8d7 d6e7 f8e8 d4d5 c8a6
222,W,material_adjudication_moderate,76,1.748899,1110,2026-09-11 16:01:38,e2e4 b8a6 d2d3 e7e5 g1f3 f7f6 f3d2 c7c5 h2h4 f8d6 g2g4 g7g5 f1h3 a6c7 a2a3 g8e7 f2f4 e7g6 d1e2 g6f4 e2d1 f4h3 h1h3 d8e7 c2c3 h7h5 b2b4 g5h4 d2f3 e7f7 b4c5 d6c5 h3h4 e8f8 d3d4 d7d5 e1e2 a7a6 d4c5 h5g4 e4d5 h8h4 f3h4 f7d5 d1d5 c7d5 c3c4 d5e7 e2f2 c8d7 c1b2 a8d8 a3a4 e5e4 b2f6 e7c6 f6d8 c6d8 c5c6 d8c6 h4g2 b7b6 f2e3 a6a5 b1d2 f8e7 d2e4 c6b4 e4g3 e7d8 e3f4 d7e6 a1d1 e6d7 d1d2 b4a6
223,B,material_adjudication_moderate,82,1.704381,1115,2026-09-11 16:02:16,e2e4 e7e5 b2b4 d8h4 d1h5 h4h5 d2d4 f8b4 c2c3 h5g6 f2f3 e8d8 c1h6 c7c6 a2a3 d8e8 c3b4 g6h6 h2h4 g7g6 h1h3 e8f8 g2g4 b7b6 b1d2 f8e7 f3f4 e5d4 h4h5 c6c5 h5g6 f7g6 h3h6 g8h6 g4g5 c8b7 g5h6 b8c6 b4c5 b6c5 d2c4 e7f8 f4f5 g6f5 e4f5 c6d8 f1e2 b7d5 c4e5 d5e6 e1f2 e6f5 e2f1 f8e8 e5f3 e8f7 f3d4 c5d4 g1f3 d4d3 a1b1 f5e4 f1d3 e4d3 f3e5 f7e6 e5d3 e6f5 b1b3 a8c8 f2g3 d7d6 d3c1 c8a8 a3a4 f5e4 b3b4 e4e3 g3g2 a7a5 b4b3 e3d2
224,B,material_adjudication_moderate,76,1.689547,1120,2026-09-11 16:03:22,e2e4 b8c6 a2a4 g7g5 f1d3 b7b6 c2c3 c6d4 g1f3 c8b7 f3e5 a7a5 b1a3 d4e6 a3c4 a8c8 c4e3 b7a8 e5d7 c7c6 d1f3 g8f6 e1f1 g5g4 e3d1 g4f3 d7b6 f8g7 b6c8 d8c8 g2f3 e8g8 d3c4 h7h5 h1g1 c8d7 f3f4 a8b7 h2h4 e6f4 g1g5 f6e4 g5g3 e4g3 f2g3 g7d4 c3d4 f4d5 c4d5 c6d5 f1g1 d7e6 b2b3 f7f5 a1a2 b7c6 c1b2 f8e8 d1e3 e8f8 g1h2 g8f7 a2a1 f5f4 g3f4 e6e4 e3f1 e4f4 h2g1 f4f3 d2d3 f3g4 g1f2 g4e6 f1d2 f8d8
225,W,checkmate,59,1.728754,1125,2026-09-11 16:06:40,h2h4 e7e5 c2c4 h7h5 d1b3 b7b5 c4b5 a7a5 b5a6 c8a6 b3b6 e8e7 b6e3 e5e4 h1h3 g7g6 b2b3 h8h7 h3g3 d8e8 g1h3 f8h6 h3g5 c7c5 g3h3 e7d8 g5h7 h6e3 f2e3 f7f6 b1a3 d7d5 c1b2 e8e7 a1c1 a6c8 g2g3 c8h3 f1h3 g6g5 h4g5 f6g5 h3f5 e7d6 a3b5 d6g3 e1f1 h5h4 c1c5 g8e7 b2f6 b8d7 c5d5 h4h3 d5d7 d8e8 d7e7 e8d8 e7e5
226,W,material_adjudication,80,1.700627,1130,2026-09-11 16:09:56,a2a3 g8f6 h2h4 b8a6 g2g4 g7g5 d2d3 f8g7 e2e3 c7c6 a3a4 e7e5 a1a2 a6c5 b2b4 c5e6 h1h3 d8c7 d1e2 a8b8 d3d4 a7a6 a2b2 d7d5 c2c4 c7e7 d4e5 f6e4 h4g5 d5c4 e2c4 a6a5 b4a5 g7e5 c4e4 e5b2 c1b2 h8g8 e4c2 g8g6 h3h7 e7g5 g1h3 g5g4 e3e4 g4h5 h7h5 e6c5 h5h7 c5e4 b2f6 e4f6 f1b5 c8h3 h7h3 c6b5 c2b3 b8c8 f2f4 b5a4 b3b2 a4a3 b1a3 f6g4 a3c2 g4f2 e1f2 f7f6 c2b4 e8e7 b2a1 c8c2 f2f1 f6f5 b4c2 e7e8 a1c1 g6g4 h3h2 e8d7
227,B,material_adjudication,75,1.707023,1135,2026-09-11 16:11:01,b2b4 a7a5 d2d4 c7c6 a2a3 d7d6 c1e3 a5b4 g2g4 e8d7 h2h3 g7g5 a1a2 d8b6 c2c4 f7f6 a2b2 h7h5 a3b4 d6d5 g4h5 h8h5 d1c1 b6d8 c4d5 h5h8 e1d1 c6d5 h3h4 e7e5 h4h5 e5d4 e3d4 g5g4 d4c5 d5d4 f2f3 d7e8 d1c2 g4f3 e2f3 f6f5 b4b5 f8c5 f1d3 d8d7 d3e2 g8f6 c1d2 f6h5 h1h4 f5f4 d2b4 c5b4 e2d3 b8c6 b5c6 d7c6 c2d1 b4a5 d3e4 c8d7 e4c6 d7c6 b2b6 d4d3 h4h5 h8h5 b6c6 b7c6 b1a3 h5h6 a3c4 a5c7 d1d2
228,D,cap_draw,150,1.730954,1140,2026-09-11 16:11:35,g1f3 h7h5 f3e5 b7b5 e5d3 c7c6 c2c3 g7g6 f2f3 h8h6 d1c2 g8f6 c3c4 b8a6 c2c3 f6e4 e1d1 e4c3 b2c3 b5b4 c3b4 d7d5 g2g4 f7f5 b4b5 e7e5 g4g5 h6h8 d3f2 e8f7 b5a6 e5e4 c4d5 d8g5 d2d4 e4e3 c1e3 g5e3 a2a4 c8e6 d5e6 f7g8 b1c3 a8d8 d1c2 e3d4 e2e3 d4e3 e6e7 f8e7 f2d1 e3f3 d1f2 f3h1 f2h1 g8g7 c3e2 c6c5 h1g3 f5f4 e2f4 h5h4 f4e6 g7h6 e6d8 h8d8 g3e4 g6g5 f1d3 c5c4 d3c4 g5g4 c4d3 g4g3 h2g3 h4g3 e4g3 d8d4 a1d1 e7b4 g3e4 h6g7 e4f6 g7f6 c2b3 f6g7 d1g1 g7h6 g1h1 h6g7 h1g1 g7h6 g1h1 h6g7 h1g1 g7h8 g1g3 b4d6 g3e3 h8g8 b3c3 d4a4 c3b3 a4b4 b3a3 g8f8 e3h3 b4d4 a3a2 d6e7 h3g3 d4d5 d3c4 d5g5 g3g5 e7g5 a2b3 g5e3 b3a2 e3d4 a2b3 f8e7 c4d3 e7e6 b3c4 e6e5 d3b1 d4b6 c4d3 e5f4 b1a2 f4g3 a2d5 b6c5 d3c4 c5d6 c4b5 g3f2 d5c4 d6e5 b5c6 e5d6 c6d6 f2g1 c4b5 g1h2 b5c6 h2h3 d6e7 h3h2
229,W,material_adjudication_moderate,86,1.758096,1145,2026-09-11 16:14:16,d2d3 b7b6 c1f4 d7d6 a2a3 b8a6 g2g4 a8b8 b2b4 f7f6 f4d2 c7c5 e2e3 c5b4 h2h3 b4a3 g1f3 c8d7 d1e2 h7h6 f3h2 f6f5 f2f3 e7e6 g4f5 e6f5 d2c3 e8e7 b1a3 f5f4 e3f4 d7e6 h1g1 g7g6 f4f5 g6f5 c3h8 a6c7 h8b2 b6b5 e1d1 b5b4 a3c4 a7a6 f3f4 c7d5 c4d2 d5f4 e2f3 f4d5 g1g8 e6g8 a1a6 d8c7 f1g2 g8e6 b2d4 e7d7 a6a7 c7a7 d4a7 b8a8 d2e4 a8a7 e4g3 f5f4 g3h5 f8e7 h5f4 d5f4 f3f4 d6d5 g2f1 a7c7 f1e2 c7c8 f4e3 d7c7 e3e6 c8e8 e6e5 c7b7 d1d2 e7c5 e5f4 c5e3
230,B,material_adjudication,66,1.738339,1150,2026-09-11 16:14:48,a2a3 d7d5 g2g4 b7b6 e2e4 f7f6 d2d4 e7e5 e1e2 g8e7 e4d5 d8d5 b1c3 d5h1 f2f3 b8c6 a3a4 a8b8 d4e5 b8b7 e5e6 h1g1 a1b1 g1c5 g4g5 c6d4 e2e1 g7g6 d1d4 c5d4 f3f4 d4d6 c3d5 c7c5 c2c4 f6g5 d5c7 d6c7 b2b4 c8d7 c1e3 e7f5 b4c5 f8c5 e3c5 c7f4 b1b6 f5e3 c5e3 f4f3 b6b7 f3e3 e1d1 d7a4 b7b3 e3g1 d1e2 g1h2 e2e3 a4b3 f1g2 e8g8 e3d3 h2g2 d3e3 g2h2
231,B,material_adjudication,81,1.676953,1155,2026-09-11 16:15:34,b1a3 a7a5 f2f3 b7b5 e2e3 e7e6 a1b1 f8a3 f1b5 a3d6 e3e4 g7g6 b5d7 e8d7 g1e2 g6g5 a2a4 h7h5 e2g3 d6e7 h1f1 a8a6 e4e5 e7b4 b2b3 h5h4 c1b2 c7c5 b1c1 h4h3 f3f4 d8b6 g2h3 c5c4 d1f3 g5f4 f3f4 b4e7 f4c4 a6a7 f1f4 a7b7 f4f7 g8h6 f7g7 h6f5 g3f5 e6f5 h3h4 b6c6 c4c6 b8c6 c2c3 h8h4 g7f7 c6e5 f7g7 d7d6 g7e7 d6e7 b2a3 e7d7 d2d4 e5g6 a3c5 h4h6 e1d1 h6h5 d1c2 h5h3 d4d5 f5f4 c5f2 h3f3 c3c4 f3f2 c2d1 d7d6 c4c5 d6d5 c5c6
232,W,material_adjudication,66,1.724891,1160,2026-09-11 16:18:31,e2e3 e7e5 f1c4 d8e7 e3e4 b8c6 c4d5 g7g5 c2c4 a7a5 b1a3 c6d4 a1b1 f8g7 g1f3 a8b8 f3d4 f7f6 b2b4 d7d6 f2f4 e5d4 b4a5 e7f8 a5a6 c7c6 h2h3 b7b6 d5c6 c8d7 c6d7 e8d7 f4g5 d6d5 g5f6 g7f6 c4d5 f8e7 e4e5 f6e5 e1f2 e5f6 a6a7 b8c8 d2d3 d7e8 b1b6 h7h6 d5d6 e7d6 b6d6 g8e7 a3c4 c8c4 d3c4 d4d3 c1d2 h8f8 d1c1 f6e5 f2e1 h6h5 d2c3 e5c3 e1d1 f8g8
233,W,material_adjudication,92,1.747376,1165,2026-09-11 16:19:23,d2d3 h7h6 b2b3 c7c5 e2e3 e7e5 a2a4 g7g5 d3d4 e5d4 g2g3 d7d5 b1d2 h6h5 f1e2 a7a6 f2f3 d8e7 e3d4 b7b6 g3g4 a6a5 d4c5 b6c5 a1b1 f7f6 g4h5 e8d7 d2c4 h8h5 d1d5 d7c7 d5a8 h5h4 c1d2 c8b7 a8a7 b8c6 a7b6 c7d7 c2c3 c6d4 b6a5 h4h2 f3f4 h2h1 c4b6 d7d6 c3d4 h1g1 e1f2 g1b1 a5c5 d6e6 c5e7 f8e7 f4g5 b1b3 g5f6 e7f6 f2e1 b3b6 d2a5 b6b2 e1d1 b7d5 a5b6 d5b3 d1c1 b2a2 e2d1 b3c2 d1c2 a2c2 c1c2 f6d4 b6d4 e6d5 c2d3 d5d6 a4a5 d6c6 a5a6 c6d7 a6a7 g8h6 a7a8q h6g8 a8g8 d7d6 d4a1 d6e7
234,B,material_adjudication,66,1.695912,1170,2026-09-11 16:19:24,a2a4 d7d6 c2c3 g7g5 a1a2 b7b6 h2h4 d6d5 h4h5 e7e6 c3c4 a7a5 g1h3 f8d6 h1h2 b8a6 g2g4 e8d7 c4d5 g8f6 d5e6 f7e6 e2e3 f6g4 e3e4 g4h2 b1c3 g5g4 d2d3 h7h6 c1g5 d8e8 g5d8 g4g3 b2b3 c8b7 d1g4 b7e4 d3e4 h2g4 f2g3 g4e5 f1a6 e8d8 a6c4 d8b8 e1d1 c7c5 h3f4 h8c8 d1c2 e5f7 c2d1 d7c6 c4e6 d6f4 e6c8 c6c7 g3f4 b8c8 c3b5 c7d8 b5d6 c8d7 a2d2 d7e7
235,W,material_adjudication,72,1.668771,1175,2026-09-11 16:19:55,e2e4 b8a6 f1a6 g8h6 c2c3 h8g8 d2d3 c7c5 h2h4 b7a6 c1f4 a8b8 e4e5 c5c4 f4g3 b8b2 b1a3 g7g5 h4g5 g8g5 a1b1 g5e5 g3e5 a6a5 h1h4 c4d3 d1a4 b2b4 c3b4 e7e6 f2f4 d8h4 e1f1 f7f6 e5c3 c8a6 a4a5 h4h2 c3f6 h6f5 g1f3 f5e3 f1f2 f8e7 f3h2 e8f8 f6c3 a6b7 g2g3 h7h6 a3b5 h6h5 b1b2 h5h4 g3g4 h4h3 f4f5 b7a6 b2b1 a6b5 b1b2 e3c4 f2e1 c4b2 c3b2 e6f5 g4f5 e7d6 b2a3 a7a6 a3c1 f8e8
236,W,material_adjudication_moderate,92,1.727108,1180,2026-09-11 16:21:00,e2e4 c7c5 d2d4 b8a6 g1e2 c5d4 d1d2 d8c7 f2f3 c7c4 e1d1 g8h6 d2d4 a6b4 b1d2 c4d4 e2d4 g7g6 d4b3 e8d8 g2g4 f7f5 a2a4 b7b6 g4f5 g6f5 e4e5 b4a6 c2c3 d7d6 f1a6 c8a6 e5e6 d6d5 b3d4 a6b7 h2h4 h6g8 h1g1 a7a6 g1g3 f5f4 g3h3 a6a5 d1c2 h7h5 b2b3 g8h6 c1b2 d8e8 d4b5 a8c8 h3h2 h8h7 b5a7 d5d4 a7c8 d4c3 b2c3 b7c8 h2h1 c8e6 d2b1 h6g4 f3g4 h5g4 h4h5 e6g8 h1d1 g4g3 c3b2 g3g2 b1c3 e7e6 c3b5 g2g1q d1g1 h7h5 b5c7 e8e7 c7a8 h5h2 c2b1 f4f3 g1f1 e7f7 f1f3 f7e8 f3g3 e6e5 a8b6 f8d6
237,B,material_adjudication_moderate,76,1.758110,1185,2026-09-11 16:22:34,e2e4 c7c5 d1h5 d8b6 e1d1 h7h6 b2b3 b6f6 h5f7 e8f7 e4e5 f6e5 g1e2 e5a1 b3b4 g8f6 b1a3 c5b4 f2f3 b8a6 a3b5 f7e8 a2a3 a1b2 e2d4 b7b6 d1e2 c8b7 c2c4 b2a3 h1g1 b7e4 c1a3 b4a3 f3e4 e7e5 d4e6 f8e7 e6d4 g7g6 g2g4 e5d4 g4g5 f6e4 f1g2 e7b4 g2e4 h6h5 e4a8 d7d5 c4d5 d4d3 e2d3 b4e7 d3e2 e8f7 d2d4 h8a8 e2e3 e7f8 e3e2 f8b4 b5d6 b4d6 g1b1 b6b5 b1c1 a8d8 c1b1 f7g7 b1c1 a6b8 c1b1 b8a6 b1a1 h5h4
238,W,material_adjudication,66,1.731181,1190,2026-09-11 16:24:23,g1h3 e7e6 b1c3 a7a6 f2f4 g8h6 b2b3 b7b5 h3g5 b5b4 h2h4 b4c3 g2g4 f7f5 a2a4 h6g4 d2d3 c8b7 h1g1 b7h1 f1g2 h1g2 d3d4 a8a7 c1a3 g4e3 a1b1 d7d5 d1c1 d8d6 a3d6 f8d6 g5e6 a6a5 c1e3 b8a6 h4h5 g2h3 e3h3 h8g8 h3c3 a7b7 e1d2 a6c5 d4c5 b7b5 c5d6 c7c6 b1a1 e8d7 c3e5 g8e8 a1a3 b5b4 d2e1 b4d4 g1g5 e8e6 e5d4 h7h6 g5g6 e6e4 d4d3 e4d4 d3d4 d7e8
239,B,material_adjudication_moderate,80,1.719930,1195,2026-09-11 16:24:40,c2c4 h7h5 e2e3 b8a6 c4c5 a6b4 d2d3 h8h6 c1d2 g7g5 h2h4 b4a6 d1h5 h6h5 g1e2 a8b8 e2c1 b7b5 c5b6 f8g7 b6b7 a6c5 f1e2 h5h4 h1h4 a7a6 h4h7 g7f6 d2a5 c5a4 f2f4 g5g4 b7c8q d8c8 e2g4 c7c5 b2b3 f6a1 g4f5 a1b2 h7h8 e8f8 g2g4 b2c1 b1c3 f8g7 h8g8 g7g8 c3a4 g8f8 g4g5 e7e5 f5g4 e5f4 e3f4 b8b7 a4c5 c8c5 d3d4 c5a7 d4d5 f7f6 g5f6 b7b4 a5b4 d7d6 a2a4 c1f4 b4d6 f4d6 e1d1 a7c5 g4e2 c5b4 e2c4 d6g3 d5d6 b4a5 d6d7 a5c7
240,W,checkmate,55,1.740311,1200,2026-09-11 16:26:47,a2a3 b7b6 c2c4 a7a5 g1h3 e7e6 g2g4 g8h6 a3a4 a8a6 b2b4 f7f5 h1g1 h6g8 b1c3 a5b4 h3g5 f8e7 g5f7 b4c3 f7d8 g7g6 f1g2 c3c2 d1c2 b8c6 c2c3 e8d8 c1b2 h7h5 g4h5 g6h5 h2h3 c6b4 g1f1 g8f6 a1c1 a6a4 c4c5 e7c5 c3f6 d8e8 f6h8 e8e7 h8c3 c8b7 g2b7 e6e5 f2f3 e5e4 e2e3 h5h4 f3f4 e7d6 c3e5
241,B,material_adjudication,97,1.722686,1205,2026-09-11 16:26:31,e2e3 e7e5 e3e4 f8a3 b1a3 a7a5 a3b5 c7c6 f1d3 c6b5 d1h5 g8f6 h5h4 f6e4 h4h5 d7d5 g1f3 b8d7 a2a3 a8b8 d3e4 d5e4 f3e5 d8e7 b2b3 g7g5 c1b2 e4e3 e1e2 d7e5 a3a4 e5g6 b2h8 e7d7 h8d4 e3d2 h5g5 b5a4 g5d2 a4b3 d4e3 b3b2 a1d1 b7b6 c2c3 e8d8 g2g4 b6b5 h2h4 b8b7 d2b2 d8c7 b2a1 d7g4 f2f3 g4c4 d1d3 c8d7 h4h5 c7d8 h5g6 f7g6 e2d2 g6g5 e3c5 c4c5 a1g1 c5f5 g1c5 f5c5 c3c4 c5a3 d3a3 b5c4 a3c3 d8c8 c3c4 c8d8 c4d4 a5a4 h1g1 d8e8 g1g5 a4a3 g5g4 a3a2 g4e4 e8d8 e4h4 a2a1q h4h1 a1h1 d4d6 d8e8 d6e6 e8f7 e6e2
242,B,material_adjudication,71,1.689540,1210,2026-09-11 16:28:35,b2b4 a7a5 d2d4 c7c6 g2g4 a8a6 e2e3 d7d6 b1a3 a6a7 b4b5 c8g4 d1f3 g4f3 g1e2 g8f6 e2f4 h8g8 a1b1 f3g2 f4g2 e7e5 d4e5 e8d7 e5f6 c6b5 f1b5 d7e6 e1d1 g7g5 b1b3 e6f5 d1d2 a5a4 b5d3 f5f6 b3b5 b7b6 d2e2 d6d5 c2c3 b8c6 f2f4 g5g4 e2d1 c6e7 c3c4 d5c4 a3c4 a7d7 c4e5 f6e6 e5d7 d8d7 c1d2 f7f6 d3e2 d7c8 e2d3 c8d7 d3e2 f6f5 b5a5 b6a5 e2f3 g4f3 e3e4 f3g2 h1g1 d7d6 g1g2
243,B,material_adjudication_moderate,125,1.746336,1215,2026-09-11 16:30:42,e2e4 f7f6 d1h5 g7g6 h5e2 c7c5 b2b3 d7d5 e1d1 f8h6 a2a4 d5d4 g2g4 e8f7 e2c4 f7f8 g1e2 a7a6 f2f3 c8e6 c4d3 g6g5 c1b2 b8d7 a1a3 f8f7 d1c1 a8b8 f1g2 f6f5 e2d4 f5e4 d3e4 c5d4 e4d4 d8e8 d4h8 g8f6 c2c4 e8h8 f3f4 b7b6 f4g5 h6g5 h1d1 e6g4 h2h4 g5h6 d1e1 f6h5 b2h8 b8h8 b1c3 f7g6 e1g1 h8f8 a3a2 e7e6 g2h3 d7e5 h3g4 e5g4 g1g4 g6f5 g4g5 h6g5 h4g5 f5g5 a2b2 f8f2 c3d1 f2f4 b3b4 f4c4 c1b1 a6a5 b4a5 b6a5 d1c3 c4h4 d2d4 g5h6 c3b5 h4h3 b5c7 h3h1 b1a2 h5f4 c7e6 f4e6 d4d5 e6c5 b2d2 h1h3 d5d6 c5d7 d2d5 h6g7 d5d4 g7f8 a2b1 d7c5 d6d7 c5d7 d4d7 h3h1 b1a2 h1h2 d7d2 h2d2 a2b3 h7h6 b3c3 d2a2 c3b3 a2h2 b3c3 f8g7 c3d4 g7f7 d4c3 f7g8 c3d4 g8h8 d4c3
244,W,material_adjudication_moderate,76,1.688758,1220,2026-09-11 16:31:10,e2e3 e7e5 e3e4 d8h4 f1a6 f8a3 g1f3 h4h2 b1c3 g8f6 f3h2 b8a6 c3d5 a8b8 d1e2 c7c6 c2c3 c6d5 a1b1 d5e4 c3c4 a3b4 g2g4 h8g8 c4c5 a6c5 g4g5 a7a5 a2a3 c5d3 e1f1 d3c1 b1c1 f6d5 a3b4 f7f5 c1c4 b7b5 b4a5 b5c4 e2c4 c8b7 f2f4 b8c8 a5a6 c8c4 a6b7 c4c1 f1g2 e5f4 b7b8q e8e7 b8e5 e7d8 e5d5 c1c8 g2g1 e4e3 d2e3 f4e3 g1f1 e3e2 f1e2 g8e8 e2f1 g7g6 d5b7 d7d5 b7a7 e8e7 a7a5 c8c7 b2b4 d5d4 a5a4 c7a7
245,B,material_adjudication,66,1.736709,1225,2026-09-11 16:36:20,b1a3 d7d5 b2b3 c7c6 c2c3 f7f6 d2d3 a7a5 e2e3 e7e5 c1d2 e8e7 a1b1 a5a4 h2h4 c8e6 d3d4 a4b3 f1e2 e5e4 g2g3 b3a2 b1c1 g8h6 e1f1 h6g8 f2f3 h7h6 f3e4 a8a3 e4d5 e6d5 c3c4 d5h1 c4c5 h6h5 c1b1 d8d7 d2c1 a3c3 d1d3 d7d8 d3c3 a2b1q c3c2 b1a2 c2c3 g7g5 c1b2 f8g7 h4g5 a2b2 c3b2 f6g5 b2b7 b8d7 b7c7 d8c7 f1f2 c7d8 e2f3 e7f6 g1h3 f6e7 f2e1 d7e5
246,W,material_adjudication_moderate,88,1.711637,1230,2026-09-11 16:37:54,e2e3 a7a5 g1f3 f7f6 c2c3 g7g5 f1d3 e7e5 e1e2 d8e7 e3e4 d7d6 a2a3 b8d7 e2f1 e8d8 f3g5 f8g7 g5h3 g7h6 h3f4 h6f8 f4e6 d8e8 f2f3 b7b6 b2b3 a8a7 g2g4 c7c5 d3b5 h7h6 b5d7 e8d7 e6f8 e7f8 h2h3 d6d5 e4d5 c5c4 b3c4 h6h5 g4h5 h8h5 d2d4 e5d4 c3d4 f8e7 b1d2 h5f5 f3f4 f5f4 f1g2 a7b7 a1b1 b7b8 h1f1 f4d4 f1f2 e7d6 d1e2 d6c7 c1b2 d4h4 b1e1 c7f4 f2f4 h4f4 b2d4 f4d4 g2f1 d4d2 e2d2 f6f5 d2d1 g8f6 c4c5 f6d5 d1d5 d7c7 d5d4 b6c5 d4c3 c5c4 f1g2 c8d7 e1h1 c7d6
247,B,material_adjudication_moderate,81,1.719153,1235,2026-09-11 16:38:59,c2c4 a7a5 h2h4 b7b5 g2g3 f7f5 f2f3 e7e5 e2e3 e5e4 h4h5 e4f3 g1f3 f8a3 e1f2 a3b2 b1c3 b2a1 d1c2 a5a4 c3b1 a1f6 f3g5 b8c6 c4b5 c6b4 c2c4 f6g5 e3e4 d8e7 a2a3 g5h6 a3b4 f5e4 f1g2 g7g5 h5g6 d7d5 c4d5 a8b8 h1h6 g8h6 g2e4 h6g8 g6g7 e7g7 b1a3 c8g4 d2d4 h7h5 a3c4 b8d8 d5e5 g7e5 d4e5 a4a3 c1a3 g8h6 e4g6 e8f8 b5b6 f8g7 f2f1 g4f5 g6f5 h6f5 g3g4 h5g4 b6c7 d8c8 b4b5 g4g3 a3c5 f5h6 f1e2 g3g2 e2f2 h6g8 f2g2 g8h6 g2f3
248,B,material_adjudication_moderate,78,1.744947,1240,2026-09-11 16:38:59,c2c4 b7b6 g1h3 f7f6 h1g1 d7d5 g2g3 e7e5 d2d3 d5c4 d1c2 d8e7 f2f4 e7c5 f1g2 b8a6 f4e5 f6e5 g2b7 g8e7 c1h6 c4d3 e2d3 c8b7 h3f2 c5d4 c2c3 h8g8 c3d4 e5d4 f2e4 a8b8 h6e3 g7g6 e3d4 e8d7 g1f1 g6g5 e4f6 d7c8 f6g8 c7c5 h2h4 c5d4 a2a3 b7d5 b1d2 b8b7 d2c4 e7g8 h4g5 d5c4 d3c4 g8e7 f1f5 e7f5 e1f2 f5e3 a1b1 a6c7 b2b4 c7d5 c4d5 b7c7 d5d6 c7c6 g5g6 e3f5 g6h7 f8g7 b4b5 c6d6 a3a4 d4d3 f2e1 f5d4 e1d2 g7f6
249,B,material_adjudication_moderate,103,1.687587,1245,2026-09-11 16:40:32,b2b3 h7h6 f2f3 e7e6 e2e3 c7c5 g1h3 g7g5 e1e2 f7f6 a2a4 a7a6 d2d4 f8d6 h3g5 d6e5 c1a3 e8e7 d4e5 b7b6 e2d3 h6g5 d3e2 d7d5 b1c3 b6b5 a4b5 f6f5 a3c5 e7f7 c3d5 e6d5 d1d2 c8b7 c2c4 d5c4 c5d4 c4c3 d4c3 d8d2 c3d2 a6b5 a1a8 b7a8 g2g3 g8e7 e2d1 b8c6 f1b5 c6e5 b5e2 a8f3 e2f3 e5f3 d2a5 e7d5 d1e2 g5g4 h1c1 f3e5 c1d1 f7e6 d1d2 e6d6 e2d1 e5f3 d2a2 h8h3 d1e2 f3e5 a2d2 h3h2 e2e1 h2h7 e1f1 h7d7 f1f2 d7h7 d2d1 h7d7 d1d2 d7h7 d2d1 h7d7 d1d2 d7h7 d2d5 d6d5 a5c3 e5f3 c3d4 d5e6 f2g2 h7h3 d4c3 h3h2 g2f1 h2h3 f1f2 h3h2 f2f1 h2h3 f1f2
250,B,material_adjudication,66,1.689060,1250,2026-09-11 16:40:47,g1f3 h7h5 g2g4 a7a6 b1a3 d7d5 e2e3 f7f6 a3b5 c7c5 c2c3 a6b5 f1b5 c8d7 e1e2 d7b5 e2e1 e7e5 g4h5 g8e7 a1b1 b5c6 a2a3 c5c4 h2h3 e5e4 f3e5 e7g6 h5g6 f6e5 f2f3 f8d6 d2d4 e4d3 b2b4 h8f8 e1f2 d8e7 c1b2 a8a7 b2c1 c6b5 a3a4 b5a4 d1a4 a7a4 h3h4 e7f6 b4b5 f6e7 h1h2 b8a6 b5a6 e7f6 a6b7 d5d4 b7b8q d6b8 e3d4 e5e4 b1b7 a4a6 c1a3 a6a3 b7b4 e4e3
251,B,material_adjudication,97,1.686479,1255,2026-09-11 16:44:18,b2b3 a7a5 b1a3 g8h6 d2d3 d7d5 c1d2 g7g5 h2h4 c7c5 h4g5 f7f6 f2f3 f6g5 e2e4 a8a6 a1b1 h8g8 d1e2 h6f5 g2g4 c8d7 h1h7 d5d4 e4e5 f8g7 e1d1 f5e3 d2e3 d4e3 e5e6 d7e6 b1b2 g7b2 d3d4 c5d4 a3c4 g8g6 c4e5 g6h6 h7h6 a6b6 h6h5 e6f7 b3b4 f7h5 b4a5 h5g4 f3g4 b6f6 d1e1 e7e6 g1f3 b8c6 e5c6 b7c6 f3g5 f6g6 g5e6 g6e6 c2c4 d4c3 g4g5 e6e5 e2c4 c3c2 g5g6 d8c7 g6g7 c7g7 c4c2 g7g3 e1e2 c6c5 c2b2 g3f2 e2d3 f2b2 a5a6 b2a1 a6a7 a1b2 a7a8q e8d7 a8h8 d7d6 h8g7 b2a2 d3c3 a2h2 g7g1 h2g1 c3c4 e5e6 c4b5 d6d7 b5c5
252,B,material_adjudication,73,1.729728,1260,2026-09-11 16:44:19,a2a4 b7b6 h2h3 g8h6 c2c4 b8c6 e2e3 f7f5 f2f3 c8a6 f1e2 h8g8 f3f4 a8b8 h3h4 b8a8 b2b4 g7g6 b4b5 a6b5 c4b5 c6b8 c1a3 a7a6 e2f3 a6b5 a4a5 a8a7 g2g3 b5b4 a5b6 c7b6 d1c2 f8g7 e1f1 g7a1 h4h5 a1g7 h5g6 h7g6 d2d4 b8c6 d4d5 b4a3 d5c6 d7c6 b1a3 a7a3 c2c6 e8f8 c6d5 d8d5 f3d5 a3a6 f1f2 h6g4 f2e1 g7c3 e1d1 a6a2 d5a2 g4f2 d1e2 f2h1 g1f3 c3f6 a2f7 f8f7 f3h4 f6a1 e3e4 e7e5 f4e5
253,B,material_adjudication,87,1.671987,1265,2026-09-11 16:44:50,h2h4 b7b6 b2b3 h7h5 h1h2 g7g6 b1c3 h8h7 g2g3 c7c6 c3b1 e7e5 f1h3 d7d5 e1f1 g8e7 d2d4 e5e4 f2f3 b8a6 f3e4 e7f5 b1d2 f5g3 f1e1 f8a3 c1a3 d8h4 a3b2 a8b8 e4d5 c6d5 g1f3 h4f6 c2c4 g3e4 d2e4 d5e4 e1f2 c8h3 h2h3 g6g5 a2a3 h7h6 d1c1 e4f3 h3f3 f6d8 f3g3 h6g6 d4d5 g5g4 d5d6 h5h4 g3e3 g6e6 e3e6 f7e6 b3b4 d8d6 b4b5 h4h3 b5a6 d6c5 e2e3 b8d8 b2d4 c5f5 f2e2 f5e4 e2f2 e6e5 d4e5 e4e5 c1c2 e5c5 a1d1 d8d1 c2d1 c5c4 d1g4 c4g4 f2f1 g4h4 a3a4 h4g4 a4a5
254,B,material_adjudication,66,1.729109,1270,2026-09-11 16:45:32,e2e3 g7g6 h2h3 g8h6 a2a3 h6f5 f1e2 h7h5 e2f1 c7c6 e1e2 d8c7 h3h4 b8a6 f2f3 f5g3 e2e1 g3e4 d2d4 c7a5 b2b4 a6b4 a3b4 a5a1 f3e4 d7d5 e4d5 a1b1 e3e4 b7b5 h1h3 c8g4 g1e2 g4h3 g2h3 b1b4 c2c3 b4c4 c1e3 f8h6 d5c6 h6e3 d1b1 b5b4 e2f4 c4c6 c3b4 a8b8 b4b5 c6d7 e4e5 e3d4 e5e6 f7e6 f1d3 d4e3 e1f1 e3f4 d3c4 b8a8 c4e6 d7e6 b1d3 h8h6 b5b6 a7a6
255,B,material_adjudication_moderate,98,1.730422,1275,2026-09-11 16:46:02,d2d3 a7a6 e2e4 b7b6 c2c3 d7d6 d1f3 c8g4 c1h6 g4f3 h2h4 f3e2 a2a3 d8c8 a1a2 c8f5 e4f5 e2f1 h6d2 h7h5 e1f1 a6a5 g1h3 b8d7 h3g1 a8a6 f1e1 d7f6 b2b4 f6g4 f5f6 b6b5 f6e7 f8e7 a2b2 a6a8 b4a5 a8d8 e1f1 g4e5 g1e2 e5d3 b2b5 c7c6 b5b3 d3c5 b3b4 c5e6 d2e3 c6c5 b4c4 d6d5 c4a4 g7g5 h4g5 h5h4 a4h4 h8h4 h1h4 d5d4 c3d4 c5d4 e3d4 e6g5 f2f3 e7f8 d4e5 d8d1 f1f2 d1b1 e2g3 b1b5 a5a6 f7f6 e5f6 g8f6 a6a7 f8c5 f2f1 c5a7 h4g4 f6g4 f3g4 e8f8 a3a4 b5b2 f1e1 a7d4 a4a5 f8e8 a5a6 d4a7 e1d1 b2a2 d1e1 e8d7 e1d1 g5e6
256,W,value_resign,37,1.707013,1280,2026-09-11 16:47:39,h2h3 a7a6 a2a4 b8c6 c2c4 a6a5 a1a2 g8h6 g2g4 g7g6 f1g2 e7e6 g2c6 d8h4 e2e3 f7f5 c6f3 a8b8 e1e2 f8e7 g4g5 d7d5 g5h6 h4d4 e3d4 c8d7 e2f1 d7c6 g1e2 h8g8 f1e1 e8d7 h1g1 g8f8 c4c5 g6g5 h3h4
257,B,material_adjudication_moderate,97,1.780307,1285,2026-09-11 16:49:08,h2h4 f7f6 c2c4 b7b5 c4b5 c7c5 g1h3 h7h6 h4h5 d7d5 a2a4 e8d7 a1a2 a7a6 h3g1 a6b5 b2b4 a8a5 f2f4 c5b4 d1c2 e7e5 c2b2 a5a7 g2g3 b5a4 g3g4 d7e7 f1g2 e5f4 a2a4 a7a4 b2b4 a4b4 d2d4 b4c4 g2f1 c4c6 e2e3 c8f5 g4f5 e7e8 b1d2 f8b4 f1h3 f4e3 g1e2 e3d2 e1f1 d8a5 e2c3 h8h7 c1b2 g7g5 h5g6 h7g7 b2c1 a5a4 c3a4 h6h5 c1d2 b4d2 h1h2 b8d7 f1e2 d7b6 a4b6 e8f8 e2d2 c6b6 d2e2 b6d6 h2h1 d6d8 h1b1 f8e7 b1b7 e7f8 b7a7 h5h4 a7g7 f8g7 e2e1 d8b8 e1d1 b8c8 d1e1 g8h6 e1d1 h6g8 d1e1 c8d8 e1d1 g7h8 d1e1 d8b8 e1d1
258,W,material_adjudication,136,1.709363,1290,2026-09-11 16:49:37,e2e3 f7f5 d2d3 b7b5 f1e2 e7e6 a2a4 h7h5 e2f1 b8a6 a1a2 g7g5 c2c3 d7d5 g1f3 b5a4 d1a4 c8d7 a4d4 f5f4 b2b4 a8c8 a2a6 c7c5 d4c5 c8c5 b4c5 e6e5 a6a7 d5d4 f3e5 f4e3 a7d7 h8h6 d7d8 e8d8 e5g6 f8c5 f2f4 d4c3 f4g5 h6g6 h2h3 c3c2 b1a3 c5a3 c1a3 c2c1q a3c1 g6g5 c1b2 h5h4 d3d4 g5f5 f1e2 f5f2 b2c1 f2f6 c1e3 f6e6 e3c1 d8e8 e1d1 e6e4 e2f3 e4d4 d1e2 d4b4 f3c6 e8d8 c1e3 b4b2 e2d1 g8e7 e3c1 e7c6 c1b2 c6a5 b2h8 a5c4 g2g4 h4g3 d1c2 g3g2 h1g1 d8e7 g1g2 c4e3 c2d2 e3g2 h8e5 e7d8 e5b2 d8e8 b2f6 g2f4 h3h4 f4h5 f6e5 e8d7 d2e3 d7e8 e3d4 e8d8 d4d5 d8d7 e5d4 h5g7 d4g7 d7e7 d5c4 e7f7 g7h8 f7g8 h8e5 g8h7 c4d5 h7g6 e5g3 g6h5 d5c6 h5g4 c6c7 g4g3 h4h5 g3h4 h5h6 h4g5 h6h7 g5f6 h7h8q f6e6 c7b8 e6d5 b8c7 d5c4
259,B,material_adjudication_moderate,95,1.705160,1295,2026-09-11 16:50:19,b1a3 a7a5 d2d3 c7c6 c2c3 f7f6 e2e3 e7e6 a3b5 c6b5 c1d2 e6e5 f2f4 e5f4 e3f4 d8b6 f4f5 g7g5 d3d4 a8a7 a1b1 e8d8 g1f3 d7d6 d1e2 b5b4 e2e6 c8e6 g2g3 d8c8 f5e6 b6c6 d4d5 b4c3 d5c6 c3d2 e1d2 g5g4 f3g5 f6g5 f1g2 f8e7 c6c7 b8a6 a2a3 a6c7 b2b3 g8h6 h1c1 h8f8 d2e2 c8b8 b1a1 a7a6 c1c7 b8c7 a1d1 c7d8 d1c1 b7b5 g2b7 d8e8 b7a6 a5a4 a6b5 e8d8 b5a4 d6d5 c1c6 f8f5 a4b5 e7a3 b5d3 a3e7 d3f5 h6f5 e2d1 f5d4 d1e1 d4c6 e1e2 c6d4 e2e1 e7c5 b3b4 c5b4 e1f1 d8e7 f1f2 b4a3 f2e3 a3b4 e3d4 e7d6 e6e7
260,B,material_adjudication,89,1.750229,1300,2026-09-11 16:53:05,d2d3 c7c5 c2c3 d8c7 e2e4 h7h6 c1h6 h8h6 a2a4 a7a5 d1c1 f7f5 e4f5 h6b6 e1d2 c5c4 d3c4 c7d8 h2h3 e8f7 d2e2 e7e6 c4c5 d7d6 c5b6 b8d7 c1f4 f8e7 f4c1 d7c5 f2f4 c5b3 c1d1 b3a1 h3h4 d8d7 g1f3 g7g6 g2g4 a8b8 g4g5 f7g7 f1h3 g6f5 b1d2 d7c6 d1a1 c6d7 a1b1 d7a4 g5g6 g7g6 h1e1 a4f4 f3d4 g6f6 b1c2 c8d7 b2b4 b8a8 b4a5 a8a5 e1c1 f6f7 c1b1 f7f8 h4h5 g8h6 b1c1 a5a8 c1f1 f4h2 h3g2 h2g2 f1f2 g2d5 c3c4 d5d4 c2b3 a8a1 f2f4 d4e5 e2f2 e5f4 f2e2 d7a4 b3a4 h6g4 a4b4
261,B,material_adjudication,71,1.713137,1305,2026-09-11 16:54:18,e2e3 c7c5 f2f4 h7h6 b2b4 c5b4 a2a4 e7e5 f4e5 a7a6 f1e2 g7g6 a4a5 f7f6 e3e4 g6g5 e2c4 f6e5 d2d4 d7d6 c4b3 b7b5 h2h3 e5d4 g2g4 e8d7 b3g8 h8g8 c1e3 f8e7 e3d4 b8c6 d4b6 d8f8 h3h4 c6e5 e1d2 g5h4 h1h4 c8b7 c2c4 e5g4 h4g4 g8g4 d1g4 d7e8 c4b5 a6b5 a1a2 e7f6 e4e5 f6e5 g4b4 b7d5 a2b2 e5b2 b4b2 b5b4 a5a6 d5e4 b6c7 f8e7 a6a7 e7c7 b2c2 e4c2 g1f3 b4b3 b1a3 e8d8 a3b5
262,B,value_resign,60,1.713896,1310,2026-09-11 16:55:30,g1f3 e7e6 c2c3 f8e7 e2e4 h7h5 f3h4 e6e5 f1e2 h8h7 f2f4 g7g6 d1b3 b8c6 f4e5 h7h6 g2g3 c6d4 c3d4 e7h4 e5e6 d7e6 b3d1 h4e7 e4e5 a8b8 e2d3 c7c5 a2a3 b7b6 d4c5 d8d3 c5b6 a7b6 b2b3 c8b7 d1e2 d3d5 b1c3 d5c6 h1f1 b8c8 c1b2 e7c5 c3a4 g6g5 a4c5 b6c5 f1f3 g8e7 e2c4 c6f3 g3g4 b7e4 c4e4 f3e4 e1f2 h5g4 d2d4 e4f5
263,W,value_resign,39,1.686254,1315,2026-09-11 16:56:56,d2d3 g8h6 c1g5 d7d5 a2a4 c7c5 g5f6 b7b5 a4b5 b8d7 c2c3 d7b8 e2e4 e8d7 f6g5 f7f6 a1a3 f6g5 g1f3 e7e5 b1d2 d5e4 a3a1 h6g4 f3g5 g4h2 g5f7 e4d3 f7d8 a7a6 g2g4 a6b5 a1a8 h2f1 e1f1 h7h5 d1c1 h5g4 b2b3
264,B,material_adjudication_moderate,81,1.710525,1320,2026-09-11 16:59:09,a2a3 b7b6 c2c4 f7f6 h2h3 e7e6 e2e3 b8a6 e1e2 c8b7 f2f3 b6b5 c4b5 d8e7 b5a6 a8c8 a6b7 c8b8 g2g4 b8b7 g4g5 g7g6 d2d4 e6e5 e3e4 e7e6 e2d3 e6d6 a3a4 f6g5 d3e3 f8h6 d4e5 d6d1 h3h4 e8e7 h4g5 d1f1 g5h6 f1c1 b1d2 c1a1 g1h3 g6g5 h1a1 g5g4 f3g4 b7b2 a1c1 c7c6 c1c4 a7a5 c4c1 e7e6 h3g5 e6e7 d2c4 b2a2 c4a5 a2a4 a5c4 e7e8 e3d3 g8h6 e5e6 h6g4 c4d6 e8e7 c1g1 g4f6 d3e3 e7d6 g1g3 c6c5 e6d7 a4a3 e3d2 a3a2 d2e3 f6d7 g5f7
265,W,checkmate,67,1.705097,1325,2026-09-11 17:00:24,b1a3 a7a5 f2f3 e7e6 e1f2 f8e7 e2e4 f7f5 e4e5 e8f8 b2b3 b8c6 c1b2 e7a3 b2a3 c6b4 c2c3 h7h6 f1e2 f5f4 f2e1 d7d6 c3b4 a5b4 a3b4 g8e7 e5d6 e7f5 d6c7 d8e7 b4e7 f8e7 g1h3 b7b6 g2g3 c8b7 h3f4 b7f3 d2d4 f3h1 d4d5 e6e5 a2a3 e5f4 e2c4 e7e8 e1e2 f5e7 d1f1 h1d5 c4d5 e7d5 f1f3 h8h7 f3d5 f4g3 e2e3 g3g2 b3b4 g2g1q a1g1 b6b5 g1d1 a8b8 d5e6 e8f8 c7b8q
266,B,material_adjudication_moderate,119,1.674721,1330,2026-09-11 17:00:54,c2c4 c7c5 f2f4 h7h6 h2h4 d8b6 g2g4 g7g5 d1b3 b6b3 a2b3 g5f4 a1a2 e8d8 g4g5 h6g5 d2d4 g5h4 d4c5 f8g7 f1h3 b7b6 c5b6 c8b7 b6a7 b7h1 a7b8q a8b8 c1f4 b8b3 g1f3 h1f3 b1d2 f3e2 e1e2 b3b6 f4e3 b6b7 a2a3 f7f6 a3d3 d8e8 h3f5 b7b2 e3b6 e7e5 d3d6 e5e4 d6d7 g7f8 b6e3 h4h3 e3d4 g8e7 d4b2 e7f5 b2f6 e8d7 f6h8 f5h4 d2e4 h3h2 e4f2 h2h1q f2h1 f8b4 h8d4 b4e7 e2e1 d7c6 h1f2 e7a3 f2h3 a3e7 e1d1 e7d8 d1e1 h4f3 e1e2 f3d4 e2e3 d4e6 h3f4 e6c7 f4d3 c6d7 e3e2 d7e7 d3c5 e7d6 c5d3 d6e7 e2d2 e7d7 d2e1 d7d6 d3b4 c7e6 b4d5 d6c6 e1d1 c6c5 d1c2 c5c4 c2b1 c4d5 b1a2 d5c4 a2a3 e6d4 a3a4 d4e2 a4a3 d8f6 a3a2 c4d4 a2b2 d4e4 b2c2
267,B,material_adjudication,66,1.707425,1335,2026-09-11 17:01:23,c2c4 d7d5 d1b3 a7a5 h2h4 h7h5 c4d5 c8g4 e2e4 a8a6 f1d3 a5a4 b3b7 b8c6 b7a6 g4c8 a6c8 d8c8 d5c6 c8e6 b2b3 a4b3 a2a4 e8d8 d3f1 e6e4 e1d1 e4c6 f1b5 c6g2 h1h3 g2g1 d1e2 e7e5 c1a3 f8e7 b1c3 g1a1 h3g3 e7a3 b5c6 a3b4 f2f3 g8e7 f3f4 e7c6 g3e3 c6e7 f4e5 c7c5 e3g3 g7g5 g3g5 e7c6 g5g7 d8d7 e2e3 c6a5 c3e2 b4a3 d2d3 d7e6 e2g3 h8d8 g7h7 a3c1
268,B,value_resign,50,1.735111,1340,2026-09-11 17:02:19,e2e3 a7a5 g1f3 h7h5 e1e2 e7e6 b2b4 f8c5 d2d3 g7g5 f3g5 f7f6 g5f7 e8f7 c2c3 g8h6 b4c5 f6f5 a2a3 b7b5 d1e1 c8b7 e1d1 b7e4 d1d2 e4c6 e2e1 h8f8 f1e2 d8f6 e2d1 f8c8 a1a2 b8a6 c3c4 b5c4 a3a4 c4d3 d2d3 a6b4 d3d7 c6d7 h1g1 b4a2 b1a3 f6e7 a3b5 c8b8 c1a3 f7e8
269,B,material_adjudication,87,1.731746,1345,2026-09-11 17:05:14,e2e4 f7f6 d1h5 g7g6 f2f3 g6h5 b2b3 b8c6 g1e2 g8h6 c1b2 a7a5 e2f4 e7e6 c2c4 h6f7 f1d3 c6e5 b1a3 d7d6 h2h3 e5g6 a1c1 e8e7 f4g6 h7g6 d3c2 c7c6 h3h4 a5a4 b3a4 f7e5 d2d4 a8a4 a3b5 a4a2 d4e5 f8h6 e5d6 e7d7 b5a7 c6c5 b2a3 h6f4 g2g3 f4g5 h4g5 d7d6 c2b1 a2a3 g5f6 g6g5 a7b5 d6d7 b5a3 d7e8 a3c2 d8f6 h1h3 f6e7 h3h1 h8f8 c2a3 f8g8 a3c2 g5g4 f3g4 h5g4 h1h7 e7h7 e1f2 h7d7 e4e5 e8f8 c1h1 d7f7 f2e2 f8g7 c2e3 g8d8 e3f5 e6f5 e2e1 f7f8 h1f1 c8e6 f1f5
270,B,value_resign,50,1.744475,1350,2026-09-11 17:05:15,a2a4 c7c6 d2d3 g7g6 c1g5 f7f6 g2g4 d7d5 g5f6 e8f7 f6h8 f8g7 d1d2 c6c5 g1h3 b7b6 b2b4 g7a1 h3g5 f7f8 d2c1 b8a6 f1g2 a1h8 b1d2 c5b4 c2c3 h8c3 a4a5 h7h6 c1c3 b4c3 h1g1 c3d2 e1d2 h6g5 f2f3 a6c7 d2e1 e7e5 a5b6 c7e6 b6b7 c8b7 g1h1 b7a6 e1f2 d8c7 d3d4 g8f6
271,W,material_adjudication,66,1.734073,1355,2026-09-11 17:05:30,e2e3 e7e5 e3e4 f8a3 c2c3 f7f6 e1e2 g8e7 b2a3 d7d5 h2h4 a7a5 d2d4 e5d4 e4e5 h8g8 c3d4 f6e5 d4e5 b8d7 g2g4 a8b8 b1c3 d7e5 f1h3 d8d6 c3b5 c8g4 h3g4 g7g6 b5d6 c7d6 g4f3 e5d7 g1h3 g6g5 c1g5 h7h6 g5f6 d7f6 e2f1 f6d7 a3a4 d5d4 f3e2 d6d5 d1d2 g8g7 f1e1 g7h7 e2d3 h7h8 e1d1 h8h7 h1f1 h6h5 d3e2 d4d3 e2d3 e7c6 d2c2 c6d4 c2c3 h7h8 a1c1 h8h6
272,W,material_adjudication,82,1.766247,1360,2026-09-11 17:05:44,d2d3 b7b6 g2g4 e7e5 f2f3 c8b7 f1g2 d8c8 e1d2 a7a5 d2e3 b8c6 c1d2 f8e7 a2a4 g7g6 g4g5 e8d8 b2b3 c6b4 d3d4 a8b8 d2c1 f7f6 g5f6 e7f6 g2h3 g8h6 c2c3 b8a8 c3b4 a5b4 e3f2 e5d4 c1h6 d4d3 d1d3 f6a1 h3d7 c8d7 d3d7 d8d7 f3f4 a1g7 h6g7 h8g8 g7d4 b7h1 a4a5 g6g5 g1f3 b6a5 f4g5 h1f3 e2f3 g8g5 f3f4 g5g6 f2f1 c7c6 f4f5 g6h6 d4e3 a8c8 e3h6 a5a4 h6e3 a4b3 f5f6 c6c5 f6f7 b3b2 e3c5 c8c5 f7f8q c5f5 f8f5 d7d6 h2h3 d6e7 f5h5 e7f6
273,B,checkmate,22,1.695131,1365,2026-09-11 17:05:45,c2c4 d7d5 h2h4 e8d7 d1a4 b7b5 a4b5 c7c6 g2g3 c6b5 a2a3 h7h6 h1h3 g8f6 h3h1 f6g4 f1h3 d8c7 h3g4 d7e8 c4d5 c7c1
274,B,material_adjudication_moderate,113,1.747238,1370,2026-09-11 17:06:54,a2a3 e7e5 h2h4 d7d6 d2d3 b8d7 c1g5 f7f6 g2g4 d8e7 g5h6 g7g5 h6f8 e7f7 f8d6 c7d6 e1d2 a7a6 b2b4 b7b5 d3d4 f7f8 f1g2 g8e7 g2a8 e5d4 h4h5 d4d3 e2e3 e7g6 h5g6 d3c2 d1c2 f6f5 c2b2 d7e5 a3a4 c8d7 g6g7 f8g7 f2f4 e8d8 f4e5 h8f8 a4a5 f5g4 a8g2 g7e5 b2e5 d6e5 a1a2 f8f3 g2f3 g4f3 g1f3 e5e4 f3e1 g5g4 h1h3 g4h3 b1c3 h3h2 c3b5 h2h1q b5d4 h1h5 b4b5 a6b5 a5a6 h5h2 d2c1 h2c7 a2c2 c7b6 a6a7 b6a7 e1d3 e4d3 c2a2 a7b7 a2b2 d7g4 b2b5 b7c8 c1b1 h7h6 b5c5 c8c5 d4e6 d8e7 e6c5 e7f8 c5d3 g4f5 e3e4 f5e4 b1a2 e4d3 a2a1 d3e2 a1a2 e2f3 a2a1 h6h5 a1a2 f3h1 a2b2 f8g8 b2c3 h5h4 c3d3 h4h3 d3d4
275,W,material_adjudication_moderate,97,1.704149,1375,2026-09-11 17:08:00,d2d3 f7f5 a2a4 e7e6 e1d2 h7h6 g2g4 a7a6 a4a5 f5g4 b2b4 g4g3 f2g3 d7d6 g3g4 c7c5 e2e3 g7g6 b4c5 e8e7 c5d6 e7d6 a1a3 d6e7 a3b3 g8f6 e3e4 d8e8 g4g5 h6g5 h2h4 f8h6 h4g5 h6g5 d2c3 g5c1 h1h8 e8h8 d1c1 h8g7 c1d2 f6e4 c3c4 e4d2 b1d2 e7f7 g1e2 g6g5 f1h3 a8a7 h3f5 e6f5 d3d4 f5f4 d4d5 b8c6 d5c6 c8e6 c4d3 g7f6 c6b7 a7b7 b3b7 f7f8 d2e4 f6g6 e2d4 f4f3 c2c4 e6f5 b7b6 f5e4 d3c3 g6g7 b6a6 f8f7 a6a7 e4b7 a7b7 f7g6 b7g7 g6g7 d4f3 g5g4 f3h4 g4g3 c3c2 g3g2 h4g2 g7h6 c2d2 h6g5 a5a6 g5g6 d2d1 g6g5 d1c2
276,W,material_adjudication_moderate,116,1.758764,1380,2026-09-11 17:09:07,g1f3 e7e6 c2c3 e6e5 h2h4 b7b5 d1c2 a7a5 g2g3 d7d6 e2e4 a5a4 h1h2 e8e7 c2d3 e7f6 f3g1 g7g5 f1h3 b8d7 d3e2 g8e7 e2e3 f6g7 g3g4 a8a6 b2b3 h7h6 e1f1 d6d5 e4d5 a4b3 a2a3 a6a4 d5d6 c7d6 h4g5 b3b2 c1b2 h6g5 c3c4 b5c4 b1c3 a4a5 a3a4 f7f6 c3b5 c8b7 b5d6 b7c6 d6f7 g7f7 b2c3 a5d5 e3e4 f8h6 e4d5 c6d5 a4a5 f7g8 a5a6 h6g7 a6a7 e7c6 a7a8q d8a8 a1a8 d7b8 g1e2 d5e4 f2f4 e4f3 f4e5 f6e5 e2g1 c6e7 g1f3 e5e4 f1f2 e4f3 h2h1 e7g6 a8b8 g8f7 b8b4 h8h4 c3b2 h4h3 h1h3 g7b2 h3f3 f7g8 d2d3 c4d3 b4b2 d3d2 b2d2 g6h4 f2g3 h4f3 g3f3 g8f7 f3f2 f7e6 d2b2 e6e5 f2f1 e5d6 b2b1 d6c6 b1d1 c6b5 f1g2 b5a4 d1c1 a4b3
277,B,material_adjudication,66,1.688246,1385,2026-09-11 17:10:02,e2e3 h7h5 b2b3 b7b6 g2g4 c7c6 d2d3 h8h6 d1d2 g7g5 e3e4 h5g4 f2f3 g4f3 d2g5 d7d6 e1f2 h6g6 g5g6 f7g6 b1d2 c8e6 f2e1 f8g7 g1e2 g8f6 b3b4 f3e2 f1e2 e8f8 h1f1 f8f7 e2f3 f6h5 f3h5 f7g8 h5g4 e6g4 f1f7 g4e6 c1b2 g8f7 h2h4 b6b5 h4h5 g7f6 b2f6 d8c8 h5h6 c8d7 f6g5 d7c7 e4e5 e6f5 e5d6 c7d6 g5f4 d6e6 e1f1 g6g5 c2c3 e6d7 f1e2 f5d3 e2f2 g5g4
278,B,checkmate,76,1.678239,1390,2026-09-11 17:13:28,e2e4 c7c6 g2g4 b7b6 f1g2 e7e5 d2d4 f7f6 d1d2 c8a6 g2h3 c6c5 b2b3 b8c6 d4e5 c6d4 e5e6 f8d6 e1d1 d7e6 c2c3 f6f5 c3d4 g8e7 d2e2 d8c8 a2a4 a6e2 d1e1 a7a5 g1e2 f5e4 d4c5 d6c5 b1c3 e8g8 g4g5 e7f5 c1d2 c8d7 c3d5 c5d6 d5b6 d7d8 b6a8 d8a8 g5g6 h7h5 a1a3 a8d5 e2c3 d5d3 h3f1 d3f3 a3a2 f5d4 c3b5 f3h1 b5d6 e6e5 d6b5 d4b3 d2c3 h1h2 c3b2 f8f5 f1c4 g8h8 f2f4 f5f4 c4b3 f4f3 b2c3 h2h3 a2d2 h3f1
279,W,value_resign,51,1.674484,1395,2026-09-11 17:14:15,f2f4 a7a5 b1c3 e7e6 b2b3 f8e7 e1f2 b7b5 e2e4 b8a6 c3b5 g7g5 a2a4 e8f8 e4e5 c8b7 a1a3 g5f4 f1c4 h7h6 g1f3 e7d6 c1b2 d6a3 b5a3 f7f5 e5f6 c7c5 a3b5 g8f6 d1e2 b7f3 e2f3 d7d5 b2f6 d8f6 g2g4 d5c4 f3a8 f8e7 a8a6 f6b2 a6b7 e7d8 h1e1 b2g7 b7g7 h8g8 g7g8 d8e7 b3b4
280,W,material_adjudication,66,1.759165,1400,2026-09-11 17:14:53,h2h4 b7b6 b2b3 h7h5 c1b2 h8h7 g2g3 e7e5 b2c3 c7c6 d1c1 d7d5 h1h2 c8d7 c1b2 d5d4 g1f3 d4c3 b2c3 h7h6 c3e3 d7e6 f3g5 f8e7 h2h3 e7f8 f1g2 e6f5 c2c3 c6c5 h3h2 h6d6 g2a8 b6b5 a8e4 f5e4 g5e4 g7g5 e1f1 f7f6 h4g5 f6g5 h2h5 g8f6 e4d6 d8d6 h5g5 f6d5 e3e4 f8h6 g5g6 b8d7 g6d6 e8d8 e2e3 h6g7 g3g4 g7f6 d2d3 d8c7 d6d7 c7c8 b1d2 d5c3 g4g5 f6g5
281,B,material_adjudication,66,1.737739,1405,2026-09-11 17:17:47,h2h4 b7b6 c2c3 g7g5 g2g4 f7f6 e2e3 c7c5 f2f3 f8g7 a2a3 e8f8 h4g5 b8a6 g5f6 e7f6 h1h5 c8b7 f1b5 d8e7 g1e2 h7h6 e2g3 a8d8 h5h3 d8c8 b5a6 b7a6 b2b3 c5c4 g3e4 c4b3 a3a4 f6f5 g4f5 g7f6 e4f6 g8f6 f3f4 a6b7 a4a5 e7e4 d2d3 e4g2 d1e2 g2h3 a5a6 h3g3 e1f1 b7f3 e2f3 g3f3 f1g1 f6h5 b1d2 f3h3 g1f2 h3f5 f2f1 f5g4 a1b1 f8e7 f4f5 g4f5 f1e2 b6b5
282,B,checkmate,60,1.717788,1410,2026-09-11 17:21:32,b1a3 a7a5 g1f3 c7c6 a3b1 d7d6 e2e3 b8a6 e1e2 f7f5 d2d4 c8d7 a2a3 a6b4 a3b4 b7b6 d4d5 g8h6 b1d2 g7g5 c2c3 b6b5 h1g1 g5g4 d5c6 f5f4 e3e4 h6f7 f3d4 d8c7 a1b1 d7c6 d4c6 c7c6 b4a5 c6c7 e4e5 f7e5 b2b4 h7h6 g2g3 e7e6 d2e4 f4g3 f2g3 d6d5 e4c5 f8c5 b4c5 e5d7 f1g2 c7c5 c1f4 a8a5 d1c1 a5a2 e2d1 c5g1 g2f1 g1f1
283,B,material_adjudication_moderate,97,1.710572,1415,2026-09-11 17:22:18,e2e4 f7f6 b1c3 e7e5 g2g4 c7c5 h2h4 e8f7 g1e2 b7b6 h1h2 f8e7 g4g5 f6g5 h4g5 b6b5 a1b1 f7e8 d2d3 b8a6 c3b5 e7f6 e2c3 d8e7 a2a3 f6g5 c1g5 h7h6 f2f4 e7f7 h2e2 e5f4 g5f4 g7g5 e4e5 f7g6 b2b3 g5f4 e5e6 g6e6 e2e6 d7e6 e1d2 e8e7 c3e2 c8d7 c2c4 f4f3 e2c1 a8d8 d3d4 c5d4 b5a7 g8f6 b3b4 f3f2 d1e2 d4d3 c1d3 e6e5 b4b5 e5e4 b1b3 d7g4 e2f2 e4d3 d2e1 f6e4 f2g2 d3d2 g2d2 e4d2 a7c6 e7f6 b5a6 d2b3 c6d8 h8d8 a6a7 h6h5 a7a8q d8a8 c4c5 a8c8 c5c6 c8a8 c6c7 f6f5 f1b5 a8c8 e1f1 b3d2 f1e1 f5e4 e1d2 c8c7 b5a6
284,D,rule_draw,131,1.698881,1420,2026-09-11 17:22:39,e2e4 e7e5 f1a6 b8a6 e1e2 a8b8 c2c3 g7g5 a2a4 d7d5 f2f3 d8e7 e4d5 h7h5 d5d6 c7d6 d1c2 e8d8 g2g3 c8g4 c2d3 a6c5 d3d4 e5e4 h2h3 b7b5 h3g4 f7f6 d4c5 d6c5 a4b5 h5g4 h1h8 e4f3 e2f1 b8b5 h8g8 d8c7 b1a3 b5b6 a3c4 f3f2 c4b6 f2g1q f1g1 a7b6 a1a7 c7d8 a7e7 d8e7 d2d4 e7f7 g8f8 f7f8 d4c5 b6c5 g1g2 c5c4 g2f1 f8e8 f1g2 e8d7 g2f1 d7e8 f1g2 e8d7 b2b3 c4b3 c3c4 d7e8 c1b2 e8f8 c4c5 f8e8 c5c6 e8d8 c6c7 d8c7 b2c1 c7b6 c1b2 f6f5 b2d4 b6a5 d4c3 a5b5 c3b2 f5f4 g3f4 g5f4 g2f2 f4f3 f2g1 b5a4 g1f2 a4a5 f2f1 g4g3 f1g1 g3g2 g1f2 a5a4 b2c3 g2g1q f2g1 a4a3 g1f2 a3a4 f2f3 a4a3 f3f4 a3a4 c3b2 a4b5 f4e5 b5a4 e5d4 a4a5 d4e5 a5a4 e5d4 a4b4 d4e5 b4a4 e5f6 a4a5 f6g7 a5b4 b2c1 b3b2 c1b2
285,B,material_adjudication,66,1.736856,1425,2026-09-11 17:24:05,b1a3 a7a5 g2g4 f7f6 e2e4 e7e5 g1e2 g8h6 f2f3 a8a6 a3c4 f8b4 e1f2 b8c6 a2a4 b4c5 f2g3 g7g5 a1b1 b7b6 c2c3 c8b7 g3g2 e8e7 h2h3 f6f5 g4f5 d8a8 e2g3 e7f8 f1d3 a8b8 d1e2 f8e7 c4e3 a6a8 f5f6 e7f6 d3b5 f6e7 b5c6 b7c6 e2c4 h6f7 d2d4 e5d4 c3d4 c5b4 f3f4 g5f4 d4d5 f7e5 g3f5 e7f7 h1d1 e5c4 d5c6 f4e3 f5d6 f7g7 h3h4 c4d6 h4h5 b4c5 c6d7 d6e4
286,W,material_adjudication,90,1.735147,1430,2026-09-11 17:25:28,h2h4 b7b6 b1c3 g8h6 g1f3 c8b7 c3d5 c7c5 d5b6 b7f3 d2d3 f3d5 f2f3 d8b6 c2c3 c5c4 d3c4 d5c4 a1b1 b8c6 b2b3 e8d8 b3c4 f7f5 b1b6 a7b6 c1h6 g7h6 e1f2 e7e6 d1c2 f8c5 e2e3 c6b4 c3b4 c5b4 g2g3 d7d6 f1e2 f5f4 g3f4 a8a2 c2a2 b4a3 a2a1 a3c5 f2f1 d8e7 a1d1 c5b4 h4h5 h8f8 f1g1 f8f6 d1b3 b4a5 b3b2 a5b4 g1f2 b4c3 b2d2 c3d2 h1d1 d2e3 f2e3 f6f5 d1c1 e7f6 e2d3 f5f4 e3f4 b6b5 c4b5 d6d5 c1f1 d5d4 d3c4 d4d3 c4b3 d3d2 f1d1 f6e7 f4e3 e6e5 d1d2 e5e4 f3f4 e7e8 b3a2 e8e7
287,W,material_adjudication,72,1.749328,1435,2026-09-11 17:25:29,d2d3 c7c5 h2h4 a7a5 d3d4 c5c4 e1d2 b8c6 b2b3 b7b6 d4d5 g8f6 d5c6 b6b5 g2g3 c8b7 e2e4 h7h6 f1g2 f6e4 g2e4 b7c6 g1e2 c6e4 d2e3 e4h1 e2f4 d7d6 d1h1 a8a6 a2a4 b5a4 h1d1 e7e5 b1a3 e5f4 e3f4 f8e7 a3c4 h6h5 d1f3 f7f5 f4f5 d6d5 c4e5 g7g5 h4g5 a4b3 c2b3 a5a4 a1a4 a6a4 b3a4 e7f8 f5g6 d8b6 f3f6 h8g8 g6h7 b6f6 g5f6 f8d6 h7g8 d6e5 f6f7 e8d8 f7f8q d8d7 f8f7 d7d8 f7g6 e5f4
288,B,material_adjudication,66,1.747824,1440,2026-09-11 17:27:27,e2e3 a7a5 g2g3 a5a4 g1f3 c7c6 b2b3 d7d6 e1e2 c8g4 a2a3 f7f6 h2h3 g4h5 d2d3 e7e5 b1d2 a4b3 c2b3 b8d7 g3g4 h5g4 h3g4 d8e7 h1h7 h8h7 d2e4 g7g6 c1d2 d6d5 a1c1 d5e4 d1c2 e4f3 e2e1 d7c5 c2c5 e7c5 c1c5 a8a3 c5e5 f6e5 d2a5 g8e7 g4g5 a3a2 d3d4 e7g8 d4e5 e8d7 e5e6 d7e6 e3e4 h7g7 e1d1 f8e7 d1c1 e7c5 c1b1 a2a3 b1b2 g7h7 f1e2 b7b5 e2d3 h7g7
289,W,material_adjudication,84,1.744009,1445,2026-09-11 17:29:28,b1a3 a7a5 f2f3 e7e6 e2e4 f8e7 g1e2 b8c6 g2g4 a8b8 f3f4 e7a3 g4g5 a3b2 c1b2 h7h6 d2d3 d7d5 e4d5 c6b4 d5d6 h6h5 c2c3 e8d7 a2a3 e6e5 f4f5 d8f8 a3a4 c7c5 c3b4 f8d8 b4a5 f7f6 d1c2 b7b5 a5b6 h5h4 e2c3 f6g5 f1h3 g5g4 h3g4 g7g5 h1f1 g8f6 g4h3 g5g4 h3g4 f6g4 c3e2 g4h2 b2e5 h2f1 a4a5 d7c6 e1f1 h8f8 e2c3 f8f5 f1e2 f5e5 e2f1 d8d6 c3a4 c8e6 d3d4 d6d4 a4c5 h4h3 c5e6 c6d7 e6d4 e5d5 d4c6 h3h2 c2g2 h2h1q g2h1 d5e5 c6e5 d7e7 f1e1 b8a8
290,W,material_adjudication,86,1.725433,1450,2026-09-11 17:30:50,g2g3 b7b6 g3g4 f7f5 h2h3 a7a6 g4f5 d7d5 b1c3 c8f5 h3h4 e7e5 d2d3 f5g4 g1h3 d5d4 c1g5 d8c8 f2f3 g4h3 d1b1 a8a7 f1h3 d4c3 h3c8 c3b2 e1f1 b2a1q b1a1 f8e7 g5e7 g8e7 c8h3 e7c8 a1b1 g7g5 h3c8 g5h4 b1c1 a6a5 c2c4 h8g8 c8b7 a7b7 a2a3 e8d7 h1h4 b8c6 c1e3 d7e6 e3f2 c6d8 h4h1 h7h5 f2e3 g8f8 h1h5 b6b5 c4b5 b7b5 h5h1 b5b1 f1g2 b1h1 g2h1 f8f4 d3d4 f4d4 f3f4 d4d5 f4e5 d8b7 e3b3 e6e5 e2e4 e5e4 b3b7 c7c5 b7f7 d5d7 f7d7 a5a4 d7c7 e4d5 h1g1 d5e6
291,B,material_adjudication_moderate,92,1.677572,1455,2026-09-11 17:34:37,a2a3 a7a5 a3a4 h7h6 h2h3 c7c5 c2c4 b8a6 d1c2 d8c7 c2f5 a6b8 b1a3 b7b6 g2g4 e7e6 f5e4 a8a7 f1g2 d7d5 c4d5 e6e5 a3b5 f7f5 b5a7 f5e4 h3h4 f8d6 g2e4 c8g4 d2d4 c5d4 b2b3 c7a7 a1b1 b8d7 e1f1 e8d8 c1b2 d6b4 b1d1 a7a8 b2c1 g8e7 c1d2 b4c3 d2c3 d4c3 d1d2 c3d2 f2f3 d7c5 f3g4 c5b7 f1g2 e7g6 e4g6 h8f8 g6b1 a8c8 g4g5 c8c7 g5h6 g7h6 g2g3 f8f6 e2e4 c7c8 g3h2 d8e7 b1a2 c8d8 h2g2 d2d1q g1e2 d8e8 h1d1 e8d7 h4h5 d7d6 d1d3 d6d7 d3e3 d7d6 e2c3 f6f8 g2g3 d6d7 c3b5 e7d8 b5c3 d7d6
292,W,checkmate,83,1.700908,1460,2026-09-11 17:34:57,e2e4 f7f6 b1c3 c7c5 g1f3 e7e5 a2a4 a7a5 f3e5 a8a7 e5d3 f6f5 b2b4 f5e4 b4a5 e4d3 c3d5 g8f6 d5e7 f6h5 f1d3 d8e7 d1e2 g7g6 f2f3 d7d6 d3g6 e8d8 g6e8 d8e8 g2g4 e8d8 g4h5 f8h6 d2d3 h6c1 a1c1 a7a6 c2c4 a6a5 e2e7 d8e7 h2h3 b7b6 c1c3 h7h6 c3b3 e7f8 h1g1 b8a6 b3c3 c8b7 e1d1 a6b4 d1e2 f8f7 g1g6 h8f8 e2e1 b7a6 c3a3 f7e8 g6h6 e8d7 f3f4 b4d3 a3d3 d7e8 e1d2 f8f5 h6d6 a6c4 d3f3 c4f7 f3d3 f5f4 h5h6 c5c4 h6h7 e8e7 h7h8q c4d3 h8d8
293,W,material_adjudication,66,1.745354,1465,2026-09-11 17:40:22,a2a4 e7e6 a4a5 g8f6 h2h4 g7g5 h4g5 f6e4 h1h6 b8a6 c2c3 a8b8 f2f4 d7d6 c3c4 c7c6 c4c5 d6d5 f4f5 e8d7 f5e6 f7e6 h6e6 d7e6 g1f3 f8h6 a1a3 h8e8 g5h6 d8b6 a5b6 a6b4 d2d4 e8e7 g2g3 e4f6 e2e4 f6e4 c1e3 a7a5 f1h3 e6f7 a3a5 e4f2 e1f2 c8h3 g3g4 h3g4 d1d2 g4f3 f2f3 f7e8 e3g1 e7e5 d4e5 e8e7 f3g4 b8a8 d2c3 a8a5 g4f5 d5d4 c3b3 a5a2 b3c4 d4d3
294,B,material_adjudication,81,1.683041,1470,2026-09-11 17:40:44,e2e3 a7a5 b2b3 a5a4 c1b2 d7d6 d2d3 f7f5 e1d2 e8d7 g2g4 f5f4 a2a3 g7g5 g1f3 f8g7 f1e2 g7b2 f3g5 g8f6 a1a2 f4e3 f2e3 b7b5 a2b2 a4b3 g5h7 h8h7 a3a4 b5b4 b1a3 b4a3 b2b3 e7e6 b3b4 b8a6 h1f1 d8e7 f1f3 h7h6 g4g5 a6b4 g5f6 h6f6 f3f6 e7f6 d1f1 f6e7 h2h4 b4d5 h4h5 d5f4 f1f4 d7d8 f4e4 a8a7 e4d4 c7c5 d4c3 a7c7 h5h6 c7d7 h6h7 e7h7 c3f6 d8e8 a4a5 c5c4 f6h8 h7h8 a5a6 h8h4 a6a7 c8b7 a7a8q b7a8 d3d4 a8b7 d4d5 h4h2 d2e1
295,B,material_adjudication_moderate,81,1.715167,1475,2026-09-11 17:41:48,b2b4 a7a5 d2d4 c7c6 e1d2 b7b5 g2g4 a5b4 d1e1 f7f6 e2e4 e8f7 a2a3 d7d5 f2f3 h7h5 e4d5 c6d5 h2h4 b8c6 f1b5 h5g4 e1f1 g4g3 h4h5 h8h5 h1h5 g7g6 b5c6 g6h5 c6a8 h5h4 a3b4 f8h6 d2d1 c8e6 f1e2 h6c1 d1c1 d8b8 c2c3 b8a8 a1a8 h4h3 a8a7 h3h2 a7c7 h2g1q c1c2 g3g2 b1a3 f6f5 a3b5 e6d7 c7d7 g1h1 d7d5 g2g1q d5d7 f7g6 e2d3 g1h2 d3d2 h2d2 c2d2 h1f3 c3c4 f3g4 d2c3 g4f3 c3d2 f3g4 d2c3 g4f3 c3d2 f3g4 d2c3 g4f3 c3d2 f3g4 c4c5
296,B,material_adjudication,66,1.719124,1480,2026-09-11 17:44:16,e2e3 g7g6 f2f4 f8g7 g2g3 b8a6 f1a6 c7c6 e3e4 b7a6 b1c3 g8h6 d2d4 e8g8 g1e2 d7d6 d1d3 f7f5 h2h3 f5e4 c3e4 f8f7 h1h2 c6c5 f4f5 h6f5 h2h1 g7d4 e2d4 c5d4 g3g4 f5g7 d3d4 e7e5 d4d5 c8e6 d5e6 g7e6 e4d6 f7f6 d6b7 d8f8 a2a4 g6g5 c1g5 e6g5 c2c3 f6b6 a4a5 b6b5 b2b4 e5e4 c3c4 b5b4 a1b1 b4a4 b1c1 g8g7 e1e2 f8e7 c4c5 a8d8 e2f2 d8d7 h1d1 g7h6
297,W,checkmate,57,1.735480,1485,2026-09-11 17:44:58,d2d3 h7h6 a2a3 c7c5 e2e3 h8h7 b2b3 b8c6 a3a4 c6a5 f2f3 b7b6 g2g3 c8b7 e1d2 d8c7 g3g4 a8c8 d3d4 a5c4 f1c4 e7e5 d2d3 f8d6 d4d5 a7a5 h2h4 h6h5 e3e4 d6f8 c4a6 h5g4 a6b7 c7b7 b1d2 g4f3 c1b2 f8d6 g1f3 g8f6 h1e1 f6h5 d1e2 h5g3 e2f2 g7g5 h4g5 f7f5 g5f6 c5c4 b3c4 d6c5 f2g3 h7h5 e1c1 c5f2 g3g8
298,W,material_adjudication,110,1.704555,1490,2026-09-11 17:45:42,e2e3 e7e5 e3e4 b8c6 d1h5 g8e7 b1a3 d7d6 f1d3 a8b8 e1d1 g7g5 g2g4 d8d7 c2c3 a7a6 a1b1 e7g8 d3a6 f8e7 a3c2 b7a6 h5h3 b8b3 a2b3 c6d4 c3d4 e5d4 h3f1 d6d5 e4d5 f7f6 c2d4 h7h6 h2h4 a6a5 h4g5 h6g5 h1h8 e7c5 h8h4 c5d4 h4h7 d7h7 d2d3 h7h8 c1d2 c8d7 f1e1 e8d8 e1e2 d4e5 e2e1 h8h2 d3d4 e5d4 g1e2 d4e5 f2f3 g8e7 d5d6 e7d5 e2c3 e5c3 b2c3 h2d6 c3c4 d5f4 b1b2 d6d4 b2a2 c7c5 a2a5 d8c7 a5a3 f4d3 e1f1 d4b2 f1d3 b2a3 d3c2 a3a1 d1e2 a1e5 e2d1 e5e8 b3b4 c5b4 c2b3 c7c8 b3b4 d7c6 b4c3 c8b8 d1c2 e8d7 c4c5 c6f3 c3f3 f6f5 g4f5 g5g4 f3g4 d7f5 g4f5 b8b7 f5h7 b7c6 h7h2 c6b5
299,W,material_adjudication_moderate,76,1.696037,1495,2026-09-11 17:50:14,c2c3 h7h6 d1b3 b8a6 h2h4 a6c5 b3b5 h6h5 b5c5 a7a5 g2g3 a8a6 c5d5 c7c5 f1g2 g7g5 e2e3 g5h4 g2f3 g8f6 d5c4 h4g3 f2g3 d7d5 c4a4 c8d7 a4c2 d7c8 c3c4 c8d7 c4d5 b7b6 e1f1 f6d5 f3d5 h8g8 h1h5 f8g7 d5e4 f7f5 h5f5 d7f5 e4f5 d8b8 c2e4 g7f6 d2d4 c5d4 e3d4 g8f8 f5h3 b8e5 e4e5 f6e5 f1g2 e5d4 g1e2 d4c5 g3g4 a5a4 c1d2 a4a3 b2b4 c5b4 d2b4 f8f6 b1d2 e8f8 a1d1 a6a8 d2b1 a8c8 b4a3 c8c4 b1d2 c4a4
300,B,value_resign,48,1.665043,1500,2026-09-11 17:51:19,h2h4 b7b6 b2b3 h7h5 c1b2 c8b7 d2d4 b8c6 b1d2 c6a5 b2c3 a5c6 e2e3 b7c8 a2a4 c8b7 f1d3 a7a5 e3e4 d8c8 b3b4 a5b4 a1b1 g8f6 e4e5 f6d5 g1e2 d5c3 e1f1 e7e6 d1c1 c3b1 c1b1 d7d6 e5d6 f8d6 f2f3 c6d4 e2d4 e6e5 b1b4 e5d4 d2e4 d6b4 g2g4 c8b8 g4h5 b6b5
301,W,material_adjudication,70,1.696974,1505,2026-09-11 17:52:45,b1a3 a7a5 f2f3 b8c6 d2d3 g8h6 c1h6 a5a4 e1d2 a8b8 d1e1 g7g5 e1b1 f8h6 g1h3 h6f8 h3g5 f7f6 b2b3 e7e5 f3f4 f8a3 f4e5 e8f8 e5f6 h8g8 g5h7 f8f7 c2c3 c6a7 e2e3 c7c6 b1c2 g8e8 b3a4 d7d5 c2b3 f7g8 b3a3 g8h7 h2h3 c8e6 f1e2 d5d4 a1f1 d4e3 d2e3 d8c7 e2f3 e8c8 e3d2 c7f4 d2e1 h7g6 f3c6 f4f5 f1f5 e6f5 c6b7 b8b7 e1f1 b7c7 g2g4 c7c6 g4f5 g6f7 f1g2 a7b5 a4b5 c6c5
302,W,material_adjudication_moderate,90,1.712539,1510,2026-09-11 17:54:30,h2h4 b7b6 b2b3 h7h5 c1b2 e7e5 b2c1 e5e4 c2c3 e4e3 g2g3 d7d6 f1g2 g7g6 f2f4 e8e7 e1f1 e3d2 e2e4 d2c1q d1c1 f8h6 b1d2 g8f6 f4f5 h8e8 c3c4 f6h7 g2f3 e7f8 f5g6 h7f6 c1c2 f8g7 g6f7 c7c6 f7e8q d8e8 e4e5 f6g8 d2e4 d6e5 a1d1 c8g4 f1g2 a7a5 f3g4 h5g4 c4c5 b6c5 e4c5 b8d7 d1d7 e8d7 c5d7 a8d8 c2c1 h6c1 d7e5 c1h6 e5c6 d8d6 c6a7 d6a6 a7b5 a6b6 b5a3 a5a4 a3c4 a4b3 c4b6 b3a2 g1e2 a2a1q h1a1 g8f6 a1d1 g7f7 e2c3 h6e3 c3d5 f6d5 d1d5 e3b6 d5b5 b6d4 h4h5 f7e6 h5h6 e6f7
303,B,checkmate,70,1.720273,1515,2026-09-11 17:54:51,h2h4 b7b6 b2b3 h7h5 c1b2 h8h6 b2e5 d7d5 e5d6 g7g6 b1c3 a7a6 c3d5 c7c6 d5b6 f7f6 d6e7 f6f5 d2d3 d8b6 e7f8 b6c5 h1h2 c5d6 a2a4 c8d7 f8e7 d6c7 g2g3 g8f6 f1g2 a6a5 e7f6 h6h7 e1d2 e8f7 f6h8 h7h8 g1h3 b8a6 c2c3 a6c5 d3d4 c5e4 g2e4 f5e4 d1e1 d7e6 c3c4 e6h3 h2h3 h8d8 d2e3 d8d4 e3d4 c6c5 d4e3 f7f8 e1c1 c7d7 g3g4 h5g4 h3g3 a8b8 a1a2 b8b3 c1c3 b3c3 e3f4 d7f5
304,B,material_adjudication_moderate,117,1.750469,1520,2026-09-11 17:56:14,d2d3 b7b6 a2a3 b8a6 d3d4 c8b7 c2c4 g8f6 f2f3 d7d6 b2b4 a8b8 f3f4 e7e6 e1f2 a6b4 a3b4 c7c5 c1b2 f6d5 d4c5 b6c5 h2h4 b7c8 b4c5 d5e3 d1c1 c8d7 c5c6 a7a6 c1e3 b8b2 c6d7 d8d7 g1f3 b2b8 e3c3 b8b3 c3c1 b3b1 a1b1 a6a5 b1b3 f8e7 c1d2 d7a4 b3b2 a4c4 e2e3 c4b4 b2b3 b4b3 f3d4 b3b4 d2c1 e6e5 f4e5 f7f6 e5e6 d6d5 d4f3 h8g8 f1e2 a5a4 f3h2 g7g5 h4g5 f6g5 h1d1 g5g4 e2g4 g8g4 h2g4 b4g4 c1b1 g4e6 b1b5 e8f8 d1b1 e7d8 b1d1 a4a3 b5d5 e6d5 d1d5 a3a2 d5d1 d8f6 e3e4 a2a1q d1a1 f6a1 g2g3 h7h5 f2g1 f8e8 e4e5 e8f8 e5e6 f8e8 e6e7 e8e7 g3g4 h5g4 g1h2 a1e5 h2g1 e7f6 g1f1 g4g3 f1g1 f6g7 g1g2 g7h6 g2f3 h6g6 f3g2
305,W,material_adjudication,98,1.662450,1525,2026-09-11 17:57:34,b2b3 g8f6 b3b4 c7c6 h2h4 e7e5 f2f4 f8e7 d2d3 e5f4 a2a3 a7a5 e1d2 a5a4 g1h3 d7d5 g2g4 f4f3 e2e3 f6g4 d1f3 e7d6 h3f4 d6e5 d3d4 f7f5 d4e5 g7g5 f3d1 g4f6 e5f6 g5f4 e3f4 b8d7 f1e2 d7f6 c2c3 b7b6 h1h3 h7h5 c3c4 c8a6 c4d5 a6c8 b1c3 c6d5 a1b1 c8b7 c3a4 d5d4 d2e1 d4d3 e2d3 f6d5 d3e2 d5c3 h3c3 d8d1 e1d1 b7c6 b4b5 c6b5 c1d2 b5a4 d1e1 e8g8 e1f1 g8h8 c3c7 a8a7 c7a7 f8d8 b1c1 h8g8 c1c3 d8d2 e2a6 d2d4 c3f3 g8f8 a6c8 d4e4 f3f2 e4f4 f2f4 f8e8 f4f3 e8d8 f3g3 d8c8 f1e1 c8b8 a7a4 f5f4 g3g5 f4f3 e1f2 b6b5
306,B,material_adjudication,81,1.714791,1530,2026-09-11 17:59:25,c2c4 a7a5 f2f4 a5a4 d1a4 a8a4 d2d3 f7f6 f4f5 e8f7 b1d2 g7g6 g1h3 c7c5 h3f4 f7g7 f4e6 d7e6 a1b1 d8d3 e2d3 g8h6 h2h3 h6g8 f5e6 g6g5 b1a1 c8e6 g2g4 a4b4 a2a3 b4a4 b2b4 c5b4 a3b4 a4a1 f1e2 a1b1 d2b1 b8c6 b4b5 c6d4 e2f3 d4f3 e1e2 h7h5 h1f1 e6d7 f1f3 h5g4 h3g4 d7e8 b1d2 g8h6 c4c5 e8d7 c5c6 b7c6 b5c6 d7c6 f3h3 h6g4 c1b2 c6b7 h3f3 g4e5 f3f5 e5d7 b2c3 b7c6 e2d1 c6g2 d2c4 h8g8 f5d5 g2d5 d1d2 g7h8 c4d6 d5a8 c3b4
307,W,material_adjudication_moderate,79,1.654065,1535,2026-09-11 18:07:38,b1c3 g8f6 a2a3 b8a6 h2h4 g7g5 c3b1 f8g7 d2d4 a6c5 f2f3 a7a5 d4c5 a8b8 a1a2 g5h4 c1e3 d7d5 c2c3 c7c6 a3a4 d8d7 b1d2 e7e6 h1h4 f6g8 f3f4 g7f6 g1f3 f6h4 f3h4 e6e5 f4e5 f7f6 e3d4 f6e5 d4e5 d7g4 e5b8 c8e6 g2g3 g8f6 b8f4 h7h6 d2f3 g4g3 f4g3 f6h5 f3e5 e8f8 e5c6 b7c6 d1c2 h5g3 f1g2 g3e4 g2e4 d5e4 e1d2 f8e7 d2e1 h8c8 e1d1 e6a2 b2b3 a2b3 c2b3 c8b8 b3c2 e4e3 d1e1 b8d8 c2a2 d8d2 h4f5 e7d7 a2b3 h6h5 f5g3
308,W,material_adjudication,68,1.702985,1540,2026-09-11 18:08:02,c2c4 c7c6 f2f4 f7f6 h2h3 d7d5 b2b4 a7a5 c4d5 d8d7 b1c3 d7f5 e2e4 f5f4 c3b5 a5b4 d1b3 a8a3 b5a3 b4a3 g1e2 b7b5 e2f4 g7g5 h3h4 e7e5 d5c6 g5f4 c6c7 g8e7 c7b8q e8d7 f1b5 e7c6 a1b1 f6f5 b1a1 f8d6 g2g3 h8f8 h1h2 c8a6 h4h5 f8b8 b5a6 f4g3 h2g2 b8b3 a2b3 f5e4 d2d3 e4d3 c1e3 c6e7 e1d1 e7f5 a6b5 d7c7 e3c1 h7h6 g2g1 g3g2 g1g2 d6e7 g2g4 e7f8 c1d2 f8d6
309,W,material_adjudication,66,1.693394,1545,2026-09-11 18:08:03,h2h4 b7b6 b1a3 d7d5 a3c4 e8d7 h4h5 f7f5 c4d6 g7g6 d2d3 a7a5 d3d4 e7d6 b2b3 d8h4 h1h4 c7c5 h5h6 c5d4 b3b4 g6g5 h4h5 b8c6 b4b5 c8b7 b5c6 d7c6 e2e4 d4e3 g1e2 g8h6 c2c4 d5c4 f2e3 d6d5 c1d2 h8g8 g2g3 h6g4 f1g2 f8c5 h5h7 g4e3 d2e3 g5g4 e2d4 c5d4 e3d4 g8g7 d4g7 a8g8 e1f2 g8g7 h7g7 b7c8 g7h7 c4c3 d1h1 c8b7 h1e1 c6d6 e1c1 b7c6 c1e1 f5f4
310,W,material_adjudication_moderate,100,1.662665,1550,2026-09-11 18:09:09,e2e4 c7c6 g1e2 d7d6 h2h3 a7a6 b1c3 b8d7 a2a4 e7e6 a1a2 b7b5 g2g4 b5a4 d2d4 a4a3 b2a3 d8e7 a3a4 d7b6 c1a3 e8d8 c3b1 a6a5 e4e5 c6c5 e5d6 e7d6 d4c5 d6d1 e1d1 b6d7 c2c4 g7g5 f1g2 a8a6 e2d4 d7c5 a3c5 f8c5 d4e2 c8d7 e2g3 h7h5 g3h5 h8h5 g4h5 a6a7 a2d2 d8c7 g2e4 g8f6 e4d3 c7d8 h5h6 d7e8 b1a3 c5a3 h3h4 g5g4 f2f3 e8a4 d1e1 a3e7 f3g4 f6g4 h6h7 g4e3 h7h8q d8d7 h8h7 a7b7 h1f1 f7f5 h7e7 d7e7 f1f3 e7d6 e1f2 e6e5 f2e3 e5e4 f3f5 e4d3 e3d3 b7a7 f5f2 d6e7 f2e2 e7f6 e2e4 f6f5 e4d4 a7b7 d3c3 f5e5 d4d3 b7b3 c3c2 e5e4
311,B,material_adjudication,81,1.712778,1555,2026-09-11 18:09:33,h2h4 c7c6 b2b3 d7d5 g2g3 d5d4 c2c4 a7a5 c1a3 c8g4 c4c5 a8a7 d2d3 e8d7 f1h3 g4h3 h1h3 f7f6 g3g4 g7g5 d1d2 f6f5 h4g5 f5g4 h3g3 e7e6 a3b2 f8e7 d2b4 a5b4 b1d2 e7g5 a1d1 d7e7 g3g4 g5h6 f2f3 a7a8 f3f4 d8e8 g1f3 e6e5 f3e5 b8d7 e5c6 b7c6 a2a3 d7f6 e2e3 f6g4 b2d4 e8c8 d4h8 g4e3 d2c4 c8g4 c4e3 g4h5 a3b4 e7e6 d1d2 h5h1 e1f2 h1h3 h8b2 h6f4 d3d4 e6d7 d2d3 f4g3 f2g1 a8f8 e3f5 f8f5 d3g3 h3g3 g1h1 d7c8 b2c3 c8c7 b4b5
312,B,value_resign,58,1.664180,1560,2026-09-11 18:09:53,d2d3 b7b6 d3d4 f7f6 d4d5 e7e6 h2h4 g8e7 c1d2 e7d5 h4h5 d8e7 g1f3 e6e5 b1a3 d5e3 a1c1 e3d1 c1d1 e5e4 b2b3 e7a3 f3g1 c7c6 h1h4 c8b7 h4h2 b8a6 d2c1 f8b4 d1d2 a3a2 c1a3 b4a3 g2g4 a2b2 h2h3 b2b1 d2d1 a8c8 e2e3 b1b2 d1d5 a6b4 f2f3 c6d5 g4g5 b4c2 e1f2 b2b1 f3f4 g7g6 h5g6 c8d8 h3g3 b1d1 g6g7 h8g8
313,B,material_adjudication_moderate,77,1.710018,1565,2026-09-11 18:10:35,a2a3 b7b6 c2c4 f7f6 d2d4 d7d6 e1d2 e8d7 b2b4 d6d5 f2f4 f6f5 c4c5 g7g6 h2h4 g8h6 d2d3 e7e6 g1h3 a7a5 d3d2 h6g4 h1h2 b6c5 d4c5 b8c6 h2h1 a5b4 e2e3 g6g5 h4g5 g4e3 d2e3 f8e7 e3d2 d5d4 a3b4 a8a1 b1a3 h7h5 g5h6 c6b4 c1b2 a1d1 d2d1 b4a6 a3b5 a6c5 b5d4 d7e8 b2a3 h8h7 a3c5 e7c5 f1b5 c7c6 b5c6 e8f7 h3g5 f7g8 g5h7 g8h7 g2g3 c5d4 d1e1 c8a6 e1d2 d8g8 h1h4 g8d8 c6f3 d4c5 d2c3 c5e7 f3h5 h7h8 h5g6
314,W,material_adjudication,66,1.726269,1570,2026-09-11 18:13:40,e2e3 e7e5 d2d4 b7b6 c2c3 f7f6 d4d5 g8e7 f1d3 c8b7 f2f3 b8a6 c3c4 b6b5 d1e2 g7g5 g2g3 b5c4 d3g6 h7g6 b1d2 c4c3 b2c3 h8h3 d2b3 c7c5 g1h3 g5g4 f3g4 c5c4 b3d4 e5d4 c3d4 c4c3 e2b5 d8b6 b5b6 a7b6 a2a3 e7d5 e3e4 d5b4 a3b4 a6b4 a1a8 b7a8 c1f4 g6g5 f4c7 c3c2 e1d2 a8c6 d4d5 f8c5 d5c6 e8f7 c7f4 g5f4 c6d7 f4f3 d7d8q b4c6 d8d3 f6f5 h3g5 f7g6
315,W,material_adjudication,102,1.695564,1575,2026-09-11 18:15:28,b1a3 a7a5 f2f3 b7b5 e2e4 e7e6 e1e2 f8e7 a3b5 g7g5 d2d4 d7d6 a2a4 b8d7 a1b1 d6d5 b2b3 f7f5 b1a1 e6e5 d4e5 f5e4 f3e4 d7c5 c2c4 c8g4 g1f3 h7h6 d1d5 c7c6 d5c6 g4d7 b5c7 e8f8 c6a8 f8g7 a8d8 e7d8 c7d5 d8e7 d5e7 g8e7 f3h4 h8d8 g2g3 g5h4 c1e3 h4g3 f1h3 g3g2 h1g1 e7c6 g1g2 g7f8 a1c1 c6b4 e3c5 f8f7 c5e3 d7h3 g2f2 f7g6 c4c5 h3e6 e3d2 b4d3 f2f6 g6h5 c1d1 d8d7 d2f4 d3e5 h2h3 e5g4 f6e6 d7c7 e6e7 c7e7 f4b8 e7e4 e2d3 e4e5 h3g4 h5g6 d1f1 e5c5 f1d1 h6h5 d3d4 h5g4 d4c5 g4g3 c5d4 g3g2 b8e5 g2g1q d1g1 g6f5 g1h1 f5g6 h1h2 g6g5
316,B,material_adjudication,67,1.724570,1580,2026-09-11 18:16:32,h2h4 b7b6 b1a3 f7f5 a1b1 g8h6 g1f3 c7c5 c2c3 e8f7 d2d3 d7d6 e2e3 c8d7 f1e2 b8a6 f3d2 e7e6 h1f1 f5f4 f1g1 h6f5 h4h5 f4e3 f2e3 f5e3 a3c4 e3d1 e1d1 f7e8 g2g4 b6b5 g1h1 b5c4 d3d4 f8e7 a2a4 e8f8 h1h4 a6b4 d4c5 h7h6 c5d6 b4a2 d6e7 d8e7 d2c4 a2c1 g4g5 c1e2 c4d2 f8g8 d1e2 d7a4 b2b3 a8d8 b3a4 a7a5 d2b3 e7g5 b1a1 g5h4 a1h1 h4e7 h1h3 e7d6 h3f3
317,D,cap_draw,150,1.710454,1585,2026-09-11 18:16:54,g2g3 b7b6 c2c3 h7h5 d2d3 c7c5 c1f4 c8b7 e2e3 g7g5 d3d4 f7f6 h2h3 f8h6 f4g5 f6g5 b2b3 g5g4 e3e4 h6e3 b1d2 h8h6 f2e3 d8c8 c3c4 d7d6 d1c2 c5d4 f1e2 b8a6 h3g4 h5g4 h1h6 g8h6 b3b4 h6f7 c2a4 c8d7 a4d7 e8d7 e3d4 a6b4 e1d1 b4c6 d4d5 c6e5 d1c2 d7e8 a2a4 e5g6 e2d3 b7a6 a1d1 a8c8 g1e2 e8f8 e2f4 g6f4 g3f4 c8d8 d1g1 d8d7 g1g4 f7h6 g4g1 h6f7 e4e5 d6e5 f4e5 f7e5 d3f1 e5f7 g1g4 d7d8 c2b3 e7e5 d5e6 f7d6 f1d3 d6e8 d3f5 e8d6 f5d3 d6e8 d3f5 e8d6 f5d3 d6e8 b3c2 d8d3 c2d3 e8f6 g4g5 f8e7 d3e2 f6h7 g5g3 e7e6 g3d3 h7f6 d3f3 f6h7 e2f2 h7g5 f3b3 g5h7 b3f3 h7g5 f3b3 g5f7 f2f3 f7d6 f3e3 d6c4 e3d3 c4d2 d3d2 e6d6 a4a5 d6c7 b3b1 b6a5 b1a1 c7b6 a1b1 b6c7 b1a1 c7b6 d2e1 b6b5 a1d1 b5a4 d1d5 a4b3 d5a5 a6b7 a5a7 b7g2 a7c7 b3b2 e1f2 g2h3 f2g3 h3f1 g3f4 b2b3 f4e5 f1b5 e5d4 b5a4
318,W,value_resign,64,1.723951,1590,2026-09-11 18:18:12,e2e4 b8c6 f1d3 c6b4 e4e5 c7c6 c2c3 b4d3 e1e2 d3e5 d1b3 e5c4 b3c4 d7d5 c4b3 d8d7 a2a4 c6c5 b3a3 e7e5 g1f3 g8e7 f3e5 e8d8 e5d7 d8d7 a3c5 a8b8 e2d1 b7b6 c5e3 d7c6 e3f4 a7a5 f4b8 c8g4 f2f3 g4f3 g2f3 e7f5 d2d3 f8d6 b8d6 c6b7 d6c7 b7a8 a1a2 b6b5 c1f4 f7f6 b1d2 g7g5 d1c2 g5f4 c7f4 h7h5 a2a1 f5e3 c2b1 h8h6 h1e1 b5a4 e1e2 a4a3
319,B,material_adjudication,75,1.644451,1595,2026-09-11 18:18:53,h2h4 b7b6 b2b3 c7c5 f2f4 a7a5 c1b2 b6b5 e1f2 d7d6 c2c4 c8b7 d1c1 f7f6 c4b5 a5a4 b3a4 g7g5 f4g5 a8a4 h4h5 c5c4 c1e1 d8c8 g5g6 c8c5 d2d4 c4d3 e2e3 e7e6 b1a3 a4a3 b2a3 f6f5 a3c5 d6c5 g6g7 f8g7 g2g3 g7a1 f1d3 b7h1 e1a1 h1e4 a1h8 e4d3 h8g7 g8f6 a2a4 f6h5 g7h6 h5f6 g1h3 f5f4 g3f4 b8d7 b5b6 f6g4 f2g1 g4h6 b6b7 d3c2 b7b8q d7b8 h3f2 c2b1 f2e4 b8d7 e4c5 d7c5 g1f1 c5d7 a4a5 b1e4 a5a6
320,W,material_adjudication,76,1.707399,1600,2026-09-11 18:24:42,a2a3 a7a5 a3a4 h7h6 h2h3 c7c5 c2c4 a8a7 b2b4 a5b4 d1c2 d8c7 g2g4 b7b6 a4a5 g7g5 a5b6 c7b6 a1a4 a7a4 f1g2 a4a6 c1b2 e8d8 b2h8 a6a8 e1d1 c8a6 e2e3 a6b7 g2b7 b6b7 c2d3 e7e6 h8b2 b7h1 e3e4 b8a6 d3f3 d7d6 f3h1 d8e8 f2f3 a6c7 h1g2 a8a2 e4e5 a2b2 e5d6 b2b1 d1c2 f8d6 c2b1 d6f8 g2e2 f7f6 e2e3 f8e7 b1a2 c7a8 e3e6 b4b3 a2b3 a8b6 e6b6 e7f8 b6b5 e8e7 b5c6 f6f5 g4f5 g5g4 h3g4 f8g7 g1h3 g7f8
321,B,value_resign,44,1.701127,1605,2026-09-11 18:25:47,h2h4 c7c6 b2b3 d7d5 g2g3 c8g4 c2c4 f7f6 c1b2 g7g5 f2f3 e8d7 d1c1 a7a5 f1g2 f8g7 e1f1 d5c4 h4g5 c4b3 a2a3 d7e6 a3a4 e6d7 c1c5 g4h5 g5f6 g7f6 h1h3 f6b2 a1a2 b3a2 c5c1 b2a1 f3f4 e7e5 c1c4 d8e7 f1f2 a2b1q h3h4 a1b2 h4h5 g8f6
322,B,material_adjudication,107,1.762571,1610,2026-09-11 18:28:18,d2d3 c7c5 d3d4 d8b6 a2a4 e8d8 a4a5 b6a5 b1d2 a5a1 d4c5 a1a2 f2f3 a7a5 d2e4 a2a1 c1d2 a1a3 b2a3 d8c7 h2h3 h7h5 f3f4 b8a6 c2c4 h5h4 e4g5 a6b8 d2e3 a8a6 e3d2 a6a8 g1f3 g7g6 d1c2 b7b5 c4b5 f8g7 h1g1 c8b7 c2c4 d7d5 c4c2 d5d4 c2c4 a5a4 c5c6 b7c6 b5c6 b8c6 f3e5 g7e5 c4c5 e5f6 c5d5 e7e6 d5e4 f6g5 f4g5 f7f5 e4d3 c6e5 d2f4 c7c8 f4e5 a8b8 e1d2 b8b6 e5h8 e6e5 e2e4 f5e4 d3d4 e5d4 d2e2 b6b2 e2d1 c8d7 h8f6 e4e3 f1d3 g8f6 g5f6 b2d2 d1c1 d2d3 f6f7 d7e7 g1f1 d3c3 c1d1 e7f8 f1f6 d4d3 g2g3 h4g3 f6f3 c3a3 f3e3 g3g2 e3d3 g2g1q d1e2 g1h2 e2f3 a3a2 h3h4
323,W,material_adjudication_moderate,98,1.753560,1615,2026-09-11 18:28:39,a2a4 e7e6 d2d4 g7g6 a4a5 f8g7 e1d2 e8e7 c2c3 g8f6 g1f3 h8g8 f3g1 c7c6 f2f3 h7h6 a5a6 d7d5 h2h4 b8a6 h4h5 d8d7 a1a5 b7b5 h1h4 d7b7 e2e4 f6e8 e4e5 g8f8 f3f4 g7f6 h5g6 f6h4 g6g7 h4g3 g7f8q e7f8 f1d3 h6h5 c3c4 d5c4 d3e2 c4c3 b2c3 h5h4 e2d3 b7b6 a5a3 a6c7 c3c4 b5c4 d3c4 g3f4 d2e2 f4c1 d1c1 a7a5 c1d1 c8b7 g1h3 f7f6 b1d2 f8g7 a3b3 b7a6 e5f6 g7f6 b3b6 f6f5 g2g4 h4g3 c4d3 f5g4 e2e3 g4h3 b6a6 a8a6 d1e1 g3g2 d3a6 g2g1q e1g1 c7a6 g1h1 h3g3 e3d3 a6b4 d3e3 b4c2 e3d3 c2a3 h1c6 g3f2 d3c3 e6e5 c6b7 e5e4
324,W,material_adjudication,66,1.701174,1620,2026-09-11 18:31:05,d2d3 e7e5 e1d2 h7h6 f2f3 e8e7 e2e4 f7f6 g1h3 e7e6 a2a4 a7a5 b2b3 f8e7 d3d4 e7b4 d2e2 c7c5 h3g1 e5d4 h2h4 h8h7 e4e5 e6f5 e5f6 g7f6 c1a3 b7b6 a3b4 a5b4 g2g3 c8b7 d1e1 d8c8 g3g4 f5e5 e2d1 e5f4 e1e2 f6f5 h4h5 f5g4 f3g4 f4g3 b1d2 b7h1 e2d3 h1f3 d3f3 g3h4 f3a8 h7g7 f1e2 b8c6 a8c8 g8f6 c8b7 f6g4 a1b1 g7g5 b1b2 c6a5 b7e4 d7d6 e2g4 g5g4
325,B,material_adjudication,66,1.743561,1625,2026-09-11 18:32:30,e2e4 c7c6 g1e2 f7f5 b1c3 g8f6 h2h4 f5e4 g2g4 c6c5 c3b5 f6g4 f2f4 e7e5 d2d3 d8e7 b5a3 g4e3 e2g3 e3d1 b2b4 e8f7 e1d2 d1f2 h1h3 d7d6 d3d4 c8h3 f1b5 e4e3 d2e3 e5e4 g3e4 f2d1 e3d2 g7g5 e4c5 g5f4 b5c4 f7f6 a1b1 h3g4 d4d5 f8g7 b1b2 h8f8 a3b5 f6f5 b5d6 e7d6 c4d3 f5f6 d3h7 d1e3 d2e1 f8g8 c1e3 g8f8 e3f4 d6d5 f4d6 f8e8 e1f1 d5d4 c2c3 d4e4
326,B,material_adjudication,66,1.694385,1630,2026-09-11 18:32:52,b1a3 a7a5 d2d3 a8a6 e1d2 d7d5 e2e4 c7c5 a3b1 e8d7 e4d5 f7f6 g1f3 h7h5 d3d4 g7g5 f1d3 c5d4 d3b5 d7c7 f3d4 d8d5 g2g3 d5d4 d2e2 e7e5 f2f3 c8d7 c2c3 d4d1 h1d1 d7b5 d1d3 b5d3 e2f2 d3b1 a1b1 g5g4 c3c4 f8h6 f2e2 a6d6 c4c5 d6d8 f3g4 h5g4 a2a3 b7b6 c5b6 c7c6 e2e1 d8d5 c1h6 g8h6 b1c1 c6b7 c1b1 d5b5 e1e2 b7b6 b2b3 b8d7 e2e1 h6f5 b1b2 d7f8
327,W,value_resign,53,1.731756,1635,2026-09-11 18:34:56,b2b4 a7a5 d2d4 g8f6 h2h4 a5a4 d4d5 a4a3 c2c3 e7e5 c1a3 f8d6 h1h3 a8a3 b1a3 g7g6 a3b5 g6g5 f2f4 h7h5 h4g5 f6d5 c3c4 d5f4 e1f2 d8e7 c4c5 f7f5 c5d6 c7d6 g1f3 e8f8 d1a4 e5e4 f3h4 b8c6 h3h1 e7g5 b5d6 g5g4 b4b5 c6e5 d6f5 e5f7 g2g3 g4f5 h4f5 f4h3 f2e1 d7d5 f1h3 c8d7 e1f1
328,W,material_adjudication,78,1.689632,1640,2026-09-11 18:36:22,a2a3 a7a5 e2e3 e7e5 d2d4 g8h6 g2g3 f7f5 g1f3 b8c6 f1b5 a8b8 h2h3 d7d6 b5c6 b7c6 h1f1 e5e4 e1d2 b8b2 c1b2 e4f3 a3a4 g7g6 b1a3 c8b7 f1h1 c6c5 g3g4 d8f6 d2e1 h6g4 h3g4 h7h5 g4g5 f6g5 d4c5 b7d5 d1d5 d6c5 d5f3 h8h7 h1g1 g5g1 e1e2 g1a1 b2a1 c5c4 f3g3 f8a3 a1e5 a3c5 e2d2 e8f7 c2c3 c5d6 e5d6 c7d6 g3d6 h5h4 d6d5 f7g7 d5c5 g7f7 d2e2 h7h8 e2d2 h8c8 c5d5 f7f8 d2e2 c8d8 d5d8 f8f7 d8a8 f7e7 e2e1 h4h3
329,B,checkmate,82,1.695352,1645,2026-09-11 18:36:18,e2e4 c7c6 f2f4 d7d6 a2a3 c8g4 h2h3 b8d7 h3g4 a7a6 d2d4 f7f5 b1d2 d8b8 e4f5 d7f6 a3a4 a6a5 d4d5 f6g4 b2b3 g4e3 f1e2 g8h6 b3b4 h6g4 d5c6 e3d1 f5f6 e7f6 e2g4 a5b4 c6b7 b8b7 f4f5 d1c3 g4e2 c3e2 g1e2 f8e7 e2f4 b7c8 d2b3 c8f5 a4a5 h8g8 g2g3 a8c8 e1d2 c8c2 d2d1 g8f8 a1b1 g7g5 f4g6 f5g6 c1g5 g6g5 d1c2 g5g7 h1h2 f6f5 g3g4 f5g4 h2h5 e7h4 h5h4 g7f6 a5a6 g4g3 a6a7 f6d8 a7a8q d8a8 b1h1 g3g2 h1g1 a8a2 c2c1 f8f1 g1f1 g2f1q
330,B,value_resign,42,1.668395,1650,2026-09-11 18:43:29,g2g3 h7h5 f1g2 b7b5 g3g4 d7d5 b2b3 e8d7 d2d3 b8a6 e2e4 g7g5 d1e2 a6b4 h2h4 h5g4 c2c3 b4a2 b1d2 f8h6 d3d4 g8f6 h4g5 h6g5 f2f4 g4f3 e2f2 g5d2 e1d2 a2c1 f2f3 c1b3 d2c2 b3a1 c2d1 d5e4 f3e4 f6e4 g2f3 a1c2 d1c2 d7c6
331,B,material_adjudication,85,1.667250,1655,2026-09-11 18:45:26,b1a3 a7a5 d2d3 c7c5 e1d2 h7h5 d3d4 h5h4 a3b1 d7d5 e2e4 e8d7 g1e2 d5e4 g2g4 d7e6 h2h3 b7b5 h1g1 c5c4 a2a3 f7f5 g4f5 e6f7 e2f4 c8f5 d1e1 b8d7 f1g2 g8f6 f4e2 f6d5 b2b3 d7b8 b3c4 b5c4 e1d1 d8b6 b1c3 d5c3 e2c3 b6d4 d2e2 b8c6 c3d5 d4a1 c1g5 a1b2 f2f4 b2b8 e2e1 c4c3 e1e2 c6b4 d5c3 b8c8 c3d5 c8e6 e2f2 b4d5 d1f1 a8b8 c2c4 d5b4 a3b4 b8a8 f1d1 a8a7 d1d4 a5a4 d4a7 e6c4 a7a4 c4d3 g1d1 d3c3 d1c1 c3c1 a4c2 c1c2 f2f1 h8h7 g2e4 f5e4 b4b5
332,B,value_resign,40,1.699951,1660,2026-09-11 18:46:56,g1f3 h7h5 b1a3 g8f6 f3e5 g7g5 h2h4 f6g8 e5f3 f7f5 a3c4 d7d6 g2g3 d6d5 f3e5 g5h4 e5d7 d5c4 d2d4 c4d3 e2d3 b7b6 d7b8 h8h6 f2f4 c8b7 b8a6 b7h1 b2b3 d8d4 a2a4 d4a1 c1b2 a1b2 d1b1 b2b1 e1e2 h6e6 e2d2 g8f6
333,B,material_adjudication_moderate,109,1.724804,1665,2026-09-11 18:47:42,a2a4 d7d6 c2c4 d6d5 b2b4 e8d7 c1a3 f7f6 b4b5 a7a5 d1b3 d7e6 a3d6 e7d6 b3h3 e6e5 h3d3 e5e6 g1h3 g7g5 c4d5 e6e7 a1a3 c8d7 e2e4 h7h5 f2f3 b8a6 b5a6 b7a6 b1c3 d7h3 g2h3 e7e8 e4e5 f6e5 d3e2 h5h4 a3a1 h8h6 a1c1 f8e7 c1b1 e5e4 c3e4 a8b8 b1b8 d8b8 e4g5 b8b4 e2e3 b4a4 h1g1 a4b4 f3f4 e8f8 g5e4 b4b6 f1d3 b6e3 d2e3 a5a4 e1d2 a4a3 g1b1 a6a5 b1b8 f8f7 e4c5 d6c5 b8b3 g8f6 b3a3 h6h8 a3a5 c5c4 d3c4 h8d8 d2e1 e7b4 e1f1 b4a5 c4b5 c7c6 d5c6 a5b4 c6c7 d8c8 b5a6 c8c7 a6b5 c7d7 b5d7 f6d7 f1e2 d7f6 e2f3 f7g6 e3e4 g6f7 e4e5 f6h7 f3e4 f7g8 e4d4 b4e1 d4e3 g8h8 e3f3
334,B,value_resign,56,1.734628,1670,2026-09-11 18:48:26,e2e4 b8a6 d2d3 a6b8 e1d2 e7e5 d1f3 f7f6 d2e2 a7a5 b1c3 b8c6 b2b4 c6d4 e2d2 d8e7 h2h3 d4f3 g2f3 c7c6 a2a3 a5b4 a3b4 a8a1 c3b1 e7b4 c2c3 b4e7 d2e3 a1b1 d3d4 b7b6 d4e5 c6c5 e5f6 g7f6 c1a3 c8a6 h3h4 a6b7 h4h5 e7d6 e4e5 d6e5 e3d3 e5f4 f1e2 g8e7 d3c2 f4g5 f3f4 g5f4 c2b1 f4c7 c3c4 f8h6
335,W,material_adjudication_moderate,84,1.725685,1675,2026-09-11 18:48:49,g1f3 h7h5 a2a3 b7b6 c2c4 f7f5 f3e5 g7g5 d2d4 a7a5 e2e4 f5e4 c1g5 d7d6 e5g6 f8g7 g2g4 a5a4 d4d5 c8g4 d1c1 b8d7 f2f4 a8c8 g6h4 d7b8 b1d2 h8h6 a1b1 h6h7 d2e4 g4f5 h4f5 g8f6 h2h3 f6d7 e1d1 h5h4 f1d3 b8a6 c4c5 a6c5 f5g7 h7g7 e4c5 d7c5 d3c4 c7c6 d5c6 g7g5 f4g5 c5e4 c4d5 e4f2 d1e1 f2d3 e1e2 d3c1 h1c1 b6b5 c6c7 c8c7 b2b4 c7c1 b1c1 d8d7 d5c6 d7c6 c1c6 e8d7 c6c1 e7e5 g5g6 d7e6 e2e3 e6f6 g6g7 f6g7 c1c6 g7f8 c6d6 f8e7 d6d1 e5e4
336,W,material_adjudication_moderate,102,1.773228,1680,2026-09-11 18:49:52,d2d3 a7a6 e2e4 b7b6 d1d2 e7e5 d2e2 f8c5 f2f3 e8e7 b2b4 f7f6 c2c3 a6a5 b4c5 b6c5 c1a3 a8a6 a3c5 e7f7 g2g4 c8b7 a2a3 a6a8 g4g5 f6g5 h2h4 a5a4 h4g5 b7c8 c3c4 b8a6 c5e3 g8e7 e1d1 c8b7 d1d2 e7g6 d3d4 e5d4 e3d4 g6f4 e2e3 f4e6 g1h3 f7e8 e3c3 e6d4 c3d4 d8e7 d4c3 h8f8 e4e5 f8f3 c3d4 f3f5 b1c3 b7h1 c4c5 h1c6 f1a6 a8a6 d4c4 a6a8 a1b1 e7e5 b1e1 c6e4 e1e4 e5e7 e4e7 e8e7 d2e3 g7g6 c4d3 f5c5 c3e2 c5c6 h3f4 a8a6 e2d4 c6d6 f4d5 d6d5 d3a6 d5d4 e3d4 d7d6 a6a7 e7e8 d4e4 e8f8 a7b7 f8e8 b7d5 c7c5 d5c4 e8e7 c4d5 e7e8 d5b7 e8d8
337,W,material_adjudication_moderate,97,1.692529,1685,2026-09-11 18:51:13,b2b4 a7a5 d2d4 h7h6 h2h4 h6h5 c1d2 h8h7 d4d5 a5a4 d2f4 e7e6 d5d6 c7c6 b4b5 a4a3 b1a3 a8a3 h1h3 b8a6 e2e3 a6b4 f1e2 g7g6 e3e4 f7f5 h3a3 b4d5 c2c4 d5f4 a1b1 f8d6 a3b3 f4e2 e1e2 d6c5 d1d2 g8e7 e4e5 d7d6 e5d6 d8d6 b5c6 d6d2 e2d2 b7c6 d2e2 c5d4 b1d1 d4f6 c4c5 c8a6 e2e1 e6e5 g1f3 e5e4 f3g5 h7h6 a2a4 f5f4 g5e4 f6h4 g2g3 f4g3 f2g3 g6g5 g3h4 g5h4 e4g5 h4h3 b3h3 h6g6 h3h5 g6g5 h5g5 e7g8 g5g8 e8f7 g8g5 f7f6 g5e5 f6e5 d1c1 e5e6 c1d1 e6e5 d1c1 e5e6 c1b1 e6d5 b1c1 d5e6 c1b1 a6d3 b1d1 d3e4 a4a5
338,W,material_adjudication_moderate,76,1.687583,1690,2026-09-11 18:51:53,e2e3 e7e5 d1h5 d8e7 f1c4 g7g6 g2g3 e8d8 e1d1 g6h5 g1f3 h5h4 g3g4 b7b5 c4f7 g8h6 c2c3 h6f5 e3e4 f5g7 g4g5 g7e6 f7g6 e7d6 a2a3 f8g7 g6f5 d6b4 a3b4 d7d6 f5e6 c8e6 h2h3 a7a6 b1a3 c7c6 a3c2 h8f8 d1e2 d8e8 d2d4 e6b3 c2e1 d6d5 d4e5 d5e4 f3d4 g7h8 c1d2 a8a7 d4b3 a7d7 b3c5 h8e5 c5d7 b8d7 f2f4 f8f4 a1d1 e8e7 e2e3 e5b8 e1c2 a6a5 b4a5 b5b4 a5a6 b4c3 d2c3 c6c5 d1d2 e7e8 e3e2 f4f3 c3h8 e4e3
339,W,material_adjudication,80,1.692729,1695,2026-09-11 18:54:14,d2d3 b7b6 c1g5 f7f6 g2g4 e8f7 f1g2 f7e8 e2e3 b8a6 h2h4 e7e6 g2a8 d8e7 h1h3 d7d5 g5f4 e6e5 f4e5 f6e5 e3e4 h7h5 g4g5 c8d7 e4d5 a6c5 a2a3 d7h3 g1h3 e5e4 a8c6 e8d8 d1e2 e4d3 c2d3 e7e2 e1e2 f8e7 b1d2 a7a5 a1d1 c5a6 d2e4 g7g6 d3d4 a6b8 b2b3 b8c6 d5c6 b6b5 e2f3 e7a3 d4d5 a5a4 e4d2 a4b3 d2b3 a3d6 b3d4 b5b4 d4b5 b4b3 b5d6 b3b2 d6e4 b2b1q d1b1 g8e7 b1c1 e7f5 h3g1 h8e8 e4c5 e8e1 c1e1 f5h4 f3e3 d8c8 e1e2 c8d8
340,W,material_adjudication,66,1.672450,1700,2026-09-11 18:56:13,e2e3 e7e5 e3e4 d8g5 d1e2 e8d8 e1d1 g8f6 b1a3 c7c6 d2d3 a7a6 c1g5 b7b5 a3b1 d7d6 g2g4 h7h6 g5c1 f6h5 f1h3 h5f4 e2d2 g7g5 d1e1 c8f5 d2a5 d8d7 a5a3 f5e6 b1d2 f7f6 g1e2 b5b4 a3a4 d7d8 h1f1 b8d7 b2b3 d7c5 a4a5 d8c8 c2c4 b4c3 a5b6 c5d7 b6a5 c3d2 c1d2 f4e2 e1e2 d6d5 e4d5 c6d5 a5c3 d7c5 a1e1 e6f7 c3a5 c5b3 a2b3 c8b7 f1g1 f8g7 g1f1 a8c8
341,W,material_adjudication,68,1.781470,1705,2026-09-11 18:59:01,e2e4 c7c5 b2b3 d8b6 d2d3 e7e6 c2c3 h7h6 e1e2 f7f5 f2f3 g7g5 a2a4 a7a5 d3d4 f5f4 b3b4 b6a7 h2h3 a5b4 g2g3 c5d4 d1d4 b7b5 d4a7 a8a7 g3f4 a7c7 e2e1 b4b3 f4g5 g8e7 b1d2 c7b7 a4b5 d7d5 e4d5 e6d5 c3c4 c8f5 c4d5 b7b5 f1b5 e8d8 c1b2 b8d7 g1e2 f8g7 e2d4 g7d4 b2d4 b3b2 a1b1 h8h7 e1d1 h6g5 d5d6 e7d5 b1b2 h7h8 b5d3 f5d3 d4h8 d5f4 h3h4 g5h4 b2b7 d8c8
342,B,material_adjudication,66,1.657382,1710,2026-09-11 18:59:42,h2h4 e7e6 g2g4 e6e5 c2c4 b7b6 d2d3 d7d6 b1d2 c8b7 f1h3 e5e4 a2a4 b8a6 f2f4 e4d3 c4c5 d8b8 e2d3 b7h1 g4g5 h1d5 d1h5 d5b7 a4a5 g7g6 b2b4 g6h5 a5b6 c7c6 h3e6 a6b4 a1a4 a7a5 e6f7 e8e7 f7e6 f8g7 f4f5 d6d5 g1f3 b4d3 e1e2 d3c1 e2e1 e7d8 g5g6 d8e8 a4a5 b7a6 e6g8 b8c8 g8h7 e8d8 a5a3 h8e8 e1d1 g7b2 a3c3 d5d4 g6g7 b2c3 f5f6 a8b8 d1c1 b8b7
343,W,value_resign,75,1.691359,1715,2026-09-11 19:01:46,e2e3 a7a5 h2h3 c7c5 b1a3 h7h5 a1b1 f7f5 e1e2 a8a7 g1f3 h8h6 f3e5 g7g5 g2g3 d8b6 b2b3 a7a6 d1e1 b6f6 d2d4 a5a4 a3b5 f6e6 b5c7 e8d8 c7e6 h6e6 c1a3 g8h6 f1g2 c5d4 e3d4 b7b6 c2c4 b8c6 h1f1 c6d4 e2d3 a4b3 d3d4 c8b7 a3c1 b3a2 b1a1 b7g2 e1e3 g2f1 c1b2 e6f6 a1f1 f5f4 e3f3 g5g4 h3g4 h5g4 e5g4 h6g4 f3g4 f4g3 g4g3 f8h6 f2f3 h6f4 g3g7 f6f7 g7f7 a2a1q b2a1 a6a1 f1a1 f4e3 d4d3 b6b5 c4c5
344,W,material_adjudication,66,1.719100,1720,2026-09-11 19:06:51,e2e3 a7a5 h2h3 b8c6 a2a3 e7e5 g1f3 a5a4 g2g4 f8d6 f3h2 c6e7 d2d3 g7g5 e1d2 b7b6 d1f3 h7h5 f3a8 h5g4 h2g4 c8a6 a8a6 d8c8 a6c8 e7c8 f2f3 g8f6 c2c3 e5e4 f3e4 f6e4 d2c2 e8f8 d3e4 d6e5 f1e2 d7d5 c1d2 d5e4 g4h2 e5h2 h1h2 g5g4 e2a6 g4h3 c2d1 f7f6 a6c8 h8h6 h2h3 h6h3 c3c4 h3h2 b2b3 h2f2 d1e1 a4b3 e1f2 b3b2 a1a2 f6f5 d2c3 f8f7 f2e1 c7c5
345,B,material_adjudication,71,1.694584,1725,2026-09-11 19:10:47,h2h4 b7b6 b2b3 g7g5 b1c3 c7c5 c3a4 f8g7 a4c3 c8a6 h1h2 a6d3 h2h1 g7c3 d2c3 d7d6 a2a4 b8d7 b3b4 d3e4 f2f3 g8h6 h1h3 g5g4 f3g4 h6g4 c1d2 h8f8 a1c1 e7e5 b4c5 b6c5 e2e3 f7f5 h3g3 d8e7 g1h3 g4f6 h3g5 e4b7 c1b1 f5f4 b1b7 f4g3 b7c7 h7h6 f1c4 d6d5 g5e6 d5c4 e6f8 e8f8 d1c1 f6d5 c1d1 d5c7 d1g4 c7a6 g4h3 e7f6 e1d1 a8d8 e3e4 f8e7 d2h6 f6h6 h4h5 d8c8 a4a5 c8c6 h3h4
346,D,cap_draw,150,1.694586,1730,2026-09-11 19:11:37,b2b3 g8f6 e2e3 g7g5 f2f4 b8a6 c2c3 h7h6 h2h4 f6g8 f1c4 f7f6 h4g5 d7d5 h1h5 d5c4 d2d4 d8d4 e3d4 c8d7 c1d2 a8b8 f4f5 f6g5 a2a4 g5g4 a4a5 g8f6 b3c4 c7c5 b1a3 f6h5 a1b1 b8d8 a3c2 d7a4 d4c5 a6c5 f5f6 e7f6 a5a6 b7a6 d1g4 a4c2 g4h5 e8d7 b1b2 c2a4 b2b1 f8d6 h5d1 a4d1 e1d1 d8f8 g2g4 f6f5 g4f5 h6h5 g1f3 c5e6 f5e6 d7e7 c4c5 f8f3 c5d6 e7d6 d1e2 f3f6 e6e7 d6e7 d2g5 e7f7 g5f6 f7f6 e2d2 h8c8 d2d3 h5h4 b1f1 f6e7 f1f3 h4h3 f3h3 e7d7 h3h5 c8f8 c3c4 f8f2 d3e3 f2g2 h5e5 g2h2 e3f4 d7d6 f4f5 h2h6 f5f4 d6c6 f4f5 h6h2 f5f6 h2h3 f6e6 h3h6 e6e7 h6h2 e7e6 h2h6 e6e7 h6h2 e7e6 h2h6 e6e7 h6h2 e7e8 c6d6 e5e3 a6a5 e3d3 d6c5 d3c3 h2f2 c3c1 a5a4 c1a1 c5c4 a1a4 c4b3 a4a7 b3c4 a7a6 c4d5 a6h6 d5c4 h6h7 c4c5 h7h8 c5d4 h8h7 d4c5 h7h8 c5d4 h8h7 d4c5 h7h8 c5d4 h8h7 d4c5 h7h8 c5d4
347,W,material_adjudication,72,1.710829,1735,2026-09-11 19:12:45,b1a3 f7f6 a3b1 d7d5 e2e3 e7e5 f1e2 g8e7 g2g4 b8d7 e1f1 a7a6 h2h4 a8b8 e2c4 g7g5 h4g5 c7c5 c4d5 e7d5 d2d4 d5e7 d1e2 f8g7 d4c5 f6g5 h1h3 h7h5 a2a4 b7b6 c5b6 h5g4 h3g3 h8g8 e3e4 b8b6 c1g5 b6b2 b1c3 g8f8 g5e7 d8e7 g3g4 d7f6 g4g3 e8f7 e2f3 b2b4 c3d5 b4e4 d5e7 f7e7 f3g2 c8f5 a4a5 e7d7 c2c4 e4d4 g1h3 f8c8 g3g7 d7e6 f2f3 c8c4 g2g5 f6h5 g5h5 c4a4 a1a4 d4a4 h5h6 e6d5
348,B,material_adjudication,69,1.698021,1740,2026-09-11 19:13:07,e2e3 h7h5 b2b3 b7b6 d2d3 g7g5 g2g4 d7d6 e3e4 f8g7 c1g5 a7a6 d1e2 h5g4 b1d2 f7f6 g5f6 e7f6 a1b1 g7h6 d3d4 e8d7 a2a4 a8a7 c2c4 b8c6 f2f3 c6b4 f3g4 a7b7 g1h3 f6f5 e4f5 a6a5 e2d1 h6e3 h3f4 b7b8 c4c5 g8f6 f1c4 d6c5 d4c5 e3f4 h1f1 d8e7 e1f2 e7c5 f2e1 d7e7 f1f4 c8d7 d1e2 e7f8 e2f1 b8d8 g4g5 f6h5 f4g4 d7f5 d2e4 d8e8 f1f5 c5f5 g4f4 h5f4 b1c1 c7c6 c1b1
349,B,material_adjudication,66,1.754061,1745,2026-09-11 19:14:58,b1c3 d7d6 g1h3 c8h3 g2h3 b8a6 c3a4 g7g6 c2c4 d8d7 d1b3 f7f5 h3h4 f5f4 h1g1 b7b5 c4b5 a6c5 b3d5 c5a4 f1g2 c7c6 b5c6 d7c8 d5g8 h8g8 b2b3 e7e6 b3a4 f8g7 h4h5 g7a1 f2f3 a1e5 c1a3 e8e7 e1f2 e7f8 d2d4 e5d4 f2f1 d4e5 g2h3 g6h5 a3c1 c8c7 c1d2 f8f7 g1h1 c7c6 d2f4 e5f4 h3f5 c6c5 f5h7 a7a6 h7g8 f7f6 a4a5 c5c6 a2a4 c6c5 f1g2 d6d5 h1c1 c5e7
350,W,material_adjudication_moderate,76,1.684184,1750,2026-09-11 19:16:04,h2h4 b7b6 b1a3 h7h5 a3c4 c8b7 f2f4 h8h7 g2g3 g7g6 f1g2 b8c6 e1f1 d7d5 b2b3 d8b8 e2e4 d5c4 e4e5 f7f5 c1b2 c4c3 d2c3 a7a5 d1d2 h7h8 d2c1 g6g5 f4g5 a8a7 g1f3 f5f4 g3f4 f8g7 g5g6 e8f8 a2a4 a7a8 f1e2 b7a6 e2f2 a6b7 g2h3 b8c8 h3c8 a8c8 c3c4 c8d8 c1b1 e7e6 c2c3 c6b8 b3b4 b7f3 f2f3 a5b4 c3b4 d8d7 b1f1 f8e7 h1g1 g7f8 g6g7 f8g7 f4f5 d7d2 c4c5 b8a6 g1g3 g7h6 c5b6 c7b6 a1e1 a6b4 f5f6 g8f6
351,W,material_adjudication_moderate,89,1.709098,1755,2026-09-11 19:20:55,e2e3 a7a5 f1b5 h7h5 d2d4 h8h6 f2f4 f7f5 b5d3 d7d6 e1d2 g7g5 f4g5 f5f4 g2g3 c8g4 d3e2 d8c8 b2b3 a5a4 g5h6 a8a5 d2c3 a5a8 e3f4 a4a3 c3d3 g4e2 d3e2 b8d7 d4d5 f8h6 b1a3 e8f7 f4f5 g8f6 c1d2 a8a3 c2c3 f6d5 g1f3 c8b8 f5f6 a3a8 e2f2 h6d2 d1d2 h5h4 d2d5 e7e6 d5d3 d7c5 d3h7 f7e8 b3b4 c5e4 f2g2 e4f6 h7g6 e8e7 f3h4 f6e4 g3g4 d6d5 h1e1 c7c5 g6g7 e7e8 b4c5 b8c7 g7c7 a8c8 e1c1 c8c7 a1b1 c7c5 h2h3 d5d4 c3d4 c5f5 g2g1 f5f2 b1a1 b7b5 a2a3 f2e2 g1h1 e4g3 h1g1
352,B,material_adjudication,66,1.713854,1760,2026-09-11 19:25:32,b1c3 c7c6 g1h3 b8a6 g2g4 h7h5 c3d5 e7e5 e2e4 a6c5 a2a3 g7g6 b2b3 b7b5 g4g5 c6d5 e4d5 c5e4 f1g2 g8f6 g2e4 f6e4 f2f3 f7f6 f3e4 f6g5 d1f3 c8b7 d2d3 g5g4 f3f4 g4h3 d5d6 e5f4 a1a2 d8c8 c1f4 c8c5 b3b4 c5c6 a2b2 g6g5 f4g5 e8f7 e1g1 f7e8 c2c3 a8c8 b2b1 h8h7 b1a1 h7g7 f1f6 g7g5 g1f2 c8a8 a1f1 h5h4 f6f7 a8d8 f2e2 c6d6 f1f3 b7c6 f3f4 g5h5
353,B,material_adjudication_moderate,90,1.639637,1765,2026-09-11 19:25:57,h2h4 b7b6 b2b3 h7h5 c1b2 c7c6 g2g4 c6c5 d2d4 c8b7 f1g2 h5g4 b1a3 b7g2 f2f3 g2h1 e2e4 f7f5 f3f4 d8c8 e4f5 d7d5 d1d3 h1f3 f5f6 h8h5 d3e3 g8h6 f6e7 h6f7 g1f3 f8e7 f3g5 h5h4 f4f5 c5c4 g5e6 f7e5 d4e5 e7a3 b2a3 h4h7 a1d1 c4b3 c2b3 g7g5 d1d5 b8c6 e6g5 h7h2 e3f4 c6e7 f4h2 e7d5 h2d2 c8c6 e1e2 a8c8 e5e6 a7a6 e6e7 d5e7 a3b2 b6b5 g5e6 b5b4 f5f6 e7g6 a2a4 a6a5 d2d3 c6e6 d3e3 e6e3 e2e3 c8c5 b2d4 c5f5 e3e4 f5h5 d4g1 g4g3 f6f7 e8f8 e4f3 g6h4 f3g3 f8f7 g3g4 h5h8
354,B,material_adjudication_moderate,97,1.757781,1770,2026-09-11 19:26:19,b1a3 h7h6 b2b4 c7c5 g2g4 c5b4 c2c4 b4c3 d2d4 a7a5 e2e3 a8a7 a3c2 e7e6 e1e2 e6e5 c2b4 b7b6 a2a3 h8h7 e3e4 b6b5 c1e3 h7h8 h2h4 a5b4 e3c1 d8e7 g4g5 e7d6 d4e5 d6e5 g5h6 e5e4 c1e3 g8h6 a3b4 b8a6 f2f3 e4b4 e3a7 f7f6 a1b1 b4a4 b1a1 a4b4 a1b1 b4a4 b1a1 a4b4 a1b1 b4a4 b1a1 a4d1 e2d1 a6b4 f1b5 h6g8 b5f1 g7g5 h4g5 h8h1 a1c1 f6g5 c1c3 c8b7 f3f4 b4c6 f4f5 h1g1 a7g1 c6e5 c3g3 f8d6 g3g5 e8f8 f1e2 b7f3 g5g6 f3e2 d1e2 e5g6 f5g6 d6g3 e2f3 g3h4 f3g4 h4f6 g4h5 f6b2 g1b6 f8g7 b6d4 b2d4 h5g5 d4g1 g5f5
355,B,cap_draw,150,1.706558,1775,2026-09-11 19:26:42,h2h4 c7c6 b2b3 b7b6 g2g4 c6c5 f1g2 f7f6 h1h2 d7d5 c1b2 c8b7 f2f3 a7a5 b1a3 b6b5 e2e4 b5b4 a3b1 b8c6 b2f6 g7f6 e4e5 f6e5 e1f1 h7h5 h2h1 a8c8 h1h2 g8f6 g4g5 d5d4 g5f6 e7f6 f3f4 f8h6 a2a4 d8d6 g2d5 d6d5 f4e5 f6e5 d1e2 e8d8 b1c3 b4c3 g1f3 h8h7 h2h3 c6b4 f3e5 b4c2 a1c1 c5c4 b3c4 d5c5 e5g6 b7c6 c1c2 h7c7 d2c3 c8b8 c3d4 c5f5 f1e1 f5g6 e2g2 g6g2 c2g2 c6a4 g2a2 c7h7 a2a4 d8d7 a4a5 h7g7 a5d5 d7c8 c4c5 g7d7 d5h5 h6f8 d4d5 f8g7 c5c6 d7c7 d5d6 c7c6 h5d5 g7f8 d6d7 c8d8 e1d2 c6g6 h4h5 g6e6 d5d4 f8g7 d4h4 d8d7 h5h6 e6h6 h4h6 g7h6 h3h6 b8c8 h6f6 d7e7 f6f4 e7d7 f4d4 d7e7 d4f4 c8b8 d2e1 b8b2 e1d1 e7e6 d1c1 b2h2 c1d1 e6e5 f4f7 e5d6 d1e1 d6e6 f7f3 e6e5 f3f7 h2h6 e1f1 e5e6 f7f8 e6e5 f1g2 e5d4 f8c8 h6g6 g2f3 g6h6 c8c6 h6c6 f3g2 c6b6 g2f3 b6b4 f3g2 d4e3 g2g1 b4a4
356,W,material_adjudication_moderate,94,1.643701,1780,2026-09-11 19:32:06,g1f3 h7h5 c2c3 b8a6 h2h4 b7b5 f3e5 c7c6 h1h2 a8b8 c3c4 a6c5 b2b3 d8a5 b3b4 a5c7 b4c5 b8b7 d2d4 d7d5 b1c3 d5c4 c1a3 a7a6 d4d5 c7e5 e2e4 b7a7 a3c1 e5h2 a1b1 g7g6 f1e2 c6d5 e4d5 g8h6 e2f3 a6a5 c3b5 a7d7 d5d6 e7d6 c1d2 d6c5 b5a3 c8a6 f3e4 d7d8 d2a5 f8e7 a5d8 e7d8 e4f3 d8e7 d1a4 e8f8 a4a6 h2e5 f3e2 h6g4 a6c4 e5e6 b1d1 g4f6 f2f4 e7d6 c4e6 f7e6 d1d6 f8e7 d6d3 h8d8 d3d8 e7d8 f4f5 g6f5 e1f1 c5c4 a3c4 f6e4 c4e5 e4f6 a2a3 d8c8 f1e1 c8b7 e1f1 b7c8 e2d3 c8d8 a3a4 d8e8 a4a5 f6g4
357,B,material_adjudication,75,1.691147,1785,2026-09-11 19:36:24,c2c3 h7h6 d1b3 b8a6 e1d1 e7e5 h2h4 h8h7 g2g4 g7g6 d2d4 f8d6 d4e5 h7h8 e5d6 b7b6 a2a3 c8b7 d1d2 g8f6 g4g5 h6g5 f1g2 g5g4 h4h5 b7g2 h1h4 f6e4 d2d1 d8h4 h5h6 a6c5 b3d5 h4d8 d5a8 d8a8 c1e3 c5b3 a1a2 a8d8 d6c7 d8c7 e3f4 c7f4 d1c2 e8e7 c2b3 f4f6 f2f3 f6f5 f3e4 f5e4 b1d2 e4b7 e2e3 b6b5 c3c4 e7f8 c4b5 f7f5 d2c4 f8g8 c4d6 b7b6 d6c8 b6c5 a2a1 g4g3 c8d6 c5d6 b3c4 d6e7 a1b1 e7f7 c4c5
358,W,material_adjudication,66,1.697228,1790,2026-09-11 19:36:49,e2e3 h7h5 g2g4 b7b5 f1c4 b8a6 d2d3 b5c4 e1e2 h8h7 b1d2 e7e5 f2f4 e5e4 d3c4 d7d5 g4h5 f8d6 h2h3 d8h4 a1b1 f7f5 g1f3 h4d8 c4d5 g8f6 f3d4 f6d5 c2c4 d5e3 e2e3 c7c5 d4b5 c8d7 b5d6 e8e7 d2b3 d8e8 d6e8 e7e8 h1e1 a8b8 a2a4 b8b3 d1b3 h7h6 e1d1 e8f8 b3a3 d7b5 a3b3 b5a4 b3a3 a4d1 a3a1 g7g6 h5g6 h6h7 a1a6 h7h6 b2b4 c5b4 a6a7 b4b3 c4c5 f8e8
359,W,material_adjudication,94,1.706448,1795,2026-09-11 19:38:24,e2e3 d7d5 f1c4 d5c4 h2h3 c7c6 g2g4 d8b6 d1e2 h7h5 e2c4 h8h6 f2f4 c8d7 g4g5 h6g6 d2d4 f7f5 h1h2 e7e5 d4e5 c6c5 g1f3 b8a6 a2a4 a6c7 a4a5 b6a6 b1d2 a6c4 d2c4 a8d8 c4d2 c5c4 f3h4 c7e6 h4g6 c4c3 b2c3 b7b5 e1f2 b5b4 c3b4 g8f6 h3h4 f6g4 f2g1 g4h2 g1h2 f8e7 b4b5 e6f8 g6f8 g7g6 f8g6 e7c5 a5a6 d7c8 b5b6 a7b6 c1b2 c8a6 a1a6 d8d2 h2h3 d2c2 b2a3 c2a2 a3c5 b6c5 a6a2 e8f7 e3e4 f7g6 e4f5 g6f5 a2a7 c5c4 g5g6 c4c3 g6g7 c3c2 a7a6 c2c1q g7g8q c1c7 a6a4 c7g7 g8g7 f5e6 g7h7 e6d5 a4a7 d5e6
360,B,material_adjudication,66,1.731878,1800,2026-09-11 19:38:48,d2d3 g8h6 c1g5 g7g6 a2a3 f7f6 g5h6 f8h6 b2b4 c7c5 d3d4 d7d5 c2c3 c5d4 c3d4 h6f4 b1c3 b8d7 a3a4 e7e5 h2h4 e5d4 a1b1 g6g5 e2e4 d4c3 f1c4 a7a6 d1d5 e8e7 e1f1 d7b6 d5d3 d8d3 c4d3 g5h4 h1h4 f4d6 b1c1 b6d7 e4e5 f6e5 h4e4 a6a5 b4a5 e7d8 a5a6 a8a6 d3a6 b7a6 c1c3 c8b7 c3f3 b7e4 f3f7 d8e8 a4a5 e8f7 f2f3 h7h6 f3e4 f7e6 f1e1 e6e7 g2g4 d6c5
361,B,material_adjudication_moderate,119,1.697621,1805,2026-09-11 19:39:35,h2h4 b7b6 b1a3 d7d6 b2b4 a7a5 a1b1 h7h5 b1b3 c7c6 c2c4 d6d5 b3g3 e7e5 d2d4 c8g4 c1g5 d8c7 h1h2 a8a7 e2e4 b6b5 h2h3 a7b7 d1d3 g4h3 g2h3 f8d6 c4d5 f7f6 d5c6 f6g5 c6b7 g5h4 a3b5 c7c1 e1e2 h4g3 b5d6 e8d7 d4e5 h5h4 f2g3 h4g3 b4a5 d7c6 a5a6 h8h5 d6c4 b8a6 f1g2 c6b7 g1f3 a6b4 d3b3 c1b1 b3b1 b7a7 b1c1 b4a2 c1d1 a2c3 e2d2 c3d1 d2d1 a7a6 h3h4 g7g6 c4d2 g8h6 f3d4 h6g4 g2f3 h5e5 f3g4 g3g2 d4e2 g2g1q e2g1 g6g5 h4g5 e5g5 g4e2 a6a7 e4e5 g5g1 d1c2 g1g2 e5e6 g2e2 e6e7 e2e7 c2b3 e7b7 b3a2 b7g7 d2b3 g7g4 b3c5 a7b6 c5b3 b6a6 b3d4 g4d4 a2b3 d4d7 b3c4 d7d8 c4c5 d8g8 c5c6 g8d8 c6c7 d8h8 c7c6 a6a5 c6c7 a5a4 c7d7
362,W,material_adjudication,86,1.681007,1810,2026-09-11 19:45:12,a2a3 g8f6 d2d3 b8a6 c2c3 h7h5 a3a4 e7e5 c1d2 g7g5 a1a2 f8d6 d2g5 e8f8 a4a5 d8e7 g5f6 h8g8 f6e7 f8e7 a2a1 e5e4 d1b3 e4e3 g2g4 d6g3 b3d5 a8b8 d5d4 g8g4 d4e3 e7f8 e3g5 g4g5 h2g3 g5g8 h1h5 g8h8 h5h8 f8g7 g3g4 g7h8 e1d2 c7c6 f2f4 d7d6 g1f3 h8h7 e2e3 c8d7 f3d4 c6c5 d4f3 c5c4 d3c4 b8e8 f3d4 e8e7 f1g2 a6c7 c4c5 d6c5 d4f3 c5c4 d2e2 c7d5 f3e5 d5e3 e2e3 f7f6 g2e4 h7h8 e5d7 e7d7 b2b4 c4b3 a5a6 b7a6 e4f3 d7d3 e3d3 b3b2 a1a5 f6f5 f3g2 f5g4
363,B,material_adjudication,77,1.726103,1815,2026-09-11 19:46:21,e2e3 g7g5 a2a3 c7c6 f2f3 g8f6 h2h4 g5h4 g1h3 a7a5 h3f4 d7d6 e1e2 a5a4 g2g3 f8h6 h1g1 e8d7 g3h4 d8b6 c2c3 h8g8 f4d3 g8g6 g1g2 e7e6 g2g1 g6g1 f1h3 g1d1 e2d1 f6g4 h3g4 d7d8 d3e5 f7f5 g4f5 e6f5 c3c4 d6d5 c4d5 c6d5 d2d4 d8c7 h4h5 b8a6 b2b3 a4b3 b1d2 c7b8 f3f4 b6c7 d1e1 a6c5 d4c5 c8e6 a3a4 d5d4 e3d4 h6f4 d4d5 f4g3 e1f1 h7h6 d2b3 b7b6 c5b6 c7g7 d5e6 g3e5 c1d2 e5a1 b6b7 a8a7 d2e3 a1f6 f1e1
364,B,material_adjudication_moderate,126,1.735690,1820,2026-09-11 19:47:27,h2h4 c7c6 h4h5 g8h6 c2c4 a7a5 h1h2 f7f6 e2e3 c6c5 f2f3 d7d5 h2h1 e8d7 a2a3 h6g8 b2b3 a5a4 e1e2 a4b3 d2d4 h7h6 e3e4 e7e5 e4d5 e5d4 h1h4 b7b6 g2g3 a8a4 e2f2 d4d3 f1g2 d7e8 d1b3 a4a6 f3f4 f8e7 b3d1 c8d7 g1h3 d7a4 f2f1 a4d1 c1b2 b8d7 b1d2 b6b5 c4b5 a6b6 b2c3 e8f8 a3a4 d7b8 c3a5 g7g5 a5b6 g5h4 b6d8 e7d8 a1d1 h4g3 f4f5 d8c7 d2e4 b8d7 d1d3 c5c4 d3d4 c4c3 g2f3 c3c2 d4d1 c2d1q f1g2 c7b6 f3d1 g8e7 a4a5 b6a5 h3f4 e7d5 f4d5 a5d8 g2g3 f8g7 g3g2 g7f8 g2h1 h8g8 e4f6 d7f6 d5f6 d8f6 b5b6 g8g7 b6b7 g7b7 h1g2 b7b2 d1e2 f6e7 f5f6 e7f6 g2h3 b2e2 h3g3 f6e5 g3f3 f8g8 f3e2 e5g7 e2d3 g8f8 d3c4 f8g8 c4b5 g7c3 b5c4 c3e1 c4b5 g8g7 b5c4 g7f7 c4d3 e1g3
365,B,material_adjudication,66,1.728135,1825,2026-09-11 19:50:21,g2g3 c7c5 d2d4 h7h6 h2h4 b8c6 g1h3 a8b8 e1d2 g7g5 f1g2 c6d4 h4g5 e7e5 f2f4 g8e7 f4e5 h6g5 h1g1 d4e6 d2e3 g5g4 h3g5 f7f5 e5f6 e7d5 e3d3 e6g5 b2b3 g5h7 g2d5 h7f6 c2c4 f6d5 c4d5 f8g7 e2e4 g7a1 c1e3 a1d4 e3d4 c5d4 d1c2 a7a5 d3d4 d7d6 d4e3 h8h7 b1a3 d8f6 e4e5 f6e5 e3d2 c8e6 d5e6 h7e7 c2b2 e5b2 d2d1 e7g7 g1e1 b2g2 e1e3 e8d8 d1e1 g7g5
366,B,material_adjudication_moderate,79,1.658948,1830,2026-09-11 19:50:44,a2a3 b7b6 d2d3 c8b7 c2c4 g7g6 d3d4 b8a6 b2b4 e7e6 b1d2 f8b4 a3b4 g6g5 a1a6 d8b8 f2f3 e8e7 d1b3 b7a6 b3d1 c7c6 e2e4 b8c8 h2h4 g5g4 g1e2 c8c7 f3f4 g8f6 c4c5 f6e4 d2e4 a6e2 e1e2 h8b8 c1b2 b6c5 e4c5 g4g3 e2e3 a7a6 h4h5 d7d6 f1d3 d6c5 d4c5 b8b4 b2e5 c7d7 h1g1 f7f6 d3h7 d7d1 g1d1 f6e5 d1d2 e5f4 e3e2 f4f3 e2f3 a8d8 d2d8 e7d8 h5h6 b4b3 f3f4 d8d7 h7f5 b3b8 f4e5 e6f5 h6h7 b8h8 e5f6 h8h7 f6g6 h7h8 g6g7
367,W,material_adjudication,70,1.747347,1835,2026-09-11 19:52:54,e2e3 a7a5 e3e4 f7f6 f1a6 g8h6 d2d3 e7e5 f2f3 f8e7 a6b7 g7g5 b7a8 c7c6 a2a4 g5g4 e1f2 c6c5 b1c3 b8c6 c1h6 h8g8 h6f4 e5f4 h2h4 g8g6 d1b1 d7d5 e4d5 c8a6 a8c6 d8d7 c3d1 d7c6 d5c6 g4f3 g1f3 e8f8 f3d4 c5d4 g2g4 f4g3 f2g2 e7d6 h4h5 g6g5 h1g1 g5h5 b2b4 a5b4 b1c1 h5h4 g2f1 h7h5 f1e1 h4h3 g1h1 h3h1 e1d2 g3g2 d1f2 g2g1q f2h1 a6c8 c1g1 f8f7 g1g2 f7f8 d2c1 f8f7
368,W,value_resign,57,1.693016,1840,2026-09-11 19:53:36,e2e3 g7g5 a2a3 e7e6 g2g3 b8c6 h2h4 g5g4 h4h5 f7f6 h5h6 g8e7 f1d3 a8b8 d3f5 e6e5 f5g4 f8h6 h1h6 d7d6 e1f1 d6d5 g4c8 d8c8 d1h5 e7g6 c2c3 c6e7 h6h7 h8h7 h5h7 c7c6 a3a4 c8c7 e3e4 d5e4 f2f3 c6c5 f3e4 g6f4 g3f4 e5f4 g1h3 f4f3 h3g1 c7b6 g1f3 e7c8 e4e5 f6e5 f3e5 b6h6 h7h6 e8e7 e5g6 e7e8 d2d4
369,B,value_resign,54,1.734923,1845,2026-09-11 19:56:30,a2a3 b7b6 c2c4 f7f6 d2d4 e7e6 a3a4 b8a6 a1a3 f8a3 e2e4 a3e7 g2g4 e8f8 b1d2 g7g6 d4d5 f8g7 g4g5 e6d5 d1h5 g7f8 h5e2 e7d6 f2f3 d5e4 b2b3 c7c6 c1b2 h7h6 e2e4 h6g5 e4d4 c6c5 d4d6 f8e8 g1e2 c8b7 e2f4 g5f4 a4a5 b6a5 b2d4 a6b4 d4c5 g8h6 f1e2 h6f7 h2h4 f7d6 e2f1 h8h6 f1e2 b7f3
370,B,material_adjudication,91,1.744866,1850,2026-09-11 20:00:14,a2a3 a7a5 e2e3 c7c5 e1e2 b7b5 c2c4 d7d5 d2d4 d5c4 b1c3 b5b4 d4c5 b4b3 c3b5 c8a6 a3a4 h7h6 d1d2 e7e5 g2g4 d8f6 b5c7 e8e7 c7a8 a6b7 f1g2 b7g2 h2h3 g2h1 a1b1 c4c3 d2c3 f6e6 a8c7 e6f6 c3b3 b8d7 c7d5 h1d5 b3d5 e7e8 d5d2 d7c5 d2a5 f8d6 a5d2 g8e7 d2d6 f6d6 h3h4 g7g5 c1d2 h6h5 e3e4 c5d7 a4a5 h5g4 a5a6 h8h4 a6a7 d6c6 a7a8q c6a8 g1f3 g4g3 f3h4 g5g4 h4f5 g3g2 f5e7 e8e7 b1a1 a8c8 d2e3 g4g3 e2e1 e7d6 a1a4 c8c6 a4b4 d7f6 f2f3 d6e7 e3g5 g2g1q e1d2 g1g2 d2e3 g2g1 e3d3
371,W,checkmate,63,1.734357,1855,2026-09-11 20:01:47,f2f3 e7e6 b2b3 f8d6 c2c4 a7a5 g1h3 b7b5 b1c3 d6g3 h3f2 f7f5 h2h3 f5f4 c4b5 c7c6 h1g1 c6b5 c3b5 d7d6 d2d4 e6e5 c1b2 c8b7 d1c1 d8c8 d4e5 d6e5 e2e3 g8f6 a1b1 b7c6 b5d6 e8d7 d6c8 f4e3 f1c4 e3f2 e1f1 f2g1q f1g1 h8c8 b2e5 g3e5 a2a3 g7g5 h3h4 e5c3 h4g5 f6d5 c1d1 c3e5 c4d5 c6d5 d1d5 d7e7 d5e5 e7d8 b1f1 b8c6 f1d1 c6d4 d1d4
372,B,material_adjudication,97,1.738753,1860,2026-09-11 20:02:09,e2e3 h7h5 b2b3 b7b6 d2d3 g7g5 b1d2 c7c5 d3d4 b8c6 c2c3 c5d4 g1f3 d4c3 f1e2 c8b7 a1b1 a8c8 h2h4 f8g7 g2g4 g5h4 g4g5 d8c7 c1b2 a7a5 b2c3 b7a6 e2a6 g7c3 a6c8 c7c8 e1e2 h4h3 f3d4 c3d4 e3d4 d7d5 a2a3 e8f8 d2f3 h5h4 d1d2 h3h2 d2e3 h4h3 e2d2 e7e5 f3e5 c6e5 d4e5 d5d4 e3d3 g8e7 h1h2 e7c6 f2f3 c6e5 d3f1 c8c3 d2d1 e5g6 h2h3 h8h3 f1h3 b6b5 h3g2 c3e3 b1c1 f8e7 a3a4 g6f4 g2d2 b5a4 d2e3 d4e3 b3a4 e3e2 d1e1 f7f5 g5f6 e7f6 c1c6 f6e7 c6c2 e7d6 c2c1 f4d3 e1d2 d3c1 d2c1 e2e1q c1c2 e1f2 c2d3 f2f3 d3d4
373,W,material_adjudication_moderate,78,1.704131,1865,2026-09-11 20:05:52,g1f3 c7c5 c2c4 f7f5 e2e4 h7h6 e4f5 g8f6 d1e2 e8f7 f3e5 f7e8 g2g4 d7d6 f2f4 a7a5 d2d4 d6e5 d4e5 b8d7 g4g5 h6g5 b1d2 h8g8 e5f6 g7f6 f1g2 g5f4 g2d5 a8b8 a2a4 e7e5 f5e6 d8e7 a1a3 g8g6 d5f3 d7e5 h2h3 e5d7 d2f1 g6g3 f1g3 f4g3 c1e3 f8g7 e1g1 d7f8 e3c5 e7c5 g1g2 c8e6 a3d3 g7h6 d3d5 c5c8 c4c5 f8d7 e2e6 e8f8 e6d7 c8d7 d5d7 h6e3 d7d5 e3d4 f1b1 f8e8 b1d1 d4b2 c5c6 b7c6 d5c5 b8c8 c5c4 c6c5 f3e4 b2a1
374,W,checkmate,11,1.687384,1870,2026-09-11 20:05:53,e2e4 f7f6 e4e5 a7a6 b2b3 d7d5 e5e6 a6a5 a2a4 g7g5 d1h5
375,W,material_adjudication,74,1.758467,1875,2026-09-11 20:06:13,g1h3 c7c5 d2d4 h7h5 e1d2 d8b6 d4c5 e7e6 f2f3 h8h7 c5b6 d7d6 d2e3 a7b6 b1d2 g7g6 h3f2 f7f5 d2e4 d6d5 c2c3 b8c6 d1b3 f8h6 e4g5 c6a5 g2g4 a5b3 g4f5 d5d4 e3d3 e6f5 g5h7 b3a1 d3d4 g6g5 h1g1 c8d7 c3c4 a8d8 f2d1 b6b5 d4e5 g5g4 c1h6 g8h6 c4b5 b7b6 h7f6 e8e7 f6d7 e7d7 e5f6 h6g8 f6g7 g4f3 e2f3 a1b3 a2b3 d7e7 b3b4 g8f6 d1e3 f6e8 g7h6 d8d4 e3f5 e7f6 f5d4 f6e5 f1h3 e8f6 g1g6 f6h7
376,B,material_adjudication_moderate,137,1.693692,1880,2026-09-11 20:07:23,a2a3 g8f6 h2h4 b8a6 f2f3 c7c6 e1f2 d7d6 a3a4 a8b8 d2d4 g7g6 d4d5 f6d5 e2e4 d8d7 b2b4 a6b4 d1d4 d5f6 b1c3 c6c5 d4c5 h8g8 c5b4 a7a5 b4d6 e7d6 c1b2 f8h6 e4e5 f6h5 g1e2 d7e6 g2g3 f7f5 b2a3 e8e7 c3d5 e7d7 e2f4 h5g7 f4e6 d7e6 d5e3 d6e5 c2c3 g6g5 h4g5 h6g5 f3f4 e5f4 g3f4 g5f6 f2g2 f6c3 a1c1 c3f6 h1h7 f6d8 c1d1 e6f6 a3c5 c8e6 h7h1 b8c8 e3d5 f6f7 c5a3 b7b6 f1b5 c8c2 g2f1 g7e8 d5e3 c2c3 e3d5 c3a3 d5b6 d8b6 d1d2 a3c3 b5d3 e8f6 h1h6 g8h8 h6h8 b6d4 d2d1 c3b3 h8h5 b3b7 d3a6 d4c5 a6b7 f6h5 b7c6 f7f8 d1d2 h5f4 d2d1 f8e7 d1d2 c5d6 d2d1 e6c4 f1f2 c4e6 f2f1 f4h5 c6d5 e7f6 d5e6 f6e6 d1c1 e6e5 c1c6 h5f6 f1g2 f6e4 c6d6 e5d6 g2f3 d6e5 f3e3 e5d5 e3f4 d5e6 f4e3 e6e5 e3f3 e5e6 f3f4 e4d6 f4e3 d6e4 e3f4
377,B,checkmate,58,1.696710,1885,2026-09-11 20:07:44,e2e4 d7d5 e4d5 b8d7 h2h3 a7a5 g2g3 b7b6 f1b5 e7e5 b5c6 f8d6 d2d3 g8e7 g3g4 e7d5 b1a3 f7f6 a3b5 a8b8 c1g5 d5e7 c6d7 c8d7 g5f6 d7b5 f2f4 g7f6 c2c4 e5f4 c4b5 d6c5 a2a4 c5g1 a1b1 d8d6 h1g1 d6c5 d3d4 c5d6 d1b3 d6d4 b3c2 d4e3 e1d1 e7g6 g1e1 b8d8 c2d2 d8d2 d1c1 h7h6 e1e3 f4e3 h3h4 g6f4 h4h5 f4e2
378,D,cap_draw,150,1.747074,1890,2026-09-11 20:10:02,b1a3 a7a5 d2d3 c7c6 g2g4 g8h6 c1h6 d7d6 h6e3 f7f5 e3d2 f5f4 a1c1 b8a6 c2c3 a8b8 g1f3 c8d7 f1g2 a6b4 h2h4 d8b6 g4g5 b4d5 f3e5 b6b2 d1b3 b2b3 a2b3 g7g6 e5d7 e8d7 e2e4 f4e3 d2e3 d5e3 f2e3 d6d5 g2f3 f8g7 h4h5 g6h5 h1h5 h8c8 e1d1 d7e8 f3e2 a5a4 b3a4 b8a8 d1d2 e7e6 g5g6 h7g6 h5h3 g7f6 c1h1 e8f8 h1a1 g6g5 a4a5 f8e8 d3d4 g5g4 h3h6 g4g3 d2c2 g3g2 a1g1 f6g5 h6e6 e8d7 g1g2 d7e6 g2g5 e6e7 c3c4 e7f6 g5g3 f6e7 g3g5 e7f6 g5g3 f6e7 g3g5 d5c4 a3c4 c8b8 a5a6 b7b5 c2d3 b5c4 d3c4 e7e8 e2d3 a8a6 g5c5 a6a2 c4c3 a2a4 c3d2 a4b4 c5c6 b4b2 d2c3 b2a2 c6h6 a2a4 c3d2 a4a5 h6h2 b8c8 h2h1 a5a4 h1h2 a4a5 h2h1 a5d5 d3e4 d5d8 d2d3 c8b8 e4c6 e8e7 h1h6 d8d6 h6d6 e7d6 c6g2 b8b3 d3d2 d6d7 g2e4 b3b2 e4c2 b2b8 c2d3 b8b3 e3e4 b3b6 e4e5 b6b8 d2e1 d7e6 e1d2 e6d7 d2e1 d7e7 e1d2 b8d8
379,W,material_adjudication,84,1.682069,1895,2026-09-11 20:10:22,a2a3 b7b6 c2c4 f7f6 d2d3 e7e6 d1d2 g7g6 h2h4 f8g7 d3d4 b8a6 a1a2 g6g5 a3a4 c8b7 d2a5 b6a5 h4g5 b7g2 f1g2 a8c8 g5g6 d7d5 a2a3 g8e7 f2f4 e7g6 a3d3 g7f8 e2e3 d8d6 g2f3 a6b4 d3d2 f6f5 g1e2 c7c6 c4c5 d6c7 b1c3 h7h6 e1d1 b4d3 d2d3 c8a8 d3d2 e8d7 b2b3 f8e7 d2a2 d7e8 a2d2 g6f4 e3f4 e8f8 d2d3 a8d8 c1a3 c7c8 h1h2 c8a6 e2c1 d8d7 h2f2 d7d8 d1d2 e6e5 d4e5 d5d4 c3e2 d8d7 e2d4 e7d8 f3c6 a6c6 d4c6 d8c7 d3d7 f8e8 b3b4 a5b4 a3b4 c7e5
380,W,value_resign,33,1.763103,1900,2026-09-11 20:14:03,e2e3 e7e5 e3e4 d8e7 d1e2 b8c6 e2d1 g8f6 c2c3 a8b8 g2g4 f6d5 e4d5 f7f6 f1g2 b7b5 d5c6 g7g6 g2f3 e7b4 d1e2 b4c5 a2a3 c8a6 b2b4 b8b6 e2d1 e5e4 b4c5 a6b7 e1e2 b7c6 g4g5
381,W,material_adjudication,66,1.703569,1905,2026-09-11 20:15:00,g2g3 h7h6 h2h4 g7g6 h4h5 e7e6 c2c4 f7f5 g1h3 a7a6 b1c3 d7d5 d2d3 b7b5 b2b3 c7c6 c1e3 c8b7 h3f4 d5c4 a2a4 b5b4 f4e6 d8e7 c3b1 c4b3 a4a5 e7g7 d1b3 g7h7 a1a4 g6h5 f1g2 e8d7 g2f3 h7e7 e6c5 e7c5 e3c5 f5f4 c5b4 c6c5 b4c5 f4g3 f2g3 b7f3 e2f3 f8c5 f3f4 b8c6 h1h5 c6d4 b3b2 g8f6 h5h3 a8b8 b2c3 h8h7 b1a3 b8b3 c3c5 d4e6 c5e5 f6g4 e5e4 g4f6
382,W,material_adjudication_moderate,82,1.666664,1910,2026-09-11 20:15:28,e2e4 h7h6 d2d3 c7c6 b1d2 e7e5 g2g4 g7g5 c2c4 c6c5 h2h4 g5h4 g1h3 a7a5 f2f4 a8a7 g4g5 e5f4 g5h6 g8h6 b2b3 h6g8 c1b2 g8e7 b2h8 b8c6 h1g1 d7d6 h8b2 a7a6 e4e5 d6e5 f1g2 c8f5 e1f1 f8h6 g2d5 f5h3 f1e2 c6b4 d2f3 e7c6 e2d2 c6d4 f3d4 f4f3 d2e1 e5d4 d1f3 h3e6 d5e4 f7f5 e4f5 e6f5 f3f5 b4d3 f5d3 d8c7 d3f3 a6a8 g1f1 a8b8 f3e4 c7e7 e4e2 e7e2 e1e2 b8d8 f1f3 h4h3 f3h3 a5a4 b3a4 h6e3 b2a3 d8d6 h3h7 d6d8 h7h4 d8d6 h4h3 d6d8
383,B,material_adjudication,81,1.714823,1915,2026-09-11 20:17:03,d2d3 e7e5 b2b3 f7f5 f2f3 f8c5 g2g3 g8f6 c2c3 f5f4 c3c4 e5e4 h2h4 b8c6 e1d2 a7a5 c1b2 e8f7 g1h3 c6b4 g3g4 b7b6 f3e4 d7d5 e4d5 c8g4 a2a4 g4f5 d3d4 f4f3 d4c5 f5b1 c5b6 b1f5 b6b7 c7c6 b7a8q d8a8 b2f6 f7f6 a1a3 g7g6 d2e1 f5b1 d5d6 b4c2 e1f2 c2a3 h4h5 f6f7 d1c1 g6h5 c1a3 a8b8 h1g1 h8c8 d6d7 b1g6 d7c8q b8c8 e2f3 c8f8 h3g5 f7e8 g5e6 f8a3 f1d3 g6d3 e6c5 a3c5 f2e1 c5f5 c4c5 e8f7 g1g5 f5g5 e1f2 g5f5 f2e1 f7e6 e1f2
384,W,checkmate,35,1.665931,1920,2026-09-11 20:18:23,e2e3 e7e5 d1h5 c7c6 e1d1 e5e4 g2g3 b8a6 f1c4 d8e7 h5f5 e7d6 f5e4 d6e7 e4f3 h7h5 h2h3 g8f6 e3e4 e7b4 g3g4 h5g4 h3g4 b4b6 h1h8 b6c5 b2b3 b7b5 f3f4 b5c4 g4g5 c5d4 c1a3 c4c3 h8f8
385,W,material_adjudication,70,1.705322,1925,2026-09-11 20:21:00,h2h4 b7b6 b2b3 h7h5 c1b2 c8b7 b2g7 b8a6 g7h8 f7f5 b1a3 a6c5 b3b4 b7e4 h8b2 e4c6 d1c1 a7a5 b4a5 d8c8 d2d4 c5d3 e1d1 d3c1 a1c1 f8h6 c2c4 h6d2 g1f3 d2e3 f2e3 c6f3 e2f3 e7e6 a5b6 a8a6 b6c7 c8c7 a3b5 c7b6 f1e2 g8f6 a2a3 f6e4 f3e4 f5e4 h1e1 b6b7 d4d5 e6d5 c4d5 b7d5 d1c2 d5c5 c2d2 e8f8 c1b1 d7d5 b1a1 d5d4 e3d4 c5c6 d4d5 c6b5 e2b5 a6c6 b5c6 f8e7 d2c3 e7d6
386,W,material_adjudication,88,1.707205,1930,2026-09-11 20:24:01,d2d3 a7a6 e2e4 b7b6 g2g4 c7c6 b1d2 d7d6 h2h3 b6b5 g1e2 h7h5 a1b1 f7f5 a2a4 f5e4 c2c4 e8d7 b2b4 a6a5 a4b5 a5b4 c1b2 c6b5 f1g2 c8b7 f2f4 d6d5 e2d4 d5c4 d3e4 h5h4 f4f5 d7c7 d4e6 c7d7 e6d8 d7d8 b1a1 c4c3 d1f3 c3b2 a1b1 d8c7 e1f1 g8h6 f5f6 g7f6 b1b2 e7e5 b2b1 h6f7 f3f6 b7a6 f6f7 c7d8 b1b4 h8h7 f7h7 f8b4 h7g6 b4d2 g6f7 d2e3 f1e2 e3h6 h1b1 b8c6 f7h5 a8c8 g4g5 h6g5 h5g5 d8d7 g2f3 c6d4 e2d1 d4f3 g5g4 d7e7 g4f3 c8c3 f3c3 b5b4 c3b4 e7f7 b4a4 a6b7
387,B,material_adjudication_moderate,94,1.695998,1935,2026-09-11 20:26:44,e2e3 g7g6 f1e2 e7e5 d2d4 b8c6 b2b4 g8e7 g2g4 d7d5 a2a4 a7a6 e1f1 a8b8 b1d2 d8d7 a1b1 f8g7 h2h4 c6b4 c1a3 b4c6 f2f3 e5e4 b1b3 g7f6 g4g5 f6g7 c2c3 e8f8 e2a6 h7h5 h1h3 e4f3 g1f3 f8e8 f3e5 d7h3 f1g1 h3e6 e5c6 e6c6 a6b5 c6b5 b3b5 c8d7 b5a5 h8g8 d1e2 b7b6 a5a7 c7c6 a7c7 b8a8 a4a5 a8a5 a3e7 e8e7 g1f1 g8b8 e2d3 e7d8 f1e1 d8c7 c3c4 d5c4 d3c4 b8b7 d4d5 g7e5 d5c6 d7c6 c4f7 c7d6 d2c4 d6c5 c4a5 b7f7 a5c6 e5g3 e1d1 f7g7 c6d4 g3h4 d1e2 h4g3 e2f3 g3e5 f3e2 c5d5 d4f3 e5d6 e2f2 g7f7
388,W,value_resign,33,1.679547,1940,2026-09-11 20:27:48,g1h3 g8f6 f2f4 b8a6 d2d4 e7e5 f4e5 g7g5 e1d2 f6e4 d2e1 c7c5 c1e3 h7h5 h3g5 d8b6 g5e4 a6c7 b1d2 c5d4 d2c4 d4e3 c4b6 f7f6 b6d5 f6f5 d5c7 e8d8 g2g3 h8h7 f1g2 a8b8 g3g4
389,W,value_resign,65,1.698018,1945,2026-09-11 20:28:10,a2a4 d7d6 b1c3 g7g5 c3d5 c7c6 a1b1 c8e6 d2d4 c6d5 g2g4 d8a5 c1d2 a5a4 d2c3 e8d8 b2b3 a4a3 h2h4 g5h4 e2e3 a7a5 c3a1 e6g4 d1g4 e7e5 d4e5 d8c7 g4f4 c7c8 a1b2 d6e5 f4e5 a3d6 e5h8 d5d4 g1h3 d6d5 b2d4 d5d4 e3d4 h7h5 f1d3 a5a4 d3f5 c8d8 e1d2 a4b3 c2c3 g8h6 d2e1 b8d7 f5d7 d8d7 f2f3 f8d6 h8a8 d6e7 a8b7 d7d8 e1d1 e7f6 b7b6 d8e8 b6b5
390,W,checkmate,11,1.721996,1950,2026-09-11 20:30:32,d2d4 h7h6 d1d3 c7c5 b2b4 f7f6 d3h3 c5b4 h3h5 g7g6 h5g6
391,W,value_resign,51,1.691009,1955,2026-09-11 20:31:12,e2e3 a7a5 e1e2 b7b5 g2g3 h7h5 h2h4 c8b7 d1e1 b7c6 f1g2 d7d5 f2f4 e7e6 a2a4 e6e5 b1c3 d8d6 a4b5 c6b7 g2f3 g8f6 d2d4 e8d7 a1a3 f8e7 c3b1 f6g8 f4e5 h8h6 e5d6 e7d8 a3c3 h6d6 f3g2 c7c6 g3g4 c6b5 g4g5 b5b4 c3d3 b8a6 d3d1 a5a4 e3e4 d5e4 d4d5 e4e3 c1e3 d8e7 g1f3
392,B,material_adjudication_moderate,117,1.718755,1960,2026-09-11 20:31:34,e2e3 a7a5 h2h3 h7h5 f2f3 a5a4 a2a3 e7e5 c2c4 f8b4 a3b4 h8h7 e3e4 h5h4 e1e2 e8e7 d2d4 g8f6 a1a4 a8a4 c1e3 e5d4 e3d4 a4b4 b2b3 d7d6 d1d2 b8c6 b1c3 c6d4 d2d4 c8e6 e4e5 d6e5 d4d1 b4b6 c4c5 b6a6 e2e1 a6a3 c5c6 d8d1 e1d1 b7c6 g1e2 e7d6 b3b4 a3a8 c3e4 f6e4 f3e4 c6c5 b4c5 d6e7 h1h2 g7g6 g2g4 h4g3 e2g3 h7h8 f1d3 h8b8 d1d2 c7c6 d2e2 b8c8 h2h1 a8b8 h1f1 c8d8 f1a1 b8c8 a1b1 c8b8 b1b8 d8b8 e2d2 b8a8 d2e2 e7f8 e2f1 g6g5 g3f5 e6f5 e4f5 e5e4 d3e4 f8g7 e4c6 a8d8 c6g2 f7f6 c5c6 d8c8 c6c7 c8c7 f1f2 c7c8 g2d5 c8c5 h3h4 c5d5 h4g5 f6g5 f2e3 g5g4 e3e4 d5b5 e4f4 b5b4 f4e3 g4g3 e3f3 b4b1 f3g3 g7f6 g3f4
393,B,material_adjudication,71,1.687391,1965,2026-09-11 20:31:35,b1a3 e7e6 e2e4 f8b4 c2c3 b4f8 d1e2 e8e7 g2g4 e6e5 d2d3 f7f6 a1b1 a7a5 h2h4 d7d5 c1g5 a8a6 e4d5 c8g4 e2c2 a6d6 c3c4 b8d7 g5c1 g4e6 g1f3 e6d5 c4d5 d8b8 h1h3 e5e4 d3e4 d7b6 c2d2 c7c6 f3d4 c6d5 e4d5 d6d8 f1a6 b6d5 h4h5 d5f4 d4e6 d8d2 c1d2 f4e6 d2f4 b8f4 a6b7 g8h6 b7a8 e6c7 a8b7 h6g4 b7f3 g4f2 e1f2 f4f5 b1h1 h7h6 f2e2 e7d8 f3e4 f5e4 e2f2 f8b4 h1c1 d8c8 c1c4
394,B,material_adjudication,66,1.710569,1970,2026-09-11 20:32:28,h2h4 e7e5 a2a4 b7b6 c2c4 e8e7 a1a2 h7h5 d2d4 d7d6 e1d2 c8d7 f2f3 d7e8 g2g4 h5g4 f1g2 a7a6 d2c2 g4f3 g1f3 e5e4 h1f1 d6d5 h4h5 d8d7 f3e5 d7c8 g2h3 c8h3 c1f4 f7f6 e5g6 e8g6 f1e1 g6h5 f4c7 d5c4 c7b8 h3c8 a2a1 c8b8 d1c1 f6f5 a1a3 g7g6 b1d2 e7f7 d4d5 f8d6 d2c4 d6a3 b2a3 g8e7 e1f1 h8d8 f1d1 b6b5 a4b5 a6b5 c4e3 d8d7 d1d4 f7g7 d5d6 e7g8
395,W,material_adjudication,66,1.704021,1975,2026-09-11 20:32:47,g1f3 h7h5 f3e5 g7g5 h2h4 a7a6 h4g5 f7f6 b1c3 e7e6 g5f6 h5h4 f6f7 e8e7 e2e3 b8c6 f7g8q h8g8 e5g4 d7d5 f1d3 d5d4 e1e2 d4c3 b2c3 c6b8 e2f1 e7d7 h1g1 c7c5 d1e2 d8g5 a2a4 f8d6 c1b2 g5g4 e2g4 g8g4 f2f4 a6a5 b2a3 a8a7 g1h1 c5c4 d3e2 g4f4 e3f4 d6a3 a1a3 e6e5 f4e5 a7a6 e2c4 a6f6 e5f6 d7e8 c4d3 c8e6 g2g4 h4g3 d3e2 g3g2 f1g2 e6d5 g2f2 e8f7
396,W,material_adjudication,66,1.699922,1980,2026-09-11 20:36:29,e2e3 h7h5 a2a3 h8h7 f2f3 b7b6 h2h4 b8c6 d2d4 f7f6 d4d5 g7g6 g2g4 a7a6 h1h2 e7e5 d5c6 h5g4 h4h5 f8a3 a1a3 e8f8 e1f2 g4f3 d1d2 h7h5 g1f3 h5g5 f3g5 e5e4 g5h7 f8e7 f1c4 d8e8 b1c3 d7c6 h2h5 g6h5 d2e2 c8g4 e2f1 g4h3 f1h3 g8h6 c3e2 a6a5 e2f4 h6g4 f2e1 e8d7 e1f1 d7d6 c4e2 e7f7 h3h1 f6f5 f1e1 g4e3 c1e3 d6d4 e3d4 b6b5 a3d3 e4d3 e2d3 f7g8
397,W,material_adjudication,70,1.741564,1985,2026-09-11 20:37:54,e2e4 c7c6 d1e2 f7f5 g2g4 d8b6 e4f5 c6c5 b1a3 g7g6 c2c3 g6f5 g4f5 g8h6 f2f4 h6f5 c3c4 b6b4 g1f3 h8g8 a3c2 f5d4 c2b4 d4e2 b2b3 e2c1 f1g2 d7d5 h1f1 f8h6 b4d5 h6f4 a1c1 f4h6 e1f2 e7e6 d5c7 e8e7 g2h3 h6d2 f3d2 b8a6 c7a8 g8d8 d2f3 d8d3 c1d1 d3f3 f2f3 a6b4 f3f4 b4a2 d1d3 a2c3 f1e1 e6e5 f4e5 c8h3 b3b4 h3g2 b4c5 g2h3 e5f4 c3e2 e1e2 e7f7 d3d1 b7b6 e2e4 b6c5
398,B,checkmate,20,1.687929,1990,2026-09-11 20:38:33,d2d3 b8a6 e1d2 a8b8 a2a4 a6c5 a4a5 h7h6 d3d4 g8f6 d4c5 f6e4 d2e3 e7e6 c2c3 d8f6 e3e4 f8c5 h2h4 f6f5
399,B,material_adjudication_moderate,115,1.705030,1995,2026-09-11 20:39:13,a2a3 g8f6 h2h4 b8a6 f2f3 a6c5 e2e3 c7c6 g2g4 d8a5 a3a4 c5e4 g1e2 a5b6 d2d3 b6b4 c2c3 a8b8 f1h3 b4c5 h1f1 e4c3 b1c3 a7a5 c1d2 c5b4 c3e4 b4b6 d2a5 b6a5 d1d2 a5e5 e2d4 d7d5 h3g2 c8g4 f3g4 f6e4 g2e4 d5e4 d3e4 f7f5 e4f5 e5c7 a1c1 g7g5 h4g5 e7e5 f5e6 f8d6 b2b3 c6c5 d4b5 c7d7 e6e7 e8e7 f1h1 d6e5 g5g6 h7g6 d2g2 b8f8 b5a3 c5c4 b3c4 e5b2 g2b2 h8h1 e1e2 h1c1 b2d2 d7d2 e2d2 c1a1 a3c2 g6g5 c2a1 e7d6 c4c5 d6c5 a4a5 c5b4 a1c2 b4a5 e3e4 a5a4 c2d4 a4a3 d4e6 f8f2 d2e3 f2f6 e6c5 b7b5 e4e5 f6f8 c5e6 f8e8 e6d4 e8e5 e3d3 a3a2 d3c3 a2a1 c3d3 b5b4 d4c6 e5d5 d3c2 d5d6 c6e5 d6e6 c2b3 e6e5 b3b4
400,W,checkmate,59,1.651711,2000,2026-09-11 20:47:01,e2e3 h7h5 f2f4 h5h4 c2c4 g8h6 h2h3 c7c5 f1d3 b8c6 g2g3 h8g8 d1f3 h4g3 e1d1 g3g2 h1h2 d7d5 b1a3 b7b6 c4d5 c6b4 a1b1 b6b5 d3e2 c8b7 e2b5 d8d7 b5d7 e8d7 f3e2 b4d5 a3b5 f7f5 d2d3 d5f4 e3f4 d7e8 d3d4 c5d4 b5d4 g8h8 e2f2 a7a5 f2d2 b7e4 b2b3 e4b1 h3h4 e8f7 h2g2 h8h7 g1f3 b1e4 f3e5 f7e8 d4e6 e4g2 d2d7
401,B,material_adjudication,66,1.733000,2005,2026-09-11 20:50:18,e2e3 h7h5 f2f3 g7g5 e3e4 c7c5 c2c4 h8h6 b2b3 f7f6 h2h4 a7a6 g1h3 d7d5 d2d4 d5c4 e1f2 d8c7 d1e2 e8d8 f2g1 a8a7 e2c4 c8h3 g2h3 b7b5 c4g8 h6h8 h4g5 h8g8 b1d2 g8g5 g1f2 f8h6 h3h4 b8c6 h4g5 f6g5 d4c5 c6b4 a2a4 d8e8 a4b5 a6b5 a1a7 c7a7 f1e2 e8f8 f2g1 f8g7 c1b2 g7f8 b2d4 b4c2 c5c6 c2d4 d2c4 d4e2 g1h2 b5c4 b3c4 f8g7 h1f1 a7a5 c6c7 a5c7
402,B,material_adjudication,131,1.710374,2010,2026-09-11 20:50:42,e2e3 e7e5 d1h5 c7c6 e1e2 g7g6 h5e5 f8e7 g2g3 f7f6 e5d4 c6c5 d4d5 h7h6 h2h3 h8h7 f2f4 b7b6 g1f3 c8b7 d5d3 h7h8 f3g1 b7c6 b1a3 e8f8 f1g2 c6g2 h1h2 d7d5 h2g2 a7a6 d3g6 d8e8 g6e8 f8e8 a1b1 e7f8 g1f3 d5d4 e3d4 c5d4 f4f5 b8c6 c2c3 d4c3 d2c3 g8e7 a3c2 a6a5 g2h2 e8d7 c1e3 e7d5 h3h4 d5e3 c2d4 e3d5 d4c6 d7c6 f3d4 c6c5 h2h3 f8d6 g3g4 d6e7 a2a4 a8c8 b1d1 c5d6 h3d3 h8d8 e2d2 d5c7 d2e2 c7a6 g4g5 a6c5 d3d2 h6g5 h4g5 f6g5 d4e6 d6c6 e6d8 c8d8 d2d8 e7d8 e2f1 c5a4 d1d8 a4b2 d8d2 b2c4 d2d1 c4e3 f1f2 e3d1 f2e1 g5g4 f5f6 c6d7 f6f7 d7e7 c3c4 e7f7 e1d1 g4g3 d1e2 g3g2 e2f2 a5a4 f2g2 a4a3 c4c5 b6c5 g2f1 f7g6 f1e1 g6g7 e1d2 a3a2 d2e1 g7g8 e1d2 a2a1q d2c2 c5c4 c2d2 g8h8 d2c2
403,B,material_adjudication_moderate,87,1.711116,2015,2026-09-11 20:51:05,d2d3 g8h6 c2c3 g7g5 e2e4 c7c5 b2b4 d8b6 e1e2 c5c4 d3d4 a7a5 f2f3 h8g8 h2h3 f8g7 d1e1 e8f8 d4d5 g7f6 c1e3 h6g4 e3d2 g4e5 b1a3 e5g6 h3h4 a5b4 c3b4 g5g4 f3g4 a8a3 g4g5 f6a1 h4h5 b6d8 h5g6 g8g6 h1h7 a3a2 e1b1 a2b2 b1a1 c4c3 b4b5 f7f6 a1b2 c3b2 e2e1 d7d6 f1d3 b2b1q d3b1 b8d7 e4e5 d7e5 b1g6 e5g6 g5f6 e7f6 b5b6 d8e8 e1d1 c8f5 h7b7 e8e4 g1e2 f8e8 e2g3 e4d5 g3f5 d5f5 g2g4 f5g4 d1e1 g6h4 b7a7 d6d5 b6b7 g4e6 e1f2 e6d6 a7a4 d6b8 d2f4 b8b7 a4b4
404,B,checkmate,62,1.668933,2020,2026-09-11 20:52:51,e2e3 a7a5 f1b5 h7h5 d2d4 h8h6 e1d2 h6c6 g1e2 c6h6 b5d3 d7d6 e2g3 b8d7 f2f4 h5h4 d4d5 h4g3 h1g1 b7b5 a2a4 h6h8 d3h7 h8h7 a1a3 b5b4 a3b3 c8a6 d1f3 h7h6 f4f5 h6h2 b3b4 a5b4 g1d1 g7g5 f5g6 g8f6 g6g7 f8g7 f3g4 d7c5 g4b4 c5d7 d2e1 e7e6 d5e6 d7e5 b4h4 d6d5 h4g3 e5g4 g3h2 g4h2 e6f7 e8d7 a4a5 c7c6 c2c4 d8e7 b1d2 e7e3
405,W,checkmate,69,1.691331,2025,2026-09-11 20:56:47,e2e3 g7g6 f1d3 g6g5 d1e2 c7c5 a2a4 d8b6 h2h4 b6c6 e3e4 c6b5 a4b5 h7h5 c2c4 f7f5 e1f1 g5h4 b1a3 f5e4 d3b1 d7d5 a3c2 c8g4 f2f3 g4f3 g2f3 e4f3 e2e1 h4h3 c4d5 a7a5 c2e3 f8h6 b2b3 a5a4 g1f3 a4b3 f3e5 h6g7 a1a2 b3a2 b1a2 g7e5 e3c4 a8a2 c4e5 a2a8 h1h3 e8d8 d2d4 c5d4 e5c4 d8e8 e1d2 g8f6 d5d6 e7d6 d2e2 f6e4 h3d3 h8h6 c4d6 h6d6 e2e4 d6e6 e4e6 e8f8 c1h6
406,W,material_adjudication_moderate,144,1.691826,2030,2026-09-11 20:57:08,g2g3 b7b6 f1h3 e7e6 g3g4 g8h6 f2f4 d8h4 e1f1 a7a5 b2b3 h4g4 d2d3 g4h5 a2a4 f7f5 e2e4 h5d1 f1f2 f8c5 f2g3 g7g5 e4f5 c5e3 f5f6 b8c6 c1e3 d1h5 g1e2 e8f8 h1f1 g5g4 h3g2 c8b7 d3d4 h6g8 d4d5 e6d5 f6f7 g8h6 e2d4 c6d4 e3d4 c7c6 g2h1 h6f7 b1a3 f7e5 f4e5 f8e7 h1g2 e7e8 f1f5 d7d6 f5h5 d6e5 d4b6 e5e4 h5e5 e8f7 a1f1 f7g6 g3g4 h8e8 b6d4 e8e5 d4e5 a8e8 e5b2 c6c5 b2f6 c5c4 h2h3 e8e6 b3c4 d5c4 f6b2 b7a6 a3b5 a6b5 a4b5 a5a4 b2c3 a4a3 b5b6 e6b6 f1e1 e4e3 g2f1 a3a2 c3e5 a2a1q e1a1 b6b4 a1a6 g6f7 g4f5 c4c3 a6h6 e3e2 f1e2 f7e8 e5d6 b4h4 e2f1 h4h6 d6e5 e8f7 f1g2 h6h5 f5f4 f7f8 e5c3 h5h4 f4g3 h4c4 c3e5 c4c5 e5h8 c5a5 g2h1 f8e8 h1g2 e8f8 c2c4 f8e7 g2f3 a5a8 f3a8 e7d7 a8f3 d7d6 h3h4 d6c5 h4h5 c5c4 g3g4 c4b3 g4h4 b3a2 h4g5 a2b3 h5h6 b3a4
407,B,checkmate,118,1.708477,2035,2026-09-11 20:58:42,g1f3 e7e6 c2c3 d7d6 d2d3 b7b6 f3d4 b8a6 c1d2 f7f6 b2b4 h7h6 h2h3 g7g5 d4c6 f8g7 b4b5 h6h5 a2a3 f6f5 c6d8 a8b8 g2g4 g7f6 d8e6 h5g4 b5a6 f5f4 d1c1 c8d7 e6c7 e8e7 e1d1 d7e6 d3d4 e6d5 h1g1 d5b3 d1e1 f4f3 c7e6 b3d5 h3g4 d5e6 f1h3 h8h3 d4d5 e6d5 e2f3 d5f3 a1a2 f6g7 d2g5 g7f6 g5d2 f3e4 g4g5 h3f3 g1g3 f3g3 c3c4 g3g1 e1e2 g1c1 g5f6 e7f6 d2c1 e4b1 a2a1 b1c2 c1f4 b8d8 e2d2 d6d5 d2c2 d5c4 a1e1 f6f7 e1c1 g8f6 f4e5 f6d5 e5g3 f7e7 f2f4 d5f6 g3h4 e7f7 h4g5 f7e7 c1h1 e7f7 c2c3 b6b5 f4f5 f6e4 c3b4 e4g5 b4a5 f7e8 h1h2 g5f3 h2h1 e8f8 f5f6 b5b4 a3b4 c4c3 h1h3 c3c2 h3f3 c2c1q f3f2 c1h1 b4b5 h1h3 f2b2 h3a3
408,B,material_adjudication_moderate,82,1.724392,2040,2026-09-11 20:59:20,d2d3 b7b5 a2a4 a7a5 e2e3 d7d5 b1a3 e8d7 a4b5 f7f6 e1d2 c7c5 g1f3 d5d4 e3d4 a8a7 c2c4 h7h6 b2b3 a7b7 d2e3 g7g5 f3e5 f6e5 c1b2 e5d4 e3e2 f8g7 f2f4 g5f4 e2d2 b7b6 h2h3 g8f6 h1h2 d7e6 a3c2 f4f3 d1f3 a5a4 a1a4 h6h5 g2g4 h5g4 h3g4 h8h2 f3e2 h2e2 d2e2 f6e4 d3e4 b6b7 f1h3 e6f7 g4g5 g7e5 e2d2 f7g7 h3f5 e5d6 c2d4 c5d4 d2c2 d6e5 c2d2 d4d3 b2e5 g7f7 g5g6 f7e8 f5c8 d8c8 g6g7 e8f7 d2d3 c8d8 d3c3 f7g8 c4c5 b8d7 c5c6 b7b6
409,W,material_adjudication_moderate,81,1.738973,2045,2026-09-11 20:59:21,a2a3 b7b6 h2h3 e7e6 c2c3 d7d6 f2f3 d8h4 g2g3 h4c4 e2e3 e6e5 f1c4 h7h6 e1f1 g7g5 c4f7 e8f7 b2b4 e5e4 g3g4 g8e7 c1b2 c7c5 b4c5 d6c5 a3a4 h6h5 a1a3 h5g4 h3h4 e7f5 c3c4 g4f3 b1c3 f5e3 d2e3 b8a6 h1h3 g5g4 h3g3 h8h4 a3b3 c8b7 b2a3 a8d8 d1c2 f7e7 g1e2 f3e2 f1e2 f8g7 a3c5 b6c5 b3b7 e7e8 b7b2 g7c3 c2c3 e8e7 g3g2 d8h8 b2b5 h8b8 b5b8 a6b8 g2g1 b8a6 e2d2 h4h2 d2c1 e7d6 c3g7 d6e6 g7a7 a6b4 c1b1 b4c6 a7b6 e6e5 b6b7
410,W,material_adjudication_moderate,104,1.750263,2050,2026-09-11 20:59:39,a2a4 g7g6 e2e3 b7b6 f1d3 g6g5 g2g4 e7e5 e3e4 c8b7 g1e2 b8a6 a1a2 f8h6 a2a1 a8b8 b1c3 g8f6 d3a6 b7a6 a1b1 a6b7 e2g3 f6g4 d1g4 c7c6 c3e2 d7d5 d2d3 d8c7 b2b4 a7a5 g4h5 d5e4 h5h6 e4d3 c2d3 f7f5 h6h5 e8d7 h1f1 f5f4 d3d4 f4g3 h5g5 e5e4 f2f3 g3g2 g5g2 e4f3 g2f3 h8f8 f3g4 d7e8 c1d2 b7c8 g4h4 c8f5 b4b5 f5b1 f1f8 e8f8 e2g3 c7e7 h4e7 f8e7 b5c6 b8c8 d4d5 e7d6 e1e2 d6c7 d2f4 c7d8 f4d2 h7h6 d2h6 b1e4 g3e4 d8c7 h6f4 c7d8 f4e3 c8b8 e4f6 b8c8 h2h4 c8c6 d5c6 d8c7 f6h5 c7c6 e3f2 c6d5 e2d1 d5c4 d1c2 c4b4 c2d2 b4a4 f2g1 a4b3 d2d1 b3b2
411,B,material_adjudication,66,1.723259,2055,2026-09-11 21:01:07,g2g3 h7h5 h2h3 b7b5 a2a3 e7e5 e2e3 b5b4 c2c3 b8c6 d1f3 g8e7 d2d3 c8b7 g1e2 b4b3 b1d2 g7g5 a3a4 c6a5 f3e4 b7e4 d3e4 f8g7 a1b1 a8b8 e2f4 e5f4 e3f4 h5h4 f4g5 b8a8 g3h4 h8h7 f2f3 c7c5 h1g1 f7f5 g5f6 g7f6 g1g4 f6e5 g4g6 e7g6 f3f4 e5h8 f4f5 g6f4 h4h5 f4h5 h3h4 h7h6 f1d3 d8f6 d3f1 a8d8 e4e5 f6e5 e1f2 e5g7 f1d3 h5f6 h4h5 a5c4 d3c4 d7d5
412,W,material_adjudication,70,1.721904,2060,2026-09-11 21:03:30,h2h4 c7c6 b2b3 d7d5 g2g3 f7f6 h1h2 c8h3 g1h3 d5d4 b1a3 a7a5 c1b2 a8a6 f2f4 c6c5 h2g2 a5a4 d1b1 a6d6 a3b5 d6b6 b5a7 h7h5 e1f2 b6d6 b3a4 g7g5 h4g5 f6g5 h3g5 d6h6 c2c4 e7e6 g5e6 d8e7 a4a5 e7e6 b1e1 e6c4 g2h2 b8d7 f1h3 g8e7 h3d7 e8d7 e1f1 d7e8 h2h1 f8g7 h1h2 h8f8 h2h1 h6d6 h1h5 g7f6 g3g4 c4c2 a7b5 c2b2 b5d6 e8d8 d6f5 b2a1 f1a1 c5c4 f5d6 b7b6 a5a6 d4d3
413,W,material_adjudication_moderate,80,1.746460,2065,2026-09-11 21:05:56,a2a3 f7f5 d2d3 c7c5 d3d4 c5d4 e1d2 h7h5 b1c3 d4c3 d2c3 b7b6 d1d4 e8f7 e2e4 g8f6 e4e5 g7g5 e5f6 c8b7 c1g5 b8a6 f1a6 d8c7 a6c4 f7e8 g1e2 a7a5 h2h4 e7f6 g5f6 h8h6 a1d1 h6f6 d4f6 b6b5 b2b4 b5c4 f6g6 e8e7 h1h3 a8a6 g6h7 e7e8 h7h5 e8d8 h5f5 a6e6 f5e6 f8g7 d1d4 g7d4 e2d4 d7e6 d4e6 d8e7 e6c7 a5b4 c3b4 e7d6 a3a4 d6c7 h3f3 b7f3 g2f3 c7b8 f3f4 c4c3 f4f5 b8a7 b4c3 a7b6 f5f6 b6a7 h4h5 a7b6 c3b4 b6a7 b4b5 a7b7
414,W,material_adjudication_moderate,112,1.671831,2070,2026-09-11 21:07:32,e2e4 h7h6 d1h5 c7c6 e1e2 b7b5 e2e1 b8a6 g1e2 d8a5 g2g4 d7d6 h1g1 c8g4 h5g4 f7f5 g4h5 e8d8 e1d1 f5e4 e2g3 a6c5 d2d4 g7g6 h5g6 g8f6 c1g5 h6g5 d4c5 a7a6 c5d6 h8h6 g6f7 e7d6 b2b3 a5c7 f7c7 d8c7 d1e1 f6d7 e1e2 a6a5 f2f4 e4f3 e2f3 d7c5 f3e2 f8e7 a2a4 c7d7 a4b5 c6b5 b1a3 b5b4 a3b5 d7c6 b5d6 e7d6 a1d1 c6b5 e2e1 b5b6 f1c4 g5g4 c4d5 a8b8 d1d2 b6a7 g1f1 d6e5 g3e2 a5a4 e1d1 b8d8 d1e1 a4b3 c2b3 c5b3 d5b3 d8d2 e1d2 h6h2 b3d5 b4b3 f1b1 b3b2 d2d1 e5d6 d1e1 d6e5 d5e4 g4g3 e1f1 e5d6 b1b2 h2e2 b2e2 d6c5 e4c6 a7b6 c6e8 c5d4 f1g2 b6a7 e2a2 a7b6 g2g3 b6c5 g3h4 c5d5 h4g3 d5c4
415,W,material_adjudication_moderate,100,1.724586,2075,2026-09-11 21:10:09,d2d3 g8h6 c1h6 c7c5 c2c3 g7g5 a2a4 a7a5 e2e4 d8b6 g2g4 h8g8 h6g5 g8g5 d3d4 a8a7 d4c5 b6c5 d1d4 c5d4 c3d4 f7f6 b1d2 d7d5 a1d1 f6f5 g1e2 f5e4 b2b3 b8d7 f2f4 e4f3 e2g3 f3f2 e1f2 f8g7 d2f3 g5g4 f1d3 g7f6 f2e1 g4g3 h2g3 a7a8 f3h4 e7e6 h1f1 f6h4 g3h4 b7b6 f1f2 c8b7 d3b5 b7a6 b5a6 a8a6 f2f3 a6a8 f3f2 a8c8 f2g2 d7f6 g2d2 f6e4 d2d3 h7h6 d3h3 e8d8 d1d3 d8d7 d3d1 d7d8 d1d3 d8d7 d3d1 c8b8 h4h5 b8c8 h3h4 e4d6 e1d2 d6f5 h4g4 f5d4 g4d4 e6e5 d4d5 d7e6 d2e3 e5e4 e3e4 e6e7 d5d4 e7e6 d1d2 c8c6 d4d3 e6e7 d3d5 e7e6
416,B,material_adjudication,67,1.661992,2080,2026-09-11 21:14:09,c2c3 h7h6 d1b3 b8a6 g2g4 e7e5 h2h3 d8e7 b3b5 g7g5 f1g2 a6b8 c3c4 c7c6 e1f1 c6b5 d2d3 d7d6 b1c3 e7d8 a2a3 f8g7 c3b1 g8e7 c4c5 b7b6 f1e1 g7f8 c5d6 e7c6 h3h4 f8g7 h4g5 h6g5 c1d2 f7f5 f2f4 g5f4 h1h8 g7h8 e1f1 d8d6 b1c3 b5b4 c3d5 e5e4 d2f4 d6d5 a1e1 d5c5 a3b4 c5b5 f4d2 c8a6 g4f5 e8d7 g2e4 d7c8 e2e3 b8d7 e4c6 b5c6 f1e2 c6d5 g1f3 d5b7 e1c1
417,W,material_adjudication_moderate,76,1.691876,2085,2026-09-11 21:14:41,b1a3 f7f6 g1f3 d7d6 e2e3 e8f7 c2c3 d6d5 a1b1 e7e5 f1e2 f7e7 f3e5 d5d4 e5f7 e7f7 e3d4 d8e7 b2b3 g7g6 f2f4 e7e2 e1e2 f7e8 g2g4 a7a5 d1e1 b8d7 e2d1 e8d8 h1f1 g6g5 a3b5 g5f4 f1f4 h7h5 e1e2 h5g4 f4g4 c7c6 g4g6 c6b5 c1b2 g8e7 h2h4 e7g6 h4h5 g6h4 e2b5 a8b8 d1c1 f8b4 a2a4 h4g2 c3b4 a5b4 b5e2 g2h4 e2g4 d7c5 g4h4 c8d7 d4c5 h8g8 c5c6 b7c6 a4a5 c6c5 a5a6 d8e7 b1a1 c5c4 b3c4 b4b3 d2d3 e7d8
418,W,material_adjudication,70,1.719108,2090,2026-09-11 21:14:42,e2e3 d7d5 f1e2 a7a6 b2b3 e8d7 f2f3 b7b5 b1c3 d5d4 e3e4 h7h5 c3d5 e7e6 b3b4 c7c5 g2g3 a6a5 h2h4 b8c6 a2a4 e6d5 a1b1 c6e7 b4a5 d4d3 b1b5 d3e2 d1e2 d5e4 f3e4 f7f5 d2d3 f5e4 d3e4 g7g6 e1f1 f8g7 c2c4 d7e8 e2g2 c8e6 c1f4 g6g5 f4g5 d8c7 b5c5 c7c5 g5e3 c5e5 e3d2 g7h6 d2c3 e5c7 e4e5 g8f6 e5f6 a8a6 f1f2 a6a8 g2a8 e8f7 a8h8 c7b8 h8b8 e7c8 h1h2 e6f5 f2f1 f7f8
419,B,material_adjudication,66,1.729824,2095,2026-09-11 21:24:05,e2e3 e7e5 e3e4 c7c6 f1c4 f8d6 c2c3 d6c5 e1e2 h7h5 b2b3 c5b6 g1f3 h5h4 b1a3 d8c7 d2d4 d7d6 d1f1 e5d4 c1d2 c8d7 c3d4 b6d4 g2g4 f7f6 f3d4 c7d8 d4e6 d7e6 c4d3 a7a6 a1e1 h8h6 h2h3 g7g5 e2e3 e6d7 f1e2 f6f5 d3a6 a8a6 e1g1 f5e4 e2e1 d6d5 f2f3 e4f3 e1f1 a6a3 f1f3 d7e6 g1c1 h6g6 f3e2 a3a2 h1e1 b8d7 c1b1 c6c5 e1c1 g6g7 e2d1 g7h7 e3e2 h7f7
420,W,material_adjudication,66,1.703159,2100,2026-09-11 21:24:40,a2a4 d7d6 g2g3 e8d7 c2c3 d6d5 b2b4 h7h6 f1h3 d7e8 e1f1 h6h5 h3g2 g7g6 d2d3 f7f6 g1f3 e7e5 d1c2 a7a5 b4b5 g6g5 b5b6 c8g4 b6c7 d8c7 f3d4 c7c5 d4f3 g4f3 e2f3 d5d4 c1b2 d4c3 b1c3 c5d4 c3b5 d4d8 b5c7 d8c7 c2c7 e5e4 d3e4 a8a7 c7c3 h8h6 a1c1 f8c5 c3c5 b7b6 c5b6 b8d7 b6a7 e8d8 h2h3 g8e7 f1e2 g5g4 h1d1 g4h3 g2h3 f6f5 b2c3 d8e8 e2e1 d7e5
421,W,material_adjudication_moderate,95,1.718239,2105,2026-09-11 21:26:00,e2e4 c7c6 h2h3 d8b6 e1e2 c6c5 c2c4 h7h6 b2b3 b6f6 d2d4 d7d6 f2f3 g7g5 e4e5 d6e5 a2a3 c5d4 e2f2 c8f5 c1b2 f5h3 f2e1 f6g7 g2h3 g7f6 b1d2 a7a6 f1g2 e8d7 d1e2 d4d3 e2e5 f6e5 b2e5 f7f6 h3h4 f6e5 h4g5 h6g5 h1h8 a6a5 a3a4 f8g7 h8g8 g7f6 e1f1 a8a6 f1f2 d7e6 a1a2 g5g4 f3g4 e6f7 g1f3 f7g8 g4g5 f6g5 f3g5 b8c6 g5e6 c6b4 a2a1 a6e6 g2h3 e6h6 h3f1 e7e6 a1d1 h6h8 d2f3 e5e4 f3g1 h8h2 f2g3 d3d2 g3h2 b4d3 f1d3 e4d3 h2h3 g8f7 h3g2 f7g7 g2g3 g7g6 g3h4 e6e5 c4c5 e5e4 h4g4 e4e3 b3b4 e3e2 g1e2
422,W,material_adjudication,80,1.706971,2110,2026-09-11 21:26:55,e2e4 c7c6 g2g4 e7e5 d1e2 c6c5 e1d1 b7b6 a2a3 d8h4 c2c4 d7d6 f1h3 c8b7 g4g5 b8a6 b1c3 g7g6 a3a4 h4h3 g1h3 f7f6 a1a2 f8e7 h1e1 e8d8 a2a3 f6g5 c3d5 g5g4 f2f3 g4f3 a3f3 h7h6 d5e7 d8e7 d2d4 c5d4 b2b3 d4d3 e2d3 b7e4 d3e4 g8f6 e4g6 h8g8 g6f5 g8g3 f3g3 a8f8 g3g4 f6g4 f5d3 g4f2 h3f2 f8f7 d3g6 f7f5 c1a3 f5f2 a3b4 a6b4 d1c1 a7a5 h2h4 h6h5 g6g7 f2f7 g7g1 e5e4 g1b6 f7f2 b6a5 e7e6 a5b4 f2h2 c1d1 e6f6 b4b5 f6f7
423,W,material_adjudication_moderate,76,1.727551,2115,2026-09-11 21:27:47,g2g3 b7b6 h2h4 e7e5 g1f3 c7c6 c2c3 a7a6 d2d3 d7d6 f1g2 a6a5 e1f1 f8e7 d3d4 e5d4 f3e5 d6e5 c1f4 c8f5 f4e5 d4c3 b2c3 f5d7 g2f3 b6b5 e5d4 h7h5 d1d2 e8f8 e2e4 g8f6 c3c4 b5c4 d4c3 c6c5 f3h5 h8h5 d2e3 b8a6 a2a4 a8a7 f2f3 f6g8 g3g4 h5h8 a1a2 a6c7 a2d2 f7f5 g4f5 h8h4 h1h4 a7a6 h4h5 g7g5 h5h1 g5g4 f3g4 g8f6 c3f6 c4c3 f6e7 d8e7 b1c3 a6b6 h1h3 d7c6 d2d1 b6b8 d1d3 c6e4 c3e4 c5c4 d3d4 f8g8
424,W,checkmate,87,1.675739,2120,2026-09-11 21:28:40,b1a3 a7a5 f2f3 b8c6 g1h3 g7g5 c2c3 f7f6 h3g5 f6g5 d2d3 h7h6 d1a4 e7e5 a4b3 g8e7 f3f4 a8a6 c1d2 e5f4 b3d1 d7d5 h2h4 b7b6 h4g5 e8f7 a1c1 h6g5 h1h8 f8g7 h8d8 c6d8 a3c4 d5c4 c1a1 c8b7 a1c1 g5g4 d2f4 c4d3 e2d3 c7c5 c1c2 g7f6 f4c1 f7f8 c3c4 b7c6 f1e2 f6d4 c1d2 f8g8 b2b3 c6e8 e2g4 a5a4 d1e2 a4b3 e2e7 b3c2 e7e8 g8g7 g4d7 c2c1q d2c1 d8f7 c1g5 f7d6 e8e7 g7g8 g5c1 d6f5 d7f5 d4f6 e7e8 g8g7 c1a3 a6a3 e1d2 a3a8 e8g6 g7h8 g2g4 a8a4 a2a3 f6e5 g6h7
425,B,material_adjudication,66,1.684632,2125,2026-09-11 21:28:59,e2e4 c7c6 e1e2 b7b6 f2f3 h7h5 c2c4 g7g5 e4e5 f8g7 d2d4 e8f8 h2h3 f7f6 e5f6 g8f6 a2a4 c6c5 b1c3 c5d4 b2b4 a7a6 a4a5 b6b5 c3d5 f6d5 c4d5 a8a7 d1d4 g7d4 a1b1 h5h4 c1b2 h8h5 b2d4 a7c7 b1a1 c7b7 d5d6 e7e5 d4b6 d8f6 e2e1 f6g7 a1b1 f8e8 b6a7 b7a7 b1a1 a7b7 g1e2 g7h7 a1b1 h7h6 b1a1 h6h7 a1b1 h7h6 b1a1 e8d8 a1b1 h6e6 b1a1 e6d6 a1b1 d6e6
426,W,material_adjudication_moderate,100,1.741293,2130,2026-09-11 21:29:18,a2a4 d7d6 g2g3 h7h5 f2f3 d6d5 h2h4 d5d4 h1h2 d4d3 e2e4 d8d5 e4d5 g7g6 b1a3 g8f6 f3f4 f6g4 h2f2 b8a6 g1e2 d3e2 f2e2 h8h6 b2b4 f7f6 a3c4 c8f5 e2e5 f6e5 f4e5 a6b4 c1a3 f5c2 d1c1 e8c8 a3b4 c2e4 d2d3 e4d5 c1g5 d5e4 e5e6 c7c5 b4c5 e4d3 c4e5 d3f1 e5g6 f1d3 g6f8 d8f8 a1d1 d3a6 d1c1 f8f6 a4a5 b7b5 g5d2 f6e6 e1f1 e6c6 d2g5 c6c5 c1c5 c8b7 c5d5 h6h7 f1g1 b5b4 d5d4 b4b3 d4b4 b7c8 b4b3 g4e5 g5e5 a6c4 b3b2 h7h6 e5e3 e7e5 b2a2 c4a2 e3h6 c8c7 h6g6 e5e4 g6g7 c7d6 g1g2 e4e3 g2f1 a7a6 g3g4 h5g4 g7f6 d6d7 f6h6 a2b3
427,B,material_adjudication_moderate,77,1.706077,2135,2026-09-11 21:29:52,e2e3 a7a5 g1f3 c7c5 f1d3 e7e5 h2h3 f8d6 c2c3 a8a7 d3g6 h7g6 d2d3 d6e7 d3d4 b7b5 d4e5 g6g5 g2g3 d7d5 d1d5 h8h6 f3g5 d8c7 d5f7 e8d8 e1d1 e7f8 b2b3 c7f7 g5f7 a7f7 e5e6 f7e7 e3e4 c8e6 c1e3 e7d7 d1c2 g8e7 e3h6 g7h6 b1a3 d7b7 a3b5 b7b5 h3h4 b8c6 h1b1 c5c4 b3c4 b5c5 b1c1 d8e8 a2a4 c6d8 e4e5 f8g7 c1d1 e7c6 d1d5 e6d5 c4d5 c6e5 a1c1 e5c4 h4h5 e8e7 c1b1 g7f6 b1a1 e7d6 a1c1 d6c7 c1b1 c5d5 b1c1
428,B,material_adjudication,67,1.723040,2140,2026-09-11 21:31:46,e2e4 b8a6 d2d3 a8b8 e1d2 c7c6 a2a4 a6c5 g2g4 a7a5 d1f3 g7g5 b2b3 f8g7 h2h4 g7a1 d3d4 a1d4 f1e2 g5h4 e2f1 e7e5 g4g5 d4f2 d2e2 d7d6 f3f2 c5b3 c2b3 c8d7 g5g6 h7g6 c1g5 d8g5 g1h3 g5e7 b1c3 b7b6 c3d5 c6d5 e4d5 b8a8 h3g1 f7f6 f1g2 e5e4 g2e4 d7g4 e2f1 f6f5 f2c2 f5e4 h1h2 g4c8 h2g2 a8a6 f1e1 e8d8 g2g4 e7c7 c2c7 d8c7 g4g6 g8h6 g1h3 c8h3 g6h6
429,W,checkmate,9,1.646812,2145,2026-09-11 21:31:47,e2e3 h7h5 f2f4 h5h4 d1g4 b7b5 b2b3 f7f6 g4g6
430,W,material_adjudication,96,1.697861,2150,2026-09-11 21:34:28,a2a3 e7e5 b1c3 f8d6 g1h3 g8f6 f2f4 b8a6 a3a4 e5f4 a4a5 g7g6 c3e4 f6e4 d2d3 b7b5 a1a3 b5b4 a3a2 e4f6 e2e4 d6c5 b2b3 d8e7 d3d4 g6g5 f1d3 e8g8 d4c5 f4f3 h3g5 f3g2 h1g1 c7c6 e1d2 e7c5 e4e5 g8g7 e5f6 g7h8 a2a1 h7h6 g5f3 d7d6 f3h4 a6c7 a5a6 c5e5 a1a4 e5f6 d1h5 c6c5 d3f5 c8d7 f5d7 f6h4 h5h4 f7f5 d2d3 a8b8 c1e3 b8d8 d7c6 f8g8 e3c5 d6c5 d3e3 d8d6 h4e7 g8g7 e7d6 c7b5 d6c7 g7c7 c6b5 c5c4 g1g2 c4b3 c2b3 h6h5 a4a5 h5h4 g2g3 h4g3 h2g3 h8g8 e3f4 c7c1 f4f5 c1a1 a5a1 g8f7 a1b1 f7f8 f5g6 f8e7
431,W,material_adjudication,66,1.738047,2155,2026-09-11 21:35:49,a2a3 b7b6 c2c4 f7f6 d2d3 h7h5 c4c5 e7e6 b1d2 h5h4 g2g4 h4h3 e2e4 f8e7 a1b1 g7g6 g4g5 b8a6 d1e2 e8f8 c5b6 h8h4 b6a7 f6f5 f1h3 f5e4 d3e4 h4h7 b1a1 d7d6 b2b4 h7h3 g1h3 d6d5 e2f1 d5e4 d2e4 c8b7 b4b5 a6b4 a3b4 d8d3 f1d3 b7e4 d3e3 e7b4 e1f1 c7c5 h1g1 a8a7 a1a7 b4e1 g1g3 e4d5 e3f3 d5f3 g3f3 f8e8 f3a3 e8d8 h3g1 d8e8 h2h3 e8d8 f1e1 d8e8
432,B,material_adjudication,69,1.639182,2160,2026-09-11 21:39:59,g1h3 e7e6 a2a4 h7h6 a1a3 f7f6 g2g3 b7b6 a4a5 h6h5 f2f4 c8b7 f1g2 f8a3 g2b7 g8e7 e1f2 d7d6 b1c3 b6a5 b2a3 b8d7 b7a8 c7c5 e2e3 d8a8 d2d3 e7c6 a3a4 d7e5 f4e5 h8h6 e5f6 c6e5 h3f4 a8h1 d1h1 h6f6 h1d1 e8e7 g3g4 h5g4 f2e1 g4g3 f4e2 g3h2 e3e4 h2h1q e1d2 h1h2 d1e1 a7a6 d2d1 h2h5 c1e3 e7f7 e1f2 f6f2 e3f2 f7e7 d1e1 h5h6 e2f4 h6f4 c3d5 e6d5 e4d5 f4f3 d3d4
433,W,material_adjudication_moderate,76,1.685362,2165,2026-09-11 21:42:29,h2h4 c7c6 b2b3 d7d5 g2g3 d8b6 h1h3 c8h3 f1h3 h7h6 h3g2 e8d7 f2f3 f7f5 e1f1 g8f6 c2c3 h8g8 d1e1 b6f2 e1f2 g7g5 f2d4 g5h4 d2d3 g8h8 g3h4 e7e5 d4f2 f6e4 h4h5 e4f2 f1f2 d5d4 g2h3 f8d6 a2a3 d7e6 c3d4 e5d4 h3f1 e6e7 a1a2 h8f8 f3f4 f8d8 g1f3 d6f4 c1f4 e7e8 f4b8 a8b8 a3a4 a7a5 e2e3 c6c5 e3d4 c5d4 f3h4 b7b6 b1a3 b8c8 a3b5 e8d7 a2b2 d8e8 f1g2 e8d8 g2b7 c8b8 b7d5 f5f4 b5d4 d8c8 b2d2 f4f3
434,W,checkmate,69,1.722809,2170,2026-09-11 21:47:23,e2e4 c7c6 d1e2 f7f6 e2h5 g7g6 h5e2 c6c5 f2f3 f8g7 e1d1 e8f8 h2h3 a7a6 g2g4 d7d5 b1a3 d5e4 b2b3 h7h5 f3e4 c8e6 c1b2 h5g4 f1g2 g4g3 g2f3 g3g2 h1h2 a8a7 f3g2 c5c4 a3c4 g6g5 g2f3 g5g4 e2g2 g4f3 g2f3 b7b5 c4a3 f8e8 g1e2 e8d7 e2d4 b5b4 d4e6 d7e6 d1e1 a6a5 a3b5 a7a6 a2a4 a6d6 b5d6 d8d6 h2e2 d6d8 d2d4 e6d7 d4d5 f6f5 f3f5 e7e6 d5e6 d7e7 a1d1 g7b2 f5f7
435,W,material_adjudication,66,1.642475,2175,2026-09-11 21:51:03,e2e4 b8a6 f2f3 g8f6 b2b3 d7d6 d2d3 a6b4 e1e2 h8g8 c2c3 b7b5 h2h3 g7g5 c3b4 f8g7 a2a4 d6d5 a4b5 c7c6 d3d4 g8f8 h3h4 a8b8 c1b2 d8c7 h4g5 c8h3 b5c6 e7e5 g1h3 e5d4 b1a3 c7e5 f3f4 e5e4 e2d2 a7a6 g5f6 g7f6 f1d3 e4e6 b2c1 f8g8 c1b2 f6h4 g2g3 h4f6 h1g1 f6e5 f4e5 h7h6 h3f4 f7f6 g1h1 f6e5 f4e6 b8a8 h1g1 a8c8 a1b1 g8h8 b1a1 h8g8 b4b5 g8h8
436,B,material_adjudication,73,1.690198,2180,2026-09-11 21:51:27,d2d3 c7c5 d3d4 h7h5 b2b4 b8a6 a2a4 a6b4 c1f4 b4d5 d4c5 a8b8 f4e3 a7a5 d1d5 h5h4 e3c1 b8a8 e2e4 g8f6 d5d4 f6e4 c1e3 a8b8 g2g4 h4g3 d4e4 f7f6 a1a3 d7d6 g1f3 d6d5 e4g6 e8d7 f1e2 g3g2 h1g1 d8e8 g6g3 b7b5 e2b5 d7d8 g3g2 c8d7 a3a2 e7e5 b1c3 e5e4 c3d5 e4f3 g2f3 e8e6 g1g3 h8h2 f3g2 h2g2 e1e2 e6d5 c2c4 d5e6 b5d7 d8d7 g3g2 d7c6 f2f4 f6f5 g2g6 e6g6 a2a3 b8b7 a3a2 b7b3 a2a1
437,W,material_adjudication,78,1.652937,2185,2026-09-11 21:51:52,e2e4 c7c6 g2g4 b7b5 e4e5 d7d6 f2f4 c8g4 d1g4 a7a5 e1e2 a8a7 e5d6 a7b7 d6d7 b8d7 g4f3 d7b6 h2h3 e7e5 d2d3 e5f4 c1d2 h7h5 d2a5 g7g6 b1d2 h8h6 f3f2 b5b4 d2c4 b6c4 a5d8 b7b8 b2b3 g8e7 f2e1 c4e3 h3h4 e8d8 a2a3 e7f5 h1h3 b4a3 e1d2 d8d7 h3f3 f8b4 c2c3 b4c3 d2c3 f5g3 e2e1 b8c8 c3g7 h6h7 g7h7 g3f1 e1f2 c8b8 a1f1 e3f5 f1e1 a3a2 e1f1 a2a1q f1a1 f5d4 a1a5 b8c8 b3b4 d4f3 g1f3 c8b8 f3e1 b8b4 h7f7 d7d8
438,B,material_adjudication,66,1.654459,2190,2026-09-11 21:52:16,h2h4 c7c6 h4h5 d7d6 b2b3 d6d5 d2d3 b8d7 a2a4 f7f6 c1e3 g8h6 f2f3 b7b6 d1d2 a8b8 d2d1 a7a6 e1d2 e7e6 d1e1 e8e7 e3d4 c6c5 b1c3 c5d4 c3b5 a6b5 b3b4 h6g8 e1c1 b5a4 c1b2 g8h6 g1h3 a4a3 b2a2 d7e5 h3f2 h6f5 h5h6 g7g5 a1b1 f8h6 h1h6 f5h6 b1b3 e5f7 b4b5 h8g8 f2e4 e7e8 e4c5 c8d7 c5d7 d8d7 f3f4 g5g4 b3b1 e6e5 b1b3 e5f4 e2e3 f4f3 c2c3 f3g2
439,W,material_adjudication,70,1.710818,2195,2026-09-11 21:55:20,h2h4 c7c6 h4h5 d7d6 d2d3 c8g4 a2a4 a7a6 h1h4 g8f6 a1a3 d8c8 d1d2 b8d7 b2b3 d7c5 a4a5 g4e6 a3a4 a8b8 g2g4 f6g4 h4g4 c5b3 c2b3 h8g8 d2f4 e6g4 a4c4 d6d5 c4c5 d5d4 f2f3 f7f5 f3g4 f5g4 f4f2 e7e6 c5c4 c6c5 b3b4 g7g5 f1g2 f8g7 c4c5 c8d7 e2e3 d7e7 e3d4 b7b6 c5c4 b6a5 g2c6 e8d8 b4a5 b8b1 f2g3 b1c1 c4c1 e7a3 c1c4 g7f6 e1e2 a3c3 c4c3 g8g6 h5g6 d8e7 c6b7 f6d4
440,B,material_adjudication,113,1.724830,2200,2026-09-11 21:56:29,b1a3 a7a5 f2f3 b7b5 d2d3 f7f5 e1d2 h7h6 e2e3 b8a6 g2g3 b5b4 c2c3 e7e6 f3f4 a6b8 g1f3 a8a6 a3b1 b4c3 d2c3 f8e7 f3h4 h6h5 d3d4 d7d6 a2a3 a6a8 h4g6 a5a4 f1d3 h8h6 g6e7 d8e7 h2h3 e6e5 d4e5 c7c6 e5d6 e7b7 c3d2 g8f6 h1h2 e8d7 d3f5 d7e8 f5c8 b7c8 d1f3 b8a6 e3e4 a6c7 d6d7 c8d7 d2e3 d7e6 b2b3 a4b3 c1b2 f6e4 f3e4 e6e4 e3e4 c6c5 b1d2 a8a4 e4f5 g7g6 f5e5 c5c4 f4f5 g6f5 g3g4 h5g4 h3h4 h6g6 h4h5 g6h6 h2f2 h6h5 e5d6 c7b5 d6c5 c4c3 b2c3 b5c3 f2h2 h5h2 d2c4 c3e4 c5b6 e8f7 a1b1 f7e8 b1b3 e8f8 c4a5 a4a5 b6a5 h2h6 b3d3 f5f4 a3a4 g4g3 d3f3 h6f6 f3f4 f6f4 a5b6 f4g4 a4a5 f8g8 a5a6
441,W,material_adjudication,72,1.692916,2205,2026-09-11 21:58:26,f2f4 d7d5 e2e4 g7g6 h2h3 d5e4 b1a3 b7b5 e1f2 c8d7 g2g3 f8g7 d2d4 g6g5 f1b5 d7b5 a3b5 a7a5 a2a4 g5f4 c1f4 f7f5 f4c7 b8a6 c7d8 e8d8 a1c1 a6b8 b5c7 g8h6 c7a8 d8e8 g3g4 f5g4 f2g2 h6f5 c2c3 b8d7 c1c2 f5d4 c3d4 g7d4 d1a1 d4g1 h1g1 g4h3 g2h2 e8f7 b2b3 h8a8 c2b2 a8b8 g1h1 f7g7 h2h3 g7f8 b3b4 a5b4 a4a5 e4e3 a5a6 e3e2 h3h4 b4b3 h4h5 e2e1q h1e1 d7f6 h5g5 h7h6 g5f4 e7e6
442,B,material_adjudication,75,1.724401,2210,2026-09-11 21:59:34,h2h4 c7c6 b2b3 d7d5 g2g3 h7h5 c1b2 d8b6 h1h3 c8h3 g1h3 c6c5 b1a3 e7e5 f1g2 b6d8 b2d4 c5c4 d4b2 f8a3 b2a3 b7b6 g2d5 a7a5 f2f4 c4b3 d5e6 e5f4 a3b2 b8c6 a2b3 f7e6 c2c3 g8e7 h3f4 e6e5 f4d5 d8d5 d2d4 e8d7 d4e5 d7e6 c3c4 d5e4 d1b1 e4g2 b1e4 g2e4 c4c5 e6d5 c5b6 h8c8 a1d1 d5c5 e2e3 c6b4 b6b7 a8b8 b7c8q b8c8 d1d4 e4c6 e3e4 e7f5 e4f5 c6f3 g3g4 b4c6 d4d3 f3g4 e5e6 c5b6 b2c3 c6d8 e6e7
443,W,material_adjudication_moderate,76,1.715173,2215,2026-09-11 22:04:08,g1f3 h7h5 b1a3 g7g6 g2g4 g8h6 g4h5 g6h5 a3c4 d7d5 c4e5 h6f5 h2h4 a7a5 e5g6 f8h6 g6h8 f5e3 f3d4 e3f1 f2f3 f1g3 e2e3 c7c6 h1g1 e8d7 g1g3 a5a4 e1f2 b7b6 g3h3 d7c7 a1b1 c8h3 h8f7 d8c8 f7h6 e7e5 c2c3 e5d4 e3d4 c8d7 f3f4 h3g4 d1c2 b8a6 b2b3 a8b8 c2d3 a4b3 h6g4 h5g4 a2b3 a6c5 d4c5 d7g7 d3f5 b6c5 c1a3 c5c4 b1d1 c4b3 h4h5 g7d7 f5b1 b3b2 a3b2 d7g7 f2e1 g7f6 c3c4 f6f4 b1c1 c7d7 c4d5 c6d5
444,D,cap_draw,150,1.714728,2220,2026-09-11 22:04:32,d2d3 c7c5 e2e3 f7f6 c2c3 e7e5 b2b4 b7b6 e1d2 e8e7 f2f3 c5b4 h2h3 c8b7 g2g3 h7h5 a2a3 b4c3 d2c2 b8c6 b1c3 d7d6 c3e2 h8h6 g3g4 g7g5 c2d2 a8c8 g4h5 d8e8 f3f4 d6d5 f4g5 f6g5 f1g2 d5d4 e3d4 e5d4 g2d5 a7a5 d5c6 b7c6 c1b2 c8d8 b2d4 c6b5 d1f1 b5a6 d4b6 h6b6 e2c1 e8h5 g1e2 f8g7 e2g3 h5h8 a1b1 b6b1 f1f3 g7f6 h1f1 f6g7 f3e2 e7d6 f1f3 b1c1 d2c1 d8b8 a3a4 g7d4 e2e4 g8f6 e4d4 d6c7 d4f6 h8f6 f3f6 g5g4 h3g4 c7d7 f6a6 b8b7 a6a5 b7b3 a5a7 d7d8 a4a5 b3d3 c1c2 d3g3 c2b2 g3g4 a7h7 d8e8 b2c3 g4a4 h7h8 e8d7 h8h7 d7e8 a5a6 a4a6 c3d4 a6g6 d4e5 g6g3 e5d5 g3f3 d5e4 f3c3 e4d5 c3c8 d5d6 c8b8 d6c7 b8b2 c7c6 b2g2 c6b7 g2g3 h7h6 e8f8 b7a8 f8g7 h6a6 g7f8 a6b6 f8e7 b6c6 e7d7 c6h6 d7e7 a8a7 e7d7 a7a6 d7e7 a6b6 e7d7 b6b7 d7e8 b7c7 e8f8 c7b7 f8g7 h6h4 g7g6 b7c6 g6g5 h4h7 g5g6
445,W,material_adjudication,106,1.738301,2225,2026-09-11 22:04:55,a2a4 g7g6 b2b4 g8f6 c1a3 h7h5 e2e3 a7a5 h2h3 f8h6 d1f3 a8a6 f1a6 b8a6 h1h2 h8g8 f3f4 h6f4 b4a5 f6g4 e3f4 d7d6 h3g4 e7e5 f4e5 f7f6 e5f6 d8f6 g4g5 f6a1 g1f3 g8g7 e1e2 h5h4 b1c3 a1a3 c3b5 a3a4 d2d4 c8f5 b5c3 a4d7 c3b1 e8d8 c2c3 h4h3 g2h3 d7e6 e2d1 g7f7 d4d5 f7d7 d5e6 f5e6 f3d4 e6g8 h2h1 d8e7 h1g1 b7b6 a5b6 c7b6 f2f3 a6c5 g1e1 e7f8 c3c4 f8g7 b1d2 c5d3 e1e3 d3f4 e3e8 f4h3 d4c6 b6b5 c4b5 h3f4 e8e4 f4h3 e4b4 g8d5 c6d4 h3f4 d4e2 f4e2 d1e2 d7d8 e2e1 d8a8 b4d4 a8e8 e1d1 d5e6 d4d6 e6f5 d6d4 e8d8 d4d8 f5c8 d8c8 g7f7 c8b8 f7e7 b5b6 e7d7
446,B,material_adjudication_moderate,102,1.720868,2230,2026-09-11 22:06:20,g1f3 d7d6 f3g1 e8d7 b2b3 e7e5 g2g3 f7f6 h2h4 g7g6 c2c3 g8e7 d1c2 g6g5 a2a3 d8e8 h1h3 d7d8 g3g4 h7h5 b3b4 h5g4 a3a4 b8d7 a4a5 c7c5 c2d1 c5c4 c1a3 g4h3 g1h3 h8h4 b4b5 a7a6 h3g5 f6g5 a3d6 a6b5 d6c7 d8c7 f1g2 a8b8 f2f4 h4h2 g2e4 e7d5 e4d5 f8d6 f4e5 d6e5 d5e4 g5g4 d2d3 e8f7 d1d2 f7g7 d3d4 e5d6 a5a6 d7f6 d2d3 f6e4 d3e4 b5b4 c3b4 g7f7 a6a7 b8a8 d4d5 f7g7 e4c4 c7d8 c4d4 g7d4 e2e3 d4c5 b4c5 d6c5 b1d2 b7b6 a1c1 h2h6 d2f3 g4f3 e3e4 c5f2 e1f2 c8e6 d5e6 d8e8 e4e5 h6g6 f2f3 b6b5 f3f2 b5b4 f2e1 e8f8 e6e7 f8e7 e5e6 e7e6
447,B,material_adjudication,71,1.726458,2235,2026-09-11 22:06:41,h2h4 c7c6 b2b3 d7d5 c1b2 d8b6 h4h5 c8g4 b1a3 b6a6 h1h4 g8h6 d2d4 c6c5 f2f3 g4d7 b2c3 h6f5 d4c5 d5d4 a3b1 d7b5 e1d2 a6f6 h4f4 f5e3 c3d4 f6d4 f4d4 e3d1 d2d1 b8c6 c2c4 c6d4 b1d2 b5c6 g2g4 a8d8 g4g5 a7a5 f3f4 d4f5 g1h3 e7e6 d1c2 f5d4 c2b2 f8c5 e2e3 f7f6 g5f6 g7f6 e3d4 c5d4 b2a3 e8g8 f4f5 h7h6 d2f3 c6f3 h3f4 d8c8 f5e6 g8g7 a1d1 f3d1 f1g2 f8e8 c4c5 d4c5 a3b2
448,B,material_adjudication,93,1.717098,2240,2026-09-11 22:08:45,g1f3 h7h5 b1a3 g8f6 c2c3 h8h6 d2d3 c7c6 a1b1 b8a6 c1h6 a8b8 a3c4 b7b5 a2a4 b5b4 h6d2 b4c3 b1a1 c3b2 c4e5 b2a1q f3g1 a1a3 f2f3 c6c5 d1a1 d8c7 d2g5 f6g8 a1a3 h5h4 e5c6 f7f5 c6b8 a6b8 g5f4 c7f4 a3c5 a7a5 c5c8 e8f7 c8c3 f4d6 f3f4 g8f6 g1h3 f6d5 c3a5 b8c6 a5b5 d5e3 b5b2 g7g6 b2d2 e3g4 e2e4 f8g7 e4f5 g6f5 d2d1 c6d4 a4a5 g4e3 d1c1 e3d5 c1b2 d4c6 b2d2 g7d4 a5a6 d4c3 d2c3 d5c3 f1e2 e7e5 a6a7 c6a7 f4e5 d6e5 h3f4 e5f4 h1f1 f4c7 f1f5 f7e6 e2h5 e6f5 g2g4 f5f4 h5g6 h4h3 g6h7
449,B,checkmate,30,1.790419,2245,2026-09-11 22:09:06,b1c3 g7g6 g1h3 c7c6 a2a4 h7h5 b2b3 h8h6 c1b2 b7b6 e2e4 e7e5 h3g5 d8c7 f2f3 g8f6 f1b5 f8d6 f3f4 c7d8 a1b1 f6g4 b5c4 e5f4 g5f7 d6b4 c3e2 d8h4 e1f1 h4f2
450,W,material_adjudication,66,1.660891,2250,2026-09-11 22:11:45,e2e4 b8a6 d2d3 a8b8 c1g5 f7f6 d1e2 c7c5 c2c3 b7b5 a2a4 f6g5 h2h4 b5a4 e4e5 b8b2 e2b2 g5h4 e1e2 d7d5 d3d4 c5c4 b2c2 d8d7 c2d2 d7b7 a1a3 e8d7 g1h3 h7h5 a3a1 e7e6 h3g5 a6b8 g5f7 g7g5 f7h8 a7a6 a1a4 b7b1 d2g5 f8e7 g5g7 b1b5 a4a1 g8h6 g7h6 e7f8 h6g5 f8h6 g5h4 a6a5 e2e1 c8a6 g2g3 h6g5 h4g5 d7e8 g5f4 b5b6 h1h4 b8d7 h4h1 a6b5 a1b1 b6c7
451,B,material_adjudication_moderate,87,1.744009,2255,2026-09-11 22:15:46,a2a3 b7b6 a3a4 g8h6 c2c3 c7c6 d2d3 a7a5 c1h6 c8b7 d1d2 d7d6 e1d1 e7e6 d3d4 e6e5 f2f3 g7h6 e2e4 d8c7 d4e5 f7f5 d2f2 a8a6 f1a6 b7a6 e5e6 c7c8 e4f5 c6c5 g2g4 f8e7 h2h4 b8d7 b1d2 d7f6 f3f4 f6g4 f2g2 g4e3 d1c1 e3g2 g1f3 c8b7 f5f6 e7f6 c1c2 d6d5 h1g1 e8e7 g1g2 h8d8 g2g4 c5c4 a1b1 h6h5 g4g3 e7e6 f3d4 e6d7 g3h3 d7d6 b2b3 f6d4 c3d4 d8e8 b3c4 b7c8 b1b6 d6d7 b6a6 c8a6 c4d5 a6b7 c2d1 b7d5 d1c2 d5d4 d2b3 d4f2 c2d1 d7c7 b3d2 f2g1 d1c2 g1g2 h3g3
452,W,material_adjudication,66,1.738503,2260,2026-09-11 22:16:29,a2a3 d7d5 e2e3 d8d6 g2g3 e7e5 b2b3 d6c5 b1c3 b8d7 a3a4 c5d4 e3d4 g8f6 e1e2 b7b6 a1a2 e5d4 h2h3 d7b8 a2a1 f8d6 h3h4 d6f4 c3b1 h7h5 a1a3 e8d8 f1g2 d8d7 f2f3 b8a6 e2d3 a8b8 a4a5 g7g5 c2c3 h8h6 a5b6 f4d6 h4g5 h6g6 g5f6 g6g4 c3c4 a6b4 d3e2 a7a5 c4c5 b4c6 e2d3 a5a4 b3b4 c6b4 d3e2 b4c2 d1c2 b8b6 c2d1 b6b8 c5d6 b8b2 e2e1 g4f4 g3g4 h5g4
453,W,material_adjudication,66,1.712981,2265,2026-09-11 22:17:11,a2a3 a7a5 a3a4 f7f5 d2d4 b7b6 e1d2 d7d5 f2f3 g7g6 g2g3 e7e5 g3g4 e5e4 b2b3 h7h6 e2e3 f8b4 b1c3 b4c3 d2c3 f5f4 f1b5 e8e7 f3e4 d5e4 e3f4 c8e6 a1a2 g8f6 g4g5 h6g5 f4g5 e6g4 g5f6 e7f8 d1g4 d8f6 g4e4 c7c6 h2h4 c6b5 e4a8 f6c6 a8c6 b8c6 h1h3 b5b4 c3b2 c6d4 c2c4 b4c3 b2c3 d4b3 c1b2 b3d4 b2a3 f8e8 c3d4 h8h7 h3g3 h7h4 d4e3 h4h6 g1e2 e8f7
454,W,checkmate,37,1.727677,2270,2026-09-11 22:20:25,a2a4 f7f5 d2d3 e7e5 g1h3 d7d6 d3d4 b8d7 b2b4 g8e7 d4e5 g7g5 c1b2 c7c5 e5d6 d7f6 e2e3 d8b6 f1e2 e7c6 g2g3 h8g8 d1d2 g5g4 b4b5 c6b4 c2c4 h7h6 b1a3 g4h3 b2f6 c8d7 f6h4 a8d8 e2h5 g8g6 h5g6
455,B,material_adjudication,79,1.689748,2275,2026-09-11 22:21:30,f2f4 a7a5 e1f2 d7d6 e2e4 c7c6 a2a4 e8d7 f4f5 f7f6 f1c4 d8b6 f2g3 d6d5 e4d5 c6d5 c4b5 b6b5 a4b5 e7e5 h2h3 g8e7 c2c4 e7g8 d1c2 f8e7 g1f3 d7c7 c2d3 c7d7 g3f2 h7h5 b2b3 e5e4 d3c3 e4f3 g2f3 b7b6 c3d3 e7d6 c1b2 d5c4 d3e3 h5h4 b2c3 c4b3 d2d3 d7d8 f3f4 g8e7 a1a4 e7d5 e3f3 d5e7 b1a3 d6a3 f2e3 c8b7 f3g2 b7g2 h1g1 b8d7 g1g2 a3b4 a4b4 a5b4 c3b4 e7g6 f5g6 h8g8 f4f5 g8h8 b4c5 b6c5 g2g3 d8c7 g3g4 c7c8 g4g5
456,W,checkmate,7,1.669943,2280,2026-09-11 22:22:58,e2e4 f7f6 e4e5 a7a5 a2a4 g7g5 d1h5
457,W,material_adjudication,66,1.692808,2285,2026-09-11 22:24:06,e2e4 c7c5 h2h3 d8b6 a2a4 a7a5 g1e2 g8h6 b1c3 a8a7 f2f3 h6g8 h1g1 h7h5 d2d4 h8h6 e1d2 b8c6 d4d5 b6c7 g2g4 c6b8 a1b1 e8d8 g4h5 h6h5 b2b3 g7g5 g1h1 c7b6 c3b5 f7f5 h3h4 b6b5 a4b5 f5e4 h4g5 h5h1 f3e4 d8e8 b5b6 h1f1 d1f1 a7a6 g5g6 g8h6 f1f3 a6b6 b1a1 b6f6 f3g2 f6g6 g2g6 e8d8 g6g2 h6g4 g2g4 d8c7 e2f4 e7e6 f4g6 f8g7 d5e6 g7f6 a1a3 d7e6
458,B,material_adjudication_moderate,89,1.706927,2290,2026-09-11 22:28:21,h2h4 c7c6 e2e3 d7d6 f1e2 c8e6 g2g4 b8a6 b1a3 e6d5 e3e4 a8b8 d2d3 d8c7 b2b4 c7d8 c1f4 d5e6 e4e5 e6g4 f4d2 g4e2 g1e2 a6b4 e2g1 d6e5 a1b1 a7a5 b1b3 d8c7 d1f3 e5e4 d3e4 b4a2 g1e2 c7d7 h1g1 h7h5 g1g5 h8h6 f3d3 d7d3 b3d3 f7f6 g5a5 b7b6 d2h6 b6a5 h6f4 e7e5 f4d2 a2b4 e1f1 b4d3 c2d3 f6f5 e4f5 f8a3 f5f6 a5a4 d2a5 b8b2 f6g7 e5e4 d3e4 b2a2 e2c3 a2b2 f2f4 b2b3 c3a4 a3b4 a5b4 b3b4 a4c5 b4b6 e4e5 b6b2 c5e6 e8d7 e6d4 b2a2 f1g1 c6c5 d4c6 d7c6 e5e6 c6d6 e6e7
459,B,material_adjudication,66,1.744880,2295,2026-09-11 22:28:46,b1a3 a7a5 f2f3 b7b5 e2e3 e7e6 f1b5 f8a3 b2a3 e8e7 c2c4 c7c6 d1c2 c6b5 g2g3 a5a4 c1b2 f7f6 e1f2 d7d6 b2d4 h7h5 f2f1 e6e5 c4b5 h5h4 d4c5 e7d7 c5b4 d8e7 g1h3 c8b7 g3h4 f6f5 b4c3 f5f4 h3f4 e5f4 e3f4 e7h4 d2d3 h4f4 c3d4 f4d4 f1e2 d4d5 c2c1 h8h6 c1g5 d5g5 h2h3 g5h4 a1b1 h6g6 e2f1 a8a7 f1e2 g8h6 b1a1 a7a5 a1d1 g6g5 d1d2 g5g6 d2d1 d6d5
460,B,material_adjudication,67,1.670861,2300,2026-09-11 22:29:51,e2e4 g7g6 d1e2 d7d5 f2f3 f8h6 g2g3 c8e6 e1d1 d5d4 d2d3 e6b3 c2b3 g6g5 f1g2 f7f6 b1d2 h6g7 e2f2 h7h5 f3f4 e8f8 g2f1 g5g4 a2a3 c7c5 e4e5 d8d7 e5f6 g8f6 f2e1 f6d5 a3a4 h5h4 f4f5 h4g3 e1g3 d7e8 g3g4 d5e3 d1e2 e3g4 g1f3 a7a6 f5f6 g4f6 f3e5 a6a5 e5g4 a8a6 a1b1 a6a7 g4f6 e7f6 d2e4 c5c4 c1e3 b8c6 e4d6 e8d8 f1g2 d8d6 e3c1 f6f5 c1f4 d6d7 f4d2
461,W,material_adjudication_moderate,111,1.715152,2305,2026-09-11 22:32:11,a2a3 b7b6 c2c4 f7f6 d2d4 d7d5 h2h3 g8h6 e1d2 e8d7 d2d3 d5c4 d3c4 g7g6 f2f3 h6f5 b2b3 f8g7 e2e3 f5g3 b3b4 h8g8 c4b5 h7h5 b1c3 a7a6 b5c4 g3h1 e3e4 d7d6 g1e2 b8d7 b4b5 e7e6 d1e1 g6g5 g2g4 d6e7 g4h5 f6f5 c4b3 d7f6 h3h4 g5h4 e4e5 f6d5 c3d5 e6d5 c1g5 g7f6 e5f6 e7e8 g5h4 a8b8 a1b1 g8f8 b5a6 c7c6 e1d2 c8e6 e2g1 h1f2 h4f2 d8f6 f1e2 c6c5 f2h4 f6d4 d2d4 c5d4 h4e1 e6d7 e1d2 e8e7 g1h3 e7e6 h5h6 f8c8 h3g1 d4d3 a6a7 d3e2 a7b8q c8b8 g1e2 d7c8 f3f4 c8b7 e2d4 e6d7 d4f5 b7c6 h6h7 b6b5 h7h8q b8h8 f5d4 h8h3 b3b2 h3d3 d4c6 d3d2 b2c3 d2h2 c6d4 h2h3 c3b2 b5b4 a3b4 h3g3 d4f5
462,W,material_adjudication,66,1.786464,2310,2026-09-11 22:33:27,a2a4 d7d6 f2f3 e8d7 e2e4 a7a6 b2b4 f7f6 e1e2 g7g5 a4a5 c7c5 d2d4 c5b4 c2c3 h7h5 c3b4 d8c7 d4d5 e7e5 e2f2 g8e7 a1a4 c7c6 d5c6 d7d8 f1d3 e7c6 b4b5 a6b5 d3b5 d6d5 h2h3 b7b6 a5b6 b8d7 a4a8 g5g4 f2f1 h5h4 f3g4 c6b4 b1a3 b4d3 c1g5 f6g5 d1d3 d5e4 d3e4 f8g7 b5c4 d8e7 c4d5 c8b7 g1e2 b7d5 e4d5 h8a8 d5e4 d7c5 e4f3 e5e4 f3f2 g7d4 e2d4 e4e3
463,B,material_adjudication,73,1.711739,2315,2026-09-11 22:38:59,b1a3 a7a5 a3c4 b8c6 g2g4 e7e6 c4e3 c6d4 a2a4 e6e5 a1b1 f7f6 d2d3 a8a7 d1d2 f8b4 f2f4 b4d2 e1d2 a7a6 d2d1 g8e7 f4e5 f6f5 c1d2 f5f4 e5e6 d4c6 f1g2 f4e3 h2h4 e3d2 e2e3 h8f8 g2d5 f8f4 e3f4 e7d5 d1d2 d5f4 e6d7 e8f7 d7c8q d8c8 b2b3 f4g2 h4h5 c8d8 c2c3 c6d4 c3d4 a6d6 g4g5 c7c6 h1h2 d8g5 d2e2 f7e8 h2g2 g5g2 e2e1 e8d8 g1e2 d8d7 e2f4 g2h2 b1c1 h2f4 b3b4 f4f5 b4b5 f5e6 e1f1
464,W,material_adjudication,118,1.694251,2320,2026-09-11 22:39:48,f2f4 h7h6 b2b4 b8a6 a2a4 c7c5 d2d3 c5b4 e1f2 a6c7 d3d4 a7a6 f2e3 e7e5 f4e5 c7d5 e3d2 f8c5 e2e4 c5d4 e5e6 a8b8 a4a5 e8f8 a1a4 d4g1 a4b4 d5f6 e6f7 g1c5 b4b3 g8e7 e4e5 f6e4 d2e2 d7d5 c2c3 b7b6 a5b6 g7g5 c1e3 c5e3 e2e3 b8b6 b3b6 d8b6 d1d4 b6a5 c3c4 c8d7 c4d5 e7g6 e3e4 a5c7 b1c3 g5g4 f1d3 f8f7 c3e2 f7g8 h1f1 c7d8 g2g3 h6h5 d3a6 d8b8 a6d3 b8b5 d3b5 d7b5 f1d1 b5c4 d4e3 c4e2 e3e2 g8h7 d1f1 h5h4 e2f2 h4g3 f2g2 h8g8 f1f5 g6h4 g2f1 g3h2 e5e6 h2h1q f1h1 g8h8 f5f3 g4f3 e4e3 f3f2 e3f2 h7g8 h1f1 g8h7 f2g1 h7g6 e6e7 h4f5 f1f3 f5e7 f3f4 e7d5 f4d4 g6f5 d4d5 f5f4 g1g2 h8d8 d5d8 f4e3 g2h3 e3e2 h3g2 e2e1
465,B,checkmate,38,1.728087,2325,2026-09-11 22:42:08,b1a3 g8h6 g1f3 h6g4 d2d3 g7g5 b2b4 c7c5 c2c3 h7h5 e2e3 c5c4 f3g5 a7a5 g5f7 e8f7 c1d2 a5b4 h2h4 g4e3 d2e3 b4a3 e3d2 a8a5 d3c4 f7g7 d1e2 a5a4 c4c5 d8e8 a1d1 e7e5 e2b5 f8c5 b5a4 e8f8 h1h2 f8f2
466,B,material_adjudication_moderate,76,1.664103,2330,2026-09-11 22:43:23,e2e3 g7g5 g1h3 e7e6 d1h5 g8f6 f1c4 f6h5 g2g3 b7b5 c4b5 h8g8 f2f4 f8b4 c2c3 c8b7 h3g5 h7h6 g5f7 e8f7 e1f2 b4c3 d2c3 b7h1 b2b3 g8f8 c1b2 h1c6 b5c6 d7c6 b1a3 e6e5 c3c4 b8a6 b2e5 f7g8 a1d1 c6c5 d1d8 a8d8 h2h4 g8h7 f2f1 f8h8 e5f6 d8e8 f6h8 h7h8 a3c2 h5f6 e3e4 f6e4 g3g4 c7c6 g4g5 h6h5 f4f5 h8g8 f5f6 e8f8 f1g2 a6b4 c2b4 c5b4 c4c5 f8f7 a2a3 g8f8 a3b4 e4c5 b4c5 f8e8 g5g6 f7f8 g6g7 f8g8
467,B,value_resign,38,1.677792,2335,2026-09-11 22:43:48,e2e4 f7f6 d1h5 g7g6 h5e2 d7d5 h2h3 d5e4 f2f4 c8g4 e2g4 d8d4 g4g6 h7g6 g1f3 d4c5 g2g3 b7b6 b2b3 e4f3 f1g2 c5f5 a2a4 f3g2 h1h2 e7e5 a1a2 b6b5 g3g4 a7a6 g4f5 g2g1q e1e2 g1h2 e2e1 h2f4 c1b2 c7c5
468,B,material_adjudication_moderate,108,1.698611,2340,2026-09-11 22:44:37,d2d3 c7c5 d3d4 b8c6 b2b4 c6b4 e1d2 a8b8 a2a3 e7e5 a3b4 d7d5 d4e5 a7a6 f2f4 b7b6 b4c5 d5d4 f4f5 f7f6 c5c6 f8e7 c2c4 g7g6 h2h3 f6e5 c1b2 e7f6 h1h2 b8a8 e2e4 d4e3 d2e3 d8d1 b1d2 d1c2 f1d3 a8a7 g1e2 c2b2 a1b1 b2b1 d2b1 a7a8 b1c3 b6b5 c3b5 a6b5 c4b5 g6g5 e3f3 e8e7 c6c7 e5e4 f3e4 h7h6 e2c1 f6e5 e4e5 e7f7 c1b3 c8b7 f5f6 a8e8 e5d4 e8c8 b3c5 b7a8 b5b6 g8f6 b6b7 a8b7 c5b7 c8c7 h3h4 g5h4 g2g4 h4g3 h2h4 c7b7 h4h3 f6d7 d3a6 b7b2 d4c3 d7f6 c3b2 h8a8 h3g3 a8a6 g3a3 a6a3 b2a3 f6e4 a3b4 f7g8 b4c4 h6h5 c4b4 e4f6 b4a5 f6h7 a5b4 h5h4 b4a5 g8h8 a5b5 h8g7
469,W,material_adjudication_moderate,78,1.704415,2345,2026-09-11 22:45:48,c2c4 a7a5 h2h4 b7b5 a2a4 h7h5 f2f3 d7d5 c4b5 f7f6 b5b6 c7b6 a1a2 e8f7 d2d4 g7g5 e1d2 e7e5 h4g5 f8g7 g5f6 g7f6 d4e5 f6e5 g2g4 d8d6 g4h5 c8b7 h5h6 g8f6 b2b3 b8c6 a2b2 e5b2 c1b2 c6b4 b1c3 b7c6 b2a3 d5d4 a3b4 a5b4 c3b5 c6b5 a4b5 a8d8 e2e4 f6h7 f1d3 d6e5 g1e2 d8d6 e2d4 e5d4 d1b1 d4c3 d2e3 c3e5 f3f4 e5e6 d3c4 e6c4 b3c4 f7e6 h1h2 h8g8 f4f5 e6e5 h2h4 g8h8 h4h5 b4b3 b1b3 d6d2 b3c3 e5d6 e3f3 d2d3
470,B,checkmate,86,1.690972,2350,2026-09-11 22:48:12,e2e3 g8f6 d2d3 d7d6 b1d2 a7a6 h2h3 f6e4 a1b1 c8f5 d2e4 c7c6 g2g4 f5e4 d3d4 e4h1 a2a4 h8g8 b2b4 d6d5 f1g2 h1g2 f2f3 g7g5 a4a5 b8d7 f3f4 g2e4 f4g5 d8c7 g1f3 e7e5 c1d2 f8g7 b1b3 b7b5 a5b6 c7b6 c2c3 e8e7 e1f2 e4f3 d1f3 b6b5 c3c4 b5b8 f3d1 g8e8 f2g1 f7f6 b4b5 e5d4 e3d4 c6b5 g5f6 e7f6 c4d5 d7f8 d1c2 h7h5 g4h5 g7h6 d2h6 f6f7 c2c6 e8d8 b3b4 a6a5 b4b5 b8c8 c6c8 d8c8 b5b3 a5a4 b3d3 a4a3 h6f8 f7f8 d3a3 a8a3 h5h6 a3a2 h6h7 f8g7 d5d6 c8c1
471,B,material_adjudication,81,1.751785,2355,2026-09-11 22:53:28,b1a3 e7e6 a1b1 e8e7 g2g4 g8h6 e2e3 f7f5 f1e2 g7g6 c2c3 a7a5 g4g5 h6g4 a3c4 a5a4 h2h3 f8g7 e2f3 a8a6 h3h4 b8c6 c4b6 c7b6 d2d4 a4a3 e1d2 d7d6 b2a3 c6e5 d4e5 g4f2 d1e2 f2h1 h4h5 a6a7 h5h6 g7f8 c3c4 e7d7 e3e4 f5f4 e2d3 d8g5 g1e2 a7a4 e2c3 a4c4 d3c4 h1f2 c4b3 g5e7 e5d6 e7h4 a3a4 e6e5 c1a3 f8h6 b3b6 h6f8 b6b2 h7h5 a4a5 b7b6 a5b6 c8b7 b2a1 g6g5 a3b2 g5g4 b1h1 f2h1 a1h1 h4g5 h1h4 g5h4 f3g4 d7d6 g4f5 h4g5 c3e2
472,B,material_adjudication_moderate,125,1.701249,2360,2026-09-11 22:53:53,d2d3 b8a6 a2a3 a8b8 c2c3 a6c5 c1e3 a7a5 d1d2 g8h6 e3h6 f7f6 d2c1 e7e5 e2e4 c5e6 h2h3 g7h6 g2g4 f8c5 g4g5 h6g5 b2b3 c5e7 a3a4 b7b6 d3d4 d7d6 d4d5 b8a8 d5e6 c8b7 f1b5 c7c6 b5c6 b7c6 e1f1 c6e4 f2f3 e4b1 a1b1 h7h6 f3f4 g5f4 b1a1 f6f5 g1f3 e5e4 f3d4 e4e3 d4f5 a8a7 f5e7 d8e7 h3h4 e7e6 h4h5 e6b3 c1d1 b3d1 a1d1 d6d5 d1d5 f4f3 d5d3 h8f8 d3e3 e8d8 f1f2 f8f5 e3f3 f5f3 f2f3 a7d7 h1e1 d7c7 f3g2 d8d7 e1c1 d7e7 c3c4 c7c8 c1e1 e7f8 e1e4 c8d8 e4g4 f8e7 g4g6 d8c8 g6h6 c8c4 h6b6 c4a4 b6b2 a4b4 b2d2 a5a4 h5h6 a4a3 h6h7 b4b8 d2c2 e7f7 h7h8q b8h8 c2c3 h8a8 c3a3 a8a3 g2f1 a3a8 f1e2 f7f8 e2d2 f8g8 d2c3 a8d8 c3c4 g8g7 c4b4 g7h8 b4c5 d8f8 c5d6
473,B,material_adjudication_moderate,86,1.751123,2365,2026-09-11 22:53:54,h2h4 b7b6 b2b3 h7h5 c1b2 c8a6 b2g7 e7e5 e2e3 a6c8 c2c3 c7c6 g7h8 f8h6 g2g3 b6b5 e3e4 h6f4 d1e2 g8h6 h1h2 d8c7 e2d3 c8b7 a2a4 c7d8 g3f4 b5a4 e1e2 e5f4 c3c4 c6c5 b1c3 a4b3 h8g7 b8c6 e2d1 b3b2 a1b1 c6d4 g1e2 f7f5 e2d4 c5d4 c3b5 b7e4 d3d4 e4b1 d4b2 b1e4 b5d4 a8b8 d4b5 h6g8 g7d4 a7a6 f1h3 a6b5 d2d3 b5c4 d1e2 b8b2 e2f1 c4c3 d3e4 d7d5 d4c3 b2b6 c3a5 d5e4 a5b6 d8b6 f2f3 g8h6 f1e2 b6b5 e2d2 b5c4 h3f1 c4e6 h2h1 e8e7 f1e2 e6f6 h1d1 e4f3
474,B,material_adjudication,71,1.741322,2370,2026-09-11 22:55:46,b2b4 g8f6 b1a3 g7g5 h2h4 d7d5 f2f3 f8g7 h1h2 c8d7 b4b5 g5h4 h2h4 d5d4 c1b2 f6d5 h4f4 d5f4 g2g4 d7b5 a3b5 b8c6 d1b1 c6b4 e2e4 a7a6 a2a4 c7c6 b5a7 g7e5 b2a3 e5g7 a3b4 d8b6 b4e7 b6a7 e4e5 e8e7 b1b4 e7e8 b4b7 a7b7 f1e2 b7b6 a1b1 f4g6 b1b6 g7e5 b6b2 c6c5 c2c4 d4c3 d2c3 a6a5 b2b7 e5g7 c3c4 a8d8 g4g5 d8d6 b7a7 g7d4 e2d3 d4g1 d3g6 h7g6 e1e2 g1d4 e2d3 d4b2 d3c2
475,B,material_adjudication_moderate,133,1.698681,2375,2026-09-11 22:59:14,b1c3 h7h5 c3a4 c7c5 h2h4 c5c4 d2d4 b8c6 b2b4 d8c7 d4d5 d7d6 c1d2 a8b8 d2e3 c8g4 c2c3 f7f6 e3b6 a7b6 e2e3 g4d1 g2g4 c6d8 g4g5 b6b5 g1e2 e7e5 e2f4 e8d7 f2f3 d1f3 a2a3 d7e8 a1a2 b5a4 g5g6 c7a5 f4h3 b7b5 b4a5 f3d5 h3f4 f6f5 f4d5 f5f4 e1e2 d8e6 e3e4 e8d8 a2a1 b5b4 a3b4 a4a3 d5f4 e5f4 a5a6 g8f6 a6a7 b8a8 f1g2 d8e8 b4b5 f4f3 g2f3 f8e7 e4e5 e8f8 e5f6 a8a7 f6e7 f8e7 f3g2 h8d8 h1c1 e6c5 g2f3 c5b3 a1b1 b3c1 b1c1 a7a5 b5b6 d8d7 b6b7 d7d8 b7b8q d8b8 f3h5 a5e5 e2f1 b8e8 c1a1 e8a8 a1a3 a8a3 f1f2 e7f8 f2g2 a3a2 g2f1 f8e7 h5g4 a2a6 h4h5 e7f6 f1f2 a6a4 f2f1 e5e6 g4e6 f6e6 h5h6 g7h6 g6g7 e6f7 g7g8q f7g8 f1g1 a4a8 g1f1 g8h8 f1e2 h6h5 e2d2 a8a1 d2c2 a1a3 c2d2 a3a2 d2c1 h8g8 c1b1
476,B,material_adjudication_moderate,93,1.753541,2380,2026-09-11 22:59:14,h2h4 b7b6 b2b3 h7h5 d2d4 c7c6 g2g4 h5g4 c2c4 f7f6 f1g2 e7e5 a2a3 e5d4 h1h3 g4h3 g2h3 h8h5 f2f3 g8e7 a1a2 d7d5 e1f1 d8d6 h3g4 h5h4 g4c8 g7g5 c8g4 f6f5 g4f5 e7f5 c4d5 f5g3 f1f2 b6b5 d1d4 c6d5 d4e3 e8d8 e3e5 d6e5 f3f4 e5d6 f2g3 b8d7 e2e3 d6c7 a2c2 c7b6 f4g5 d7e5 g3h4 f8d6 g5g6 e5g6 h4g5 g6e5 e3e4 d5e4 c1e3 b6c7 c2c7 d8c7 g5f4 c7b7 f4e4 e5g6 e4f5 g6h4 f5f6 a8h8 e3g5 h4g2 f6g7 h8h5 b3b4 h5g5 g7h6 g5e5 b1d2 e5d5 g1e2 a7a5 b4a5 b7c6 a5a6 b5b4 a3b4 d6b4 a6a7 b4d2 h6g7
477,W,value_resign,40,1.667654,2385,2026-09-11 22:59:36,f2f4 h7h5 e2e4 c7c6 f1d3 a7a5 e1f1 g7g5 g2g3 d7d6 h2h3 h5h4 d1e2 g5f4 g3f4 a5a4 c2c4 h8h5 e2h5 g8f6 h5h8 c8g4 d3c2 d8c7 e4e5 g4f5 h8h4 c7b6 c2d1 b6b3 a2b3 f6e4 e5e6 a4b3 a1a8 f8g7 h4g5 g7f6 g5f6 e4f6
478,W,material_adjudication,66,1.698738,2390,2026-09-11 23:04:44,e2e3 g7g6 b1c3 g6g5 c3b1 e7e6 e3e4 b8c6 g2g4 c6a5 a2a3 f8b4 c2c3 d7d5 e4d5 c8d7 d1f3 d7b5 d5e6 f7f6 h2h4 b5d3 f3e3 a8c8 b2b3 a5b3 c3b4 d8d7 e6d7 e8d7 c1b2 h7h5 e3d3 d7e8 b1c3 b3a1 f2f4 h5g4 h4g5 h8h1 e1d1 h1g1 b2a1 c8d8 d3c4 b7b5 c4c5 d8d4 c5d4 c7c5 d4c5 f6g5 c3d5 g5f4 d5e3 f4f3 c5d4 g4g3 d4b2 a7a6 e3f5 e8d8 f5d6 f3f2 b2e5 g8e7
479,B,checkmate,56,1.715826,2395,2026-09-11 23:06:14,h2h4 b7b6 c2c3 c7c6 b2b3 c6c5 g2g3 a7a6 f2f3 d7d5 e1f2 a8a7 d2d3 e7e5 h1h3 h7h5 c1a3 e8e7 g3g4 h8h7 g4h5 h7h6 b3b4 g7g5 h5g6 f7g6 b1d2 e5e4 b4c5 c8h3 c5b6 e7d7 b6a7 h3e6 a7b8q d8b8 f2e3 e4f3 a3f8 b8f8 g1f3 f8d6 f3d4 d6h2 d1e1 a6a5 e1d1 g8f6 d1e1 f6g4 e3f3 h6h5 f1h3 h2h3 f3f4 h3e3
480,B,material_adjudication,69,1.740224,2400,2026-09-11 23:06:38,e2e3 a7a5 f1b5 a5a4 g2g3 c7c6 d1f3 h7h5 h2h3 f7f5 e1e2 c6b5 d2d4 h8h6 f3g2 d7d6 g2f3 a4a3 e2d3 d8d7 b2b4 b8c6 h3h4 e7e5 b1a3 b7b6 d4d5 d7f7 d3d2 c6b4 c1b2 c8b7 a3b5 b4d5 g3g4 h5g4 f3d1 f5f4 c2c4 d5e3 f2e3 b7h1 b5c7 f7c7 e3f4 e8d7 h4h5 f8e7 f4e5 d6d5 c4d5 c7c8 d1c2 c8c2 d2c2 b6b5 d5d6 b5b4 d6e7 h6h5 g1e2 g8e7 a1h1 h5h1 e2d4 h1h2 c2d3 e7d5 b2c1
481,W,checkmate,55,1.718497,2405,2026-09-11 23:07:03,e2e4 c7c5 b2b3 h7h5 h2h4 f7f6 e1e2 d7d6 e4e5 b7b6 d2d4 g7g5 b1a3 c8d7 g2g3 h8h6 e5f6 g5h4 c1h6 g8h6 f1g2 e7e6 d4c5 d8f6 c5b6 h6f5 c2c4 f6e5 e2f1 d7c6 f2f4 h4g3 f4e5 a7a5 a1c1 f5e3 f1e2 e3d1 c1d1 c6g2 b6b7 g2b7 h1h3 d6e5 a3b5 f8e7 b5c7 e8f8 c7a8 b8c6 a8c7 f8f7 h3g3 f7f6 d1f1
482,B,material_adjudication,66,1.668756,2410,2026-09-11 23:07:43,b2b4 a7a5 e2e4 f7f5 d2d4 a5b4 d4d5 a8a6 e1e2 d7d6 f2f3 d8d7 d1d4 g8f6 c2c3 f5e4 c1g5 h8g8 c3b4 g7g6 f3e4 f6h5 g1h3 f8g7 d4f2 a6b6 b1d2 c7c5 b4c5 d6c5 e4e5 g7e5 g5e3 b6d6 h3g5 d6d5 d2f3 e5a1 g2g3 a1f6 g5h7 g8g7 h7f6 e7f6 f1h3 d7h3 f3d4 d5d4 e3d4 c5d4 e2f3 g6g5 f2e2 e8f7 e2e4 b8c6 e4d3 h3g4 f3f2 g7g6 a2a3 f6f5 h2h3 g4g3 f2f1 c6e5
483,W,material_adjudication_moderate,98,1.640878,2415,2026-09-11 23:10:53,e2e3 a7a5 h2h3 a5a4 e1e2 c7c6 d2d4 e7e5 g2g4 e5e4 a2a3 h7h6 h3h4 d7d5 f1h3 h6h5 b2b3 h5g4 h3g4 a4b3 c2b3 a8a6 e2d2 b7b6 h4h5 c8g4 g1f3 g4f3 h1e1 b6b5 c1b2 h8h5 d1f3 e4f3 b1c3 h5h6 e1c1 f8e7 a3a4 b5a4 c3a4 e8f8 a1b1 a6b6 a4b6 g7g5 b3b4 b8d7 b2c3 d8b8 b6d7 f8e8 d7b8 e8f8 c1c2 g5g4 b1g1 g8f6 g1b1 e7d6 b1g1 d6b8 c2c1 f6e4 d2e1 e4c3 c1c3 b8c7 g1g4 h6g6 g4g6 f7g6 e1d2 g6g5 c3c6 g5g4 c6c7 g4g3 c7c1 g3g2 c1b1 g2g1q b1g1 f8e8 g1c1 e8f8 d2c3 f8e8 c3b2 e8d8 b2c3 d8e8 c3b2 e8d8 c1a1 d8c7 b2a3 c7d8
484,W,material_adjudication,66,1.725719,2420,2026-09-11 23:13:05,e2e3 a7a5 e1e2 b8c6 g2g3 h7h5 d2d4 h8h6 d4d5 b7b5 h2h4 c6e5 c2c3 b5b4 e2e1 d7d6 f1e2 e8d7 e1f1 a8a7 d1c2 e7e6 e3e4 e6d5 b2b3 c7c6 e2g4 h5g4 c1h6 g7h6 a2a3 d5e4 a3b4 e4e3 f2f4 a5b4 a1a7 d7e8 f4e5 d8b6 c2b2 b6a7 e5d6 c8e6 h4h5 a7b8 d6d7 e8d7 c3b4 b8d6 b1d2 f8e7 d2c4 d6d5 c4e3 e7f6 b2c2 d7e8 e3d5 c6d5 c2c6 e6d7 c6a8 e8e7 a8a6 f6d4
485,W,material_adjudication,84,1.765080,2425,2026-09-11 23:15:22,e2e3 e7e5 e3e4 c7c5 a2a3 c5c4 d1h5 g8f6 h5d1 d8e7 f2f3 d7d5 e1e2 e7d7 e2e3 f6e4 e3e2 e4g5 b2b4 f8b4 h2h4 g5e6 a3b4 b8a6 a1a6 b7a6 e2f2 e5e4 b1a3 a8b8 f3e4 f7f6 e4d5 e6c7 d5d6 c7a8 g2g4 f6f5 d1e2 d7e6 d2d3 f5g4 h4h5 b8b7 a3c4 b7b8 c4d2 b8b6 f2e1 b6b4 c2c3 e6e2 g1e2 b4b8 f1g2 c8d7 d3d4 g4g3 e2g3 g7g6 h5h6 a6a5 g3e2 g6g5 g2a8 b8a8 d2f3 d7g4 f3h2 g4e6 e1d2 a8d8 c1a3 d8d6 a3d6 g5g4 e2f4 g4g3 f4e6 g3g2 h1g1 a5a4 h2g4 a4a3
486,W,checkmate,49,1.743355,2430,2026-09-11 23:17:16,b1a3 a7a5 f2f3 b7b5 e2e4 h7h5 f3f4 b5b4 a1b1 c7c6 a3c4 b4b3 a2a4 b3c2 d1c2 h5h4 f4f5 d7d6 c2d3 f7f6 g1h3 c6c5 c4e3 c5c4 d3e2 h8h7 e4e5 c8b7 e5f6 e7e5 f5e6 g7f6 h3f4 f8e7 e3c2 c4c3 b2c3 f6f5 b1b7 e7g5 f4d5 h7b7 c3c4 h4h3 g2h3 b8c6 h1g1 g5f6 g1g8
487,W,material_adjudication,66,1.696139,2435,2026-09-11 23:18:24,a2a4 e7e5 h2h4 d7d6 g2g3 d8f6 c2c3 h7h5 f2f3 f6e6 f1g2 g7g5 d2d4 e6d7 d4d5 g5g4 f3g4 f8g7 g1h3 d7g4 a4a5 h8h6 e2e3 g8e7 e3e4 g4d7 c1e3 c7c6 h1g1 g7f8 h3g5 c6d5 e4d5 f7f6 g5h3 a7a6 e3h6 f8h6 d1h5 e8f8 h5h6 f8g8 b1d2 e7f5 h6h5 f5g7 h5f3 d7h3 g2h3 e5e4 f3g2 c8h3 g2h3 e4e3 a1d1 e3d2 e1d2 f6f5 h3g2 g8h7 g1f1 b8d7 f1g1 a8b8 d2c1 g7e6
488,B,material_adjudication,127,1.756435,2440,2026-09-11 23:20:19,a2a3 b7b6 c2c4 b8a6 d2d3 d7d6 b1d2 e7e6 h2h4 f7f6 d2e4 a8b8 g2g4 g7g6 e4d2 c8b7 g1h3 e8d7 e2e3 b7h1 d2b1 d8c8 b2b4 b8a8 c1b2 c7c5 b1d2 c8b7 b4b5 h7h6 d1e2 f6f5 g4f5 g6f5 b2h8 a8d8 b5a6 b7c7 a1d1 g8e7 a3a4 h6h5 f1g2 h1g2 h3g1 f5f4 e3f4 d8a8 d2f1 g2f1 e1f1 f8h6 h8f6 h6f4 g1h3 e7g6 f6g5 f4e5 f2f4 e5c3 d1c1 c3d4 c1c2 c7c8 g5h6 g6h4 h6g5 h4g6 c2c1 h5h4 h3g1 d4g1 f1g1 h4h3 c1d1 c8f8 e2g4 f8f5 g4f5 e6f5 d1f1 a8b8 g1h1 b8e8 g5h6 e8e7 h6g5 e7h7 h1g1 h7h8 g1h1 g6h4 g5h4 h8h4 f1d1 h4f4 d1d2 f4g4 d2f2 h3h2 f2f5 g4h4 f5f3 h4h6 a4a5 b6a5 f3e3 a5a4 e3f3 d6d5 c4d5 a4a3 d5d6 a3a2 f3e3 a2a1q h1g2 h6d6 g2h2 d6e6 e3e6 d7e6 h2g3 a1g1 g3h4 e6e5 h4h5
489,B,checkmate,66,1.779852,2445,2026-09-11 23:20:20,e2e3 e7e5 e3e4 d8e7 d1e2 g7g5 f2f3 c7c5 c2c4 h7h6 b2b4 b8c6 b1a3 c6d4 e2d3 a7a6 b4c5 g5g4 f3g4 a8a7 g1f3 g8f6 f3d4 e5d4 c5c6 e7e6 h1g1 f8b4 c6b7 a7b7 g4g5 h6g5 e4e5 g5g4 g1h1 f6h7 g2g3 e8e7 d3d4 h7g5 f1g2 h8h7 h1g1 g5f3 g2f3 g4f3 g1f1 h7h2 d4d3 b4c5 d3c3 b7b6 c3a5 c5d4 d2d3 f3f2 e1e2 d4a1 a5b6 e6b6 c1e3 b6b2 e2d1 d7d6 e3c1 c8g4
490,B,material_adjudication,66,1.709212,2450,2026-09-11 23:23:42,g2g3 h7h5 f2f4 b7b5 f4f5 d7d6 a2a4 b8a6 a4b5 a8b8 a1a3 f7f6 h2h3 b8b7 a3a6 e7e6 e2e3 e6f5 e1e2 b7b5 b1a3 h5h4 a3b5 c8a6 c2c4 h4g3 b5a7 a6c4 d2d3 c4d5 f1g2 d5g2 b2b4 d8a8 d3d4 g2h1 d1c2 d6d5 c2c7 g7g5 c7c3 h1g2 h3h4 g5h4 g1h3 a8a7 h3f4 a7d7 f4g2 h4h3 g2f4 f8d6 b4b5 d7b5 e2d2 b5d7 c3c5 d6c5 d4c5 d7h7 c1b2 e8f7 b2c1 f7f8 c1b2 h3h2
491,W,material_adjudication,86,1.697959,2455,2026-09-11 23:25:38,e2e4 d7d5 h2h3 b7b5 f1b5 c8d7 e4d5 g7g5 b1c3 e7e6 g2g3 e6d5 b5d3 g8f6 c3d5 d7e6 d3b5 b8d7 d2d3 a7a5 d1e2 f8d6 f2f4 g5f4 a1b1 f4g3 b5d7 f6d7 d5e7 d8e7 g1f3 e6d5 c1d2 h8f8 a2a3 d5f3 e2e7 d6e7 h1f1 e7f6 f1f3 f6b2 f3e3 e8d8 b1b2 g3g2 e1f2 f7f5 b2b3 a5a4 b3b5 c7c6 b5b4 f8h8 f2g2 c6c5 b4b7 d7f6 b7g7 f6d5 e3f3 h8e8 c2c4 d5b6 d2e3 e8e6 g2f2 a8a5 f3f5 d8e8 g7h7 b6c4 d3c4 e6e5 f5e5 e8f8 f2e1 f8g8 e3d2 g8h7 d2a5 h7g6 e5c5 g6f6 e1d2 f6e6
492,W,material_adjudication_moderate,85,1.677313,2460,2026-09-11 23:30:31,a2a3 g8f6 a3a4 c7c6 g1h3 d7d6 c2c3 c8d7 f2f3 a7a6 b1a3 e7e6 f3f4 f6e4 g2g3 d8a5 b2b4 a5d8 a3c2 d8c8 a1b1 e4c3 d2c3 c8d8 e2e3 c6c5 c3c4 c5b4 c1d2 b4b3 g3g4 e6e5 f4e5 d7g4 d1g4 b3c2 b1c1 d6e5 g4g2 g7g5 g2b7 b8c6 b7c6 d8d7 c6d7 e8d7 f1g2 f7f6 e1g1 a6a5 c1c2 g5g4 c2c3 g4h3 g2h3 d7e7 g1g2 h7h5 f1c1 f8h6 c4c5 e7d8 g2g3 h8g8 g3f2 a8c8 c3c4 g8g5 h3c8 d8c8 c1c3 c8d7 c5c6 d7d6 h2h3 g5g6 f2e1 h6e3 d2e3 d6e6 e1e2 e6d5 e2f1 g6g8 e3c1
493,B,material_adjudication,66,1.739351,2465,2026-09-11 23:31:19,a2a4 c7c6 d2d3 g7g6 c1g5 d7d5 e2e3 h7h6 c2c3 c8e6 d1f3 g8f6 a1a3 h8g8 g2g4 f8g7 b1d2 e6d7 f3g3 d5d4 e3d4 f6g4 g3g4 e8f8 g4d7 d8d7 f2f3 d7d5 a3a1 g8h8 g1e2 h6g5 f1g2 d5d7 a1b1 a7a5 f3f4 c6c5 b2b3 a8a6 d4c5 e7e5 f4e5 a6a7 h1f1 d7e6 e2d4 e6e5 g2e4 b8d7 b3b4 a5b4 c3b4 e5d4 h2h4 d4e3 e1d1 f7f5 b4b5 a7a4 b5b6 g5g4 f1f2 g6g5 f2f3 f8e7
494,B,material_adjudication,66,1.678916,2470,2026-09-11 23:31:57,a2a3 g8f6 e2e3 c7c6 g1f3 d7d6 c2c3 c8d7 e1e2 g7g5 h2h4 f8g7 h4g5 f6g8 a1a2 d6d5 a3a4 g7f8 f3e5 f8g7 h1h3 d7h3 g2h3 g7e5 d2d4 e5g7 b2b4 e8d7 e2d2 a7a5 f1g2 a5b4 c3b4 a8a7 g2f3 e7e5 d4e5 d8g5 a2b2 d5d4 e5e6 d7e6 h3h4 g5h4 d1h1 h4f2 d2d3 f2g3 h1g2 g3g2 b2g2 b7b5 b1d2 g7h6 g2h2 d4e3 h2h6 g8h6 f3e2 b5a4 b4b5 f7f5 d2e4 b8d7 c1e3 c6b5
495,B,material_adjudication,111,1.726343,2475,2026-09-11 23:34:07,b1a3 g8f6 a1b1 b8a6 c2c3 c7c6 h2h4 a6c7 a3c4 f6g4 g2g3 g4f2 e1f2 c7b5 e2e4 a7a6 b1a1 d8c7 f1e2 f7f6 f2g2 a6a5 h1h2 f6f5 g2h1 b7b6 e4f5 a8a7 h4h5 e7e5 a2a4 d7d5 a4b5 d5c4 b5c6 b6b5 e2g4 c7c6 g1f3 c6b7 a1b1 f8e7 d2d3 c4d3 b2b4 e8d7 c1d2 a7a8 f5f6 d7d8 f6e7 d8e7 b4a5 c8g4 a5a6 g4f3 h1g1 b7d5 d2g5 e7e8 d1f3 d5f3 h2h3 e5e4 g5f4 b5b4 g3g4 b4c3 h3f3 e4f3 f4g3 c3c2 b1c1 g7g5 h5g6 h7g6 a6a7 g6g5 g3b8 h8h7 g1f2 h7h4 f2g3 h4h2 g3h2 f3f2 h2g2 d3d2 c1c2 d2d1q c2b2 f2f1q g2g3 d1c1 b2b1 c1c2 b1f1 c2b3 f1f3 b3d1 g3f2 d1c2 f2f1 e8e7 f3c3 c2c3 f1e2 c3b3 e2d2 b3a3 d2c2
496,W,material_adjudication_moderate,76,1.684657,2480,2026-09-11 23:34:08,d2d3 c7c5 c2c3 d8c7 a2a4 a7a5 e2e4 a8a7 d1e2 h7h6 c1d2 c7b6 a1a3 c5c4 e2e3 b6e3 f2e3 f7f5 a3a1 e8d8 e4e5 b7b6 g1e2 c4d3 e2d4 d7d5 d4b5 d8d7 f1d3 d7e6 b5a7 c8a6 d3f5 e6f5 h2h3 f5e6 c3c4 h6h5 c4d5 e6d5 b2b3 d5e6 b1c3 g7g5 e3e4 b8c6 a7c6 g5g4 c6b4 a5b4 c3d5 h5h4 d2b4 e6e5 d5b6 e7e6 b4a5 g4g3 e1d1 e5f6 e4e5 f6e7 a1c1 g8f6 e5f6 e7f6 b3b4 f8e7 h1e1 h8d8 d1c2 a6d3 c2c3 d8b8 b6d5 e6d5
497,B,material_adjudication,66,1.729265,2485,2026-09-11 23:38:33,a2a4 c7c6 d2d3 d7d6 d1d2 c8e6 b2b3 b7b6 c1b2 e8d7 h2h3 f7f6 b3b4 b8a6 b2d4 e6a2 f2f3 a6b4 b1a3 e7e6 a3c4 d6d5 g2g4 d7c7 c4b6 a7b6 d2c3 g7g6 a1a2 b4a2 d4b6 c7b6 e2e3 a2c3 d3d4 e6e5 g1e2 f8h6 g4g5 d8c7 g5h6 e5e4 e2c3 e4f3 c3d5 c6d5 c2c4 g6g5 f1e2 f3e2 e1f2 f6f5 c4d5 g8e7 f2e2 c7b8 e3e4 b8a7 a4a5 b6a5 e4e5 a7a6 e2e3 e7d5 e3d2 d5e3
498,W,material_adjudication,102,1.738084,2490,2026-09-11 23:43:01,g1h3 g8f6 f2f4 d7d5 d2d3 e8d7 e1d2 a7a6 b2b4 e7e6 c2c3 g7g6 e2e3 d5d4 a2a3 d4e3 d2e3 f8h6 e3f2 f6h5 d1f3 h8e8 g2g4 h6g7 g4h5 a6a5 f2g1 b7b6 c1b2 b8c6 a3a4 a5b4 c3b4 g7b2 a1a2 b2f6 f3g2 f6g7 d3d4 f7f5 a2b2 g7d4 h3f2 d4b2 b1d2 b2d4 f1b5 c8b7 d2b3 g6g5 b3d4 g5f4 d4c6 b7c6 b5c6 d7d6 c6a8 d8a8 a4a5 e6e5 a5b6 a8a3 f2d1 e8g8 g2g8 c7c6 g8f7 a3a2 f7f5 a2b1 b6b7 b1f5 b7b8q d6e6 d1e3 f5f8 b8b7 f4e3 g1g2 e3e2 h2h4 e2e1q h1e1 f8b4 b7a7 b4c5 a7a8 c5f8 a8b7 f8b4 b7a7 b4e1 a7a2 e6d6 a2c4 e1e4 c4e4 c6c5 h5h6 d6c7 g2f1 c7b6
499,B,material_adjudication,69,1.734871,2495,2026-09-11 23:43:02,e2e3 g8h6 a2a3 f7f5 f2f3 b8c6 a3a4 e8f7 c2c3 g7g5 e1e2 f5f4 h2h4 f4e3 d1e1 e3d2 e1d2 c6b8 d2d6 f7g7 d6d1 g5g4 a4a5 g4f3 g1f3 d7d5 e2d2 h6g4 h4h5 c8f5 f1e2 g4f2 d1f1 f2h1 f1h1 f5e6 f3d4 e6f7 e2f1 c7c5 b2b4 c5d4 c3d4 f7e6 b4b5 e6d7 c1b2 h7h6 h1h4 a7a6 g2g4 a6b5 f1d3 e7e6 h4d8 f8b4 b1c3 h8d8 a5a6 b8a6 g4g5 b4c3 b2c3 h6g5 a1b1 a8b8 h5h6 g7h6 d2e1
500,W,material_adjudication,66,1.746544,2500,2026-09-11 23:43:49,a2a3 b7b5 a3a4 d7d5 a1a3 g7g6 g1f3 d5d4 b2b3 h7h5 f3d4 c7c6 d4f5 h8h6 f5g3 c8h3 a4b5 h3e6 h2h4 c6c5 h1h3 a7a6 h3h1 d8b6 b1c3 a6b5 a3a8 b6c6 a8a1 e6b3 c2b3 f8g7 e2e3 g7c3 d2c3 c6c8 f1b5 c8d7 b5d7 b8d7 e1e2 e8f8 c3c4 g6g5 b3b4 c5b4 h4g5 b4b3 g5g6 b3b2 a1a3 b2b1q f2f3 b1c1 d1c1 h6g6 g3h5 g6e6 e2f1 g8f6 h5g3 f8g7 h1g1 f6g8 g3f5 g7g6
501,W,material_adjudication,66,1.689565,2505,2026-09-11 23:45:07,d2d4 h7h6 b2b4 e7e5 h2h4 f8d6 e2e4 e5d4 b1d2 f7f5 h4h5 g8e7 c2c4 d4c3 f2f3 f5e4 f3e4 h8f8 f1c4 a7a5 b4a5 c7c6 d2f3 g7g6 d1d6 a8a7 c4e2 e7d5 e4e5 f8f7 d6c5 d8e7 c5c4 g6h5 a2a4 e7f6 e5f6 f7f6 c1d2 d5e3 d2e3 d7d5 c4a2 c8e6 g2g4 h5g4 e1f1 g4f3 e2d3 a7a5 g1f3 a5a8 d3b1 f6f3 f1e1 e6g8 e3h6 a8a7 h6g7 a7a4 a2a4 b8a6 a4d1 c3c2 d1c2 d5d4
502,B,material_adjudication,109,1.745106,2510,2026-09-11 23:45:30,h2h4 b7b6 b1c3 c7c5 g2g4 f7f5 g4f5 c8b7 g1h3 h7h5 f2f3 e7e5 f5e6 h8h6 h1g1 f8e7 g1h1 d8c8 f3f4 e7d6 d2d4 g7g5 c3b1 b7d5 f4g5 h6e6 c2c4 d5h1 d4c5 b8c6 c5d6 h1e4 b1d2 c8b7 d2e4 a7a5 a1b1 e8f8 c1d2 e6e4 a2a4 e4c4 f1g2 c4c5 g2f3 a8d8 g5g6 b7c8 e1f1 g8f6 e2e3 c6e5 b2b3 e5g6 b3b4 a5b4 d1b3 f6e4 f3e4 g6h4 h3g1 d8e8 b3b4 c5c4 e4f3 c4b4 b1b4 e8e6 b4h4 f8e8 f3e2 c8c6 h4h3 c6d6 e3e4 d6b8 e2d3 b8b7 g1e2 e6e5 h3h4 b7c6 a4a5 b6a5 e2d4 c6c7 d4f3 a5a4 f3e5 c7e5 f1e1 a4a3 e1f1 a3a2 h4h5 a2a1q f1e2 e5f6 e4e5 f6g7 d2c3 a1c1 c3b2 c1b2 e2e3 g7e7 d3c4 b2c2 c4a2
503,B,material_adjudication_moderate,76,1.663953,2515,2026-09-11 23:45:53,a2a3 e7e5 c2c3 d8e7 a3a4 g7g5 e2e4 d7d6 f1d3 c8f5 e4f5 a7a5 f2f4 e5f4 e1f2 b8d7 d3c4 b7b5 a4b5 h7h5 a1a5 a8a5 d2d3 c7c6 c4f7 e7f7 b5c6 h5h4 c6d7 f7d7 f2e2 h8h6 g1f3 d7f5 d3d4 f5e4 e2d2 g5g4 h1e1 e4e7 e1e7 f8e7 b2b4 a5a2 d2e1 g4f3 g2f3 h4h3 b4b5 h6h5 e1f1 h5b5 d1a4 a2a4 f1e2 b5b1 e2f2 a4a3 c1a3 e7f6 a3d6 e8d8 d6f4 d8e8 d4d5 e8d8 f4e3 d8e8 f3f4 e8d8 e3d2 d8e8 c3c4 e8d7 c4c5 b1b2
504,W,checkmate,53,1.632834,2520,2026-09-11 23:45:54,e2e4 b8a6 d2d3 c7c6 f1e2 a6c7 e1f1 a7a6 g2g4 g8h6 b2b3 f7f5 e4f5 b7b5 d1d2 d7d5 h2h4 h6g4 c1b2 c6c5 f5f6 c5c4 e2g4 e7f6 b1a3 f8a3 b2a3 c8g4 d2b4 e8d7 g1e2 h7h6 a1d1 a6a5 b4c5 d7e8 d3c4 g4e2 f1e2 b5c4 c5e3 e8d7 b3c4 d5d4 e3d4 d7e8 c2c3 c7e6 d4e4 d8c7 e4e6 c7e7 e6e7
505,B,material_adjudication_moderate,97,1.743448,2525,2026-09-11 23:47:16,e2e3 a7a5 b2b3 g7g5 a2a4 g8h6 f1d3 e7e6 h2h4 e6e5 f2f4 f7f5 e1f2 g5f4 b1a3 f8a3 g1e2 h8f8 c1a3 h6g8 a3f8 e8f8 e2c3 g8e7 d1h5 f4e3 f2e1 d7d6 a1a3 e3d2 e1d2 d8e8 g2g4 e5e4 d3c4 e7g8 h5e8 f8e8 g4f5 c8f5 c4d5 c7c6 d5g8 f5g4 a3a2 g4d7 h4h5 a8a7 g8d5 c6d5 c3d5 h7h6 h1h4 b8a6 d5f6 e8e7 f6d7 e7d7 h4e4 a6c5 e4c4 a7a8 d2e3 a8e8 e3d2 e8e6 c4d4 b7b6 d4c4 c5e4 d2d1 d6d5 c4d4 e4c3 d1d2 c3a2 d4d5 d7c7 d5d3 a2b4 c2c3 b4d3 d2d3 e6d6 d3c2 c7c6 c2b2 d6d8 b2c2 c6c5 c2b2 d8d5 c3c4 d5d2 b2c3 d2d6 c3c2
506,W,material_adjudication,92,1.715285,2530,2026-09-11 23:47:36,e2e3 d7d5 h2h3 e7e6 d2d3 b7b5 a2a3 d8e7 h1h2 g7g5 e1d2 a7a5 a3a4 b5b4 f2f4 h7h6 d3d4 b4b3 c2c4 g5f4 e3f4 e7d6 g1e2 e6e5 f4e5 c8e6 b1a3 d5c4 e5d6 e6f5 a3b5 c7d6 g2g4 f5g4 h3g4 b8a6 e2g3 a8b8 b5a7 d6d5 d1e2 g8e7 e2d1 a6b4 a1b1 b4c2 h2h1 e7g6 f1g2 g6f4 d1f1 f7f5 g3h5 f5g4 h1h4 f4g2 f1g2 f8e7 d2e2 e7h4 h5f6 h4f6 a7c6 b8c8 c6a5 f6d4 c1d2 g4g3 g2g3 d4b2 b1b2 h8g8 g3h3 c4c3 b2b1 c3d2 e2d2 g8g5 h3c8 e8e7 d2d1 g5g8 c8b7 e7d6 d1d2 g8b8 b7b8 d6e7 d2d3 d5d4 d3c4 e7e6
507,W,material_adjudication,66,1.734218,2535,2026-09-11 23:48:34,h2h4 h7h5 a2a3 b7b5 a3a4 d7d5 h1h2 c8a6 b2b3 a6c8 a1a2 c8a6 a2a3 d5d4 h2h3 b5b4 h3h2 a6b7 a4a5 e7e5 e2e4 b8c6 a5a6 h8h6 a6b7 a8c8 b7c8q d8c8 d2d3 c8e6 a3a7 h6f6 d1e2 c6a7 h2h3 a7c6 c1g5 f6f4 g5f4 f8c5 f4e5 c6e5 b1d2 c7c6 h3h1 g7g5 h4g5 e8e7 h1h5 e7f8 g2g4 e5g4 f1g2 e6e5 f2f3 e5g3 e1f1 g3f2 e2f2 g4f2 f1f2 g8e7 g1e2 e7d5 h5h4 d5e3
508,W,checkmate,29,1.754276,2540,2026-09-11 23:54:13,a2a3 d7d5 e2e3 b7b5 f1d3 c8d7 a3a4 b5b4 d1e2 g8h6 f2f4 h8g8 g2g3 c7c6 h2h4 g8h8 e3e4 d5e4 d3e4 h6f5 e4f5 d7f5 e2h2 f5c2 h2h3 d8a5 d2d3 a5c5 h3c8
509,B,material_adjudication,66,1.649235,2545,2026-09-11 23:54:35,e2e3 g7g5 g1h3 h7h5 g2g4 f7f5 d1f3 a7a6 f1c4 d7d5 e1e2 h8h6 h3g5 d5c4 h2h3 e7e5 h1d1 d8g5 e2e1 h6h7 b1c3 c7c6 c3b1 h7e7 g4f5 g5f5 e1f1 f5c2 b1a3 c2g6 a3c4 g6g7 d2d3 c8f5 c4e5 e7e5 f3h5 e8e7 h5h4 g8f6 d1e1 f5d3 e1e2 d3e2 f1e2 a6a5 a2a4 b8d7 f2f4 e5e6 f4f5 a8d8 f5e6 d7b8 h4g5 g7g5 c1d2 g5g7 a1b1 g7h6 b2b3 f6h7 b1c1 h6f6 c1c2 f6g7
510,W,material_adjudication,66,1.740894,2550,2026-09-12 00:03:27,b2b4 a7a5 d2d4 b7b5 g2g4 c7c6 a2a4 a8a7 e2e3 a5b4 a4a5 b4b3 d1f3 f7f6 f3e4 e8f7 f1b5 d7d5 e4f3 e7e5 d4e5 f7e8 f3e2 f8c5 b5d3 a7a6 b1a3 e8e7 c2b3 a6a8 e5e6 d5d4 g1h3 c8b7 e3d4 c5d4 e1f1 c6c5 d3c4 b7h1 a3c2 f6f5 c2d4 c5d4 a1a3 f5g4 h3g5 h7h6 g5f7 d4d3 e2e3 d8e8 f7h8 h1d5 c4d5 g8f6 d5a8 e8c6 h2h3 g4g3 h8g6 e7d6 e3d3 d6e6 d3e2 e6d7
511,W,material_adjudication_moderate,90,1.696985,2555,2026-09-12 00:04:37,g1h3 e7e6 h3g1 d8h4 g2g3 h4d8 d2d4 g8f6 g3g4 g7g5 c1g5 e8e7 f2f4 a7a6 h2h4 e7e8 e2e4 a8a7 g5h6 d7d6 b1a3 f6g4 h6f8 d8d7 f8h6 c7c6 g1f3 a7a8 d1d3 e8e7 c2c3 b7b6 a3c4 g4f2 e1f2 f7f5 c4d6 f5e4 d3e4 d7d6 f3e5 a6a5 f2e1 a5a4 h1h3 c6c5 f1g2 d6d4 c3d4 c5d4 a2a3 c8b7 e4b7 e7d6 g2f3 a8a7 f3h1 a7b7 h1f3 d6e7 h6g5 e7f8 f3e4 h7h6 g5f6 b7f7 e4d3 f7f6 a1b1 h8h7 e1e2 h7b7 b1f1 f6f5 d3f5 e6f5 e2f3 b8d7 e5d7 b7d7 f3e2 d7d8 h3f3 d8c8 e2d3 f8e8 d3d4 c8c2 f3e3 e8f8
512,W,material_adjudication_moderate,83,1.737458,2560,2026-09-12 00:04:38,a2a3 d7d5 b2b4 g7g6 d2d4 b7b5 h2h4 f7f5 b1c3 e8f7 c1e3 e7e5 a1c1 e5d4 c1a1 d4c3 a1b1 g8f6 g2g3 h7h6 g1f3 d8d6 d1d4 b8a6 e3f4 f7e8 e2e3 c8b7 f4d6 f6g4 f1b5 c7c6 b5a6 g4e3 g3g4 f8e7 d4e3 f5f4 e3e2 b7a6 d6e7 a6e2 e1e2 e8e7 f3d4 h8b8 f2f3 a7a5 b4a5 c6c5 d4b5 c5c4 b5c3 d5d4 c3a4 a8a5 b1b8 a5a4 c2c3 d4c3 e2d1 a4a8 b8a8 c3c2 d1c2 g6g5 a8d8 e7d8 h4g5 h6g5 c2c3 d8c7 c3b4 c7b6 a3a4 b6c7 a4a5 c4c3 b4c3 c7b7 c3b4 b7a6 b4a3
513,W,value_resign,61,1.700491,2565,2026-09-12 00:06:28,g1f3 e7e6 c2c3 f7f5 e2e4 f5e4 f3d4 e6e5 d4e6 d7e6 b2b4 a7a5 f1b5 b8d7 g2g3 g8e7 e1f1 g7g5 b4a5 a8a5 h2h4 e7f5 f1g1 e8e7 d2d4 e7d6 c1g5 d7c5 g5d8 f5g3 f2g3 c7c6 d1h5 c6b5 d4c5 d6c6 b1a3 e4e3 a1f1 a5a4 f1e1 a4a3 d8c7 c6c7 e1c1 e3e2 h5e5 c7d8 c3c4 e2e1q c1e1 f8g7 e5g7 h8g8 g7g8 d8e7 g8h7 e7f6 g3g4 c8d7 e1f1
514,W,material_adjudication,98,1.735256,2570,2026-09-12 00:06:50,e2e3 g7g5 d1h5 g8f6 h5g5 h8g8 g5f5 f8h6 h2h3 d7d5 f5h7 f6h7 f1c4 g8g7 g1f3 h7f8 e3e4 b7b5 g2g4 b5b4 c4d5 b8a6 d5a8 c8d7 a8d5 d8b8 e1e2 a6c5 h3h4 h6f4 e4e5 g7g4 a2a4 b4a3 b1a3 c5a4 a3c4 f4d2 c4d2 g4g8 h1d1 b8b5 d5c4 b5b6 b2b3 g8h8 a1a4 f7f6 d2f1 f8e6 c1b2 e6g7 a4a3 b6b7 d1d5 g7e6 f1g3 d7c6 d5d2 c6d7 c4e6 d7e6 e5f6 e6g4 d2d3 g4f3 d3f3 h8h4 f6e7 e8e7 f3f5 e7e6 b2c3 c7c5 c3a5 a7a6 f2f4 h4g4 f5c5 g4g3 e2f2 g3f3 f2e2 e6f7 f4f5 b7b5 c5b5 a6b5 a5d2 b5b4 a3a4 f7e7 e2f3 e7f8 d2e3 f8g7 a4b4 g7f8
515,B,material_adjudication,67,1.693609,2575,2026-09-12 00:07:53,e2e4 f7f6 e4e5 c7c5 a2a4 e8f7 b1c3 d7d5 d2d4 c8e6 d1d3 c5c4 d3d2 a7a5 a1b1 a8a6 c3b5 g8h6 h2h4 a6c6 g2g3 g7g5 e5f6 e7f6 g3g4 c4c3 d2e3 h6g4 b5c3 g4e3 h4g5 f8e7 f1d3 e3g2 e1d2 f7f8 b2b3 e6d7 g5f6 b8a6 f6e7 f8e7 h1h2 d8g8 h2g2 g8g2 g1e2 e7d6 e2f4 g2h2 d3a6 b7a6 d2d1 c6c3 c1d2 c3c7 f4d5 c7c6 d5f4 d7e6 f4e6 d6e6 f2f4 e6d5 f4f5 c6d6 f5f6
516,W,material_adjudication,66,1.738999,2580,2026-09-12 00:08:57,h2h4 b7b6 b2b3 h7h5 f2f4 b6b5 e1f2 g8h6 a2a4 d7d5 b1c3 c8d7 c3e4 h8g8 d2d3 c7c6 a4b5 a7a6 e4c3 a8a7 e2e3 c6b5 c1b2 d5d4 c3b1 b5b4 a1a3 f7f5 a3a4 a6a5 b2d4 a7b7 f1e2 d7a4 b3a4 b8a6 e2f3 h6g4 f2f1 g7g6 f3b7 f8g7 d4g7 g4e3 f1e1 e3d1 b7a6 g8g7 e1d1 e8f7 a6c4 f7e8 g2g3 d8d4 g1e2 b4b3 e2d4 b3c2 d1c2 e8f8 c4d5 g7h7 h1f1 f8e8 b1c3 e8d8
517,B,material_adjudication,66,1.734333,2585,2026-09-12 00:10:20,b1a3 e7e6 f2f3 f8b4 a1b1 c7c6 e2e4 b4a3 g1e2 a3b2 c1b2 f7f6 g2g4 e8f7 h1g1 g8h6 f3f4 d8c7 c2c3 f6f5 g4f5 h8d8 f1h3 b7b6 d2d3 e6f5 e2d4 c6c5 g1g5 c5d4 d1h5 g7g6 h5h6 b8c6 h6h7 f7e8 h7g6 e8f8 e4f5 c6e7 g6h6 f8e8 g5g6 e7g6 h6g6 e8f8 g6h5 d4c3 h3g4 c3b2 b1b2 c7f4 h5g5 f4g5 h2h4 g5h4 e1f1 c8b7 f1e2 b7c6 d3d4 d8b8 a2a3 h4h2 e2f1 c6a4
518,W,material_adjudication,66,1.670237,2590,2026-09-12 00:10:41,g1f3 a7a6 c2c4 h7h5 g2g3 g7g5 f1h3 f7f6 e1g1 b7b6 d1e1 h8h6 h3g2 c7c5 g1h1 f8g7 h2h4 e8f8 d2d4 d7d6 d4c5 d8c7 c5d6 e7d6 h4g5 h6g6 b1c3 b8d7 c3b1 c7c5 g5f6 g6f6 f3g1 g8e7 g2a8 c5e5 c1g5 g7h8 g5f6 e5f6 a2a3 h8g7 b1c3 b6b5 c4b5 a6b5 e2e4 c8b7 a8b7 f6h6 a1a2 d6d5 e4d5 h6f4 g3f4 g7d4 f2f3 d4c3 e1f2 c3f6 b2b4 f8e8 f2g2 h5h4 a2b2 h4h3
519,D,rule_draw,103,1.697658,2595,2026-09-12 00:11:41,b2b3 a7a5 d2d4 f7f5 e1d2 b7b5 b3b4 f5f4 b4a5 h7h6 a2a4 e7e5 h2h4 a8a5 e2e4 a5a4 a1a4 b5a4 d4e5 d7d6 g2g4 c8e6 c1b2 a4a3 f1g2 h6h5 b1a3 h8h6 f2f3 h5g4 f3g4 e6g4 d1g4 d6e5 d2c3 h6h7 g4h3 h7h5 c3b3 b8d7 c2c4 d8e7 g2f3 h5h4 h3h4 e7h4 h1h4 g7g5 b2c3 g5h4 a3b5 f8c5 f3e2 g8e7 g1h3 c7c6 b5c7 e8d8 c7a8 f4f3 e2f3 d7b6 a8b6 c5b6 c3d2 e7c8 b3a2 d8c7 c4c5 b6c5 a2a1 c8d6 d2g5 d6f5 e4f5 c5e7 g5e7 c6c5 h3f4 e5f4 f3g2 f4f3 g2f3 c7d7 a1a2 d7e7 a2b3 h4h3 f3h1 e7f6 h1d5 h3h2 b3a4 h2h1q d5h1 f6f5 h1f3 c5c4 a4b5 c4c3 f3d1 c3c2 d1c2
520,W,material_adjudication_moderate,83,1.662279,2600,2026-09-12 00:14:06,e2e4 c7c5 b2b3 h7h5 h2h4 g7g5 e1e2 f7f5 h1h2 d7d6 e4f5 b7b5 b1a3 b8d7 g2g3 f8h6 c1b2 g5h4 f1h3 c8b7 b2h8 g8f6 a1c1 d8c7 c2c4 b5c4 g3h4 c7c6 h2g2 d6d5 h8f6 d7f6 b3b4 c5b4 d2d4 e8f7 c1b1 b4a3 g2g3 c6b6 b1b6 a7b6 h3g2 a8c8 g2h3 c8a8 h3g2 a8c8 g2h3 c8a8 h3g2 a8c8 g2f3 e7e6 f5e6 f7e6 g3g2 h6f4 e2f1 f6g4 f3g4 h5g4 d1c2 f4g5 h4g5 e6f7 f2f3 g4f3 g2h2 c8a8 c2c3 a8a6 h2h4 f7g7 g1h3 b7c8 h4f4 c8h3 f1e1 h3g4 f4g4 g7g6 g4h4
521,B,material_adjudication,73,1.628818,2605,2026-09-12 00:14:10,g1f3 h7h5 b1a3 g8f6 a3c4 f6e4 g2g4 h5g4 f3e5 f7f5 f2f3 g4f3 e5f3 d7d6 c4b6 h8h5 b6c8 h5h2 f3h2 d8c8 c2c4 a7a5 e2e3 e4f2 d1c2 f2h1 d2d3 b8a6 c4c5 g7g5 a2a4 e7e5 e3e4 f5e4 d3e4 a6b4 c2d2 c8e6 c5d6 c7d6 f1e2 h1g3 b2b3 e8f7 e2g4 e6b3 a1b1 b3b1 g4f5 b7b6 e1f2 f7e7 f2g3 a8d8 c1b2 b1a2 d2g5 e7e8 h2g4 b4d3 b2c3 f8e7 g5d2 a2a3 d2d3 e8f7 c3e1 a3d3 g3f2 f7g8 g4e5 d3c2 f2e3
522,W,material_adjudication,66,1.722572,2610,2026-09-12 00:17:34,a2a3 a7a5 a1a2 c7c6 d2d4 d8b6 g2g3 e8d8 f2f3 f7f6 d4d5 a5a4 c2c4 b6f2 e1f2 a8a6 h2h3 e7e5 d1d2 g8e7 f2e1 g7g5 d2b4 f8g7 d5c6 h8g8 b4c3 b8c6 h3h4 c6d4 c3d2 a6b6 b1c3 h7h6 g3g4 e5e4 b2b3 a4b3 a2b2 e4e3 d2d1 f6f5 c1e3 f5g4 f3g4 b6c6 d1b1 g5h4 e1d2 d4c2 h1h3 c2e3 d2e3 c6c4 b2b3 b7b6 e3d3 d7d5 e2e3 c4c3 b3c3 c8e6 c3c2 g8h8 g1e2 h8g8
523,W,material_adjudication_moderate,92,1.716982,2615,2026-09-12 00:17:56,e2e3 g7g5 g1h3 h7h5 f2f4 c7c5 g2g3 g8h6 d1f3 g5g4 b2b3 g4f3 a2a4 h8g8 a4a5 f7f5 d2d3 g8g6 b1a3 g6c6 h3g1 d8a5 b3b4 a5b5 a3b5 c5b4 b5d4 c6a6 a1a6 b8a6 g1f3 a8b8 f3e5 f8g7 c1b2 d7d6 d4f5 h6f5 e5f7 e8f7 c2c4 f5e3 e1d2 e3c2 f1g2 f7e6 b2g7 h5h4 d2c2 d6d5 g2d5 e6d7 g7e5 e7e6 d5e4 h4h3 e5b8 a6b8 d3d4 a7a6 g3g4 b8c6 e4d3 d7d8 c4c5 c6e7 h1f1 d8e8 c2b2 b4b3 f4f5 e6f5 g4f5 c8d7 f5f6 e7c6 b2b3 b7b5 c5b6 c6d4 b3c3 d4c6 c3b3 a6a5 d3g6 e8f8 f1e1 c6e7 f6e7 f8g8 b6b7 a5a4
524,B,material_adjudication,71,1.688520,2620,2026-09-12 00:19:34,d2d4 h7h5 f2f3 g7g6 a2a4 a7a6 b2b3 d7d5 a1a2 b7b5 a4b5 c7c5 g2g4 f8g7 b1a3 a6b5 a3b5 g7f6 h2h4 e8f8 g4h5 a8a2 e1d2 c5d4 c1b2 b8d7 b5a7 c8b7 d1b1 a2b2 b1b2 h8h5 e2e3 d4e3 d2e3 g8h6 e3d2 f6b2 c2c4 d5d4 b3b4 d7e5 d2c2 b7c6 b4b5 c6a8 c4c5 e5c4 f1c4 a8b7 c5c6 b7c6 b5c6 h6f5 c4f1 f7f6 c2b2 f5h4 h1h4 h5h4 f1b5 h4h8 b2c2 e7e6 c6c7 d8c7 c2b3 c7a7 f3f4 a7b7 g1f3
525,B,material_adjudication,121,1.710274,2625,2026-09-12 00:27:20,b1a3 g8f6 d2d3 b8a6 a3c4 c7c6 c1d2 a6c7 f2f4 d7d6 c4e3 f6e4 g2g4 e4g3 c2c4 a7a6 e3c2 c8d7 h2g3 d8c8 f1g2 b7b6 c2b4 c6c5 g4g5 c5b4 d1c1 c8b7 g2b7 e7e6 b7g2 d7c6 d3d4 c6g2 g3g4 g2h1 a1b1 g7g6 f4f5 e6f5 g4f5 g6f5 d4d5 h1g2 e1f2 g2d5 c4d5 c7d5 c1c6 e8e7 d2c1 f8g7 f2g2 a8c8 c6b6 d5b6 g1f3 c8e8 e2e3 g7f8 f3d4 h8g8 g2h3 e8a8 e3e4 a8d8 e4f5 h7h6 c1d2 h6g5 a2a3 b4a3 b2a3 d6d5 b1b6 f8g7 d4e6 d8d7 d2e3 g8c8 b6a6 f7e6 f5e6 c8d8 e6d7 e7d7 h3g4 d5d4 e3g5 d8b8 g5d2 g7f8 a6f6 f8a3 f6h6 a3d6 g4h5 d6f8 h6g6 d4d3 d2c1 d7d8 c1d2 b8c8 d2c1 c8c1 g6c6 c1h1 h5g6 d3d2 c6c2 d2d1q c2d2 d8c8 d2d1 h1d1 g6h5 d1b1 h5g4 c8d8 g4h5
526,B,material_adjudication,66,1.715299,2630,2026-09-12 00:27:21,e2e3 e7e5 d2d4 b8c6 a2a3 g7g5 g1h3 g8f6 h3g5 f6d5 d4e5 f7f6 d1g4 d5c3 g4h5 e8e7 b1d2 d8e8 g5h7 e8h5 h7f6 h5h7 h2h3 a7a6 a1a2 h7g7 d2b1 d7d6 e1d2 c3e2 f2f3 c8e6 f1e2 a8d8 e5d6 c7d6 h1d1 b7b6 c2c3 e7f6 g2g4 e6a2 a3a4 d6d5 a4a5 d8a8 a5b6 a6a5 b6b7 a8b8 h3h4 c6a7 c3c4 d5c4 g4g5 f6e7 e3e4 a2b1 h4h5 e7e6 h5h6 g7g6 e2c4 e6e7 h6h7 g6g5
527,B,material_adjudication,73,1.735963,2635,2026-09-12 00:28:32,a2a3 e7e5 d2d4 b7b6 e2e3 c8b7 c2c3 g7g6 h2h3 d7d5 d1d3 f7f6 g2g3 d8d6 b2b4 b8d7 e1e2 a8d8 g3g4 g8e7 e3e4 g6g5 h3h4 h8g8 f1h3 b7c6 a1a2 d5e4 d3d1 h7h6 a2b2 e5d4 h4g5 h6g5 h3g2 d7e5 c3d4 e5g4 g2h3 g4h6 e2f1 e4e3 f2e3 c6h1 e3e4 d6c6 d4d5 c6b5 g1e2 f6f5 c1d2 b5d7 h3f5 e7f5 e4f5 h6f5 b1c3 f8d6 e2g3 f5e7 c3e4 e7d5 d1e1 e8f7 e4d6 d7d6 d2g5 g8g5 g3e4 h1e4 e1e4 d5c3 e4e3
528,B,material_adjudication,71,1.682217,2640,2026-09-12 00:28:52,e2e4 f7f6 e4e5 f6f5 f2f4 c7c5 g1f3 d7d6 e5d6 e7d6 b2b3 g8h6 f1b5 e8e7 e1f2 a7a6 g2g3 a6b5 c2c4 h6g4 f2e2 c8e6 c4b5 g4f6 d1g1 d6d5 c1b2 b8d7 g1e3 g7g6 e2e1 d5d4 f3d4 c5d4 b2d4 f6g4 h2h3 g4e3 d4e3 g6g5 f4g5 d7b6 d2d4 a8c8 b1d2 b6c4 b3c4 e7d7 a1b1 f5f4 g3f4 h7h6 c4c5 f8e7 h3h4 e6g8 h4h5 d7e6 a2a4 h6g5 f4g5 d8f8 d2f3 f8f3 a4a5 f3h1 e1e2 h1g2 e2e1 c8a8 b5b6
529,B,material_adjudication,66,1.724728,2645,2026-09-12 00:28:53,e2e3 e7e5 d1h5 g7g6 e3e4 g6h5 g2g4 f7f6 e1d1 h5g4 g1e2 d7d6 e2c3 f8e7 d1e1 b8d7 f1c4 h7h6 e1d1 h6h5 c4d5 a8b8 h2h4 a7a5 h1g1 d7f8 a2a4 h8h7 c3b5 e8d7 g1g3 f6f5 e4f5 g8f6 d5f7 h7f7 d1e1 c7c6 c2c3 f7g7 e1f1 f6g8 f5f6 g7g6 f6e7 d8e7 d2d4 g8f6 d4e5 d6e5 g3d3 d7e8 b5c7 e7c7 b1a3 c8d7 c1g5 e5e4 f1e2 g4g3 d3d1 c7d8 g5f6 g6f6 b2b3 d8e7
530,W,material_adjudication,66,1.712466,2650,2026-09-12 00:29:13,h2h4 b7b6 b2b3 h7h5 c1b2 h8h6 b2c1 d7d6 b1a3 d6d5 a3c4 c7c6 g2g4 h5g4 d2d3 h6h4 h1h4 d5c4 a2a3 c8e6 c1b2 f7f5 d3c4 d8d4 d1d4 e6f7 g1f3 e7e5 f1h3 e5d4 f3d4 g4h3 h4h3 f7g6 a1d1 b8a6 h3e3 f8e7 d4e6 f5f4 e6f4 g6c2 d1c1 a8d8 c1c2 g7g5 f4e6 c6c5 e6d8 e8d8 c2c1 g5g4 e3g3 g8h6 e2e3 h6f5 g3g4 f5e3 f2e3 d8c7 g4g2 e7h4 e1f1 h4g5 g2g5 c7b7
531,B,material_adjudication,66,1.680431,2655,2026-09-12 00:30:06,a2a3 b8a6 a3a4 d7d6 a1a3 c8d7 a4a5 c7c6 e2e3 a6c5 f2f3 d8c8 e1e2 c8c7 b2b3 g8f6 d1e1 c7c8 d2d3 d6d5 a3a2 c8c7 b1c3 a8c8 e3e4 d5d4 h2h3 d4c3 e1c3 c7d8 c3c5 g7g5 c5c4 b7b6 a2a1 f8h6 c1b2 e7e5 f3f4 g5f4 b2e5 h8g8 e5f6 d8f6 a1d1 d7e6 a5b6 e6c4 b6b7 c8b8 d3c4 c6c5 d1d6 f6d6 e4e5 d6d7 e5e6 d7e6 e2d2 g8g6 c2c3 h6g7 g1e2 a7a6 e2f4 e6e5
532,B,value_resign,42,1.692643,2660,2026-09-12 00:31:11,a2a3 a7a5 a3a4 h7h6 h2h3 c7c5 b2b4 d8b6 h3h4 b6b4 e2e4 g7g5 f1d3 c5c4 d1e2 e7e5 c1b2 g5g4 b2e5 f8d6 e5h8 f7f5 h4h5 b7b5 h1h2 d6h2 e4e5 h2g1 d3f5 a8a7 b1c3 b5a4 c3d5 b4f8 a1d1 f8f5 e2f3 g4f3 g2g3 c8b7 d1b1 f5e4
533,W,value_resign,41,1.733255,2665,2026-09-12 00:31:12,d2d4 h7h6 b2b4 g7g5 f2f3 d7d5 b1d2 e7e6 c1b2 b7b6 g2g4 f7f6 h2h4 f8c5 b4b5 b8d7 e2e4 d8e7 d4c5 g5h4 d1e2 d5e4 f3e4 a8b8 g1f3 h6h5 c5b6 h5g4 h1h4 g4f3 e2f3 a7b6 h4h8 e8d8 f3h5 e7f7 h5f7 c7c6 c2c4 c6c5 a2a4
534,B,material_adjudication,66,1.698771,2670,2026-09-12 00:32:14,e2e3 e7e5 d1h5 c7c6 h5f7 e8f7 f1c4 f7g6 f2f4 g6h5 g1f3 d7d6 c2c3 b8a6 b1a3 g8h6 e1e2 c8f5 b2b3 g7g6 h1f1 f5g4 f4e5 b7b5 e3e4 a6b4 c3b4 a8c8 e2d1 d8g5 d2d3 g5e7 e5d6 e7e8 d6d7 e8d7 c1b2 f8g7 b2g7 g4f3 g2f3 b5c4 g7h8 c4d3 h8b2 c8b8 a1c1 d3d2 c1c5 g6g5 f3f4 d7d3 h2h3 d3f1 d1c2 f1f4 c5f5 f4h2 f5f2 h2f2 c2c3 c6c5 b4c5 h5h4 c5c6 b8c8
535,W,material_adjudication,66,1.708780,2675,2026-09-12 00:33:10,e2e3 a7a5 g1f3 h7h5 a2a3 h8h6 g2g4 g7g6 g4g5 h6h7 f1d3 c7c5 e1f1 d8b6 h2h4 c5c4 d3c4 f8g7 d2d4 a5a4 d4d5 h7h8 c4d3 e8f8 d1d2 a8a6 b1c3 f7f5 d2e2 b6c7 f3d4 c7c3 b2c3 e7e5 d4e6 d7e6 d5d6 e5e4 d3a6 b8a6 c1d2 e6e5 f1g2 c8d7 a1g1 b7b6 c3c4 d7b5 c4b5 a6c7 d2c3 c7b5 e2f1 b5c3 f1c1 b6b5 g2g3 h8h7 c1b2 h7h8 b2c3 b5b4 c3b4 f8e8 c2c4 e8d7
536,W,checkmate,63,1.679279,2680,2026-09-12 00:34:12,d2d3 c7c5 g1f3 d8b6 d3d4 c5c4 f3d2 h7h5 b2b3 d7d6 d4d5 b6a6 f2f3 g8h6 g2g4 g7g5 d2c4 b7b5 a2a4 b5c4 a4a5 a6b7 a1a3 h5g4 c1b2 b8d7 b1c3 c4b3 c3b5 f8g7 b2g7 b3c2 d1c2 a8b8 f3g4 a7a6 b5c3 e7e6 g7h8 b7a8 h1g1 f7f5 f1g2 f5g4 d5e6 g4g3 h2g3 a8g2 g1g2 g5g4 a3a4 b8a8 a4e4 e8e7 c2d2 d7f6 h8f6 e7f6 d2e3 d6d5 e4e5 d5d4 e3g5
537,W,material_adjudication,80,1.646889,2685,2026-09-12 00:35:44,h2h4 b7b6 b2b3 h7h5 f2f4 b6b5 e1f2 d7d6 e2e4 a7a5 a2a4 e7e5 c1b2 e5f4 d1e2 c8b7 a4b5 a5a4 e4e5 d8e7 b3a4 e7e5 b2e5 f7f6 e5c3 e8d7 g2g4 h5g4 e2c4 d6d5 c4f4 g7g5 f4f5 d7e7 f1d3 g5h4 f2f1 e7d6 b1a3 b7c8 f5g6 h8h6 h1h3 h6g6 h3h4 a8a4 d3g6 a4a3 a1a3 d5d4 c3d4 c7c5 d4c3 g8e7 h4h5 e7g6 a3a4 g6f4 a4f4 f8h6 f4f5 c8f5 h5f5 h6g7 f5h5 f6f5 c3g7 c5c4 d2d3 c4d3 c2c3 d3d2 f1e2 d6d7 e2d2 g4g3 d2d3 g3g2 c3c4 f5f4
538,W,material_adjudication,80,1.744571,2690,2026-09-12 00:38:43,b2b4 a7a5 d2d4 a8a6 h2h3 b7b5 f2f3 a5a4 a2a3 h7h5 h3h4 f7f6 e2e3 e8f7 b1d2 d7d5 d1e2 b8d7 c1b2 c7c6 e1d1 a6a8 c2c4 d5c4 d4d5 c8b7 d1e1 g8h6 d5c6 b7c6 a1c1 h6f5 b2a1 f5e3 e2e3 e7e6 e3e2 d8e7 g2g3 d7e5 a1e5 f6e5 e2e5 a8c8 d2b1 h8h7 g1h3 c6f3 h3g5 f7e8 g5f3 e7c7 e5c7 c8c7 f1h3 c7c8 f3g5 g7g6 g5e6 f8g7 e1d1 g7b2 h1e1 b2c1 d1c1 h7d7 e6c5 e8d8 e1e5 d7d5 e5d5 d8e8 d5d2 c8c5 b4c5 e8e7 h3e6 c4c3 d2e2 e7f8
539,B,material_adjudication,99,1.724150,2695,2026-09-12 00:39:52,a2a3 a7a5 a3a4 f7f6 h2h3 e7e5 a1a2 e8e7 c2c4 a8a6 g2g4 d7d5 h1h2 h7h6 c4d5 b7b6 e2e4 c7c6 d5c6 b8c6 d1f3 e7d7 f1a6 c8a6 f3e3 f8c5 b1c3 c5e3 d2e3 d8a8 g1e2 c6b4 a2a3 f6f5 g4f5 b4c2 e1d2 c2a3 b2a3 a8b7 h3h4 a6c4 h2h3 d7e7 h3g3 g8f6 c3d5 f6d5 e4d5 b7c8 d2e1 e5e4 d5d6 e7d6 e2f4 g7g5 h4g5 h6g5 f4e6 c8e6 f5e6 h8d8 c1d2 d6e7 g3g5 c4e6 g5g2 e7f7 e1e2 d8d5 g2g3 d5c5 e2f1 f7e7 f1e2 e7f7 f2f3 e4f3 e2f3 c5d5 e3e4 d5d2 f3e3 d2a2 g3f3 f7g6 e4e5 a2a3 e3d2 a3a2 d2d1 e6g4 d1e1 g4f3 e5e6 f3d5 e6e7 g6f7 e1d1
540,B,material_adjudication,66,1.749705,2700,2026-09-12 00:51:58,a2a4 c7c6 d2d3 g7g6 d3d4 d7d5 a4a5 e8d7 c2c3 d8e8 g2g3 b7b5 d1b3 h7h5 a1a3 f8g7 g3g4 e8f8 e2e3 h5g4 f2f4 a7a6 e3e4 d7c7 g1h3 b8d7 e4e5 g4h3 f1h3 d7c5 d4c5 c8h3 b3b4 a8e8 c1e3 f7f6 e5f6 e7f6 h1f1 h3f1 a3a1 f1g2 f4f5 g8e7 h2h3 g6g5 e1f2 e7g8 f2g2 d5d4 c3d4 e8e3 b4d2 f8e7 d2e3 g7f8 b1d2 e7e3 d2f3 f8e7 g2f1 g5g4 h3g4 e3d3 f1f2 h8h1
541,W,material_adjudication,74,1.687945,2705,2026-09-12 00:52:26,e2e3 a7a5 f2f3 d7d5 e3e4 e8d7 b1c3 f7f6 c3d5 c7c5 g1e2 b8c6 a2a4 e7e6 d5e3 f8e7 e3c4 c6d4 c4e3 d8f8 g2g4 d4c2 d1c2 g7g6 b2b3 a8b8 c2b2 d7e8 e1f2 b7b6 f3f4 e6e5 f4e5 f6e5 f2e1 c8d7 e2c3 c5c4 f1c4 b8d8 c4d5 h7h6 h2h3 g6g5 h1f1 f8g7 e3f5 d7f5 g4f5 g5g4 h3g4 g7g4 c3b5 g4e4 d5e4 g8f6 e4f3 h6h5 b5d4 e5d4 f3e2 d4d3 e2d3 d8d3 f1g1 e8d8 e1e2 h8e8 e2d3 h5h4 b2a2 f6h5 d3c4 h5f6
542,W,material_adjudication,88,1.728031,2710,2026-09-12 00:55:46,g2g3 h7h5 f1g2 f7f6 f2f4 d7d5 h2h4 a7a5 g3g4 c8f5 g4f5 d5d4 d2d3 e8d7 e1d2 d8e8 g1f3 e8d8 d1f1 b7b5 f3d4 d7e8 g2a8 d8d4 b1a3 b5b4 e2e3 b4a3 e3d4 a3b2 c1b2 b8d7 a2a3 e7e6 c2c3 g8e7 a8c6 e7c6 a1c1 c6b8 f1e2 h8h6 a3a4 g7g5 d4d5 g5f4 f5e6 e8e7 h1d1 f4f3 e2f3 c7c5 f3e3 d7b6 c1b1 b6d5 e3f2 d5f4 f2f4 e7e6 b1a1 f8d6 d2c1 d6f4 c1b1 e6d6 d3d4 f6f5 c3c4 c5d4 d1d4 d6e5 d4f4 e5f4 b2c1 f4e5 c1h6 b8a6 b1a2 a6b4 a2b3 b4c2 b3c2 e5d6 c2d2 f5f4 h6g7 f4f3
543,B,material_adjudication_moderate,76,1.732340,2715,2026-09-12 00:56:11,d2d3 c7c5 d3d4 d8b6 f2f3 e8d8 d4c5 b6b3 b1d2 a7a5 c2b3 h7h6 h2h3 a5a4 e2e4 a4b3 f3f4 a8a2 g2g4 a2a1 d1c2 b3c2 g4g5 b7b5 c5b6 e7e6 b2b4 b8a6 f1e2 f8d6 e4e5 a1c1 e1f2 d6b4 f2e3 h6g5 f4g5 b4c3 e3d3 g7g6 g1f3 c3a1 h1c1 d8e7 c1c2 c8b7 e2d1 a6b4 d3e2 b4c2 d1c2 b7f3 e2f3 a1d4 b6b7 d4a7 b7b8q a7b8 h3h4 e7e8 c2b3 f7f5 d2c4 g8e7 f3f4 e7c6 h4h5 g6h5 f4g3 e8f8 g3f2 h5h4 f2g2 h4h3 g2h2 f8g7
544,W,material_adjudication,90,1.657705,2720,2026-09-12 00:56:35,b1a3 g8h6 c2c4 g7g5 h2h4 d7d5 d1a4 c7c6 h4g5 b8a6 g5h6 f7f6 d2d4 d5c4 g2g3 a6c5 b2b3 a7a5 a3c4 c5a4 h1h3 c8g4 c1g5 d8b8 h3h4 h8g8 f2f3 b8d6 c4d6 e8d8 d6e4 g4e6 g5c1 a4b2 c1b2 g8g6 a1b1 f8h6 h4h6 g6h6 e4c5 h6h5 e2e4 e6c4 d4d5 c4f1 e1f1 c6d5 e4d5 h5d5 b1c1 a8c8 f3f4 c8c5 c1c5 d5c5 g1f3 c5c2 b2a3 c2a2 a3c5 h7h6 g3g4 e7e5 f4e5 f6e5 f3e5 d8c8 e5c4 a5a4 b3a4 a2a4 c4b6 c8c7 b6a4 h6h5 g4h5 b7b5 h5h6 b5a4 h6h7 a4a3 c5a3 c7c8 h7h8q c8c7 a3c5 c7d7 c5d6 d7e6
545,B,material_adjudication,67,1.700135,2725,2026-09-12 00:56:58,e2e3 a7a5 b1c3 a5a4 c3d5 d7d6 g1e2 d8d7 d2d3 c7c6 f2f4 e7e6 f4f5 e6f5 e3e4 b8a6 b2b3 a4b3 c2b3 f5e4 c1b2 e8d8 d5b6 a6c5 b6d7 c5a6 d1d2 c8d7 e1c1 a8b8 d3e4 f7f6 d1e1 a6c5 e2g3 c5e4 e1e4 d6d5 e4d4 c6c5 d4d5 b7b5 d2e3 g8e7 d5d6 e7f5 g3f5 f8d6 a2a4 d7f5 g2g4 f5g4 f1d3 g4d7 h2h3 b5a4 b2a3 h8e8 h1f1 e8e3 a3c5 d6c5 f1d1 g7g5 b3a4 c5b6 a4a5
546,W,material_adjudication,86,1.673499,2730,2026-09-12 01:02:41,g1f3 h7h6 g2g4 e7e5 h2h4 b7b6 d2d3 f7f6 b1d2 a7a5 e2e3 c8b7 g4g5 h6g5 h4g5 b8a6 h1h8 e5e4 h8g8 e4f3 b2b4 a5b4 c1b2 f6f5 d2b3 c7c5 a1c1 e8e7 a2a4 g7g6 e1d2 d7d5 a4a5 b6a5 b3c5 a6c5 c1b1 a8b8 d3d4 c5e4 d2e1 f8g7 g8d8 e4f2 e1f2 b8d8 b2c1 d8d6 d1f3 b7a6 f1b5 a6b5 c2c3 b4c3 b1b5 g7e5 f3e2 a5a4 f2f3 e5d4 e3d4 e7d7 e2f2 d7c6 b5d5 d6d5 f2g2 d5d4 g2e2 d4e4 e2c2 e4b4 c2c3 c6b5 c3d3 b5a5 d3d2 f5f4 c1a3 a5b5 a3b4 b5c4 b4c3 a4a3 c3f6 c4b3
547,B,material_adjudication_moderate,103,1.710554,2735,2026-09-12 01:03:06,b1a3 e7e6 b2b4 f8b4 c2c3 e8e7 a3c2 c7c6 g2g3 e6e5 c1b2 b7b5 c2b4 a7a5 b4c2 e5e4 g1h3 d7d5 h3f4 f7f6 h1g1 c6c5 b2a3 b5b4 a3c1 b8a6 f4d5 d8d5 g1g2 c8b7 d2d4 b4c3 c1a3 e4e3 c2e3 d5d6 a1c1 c3c2 d1c2 b7g2 f1g2 f6f5 d4c5 d6d8 g2a8 d8d7 f2f3 f5f4 a8c6 d7c6 g3f4 g8f6 c1a1 a6b4 a3b4 a5b4 c2b2 c6c5 e3c2 h8b8 a2a3 b4b3 e2e3 c5c2 b2c2 b3c2 a1c1 f6d5 e3e4 d5f4 c1c2 e7d6 e4e5 d6e7 c2c1 g7g6 h2h3 f4h3 c1c4 e7d7 c4h4 h3g5 h4g4 g5h3 g4h4 h3g1 h4h1 g1f3 e1e2 f3e5 e2f2 d7e8 a3a4 e5d7 a4a5 e8f8 h1h7 d7e5 h7a7 e5c4 a7c7 c4a5 c7c5
548,W,checkmate,105,1.712590,2740,2026-09-12 01:09:03,d2d3 c7c5 c1g5 d8b6 a2a3 f7f6 e2e4 e7e5 a3a4 d7d5 a4a5 b6d6 b1d2 d5d4 a1a4 g8e7 g5h6 b7b5 a5b6 c8b7 b2b4 g7h6 h2h4 c5b4 d2f3 b7a6 b6b7 a6b7 h1h2 b8c6 g2g4 e8d8 d1b1 d6c5 g1h3 a7a6 b1b2 e7f5 g4f5 f8e7 h2h1 h6h5 f1e2 h7h6 e1d2 c5b5 b2b3 a6a5 h1b1 b7c8 a4a3 b4a3 b3b5 c6b4 f3e5 f6e5 b1b3 c8d7 b5e5 h8g8 e5f4 a8b8 b3a3 b4c2 a3a5 e7d6 e4e5 d6e5 f4e5 c2b4 e2f3 b4c6 e5f6 d8e8 a5a6 g8f8 f6h6 f8f5 a6a2 f5f3 h6g6 e8f8 g6h6 f8e8 h6g5 f3h3 g5h5 e8f8 h5h6 f8e8 h6g6 e8d8 f2f4 h3h4 g6e4 c6e7 e4d4 e7f5 d4e4 b8b6 a2a7 h4h6 e4g2 d7c8 g2g8
549,W,material_adjudication_moderate,82,1.722402,2745,2026-09-12 01:09:29,h2h3 h7h5 c2c4 d7d5 c4c5 e8d7 b1c3 b7b6 b2b4 g7g5 h1h2 d5d4 c1a3 d4c3 g2g3 c3d2 d1d2 d7e8 a1c1 c8a6 a3b2 h5h4 f1g2 a6b7 c5b6 f8g7 a2a3 b8c6 d2g5 g7f6 g5g4 f6b2 c1d1 h4g3 d1d8 e8d8 h2h1 b2a3 g4g7 c6d4 g2b7 a3b4 e1d1 g3g2 b7g2 a7b6 g2a8 h8h7 g7h7 c7c5 e2e3 d4f5 g1e2 d8e8 f2f4 g8h6 h7h6 f5h6 a8f3 f7f5 e2g3 h6g4 g3f5 g4f2 d1e2 f2h1 f3h1 e8f7 e2d3 e7e6 f5h4 b6b5 h4f3 e6e5 f4e5 f7g6 d3c2 b4c3 c2c3 b5b4 c3b3 c5c4
550,B,material_adjudication_moderate,116,1.745206,2750,2026-09-12 01:10:16,g1f3 h7h5 f3e5 f7f6 b2b3 g7g5 c2c4 f6e5 f2f3 g8f6 b1c3 b8a6 a1b1 e8f7 d2d4 e5d4 b3b4 f7g8 c3a4 a6b4 b1b4 g8f7 d1d3 c7c5 c1d2 d8a5 a4c5 a5a4 b4b7 f8g7 c5a4 f6d5 c4d5 c8b7 g2g4 h5g4 f3g4 f7f8 h1g1 b7a6 d3a6 a8c8 f1g2 c8c7 g2e4 g7e5 e1f2 h8h7 h2h3 h7h8 g1g2 h8g8 a4b2 f8e8 d5d6 e7d6 h3h4 g5h4 g4g5 c7b7 a6b7 h4h3 g2g3 h3h2 e4c6 h2h1q g3g2 d7c6 b2a4 g8f8 d2f4 e5f4 b7b3 h1h5 g2g3 c6c5 b3d3 h5h4 f2g2 f4g3 d3g3 h4h5 g5g6 a7a6 g6g7 f8g8 g3d6 g8g7 g2f1 g7g4 a2a3 g4g5 f1f2 h5h4 f2f1 h4h5 d6c5 e8d8 f1f2 g5c5 a4c5 d8e7 a3a4 a6a5 c5b3 e7f7 b3d4 h5h7 d4b3 h7h3 b3c5 h3g4 e2e3 g4g5 e3e4 g5e7
551,D,cap_draw,150,1.663543,2755,2026-09-12 01:11:57,d2d4 h7h5 b2b4 b7b5 a2a4 d7d6 c2c4 d6d5 c4d5 b8a6 f2f4 g7g5 f4g5 a8b8 e2e4 a6b4 f1b5 d8d7 h2h3 c7c5 b5e2 g8h6 e2d3 c8a6 d3a6 b4a6 g5h6 d7c7 g1f3 b8a8 e4e5 a6b4 c1d2 h5h4 f3h4 b4d5 b1a3 f8h6 d1e2 d5f4 a3b5 c7c6 e2f2 f7f5 g2g3 a7a6 g3f4 h6f4 d2f4 a6b5 h4g2 e8f7 a4a5 a8a5 e1e2 a5a1 h1a1 c5d4 a1a7 c6b6 a7a1 e7e6 f4h6 h8h6 a1c1 b5b4 h3h4 b4b3 f2f1 b3b2 c1b1 b6b5 e2f2 d4d3 g2e1 b5c5 f2g2 c5c6 g2g1 d3d2 e1f3 h6h8 b1b2 c6c5 g1h1 c5c6 b2d2 h8h4 d2h2 h4f4 h2h3 f7g6 f1g2 g6f7 f3h2 c6c5 g2b2 f7g6 b2b7 f4c4 h3d3 c5e5 d3b3 e5e4 h2f3 e4b7 b3b7 c4f4 f3e5 g6f6 e5d3 f4c4 d3e1 f6g5 b7b3 c4f4 b3b1 f4c4 b1b3 c4f4 b3b1 f4c4 b1b3 c4f4 b3b1 f4c4 b1b3 g5g6 h1g1 g6g5 e1f3 g5g6 f3h2 c4f4 b3b1 g6g5 b1f1 e6e5 f1c1 g5h4 c1c5 h4g5 c5e5 g5g6 e5c5 f4b4 g1h1 b4b6 h1g2 g6f6
552,W,checkmate,83,1.685469,2760,2026-09-12 01:12:17,e2e4 b8c6 d1h5 g8h6 f1d3 c6d4 h2h4 g7g6 h5a5 e7e5 e1f1 f7f5 h4h5 a8b8 a5e5 e8f7 d3e2 d7d6 e5h8 d4c2 e2d3 c2a1 h5g6 f7g6 g2g3 d6d5 b2b3 a7a6 d3a6 a1c2 a6d3 f8c5 h8b2 c8e6 d3c2 f5e4 b3b4 c5b4 b2b4 c7c6 b4c5 b7b6 c5d4 d8d6 f2f3 h6f5 d4f2 e6c8 a2a4 d6c7 f2e2 e4f3 c2f5 c8f5 e2f3 f5b1 d2d4 b1c2 f1g2 c7d7 g1e2 c2e4 e2f4 g6g5 f4d5 g5g6 f3e4 g6f7 e4d3 c6d5 h1h5 d7c6 h5h6 c6c1 h6h5 b8f8 a4a5 b6a5 g3g4 c1c4 h5h7 f7g8 d3g6
553,W,material_adjudication_moderate,124,1.758956,2765,2026-09-12 01:12:40,a2a3 a7a5 e2e3 c7c5 g1f3 h7h5 e1e2 e7e5 d2d4 b7b6 g2g3 b8a6 f1g2 d7d5 b1c3 c8d7 a1b1 a8b8 f3e5 h8h6 g2f3 d7c8 h1g1 f7f5 d1f1 a6c7 f1g2 c5d4 e3d4 g7g5 c3d5 c7d5 f3d5 d8d5 g2d5 g8e7 d5b3 c8e6 h2h4 e6b3 c2b3 g5h4 c1h6 f8h6 f2f3 b8b7 g3h4 e7c6 g1d1 c6e5 d4e5 b6b5 a3a4 e8f7 f3f4 h6f4 a4b5 b7b5 b1a1 f7e8 e5e6 e8e7 d1b1 b5b3 a1a5 b3b2 b1b2 e7e6 a5a7 f4d6 b2b8 d6b8 a7b7 b8g3 e2f1 g3h4 b7h7 e6f6 h7h5 h4g5 f1e1 f6g6 h5h3 g5d8 h3e3 f5f4 e3b3 f4f3 b3b1 d8c7 e1f2 c7d6 f2f3 g6f5 f3f2 f5f4 b1b7 f4e5 f2e3 e5d5 b7h7 d5c5 h7h6 c5d5 e3f3 d5c5 f3e4 c5b5 h6d6 b5c4 d6e6 c4c3 e4e5 c3b4 e6h6 b4c5 h6h5 c5b4 e5e6 b4b3 h5g5 b3b2 e6d7 b2a1
554,B,material_adjudication,125,1.713269,2770,2026-09-12 01:12:56,g1f3 h7h6 b1a3 e7e5 a1b1 d8f6 h2h4 f8a3 b2a3 e8f8 d2d3 b7b6 b1b5 c8a6 b5e5 f6e5 f3e5 g7g6 f2f3 d7d6 c1h6 h8h6 h1h3 a6b7 e5c4 c7c5 c4d6 f7f6 d6b7 b8d7 e2e4 a7a6 h3h1 a6a5 g2g3 a5a4 f1g2 d7e5 d3d4 f6f5 d4e5 a8a7 h1h3 a7b7 g2f1 g8e7 f3f4 f5e4 g3g4 e4e3 f1c4 e7c8 e1e2 g6g5 c2c3 g5f4 c4b5 f4f3 e2f3 h6f6 f3e4 f6f2 e4e3 f2a2 b5a4 f8e7 a4c6 b7a7 d1e2 a2e2 e3e2 a7c7 c6a8 c7a7 c3c4 a7a8 g4g5 a8a4 e2d3 a4a3 d3d2 a3h3 g5g6 e7e6 g6g7 c8e7 g7g8q e7g8 d2e2 e6e7 e2f2 h3f3 f2f3 e7e6 f3f4 b6b5 c4b5 c5c4 b5b6 c4c3 b6b7 c3c2 b7b8q c2c1q f4f3 c1c5 b8b7 e6e5 f3g4 e5d4 b7a6 c5d5 h4h5 d4e3 g4h4 e3d2 a6g6 d2c3 g6g8 d5g8 h5h6 c3d4 h4h5 g8d5 h5g6
555,W,material_adjudication,106,1.725118,2775,2026-09-12 01:14:53,h2h4 b7b6 b2b3 h7h5 c2c3 h8h7 g2g3 c8b7 e2e3 b8c6 h1h3 g7g5 a2a3 f7f5 d2d3 h7f7 d1h5 c6e5 h5g5 e5c4 d3c4 e7e6 g5g8 f7g7 f2f4 g7g8 a1a2 g8g4 f1e2 a8b8 e2f3 e6e5 f4e5 g4g8 g1e2 b7f3 b1d2 f3e2 e1e2 f8g7 d2f3 e8e7 a2b2 b8b7 e2e1 b6b5 c4b5 g7f8 c3c4 d8e8 f3g5 f8g7 e1d1 g7e5 b2d2 g8g7 c1b2 e5b2 d1e1 g7g6 d2d1 b2e5 g5f3 f5f4 f3e5 g6e6 g3f4 e8b8 e5d7 e6h6 d7b8 b7b8 f4f5 h6f6 e1f1 f6f8 d1d4 f8d8 h4h5 a7a6 b5a6 d8d4 e3d4 b8b3 h5h6 b3h3 a6a7 c7c5 a7a8q c5d4 f1g2 h3a3 a8c8 a3a5 c8c7 e7f8 g2g3 a5c5 c7a7 c5a5 a7a5 f8g8 g3f4 d4d3 a5b4 d3d2
556,W,material_adjudication,66,1.729601,2780,2026-09-12 01:20:58,e2e3 a7a5 f1b5 f7f5 g2g3 g8h6 d2d4 e7e6 e1e2 e8e7 c2c4 d7d5 e3e4 a8a6 c4c5 h8g8 c1g5 e7f7 g5d8 f8c5 f2f3 a5a4 d1d3 g7g6 d3d1 c5d6 d8c7 d5e4 d1e1 f7f6 c7d6 a6d6 f3f4 b7b6 g1h3 d6d5 e2f2 g8h8 a2a3 c8b7 b1c3 b7c6 b5c6 b8c6 f2e3 c6a5 e3f2 e4e3 f2e3 d5d4 e3d4 e6e5 d4d3 h6g4 e1c1 g4e3 c1e3 h8d8 d3e2 d8d7 a1d1 h7h5 d1f1 d7d6 f1e1 d6d4
557,B,material_adjudication,67,1.721109,2785,2026-09-12 01:22:04,h2h4 e7e5 h4h5 d7d6 c2c3 g7g5 h5g6 b8d7 g2g4 f7f5 f1g2 f5g4 b1a3 d6d5 a3c2 d8g5 g6g7 f8g7 d2d3 h7h6 f2f3 g5e7 a2a4 g7f6 c3c4 g4f3 e1f2 a7a6 g1f3 a8a7 c4d5 a6a5 d1f1 c7c6 d3d4 c6d5 f3e5 d7e5 d4e5 e7e5 g2d5 e5d5 c2b4 a5b4 c1h6 d5e4 f1g2 e4g2 f2g2 g8h6 h1h6 h8h6 a1h1 f6e5 h1h6 b7b6 a4a5 b6a5 e2e4 c8a6 h6a6 a7a6 g2f1 e5b8 f1e1 a6d6 e1f1
558,W,material_adjudication,66,1.803981,2790,2026-09-12 01:22:05,b1a3 a7a5 f2f3 b7b5 f3f4 c7c6 e2e4 b5b4 f1c4 b4a3 f4f5 g8h6 b2b3 a8a7 e4e5 c6c5 e5e6 d7d5 d1e2 a7a8 g2g4 d8d6 c4d5 g7g5 h2h4 c8b7 d5b7 h8g8 h4g5 a5a4 g5h6 a4b3 b7a8 f8g7 h6g7 f7e6 f5e6 b8c6 g4g5 b3b2 c1b2 a3b2 a1b1 c6d4 e2c4 d4f5 g5g6 f5e3 d2e3 h7g6 g1h3 g6g5 c4e2 g5g4 h3f4 g8g7 e2c4 g7g5 a2a4 d6b6 a4a5 b6a5 e1d1 a5a7 h1g1 e8d8
559,W,material_adjudication_moderate,82,1.733234,2795,2026-09-12 01:23:51,a2a4 f7f6 d2d3 a7a5 e1d2 h7h6 d3d4 a8a7 b2b4 c7c5 h2h4 b8c6 d4c5 c6b4 e2e4 d7d5 c5d6 c8f5 g1e2 f5e4 g2g4 d8d6 d2e3 d6e6 e2d4 e6d7 f1g2 b7b5 h1f1 e4g2 f1g1 g7g6 d4b5 g2e4 e3e4 e8f7 b5a7 h6h5 d1d7 h5g4 a7c6 b4c2 d7b7 c2a1 g1g4 f6f5 e4f3 f5g4 f3g4 g8f6 g4f3 f8h6 c1h6 h8h6 b7b8 a1b3 b8a7 b3c5 a7a5 c5b3 a5a7 f6d5 b1d2 b3d2 f3e2 h6h4 e2d2 g6g5 d2d3 d5b4 c6b4 h4b4 a7c5 b4h4 a4a5 e7e5 c5c2 f7f8 d3e2 f8e7 a5a6 e7e6
560,W,material_adjudication,66,1.726550,2800,2026-09-12 01:27:26,h2h4 b7b6 c2c3 c7c5 c3c4 g8h6 a2a3 f7f6 d2d4 e8f7 b2b3 c5d4 e2e4 d7d6 e4e5 a7a6 g2g3 d8c7 a3a4 e7e6 f2f3 d6e5 g3g4 f7e7 e1d2 h6g4 a1a3 e7d6 h4h5 d6d7 f3g4 c7d8 f1g2 f8a3 c1a3 d7e8 g2a8 b8d7 a8f3 c8b7 f3b7 d8c7 b7e4 b6b5 a3b4 b5c4 b3c4 c7c4 b4d6 c4b4 d6b4 a6a5 b4d6 d7c5 e4f5 c5d3 d2d3 e8d8 b1d2 d8e8 g1h3 e8f7 d3c2 e6f5 h3g1 f5g4
561,B,material_adjudication_moderate,95,1.691971,2805,2026-09-12 01:28:12,h2h4 e7e5 h1h3 h7h5 e2e4 e8e7 h3e3 g7g6 a2a3 d7d5 f1d3 d5d4 a3a4 a7a6 e1f1 f7f5 e4f5 d4e3 d2e3 g6f5 e3e4 f5e4 c1g5 g8f6 d1d2 d8d7 d3e2 e7e6 c2c4 f6h7 d2c3 a6a5 c4c5 b7b6 c5b6 c7b6 b1d2 c8b7 a1b1 b8c6 b2b4 f8b4 c3b4 a5b4 g5e3 c6e7 a4a5 b7c6 a5b6 e7f5 b1d1 a8a5 b6b7 a5a4 b7b8q h8b8 d2b3 a4a2 b3c5 e6e7 c5d7 c6d7 e3g5 e7f7 e2d3 e4d3 d1d2 b8f8 d2a2 f7g8 a2b2 f5d4 b2b4 h7g5 h4g5 d7f5 f2f3 d3d2 b4d4 e5d4 f1e2 f5e6 e2d2 h5h4 g1e2 e6d5 e2d4 g8h8 d4c6 d5c6 d2e1 c6d5 e1e2 h8g7 f3f4
562,W,checkmate,51,1.678912,2810,2026-09-12 01:30:39,e2e4 e7e5 e1e2 b7b6 d2d3 d7d6 f2f3 a7a6 d3d4 e5d4 b1a3 c7c5 d1e1 c8e6 g2g3 b8c6 g3g4 a8a7 c1d2 a7d7 b2b4 d4d3 c2d3 c5b4 a1d1 g8h6 h2h4 f7f5 e4f5 e8f7 f3f4 e6d5 f1g2 d5g2 g4g5 b4a3 g5h6 g2h1 g1f3 f7e7 e2f2 c6e5 f3e5 d6e5 h4h5 g7g5 h5g6 h7g6 e1e5 e7f7 e5e6
563,B,material_adjudication_moderate,96,1.712300,2815,2026-09-12 01:32:08,h2h4 c7c6 h4h5 d7d5 d2d4 c8e6 g2g3 c6c5 f1h3 e6d7 a2a3 d7b5 e1d2 g8f6 g3g4 f6e4 d2e3 d8c7 b2b4 h7h6 g4g5 h6g5 c2c4 c7f4 e3d3 e4f2 d3c3 f2d1 c3c2 b5c4 c1f4 c5d4 f4g3 a7a5 e2e3 g5g4 b4a5 g4h3 g1h3 b8c6 h1d1 a8d8 e3d4 c6a5 d1d2 g7g5 h3g5 h8h5 g5f7 e8f7 b1c3 f8g7 a1b1 g7d4 c3d5 h5d5 g3c7 e7e6 c7d8 d5d8 d2d4 d8d4 b1d1 e6e5 d1d4 e5d4 a3a4 f7e7 c2d1 c4f7 d1e1 b7b6 e1d1 a5c4 a4a5 b6a5 d1e2 e7e6 e2d3 e6d6 d3d4 f7g8 d4c3 d6c5 c3b3 c4e3 b3c3 e3c4 c3d3 g8d5 d3c3 d5h1 c3d3 h1d5 d3c3 a5a4
564,W,checkmate,81,1.729955,2820,2026-09-12 01:33:10,e2e4 b8c6 f2f3 g7g5 g2g4 e7e5 g1e2 b7b5 a2a4 c8b7 b1c3 b5a4 h1g1 g8h6 a1a4 f7f6 h2h4 c6d4 b2b4 d4c6 c1b2 c6b4 f3f4 e5f4 d2d3 a7a5 d1a1 h6f7 a1b1 a8a6 e4e5 f6e5 f1g2 b4c6 g2d5 g5h4 a4a1 f7d6 g1h1 h8g8 d5g8 f4f3 c3d5 f3e2 g8h7 c6d4 h7g6 d6f7 h1h3 a6g6 d5c3 f7d6 c3e2 f8e7 b2d4 e5d4 b1b7 d6b7 c2c3 d7d6 e2d4 c7c6 d4c6 d8d7 c6a7 d6d5 a1b1 d5d4 c3d4 d7d6 g4g5 e8d8 b1b7 g6g7 h3h4 e7g5 h4h8 g7g8 h8g8 d6f8 g8f8
565,B,material_adjudication,66,1.699149,2825,2026-09-12 01:33:32,e2e3 a7a5 g1f3 h7h5 a2a3 h8h6 e1e2 b7b5 g2g4 h5g4 h2h4 f7f5 d2d3 c8b7 e2d2 b7f3 d1f3 g4f3 f1g2 b8a6 e3e4 h6b6 g2f3 b6f6 e4f5 f6h6 b2b3 a8c8 c1b2 h6f6 h4h5 g8h6 h1d1 e7e6 b2e5 c7c5 e5f6 d8f6 d3d4 h6f5 f3g4 f5d4 a3a4 b5a4 d1e1 e8d8 b1c3 a4b3 c3b5 f8e7 a1b1 c8c6 c2c3 d7d6 b5d4 c5d4 e1e2 f6f8 f2f4 c6c5 c3d4 c5c6 b1b3 e6e5 g4f3 a5a4
566,W,material_adjudication,66,1.694722,2830,2026-09-12 01:34:14,a2a3 a7a5 f2f3 c7c5 c2c4 h7h6 e1f2 a5a4 d2d4 d8a5 h2h4 a8a6 h4h5 a6a8 d4d5 b8c6 d1d3 c6e5 d3d2 g8f6 h1h4 a5d2 c1d2 a8a7 d2e3 b7b5 c4b5 f6d5 e3c5 a7b7 e2e4 d7d6 g2g4 f7f5 e4d5 c8d7 f2e1 f5g4 f3f4 d6c5 f4e5 b7b8 d5d6 e7e6 b1d2 b8b5 f1b5 g7g5 h4g4 h8g8 b5d7 e8d7 g4g3 d7c6 a1d1 f8g7 g3g4 g7f8 d2b1 g8h8 g1e2 h8g8 e2c3 f8g7 c3e2 c5c4
567,B,material_adjudication,66,1.728072,2835,2026-09-12 01:35:17,e2e3 a7a5 g2g3 a5a4 b1a3 g8f6 d2d3 e7e6 g3g4 g7g5 h2h4 f6g8 h4g5 a8a6 b2b4 f8b4 c1d2 c7c6 d1e2 b4d2 e2d2 e8e7 g1e2 d7d5 c2c3 c6c5 d2c2 h7h5 g5h6 g8h6 h1h6 h8h6 d3d4 c5d4 e2d4 e6e5 g4g5 h6g6 d4f5 c8f5 c2d2 f5e6 f1a6 b8a6 a1d1 g6g5 f2f4 e5f4 e3f4 g5g3 d2e3 g3e3 e1f1 e6g4 d1d3 e3e4 a3c2 d8d7 d3d2 g4h3 f1f2 d7c6 c2d4 c6d7 d4f5 e7f6
568,B,material_adjudication,87,1.759596,2840,2026-09-12 01:40:36,a2a3 h7h6 e2e3 c7c5 d2d4 h6h5 g2g4 g7g6 e3e4 b8c6 d1f3 g8h6 f3d1 h6g4 f2f3 a8b8 d4d5 d8a5 b2b4 c5b4 a3a4 b7b5 d5c6 b8b7 b1c3 g4f2 c6b7 b4c3 b7b8q f2d1 e1d1 a5c7 b8c7 h8g8 d1e2 f8h6 a4a5 d7d5 c7d6 e7d6 e4d5 a7a6 a1a3 c8d7 a3c3 g6g5 c1e3 b5b4 e3c5 b4c3 c5d6 f7f6 e2d1 h5h4 f1d3 g5g4 f3g4 d7g4 g1e2 e8d7 d6a3 g4h3 e2g1 h3g2 d3h7 g8g7 h7f5 d7e8 f5e6 g2h1 g1h3 h1f3 d1e1 f3e4 a3b4 g7c7 h3f2 e4c2 b4c3 c7c3 f2e4 c2e4 e1f1 c3c2 e6d7 e8d7 d5d6
569,W,material_adjudication,78,1.638377,2845,2026-09-12 01:42:25,e2e3 a7a5 b2b4 e7e5 d2d4 b7b6 a2a3 d7d6 e1d2 e5d4 h2h4 d8e7 f1d3 a5b4 g2g4 a8a5 a3b4 a5a1 d3e2 f7f5 e2f3 a1b1 f3c6 e8d8 c6b5 h7h5 d1e2 b8a6 f2f3 a6c5 g4g5 g8f6 b4c5 d4e3 d2d1 b1b5 g5f6 e7f6 c5b6 c7b6 c1e3 g7g6 e3d4 f6d4 e2d2 d6d5 d2d4 f8e7 d4h8 d8d7 h8c3 d5d4 c3d2 e7b4 d2c1 b4a3 c1d2 a3b4 c2c3 b4c3 d2c2 d4d3 c2c3 c8b7 g1h3 d7d6 c3d4 b7d5 h3f2 b5b3 h1f1 b3b4 d4b4 d6d7 b4d2 d5c6 f2d3 c6d5
570,B,material_adjudication,97,1.713191,2850,2026-09-12 01:46:54,e2e3 a7a5 b1c3 c7c6 c3d5 d7d6 g2g3 a5a4 f2f3 c8g4 b2b3 a4b3 a2b3 c6d5 a1a8 g4e6 c1b2 h7h5 g1e2 h5h4 g3h4 d5d4 b2c1 e6d7 a8b8 d8b8 e3d4 f7f6 h4h5 g7g6 d4d5 e7e6 f3f4 e6d5 h5g6 g8e7 e1f2 e7g6 c1b2 h8h6 h2h4 g6f4 e2f4 b7b6 f4d3 b6b5 f1e2 b8a7 f2f1 b5b4 b2a1 d7f5 h4h5 f5d3 e2d3 f6f5 d3e2 a7c5 d2d4 c5c6 f1g1 f5f4 c2c3 b4c3 b3b4 c3c2 d1c1 f4f3 e2f3 c6c8 f3d5 f8e7 c1h6 c2c1q h6c1 c8c1 g1f2 c1c2 f2g1 c2a4 h5h6 a4a1 g1h2 a1b2 d5g2 e8f8 h1f1 f8g8 f1f2 b2f2 b4b5 f2d4 g2f3 d6d5 b5b6 d4b6 f3d5
571,W,material_adjudication_moderate,106,1.671368,2855,2026-09-12 01:49:30,e2e3 b7b6 a2a3 e7e5 d2d4 c8a6 c2c3 g7g5 h2h4 d7d5 e1d2 a6f1 d1h5 d8e7 b2b3 f1b5 h4g5 b5a6 g1f3 c7c6 f3e5 a6b5 h5d1 b8d7 e5f3 a7a5 a3a4 a8b8 a4b5 c6b5 a1a2 e7d6 g2g4 h7h5 b1a3 h5g4 h1h8 f7f6 a3b5 d6c6 h8g8 g4f3 a2a4 f6g5 c1b2 c6b5 a4a1 g5g4 g8g4 b5c6 g4f4 b6b5 a1c1 b5b4 f4f3 b4c3 b2c3 f8e7 f3h3 c6d6 c3a5 b8a8 c1c3 a8a5 b3b4 a5b5 c3b3 d7b6 f2f4 b6c4 d2c2 b5b4 b3b4 d6b4 d1b1 e7d6 b1b4 d6b4 c2b3 b4a5 e3e4 c4d2 b3a4 d2c4 e4d5 e8d8 h3h6 d8e7 a4b5 c4b6 b5a5 b6d5 a5a6 e7d7 f4f5 d5f6 h6f6 d7e7 f6g6 e7f7 g6g4 f7e7 g4h4 e7d7 h4h7 d7e8
572,B,material_adjudication,81,1.645361,2860,2026-09-12 01:51:21,b2b4 a7a5 d2d4 b7b5 f2f4 d7d5 g1f3 e8d7 f3d2 f7f6 b4a5 c8b7 b1c3 h7h5 e2e4 d7d6 c1a3 d6d7 a3b2 b8c6 c3d5 g7g5 d1e2 a8a5 g2g3 d7d6 f4f5 e7e6 c2c4 e6d5 c4d5 c6a7 g3g4 h5g4 h2h3 c7c5 d5c6 a7c6 h3g4 h8h1 e1d1 b5b4 a2a4 d6c7 d2b3 a5a8 d4d5 c7c8 d1e1 d8c7 d5c6 b7c6 b2f6 g8f6 e2c2 f6g4 b3d2 g4h2 f5f6 c8d7 d2b3 d7e8 e1d2 g5g4 f1d3 h1a1 b3a1 e8f7 e4e5 g4g3 c2b2 g3g2 b2c1 f7e8 c1c6 c7c6 d3e4 c6a4 d2e2 a4a3 e2f2
573,B,material_adjudication_moderate,78,1.745865,2865,2026-09-12 01:52:07,e2e3 a7a5 f1b5 f7f5 c2c3 c7c6 e1e2 g8h6 b5c4 e7e5 a2a4 d7d6 c4d5 e8d7 f2f3 c6d5 g2g3 f5f4 e3e4 a8a7 g3g4 b7b6 g4g5 c8a6 e2e1 a6e2 d1e2 d5e4 g5h6 e4f3 e2b5 b8c6 g1f3 d6d5 h6g7 f8g7 c3c4 d5c4 h2h3 d8b8 f3h2 g7f8 e1e2 h8g8 h1d1 g8g2 e2f1 g2h2 f1g1 h2h3 g1g2 h3h4 b5c4 h7h5 d1e1 b8e8 c4e2 f4f3 g2f3 c6d4 f3e3 d4e2 e1e2 f8b4 d2d3 h4f4 d3d4 f4h4 d4e5 h4g4 e2f2 d7e6 f2f3 h5h4 e3f2 h4h3 f3h3 e8h8
574,B,material_adjudication,66,1.748272,2870,2026-09-12 01:52:08,e2e3 a7a5 d2d3 e7e5 h2h3 f7f6 d3d4 a5a4 f2f3 e8f7 b1d2 f6f5 b2b3 e5e4 h3h4 f8d6 d4d5 a4a3 g2g3 b8c6 h4h5 d8f6 d5c6 d6c5 e1e2 f6d8 c6b7 c8b7 c2c4 g8f6 c1a3 a8a3 g3g4 e4f3 g1f3 c5b4 f3d4 b7h1 d1b1 f5g4 f1g2 h1g2 d4f5 c7c6 b1c2 f6e4 d2e4 g7g6 f5d4 f7g7 c2d3 c6c5 e4c5 b4c5 b3b4 a3d3 b4c5 g2e4 a1b1 d8c7 e2f2 d7d5 b1b4 c7d8 h5h6 g7f6
575,W,value_resign,55,1.738449,2875,2026-09-12 01:53:32,e2e4 d7d5 f2f3 h7h5 b1c3 d5d4 g1e2 g7g5 c3d5 b7b5 a1b1 f7f6 h2h3 b8c6 b2b4 d8d5 e4d5 f6f5 d5c6 a7a5 c1a3 g5g4 e2c3 f5f4 h1g1 a5a4 d2d3 f8g7 c3e2 c8d7 h3g4 h5g4 f3g4 d7e6 e2f4 e6b3 b1b3 a4b3 f4g6 g7f6 d1e2 a8a3 c2b3 a3a2 e2a2 e8d8 g6h8 d8e8 h8g6 e7e6 g1h1 g8e7 e1d2 e7g6 d2d1
576,W,material_adjudication,66,1.675619,2880,2026-09-12 01:54:38,b1a3 e7e6 e2e4 d7d5 a1b1 e8e7 g1f3 f7f6 f1b5 d5e4 h2h4 d8d6 e1e2 d6b6 b2b4 b8a6 g2g4 a6b8 f3g1 g7g6 f2f4 f6f5 g4f5 g8f6 f5g6 f6d5 d2d3 d5c3 e2f1 b6b5 a3b5 c3d1 b5c7 d1c3 c7a8 c3b1 c1b2 b8a6 b2h8 a6c7 a8c7 b1c3 g6h7 c3b5 c7a8 f8g7 h8g7 a7a5 b4a5 c8d7 h4h5 e4e3 f4f5 e7f7 f5e6 f7g7 e6d7 g7h7 c2c4 b5c3 g1f3 b7b6 c4c5 b6c5 f3e1 c5c4
577,B,material_adjudication_moderate,95,1.698816,2885,2026-09-12 01:55:21,e2e4 b8c6 g2g4 g8h6 a2a4 h6g4 h2h3 g4f2 e4e5 f2d1 e5e6 d1e3 d2d3 h7h5 c1e3 h8h7 h3h4 f7f5 e1e2 g7g6 e2e1 f5f4 b1a3 c6d4 e3d4 d7e6 a4a5 d8d4 g1e2 d4b2 a1b1 b2b1 a3b1 c7c6 h1h2 f8g7 e2f4 h7h6 f4e6 c8e6 d3d4 g6g5 d4d5 g5h4 d5e6 h6g6 f1d3 g7f6 d3g6 e8f8 h2g2 f6g7 g2e2 g7d4 g6f7 c6c5 c2c3 h4h3 c3d4 c5d4 e2e4 h3h2 e4d4 h2h1q e1f2 h1c6 d4d7 a8e8 f2e2 h5h4 b1d2 h4h3 a5a6 c6d7 e6d7 e8d8 a6b7 f8f7 b7b8q d8b8 e2f1 b8a8 d2f3 a8d8 f3h2 d8d7 f1e2 d7d5 e2e3 e7e5 e3e4 d5d2 e4e3 d2a2 e3e4
578,B,material_adjudication,77,1.734357,2890,2026-09-12 01:55:21,e2e4 e7e5 f1a6 c7c6 c2c3 g8f6 e1e2 b7a6 e2e1 f8b4 c3b4 h7h6 f2f3 f6e4 f3e4 d8e7 g1e2 e8d8 a2a3 d7d5 h2h4 g7g5 h4g5 e7g5 g2g3 d5d4 b2b3 c8e6 d2d3 g5f6 h1h4 d8e8 e2d4 e5d4 h4h5 a6a5 g3g4 b8d7 b4a5 a8b8 e4e5 d7e5 a5a6 b8b3 c1g5 h6g5 d1b3 e6b3 b1d2 f6g6 d2b3 e5d3 e1d2 c6c5 h5g5 g6g5 d2d3 g5h6 g4g5 h6g7 b3c5 f7f6 d3d4 g7f7 g5f6 f7f8 d4e5 f8c5 e5e6 c5c2 a1c1 c2c1 a3a4 c1c6 e6e5 e8f8 a4a5
579,W,material_adjudication,68,1.677977,2895,2026-09-12 01:56:40,e2e3 a7a5 b2b3 a5a4 f1b5 c7c6 b5e2 a4b3 g2g3 d7d6 c2b3 c8g4 f2f3 g4f3 e2f3 g8h6 a2a4 h6f5 b1a3 c6c5 h2h3 f5g3 f3g4 g3h1 g4e2 f7f6 a4a5 d8c7 e1f1 a8a5 d2d3 f6f5 c1d2 h7h6 d2a5 c7a5 h3h4 a5c3 d1c1 c3b3 c1d1 c5c4 a3c4 h1g3 f1g2 b3b4 a1b1 b4c5 b1b6 d6d5 c4b2 e7e6 b2a4 g3e2 a4c5 f8c5 b6b7 e2g1 d1g1 c5e7 b7b8 e8f7 b8h8 g7g6 h8b8 e7d8 d3d4 e6e5
580,B,material_adjudication,83,1.697415,2900,2026-09-12 02:04:05,h2h4 c7c6 e2e4 d7d6 h4h5 c8g4 d2d3 g4d1 e1d1 d8b6 g2g4 a7a6 f1h3 d6d5 e4d5 b6d8 g1e2 e7e6 g4g5 f7f6 e2d4 d8d6 h3e6 c6c5 d4e2 g8e7 h5h6 d6d5 h6g7 d5h1 d1d2 h8g8 g5f6 h1h2 a2a3 b7b6 f6f7 e8d8 f7g8q e7g8 g7f8q d8c7 f8g7 g8e7 c2c3 b8c6 a3a4 h2f2 b1a3 a8g8 g7h6 g8g3 a3c2 b6b5 h6g7 g3g7 a4b5 a6b5 e6h3 g7f7 h3e6 f7f8 a1a2 f2f6 e2g1 b5b4 c3b4 c5b4 c2b4 c6b4 a2a4 h7h6 a4b4 f8h8 b4f4 f6f4 d2e2 f4c1 g1f3 c7b8 d3d4 e7c6 e6h3
581,B,material_adjudication,121,1.703624,2905,2026-09-12 02:05:35,b1a3 g8f6 a3c4 h7h5 h2h4 c7c6 g1f3 e7e5 c4e5 f8c5 f3g1 e8e7 b2b3 g7g5 h4g5 b7b5 g5f6 e7f6 d2d4 c5d6 e1d2 h8h6 e5d3 d8c7 d3c5 h6g6 c5e6 d7e6 c1b2 d6f4 d2e1 f6g7 a2a4 c7d6 a4b5 d6e7 c2c4 f4c7 g2g4 h5g4 f1g2 g4g3 e1f1 g3f2 g1f3 c6b5 f1f2 a7a6 c4b5 f7f6 d1b1 e7d8 b2c1 a6b5 a1a8 c8b7 a8b8 d8b8 c1d2 b8c8 d4d5 c7a5 f3d4 e6d5 d2a5 b5b4 d4c2 g6g5 g2f3 f6f5 c2e3 c8c5 f2f1 c5a5 e3c2 a5c5 f3g2 g7f6 h1h3 g5g7 e2e3 b7a8 c2d4 g7g4 d4f5 f6f7 g2f3 g4g5 f1e1 g5f5 b1f5 f7e8 h3h6 c5e3 e1f1 e3h6 f3d5 a8d5 f5d5 h6f6 f1e2 f6c3 e2f1 e8f8 f1e2 f8e8 e2f1 e8f8 d5e4 c3b3 e4c6 b3c3 c6b5 b4b3 b5c5 c3c5 f1e1 c5b6 e1f1 b6d8 f1e1
582,W,material_adjudication_moderate,100,1.673106,2910,2026-09-12 02:11:28,h2h4 d7d5 g2g4 f7f6 b1c3 c8d7 a1b1 e8f7 g1h3 d5d4 c3b5 d7b5 c2c4 h7h5 c4b5 h5g4 b2b4 d8d5 d1c2 f7e8 h3f4 d5b5 a2a4 b5d7 h4h5 d4d3 f4d3 d7d3 e2d3 g7g6 h5g6 h8h1 c2c3 g8h6 f2f3 h1h2 f3g4 h6g4 a4a5 g4f2 b4b5 a7a6 b5b6 b8c6 g6g7 f8g7 b6c7 e8d7 c1b2 f2h3 c3c5 b7b5 a5b6 a8c8 f1h3 h2h3 b1a1 c6b4 b6b7 b4d3 e1d1 d3c5 b7b8q c5b3 b8b4 b3a1 b2a1 a6a5 b4g4 d7c7 g4h3 e7e5 h3c3 c7b7 c3b2 b7a6 d1e2 g7h6 b2b3 h6g5 b3d3 a6b6 a1b2 c8d8 d3d8 b6b7 e2d1 f6f5 d8e8 b7c7 d1e2 e5e4 b2f6 g5f6 e8f7 c7b6 f7f6 b6c7 e2e1 a5a4
583,B,checkmate,46,1.658588,2915,2026-09-12 02:11:50,e2e3 d7d5 f2f4 c8g4 f1e2 d5d4 g1h3 a7a5 e1f1 b8d7 d2d3 c7c6 e2g4 d8b8 b1a3 e7e6 g4f3 b8d8 c2c3 g8h6 c1d2 d4e3 a3c2 h6g4 f1g1 d8e7 a2a4 h8g8 f3c6 b7c6 d1g4 d7e5 f4e5 g7g6 d2e3 f7f5 g4d1 a8b8 e3c5 e7c5 h3f2 b8b2 c2e3 c5e3 d3d4 e3f2
584,W,material_adjudication_moderate,110,1.737092,2920,2026-09-12 02:12:58,e2e4 d7d6 h2h3 f7f6 f1c4 c8h3 c4d5 h7h5 g2h3 b8d7 d1e2 e7e5 c2c3 a8b8 e1f1 d8e7 d5g8 e8d8 b1a3 h8g8 a3c2 b7b6 c2e1 e7f7 b2b3 a7a6 c1b2 b6b5 e1f3 g7g6 d2d3 g6g5 d3d4 e5d4 c3d4 d7b6 a1d1 g5g4 h3g4 h5g4 d4d5 g4f3 g1f3 g8h8 f3h4 f7h5 e2h5 h8h5 d1c1 h5h4 h1h4 f6f5 f1e1 f8e7 h4h3 f5e4 a2a4 d8e8 h3g3 b8d8 a4b5 a6b5 g3e3 b6d5 e3e4 c7c5 e4g4 d5b4 b2c3 b4d3 e1d2 d3c1 d2c1 d6d5 c3e5 e7f8 e5f6 f8d6 f6d8 e8d8 f2f4 c5c4 b3c4 b5c4 f4f5 c4c3 g4g6 d8e7 c1c2 d5d4 c2d3 d6e5 g6e6 e7f8 e6e5 c3c2 d3c2 f8f7 f5f6 f7f6 e5c5 f6e6 c2d3 e6d6 c5c4 d6d5 c4d4 d5c5 d4e4 c5d5
585,B,material_adjudication_moderate,91,1.763088,2925,2026-09-12 02:15:39,g1f3 e7e6 f3h4 f7f5 b1c3 g8f6 f2f4 h7h5 e1f2 f8a3 e2e3 e8f7 b2a3 d7d6 e3e4 f6g4 f2f3 d8e7 g2g3 g7g6 c1b2 h8f8 h2h3 g4h6 a3a4 e7e8 c3b5 f5e4 f3e4 b8a6 c2c4 d6d5 c4d5 e8d8 d5d6 b7b6 b2d4 c7d6 f1d3 a6b4 d1b3 b4d3 e4d3 f8e8 a2a3 a7a6 g3g4 a6b5 d3e2 h5g4 h4g6 a8a4 b3b2 a4d4 b2d4 f7g6 h3g4 h6g4 d4d3 g6f6 a1c1 e6e5 e2f1 e5f4 h1h4 d8e7 d3c3 e7e5 h4h5 c8f5 a3a4 b5b4 c3e5 d6e5 h5f5 f6f5 f1e1 g4f6 c1b1 e8c8 b1b4 c8d8 b4b6 f6e4 b6b4 e4g3 a4a5 d8a8 d2d3 a8a5 b4e4
586,W,material_adjudication,66,1.703790,2930,2026-09-12 02:16:02,a2a3 d7d5 c2c4 c8d7 h2h3 b7b5 b1c3 h7h5 a1b1 h5h4 g2g4 d5c4 c3d5 a7a5 b2b3 c7c5 d2d3 a8a7 f1g2 a7b7 c1d2 c4c3 d5c3 d7c8 c3b5 c8d7 b1a1 b7b6 b5c3 f7f5 g2f3 f5g4 h3g4 b8c6 d2g5 h4h3 g1h3 d7g4 f3g4 d8c7 g4e6 c6d4 h3f4 d4b3 h1h8 b3a1 d1d2 a1b3 d2e3 g8f6 g5f6 g7f6 c3d5 b6e6 d5c7 e8f7 f4e6 f6f5 e1f1 f5f4 e3f4 f7g6 e2e3 a5a4 f1e2 b3a1
587,B,material_adjudication,66,1.742388,2935,2026-09-12 02:17:31,e2e4 b8a6 d2d3 a8b8 c1g5 c7c6 d1f3 a6c5 a2a4 a7a5 a1a3 f7f6 g5d2 e7e5 g2g4 h7h5 c2c4 c5e6 d2c3 d7d5 c4d5 b8a8 g4g5 a8a7 f3e2 f6g5 d5e6 b7b6 e2g4 h5g4 h2h4 c8b7 h4g5 h8h1 e1d2 h1g1 f2f3 c6c5 f3f4 e5f4 d2c1 f4f3 b1d2 c5c4 d2c4 b7c6 c4b6 g4g3 b6d5 c6d5 e4d5 a7a6 b2b4 a5b4 c3b4 f3f2 a3a1 a6a4 a1a4 f8b4 a4b4 d8d5 e6e7 d5f5 c1b1 f5g6
588,B,material_adjudication,66,1.653924,2940,2026-09-12 02:18:38,e2e3 e7e5 d1h5 a7a5 f1a6 b8a6 e1e2 d8f6 g2g3 e8e7 h2h4 e7d6 g1f3 g8e7 f3g5 b7b5 g3g4 g7g6 g5f7 f6f7 h5h6 f7f5 g4f5 f8h6 c2c3 h6g7 e2e1 g6f5 h1g1 c7c6 d2d4 e7d5 e3e4 f5e4 f2f3 e5d4 c1g5 e4e3 g1h1 d4d3 h1h3 h7h5 g5h6 g7h6 f3f4 d5f4 e1f1 f4h3 b2b3 a6b8 a2a3 a5a4 a1a2 h8f8 f1g2 f8h8 b3a4 b5a4 g2h3 h8h7 c3c4 d6c7 a2a1 b8a6 a1a2 d7d6
589,W,material_adjudication,76,1.727512,2945,2026-09-12 02:19:00,e2e4 f7f6 b2b3 d7d6 d2d3 e8d7 a2a3 b7b6 g2g4 b8a6 e4e5 d7e8 d3d4 a8b8 e5d6 c8g4 d1g4 e7d6 f2f4 b6b5 g4f3 g7g5 b1d2 g5f4 a1b1 d8e7 f3e2 h7h6 a3a4 b8b7 a4b5 e7e3 d2f3 e3e2 f1e2 b7b5 c2c4 b5b7 c4c5 a6c5 d4c5 a7a6 h2h3 d6c5 c1d2 e8f7 b1d1 c7c6 f3h4 f8d6 e1f1 b7c7 d2b4 c5b4 d1d6 a6a5 d6d1 c6c5 e2c4 f7f8 h4g6 f8e8 g6h8 c7d7 c4e2 d7d1 e2d1 e8e7 g1f3 a5a4 b3a4 c5c4 f3h4 b4b3 d1f3 b3b2
590,B,material_adjudication_moderate,93,1.698456,2950,2026-09-12 02:20:52,e2e3 a7a5 b1c3 c7c6 b2b3 a5a4 c3d5 c6d5 c1b2 e7e5 d1c1 a4a3 f2f3 b8c6 e1e2 g8e7 b2a3 d7d6 a3b2 d5d4 g1h3 e7f5 h1g1 f5e7 a2a4 h7h5 h3g5 e7d5 g5f7 e8f7 e3d4 g7g5 d4e5 d6e5 e2d1 c8e6 f1c4 d5e7 g1h1 e6c4 b3c4 d8e8 b2c3 a8b8 a1b1 f7g8 b1b2 f8h6 c1a1 e8f8 h2h4 g5g4 f3g4 h5g4 c3e5 c6e5 h1e1 f8c8 e1e5 e7g6 e5f5 g8h7 h4h5 c8f5 d2d3 f5e6 h5g6 h7g6 g2g3 h8c8 d3d4 e6f5 c4c5 c8d8 c5c6 b7c6 b2b8 d8b8 a1a2 g6f6 d1e1 b8a8 e1e2 c6c5 d4c5 a8c8 a2b2 f6f7 b2d4 f7e6 c2c4 h6f8 a4a5
591,W,material_adjudication,70,1.721011,2955,2026-09-12 02:22:16,d2d4 g8f6 f2f4 f6d5 e2e3 g7g5 d1g4 h7h6 f4f5 e7e5 e3e4 d7d6 e4d5 h6h5 d4e5 a7a6 g4b4 c7c5 c1g5 c5b4 g5d8 b7b5 g1e2 b8d7 a2a4 b4a3 a1a3 d7e5 d8c7 c8f5 b1d2 e5g4 c2c3 a8a7 c7d6 f8d6 a3a1 e8f8 b2b4 f5d7 g2g3 d6e7 e2d4 a6a5 b4a5 g4e3 f1b5 f7f6 b5d7 h8h6 d7h3 e7c5 d4e2 f6f5 a5a6 a7d7 h3f5 e3f5 h1f1 d7d5 c3c4 d5d3 a6a7 c5d6 a7a8q f8e7 c4c5 d6c5 e2f4 e7d6
