game,moves
1,d2d4 d7d5 c1g5 d8d7 a2a4 a7a5 g5d2 h7h5 d2h6 d7f5 e2e4 b7b6
2,g1h3 c7c5 e2e4 d8c7 g2g4 g7g5 d1e2 c7d6 e4e5 d6c7 b2b3 b7b5
3,d2d3 d7d5 b2b3 c8e6 c1h6 f7f5 h6e3 g7g5 h2h3 e8d7 e3c1 c7c5
4,e2e4 g7g6 d1f3 d7d6 f3e2 e7e6 d2d4 e8e7 e2c4 e7e8 c4b5 c7c6
5,b2b3 f7f5 g1h3 b8a6 c2c4 d7d5 c4c5 f5f4 h3f4 c8h3 d2d4 c7c6
6,f2f4 c7c5 c2c3 a7a6 h2h3 c5c4 h1h2 b8c6 f4f5 d7d6 d2d3 e8d7
7,d2d4 h7h6 d1d2 d7d6 h2h3 a7a5 e1d1 b8d7 c2c3 f7f5 f2f4 c7c6
8,d2d3 c7c6 e1d2 f7f6 g1f3 g7g6 g2g4 e7e5 b1c3 b7b5 h2h3 h7h6
9,g1h3 b8a6 e2e4 b7b5 d2d3 g8f6 h3g5 h8g8 g5f3 a6c5 h1g1 e7e5
10,d2d3 c7c5 c1h6 a7a5 e2e3 d7d6 d1f3 g8h6 c2c3 b7b6 e1d1 d8c7
11,g2g3 b7b5 e2e3 h7h5 f1d3 d7d5 g1f3 b8a6 d1e2 c8e6 a2a3 f7f6
12,b2b3 g8f6 d2d3 a7a5 f2f3 c7c6 e1f2 b7b6 h2h4 f6e4 d3e4 d7d5
13,f2f4 g7g5 g1h3 h7h6 a2a3 e7e5 b2b3 c7c6 d2d3 f8b4 a3b4 e8f8
14,f2f4 d7d6 h2h4 a7a5 g2g4 b8d7 d2d3 d6d5 a2a3 g7g6 h1h3 e7e6
15,b1c3 g8h6 c3b5 g7g6 a2a4 e7e5 c2c3 b8c6 d1c2 c6b4 f2f3 d8h4
16,f2f4 e7e6 b1c3 b8c6 g1h3 d8f6 c3d5 e6d5 h3f2 f6b2 d2d3 f7f6
17,d2d3 g8f6 c1d2 b7b5 d1c1 b8c6 d2e3 f6g8 e3a7 b5b4 e1d2 c6e5
18,b2b3 f7f6 d2d4 a7a5 a2a3 e7e6 c1f4 f8b4 f4d2 d8e7 g2g4 g8h6
19,g1h3 h7h6 a2a3 b7b6 g2g3 c7c5 f2f3 g7g6 d2d4 e7e5 d1d2 d7d5
20,b1c3 g8h6 a2a4 h6g4 g2g3 b7b6 e2e3 c7c5 a1a2 h8g8 f1c4 g7g5
21,a2a3 b8c6 h2h3 a7a6 b2b3 g8h6 h1h2 a6a5 b3b4 e7e6 g2g3 f8d6
22,g2g4 g8h6 a2a3 a7a6 g1h3 d7d5 a3a4 d8d7 h3f4 d7e6 f4g2 a8a7
23,d2d3 d7d6 d3d4 c8d7 c2c4 d7f5 e2e3 g8f6 d1d2 e7e5 d2d3 c7c5
24,h2h3 h7h6 b1c3 b7b6 c3b1 h6h5 g2g4 b8c6 a2a3 c6d4 h1h2 g7g6
25,g1h3 g7g6 f2f4 h7h6 a2a4 f7f5 e1f2 d7d6 b2b3 b7b5 c1b2 g6g5
26,a2a3 a7a6 b2b3 b8c6 g2g3 e7e6 g1f3 a6a5 f1h3 a8a7 d2d3 c6e7
27,f2f4 d7d5 e1f2 d5d4 c2c4 c8g4 g1f3 e8d7 g2g3 d8e8 h2h3 b7b5
28,g1f3 h7h6 a2a3 f7f6 f3d4 h6h5 g2g3 d7d6 d4c6 c8e6 a1a2 h8h6
29,g1h3 d7d6 d2d3 a7a6 d1d2 b8c6 a2a3 c6b4 e2e3 b4d5 d3d4 c7c6
30,b1a3 e7e5 g1h3 b8c6 f2f4 f8c5 d2d3 h7h6 f4f5 d8e7 c1e3 e8f8
31,g1f3 b7b5 a2a3 d7d5 h2h3 e7e6 b1c3 c7c6 a1a2 d8c7 c3d5 c7a5
32,a2a4 g7g5 h2h4 c7c6 h4h5 d7d5 d2d4 e8d7 a1a2 g8h6 g1h3 b7b5
33,a2a3 a7a6 c2c3 h7h6 d2d4 a8a7 d4d5 g8f6 d1d3 g7g6 f2f3 g6g5
34,b2b4 b8c6 e2e4 f7f6 d2d4 c6e5 b1d2 g7g5 e1e2 c7c5 e2e3 f8g7
35,g2g4 g8h6 a2a4 g7g5 e2e4 a7a5 a1a2 a8a7 a2a3 e7e5 b1c3 f8b4
36,h2h4 b7b6 e2e3 g8h6 f1e2 b8a6 g2g4 a6c5 g4g5 c8a6 c2c3 f7f6
37,b2b4 f7f6 c2c4 h7h6 d1a4 b7b5 a4b5 a7a5 c1b2 f6f5 b1c3 a5b4
38,c2c4 a7a6 b2b4 e7e5 a2a3 a8a7 h2h3 f7f5 d2d4 h7h6 c1h6 g7g5
39,g2g3 h7h5 h2h4 g7g5 f1g2 d7d6 b1a3 a7a5 d2d4 b8c6 g2d5 c8h3
40,c2c3 h7h5 b1a3 d7d5 d1b3 a7a6 a3b1 c8h3 b3a4 b7b5 g2h3 e8d7
41,a2a3 d7d5 b2b4 g7g5 c2c3 e8d7 d1b3 d7e8 d2d3 c8d7 e1d1 c7c5
42,g1h3 a7a6 f2f3 b8c6 b1c3 e7e6 e1f2 a8a7 e2e3 c6a5 d2d4 a5c6
43,e2e3 g8f6 c2c4 h7h6 e1e2 h6h5 b2b4 f6h7 a2a3 h7g5 a3a4 d7d5
44,a2a3 a7a6 g2g4 d7d6 a1a2 b7b6 g4g5 e8d7 h2h4 b8c6 f2f4 d7e6
45,b2b3 g7g5 b1c3 g8f6 g2g4 f6g4 c3b1 h7h5 c1b2 h8h6 h2h4 b7b6
46,e2e3 e7e6 f1d3 f7f6 d3e4 f6f5 d1h5 e8e7 e1d1 h7h6 h2h3 e6e5
47,e2e4 d7d6 d2d4 g8h6 a2a3 c7c5 e4e5 b8c6 g2g3 h6g4 a1a2 g7g5
48,d2d3 b8c6 c1e3 h7h6 b1a3 a7a6 h2h4 a8b8 e3d4 e7e6 a1b1 c6a7
49,b2b3 h7h5 b1a3 d7d5 a3c4 e8d7 a1b1 g7g5 e2e4 d7c6 f2f4 f8h6
50,b2b4 a7a5 b1c3 b8c6 d2d4 h7h5 e2e3 a8a7 f1d3 h8h6 c1d2 c6e5
51,b2b4 g7g6 c1a3 g8h6 c2c4 g6g5 g2g3 f7f5 g1f3 b8c6 f3g1 c6d4
52,c2c3 a7a6 f2f3 h7h5 e2e3 b7b5 b2b3 b8c6 g1e2 d7d6 d2d4 a8a7
53,g1h3 f7f5 d2d3 c7c5 e1d2 f5f4 h3g1 g7g6 h2h3 e7e6 b1c3 h7h6
54,g2g4 b7b6 e2e4 f7f6 a2a4 g7g5 a1a3 e8f7 e4e5 f6e5 a3c3 a7a5
55,h2h3 h7h6 g2g3 d7d5 f2f4 g8f6 e1f2 b8c6 b1c3 c6b4 b2b3 f6h7
56,g2g3 e7e5 a2a3 b8a6 h2h3 a8b8 h3h4 g8h6 b1c3 g7g5 e2e4 h8g8
57,b2b3 b8a6 b1c3 f7f5 c3e4 h7h6 c1b2 e7e6 g2g4 f8c5 h2h3 f5e4
58,g2g3 f7f5 a2a4 h7h6 c2c4 e7e5 d2d4 e5e4 c1h6 b7b6 g1f3 g7h6
59,b1c3 d7d5 a1b1 h7h5 c3d5 b8d7 d2d4 a8b8 f2f4 e7e6 e1f2 f7f5
60,d2d4 a7a6 f2f3 e7e5 b1c3 b7b5 a2a3 h7h6 e2e3 f8d6 c3a2 f7f5
61,c2c4 b8c6 e2e3 f7f6 a2a3 e8f7 e1e2 h7h5 b1c3 a7a5 d2d4 b7b5
62,g2g4 c7c6 h2h4 b7b6 c2c3 d7d5 d2d4 e8d7 e1d2 b6b5 b2b4 f7f6
63,h2h4 h7h5 b1c3 d7d5 a2a3 b7b5 d2d4 b8a6 g2g4 g7g5 e2e3 g8f6
64,a2a3 b8c6 h2h4 f7f6 a3a4 d7d6 b1c3 a7a6 g2g3 c8g4 h4h5 a8b8
65,a2a3 d7d6 e2e4 h7h5 f1e2 b8c6 g1h3 e8d7 a1a2 g7g6 f2f3 g8f6
66,h2h4 e7e5 b1a3 e8e7 c2c4 h7h6 e2e3 g7g6 e1e2 e7d6 a1b1 d6e6
67,c2c3 a7a6 g2g3 f7f5 h2h3 g8f6 g3g4 e7e5 d2d4 b8c6 a2a4 a8a7
68,b1c3 g7g5 b2b4 e7e6 e2e4 b8c6 c1b2 e8e7 e1e2 e7f6 a2a3 a8b8
69,d2d3 f7f5 e1d2 c7c6 e2e3 d7d6 d1g4 f5f4 b2b4 e7e6 h2h3 c6c5
70,a2a3 h7h5 a1a2 g7g6 d2d3 e7e6 e1d2 b8c6 g1h3 a8b8 c2c3 f7f6
71,d2d4 a7a6 f2f4 h7h6 b2b3 a8a7 e1f2 d7d6 c1e3 e7e6 a2a3 f8e7
72,h2h4 g7g5 a2a3 a7a5 f2f3 f7f6 e2e4 e8f7 a1a2 b8c6 h1h2 d7d6
73,b1a3 f7f6 a1b1 h7h5 e2e4 d7d5 g2g4 c8g4 e4d5 h8h6 h2h4 b8c6
74,b1a3 e7e6 f2f3 f7f6 a1b1 h7h6 e2e4 f8c5 f1b5 a7a5 d1e2 b7b6
75,h2h4 h7h6 d2d4 c7c5 a2a3 h6h5 c1h6 g7g5 b1c3 g5g4 h6f4 a7a6
76,e2e4 e7e6 a2a3 d8f6 a1a2 f6f2 e1f2 a7a6 d1f3 f7f6 h2h3 a8a7
77,c2c4 a7a6 a2a4 d7d5 b1a3 c8f5 c4d5 c7c5 e2e4 d8a5 e1e2 a8a7
78,h2h4 e7e5 d2d4 e5d4 c1f4 a7a6 b2b3 a8a7 g2g4 f7f5 b1d2 c7c6
79,b1c3 a7a6 e2e4 b8c6 g1h3 a8b8 e1e2 e7e6 e2f3 f7f5 f1e2 d7d6
80,b1a3 b7b5 a1b1 e7e5 b2b4 h7h6 e2e4 d7d6 h2h3 f7f6 b1a1 c8f5
81,h2h4 h7h5 a2a3 g8h6 d2d4 c7c6 g2g3 d7d5 a3a4 h8g8 h1h3 c8h3
82,a2a3 e7e6 a1a2 b7b6 e2e3 f7f5 g2g4 d7d5 f1d3 c8b7 b1c3 e8f7
83,c2c3 g8h6 d2d4 f7f6 a2a3 e7e6 b1d2 d7d5 d1c2 f8d6 e1d1 h6g8
84,d2d4 g7g6 c2c4 g8f6 a2a4 h7h6 b2b3 e7e6 c4c5 a7a5 e1d2 d7d5
85,b2b4 b8c6 d2d4 h7h6 b1d2 e7e5 d2b1 g7g5 d4e5 a8b8 c1g5 a7a5
86,b2b4 e7e6 d2d3 d7d6 g2g3 a7a5 f1h3 g8h6 h3g4 d8f6 g4f3 b8c6
87,a2a3 d7d5 c2c3 a7a6 d2d3 c7c6 e2e3 b7b5 d1h5 c8h3 c1d2 a8a7
88,a2a4 g7g6 b1c3 g6g5 c3d5 a7a5 e2e4 g8h6 f2f4 a8a7 d5e3 e7e6
89,g1f3 d7d6 e2e3 g7g5 f1a6 c8h3 a2a3 e8d7 a1a2 d7c8 f3g1 f7f6
90,e2e3 e7e6 a2a4 g7g5 c2c3 c7c5 d1e2 g5g4 c3c4 a7a6 b2b3 a8a7
91,g2g3 f7f5 h2h3 e7e6 c2c3 f5f4 d2d3 f8a3 c1f4 a3b4 h1h2 b4c5
92,h2h4 f7f6 b1c3 h7h6 d2d4 e7e6 e2e4 b8a6 e1e2 c7c5 b2b3 e8e7
93,h2h4 b7b6 b2b4 d7d5 a2a4 h7h5 d2d4 e7e6 c1g5 f8c5 g5d8 e8d8
94,b2b3 c7c6 h2h3 h7h6 g2g3 a7a6 e2e4 d7d5 g1f3 e8d7 c2c3 d5e4
95,a2a4 d7d5 g2g3 c7c6 f2f3 h7h6 h2h3 h8h7 c2c3 g8f6 d2d3 a7a6
96,d2d4 a7a6 a2a3 h7h6 c2c4 d7d5 a3a4 c7c6 g2g4 c8g4 c1g5 g7g6
97,d2d4 d7d5 d1d2 c7c6 d2d1 g7g5 a2a3 b7b5 b2b4 g8h6 f2f4 h8g8
98,g2g3 g7g5 f2f4 b7b6 e2e4 d7d5 f1a6 d5e4 d1g4 b8c6 a2a3 e7e5
99,g2g4 a7a5 e2e3 e7e6 g1f3 e6e5 e1e2 d7d6 e3e4 f7f5 a2a4 b8d7
100,b1c3 d7d5 g2g4 a7a5 e2e4 c8g4 a1b1 g4f3 c3d5 d8d6 a2a4 e8d8
101,d2d4 e7e6 h2h4 a7a5 b2b3 f8b4 b1c3 f7f6 h1h3 b4c3 d1d2 b8c6
102,h2h3 a7a5 d2d4 g7g5 c1g5 g8f6 e1d2 a8a7 g5h6 c7c6 c2c3 f8h6
103,b1a3 g8h6 h2h3 g7g5 a1b1 d7d5 b1a1 h8g8 f2f4 d8d7 d2d3 e8d8
104,g1f3 d7d5 g2g4 a7a5 f3d4 b7b5 f1g2 c8g4 e1f1 g4h5 b1c3 h7h6
105,b2b4 d7d5 c2c4 b7b6 g2g3 h7h5 d2d3 g7g5 h2h4 e7e5 g3g4 h5g4
106,e2e3 e7e6 f2f3 f8e7 h2h3 f7f6 g2g3 e7a3 f1a6 h7h6 d1e2 b8c6
107,b1a3 g7g6 g1f3 c7c5 g2g4 g6g5 a1b1 a7a6 f3g5 d8c7 h1g1 c7c6
108,d2d4 g7g5 b2b4 a7a5 c1g5 b7b6 b4a5 d7d5 e1d2 b8a6 c2c4 g8f6
109,e2e3 f7f6 d1g4 e7e6 g4g5 f8c5 h2h3 a7a5 g5f4 b8c6 h3h4 e8f7
110,f2f4 a7a5 e1f2 c7c6 g2g4 d7d6 e2e4 d6d5 f1a6 h7h6 b2b3 a5a4
111,f2f4 e7e6 e2e4 f7f6 b1a3 f6f5 a1b1 f5e4 f4f5 h7h6 b2b3 b7b6
112,d2d4 e7e6 h2h4 h7h6 f2f3 f8d6 e2e3 f7f5 g1e2 g7g6 b2b3 d6b4
113,d2d4 d7d5 h2h3 b8c6 c1h6 c8g4 h6g5 b7b6 a2a4 g4h3 a1a2 e8d7
114,d2d4 e7e6 h2h4 d7d6 b1d2 b8c6 b2b4 b7b5 g2g4 f8e7 c1b2 d8d7
115,g2g4 c7c5 h2h4 g8f6 a2a4 f6g4 c2c4 d7d5 b1c3 b8d7 c3b1 h8g8
116,b1a3 h7h6 f2f3 b8c6 e2e4 e7e6 g2g4 e8e7 d2d3 a7a5 c2c3 b7b6
117,b1a3 d7d5 e2e3 e7e6 f2f3 f7f6 d2d4 a7a5 f1c4 d5c4 a3b1 f8c5
118,d2d4 d7d5 a2a3 a7a5 h2h3 g8h6 c1f4 a8a7 f4g5 c8f5 a1a2 f5e4
119,d2d4 e7e6 c2c4 f8c5 d4c5 b8c6 a2a4 e8f8 g2g4 h7h6 b1a3 e6e5
120,d2d4 g7g5 c1g5 d7d5 a2a4 e7e6 c2c3 f8c5 d4c5 b7b6 a1a3 e8f8
121,d2d4 e7e6 e1d2 f7f5 b2b3 d7d6 e2e3 a7a6 a2a3 c7c5 h2h3 a8a7
122,d2d4 b7b5 b1d2 d7d5 d2c4 c8h3 c1h6 a7a6 a1c1 g7g5 g1h3 e8d7
123,h2h4 g8h6 d2d4 e7e6 g2g4 f7f5 f1h3 d8e7 b2b4 e7d6 g4g5 d6a6
124,h2h3 d7d5 g2g4 b8c6 d2d3 f7f5 b1c3 a8b8 d1d2 e7e5 a1b1 e8f7
125,d2d4 d7d5 b1c3 h7h6 c1g5 e7e6 b2b4 f8e7 a2a3 f7f6 e1d2 g7g6
126,e2e3 g7g5 f2f3 d7d5 b2b3 b8c6 a2a4 g8f6 h2h4 c6b8 b1c3 c7c6
127,h2h4 e7e6 h4h5 h7h6 g1h3 f8c5 h3g1 d8h4 g2g3 e8e7 c2c3 e6e5
128,d2d4 g7g5 b1c3 e7e6 a2a3 f7f5 b2b3 h7h6 d4d5 e6e5 e1d2 e8e7
129,h2h4 c7c6 e2e3 d7d5 h4h5 h7h6 d1e2 b8a6 e2a6 c8d7 c2c4 d7h3
130,d2d4 b7b5 c1g5 d7d5 f2f3 g8h6 g2g3 c8g4 d1d2 h6g8 d2a5 g8f6
131,d2d4 a7a6 c2c3 a8a7 c1d2 g8h6 b2b4 d7d5 h2h3 g7g5 d2g5 c8h3
132,h2h4 b7b5 d2d4 d7d5 g1f3 c8h3 a2a3 f7f6 g2g4 f6f5 a1a2 d8d7
133,d2d4 e7e6 e2e3 e8e7 f1b5 g7g6 e1d2 f7f6 c2c4 b7b6 f2f3 g8h6
134,a2a3 a7a6 d2d4 a6a5 c2c3 g7g5 c1g5 a8a6 g1h3 d7d6 c3c4 e7e6
135,g2g4 d7d5 c2c3 b7b5 b1a3 c8f5 a1b1 b8a6 g1f3 d8b8 e2e4 e8d8
136,b1a3 d7d5 e2e3 h7h6 d1e2 d8d7 e2c4 e8d8 b2b3 a7a6 a1b1 a8a7
137,e2e3 h7h6 a2a3 c7c6 a1a2 c6c5 h2h3 f7f5 f1e2 e7e5 g2g3 g7g6
138,g2g4 h7h5 e2e4 h5g4 b1a3 a7a5 f2f4 d7d5 h2h3 c7c6 e4d5 d8d5
139,h2h3 h7h5 c2c4 e7e6 a2a3 c7c5 e2e3 a7a5 d2d4 d7d5 e1e2 g7g5
140,e2e3 d7d5 g2g3 c7c5 h2h4 d8a5 f1d3 a5a4 d3c4 b7b5 d1h5 e8d8
141,e2e3 e7e6 e1e2 e8e7 d2d4 h7h6 h2h3 d8e8 b1c3 f7f6 d1d3 d7d6
142,h2h4 a7a6 b1c3 d7d5 g2g4 c8g4 e2e4 a6a5 h1h3 d8c8 a1b1 a8a7
143,d2d4 d7d5 g1f3 a7a5 c2c3 c8g4 e1d2 a8a7 b1a3 d8c8 g2g3 e7e5
144,e2e3 h7h6 f2f3 e7e6 g2g3 f7f6 e3e4 b8a6 g3g4 e6e5 f3f4 a8b8
145,h2h3 e7e6 c2c3 f7f5 b2b3 d7d5 g2g3 e6e5 d2d4 h7h6 c1h6 g7h6
146,e2e3 a7a6 b1a3 c7c5 f1b5 h7h6 e3e4 f7f5 e1e2 e7e6 h2h3 e8f7
147,e2e3 d7d6 b2b4 d8d7 c2c4 g7g5 f2f4 e7e6 f4g5 d6d5 g1f3 d7d8
148,c2c4 h7h6 b2b3 d7d5 a2a3 g8f6 e2e4 g7g5 a1a2 d5c4 g2g4 f6g4
149,e2e3 g7g6 h2h4 a7a5 e3e4 c7c6 f2f4 d7d5 a2a4 e7e6 g2g3 b8d7
150,h2h3 a7a6 h1h2 d7d5 e2e3 c8d7 e1e2 d7b5 e2e1 a8a7 f1b5 b8d7
151,c2c4 b8c6 h2h3 a7a5 d2d4 d7d6 c1d2 c8f5 d2g5 h7h6 e2e4 a8c8
152,e2e4 d7d5 b1c3 b8c6 a2a3 c8g4 h2h4 a8b8 f1e2 e7e5 e1f1 e8d7
153,d2d4 e7e6 e1d2 d7d6 g1h3 b8c6 b2b3 b7b5 e2e4 e8e7 d2c3 f7f6
154,d2d4 e7e6 b1c3 a7a5 c1g5 f8a3 h2h3 b8a6 c3e4 h7h6 a1b1 h6h5
155,a2a3 d7d5 d2d3 d8d7 b1c3 d7b5 a1a2 b5d3 e2e3 d3f1 e1f1 b8c6
156,d2d3 a7a6 d3d4 d7d5 g2g3 b7b5 c2c3 b8c6 g1h3 g7g5 c1g5 h7h5
157,h2h3 b8a6 h3h4 e7e5 d2d4 e5d4 d1d4 f7f5 c2c3 f8e7 h1h2 e7a3
158,b1a3 g7g6 g1f3 d7d5 g2g4 c8g4 e2e4 e7e6 b2b3 e8d7 h2h3 b7b6
159,e2e3 g7g6 e3e4 g8f6 g2g4 h8g8 g1e2 f6d5 d2d3 f7f5 h2h3 e7e5
160,e2e3 g7g6 b1a3 a7a6 e3e4 d7d5 g1f3 c7c6 f1c4 d5e4 g2g4 c8g4
161,d2d3 e7e5 c2c4 f8c5 d1d2 f7f5 d3d4 h7h6 f2f3 g8f6 a2a4 g7g5
162,d2d4 e7e6 b1c3 f7f6 a2a3 b8c6 a3a4 g7g5 d4d5 a7a5 a1a2 c6d4
163,h2h3 b8a6 d2d4 d7d5 b1d2 c8d7 b2b3 d7h3 d2c4 e8d7 c4d2 g7g5
164,g2g3 h7h6 e2e3 d7d6 b2b3 e8d7 c2c3 d8e8 d2d4 d7c6 a2a3 c8g4
165,e2e3 e7e6 h2h3 g7g6 g2g3 e6e5 e1e2 f7f5 h1h2 h7h6 b2b3 b8a6
166,e2e4 e7e5 e1e2 e8e7 h2h3 h7h6 d2d3 d7d6 c1g5 f7f6 a2a4 c8e6
167,e2e3 d7d6 b1a3 e8d7 a1b1 a7a5 f1c4 a8a6 d1h5 f7f6 g2g4 g7g6
168,d2d4 e7e6 b1d2 d8h4 c2c4 h4h6 b2b4 d7d5 g2g3 f8c5 a2a4 b8c6
169,d2d4 e7e6 c2c4 f8b4 d1d2 b4c5 d4c5 h7h6 a2a4 c7c6 d2a5 e8e7
170,h2h3 e7e5 c2c3 b8c6 b1a3 g7g5 d2d4 a8b8 c1g5 a7a6 b2b4 d7d5
171,a2a3 e7e6 g2g3 h7h6 c2c4 b8c6 d2d4 e6e5 c1h6 g7h6 f1h3 b7b5
172,e2e4 h7h5 f2f4 b7b5 b2b3 d7d5 a2a4 f7f5 c1a3 f5e4 d2d4 a7a6
173,f2f3 h7h5 d2d4 a7a5 c1g5 a8a7 b2b3 b7b5 d1d2 b5b4 e1d1 e7e6
174,c2c3 b7b5 d2d4 e7e5 c1f4 f7f6 b1a3 g7g5 f4g5 f6g5 d1d2 b8c6
175,g2g3 e7e5 d2d4 g7g5 e2e4 b7b6 e1d2 f7f5 f2f4 c7c5 g1f3 c5d4
176,e2e3 c7c5 b1c3 a7a5 h2h3 d8c7 f2f4 b8c6 e3e4 a8a6 g2g3 f7f5
177,b1a3 g7g6 f2f4 f7f5 e1f2 e7e6 d2d4 h7h6 b2b3 b7b6 e2e4 a7a5
178,a2a3 d7d5 g2g3 c7c6 d2d4 c8h3 c2c3 h7h6 f1h3 g7g6 e1f1 d8c7
179,d2d4 e7e6 c2c4 h7h6 b2b4 d7d5 g2g4 b8d7 e1d2 a8b8 d1b3 d5c4
180,g2g3 c7c6 d2d4 b7b6 g1f3 d7d5 b2b4 c8b7 f1h3 b6b5 f3g5 a7a5
181,g2g4 b7b5 e2e4 d7d5 e1e2 c7c6 h2h3 b8a6 g1f3 c8g4 f1g2 h7h6
182,e2e4 d7d5 d2d4 e7e6 e4e5 d8e7 a2a3 g8f6 b2b4 f6d7 g2g3 h7h6
183,g1h3 h7h6 d2d4 f7f6 e1d2 d7d5 c2c3 c8g4 b2b4 e7e6 h1g1 c7c5
184,b1a3 h7h6 d2d4 d7d6 b2b4 c8g4 c1h6 h8h6 f2f4 d6d5 h2h3 g8f6
185,h2h3 e7e6 c2c4 b8a6 g2g3 f7f5 b2b4 g8f6 a2a4 h7h5 d1c2 e6e5
186,d2d4 e7e6 e1d2 f7f5 g1f3 f5f4 b2b4 b8c6 e2e4 d8f6 f1b5 d7d6
187,b1a3 d7d5 e2e3 c7c5 f2f3 c8h3 f1b5 d8d7 d1e2 e8d8 a1b1 h3g4
188,g2g3 h7h6 c2c4 d7d5 c4d5 b7b5 f2f3 c7c6 e2e4 g7g5 g1h3 c8b7
189,c2c4 g8h6 b1a3 d7d5 g2g4 c7c5 a3c2 d5c4 a1b1 h6g4 f2f4 a7a5
190,e2e3 c7c5 f2f3 g7g6 g2g3 g8f6 e1e2 d7d6 b1a3 h7h5 a3b1 f6g4
191,h2h3 c7c5 d2d4 d8c7 c1g5 e8d8 a2a4 h7h5 g1f3 d7d5 a4a5 c8h3
192,b1a3 f7f6 a1b1 g7g6 g1h3 e8f7 h1g1 d7d6 e2e4 d8e8 f2f3 c8h3
193,a2a4 d7d5 e2e3 c7c5 b1a3 d5d4 e3e4 g7g5 f2f4 c8e6 a1a2 d8c7
194,d2d4 d7d5 e2e3 g7g6 g1f3 h7h6 b1d2 a7a6 e3e4 h6h5 b2b3 b7b5
195,d2d4 e7e6 d1d2 f8e7 e1d1 b8a6 b2b3 a8b8 g2g3 e8f8 d2d3 d8e8
196,d2d4 g7g6 b1a3 c7c6 h2h3 f8h6 g2g3 d7d6 b2b4 h6d2 c1d2 b7b5
197,f2f4 h7h6 e2e4 f7f5 e4f5 g7g6 h2h3 a7a5 g2g3 g8f6 b1a3 e7e6
198,a2a3 b8c6 d2d4 c6d4 a3a4 d4e2 e1e2 a7a5 c1h6 a8a7 b1d2 f7f5
199,c2c4 g7g6 b2b4 e7e5 d2d4 f7f6 c1d2 h7h5 e2e4 f8c5 h2h3 e8f8
200,d2d4 d7d5 a2a3 c8g4 h2h4 c7c6 c1d2 e7e5 b2b3 b7b5 e2e3 g7g6
201,c2c4 d7d5 c4d5 c8g4 g2g3 c7c6 d1c2 h7h6 d2d4 b8a6 c2c3 b7b5
202,d2d4 e7e6 c2c4 f7f5 c1g5 f8a3 e2e3 g7g6 h2h3 e8f8 c4c5 h7h5
203,h2h3 e7e6 c2c4 h7h6 b2b4 b8c6 g2g3 b7b6 f1g2 b6b5 g2f1 a7a5
204,d2d4 h7h6 e1d2 d7d5 a2a3 a7a5 c2c3 b7b5 d2e3 e7e6 f2f4 g7g6
205,b1a3 g7g5 e2e3 e7e6 f1d3 e8e7 a3c4 d7d6 f2f4 g5g4 h2h3 a7a5
206,h2h4 g7g5 h4g5 g8f6 d2d4 b7b5 e2e4 d7d5 g5f6 h8g8 f1c4 c7c5
207,d2d4 a7a6 c2c4 g7g6 h2h3 b7b6 b2b4 d7d5 g2g3 g6g5 b1a3 b8d7
208,b1c3 e7e6 a2a3 b8a6 a3a4 f7f6 h2h3 f8a3 d2d3 h7h6 a1a3 e6e5
209,d2d4 g7g6 e1d2 c7c6 d2c3 d7d5 c1d2 g8f6 h2h3 d8c7 d2h6 f8h6
210,d2d4 a7a6 b1a3 d7d5 c2c4 f7f5 c1g5 b7b5 f2f4 c8d7 g2g3 b5c4
211,d2d4 g7g6 b1c3 e7e6 b2b3 f8b4 e1d2 c7c6 d4d5 a7a5 c1a3 a8a7
212,d2d4 e7e6 c2c4 d8h4 g2g3 a7a5 g1f3 h4f6 c1d2 e8e7 d2b4 e7e8
213,h2h3 d7d5 f2f3 e7e6 e2e3 b8c6 g2g3 e8e7 b2b4 c6b8 c2c3 h7h6
214,e2e3 c7c5 b1a3 a7a5 b2b3 d8c7 e1e2 e8d8 d1e1 d7d6 h2h3 c8h3
215,g2g4 d7d5 b2b4 c8g4 h2h4 d8c8 f2f4 c7c5 d2d4 c8f5 h1h3 e8d8
216,d2d4 e7e6 c2c4 f7f6 g2g3 e6e5 f2f3 g7g5 b2b4 h7h6 a2a3 g5g4
217,d2d4 d7d5 b1c3 a7a6 c1g5 b8d7 c3d5 a8a7 d5c7 d8c7 g5f6 e7e6
218,c2c3 d7d5 d2d4 e7e6 g2g3 f7f6 d1a4 b7b5 a4d1 e6e5 e2e3 g7g6
219,a2a4 g7g6 f2f3 g6g5 b2b3 g8f6 c1b2 d7d6 f3f4 h8g8 e2e4 c8h3
220,b2b3 b7b5 d2d4 a7a6 e1d2 d7d5 c2c3 c7c5 d4c5 h7h6 b3b4 c8g4
221,g1f3 d7d5 d2d4 c8g4 c1g5 a7a6 f3g1 c7c5 b1c3 g7g6 b2b4 g4f5
222,d2d4 g7g6 c1g5 d7d5 a2a3 c8h3 b1c3 c7c5 g5f6 a7a6 f6e7 e8d7
223,e2e3 g7g6 f2f3 c7c5 e3e4 d7d5 e4d5 f7f6 g2g3 d8d7 d2d4 g8h6
224,b2b4 d7d5 e2e3 g7g5 b4b5 c7c5 f1c4 h7h5 e1e2 d5c4 b1c3 c8g4
225,b2b4 g8h6 h2h3 e7e6 g2g4 e6e5 d2d4 f8c5 c2c4 e8e7 d1b3 d8e8
226,g2g4 d7d5 d2d4 c8g4 b2b3 a7a6 b1c3 e8d7 h2h3 c7c6 h3g4 d7e8
227,d2d4 g7g6 a2a4 a7a6 f2f3 f7f6 b2b4 d7d6 b1c3 c7c5 c1b2 a8a7
228,d2d4 g7g6 c1g5 d7d5 f2f3 f7f5 a2a3 b7b5 e2e3 f5f4 f1c4 d5c4
229,d2d4 e7e6 e1d2 a7a6 d2e1 f8a3 b2b3 a8a7 c1h6 d8f6 e2e4 b8c6
230,b2b4 c7c5 d2d4 g7g6 h2h3 d7d5 g1f3 e7e6 g2g3 c5c4 c1g5 e8d7
231,d2d4 a7a6 c1g5 f7f6 b1c3 f6g5 c3d5 a8a7 h2h3 h7h6 b2b4 e7e5
232,d2d4 e7e6 e1d2 f7f5 b2b3 b8a6 e2e3 f5f4 h2h3 f8c5 d4c5 a8b8
233,b1a3 d7d5 e2e3 c7c5 d2d4 g7g5 d4c5 d8a5 c1d2 a5c7 d2b4 c8h3
234,d2d4 e7e6 e1d2 b8a6 e2e3 a8b8 g1f3 h7h6 b2b3 g8f6 f3e5 f6g8
235,h2h3 a7a5 b2b4 g7g6 e2e4 d7d5 f2f4 c7c5 g2g4 d8c7 g1f3 d5e4
236,d2d4 e7e6 g2g3 f7f6 c2c4 b8a6 g1f3 g7g6 h2h4 f8e7 h1h3 e7b4
237,d2d4 e7e6 h2h3 d7d5 c2c3 b8a6 g2g3 f7f6 g1f3 f8c5 f3g5 d8d6
238,h2h4 d7d5 e2e3 e8d7 d1f3 c7c6 e1e2 d8c7 f3f6 a7a6 e2f3 h7h6
239,g2g3 f7f6 e2e4 e7e5 f2f4 h7h6 d1e2 f6f5 b1a3 b8c6 a1b1 e8f7
240,c2c4 d7d5 g2g3 h7h6 d1b3 b7b5 d2d3 c7c6 f2f3 f7f5 a2a3 d5c4
241,d2d4 a7a6 h2h3 d7d5 b1a3 c8g4 e2e3 g4d7 f2f4 e7e6 f1b5 c7c6
242,h2h3 e7e5 d2d4 g7g5 c1g5 e5d4 c2c4 b8a6 g5f6 h7h6 g1f3 d7d5
243,d2d4 d7d5 e2e3 a7a6 b1a3 g7g6 f2f4 c7c6 g1f3 g8h6 h2h3 b7b6
244,d2d4 g7g6 h2h3 d7d5 g2g3 c8d7 g1f3 g8f6 d1d3 b7b6 e1d1 d7h3
245,d2d4 f7f6 e2e3 e7e6 c2c3 g7g6 b1d2 a7a5 c3c4 h7h5 g1h3 a8a7
246,d2d4 d7d5 e2e3 g7g6 b1a3 c7c5 d4c5 h7h6 f1e2 d5d4 b2b4 d4e3
247,e2e3 c7c5 e1e2 d7d6 h2h3 b7b5 b2b3 c8h3 g2h3 c5c4 d1e1 g8f6
248,g2g3 h7h6 c2c3 g7g5 b2b3 e7e5 c3c4 f7f6 h2h4 g5g4 g1f3 e8e7
249,b1a3 e7e6 e2e3 g7g6 e1e2 c7c6 a1b1 d7d5 g1f3 b7b5 h2h3 f8h6
250,c2c4 g7g6 g2g4 b8c6 b1c3 f7f5 h2h3 a7a5 a1b1 e8f7 h1h2 c6b4
251,d2d4 g7g6 c1g5 e7e6 c2c3 a7a6 h2h3 a8a7 b2b3 d7d5 g2g3 h7h5
252,h2h3 e7e6 c2c4 b8a6 g2g3 e8e7 d2d4 h7h6 b2b4 e6e5 b1d2 d7d5
253,g2g3 e7e5 d2d4 h7h6 g1f3 g7g5 g3g4 h6h5 c2c3 g8f6 d4d5 a7a5
254,a2a3 g7g6 g2g4 h7h5 h2h4 f7f5 g1f3 f8h6 d2d4 e7e6 b2b4 h6e3
255,c2c4 b7b5 c4c5 a7a6 g2g3 g7g5 g1f3 d7d6 f3g5 h7h6 b1a3 c8h3
256,b2b3 g7g6 h2h3 g6g5 c2c3 g8f6 c1a3 d7d5 g2g3 a7a5 a3e7 d5d4
257,d2d4 g7g6 c2c3 d7d5 c1d2 b7b6 d2g5 b8a6 e1d2 d8d7 h2h3 a8b8
258,b1a3 a7a5 e2e3 b8c6 e1e2 g7g5 g2g3 d7d6 d1e1 b7b6 b2b4 a8b8
259,b1a3 d7d5 d2d4 g7g6 c1f4 c7c6 c2c4 g8h6 f2f3 h6g8 f4h6 a7a5
260,d2d4 d7d5 c1h6 c7c6 c2c4 c8g4 g2g3 g7g6 a2a4 a7a6 c4c5 g4h3
261,b1a3 a7a5 e2e3 c7c5 h2h3 g7g6 f1b5 d8c7 e1e2 c5c4 e3e4 g8f6
262,d2d4 d7d5 e2e3 e8d7 g2g3 b7b6 c2c3 c7c5 b1a3 g8f6 f1d3 g7g6
263,g2g3 h7h5 f2f4 g8f6 e2e4 h8h6 g1f3 d7d5 h2h3 c8f5 d2d4 b8a6
264,a2a3 b8a6 a3a4 e7e6 b1c3 e8e7 d2d4 b7b6 c1e3 g7g6 e3g5 f7f6
265,b1c3 b8a6 a2a3 a8b8 a3a4 e7e6 g2g4 f7f6 c3d5 f8c5 d5f4 f6f5
266,b1c3 e7e6 g2g3 b8a6 c3a4 h7h5 d2d3 e6e5 e2e3 e8e7 f1h3 g7g6
267,d2d4 g7g6 c1g5 e7e6 c2c4 d7d5 g2g3 g8h6 e1d2 c7c6 g1f3 f8c5
268,d2d4 g7g6 h2h3 d7d5 b2b3 g6g5 e2e3 e8d7 b1a3 c7c6 f1c4 h7h6
269,d2d4 b7b5 a2a3 c7c5 c1g5 g7g6 h2h3 d7d6 g1f3 a7a6 g2g3 c8h3
270,h2h3 h7h6 e2e3 c7c5 d2d4 c5d4 e3e4 d7d5 c1g5 h6g5 f2f4 d5e4
271,b1c3 d7d5 e2e3 h7h6 a2a4 b7b6 a1b1 e8d7 d2d4 e7e6 f2f3 d7d6
272,g2g3 g7g6 e2e4 f7f5 f2f4 e8f7 b2b3 f5e4 d2d4 h7h6 e1d2 c7c6
273,f2f4 h7h6 f4f5 c7c5 h2h4 b8c6 g2g4 c5c4 e2e4 e7e6 g1f3 e8e7
274,h2h3 g7g6 g2g4 h7h6 e2e4 f7f5 e1e2 e7e5 c2c4 e8e7 g1f3 c7c5
275,b1c3 h7h6 e2e3 c7c5 h2h3 d7d6 e3e4 d6d5 a1b1 c8g4 h1h2 d8d6
276,d2d3 b8a6 d3d4 e7e6 e2e3 g7g6 a2a4 d8e7 e1e2 e6e5 g2g4 f7f5
277,b1c3 d7d5 e2e3 c8f5 g2g4 a7a5 f1b5 b8c6 f2f3 g7g5 b5d3 d8b8
278,a2a3 e7e6 c2c4 g7g6 g2g3 b8a6 d1c2 h7h6 g1f3 f8c5 d2d4 f7f5
279,b1a3 g7g6 h2h3 d7d5 e2e3 e8d7 f2f4 b7b6 g2g3 e7e6 f1b5 b8c6
280,a2a4 e7e6 g2g3 d7d5 b1c3 h7h6 d2d3 b7b6 c1h6 h8h7 g3g4 e8e7
281,e2e4 d7d5 f2f4 c7c6 g2g3 h7h6 f1c4 h8h7 e4e5 c8g4 g1e2 g8f6
282,g1f3 d7d5 g2g4 e7e6 f3g1 c7c5 a2a4 b8a6 g4g5 c5c4 a1a2 b7b6
283,b1a3 b8a6 e2e3 d7d6 d2d4 e8d7 e3e4 d8e8 g1h3 d6d5 h3g1 g8h6
284,d2d4 g7g6 c1g5 d7d5 h2h4 f7f6 c2c3 h7h6 g5f6 a7a6 b1a3 b7b6
285,g2g3 e7e5 f2f4 h7h6 e1f2 e5e4 d1e1 c7c6 h2h4 d8b6 d2d4 f8e7
286,d2d4 b8c6 g2g3 e7e6 c2c4 f7f6 f2f4 a7a5 f4f5 g7g5 b2b4 a8a6
287,b1a3 e7e6 e2e3 e8e7 e1e2 d7d5 f2f3 h7h6 g2g3 a7a5 b2b3 b8c6
288,d2d4 a7a5 a2a4 e7e6 e1d2 g7g6 b2b3 a8a7 c1b2 f7f5 d2e1 f8c5
289,d2d4 e7e6 e1d2 f7f5 d2d3 b7b6 b2b3 f8b4 h2h3 b4c5 d3c3 h7h5
290,d2d4 e7e6 e1d2 g7g5 c2c4 d7d5 h2h3 c7c5 b2b3 e6e5 d4e5 g8e7
291,b1a3 g7g6 e2e4 d7d6 a1b1 d6d5 h2h3 c7c6 f2f4 c8g4 g2g3 f7f6
292,d2d4 d7d5 f2f3 g7g5 c1g5 e7e6 e1d2 f7f6 g5f6 b8a6 a2a3 f8c5
293,d2d4 a7a5 e1d2 d7d5 b2b3 b7b6 f2f3 e8d7 c1b2 c8b7 b2c1 c7c6
294,f2f3 e7e6 e1f2 e8e7 g2g4 d7d5 d2d3 d8d7 f3f4 e7d8 e2e3 d7b5
295,a2a4 d7d5 e2e3 e8d7 a1a2 b7b5 d1h5 c7c5 f1b5 d7c7 e1d1 c5c4
296,d2d4 c7c5 c1d2 g7g6 d2g5 c5d4 b2b3 g8h6 h2h3 f7f6 g5c1 e8f7
297,d2d4 e7e6 e1d2 g7g6 b1a3 c7c5 d4c5 f8c5 h2h3 g6g5 e2e4 d8e7
298,d2d4 f7f6 g2g4 e7e6 f2f3 f8b4 b1c3 b8c6 a2a4 a7a5 c1g5 b4c5
299,h2h3 d7d5 a2a3 b8c6 d2d4 e7e6 e2e3 d8g5 c2c3 e8e7 d1c2 g5e3
300,a2a4 d7d5 e2e3 e8d7 a1a3 b7b6 b1c3 d7c6 g2g3 c8g4 b2b3 h7h5
301,a2a3 g7g6 d2d4 d7d5 b1c3 c7c6 g2g3 d8c7 c1d2 f8h6 f1h3 e7e5
302,a2a4 b8a6 b1c3 a8b8 f2f3 e7e6 g2g4 f8c5 e2e4 e8f8 f3f4 d8e8
303,d2d4 f7f6 b2b4 e7e5 e1d2 g7g5 d4e5 d7d6 c2c3 e8f7 b4b5 f6e5
304,d2d4 g7g6 c1g5 d7d5 f2f4 e7e6 e1f2 b7b5 e2e3 f8h6 b1a3 f7f5
305,d2d4 b7b5 c1g5 g8h6 a2a4 a7a6 h2h3 h6g8 b2b4
306,b1a3 g7g6 h2h4 c7c6 e2e4 d7d5 f2f4 d5e4 a3b1 f7f5 g2g3 e8f7
307,g2g4 c7c6 a2a4 b8a6 a1a3 c6c5 f2f3 h7h6 e1f2 d8c7 b1c3 a8b8
308,f2f3 b7b5 d2d4 g7g5 c1g5 e7e6 h2h4 d7d5 h1h3 c7c6 g5h6 g8h6
309,d2d4 a7a6 c1g5 f7f6 g5h6 e7e6 g2g3 f8c5 d4c5 e6e5 h2h4 a6a5
310,d2d4 a7a6 b1d2 g7g5 a2a3 g8f6 d2b1 d7d5 c1g5 c8f5 b1c3 a8a7
311,a2a4 d7d5 f2f3 e8d7 a1a2 g8h6 c2c3 b7b6 d2d4 f7f6 a4a5 g7g5
312,b1c3 c7c6 a2a4 h7h6 e2e3 d7d6 f1c4 c6c5 g1e2 d8c7 e2g1 g7g6
313,d2d4 e7e6 e1d2 b8a6 b2b3 e8e7 c2c3 h7h6 h2h3 c7c5 d4c5 b7b5
314,a2a4 a7a5 e2e3 d7d6 e3e4 d6d5 e4e5 d8d6 b1a3 e8d8 f2f3 c8g4
315,b1c3 b7b5 e2e4 d7d5 e4e5 c7c5 g2g3 c5c4 f1c4 b5c4 f2f4 h7h6
316,b1a3 e7e6 a1b1 d7d5 a3c4 d5c4 f2f4 c7c5 g2g3 g7g6 g1f3 e8e7
317,h2h3 b8a6 b1a3 e7e6 a1b1 f8c5 h1h2 e8f8 d2d3 f8e7 c1g5 e7e8
318,e2e3 g7g6 e3e4 f7f5 g2g4 e7e6 h2h3 f8b4 f2f4 d8h4 e1e2 b8c6
319,g2g3 h7h5 f2f4 f7f5 e2e3 g7g6 h2h3 g8f6 b2b3 b7b5 d2d4 h8h6
320,e2e3 b8a6 f1d3 e7e5 e1f1 g7g5 a2a4 f7f5 h2h3 g5g4 d1g4 a8b8
321,c2c4 d7d5 g2g3 b8a6 d1b3 c8g4 d2d3 a8b8 h2h4 e8d7 g1f3 g4f5
322,e2e4 e7e6 g2g4 f8e7 f1a6 b8a6 b1a3 f7f5 c2c4 e8f7 h2h4 a8b8
323,d2d4 f7f6 h2h3 e7e5 f2f4 b7b5 e1f2 g7g5 b1c3 b8c6 d1e1 e5d4
324,a2a3 g7g6 b1c3 f7f5 a3a4 e7e5 h2h3 e5e4 e2e3 b7b6 e1e2 c8a6
325,d2d4 g7g6 h2h3 d7d5 c2c3 g6g5 f2f4 b8a6 e2e3 a6b8 h3h4 c7c5
326,d2d4 e7e6 c1e3 f7f6 e1d2 a7a6 b2b3 a8a7 c2c3 e6e5 g2g3 f8b4
327,f2f3 g7g5 g1h3 a7a5 e2e3 g8f6 g2g3 b8c6 h3g5 c6e5 h2h3 a8a7
328,d2d4 g7g6 c1g5 d7d5 e2e4 c7c6 h2h3 a7a6 a2a3 b7b5 b2b3 d5e4
329,c2c4 g7g6 d1c2 d7d5 g2g4 c8g4 c4d5 e7e6 a2a3 c7c5 e1d1 d8f6
330,a2a4 b8c6 a1a3 e7e6 c2c4 f8a3 c4c5 c6d4 g2g3 g7g5 f2f4 h7h6
331,a2a4 b8a6 g2g3 e7e6 f2f4 b7b6 e2e4 h7h6 b2b4 f7f5 e4f5 f8c5
332,b2b4 e7e5 d2d4 f7f5 d4e5 f8c5 c2c4 g8f6 b1a3 d7d5 b4c5 h7h5
333,a2a3 e7e6 g2g3 e6e5 f2f4 b8a6 d2d4 f7f6 d4e5 h7h6 b1d2 g7g6
334,a2a4 h7h6 h2h3 d7d5 a1a2 b7b6 g2g4 c8g4 h3g4 e8d7 d2d3 e7e6
335,d2d4 g7g6 c2c4 d7d5 g2g4 c7c5 h2h4 b8d7 b1a3 b7b6 b2b4 d7b8
336,g2g3 g7g6 g1f3 f7f5 d2d4 e7e5 c2c3 f8c5 d4e5 h7h5 b2b3 c5f2
337,f2f3 b8a6 d2d4 g7g6 b2b3 e7e6 e1d2 d8e7 g2g3 f7f6 e2e3 b7b6
338,f2f4 h7h6 f4f5 c7c5 d2d4 b7b5 f5f6 c8b7 h2h4 h8h7 b1a3 d7d5
339,d2d4 e7e6 e1d2 f7f5 b2b3 f8b4 c2c3 b4a5 e2e3 g7g6 b1a3 f5f4
340,g2g3 h7h6 e2e3 h6h5 b1a3 g7g6 d1e2 g8f6 f2f4 b7b5 e3e4 d7d5
341,g2g3 d7d5 d2d4 g8f6 c1g5 g7g6 g1f3 b7b5 b2b4 c7c6 f1h3 a7a6
342,d2d4 d7d5 b1a3 e7e6 e1d2 c7c6 e2e3 g7g5 b2b3 h7h6 f1c4 f8e7
343,h2h4 d7d5 g2g3 e8d7 f2f4 c7c5 e2e3 d7c6 d1e2 c5c4 b1c3 b7b5
344,d2d4 d7d5 g2g3 g7g6 b2b4 g8f6 g1f3 b7b5 c2c4 c7c6 g3g4 c8d7
345,a2a3 e7e5 d2d4 f8d6 c1d2 g7g6 d4e5 d6e5 h2h4 e8f8 d2b4 c7c5
346,g2g3 g8f6 f1g2 a7a5 g2f1 g7g6 g1f3 a8a7 d2d4 e7e5 c2c3 e5e4
347,a2a4 a7a5 e2e3 g8h6 b1a3 d7d6 a1a2 h8g8 f1b5 b8c6 d1g4 a8b8
348,d2d4 f7f6 g2g3 e7e5 e2e3 g7g5 c2c3 e5d4 f2f4 g5g4 c3d4 b7b5
349,b2b3 e7e5 e2e3 f7f5 e1e2 g7g6 h2h3 c7c6 b1c3 e5e4 a2a4 f5f4
350,g2g4 e7e5 d2d4 f7f5 d4e5 g7g6 b2b3 h7h5 g4g5 f8b4 c2c3 g8f6
351,d2d4 b8a6 c1h6 d7d5 e2e3 c8e6 f2f4 e8d7 b1c3 b7b6 a1b1 a6c5
352,d2d3 c7c5 d3d4 h7h6 b2b3 c5d4 e1d2 d7d6 c2c4 g7g6 d2c2 a7a5
353,b2b3 b8a6 e2e3 c7c5 g2g3 g7g6 e3e4 e7e6 d1e2 e8e7 e1d1 f7f6
354,e2e4 e7e6 f2f4 e8e7 b2b3 h7h6 g2g4 g8f6 b1c3 f6g4 a1b1 h8g8
355,g2g3 e7e5 e2e3 e8e7 f2f4 h7h6 f1a6 b8c6 d2d4 e5d4 c2c3 g7g6
356,e2e4 e7e6 g2g4 g7g6 f2f4 d7d6 h2h4 f7f5 a2a4 e8f7 b1c3 f5g4
357,a2a4 g7g5 h2h3 e7e5 f2f4 g8f6 e1f2 d7d5 d1e1 c8h3 a1a2 g5g4
358,d2d4 g7g6 c1g5 c7c5 b1a3 d7d5 b2b4 g8f6 d4c5 e7e5 c2c3 d5d4
359,a2a4 a7a5 b1c3 b8a6 e2e3 e7e6 e1e2 e8e7 d2d3 d7d5 h2h3 d8e8
360,h2h3 h7h6 d2d4 d7d6 c1d2 h8h7 g1f3 f7f6 a2a3 b7b5 e2e4 c8f5
361,g2g3 g8f6 a2a4 d7d5 b1c3 g7g6 a1a3 b7b6 e2e3 h7h5 f2f3 h8h6
362,b1a3 g7g6 h2h3 e7e6 c2c4 f8c5 a1b1 c7c6 g2g4 e8e7 b2b4 a7a6
363,d2d4 g7g6 c1g5 d7d5 h2h4 b7b5 g1f3 c8h3 g5e7 c7c6 e2e4 d5e4
364,d2d4 g7g6 c1g5 d7d5 a2a3 c7c6 b2b4 e7e6 c2c3 g8f6 h2h3 h7h5
365,c2c4 g7g6 e2e3 c7c6 f2f3 a7a6 e3e4 g8f6 c4c5 d7d5 f1a6 e7e5
366,d2d4 b7b6 e1d2 f7f5 d2e3 e7e6 g2g3 a7a5 a2a4 g7g5 c2c3 f8c5
367,a2a4 d7d6 a1a3 e8d7 b1c3 b7b6 e2e3 d7c6 e1e2 a7a5 c3d5 b6b5
368,e2e3 c7c5 g2g3 g7g6 b2b3 g8f6 f1b5 h7h5 e3e4 g6g5 e1f1 c5c4
369,g2g3 h7h5 e2e3 d7d5 f2f4 c7c6 f1c4 d5c4 d1g4 c8d7 g4h3 e7e6
370,b2b4 e7e6 c2c4 d7d5 g2g3 d8g5 f1g2 d5c4 g2c6 b8d7 e1f1 f7f6
371,d2d4 g7g6 e1d2 c7c6 b2b3 d7d5 c2c4 f8h6 e2e3 e7e6 b1a3 d5c4
372,g2g3 h7h5 f2f4 d7d5 h2h4 a7a5 e2e4 d5e4 b2b3 h8h6 d2d4 c7c5
373,d2d4 f7f6 e2e3 e7e6 b1a3 f8c5 e1e2 d8e7 d1e1 b8a6 d4c5 a8b8
374,d2d4 g7g6 c1g5 d7d5 g5e7 b7b6 e1d2 f7f6 h2h3 e8d7 d2c3 d8e8
375,g2g3 g7g6 g1f3 g8f6 g3g4 h7h5 d2d3 g6g5 a2a4 f6g4 f3g5 d7d5
376,a2a4 d7d5 g2g3 b7b5 a1a3 h7h6 e2e3 c8g4 d2d3 b5a4 b1d2 g4d1
377,c2c4 h7h6 a2a3 c7c6 a1a2 g7g6 d2d3 b7b5 e1d2 e7e5 c4b5 f7f5
378,b1a3 g7g6 a3c4 f7f5 h2h3 e7e6 a1b1 b7b6 b2b3 f5f4 e2e4 d7d6
379,a2a4 e7e6 c2c4 e6e5 b2b4 c7c6 e2e3 g7g6 e3e4 f8c5 a1a2 g8f6
380,b1c3 d7d5 a2a4 c8g4 e2e3 e8d7 f2f3 b7b6 d1e2 a7a6 e3e4 e7e5
381,a2a4 d7d5 b1a3 e8d7 f2f3 b7b6 a1a2 a7a5 a3c4 d5c4 b2b4 e7e6
382,d2d4 g7g6 g1f3 c7c5 h2h3 b7b5 g2g3 c5d4 h1h2 a7a6 h3h4 d7d6
383,d2d4 f7f6 g2g3 e7e5 f2f4 g7g6 e2e4 e5d4 g1f3 g6g5 d1d4 g5f4
384,b1a3 a7a5 e2e3 g7g6 f1c4 b8c6 g2g4 f7f5 g4g5 e7e5 f2f4 h7h6
385,d2d4 f7f6 e1d2 c7c5 e2e3 d8c7 d4c5 b7b6 b1a3 b6c5 b2b3 g7g6
386,a2a4 b8a6 b1a3 e7e6 e2e3 e8e7 e1e2 b7b6 d2d3 d7d5 b2b4 d8d6
387,f2f3 a7a5 e2e4 b8a6 b1a3 e7e5 a1b1 f7f5 g1e2 g7g5 f3f4 g8f6
388,h2h4 d7d5 d2d4 g7g6 g1f3 g8f6 g2g4 g6g5 f3g5 h7h5 g5f3 c8g4
389,e2e4 c7c5 f2f4 h7h5 g2g3 g8f6 g1f3 d7d5 g3g4 d5e4 h2h4 h8g8
390,b1c3 d7d5 e2e3 e8d7 f2f3 d8e8 f1e2 d7d8 e2a6 d5d4 d1e2 g7g6
391,b1a3 g7g6 h2h3 c7c6 a3c4 d7d5 g2g4 c8g4 h3g4 e8d7 f2f4 b7b6
392,b2b4 d7d5 d2d4 g7g5 c1g5 c8e6 c2c3 g8f6 e1d2 b7b5 h2h3 a7a6
393,d2d4 f7f6 g2g4 e7e5 d4e5 b8a6 d1d7 e8d7 c2c3 c7c5 b2b4 b7b5
394,g2g4 a7a5 d2d4 b8a6 b2b3 f7f5 c2c3 a8a7 g1f3 d7d5 e2e3 e7e6
395,h2h3 d7d5 c2c4 h7h6 f2f3 d5c4 d1c2 g7g5 b1a3 c8h3 c2c3 a7a5
396,d2d4 b8a6 c2c4 e7e6 g2g3 g7g6 b2b4 a8b8 f2f4 e6e5 c4c5 f8c5
397,d2d4 e7e5 c1g5 f7f6 d4e5 b8a6 d1d5 a8b8 d5f7 e8f7 a2a3 f6e5
398,d2d4 e7e6 c2c4 b8a6 g2g3 e6e5 d4e5 f7f6 a2a4 e8e7 e5f6 g7f6
399,e2e4 g7g6 f2f4 f7f5 g1f3 e8f7 g2g3 b7b6 a2a3 f7e6 c2c3 e6f7
400,b1a3 a7a5 e2e3 d7d6 f1b5 b8c6 a1b1 h7h6 b5c4 h8h7 e3e4 c6a7
401,g2g3 g7g5 f2f4 g8f6 e2e4 c7c5 f1e2 d8c7 e2c4 a7a5 b1c3 h8g8
402,b2b4 a7a5 d2d4 f7f6 h2h4 h7h6 c1g5 f6g5 h1h3 b8a6 h3b3 a8a7
403,g2g3 h7h6 d2d4 g7g5 b2b4 d7d6 c2c3 h8h7 e1d2 h6h5 b4b5 c8g4
404,g2g3 h7h6 b2b3 g8f6 d2d4 c7c6 c2c3 b7b6 c1d2 d7d5 d2h6 h8h6
405,g2g3 a7a5 c2c4 h7h6 c4c5 d7d5 b2b4 b8a6 d2d3 a6b4 c1g5 c8g4
406,d2d4 e7e6 e1d2 f8b4 c2c3 g8e7 h2h4 g7g5 b2b3 e6e5 h4g5 e5d4
407,g2g3 h7h6 f2f4 c7c6 e2e4 f7f5 f1a6 g8f6 a6c4 d7d5 e4e5 h8g8
408,d2d4 g7g6 c2c4 d7d5 b2b4 b7b5 h2h3 a7a6 g1f3 c7c6 h1g1 e8d7
409,h2h3 e7e6 b1c3 f8a3 a1b1 b7b5 h1h2 d7d6 e2e4 b5b4 d1h5 c7c6
410,a2a4 g7g6 b1a3 e7e6 g2g3 b8a6 h2h4 f7f5 f2f4 f8c5 a3b5 h7h6
411,a2a4 d7d5 f2f3 b7b5 e2e3 b8d7 e3e4 e7e6 f3f4 d5e4 g2g3 a7a5
412,c2c4 a7a5 d2d4 d7d5 g2g3 h7h6 b2b4 g8f6 e1d2 g7g5 e2e3 b8d7
413,a2a4 d7d5 f2f3 h7h6 e2e3 b7b5 f1b5 c7c6 d1e2 c6b5 b1a3 d5d4
414,a2a4 a7a5 b1a3 e7e6 a1b1 a8a7 g2g4 f7f6 e2e3 g7g6 b2b3 d7d5
415,g2g3 a7a5 d2d4 g7g5 d1d3 g5g4 g1f3 b7b5 d3g6 d7d5 c2c4 b8c6
416,g2g3 b7b5 d2d4 d7d5 c2c3 c7c6 a2a4 g7g6 g1f3 g8f6 b2b4 h8g8
417,g2g3 g7g6 f2f4 f7f5 e1f2 h7h5 d1e1 e7e6 f1g2 f8h6 h2h4 a7a5
418,g2g3 a7a5 d2d4 g7g5 c1g5 e7e6 a2a3 b8a6 c2c3 f7f5 h2h3 f5f4
419,d2d4 f7f6 e1d2 g7g6 e2e3 g6g5 d1h5
420,c2c4 g7g6 f2f3 f7f5 h2h3 e7e5 f3f4 e5e4 e1f2 f8c5 d2d4 b8a6
421,d2d4 f7f6 c2c4 b8a6 d4d5 e7e5 g2g3 f8c5 a2a4 c5f8 d1b3 g7g5
422,d2d4 f7f6 c1g5 g7g6 h2h4 e7e5 h1h3 e5d4 g1f3 f8b4 b1c3 d7d6
423,a2a3 h7h5 h2h4 b7b6 d2d4 d7d5 h1h3 h8h7 c1g5 c7c5 a3a4 e8d7
424,c2c4 a7a5 d2d4 d7d5 c1g5 c8g4 b2b3 c7c5 e1d2 g7g6 d4c5 b8c6
425,a2a4 d7d5 b1a3 c8g4 a1a2 a7a5 e2e3 e8d7 d1e2 g8h6 f2f4 b7b6
426,c2c4 a7a5 g2g3 b8c6 d2d4 c6d4 b2b4 g7g6 f2f4 g8f6 d1b3 e7e6
427,d2d4 f7f6 g2g3 g7g5 c2c4 h7h5 c1g5 f6g5 d1c2 b7b6 c2g6
428,a2a4 b8a6 b1c3 a8b8 a1a2 g7g6 e2e3 g8f6 a2a3 h8g8 e1e2 f6d5
429,a2a4 f7f5 h2h3 e7e5 d2d4 f8c5 d4e5 d7d5 c2c3 g7g6 h1h2 b7b6
430,a2a4 e7e6 g2g3 e6e5 f2f4 b7b6 b1c3 e5e4 e1f2 d7d5 d1e1 e8d7
431,e2e3 g7g6 f2f3 f7f5 c2c4 f5f4 g2g3 e8f7 d1c2 c7c5 b1c3 d8c7
432,c2c4 g7g6 g2g4 f7f5 g1f3 e7e5 d1c2 f8c5 f3d4 e8f7 h1g1 d8g5
433,d2d4 e7e6 e2e3 f7f6 e1e2 f8c5 d4c5 d8e7 a2a3 g7g6 b2b4 d7d6
434,a2a4 g7g6 h2h3 b7b6 b1c3 d7d5 a1a2 c8g4 h3g4 f7f5 h1h7 e8d7
435,g1f3 d7d6 d2d4 d6d5 f3g5 d8d6 a2a3 d6b4 c2c3 b4c3 c1d2 f7f6
436,g2g3 g7g5 b2b4 d7d6 f2f4 c7c5 d2d4 c8e6 a2a3 h7h5 b4c5 h8h6
437,b1c3 d7d5 e2e3 e8d7 g2g4 b8c6 f1a6 e7e6 d1f3 d8h4 f3e2 b7b6
438,g2g3 h7h6 e2e3 b7b5 f1b5 b8a6 e3e4 a8b8 f2f4 h8h7 h2h3 f7f5
439,g2g3 h7h5 e2e3 d7d5 f1c4 d5c4 b2b3 c7c5 d2d4 g7g5 c2c3 a7a6
440,a2a3 b8a6 d2d4 e7e6 b2b4 f8b4 a3b4 b7b5 g2g3 h7h5 e1d2 g7g6
441,b1c3 d7d5 e2e3 e8d7 f2f4 e7e6 f1c4 d5c4 g2g3 b7b6 d1h5 g7g6
442,d2d4 f7f6 g2g4 b7b5 d4d5 c7c5 b2b3 d7d6 c1g5 b8c6 b1a3 c6a5
443,h2h3 b7b5 b1a3 d7d5 a1b1 e8d7 g2g4 e7e6 d2d3 d7c6 b2b4 f7f5
444,a2a3 e7e5 d2d4 f7f5 d4e5 g7g6 c2c4 f5f4 d1c2 f8b4 e1d1 a7a5
445,c2c4 e7e6 h2h3 b8a6 d2d4 f8b4 b1d2 b4d2 e1d2 d8f6 d4d5 a8b8
446,c2c4 d7d5 g2g3 g7g6 c4d5 g8f6 d1c2 c7c6 c2c4 c6c5 c4c5 d8d5
447,a2a4 d7d5 e2e3 e8d7 a1a2 b7b6 f2f4 b8a6 d1e2 d8e8 f4f5 c8b7
448,e2e3 g7g5 b1c3 f8h6 f1d3 e8f8 d3e4 d7d6 a2a4 c8e6 a1a2 g8f6
449,d2d4 f7f6 g2g4 e7e6 d4d5 b8a6 g1f3 g7g6 a2a4 e6e5 b2b4 f6f5
450,g2g3 b7b5 e2e4 h7h6 g3g4 b5b4 e1e2 d7d5 e2f3 c8g4 f3g4 d5e4
451,d2d4 f7f6 c1g5 e7e6 c2c3 f8a3 b1d2 d7d6 d2c4 b8d7 g1f3 d7b8
452,d2d4 g7g6 h2h4 d7d5 g1f3 c7c6 h1g1 d8a5 f3d2 c8g4 b2b4 b8d7
453,e2e3 a7a5 f1b5 b8c6 b2b3 e7e6 d2d4 e8e7 e1e2 b7b6 e2d2 g7g5
454,g2g3 c7c5 c2c4 b7b5 d2d4 h7h6 h2h3 d7d5 e2e4 e8d7 f1d3 h8h7
455,c2c4 b7b6 d2d4 a7a5 d1c2 f7f6 b2b4 a8a7 e1d2 c8a6 f2f3 e7e6
456,c2c4 d7d5 g2g3 h7h5 c4d5 g8f6 g3g4 c7c5 b2b4 h5g4 h2h3 g7g6
457,g2g3 h7h6 e2e3 c7c5 b1a3 g8f6 h2h3 d7d5 h1h2 d8d7 a1b1 d7a4
458,g2g3 f7f5 c2c4 g7g6 f2f4 e8f7 f1h3 d8e8 e2e3 e7e6 d2d4 b7b6
459,d2d4 d7d5 g2g3 h7h5 c2c3 b7b6 c1g5 g8f6 b2b4 h8h6 f2f4 b6b5
460,c2c4 b7b6 d2d4 d7d5 c1g5 a7a6 e1d2 a8a7 b2b3 c8b7 b3b4 e7e6
461,g2g4 f7f5 a2a3 e7e5 d2d4 a7a5 c1g5 a8a6 g5h4 a6d6 c2c4 b7b6
462,d2d4 g8f6 b2b4 d7d5 f2f4 g7g6 g2g3 f8g7 g1f3 c7c6 h2h4 b7b5
463,c2c4 d7d5 g2g4 c8g4 d2d3 c7c5 d3d4 d8c8 b2b4 f7f6 d1c2 h7h6
464,c2c4 b8c6 d2d4 e7e6 h2h3 f8b4 c1d2 a8b8 d2b4 c6b4 h1h2 b4d3
465,d2d4 e7e6 c2c4 f7f6 g2g3 f8b4 d1d2 g7g5 g1f3 g5g4 h1g1 e8f8
466,d2d4 e7e6 e1d2 f7f5 e2e3 g7g6 b2b3 b7b5 g2g3 d7d5 c1b2 c7c6
467,c2c4 h7h6 h2h3 b7b5 d2d4 d7d5 h1h2 b5c4 b2b4 f7f5 c1g5 a7a5
468,c2c4 d7d5 g2g3 a7a6 d1b3 h7h6 c4d5 c7c6 b3b5 c8g4 e1d1 h8h7
469,g2g3 h7h6 d2d4 g7g5 c1g5 a7a5 e1d2 g8f6 b2b3 h6g5 d1e1 d7d5
470,c2c4 h7h6 d2d4 d7d5 h2h3 g8f6 h1h2 g7g5 c1g5 h6g5 g1f3 b8a6
471,b2b3 e7e6 g2g3 h7h5 f2f4 d8f6 e2e3 g7g6 e3e4 e8d8 f1h3 b8a6
472,a2a3 a7a5 d2d4 b8a6 c1g5 e7e6 a1a2 a8a7 b2b4 f8b4 d1d2 f7f6
473,d2d4 g7g6 h2h3 d7d5 g1f3 c7c6 b2b3 b7b5 h1h2 e7e5 g2g4 f8h6
474,d2d4 d7d5 g2g3 h7h6 c2c3 g8f6 f2f4 g7g6 e2e3 c7c6 f1c4 b7b5
475,g2g3 c7c5 f2f4 h7h6 b1a3 d7d5 f4f5 b7b5 a1b1 c5c4 e2e3 d5d4
476,g2g3 f7f5 f1h3 g7g6 d2d4 h7h6 c2c4 b8a6 e1f1 e7e5 d4e5 h6h5
477,b1c3 d7d5 e2e3 e8d7 a1b1 b7b6 e1e2 d7e8 a2a4 c8h3 b2b4 a7a5
478,e2e3 c7c5 g2g3 g7g6 b1a3 d7d5 f2f3 f7f5 d2d4 c5c4 g3g4 e7e6
479,d2d4 e7e6 e1d2 f7f5 b2b4 g7g6 g2g3 e6e5 c2c3 e5e4 a2a4 g8e7
480,f2f3 g7g6 b2b4 e7e5 c2c4 f7f6 d1c2 b8a6 e2e3 g8h6 e1d1 b7b5
481,b1a3 a7a5 a1b1 b8c6 e2e3 d7d6 e3e4 h7h6 g2g4 e7e6 d2d3 e8e7
482,h2h3 d7d5 b1a3 f7f5 e2e3 a7a5 a1b1 g8f6 g2g4 h7h5 f1e2 h8h7
483,d2d4 g7g6 e2e4 a7a6 f2f4 f7f5 e4e5 e7e6 g1f3 h7h6 c2c4 f8c5
484,g2g3 g7g6 f2f4 f7f5 b2b4 h7h5 h2h4 b7b5 h1h3 c7c5 c2c3 d8c7
485,d2d4 a7a6 h2h3 g7g5 c1g5 a6a5 b2b4 h7h6 c2c3 a8a7 d4d5 h6g5
486,e2e3 g7g6 b1c3 d7d5 f1b5 c7c6 f2f4 c8g4 f4f5 g4d1 f5g6 h7g6
487,g2g3 h7h6 f2f4 a7a5 d2d4 a8a7 b2b4 b8a6 d4d5 h8h7 f4f5 a6c5
488,d2d4 b8a6 a2a4 e7e6 e1d2 f7f6 b2b3 a8b8 e2e3 a6b4 d1h5 g7g6
489,c2c4 a7a6 g2g3 b7b6 h2h4 h7h5 b2b4 g7g5 f2f3 d7d5 e1f2 d5d4
490,a2a4 b7b5 d2d4 d7d5 f2f3 c7c6 a4a5 g8h6 e1f2 e8d7 b2b4 d7e8
491,h2h4 e7e5 f2f4 d8e7 c2c4 b8a6 g2g3 e8d8 c4c5 a8b8 b1a3 e5e4
492,d2d4 d7d5 e1d2 g7g5 b2b3 f8g7 e2e3 b7b5 f1b5 c7c6 g1h3 c8h3
493,c2c4 h7h5 d2d4 a7a6 d1a4 c7c6 h2h4 d7d5 g1f3 d8d6 h1h3 d6c7
494,e2e3 b8c6 f2f3 e7e6 g2g3 g7g5 b1a3 a7a5 f1c4 f8c5 e1f2 d7d6
495,h2h3 a7a5 a2a3 a8a7 a1a2 f7f5 f2f4 b8a6 e2e3 c7c5 a3a4 g7g6
496,a2a4 e7e6 g2g3 a7a5 d2d3 e6e5 f2f4 b8c6 d3d4 e5d4 c2c3 g7g5
497,d2d4 b8a6 c2c4 e7e6 c1g5 a8b8 g2g3 f8c5 d4c5 g7g6 e1d2 d8f6
498,c2c4 b8a6 g2g3 e7e6 d2d4 d7d6 d1d2 b7b6 e1d1 d8d7 f2f3 g7g5
499,g2g3 d7d5 d2d4 c8g4 c2c4 a7a6 d1d3 b8c6 c4c5 g4f3 d3b3 h7h5
500,g2g3 h7h5 f2f4 d7d5 e2e3 g8h6 b2b3 b7b5 d1h5 h8h7 d2d4 h6g4
501,a2a4 e7e5 f2f4 g7g5 f4g5 h7h6 b1c3 g8f6 e1f2 h8g8 d2d4 e8e7
502,h2h3 e7e6 g2g3 b8a6 b2b3 f8c5 f2f4 d8e7 e2e3 b7b5 f1c4 e7g5
503,d2d4 b8a6 a2a4 f7f6 e1d2 a8b8 d2e3 a6c5 d4d5 b7b5 g2g4 c5a4
504,h2h4 d7d5 d2d4 c7c6 g1f3 h7h5 h1g1 h8h6 f3h2 g8f6 a2a3 c8g4
505,c2c4 b8c6 d2d4 e7e6 e1d2 f7f5 e2e3 f8c5 g2g4 e8e7 f1h3 d7d5
506,d2d4 e7e6 g2g3 b8a6 c2c4 d7d5 h2h4 f8c5 d4c5 c7c6 f1g2 e8e7
507,d2d4 b8a6 c2c4 d7d5 c1g5 d8d7 b2b3 d5c4 e1d2 a8b8 g5h6 b8a8
508,d2d4 g7g5 c1g5 d7d5 g5d2 e8d7 g2g4 b7b6 d2f4 e7e6 f4c7 f7f5
509,b1a3 b7b5 e2e3 d7d6 e3e4 e8d7 f2f4 c7c6 d2d3 d8c7 e4e5 b5b4
510,d2d4 h7h5 e2e3 g7g6 b1a3 g8f6 e1e2 c7c6 g1f3 d7d5 h2h3 h8g8
511,a2a3 b8a6 d2d3 a6b8 b2b4 d7d5 g2g4 b7b5 h2h4 c8d7 c1f4 d7g4
512,a2a4 d7d5 b1a3 c8g4 f2f4 c7c6 a1a2 a7a6 g1h3 d8d7 h3f2 h7h6
513,g2g3 h7h5 g3g4 g7g6 b2b3 c7c6 g1f3 h5g4 b3b4 f7f5 h2h3 d7d6
514,d2d4 b8a6 a2a3 e7e6 e1d2 f7f5 d2e3 g8h6 a3a4 a6b8 b1a3 d8g5
515,d2d4 e7e6 c1g5 b8a6 c2c3 a8b8 b2b4 f8c5 g2g3 e6e5 d4c5 f7f5
516,h2h3 d7d5 d2d4 b8c6 a2a3 a7a6 c1g5 c8g4 b1d2 h7h6 d2f3 h6g5
517,a2a4 a7a5 h2h3 a8a7 b1a3 b8a6 a1a2 e7e6 d2d3 e8e7 h1h2 h7h6
518,e2e3 g7g5 d1e2 d7d6 b1a3 g5g4 f2f4 f7f5 b2b3 c7c5 c2c4 e7e6
519,c2c4 d7d5 g2g3 f7f6 d1c2 b8a6 f2f3 g7g6 d2d4 b7b5 c4c5 e7e6
520,b1a3 b8a6 a3c4 e7e6 d2d3 f7f5 a2a4 a6c5 e1d2 g7g6 c4e3 d8h4
521,c2c4 g7g5 d2d4 d7d5 g1f3 d5c4 f3g5 a7a6 g2g4 c8g4 f2f4 h7h6
522,c2c4 b7b6 g2g3 g7g6 d2d3 e7e5 g3g4 f7f5 b2b4 d7d5 b1d2 c7c5
523,b1a3 g7g6 h2h4 f7f5 g1f3 e7e5 h1g1 f8h6 b2b4 c7c6 d2d3 d8h4
524,b1c3 d7d5 e2e3 e8d7 f2f3 b7b6 f1b5 c7c6 c3b1 d7e8 b5e2 g7g6
525,c2c4 b8a6 c4c5 d7d5 f2f3 f7f6 b2b4 g7g6 a2a3 b7b5 d1c2 a6b4
526,d2d4 d7d5 c1g5 a7a6 g5c1 h7h5 f2f3 g8f6 b1c3 g7g6 b2b4 g6g5
527,c2c4 b8a6 b2b4 a6b4 g2g4 a8b8 d1c2 f7f5 g4g5 e7e5 a2a3 e5e4
528,f2f3 g7g5 f3f4 g5g4 b1c3 c7c6 g1h3 h7h6 e2e4 d7d5 d1g4 h6h5
529,b2b4 a7a5 c2c4 e7e5 f2f3 f7f5 g2g3 g7g6 h2h3 g8f6 f3f4 h8g8
530,g2g3 b7b5 f2f4 h7h6 e2e4 f7f5 d2d4 h8h7 h2h4 b8a6 f1h3 a6b8
531,d2d4 c7c5 b2b4 b7b5 c1g5 f7f6 h2h3 f6g5 g2g3 c5c4 g1f3 d7d6
532,c2c4 b7b5 d1c2 c7c6 a2a3 d7d5 a1a2 c6c5 e2e4 d5e4 g2g4 e7e5
533,d2d4 e7e6 e1d2 f7f6 d2e1 b7b5 g2g3 d7d6 c2c4 c7c5 d4c5 e6e5
534,e2e3 h7h5 b2b3 g7g6 d1g4 c7c6 g4g6 g8f6 f1c4 f7g6 b1a3 b7b5
535,b1a3 g8f6 e2e3 d7d6 g2g3 h8g8 f2f4 h7h5 d1f3 b7b5 f3a8 e8d7
536,h2h3 d7d5 a2a3 c8g4 h3g4 a7a5 d2d4 b7b6 h1h7 a8a6 c1g5 f7f6
537,d2d4 e7e6 c2c4 b8a6 h2h3 f8c5 d4c5 d8e7 d1d7 e8d7 g2g4 f7f5
538,d2d4 g7g6 c1g5 d7d5 a2a3 e7e6 g1f3 f7f5 c2c3 f8c5 d4c5 d5d4
539,a2a3 e7e5 a1a2 f7f5 h2h3 g7g5 f2f4 g5f4 b2b3 b7b5 e2e3 b5b4
540,c2c4 b7b5 b2b3 f7f6 f2f3 e7e6 e2e3 g7g6 g2g3 b5c4 d2d4 f6f5
541,b2b4 d7d5 c2c4 g7g6 g2g4 c7c5 c4d5 f8h6 h2h4 g8f6 g1f3 b7b5
542,c2c4 g7g6 c4c5 f7f5 h2h3 e7e5 d2d4 f5f4 d4e5 f8c5 a2a4 c5f2
543,d2d4 d7d5 g1f3 e7e6 e1d2 f7f5 g2g4 b7b5 c2c3 g8h6 b2b4 c8d7
544,c2c3 a7a5 d2d4 g7g5 c1g5 a8a7 c3c4 b8a6 g5c1 d7d6 d1d3 h7h5
545,g2g3 b7b5 f2f4 d7d5 d2d4 h7h5 g3g4 e7e6 g1f3 h5g4 f4f5 f7f6
546,c2c4 d7d5 f2f3 c8g4 e2e3 g7g6 d1e2 a7a6 c4c5 h7h6 e2d1 c7c6
547,c2c4 a7a6 d2d4 d7d5 e2e3 e8d7 f2f4 f7f5 d1d3 b7b6 d3d2 e7e6
548,g2g3 d7d5 e2e3 c7c5 f1b5 d8d7 a2a3 g7g6 d2d3 g8f6 a3a4 d7b5
549,b2b4 h7h6 d2d4 e7e5 g2g4 g7g5 d4e5 g8f6 b4b5 c7c6 c2c3 a7a5
550,g2g4 d7d5 d2d4 b7b5 h2h3 c8d7 b2b3 e7e6 b1c3 f7f5 b3b4 f8c5
551,a2a3 a7a5 a3a4 b8c6 d2d4 a8a7 c1g5 c6d4 e1d2 f7f5 b2b3 d4b3
552,g2g3 d7d5 e2e3 g8f6 f2f4 c7c5 f1c4 d5c4 b1a3 c8g4 f4f5 g7g6
553,c2c4 c7c5 f2f3 g7g6 d2d4 d7d5 c4d5 c8g4 b2b4 d8d7 d1c2 e7e6
554,a2a3 h7h6 a1a2 d7d5 h2h3 b7b5 g2g4 c8d7 b1c3 d7g4 h3g4 h6h5
555,g2g3 h7h6 f2f4 f7f5 e1f2 e8f7 h2h4 d8e8 d1e1 d7d5 c2c3 e7e5
556,c2c4 g7g6 g1f3 f7f5 h2h3 b8a6 c4c5 a6c5 a2a4 a7a6 g2g3 h7h5
557,d2d4 g8f6 c1g5 b8c6 c2c4 h7h6 g1h3 a7a5 d1c2 e7e6 h1g1 f6g8
558,c2c4 g7g5 g2g4 g8f6 d2d4 f6g4 c1g5 h7h5 h2h4 d7d5 f1h3 h8g8
559,a2a4 b7b5 b1c3 d7d5 d2d3 f7f6 h2h3 f6f5 g2g3 a7a5 e2e3 h7h6
560,c2c4 b7b5 h2h3 d7d5 c4d5 h7h5 d1c2 h8h7 a2a3 g8f6 e1d1 c8d7
561,g2g3 h7h6 b1a3 a7a5 a1b1 g7g6 e2e4 f7f5 h2h3 e8f7 g1f3 d8e8
562,g2g3 h7h6 e2e4 f7f5 e4e5 c7c5 d2d3 d8c7 d3d4 h6h5 b1a3 g7g6
563,d2d4 a7a5 b2b4 a8a7 c2c3 h7h6 e1d2 e7e6 g2g3 b8c6 d1c2 d8e7
564,c2c4 d7d5 h2h3 h7h6 c4d5 a7a5 d1c2 b8c6 e2e4 a8b8 f1a6 e7e5
565,e2e3 g7g6 g2g3 f7f5 f1a6 e7e5 f2f4 b7b5 h2h4 f8d6 a6c8 d6a3
566,h2h3 d7d5 d2d4 b7b6 b2b4 e8d7 c2c3 c7c5 b4c5 b6c5 d4c5 d8c7
567,e2e3 a7a5 c2c4 g7g6 f2f3 c7c5 e3e4 d7d5 e4d5 g6g5 g2g3 d8b6
568,d2d4 e7e6 c1g5 d7d5 g5f4 c7c5 g2g3 b7b5 b2b4 f7f5 h2h3 c5c4
569,d2d4 f7f6 c1g5 e7e6 c2c3 f6g5 h2h3 b8a6 d4d5 a8b8 h1h2 d8f6
570,g2g3 a7a6 f2f4 c7c6 a2a3 d7d5 a1a2 h7h6 f4f5 b7b5 d2d3 c8f5
571,a2a4 c7c5 b1c3 c5c4 h2h3 g7g6 g1f3 g6g5 f3g5 g8f6 h1g1 d7d5
572,a2a4 e7e5 h2h4 f7f6 d2d4 d7d5 g2g4 e5e4 g1f3 c8g4 c1g5 f8a3
573,a2a4 e7e5 f2f4 f7f6 a1a3 c7c5 c2c4 e5f4 d1c2 d8c7 g2g4 b7b5
574,g2g3 h7h6 e2e3 d7d5 b1a3 h8h7 f1c4 a7a5 f2f4 b8d7 d2d4 f7f5
575,c2c4 e7e6 g2g4 g7g6 h2h3 b8a6 g1f3 f8a3 b2b4 a3b4 c4c5 f7f5
576,d2d4 d7d5 e2e3 e8d7 c2c3 d8e8 b2b3 b7b6 f2f4 f7f5 f1a6 g7g6
577,h2h4 b7b5 f2f4 h7h6 e2e4 f7f5 d1e2 c7c5 e2d3 d8c7 g2g3 g7g6
578,e2e4 f7f5 e4e5 g7g6 g2g4 e7e6 d2d3 d8h4 c2c4 h7h5 g4g5 e8e7
579,c2c4 a7a6 f2f3 d7d5 c4d5 c7c6 g2g3 h7h6 e2e4 d8c7 g3g4 c8g4
580,d2d4 e7e6 c2c4 d7d5 g2g3 d5c4 b2b4 f7f5 c1g5 f8b4 b1d2 g8f6
581,e2e3 d7d6 e3e4 d6d5 g2g4 c7c6 h2h3 c6c5 f2f4 b7b5 d2d3 d8c7
582,d2d4 e7e6 c1h6 g7g5 c2c3 b8a6 h6g5 f8c5 d4c5 a8b8 b2b3 f7f5
583,a2a4 d7d5 d2d4 c8g4 c1d2 b7b6 b1c3 e7e5 d1c1 e8d7 d2g5 f7f6
584,g2g4 b7b5 d2d3 d7d6 e1d2 g7g6 b2b3 c7c5 h2h4 f8h6 d2c3 e7e5
585,c2c3 g7g6 h2h4 f7f5 c3c4 h7h5 f2f4 b8c6 d2d3 e7e6 a2a4 d8g5
586,h2h3 d7d5 b1c3 c8h3 a2a4 e8d7 h1h3 e7e5 b2b3 d7e7 d2d4 b7b5
587,e2e3 g7g6 e3e4 f7f5 e4e5 e8f7 d2d3 d7d5 d3d4 c7c5 f2f3 d8e8
588,a2a3 g7g6 h2h4 h7h6 a3a4 b7b6 b1c3 f7f5 e2e3 c7c5 e1e2 d8c7
589,a2a4 d7d5 a1a3 b7b6 e2e4 d5e4 d2d4 c7c6 c1h6 e7e6 g2g3 g7g6
590,a2a3 d7d5 d2d4 f7f6 c1g5 b7b5 h2h4 f6g5 b1d2 g8h6 d2c4 b5c4
591,d2d4 a7a6 e1d2 a8a7 b2b3 f7f5 e2e3 c7c6 h2h3 f5f4 b1c3 d7d6
592,d2d4 a7a6 b2b4 d7d5 a2a3 h7h5 e1d2 h8h6 d2e3 b8c6 h2h4 b7b5
593,d2d4 e7e6 b2b4 d7d5 g2g3 f8c5 c2c3 b7b6 f1h3 e8d7 e1f1 f7f5
594,h2h4 g7g6 b2b4 f7f5 d2d4 e7e5 d4e5 d8g5 d1d5 g5d2 b1d2 f8e7
595,d2d4 d7d5 e1d2 f7f6 e2e3 e8d7 f2f3 b7b5 b2b3 g7g6 a2a3 e7e6
596,b2b3 e7e6 b3b4 g7g6 a2a4 c7c5 d2d4 h7h5 b4c5 f7f5 h2h4 b7b6
597,d2d4 h7h6 c2c3 a7a5 h2h3 a8a6 c1g5 h6g5 f2f4 a6g6 d1c2 b8a6
598,b1c3 d7d5 e2e3 e8d7 f2f4 e7e6 f4f5 b7b6 g2g3 b8a6 b2b4 a6c5
599,a2a4 d7d5 b1a3 b7b5 g2g3 g7g6 f2f4 g8f6 a4b5 h7h5 e2e4 h8h7
600,d2d4 g7g5 c1g5 d7d5 a2a3 f7f6 c2c3 b7b5 b2b4 f6g5 g1f3 b8a6
601,d2d4 a7a6 c1g5 c7c5 h2h3 c5d4 b2b4 d8c7 c2c3 a8a7 d1c1 f7f6
602,d2d4 d7d5 a2a3 e8d7 c1g5 b7b6 b1c3 a7a5 h2h4 b8a6 h1h3 a6c5
603,g2g3 g7g5 f2f4 c7c5 e2e4 d7d5 f1b5 b8d7 b1c3 d5e4 f4g5 d8c7
604,d2d4 a7a6 c1g5 g7g6 e2e4 d7d5 f2f3 h7h6 f1c4 h6g5 e1f2 h8h6
605,g2g3 d7d5 e2e3 g8f6 f2f3 h7h6 b1a3 b7b5 f1b5 c7c6 b5c4 d8d6
606,c2c3 b8a6 d1c2 a8b8 a2a4 e7e6 d2d3 d7d5 g2g3 e6e5 d3d4 f7f6
607,c2c4 d7d5 c4d5 c8g4 f2f3 c7c6 a2a3 h7h5 a1a2 h8h6 d1c2 g4f3
608,a2a4 e7e5 f2f4 f7f6 b1a3 g7g5 e1f2 g5g4 g2g3 e8e7 d1e1 e7e6
609,d2d4 e7e6 c2c4 g7g6 g1h3 f7f6 c4c5 f8c5 h3g5 c5b4 b1d2 f6g5
610,d2d4 e7e6 c1g5 b8a6 e1d2 f7f6 a2a4 f8c5 d4c5 e6e5 d2e3 a8b8
611,a2a4 b7b5 b1a3 d7d6 a1a2 e8d7 c2c3 d8e8 f2f4 c7c5 a3b1 g7g6
612,a2a4 b7b5 h2h3 g7g5 e2e4 d7d6 f2f4 c7c5 a1a2 h7h6 f1b5 b8d7
613,b2b4 d7d5 d2d4 c7c6 e1d2 c8g4 b1c3 b7b5 d2e3 a7a5 e3f4 e8d7
614,b2b4 d7d5 c2c4 e8d7 f2f3 d7d6 d1c2 h7h6 c2b3 b7b5 c1b2 c8g4
615,h2h4 d7d5 d2d4 e8d7 g1f3 b7b6 h1h3 c7c5 g2g3 a7a6 d4c5 b6c5
616,e2e3 b7b5 f2f3 g7g6 g2g4 h7h5 e3e4 d7d6 f3f4 c8b7 f1h3 b7e4
617,d2d4 e7e6 d1d2 g8h6 b1a3 g7g6 e1d1 d8e7 g2g4 f7f6 d4d5 h6g4
618,d2d4 d7d5 e1d2 e8d7 f2f3 f7f6 b2b3 b7b5 d1e1 c7c5 a2a4 g7g6
619,g2g3 h7h6 e2e3 g7g6 f2f4 f7f5 f1a6 c7c5 h2h3 b7b5 e1f2 d8c7
620,b1a3 b8a6 d2d4 f7f5 b2b4 e7e6 a3b1 d8f6 h2h3 f6g5 a2a4 a6b8
621,b2b4 d7d5 e2e3 e8d7 d2d4 b8c6 e1e2 b7b5 c1a3 c8a6 c2c3 a6b7
622,d2d4 a7a6 b2b4 h7h6 c1g5 a8a7 h2h3 f7f5 g5f4 g7g5 f4g5 f5f4
623,d2d4 e7e6 c1g5 g8h6 e1d2 f7f6 a2a4 c7c5 a4a5 d8c7 d2e1 b7b5
624,d2d4 e7e6 e1d2 f7f5 a2a4 g8h6 b1c3 h6g8 d1e1 f8c5 d4c5 g7g6
625,d2d4 a7a6 f2f3 g7g5 b2b4 a8a7 c2c4 e7e6 d1c2 b8c6 c4c5 d7d5
626,g2g3 a7a5 c2c4 b8a6 d2d4 a8a7 g1f3 f7f5 b2b3 h7h6 h2h4 g7g6
627,h2h3 g7g6 a2a4 e7e5 d2d4 f7f5 d4e5 d7d5 c2c4 f5f4 c1f4 a7a6
628,b1c3 d7d5 g1h3 d8d7 a2a4 d7g4 a1a2 g4e4 e2e3 b7b6 h3g1 a7a5
629,b2b4 a7a6 d2d4 d7d5 c2c4 c8g4 g2g3 h7h6 f2f3 b8c6 f3g4 g7g6
630,b2b4 b7b5 d2d4 e7e6 c2c3 a7a5 c1g5 b8a6 d1c2 a8a7 g5d8 f7f6
631,b2b4 d7d5 e2e3 g7g6 f2f3 h7h5 c2c4 g8f6 e3e4 d5c4 d1b3 c7c6
632,b1c3 e7e5 e2e3 g7g6 e1e2 g8f6 c3d5 c7c6 d5f6 e8e7 d2d3 e5e4
633,d2d4 g7g6 h2h4 e7e6 b2b3 d8h4 h1h3 h4f2 e1d2 g6g5 a2a3 f7f6
634,a2a4 f7f5 g2g3 g7g6 f2f4 h7h5 b1a3 b7b5 e1f2 d7d5 d1e1 g8f6
635,a2a3 d7d5 c2c3 g7g5 d2d4 f7f6 c1g5 f6g5 h2h4 g8f6 d1d2 h7h5
636,e2e3 f7f6 g2g3 b7b5 f2f4 c7c5 d2d4 d8c7 d4d5 b8c6 f1h3 a7a6
637,e2e3 d7d5 g2g3 c7c6 e1e2 a7a5 b2b3 a5a4 f2f3 g7g6 a2a3 g8f6
638,c2c4 g7g6 a2a3 f7f5 a1a2 e7e5 d1c2 f8a3 f2f4 e8f7 b2a3 g8f6
639,a2a4 c7c5 b1c3 b7b5 a1a2 d8c7 e2e4 c5c4 a4b5 h7h5 a2a1 a7a6
640,d2d4 d7d5 d1d3 c8g4 f2f3 b7b6 d3h7 b8c6 e1d2 b6b5 b2b3 g7g6
641,c2c4 h7h6 d2d4 d7d5 f2f3 a7a6 b2b4 d5c4 g2g3 c8g4 d1c2 g7g5
642,a2a4 c7c5 g2g4 d7d5 a1a2 c8g4 d2d3 g4h3 b1d2 h3g2 f2f3 d8b6
643,g2g3 b7b5 e2e4 e7e5 f2f4 f7f5 d1e2 d7d5 f1h3 d5e4 e2g4 e5f4
644,h2h3 h7h5 b2b4 d7d5 h3h4 d8d7 g2g4 h5g4 g1f3 b7b5 d2d4 g4f3
645,d2d4 g7g5 c1g5 d7d5 c2c4 a7a6 a2a3 b8d7 d1c2 a8a7 a1a2 e7e5
646,c2c3 c7c5 d2d4 e7e6 g2g3 f7f6 d1d3 e6e5 d4e5 d8c7 d3g6 e8d8
647,d2d4 e7e6 g2g3 d7d5 e1d2 b7b6 b1c3 e8e7 d1e1 f7f5 b2b4 c8d7
648,d2d4 e7e6 a2a4 f7f5 c1g5 d8g5 c2c4 f5f4 g2g3 g7g6 h2h4 a7a5
649,e2e3 f7f5 c2c4 g7g6 f2f3 d7d5 g2g3 d5c4 d1c2 e7e5 f1c4 h7h5
650,a2a4 e7e6 b1c3 g7g6 g1f3 b7b6 g2g3 d8h4 a1a2 e8e7 h1g1 h4f6
651,e2e3 e7e6 d1h5 g7g6 e1e2 d8h4 b1c3 f8a3 g2g3 a7a6 c3b5 a6a5
652,b2b4 b8c6 d2d4 a7a5 b4a5 e7e6 e1d2 f7f6 e2e3 f8c5 g2g3 b7b6
653,d2d4 e7e6 c2c4 a7a5 g2g3 f7f6 h2h4 f6f5 c1g5 f8b4 b1d2 a8a6
654,d2d4 g7g6 c2c4 f7f5 f2f3 e7e5 d1d3 h7h5 d4e5 d7d6 d3b3 f8g7
655,h2h3 b7b5 d2d3 f7f5 b2b4 d7d5 g2g4 g8h6 e2e3 h6g4 h3g4 f5g4
656,c2c4 a7a6 d1c2 d7d5 c4d5 c8g4 f2f3 h7h5 f3g4 h8h7 c2e4 c7c6
657,e2e3 d7d5 b1a3 e8d7 f2f4 c7c6 g2g3 b7b6 g1e2 g7g6 h2h3 d8e8
658,a2a4 d7d5 b1a3 e8d7 a1a2 b7b6 f2f3 f7f6 c2c3 e7e5 a4a5 d7e6
659,b2b4 g7g6 d2d4 f7f5 h2h4 e7e5 g2g4 e5d4 g1f3 d7d6 b4b5 g8f6
660,a2a4 d7d5 b1a3 b7b6 h2h4 e8d7 a3c4 d5c4 f2f4 a7a6 g2g3 a6a5
661,h2h3 e7e6 g2g3 b8c6 f2f4 e8e7 b2b4 a7a5 c2c4 g8f6 d1c2 d7d5
662,d2d4 a7a6 c1g5 d7d5 f2f3 g7g6 e2e4 d5e4 f3e4 f7f5 g2g4 e7e6
663,g2g3 b7b5 f2f4 c7c5 d2d4 f7f6 h2h4 d8c7 d4c5 g7g5 f4g5 d7d6
664,f2f3 h7h6 b2b4 g7g5 d2d3 d7d6 c2c4 a7a5 d1c2 a8a7 h2h4 b8c6
665,d2d4 f7f6 c1g5 f6g5 f2f4 e7e6 f4g5 f8c5 d4c5 a7a6 b2b4 e6e5
666,g2g3 a7a5 b2b4 g7g5 f2f4 g5g4 h2h3 h7h5 d2d4 b8a6 e2e4 g8f6
667,a2a4 b7b5 b1c3 d7d5 e2e4 g8f6 f1b5 c8d7 f2f4 h7h5 c3b1 d5e4
668,b1c3 d7d5 e2e3 d5d4 a1b1 h7h5 d1h5 h8h5 e1e2 c8g4 f2f3 g4f5
669,d2d4 d7d5 d1d2 a7a6 f2f3 b8d7 e2e3 f7f5 d2b4 b7b6 b1a3 g7g6
670,a2a4 f7f5 b1c3 e7e5 f2f4 g7g6 a1b1 e5e4 e1f2 b7b6 f2e3 c7c6
671,e2e3 g7g6 g2g3 h7h6 f2f4 f7f5 b1a3 b7b5 a1b1 a7a5 a3c4 f8g7
672,a2a4 d7d5 b1a3 b7b5 h2h3 h7h5 a1a2 h8h6 d2d3 c7c5 h3h4 g8f6
673,d2d4 g7g6 g1f3 f7f5 f3g5 d7d5 f2f4 b7b5 b2b4 h7h6 c1d2 c7c6
674,b2b4 a7a6 f2f3 a6a5 d2d4 b8a6 g2g3 f7f5 c2c4 e7e6 e1f2 f8c5
675,f2f3 h7h6 c2c4 a7a5 d2d4 b8a6 b2b4 a8b8 e1f2 h8h7 d1b3 e7e6
676,e2e3 g7g6 b2b4 d7d6 f2f3 g6g5 c2c4 c8g4 d1c2 b7b5 c2b3 f7f6
677,a2a4 e7e6 b1c3 g7g5 e2e4 e8e7 e1e2 d7d6 c3b1 e6e5 h2h3 f7f6
678,g2g3 a7a5 f2f4 h7h6 e2e4 b8c6 g1f3 c6b4 f3d4 b4d3 e1e2 d3c5
679,h2h3 d7d5 e2e3 c7c5 b2b3 g8f6 f1b5 d8d7 f2f4 c5c4 b3c4 d5c4
680,e2e3 e7e6 f1a6 g8h6 a2a3 g7g6 b1c3 h6g4 a3a4 f8a3 a1a2 d7d6
681,b1c3 b7b5 a2a4 d7d6 g2g4 c8g4 a1a2 b5b4 f2f3 e8d7 f3f4 e7e5
682,d2d4 d7d5 c1g5 f7f6 b1a3 b7b5 a3c4 b5c4 g2g4 f6g5 e2e3 g7g6
683,f2f4 a7a5 a2a3 b8a6 a3a4 h7h6 g2g3 h8h7 e2e3 f7f5 b1c3 a8a7
684,h2h3 d7d5 b2b3 b7b5 b3b4 h7h5 b1a3 c8g4 a1b1 h8h6 e2e4 g8f6
685,c2c4 e7e5 f2f3 f7f6 g2g4 g7g5 d1c2 f6f5 a2a3 b8c6 a1a2 e8f7
686,g2g3 h7h6 e2e3 c7c6 f2f3 d7d5 f1c4 g7g6 c4b5 h6h5 d2d3 d8c7
687,d2d4 e7e6 g2g3 f8c5 c2c4 c5d4 f2f3 g7g6 h2h4 c7c5 f3f4 d7d6
688,a2a4 d7d5 b1a3 h7h6 f2f3 e8d7 a1a2 a7a5 b2b3 a8a6 d2d4 b7b6
689,h2h3 d7d5 f2f4 h7h6 f4f5 b7b6 e2e4 d5e4 f1e2 c7c6 c2c4 e7e6
690,a2a3 b8a6 b1c3 a8b8 a3a4 e7e6 e2e3 g7g5 e1e2 h7h6 c3e4 g5g4
691,b2b4 g7g6 f2f3 b7b5 d2d3 f7f5 h2h3 e7e5 h1h2 g6g5 d3d4 d7d5
692,g2g4 a7a5 d2d4 b8c6 g4g5 e7e6 b2b4 c6e7 h2h4 e7g6 h1h3 a8b8
693,c2c4 f7f6 d1b3 e7e5 g2g4 f6f5 f2f4 d8g5 e2e3 e8e7 a2a4 e7f7
694,a2a3 g7g6 h2h4 f7f5 d2d4 a7a6 h1h3 a8a7 d1d2 g6g5 c2c3 g5g4
695,e2e3 g7g5 b1a3 f8g7 d1h5 g8h6 f2f4 a7a6 h5f3 b8c6 f1c4 a6a5
696,g2g4 a7a5 d2d3 b8c6 b2b4 g7g5 b4b5 a8a6 e1d2 d7d6 c2c3 c6e5
697,f2f4 e7e6 e2e4 f7f5 g2g3 g7g6 h2h3 h7h6 e1f2 h6h5 e4e5 e8f7
698,c2c4 g8h6 g2g4 h6g4 h2h3 d7d5 c4d5 h7h5 h3g4 c7c5 h1h3 h8h7
699,a2a3 g8h6 d2d4 d7d5 f2f4 g7g6 b2b3 b7b5 b3b4 h6g4 c2c4 f8g7
700,d2d4 f7f6 a2a3 d7d5 a1a2 b7b5 f2f3 c7c5 b1d2 b5b4 d2c4 d8c7
701,g2g3 h7h6 g1f3 d7d5 a2a3 g8f6 c2c4 b7b5 e2e3 a7a6 a1a2 b5c4
702,a2a4 d7d5 b1c3 e8d7 a1a2 b7b6 c3d5 e7e6 f2f4 a7a5 d5b6 c7b6
703,g1h3 f7f5 h3g1 e7e5 f2f4 h7h6 a2a3 e5e4 a1a2 c7c6 b2b4 a7a5
704,d2d4 d7d5 f2f4 c7c6 f4f5 e7e6 c2c4 d5c4 g1f3 g7g5 a2a3 a7a6
705,g2g4 g7g6 e2e4 f7f5 f2f4 e7e6 g4g5 h7h6 f1a6 c7c5 b1a3 h6g5
706,d2d4 e7e6 e1d2 f7f5 a2a4 g7g6 b1a3 d8e7 e2e3 e7h4 h2h3 d7d5
707,d2d4 e7e6 c1e3 f7f5 c2c3 f8c5 e3g5 g7g6 h2h3 f5f4 d4c5 e6e5
708,g2g3 g7g6 f2f4 f7f5 e1f2 e7e6 a2a4 d7d5 b1a3 b7b5 f2f3 d5d4
709,a2a4 b7b5 d2d4 d7d5 a4a5 h7h5 b1c3 b8c6 c1g5 g8f6 g5f6 g7g5
710,g2g3 a7a5 d2d4 g8f6 c2c4 d7d5 g1f3 b7b5 b2b4 h8g8 f3g1 h7h5
711,b2b4 e7e5 d2d4 f7f5 d4e5 g7g5 c2c3 b8a6 h2h3 a6b8 b4b5 f8g7
712,b2b4 e7e5 f2f4 g7g5 f4g5 f7f6 e2e4 f6g5 g2g4 d7d6 g1f3 e8e7
713,g2g3 h7h6 f2f4 f7f5 a2a3 a7a5 c2c4 d7d5 d1b3 g7g5 b3f3 e7e6
714,d2d4 f7f6 f2f4 b8a6 e2e4 f6f5 h2h3 e7e6 d4d5 g7g6 g2g3 a6c5
715,g1f3 d7d5 d2d4 c8g4 g2g3 h7h5 h1g1 d8c8 b2b4 g8f6 g1h1 c7c6
716,a2a4 c7c5 b1c3 e7e6 e2e3 f7f6 g2g3 b7b5 a4b5 g7g6 f1c4 d8c7
717,b2b4 e7e5 d2d4 f7f5 d4e5 f8d6 h2h3 f5f4 e5e6 d6e5 g2g4 b7b5
718,c2c4 b7b5 d2d4 f7f6 f2f3 a7a5 c1g5 b8a6 d1c1 e7e6 d4d5 a8a7
719,d2d4 b7b6 c1g5 c8a6 h2h3 d7d5 c2c4 e7e6 b2b4 f8b4 b1d2 d8g5
720,d2d4 b8c6 a2a3 d7d5 b1c3 e7e6 a3a4 f7f6 g2g3 c6e5 d4e5 a8b8
721,f2f4 d7d5 f4f5 a7a6 d2d4 h7h6 b1a3 b8d7 e2e4 a8a7 a3c4 f7f6
722,g2g3 g7g6 f2f4 f7f5 e1f2 e8f7 d1e1 a7a5 g3g4 f8h6 g4g5 a8a6
723,b1c3 e7e6 g1h3 e8e7 a2a3 e6e5 d2d4 g7g6 d4e5 f7f6 g2g4 c7c5
724,b1c3 d7d5 a2a4 g7g6 c3e4 c7c5 a1a2 d8c7 e4c5 b7b5 f2f3 c7h2
725,e2e4 d7d5 f2f4 c7c5 f1c4 d5e4 d2d4 f7f5 e1f1 b7b5 c4d5 c5d4
726,e2e3 c7c5 b1a3 d7d5 f1b5 d8d7 a3b1 g8f6 f2f3 h8g8 g2g4 h7h5
727,c2c4 e7e5 d1c2 b8c6 f2f3 e8e7 e2e4 g7g5 f3f4 h7h6 g2g3 g5g4
728,b2b4 c7c5 b1c3 h7h6 h2h3 c5b4 e2e4 d7d5 e1e2 h6h5 a2a4 g7g6
729,c2c4 a7a6 d2d4 d7d5 g1f3 b8c6 b2b4 c8g4 e2e3 h7h6 b4b5 e7e6
730,d2d4 e7e6 c1g5 b8a6 c2c3 a8b8 e2e3 h7h6 g2g3 g7g6 e1e2 d8e7
731,c2c4 a7a6 e2e4 a8a7 g1f3 c7c5 b1a3 d8b6 g2g3 b6b4 f3g5 b8c6
732,a2a4 c7c5 b1c3 e7e6 g2g3 f7f6 f2f4 e6e5 h2h3 b7b5 e2e4 b5b4
733,d2d4 d7d5 c1g5 f7f6 f2f4 c8e6 e2e4 b8d7 b1a3 a8b8 a1b1 c7c5
734,d2d4 d7d5 b1a3 e8d7 c2c3 b7b6 b2b4 e7e6 g2g3 f8b4 g1f3 f7f6
735,d2d4 f7f6 c1g5 f6g5 c2c4 d7d5 c4c5 b7b5 b1d2 g7g6 g2g4 c8f5
736,d2d4 f7f6 h2h3 e7e6 c1g5 d7d5 c2c4 b7b6 c4d5 e6d5 b1c3 b8c6
737,d2d4 e7e6 g2g3 f8c5 c2c4 e6e5 f2f4 c5b4 b1d2 e5e4 c4c5 f7f5
738,a2a4 f7f5 b1c3 e7e5 h2h3 g8f6 c3a2 g7g6 f2f4 c7c5 g2g3 e5f4
739,c2c4 b7b5 f2f3 d7d5 c4d5 g7g5 h2h4 a7a6 e2e4 c7c6 d1c2 d8d5
740,d2d4 e7e6 g2g3 f7f6 b2b4 g7g5 a2a4 g5g4 e1d2 e6e5 e2e3 h7h5
741,d2d4 d7d5 c1g5 b7b5 b1d2 g7g6 d2c4 b5c4 a2a3 b8a6 g1f3 f7f5
742,d2d4 d7d5 c1g5 d8d7 h2h3 d7d8 a2a3 h7h5 h3h4 b8d7 a3a4 a7a6
743,c2c4 a7a6 e2e3 d7d5 f2f3 g8h6 e3e4 c8g4 d1c2 d5d4 b1a3 d8c8
744,c2c4 a7a6 f2f3 b8c6 b2b3 f7f5 g2g3 b7b5 h2h3 b5c4 b3b4 c6d4
745,d2d4 e7e6 e1d2 f7f5 a2a4 f8c5 a4a5 g7g6 b2b3 e6e5 d4c5 f5f4
746,g2g3 b7b5 f2f4 h7h6 c2c3 h8h7 e1f2 d7d5 b2b4 a7a5 f4f5 b8c6
747,d2d4 b8c6 e1d2 b7b5 d2e3 d7d5 e3f3 f7f6 b2b4 c6e5 f3g3 c8b7
748,c2c4 d7d5 c4d5 a7a5 g2g3 c8g4 d1c2 b8d7 c2b3 h7h5 b3b4 g4f3
749,d2d4 d7d5 a2a3 f7f6 c1g5 f6g5 b2b4 b8a6 a1a2 e7e5 c2c3 a8b8
750,b2b4 e7e5 h2h4 e8e7 d2d4 b7b5 c2c3 g8f6 g1f3 d7d6 h1h2 e5e4
751,a2a3 d7d5 d2d4 f7f5 e2e3 g8f6 a1a2 b7b5 b1d2 g7g6 f2f4 b5b4
752,c2c4 a7a6 d1c2 d7d5 c2e4 g8h6 b2b4 c8g4 f2f3 d5c4 e4c4 a8a7
753,a2a3 h7h5 b1c3 d7d5 g2g4 g8h6 d2d4 h6g4 c1f4 b7b5 b2b4 g4f6
754,a2a4 d7d5 e2e3 h7h6 b1c3 b7b5 h2h3 a7a5 f1e2 c8h3 g1h3 b8c6
755,g2g3 a7a5 c2c4 b8a6 d2d4 f7f5 h2h3 g7g6 a2a4 a8a7 b2b3 e7e6
756,d2d4 h7h6 a2a4 d7d5 f2f3 c8g4 a4a5 g7g5 f3g4 b8c6 b1c3 b7b6
757,d2d4 d7d5 c1g5 g7g6 a2a4 b7b6 a4a5 e8d7 e1d2 f7f6 b2b4 c8a6
758,h2h3 b8a6 e2e3 d7d5 d1e2 a6c5 b1a3 a7a5 f2f3 e7e6 g2g4 d8h4
759,e2e3 g7g6 b2b4 e7e5 d2d4 g8f6 f2f3 f8d6 b1a3 d6f8 f1c4 g6g5
760,g2g3 h7h6 e2e3 g7g6 h2h3 b7b6 f1a6 c7c6 e3e4 f7f5 f2f4 e8f7
761,g2g3 d7d5 e2e3 h7h5 h2h4 a7a6 d2d4 c7c6 b1a3 c8g4 f2f4 g7g6
762,a2a4 c7c5 e2e4 d7d5 f2f3 g7g5 f1b5 d8d7 d2d3 d5e4 c2c4 e7e5
763,c2c4 d7d5 g2g3 a7a6 c4d5 c7c6 h2h4 h7h6 d1c2 c8g4 h1h3 b8d7
764,h2h3 b7b5 g1f3 d7d5 b2b4 c8g4 d2d3 a7a6 h3g4 a8a7 f3g5 e7e6
765,b2b4 g8h6 c2c4 d7d5 g2g4 h6g4 f2f3 a7a6 e2e3 d5c4 e3e4 a8a7
766,d2d4 e7e6 a2a4 d7d5 c1e3 b7b6 e1d2 e8d7 e3g5 b6b5 a4a5 f7f6
767,b2b4 a7a6 e2e4 b8c6 g2g3 a6a5 a2a4 e7e6 f2f4 e8e7 f1a6 a5b4
768,d2d4 f7f6 c1h6 e7e6 e1d2 c7c5 d4c5 e6e5 g2g4 b8c6 h2h4 d8c7
769,e2e4 f7f5 h2h3 f5e4 g2g3 h7h6 c2c3 g8f6 b2b3 f6h7 d2d4 b7b5
770,c2c4 e7e5 e2e3 f7f6 f2f3 g7g5 b2b4 b7b5 g2g3 b5c4 d2d3 f8b4
771,b1c3 d7d5 a2a3 c7c6 a3a4 g7g5 a1a2 c6c5 e2e4 d5e4 g1e2 d8d3
772,d2d4 d7d5 f2f3 g7g5 c1g5 b7b5 a2a3 f7f6 a1a2 f6g5 b1d2 b5b4
773,e2e3 g7g6 f1c4 h7h5 e3e4 f7f5 e4e5 h8h6 e1e2 b8c6 a2a4 a7a5
774,d2d4 b8c6 g1f3 b7b5 b2b4 c6d4 a2a3 d4f3 e2f3 c8b7 b1d2 a8b8
775,b2b4 d7d5 e2e3 h7h5 d2d4 g8f6 e1e2 b8a6 b1a3 c7c6 h2h3 h8g8
776,b2b4 g7g6 h2h3 d7d6 d2d4 b7b6 c2c3 b8a6 d1a4 b6b5 c1h6 e7e6
777,g2g4 d7d5 c2c4 a7a6 c4d5 c8g4 d1c2 c7c6 f2f3 f7f5 d5c6 d8d4
778,h2h3 c7c6 d2d4 d7d5 a2a3 h7h5 c2c3 g8f6 a1a2 h8g8 f2f4 b8d7
779,g2g3 h7h6 g3g4 f7f5 c2c4 f5g4 h2h3 g8f6 e2e3 d7d5 d2d3 d5c4
780,e2e3 f7f6 b1c3 e7e6 h2h3 f8a3 f1a6 d7d5 g2g3 b7b6 f2f4 a3c5
781,g2g4 g7g5 c2c4 g8f6 d1c2 f6g4 g1f3 f7f6 c2g6 h7g6 h2h4 c7c5
782,d2d4 e7e6 e1d2 f7f6 b1c3 e8e7 f2f3 b7b5 d2e3 d7d5 c3d5 e7d7
783,h2h3 d7d5 d2d4 a7a5 b2b4 a5a4 c2c3 b8c6 e1d2 d8d6 e2e3 c8g4
784,b2b4 b7b5 f2f3 e7e6 c2c4 g7g5 d1c2 f7f6 e1d1 h7h5 a2a4 e8e7
785,b2b4 d7d5 f2f3 c8g4 a2a3 h7h6 f3g4 b8c6 d2d4 b7b5 e2e3 f7f6
786,g2g3 f7f5 a2a4 e7e5 f2f4 g7g5 f4e5 g5g4 h2h3 h7h6 b1c3 b7b6
787,d2d4 e7e6 e1d2 d8e7 g1h3 f7f5 d1e1 g7g6 h3g1 f5f4 e1d1 d7d5
788,b1c3 d7d5 a2a4 a7a6 e2e3 e8d7 e1e2 b8c6 d1e1 d7e8 g1f3 c8h3
789,b2b4 b7b5 c1b2 d7d5 e2e3 e7e5 f1b5 e8e7 b5f1 c8h3 f2f3 g8h6
790,c2c4 b7b5 d1c2 d7d5 c4d5 a7a6 f2f3 b8c6 e2e4 g7g5 g2g4 g8h6
791,a2a4 d7d5 d2d4 e7e6 e1d2 f7f6 b1c3 b7b5 b2b3 e8e7 h2h3 c8a6
792,h2h3 d7d5 b1a3 c7c5 a1b1 d8c7 e2e3 b7b6 f2f4 a7a6 f1b5 e8d8
793,c2c4 g7g6 f2f3 f7f5 h2h3 b8a6 h1h2 e7e5 d2d4 f8d6 d4e5 f5f4
794,a2a4 c7c5 b1c3 d8b6 h2h3 d7d5 b2b3 a7a6 d2d4 h7h5 a4a5 h8h6
795,g2g3 g7g6 f2f4 f7f5 h2h3 h7h6 e1f2 e7e5 g1f3 b7b5 e2e4 b5b4
796,b2b3 e7e6 g2g3 g7g6 b3b4 e6e5 e2e3 f7f5 h2h3 e5e4 e1e2 c7c5
797,a2a4 c7c5 d2d4 d7d5 a4a5 g7g6 h2h4 b7b5 g1f3 b8a6 h1h2 f7f5
798,d2d4 g7g6 h2h4 d7d5 g1f3 g6g5 g2g4 f7f5 f3e5 h7h5 c2c4 a7a6
799,h2h3 d7d5 b1a3 c8g4 h3g4 e7e6 g2g3 d8c8 a1b1 c8d8 d2d4 b7b6
800,b1c3 b7b5 b2b4 g7g5 h2h4 d7d6 h4g5 h7h6 f2f4 g8f6 d2d4 h6g5
801,a2a3 d7d5 d2d4 c8g4 f2f3 e7e5 c2c4 f7f6 c4c5 b8d7 a1a2 g4h5
802,a2a4 a7a5 c2c3 a8a7 g2g3 b8c6 g1f3 b7b5 d2d4 d7d6 c3c4 f7f6
803,d2d4 b8a6 e1d2 f7f6 b2b3 c7c5 d4c5 d8c7 c5c6 a6b8 a2a3 d7d6
804,a2a4 d7d5 b1a3 c7c5 e2e3 h7h6 f1b5 d8d7 b2b3 c5c4 g1h3 d7b5
805,b2b4 d7d5 d2d4 h7h5 b1a3 c8g4 f2f3 c7c6 f3g4 h8h6 a3c4 d8d7
806,d2d4 e7e6 g2g3 b8a6 e1d2 a8b8 b2b3 d8e7 e2e3 g8h6 h2h3 e8d8
807,e2e3 b8c6 f1a6 e7e6 e1e2 d8h4 d2d3 h4g4 g1f3 e8e7 a2a4 b7a6
808,d2d4 e7e6 g2g3 f7f6 f2f4 f8c5 g1f3 c5b4 b1c3 b8c6 d1d2 a7a5
809,d2d4 g7g6 c1g5 c7c5 c2c4 c5d4 h2h4 a7a6 g1f3 d8c7 a2a3 e7e5
810,f2f3 g7g5 f3f4 g5g4 e2e4 f7f5 b1c3 h7h6 h2h3 e7e6 f1c4 b7b5
811,d2d4 e7e6 e1d2 f7f6 e2e3 b7b6 a2a3 c7c5 f2f3 b6b5 b2b3 g7g6
812,d2d4 g7g6 g1f3 f7f5 h2h3 e7e6 c2c4 f8b4 d1d2 d7d5 e1d1 f5f4
813,f2f4 h7h6 e2e4 b8c6 g2g4 f7f5 f1a6 f5g4 h2h3 d7d5 e4d5 a8b8
814,d2d4 b8a6 a2a3 e7e6 e1d2 f7f5 b2b3 f8b4 b1c3 b4c3 d2c3 d8e7
815,e2e3 g7g6 b1c3 d7d5 f1c4 c7c6 h2h3 d5c4 e3e4 d8c7 h3h4 e8d7
816,d2d4 e7e6 c1g5 b8a6 e1d2 a8b8 g5e7 f8e7 a2a4 g7g6 b1c3 f7f6
817,a2a4 b7b6 b1c3 d7d5 a1a2 e8d7 f2f3 d7e6 f3f4 c7c6 c3d5 g7g6
818,g1f3 a7a6 g2g3 d7d5 e2e4 b7b5 e4d5 d8d7 c2c4 b5c4 f1c4 f7f6
819,b2b3 b7b6 e2e3 f7f5 d2d4 e8f7 a2a3 g7g6 e1d2 b8a6 a3a4 d8e8
820,c2c4 d7d5 g2g3 a7a6 c4d5 c8g4 d5d6 h7h5 d6e7 c7c6 g1f3 g4f3
821,d2d4 e7e6 g2g3 d7d5 e1d2 f8b4 c2c3 h7h6 f1g2 c7c5 b2b3 g7g5
822,g2g3 h7h6 e2e3 a7a6 f1c4 b7b5 b1a3 d7d5 e3e4 c8f5 a1b1 f5g4
823,a2a4 e7e5 e2e3 f7f5 b1c3 f8a3 e1e2 g7g6 d1e1 c7c6 b2a3 e5e4
824,b2b4 g7g6 c2c4 f7f5 h2h3 f8g7 b4b5 h7h6 f2f3 e7e5 d1c2 g7f8
825,b2b4 e7e5 d2d4 f7f6 g2g4 a7a6 c2c4 f8b4 d1d2 g7g5 d4e5 b4e7
826,b2b4 g7g6 f2f3 f7f5 c2c4 e8f7 d1b3 d8e8 e1d1 b8a6 c4c5 f7f6
827,h2h4 b7b5 g2g3 d7d5 f2f4 h7h6 e2e4 c8g4 d2d3 c7c6 d1f3 d8d6
828,b2b4 d7d5 b1a3 g7g5 d2d4 f7f5 c2c3 g8f6 a3c4 c7c5 a1b1 e7e5
829,g2g3 h7h6 b2b4 f7f5 b1a3 a7a5 a1b1 e7e5 f2f4 e8e7 e2e4 b8a6
830,d2d4 h7h6 c1g5 h6g5 a2a3 b8a6 c2c4 a8b8 c4c5 g7g6 e1d2 e7e6
831,d2d4 e7e6 c1g5 d7d5 g5c1 b7b5 e1d2 f7f5 b2b3 g7g6 b1a3 f5f4
832,b1c3 d7d5 a2a4 g7g6 g2g3 c7c6 d2d3 f7f5 d1d2 e8d7 a1a2 d8c7
833,e2e3 c7c5 f1b5 g7g6 g2g3 g8f6 e3e4 f8h6 f2f4 h8g8 b2b3 d8c7
834,g2g3 g7g6 h2h3 h7h6 b2b4 e7e5 f2f4 d7d5 g1f3 g8f6 e2e4 f6h5
835,b1c3 d7d5 e2e3 c8g4 a2a3 h7h6 a3a4 c7c6 a1a2 e7e6 f2f3 b7b6
836,g2g3 e7e6 c2c4 f7f6 g1f3 e6e5 f3e5 g8h6 f2f4 h6f5 d2d4 g7g5
837,a2a4 c7c5 a1a2 d7d5 f2f4 h7h5 f4f5 g8f6 d2d4 g7g6 b1d2 b8c6
838,a2a3 d7d5 d2d4 f7f6 a1a2 b7b5 c1e3 g7g6 b1d2 e7e6 e3g5 f6g5
839,g2g3 h7h6 c2c4 g7g6 d2d4 f7f5 a2a4 h6h5 h2h4 e7e5 g1f3 e5d4
840,d2d4 g7g6 g1f3 f7f5 c2c4 e7e5 d4e5 f5f4 h2h3 g8f6 g2g4 d7d6
841,h2h4 e7e6 g1f3 c7c5 c2c4 f7f6 e2e4 a7a6 d1c2 d8b6 g2g3 e6e5
842,d2d4 g7g6 c1g5 d7d5 b1a3 e8d7 a3c4 b7b6 c2c3 d5c4 h2h4 c7c6
843,e2e3 d7d6 d1h5 g8f6 h5d5 c7c5 f2f3 h7h5 d5f7 e8d7 c2c4 g7g6
844,c2c4 a7a6 d1c2 d7d5 c4d5 c8g4 f2f3 a8a7 e2e4 b8d7 f3g4 a6a5
845,b1c3 d7d5 a2a4 a7a6 a1a2 b7b6 e2e4 e8d7 e1e2 e7e6 e2f3 d7d6
846,b2b4 e7e5 c2c4 e8e7 f2f3 b8a6 g2g4 a8b8 e2e4 h7h6 d1c2 g8f6
847,b2b4 f7f6 g2g4 f6f5 c2c4 g7g6 f2f3 e7e5 a2a3 d8h4
848,g2g3 g7g6 f2f4 e7e6 b1a3 d8g5 f1g2 g5e7 a3b5 b7b6 g2a8 e8d8
849,d2d4 f7f6 e1d2 c7c5 b2b3 c5d4 a2a3 d8c7 e2e3 g7g5 g1e2 e7e6
850,d2d4 d7d5 c1g5 f7f6 e2e4 f6g5 b1d2 d5e4 g1f3 c7c5 f3h4 c5d4
851,d2d4 b8c6 c2c4 a7a6 c1g5 d7d5 b1c3 h7h6 c4c5 h6g5 h2h4 h8h4
852,d2d4 d7d5 e2e4 d5e4 f2f3 d8d7 g2g3 a7a6 f3e4 g8f6 f1a6 h7h5
853,b1a3 a7a5 h2h3 b8a6 a1b1 e7e6 g1f3 a8a7 d2d3 f7f6 g2g3 d8e7
854,a2a4 d7d5 b1a3 c7c5 e2e3 c8g4 f1b5 d8d7 a1b1 h7h5 f2f3 h8h6
855,d2d4 a7a6 a2a3 h7h6 b2b4 d7d5 f2f3 b8d7 c1h6 a8a7 a1a2 g7h6
856,a2a3 d7d5 d2d4 h7h6 b1d2 c8g4 g1f3 b7b6 f3g5 d8c8 a1a2 e7e6
857,g2g3 g7g6 e2e3 f7f5 f2f4 e8f7 b2b4 f7g7 f1a6 b8a6 a2a4 d8e8
858,g2g4 g8f6 g1f3 h7h5 c2c4 b8a6 f1h3 e7e5 f3e5 g7g6 d1c2 f8e7
859,b1c3 d7d5 a2a4 c8d7 g1h3 d7g4 a1a2 e8d7 e2e3 d7c8 b2b3 b7b6
860,d2d4 e7e6 c1g5 b8a6 g2g3 b7b5 a2a4 d7d5 e1d2 a6b8 b1c3 f8e7
861,g2g3 h7h6 d2d4 d7d5 b2b4 h6h5 g3g4 h8h6 h2h4 b8d7 e2e4 f7f5
862,b2b4 a7a6 d2d4 b7b5 e2e4 a8a7 b1a3 e7e5 c1g5 c7c6 a1c1 g7g6
863,e2e3 g7g6 f1c4 c7c5 g2g3 g8f6 e3e4 f6d5 f2f4 f7f5 c4a6 d5f4
864,g2g3 h7h6 e2e3 c7c6 f1b5 c6b5 d1f3 g8f6 f3f6 g7g5 f6f4 g5g4
865,d2d4 d7d5 g1h3 f7f6 f2f4 e8d7 h3g1 b7b5 g2g3 b8a6 g3g4 g7g6
866,g2g3 a7a5 d2d4 d7d5 h2h3 d8d6 g1f3 b7b5 c2c4 a5a4 c4c5 h7h5
867,d2d4 b8c6 b2b4 a7a5 c2c4 a8a6 c4c5 c6d4 g1f3 e7e6 h1g1 a5b4
868,h2h3 d7d5 e2e3 e8d7 f1b5 b8c6 g2g3 a7a5 f2f4 d7e6 c2c4 h7h6
869,g2g3 h7h6 e2e3 b7b5 e3e4 d7d5 d2d4 d5e4 f2f4 b8a6 d1h5 g7g5
870,d2d4 d7d5 b1a3 b7b5 b2b4 e8d7 f2f3 f7f6 a1b1 g7g6 g2g3 e7e6
871,g2g3 b7b5 f2f4 h7h5 e2e4 f7f5 e4f5 c7c5 e1f2 g7g6 d1e1 g8f6
872,h2h3 d7d5 a2a3 b7b5 b2b4 e7e5 c2c3 f8d6 d2d4 h7h6 c1h6 g7g6
873,d2d4 e7e6 c1g5 b8a6 a2a3 a8b8 h2h3 b8a8 e2e4 f8b4 e1e2 a6c5
874,d2d4 d7d5 c1g5 f7f6 c2c3 b7b5 g5h6 b8d7 e2e3 g7g6 g2g4 e7e6
875,b2b3 e7e5 f2f4 g7g6 b3b4 f7f5 f4e5 f5f4 g2g3 c7c5 b4c5 d8c7
876,b2b4 f7f6 e2e3 c7c5 f2f3 d8c7 g2g3 g7g5 g1h3 e7e6 h3g1 c7e5
877,d2d4 e7e6 a2a3 f8b4 a3b4 f7f6 c1g5 f6g5 c2c4 e6e5 b1d2 g7g6
878,g2g3 h7h5 f2f4 f7f5 a2a4 a7a5 h2h3 b8c6 b1a3 h8h7 a3b5 b7b6
879,a2a4 c7c5 d2d4 b7b5 b1d2 g7g6 d4c5 e7e5 h2h4 g6g5 h1h3 b5b4
880,a2a4 c7c5 b1c3 d7d5 b2b4 h7h6 c3a2 h6h5 a4a5 a7a6 d2d4 c5d4
881,d2d4 g7g6 h2h3 b8a6 a2a4 e7e6 c1g5 f8c5 d1d3 a8b8 d4c5 d8f6
882,d2d4 d7d5 e1d2 c7c6 b2b3 b7b5 e2e3 g8f6 d1e1 c6c5 f1c4 g7g6
883,b2b3 b8c6 d2d4 c6d4 e2e3 f7f5 d1d4 a7a6 h2h3 f5f4 d4d7 d8d7
884,b1c3 d7d5 a2a4 c7c5 a1a2 g7g6 e2e3 g8f6 f1c4 c8d7 e3e4 b8a6
885,d2d4 e7e6 g2g3 f7f6 a2a4 c7c5 a4a5 e6e5 f1h3 c5d4 e2e3 g7g6
886,b1c3 b7b5 a2a4 d7d5 e2e4 b5a4 e1e2 e8d7 b2b4 a4b3 g1h3 a7a5
887,c2c4 d7d5 f2f3 a7a6 e2e3 h7h6 b2b4 e7e6 d2d3 c7c6 b4b5 g7g6
888,e2e3 g7g6 f1c4 f7f5 c4f7 e8f7 h2h3 a7a5 d1h5 a8a7 b1c3 f7f6
889,c2c4 b8a6 c4c5 e7e5 d2d4 f7f6 g2g4 e5e4 h2h4 f6f5 d4d5 a6c5
890,d2d4 g7g6 h2h4 d7d5 g1f3 g6g5 h1h3 b7b5 b2b3 e8d7 c2c3 f7f6
891,g2g3 g7g6 f2f4 e7e6 e2e4 h7h6 f4f5 f8a3 f1a6 f7f6 a6b7 e6e5
892,d2d4 d7d5 b1c3 c8g4 d1d2 b8d7 a2a4 h7h5 h2h4 a7a5 d2d1 h8h6
893,d2d4 d7d5 f2f3 g7g5 c1g5 f8g7 b1c3 g7d4 d1d3 g8h6 h2h4 h6g4
894,d2d4 e7e6 c1g5 f8a3 e1d2 f7f5 e2e3 g7g6 d4d5 d8g5 d1e1 g5h6
895,b1c3 d7d5 a2a3 g7g6 g2g4 c8g4 a3a4 d8d7 e2e4 e7e5 f2f4 d7d6
896,d2d4 f7f6 h2h3 d7d5 g2g4 e8f7 e2e3 b7b5 b2b3 c7c5 d4c5 g7g6
897,h2h4 b7b6 e2e3 e7e6 b1c3 d7d5 e3e4 f8a3 e1e2 e8e7 d2d4 e7d7
898,a2a4 g7g6 b1c3 c7c5 h2h4 f8h6 g2g4 e7e5 g4g5 h6g5 e2e3 f7f6
899,c2c4 a7a6 g2g4 d7d5 g1f3 b8d7 h2h4 c7c6 f1h3 g8f6 f3e5 h8g8
900,a2a4 c7c5 b1c3 d8b6 g2g4 d7d5 f2f3 c5c4 a1a2 h7h5 e2e4 h8h6
901,d2d4 e7e6 d4d5 d8h4 g2g3 g7g6 e2e4 h4e4 g1e2 g8f6 c2c4 e6e5
902,g2g3 a7a6 a2a3 b8c6 d2d4 g7g5 c1g5 a6a5 h2h3 a8a6 c2c4 h7h6
903,d2d4 a7a6 g2g3 h7h5 b2b4 b8c6 h2h4 f7f5 c2c4 b7b5 a2a4 d7d5
904,d2d4 e7e6 g2g3 b7b5 c2c4 d7d6 d4d5 f7f6 h2h4 c7c5 d1c2 g8h6
905,d2d4 g7g6 c2c4 d7d5 g1f3 g6g5 c1g5 a7a6 b2b4 d5c4 h2h3 c7c6
906,b1c3 d7d6 a2a4 c8e6 f2f4 f7f6 a1a2 b7b5 e2e4 g7g5 a4b5 h7h5
907,d2d4 g7g6 c2c4 e7e5 d4e5 f8b4 b1d2 d7d5 d1c2 e8e7 a1b1 c8d7
908,d2d4 e7e6 c1g5 b8a6 c2c4 f8b4 b1d2 d7d5 a2a4 b4c3 g2g4 d8d6
909,b1c3 e7e5 b2b4 b7b6 e2e4 f7f5 e1e2 g7g6 g2g3 f5e4 f2f4 e4f3
910,b2b4 b7b5 d2d4 e7e6 e1d2 d7d6 c2c3 c8a6 f2f4 g7g6 d1c2 f7f6
911,b1c3 d7d5 e2e3 e8d7 f1b5 b8c6 e1e2 d8e8 a2a4 e7e5 d2d4 f8a3
912,b1a3 e7e5 f2f4 e8e7 g2g3 a7a5 c2c3 g8f6 a3c4 h8g8 a1b1 b8c6
913,a2a4 b7b5 b1a3 d7d5 f2f4 c7c5 a1a2 h7h5 a4a5 h8h7 c2c3 b5b4
914,g2g3 g7g6 f2f4 f7f5 a2a4 h7h5 e1f2 h8h6 f1g2 b7b5 c2c4 c7c6
915,a2a4 c7c5 d2d4 d7d5 a4a5 f7f6 g2g3 b7b5 b1d2 b8c6 h2h3 d8d7
916,d2d4 h7h5 c2c4 d7d5 c1g5 a7a6 c4c5 c8g4 a2a3 h8h6 d1c2 c7c6
917,d2d4 e7e6 c2c4 f7f6 c1g5 f8b4 b1d2 f6g5 d4d5 c7c5 b2b3 a7a6
918,e2e3 a7a6 a2a3 h7h5 a1a2 g8f6 f1b5 g7g6 e1e2 b8c6 a3a4 a6a5
919,b1a3 c7c5 e2e4 f7f5 e1e2 g7g6 e4e5 c5c4 g2g4 h7h5 d2d4 e8f7
920,d2d4 h7h6 c2c4 d7d5 c1g5 h6g5 d1b3 a7a6 e1d2 b8d7 a2a3 b7b5
921,b2b4 h7h5 d2d4 d7d5 f2f3 g8f6 g2g4 g7g5 f3f4 c7c6 f4f5 e7e6
922,g2g3 a7a5 d2d4 b8c6 c2c4 g8f6 d1c2 a5a4 f1g2 b7b5 c4c5 h7h5
923,d2d4 e7e5 d4e5 g7g6 b1c3 f8a3 c3b1 c7c6 b1d2 a3b2 g2g3 d7d6
924,b1c3 e7e5 a2a4 f8c5 e2e3 c5a3 a1a3 b7b6 g1e2 g7g6 e2g1 f7f5
925,a2a4 c7c5 h2h3 d7d5 b1c3 h7h5 a4a5 a7a6 g2g4 c8g4 h3g4 h8h6
926,b1c3 b7b5 a2a4 d7d5 a1a2 c8g4 c3d5 h7h5 e2e3 c7c6 a4a5 e7e6
927,c2c4 b7b5 b2b4 b5c4 d1a4 c8b7 g2g4 f7f5 a4c2 e7e5 f2f4 g7g5
928,g2g3 a7a5 c2c4 b8c6 g1h3 b7b5 d2d4 a8b8 h3g5 c6d4 d1c2 f7f6
929,b2b4 g8h6 c2c4 d7d6 f2f3 h6g8 d1c2 b8a6 e2e3 e8d7 c2a4 b7b5
930,b1c3 d7d5 a2a4 c8g4 a1a2 h7h6 e2e3 g4h3 f1a6 c7c6 d2d3 h3g2
931,a2a3 h7h6 d2d4 b8a6 g1h3 e7e6 d4d5 a6c5 b1c3 e6e5 h1g1 a8b8
932,a2a4 d7d5 b1a3 b7b5 b2b3 c7c5 b3b4 g7g6 f2f3 f7f5 a4a5 h7h6
933,h2h3 d7d5 d2d4 c8f5 h1h2 f5e4 c2c3 e7e6 b2b3 e8e7 c1d2 a7a6
934,b1c3 b7b5 a2a4 d7d5 a1a2 c8g4 e2e3 e8d7 c3d5 g4h3 f2f4 e7e6
935,g2g3 h7h5 f2f4 a7a5 c2c4 h8h6 e2e3 f7f5 h2h3 b8c6 d1c2 a8a6
936,g2g4 f7f5 c2c4 g7g6 g4f5 f8g7 f2f4 g7h6 h2h3 e7e5 d1c2 c7c5
937,b2b4 b7b5 d2d4 d7d5 g2g3 e7e5 f2f4 f7f5 e2e3 g7g6 d1g4 f5g4
938,g2g4 e7e6 c2c4 f7f5 g4g5 g7g6 f2f3 e6e5 f3f4 e8f7 b1c3 h7h6
939,e2e3 c7c5 e1e2 d8c7 b1c3 c5c4 d1e1 e7e6 b2b3 f7f6 c3d5 g7g6
940,b1a3 c7c5 g2g3 d7d5 f2f4 h7h5 b2b4 c8g4 f4f5 b7b5 a1b1 g8f6
941,b2b4 g7g6 f2f3 f7f5 h2h3 e7e5 c2c4 h7h6 f3f4 e8e7 b1c3 d7d6
942,a2a4 c7c5 d2d4 d8b6 a4a5 a7a6 h2h3 g7g5 c1g5 d7d6 g5f6 e8d7
943,g2g3 c7c6 f2f4 g8f6 e2e4 h7h6 d1g4 d7d5 e4e5 h8h7 b2b4 b7b6
944,a2a4 e7e6 b1c3 d7d6 g1f3 c7c5 g2g4 h7h5 d2d3 h8h7 e1d2 a7a5
945,b1a3 g7g6 a3b5 d7d5 b5d4 c7c5 h2h4 g6g5 h1h3 c8h3 h4g5 c5c4
946,a2a4 c7c5 b2b4 g7g5 d2d4 d8b6 b4c5 b6c5 c1g5 f8h6 c2c3 h6f8
947,g2g4 c7c5 c2c4 d7d5 d1b3 c8g4 d2d3 e7e5 c4d5 f7f5 f2f4 g7g6
948,g2g3 h7h6 b1a3 a7a5 a1b1 d7d5 e2e3 b8c6 b1a1 c6b4 d1e2 e7e5
949,d2d4 f7f6 e1d2 e7e6 b2b3 f8b4 b1c3 g7g6 a2a4 d8e7 e2e3 b4c3
950,h2h4 f7f5 a2a3 f5f4 b1c3 g8f6 e2e3 d7d5 c3d5 b8a6 d5c7 e8d7
951,b2b4 f7f6 b1c3 d7d5 c3a4 e8d7 f2f4 b7b6 a1b1 f6f5 e2e4 c7c5
952,g2g3 g7g6 h2h3 h7h6 b2b3 b7b6 e2e4 d7d6 h3h4 e8d7 f2f4 g8f6
953,b1c3 e7e5 a2a4 f8e7 a1a2 g7g6 h2h3 f7f5 f2f4 e7h4 g2g3 h4g3
954,b2b4 h7h6 g2g3 h6h5 d2d4 g8f6 e2e3 d7d6 f1a6 c8g4 c2c4 b8c6
955,c2c4 g7g6 d1c2 a7a6 f2f3 g6g5 c4c5 e7e5 d2d4 d7d5 c2h7 c8g4
956,g2g3 g7g6 f2f4 a7a5 e2e4 f7f5 g1f3 e8f7 c2c3 a8a6 h2h3 c7c6
957,g1h3 b7b5 a2a4 c7c5 f2f3 b5b4 g2g4 c8a6 f3f4 b8c6 b1c3 c6d4
958,h2h3 h7h5 e2e4 h5h4 e1e2 c7c6 d2d4 d7d5 g2g4 d8c7 c2c4 d5e4
959,a2a4 d7d5 b1c3 c7c5 b2b4 d8b6 a1a2 h7h5 e2e3 c8h3 e1e2 b6g6
960,h2h4 f7f5 c2c4 d7d5 g2g3 c7c5 b2b4 f5f4 e2e4 f4e3 f2e3 d8c7
961,a2a4 e7e6 b1c3 b7b6 a4a5 d7d5 f2f4 e8d7 c3d5 e6d5 a1a2 f7f5
962,h2h3 g7g6 b2b4 e7e5 h3h4 d7d5 d2d4 b7b5 d4e5 f7f5 b1c3 f5f4
963,c2c4 a7a6 e2e4 f7f5 f2f3 h7h5 g2g4 h8h6 d1c2 h5g4 d2d4 d7d5
964,g2g3 b8c6 e2e4 a7a5 g3g4 e7e6 d2d3 e8e7 e4e5 g7g5 d3d4 d7d5
965,d2d4 e7e6 c2c4 f8b4 b1d2 g7g6 g2g3 g8e7 g1f3 c7c6 b2b3 e6e5
966,d2d4 d7d5 b2b4 f7f5 e2e3 b8d7 f2f4 a7a6 f1b5 a6b5 e1e2 a8a7
967,a2a4 d7d5 b1c3 c7c5 b2b4 c5c4 a1a2 c8h3 a2a1 h3g2 f2f3 g2f1
968,g1h3 g7g6 d2d4 h7h6 c2c4 b7b5 c4c5 c7c6 h3g5 g8f6 d1c2 d7d5
969,c2c3 d7d5 c3c4 c8g4 e2e4 d5e4 f2f3 h7h6 f3e4 c7c6 d1c2 d8d7
970,a2a4 d7d5 b1c3 c7c5 e2e3 b8d7 e1e2 c5c4 e3e4 g8f6 e2e3 d8b6
971,d2d4 h7h6 c2c4 d7d5 g2g4 c8g4 b2b4 b7b5 d1d3 b5c4 e1d1 e7e6
972,a2a4 d7d5 h2h3 c7c5 b1c3 c8h3 b2b4 h3g2 h1h3 c5c4 d2d3 d8d7
973,b1c3 e7e5 a2a4 g7g6 g1f3 f7f5 g2g3 f8e7 f1g2 e7a3 f3e5 c7c5
974,b2b4 e7e6 d2d4 f8b4 b1d2 a7a6 h2h4 a8a7 g1f3 c7c6 h1h3 d8c7
975,c2c4 g7g6 g2g4 f7f5 d1c2 e8f7 g4g5 b8a6 h2h3 d8e8 f2f3 c7c5
976,b1c3 e7e5 e2e3 e8e7 c3d5 e7e6 e1e2 h7h6 d1e1 d7d6 d5f6 e6e7
977,h2h3 e7e5 d2d4 f8c5 d4e5 c5f2 e1d2 c7c6 c2c3 d7d5 a2a3 h7h6
978,b1a3 c7c5 g2g3 c5c4 b2b4 a7a5 f2f4 b8c6 e2e4 h7h6 b4a5 f7f5
979,a2a4 c7c5 b1c3 b7b5 a1a2 c5c4 c3d5 g7g6 e2e3 f7f5 f2f3 e7e6
980,h2h3 d7d5 b1a3 e8d7 f2f4 b7b6 a1b1 e7e6 b1a1 d5d4 c2c3 f8b4
981,b2b4 e7e5 f2f4 d7d5 c2c4 e5e4 d1c2 a7a6 g2g3 c8g4 d2d3 f8d6
982,g2g3 g7g5 h2h3 e7e5 f2f4 f8c5 e2e3 g5g4 d1g4 f7f5 e1d1 e5f4
983,h2h3 d7d5 g2g3 c7c6 b2b4 h7h6 c2c4 d5c4 b1a3 a7a5 d2d4 c4d3
984,h2h3 e7e6 c2c4 f8c5 g2g3 e8e7 d2d4 b7b5 c1g5 g8f6 f2f3 b8a6
985,a2a4 d7d5 b1c3 c7c5 e2e3 b8a6 a1a3 a6b8 f1e2 c5c4 g2g3 h7h5
986,d2d4 g7g5 c1g5 d7d5 c2c3 a7a6 a2a3 a8a7 h2h4 b8d7 g5e3 f7f5
987,g2g3 h7h5 f2f4 f7f5 h2h3 g7g6 b2b3 g8f6 e1f2 h8h6 c2c3 f6e4
988,a2a4 d7d5 b1c3 h7h5 a1a2 b7b6 e2e4 c7c6 e1e2 c8g4 e2e1 d5e4
989,g2g3 h7h6 g1h3 c7c5 h3g1 d8c7 d2d4 g7g5 f2f4 g5g4 e2e4 f8g7
990,d2d4 e7e6 c2c4 d8e7 g2g3 g7g6 f2f4 d7d6 c1e3 e8d8 b1c3 b8a6
991,g2g3 h7h6 e2e3 a7a5 b2b3 h8h7 d2d4 b8c6 c2c3 a8a7 f2f4 b7b5
992,c2c4 d7d5 d1c2 a7a6 b2b4 h7h6 e2e3 c8g4 d2d4 c7c6 e1d2 g7g6
993,d2d4 d7d5 b1c3 e7e6 e1d2 c7c5 b2b3 e8d7 a2a3 b7b6 d1e1 g7g6
994,f2f4 h7h6 g2g3 b8c6 e2e4 f7f5 f1c4 c6e5 e4f5 a7a5 e1e2 g8f6
995,h2h3 e7e6 b1a3 b8a6 f2f4 a8b8 e2e4 d7d5 a1b1 h7h6 e4d5 g8f6
996,h2h3 g7g5 b2b3 c7c6 a2a4 d7d5 h3h4 a7a6 d2d3 f7f5 h1h2 e7e5
997,g2g4 b7b5 a2a4 a7a6 b1c3 a6a5 c3d5 c7c5 a1a2 g7g5 f2f4 g8f6
998,a2a4 c7c5 b1c3 d7d5 e2e3 g7g6 f1b5 d8d7 g2g4 c5c4 g4g5 d7b5
999,a2a4 c7c5 b1c3 b7b6 b2b4 c5c4 c1b2 h7h6 d2d4 e7e5 d4e5 g7g6
1000,f2f3 h7h6 d2d4 b8c6 b1c3 a7a5 d1d3 b7b5 e2e3 a8b8 g2g3 g7g5
1001,e2e3 c7c5 d1e2 c5c4 g2g3 h7h5 f2f4 a7a6 e2h5 b8c6 e3e4 g8f6
1002,g2g3 h7h5 e2e3 h8h7 d1h5 g7g6 f1b5 g8f6 b5d7 c8d7 b2b3 c7c6
1003,g2g3 g7g5 f2f4 g5g4 a2a4 b8c6 b1c3 h7h6 e2e4 f7f5 h2h3 e7e5
1004,b1c3 e7e5 f2f4 d7d5 c3d5 e5e4 a1b1 c8g4 e1f2 c7c6 d1e1 h7h6
1005,h2h3 d7d5 e2e3 c7c5 e3e4 e7e6 f1b5 d8d7 g2g3 d7c6 a2a3 g7g6
1006,a2a4 f7f6 g2g4 e7e5 a1a2 g7g5 b1c3 f6f5 f2f4 b7b6 e1f2 e8f7
1007,b1c3 d7d5 a2a3 e7e6 c3d5 e6d5 a1a2 b7b6 d2d4 f8e7 e1d2 b6b5
1008,c2c4 d7d5 g2g3 b7b5 g3g4 c8g4 d1c2 h7h6 f2f3 h8h7 c4d5 c7c6
1009,d2d4 g7g6 h2h4 d7d5 h1h3 g6g5 h4g5 h7h5 b1d2 g8f6 a2a3 b7b5
1010,a2a3 b8c6 d2d4 b7b5 b2b4 e7e5 d4e5 a8b8 c2c3 g8e7 a1a2 g7g6
1011,a2a4 c7c5 b1c3 d8b6 b2b4 c5c4 h2h4 b6d4 c3b5 d4e5 d2d4 a7a6
1012,h2h3 d7d5 f2f3 h7h6 d2d3 c7c6 b2b4 b7b5 c1g5 d8d7 b1a3 f7f5
1013,h2h3 d7d5 g2g3 e8d7 c2c4 b7b6 d2d3 f7f5 d1a4 b6b5 g3g4 e7e6
1014,e2e3 c7c5 g2g3 g7g6 b1a3 f7f5 g3g4 b7b5 f2f4 f5g4 e3e4 g8f6
1015,d2d4 e7e6 a2a4 f8b4 b1c3 f7f6 h2h4 b7b6 h1h2 e8e7 c1g5 e6e5
1016,f2f3 e7e5 d2d4 g7g5 c1g5 f7f6 g5f6 f8b4 e1f2 b8a6 f6h8 a6c5
1017,a2a4 d7d5 f2f3 c8g4 a1a2 c7c6 e2e3 h7h6 b1a3 g8f6 f3g4 b7b5
1018,c2c4 d7d5 g2g3 h7h6 d1b3 a7a6 d2d3 c8g4 d3d4 h6h5 f2f3 g8f6
1019,g2g3 h7h5 g3g4 a7a5 c2c4 d7d5 d2d4 d5c4 d1c2 b8d7 e1d1 g7g5
1020,g2g3 h7h5 e2e3 h8h6 d1h5 c7c5 h5e5 d8c7 e1e2 b8c6 e5c7 c6b4
1021,d2d4 a7a6 a2a3 e7e6 b2b4 f8c5 e1d2 b8c6 e2e3 c6d4 g1f3 f7f6
1022,a2a3 a7a5 d2d4 e7e6 b2b4 g8h6 h2h3 b8c6 c1h6 g7h6 a1a2 f8e7
1023,d2d4 g7g6 h2h4 e7e6 c2c3 f8b4 c3b4 f7f5 a2a3 d7d5 h1h3 c7c6
1024,d2d4 d7d5 f2f3 f7f5 e1d2 h7h6 e2e3 b8c6 g2g4 b7b5 b2b3 f5g4
1025,h2h3 c7c5 d2d4 g7g5 c1g5 d8b6 c2c3 b6d8 g5f6 d8c7 f6e7 c5c4
1026,h2h3 b8c6 d2d4 e7e6 c2c3 a8b8 c1g5 d8g5 b1a3 g5d5 a1b1 d5g2
1027,c2c4 g7g6 g2g4 f7f5 h2h3 e8f7 g4g5 f5f4 f2f3 e7e5 e2e4 g8f6
1028,b1a3 a7a6 a1b1 b8c6 e2e4 c6b4 f2f3 e7e6 g2g4 a8a7 f1b5 h7h6
1029,a2a4 d7d5 c2c4 b7b5 b2b4 d8d6 e2e4 d5c4 a4a5 h7h6 f2f3 d6d4
1030,d2d4 b7b5 c1g5 c7c5 a2a3 g7g6 b1c3 e7e6 f2f4 f7f6 d4c5 h7h6
1031,d2d4 d7d5 f2f4 h7h6 e2e4 d5e4 h2h4 e7e6 g2g3 g7g5 d4d5 f8a3
1032,g2g4 d7d5 d2d4 g7g5 c2c4 b8d7 g1f3 c7c5 d4c5 d7c5 d1d2 a8b8
1033,d2d4 e7e6 c1g5 b8a6 c2c3 a8b8 h2h4 f8c5 h1h3 c5f8 b2b3 d8e7
1034,a2a3 d7d5 g2g4 f7f6 c2c4 c8g4 c4d5 a7a6 a1a2 g4c8 h2h4 b8c6
1035,d2d4 a7a5 c2c4 b8c6 d1b3 a8a7 c1h6 e7e6 e1d2 c6b4 c4c5 f7f6
1036,d2d4 e7e6 c1g5 f8b4 c2c3 b4c3 b2c3 b8a6 h2h3 a8b8 g2g3 d7d6
1037,d2d4 d7d5 f2f3 b8d7 b1c3 b7b5 h2h3 a8b8 b2b4 b8b7 a1b1 b7b8
1038,h2h4 f7f5 a2a4 d7d5 b1c3 c7c6 a1a2 c6c5 e2e3 b7b5 f1c4 d5c4
1039,g2g3 h7h5 h2h3 b7b5 b2b3 d7d5 d2d4 h8h7 c2c3 g8f6 c1h6 c7c6
1040,c2c4 d7d5 d1b3 a7a6 f2f3 d5d4 a2a4 h7h5 e2e4 h8h6 b3c2 b8c6
1041,g2g4 d7d5 e2e3 h7h6 d2d3 c7c6 g1h3 g8f6 h3g5 c8e6 b1d2 f6e4
1042,g2g3 h7h5 h2h3 d7d5 f2f4 c7c6 d2d4 h8h6 g1f3 h6h8 g3g4 c8g4
1043,b1a3 g7g6 h2h4 h7h6 h1h3 c7c6 d2d3 b7b6 a3c4 d7d5 c4a3 e8d7
1044,b2b3 g7g6 g2g4 f7f5 g4g5 b8a6 h2h3 e7e5 f2f4 e5e4 e1f2 d8g5
1045,d2d4 e7e6 c1g5 f7f5 c2c3 b8a6 e2e3 d7d5 f1a6 f8c5 h2h4 d8d6
1046,b1c3 d7d5 a2a4 c7c5 b2b4 c5c4 c3d5 d8d7 d5e7 a7a6 a1a2 d7c7
1047,e2e3 d7d5 b2b3 g7g6 f2f3 c8g4 d2d4 a7a6 e3e4 c7c6 e1d2 d5e4
1048,d2d4 g7g6 b2b3 b8c6 h2h4 e7e6 h1h3 f7f5 e2e4 c6b8 c1g5 d8g5
1049,c2c4 b7b5 d1c2 d7d5 e2e4 f7f5 c4d5 g7g6 h2h4 e7e5 g2g4 d8d7
1050,c2c4 e7e5 d2d4 d8f6 g1f3 f8b4 b1c3 b8c6 c1g5 f6f3 d1c2 e8f8
1051,e2e3 d7d6 f2f4 c7c5 g2g3 b7b5 f1b5 b8c6 d1e2 h7h6 e2f3 g7g5
1052,e2e3 c7c5 b1c3 g7g6 a1b1 c5c4 c3d5 e7e6 d2d4 g8f6 d1d2 b8c6
1053,b1c3 d7d5 a2a4 c7c5 b2b4 f7f6 a4a5 d8a5 e2e3 e8d8 g2g3 c8e6
1054,e2e3 c7c5 b2b4 g7g5 d2d4 d8c7 c2c4 b8c6 b4c5 b7b5 h2h3 c6e5
1055,b1c3 d7d5 a2a3 c7c6 c3a4 c8g4 a1a2 c6c5 d2d4 h7h5 e2e4 h8h6
1056,b1c3 d7d5 c3b1 e7e5 e2e3 e5e4 d2d4 c7c6 b2b3 g7g6 e1d2 c6c5
1057,h2h4 c7c5 d2d4 g7g5 c1g5 c5d4 h1h3 d8c7 d1d4 h7h6 d4c5 d7d6
1058,d2d3 f7f5 h2h3 e7e5 d3d4 h7h5 d4e5 g7g6 c2c3 d7d6 c1g5 d6e5
1059,g2g3 a7a5 e2e4 h7h5 f2f4 b7b6 d1h5 h8h6 f1a6 b8a6 e4e5 g7g6
1060,g2g4 f7f5 g4g5 g8f6 a2a4 e7e5 f2f4 b7b6 b1c3 h7h6 e1f2 d7d5
1061,c2c4 b7b5 d2d4 f7f6 b2b4 d7d5 h2h4 c7c5 d4c5 e7e6 d1b3 d8d6
1062,a2a4 c7c5 b1c3 d8c7 d2d4 b8c6 b2b4 b7b6 h2h4 d7d5 d4c5 e7e5
1063,d2d4 g7g6 c2c4 b7b5 h2h4 c7c6 c4c5 h7h6 c1g5 d7d5 d1b3 e7e5
1064,d2d4 f7f6 b1a3 e7e6 f2f4 f8b4 d1d2 g7g5 e1d1 g5g4 d2b4 b8a6
1065,g2g3 h7h5 g3g4 a7a5 g4h5 b8a6 c2c4 a8a7 d2d4 e7e6 c4c5 f8c5
1066,a2a3 g7g5 a3a4 c7c5 b1c3 g8f6 a1a3 d8c7 g1f3 g5g4 h2h3 c7d8
1067,d2d4 g7g6 c1g5 d7d5 a2a3 b8a6 g5f6 e7f6 c2c3 b7b6 g2g4 d8d7
1068,b2b3 g7g6 h2h4 d7d6 f2f4 e8d7 g2g4 g6g5 h4g5 d8e8 e2e4 g8f6
1069,b2b3 a7a6 c2c4 h7h5 d1c2 b8c6 c4c5 h8h6 d2d4 d7d5 e1d2 c8g4
1070,c2c4 d7d5 g2g4 a7a6 c4d5 b8c6 e2e4 c8g4 d1b3 g8f6 f2f3 d8b8
1071,d2d4 g7g6 h2h4 d7d5 a2a3 g6g5 c1g5 h7h6 c2c3 h6g5 g1f3 b7b5
1072,c2c4 g8f6 g1h3 g7g6 h3g1 b8a6 g1f3 a8b8 h1g1 g6g5 f3g5 f8h6
1073,g2g3 d7d5 e2e4 c8g4 d2d4 c7c6 f2f4 d5e4 d4d5 a7a5 c2c4 h7h5
1074,e2e3 c7c5 e3e4 g8f6 e1e2 g7g6 g1f3 c5c4 b2b3 d7d6 h2h3 e8d7
1075,h2h3 d7d5 b1a3 c7c5 b2b4 c8g4 a1b1 g4h3 g2g3 c5c4 e2e4 h3g4
1076,h2h3 c7c5 a2a3 d8c7 b1c3 d7d5 g2g4 c7c6 d2d4 c5c4 c1f4 b7b5
1077,g2g3 h7h6 c2c4 b7b6 c4c5 h8h7 g3g4 c7c6 d2d4 d7d5 h2h3 h6h5
1078,g2g3 f7f5 f2f4 h7h6 e2e3 a7a6 h2h3 a6a5 d1h5 g7g6 h5g6
1079,h2h4 b8a6 e2e4 a8b8 f1a6 e7e5 f2f4 g8f6 c2c3 f8d6 d1c2 d6e7
1080,h2h3 b8a6 g2g3 a8b8 f2f4 h7h6 f1g2 h8h7 g2f1 h7h8 e2e3 g7g6
1081,d2d4 d7d5 d1d2 a7a6 g2g3 d8d7 f2f4 h7h5 b2b4 h8h6 f4f5 c7c5
1082,a2a4 b7b5 b2b3 d7d5 b1a3 b5b4 a1a2 c7c5 e2e3 h7h5 f1c4 h8h6
1083,g2g3 h7h6 b1a3 a7a5 g1f3 b8c6 e2e3 h8h7 a1b1 b7b6 e3e4 d7d5
1084,g2g3 h7h5 e2e3 f7f5 d1h5 h8h5 h2h3 g7g6 f1b5 e8f7 b5a6 b7b6
1085,g2g3 a7a6 f2f4 a6a5 b2b3 b8c6 c2c3 d7d5 e2e4 a8b8 c1b2 d5e4
1086,b2b3 g7g6 h2h4 g6g5 d2d4 b7b6 c1d2 d7d5 h1h3 c7c5 d2g5 d8c7
1087,h2h3 e7e6 g2g3 f8c5 c2c4 b8a6 d2d4 e8f8 c1g5 c5e7 g1f3 e6e5
1088,g2g3 h7h5 f2f4 a7a5 e2e4 d7d5 c2c4 h8h6 d1h5 e7e6 g1f3 b7b6
1089,a2a4 c7c5 b1c3 d7d5 b2b4 c5c4 c3d5 c8h3 a4a5 h3g2 e2e3 d8c7
1090,c2c4 b7b5 d1c2 b8c6 e2e4 h7h6 g2g4 f7f5 c4c5 f5g4 h2h3 e7e5
1091,g2g3 a7a5 d2d4 b8c6 b2b3 a8a7 c2c3 c6b4 h2h4 b4d3 e2d3 b7b5
1092,g2g3 f7f5 f2f4 h7h6 h2h4 g7g6 a2a4 b7b6 b1a3 d7d5 h1h3 c7c6
1093,g2g3 a7a5 c2c4 b8c6 d2d4 h7h6 g1f3 h6h5 h2h4 c6b4 h1g1 b7b5
1094,d2d4 c7c5 c1g5 d7d5 c2c4 f7f6 g5f6 e7f6 h2h3 e8d7 f2f4 b7b6
1095,a2a4 d7d5 b1c3 c7c5 b2b4 d8d7 a4a5 d7b5 c3d5 h7h5 a1b1 h8h6
1096,g1f3 g8h6 c2c4 d7d5 h2h4 c7c5 g2g3 d5c4 d1a4 d8d7 e2e4 h6g8
1097,c2c4 g7g6 h2h3 c7c5 b2b4 d8c7 g2g4 g6g5 f2f4 a7a6 b4c5 a8a7
1098,b2b3 b8c6 h2h3 e7e6 c2c3 e6e5 d1c2 a8b8 d2d4 f7f6 c1a3 b7b5
1099,b1a3 e7e6 c2c4 g7g6 g2g3 e6e5 f2f4 f7f5 d1c2 e5e4 h2h3 h7h6
1100,a2a4 d7d5 b1a3 g8f6 e2e4 c7c5 a1a2 g7g6 f1b5 d8d7 g2g3 h7h5
1101,g2g3 g7g5 f2f4 g5g4 b2b3 a7a6 e2e4 g8h6 h2h3 b8c6 c1a3 a6a5
1102,g2g3 h7h6 h2h3 b8a6 e2e4 a8b8 e1e2 c7c6 a2a4 a6c5 a1a2 b7b6
1103,g2g3 f7f6 f2f4 h7h6 h2h3 a7a5 f4f5 c7c5 e2e3 e8f7 d2d3 a5a4
1104,g2g3 a7a6 f2f4 h7h6 e2e4 f7f5 e4f5 b8c6 d2d4 g7g6 h2h3 a6a5
1105,d2d4 e7e6 c1g5 d7d5 e1d2 f7f6 b2b3 b7b6 f2f3 g7g6 b1c3 f6g5
1106,b1a3 e7e6 g2g3 h7h6 c2c4 g7g6 c4c5 f8c5 g1f3 f7f6 f3e5 f6f5
1107,h2h3 d7d5 d2d3 c7c6 g2g3 c8g4 b2b4 h7h5 h3g4 h5g4 h1h8 e8d7
1108,d2d4 c7c5 a2a3 c5d4 c1g5 d7d5 d1d4 c8g4 a1a2 b7b5 f2f4 g7g6
1109,b1c3 e7e6 b2b4 d8f6 a1b1 f6c3 b1a1 b8c6 a2a3 a8b8 d2c3 g8f6
1110,a2a4 b7b5 b1c3 d7d5 e2e3 e8d7 a1a2 b5a4 b2b4 e7e5 e3e4 d7e8
1111,d2d4 e7e6 c1e3 g7g6 a2a4 f7f6 h2h4 b7b6 h1h3 d7d5 a4a5 e8d7
1112,d2d4 d7d5 e2e3 e8d7 f1b5 d7e6 g2g3 b8a6 e1d2 f7f6 f2f3 a6b8
1113,g2g3 d7d5 h2h4 c8g4 d2d4 d8d6 a2a3 a7a6 f1h3 d6a3 b2a3 b8c6
1114,g2g3 h7h6 e2e4 f7f5 e4f5 a7a5 d1h5 g7g6 h5g6
1115,g2g3 a7a5 d2d4 g7g6 c2c4 g8f6 b2b4 b8c6 g1f3 e7e5 d4e5 a8b8
1116,b2b3 a7a6 d2d4 h7h6 h2h4 c7c6 h1h3 e7e5 a2a3 f8b4 c2c3 d7d5
1117,g2g3 a7a5 d2d4 g8h6 c2c4 h8g8 a2a4 d7d5 e2e4 h6g4 d1b3 h7h5
1118,d2d4 e7e6 a2a4 f7f6 b1a3 b8c6 h2h4 a7a5 h1h3 a8a7 b2b4 c6e5
1119,a2a4 d7d5 b1c3 c7c6 e2e3 g7g6 a1a2 g8f6 f2f3 h7h5 c3b5 c6c5
1120,d2d3 e7e5 d3d4 f7f5 a2a3 g7g6 h2h4 f5f4 c2c3 f8b4 d4e5 a7a6
1121,e2e4 e7e6 e1e2 g7g6 g1f3 d8e7 g2g3 f7f5 d2d4 b7b5 e2e3 f5e4
1122,g2g4 d7d5 c2c4 c8g4 c4d5 g7g5 f1h3 a7a6 h3g4 c7c6 b2b4 g8f6
1123,d2d4 e7e6 a2a4 f7f6 b1d2 d7d5 h2h3 b7b6 a1a2 e8d7 g1f3 d8e7
1124,b1c3 e7e5 d2d4 f8b4 a2a4 d7d6 a1a2 g7g6 e2e4 b4c3 d1d2 f7f5
1125,b2b4 d7d6 e2e4 h7h6 d2d3 g7g6 g2g4 d6d5 h2h3 e7e5 b1a3 f7f5
1126,d2d4 d7d5 c2c4 a7a6 b2b4 b7b5 b1c3 e7e5 c1g5 a6a5 a1c1 b8d7
1127,a2a4 d7d5 b1c3 h7h5 e2e3 c7c5 f1b5 d8d7 a1a2 h8h6 b5c4 d5c4
1128,d2d4 e7e6 a2a4 f7f6 h2h3 d7d5 c2c3 b8a6 b1a3 d8d6 g2g3 d6g3
1129,b1c3 d7d5 a2a4 c7c5 e2e3 c5c4 f1c4 e7e5 c4e2 c8g4 c3b5 a7a5
1130,d2d4 e7e6 c2c3 b8a6 g2g3 f8b4 c3b4 f7f6 h2h4 d7d6 d4d5 g7g5
1131,d2d4 g7g6 a2a4 c7c5 c1g5 d7d5 h2h4 d8b6 h1h3 e7e6 c2c3 h7h6
1132,b1c3 e7e5 f2f4 f8c5 a1b1 h7h5 c3a4 c5f2 e1f2 e8e7 c2c3 d7d5
1133,g2g4 g7g6 d2d3 h7h6 c1h6 f8h6 h2h3 d7d6 a2a3 h6e3 a1a2 f7f5
1134,b2b3 b8c6 d2d4 c6d4 c2c3 a7a6 h2h4 a8a7 c1a3 f7f5 d1d4 f5f4
1135,h2h3 d7d5 g2g3 h7h6 f2f4 a7a5 e2e3 b8c6 d1e2 h8h7 e2g4 h7h8
1136,g2g4 g7g5 d2d4 c7c5 c2c4 g8f6 c1g5 f6g4 f2f3 d8b6 g5f6 h7h5
1137,g2g3 a7a5 c2c4 b8c6 d2d4 b7b5 d1b3 h7h6 h2h4 a5a4 h1h3 g7g5
1138,d2d4 a7a6 f2f3 f7f6 b1c3 a8a7 c1d2 e7e6 a1b1 a6a5 b2b4 b8c6
1139,b1c3 d7d5 a2a3 c8g4 b2b3 b7b6 a1a2 c7c6 b3b4 d8c7 c3d5 c6d5
1140,a2a4 c7c5 g1h3 d7d6 b1c3 d8b6 h3g1 b6b2 f2f4 b2c2 g2g3 e7e5
1141,c2c4 g7g6 f2f3 h7h6 d1c2 b8c6 b2b4 b7b5 e2e4 f7f5 b1c3 c8a6
1142,c2c4 a7a6 e2e4 b8c6 f1e2 f7f5 d1c2 h7h5 e4e5 g8f6 f2f3 f6g8
1143,g2g3 h7h6 f2f4 f7f5 h2h3 a7a5 e2e3 h8h7 b2b3 a8a7 f1c4 b8a6
1144,g2g3 g7g6 f2f4 f7f5 h2h3 e8f7 e1f2 a7a5 c2c3 b8c6 d2d4 b7b5
1145,f2f3 h7h6 d2d4 b8a6 e1d2 a6b8 b2b3 b8c6 h2h3 f7f6 d2c3 a7a6
1146,g2g3 h7h6 f2f4 f7f5 h2h3 b8c6 e2e4 a7a5 b2b3 e8f7 c2c3 f7g6
1147,a2a4 c7c5 b1c3 d7d5 f2f4 c5c4 c3d5 h7h5 a1a2 h8h7 d5c7 d8c7
1148,f2f4 h7h6 g2g3 a7a5 h2h3 a8a7 e2e4 h8h7 b2b3 g8f6 e4e5 b8c6
1149,b2b4 d7d5 d2d4 b8d7 c2c4 f7f5 d1c2 b7b6 c4c5 b6b5 f2f3 g7g6
1150,h2h3 e7e6 g2g3 g7g6 h3h4 h7h6 b2b4 f7f5 g1f3 e6e5 c2c4 e5e4
1151,g1f3 b8c6 d2d4 b7b5 e2e4 c6e5 g2g4 g8f6 b1d2 e5g4 d4d5 h7h5
1152,c2c4 a7a6 e2e3 g7g6 g2g4 f7f5 f2f3 b8c6 g4g5 c6d4 c4c5 h7h6
1153,g2g3 b8a6 a2a4 h7h5 b1a3 h8h6 h2h3 b7b5 c2c3 d7d6 e2e4 h6f6
1154,h2h3 f7f5 f2f4 h7h6 g2g3 a7a5 e2e4 e8f7 d2d4 d8e8 b2b4 e7e6
1155,g2g3 e7e5 e2e3 f7f5 f2f4 e5e4 f1c4 g7g6 h2h3 f8c5 e1f2 b7b5
1156,g2g3 b8a6 f1h3 h7h6 e2e3 a6b8 b2b3 c7c6 f2f4 b8a6 d2d3 a6b4
1157,a2a3 b8c6 b2b4 a7a5 d2d4 f7f5 c2c4 a5b4 c4c5 c6d4 h2h4 a8a5
1158,b2b3 e7e5 f2f4 e5e4 c2c3 h7h6 h2h4 c7c6 g2g3 d7d5 d2d4 d8h4
1159,g2g3 a7a5 d2d3 f7f5 c2c4 g7g6 d3d4 b8c6 f2f3 b7b5 d1c2 b5b4
1160,g2g3 h7h6 e2e3 b8c6 d1g4 a7a5 g4h4 d7d5 f2f3 h8h7 b2b3 c8g4
1161,g2g4 b7b5 d2d3 d7d5 e2e4 f7f5 f1e2 d5e4 h2h3 e7e5 f2f4 f8c5
1162,g2g3 g7g5 f2f4 g5g4 e2e4 f7f5 f1c4 f5e4 f4f5 h7h6 h2h3 e7e6
1163,g2g3 g7g6 a2a4 c7c5 f2f4 h7h5 f1h3 h5h4 b2b4 h8h5 f4f5 d7d6
1164,a2a4 c7c5 b2b4 e7e5 b1c3 f8e7 h2h4 d8c7 f2f4 c7c6 g2g3 f7f6
1165,c2c4 c7c5 f2f3 e7e5 d1c2 g7g5 b1c3 f7f6 e2e3 d8c7 g2g3 g5g4
1166,c2c4 b8a6 e2e3 g7g6 g2g3 f7f5 g1f3 h7h5 b2b4 f8h6 h2h3 e7e6
1167,d2d4 e7e6 c1g5 b7b6 e1d2 d7d5 f2f3 g7g6 c2c4 a7a6 g5f6 d8d7
1168,b2b4 g7g5 d2d4 e7e6 c1g5 d7d6 e1d2 f7f5 e2e3 d8e7 g5e7 b8d7
1169,a2a4 c7c5 b1c3 d7d5 b2b4 e7e5 h2h3 c8g4 a1a2 b7b6 e2e4 e8d7
1170,d2d4 b8a6 e1d2 a6b4 b2b3 f7f5 e2e3 a8b8 d1f3 e7e6 f3d5 d8e7
1171,d2d4 b8c6 e1d2 a7a5 b2b3 a8a7 e2e4 f7f5 f2f4 c6d4 d2e1 d4b3
1172,c2c4 a7a6 e2e4 d7d5 g1e2 c8g4 f2f3 h7h6 g2g3 c7c6 f3g4 d5e4
1173,h2h3 g7g6 a2a4 c7c5 b1c3 g8f6 g2g3 b7b5 f2f4 c5c4 h3h4 e7e5
1174,b1a3 b7b6 d2d4 d7d5 c1g5 h7h6 h2h3 f7f6 e2e4 e8d7 a3b1 f6g5
1175,h2h3 h7h5 g2g3 h8h6 e2e4 d7d5 g1e2 d5e4 f2f4 c7c6 c2c3 d8c7
1176,c2c4 a7a6 e2e4 d7d5 c4c5 d5e4 f2f3 d8d2 b1d2 a8a7 g2g4 f7f5
1177,d2d4 d7d5 f2f4 f7f5 c2c4 a7a6 b2b4 g7g6 g2g3 b7b5 e1f2 e8f7
1178,c2c4 g7g5 g2g4 c7c5 d1c2 g8f6 g1f3 f6g4 f3g5 h7h5 c2e4 f7f6
1179,c2c4 d7d5 d1a4 b7b5 a4b3 e7e5 d2d3 h7h6 c1g5 c8g4 c4c5 g7g6
1180,g2g3 a7a5 c2c4 g7g5 d2d4 b7b5 b2b4 a5b4 g3g4 b4b3 c4c5 d7d6
1181,g2g3 b8a6 d2d4 g7g6 c2c4 f7f5 a2a4 e7e5 d4e5 a6c5 d1b3 a7a6
1182,d2d4 g7g6 a2a4 d7d5 c1g5 c7c5 b1c3 d8a5 d4c5 h7h5 d1c1 h8h6
1183,d2d4 b8a6 b2b4 g7g6 a2a4 e7e6 h2h4 d8e7 h1h3 f7f5 c1g5 e6e5
1184,d2d4 c7c5 f2f3 g7g6 c2c4 d7d5 c4d5 g6g5 b1c3 d8b6 c1g5 c8h3
1185,b2b3 b7b5 g2g3 f7f5 h2h3 g7g6 f2f4 h7h5 a2a4 d7d5 b3b4 g6g5
1186,d2d4 e7e6 c2c4 f8b4 d1d2 b8a6 d2c3 b4e7 c4c5 e7d6 c3a5 a6c5
1187,a2a3 b8a6 c2c4 e7e6 a1a2 f8c5 b2b4 e6e5 f2f3 b7b5 e2e3 a8b8
1188,b2b3 g7g6 h2h4 h7h6 h1h3 c7c6 c1a3 e7e5 d2d3 f8g7 d1d2 f7f5
1189,g2g3 f7f5 h2h3 g7g6 f2f4 e7e6 b2b4 d8h4 g3h4 e8d8 c2c4 e6e5
1190,g2g3 a7a5 f2f4 h7h6 f4f5 b8c6 e2e3 e7e5 b2b3 g7g5 f1c4 a8a7
1191,d2d4 a7a6 b2b4 b7b5 e2e4 f7f5 f2f4 f5e4 g2g4 a8a7 h2h3 b8c6
1192,g2g3 g7g5 g1f3 h7h5 e2e4 f7f5 h2h3 b7b5 e1e2 c8b7 d1e1 h8h7
1193,b2b4 d7d5 f2f3 c8g4 g2g3 e7e5 e2e3 f7f5 f3f4 d5d4 e3d4 e5d4
1194,f2f4 f7f5 h2h3 h7h6 a2a4 d7d5 b1c3 c7c5 d2d4 c5d4 e2e3 d4e3
1195,c2c4 d7d5 d1c2 h7h5 c4d5 a7a6 d2d4 b8d7 e2e4 d7c5 c1g5 c7c6
1196,c2c4 e7e5 g2g4 g7g6 d1c2 f7f5 f2f4 e8f7 e1f2 g6g5 g4f5 f8h6
1197,d2d4 e7e6 g2g3 f7f6 c1g5 e6e5 f2f4 b8a6 a2a4 a8b8 e2e3 d8e7
1198,c2c4 g7g6 d1b3 f7f5 h2h4 c7c5 b3c2 f5f4 a2a4 e7e5 h1h3 g8e7
1199,g2g3 h7h5 g3g4 f7f5 c2c4 g7g6 d1c2 e7e5 g4g5 b8a6 f2f4 g8f6
1200,g1f3 a7a6 f3g5 e7e6 g2g4 b8c6 e2e4 a6a5 f2f4 e8e7 e4e5 a8a7
1201,d2d4 g7g6 c1g5 d7d5 g1f3 g8h6 h2h4 b7b5 c2c3 c7c6 g5f6 g6g5
1202,b2b3 a7a5 c2c4 b7b5 d1c2 b8c6 e2e4 g7g5 c4b5 d7d6 f2f4 c8a6
1203,g2g4 b7b6 f2f3 b6b5 e2e4 a7a5 f1h3 d7d5 c2c4 c8g4 b2b4 d5d4
1204,e2e3 c7c5 g2g3 g8f6 e3e4 d8b6 f2f4 f6g8 f1c4 h7h5 h2h3 e7e5
1205,d2d4 e7e6 c2c4 f8b4 b1d2 b4c3 b2c3 g7g5 d2b1 d7d6 c1g5 e8d7
1206,h2h3 b7b5 g2g3 h7h6 e2e4 d7d5 f2f4 d5e4 h3h4 h8h7 g1f3 h6h5
1207,b2b4 h7h5 d2d4 g7g6 f2f3 f7f5 h2h4 b8a6 e1d2 a6b4 a2a4 c7c5
1208,b2b4 b7b5 e2e4 f7f5 f2f3 e7e5 c2c4 g7g5 d1c2 e8e7 f1e2 b8a6
1209,b1c3 d7d5 a2a4 c7c5 a1a2 h7h5 e2e3 a7a5 f1b5 d8d7 b5d7 e8d7
1210,d2d4 f7f6 g2g4 e7e6 d4d5 f8c5 e2e3 c5e3 h2h3 a7a6 c2c4 b8c6
1211,a2a4 c7c5 b1c3 d8b6 a1a3 d7d5 h2h3 c8d7 g2g4 d7g4 h3g4 h7h5
1212,c2c4 d7d5 g2g3 b7b5 c4d5 h7h5 d1c2 e7e5 f2f4 f8c5 d5d6 b8c6
1213,b2b4 b7b5 e2e4 f7f5 f2f3 f5e4 f3e4 e7e5 g2g4 g8f6 g1f3 g7g5
1214,b2b4 g7g6 g1f3 f7f5 h2h4 b7b5 f3g1 e7e5 f2f4 e5e4 g2g3 d7d5
1215,h2h4 h7h6 h1h3 d7d5 d2d3 e8d7 c1f4 d8e8 c2c3 g7g5 b2b3 c7c6
1216,e2e3 g7g6 b1c3 d7d5 b2b4 e8d7 f2f3 b7b6 a1b1 e7e6 d1e2 f7f6
1217,b2b4 f7f5 c2c4 d7d5 d1b3 a7a6 h2h4 a8a7 f2f3 b8c6 d2d4 d8d7
1218,b2b3 e7e5 f2f4 d8h4 g2g3 f7f5 c2c4 g7g6 d1c2 b8a6 h2h3 e8e7
1219,f2f4 h7h5 d2d4 a7a6 d1d3 a6a5 c2c4 g8h6 e1f2 b8c6 d3b3 g7g5
1220,d2d3 f7f5 d3d4 g7g6 c2c3 b8a6 c1g5 f5f4 h2h4 a6c5 g5h6 d7d6
1221,g2g3 g7g6 f2f4 f7f5 b2b4 b8a6 e2e3 a6b4 a2a4 a7a5 e1e2 e7e6
1222,b2b4 b8a6 b1c3 a8b8 a1b1 e7e5 e2e4 f8e7 g1f3 a6b4 c3b5 b4a6
1223,h2h3 e7e6 g2g3 b8c6 d2d4 f8b4 c2c3 g7g6 g1f3 d8f6 h3h4 f6f3
1224,b2b4 b8a6 b1c3 a8b8 a2a4 e7e5 a1a2 f8e7 e2e3 a6b4 g2g3 g8h6
1225,a2a4 d7d5 d2d4 a7a6 b1c3 a8a7 c1g5 c8g4 a1a3 b7b6 d1d2 g4c8
1226,g2g4 b7b5 f2f4 b8c6 a2a4 d7d5 e2e3 g8f6 f1b5 h7h5 a1a3 h8h6
1227,a2a4 d7d5 b1c3 c7c5 b2b4 d8c7 f2f4 h7h6 a1a3 h8h7 f4f5 h6h5
1228,a2a4 c7c5 h2h3 d8b6 b1c3 g7g5 g2g3 h7h5 f1g2 h8h7 g3g4 d7d5
1229,g2g3 h7h6 h2h4 a7a5 b2b3 g8f6 d2d4 a8a6 c2c3 b8c6 c1g5 h8h7
1230,b2b4 b8a6 d2d4 a6c5 g2g3 d7d6 b4b5 d6d5 c2c3 a7a5 h2h4 c8g4
1231,g2g3 b8c6 d2d4 f7f6 g3g4 b7b5 c2c4 e7e5 d4e5 f6e5 d1c2 d8e7
1232,h2h3 b8c6 c2c3 e7e6 d2d4 d7d6 c1g5 c6e5 a2a4 h7h5 d1c2 a7a6
1233,d2d4 e7e6 c2c4 b7b5 d1b3 f7f6 h2h4 d7d5 g1f3 e6e5 b3c3 f8a3
1234,b2b3 e7e6 e2e3 g7g6 g2g3 f7f5 h2h3 b7b5 d1f3 e6e5 f3a8 f5f4
1235,a2a4 d7d5 b1c3 h7h5 b2b4 b7b6 d2d3 c8g4 a1a3 d5d4 h2h4 g8f6
1236,c2c4 d7d5 d1c2 a7a5 f2f3 f7f5 b1c3 a8a6 b2b4 a5b4 a1b1 e7e5
1237,h2h3 d7d5 b2b3 h7h6 d2d4 g7g5 g2g4 b7b5 c1g5 c7c6 b1c3 c8f5
1238,b1c3 d7d5 a2a3 c8g4 a3a4 c7c5 a1a3 h7h5 c3d5 h8h6 d5f6 g8f6
1239,c2c4 a7a6 e2e4 b8c6 f2f3 h7h6 c4c5 d7d5 d1c2 d5e4 f1a6 h8h7
1240,b1c3 d7d5 b2b4 e7e5 a1b1 c8g4 c3a4 c7c6 c2c3 g8h6 g1f3 b7b6
1241,c2c4 b7b5 d1c2 a7a6 e2e4 f7f5 f2f3 g7g6 b2b4 e8f7 e1d1 f8h6
1242,b2b3 e7e6 g1f3 f7f5 h2h3 f5f4 g2g3 g7g6 c1a3 b7b5 c2c3 c8b7
1243,b1c3 d7d5 f2f4 h7h6 a2a4 b7b5 b2b4 a7a5 a1a3 a8a6 f4f5 e7e5
1244,a2a4 e7e5 f2f4 h7h5 a1a3 f8e7 f4f5 g8f6 c2c4 c7c5 b1c3 a7a6
1245,d2d4 d7d5 f2f3 f7f5 b1c3 b8a6 e1d2 c7c5 b2b3 d8c7 d1e1 b7b5
1246,a2a3 b8c6 b1c3 a7a5 a3a4 c6e5 a1a3 a8a7 c3b5 e5c4 b5a7 h7h6
1247,e2e3 g8h6 b1a3 d7d6 e3e4 e8d7 f2f4 b8a6 a3c4 d8e8 g2g4 h6g4
1248,g2g4 a7a6 e2e4 d7d5 f2f3 d5e4 f3e4 c8g4 c2c4 c7c6 b2b4 h7h6
1249,c2c4 h7h6 g2g4 g7g6 d1c2 c7c6 d2d3 e7e5 f2f4 a7a5 b1a3 a8a6
1250,c2c4 g7g6 f2f4 d7d5 g2g3 f7f5 c4d5 h7h6 e2e4 c7c5 d2d4 d8c7
1251,b2b3 g7g6 h2h4 f7f5 a2a4 c7c5 b3b4 f5f4 a1a2 b7b6 h1h3 a7a6
1252,d2d4 e7e6 c1g5 b8a6 e1d2 a8b8 e2e3 g8h6 b2b4 h6g8 c2c3 b7b5
1253,g1f3 h7h6 g2g3 b8c6 e2e4 h6h5 h2h3 g8f6 a2a4 a7a5 a1a2 h8h6
1254,d2d4 g7g6 g1f3 f7f5 h2h4 e7e5 d4e5 d7d5 a2a3 g6g5 g2g3 b7b5
1255,g2g4 b7b5 d2d3 e7e6 e2e3 f7f6 b1c3 c7c5 b2b4 f8d6 h2h3 d6c7
1256,d2d4 b8a6 b2b3 e7e6 e1d2 d8e7 b1c3 a6b4 a2a4 f7f5 f2f4 g7g6
1257,g2g3 f7f5 h2h3 g8h6 b1c3 e7e5 f2f4 e8f7 f4e5 d7d5 a2a4 f5f4
1258,e2e4 e7e6 f2f4 h7h6 g2g3 f8c5 e1e2 e8e7 h2h3 a7a5 d2d3 g8f6
1259,c2c4 d7d5 d1c2 d8d6 e2e4 e8d7 f2f3 f7f6 c4d5 g7g6 b1a3 e7e6
1260,b2b4 b8c6 e2e3 a7a5 c2c4 h7h6 d2d4 g7g6 e1d2 a8a7 h2h3 c6d4
1261,d2d4 d7d5 b2b4 c7c6 c2c3 b7b5 h2h3 h7h6 g2g4 c8g4 e2e4 e7e5
1262,d2d4 g7g6 g2g4 d7d5 h2h3 g6g5 c1g5 b8c6 g5e3 h7h6 c2c3 a7a5
1263,d2d4 d7d5 e1d2 b7b5 b2b3 f7f6 e2e3 e8d7 f1c4 g7g6 g2g4 b5c4
1264,g2g3 h7h5 g1f3 b8c6 e2e3 a7a6 d2d4 a6a5 h1g1 b7b5 b2b4 g8h6
1265,b2b4 b7b5 b1c3 a7a5 e2e4 d7d5 d1h5 d5e4 a2a4 d8d3 f2f3 d3e3
1266,h2h3 d7d5 b1a3 b7b5 a1b1 g8h6 a3c4 b5c4 e2e4 h6g8 g1f3 f7f6
1267,g2g3 a7a5 f2f4 h7h5 e2e4 f7f5 b2b3 h8h6 e4f5 b8c6 c2c4 a8a6
1268,b1c3 e7e5 g1h3 g7g6 a2a4 h7h6 a1a2 f8e7 h1g1 f7f5 f2f3 b7b5
1269,g2g3 a7a5 f2f4 h7h5 f4f5 b8c6 e2e4 e7e5 b1a3 c6d4 a1b1 f8e7
1270,b2b3 g7g6 h2h4 f7f5 a2a4 e7e5 h1h3 c7c6 f2f4 e5e4 g2g3 g6g5
1271,b2b4 d7d6 c2c4 h7h5 d1b3 h8h6 f2f4 c8e6 d2d4 b8c6 e2e3 e6g4
1272,g2g3 g7g5 f2f4 c7c5 e2e4 d8b6 g1f3 f7f5 f4g5 f5e4 e1f2 b6g6
1273,c2c4 c7c5 f2f3 g7g5 e2e3 g8f6 g2g3 e7e5 e1f2 d8c7 d1c2 c7d8
1274,c2c4 b7b5 c4b5 c7c5 b5c6 d8c7 g2g3 e7e5 f2f4 f7f5 e2e4 g8f6
1275,g2g4 b7b5 g1f3 d7d5 d2d4 c7c6 f3g5 f7f5 c2c4 a7a6 c4c5 d8c7
1276,b2b3 b8c6 a2a4 a7a6 a1a2 f7f6 g1h3 e7e5 h1g1 e8e7 h3g5 a6a5
1277,d2d4 d7d5 f2f3 f7f5 a2a3 b7b5 a1a2 g7g6 b1d2 e7e6 d2e4 b8a6
1278,g2g4 g7g6 g4g5 h7h6 h2h4 h6g5 h1h3 h8h7 a2a4 b7b6 b1c3 d7d5
1279,c2c3 e7e5 c3c4 c7c5 e2e4 f7f5 f2f4 f5e4 g2g3 g7g6 d1e2 e5f4
1280,b2b4 g7g6 c2c4 b7b5 d1c2 g6g5 b1c3 a7a6 e2e4 d7d5 c3e2 d5d4
1281,d2d4 e7e6 c1g5 b8a6 c2c4 f8b4 d1d2 d8g5 d4d5 g5h6 d2b4 g7g6
1282,g2g3 a7a5 c2c3 f7f5 d2d4 b7b5 h2h3 h7h5 b2b3 d7d6 f2f4 b5b4
1283,g2g3 a7a5 c2c4 b8c6 d2d4 b7b5 h2h3 h7h6 c4c5 g7g5 a2a4 d7d6
1284,g2g4 g7g6 g4g5 h7h6 h2h3 h6g5 f2f4 a7a5 e2e4 g8f6 d1e2 d7d5
1285,b2b4 a7a6 c1a3 d7d5 e2e4 f7f6 f2f3 a8a7 a3c1 b8c6 b1c3 e7e5
1286,b2b3 b7b5 h2h3 f7f6 b3b4 b8c6 d2d3 a8b8 g2g4 e7e5 a2a4 h7h6
1287,b2b3 a7a6 a2a4 d7d5 b3b4 a8a7 b1c3 d8d6 f2f3 d6b4 c3a2 c8g4
1288,g2g3 a7a5 d2d3 f7f5 d3d4 e7e5 c2c4 f8b4 d1d2 b8c6 d4e5 g8e7
1289,c2c4 b7b5 d1c2 h7h5 c4c5 f7f6 c2g6
1290,c2c4 g7g6 f2f3 f7f5 b2b4 b7b5 d2d3 e7e5 d1c2 e8f7 g2g3 b8a6
1291,g2g3 h7h6 c2c4 g7g6 g1f3 c7c6 e2e4 b7b6 c4c5 f7f5 a2a4 b6c5
1292,c2c4 d7d5 e2e4 f7f5 d1f3 b8a6 e4d5 a8b8 c4c5 d8d7 f3d1 a6b4
1293,a2a3 d7d5 b1c3 c8g4 c3d5 c7c6 d5e7 h7h6 c2c3 e8e7 a1b1 g7g6
1294,f2f4 h7h6 g2g3 f7f5 e2e3 e8f7 d1h5 g7g6 f1c4 f7f6 h5h4 g6g5
1295,c2c4 h7h6 e2e3 g7g6 b1a3 d7d5 f2f3 c7c5 e3e4 d5c4 d1c2 g6g5
1296,b1c3 e7e5 c3b5 f7f5 b5d6 e8e7 d6e4 g8h6 d2d4 f5e4 f2f4 a7a5
1297,b2b3 f7f6 b3b4 c7c5 b1c3 d8c7 h2h4 g7g5 h1h3 c5c4 d2d3 g5h4
1298,c2c4 d7d5 d1c2 a7a6 f2f3 c8g4 e2e4 c7c6 g1e2 h7h5 f3g4 h8h6
1299,d2d3 c7c5 g2g3 d8c7 c1h6 f7f6 g3g4 c5c4 c2c3 a7a6 d3d4 a8a7
1300,f2f3 c7c5 b2b4 g7g5 f3f4 e7e6 f4g5 g8f6 g2g3 d8c7 b1a3 c7g3
1301,g2g3 b7b5 f2f4 h7h6 f4f5 h6h5 f5f6 a7a6 d2d4 a8a7 c2c4 g7g5
1302,b1c3 e7e5 d2d4 e5e4 a2a4 b7b6 a1b1 f8c5 b2b4 c7c6 f2f3 c5e7
1303,c2c4 h7h6 b1a3 g7g6 h2h4 c7c5 f2f4 f7f6 d1c2 f6f5 h1h3 e7e5
1304,c2c4 d7d5 g2g4 c7c5 d1a4 b8d7 a4d7 d8d7 c4d5 a7a6 f1g2 f7f6
1305,d2d4 b8a6 a2a4 a8b8 a1a2 b8a8 b2b3 e7e6 a4a5 d8e7 e2e3 f7f6
1306,e2e3 c7c5 d2d4 g7g6 d4c5 h7h5 f2f4 d8c7 e3e4 a7a5 f1c4 f7f5
1307,d2d4 g7g6 c1g5 e7e6 b2b4 d7d5 e1d2 b7b6 e2e4 e8d7 f2f3 f8c5
1308,c2c4 h7h6 b2b4 b8c6 h2h4 a8b8 c4c5 e7e5 d2d4 b7b5 b1a3 e8e7
1309,b1c3 d7d5 a2a4 c7c5 a1a2 c8g4 e2e3 g7g6 f1b5 d8d7 e3e4 c5c4
1310,c2c4 d7d5 e2e4 f7f6 e4d5 a7a6 d2d3 d8d5 g2g4 f6f5 g1e2 c8d7
1311,d2d4 e7e6 a2a4 c7c5 b1c3 d7d5 e1d2 f7f5 b2b3 f5f4 e2e4 g7g6
1312,g2g3 c7c5 e2e4 d8c7 c2c4 g7g5 f2f4 g5g4 e4e5 f7f5 d1c2 e8d8
1313,g2g3 a7a5 d2d4 b8c6 c2c4 b7b5 c4c5 f7f5 h2h3 c6d4 d1c2 e7e5
1314,a2a4 d7d5 b1c3 c8g4 b2b4 c7c5 g2g3 b8d7 c3d5 h7h6 d5b6 a7b6
1315,b2b4 f7f5 h2h3 f5f4 b1c3 a7a5 b4a5 a8a7 a1b1 g7g6 g2g3 f8h6
1316,g2g3 a7a5 d2d4 b7b5 f2f4 h7h6 e1f2 b8c6 h2h4 a8b8 c2c3 c6a7
1317,g2g3 g8h6 g1h3 h6g8 e2e4 f7f5 f2f4 b7b6 e1f2 h7h6 h3g1 h8h7
1318,b1c3 d7d5 c3b5 c8g4 a2a3 c7c5 d2d4 c5c4 d1d2 b8a6 d2g5 e8d7
1319,a2a4 h7h5 g2g4 d7d5 a1a2 c8g4 d2d4 c7c6 b1d2 g4f3 g1f3 h8h6
1320,d2d4 a7a6 c2c4 d7d5 f2f3 c8g4 e2e4 g7g5 b2b3 h7h6 e1d2 g4f3
1321,g2g4 d7d5 d2d4 a7a6 b1d2 b7b6 a2a3 b6b5 e2e4 b5b4 e4e5 c8b7
1322,g2g3 a7a5 c2c4 b8c6 b2b4 a8a6 c4c5 c6d4 e2e4 b7b5 f2f4 f7f5
1323,b1c3 e7e5 e2e3 e8e7 c3b5 c7c5 a2a4 e7e6 d1h5 g7g6 f2f3 e5e4
1324,g2g3 c7c5 h2h3 d8b6 c2c4 g7g5 b2b4 d7d6 g1f3 c8h3 b4c5 g8f6
1325,a2a3 e7e5 b2b4 f7f5 h2h4 d7d5 d2d4 b7b5 d4e5 e8f7 c2c3 a7a6
1326,g2g3 a7a5 c2c4 b8c6 d2d4 b7b5 c4b5 a8a6 b5a6 c6a7 f2f3 f7f6
1327,g2g3 a7a5 e2e4 f7f5 f2f4 h7h6 b2b3 b8a6 f1h3 h8h7 e4f5 e7e6
1328,g2g3 h7h5 a2a4 h8h6 g3g4 f7f5 d2d4 e7e6 g4f5 c7c5 b1c3 g8f6
1329,e2e3 g7g6 b2b4 f7f5 f2f4 a7a5 e3e4 h7h6 b4b5 g8f6 a2a4 g6g5
1330,g2g3 f7f5 a2a4 g7g6 b1c3 b7b6 f2f4 h7h6 e2e3 a7a5 g1f3 e8f7
1331,a2a4 e7e6 d2d4 a7a5 c1g5 f8b4 b1c3 a8a7 g2g4 b4f8 g5h6 b8a6
1332,g2g3 f7f5 h2h3 b7b5 a2a4 e7e5 c2c4 d7d5 e2e3 h7h5 e1e2 a7a6
1333,b1c3 b7b6 e2e3 b6b5 a1b1 a7a5 c3b5 b8c6 e3e4 h7h5 e4e5 e7e6
1334,a2a4 d7d5 b1c3 h7h5 a1a2 b7b6 c3d5 f7f6 e2e3 c7c5 f1c4 e7e6
1335,a2a4 d7d5 b1c3 c7c5 b2b4 c5b4 c3d5 g8h6 a1a2 d8d5 a4a5 g7g5
1336,a2a4 d7d5 g1h3 b7b5 b1c3 c8g4 a1a2 c7c5 h3g5 g4f5 a4a5 b8c6
1337,a2a4 b7b5 a1a2 d7d5 b1c3 h7h5 e2e4 d5e4 c3e4 c7c5 d2d4 c8a6
1338,b1a3 c7c5 b2b4 d8b6 g2g3 g7g5 f2f4 b6e6 a3c4 g5g4 f1h3 e6c4
1339,c2c4 b7b5 g2g3 d7d6 f2f4 g7g5 e2e4 d6d5 e4e5 g5g4 c4c5 f7f5
1340,b2b4 d7d5 f2f3 f7f5 c2c4 e7e5 d1c2 d8g5 e1d1 e8e7 b1a3 g7g6
1341,b2b4 g7g6 h2h4 h7h6 d2d4 g6g5 e2e4 d7d6 d4d5 e7e6 f2f4 e8e7
1342,g2g3 a7a5 b2b3 b8c6 f2f4 g8f6 h2h4 e7e6 c2c4 e8e7 d2d4 a8a7
1343,b1c3 b7b6 c3d5 g7g6 f2f4 f7f5 b2b3 h7h6 h2h3 e7e6 c2c3 d8h4
1344,b2b4 b8c6 d2d4 c6b4 c1g5 f7f6 h2h3 b7b5 c2c3 c7c5 d4c5 f6f5
1345,b2b3 g7g6 h2h4 f7f5 f2f4 e8f7 g1f3 h7h6 c2c3 c7c6 e2e4 b7b5
1346,g2g3 g8f6 f2f4 a7a5 e2e4 b8c6 b2b3 h8g8 c2c3 b7b5 e4e5 a8b8
1347,c2c4 b7b5 f2f3 h7h5 d1c2 d7d6 c4c5 g7g5 e2e4 h8h6 g1e2 b8a6
1348,b1a3 c7c5 b2b4 d8c7 f2f4 f7f5 e2e3 g7g6 g2g3 a7a5 b4c5 b7b6
1349,c2c4 b7b5 d1c2 a7a5 c2g6 d7d5 g2g3 c8g4 g6f7 e8d7 g1f3 d7c6
1350,a2a4 d7d5 b1c3 h7h5 a1a3 c7c6 b2b4 c8g4 c3e4 d5e4 d2d3 g4f3
1351,b1c3 d7d5 a2a4 c8g4 b2b4 c7c6 a1a3 h7h5 d2d3 b7b6 c3a2 g4f3
1352,b2b3 g7g6 h2h4 f7f5 f2f4 e8f7 a2a4 h7h6 b1c3 b7b6 e1f2 c7c6
1353,g2g3 g7g5 f2f4 g5g4 f4f5 b8a6 b1a3 a8b8 a3c4 f7f6 c4a5 e7e5
1354,b1c3 d7d5 b2b4 c8g4 f2f3 h7h6 f3g4 c7c6 a1b1 h6h5 e2e4 h8h6
1355,a2a3 b8c6 b2b4 e7e5 h2h4 a8b8 d2d4 d8h4 c2c3 f7f5 e2e4 h4h2
1356,g1f3 b8c6 h2h4 a8b8 d2d4 d7d6 c2c3 h7h5 c1h6 h8h6 b2b3 g8f6
1357,g2g3 h7h6 b1a3 g8f6 g1f3 h6h5 a1b1 b7b6 b1a1 c7c6 f3d4 a7a5
1358,e2e3 h7h6 a2a3 c7c5 b1c3 g8f6 h2h3 g7g6 e1e2 c5c4 g1f3 d7d5
1359,b2b3 g7g6 e2e3 c7c6 e3e4 g8f6 b3b4 c6c5 f2f4 f6e4 g2g3 d8c7
1360,g2g3 a7a5 f2f4 h7h5 e2e4 b8a6 f4f5 a6c5 g1e2 g7g6 e1f2 e7e5
1361,h2h3 b8c6 b2b3 e7e6 e2e3 e8e7 d2d4 a7a5 c2c3 h7h6 c1a3 d7d6
1362,g2g3 f7f5 e2e3 g7g6 f1g2 c7c5 f2f4 b7b5 g2a8 d8c7 g1f3 f8g7
1363,d2d4 e7e6 c1g5 b7b6 c2c3 d7d5 g1f3 e8d7 h2h4 g7g6 b2b3 f8b4
1364,d2d4 d7d5 h2h4 g7g5 f2f4 g8h6 b1a3 e8d7 e2e3 d7e6 a1b1 h6f5
1365,g2g3 g7g6 f2f4 f7f5 e2e3 b7b5 b2b4 e8f7 e3e4 f5e4 d1e2 c7c6
1366,b1c3 e7e5 f2f4 h7h6 g2g3 g7g5 e2e3 e5e4 d1h5 b8c6 f1c4 g5g4
1367,a2a4 e7e5 f2f4 f7f6 g2g3 g7g5 b2b3 b7b5 e2e4 g5g4 d1g4 f6f5
1368,g2g3 h7h5 e2e3 b7b5 g3g4 h5g4 d2d3 b8c6 f1h3 a8b8 b1d2 e7e6
1369,h2h3 g7g6 g2g3 h7h6 f2f4 f7f5 d2d4 e7e6 b2b3 f8b4 e1f2 d8h4
1370,g2g3 g7g5 f2f4 g5g4 a2a4 f7f5 b1c3 h7h5 h2h3 b7b6 e2e4 e7e5
1371,d2d4 g7g6 c2c4 e7e6 c4c5 d7d5 c1g5 c7c6 f2f3 b7b5 a2a4 b5b4
1372,d2d4 e7e6 c1g5 d7d5 b2b3 b7b6 e1d2 e8d7 f2f3 f7f6 b1c3 f8a3
1373,b1c3 c7c5 a1b1 a7a5 a2a4 e7e6 e2e4 a8a7 c3a2 g7g6 a2c3 f8h6
1374,d2d4 e7e5 c2c4 f8b4 d1d2 h7h6 g1h3 g7g6 c4c5 f7f5 d4e5 d7d6
1375,d2d4 b8a6 c2c4 e7e6 h2h4 f8b4 d1d2 d8f6 h1h3 f6f2 e1d1 f2g2
1376,d2d4 d7d5 f2f4 h7h5 b1c3 b8a6 b2b4 c8g4 a2a4 c7c6 a4a5 a6c7
1377,d2d4 f7f6 g2g4 b7b5 h2h3 d7d6 d4d5 g7g5 f1g2 c7c5 c2c3 c8f5
1378,g2g3 h7h6 c2c4 a7a5 d1c2 b8c6 b1c3 a8a7 c4c5 h8h7 f1h3 a5a4
1379,g1f3 h7h5 h2h3 a7a5 c2c4 b7b5 d2d4 d7d6 b1d2 b8a6 c4c5 g7g5
1380,d2d4 b8a6 c2c4 a8b8 d4d5 e7e5 c1g5 a6b4 d1b3 f8c5 g1f3 d7d6
1381,d2d4 b7b6 c2c4 d7d5 b2b4 d5c4 f2f3 e8d7 e1d2 e7e5 d4d5 d8e8
1382,b1a3 c7c5 b2b4 f7f6 a1b1 e7e6 f2f3 g7g6 f3f4 d7d5 g2g3 a7a5
1383,h2h3 d7d5 b1a3 d8d7 g2g3 d7e6 d2d4 f7f6 g3g4 e8d7 a1b1 e6b6
1384,d2d4 g7g5 d1d3 e7e6 d3e4 d7d6 e4e6 f7e6 c1e3 d8e7 d4d5 e6e5
1385,d2d4 b8a6 c2c4 a8b8 c1g5 e7e6 c4c5 f8c5 d4c5 a6c5 g1f3 e6e5
1386,a2a3 d7d5 g2g3 b7b5 f2f4 a7a5 e2e4 h7h5 b2b4 a5b4 a3b4 d5e4
1387,g2g3 g7g6 f2f4 f7f5 h2h3 h7h6 d2d4 d7d6 a2a4 e7e5 d4e5 d6e5
1388,d2d4 d7d5 b1c3 f7f6 g1f3 a7a6 f3e5 c7c5 a2a3 c8h3 a1b1 h3g2
1389,b2b4 b7b5 a2a4 d7d5 b1c3 e7e5 a1a2 e8e7 d2d4 e5e4 c1h6 f7f6
1390,d2d4 c7c5 e2e3 g7g6 e3e4 d7d5 a2a3 d5e4 c1g5 d8d4 c2c3 d4e3
1391,b2b4 g7g6 a2a4 f7f5 h2h4 e7e5 b1c3 f5f4 c3d5 g8e7 c1b2 c7c5
1392,b2b4 a7a5 d2d4 b8c6 b4a5 f7f5 h2h4 b7b5 f2f4 e7e5 d4d5 e8e7
1393,h2h4 d7d5 d2d3 c8f5 d3d4 f5h3 c1g5 c7c6 c2c3 h3g2 g1f3 a7a6
1394,g2g4 f7f5 g4g5 g8f6 f2f4 d7d5 e2e3 f6g4 h2h3 d5d4 b1c3 b8a6
1395,g2g3 h7h6 g1f3 d7d5 d2d4 c8h3 c2c4 a7a6 b2b4 g7g5 b1d2 c7c6
1396,b1c3 e7e5 f2f4 h7h6 g2g3 f7f5 c3b1 g7g6 b1a3 g8e7 f4e5 c7c5
1397,b1c3 e7e5 a2a4 b7b6 g1f3 f8a3 b2a3 c7c6 e2e3 a7a6 f3e5 g7g6
1398,b2b3 e7e6 g2g3 g7g6 d2d3 a7a6 f2f4 d7d5 d3d4 c7c6 h2h4 b7b5
1399,b2b3 f7f6 b3b4 a7a6 f2f4 b8c6 d2d4 e7e5 b4b5 c6a5 e1d2 f8b4
1400,b2b3 g8h6 h2h3 e7e5 d2d4 d7d6 e2e4 b7b5 e1e2 e8e7 g2g4 f7f6
1401,d2d4 e7e6 a2a4 f7f6 h2h4 c7c5 c2c3 e6e5 d4e5 b7b5 c1f4 a7a6
1402,d2d4 e7e6 c2c4 f8b4 b1c3 c7c6 h2h4 e6e5 g1f3 e5e4 c4c5 g7g6
1403,b1a3 b7b6 d2d3 d7d5 g2g3 e8d7 f2f4 f7f5 d1d2 a7a5 b2b4 e7e5
1404,g2g3 d7d5 e2e3 g7g6 d2d3 c7c5 f2f3 c5c4 g3g4 g6g5 d3c4 c8g4
1405,b2b4 g7g6 e2e3 f7f5 c1b2 e7e5 f2f4 c7c5 b2c1 g8f6 a2a4 e5f4
1406,b1c3 d7d5 g1h3 c8g4 a2a4 h7h6 a1a2 b7b6 c3d5 d8d7 d5f6 e8d8
1407,g2g3 h7h6 e2e3 h8h7 b1a3 b8a6 a1b1 d7d6 d1e2 c8e6 b1a1 e6g4
1408,h2h3 d7d5 b1c3 e8d7 a2a4 b7b6 a1a2 e7e6 c3d5 f8a3 g2g4 e6e5
1409,b2b4 d7d5 c2c4 a7a5 f2f3 d5c4 e2e4 e8d7 d1c2 b7b6 d2d3 a8a6
1410,g2g3 a7a5 e2e3 b7b5 h2h3 h7h6 e3e4 d7d5 e1e2 e8d7 f2f3 e7e6
1411,b1c3 e7e5 e2e3 c7c6 e1e2 f8a3 g1h3 g7g6 a1b1 d8c7 c3e4 f7f6
1412,g2g3 a7a6 f2f4 a6a5 e2e4 f7f5 c2c4 b7b5 c4b5 h7h5 e4f5 b8c6
1413,e2e3 c7c5 g2g3 g8f6 e3e4 h7h5 f2f4 a7a5 f4f5 b7b5 g1f3 c5c4
1414,c2c4 b8c6 g1h3 e7e6 c4c5 h7h6 d2d4 d7d6 h1g1 f8e7 d1c2 b7b5
1415,g2g4 b7b5 d2d3 a7a5 f1h3 d7d5 h3f1 a5a4 e2e3 e8d7 f2f3 f7f5
1416,h2h4 c7c5 d2d4 e7e5 b2b3 f8e7 c1e3 g8f6 e3d2 c5c4 e2e3 g7g5
1417,g2g3 e7e5 f2f4 f8c5 c2c4 e5e4 b2b4 f7f6 g1f3 c5b4 d1c2 g7g5
1418,c2c4 b7b5 e2e3 a7a6 f2f3 h7h5 d1c2 d7d6 d2d4 a6a5 e1d2 b8d7
1419,d2d4 d7d5 h2h4 c8e6 b2b3 a7a6 c2c4 g7g6 h1h2 e6h3 g2h3 f7f5
1420,b1c3 h7h5 g1h3 d7d5 e2e3 b8a6 d2d3 a6b8 f2f4 c7c5 h1g1 f7f5
1421,a2a4 h7h6 e2e3 d7d5 b1a3 c7c6 d2d3 d8c7 a3b1 c8g4 c1d2 c7d8
1422,g2g3 g7g6 f2f4 f7f5 e1f2 h7h6 d1e1 e8f7 h2h3 d8e8 h3h4 d7d5
1423,g2g3 h7h5 c2c4 g8f6 g3g4 g7g5 g1f3 f8h6 f3g5 b7b5 d1c2 f6g4
1424,h2h4 b7b6 d2d3 d7d5 h1h2 b6b5 b2b4 e8d7 e1d2 g8h6 f2f4 c7c6
1425,b2b4 g7g6 g2g3 f7f5 f2f4 a7a5 h2h3 e8f7 e1f2 h7h5 d2d4 f7e6
1426,g2g3 h7h5 c2c4 b8c6 b1c3 e7e5 c4c5 b7b6 g3g4 f7f5 d2d4 e5e4
1427,d2d4 g7g6 g2g4 c7c5 d4d5 b7b5 d1d2 f7f5 d2g5 e7e5 f2f4 f5g4
1428,b1c3 b7b6 a2a4 h7h6 g1f3 f7f6 e2e4 c7c6 f3g1 d8c7 f1c4 d7d5
1429,g2g3 f7f5 h2h3 g7g6 a2a4 f5f4 b1c3 e7e5 a1a3 b8c6 g1f3 f8a3
1430,b2b3 g7g6 h2h4 f7f5 b3b4 b7b5 c1a3 b8a6 f2f4 e7e5 g2g3 h7h6
1431,h2h3 d7d5 g2g3 f7f6 e2e3 a7a5 b1c3 e8d7 c3d5 c7c5 f2f3 h7h5
1432,b2b4 d7d5 e2e3 g8h6 d2d4 f7f5 f2f4 b8d7 g2g3 a7a5 b4a5 e7e5
1433,h2h3 d7d5 b1a3 e8d7 a3b5 a7a5 a2a4 b7b6 b5c3 e7e6 g1f3 f8a3
1434,h2h3 b8a6 g2g4 a8b8 g4g5 e7e6 d2d3 e6e5 d3d4 e5d4 d1d4 g8f6
1435,c2c4 b7b5 e2e3 b8c6 f2f3 h7h5 d1b3 a7a6 e3e4 c6b4 e1d1 g8f6
1436,h2h3 a7a6 g2g4 b8c6 b1c3 a6a5 a1b1 a8b8 e2e4 e7e6 f1e2 e8e7
1437,g2g3 g7g6 f2f4 f7f5 h2h3 h7h6 e1f2 e8f7 c2c3 c7c6 b1a3 a7a5
1438,c2c4 d7d5 e2e4 h7h5 f2f3 f7f5 e4d5 c7c5 e1e2 g7g5 h2h3 d8d7
1439,a2a4 e7e5 d2d4 c7c5 d4c5 f7f6 c1g5 d8c7 c2c3 f8e7 d1d4 f6g5
1440,a2a4 h7h6 b1c3 d7d5 a1a2 c8g4 g1h3 c7c5 e2e4 c5c4 f1c4 d5e4
1441,c2c4 c7c6 e2e4 d7d5 f2f3 g7g5 g2g4 d5e4 g1e2 b7b6 d1c2 c8g4
1442,a2a4 e7e5 b2b4 d7d5 b1c3 e8d7 f2f4 b7b6 c3d5 f7f5 h2h3 d7d6
1443,a2a4 d7d5 b1c3 b7b6 a1a2 e8d7 e2e3 e7e5 b2b3 a7a5 f1a6 b8a6
1444,b1c3 d7d5 c3b1 g8h6 b1a3 c7c5 b2b4 h6g8 f2f3 g8h6 g2g3 e8d7
1445,c2c4 d7d5 d1c2 c8g4 c4d5 a7a6 b2b3 d8d5 c2c4 g8h6 c4c2 h6g8
1446,h2h3 c7c6 a2a4 d7d5 d2d3 h7h6 h3h4 c6c5 g2g4 c5c4 a4a5 b8c6
1447,c2c4 c7c5 h2h3 g7g6 f2f3 h7h6 g2g3 e7e5 e2e4 f7f5 d1c2 g8f6
1448,b2b4 g7g5 b1c3 d7d6 c1a3 b7b6 f2f4 h7h6 e2e4 c7c5 f4f5 b6b5
1449,g2g3 a7a5 d2d4 g8f6 c2c4 f6g8 g3g4 b8c6 b2b4 a8a7 c1h6 g7g5
1450,a2a4 d7d5 b1a3 c7c5 b2b4 c5b4 a4a5 g7g5 a1b1 h7h5 e2e3 g5g4
1451,d2d4 g7g6 b2b3 c7c5 a2a3 d7d6 g1f3 b7b5 h1g1 d8c7 h2h4 f8g7
1452,g2g3 a7a5 c2c4 b8c6 e2e4 g7g6 f2f4 f7f5 g1f3 h7h5 b2b4 g8h6
1453,h2h3 d7d6 h3h4 g7g5 h4g5 b7b5 h1h3 c7c5 e2e3 h7h5 e3e4 g8f6
1454,b2b4 g7g5 c2c4 d7d6 e2e4 e8d7 f2f4 b7b5 g2g4 b8a6 c4b5 g8f6
1455,b1c3 d7d5 a2a4 c7c5 a1a3 c8d7 e2e3 d7g4 a4a5 c5c4 f1c4 d5c4
1456,e2e3 g7g5 f1c4 d7d6 f2f4 b7b5 g2g3 c7c5 f4f5 d8c7 a2a4 g5g4
1457,e2e3 g7g5 b2b4 d7d6 f1c4 d6d5 d1e2 b8d7 f2f3 d5c4 c1b2 a7a6
1458,b1c3 d7d5 e2e3 b7b6 d1g4 h7h5 h2h4 c7c6 d2d3 h8h6 c3e4 d8d7
1459,b2b4 g7g6 b4b5 d7d6 d2d4 f7f6 e2e4 f6f5 f2f4 f5e4 d4d5 a7a5
1460,d2d4 g7g6 h2h3 e7e5 f2f4 e5d4 a2a3 h7h6 a1a2 c7c5 b1d2 d8h4
1461,d2d4 b7b6 c2c3 h7h5 c1h6 h8h6 d1d2 d7d6 e1d1 g8f6 f2f4 c8g4
1462,g2g4 c7c5 e2e4 g8f6 b1c3 d7d5 e4d5 c5c4 a1b1 h8g8 h2h3 f6g4
1463,g2g3 d7d5 d2d4 b7b6 f2f3 e8d7 a2a3 e7e6 e2e3 a7a5 b2b3 g8f6
1464,g2g3 g8f6 h2h3 h8g8 d2d4 b7b5 f1g2 d7d6 c1h6 f6g4 g2e4 g4h6
1465,a2a4 e7e5 h2h4 e8e7 d2d4 d7d5 g1f3 a7a6 b2b4 b7b5 b1c3 c8g4
1466,b1c3 b7b6 e2e3 e7e6 a1b1 e8e7 f1c4 d7d5 g2g4 c7c6 f2f3 h7h6
1467,d2d4 b7b6 f2f3 b6b5 c2c3 f7f6 c1g5 c7c6 e1d2 f6g5 d4d5 g8h6
1468,h2h3 b8a6 a2a4 c7c6 d2d3 a8b8 g2g4 c6c5 e1d2 f7f5 g4g5 f5f4
1469,e2e3 b7b5 f1b5 b8c6 b5a6 c6b4 a6c8 h7h5 d1h5 a7a6 h2h3 h8h5
1470,a2a4 g7g6 b1c3 e7e5 h2h4 f7f5 a4a5 f8c5 c3d5 g8f6 b2b3 f6d5
1471,b2b4 b8c6 f2f4 a7a5 d2d4 a8a7 g1h3 c6d4 c2c4 a7a8 h1g1 a5b4
1472,g2g3 h7h5 g3g4 h8h6 d2d4 d7d6 f2f4 c8g4 a2a4 b7b6 d1d2 d6d5
1473,a2a4 d7d5 b1c3 c7c5 a1a2 h7h5 b2b4 c5c4 c3d5 d8d6 d5e7 h8h6
1474,d2d4 g7g6 h2h3 d7d5 b2b3 g6g5 g2g3 h7h6 c1f4 b7b5 g3g4 c7c6
1475,e2e3 c7c5 b2b3 g7g5 g2g3 d7d6 f1b5 d8d7 b5c4 d7c6 c4f7 e8d8
1476,c2c4 d7d5 b2b4 h7h6 d1c2 f7f6 e2e4 b8c6 c4d5 c8f5 e1d1 f5e4
1477,h2h4 g7g5 b2b4 d7d6 f2f4 f7f5 e1f2 g5f4 c1a3 e7e6 c2c4 d8h4
1478,g1f3 c7c5 b2b4 d8b6 f3g1 g7g5 a2a3 b6c6 c2c4 c6e4 a1a2 c5b4
1479,b2b4 d7d5 f2f3 g7g6 g2g3 f7f5 f3f4 h7h6 h2h4 d8d7 d2d4 g6g5
1480,b2b3 d7d6 f2f4 b7b5 b3b4 g7g5 e2e4 c7c5 g2g3 b8a6 f4g5 c8g4
1481,h2h3 a7a5 d2d4 b8c6 c2c4 b7b5 c1h6 g7g5 h6g5 d7d5 c4c5 a8a7
1482,g2g3 c7c5 b1c3 f7f6 a2a4 d7d5 e2e3 b7b5 f1b5 d8d7 a1a2 h7h5
1483,d2d4 b8a6 c2c4 e7e6 h2h4 d7d5 d1b3 a8b8 g1f3 f7f5 e1d2 c8d7
1484,b1c3 b8a6 b2b4 a6b4 a2a4 e7e5 g1f3 a8b8 a1a2 g8f6 e2e4 h8g8
1485,e2e3 b7b5 b2b3 e7e6 d1h5 g7g6 c1b2 d7d6 f2f3 h7h6 h5g6 d6d5
1486,c2c4 b8c6 b2b4 a8b8 g2g3 f7f6 b1c3 a7a5 f2f3 e7e5 e2e3 d7d6
1487,e2e4 e7e6 e1e2 f7f5 h2h3 c7c6 e4e5 g7g6 a2a4 f5f4 b1c3 b7b6
1488,g2g3 h7h6 g3g4 g7g6 e2e4 f7f5 f2f4 f5e4 b1c3 e8f7 b2b4 b8c6
1489,b1c3 d7d5 c3b5 c7c6 e2e3 c8g4 a1b1 h7h5 b5d6 d8d6 g1e2 d6h2
1490,g1f3 b7b5 e2e4 f7f5 f3e5 g7g6 e1e2 f8h6 a2a4 f5e4 b1c3 h6f8
1491,d2d3 e7e5 d3d4 g8f6 c1h6 c7c5 g2g4 e5d4 d1d4 c5d4 c2c4 g7g6
1492,d2d4 g7g6 c2c4 b7b5 c1g5 c7c6 d1c2 a7a6 f2f3 e7e5 g5f6 e5e4
1493,h2h3 b8c6 c2c3 e7e6 d2d4 a8b8 g2g3 f8b4 c1g5 d8g5 e2e3 g5g6
1494,b1c3 d7d5 a2a4 c7c5 a1a2 c8h3 e2e3 c5c4 c3d5 h7h5 f1c4 d8c7
1495,b1c3 e7e5 f2f4 h7h6 c3d5 g7g5 f4g5 g8f6 b2b4 f8b4 e2e3 e8g8
1496,g2g4 b7b5 g1h3 b8c6 c2c4 a8b8 h3g1 e7e5 c4c5 f7f5 h2h4 c6a5
1497,b2b4 b7b5 h2h4 d7d5 g1f3 h7h6 d2d4 b8d7 a2a4 g7g5 c1a3 d7b6
1498,a2a4 e7e5 f2f4 h7h6 g2g3 f7f6 a4a5 g7g5 f4e5 f6e5 e2e4 b8c6
1499,b2b4 d7d5 e2e4 e7e6 f1d3 a7a6 f2f3 c7c6 a2a3 f8b4 d3c4 h7h5
1500,h2h3 c7c6 h3h4 g7g5 d2d4 d7d5 e2e3 e8d7 f2f4 d8b6 d1d3 b6b5
1501,b1c3 d7d5 a2a4 c8g4 a1a2 c7c6 c3d5 c6d5 e2e3 h7h5 f1b5 d8d7
1502,g2g3 h7h6 g1f3 h8h7 b1a3 c7c5 e2e3 d7d6 e3e4 g8f6 c2c4 c8h3
1503,c2c4 b7b5 c4b5 d7d5 d1c2 e8d7 b5b6 c7c6 f2f3 f7f5 a2a3 e7e5
1504,b1c3 e7e5 f2f4 g7g5 f4g5 e8e7 a2a4 h7h6 e1f2 f7f6 g5h6 d7d6
1505,e2e3 f7f6 g2g4 e7e6 b1c3 c7c5 f1b5 b8c6 b5c6 e8e7 b2b4 d7d6
1506,f2f3 g7g5 f3f4 h7h5 g2g3 g5g4 e2e4 d7d5 d1g4 f7f5 g4g6 e8d7
1507,b1c3 d7d5 a2a4 c7c5 b2b4 c5c4 c3d5 e8d7 f2f4 a7a6 g2g3 b7b6
1508,a2a4 g8f6 d2d4 d7d5 c1h6 f6g4 b1c3 c7c5 e1d2 g7g5 e2e3 h8g8
1509,g2g4 c7c5 h2h3 d7d6 d2d3 c8g4 e2e4 d6d5 b2b4 d8b6 a2a3 g4h3
1510,b1a3 g7g5 f2f4 e7e6 e2e4 f7f5 a1b1 e8f7 d2d4 b7b6 e4e5 d7d5
1511,g2g3 g7g6 f2f4 f7f5 h2h3 h7h6 a2a4 b7b6 e1f2 d7d5 d1e1 b6b5
1512,e2e3 c7c5 g2g3 g7g6 e3e4 f7f5 e4e5 f8g7 c2c3 h7h5 g3g4 g7e5
1513,d2d4 e7e6 c2c4 f7f6 h2h4 b7b5 d1b3 e6e5 c1g5 b8a6 c4b5 e8e7
1514,g2g3 g7g6 f2f4 f7f5 h2h3 h7h6 d2d3 b8a6 c2c4 a8b8 c4c5 e8f7
1515,g2g3 g7g6 f2f4 f7f5 b2b4 a7a5 h2h3 b8c6 c2c3 c6a7 d2d4 b7b5
1516,g2g3 h7h6 g1f3 h6h5 c2c4 b7b6 d1c2 a7a6 b2b4 b8c6 a2a3 c6b8
1517,d2d4 e7e6 a2a4 c7c5 b2b4 e6e5 h2h4 c5b4 a4a5 e8e7 c1g5 e7e6
1518,g2g3 b7b5 f2f4 f7f5 h2h3 h7h6 e2e3 g7g6 d1h5 d7d6 g1e2 c7c5
1519,d2d4 f7f6 c1g5 d7d5 g1h3 a7a6 a2a3 b8d7 a1a2 a8a7 g5h6 g7g6
1520,b2b4 e7e5 f2f4 h7h6 f4e5 e8e7 g2g3 b8a6 c2c3 b7b5 g1h3 g7g5
1521,g2g3 h7h6 b2b4 a7a5 d2d3 a8a7 e2e4 f7f5 g3g4 f5g4 e1d2 c7c6
1522,b2b4 a7a5 d2d4 b8c6 b4b5 a8a7 c2c4 c6d4 h2h4 e7e6 d1d4 d7d6
1523,d2d4 g7g5 b2b4 d7d5 b1c3 h7h6 g2g4 g8f6 h2h4 c8f5 c1g5 f6g4
1524,h2h3 e7e5 e2e3 b8a6 d2d4 e8e7 e1e2 d7d6 d1e1 f7f6 h1h2 b7b5
1525,a2a3 b8a6 b2b4 a8b8 e2e3 g7g5 d1h5 a6b4 c1b2 g8f6 e1e2 d7d6
1526,d2d4 e7e6 a2a4 f8b4 b1d2 a7a6 d4d5 a8a7 c2c4 b8c6 d5e6 f7e6
1527,h2h3 e7e5 e2e3 f8a3 b1a3 e8e7 a1b1 e5e4 e1e2 a7a5 g1f3 d7d6
1528,d2d4 h7h5 d1d3 d7d5 b2b3 g8f6 d3d2 a7a6 a2a3 b8d7 g2g4 f6e4
1529,d2d4 e7e6 c1g5 b8a6 c2c3 d7d5 h2h4 f7f5 h1h3 e6e5 d4e5 e8d7
1530,h2h4 d7d5 a2a3 g8h6 g2g3 b8d7 h4h5 h6g4 d2d4 g7g5 c2c4 g4f6
1531,b2b4 b8c6 d2d3 a7a6 h2h4 f7f5 d3d4 c6b4 a2a4 a8a7 a1a3 f5f4
1532,a2a4 e7e5 f2f4 f7f5 f4e5 g7g6 g2g3 f5f4 b2b3 f4g3 e2e4 d8h4
1533,g2g3 h7h6 g1f3 h6h5 f3g1 b7b5 g3g4 e7e5 f2f4 d8h4
1534,a2a3 b8c6 d2d4 a7a5 h2h3 a8a7 c1g5 d7d5 b1d2 c8g4 d2b1 g4f3
1535,d2d4 e7e6 a2a4 e6e5 e1d2 f7f5 d4e5 f8a3 b1a3 h7h5 e2e3 c7c5
1536,h2h4 d7d5 d2d4 b7b6 b2b3 b8a6 e1d2 e8d7 d1e1 f7f6 e2e3 a6b8
1537,d2d4 d7d5 a2a3 e7e6 e1d2 b7b5 g2g3 f7f6 c2c4 g7g5 d2c3 e6e5
1538,a2a4 e7e5 d2d4 e8e7 e1d2 f7f5 e2e3 e5d4 d1e2 f5f4 e2f3 b7b5
1539,a2a3 a7a6 b1c3 a6a5 d2d4 b8c6 h2h3 a8a7 b2b4 g8h6 a1a2 h6g8
1540,b2b4 g7g6 c1a3 f7f5 d1c1 e7e5 f2f4 e8e7 f4e5 c7c6 g2g3 b7b5
1541,g2g3 a7a5 f2f4 d7d5 f4f5 h7h5 c2c4 d5c4 f5f6 b8c6 e2e4 c6d4
1542,a2a3 b8c6 b2b3 c6d4 b3b4 d4c6 d2d4 a7a5 b1c3 a8a7 e1d2 f7f5
1543,b1c3 h7h6 g2g4 d7d5 d2d4 g7g5 a2a4 b7b5 a1a2 b5a4 g1f3 c8g4
1544,a2a3 b7b5 b2b4 a7a6 h2h4 a8a7 g1f3 d7d6 d2d4 c8g4 f3g5 e8d7
1545,h2h4 b7b6 g2g3 h7h5 f2f4 a7a5 b2b3 h8h6 h1h3 a5a4 c2c3 d7d5
1546,d2d4 d7d5 f2f3 f7f5 b1c3 e7e5 b2b4 h7h5 d1d3 d8g5 d3d2 f8c5
1547,b2b4 b8a6 g2g4 b7b6 b4b5 a6b4 d2d3 e7e6 g4g5 e8e7 g1f3 a7a5
1548,b2b3 e7e6 e2e3 e8e7 d1h5 h7h6 f1b5 b7b6 g2g3 a7a5 f2f3 d7d6
1549,b2b4 b7b6 e2e3 c7c6 c2c4 e7e5 c4c5 g7g6 g1f3 f8d6 g2g3 b8a6
1550,d2d4 d7d5 b2b3 b7b6 c1g5 c8e6 g5d2 f7f5 f2f3 d8d7 f3f4 g7g5
1551,b1c3 e7e5 f2f4 e5e4 c3d5 g7g6 g2g3 f8c5 h2h4 h7h6 b2b4 b8a6
1552,b2b4 d7d6 e2e4 d6d5 f2f3 e7e6 e4d5 f8b4 g2g3 a7a5 f1e2 e8f8
1553,b2b3 c7c5 h2h3 d7d6 b1c3 g7g5 f2f4 d6d5 f4g5 c5c4 a1b1 b7b5
1554,b2b4 b8c6 c2c4 b7b6 f2f4 h7h6 g2g3 b6b5 f4f5 h6h5 e1f2 h8h6
1555,g2g3 e7e6 c2c4 b7b5 f2f4 a7a6 d2d3 f8e7 c4b5 e6e5 e1f2 e5f4
1556,d2d4 d7d5 b2b3 f7f5 h2h4 b7b6 c1d2 g8f6 c2c3 g7g5 e2e3 d8d7
1557,g2g3 h7h5 f1g2 b8c6 f2f4 b7b5 e2e4 c6b4 g1e2 a7a5 f4f5 h8h6
1558,h2h3 d7d6 e2e4 e8d7 g2g4 g8f6 e1e2 g7g6 d2d3 d7e8 h3h4 e7e6
1559,b2b3 g7g6 h2h3 f7f5 c2c3 e7e6 d2d4 f8h6 d4d5 b7b6 h1h2 f5f4
1560,a2a4 h7h5 a1a2 b7b6 b1c3 c7c6 a2a3 d7d5 c3b5 h8h6 e2e3 c8g4
1561,b2b3 e7e6 h2h4 b7b6 h1h3 e8e7 g2g3 e6e5 d2d3 g8f6 e2e3 e5e4
1562,b2b4 b8a6 e2e3 a8b8 f1a6 d7d6 g2g4 c8g4 d2d4 b7b5 a2a3 e8d7
1563,g2g3 a7a5 c2c4 b8c6 d2d4 g7g5 c1g5 e7e6 b2b4 f8b4 b1d2 c6b8
1564,b1c3 e7e5 f2f4 f8e7 g2g3 g7g5 e2e4 h7h6 h2h3 g5g4 a1b1 a7a5
1565,a2a4 e7e5 f2f4 g7g5 b1c3 f7f6 e2e4 f8h6 g1f3 g5g4 c3b5 h6f8
1566,h2h3 e7e6 c2c4 g7g6 g2g4 e6e5 g1f3 f7f5 g4g5 b7b5 d2d3 f5f4
1567,a2a3 c7c5 b2b4 c5b4 d2d4 d8c7 c1h6 e7e5 e2e4 f8c5 a1a2 e8e7
1568,h2h4 b7b6 d2d4 d7d5 h1h3 f7f5 c1d2 h7h6 c2c3 d8d7 e2e3 c7c6
1569,b2b3 h7h5 c1b2 d7d5 b2g7 b7b6 e2e3 c7c6 d2d3 e8d7 e1d2 b6b5
1570,g1f3 c7c5 h2h4 d7d5 d2d4 h7h5 h1h2 b7b5 d1d3 d8d7 d3d2 g7g5
1571,e2e3 g7g6 b2b4 a7a5 c2c4 e7e5 f2f3 b8c6 d2d4 a8b8 e1d2 e8e7
1572,a2a4 c7c5 b1c3 d7d5 b2b4 c5b4 a1a3 b4c3 d2c3 c8g4 e2e4 d5e4
1573,g2g3 b7b5 e2e4 d7d5 f2f4 d5e4 g1e2 a7a5 b1a3 d8d5 a1b1 e8d8
1574,b2b3 h7h6 c2c3 d7d6 d2d4 a7a5 d1d2 a8a7 e2e4 g7g5 e1d1 e7e6
1575,b2b3 g7g6 h2h4 f7f5 b3b4 e8f7 a2a4 f5f4 d2d4 g6g5 d1d2 c7c5
1576,b2b4 a7a5 c2c4 b8c6 d2d4 h7h6 h2h3 a8a7 c1h6 c6b4 d1c1 e7e6
1577,a2a4 d7d5 g1h3 h7h5 b1c3 b7b6 a1a2 c7c6 b2b4 h8h6 c3d5 c6d5
1578,h2h4 f7f6 d2d4 d7d5 c2c3 c7c5 c1h6 d8a5 b2b3 e8f7 h6g5 f6g5
1579,g2g3 b7b5 f2f4 a7a6 e2e4 h7h5 a2a4 b5a4 g1f3 a6a5 f3d4 b8a6
1580,h2h3 b7b6 b2b3 d7d5 e2e3 h7h5 d1e2 c7c6 f2f3 g8h6 g2g3 h6g8
1581,b2b4 b7b6 e2e3 b6b5 g1f3 f7f5 e3e4 f5e4 g2g3 h7h6 f3g1 e4e3
1582,a2a4 h7h5 b1c3 d7d6 d2d4 d6d5 c1h6 a7a6 e1d2 h8h6 g1f3 c7c6
1583,b1c3 b7b6 h2h3 e7e6 a2a4 d8e7 a1a2 e7d8 g2g4 e8e7 d2d3 d7d5
1584,g2g3 b7b5 a2a4 c7c5 b2b4 d8c7 f2f4 c5b4 f1h3 d7d5 a1a3 g7g6
1585,b1c3 d7d5 a2a4 c7c5 a1a2 h7h6 c3b5 g7g6 e2e4 d5e4 f1e2 c8h3
1586,b2b4 b7b5 e2e4 f7f5 f2f4 g7g6 g2g3 f5e4 f1g2 b8a6 a2a4 e8f7
1587,h2h4 g7g5 h4g5 g8f6 h1h7 d7d5 d2d3 c8e6 b2b4 a7a6 b1c3 h8g8
1588,h2h3 g7g5 f2f4 c7c5 g2g3 d8c7 b2b4 d7d6 f4f5 c5b4 d2d3 g5g4
1589,b2b4 c7c6 a2a3 h7h6 h2h4 d7d5 d2d3 f7f5 e2e4 e8f7 e4f5 b7b5
1590,b1c3 d7d5 a2a4 c7c5 b2b4 c5b4 a4a5 h7h6 c3d5 d8d5 a1a3 d5c5
1591,d2d4 g7g6 c1g5 d7d5 c2c3 b7b6 a2a3 e7e6 d1d2 f8a3 a1a3 h7h6
1592,f2f4 b8a6 h2h3 a8b8 g2g3 h7h6 e2e3 e7e5 b2b3 g7g5 h1h2 f8e7
1593,g2g3 b7b5 f2f4 c8a6 b2b4 g7g6 e2e4 f7f5 d2d3 f5e4 d3e4 a6c8
1594,g2g3 b7b5 b2b4 g8f6 f2f4 b8c6 e2e4 a7a5 e1e2 f6e4 d2d3 a8b8
1595,d2d4 e7e6 e1d2 f8b4 d2e3 g7g6 b1c3 b4e7 a2a4 f7f5 g2g3 e7f8
1596,g2g3 h7h5 f1h3 b7b5 d2d4 d7d6 f2f4 a7a6 e2e4 d6d5 f4f5 d5e4
1597,b2b3 e7e6 c2c4 b7b5 h2h3 f7f6 b3b4 b5c4 d1b3 c4b3 a2a3 f8b4
1598,g2g3 g7g6 e2e3 f7f5 f2f4 e8f7 h2h4 a7a6 a2a4 d8e8 e3e4 a6a5
1599,d2d4 d7d5 b2b3 e8d7 e1d2 b7b6 e2e3 e7e6 f1b5 b8c6 d1e2 g7g6
1600,h2h3 b7b6 e2e3 e7e6 b2b3 g7g6 h1h2 g8f6 f1a6 c7c6 e3e4 f8e7
1601,b2b3 a7a6 d2d4 f7f6 b3b4 b7b5 h2h4 d7d5 g2g3 d8d6 g1f3 d6b4
1602,d2d4 b8a6 d1d2 a8b8 d2a5 e7e6 e2e3 g7g5 e1e2 f7f6 d4d5 e6d5
1603,b2b3 a7a6 h2h3 f7f6 f2f3 g7g5 f3f4 g5g4 e2e4 e8f7 g2g3 e7e6
1604,d2d4 b7b6 a2a3 e7e6 e1d2 f7f6 g1f3 f8d6 f3e5 d6e5 f2f3 g7g6
1605,d2d4 f7f6 c2c4 b7b5 c4b5 d7d5 c1g5 e8d7 h2h4 c7c6 h1h3 e7e5
1606,a2a4 b8c6 b1c3 a7a5 a1a2 a8a7 e2e3 e7e5 c3d5 f8a3 g1f3 h7h6
1607,b2b3 d7d5 f2f3 c8g4 d2d4 g4e6 c1h6 e6g4 b1d2 c7c6 f3g4 g8h6
1608,d2d4 b7b6 c2c3 d7d5 b2b3 d8d7 e2e4 e8d8 b1d2 e7e6 e4e5 f8b4
1609,d2d4 d7d5 f2f3 h7h5 g2g4 c8g4 c1f4 c7c6 d1c1 d8b6 a2a3 a7a6
1610,b2b3 g7g5 d2d4 d7d6 g2g3 e8d7 b3b4 b7b5 f2f4 h7h5 d4d5 e7e6
1611,d2d4 a7a6 b2b4 b7b5 h2h3 e7e6 e2e3 d7d5 c2c3 e8d7 g2g3 a8a7
1612,h2h3 b8c6 b2b3 a8b8 c2c3 f7f6 c1a3 d7d5 e2e3 e8d7 d2d4 g7g6
1613,g1f3 b8a6 f3g1 g7g6 b2b4 a8b8 g1f3 g6g5 f3g5 d7d6 g5h3 h7h6
1614,d2d4 a7a6 b2b4 b8c6 b4b5 a6a5 e2e4 a8a7 e1e2 c6b4 c1h6 c7c6
1615,a2a3 b8c6 d2d4 a7a5 a1a2 a8a7 d4d5 e7e5 d5c6 g7g5 c1g5 f8a3
1616,b2b4 b7b5 b1c3 b8c6 a2a4 a7a5 e2e4 b5a4 d2d3 e7e5 e1d2 e8e7
1617,c2c3 b7b5 a2a4 d7d6 a1a2 g7g5 c3c4 h7h6 f2f4 g8f6 a4b5 g5g4
1618,b2b4 h7h5 a2a4 d7d5 d2d4 g8f6 h2h4 b7b5 h1h2 f6g8 a4b5 h8h6
1619,d2d4 a7a6 b2b4 b7b5 a2a4 d7d5 a4a5 e8d7 e1d2 f7f6 b1c3 d7e6
1620,g2g3 h7h5 f2f4 a7a5 c2c4 g8h6 b2b4 b8c6 d1c2 h6g4 e2e4 h8h6
1621,c2c4 b7b5 c4b5 g7g5 d2d3 d7d6 f2f4 g5f4 e2e4 d6d5 g2g3 c7c6
1622,h2h3 c7c5 b2b4 g7g5 d2d4 c5d4 h1h2 e7e5 d1d4 f8e7 c2c4 e8f8
1623,c2c4 b7b5 d1c2 b8c6 c4c5 a7a5 f2f3 b5b4 e1f2 a8a6 d2d4 g7g5
1624,b1c3 e7e5 g1f3 e8e7 a1b1 a7a5 e2e4 b8c6 c3a4 g8f6 f1e2 a8b8
1625,c2c3 g7g6 c3c4 c7c5 f2f3 g8f6 d1c2 g6g5 e2e3 f6g4 e1d1 d8b6
1626,d2d4 f7f6 c1g5 f6g5 c2c3 c7c5 a2a3 b7b5 d4c5 e7e5 h2h4 d8b6
1627,h2h3 e7e5 b2b3 e8e7 c2c3 d7d6 d2d4 h7h6 d1c2 g7g5 c1g5 h6g5
1628,a2a4 e7e5 g1f3 d7d6 a1a2 d8h4 f3g5 c8g4 e2e4 e8e7 d1e2 b7b5
1629,f2f3 e7e5 d2d4 e5d4 b2b3 g7g6 d1d4 f7f5 d4h8 g8e7 c1g5 d7d6
1630,e2e4 f7f5 f2f4 a7a6 e1f2 e7e5 h2h3 c7c6 f1e2 a8a7 d2d3 e5f4
1631,a2a4 e7e5 b1c3 f7f5 b2b4 g8f6 c1a3 g7g5 c3a2 d7d5 g1f3 a7a5
1632,b1c3 d7d5 a2a4 c7c5 g2g4 h7h6 b2b4 c8g4 a1a3 c5c4 d2d3 d5d4
1633,d2d4 f7f5 a2a4 g7g6 h2h3 e7e5 f2f4 e5d4 d1d4 f8g7 d4f6 g7f6
1634,c2c3 d7d5 g2g3 h7h6 d2d4 c8g4 h2h3 g8f6 b2b4 a7a6 e2e4 g7g5
1635,b2b3 e7e6 e2e3 e8e7 e1e2 d7d5 a2a4 h7h6 d2d4 c7c5 g1f3 a7a6
1636,b2b3 e7e6 e2e3 g8f6 f2f3 b8c6 a2a4 e8e7 d2d4 d7d5 e1e2 c8d7
1637,g2g3 e7e6 c2c4 b7b5 f2f4 g7g6 h2h4 f7f5 g1f3 b8c6 h1g1 c6b8
1638,g2g3 b7b5 d2d3 a7a5 c2c4 e7e5 c4b5 f7f5 g1h3 g8f6 e1d2 a5a4
1639,b1c3 d7d5 a2a4 h7h6 a1a2 c8g4 c3b5 b7b6 e2e3 c7c6 a4a5 e7e6
1640,g2g3 b7b5 f2f4 b5b4 d2d4 d7d5 e2e3 c8a6 d1h5 c7c6 b2b3 d8d7
1641,d2d4 g7g6 c1g5 d7d5 h2h3 f8g7 a2a4 a7a6 g1f3 f7f6 b1c3 b7b5
1642,b1c3 d7d5 a2a4 c7c5 c3b5 d8c7 a1b1 h7h5 f2f3 c7h2 e2e4 b8d7
1643,c2c4 d7d6 d1a4 b7b5 a4b5 b8c6 f2f4 f7f5 h2h4 g7g5 f4g5 e8d7
1644,b1c3 e7e6 e2e3 h7h5 a2a4 h8h7 e1e2 g7g6 d2d3 d7d5 e2d2 b7b5
1645,h2h3 e7e6 g2g4 b8c6 d2d3 e8e7 b2b4 a7a5 c1e3 a8a7 e1d2 b7b5
1646,h2h3 a7a6 d2d4 d7d5 f2f3 h7h5 b2b4 b8d7 g2g4 c7c6 f3f4 h5g4
1647,e2e4 e7e6 e1e2 g7g6 h2h3 d7d5 e4e5 c7c6 g1f3 f7f6 e5f6 d8f6
1648,g2g3 a7a5 d2d4 b8c6 c2c4 d7d5 f1h3 c8h3 c4c5 f7f5 f2f4 h7h6
1649,b2b4 d7d6 d2d4 b7b5 a2a3 e8d7 f2f4 f7f6 c1e3 e7e5 e3f2 d7c6
1650,g1h3 g7g5 h3g5 e7e6 g2g3 a7a6 f2f3 f8c5 f3f4 b8c6 e2e4 h7h6
1651,b2b3 e7e5 f2f4 f7f5 b3b4 e8e7 d2d4 h7h6 f4e5 d7d5 g2g3 d8d7
1652,a2a4 d7d5 a1a2 b7b5 b1c3 b5a4 c3b5 h7h5 e2e3 c8g4 a2a1 c7c6
1653,b1c3 e7e5 a2a4 e8e7 e2e4 g8h6 e1e2 b7b6 g1h3 d7d5 e4d5 b6b5
1654,g2g4 a7a5 e2e4 d7d5 c2c4 f7f6 c4d5 f6f5 f2f3 h7h5 h2h4 b8a6
1655,a2a4 g8h6 b1c3 d7d5 a4a5 b7b5 a1a2 h8g8 c3d5 d8d6 e2e3 b8c6
1656,a2a4 d7d5 b1c3 e8d7 a1a2 e7e5 c3d5 b7b5 g1f3 g7g6 e2e4 b8a6
1657,b2b4 d7d6 e2e3 g7g5 f2f3 e8d7 c2c4 g5g4 g2g3 b7b5 d1b3 b8c6
1658,b2b4 d7d5 f2f3 f7f5 e2e3 e7e5 f3f4 e5e4 g1f3 g7g5 h2h3 b7b5
1659,a2a4 c7c6 b1c3 c6c5 a1a2 e7e6 a2a3 f7f5 g2g4 d7d6 h2h3 e6e5
1660,c2c4 b7b5 d1c2 h7h5 h2h4 d7d6 b2b3 b8a6 f2f4 b5c4 c2e4 h8h6
1661,b2b3 a7a6 d2d4 f7f5 b3b4 b7b5 a2a3 f5f4 f2f3 d7d5 e2e4 e7e6
1662,c2c4 d7d5 f2f3 a7a6 e2e4 g7g5 c4d5 c8h3 f1a6 c7c5 a6f1 d8a5
1663,c2c4 b7b5 d1c2 g7g5 g2g4 d7d6 d2d3 b8c6 c4c5 e8d7 c5d6 g8f6
1664,a2a4 a7a5 d2d4 b8c6 b2b4 a8a7 b4b5 c6d4 c1h6 f7f5 h6g7 e7e6
1665,d2d4 e7e6 c1g5 b8a6 e1d2 a8b8 g1f3 d8e7 c2c3 f7f5 a2a3 h7h5
1666,b2b4 f7f6 b1c3 e7e6 e2e3 c7c5 e3e4 b8c6 b4b5 c5c4 g2g4 c6d4
1667,b2b4 d7d6 a2a4 b7b6 c2c3 f7f6 c1a3 c8f5 e2e4 d8c8 d2d4 e7e6
1668,c2c4 d7d5 h2h3 h7h6 c4d5 b8a6 b2b3 f7f5 a2a4 d8d5 a1a2 b7b6
1669,c2c4 b7b5 d1c2 a7a5 e2e3 b8a6 c4b5 h7h5 d2d3 d7d5 e1d2 h8h6
1670,b1c3 e7e6 e2e3 d7d5 g1f3 c7c6 a1b1 g8h6 d1e2 f8a3 c3d5 a7a6
1671,b2b4 b8c6 b1c3 a7a5 e2e4 e7e5 b4b5 g8f6 a1b1 e8e7 c3e2 a8a7
1672,c2c4 d7d5 e2e4 h7h6 c4c5 c8g4 a2a3 c7c6 f2f3 g8f6 b2b4 g7g6
1673,b2b4 b8c6 e2e4 a7a5 d2d3 e7e5 b4b5 g8f6 e1d2 a8a6 g1h3 c6b8
1674,b2b4 f7f6 a2a3 e7e6 b1c3 b7b5 c1b2 e6e5 c3a4 f8b4 h2h4 e8f8
1675,d2d4 e7e6 c1g5 b8a6 e1d2 a8b8 e2e3 d8e7 d4d5 g7g6 a2a4 c7c5
1676,g2g3 g7g6 d2d3 f7f5 c2c4 b7b5 g3g4 e7e5 h2h4 f5g4 h1h2 e8e7
1677,h2h4 b7b6 h1h3 c7c6 g1f3 e7e6 d2d3 f7f5 d3d4 f5f4 d1d2 d7d6
1678,b2b3 a7a6 c2c3 d7d5 c1a3 c8h3 d2d4 h3g2 e2e3 e8d7 e1e2 g8f6
1679,e2e3 c7c5 e3e4 f7f5 b2b4 b8c6 h2h3 e7e6 d2d4 c5d4 f2f4 d7d5
1680,b2b4 a7a6 d2d4 h7h5 b4b5 f7f5 c1a3 d7d5 a3c5 h8h6 b1c3 h6c6
1681,d2d4 d7d5 h2h4 f7f6 b2b3 b7b5 e2e3 e8d7 h4h5 g7g6 g2g4 b5b4
1682,b2b4 b8c6 b4b5 c6a5 g2g3 h7h5 g3g4 h8h6 d2d4 e7e6 c2c3 a8b8
1683,d2d4 g8h6 c1g5 h6g8 c2c3 c7c5 a2a3 e7e5 d4e5 d8c7 h2h3 g8f6
1684,c2c4 g7g6 d2d4 b7b5 c1g5 c7c5 a2a3 d7d6 h2h4 e7e5 d1d3 e5d4
1685,b2b4 b7b5 b1c3 d7d5 a2a4 b8c6 a1a2 h7h6 a2b2 c8g4 c3d5 g8f6
1686,b2b4 b8c6 d2d4 a7a5 b4b5 a8a7 c2c3 c6b4 h2h4 b4d3 e2d3 c7c5
1687,g2g3 b7b5 f2f4 f7f5 e1f2 h7h5 d1e1 d7d6 a2a4 d8d7 a1a2 h8h6
1688,d2d4 e7e6 c2c3 b8a6 h2h4 a8b8 b2b3 a6b4 c1h6 f7f5 h1h3 e6e5
1689,e2e3 c7c5 b2b4 h7h6 a2a3 g8f6 b1c3 e7e5 g1f3 g7g6 h1g1 c5b4
1690,b1a3 e7e6 g2g4 c7c5 b2b4 b8c6 g1f3 f8d6 a1b1 e6e5 e2e4 e8e7
1691,b1c3 g7g5 a2a4 d7d6 e2e4 h7h6 e1e2 b7b5 c3a2 g8f6 d2d3 e8d7
1692,g2g3 b7b5 d2d3 f7f5 b1d2 g7g6 h2h3 b5b4 a1b1 b4b3 g3g4 e7e6
1693,d2d4 e7e6 c2c3 g7g6 c1g5 f7f5 h2h3 b8a6 d4d5 a6c5 h1h2 d8g5
1694,d2d4 d7d5 e1d2 e8d7 b2b4 b7b5 e2e3 c7c5 h2h4 g8f6 f2f4 a7a6
1695,b2b3 a7a6 e2e3 g8f6 c1a3 c7c6 b3b4 h7h5 b1c3 d7d5 f2f3 c8g4
1696,b1c3 d7d5 c3b5 h7h6 e2e3 c7c6 a1b1 c8g4 d1g4 e7e6 g4e6 g8e7
1697,b2b4 g8h6 e2e4 f7f5 g2g4 b7b5 f2f4 e7e5 g1f3 d7d5 e4d5 e8e7
1698,g2g3 b7b5 g1f3 a7a6 d2d3 f7f5 h2h3 d7d5 b1d2 a6a5 c2c4 h7h5
1699,g2g3 h7h5 g3g4 b7b5 d2d3 d7d5 b2b4 e7e5 e1d2 e8e7 f1g2 d8d6
1700,h2h3 b7b5 d2d4 d7d5 b2b3 a7a6 g2g3 f7f6 c2c3 c7c6 e2e3 e8d7
1701,a2a4 d7d5 b1c3 c8g4 a1a2 c7c5 e2e3 c5c4 c3d5 d8d5 f1c4 d5c4
1702,h2h3 c7c6 g2g4 h7h6 d2d3 b7b6 c2c4 g7g6 e2e3 d7d5 c4d5 c8f5
1703,c2c4 g7g6 e2e3 f7f5 f2f3 b7b5 g2g4 b5c4 d2d4 f5g4 f1c4 e7e6
1704,b2b4 b8c6 e2e4 g8f6 e1e2 a8b8 d2d4 c6d4 e2d3 e7e6 c1g5 c7c6
1705,g2g3 b7b5 h2h4 g7g5 g1f3 a7a6 g3g4 g8f6 d2d3 d7d5 f1h3 f6g4
1706,g2g3 b7b5 e2e4 g7g5 f2f4 e7e5 f4e5 f7f6 b2b4 f6e5 g3g4 f8e7
1707,b1c3 e7e5 e2e4 c7c6 a1b1 g7g5 h2h3 a7a6 f2f3 a8a7 d1e2 g8f6
1708,d2d4 d7d5 e1d2 e8d7 b2b3 f7f6 f2f4 g7g6 e2e4 e7e6 f1b5 d7e7
1709,b2b4 a7a5 b4b5 b8c6 d2d4 a8a7 b5c6 b7b5 c2c4 e7e6 c4b5 f8d6
1710,c2c4 c7c6 d2d3 c6c5 g2g3 e7e5 b1c3 g7g6 b2b4 f7f6 c3b1 d8c7
1711,c2c4 b7b5 b2b4 b8c6 b1c3 f7f6 c4b5 e8f7 b5b6 a7a5 a1b1 e7e5
1712,d2d4 b8a6 e1d2 a8b8 b2b3 e7e6 e2e3 g8e7 a2a4 e6e5 g1f3 e5d4
1713,b2b4 d7d5 e2e3 c8h3 g2g3 h3g4 d2d4 d8d7 a2a3 e8d8 a1a2 b7b5
1714,d2d4 a7a6 a2a3 h7h6 c1h6 g7h6 a1a2 a8a7 h2h3 e7e5 e2e3 f8c5
1715,h2h3 g7g6 b1c3 b8c6 a2a4 a7a5 h1h2 a8a7 h3h4 e7e6 e2e4 f8e7
1716,g2g3 a7a5 f1g2 g8h6 d2d4 b8c6 g2c6 a8a6 b2b4 d7c6 h2h3 c8g4
1717,b1c3 e7e5 f2f4 e8e7 g2g3 g8h6 c3b1 a7a5 e2e4 b8c6 f1h3 a8a7
1718,d2d4 h7h6 a2a4 b7b6 b1c3 b8a6 a1a2 a8b8 b2b4 g8f6 h2h4 f6e4
1719,h2h3 d7d5 b1a3 c7c5 a3b5 c8g4 a1b1 c5c4 h3g4 g7g5 g1f3 e8d7
1720,b2b4 d7d5 f2f3 c8g4 f3g4 b8c6 a2a4 c6b4 g4g5 h7h5 a1a3 b4c2
1721,g2g3 b7b5 d2d3 e7e5 d3d4 g7g5 e2e3 e5d4 e3d4 c7c5 c2c3 c5d4
1722,h2h4 g7g5 b2b4 g5h4 a2a3 d7d6 d2d4 h7h6 e2e4 e7e6 e4e5 d6e5
1723,b2b4 b7b5 a2a4 b8c6 a1a2 e7e6 b1c3 c6e5 f2f3 a7a5 e2e3 e8e7
1724,g2g3 f7f5 h2h3 g7g6 f2f4 b7b5 b1a3 a7a5 a3c4 b5c4 g3g4 f5g4
1725,b2b4 b8c6 d2d3 a7a5 e1d2 a8a7 c1b2 f7f5 e2e4 e7e5 g2g4 f5e4
1726,a2a3 a7a5 a1a2 e7e6 d2d4 b8c6 c1g5 a8a7 c2c4 c6b4 h2h3 g7g6
1727,c2c4 b7b5 d1b3 h7h5 d2d4 a7a6 c4b5 d7d5 e1d2 a6b5 d2c2 h8h6
1728,g2g3 f7f5 h2h3 g7g6 f2f4 h7h6 a2a4 b7b6 b1c3 d7d5 g3g4 b6b5
1729,a2a4 e7e5 e2e4 f8a3 e1e2 e8e7 e2f3 h7h5 b2b3 b8a6 f1b5 g7g5
1730,e2e3 d7d6 e3e4 b8a6 g2g4 f7f6 b1c3 e8d7 a1b1 g7g5 d2d3 e7e5
1731,a2a3 b8c6 d2d4 a7a5 a1a2 a8a6 c1f4 e7e6 f4g5 c6d4 g1f3 f7f6
1732,h2h3 c7c6 g2g4 b7b5 d2d3 d7d5 b2b4 e7e6 g4g5 d5d4 f2f3 d8d7
1733,g2g3 b7b5 f2f4 a7a5 e2e4 h7h5 f4f5 f7f6 e1e2 g7g5 h2h3 d7d5
1734,c2c4 d7d5 b2b4 h7h6 d2d3 a7a6 g2g3 b8c6 f1h3 f7f6 h3f5 c6b4
1735,e2e3 c7c5 e3e4 f7f5 g2g4 f5e4 b1c3 e7e6 a2a4 g7g6 b2b4 d8c7
1736,b1c3 e7e5 a2a4 a7a5 e2e3 e8e7 e1e2 b8c6 d2d4 a8a7 b2b4 g8h6
1737,h2h4 g8f6 h1h2 d7d5 f2f4 a7a5 e2e4 h7h5 h2h3 h8g8 d2d4 c8f5
1738,a2a3 b8c6 d2d4 a7a5 a1a2 a8a7 c1h6 e7e6 d1d3 c6e5 h6g7 a5a4
1739,e2e3 c7c5 b1c3 d8b6 c3d5 d7d6 c2c4 b6d8 g2g4 g7g5 f2f3 d8b6
1740,b1c3 d7d5 c3b5 a7a5 e2e3 e7e6 d1e2 e8e7 a2a3 d5d4 g1f3 d4d3
1741,g2g3 h7h5 g3g4 b7b5 d2d3 e7e5 e1d2 f7f5 b2b3 g7g5 h2h4 f8a3
1742,c2c3 c7c5 c3c4 g7g6 f2f4 f7f5 b1c3 d7d5 d1c2 b8a6 c3d5 h7h6
1743,b1c3 b8c6 c3e4 e7e6 d2d4 c6b4 e1d2 a8b8 a2a4 f7f6 b2b3 b4c2
1744,b1c3 f7f6 e2e3 d7d5 a1b1 c7c5 c3d5 g7g6 g1f3 d8c7 e3e4 e8d8
1745,b1c3 b7b6 e2e3 a7a5 d1e2 b8c6 e2c4 e7e6 a2a4 g7g6 c4e4 e8e7
1746,a2a4 e7e5 f2f4 f7f6 d2d4 d8e7 e2e4 b8a6 f1a6 g7g6 h2h4 d7d6
1747,h2h3 b8a6 e2e4 a8b8 g2g4 g8f6 e1e2 h8g8 f2f3 d7d5 d2d3 d8d6
1748,b1c3 d7d5 c3b5 c7c5 h2h4 d8b6 a2a3 g7g5 h4g5 g8f6 a1b1 e8d7
1749,d2d4 b7b6 e1d2 c7c5 b1c3 c5c4 f2f3 f7f6 e2e4 e7e6 f1c4 g7g6
1750,b2b4 b8c6 d2d3 f7f5 d3d4 c6b4 f2f4 a8b8 a2a4 e7e5 d4e5 g8e7
1751,b2b3 e7e6 h2h4 b7b5 c2c4 e6e5 d2d4 c7c5 d4e5 b5c4 h1h2 d8c7
1752,c2c3 c7c5 c3c4 f7f5 h2h3 g7g6 a2a3 f5f4 d2d4 e7e6 f2f3 c5d4
1753,g2g3 g8f6 f2f4 b7b5 b2b3 d7d5 b3b4 a7a5 b4a5 b5b4 e2e3 e7e5
1754,d2d4 g7g5 g1h3 c7c5 c2c4 b7b5 d1c2 d8a5 e1d1 d7d6 d4c5 f8g7
1755,d2d4 g7g6 c1g5 g8f6 b1a3 f6g4 a3b1 f7f5 c2c4 e7e5 d4e5 d7d5
1756,a2a4 c7c5 b2b4 c5b4 d2d4 b7b6 e1d2 d8c7 c2c3 f7f6 f2f4 c7f4
1757,b1c3 d7d5 a2a4 e7e5 e2e3 e8e7 g1f3 b7b6 a1a2 c8h3 f1a6 e5e4
1758,a2a4 c7c5 b2b4 c5b4 d2d4 d8c7 e1d2 e7e5 e2e3 f8d6 a1a3 b7b5
1759,b2b4 a7a5 b4b5 a8a7 e2e3 c7c5 b5c6 b8c6 e3e4 e7e5 c1b2 g8f6
1760,f2f3 b8c6 d2d4 a7a5 c2c4 g8h6 c4c5 a8a7 d1d3 b7b5 c1g5 c6d4
1761,c2c4 b7b5 d1b3 g7g6 g2g4 f7f5 d2d3 f5f4 a2a4 d7d6 a1a2 e7e5
1762,a2a4 e7e5 f2f4 e8e7 g2g3 g7g5 e2e4 g8f6 f4g5 h7h6 g5f6 e7e8
1763,b2b4 b8c6 a2a4 a7a5 d2d4 d7d5 a1a3 d8d7 c1h6 g7h6 d1c1 e7e6
1764,a2a4 e7e5 f2f4 f8a3 b1c3 e8e7 c3d5 e7e6 d5e3 e5e4 b2a3 f7f6
1765,b1c3 e7e5 f2f4 e8e7 c3b5 f7f5 c2c3 g8h6 f4e5 d7d6 a2a3 d6e5
1766,a2a3 d7d5 f2f3 h7h6 e2e4 g7g5 a1a2 d5d4 e4e5 c7c6 f1b5 c8g4
1767,a2a4 e7e5 f2f4 f7f6 g2g3 g7g5 e2e4 b7b6 f4e5 f6e5 f1c4 a7a5
1768,a2a4 c7c5 b1c3 d7d5 a1a2 c8g4 c3b5 d8b6 e2e3 c5c4 g2g3 a7a5
1769,a2a3 h7h6 b2b4 b8c6 a3a4 a7a5 d2d4 g7g5 a1a3 b7b5 c1g5 d7d6
1770,g1f3 b7b5 f3h4 b5b4 e2e3 d7d6 e3e4 e8d7 e1e2 d7c6 f2f3 e7e6
1771,g2g4 b7b5 d2d3 e7e6 c2c4 d7d5 c4d5 e6d5 d1a4 e8d7 a2a3 a7a5
1772,b2b4 b7b5 a2a4 e7e5 a1a3 e8e7 d2d4 e7e8 e2e4 b5a4 d4e5 e8e7
1773,b1c3 e7e5 f2f4 f7f6 d2d4 f8d6 a2a3 e5d4 c3b5 b8c6 e2e4 d6c5
1774,d2d4 g7g6 c1g5 d7d5 a2a3 f7f5 g5f6 h7h6 f6h8 b7b5 b1c3 e7e5
1775,a2a4 e7e5 d2d4 c7c5 b1c3 c5d4 d1d2 d8c7 c3b5 f8a3 h2h4 f7f6
1776,b1c3 e7e6 f2f4 b8c6 a2a4 a7a5 e2e4 a8a7 d1e2 e8e7 f4f5 d7d5
1777,a2a3 b8c6 d2d4 c6b4 c1g5 e7e6 e1d2 f8e7 b2b3 f7f5 a3a4 g8f6
1778,d2d3 e7e5 g2g3 h7h5 d3d4 g7g5 g3g4 f7f5 c2c4 f8b4 d1d2 e5d4
1779,b2b4 b8c6 e2e4 a7a5 e1e2 d7d5 d2d4 d5e4 a2a4 d8d4 h2h3 f7f6
1780,b1c3 e7e5 f2f4 g7g5 c3d5 f7f6 f4e5 f6e5 a2a4 e8f7 e2e3 e5e4
1781,b2b4 b7b5 b1a3 e7e6 e2e3 d8h4 g2g3 g7g6 f2f4 f7f6 e3e4 f6f5
1782,d2d4 d7d5 b1c3 b8d7 f2f3 a8b8 a2a4 f7f6 a1a2 a7a6 c1h6 d7b6
1783,d2d4 g8h6 e1d2 f7f5 d1e1 h6g4 f2f4 e7e6 b1c3 f8b4 d2d1 h7h5
1784,d2d4 g7g6 c1g5 d7d5 d1d3 b7b6 a2a3 e8d7 d3b3 e7e6 b3a4 b6b5
1785,b1a3 c7c5 b2b4 h7h5 h2h3 h8h7 c2c3 d7d6 a1b1 b7b5 a3c2 d8d7
1786,b2b3 e7e6 c2c4 b8c6 g2g3 g7g5 c1a3 g8f6 a3b4 g5g4 c4c5 e6e5
1787,b2b4 b7b5 e2e4 f7f5 c1a3 e7e6 e4e5 f8c5 g1f3 c5f2 e1f2 g7g6
1788,a2a4 e7e6 f2f4 d7d5 g2g3 c7c5 b1c3 f7f6 c3b5 b8d7 g1h3 g7g6
1789,g2g3 a7a5 f2f4 b8c6 c2c4 f7f6 e2e3 b7b5 f1d3 b5c4 e3e4 d7d5
1790,g2g4 b7b5 d2d3 c8a6 e1d2 d7d5 g1f3 h7h5 h2h4 f7f5 f1g2 d5d4
1791,f2f4 h7h6 f4f5 a7a6 e2e3 b8c6 g2g3 a6a5 d1h5 g7g5 a2a4 d7d6
1792,a2a4 e7e5 b1c3 e8e7 g2g3 a7a5 f2f4 e7e6 e2e4 b8a6 c3d5 g8e7
1793,b1a3 g7g6 h2h4 b7b5 g1h3 c7c5 h1h2 d8b6 a3b5 e8d8 b2b4 d7d6
1794,d2d4 b7b6 h2h3 e7e6 a2a3 d7d5 a1a2 e8d7 b1d2 f8b4 g2g4 a7a5
1795,h2h3 b8c6 b1a3 e7e5 c2c3 a7a5 d2d4 f8c5 f2f3 e5d4 c3d4 a8a7
1796,b1c3 c7c5 g2g3 b8c6 a2a4 d7d5 f2f4 d8d7 c3b5 a7a5 f4f5 f7f6
1797,a2a4 e7e5 f2f4 f7f6 b1c3 g7g5 h2h3 e5e4 f4g5 d7d5 h3h4 c7c5
1798,d2d4 e7e6 e1d2 f8b4 d2e3 f7f5 a2a4 b4f8 f2f3 g7g6 b1a3 d8e7
1799,b2b4 b7b5 a2a4 a7a6 d2d4 e7e5 h2h3 e8e7 a4b5 h7h6 c2c3 d7d6
1800,a2a4 d7d5 f2f3 g7g6 b2b4 c8f5 e2e4 a7a5 a1a3 f5e4 f1c4 a5b4
1801,e2e3 c7c5 h2h3 g7g5 b2b3 d7d6 d2d4 h7h6 f1b5 c8d7 d4d5 b8c6
1802,b1c3 b7b6 e2e3 e7e6 f2f3 h7h6 g2g3 g7g6 c3b1 c7c5 d2d4 d7d6
1803,b2b3 g7g6 h2h3 e7e6 a2a4 d8e7 h3h4 f7f6 e2e4 b7b6 f2f4 g6g5
1804,h2h3 a7a6 e2e3 d7d6 e3e4 e8d7 f2f4 c7c6 g2g4 b7b5 f1b5 g8f6
1805,d2d4 b8a6 e1d2 f7f5 e2e3 a8b8 b2b3 a6b4 a2a4 g8f6 f1b5 f6e4
1806,b2b3 a7a5 c2c4 b8c6 e2e4 f7f5 f2f4 g7g6 g1f3 f5e4 g2g3 h7h6
1807,g2g3 g7g6 f2f4 f7f5 a2a3 h7h6 a1a2 b8a6 b2b3 f8g7 e1f2 g7b2
1808,b2b3 b7b5 h2h4 d7d6 f2f4 g7g5 g2g3 g5f4 g3f4 b5b4 g1f3 f7f6
1809,g2g3 a7a5 d2d4 b8c6 c2c4 g8h6 f1g2 a8a7 g2c6 e7e5 d1b3 a7a8
1810,c2c4 b7b5 d2d3 b8a6 d1b3 e7e5 c4b5 f7f6 g2g4 a6b4 c1d2 g7g5
1811,d2d4 e7e6 c1g5 b8a6 e1d2 a8b8 e2e3 f8e7 d4d5 a6b4 b2b3 a7a6
1812,b2b3 c7c5 d2d4 c5d4 c2c3 d8b6 e2e4 f7f5 d1c2 g7g6 f1c4 b6b5
1813,d2d4 g7g6 c1g5 c7c5 a2a3 e7e5 d4e5 d8e7 d1d7 e7d7 b1c3 f7f6
1814,d2d4 g7g5 c1g5 d7d5 e2e4 b8a6 e1e2 c7c6 g1h3 f7f5 e4d5 a6c5
1815,h2h4 b8a6 c2c4 g7g6 f2f3 d7d5 d1a4 b7b5 a4a5 g6g5 e2e4 h7h6
1816,b2b4 h7h6 c2c4 a7a5 b1c3 b8c6 a2a3 g7g5 e2e4 a5b4 e1e2 c6d4
1817,h2h4 g7g5 b2b3 d7d5 d2d4 b7b5 c2c3 c7c6 g2g4 c8e6 d1d2 d8d7
1818,a2a3 e7e6 f2f4 d8g5 g2g3 g5f4 g1f3 f7f6 c2c4 c7c5 b2b4 b8c6
1819,g2g3 a7a6 f2f4 b7b5 f4f5 d7d6 d2d3 h7h5 b1d2 h8h7 d2b3 c7c6
1820,g2g3 h7h6 b1a3 g7g6 g1f3 f7f5 a1b1 f8g7 h2h3 g7b2 h1h2 e7e6
1821,h2h4 d7d5 g2g3 f7f6 g3g4 b8c6 g1f3 a8b8 f3g5 d8d7 e2e4 f6g5
1822,b2b3 b8c6 d2d4 a7a6 e2e4 c6d4 f1b5 g7g5 d1e2 f7f6 e2h5
1823,f2f3 d7d5 d2d3 f7f5 d3d4 b8a6 b1c3 a8b8 c1h6 e7e5 h6g7 d8e7
1824,g2g3 g7g6 f2f4 f7f5 a2a4 e8f7 b1a3 d8e8 e1f2 b7b5 d1e1 a7a5
1825,d2d4 f7f6 f2f3 e7e6 c2c4 g7g5 b1c3 b8a6 e1d2 a8b8 c4c5 d8e7
1826,c2c4 b7b5 d1b3 a7a6 g2g4 g7g5 d2d3 d7d6 e1d1 e8d7 c4b5 a6b5
1827,g2g3 h7h5 g3g4 h5g4 d2d3 h8h6 g1f3 d7d6 h1g1 h6f6 h2h4 c8f5
1828,d2d4 c7c5 b2b4 e7e5 h2h4 e8e7 e2e4 b8c6 c2c3 b7b5 b4c5 c6d4
1829,a2a4 d7d5 b1a3 c7c6 f2f3 c6c5 e1f2 c8g4 d2d3 e8d7 g2g3 d7c7
1830,g1h3 c7c5 f2f4 h7h6 d2d4 c5d4 c2c3 d8c7 h3g5 h6h5 c3d4 b7b5
1831,e2e3 g7g6 b2b4 d7d6 f2f4 c7c5 f4f5 d8b6 b4c5 h7h6 g2g3 g6f5
1832,b2b4 f7f6 f2f3 d7d6 f3f4 h7h6 e2e3 c7c5 g2g3 b8c6 d2d4 c5c4
1833,d2d4 b8a6 c2c4 a8b8 g2g3 g7g5 c4c5 h7h6 g1f3 d7d6 f3g5 a6c5
1834,g2g3 b7b5 d2d3 a7a5 c2c4 d7d6 g3g4 f7f5 b1c3 a8a7 f2f3 h7h5
1835,g2g3 b7b5 d2d3 b8c6 c1h6 a7a5 h2h4 a8a7 h6g7 d7d6 h1h3 e8d7
1836,d2d4 g8h6 c1g5 d7d5 a2a3 h6g4 a1a2 g7g6 g5f6 b7b5 b2b4 e7e6
1837,f2f4 b8c6 g2g3 a7a5 f4f5 b7b5 e2e3 a8b8 c2c3 a5a4 c3c4 f7f6
1838,d2d4 e7e6 c1g5 b8a6 c2c3 a8b8 d4d5 a6b4 d5e6 b4d3 e2d3 f8c5
1839,d2d4 a7a6 h2h3 a8a7 b2b4 h7h6 g2g4 g7g5 c1g5 h6g5 e2e4 g8f6
1840,c2c3 b7b5 e2e4 f7f5 e1e2 g7g6 e2e3 f5e4 f2f4 c7c6 g2g3 d8b6
1841,b1c3 e7e5 f2f4 c7c6 b2b3 f8e7 b3b4 b7b6 a2a3 h7h6 f4f5 h8h7
1842,b2b3 e7e6 c2c4 b7b6 h2h3 b8a6 g2g3 f7f6 d2d3 e6e5 c1h6 b6b5
1843,e2e4 f7f5 g2g4 h7h5 f2f3 g7g6 b2b4 e7e6 e4f5 f8b4 f5e6 d8f6
1844,a2a4 d7d5 b1c3 b7b5 a1a2 e8d7 c3d5 e7e5 f2f4 f7f5 d5e3 b5b4
1845,g2g3 a7a5 d2d3 f7f5 f2f4 c7c6 a2a3 h7h6 c2c4 b8a6 f1g2 a5a4
1846,a2a4 e7e6 g2g3 f7f6 f2f4 e6e5 b1a3 g7g5 f4e5 f6e5 d2d4 f8a3
1847,h2h3 b7b6 c2c3 d7d6 d2d4 b8c6 c1g5 b6b5 b2b3 f7f6 e1d2 f6g5
1848,b2b3 a7a6 e2e3 g7g6 g2g4 g6g5 h2h3 a6a5 f2f4 g8f6 e3e4 b8c6
1849,b2b4 a7a6 d2d4 d7d5 f2f3 b8d7 h2h3 b7b5 e2e4 d5e4 e1e2 e7e5
1850,b1a3 e7e6 c2c3 c7c5 b2b4 g7g5 f2f3 f7f6 b4c5 a7a5 c3c4 d7d6
1851,d2d4 g7g6 h2h3 b7b5 a2a3 d7d6 b1d2 g6g5 d4d5 c8e6 h1h2 d8c8
1852,a2a3 e7e5 f2f4 h7h6 g2g3 g7g5 e2e4 f7f5 f4e5 b8c6 f1b5 e8e7
1853,a2a4 b7b6 b1c3 e7e6 c3d5 e6d5 a1a2 c7c5 g1f3 b6b5 b2b4 c5b4
1854,h2h3 b7b5 f2f3 b8c6 b2b3 f7f6 e2e4 d7d5 b1c3 b5b4 e4d5 h7h6
1855,b2b4 h7h5 g2g4 h8h7 d2d3 b7b6 f1g2 d7d6 g2d5 e8d7 c1f4 e7e6
1856,a2a3 h7h6 d2d4 b8a6 a1a2 g7g5 c1g5 h6g5 h2h4 a8b8 h1h3 d7d6
1857,h2h3 e7e6 c2c4 d7d6 b2b4 b8a6 g2g3 e6e5 b1c3 b7b5 f2f4 e8e7
1858,g2g3 a7a5 d2d4 b8c6 c2c4 g7g5 d1d2 e7e6 c4c5 f8c5 g3g4 f7f5
1859,c2c4 a7a5 d2d4 d7d5 a2a4 b7b5 a4b5 b8c6 b2b4 h7h6 e1d2 g7g5
1860,b2b3 f7f5 h2h3 g7g6 a2a4 e7e5 f2f4 d7d5 e1f2 g6g5 c2c4 g5g4
1861,b2b4 f7f6 f2f4 e7e6 b1c3 g7g5 c3d5 d7d6 d5b6 d6d5 b6a8 g5g4
1862,g2g3 g8f6 e2e3 d7d6 f2f3 h7h5 f1d3 g7g5 d3f5 c7c5 f3f4 d8a5
1863,h2h4 d7d5 g2g3 c8g4 d2d4 b7b6 h1h3 e8d7 g1f3 c7c5 b2b4 g4f3
1864,c2c4 h7h5 e2e4 f7f5 b2b3 g7g6 d1c2 b7b5 h2h3 b8a6 g1f3 f5e4
1865,f2f3 e7e6 c2c4 b8c6 g2g3 g8f6 d2d4 a8b8 e2e3 c6b4 b1c3 c7c5
1866,b1a3 b7b6 h2h4 d7d5 d2d3 e8d7 h1h3 e7e6 b2b4 f7f5 a3b5 a7a5
1867,h2h4 b8a6 h1h3 a8b8 d2d4 a6b4 g2g3 e7e6 e2e3 e8e7 f2f4 a7a6
1868,h2h3 e7e6 c2c4 b8c6 g2g3 e8e7 c4c5 a7a6 d2d4 c6e5 d4e5 h7h6
1869,c2c4 b7b5 b2b4 f7f6 b1c3 c7c5 e2e4 d8c7 a2a4 e7e5 a1a3 g7g6
1870,d2d4 e7e6 c1g5 b8a6 c2c3 d8f6 h2h3 d7d6 h1h2 f6e5 d4e5 e8d7
1871,b1a3 g7g6 c2c4 b7b5 f2f3 b5c4 d1c2 f7f5 b2b4 e7e5 h2h4 f8b4
1872,b2b4 e7e5 f2f4 g8f6 h2h4 e8e7 c2c3 b7b5 g2g3 f6g4 f1h3 g4h6
1873,b2b4 d7d5 c2c4 f7f6 g2g4 a7a6 d1b3 d5c4 b3c2 c8g4 f2f3 b8d7
1874,e2e3 c7c5 e3e4 g7g5 g2g3 d7d5 f1b5 d8d7 e4e5 d5d4 f2f4 d7b5
1875,a2a3 e7e6 f2f4 f7f6 g2g3 g7g5 a1a2 g5g4 e1f2 a7a6 f1h3 e6e5
1876,a2a4 e7e5 b1c3 h7h6 d2d4 c7c6 c1g5 d7d5 d1c1 b7b6 e1d1 f8a3
1877,d2d4 g7g6 f2f3 h7h5 a2a3 f7f5 c1h6 e7e6 c2c3 f8c5 h6g5 b8a6
1878,g2g3 a7a5 d2d4 b8c6 c2c4 a5a4 h2h3 h7h6 e2e3 h8h7 d1h5 d7d6
1879,g2g3 b7b5 d2d3 d7d6 e1d2 a7a5 b2b4 b8c6 e2e4 e8d7 d2e2 e7e6
1880,b2b4 d7d5 c2c4 f7f6 e2e4 c7c6 d1g4 c6c5 g4g6 e8d7 f2f3 d5e4
1881,b1a3 b7b6 d2d3 c7c6 e1d2 f7f5 f2f4 d7d6 b2b4 b8a6 g1h3 d8c7
1882,d2d4 e7e5 f2f3 f8c5 b1c3 f7f6 c3b5 d8e7 a2a3 e8f8 c1h6 e5d4
1883,g2g4 b7b6 e2e4 g8f6 g1e2 f6e4 f2f3 d7d5 c2c4 c8e6 f3e4 g7g5
1884,b2b4 b7b5 c2c4 b8a6 b1c3 g7g6 a2a4 f7f5 a1b1 e7e5 b1b3 c7c5
1885,h2h3 b8c6 e2e4 d7d5 g2g4 g8f6 c2c4 d5e4 f2f3 h7h5 f1g2 h8h6
1886,h2h4 a7a5 d2d4 b8c6 c2c4 a8b8 b2b3 c6b4 c1a3 h7h6 a3b4 g7g5
1887,e2e4 f7f5 g2g4 f5g4 f2f3 b7b5 b2b4 e7e5 f3g4 e8e7 f1g2 a7a6
1888,c2c4 b7b5 c4c5 a7a5 d2d4 d7d6 c5d6 f7f6 e1d2 b8c6 d1b3 c7d6
1889,d2d4 g7g6 a2a3 d7d5 c1g5 f7f5 g5f6 b7b5 b1d2 f8h6 f6h8 c7c6
1890,h2h3 g7g6 g2g3 h7h5 b1a3 b7b6 f1g2 a7a5 g2c6 d7c6 f2f4 g6g5
1891,g2g3 a7a5 d2d4 a5a4 c2c4 f7f6 g3g4 b8a6 c1h6 d7d5 h6g7 f6f5
1892,a2a3 d7d5 f2f3 f7f6 a1a2 b7b5 b2b4 e8d7 d2d4 e7e5 e2e4 f8b4
1893,b2b4 f7f6 f2f4 d7d5 e2e3 a7a5 f1c4 d8d7 d2d4 d5c4 e1d2 e8d8
1894,f2f3 f7f5 d2d4 g7g6 c2c4 e7e6 b1c3 f8b4 d1d3 b4c3 b2c3 b7b5
1895,d2d4 d7d5 b2b3 f7f6 e2e3 e8d7 g2g4 b7b6 e1d2 c7c6 d1e1 d7e6
1896,g2g3 f7f5 a2a4 g7g6 f2f4 h7h6 h2h3 b7b6 e1f2 c7c6 a4a5 d7d5
1897,b2b3 f7f6 c1b2 e7e6 e2e3 g7g6 f2f3 c7c5 g2g3 b7b5 b3b4 f6f5
1898,d2d4 d7d5 f2f3 f7f6 g2g4 b8a6 b2b4 e7e6 e1d2 d8d7 b1a3 a8b8
1899,f2f3 g7g5 f3f4 g5g4 g1f3 h7h5 e2e3 a7a6 a2a3 b7b5 e3e4 g4g3
1900,d2d4 c7c5 b2b4 e7e5 c2c4 c5d4 d1d2 f8c5 d2b2 e8f8 e1d2 g7g6
1901,b1c3 e7e5 f2f4 g7g5 c3d5 f7f5 f4e5 f5f4 a2a4 a7a5 b2b4 a8a6
1902,b2b3 h7h6 c2c3 d7d5 e2e4 a7a6 d1c2 d5e4 g2g3 h8h7 e1d1 d8d3
1903,a2a4 f7f6 a1a2 g7g5 b1a3 e7e5 e2e4 g5g4 g1f3 e8e7 d2d4 e5d4
1904,d2d4 e7e6 c2c4 f7f6 g2g3 g7g5 d1d2 e6e5 d2g5 e5d4 g5f6 h7h5
1905,d2d3 e7e5 d3d4 c7c5 f2f3 e5d4 d1d4 c5d4 b2b4 g7g5 b1a3 d8a5
1906,b1c3 e7e5 a2a4 e8e7 c3d5 e7d6 h2h3 h7h6 d2d4 c7c6 c2c3 b7b5
1907,a2a4 e7e5 e2e3 f7f5 d2d4 g7g6 h2h4 f8h6 h1h3 h6e3 f2f4 e5d4
1908,b2b4 b8c6 b4b5 a8b8 d2d4 h7h6 e2e4 b7b6 g2g4 g8f6 c1g5 d7d6
1909,b1c3 e7e5 f2f4 b8c6 g2g3 g8f6 c3d5 a8b8 f4e5 a7a5 a2a4 f6d5
1910,d2d4 e7e6 a2a4 f7f6 c1g5 c7c5 h2h3 e6e5 b1c3 d8c7 f2f3 c5c4
1911,b2b3 e7e6 f2f4 f8d6 c2c4 g7g6 g2g3 h7h6 f4f5 d6b4 c4c5 b7b6
1912,b1a3 b8a6 g2g3 h7h5 f2f4 d7d6 e2e4 h8h6 d1e2 g8f6 e2b5 d8d7
1913,b1a3 a7a5 a1b1 e7e6 e2e4 h7h6 f1a6 a8a7 a6e2 d8h4 g2g3 e8e7
1914,h2h4 d7d5 d2d3 a7a5 c2c4 d5c4 d3c4 h7h5 h1h3 b8c6 d1d5 c6b4
1915,a2a3 b8c6 d2d4 c6b4 a1a2 e7e6 g2g4 f8e7 e2e3 f7f5 g4f5 g7g6
1916,d2d4 f7f6 h2h3 d7d6 f2f4 b8c6 e2e4 h7h6 g2g4 a8b8 d4d5 d8d7
1917,e2e3 b7b5 g1f3 c7c5 e3e4 b8c6 b1c3 f7f6 g2g4 f6f5 a1b1 f5e4
1918,b1c3 e7e5 g1f3 e8e7 d2d4 a7a5 c1g5 e7e6 d4e5 f7f6 h2h3 d7d5
1919,d2d4 e7e6 h2h4 e6e5 c2c4 e8e7 g2g4 h7h6 f2f4 g7g6 d1d3 b8a6
1920,h2h3 g7g6 h1h2 d7d5 a2a4 f7f6 b1c3 a7a6 b2b4 a8a7 a1b1 b7b6
1921,a2a3 d7d5 e2e3 f7f6 f2f3 e8d7 g2g3 d7e6 f1b5 c7c6 h2h4 c6b5
1922,c2c4 a7a5 b2b3 b8c6 c4c5 a8a7 h2h3 c6d4 e2e4 e7e6 g2g3 g8f6
1923,a2a4 e7e5 g1f3 a7a5 b2b3 e8e7 e2e4 d7d6 e1e2 g8f6 f3e1 c8h3
1924,g2g3 b7b5 d2d3 b8c6 a2a4 a7a5 d3d4 d7d6 c1f4 a8a6 f4d6 d8d6
1925,b1c3 b7b6 a2a4 c7c5 a1a2 e7e5 g1f3 e8e7 e2e4 c5c4 c3d5 e7d6
1926,a2a4 e7e5 g1f3 c7c5 b1c3 f7f6 c3a2 d7d5 a1b1 e8e7 b2b4 c5c4
1927,b1c3 h7h5 a1b1 e7e5 f2f4 b8c6 e2e4 a7a5 c3e2 g8e7 e1f2 c6b4
1928,b1a3 b8c6 g2g3 a7a5 e2e3 h7h5 a1b1 h8h6 f1c4 d7d6 c4f1 c8h3
1929,b2b3 d7d6 d2d4 b7b5 a2a4 b8c6 e2e4 e8d7 e1e2 g7g6 c1h6 f7f6
1930,b1c3 d7d5 a2a4 c7c5 a1a2 b7b6 c3d5 c5c4 g2g3 h7h5 e2e3 c8b7
1931,b2b4 b8c6 d2d4 a7a5 e1d2 a8a7 e2e4 d7d6 c1b2 g8f6 d2d3 b7b5
1932,g2g3 b7b5 e2e3 g8f6 f1g2 a7a5 d1e2 b8c6 d2d4 h7h6 e2d2 c8a6
1933,d2d4 e7e6 c2c4 h7h6 c4c5 g7g6 f2f3 f8c5 d4c5 g6g5 d1c2 g8f6
1934,a2a3 g7g6 a3a4 d7d5 b1c3 h7h6 a1a2 g6g5 g1h3 c8h3 e2e4 d5e4
1935,b1c3 g8h6 a1b1 e7e5 f2f3 h8g8 d2d4 e8e7 d4e5 b8a6 c3d5 e7e8
1936,f2f3 e7e6 b2b4 b8c6 c2c4 a8b8 d1c2 g8f6 a2a3 e6e5 d2d4 f8b4
1937,b2b4 b8c6 h2h4 c6b4 a2a4 d7d5 d2d4 a7a6 a4a5 h7h6 f2f4 e7e5
1938,b1a3 g7g6 b2b3 f7f5 b3b4 e8f7 a1b1 d8e8 a3b5 e7e5 a2a4 d7d6
1939,d2d4 b8a6 c2c4 b7b5 c1g5 g7g6 b2b3 f7f5 c4b5 d7d6 d1c2 h7h6
1940,g2g3 f7f5 a2a4 g7g6 g1h3 f5f4 e2e3 e7e5 h3g5 f4f3 d2d3 g8f6
1941,g2g3 h7h6 e2e3 a7a5 b2b4 d7d6 b4a5 h6h5 d2d4 b7b5 h2h3 d6d5
1942,c2c4 b7b5 d2d4 f7f6 d1b3 c7c5 g2g4 d8c7 d4c5 e7e5 g1f3 b5c4
1943,b1c3 e7e5 g1f3 e8e7 d2d4 d7d5 h1g1 b7b5 c3b5 e5e4 d1d2 c8h3
1944,b1c3 e7e5 f2f4 a7a5 c3d5 b8c6 d5e3 a8b8 e3g4 d8g5 e2e4 g8f6
1945,a2a3 a7a6 a1a2 b7b5 d2d4 d7d5 c1h6 c7c5 b1c3 e7e5 c3b5 e8e7
1946,h2h3 e7e6 h1h2 a7a5 d2d3 e8e7 c1g5 g8f6 g5h4 d7d5 c2c4 d5c4
1947,a2a3 b8c6 d2d4 a7a5 d1d2 a8a7 d2b4 e7e6 e1d1 f7f6 b4a5 g8e7
1948,h2h3 d7d5 c2c4 f7f6 g2g4 d5c4 b1c3 c7c5 d2d3 d8d3 a1b1 g7g5
1949,a2a4 d7d5 f2f3 c8g4 b2b4 g4f3 h2h4 f3g4 c2c4 d5c4 a4a5 c7c6
1950,b1c3 e7e5 f2f4 a7a5 a2a4 b8c6 c3d5 e5e4 a1a2 f8a3 f4f5 g8f6
1951,b2b4 b7b5 b1c3 a7a6 e2e3 a6a5 f1c4 d7d6 c4f1 f7f6 f2f3 e8d7
1952,c2c4 b7b5 d1b3 b8c6 c4b5 a8b8 b3b4 e7e6 h2h3 c6e7 d2d3 f7f6
1953,g2g3 h7h6 b1a3 f7f5 a1b1 g7g6 h2h3 e7e6 h1h2 d8g5 h2g2 f5f4
1954,b2b4 e7e6 c2c4 d7d6 g2g3 g8h6 d1b3 f7f6 h2h4 e6e5 f2f4 e8e7
1955,d2d4 e7e6 c1g5 d7d5 c2c3 b7b6 h2h4 e8d7 h1h3 d8g5 g1f3 g5e3
1956,c2c4 g7g5 b2b4 d7d6 b1c3 h7h6 e2e3 b7b5 c3b5 b8c6 f2f4 g5g4
1957,c2c4 b7b5 d1b3 b8c6 g2g3 a7a5 d2d3 c6b8 c4b5 d7d5 e1d2 d8d7
1958,b1c3 b7b5 h2h3 d7d6 a2a3 e8d7 c3b5 a7a5 d2d4 e7e5 a1a2 f7f6
1959,e2e4 e7e6 f2f4 a7a5 d2d3 b7b5 c2c4 e6e5 g2g4 h7h6 c4b5 e8e7
1960,g2g4 a7a6 h2h3 b7b6 c2c4 b6b5 d1b3 d7d6 d2d3 f7f6 c4b5 a6b5
1961,d2d4 e7e6 h2h4 a7a6 c1g5 f8c5 d4c5 d7d5 h1h3 d8d6 c2c3 h7h6
1962,a2a4 e7e5 g2g3 g7g5 g1f3 f7f6 d2d3 a7a5 g3g4 e8f7 e1d2 f8b4
1963,a2a3 g7g6 h2h4 g6g5 h1h3 g5g4 a3a4 d7d5 b1c3 c7c5 c3b5 d8b6
1964,b1c3 a7a6 a2a4 e7e6 h2h4 e6e5 c3d5 h7h6 g1f3 f8e7 d2d4 b8c6
1965,c2c4 g7g6 g2g3 f7f5 d2d3 e8f7 a2a4 h7h6 c4c5 h6h5 d3d4 d8e8
1966,c2c4 g7g5 d2d3 c7c5 g2g4 d7d6 f2f4 b8c6 e1f2 c6b8 b2b4 c8e6
1967,b2b4 f7f5 h2h4 b8a6 d2d4 g7g6 f2f4 h7h6 d1d2 e7e6 h1h3 a8b8
1968,c2c4 g7g5 e2e4 b7b6 f2f3 b6b5 d1b3 d7d6 f3f4 f7f5 c4c5 h7h6
1969,g2g3 f7f5 h2h3 g7g6 f2f4 e7e6 e1f2 b7b5 d1e1 h7h5 f2f3 g8f6
1970,d2d4 e7e6 f2f4 b8c6 e2e4 a8b8 e1d2 c6b4 h2h3 g8f6 d4d5 e6d5
1971,b2b3 a7a6 h2h3 b7b5 f2f3 h7h6 d2d3 d7d6 b1d2 g7g5 f3f4 f7f6
1972,b2b4 g8f6 h2h4 e7e5 d2d4 d7d5 a2a4 e8e7 c2c3 a7a6 g1f3 c8g4
1973,b1c3 e7e6 f2f4 b8c6 a2a3 a8b8 e2e4 g8f6 c3b5 h8g8 d2d3 f8a3
1974,b1c3 e7e6 g1h3 f8c5 a2a4 g7g6 h1g1 f7f6 e2e4 g6g5 e4e5 f6e5
1975,b1c3 a7a5 g1f3 b8c6 a1b1 e7e6 e2e4 d8f6 a2a4 c6d4 c3a2 e8d8
1976,b1c3 e7e6 a2a4 c7c5 b2b4 e6e5 f2f4 b7b6 c3e4 c5c4 a1b1 c8a6
1977,b1c3 d7d5 a2a4 f7f6 a1a2 g7g5 e2e4 c7c5 c3d5 c5c4 f2f4 b7b5
1978,a2a4 f7f6 a1a2 d7d5 b1c3 b7b6 c3d5 d8d5 e2e3 d5e4 d1g4 a7a6
1979,b1c3 f7f5 a2a4 b8a6 a1a2 e7e6 g1f3 e6e5 a4a5 f8a3 b2a3 f5f4
1980,b1c3 g8h6 c3e4 d7d5 a1b1 e7e6 g1f3 e8d7 e4g5 a7a5 f3d4 b7b6
1981,h2h3 d7d5 a2a3 c8g4 h3g4 a7a6 b1c3 b7b6 c3a2 b6b5 h1h3 e7e5
1982,d2d3 b8a6 g2g3 f7f5 c2c4 g7g6 d1b3 a6c5 c1g5 e7e5 f2f4 c5e4
1983,c2c4 a7a6 e2e3 b7b5 d1b3 d7d6 e3e4 f7f6 c4c5 c8e6 b3c2 e8d7
1984,g2g3 g7g6 f2f4 f7f5 g1f3 f8g7 b2b3 e8f7 c2c3 g7c3 e2e4 c3e5
1985,h2h3 g7g5 g2g3 e7e5 e2e3 f7f6 e1e2 g5g4 f2f3 c7c6 d2d3 f8a3
1986,b2b3 a7a6 e2e4 f7f5 f2f3 f5e4 c2c4 b7b5 c4c5 d7d6 f3e4 e8d7
1987,c2c4 d7d5 e2e4 f7f6 b2b3 h7h6 f2f3 d5e4 g2g3 b7b5 e1f2 e4f3
1988,b1c3 e7e6 g1h3 e6e5 a2a4 d7d5 h1g1 e5e4 c3d5 c7c6 a1b1 d8c7
1989,b2b3 c7c5 e2e4 f7f5 g1f3 f5e4 h2h4 b7b5 e1e2 d8c7 b1c3 e4e3
1990,b2b3 c7c5 h2h3 d7d5 f2f3 c8g4 a2a4 c5c4 b3b4 e8d7 h3g4 b8c6
1991,b2b3 h7h5 e2e4 f7f5 c2c4 g7g6 d1c2 c7c6 e4f5 e7e5 h2h4 g6g5
1992,g2g3 g7g6 f2f4 f7f5 e1f2 h7h6 h2h3 b8c6 h1h2 c6d4 d1e1 c7c6
1993,a2a4 c7c5 b1c3 e7e5 g1f3 b7b5 h2h4 e8e7 d2d3 d7d6 c3d5 e7d7
1994,d2d4 g7g6 b1d2 b8a6 a2a3 f7f5 h2h4 e7e5 f2f4 e5d4 h1h2 b7b5
1995,b2b3 a7a6 c2c4 d7d5 e2e4 c7c6 b3b4 e7e6 d1c2 d5e4 a2a3 g7g5
1996,a2a4 d7d5 b1c3 e7e5 g1f3 e5e4 a1a2 g7g6 e2e3 f7f5 c3b5 c7c5
1997,g2g3 f7f5 a2a3 a7a6 h2h3 f5f4 b1c3 g7g6 f1g2 e7e5 a3a4 c7c6
1998,h2h4 d7d5 e2e4 g7g5 f2f4 d5e4 g2g3 e4e3 d2d4 a7a6 d4d5 c7c6
1999,h2h3 g7g6 g2g3 g8f6 f2f4 e7e5 h3h4 h7h6 e2e4 f8a3 d1h5 b7b6
2000,d2d4 f7f6 f2f4 e7e6 b1d2 b8a6 d4d5 e6d5 g2g3 a6b4 e2e3 c7c5
2001,c2c4 f7f5 d2d4 e7e6 d1b3 g7g6 h2h4 d8f6 d4d5 f8d6 b3a3 f6f7
2002,a2a4 f7f6 g1f3 d7d5 a1a2 c8h3 b1c3 h3g2 b2b4 b7b5 d2d3 e8d7
2003,d2d4 d7d5 g1h3 e7e5 d1d2 g7g5 b2b3 a7a6 e1d1 a8a7 e2e4 g8f6
2004,h2h3 h7h6 a2a3 d7d5 g2g4 c8g4 h3g4 a7a6 d2d4 b7b5 c1f4 h6h5
2005,b2b4 b8c6 d2d4 a7a5 b4b5 a8a7 e1d2 c6d4 a2a3 e7e5 b1c3 e8e7
2006,b2b4 b7b6 e2e4 d7d5 c1a3 e7e5 c2c3 g7g5 e1e2 f7f5 e4f5 f8c5
2007,e2e3 f7f5 b1c3 g7g6 a1b1 e7e5 g1f3 f8h6 c3d5 d8h4 f3g5 b8a6
2008,a2a4 d7d5 b1c3 c7c5 a1a2 c8f5 c3d5 d8d5 d2d3 a7a6 e2e4 d5e5
2009,d2d4 g7g6 a2a3 f7f5 c1g5 e7e5 c2c3 f5f4 d4e5 d7d6 d1c2 h7h6
2010,a2a4 e7e6 b1c3 c7c5 f2f4 b8a6 b2b4 c5b4 c3a2 d7d5 g2g3 a6b8
2011,d2d4 b8a6 c2c4 f7f6 c1h6 b7b5 c4b5 d7d6 h6g7 e8d7 b5a6 f8g7
2012,d2d4 e7e5 f2f3 f7f6 h2h3 g7g5 a2a3 f8g7 h3h4 h7h6 b1d2 f6f5
2013,d2d4 b8a6 e2e3 c7c6 e1d2 f7f5 b2b3 a6b4 d1h5 g7g6 h5d1 b4d3
2014,f2f3 g7g5 b2b4 d7d6 f3f4 c7c5 e2e4 f8g7 g2g3 g7e5 b4c5 d6c5
2015,h2h3 b7b6 c2c3 b6b5 b2b3 e7e6 d2d4 d7d6 e2e3 e8d7 g2g4 f8e7
2016,b1a3 a7a6 h2h3 c7c6 g2g4 d7d5 a1b1 c8g4 h3g4 b7b5 h1h7 h8h7
2017,a2a4 f7f5 b1c3 e7e5 f2f4 g8f6 h2h3 b7b6 h1h2 f8a3 d2d3 d7d5
2018,a2a3 a7a6 h2h4 b7b5 b2b4 e7e5 e2e4 e8e7 f2f4 d7d5 e1e2 c8g4
2019,b1c3 h7h5 a2a3 b8a6 c3b5 h8h6 d2d4 a6b4 f2f3 g8f6 d1d2 a8b8
2020,d2d4 f7f6 c1g5 d7d6 a2a3 b7b5 a1a2 a7a6 b1d2 b5b4 a3b4 h7h6
2021,e2e3 g7g5 b2b4 e7e6 f2f3 d7d6 c2c4 c7c5 d1c2 h7h6 c2g6 h8h7
2022,c2c4 b7b6 d2d3 d7d5 e1d2 h7h5 g2g3 d8d7 d1b3 f7f5 f1h3 h8h6
2023,b2b3 b8c6 a2a4 a7a5 e2e4 f7f5 f2f3 e8f7 f1a6 b7a6 d2d3 c6d4
2024,a2a4 d7d5 b1c3 h7h6 f2f3 c8g4 d2d3 e7e5 e1d2 e8e7 c3a2 f7f6
2025,a2a3 h7h5 f2f3 b8a6 d2d4 e7e6 e1d2 d8e7 d4d5 h8h6 c2c3 d7d6
2026,h2h4 g7g5 d2d3 d7d5 h1h3 f7f5 h3f3 a7a6 b2b4 f8h6 a2a3 b7b5
2027,a2a3 h7h6 d2d4 a7a6 h2h3 g7g5 e2e4 d7d5 g2g4 d5e4 c1g5 h6g5
2028,a2a4 d7d5 b1c3 f7f6 a1a2 c7c5 c3d5 d8d5 g2g4 c5c4 h2h3 d5h1
2029,b1a3 g7g5 d2d3 c7c6 g2g4 c6c5 b2b4 f7f5 f2f4 e7e5 b4b5 b8a6
2030,h2h4 g7g5 b2b4 d7d6 e2e4 g5g4 d2d4 e8d7 c1f4 d8e8 e1e2 b8a6
2031,b1c3 e7e5 a2a4 b8a6 g1f3 f8e7 f3h4 h7h5 h1g1 a8b8 a1a2 e7h4
2032,g1h3 b7b6 d2d4 b6b5 a2a4 d7d5 h3f4 b5b4 h1g1 e8d7 c2c3 g8f6
2033,b1a3 e7e5 f2f4 g7g5 c2c4 c7c5 e1f2 f7f6 b2b4 g5g4 b4b5 g8e7
2034,g1f3 h7h5 f3g1 c7c5 b2b3 b7b5 d2d3 f7f5 b3b4 b8c6 b4c5 c6d4
2035,a2a4 e7e5 b2b4 c7c6 a4a5 b7b6 d2d3 f8e7 e1d2 f7f5 b4b5 d8c7
2036,b1a3 g7g6 h2h4 a7a5 h1h3 d7d5 h3f3 b8c6 a1b1 d5d4 f3f4 c8g4
2037,b1c3 h7h6 e2e3 g7g6 a1b1 c7c6 c3d5 c6c5 g1f3 h6h5 a2a4 b7b5
2038,f2f3 g7g5 d2d4 c7c5 g2g3 d8a5 d1d2 a5a4 d2g5 a4d4 c2c4 d4d6
2039,b2b3 c7c5 h2h4 d7d5 b3b4 c5c4 d2d4 d8d7 b1c3 g7g5 d1d2 b8c6
2040,d2d4 g7g5 c2c4 b7b5 c1g5 c7c5 d1b3 d8c7 h2h3 f8h6 g5h6 d7d6
2041,g2g3 b8c6 c2c4 c6a5 a2a4 a7a6 b1c3 d7d5 h2h3 h7h6 g3g4 c8g4
2042,a2a3 h7h5 h2h4 a7a6 b2b4 b7b5 d2d4 e7e5 e2e3 f8e7 f1b5 e7f6
2043,g2g3 a7a5 h2h3 b7b5 d2d4 f7f6 g3g4 e7e6 e2e3 b8a6 e1d2 g7g6
2044,a2a3 g7g6 a3a4 h7h6 b2b4 d7d5 f2f3 d5d4 d2d3 b7b6 b1a3 h6h5
2045,d2d3 g7g6 c2c4 g6g5 g2g4 d7d6 c4c5 b8d7 b1c3 f8g7 c5d6 a7a6
2046,g2g4 h7h6 c2c4 g7g6 d2d3 b7b5 d1b3 f7f5 c1e3 e7e6 e1d1 e6e5
2047,c2c3 c7c5 c3c4 g7g5 d2d3 d8b6 c1g5 e7e5 d1c1 f7f6 g2g4 f6f5
2048,a2a4 c7c5 b1c3 b7b6 a1b1 e7e5 g1f3 c5c4 f3e5 f7f6 e2e3 g7g6
2049,b2b3 d7d5 e2e3 e8d7 f1d3 a7a5 e1f1 f7f5 b3b4 f5f4 h2h4 b8a6
2050,h2h4 f7f6 g2g4 e7e5 c2c4 f6f5 g4g5 b8a6 f2f3 a8b8 d2d3 d8e7
2051,a2a4 d7d5 f2f3 c8g4 b2b4 d8d7 c2c3 a7a6 d1c2 h7h5 b1a3 h8h6
2052,b1c3 d7d5 h2h3 e7e5 c3d5 c7c5 f2f3 f8e7 e1f2 c5c4 g2g3 c8g4
2053,d2d4 g7g5 a2a4 c7c5 d4d5 e7e5 b2b4 c5b4 h2h4 d8b6 h1h3 e8d8
2054,d2d4 c7c6 b2b4 g8h6 c1g5 e7e6 d4d5 b7b6 f2f3 e6e5 a2a3 d8c7
2055,c2c4 b7b5 c4b5 g7g5 b2b4 d7d6 d2d3 e7e5 b5b6 c8h3 g2g3 f7f5
2056,b2b3 d7d6 f2f4 c7c5 b1a3 g7g6 a3c4 h7h6 g2g3 f7f5 a2a3 g6g5
2057,d2d3 a7a6 d3d4 d7d5 h2h4 b8c6 b1d2 c6b4 a2a3 a8a7 e2e4 e8d7
2058,b2b3 a7a5 d2d4 b8c6 e2e4 a8a7 c2c4 g8f6 b1a3 e7e6 c1h6 c6b8
2059,b2b3 d7d5 e2e3 e8d7 e1e2 d7d6 d2d4 g8f6 e2d2 b7b5 f2f3 a7a5
2060,b2b3 h7h6 e2e4 e7e6 c2c3 a7a6 f1a6 b7a6 h2h3 d7d6 d1c2 e8e7
2061,b2b4 d7d6 a2a4 h7h5 d2d4 h8h6 b1c3 b8c6 c3e4 c6e5 e2e3 e5d3
2062,b2b3 f7f6 f2f4 d7d5 b3b4 c7c5 b1a3 c5c4 e2e4 c8g4 a3c4 e7e5
2063,d2d4 g7g5 b1d2 b8a6 b2b4 f8g7 d2b3 g7e5 a2a3 a8b8 h2h3 a6c5
2064,b2b3 e7e6 c2c4 d7d6 f2f4 f7f6 g2g3 g7g5 e2e4 c7c5 h2h4 g5g4
2065,b2b3 g7g5 b3b4 d7d6 d2d4 h7h6 b4b5 b8a6 e2e4 e8d7 e1e2 d8e8
2066,g2g3 f7f5 f2f4 h7h6 h2h3 d7d5 d2d4 e7e5 b2b3 e8f7 c2c4 b8d7
2067,d2d4 h7h6 h2h4 d7d6 b1d2 b8a6 h1h2 b7b5 d4d5 d8d7 f2f4 e8d8
2068,b2b4 f7f6 d2d3 f6f5 a2a4 e7e5 f2f3 g7g5 b1c3 e8e7 c3d5 e7e8
2069,b1c3 d7d5 f2f4 a7a5 b2b4 h7h5 d2d3 h8h6 f4f5 d5d4 c3e4 h6h7
2070,b2b3 g7g5 d2d4 b8a6 e2e4 a8b8 c1g5 e7e6 c2c3 b7b6 f2f4 f7f5
2071,b2b3 d7d5 d2d4 f7f6 e1d2 e8d7 f2f4 b7b5 e2e4 b8c6 c2c3 d7d6
2072,a2a4 d7d5 b1c3 h7h6 a1a2 e7e5 g1f3 b7b6 c3b5 c8h3 e2e3 e8e7
2073,g2g3 a7a5 d2d4 b8c6 c2c4 h7h6 c4c5 g7g6 g3g4 c6d4 d1d4 f7f5
2074,g2g4 d7d5 e2e3 c8g4 c2c4 c7c6 b2b4 e7e6 f2f3 h7h6 d1c2 g4f3
2075,b2b3 g7g6 h2h4 d7d6 f2f4 g6g5 d2d4 c7c5 d1d2 c5d4 a2a3 d8c7
2076,b1c3 e7e6 a2a4 g8f6 c3d5 f6g4 f2f3 h7h6 h2h3 g4h2 h1h2 b8c6
2077,d2d4 d7d5 f2f3 e8d7 e1d2 f7f5 b1c3 g7g6 a1b1 e7e5 h2h3 e5e4
2078,a2a4 h7h6 d2d4 d7d5 a4a5 b7b6 c2c3 c7c6 b2b3 f7f6 b3b4 g7g6
2079,b1a3 e7e6 f2f4 g8f6 g2g3 c7c5 a3b1 h8g8 e2e4 b7b6 e1f2 f6e4
2080,d2d3 g7g5 c2c4 f8g7 g2g4 d7d6 e2e3 a7a5 f2f3 b7b5 d1c2 a5a4
2081,d2d4 e7e6 c1g5 d8e7 c2c4 e7b4 b1c3 g7g6 e2e3 f7f6 c4c5 f8c5
2082,b2b4 b8c6 b4b5 d7d6 d2d4 e8d7 b5b6 c6e5 d4d5 h7h6 a2a4 c7b6
2083,b2b3 b8a6 c2c4 f7f5 h2h3 g7g6 d2d3 e7e5 g2g3 a8b8 c1g5 a6b4
2084,b1a3 g7g6 f2f4 c7c5 b2b4 b7b5 b4c5 d7d6 g2g3 e7e6 a3b5 h7h6
2085,b2b3 b7b5 c1a3 f7f6 h2h4 d7d6 b3b4 g7g5 e2e4 c7c5 d1g4 d8b6
2086,b2b4 b7b6 a2a4 d7d5 b1a3 e7e5 a1b1 g7g5 d2d3 f7f5 g1f3 c8d7
2087,b1a3 b7b6 a1b1 e7e6 e2e4 b6b5 c2c3 c8a6 d1g4 f8a3 e1e2 e8e7
2088,g2g3 f7f5 a2a4 g7g6 f2f4 a7a5 h2h4 b8c6 b1a3 g6g5 a3b5 g5g4
2089,b2b3 g7g5 d2d4 d7d6 b3b4 c7c5 a2a4 g5g4 b4c5 a7a5 f2f4 e8d7
2090,c2c4 b7b5 d1c2 c7c5 e2e3 g7g5 f2f3 d7d6 b2b4 c5b4 e1d1 c8h3
2091,b2b3 g7g6 c1a3 d7d6 f2f4 c7c5 b3b4 a7a5 b4b5 g8f6 h2h4 h7h6
2092,b1a3 a7a5 a1b1 e7e6 c2c4 b8c6 e2e4 g8f6 e4e5 c6e5 f2f3 c7c5
2093,b1a3 b7b6 a1b1 e7e6 g1h3 b6b5 d2d4 g7g6 c1g5 c8a6 e2e4 e6e5
2094,b2b3 d7d6 d2d4 e8d7 c2c3 f7f6 e2e3 c7c5 d1d2 d8c7 c1b2 c5d4
2095,a2a3 b7b5 d2d4 c7c5 a3a4 d8b6 b2b4 g7g5 c1g5 d7d6 g5e7 h7h6
2096,d2d4 b8a6 c2c4 a6b4 d1b3 a7a6 f2f4 h7h6 e1d2 b7b5 c4b5 a6b5
2097,c2c4 d7d5 a2a4 b8d7 c4d5 a7a6 e2e4 g7g5 b1c3 c7c5 a4a5 d8c7
2098,d2d4 e7e6 h2h4 b8a6 h1h2 a6b4 b1a3 b4d5 e2e3 a7a6 f1d3 f7f6
2099,a2a4 d7d5 b1c3 c7c5 a1a2 h7h5 b2b4 c5b4 e2e4 h5h4 f1d3 d5e4
2100,h2h3 h7h6 d2d3 d7d6 b1a3 d6d5 f2f3 c8g4 h3h4 d5d4 h1h2 h8h7
2101,a2a4 d7d5 b1c3 f7f6 a1a2 h7h6 e2e3 b7b6 c3d5 d8d5 a4a5 d5h5
2102,c2c4 f7f6 e2e3 b7b5 b1c3 b5c4 f1c4 c7c5 g1h3 h7h5 e3e4 e7e6
2103,h2h3 h7h6 g2g4 h8h7 d2d4 b8a6 c2c4 a6b4 c4c5 d7d6 h3h4 c8e6
2104,a2a3 g7g5 a3a4 c7c5 b1c3 d7d5 g2g4 d8b6 g1f3 c8g4 f3g5 g4h3
2105,b1c3 f7f5 a2a4 e7e5 g1f3 e5e4 c3e4 f5f4 f3d4 g7g6 h1g1 b7b5
2106,e2e3 c7c5 b2b4 d8b6 f2f3 d7d6 c1b2 h7h5 g2g4 e8d7 f3f4 b6a6
2107,g2g4 g7g5 e2e4 g8f6 b1c3 e7e5 a1b1 b8c6 b2b4 c6b4 g1f3 a8b8
2108,b2b3 d7d5 d2d4 c7c6 e1d2 b7b5 e2e3 d8a5 d2d3 e8d7 f2f4 a5c7
2109,h2h3 d7d5 g2g3 h7h6 g3g4 c8g4 b1c3 g4f3 d2d3 b8d7 b2b4 d5d4
2110,h2h4 b7b6 d2d4 d7d5 d1d2 c8a6 h1h3 e8d7 c2c3 g8f6 h3e3 d7c6
2111,a2a3 d7d5 d2d4 a7a6 e2e4 f7f6 a1a2 h7h6 b2b4 c7c6 h2h4 d8c7
2112,a2a4 f7f6 b2b4 b7b6 d2d3 c7c6 b1c3 f6f5 d3d4 e7e6 g2g4 b8a6
2113,b1a3 a7a5 h2h3 b8c6 d2d3 d7d5 g2g4 c8g4 h3g4 h7h6 g1h3 f7f5
2114,a2a3 b8c6 a3a4 a7a5 d2d4 a8a7 h2h4 c6d4 b2b3 d7d5 a1a2 b7b6
2115,b2b4 d7d6 a2a4 h7h6 d2d4 b8a6 b1c3 b7b5 f2f4 c8g4 c3b5 c7c6
2116,d2d4 f7f5 a2a3 d7d6 b1d2 g7g6 h2h3 f5f4 h3h4 e8f7 a1b1 d8e8
2117,a2a4 c7c5 b1c3 b7b6 b2b4 c5b4 h2h3 d7d5 f2f3 h7h5 h1h2 g8f6
2118,g2g3 b7b5 d2d3 a7a5 e1d2 b8c6 e2e4 f7f5 f2f4 d7d5 b2b4 c6b4
2119,b1c3 d7d5 a2a4 f7f6 b2b4 e7e5 c3d5 e8d7 a1a2 d7d6 e2e3 d6d5
2120,a2a4 c7c5 d2d4 e7e5 b1c3 c5d4 d1d2 f8a3 h2h4 a7a6 h1h3 a8a7
2121,d2d4 e7e6 c2c4 f8b4 b1c3 g7g6 d1d2 f7f6 a2a3 b4c3 h2h4 c3d2
2122,b2b3 d7d5 d2d4 a7a6 e2e3 b8c6 e1d2 g7g6 h2h3 g6g5 e3e4 c8f5
2123,a2a4 c7c5 b1c3 b7b6 a1a2 e7e6 g1f3 a7a6 e2e4 f7f6 b2b3 f8d6
2124,a2a4 g8h6 a4a5 e7e5 e2e3 e8e7 h2h4 c7c5 f2f4 a7a6 e3e4 e7d6
2125,b2b3 e7e6 c2c4 d7d5 e2e3 f7f5 b1c3 g7g6 d2d4 e6e5 c4c5 e8d7
2126,d2d4 g7g6 a2a4 c7c5 d4c5 e7e5 b1d2 d8e7 f2f4 g8f6 g2g3 b8c6
2127,a2a4 d7d5 b1c3 f7f6 a1a2 b8a6 g1f3 d8d7 e2e3 e8d8 c3d5 d7a4
2128,g2g3 a7a5 d2d4 b7b5 b2b3 h7h5 h2h4 d7d5 c1f4 b8c6 d1d2 f7f6
2129,g2g3 g7g6 g3g4 g8f6 h2h4 a7a5 d2d3 f6g4 b2b3 f7f5 d3d4 g4e3
2130,b2b3 a7a6 b3b4 b7b5 d2d4 d7d5 e2e4 e8d7 e1e2 d5e4 a2a3 g7g5
2131,d2d3 b8a6 g2g4 f7f5 c2c4 a8b8 e2e3 a6b4 a2a4 a7a6 e1d2 f5f4
2132,g2g3 a7a5 d2d4 b7b5 b2b3 b5b4 c2c4 a5a4 h2h3 a8a6 c1d2 a4a3
2133,b2b3 d7d5 d2d4 a7a6 e1d2 h7h6 e2e4 c7c6 h2h3 a8a7 b3b4 c6c5
2134,g2g3 a7a5 a2a4 b8c6 d2d4 h7h6 e2e4 g8f6 g1h3 h8g8 f1c4 a8b8
2135,b2b4 b7b6 d2d4 e7e6 a2a4 d8f6 b4b5 c7c5 h2h4 e8d8 g2g4 f6f5
2136,d2d4 e7e6 c2c4 d7d5 a2a3 f8d6 d1d2 b7b5 c4c5 a7a6 c5d6 e6e5
2137,b1c3 g8h6 c3b1 e7e5 f2f4 c7c5 b2b4 b8c6 g2g3 a7a5 a2a4 c5c4
2138,g2g3 f7f5 a2a4 g8f6 h2h3 e7e5 h1h2 f6e4 b1a3 f8a3 f2f4 b8a6
2139,b2b4 d7d5 f2f3 f7f5 c1a3 e7e5 d2d3 d5d4 e1d2 e8e7 c2c4 e7d6
2140,b1c3 g8h6 a2a4 e7e5 g1f3 h6f5 f3e5 f5d4 a1b1 a7a5 c3b5 h7h5
2141,b2b4 b7b6 a2a3 b6b5 e2e3 c8b7 d1h5 b7g2 h5h7 h8h7 g1h3 h7h6
2142,b1c3 e7e6 a2a4 d7d5 a4a5 e8d7 d2d4 b7b6 h2h4 f7f5 h1h2 d7e8
2143,b1c3 h7h5 f2f4 b8a6 a1b1 h8h7 c3b5 h7h6 b5c7 d8c7 e2e4 a6b4
2144,d2d4 f7f6 d1d2 a7a6 f2f4 d7d5 e1d1 d8d7 e2e4 c7c6 e4e5 h7h5
2145,b1a3 g7g5 a1b1 e7e6 g2g4 b8c6 d2d3 b7b5 e1d2 a8b8 b2b4 g8f6
2146,b1a3 h7h6 g2g3 h8h7 f2f3 b7b5 b2b3 d7d6 a3c4 a7a6 c2c3 a8a7
2147,b1c3 e7e5 f2f4 g7g5 c3d5 f7f5 f4e5 b8a6 g2g3 a8b8 f1g2 g5g4
2148,b1c3 d7d5 a2a4 c8g4 c3b5 c7c5 a1a3 h7h5 c2c4 g7g6 c4d5 a7a5
2149,b2b3 a7a6 b3b4 d7d5 e2e3 d5d4 a2a3 b8d7 f2f3 h7h5 f3f4 h8h6
2150,f2f3 h7h6 d2d4 e7e5 c1h6 g7g5 h6g5 e5d4 d1d4 f7f6 e2e4 e8e7
2151,b1c3 h7h5 b2b4 b7b6 a1b1 h8h6 e2e4 d7d5 e4e5 c8a6 a2a3 c7c6
2152,h2h3 g7g6 b2b3 d7d6 f2f3 g6g5 f3f4 c7c5 d2d4 d8a5 c1d2 c8h3
2153,a2a4 d7d5 b1c3 c7c5 c3a2 d8b6 b2b4 h7h6 f2f3 c5b4 d2d3 e8d8
2154,b2b3 a7a6 c2c4 f7f6 g2g4 d7d5 e2e4 c7c6 b3b4 d8a5 e4d5 e8d8
2155,c2c4 b8c6 h2h4 g7g5 c4c5 c6a5 h4g5 c7c6 d2d4 d7d5 h1h6 b7b5
2156,b1c3 c7c5 a2a4 e7e6 g1f3 a7a6 e2e3 a8a7 e1e2 f7f6 a1a2 d8c7
2157,b1a3 d7d5 f2f3 e8d7 a1b1 b7b6 a3b5 a7a5 c2c4 d5c4 d1c2 e7e5
2158,a2a3 e7e6 c2c4 b7b6 d1b3 e6e5 d2d4 e8e7 b1d2 d7d5 f2f4 c8h3
2159,h2h3 c7c6 f2f4 h7h6 d2d4 c6c5 b2b3 c5d4 c2c3 d7d5 b3b4 f7f6
2160,b1c3 a7a5 e2e3 b8c6 c3d5 e7e5 a2a4 e5e4 a1a2 c6d4 a2a3 a8a7
2161,f2f3 f7f5 h2h3 b8a6 f3f4 a8b8 e1f2 c7c6 b1a3 d8c7 a3c4 b7b5
2162,c2c4 f7f6 g2g4 a7a5 d2d3 d7d5 c4d5 d8d7 e2e4 b7b5 c1e3 d7c6
2163,d2d4 f7f6 g2g4 b7b5 d4d5 e7e6 h2h3 d7d6 b1c3 c7c5 a1b1 f6f5
2164,b1c3 d7d5 a2a4 c7c5 c3b5 d8b6 f2f3 c5c4 d2d3 e8d7 d1d2 e7e5
2165,c2c3 g7g6 c3c4 b8c6 b1c3 d7d5 e2e3 d5c4 e3e4 c6d4 f2f3 e8d7
2166,a2a4 d7d5 b1c3 e7e6 f2f3 d5d4 b2b4 d4d3 c2d3 f7f5 d1c2 c7c5
2167,d2d4 c7c5 c2c4 e7e6 h2h4 e6e5 f2f3 g7g5 d4e5 d8b6 h4g5 h7h6
2168,b1c3 d7d5 c3e4 a7a5 a1b1 d5e4 e2e3 e8d7 c2c4 g8h6 f2f3 a8a6
2169,a2a3 d7d5 e2e3 d8d7 f2f3 h7h5 f1d3 d5d4 e3d4 d7b5 d3g6 e7e6
2170,b1c3 e7e5 f2f4 b8c6 c3a4 g8f6 b2b4 a7a5 b4b5 c6e7 f4f5 a8b8
2171,a2a4 e7e5 b2b3 c7c6 d2d4 a7a6 e1d2 f8b4 c2c3 h7h6 c3b4 e8e7
2172,b1c3 d7d5 e2e3 g7g6 a1b1 f8h6 c3e4 c7c5 g1f3 d5e4 f1d3 h6e3
2173,b1c3 d7d5 d2d3 b7b5 f2f3 b5b4 a1b1 b8a6 c3e4 e8d7 e1d2 d5e4
2174,b1c3 d7d5 c3b5 a7a5 e2e3 e8d7 f1e2 f7f5 a1b1 b7b6 b5d4 e7e5
2175,d2d4 e7e5 f2f3 f7f6 c2c3 e5d4 c3c4 a7a6 c4c5 f8d6 d1d4 d6c5
2176,b2b3 a7a6 b3b4 b8c6 a2a4 c6b4 b1c3 b7b5 e2e4 f7f5 a4b5 c7c6
2177,b1c3 d7d5 c3b5 g7g6 a2a3 d5d4 b5a7 h7h6 b2b4 b8d7 c2c3 d4d3
2178,b1c3 d7d5 a2a4 c7c5 a1a2 e8d7 g1h3 c5c4 e2e4 f7f6 c3d5 b8c6
2179,h2h3 d7d6 g2g3 h7h5 f2f4 h8h6 e2e4 a7a5 g3g4 b8a6 c2c4 g8f6
2180,h2h3 b7b5 b1c3 d7d5 b2b4 e7e5 c3d5 f8b4 e2e4 b4a3 a1b1 e8d7
2181,a2a4 d7d5 b1c3 c7c5 h2h3 h7h5 f2f3 b7b6 a4a5 h8h6 d2d3 c5c4
2182,f2f3 b8c6 e2e4 f7f5 e1e2 c6b4 d2d4 c7c6 e2e3 a7a6 a2a4 a8a7
2183,e2e3 c7c5 g2g3 b7b5 b1a3 f7f6 h2h3 g7g6 e3e4 d8c7 g1f3 c7c6
2184,b1c3 h7h5 a2a4 b7b6 d2d4 d7d5 b2b4 d8d7 h2h3 g7g5 c1f4 c7c5
2185,b1a3 a7a5 a1b1 e7e6 e2e3 b8c6 e3e4 c6b8 f2f3 d8f6 e4e5 h7h5
2186,f2f3 f7f5 d2d4 b7b5 a2a3 a7a6 b2b4 a6a5 e1f2 e7e5 g1h3 e8e7
2187,d2d4 d7d5 a2a4 a7a6 b2b4 b7b5 b1a3 a8a7 a4b5 e8d7 e1d2 c8b7
2188,f2f3 b7b6 b1a3 h7h6 d2d3 c7c6 a3c4 d8c7 c4d6 e7d6 g2g4 e8e7
2189,c2c3 d7d6 c3c4 b7b6 b1c3 d6d5 f2f4 f7f5 c3d5 h7h6 a1b1 c7c6
2190,c2c4 d7d5 e2e3 b7b5 f2f3 f7f5 c4d5 g7g5 d1c2 d8d7 d2d4 c7c5
2191,b1c3 e7e5 f2f4 f8e7 c3d5 a7a6 e2e4 h7h5 d5c7 e8f8 c7b5 b8c6
2192,g2g3 a7a5 d2d4 b8c6 c2c4 a8a7 b2b4 h7h6 e2e4 h8h7 e1e2 g8f6
2193,h2h3 b8a6 g2g4 e7e6 c2c4 a8b8 d2d3 c7c5 c1f4 f7f6 e2e3 d8c7
2194,d2d4 d7d5 e1d2 a7a6 e2e4 a8a7 b2b4 b8d7 b1c3 d5e4 c3e4 e7e5
2195,b1a3 c7c5 b2b4 c5b4 g2g3 b7b6 f2f4 d8c7 a3b5 h7h5 f4f5 d7d6
2196,b1c3 e7e5 f2f4 g7g5 c3e4 f7f5 e1f2 e8e7 d2d4 h7h6 e4g3 g8f6
2197,e2e4 e7e6 f2f4 b7b5 f1b5 a7a5 f4f5 b8a6 g2g3 f7f6 f5e6 f8a3
2198,c2c4 d7d5 c4c5 a7a6 d1c2 c8e6 g2g4 e6f5 b1c3 e7e5 b2b3 f8c5
2199,b2b4 b8c6 a2a4 a7a5 d2d3 a8a7 c1d2 e7e5 d2h6 f7f5 e1d2 c6b4
2200,d2d4 f7f6 c1g5 c7c5 g5h6 e7e6 h2h3 g7g6 d4c5 d8c7 b2b3 e6e5
2201,b2b3 a7a6 c1a3 d7d5 e2e3 g8f6 d1h5 b8d7 f1d3 c7c5 f2f4 f6e4
2202,b2b3 b7b5 h2h4 d7d5 f2f4 a7a6 g2g3 b5b4 e2e4 d5e4 c2c3 f7f5
2203,g1h3 g7g6 e2e4 b7b6 g2g3 f7f5 f2f4 f5e4 h3g1 c8a6 a2a3 b6b5
2204,d2d4 a7a6 a2a4 e7e6 a4a5 c7c6 d4d5 c6c5 b2b4 b8c6 e1d2 d8c7
2205,b1a3 g7g6 f2f4 b8a6 g2g3 d7d6 f4f5 g6g5 e2e4 f7f6 f1a6 g5g4
2206,g2g3 b7b5 d2d3 a7a5 e1d2 d7d5 b2b4 f7f5 h2h3 d5d4 f2f3 f5f4
2207,g2g3 g7g6 f2f4 f7f5 h2h3 c7c6 b2b3 d7d5 d2d4 c8e6 e1d2 b7b5
2208,d2d4 d7d6 a2a3 f7f6 b1d2 e7e6 h2h4 g7g6 d4d5 c7c5 a1a2 b8a6
2209,b1c3 d7d5 a2a4 e7e5 f2f4 e5f4 e2e4 f4e3 f1e2 f8a3 b2b4 a7a6
2210,g2g3 a7a5 b1a3 h7h5 a1b1 h8h6 e2e3 b8c6 d1e2 g7g6 b1a1 c6b8
2211,h2h3 b8a6 e2e4 g7g6 g2g4 e7e6 g4g5 d8g5 f2f4 e8e7 e1e2 g5b5
2212,b2b3 f7f6 c1a3 e8f7 g2g3 d7d5 d2d4 a7a6 b3b4 b7b5 a3c1 c7c6
2213,b2b4 b7b5 b1c3 b8c6 h2h3 c6d4 e2e4 a7a5 f1b5 c7c6 c3d5 a8b8
2214,d2d4 f7f5 a2a3 e7e6 b1d2 g7g6 d4d5 e6e5 h2h4 e5e4 a3a4 c7c6
2215,h2h3 g7g6 f2f3 f7f5 d2d4 f5f4 c2c4 d7d5 g2g4 b7b5 c4c5 c7c6
2216,g2g3 b8c6 d2d3 c6d4 h2h3 d4b3 f1g2 f7f5 g2b7 f5f4 g3g4 d7d6
2217,b1c3 d7d5 a2a4 b7b6 b2b3 c7c6 d2d4 h7h6 d1d2 f7f6 b3b4 c8d7
2218,g1h3 d7d6 f2f4 f7f6 g2g3 c8f5 h3g5 f5c8 d2d3 d6d5 h2h3 h7h5
2219,d2d4 g7g5 c1g5 d7d5 g5f6 b7b6 c2c3 e8d7 b2b4 g8f6 h2h3 c7c6
2220,b2b3 b8c6 c2c4 a7a5 c4c5 c6d4 d1c2 b7b5 e2e4 b5b4 g1h3 a8b8
2221,g2g3 f7f5 g3g4 e8f7 g4g5 e7e5 d2d4 d7d5 c1f4 h7h5 f4e5 b8d7
2222,d2d4 e7e6 a2a4 f7f6 h2h4 c7c5 e1d2 d8b6 d4c5 e6e5 b2b3 e8d8
2223,a2a3 g7g6 d2d4 d7d6 a3a4 f8g7 f2f3 g6g5 c1f4 h7h6 d1c1 g7e5
2224,d2d4 e7e6 c2c3 b8a6 e2e3 a8b8 g1f3 d7d6 h2h4 g8f6 d4d5 h7h6
2225,a2a4 d7d5 e2e3 c7c5 f1b5 b8c6 b1a3 b7b6 a1a2 c5c4 d1e2 f7f6
2226,b1c3 c7c5 a2a4 b8c6 g1f3 d8b6 c3d5 e7e6 c2c4 a7a5 a1a2 g8f6
2227,h2h3 g7g6 a2a3 c7c6 h3h4 d7d5 c2c4 g6g5 b2b4 h7h6 g2g4 c8g4
2228,b2b3 d7d5 b1c3 b7b6 d2d4 e8d7 a1b1 f7f6 e1d2 g8h6 h2h3 h6g8
2229,a2a4 a7a5 b2b4 a5b4 d2d4 d7d5 e1d2 b7b5 a4b5 a8a5 c2c4 c7c5
2230,c2c4 f7f5 c4c5 g7g6 d1c2 e7e5 f2f4 b7b5 g2g3 b5b4 b2b3 e8e7
2231,b2b3 d7d5 d2d4 a7a6 e2e4 a8a7 a2a3 e7e5 a1a2 b8d7 c1g5 d8e7
2232,a2a4 c7c5 h2h3 d7d5 b1c3 e7e5 a1a2 c5c4 f2f3 b8c6 d2d4 h7h5
2233,b1c3 e7e5 f2f4 g7g5 c3d5 f7f5 d5e3 b8c6 a2a4 a7a5 f4g5 h7h5
2234,d2d4 d7d5 e1d2 a7a6 e2e4 c8g4 b2b3 c7c6 f2f3 g4c8 f1a6 b7a6
2235,g2g4 b7b5 d2d3 d7d6 e1d2 e8d7 b2b4 g7g6 f2f4 h7h6 b1a3 c7c6
2236,h2h3 d7d6 a2a3 g8h6 d2d4 f7f6 g2g4 h6g4 b1d2 g7g5 a1a2 h8g8
2237,d2d4 g7g6 c1g5 c7c5 f2f3 d7d6 d4d5 d8b6 d1d3 c8h3 b1a3 f7f6
2238,d2d4 d7d5 g1h3 b8d7 a2a3 h7h5 c1g5 a7a6 b1c3 e7e5 d1b1 a8a7
2239,b1a3 d7d5 a1b1 c8f5 e2e3 e7e5 d1g4 e8e7 g4h4 g7g5 f2f3 d5d4
2240,b1c3 d7d5 a2a4 c7c5 c3a2 d8b6 a2c3 e7e5 f2f4 g7g6 c3b5 h7h6
2241,b2b3 e7e6 c2c4 c7c5 g2g3 d7d6 h2h4 g7g6 d1c2 d8h4 g3h4 h7h6
2242,h2h4 d7d5 e2e4 f7f6 f2f3 d8d7 h1h3 h7h6 h3h1 c7c5 g2g3 d7d6
2243,d2d4 h7h5 c1e3 g7g6 e3g5 c7c5 f2f3 e7e5 d1d2 f8h6 d2d1 h6g5
2244,a2a4 e7e5 f2f4 c7c5 b2b4 c5b4 e2e4 b7b6 g2g3 d7d5 b1a3 h7h5
2245,b1c3 e7e5 a2a4 g8e7 b2b4 e7g6 c3d5 c7c6 a1a2 b7b6 e2e4 b8a6
2246,b2b4 b7b5 h2h4 b8c6 a2a4 c6d4 b1c3 a7a5 c3a2 h7h5 d2d3 f7f5
2247,b1c3 e7e5 f2f4 c7c5 c3a4 f8d6 e2e4 e8e7 g2g3 e5f4 a4c5 a7a5
2248,h2h4 c7c6 b2b4 b7b6 h1h2 d7d5 d2d3 d8c7 h2h3 c7e5 g1f3 b8d7
2249,a2a4 d7d5 f2f3 f7f5 d2d3 b7b6 b2b4 e7e5 c2c3 d8d7 h2h4 e8e7
2250,b1c3 e7e5 f2f4 e8e7 c3b1 d7d5 g2g3 g8h6 e2e4 c8g4 f4e5 b7b6
2251,a2a4 d7d6 d2d4 c7c5 b1c3 g7g5 c3b5 d8a5 b5c3 a5a4 c3b5 a4b4
2252,d2d4 f7f5 c2c4 e7e6 a2a4 d8e7 c4c5 b8a6 c1g5 g8f6 e2e3 f6g8
2253,d2d3 d7d5 e2e3 c8g4 e3e4 b8a6 b2b4 a6c5 f2f4 c5b3 a2a4 d5e4
2254,c2c4 d7d6 d1c2 f7f6 c4c5 e8d7 b1a3 h7h6 b2b3 g7g5 a1b1 c7c6
2255,h2h3 d7d6 b1c3 b8c6 a1b1 a7a5 e2e4 b7b5 h1h2 g7g6 c3d5 e8d7
2256,b1a3 e7e6 h2h3 f7f5 a1b1 f5f4 f2f3 d8h4 g2g3 h4g3
2257,b2b4 h7h6 c2c3 a7a5 b4b5 b8c6 d2d4 f7f6 c1g5 d7d6 h2h3 h6g5
2258,b2b3 h7h6 d2d4 d7d5 e2e3 c7c6 f1c4 b7b6 d1d3 c8h3 g1h3 e7e6
2259,g2g3 f7f5 d2d3 h7h5 c2c4 h8h7 b2b4 d7d6 g3g4 b8c6 a2a4 h5g4
2260,c2c4 d7d5 e2e3 f7f6 c4c5 h7h6 f2f3 a7a5 b1c3 b8c6 b2b3 f6f5
2261,a2a4 d7d5 b2b4 c8g4 f2f3 e8d7 d2d3 h7h6 c1g5 f7f5 c2c3 d7e6
2262,b2b4 a7a6 f2f3 h7h6 d2d4 b7b5 d4d5 d7d6 e2e4 b8d7 d1d4 a8b8
2263,b1c3 h7h5 f2f3 d7d5 e2e3 c8g4 c3e4 e7e5 c2c4 g4h3 e1f2 b7b6
2264,b1a3 c7c5 b2b4 d8b6 f2f3 b6c6 f3f4 f7f5 h2h3 e7e6 b4c5 d7d5
2265,b2b3 d7d5 e2e3 c8h3 g2h3 c7c6 c2c4 b7b6 d2d4 h7h6 e1d2 h8h7
2266,d2d4 d7d6 e2e3 f7f6 b1a3 b7b5 f2f4 h7h5 f1d3 g7g6 e3e4 f6f5
2267,b1a3 g7g6 b2b3 d7d5 b3b4 a7a5 f2f3 a5b4 c2c4 d5c4 d1a4 b8d7
2268,h2h4 f7f6 f2f4 b8c6 b2b4 d7d5 e2e4 a7a5 d2d3 d5e4 g1f3 d8d4
2269,d2d4 f7f6 c1g5 d7d6 f2f4 c8h3 e2e4 b8a6 g2g4 h3f1 d4d5 a8b8
2270,a2a4 h7h6 b1c3 e7e5 e2e3 e8e7 f2f3 f7f5 c3d5 e7e6 g2g3 e6d5
2271,g2g3 g8f6 f2f4 a7a5 f4f5 a8a7 e2e3 f6g8 d2d3 b8c6 f1e2 c6d4
2272,g2g3 a7a5 d2d4 b7b5 c1h6 f7f6 a2a3 b8c6 f1g2 g7h6 g2c6 h6h5
2273,g2g3 a7a5 d2d4 b8c6 c2c4 g7g5 g3g4 a8a7 b2b4 h7h5 b1d2 a5b4
2274,b1a3 a7a5 h2h4 h7h5 h1h3 h8h6 d2d4 d7d5 e2e3 c8e6 c2c3 g7g5
2275,c2c4 f7f6 g2g4 e7e6 d1b3 c7c5 f1g2 b8c6 e1f1 c6e5 a2a4 g7g6
2276,d2d4 e7e6 h2h4 f8e7 c2c4 e7d6 c1h6 d8h4 g1h3 h4f4 h1g1 g7g6
2277,b1c3 b8c6 a2a4 f7f5 g1f3 e7e5 b2b4 c6d4 e2e3 a8b8 e3d4 e5e4
2278,b1c3 e7e5 f2f4 e8e7 c3d5 e7e8 c2c4 g7g5 h2h3 b8c6 c4c5 f7f5
2279,b2b3 d7d5 c1b2 c8d7 b2f6 d7h3 d2d4 a7a6 e2e4 c7c6 f1b5 h3g2
2280,b1c3 e7e5 f2f4 a7a5 c3d5 f8c5 a2a4 b8c6 e2e3 e5e4 f1e2 g8f6
2281,c2c4 a7a6 e2e4 b7b5 d1b3 g7g5 e1d1 f7f5 c4b5 a6b5 g2g4 a8a7
2282,c2c4 d7d6 g2g3 f7f6 c4c5 d6c5 d2d3 d8d3 e2d3 c8g4 d1b3 g4h5
2283,b1c3 d7d5 h2h3 c8g4 a2a4 c7c6 a1a2 b7b6 c3e4 d5e4 d2d3 e4e3
2284,b1c3 e7e5 f2f4 b8c6 c3b1 a8b8 c2c3 g8f6 e2e4 c6b4 a2a4 b4a2
2285,b1c3 b7b6 a2a4 d7d5 a1a2 e7e6 g1f3 e6e5 e2e3 c8g4 c3b1 e5e4
2286,b2b4 b7b6 a2a4 h7h6 d2d4 c7c6 b4b5 d7d5 a4a5 e7e5 d4e5 e8e7
2287,h2h4 g7g5 g2g3 d7d6 f2f4 g5g4 b1a3 f7f5 a1b1 b8d7 h1h2 d6d5
2288,g2g4 b8c6 e2e4 b7b5 d2d3 d7d5 c1g5 e8d7 h2h3 e7e6 e1e2 f8c5
2289,g2g3 c7c5 b2b4 f7f6 f2f4 d7d6 d2d3 d8b6 b1a3 h7h5 f4f5 c8f5
2290,d2d4 f7f5 g2g3 g7g6 c2c4 e7e6 a2a4 h7h5 c4c5 e6e5 d4e5 a7a6
2291,b2b4 d7d5 a2a3 a7a5 d2d4 b7b5 e2e4 d5e4 e1e2 e7e5 c2c4 c8f5
2292,h2h3 e7e6 h1h2 c7c6 d2d3 b7b6 c2c4 b8a6 c1h6 d8c7 g2g3 g7g6
2293,a2a4 d7d5 b1c3 c7c5 a1a2 d8b6 e2e4 d5e4 f1c4 b6b2 f2f3 g7g5
2294,a2a3 d7d6 h2h3 b8c6 b1c3 c6b4 c3d5 b4d3 c2d3 f7f6 d5e3 g8h6
2295,b1c3 b7b6 a2a4 e7e5 b2b4 e8e7 d2d4 d7d5 d4e5 c7c6 d1d5 g8h6
2296,b2b4 b7b5 a2a4 a7a5 a4b5 h7h6 d2d4 g7g5 c1g5 d7d5 d1d3 h6g5
2297,c2c4 h7h6 e2e4 f7f6 e1e2 d7d5 g1f3 b8c6 b1c3 a7a6 f3e5 f6f5
2298,b2b4 d7d5 a2a4 a7a5 f2f3 d5d4 e2e3 b8d7 b4a5 h7h5 e1e2 c7c5
2299,g1h3 b7b5 a2a4 a7a5 h1g1 d7d5 b1c3 a8a6 b2b3 a6g6 b3b4 b5a4
2300,d2d4 c7c5 h2h4 c5c4 d1d2 g7g5 h4g5 d7d5 b1c3 g8f6 g5f6 d8c7
2301,b2b4 d7d5 a2a4 a7a5 d2d3 f7f5 f2f3 e7e5 e1d2 e8e7 b1c3 b7b6
2302,d2d3 d7d5 g1h3 h7h5 f2f3 f7f5 b1c3 g7g5 h3g5 g8h6 g5e4 h6g4
2303,b1c3 e7e5 f2f4 b8a6 c3d5 a8b8 d5b6 h7h6 g2g3 g8e7 c2c3 g7g5
2304,h2h3 d7d6 e2e4 g7g6 h3h4 e8d7 d2d4 e7e5 f2f4 e5d4 f1d3 b7b6
2305,a2a4 e7e5 f2f4 c7c5 b2b4 d8b6 e2e4 f7f6 a1a2 b8a6 e1e2 e5f4
2306,b1c3 d7d5 c3e4 a7a5 f2f3 d5d4 a2a4 g7g5 a1a2 f8g7 f3f4 d4d3
2307,b2b3 d7d6 d2d4 f7f6 e2e4 b7b5 f2f4 b8a6 e1f2 h7h5 d4d5 a6b4
2308,b2b3 d7d6 c2c3 c7c5 d2d4 g7g6 e2e4 e8d7 d1d2 g8f6 f1e2 e7e5
2309,a2a4 f7f6 b1c3 a7a5 f2f3 d7d6 d2d3 e8f7 e1d2 f7e8 c3d5 b7b5
2310,h2h4 c7c5 c2c3 d7d5 g1h3 d8b6 d2d4 e8d7 a2a3 b6a6 d1d2 g7g6
2311,b2b4 b7b6 e2e3 e7e6 f1e2 g7g6 f2f4 d8h4 g2g3 f7f5 b4b5 e8d8
2312,b1a3 b7b5 h2h3 a7a5 f2f3 g7g5 b2b4 d7d6 a1b1 a5b4 b1b4 a8a6
2313,b1c3 e7e5 f2f4 c7c5 g2g3 f7f6 c3e4 b8c6 d2d3 e5f4 g3g4 c6e5
2314,d2d4 e7e6 c1g5 c7c5 c2c3 d8c7 e2e3 b7b5 b2b3 f7f6 d4c5 e6e5
2315,c2c4 h7h5 d1b3 d7d6 b1c3 a7a5 c3b1 g7g5 f2f4 b8d7 c4c5 d6c5
2316,b2b3 f7f6 b3b4 e7e6 f2f4 g7g5 b4b5 d7d6 d2d3 c7c5 e2e4 f6f5
2317,g2g3 h7h6 h2h4 g7g6 f2f4 b8a6 c2c3 f7f5 b2b3 c7c5 d2d4 b7b5
2318,g2g3 f7f5 a2a4 b7b6 d2d4 b6b5 f2f4 g7g6 b2b4 e7e5 h2h4 e5f4
2319,c2c4 b7b5 d1c2 f7f6 b2b3 d7d6 f2f4 e8d7 b1a3 b8a6 c2b2 g7g6
2320,b2b3 d7d6 c1b2 f7f6 a2a3 c7c6 b3b4 h7h6 d2d3 d8c7 a1a2 b7b6
2321,d2d4 b8a6 c2c4 d7d5 g2g3 e7e5 b1c3 a8b8 g3g4 c8g4 e1d2 e5d4
2322,g2g3 g7g6 a2a4 f7f6 d2d4 f6f5 b1d2 b7b5 g3g4 b5b4 g4g5 e7e5
2323,a2a4 f7f6 g1h3 c7c5 b1c3 d7d5 h3g1 e8d7 h2h4 d8b6 a1a3 d7c7
2324,h2h3 e7e6 g2g3 c7c5 c2c4 f7f6 d2d3 d7d6 e2e3 d8c7 g3g4 b7b5
2325,b2b3 g7g6 h2h4 d7d6 c2c3 a7a6 d1c2 d6d5 d2d3 a8a7 h1h3 e8d7
2326,b2b4 h7h5 e2e3 c7c5 d2d3 b8c6 d1h5 b7b5 h2h4 d8c7 h1h2 a8b8
2327,d2d4 a7a6 c1g5 d7d5 a2a3 b7b5 g5f6 c7c6 f6h4 e7e6 a1a2 d8d6
2328,b2b3 a7a6 d2d4 d7d5 e2e3 b8c6 f1c4 d8d7 e1d2 d5c4 d1h5 d7d4
2329,g2g4 c7c5 c2c4 d7d6 d2d3 b8c6 f1g2 c6b4 c1f4 e8d7 f4c1 f7f6
2330,a2a4 h7h5 b1c3 b7b6 a1a2 d7d5 c3d5 d8d5 c2c3 f7f6 f2f4 c8b7
2331,a2a4 d7d5 b2b4 b7b6 d2d3 e7e6 h2h4 d8h4 h1h3 f7f5 h3h4 c7c6
2332,b1c3 d7d6 f2f4 d6d5 c3e4 a7a5 e4g5 c8g4 g2g3 b8a6 a2a4 g4h5
2333,d2d3 h7h5 g2g4 f7f5 b1a3 h5g4 a1b1 h8h2 h1h2 c7c6 c1h6 a7a6
2334,b2b3 c7c5 e2e4 g7g5 d2d4 d7d6 c1g5 e8d7 g5e7 d8b6 f2f4 h7h5
2335,a2a4 b7b6 b2b3 c7c5 h2h4 b8c6 c2c4 e7e5 d2d4 e8e7 d4e5 h7h6
2336,c2c4 b7b5 c4b5 d7d5 d1c2 a7a5 b2b3 e8d7 f2f4 b8c6 g2g3 e7e6
2337,b1c3 e7e5 f2f4 g7g5 c3d5 f7f5 a2a4 b7b6 f4e5 h7h5 d5b6 e8e7
2338,h2h3 d7d6 f2f3 c8g4 h1h2 d6d5 c2c4 g4h5 e2e4 b8c6 c4c5 f7f6
2339,h2h4 f7f5 b1a3 d7d5 g1f3 e8f7 a1b1 d8e8 b2b4 b7b6 a3c4 a7a5
2340,h2h4 g7g5 g2g4 e7e5 f2f4 g5h4 h1h2 h7h6 d2d4 e5d4 b1c3 a7a5
2341,h2h4 b8c6 g1f3 f7f6 h1h3 c6b4 e2e4 e7e6 b1a3 c7c5 f1d3 a7a6
2342,d2d4 g7g5 c1g5 d7d5 a2a3 b8d7 b1c3 a7a6 h2h4 h7h6 g5e7 a8a7
2343,b1c3 e7e5 f2f4 a7a6 c3d5 f8c5 d5b4 b8c6 h2h4 c5b4 e2e4 e8e7
2344,b2b4 d7d6 d2d4 f7f6 e2e4 c7c5 b1c3 c5c4 f1c4 d8b6 c3d5 b6b5
2345,b1c3 g8h6 a2a4 e7e5 c3d5 c7c5 h2h3 d8b6 g2g3 f7f6 f2f4 b6c7
2346,a2a4 c7c5 b1c3 b7b6 e2e4 d7d5 f1b5 b8c6 e1f1 c5c4 g1f3 d8c7
2347,h2h4 g7g5 g2g4 e7e5 e2e4 f7f5 b2b4 f5e4 f2f4 e4e3 d2e3 b7b5
2348,b1a3 a7a5 a1b1 b7b5 e2e4 e7e6 c2c4 h7h6 f2f3 b8a6 d1c2 e8e7
2349,h2h4 b7b6 d2d4 h7h5 a2a3 e7e6 g2g4 b6b5 c2c4 d7d6 e2e3 b8c6
2350,b1c3 g7g6 a2a4 h7h5 f2f4 b7b6 e2e4 f7f5 a4a5 c7c5 e1e2 c8a6
2351,d2d4 e7e6 c1h6 d7d5 e1d2 b7b5 g1f3 g7g6 e2e3 f8h6 c2c4 c8b7
2352,b2b3 d7d5 e2e3 e7e5 d2d4 a7a6 f1b5 b8d7 e1d2 a8a7 c2c3 g7g6
2353,h2h3 g7g6 d2d3 f7f5 g2g4 e7e5 f2f3 f8c5 c2c4 b8c6 g4g5 c5f2
2354,h2h4 g7g5 h4g5 g8f6 g5f6 f8g7 g2g4 d7d6 g1h3 b7b5 h3g5 a7a5
2355,a2a4 b7b6 a4a5 f7f6 g1f3 b6a5 b1a3 h7h5 a1b1 c8b7 e2e4 b7e4
2356,b1a3 d7d5 g1h3 c7c5 h1g1 g7g5 a1b1 d8b6 d2d3 c8h3 b2b4 a7a5
2357,d2d4 e7e6 e1d2 f8b4 b1c3 h7h6 e2e3 d8e7 d4d5 e8d8 g1f3 h6h5
2358,a2a4 a7a5 d2d4 f7f6 g1h3 g7g5 b2b4 b7b5 a4b5 d7d6 e2e4 a5b4
2359,g2g3 f7f5 a2a4 a7a5 h2h4 b8c6 b1c3 e7e5 f2f4 f8c5 c3d5 e5e4
2360,b2b3 a7a6 c2c4 d7d5 d1c2 f7f6 b3b4 e7e5 c4d5 e8f7 g2g4 b8d7
2361,c2c4 e7e6 d1c2 d7d6 b2b3 c7c5 d2d4 g7g5 e1d2 h7h6 g2g4 f7f6
2362,b1a3 g7g6 h2h4 h7h6 d2d3 d7d5 f2f3 f7f5 a3b1 h6h5 c2c4 b8c6
2363,c2c4 d7d6 f2f4 c7c5 d1c2 h7h6 f4f5 g7g5 b2b4 c5b4 d2d3 d6d5
2364,b1c3 b7b6 a1b1 d7d5 e2e4 e7e5 c3b5 a7a5 c2c4 e8e7 g1f3 g7g5
2365,e2e3 c7c5 d1h5 g7g6 g2g3 g8f6 f1a6 f6g8 a6d3 f7f5 h5f5 g8f6
2366,d2d3 g7g6 f2f3 f7f5 b1c3 e7e5 h2h4 h7h5 h1h2 f8c5 c3e4 f5e4
2367,c2c4 b7b5 b2b4 d7d6 f2f4 g7g5 b1c3 c8e6 d1b3 f7f5 d2d3 b8a6
2368,d2d4 c7c5 e2e4 e7e6 c2c4 g8f6 e4e5 d7d5 f2f4 e8d7 e1d2 b8c6
2369,b2b3 c7c5 h2h4 d7d6 b1c3 c5c4 c3d5 g7g5 b3b4 d8d7 d5e7 g8f6
2370,g1h3 b7b5 a2a4 d7d5 b1c3 e7e5 a1a2 e8e7 c3d5 d8d5 h3g1 g8h6
2371,d2d4 b8a6 a2a3 a6b4 a3a4 b4a6 c2c4 a8b8 d1d3 f7f6 c4c5 g7g5
2372,b2b3 c7c5 d2d4 d7d6 e1d2 d8b6 c2c4 c8g4 d1e1 e8d7 f2f3 d6d5
2373,a2a4 b7b6 b1c3 d7d5 f2f3 e7e5 c3d5 e8d7 c2c3 a7a5 d1b3 d8f6
2374,g1h3 b7b5 b1c3 h7h5 a2a4 d7d5 e2e4 d5e4 c3d5 d8d5 a1a2 h8h6
2375,c2c4 d7d5 g2g4 c8g4 c4d5 b8d7 d2d3 a7a5 c1e3 g4h3 g1h3 f7f5
2376,c2c4 d7d6 b2b3 h7h5 d1c2 c7c5 f2f4 d6d5 g2g3 f7f6 d2d4 a7a6
2377,c2c4 d7d5 c4c5 b7b6 d1a4 d8d7 g2g4 e7e5 a4a3 f8c5 f2f4 h7h5
2378,b2b3 h7h5 d2d3 b7b6 g2g4 d7d5 c2c4 c8g4 h2h3 g4h3 d1c2 h3g2
2379,b1a3 h7h5 a1b1 e7e6 c2c4 c7c5 g2g4 g8f6 d1b3 h5g4 d2d3 h8h3
2380,b2b3 d7d5 e2e3 c7c5 d2d4 d8b6 e1d2 c5d4 f1c4 g7g5 d1f3 h7h6
2381,b2b3 d7d5 e2e3 c8g4 d2d4 c7c6 e1d2 h7h5 d1g4 b7b6 c1b2 g8f6
2382,b2b3 a7a6 h2h4 d7d5 d2d4 c8h3 a2a3 e8d7 b3b4 d7e8 b4b5 h3e6
2383,d2d4 e7e5 c1h6 f7f5 h2h3 d7d5 b2b3 a7a6 c2c3 e8e7 e2e3 e5d4
2384,d2d4 g7g6 c2c4 d7d6 g2g4 g8f6 c4c5 f6d5 a2a3 d8d7 b1c3 f7f5
2385,d2d4 f7f5 c2c4 h7h5 c1g5 g7g6 b1c3 b8a6 c4c5 f8g7 e1d2 a6c5
2386,h2h3 e7e6 h3h4 d8g5 a2a3 g5h4 g2g3 f7f6 c2c4 h4h2 a3a4 c7c5
2387,e2e3 c7c5 g2g3 b7b6 f2f3 g7g5 b1a3 f7f5 e3e4 d8c7 d2d4 c5d4
2388,h2h3 d7d5 b1a3 h7h5 e2e3 c7c5 g2g4 c8g4 a1b1 h8h6 a3b5 g8f6
2389,c2c4 d7d6 d1b3 b7b5 f2f4 g7g5 h2h3 f7f5 d2d4 h7h6 f4g5 f5f4
2390,h2h3 b8a6 e2e4 a8b8 e1e2 e7e6 a2a3 d8f6 c2c3 e8e7 f2f4 e7e8
2391,b2b3 d7d5 d2d4 a7a5 c1e3 b8d7 h2h4 a5a4 h1h3 h7h6 d1d2 g7g5
2392,b2b4 d7d5 a2a4 h7h6 d2d4 b8d7 c1d2 g7g5 d2c1 a7a5 b4b5 a8a7
2393,h2h3 e7e6 c2c4 h7h6 c4c5 g7g5 d2d3 d7d6 b2b4 f7f5 b1c3 a7a5
2394,b2b4 g8h6 e2e3 h8g8 d2d4 b8a6 h2h4 d7d6 h1h2 a8b8 e1e2 c8g4
2395,b1c3 d7d6 f2f4 d6d5 g2g4 d5d4 e2e3 c7c5 f4f5 d8b6 a1b1 e8d7
2396,c2c4 b7b5 b2b3 f7f6 d1c2 g7g5 f2f4 d7d6 e2e3 b5b4 c4c5 g5g4
2397,a2a4 f7f6 b1c3 h7h6 h2h3 d7d6 f2f3 e8d7 c3d5 h6h5 g2g4 d7c6
2398,b2b3 d7d6 h2h3 c7c6 d2d4 g7g6 h1h2 b7b5 f2f4 d6d5 c2c3 h7h6
2399,d2d4 h7h5 f2f3 g7g6 h2h3 b8a6 c2c3 a6b4 c3c4 a8b8 c4c5 g6g5
2400,b2b4 a7a5 f2f3 b8c6 d2d3 a8a7 g2g4 c6d4 a2a4 e7e6 b4b5 d8g5
2401,b2b4 g7g5 b1a3 e7e5 d2d4 f7f6 a3b1 c7c5 d4e5 f6e5 g2g4 f8d6
2402,b1a3 g7g6 h2h4 e7e6 b2b4 f8d6 h1h2 d6e5 a1b1 d8h4 g2g3 e5g3
2403,h2h3 b8a6 g2g3 g7g6 e2e3 c7c6 f2f4 b7b5 e3e4 f7f5 h3h4 f5e4
2404,b1a3 g7g6 h2h4 g6g5 e2e4 e7e6 g2g4 a7a5 f2f4 h7h6 a3b1 g8f6
2405,h2h3 h7h6 h1h2 d7d6 b1a3 h8h7 d2d3 c8h3 a1b1 b8a6 g2h3 a6b4
2406,b1c3 b7b6 a2a4 d7d5 a1a2 a7a5 g1h3 c8h3 e2e3 f7f5 e3e4 d5e4
2407,a2a4 c7c6 g2g3 d7d5 a1a3 c6c5 d2d4 c5d4 a4a5 c8g4 b1d2 e7e6
2408,h2h3 d7d5 h3h4 e8d7 g1h3 e7e5 d2d3 f8c5 h3g5 f7f5 c2c4 d8e8
2409,h2h3 h7h5 g2g4 b7b5 d2d4 f7f5 f2f3 e7e5 c1f4 g7g6 c2c4 h8h7
2410,f2f4 g8f6 f4f5 f6h5 e2e3 b8c6 a2a4 a7a5 f1e2 b7b5 a1a2 e7e6
2411,h2h4 g7g5 b2b4 d7d6 d2d4 c7c5 e2e4 f7f5 e1e2 b7b5 g2g4 c5d4
2412,f2f4 b8a6 e2e3 g7g5 b2b4 d7d6 d2d4 g5g4 h2h4 f7f6 d4d5 c7c5
2413,b1c3 b7b6 a1b1 e7e5 c3d5 f7f5 f2f4 a7a5 h2h4 c8a6 h1h3 b6b5
2414,g2g3 f7f5 g3g4 g7g6 g4g5 d7d5 f2f4 e7e5 e2e3 h7h6 e3e4 e8e7
2415,f2f4 c7c5 d2d3 c5c4 b2b4 d7d6 g2g3 b8c6 a2a4 a8b8 b1a3 d8c7
2416,b2b4 d7d5 d2d3 d5d4 f2f3 f7f5 h2h3 e7e5 c2c4 e8e7 b1c3 e7f6
2417,h2h3 b8a6 g2g3 a8b8 e2e3 d7d5 d1f3 c8g4 h3g4 g8f6 f1b5 f6d7
2418,d2d4 f7f6 b1d2 d7d5 a2a3 a7a6 f2f4 b8c6 a1a2 d8d7 e2e4 h7h5
2419,b1a3 e7e5 a1b1 g7g5 g1f3 f8c5 f3e5 f7f5 h1g1 a7a5 e2e4 e8e7
2420,d2d4 e7e6 c1g5 a7a5 c2c3 b7b5 h2h3 b8a6 f2f4 f8b4 b1a3 e8f8
2421,a2a4 d7d5 b1c3 f7f5 b2b4 b7b6 d2d4 d8d6 b4b5 d6a3 a4a5 a3a5
2422,d2d4 f7f6 c1g5 d7d6 e1d2 h7h6 a2a4 a7a6 a4a5 d8d7 b1c3 d6d5
2423,h2h4 f7f6 g1f3 d7d5 g2g4 d5d4 e2e3 d4d3 f3d4 b8a6 b2b4 a8b8
2424,a2a4 f7f6 f2f3 e7e6 d2d3 f6f5 h2h3 b8a6 h1h2 g7g6 a4a5 d8h4
2425,b1c3 g8h6 a2a4 b7b6 c3d5 c8b7 a1b1 b7d5 g2g3 d5h1 h2h3 h8g8
2426,a2a4 d7d5 b1c3 c7c5 a1a2 f7f6 e2e3 c5c4 c3d5 d8d5 f1c4 b8a6
2427,h2h3 e7e6 b2b3 b8a6 c2c4 g8h6 h3h4 a8b8 g2g3 h8g8 c4c5 a6c5
2428,a2a4 f7f6 b2b4 d7d5 a4a5 d8d6 e2e3 b8c6 b1c3 d6e5 a1a2 d5d4
2429,e2e3 c7c5 g2g3 d8b6 e3e4 d7d6 d1f3 b8d7 e1d1 b6b3 f3f4 a8b8
2430,d2d3 g7g6 c1h6 b8a6 c2c4 a8b8 g1h3 f8g7 h1g1 d7d6 b1c3 a6c5
2431,a2a4 f7f6 b2b4 d7d6 f2f4 h7h6 h2h4 d6d5 d2d4 c8f5 e2e4 f5e4
2432,e2e3 g7g6 e1e2 c7c5 a2a4 g8f6 g1f3 d7d5 e2e1 f6e4 f1b5 d8d7
2433,g2g4 b7b5 d2d3 e7e5 d3d4 f8e7 f1g2 g7g5 g2e4 b8a6 c1e3 f7f5
2434,d2d4 g8h6 e1d2 d7d6 e2e3 f7f6 d4d5 c7c5 f2f3 b8a6 c2c4 c8e6
2435,b1a3 g7g5 f2f4 e7e6 g2g3 f7f6 e2e4 c7c5 d1h5 e8e7 g1e2 d8c7
2436,b1c3 e7e5 f2f4 e8e7 c3d5 e7e6 c2c3 e6d6 g2g3 g8f6 d2d4 e5e4
2437,e2e3 c7c5 b2b4 b7b6 a2a3 d8c7 b4c5 f7f6 g2g4 g7g5 g1f3 d7d6
2438,e2e3 c7c5 g1f3 g7g5 b1c3 c5c4 f1c4 d7d6 c4e6 c8e6 e1e2 d6d5
2439,g2g3 c7c5 b2b4 b7b6 c1b2 d8c7 b2g7 f8g7 f2f4 g7b2 d2d3 g8h6
2440,d2d4 g7g6 b2b3 b8a6 e1d2 h7h5 e2e3 a8b8 h2h3 d7d5 f1c4 d5c4
2441,c2c4 b7b5 d1c2 b8c6 b2b3 c6b4 c2f5 a8b8 f2f4 g8f6 c1a3 b4a2
2442,f2f3 f7f5 d2d4 g7g6 c1g5 b8a6 c2c4 a6b4 b1c3 b7b5 c4c5 d7d6
2443,a2a4 f7f6 b2b4 g7g5 b1c3 d7d6 c1b2 h7h6 e2e4 d6d5 d1h5 e8d7
2444,c2c4 d7d5 e2e3 c8g4 b2b4 h7h6 f2f4 c7c5 d2d4 g7g6 e3e4 h8h7
2445,d2d3 f7f6 c1g5 d7d5 h2h3 c7c5 f2f3 d8b6 b2b4 f6g5 a2a3 b6a6
2446,g1h3 h7h5 h3g1 a7a6 g2g4 h5g4 d2d3 g4g3 h2h3 h8h4 h1h2 g3g2
2447,a2a4 d7d6 b1c3 f7f6 e2e4 d6d5 g1f3 h7h6 h1g1 c8g4 a1a3 c7c6
2448,g2g3 c7c5 d2d3 f7f5 h2h3 f5f4 g3f4 e7e6 e2e3 g8f6 f4f5 d8c7
2449,h2h4 g7g5 h4h5 f8g7 g2g4 d7d6 d2d3 g7h6 h1h2 d6d5 d1d2 a7a5
2450,d2d3 b8a6 c1e3 f7f5 h2h4 d7d5 e3a7 a6b4 f2f3 g8f6 b1a3 f6d7
2451,b1a3 e7e6 d2d3 d7d5 h2h4 e8d7 b2b4 f8b4 c2c3 b8a6 g1f3 b4f8
2452,b2b3 b8a6 e2e3 a8b8 a2a3 c7c6 f1a6 d7d6 d2d4 c6c5 a1a2 b8a8
2453,a2a4 h7h5 f2f4 b7b6 b1c3 a7a6 e2e3 d7d5 f1b5 a6b5 b2b4 b5a4
2454,d2d4 f7f5 f2f3 b8a6 g1h3 a8b8 c2c4 a6b4 b1c3 e7e5 d4e5 a7a5
2455,b2b3 f7f5 a2a4 d7d6 b3b4 f5f4 b1a3 c8e6 d2d4 g7g6 d1d2 e6b3
2456,a2a3 g7g6 a3a4 d7d6 f2f4 g6g5 b1c3 f7f6 c3d5 d8d7 e1f2 g5g4
2457,h2h3 b7b6 c2c3 e7e6 a2a4 c7c5 h1h2 c5c4 e2e4 e8e7 f2f4 a7a5
2458,b2b3 d7d6 d2d4 b8c6 c1g5 h7h5 h2h3 c6e5 c2c3 e5d3 e1d2 d3b4
2459,b1c3 g7g5 a2a4 d7d5 a1a2 c8h3 f2f4 g5g4 c3e4 c7c5 f4f5 b7b5
2460,d2d4 g7g6 c2c4 e7e6 c4c5 f8c5 d4c5 f7f6 b1d2 b7b5 c5b6 c7c5
2461,c2c3 d7d6 b2b3 d6d5 d2d4 a7a6 b3b4 a8a7 g1h3 g7g5 a2a3 b8d7
2462,c2c4 d7d6 e2e3 b7b5 f2f3 h7h5 d1c2 c8d7 b2b3 g8h6 c2e4 b8c6
2463,g2g3 f7f5 b1a3 g7g6 f2f4 e8f7 a1b1 e7e5 f4e5 h7h5 e1f2 f5f4
2464,b2b3 c7c5 d2d4 f7f6 e2e4 d7d6 e1d2 g7g6 f2f3 e8d7 b1a3 d7e6
2465,a2a3 d7d6 a3a4 f7f6 a4a5 g8h6 f2f4 e7e5 c2c3 h6g4 b2b3 g7g5
2466,c2c4 b7b5 b2b3 f7f6 c4c5 d7d5 b1c3 a7a5 e2e3 h7h6 f2f3 c8g4
2467,f2f3 h7h6 d2d4 g7g5 d4d5 c7c5 c1e3 d8b6 e3c5 b6a6 a2a3 h6h5
2468,c2c4 f7f6 e2e3 d7d6 f2f3 e8d7 d1e2 b7b5 b1a3 d8e8 a1b1 g7g6
2469,f2f3 g7g5 b2b4 d7d6 d2d3 e8d7 e1f2 d7e8 f2e3 b7b5 b1c3 f7f5
2470,c2c4 b7b5 d1b3 d7d6 g1h3 c7c5 a2a4 b8c6 h3g5 d8d7 a1a3 a7a6
2471,d2d4 e7e6 c2c4 f8b4 d1d2 b4d2 b1d2 g7g6 d2b3 g8h6 h2h4 d7d6
2472,c2c4 b7b5 d1b3 d7d6 d2d3 a7a5 c4b5 b8c6 g2g3 e8d7 b1d2 c6b4
2473,d2d4 d7d6 h2h4 f7f6 b1a3 b8c6 a1b1 b7b5 e2e3 c8e6 f1b5 e6a2
2474,c2c4 b7b5 d1b3 d7d6 b1c3 c8g4 c4b5 e8d7 a2a3 c7c6 g1h3 h7h6
2475,a2a3 b7b5 a1a2 b8c6 d2d4 e7e6 c1g5 a8b8 g1f3 f8c5 h2h3 a7a5
2476,b2b3 a7a6 b3b4 b8c6 h2h4 h7h6 h1h3 d7d6 c1a3 c6b4 e2e4 c8e6
2477,b2b3 d7d5 d2d4 a7a6 b3b4 f7f6 a2a3 c7c6 f2f4 h7h6 d1d2 c8d7
2478,d2d4 h7h5 f2f3 g7g5 a2a4 d7d6 b1d2 b7b5 f3f4 c7c6 e2e4 d6d5
2479,a2a4 a7a5 d2d4 f7f6 d4d5 d7d6 h2h4 g7g5 h1h3 c8f5 h3f3 f5c8
2480,b1a3 e7e6 c2c4 f8d6 g2g3 d8e7 g3g4 e7f6 f1g2 c7c5 g4g5 h7h6
2481,b1c3 c7c5 b2b4 b7b6 h2h3 c5c4 c3a4 h7h6 c2c3 d8c7 e2e4 d7d5
2482,b2b4 f7f6 h2h4 d7d6 d2d3 e7e5 a2a4 e8e7 b1a3 d8d7 f2f4 g7g5
2483,b2b3 d7d5 e2e3 b8c6 d2d4 e8d7 e1d2 e7e6 f1a6 f8b4 d2d3 b7b6
2484,g2g3 f7f6 f2f4 f6f5 b2b4 b7b5 d2d3 e7e6 g3g4 g7g6 f1h3 e6e5
2485,b2b4 d7d6 e2e4 c7c5 b1c3 e8d7 e1e2 b8a6 a2a4 c5b4 a1b1 d7e8
2486,b2b4 b7b6 a2a4 d7d5 d2d4 e7e5 d4e5 d8f6 d1d5 f8c5 f2f4 c8a6
2487,b2b3 a7a6 b3b4 a6a5 d2d4 b7b5 a2a4 e7e5 d4e5 g8e7 a4b5 h8g8
2488,d2d4 d7d6 f2f4 c8g4 b2b3 a7a6 d4d5 c7c6 e1d2 g7g5 e2e3 d8c7
2489,d2d4 d7d6 f2f4 d6d5 h2h4 b8d7 b1d2 a7a5 g1h3 h7h5 a2a3 a5a4
2490,c2c4 d7d5 g2g4 a7a5 e2e4 d5e4 g1h3 b7b5 c4b5 b8c6 f2f3 c6b4
2491,g2g3 f7f5 c2c4 e7e5 f2f4 g7g6 f1g2 b7b5 g2f3 g8f6 d2d3 e5f4
2492,g2g4 b7b5 d2d3 d7d5 c2c3 a7a5 c3c4 c8g4 d1b3 a8a7 c4b5 c7c5
2493,a2a4 f7f6 b2b4 d7d5 h2h4 h7h6 b1c3 b8a6 c3d5 d8d5 a4a5 d5c6
2494,h2h3 h7h5 g2g4 g7g6 d2d3 f7f5 c2c4 e7e5 g4h5 d7d5 c4d5 f8b4
2495,h2h4 g7g5 g2g3 c7c5 d2d3 d7d6 c1e3 f8g7 g3g4 e8d7 d1d2 c5c4
2496,b1c3 h7h5 e2e3 h8h7 c3a4 e7e6 b2b4 g8f6 d2d4 c7c6 c2c3 f8b4
2497,d2d4 d7d6 b1a3 b8d7 a3b5 f7f6 a1b1 h7h5 b5c3 g7g6 c3e4 d7b6
2498,b1a3 f7f6 h2h4 d7d5 b2b4 b7b6 f2f4 f6f5 g2g3 e8d7 a3b5 a7a5
2499,b2b3 d7d6 e2e4 c7c5 f2f3 g7g5 d2d3 h7h6 g2g4 b7b6 b1c3 b8c6
2500,d2d4 d7d6 b1a3 h7h5 d4d5 b8d7 a1b1 a7a6 h2h4 a8b8 a3b5 d7e5
2501,h2h3 h7h5 g2g4 b7b5 f2f3 g7g5 d2d3 c8b7 e2e4 b7e4 f3e4 e7e5
2502,c2c4 b7b5 g1h3 h7h6 d1b3 c7c5 h1g1 d7d6 b3b4 b8c6 d2d3 h6h5
2503,e2e3 c7c5 d2d3 g7g5 g2g4 f8g7 e3e4 d7d6 c1e3 g7d4 f2f4 d4e3
2504,g2g4 g7g6 c2c4 d7d6 f1g2 h7h6 d2d3 h8h7 c1e3 c7c5 h2h4 b8d7
2505,d2d4 h7h5 g2g4 d7d5 f2f4 b8d7 c2c3 a8b8 e2e4 f7f6 d1d2 g8h6
2506,b2b3 c7c5 d2d4 d7d6 e1d2 c5d4 e2e4 b8d7 g1h3 g7g5 c2c3 g8f6
2507,a2a3 d7d6 g1h3 g8h6 h1g1 h8g8 f2f4 c8h3 d2d4 h3c8 e1d2 b7b5
2508,h2h4 g7g5 g2g3 e7e5 d2d3 f7f5 h1h2 f8h6 h4h5 g8f6 b2b3 b8a6
2509,d2d4 d7d6 g2g4 f7f6 f2f4 c8g4 b1a3 c7c5 a1b1 c5d4 e2e4 h7h6
2510,h2h3 e7e6 c2c4 b7b5 f2f3 b5c4 d2d3 d7d6 a2a4 a7a6 h1h2 e8d7
2511,b2b4 b8c6 a2a4 b7b5 d2d3 d7d6 e2e4 e8d7 e1e2 h7h6 c1h6 c6d4
2512,a2a4 f7f6 f2f3 h7h6 d2d4 d7d6 a4a5 c8g4 f3g4 b8a6 g2g3 g7g5
2513,h2h3 g7g6 e2e4 f7f5 b1c3 c7c5 g1f3 c5c4 a1b1 e7e5 h1h2 f5f4
2514,d2d4 e7e5 f2f3 f7f6 c1h6 e8e7 h2h3 d7d5 h6g7 c8h3 g2h3 e5d4
2515,a2a4 c7c5 b2b4 c5b4 d2d4 d8c7 e1d2 b8c6 g2g3 b7b5 a1a3 c7g3
2516,g2g4 b7b5 d2d3 g8f6 g4g5 d7d5 h2h4 e7e5 f2f3 e8e7 b1a3 a7a5
2517,e2e3 c7c5 e3e4 b8a6 e1e2 g8f6 g2g4 a6b8 d1e1 c5c4 a2a4 d7d5
2518,a2a4 d7d5 e2e3 h7h6 a1a2 c7c5 b1c3 c8g4 d1g4 h8h7 g4e6 c5c4
2519,a2a3 c7c6 a3a4 c6c5 b2b4 d8c7 d2d4 b7b6 f2f3 c5c4 h2h3 f7f6
2520,d2d4 e7e6 c1g5 c7c5 e1d2 a7a6 f2f3 a8a7 d4c5 g8e7 c2c4 d7d6
2521,b1c3 e7e5 c3d5 d8e7 f2f4 g7g5 h2h3 f7f6 d5b4 e5f4 e2e4 a7a6
2522,a2a4 d7d6 b1a3 d6d5 e2e3 c7c5 a3b5 d8d7 g2g4 f7f6 g1f3 e8d8
2523,h2h4 g7g5 b2b4 d7d6 d2d3 c7c5 h1h3 g8h6 c1g5 f7f5 g5h6 h8g8
2524,c2c4 b7b5 d1b3 b8c6 b1c3 g8h6 c4c5 e7e5 f2f3 a8b8 e2e3 e5e4
2525,h2h3 d7d5 b1c3 e7e5 h1h2 f7f6 a1b1 e5e4 d2d3 d8e7 h3h4 h7h5
2526,h2h3 e7e6 a2a3 h7h6 h1h2 e8e7 a1a2 b8c6 a3a4 e6e5 e2e3 d7d6
2527,a2a4 e7e6 b1c3 c7c5 g1f3 e6e5 h2h3 f7f6 g2g4 e5e4 f3g5 d8c7
2528,g2g4 b7b5 h2h4 e7e5 d2d4 f7f5 g4g5 f8c5 a2a4 g8f6 b1d2 e5d4
2529,c2c4 d7d5 g2g3 f7f6 c4d5 h7h6 d1c2 c7c5 b1a3 d8a5 g3g4 a5a4
2530,c2c4 b7b5 d2d4 g7g6 c4b5 f7f5 b1c3 d7d6 d1d2 h7h5 a1b1 b8d7
2531,h2h3 d7d5 b1a3 h7h5 a1b1 h8h6 h1h2 h6h7 a3c4 c7c5 f2f3 d5c4
2532,b2b3 a7a6 e2e3 h7h6 g1f3 d7d5 f1c4 c8g4 f3d4 f7f6 d2d3 g4h5
2533,b1c3 d7d5 c3d5 d8d5 f2f4 c7c5 g2g3 f7f6 b2b4 b8d7 b4c5 d5h1
2534,d2d4 g7g5 a2a4 e7e5 g2g4 f7f6 d4e5 f8d6 h2h3 h7h5 b1a3 g8e7
2535,c2c4 b8c6 h2h3 a7a5 d2d4 f7f6 f2f3 h7h6 e1f2 d7d6 f2e1 c8h3
2536,h2h3 d7d6 f2f3 g7g5 d2d3 f8g7 h1h2 c8h3 b1a3 h3d7 f3f4 d7e6
2537,h2h3 g7g6 b2b3 d7d6 d2d4 f7f6 f2f3 c7c5 c2c4 c8h3 d1c2 g6g5
2538,b1a3 e7e6 c2c4 g8e7 g2g4 d7d5 d2d3 a7a5 c4d5 e6d5 g4g5 d5d4
2539,b2b4 d7d5 a2a3 b7b5 a3a4 h7h6 e2e4 a7a6 d2d4 g7g5 g2g4 h6h5
2540,h2h3 g7g6 b1c3 b8a6 a2a4 a8b8 h1h2 f7f6 c3a2 d7d5 e2e3 d5d4
2541,b2b3 d7d5 e2e3 f7f5 d2d4 a7a6 e1d2 a8a7 e3e4 c7c6 f1c4 g8f6
2542,b1c3 d7d5 a1b1 c8g4 c3e4 e7e6 e2e3 g8f6 g1f3 h7h6 a2a3 c7c6
2543,e2e4 e7e6 f2f4 f7f5 d2d4 e8f7 e4e5 f8b4 b1d2 g7g5 f4g5 f5f4
2544,b2b3 d7d6 f2f3 c7c6 d2d4 g7g5 d1d2 a7a6 d2d3 a8a7 e2e3 f8g7
2545,c2c4 b7b5 d1b3 g7g6 h2h4 b8a6 d2d3 d7d6 e1d2 h7h6 g1f3 e8d7
2546,d2d4 e7e6 c2c4 d8e7 c4c5 e7d6 d1c2 a7a6 c2h7 g8e7 e2e4 e7d5
2547,a2a3 e7e6 b1c3 h7h6 a3a4 e6e5 g1f3 e8e7 c3d5 e7d6 a1a2 g8f6
2548,c2c4 b7b5 d1b3 a7a5 g2g3 a8a6 f1g2 d7d6 f2f4 h7h5 b3d3 h8h6
2549,c2c4 d7d6 b2b3 c7c5 d1c2 c8h3 d2d4 g7g6 e2e3 g6g5 f2f4 c5d4
2550,b2b3 a7a6 h2h4 h7h6 h1h3 d7d5 b3b4 e8d7 h3b3 d7e8 c1b2 c8g4
2551,c2c4 a7a5 b2b3 f7f6 d1c2 d7d5 e2e3 h7h6 c4d5 b8c6 h2h3 d8d5
2552,b2b4 b7b6 a2a4 d7d5 d2d4 e7e6 b4b5 e6e5 a1a3 b8a6 e2e3 e8e7
2553,a2a3 e7e6 e2e3 b7b5 d2d3 a7a5 f2f3 g8f6 c2c4 b8c6 g2g4 e8e7
2554,b1c3 a7a5 a2a4 e7e5 f2f4 b7b5 c3d5 b5b4 d5b4 d7d5 b4d5 h7h6
2555,b1c3 e7e5 g2g4 f8a3 c3d5 f7f5 g4g5 g8f6 h2h4 a7a5 g5f6 g7g6
2556,h2h4 g7g5 g1f3 a7a5 f3g5 b8c6 d2d4 h7h6 h1g1 h6g5 c1g5 d7d6
2557,b2b4 g8h6 c1b2 a7a5 d2d4 h8g8 b2c1 c7c5 c1h6 b7b5 d4d5 d7d6
2558,b2b3 d7d6 c2c3 a7a6 e2e3 c7c5 d1c2 h7h6 c3c4 d6d5 e1d1 f7f6
2559,b2b3 a7a6 e2e3 b8c6 d2d4 c6b4 e1d2 a8a7 f1a6 b7b6 a2a4 g8h6
2560,b1c3 e7e6 c3e4 a7a6 c2c4 d7d5 c4d5 a6a5 e4g3 b8d7 d1c2 e6e5
2561,h2h3 g7g5 b1c3 d7d5 a2a4 e7e5 f2f4 h7h6 c3d5 b8a6 c2c3 a8b8
2562,d2d3 f7f5 c2c4 f5f4 f2f3 d7d6 c4c5 g7g6 c5d6 b7b5 h2h3 c8b7
2563,c2c4 h7h5 d1c2 d7d5 c4c5 b8a6 d2d4 d8d7 b1c3 a6b4 a2a4 a7a6
2564,h2h3 g7g6 f2f3 e7e6 d2d3 d7d6 h3h4 f7f6 c2c4 c7c5 e2e3 f8g7
2565,c2c4 d7d5 e2e3 f7f6 h2h4 c7c5 d1f3 e8d7 f3g3 d5c4 f2f4 d8c7
2566,b1c3 e7e5 f2f4 h7h6 c3d5 f7f6 h2h3 g7g5 h1h2 h8h7 g1f3 d7d6
2567,a2a3 e7e6 b2b4 d8g5 c2c4 g5e3 h2h3 f7f6 f2f4 e3g3
2568,c2c3 g7g6 c3c4 h7h6 f2f3 d7d6 d1c2 g6g5 e2e3 f8g7 g1h3 b8c6
2569,b2b3 d7d5 e2e3 b8d7 d1g4 a7a6 g4d7 d8d7 f1c4 h7h5 f2f3 c7c6
2570,b2b3 g7g6 h2h4 d7d6 d2d4 f7f6 f2f4 b7b5 e2e4 e8d7 h1h3 f8g7
2571,b1a3 g7g6 b2b3 c7c5 b3b4 c5b4 d2d3 d7d5 f2f3 e8d7 e1d2 f8h6
2572,h2h3 b7b6 d2d4 d7d5 g2g4 e7e5 c2c3 f8a3 c1f4 f7f5 d1c2 h7h6
2573,c2c4 b7b5 d1b3 e7e6 g1f3 e6e5 f3e5 a7a6 e1d1 e8e7 c4b5 h7h5
2574,h2h4 g7g5 c2c4 h7h6 d1b3 c7c5 d2d3 d7d6 h1h3 c8h3 a2a4 d8c7
2575,g2g3 f7f5 c2c4 g7g6 d2d3 b8a6 e2e3 a6c5 d1h5 c5d3 e1d1 a8b8
2576,b2b3 b8a6 e2e3 a8b8 c1a3 c7c5 d1f3 g7g6 e1e2 b7b5 d2d4 a6b4
2577,b2b3 a7a6 e2e3 b7b5 d2d4 e7e6 e1d2 f8b4 c2c3 e8e7 g1f3 g8f6
2578,b1a3 b7b5 d2d4 a7a6 a1b1 g7g6 h2h3 c7c6 a3b5 e7e5 h1h2 e5e4
2579,a2a4 d7d5 f2f4 c7c5 b1a3 e7e6 a3b5 d8d7 a1b1 d5d4 e2e4 f7f6
2580,b1c3 d7d5 c3b5 a7a5 f2f4 b8d7 b5d6 e7d6 g2g3 g8f6 f4f5 g7g6
2581,d2d4 h7h5 h2h4 d7d5 a2a3 a7a6 h1h2 e7e5 d4e5 f8d6 e2e3 d5d4
2582,c2c4 d7d6 e2e3 g8h6 b2b3 h6g8 d1c2 f7f6 b1c3 c7c5 d2d4 b7b5
2583,h2h3 b8a6 d2d4 a8b8 c1g5 e7e6 g5h6 d8f6 h6e3 a6c5 b2b3 g8h6
2584,c2c4 f7f6 d1b3 d7d5 e1d1 e8d7 f2f3 h7h6 d2d3 e7e5 b1d2 f8a3
2585,a2a3 e7e5 b2b4 g8e7 e2e3 c7c6 a3a4 b7b6 g1f3 d8c7 f1d3 f7f6
2586,h2h4 g7g5 e2e4 e7e6 f1a6 b7b5 e4e5 c8a6 h4g5 d8f6 d2d4 c7c5
2587,h2h4 h7h5 a2a3 d7d6 b1c3 c7c6 c3b5 c6b5 e2e3 c8e6 d2d4 g7g5
2588,g2g3 f7f5 b1c3 e7e5 a2a4 a7a5 g1h3 e8e7 c3d5 e7d6 f2f4 a8a6
2589,b1a3 e7e5 g2g3 g7g5 d2d3 f8c5 c1f4 f7f5 e1d2 c5a3 h2h3 g5f4
2590,h2h3 e7e6 b2b4 h7h6 a2a4 e8e7 e2e3 a7a5 e1e2 d7d6 g2g4 b8d7
2591,b1a3 b8a6 h2h3 e7e6 h1h2 f8a3 f2f4 a8b8 a1b1 h7h6 g2g3 e8f8
2592,g2g4 g7g6 e2e4 h7h6 b2b4 f7f5 f2f3 f5e4 f3e4 e8f7 c2c3 f7f6
2593,e2e3 c7c5 g2g3 d7d6 h2h3 c8h3 f1b5 d8d7 b1a3 h3g2 b5c6 b8c6
2594,h2h3 d7d5 b1a3 h7h5 a1b1 b7b5 b2b3 a7a6 b3b4 a6a5 d2d4 a5b4
2595,h2h4 g8h6 h1h3 d7d5 a2a3 h6g8 c2c3 g7g5 h3f3 b8a6 d1c2 d5d4
2596,b1c3 f7f6 h2h3 e7e5 f2f4 f8d6 h1h2 b8a6 a1b1 e5f4 c3a4 f4f3
2597,f2f3 e7e5 d2d4 a7a5 h2h3 g8f6 c2c3 c7c6 e1f2 f8c5 d1e1 f6d5
2598,c2c3 f7f6 d1c2 d7d6 b2b3 d8d7 c2d3 d6d5 d3c2 e7e5 e2e3 f8c5
2599,g2g4 g7g6 e2e4 f7f5 g4g5 a7a5 f2f3 f5f4 a2a4 d7d6 b1c3 e8d7
2600,a2a4 d7d5 b1c3 a7a6 a1a2 h7h6 c3b5 h6h5 e2e3 h5h4 b5d6 c7d6
2601,h2h3 b7b6 d2d3 d7d5 f2f3 c8a6 b1c3 e7e5 g2g3 e5e4 c1h6 f8d6
2602,b1a3 b7b5 a1b1 c8b7 d2d4 c7c6 c1h6 d7d5 h6g7 b7c8 g1h3 f8g7
2603,a2a4 d7d5 b1c3 e7e5 a1a2 c8h3 c3d5 f7f5 f2f4 h7h5 d2d4 h8h6
2604,d2d4 g7g6 f2f3 d7d5 c1g5 c8f5 b1a3 b7b6 a3b5 e8d7 a2a3 e7e6
2605,h2h4 d7d6 b1a3 c7c5 a1b1 e7e6 h1h3 b7b5 e2e4 e8d7 f2f3 g7g5
2606,c2c4 b7b5 d1b3 g7g5 d2d4 d7d6 c4b5 h7h6 e1d1 c7c5 h2h3 b8c6
2607,b1c3 g8h6 f2f4 b8a6 c3d5 h6g8 g2g3 g7g6 h2h4 f7f5 h1h3 a8b8
2608,c2c3 b8a6 c3c4 h7h6 b2b3 d7d5 d2d4 f7f6 e1d2 d5c4 e2e3 g7g5
2609,b2b3 c7c5 d2d4 d7d6 e1d2 g7g5 b3b4 c5c4 a2a4 h7h5 d4d5 h8h6
2610,b1c3 e7e5 b2b3 f8e7 c1a3 e7g5 f2f3 f7f5 h2h3 h7h5 f3f4 b8a6
2611,b1c3 g8h6 f2f4 a7a5 c3d5 h8g8 a2a4 e7e5 g2g3 e5f4 f1h3 d7d6
2612,b1c3 g8h6 c3e4 h8g8 a1b1 a7a5 d2d4 a8a7 b2b4 b8c6 b4a5 g7g5
2613,a2a3 d7d5 e2e3 c8g4 d1f3 g4f3 c2c4 f7f6 g2f3 h7h6 a1a2 h8h7
2614,b2b3 e7e5 f2f4 f7f6 c2c3 g7g5 f4e5 d7d5 e5d6 c7d6 d1c2 a7a6
2615,b2b3 f7f6 f2f4 d7d6 d2d3 g7g5 e1d2 c7c5 f4f5 e7e6 b1c3 g8e7
2616,b2b4 d7d5 g2g4 b8c6 e2e4 a7a5 b4a5 e8d7 a5a6 d5e4 f2f3 c6a5
2617,h2h3 e7e6 c2c4 d7d5 b2b3 a7a6 g2g3 h7h6 a2a3 e8e7 g3g4 e6e5
2618,h2h4 h7h5 d2d3 d7d6 b1a3 d6d5 f2f4 d5d4 a3b5 e8d7 a1b1 b8a6
2619,h2h3 d7d5 g2g3 b7b6 d2d3 a7a5 g3g4 b6b5 f2f3 e7e5 a2a3 e8e7
2620,b2b3 c7c5 d2d4 d7d6 b1c3 c5c4 e1d2 b8d7 f2f4 d6d5 h2h3 a7a6
2621,h2h4 a7a5 d2d4 b8c6 e2e4 f7f5 e1e2 d7d5 g2g4 c6d4 e2e1 h7h5
2622,a2a4 h7h5 b2b4 a7a5 d2d4 h8h7 e2e3 b7b5 b4a5 b5b4 d1h5 a8a5
2623,a2a4 f7f6 b2b4 d7d6 f2f4 g7g5 d2d4 b8a6 a1a3 e7e5 e2e4 c7c5
2624,f2f3 g7g6 f3f4 b7b5 h2h4 g6g5 e2e4 e7e6 d2d4 a7a5 a2a4 b5a4
2625,b1c3 e7e5 a2a4 f8c5 g1f3 a7a5 b2b4 g8f6 h1g1 f6e4 h2h3 c5f2
2626,b1c3 e7e5 a2a4 g8h6 h2h4 e8e7 h1h3 b8a6 g1f3 c7c5 d2d3 d8c7
2627,b2b4 a7a5 a2a4 g8h6 b4a5 h8g8 f2f3 d7d6 d2d3 e8d7 h2h3 b8c6
2628,b2b4 d7d5 f2f3 f7f6 e2e3 a7a5 d2d3 a5a4 b4b5 h7h6 d1d2 d8d7
2629,e2e3 c7c5 d2d3 g7g5 d1h5 f8g7 c2c4 b8a6 g2g3 d7d6 h5h3 a6b8
2630,d2d4 g7g6 c1g5 f7f5 b2b3 h7h5 e2e4 b8c6 f1d3 c6d4 b1a3 a8b8
2631,f2f3 e7e6 e2e3 b8c6 c2c4 g8f6 g2g4 a8b8 e3e4 c6b4 c4c5 f8c5
2632,b2b3 d7d5 e2e3 b8d7 d2d4 a7a6 f1a6 d7b6 a2a3 b7a6 b3b4 b6a4
2633,b1c3 a7a5 a2a4 d7d5 c3d5 h7h5 e2e3 h8h6 b2b3 d8d5 a1a3 d5d8
2634,a2a4 f7f6 c2c3 a7a5 d2d3 d7d5 h2h4 b8c6 b2b4 h7h6 c1h6 c6b4
2635,b1c3 h7h5 a2a4 a7a5 h2h4 h8h6 h1h3 h6h8 a1a3 d7d5 h3d3 d5d4
2636,g1h3 h7h5 e2e4 e7e6 e1e2 b7b6 d2d4 d8f6 c1g5 d7d5 c2c3 c7c6
2637,d2d4 g7g6 f2f3 f7f5 h2h3 c7c5 d4d5 e7e5 c2c4 f5f4 d5d6 d8c7
2638,h2h4 g7g5 b2b4 f7f6 d2d3 f6f5 e2e4 e7e5 g1f3 f5f4 h1h3 c7c6
2639,c2c4 b7b5 d1b3 a7a5 d2d4 f7f6 c4b5 c7c6 e1d1 d7d5 c1h6 b8a6
2640,b1c3 a7a5 e2e3 b8c6 e1e2 c6d4 e3d4 c7c6 a2a4 d7d5 b2b4 g8h6
2641,b2b4 a7a5 b4b5 h7h6 a2a4 d7d6 d2d4 h8h7 e2e4 c7c5 d4c5 g7g6
2642,g2g3 g7g6 d2d3 d7d6 e1d2 d6d5 a2a4 d8d6 b1a3 d6d7 f2f3 b8a6
2643,a2a3 e7e6 b2b4 e6e5 e2e3 e8e7 e1e2 b8c6 d2d3 a7a5 g1f3 c6a7
2644,c2c4 b7b5 d1b3 g7g6 d2d4 c7c5 h2h3 f7f5 c4b5 g8h6 e1d1 e7e5
2645,h2h4 b8c6 h1h3 c6d4 a2a4 e7e6 d2d3 d7d6 b1a3 a7a5 a1b1 a8a7
2646,h2h4 a7a6 d2d3 f7f5 h1h3 g7g6 g2g4 d7d5 f2f3 b8d7 e2e3 g6g5
2647,h2h4 g7g5 d2d4 c7c5 c1g5 d8c7 b2b4 b7b5 b1a3 c5c4 a3b5 f7f5
2648,a2a4 e7e6 b1c3 d7d6 c3d5 f7f6 d2d3 e6d5 a1b1 g7g6 b2b4 f6f5
2649,a2a4 c7c5 b2b4 c5b4 d2d4 e7e5 d4e5 f7f6 e5e6 d7d5 b1c3 d8d6
2650,c2c3 f7f6 b2b4 a7a5 h2h3 b8a6 a2a4 d7d6 b4a5 h7h6 h3h4 a6b8
2651,e2e3 c7c5 f2f3 g7g6 h2h3 f8h6 e3e4 e7e6 g2g4 h6g5 d2d3 e8e7
2652,h2h4 g7g5 d2d3 g5h4 g2g3 b8a6 d3d4 h7h5 c1g5 d7d6 b1a3 b7b5
2653,b1a3 g8f6 h2h4 d7d5 e2e4 c8d7 a3b1 h8g8 f2f3 e7e6 f1c4 h7h5
2654,h2h3 a7a6 e2e3 a6a5 f2f3 b7b5 d2d4 a5a4 b2b4 a4a3 f1b5 e7e6
2655,c2c4 d7d6 h2h4 b7b5 f2f4 g7g5 b2b3 c8e6 d1c2 e6d7 h4g5 f7f6
2656,g1f3 d7d6 b1a3 c7c5 a3b5 g7g5 f3g5 f7f6 h1g1 c5c4 d2d3 e7e6
2657,f2f3 e7e6 c2c4 g8f6 c4c5 f8c5 g2g4 e8e7 d2d3 d7d6 g1h3 f6g8
2658,h2h3 b7b6 a2a3 e7e6 h3h4 b6b5 b2b4 d7d5 a3a4 e6e5 e2e3 d8e7
2659,c2c4 b7b5 d1b3 b8c6 d2d4 a7a6 c4b5 a6a5 g1f3 f7f6 b5c6 d7d6
2660,d2d4 b8a6 b1d2 a8b8 h2h4 a6b4 h1h3 f7f5 a2a4 b4c2 d1c2 e7e5
2661,b1c3 h7h5 h2h3 h8h6 g2g4 b8a6 d2d4 a8b8 c1h6 f7f5 a1c1 a6c5
2662,h2h3 d7d5 g2g4 c8g4 h3g4 a7a5 d2d3 b8a6 c1f4 f7f6 f4g5 d5d4
2663,h2h3 g7g6 f2f3 g6g5 b1c3 f8g7 d2d3 b7b5 h1h2 c7c5 c3e4 b8a6
2664,c2c3 c7c5 f2f3 g7g5 b2b4 d7d6 e2e3 f8g7 d1c2 c8h3 c3c4 c5b4
2665,a2a3 e7e6 b2b3 a7a6 b3b4 d8g5 h2h4 g5g2 f1g2 d7d6 d2d4 g8e7
2666,f2f4 h7h6 f4f5 f7f6 d2d3 d7d5 g1f3 c7c5 b2b4 b7b6 e2e3 d8c7
2667,h2h4 g7g5 b2b4 g5h4 a2a4 d7d6 g2g3 h7h6 g3h4 b7b5 f2f4 h6h5
2668,d2d4 f7f5 f2f4 b8a6 e1d2 a8b8 b2b3 e7e5 f4e5 f8b4 d2e3 a6c5
2669,h2h3 c7c5 d2d3 g7g5 g2g3 f8g7 e1d2 c5c4 b2b4 b7b6 c2c3 d7d5
2670,e2e3 c7c5 g2g3 d8b6 c2c4 e8d8 d2d3 e7e6 h2h4 f8d6 f2f3 b6a5
2671,d2d4 h7h5 g2g4 g7g5 c1g5 d7d6 g5e7 a7a6 b2b4 h8h6 e7f6 c7c5
2672,h2h4 b8a6 e2e4 a8b8 d1h5 e7e6 h1h2 d7d6 h5h7 a6c5 d2d3 c5b3
2673,b2b3 a7a6 c2c4 d7d5 d1c2 c8e6 c4c5 h7h5 g2g3 h8h6 b3b4 e6h3
2674,b2b3 h7h5 h2h4 d7d5 d2d4 a7a6 b3b4 b8d7 d1d2 d7e5 d2f4 a6a5
2675,b2b3 d7d5 e2e3 c8g4 d2d4 c7c6 b3b4 g4f3 c2c3 d8a5 d1d2 e8d8
2676,h2h4 g7g5 e2e4 c7c5 g2g3 d7d6 d2d3 b8d7 e1e2 d6d5 f2f3 d5e4
2677,h2h4 g7g5 b2b4 g8h6 d2d3 d7d6 c1d2 b8a6 f2f4 c8e6 d3d4 f7f5
2678,b1a3 e7e6 c2c4 h7h6 b2b3 e6e5 c4c5 c7c6 f2f4 f7f6 g2g3 g7g5
2679,d2d4 h7h5 f2f3 d7d6 b1a3 b8a6 f3f4 d6d5 a1b1 c8h3 c1e3 a8b8
2680,b2b4 e7e6 c2c4 g7g6 h2h4 d8h4 g2g3 f7f6 b1c3 h4h2 h1h2 d7d6
2681,g1h3 h7h5 h3f4 a7a6 h2h4 d7d5 d2d3 b8c6 f2f3 d8d7 d1d2 d5d4
2682,h2h4 h7h5 h1h3 d7d5 c2c4 b8a6 a2a3 h8h6 d2d3 c8e6 b1d2 a6b8
2683,a2a4 f7f6 b2b4 h7h6 h2h4 d7d5 a4a5 e8d7 g2g4 b7b6 c2c4 c7c6
2684,b2b3 d7d5 d2d4 a7a6 e1d2 a8a7 e2e4 c8h3 f2f4 h3g2 f1a6 b7a6
2685,f2f4 b7b5 c2c3 b8c6 b2b3 a8b8 h2h4 c6b4 b1a3 b4d3 e2d3 c8b7
2686,g2g3 a7a5 d2d4 b8c6 d4d5 e7e5 d1d4 h7h5 f1h3 g7g5 f2f4 g5g4
2687,h2h4 g7g5 b2b4 d7d6 d2d3 c8e6 g2g3 e6c4 e2e4 c4e6 f2f3 b8a6
2688,g1h3 a7a6 e2e3 h7h5 h3g1 b7b5 d1h5 a6a5 d2d4 h8h6 b2b3 b5b4
2689,h2h3 d7d5 a2a3 d5d4 f2f3 h7h6 d2d3 b8a6 c1h6 a8b8 c2c4 a6b4
2690,a2a4 d7d5 b1c3 b8c6 a1b1 e7e5 c3d5 a8b8 e2e4 g8f6 g2g3 f6e4
2691,c2c4 d7d6 f2f4 f7f6 e1f2 a7a6 h2h3 b8c6 b1a3 h7h6 c4c5 d6d5
2692,f2f3 h7h6 h2h3 g7g5 c2c3 d7d6 b2b3 e8d7 c1b2 g5g4 d2d4 f7f6
2693,c2c3 a7a6 e2e4 c7c6 d1c2 g8f6 b2b4 d8c7 f2f3 c7e5 g2g3 e8d8
2694,a2a4 f7f6 g1f3 h7h6 a1a2 h8h7 e2e3 d7d6 f1b5 c7c6 e1e2 c8g4
2695,g1h3 e7e6 c2c4 g7g6 h1g1 h7h5 d1c2 c7c6 c4c5 b7b5 c2b3 h8h6
2696,g2g3 f7f5 b2b4 d7d6 g3g4 g7g5 d2d4 c7c5 b1a3 b8d7 a3b5 c5d4
2697,h2h3 h7h5 d2d3 d7d5 g2g3 f7f6 g3g4 b7b6 c2c3 d8d7 b2b4 h8h6
2698,d2d4 f7f5 a2a4 h7h5 e2e3 h8h7 e1e2 h5h4 g1f3 c7c5 h2h3 b7b6
2699,g2g4 d7d5 e2e3 g7g6 c2c4 f7f6 f2f3 b8a6 c4c5 d8d7 e3e4 h7h6
2700,b2b4 a7a6 d2d4 e7e6 a2a4 e6e5 b4b5 c7c5 g1f3 f7f6 d4d5 a6b5
2701,b2b4 h7h5 a2a4 h8h6 a4a5 b8c6 e2e3 d7d6 a5a6 c6d4 e3e4 d4b3
2702,b2b4 b7b5 b1c3 b8c6 a2a4 a7a5 h2h3 g7g5 b4a5 c8a6 d2d4 d7d6
2703,g1h3 e7e6 d2d3 d7d6 h1g1 g7g6 a2a4 f8h6 b1d2 b8a6 d2e4 f7f6
2704,h2h4 g7g5 d2d3 b8a6 h1h3 h7h6 c2c4 a6c5 a2a3 c5b3 c1g5 d7d6
2705,c2c4 b7b6 g2g3 b6b5 c4b5 g7g6 d1b3 f7f5 b3e6 g8h6 b2b4 h6g8
2706,b2b4 h7h5 c2c4 b7b6 d1c2 g7g6 e2e3 f8g7 f2f3 g7c3 b1c3 e7e5
2707,c2c4 g7g5 f2f3 g5g4 b2b3 b8c6 d1c2 a8b8 c4c5 e7e5 d2d4 c6d4
2708,h2h4 d7d5 f2f4 b7b6 c2c3 e7e6 d2d4 c8d7 f4f5 h7h5 d1d2 h8h6
2709,h2h3 d7d5 h3h4 b7b6 d2d4 d8d7 a2a3 e8d8 b1d2 e7e6 g1f3 f8a3
2710,b2b4 b7b6 d2d4 e7e6 b4b5 d7d5 a2a3 f8a3 e1d2 e8e7 g1f3 e6e5
2711,h2h3 d7d5 f2f3 c8g4 c2c4 g4e6 d1c2 e8d7 c2b3 f7f6 e2e4 b8a6
2712,h2h3 f7f6 g2g4 f6f5 b1a3 d7d5 a1b1 h7h6 e2e3 c7c6 f1d3 b7b6
2713,a2a3 c7c6 d2d4 f7f6 c1h6 b8a6 f2f4 b7b5 c2c3 d7d6 d1a4 g7g6
2714,f2f3 f7f5 c2c4 c7c5 h2h3 g7g6 g2g4 e7e5 d2d3 e8f7 f1g2 h7h6
2715,h2h3 a7a6 e2e4 d7d5 e1e2 b8d7 g2g4 h7h5 a2a3 d5e4 g4h5 h8h5
2716,h2h4 h7h5 c2c4 d7d5 e2e4 f7f6 f1d3 e7e6 e1e2 d5c4 b1c3 c7c6
2717,b2b3 d7d5 e2e4 f7f6 g1h3 e8d7 e1e2 c7c6 a2a3 d7e6 h3f4 e6d6
2718,h2h3 e7e6 c2c4 g7g6 b2b3 h7h6 c1a3 c7c5 a3c5 e6e5 d2d4 f8d6
2719,h2h4 d7d5 h1h3 h7h5 h3g3 h8h6 g3f3 d5d4 f3f4 c8e6 f4d4 f7f6
2720,b2b4 b7b5 h2h4 b8c6 g1h3 c6d4 a2a4 a8b8 h1g1 h7h5 h3g5 c7c6
2721,b1a3 e7e5 e2e3 c7c5 a3b1 f7f5 g1f3 d8a5 f1d3 e5e4 b2b4 f5f4
2722,d2d4 e7e6 c2c4 a7a6 c4c5 f8c5 h2h3 g8h6 c1g5 d7d6 g5e7 b8d7
2723,b2b4 d7d5 a2a3 d5d4 c2c3 b8d7 e2e4 g8f6 g2g4 f6e4 d1c2 g7g5
2724,b2b3 c7c5 b3b4 c5b4 d2d4 g7g6 f2f3 g6g5 h2h3 e7e5 b1d2 a7a6
2725,d2d4 g7g6 a2a4 c7c5 d4c5 d7d5 b1d2 f8g7 g1h3 d8d7 h1g1 g6g5
2726,b2b3 d7d5 b3b4 c8g4 f2f3 f7f5 e2e4 e8f7 d2d4 h7h5 b1c3 d8d7
2727,b2b4 b7b6 e2e4 c8a6 d2d4 g7g6 b4b5 a6b5 c2c3 c7c6 c1a3 f7f5
2728,h2h4 g7g5 b2b4 g5h4 a2a4 d7d5 h1h3 b8d7 c2c4 h7h6 g2g4 d7b8
2729,b2b4 a7a5 d2d4 b8c6 c2c4 g8h6 d1b3 f7f6 e1d2 d7d6 f2f4 b7b5
2730,b2b3 d7d5 e2e3 a7a6 d2d4 c7c6 f1a6 b7a6 f2f4 d8b6 g1f3 a8a7
2731,b1c3 e7e5 c3b1 b8c6 d2d4 c6d4 b2b3 f7f6 h2h3 a8b8 c1a3 d4c2
2732,b2b3 a7a5 d2d4 b8c6 e2e4 a8a7 c1a3 c6d4 f2f4 e7e6 c2c3 g8f6
2733,h2h4 d7d6 b1a3 g8h6 f2f4 c7c5 g2g3 g7g5 a3c4 e7e6 c4b6 b8a6
2734,d2d4 h7h5 b1d2 d7d5 a1b1 b8d7 a2a3 a7a6 e2e4 a8a7 h2h4 e7e5
2735,d2d4 h7h5 a2a4 d7d5 f2f3 b8d7 b2b4 a7a6 b1c3 f7f6 c3e4 h5h4
2736,d2d4 h7h5 b1a3 d7d5 h2h4 b8d7 a3b5 d7e5 f2f4 a8b8 b5d6 d8d6
2737,d2d4 g7g6 b1d2 f7f5 a2a4 e7e5 d4e5 d8f6 c2c4 f6e5 c4c5 f8g7
2738,d2d4 e7e6 c1g5 d8f6 e1d2 f8b4 d2e3 d7d5 h2h4 f6e7 g2g3 b4c5
2739,a2a4 d7d5 b1c3 d8d7 a1a2 b7b6 c3d5 d7d5 e2e3 f7f6 f1d3 d5d7
2740,a2a4 d7d5 b1c3 a7a5 e2e3 c8h3 c3d5 e8d7 a1a2 b7b5 a4b5 d7e6
2741,g2g3 g7g6 f2f4 d7d6 b1c3 g6g5 c3b1 b7b5 d2d3 b8a6 b2b4 h7h6
2742,h2h3 b7b6 f2f3 d7d5 a2a3 e8d7 c2c3 e7e6 d2d4 f7f5 h1h2 f8b4
2743,d2d4 f7f5 b2b3 b8a6 f2f4 g7g6 e1f2 e7e6 c2c3 a8b8 a2a4 g8f6
2744,a2a4 d7d5 b1c3 e7e5 f2f4 e8e7 c3d5 e7e8 a1a2 f7f5 e2e3 h7h5
2745,b2b4 d7d5 d2d3 a7a5 b1c3 g8f6 d1d2 a5b4 e1d1 f6h5 c3e4 a8a7
2746,a2a4 e7e6 h2h4 d7d6 b2b3 d8h4 b3b4 f7f6 h1h4 b7b6 d2d3 d6d5
2747,f2f3 b7b6 d2d4 b8c6 e1d2 f7f5 b2b3 a8b8 e2e4 c6d4 h2h3 e7e5
2748,h2h3 g7g5 b1c3 h7h5 f2f3 g5g4 a2a4 b7b6 d2d3 g4f3 g2f3 d7d5
2749,a2a4 d7d5 b1c3 a7a5 a1a2 h7h5 c3d5 h8h7 e2e3 d8d5 f1c4 d5d7
2750,b2b3 d7d5 e2e3 e8d7 f1d3 d5d4 e3e4 b8c6 d3a6 c6e5 f2f3 c7c5
2751,b1c3 e7e5 h2h3 e8e7 g1f3 a7a5 d2d4 b8c6 h1h2 e7e6 c1h6 c6a7
2752,g2g4 b7b5 d2d3 a7a5 e1d2 d7d5 b2b4 d5d4 e2e4 g7g6 b4a5 f8h6
2753,d2d4 f7f5 c2c4 h7h5 e2e3 g7g6 d1h5 h8h7 h5g6 h7f7 g2g3 b7b6
2754,a2a4 d7d5 b1c3 c8g4 a1a2 f7f5 b2b4 h7h6 c3d5 c7c6 a4a5 c6d5
2755,h2h4 d7d6 a2a4 b7b6 b2b4 c8d7 d2d4 h7h6 g2g4 g7g5 f1h3 b8c6
2756,b1c3 e7e5 c3d5 a7a5 b2b4 b8c6 e2e3 g7g5 e3e4 c6d4 b4a5 f8a3
2757,b2b3 d7d5 e2e3 b8d7 d2d4 a7a6 f1c4 a8a7 c1d2 g8h6 c2c3 h6g4
2758,b1c3 d7d5 c3d5 h7h5 d5f4 b7b6 a1b1 h8h7 d2d3 d8d3 f4d5 d3c3
2759,a2a4 f7f6 b2b3 h7h6 d2d4 d7d6 e1d2 b7b5 e2e3 h8h7 a4a5 c7c6
2760,b2b3 d7d6 d2d4 c7c5 h2h3 g7g6 b1c3 c8f5 f2f3 h7h5 a2a4 d8b6
2761,g2g4 b7b5 d2d3 d7d6 b1a3 b5b4 c1h6 e8d7 d1d2 b8a6 d2d1 b4b3
2762,a2a4 g8h6 g1f3 a7a5 e2e3 h8g8 e1e2 a8a7 b1a3 h6f5 d2d3 d7d5
2763,c2c4 d7d6 b1c3 b7b5 e2e3 f7f6 e1e2 c7c5 g1f3 g7g6 e3e4 d8c7
2764,c2c3 a7a6 g2g4 g7g5 e2e4 d7d6 f1b5 c7c6 h2h4 g5h4 d1c2 e8d7
2765,d2d4 f7f5 f2f4 g7g6 e2e3 e7e6 d4d5 e6d5 e1d2 d7d6 f1d3 g6g5
2766,a2a4 d7d5 f2f3 a7a5 b1a3 e7e5 d2d3 e8e7 g1h3 b8c6 d1d2 d5d4
2767,h2h3 h7h6 d2d4 b8a6 c1h6 d7d5 h6g7 h8h5 e1d2 g8f6 f2f3 b7b5
2768,d2d4 f7f5 b2b3 e7e6 e1d2 f8b4 c2c3 d8e7 f2f4 g7g6 c3b4 b7b5
2769,a2a4 h7h5 d2d4 d7d5 b1c3 b8a6 d1d2 f7f5 a1a2 e7e5 e2e3 d8h4
2770,h2h4 h7h5 d2d4 g7g5 c1g5 d7d6 b2b3 c7c5 g5e7 h8h6 e7d8 b8a6
2771,h2h4 d7d6 b1a3 g7g5 g2g3 e7e5 h1h3 c8h3 d2d3 a7a6 a1b1 h3f5
2772,a2a4 f7f6 b2b4 h7h6 d2d4 d7d5 g2g4 b7b5 a4a5 b8d7 f1g2 f6f5
2773,e2e3 c7c5 e3e4 d7d6 b1c3 g7g6 a1b1 e8d7 b1a1 c5c4 f2f4 g8f6
2774,b2b3 d7d5 e2e3 c7c6 c2c4 h7h6 b3b4 f7f6 g2g4 d8a5 d1b3 c6c5
2775,b2b3 h7h5 e2e3 b7b6 d2d4 d7d5 e3e4 g8h6 h2h4 h8g8 e1d2 c8e6
2776,b2b3 c7c6 e2e3 b7b6 f2f4 a7a5 d2d4 h7h5 d1d2 e7e5 c2c3 g8f6
2777,h2h3 d7d6 b1a3 e7e6 d2d4 h7h5 b2b3 f7f5 a3b1 a7a6 f2f4 h8h7
2778,g2g3 f7f5 a2a4 b7b6 h2h4 c8a6 b1a3 g7g6 d2d3 h7h5 a4a5 c7c6
2779,g2g3 f7f5 c2c4 g7g6 d2d3 b8a6 e2e3 a6b4 g3g4 a8b8 f2f3 b4d3
2780,f2f3 e7e6 a2a4 f8c5 b2b4 c5e3 a4a5 e6e5 b4b5 e8e7 b5b6 e3d2
2781,g2g3 f7f5 a2a4 b7b6 h2h3 g7g6 d2d4 e7e6 a1a2 d8h4 b1d2 c7c6
2782,b2b3 h7h5 g2g4 d7d5 b3b4 b8a6 d2d4 a6b4 g4h5 b7b5 b1c3 f7f5
2783,a2a3 c7c6 h2h4 f7f5 b2b4 d7d6 c2c3 d6d5 d1c2 h7h6 f2f4 b8a6
2784,h2h4 h7h5 b2b4 b7b6 d2d4 d7d5 f2f4 d8d7 e2e4 e7e6 b4b5 f8c5
2785,c2c4 b7b5 d1b3 e7e5 g1f3 b5c4 e2e4 f7f5 b3a3 h7h5 d2d3 d8e7
2786,g1h3 h7h5 d2d4 f7f5 e2e3 h8h7 b2b3 e7e6 c2c3 a7a5 c1b2 f8c5
2787,a2a3 d7d5 d2d3 d8d7 d3d4 a7a6 f2f3 b7b5 d1d3 e7e6 c2c4 f8a3
2788,a2a4 a7a5 d2d4 h7h5 f2f3 f7f5 h2h3 b8c6 h1h2 a8a7 d4d5 h8h7
2789,a2a4 f7f6 f2f3 d7d5 b2b4 e8d7 b1c3 e7e5 d2d3 f8d6 e1d2 h7h5
2790,a2a4 f7f6 b2b4 c7c6 g2g4 h7h6 d2d3 b7b6 a1a3 f6f5 b4b5 d7d5
2791,a2a3 d7d6 h2h3 d8d7 g2g4 h7h6 d2d4 h6h5 f2f4 f7f6 f1g2 c7c5
2792,b2b3 c7c5 b3b4 d8b6 b4b5 d7d5 d2d4 e8d7 b1c3 g7g6 f2f3 d7e8
2793,f2f3 e7e6 a2a4 g8f6 g2g4 a7a5 d2d3 b8c6 e1d2 e8e7 g4g5 h7h5
2794,b2b3 c7c5 b3b4 d8c7 f2f3 e7e6 b1c3 b8c6 b4c5 b7b6 h2h3 c7g3
2795,f2f3 h7h6 e2e3 d7d6 f1c4 f7f5 h2h3 b8a6 d2d4 h6h5 e1d2 b7b5
2796,a2a3 e7e6 b2b4 b7b6 c2c3 a7a5 h2h4 b6b5 g1h3 e8e7 h1g1 c8a6
2797,g1f3 h7h5 f3g1 b7b5 d2d3 a7a5 b1a3 d7d5 f2f3 e8d7 c2c4 e7e6
2798,b1c3 e7e5 c3d5 f8c5 e2e3 c7c6 a1b1 g7g6 b2b4 c5e3 f2e3 c6d5
2799,f2f4 b8a6 a2a4 f7f5 e2e3 a6b8 g2g4 f5g4 b1a3 e7e6 g1f3 g8f6
2800,b1c3 h7h5 a2a4 d7d5 f2f4 b7b6 g2g3 c7c5 c3b5 d8d7 b2b4 c5b4
2801,b2b3 h7h5 h2h4 a7a6 b3b4 d7d5 e2e4 c8d7 d2d4 c7c6 g2g4 d7f5
2802,b1c3 a7a5 a2a4 h7h5 c3d5 h8h6 e2e3 h5h4 g1f3 b7b5 a4b5 g8f6
2803,a2a3 g7g6 a3a4 c7c5 b1c3 b8a6 g1h3 e7e5 h1g1 a8b8 c3b5 e5e4
2804,d2d4 f7f6 e1d2 e7e6 f2f4 g7g5 b2b3 f8b4 c2c3 f6f5 h2h3 d8f6
2805,b1a3 d7d5 h2h4 e8d7 a3b5 a7a5 f2f4 e7e6 b5d4 f7f5 e1f2 a8a7
2806,b2b4 a7a6 e2e4 d7d5 e4d5 f7f6 b4b5 c7c5 b5a6 d8d5 f1e2 h7h5
2807,c2c3 c7c5 b2b3 d7d6 b3b4 e8d7 d2d4 b7b5 a2a4 d6d5 d4c5 d8a5
2808,c2c4 f7f6 g2g4 d7d5 b2b4 c8g4 c4c5 h7h6 d2d4 d8d7 h2h4 g4f5
2809,g2g3 a7a5 d2d3 b7b5 c2c4 g8h6 c4b5 h8g8 g3g4 g7g6 d1d2 h6f5
2810,b2b3 d7d6 d2d4 c7c5 f2f4 g7g6 h2h3 h7h6 c1a3 c8h3 d1c1 h3g2
2811,d2d4 d7d5 e1d2 a7a6 e2e4 d5e4 b2b3 b8d7 f1a6 b7a6 d1e2 f7f6
2812,b2b3 g7g5 b3b4 d7d6 c1b2 c8g4 d2d4 c7c5 a2a4 g4f3 b1a3 c5c4
2813,a2a3 d7d6 b2b4 e7e6 a3a4 d6d5 a1a2 a7a6 g1f3 f8e7 h2h3 d5d4
2814,b2b3 h7h5 d2d4 d7d5 e1d2 g7g5 e2e3 c8f5 b3b4 f5e4 c2c3 b7b6
2815,e2e3 c7c5 h2h3 g7g6 g2g3 b7b5 d2d3 d7d6 e3e4 f7f5 e1d2 f5e4
2816,a2a3 f7f6 b1c3 h7h6 g2g4 b8c6 a3a4 c6b8 c3d5 f6f5 h2h3 b7b6
2817,g2g4 a7a6 d2d3 f7f5 c1g5 f5f4 f2f3 d7d5 b1a3 d8d6 a3b5 b8d7
2818,b2b3 d7d6 d2d4 g8h6 g2g3 c7c5 h2h4 g7g6 d1d2 g6g5 f2f3 c5d4
2819,b2b4 a7a5 b4a5 h7h5 h2h4 d7d5 d2d4 e7e5 g2g4 f7f5 c2c3 b7b5
2820,g2g3 a7a5 c2c4 g8f6 h2h4 g7g6 d2d4 h7h5 b2b4 b7b5 g1f3 a5b4
2821,c2c4 d7d5 g2g3 f7f6 c4c5 h7h6 d2d4 b8d7 f1h3 d7c5 g3g4 c5d3
2822,b1a3 c7c5 f2f4 e7e6 b2b4 c5b4 g2g3 a7a5 e2e4 b4b3 f4f5 b3a2
2823,c2c3 g7g6 c3c4 d7d6 b2b3 b8a6 e2e3 c7c5 d1c2 a8b8 d2d4 g8f6
2824,f2f4 a7a6 d2d4 d7d5 e2e4 c7c5 a2a3 d5e4 a3a4 g7g6 d4d5 b7b5
2825,g2g3 f7f5 b2b4 e7e5 f2f4 d7d5 c2c4 b7b5 c4d5 c8e6 b1a3 g7g6
2826,a2a3 f7f5 h2h3 f5f4 f2f3 e7e6 d2d3 b8a6 h1h2 e8e7 e1d2 d8e8
2827,h2h4 d7d6 f2f4 g7g5 e1f2 b7b5 e2e4 c8f5 b1c3 f8h6 e4e5 f5d3
2828,h2h3 e7e6 b2b3 a7a6 c2c3 d8h4 e2e4 g8f6 g2g3 h4h3 f1d3 f8b4
2829,c2c3 g7g5 b2b4 d7d6 b1a3 c8d7 d1b3 e7e5 a3c2 d7b5 f2f4 a7a5
2830,a2a3 e7e6 b2b4 f7f6 h2h4 b7b6 h1h2 f6f5 g1f3 d8h4 h2h3 f5f4
2831,b2b3 h7h5 d2d4 a7a6 d4d5 h8h7 b3b4 d7d6 f2f4 b8d7 c2c3 c7c5
2832,g2g3 f7f5 b1a3 d7d5 a1b1 e7e6 c2c4 a7a6 d2d3 h7h6 c4d5 e6d5
2833,d2d4 d7d5 e2e4 f7f6 b2b3 a7a6 e1d2 a8a7 f2f3 h7h6 d2e3 c8e6
2834,b2b4 e7e6 f2f4 g8f6 c2c4 b7b6 g2g3 f6e4 h2h4 h8g8 d2d3 d7d6
2835,c2c4 d7d5 c4c5 a7a5 d2d4 g8f6 g2g3 b8c6 g3g4 c8g4 g1h3 h7h6
2836,f2f4 h7h6 c2c4 a7a5 g2g3 h6h5 f4f5 g8f6 d1c2 b7b5 f1g2 h8h6
2837,g2g3 b7b5 d2d3 a7a5 b1a3 g8f6 g1h3 h7h5 g3g4 h8h6 e1d2 a8a6
2838,b2b3 h7h5 d2d4 h8h7 f2f4 b7b5 b1c3 c7c6 a2a3 b8a6 g1h3 g7g5
2839,a2a4 d7d5 b2b4 g8h6 d2d4 a7a6 b4b5 h6g8 e2e4 f7f6 e1e2 c7c6
2840,a2a4 f7f6 f2f4 h7h6 b2b4 d7d6 d2d4 c8d7 e1f2 b7b6 h2h3 g7g5
2841,g1h3 c7c5 h1g1 f7f6 d2d3 f6f5 b1a3 d8c7 f2f3 b7b6 a1b1 c5c4
2842,b2b3 c7c5 b3b4 g7g6 g2g3 d7d6 g3g4 e8d7 h2h3 d8b6 d2d3 d7e6
2843,a2a4 g8h6 g2g3 d7d5 c2c4 f7f6 a1a2 d5d4 d2d3 h8g8 b2b4 h6g4
2844,b2b4 b7b5 e2e3 b8c6 d2d4 c6d4 e3d4 g8f6 g1e2 e7e5 c1g5 h8g8
2845,a2a4 a7a5 e2e3 d7d6 f2f4 b7b5 c2c4 b5a4 b2b3 d6d5 d1h5 c8d7
2846,h2h4 b7b6 b2b3 d7d5 f2f4 f7f5 e2e4 e7e6 g2g3 d8g5 f1a6 c7c6
2847,h2h3 h7h5 f2f3 d7d6 d2d4 f7f6 b1d2 e8d7 d4d5 d8e8 h1h2 h8h7
2848,h2h4 f7f6 b1a3 b8a6 d2d4 d7d6 a1b1 e7e6 h1h3 f6f5 g2g4 a6b4
2849,b2b3 b8a6 b3b4 a8b8 b4b5 a6b4 d2d4 e7e6 h2h3 b4c2 e1d2 d8e7
2850,h2h4 d7d6 g2g4 g7g5 d2d4 a7a6 b1d2 c7c5 a1b1 d8a5 g1f3 c5c4
2851,h2h3 a7a6 f2f3 h7h6 c2c3 f7f6 e1f2 d7d6 d2d3 d8d7 c1h6 b8c6
2852,c2c4 d7d6 d1c2 b8a6 b2b3 f7f6 d2d4 h7h6 e2e3 b7b5 h2h3 e8f7
2853,b2b3 c7c5 d2d3 c5c4 d3d4 g7g6 e2e3 f8g7 e1d2 e8f8 f2f3 g8f6
2854,b2b3 d7d5 e2e3 c7c6 c2c4 e8d7 d2d3 g7g6 g2g4 f8g7 f2f3 g7e5
2855,h2h3 h7h5 e2e4 h8h7 g2g4 h7h6 e1e2 d7d6 a2a4 d8d7 a4a5 h5h4
2856,a2a4 g8h6 h2h4 d7d6 d2d4 f7f5 b1c3 b8c6 c3b5 c6e5 d4e5 d6d5
2857,f2f3 d7d6 h2h3 g8h6 d2d3 f7f6 e1d2 e8d7 d2e3 b8c6 c2c4 h6g4
2858,d2d4 b8a6 b2b3 b7b5 c1h6 d7d6 g2g3 c7c6 h6g7 f8g7 h2h3 h7h6
2859,b1c3 h7h5 c3e4 f7f5 a1b1 e7e5 c2c4 e8e7 e4d6 c7d6 h2h4 b8c6
2860,c2c4 d7d6 g2g4 c8g4 f2f4 h7h6 d2d4 b8c6 h2h4 g4h3 c1e3 h3g2
2861,b2b3 d7d6 g1f3 c7c5 e2e4 g7g5 d2d4 c5d4 c1g5 e7e6 f3d4 e6e5
2862,e2e4 c7c5 d2d3 d7d5 f2f3 c8h3 e4d5 g8h6 g1h3 b8d7 c2c4 h8g8
2863,f2f3 g7g5 e2e3 g5g4 h2h3 d7d6 f3f4 f7f6 e1e2 h7h5 g1f3 c7c5
2864,f2f4 g8f6 h2h4 b8a6 e2e4 a8b8 e1e2 e7e6 h1h2 g7g6 b1c3 e8e7
2865,c2c4 e7e6 d1b3 e6e5 f2f4 f7f6 d2d4 b8c6 e1d1 a8b8 f4e5 e8f7
2866,d2d4 f7f6 e1d2 e7e5 e2e4 f6f5 b2b3 f8c5 f2f3 c5a3 d4d5 c7c6
2867,b2b3 b8c6 e2e4 a7a5 c2c4 g8f6 d1c2 a8a7 c4c5 e7e5 c2b2 c6d4
2868,c2c4 f7f6 g2g4 g7g5 d2d3 h7h6 c4c5 d7d6 b1c3 b8d7 c3d5 f6f5
2869,d2d3 g7g5 f2f3 f8g7 h2h3 f7f5 c2c4 h7h5 b1c3 b8a6 c3e4 a8b8
2870,h2h4 g7g5 g1f3 g5h4 g2g3 e7e5 h1h4 d7d6 c2c4 f7f6 d1c2 b7b5
2871,a2a4 f7f6 e2e3 d7d5 d2d3 g7g6 a4a5 c7c5 g1e2 d5d4 b1d2 e8d7
2872,g1h3 g7g6 b2b4 c7c6 e2e4 d7d5 e4d5 c6d5 f2f3 c8h3 c2c4 e8d7
2873,c2c4 d7d6 e2e3 c7c5 g2g3 g7g5 h2h3 d8b6 d2d3 f8g7 e1e2 g7b2
2874,h2h4 g7g5 d2d4 c7c5 c1g5 e7e5 b2b3 d8b6 h4h5 c5d4 c2c4 f7f6
2875,g1h3 g7g6 h3g1 e7e5 f2f4 g6g5 f4g5 h7h5 c2c3 f8d6 d2d3 d8f6
2876,b2b4 a7a5 d2d4 f7f6 e2e4 d7d6 c1h6 c7c5 b4a5 b7b5 h6g7 b8d7
2877,f2f4 b7b6 c2c3 b6b5 a2a3 a7a5 d2d4 b8a6 h2h3 a5a4 b2b4 a8b8
2878,c2c4 d7d6 d1b3 f7f6 g2g4 h7h6 a2a3 c7c5 e1d1 b8c6 f1g2 e8f7
2879,b2b3 c7c5 d2d4 d7d6 d1d2 c5c4 e2e4 d8b6 g1e2 b6d8 c2c3 e8d7
2880,a2a4 b7b6 h2h4 d7d5 c2c4 e7e5 h1h2 e8d7 g1f3 f7f5 b1c3 d5c4
2881,b2b3 a7a6 e2e3 a8a7 b3b4 d7d5 f1c4 a6a5 d2d4 a7a6 c1d2 c8g4
2882,d2d4 b8a6 b1d2 a8b8 h2h4 g7g6 e2e4 g8f6 g1e2 c7c5 h1h3 f6h5
2883,h2h4 g7g5 d2d4 c7c5 c1g5 d7d6 a2a4 e7e6 g5h6 f7f6 b1a3 e6e5
2884,g1h3 d7d5 d2d3 b8d7 b1a3 a8b8 c2c4 d7e5 a1b1 e5d7 a3b5 a7a5
2885,d2d4 b8a6 c2c4 a6b4 h2h4 h7h5 h1h2 a7a6 d1b3 b7b5 c4b5 d7d6
2886,a2a4 f7f6 e2e3 d7d5 a1a2 c7c5 a4a5 c5c4 b1c3 g7g6 a2a3 f8g7
2887,d2d4 h7h5 a2a4 b7b6 c1g5 d7d5 b1c3 f7f5 f2f3 c7c6 e1f2 d8c7
2888,c2c4 b7b6 b1a3 d7d5 a3b5 c8g4 e2e4 h7h6 b5d6 e7d6 a1b1 e8e7
2889,g1h3 g7g6 a2a4 h7h5 b1c3 c7c5 e2e4 h8h7 e4e5 f8g7 f2f3 e8f8
2890,g1h3 g7g6 b2b4 g8h6 d2d4 c7c5 a2a4 c5c4 e2e4 h6g8 e4e5 d7d5
2891,g2g4 a7a5 f1h3 d7d5 d2d4 b7b5 g4g5 g8f6 g5f6 a5a4 h3f5 c7c5
2892,h2h4 f7f6 b2b4 c7c6 f2f4 h7h6 h1h3 a7a6 d2d3 d7d5 h3e3 e7e6
2893,h2h4 g7g5 d2d4 d7d5 c1f4 a7a6 g2g3 b7b5 c2c3 g5f4 b1a3 c7c6
2894,g1h3 g7g6 h3g5 c7c5 g2g4 d8b6 h2h4 e8d8 d2d4 c5d4 b1d2 f7f5
2895,e2e4 e7e6 e1e2 a7a6 c2c4 g7g6 g1f3 f7f6 b1c3 d7d5 g2g3 d8d6
2896,a2a4 b7b6 d2d4 f7f5 b1d2 e7e5 e2e3 d7d5 f1a6 d8d7 e1e2 e5d4
2897,b1c3 h7h5 e2e3 h8h7 c3e4 a7a5 d2d3 e7e6 a2a3 f8a3 c2c4 d8f6
2898,f2f3 g7g6 g1h3 f7f5 b1a3 b7b5 d2d3 f8h6 g2g4 d7d6 g4f5 c8a6
2899,h2h4 f7f6 d2d3 d7d6 c1e3 g8h6 e3a7 f6f5 a7c5 h6g8 a2a4 d6c5
2900,d2d4 d7d5 b1d2 c7c5 a2a3 c5c4 d2e4 f7f6 e4d6 d8d6 f2f3 c8f5
2901,g2g4 e7e6 c2c4 g7g6 d2d3 h7h6 g4g5 a7a5 e1d2 h6g5 g1h3 f8h6
2902,d2d4 e7e6 b1d2 a7a5 a2a4 a8a7 e2e3 b8a6 f1c4 g8f6 c4e2 f8a3
2903,h2h4 g7g5 h4h5 e7e5 h1h2 d7d5 d2d3 b8d7 e1d2 f8e7 b1a3 a8b8
2904,c2c4 b8c6 g2g3 a7a5 d2d4 h7h6 h2h4 f7f6 c1g5 c6a7 g3g4 a7c6
2905,h2h4 c7c5 b2b4 d8b6 h1h2 e8d8 d2d3 f7f5 a2a4 d7d5 b1a3 c5b4
2906,c2c3 f7f5 c3c4 g7g6 d1c2 b8c6 c2f5 c6e5 f5d7 d8d7 f2f3 a8b8
2907,a2a4 b7b6 b1c3 d7d5 a1a2 d8d7 c3d5 d7d5 e2e3 d5d2 d1d2 c7c5
2908,g1h3 g7g6 e2e4 c7c5 g2g4 d7d6 f2f3 e8d7 f1b5 d7e6 h3g5 e6e5
2909,b2b3 d7d5 e2e3 c8g4 d2d3 h7h6 h2h3 g4h5 d3d4 h5f3 e1d2 g8f6
2910,b1c3 c7c6 c3b5 c6b5 h2h4 g7g5 d2d3 g5h4 g2g3 h4g3 h1h3 d7d5
2911,h2h4 g7g5 b2b4 d7d5 h4g5 b8a6 d2d4 c7c6 c2c3 b7b5 g2g3 h7h5
2912,g2g3 a7a5 h2h4 b8a6 a2a4 d7d6 d2d3 h7h5 g3g4 d6d5 d3d4 f7f5
2913,c2c4 b7b5 d1b3 b8c6 d2d4 a8b8 e1d2 f7f5 c4b5 c6e5 f2f4 d7d6
2914,b2b3 d7d5 e2e3 c7c6 d2d3 c6c5 d3d4 c5c4 c2c3 g8f6 f1c4 e8d7
2915,g1h3 g7g6 h3g1 c7c5 g2g4 d7d6 d2d3 e8d7 f2f3 b8a6 a2a3 f7f6
2916,c2c3 h7h5 f2f4 c7c5 b2b4 h8h6 g2g3 h6c6 e1f2 g7g6 b4c5 d7d6
2917,f2f4 g8h6 h2h4 c7c5 h1h3 h8g8 d2d4 c5c4 d1d2 d7d5 h3f3 d8d7
2918,d2d4 b8a6 c2c4 a6b4 a2a4 b4d5 c1g5 h7h5 a4a5 a8b8 h2h4 c7c6
2919,d2d4 g7g6 b2b4 b8a6 e2e4 d7d6 c1h6 e8d7 g2g4 f8h6 f1a6 c7c5
2920,g1h3 g7g6 h3f4 b7b5 b2b4 d7d6 f4d5 b8a6 e2e4 h7h5 d2d3 e8d7
2921,b2b4 b7b6 d2d4 e7e6 c1a3 d7d5 c2c3 e8d7 a3b2 d8h4 d1c1 f8c5
2922,c2c3 c7c5 b2b4 e7e6 a2a3 d8f6 d2d3 b8c6 e1d2 b7b6 g2g3 f6f3
2923,d2d4 c7c6 e1d2 d7d5 g1f3 g7g5 g2g3 h7h5 c2c4 b7b5 h1g1 f7f6
2924,c2c3 g7g6 c3c4 b7b5 g2g4 a7a5 d2d3 d7d6 c4b5 h7h6 h2h4 a8a6
2925,c2c4 b7b5 b2b3 f7f5 d1c2 g7g6 h2h4 c8b7 c4b5 c7c5 b5c6 b7c6
2926,a2a3 g7g6 d2d4 c7c5 f2f3 c5c4 h2h3 g6g5 c1d2 f8h6 d2g5 h6g5
2927,g1h3 g7g6 h3g1 c7c5 g2g4 d7d6 d2d3 f8h6 a2a4 c8g4 b2b3 g4f3
2928,g2g4 d7d5 c2c4 f7f6 c4c5 h7h5 d2d3 b8a6 g1h3 a6c5 f1g2 c8g4
2929,g1h3 h7h5 d2d3 g7g5 e2e3 d7d6 d1h5 b8a6 b1d2 g5g4 f1e2 e8d7
2930,b2b4 b7b5 a2a4 h7h5 a4a5 d7d5 d2d4 e7e5 c2c4 e8e7 c4c5 b8c6
2931,h2h3 b7b6 h3h4 h7h5 d2d3 d7d5 c2c4 e8d7 c4c5 b8c6 d3d4 b6c5
2932,f2f4 b7b5 d2d4 a7a5 a2a4 d7d5 a4b5 a8a6 c1e3 e7e5 d4e5 e8e7
2933,g1h3 e7e5 b2b4 b7b6 c1b2 d7d5 b2e5 c8d7 b1c3 c7c6 g2g3 d7h3
2934,a2a3 e7e6 b2b4 b7b6 e2e3 d7d6 a3a4 c7c5 g1f3 c8a6 d2d4 a6f1
2935,c2c4 a7a6 g2g3 g7g5 d2d3 d7d6 g1h3 f7f6 h3g5 e8d7 g5e4 b8c6
2936,g1h3 g7g6 h3g1 b7b5 a2a4 b5b4 d2d4 d7d5 b1c3 h7h6 h2h4 c8f5
2937,b1c3 a7a5 a2a4 g8h6 c3a2 d7d5 h2h3 b8d7 h3h4 h8g8 d2d4 d7b6
2938,f2f3 e7e6 h2h3 e8e7 b1c3 h7h6 a2a4 a7a5 d2d3 a8a7 c3b1 a7a6
2939,b2b4 b8c6 b4b5 c6e5 g2g4 d7d5 e2e4 e5d7 f2f4 h7h5 d2d4 d7e5
2940,c2c4 b7b5 d1c2 g7g6 b2b3 d7d6 g2g3 f7f5 h2h3 f8h6 d2d3 f5f4
2941,d2d4 e7e6 e2e4 b8a6 f2f4 c7c5 b2b3 g8f6 d4c5 b7b5 e1d2 d7d6
2942,d2d4 h7h5 e2e3 d7d5 f1e2 b8d7 b1d2 e7e5 d4e5 d7b8 d2c4 d5d4
2943,c2c3 g7g5 c3c4 c7c5 d2d4 b7b5 b2b4 h7h6 b1d2 c5b4 e2e4 d7d6
2944,a2a4 f7f6 b1c3 e7e5 g1f3 d8e7 b2b4 b8a6 b4b5 d7d5 f3e5 d5d4
2945,c2c4 b7b5 b1c3 e7e5 d1b3 f7f5 d2d4 b8a6 e2e3 c7c6 g1f3 b5c4
2946,b1c3 a7a5 h2h3 b8c6 a2a4 e7e6 e2e4 c6d4 f1c4 c7c5 h1h2 h7h5
2947,c2c3 g7g6 c3c4 d7d6 e2e3 c7c5 f2f3 f8g7 d1c2 b8c6 c2e4 c6b8
2948,a2a4 f7f6 b2b4 h7h6 g2g4 h8h7 b4b5 b8c6 d2d4 c6d4 h2h4 d4f3
2949,e2e3 c7c5 g2g3 c5c4 e1e2 d7d5 f2f3 g8f6 h2h4 h8g8 d2d3 c8h3
2950,c2c4 b7b5 d1c2 g7g6 a2a3 g6g5 d2d3 d7d6 c1e3 b8c6 b1d2 a8b8
2951,h2h3 e7e6 g2g3 g7g6 d2d3 f7f5 c2c4 f5f4 e2e3 e6e5 e1e2 d7d6
2952,g1h3 c7c5 d2d3 g7g6 f2f3 b8c6 a2a3 a8b8 h3g5 f8h6 c1e3 c5c4
2953,b2b3 g7g5 e2e3 d7d6 b3b4 g5g4 c2c4 b7b5 d1c2 e8d7 c2e4 f8g7
2954,g1h3 b7b6 d2d4 h7h5 c1e3 g7g6 b2b3 f7f5 f2f3 d7d5 d1d2 c7c6
2955,b1c3 h7h6 h2h3 e7e5 f2f3 d8h4 g2g3 h4g3
2956,d2d4 d7d5 b1d2 c8g4 a1b1 a7a6 e2e4 g8f6 d1g4 e7e6 g4h5 f6e4
2957,g2g3 c7c6 c2c4 f7f6 d2d3 c6c5 g3g4 d8c7 a2a3 a7a6 d1b3 c7e5
2958,b2b3 c7c6 b3b4 f7f5 f2f4 b7b5 g2g4 f5g4 f1h3 d7d5 d2d3 b8a6
2959,a2a4 b7b6 b2b4 h7h5 d2d4 d7d5 a4a5 f7f5 e2e4 d8d7 c2c4 e8f7
2960,c2c4 g7g6 g2g3 b7b5 d2d3 d7d6 h2h4 f7f5 e1d2 f5f4 c4c5 b5b4
2961,b1c3 g8h6 c3a4 b8c6 g2g3 a7a5 e2e3 d7d6 e3e4 h8g8 h2h3 c6d4
2962,g1h3 b7b6 d2d4 c7c6 a2a3 b6b5 d4d5 c8b7 d5c6 g7g5 b1c3 h7h6
2963,g1h3 g7g6 g2g3 b7b5 d2d3 e7e5 b1a3 h7h5 f2f4 e5f4 h3f4 f8a3
2964,c2c4 d7d6 b1c3 g7g6 a1b1 b7b5 g1f3 a7a5 e2e4 h7h5 e1e2 e8d7
2965,b2b3 d7d5 a2a4 b7b6 b3b4 e7e5 a4a5 e8e7 d2d4 b6a5 d4e5 c8d7
2966,h2h4 c7c5 e2e3 c5c4 g2g3 g8h6 h1h3 d7d5 d2d3 d8d7 d1h5 c4c3
2967,c2c4 a7a5 d2d4 d7d5 f2f3 d5c4 g2g4 c7c5 d4c5 g7g5 d1d8 e8d8
2968,b2b3 a7a5 h2h4 d7d5 d2d4 e7e5 e1d2 a8a7 g2g4 f8b4 c2c3 d8e7
2969,d2d4 e7e6 c2c4 f8b4 b1c3 a7a5 h2h3 a8a6 h1h2 d8h4 d1c2 b4e7
2970,g2g4 h7h6 h2h4 f7f6 g4g5 e7e5 c2c4 e8f7 d2d3 f8c5 g5h6 b8c6
2971,b2b3 c7c5 d2d4 d7d6 g2g3 e7e6 h2h4 f7f6 d4d5 b8d7 f1g2 d7e5
2972,g1h3 h7h6 d2d4 h6h5 e2e4 h8h7 b2b3 d7d6 e4e5 d6e5 d4e5 b8a6
2973,g1h3 g7g6 h3g5 e7e5 h2h4 d7d6 g2g3 f8h6 f2f4 f7f6 d2d3 e5e4
2974,b1a3 e7e6 c2c4 h7h6 a1b1 g7g6 f2f3 f7f6 g2g3 b8a6 e2e3 c7c5
2975,g2g4 b7b5 d2d3 a7a5 e1d2 d7d5 a2a3 g7g6 c2c3 d5d4 c3c4 h7h6
2976,h2h4 g7g5 g1h3 g5h4 h1g1 c7c5 a2a4 d8c7 g2g4 b7b6 e2e4 c5c4
2977,b2b4 g8h6 b1a3 h8g8 g1h3 c7c6 f2f4 e7e6 c2c3 d7d5 a3c2 b7b6
2978,h2h4 e7e5 b2b3 e8e7 d2d3 a7a6 h1h3 e7e6 h3h2 b8c6 c2c4 e6f5
2979,c2c4 b8c6 g1h3 h7h6 c4c5 g7g5 e2e3 a8b8 f2f3 h8h7 b2b3 g8f6
2980,g2g4 h7h6 c2c4 g7g5 d2d3 b8c6 d1d2 a8b8 c4c5 g8f6 h2h4 c6a5
2981,b1c3 e7e5 c3b1 f7f6 h2h4 d7d6 b2b3 h7h5 h1h3 e8f7 d2d4 h8h7
2982,c2c4 a7a6 d2d3 h7h6 c4c5 b8c6 f2f3 f7f6 c1g5 h8h7 g5h6 e7e6
2983,g1h3 g7g6 f2f3 f7f5 d2d3 b8a6 h3g1 g8h6 c2c4 d7d6 h2h3 h6g4
2984,h2h4 c7c5 f2f3 g7g5 a2a4 d8b6 d2d3 b8a6 h4g5 g8h6 e1f2 c5c4
2985,b1c3 c7c6 d2d3 c6c5 a2a4 g7g5 g2g4 d7d6 b2b4 c5b4 c3a2 d6d5
2986,g2g4 c7c5 c2c4 b8c6 a2a4 e7e6 f1g2 a7a6 d1c2 e8e7 f2f3 a6a5
2987,g1h3 e7e6 a2a4 b7b6 h1g1 d7d5 d2d4 c8d7 a4a5 h7h5 h3g5 f8e7
2988,c2c4 d7d5 c4c5 a7a6 g2g4 b8c6 d1c2 e7e5 f1h3 e8e7 c2f5 c8f5
2989,d2d4 f7f6 b1a3 c7c6 f2f4 d7d5 h2h4 d8d6 a3b5 c6b5 a2a3 h7h5
2990,h2h4 c7c5 d2d3 g8h6 g2g4 d7d6 f1g2 h6g4 h4h5 g4f6 a2a3 d6d5
2991,h2h4 g8f6 b2b3 e7e6 c2c4 a7a6 g2g4 b8c6 f1g2 d7d5 b3b4 e8d7
2992,g1h3 e7e6 h3f4 d8g5 c2c4 g5g2 e2e3 b7b5 d1c2 f7f5 h2h4 b8a6
2993,h2h4 g7g5 b2b4 d7d6 e2e4 b7b5 f2f4 g8h6 f4g5 e8d7 e1e2 f7f5
2994,g1h3 d7d5 d2d4 a7a6 a2a3 e7e5 f2f3 f7f6 h1g1 d8e7 c1g5 e7a3
2995,b1c3 e7e5 g1h3 b8a6 a2a4 a8b8 a1a2 f7f5 f2f4 a6c5 f4e5 f8e7
2996,b2b4 b7b6 c1a3 h7h5 d2d4 g7g5 e2e4 d7d5 h2h4 d5e4 f2f4 c7c5
2997,g1h3 c7c5 d2d3 g7g5 g2g4 d8b6 h3g5 d7d6 h2h3 b6c6 a2a3 h7h5
2998,f2f4 h7h5 d2d4 a7a6 c2c3 d7d6 d1d2 f7f6 h2h3 g8h6 e1d1 h8g8
2999,d2d4 d7d5 e2e3 a7a6 a2a3 e8d7 g2g3 e7e6 h2h4 f8c5 f1d3 g8h6
3000,c2c3 d7d6 c3c4 c7c5 h2h3 h7h5 f2f3 f7f6 d2d3 h8h7 c1g5 d8c7
3001,a2a3 c7c6 d2d3 d7d5 a1a2 h7h5 d3d4 b8d7 b2b4 a7a6 c2c4 d7e5
3002,g1h3 e7e5 a2a4 d7d5 b1c3 f7f6 h1g1 c8g4 a4a5 h7h6 b2b4 c7c6
3003,a2a3 c7c6 a3a4 f7f5 g1f3 b7b6 b1c3 d7d5 b2b4 h7h5 a1a3 g8f6
3004,g1h3 d7d5 e2e4 c8h3 e4d5 c7c5 f2f3 d8b6 c2c4 e8d7 g2g3 b6f6
3005,h2h4 c7c5 d2d4 c5d4 f2f3 h7h6 d1d4 f7f6 c1g5 f6g5 h1h3 e7e5
3006,g1h3 h7h5 f2f3 g8f6 d2d3 b8a6 e2e4 a8b8 c1g5 f6h7 h1g1 d7d6
3007,g1h3 g8h6 b1a3 d7d5 e2e3 c7c5 g2g3 h8g8 d1e2 b8a6 f2f3 c8h3
3008,b2b4 d7d5 a2a3 c7c6 a3a4 c6c5 f2f3 c5b4 d2d4 d8d7 c2c4 g7g5
3009,g2g4 c7c5 f1g2 b7b5 b2b4 b8c6 c2c4 d7d6 b1c3 c8g4 d2d4 f7f6
3010,h2h4 b8a6 e2e3 a8b8 d2d4 c7c5 f1a6 g7g5 e1e2 g5h4 a2a4 g8f6
3011,c2c4 a7a6 g1h3 g7g5 d2d3 f8g7 c1g5 d7d6 e1d2 e8d7 g5e3 d8f8
3012,b1a3 e7e5 f2f4 b7b5 g2g3 e5e4 a1b1 a7a5 f4f5 f8a3 e1f2 h7h5
3013,d2d4 f7f6 b1d2 c7c6 a1b1 d8c7 c2c4 b7b5 c4b5 h7h6 d1c2 c7h2
3014,g2g4 d7d5 c2c4 h7h6 d2d4 c8g4 d1d2 a7a6 c4c5 g4h5 b2b4 b8c6
3015,d2d3 b8c6 d3d4 d7d5 f2f3 a8b8 d1d2 g8f6 b1a3 e7e6 b2b4 c6e5
3016,h2h3 g8h6 f2f3 h8g8 g2g4 h6g4 h3g4 f7f6 a2a3 h7h6 d2d4 d7d6
3017,g2g3 e7e5 f2f4 f7f5 c2c4 g7g6 f4e5 g8f6 e2e4 b7b5 f1g2 f5e4
3018,a2a4 g8h6 d2d4 f7f6 e1d2 b7b6 e2e3 e7e5 d2e2 d7d6 d1d2 e5d4
3019,b2b4 b7b5 a2a4 d7d6 f2f4 g7g5 d2d3 b8a6 a1a2 f7f5 b1a3 g8h6
3020,g1h3 g7g5 h3g5 b7b5 h2h4 a7a5 b2b3 d7d5 g2g4 a5a4 b3a4 b5a4
3021,b2b3 d7d5 e2e3 c8g4 d2d4 c7c6 c2c4 e7e5 e1d2 e8e7 d4e5 g4d1
3022,a2a4 a7a5 d2d4 a8a6 b1d2 d7d5 g2g3 c8g4 a1a3 g8f6 e2e4 e7e6
3023,f2f3 a7a6 d2d3 g8f6 h2h4 a6a5 c1h6 e7e6 h6g7 e8e7 g7f6 e7f6
3024,g1h3 b8a6 g2g3 f7f5 e2e3 g7g6 g3g4 a8b8 g4f5 e7e5 f2f3 e5e4
3025,b2b3 b8a6 c2c4 d7d6 d1c2 b7b5 e2e4 g7g5 f2f4 f8g7 a2a4 f7f5
3026,b2b3 b8a6 g1h3 a8b8 c1a3 h7h5 e2e3 g8f6 d2d3 g7g5 e3e4 f8h6
3027,g1h3 g8h6 c2c4 g7g5 c4c5 c7c6 g2g3 d8c7 d2d4 b7b5 e1d2 h6g8
3028,g1h3 g7g6 f2f3 g6g5 d2d3 g8h6 e2e3 f8g7 h3f2 b8a6 c1d2 e8f8
3029,g1h3 g7g6 f2f3 f7f5 d2d3 b8a6 g2g4 a8b8 c1h6 a6b4 g4g5 g8f6
3030,b2b3 a7a6 b3b4 d7d5 d2d3 b8d7 f2f3 a8a7 h2h4 g8f6 c2c3 e7e5
3031,h2h4 c7c5 b2b3 d7d6 d2d4 c5c4 c2c3 a7a6 c1g5 c8d7 h4h5 d6d5
3032,a2a4 e7e5 a4a5 d8e7 h2h3 d7d5 h1h2 f7f6 h3h4 e8d8 d2d3 b8c6
3033,f2f3 d7d5 g1h3 c8h3 d2d3 b8c6 d1d2 h3g2 d2g5 g2f3 a2a3 c6a5
3034,g1h3 g8h6 f2f4 b7b6 e2e4 h8g8 e1f2 a7a6 f1e2 b6b5 d1e1 b5b4
3035,c2c4 f7f6 g2g4 d7d6 d1b3 d6d5 c4c5 c8e6 b3b5 d8d7 b5d3 e8d8
3036,c2c4 d7d6 g1h3 f7f6 h1g1 c8g4 c4c5 d8d7 d2d3 b7b5 d1d2 g4e6
3037,g1h3 g8h6 b2b3 b8a6 c2c3 a8b8 f2f4 d7d5 e2e3 f7f5 d2d4 h6f7
3038,h2h4 c7c5 b2b4 d8b6 g2g4 e8d8 c2c4 b6a6 f1g2 d7d6 g2e4 f7f6
3039,g2g3 f7f5 a2a4 e7e5 f1g2 f8a3 h2h3 f5f4 b1a3 g8f6 e2e3 g7g6
3040,d2d4 d7d5 h2h4 e7e6 f2f3 e8d7 h1h2 d8e7 c2c3 c7c5 b1a3 e7d8
3041,g1h3 b7b6 c2c4 g7g6 h3g1 d7d5 c4c5 c7c6 g2g3 g8h6 b2b4 d8c7
3042,c2c4 b7b5 d1b3 a7a6 h2h4 g7g5 c4b5 c7c5 b3c2 a6b5 c2e4 d8c7
3043,a2a4 h7h5 e2e3 b7b6 a1a2 d7d5 d2d4 d8d7 e1d2 g8f6 f1b5 h8h6
3044,h2h4 d7d6 d2d4 e7e6 c2c4 e8d7 b1d2 d6d5 a1b1 f8d6 c4c5 b7b6
3045,h2h3 b7b6 f2f3 h7h5 d2d3 e7e6 c2c4 b6b5 b1c3 b5c4 d3d4 d7d6
3046,d2d4 h7h6 f2f3 b7b6 h2h3 e7e5 a2a3 f8a3 c2c3 e8e7 b1a3 d8e8
3047,g2g3 d7d5 c2c4 f7f6 c4c5 h7h6 g3g4 c8g4 d2d4 g4h3 a2a3 a7a6
3048,g1h3 b7b6 d2d4 e7e6 e2e4 d7d5 g2g4 f8c5 f1g2 c7c6 a2a3 f7f5
3049,d2d3 f7f5 c2c4 d7d6 b1a3 h7h6 d3d4 a7a6 a3b1 b8c6 h2h4 b7b5
3050,g1h3 c7c5 f2f3 d8b6 d2d3 g7g5 h3g5 f8g7 d3d4 b6b5 h2h3 c5c4
3051,h2h4 h7h5 d2d3 g7g5 b1a3 d7d5 a3b5 d5d4 f2f3 f8g7 b5d4 d8d4
3052,h2h4 g7g5 a2a3 g5h4 d2d4 h7h5 c1g5 c7c5 b1c3 c5c4 e2e4 g8f6
3053,g1h3 b7b6 d2d3 e7e6 c2c4 d7d5 c4c5 d8d7 h1g1 c7c6 f2f3 f8c5
3054,h2h3 d7d5 a2a3 f7f6 d2d4 h7h5 c1g5 d8d6 b1d2 f6g5 d2b3 d6b4
3055,a2a4 d7d5 b1c3 e7e5 f2f4 b7b6 c3d5 d8d5 e2e4 f7f6 b2b4 c8a6
3056,e2e3 b7b6 g2g4 e7e6 f2f3 f7f6 g4g5 h7h5 c2c4 h8h7 h2h3 c8a6
3057,b2b4 d7d5 d2d4 b7b6 a2a3 e7e5 b4b5 e5d4 d1d4 c8g4 c2c3 h7h5
3058,b2b3 c7c5 e2e4 d7d6 d2d4 g7g6 d4c5 e8d7 f2f3 g8f6 g2g4 e7e6
3059,b2b3 b8a6 e2e3 a8b8 d2d4 c7c5 h2h4 c5d4 g2g4 a6b4 e3d4 e7e6
3060,d2d4 h7h5 f2f3 e7e5 h2h4 f7f5 c2c4 h8h6 d1d3 d7d6 c4c5 b8c6
3061,c2c3 g7g6 c3c4 d7d6 f2f3 b7b5 e2e3 c8a6 d1c2 b5c4 e3e4 e7e5
3062,g1h3 c7c5 b1c3 g8h6 b2b4 d8b6 a2a4 c5b4 d2d3 b6b5 c1h6 b7b6
3063,a2a4 d7d5 b1c3 c8h3 g1h3 h7h5 f2f3 e7e5 d2d3 b7b6 h1g1 f8d6
3064,b2b4 d7d5 a2a3 g7g5 a1a2 c8e6 d2d4 c7c5 c1g5 c5b4 a3b4 d8d7
3065,b2b3 d7d5 e2e3 c8e6 d2d4 a7a6 e1d2 h7h5 f1d3 h5h4 b3b4 g8f6
3066,a2a4 d7d5 b2b3 h7h5 a1a2 e7e5 d2d3 e8e7 f2f4 f7f5 f4e5 h8h7
3067,g2g3 f7f6 f2f4 d7d6 b1a3 c7c5 a1b1 h7h5 a3c4 h8h7 d2d3 d8d7
3068,h2h4 g7g5 d2d4 g5h4 a2a3 d7d6 b1d2 e7e6 d4d5 f7f5 g2g4 h7h5
3069,a2a4 g8h6 b2b4 a7a5 b4b5 d7d6 c2c4 d6d5 g2g3 b7b6 c4c5 e7e6
3070,a2a4 d7d6 b1c3 f7f6 b2b4 c7c6 d2d3 g7g5 c3b5 c6c5 g1f3 e8f7
3071,d2d4 a7a6 a2a3 b7b5 b1d2 e7e5 d4e5 h7h5 h2h4 d8g5 a1b1 c8b7
3072,h2h4 c7c5 g2g3 b8a6 d2d4 d7d6 f1g2 b7b5 c2c4 f7f6 f2f3 h7h6
3073,b2b4 b7b6 a2a4 d7d5 d2d4 b8c6 c2c3 h7h6 e2e3 e8d7 d1f3 g7g5
3074,b2b3 b8c6 a2a4 b7b6 e2e3 b6b5 a4b5 h7h6 h2h4 d7d5 f1c4 c8g4
3075,b2b3 d7d6 g2g3 g7g6 d2d4 c7c5 f2f3 c5c4 d1d2 g6g5 h2h3 e7e6
3076,b2b4 b7b6 c2c3 f7f5 f2f4 d7d5 d2d4 c7c6 d1d3 d8c7 d3f3 e8d8
3077,b1c3 f7f6 e2e3 d7d5 d1f3 e8d7 a1b1 f6f5 f1b5 d7e6 c3d5 h7h5
3078,b2b3 c7c5 b3b4 g7g5 f2f4 b7b5 g2g3 d8b6 e2e4 f7f5 a2a4 d7d6
3079,a2a4 b7b6 a4a5 e7e6 a1a2 f8c5 c2c4 d7d5 c4d5 e6d5 g1f3 f7f5
3080,f2f4 b7b6 h2h4 e7e6 c2c4 d8g5 g2g3 g5g3
3081,h2h4 g7g5 d2d4 d7d6 e2e4 g5h4 e1e2 a7a6 b1c3 d6d5 c1g5 d5e4
3082,b2b3 c7c5 g2g3 f7f5 d2d4 c5c4 d1d2 g7g6 f2f4 e7e6 e1d1 d8f6
3083,c2c4 c7c5 g2g4 d7d5 g4g5 c8g4 d2d4 g7g6 d1a4 b7b5 a4a7 g4f3
3084,a2a4 d7d6 b2b4 c8g4 e2e3 e7e5 a1a2 e8e7 d2d4 b7b5 a4a5 d6d5
3085,c2c4 a7a5 f2f3 d7d6 e2e3 c8h3 b1a3 b7b6 a1b1 d6d5 d1c2 e7e5
3086,b2b4 b8c6 b4b5 a8b8 g2g3 e7e5 d2d4 c6b4 a2a4 g7g5 d4e5 b4a2
3087,b2b4 b7b6 g2g3 h7h5 c1a3 g8f6 f2f4 b8c6 f4f5 f6h7 e2e3 b6b5
3088,h2h4 c7c5 f2f3 e7e6 d2d4 f8d6 c1h6 g8h6 b2b3 e8f8 d4c5 h6g8
3089,c2c4 d7d5 c4d5 b8a6 e2e3 e8d7 g1f3 h7h6 h2h4 g7g5 h1h3 a6b8
3090,f2f3 b7b6 h2h3 b8c6 d2d4 d7d5 a2a3 e8d7 c2c3 e7e6 h3h4 d8g5
3091,b2b4 b8c6 b4b5 a8b8 d2d4 c6d4 a2a3 e7e5 d1d3 d4e6 d3c4 f8a3
3092,d2d4 e7e6 c1g5 a7a6 g5f4 c7c5 f4h6 d7d5 e1d2 g7g5 h6g7 f8g7
3093,h2h4 c7c5 f2f3 g7g5 d2d4 c5c4 d1d2 d7d5 g2g4 f8g7 b1a3 c4c3
3094,g2g4 f7f6 b2b4 d7d6 d2d3 b8a6 a2a4 h7h6 g4g5 h8h7 g5f6 g8f6
3095,c2c4 f7f6 g2g4 h7h6 d1b3 d7d5 c4c5 g7g6 d2d3 b8a6 b3b4 d8d7
3096,c2c4 b7b5 d1b3 g7g6 f2f3 b8a6 e2e3 f7f5 b3d1 a6b4 b1c3 f8g7
3097,c2c4 b7b5 d1b3 g7g6 f2f3 f7f5 d2d3 d7d6 b3b4 h7h6 h2h3 e7e5
3098,h2h3 d7d5 a2a3 h7h5 d2d4 a7a6 b1d2 g7g5 e2e4 e7e5 e1e2 h5h4
3099,c2c3 a7a5 c3c4 g8f6 d2d4 h7h6 c4c5 b7b5 b1d2 d7d6 a2a3 c8f5
3100,a2a4 f7f6 b2b4 b8a6 g2g4 d7d6 h2h3 c8f5 d2d3 f5d3 f1g2 d3e2
3101,b2b3 c7c5 d2d3 g7g5 g2g3 f8h6 h2h3 d7d6 c1f4 g5f4 b3b4 d8d7
3102,g1h3 c7c5 a2a4 g7g5 g2g3 b8c6 e2e3 e7e6 h3f4 g8f6 f1a6 c6b8
3103,h2h4 c7c6 c2c4 c6c5 d2d4 g7g6 f2f3 d7d5 d1b3 e8d7 b3d3 d5c4
3104,b2b3 c7c5 d2d4 d7d6 e1d2 g7g6 e2e3 c5d4 g1f3 h7h6 f1d3 b8c6
3105,d2d4 d7d5 a2a3 a7a6 a1a2 b8d7 h2h3 d7b6 d1d2 c8f5 g2g4 g7g5
3106,d2d4 b7b5 e2e3 a7a6 e1d2 a8a7 g1h3 c7c6 b2b4 c6c5 e3e4 b8c6
3107,d2d4 b7b6 c2c3 e7e6 d1c2 d7d5 c1g5 f8d6 a2a3 d8d7 e2e4 d5e4
3108,h2h4 c7c5 g1f3 g8h6 g2g4 h6g4 f1h3 d8c7 h3g4 e7e6 h1h3 c5c4
3109,c2c4 b7b5 d1b3 f7f5 g2g4 b8c6 d2d3 c8b7 c1e3 a8b8 c4b5 e7e5
3110,h2h4 d7d5 d2d4 b8a6 a2a3 f7f6 b1d2 f6f5 h1h3 a6b8 f2f4 e8d7
3111,b1a3 c7c5 a3b5 e7e6 g1f3 f8d6 a1b1 c5c4 g2g3 d6b4 f1h3 e8e7
3112,a2a4 d7d6 d2d4 f7f6 b1a3 a7a6 a1b1 d6d5 g1f3 d8d6 e1d2 c8h3
3113,b1a3 e7e6 c2c4 d7d5 e2e3 f7f5 a3b1 d5c4 g2g4 g7g5 f2f3 f8d6
3114,h2h3 e7e6 a2a4 d7d5 b1c3 h7h5 h1h2 h8h6 d2d4 c8d7 g2g4 g7g5
3115,d2d4 h7h5 b1d2 b8a6 e2e3 f7f5 f1c4 g7g6 h2h3 a6b8 e1e2 c7c5
3116,g1h3 b7b6 d2d3 g8h6 b1d2 c7c5 a1b1 h6f5 c2c4 d7d5 h3g5 a7a5
3117,g2g4 h7h6 h2h4 e7e5 c2c4 f7f5 d2d4 e5d4 g4g5 g7g6 a2a4 f8d6
3118,e2e3 c7c5 d2d4 c5d4 e3d4 g7g5 f2f4 g8h6 e1d2 d7d5 c2c4 d5c4
3119,g1h3 c7c5 b2b4 d8b6 b1a3 g7g5 g2g3 c5b4 e2e4 d7d5 f2f4 d5e4
3120,b2b3 d7d5 e2e3 c8g4 d2d4 c7c5 c2c4 e8d7 e1d2 g8f6 f2f3 g7g6
3121,e2e3 c7c5 d2d4 c5d4 b1c3 d4d3 b2b4 e7e5 c2d3 g7g5 g1f3 b7b5
3122,b2b4 b8a6 g2g3 d7d6 f1g2 c8e6 a2a4 e6g4 c2c3 h7h6 h2h4 g8f6
3123,b2b4 e7e5 f2f4 d7d5 c2c4 f7f5 f4e5 b7b6 g2g3 e8d7 b1c3 h7h6
3124,b2b3 d7d6 b1c3 c7c5 b3b4 c5b4 f2f3 b4b3 d2d4 g7g5 a2a3 e7e6
3125,g1h3 b7b6 d2d3 g8h6 c1e3 c7c6 c2c3 b8a6 d1c2 d8c7 f2f3 h8g8
3126,g1h3 c7c5 b2b4 d7d5 g2g3 e8d7 b1c3 b8c6 d2d3 c6e5 h3g5 g8h6
3127,g1h3 c7c5 b2b4 c5b4 c2c4 a7a6 d1a4 d8c7 h1g1 f7f6 d2d3 b4b3
3128,d2d4 d7d5 a2a3 a7a6 f2f4 b7b5 h2h4 e7e5 c2c3 e8e7 d4e5 c7c5
3129,g1h3 h7h5 d2d3 h8h6 h3f4 f7f6 h1g1 d7d5 f4h5 f6f5 f2f3 b7b6
3130,d2d4 h7h5 b1d2 d7d5 a1b1 d8d7 c2c4 h8h6 a2a3 a7a6 b2b4 g8f6
3131,h2h4 e7e6 b2b4 b7b5 d2d4 d7d6 f2f4 d6d5 e2e4 c7c5 g2g3 f8d6
3132,b2b3 c7c6 g2g4 h7h6 b3b4 f7f6 d2d3 b8a6 b4b5 d7d5 h2h4 f6f5
3133,g2g4 f7f5 b2b4 d7d5 e2e3 e8f7 f2f4 h7h6 g4f5 c7c5 b4c5 b8c6
3134,h2h4 d7d6 d2d4 e7e6 g2g4 g8h6 h4h5 h8g8 c1g5 f7f6 d4d5 b8d7
3135,b2b3 h7h5 d2d4 a7a6 e1d2 h8h6 b1c3 d7d5 f2f4 d8d7 e2e3 d7d8
3136,c2c4 d7d5 g2g3 c7c5 b2b4 d8a5 f1h3 f7f6 b4c5 b7b5 h3g4 a5a2
3137,b1c3 a7a5 c3e4 g8f6 a1b1 e7e5 e4f6 e8e7 c2c3 h8g8 b2b4 b8c6
3138,a2a4 d7d6 b1c3 f7f6 c3d5 c7c5 a1a2 h7h6 e2e3 b8a6 d2d4 e7e5
3139,b2b4 d7d5 f2f3 b8d7 c2c4 f7f6 d1b3 b7b5 b1a3 e7e5 f3f4 d7b6
3140,h2h3 d7d5 a2a3 a7a6 g2g4 d8d6 d2d4 f7f6 f1g2 c7c5 d4c5 c8g4
3141,b1a3 c7c5 b2b4 c5b4 g2g3 b4a3 a1b1 g7g5 g3g4 d7d6 c1a3 d8d7
3142,b2b3 g7g6 h2h4 b8a6 d2d4 a8b8 h1h2 d7d5 e2e3 g8h6 e1e2 c8e6
3143,g2g4 h7h6 c2c4 g7g6 b1a3 e7e6 d2d3 d7d6 g4g5 h8h7 h2h4 h6h5
3144,b1c3 f7f5 c3d5 g7g6 d5e7 h7h5 f2f4 b7b5 d2d3 g6g5 e2e3 c7c5
3145,g1h3 b7b6 g2g4 d7d5 e2e4 d5e4 f2f3 d8d3 a2a3 d3d5 a3a4 f7f6
3146,b2b4 d7d5 f2f3 b8d7 c2c4 a7a5 b4a5 d7f6 c4c5 a8b8 g2g3 e7e5
3147,h2h4 g7g5 g1f3 g5h4 b2b4 d7d5 g2g4 d8d7 f3h4 b7b5 d2d3 c7c5
3148,h2h3 d7d5 h3h4 f7f5 f2f4 e7e5 e2e4 d5e4 g2g4 g7g6 e1e2 f8c5
3149,e2e3 g8h6 d2d4 c7c5 b2b3 g7g6 e1d2 h6g8 g1e2 d7d6 f2f3 a7a6
3150,b2b4 d7d5 c2c4 f7f6 d1b3 b7b5 c4d5 a7a5 f2f3 b8a6 c1a3 e7e5
3151,b1a3 e7e6 a1b1 h7h6 c2c4 e8e7 g1h3 g7g6 g2g4 d7d5 c4c5 d8d7
3152,h2h3 d7d5 h3h4 c7c5 b1c3 c5c4 c3b5 h7h6 h1h3 h6h5 f2f4 d5d4
3153,b1c3 a7a5 b2b3 h7h5 e2e3 g8f6 f1e2 h8h6 c3e4 d7d5 e2d3 b8d7
3154,a2a4 g8h6 g1h3 b7b6 d2d4 e7e5 h3f4 f7f5 b2b4 d7d5 a4a5 e8d7
3155,f2f4 b8a6 e2e4 a8b8 d2d4 c7c5 e1d2 d7d5 f1d3 d5e4 a2a3 f7f5
3156,a2a4 a7a5 d2d4 d7d5 b2b4 f7f6 e1d2 a5b4 g1f3 d8d7 a1a2 b7b5
3157,a2a4 d7d5 b1c3 b8d7 a1a2 a7a6 c3d5 a8a7 e2e3 b7b5 f1b5 a6b5
3158,f2f3 e7e6 c2c4 g8f6 g2g4 h8g8 f1g2 h7h5 d2d3 b8c6 a2a4 f8d6
3159,b2b3 h7h5 f2f4 a7a6 h2h4 e7e6 b3b4 d8g5 h1h3 d7d6 h3h2 h8h7
3160,d2d4 c7c5 f2f3 c5c4 h2h3 d7d5 e2e4 c8g4 f1c4 b8d7 a2a3 d8a5
3161,h2h4 d7d6 g2g4 e7e6 c2c4 f7f5 f1g2 g7g6 c4c5 e8d7 h4h5 b7b6
3162,c2c4 f7f6 g2g4 d7d5 c4c5 b7b6 b1c3 d8d7 f2f4 c7c6 f1g2 d7c7
3163,d2d4 e7e6 c1g5 c7c5 h2h3 a7a6 f2f3 d7d6 a2a4 g8f6 g5f6 c5c4
3164,g1h3 c7c5 g2g3 g7g5 d2d3 d8b6 e1d2 f7f6 b2b3 h7h5 f2f3 f8g7
3165,h2h4 f7f6 g1f3 f6f5 b2b4 d7d5 e2e4 b7b6 d2d4 c7c6 f1e2 d5e4
3166,b2b4 a7a5 a2a3 b8c6 d2d3 g8h6 g1h3 a5b4 a3b4 h8g8 h1g1 c6a7
3167,e2e3 c7c5 g2g3 e7e6 h2h3 g7g6 h1h2 c5c4 d1e2 d7d6 d2d3 f8h6
3168,h2h4 d7d5 h1h3 d5d4 b1c3 f7f6 a1b1 d8d6 c3d5 h7h6 e2e4 h6h5
3169,g2g4 b7b5 a2a4 b5a4 b2b4 d7d5 a1a4 e7e5 c2c4 f7f5 f2f4 b8c6
3170,a2a4 g8h6 b2b4 d7d5 a4a5 b8a6 c2c3 h8g8 f2f3 h6f5 a1a2 f5h6
3171,g1h3 b7b6 b1a3 h7h5 a1b1 d7d5 a3b5 a7a5 d2d4 e7e5 b5d6 e8e7
3172,c2c3 g7g6 c3c4 b7b5 e2e3 f8g7 g2g3 f7f5 d2d3 g7h6 a2a4 c8b7
3173,g1h3 b7b5 b1c3 a7a5 a2a4 b5b4 h1g1 g7g6 h3g5 c8a6 h2h4 d7d5
3174,c2c4 b7b5 c4b5 g7g6 d2d4 d7d5 b5b6 c7c5 d4c5 c8h3 g2h3 e8d7
3175,b2b3 b7b5 b3b4 b8c6 a2a4 a7a5 b4a5 b5a4 h2h4 d7d6 d2d4 e7e6
3176,b2b3 e7e6 e2e3 a7a6 f1a6 d8h4 c2c4 d7d5 d1c2 g8e7 c4d5 b8d7
3177,b2b3 g7g6 b3b4 e7e5 e2e3 h7h5 f2f4 h8h6 d2d3 d7d6 f4f5 h6h7
3178,d2d3 e7e6 g2g4 b8c6 f2f4 g8f6 e2e4 e8e7 c1e3 a7a5 e3b6 h7h6
3179,g1h3 b7b6 b1a3 h7h6 a1b1 b8a6 d2d3 g7g6 d3d4 e7e6 b2b4 g6g5
3180,g1h3 d7d5 h1g1 g7g5 c2c4 d5d4 b2b4 b7b6 h3g5 d8d6 d2d3 e8d7
3181,g1h3 e7e6 b1c3 b7b6 a1b1 f8c5 c3e4 c5f2 h3f2 g8e7 e4d6 c7d6
3182,a2a4 d7d6 d2d4 f7f6 b1d2 d8d7 a4a5 c7c5 a1b1 c5c4 d2c4 d6d5
3183,g1h3 c7c5 b2b4 d8b6 b1a3 b6d6 g2g3 c5b4 a1b1 g7g6 c2c4 f7f6
3184,g1h3 e7e6 b1c3 a7a5 c3d5 e6d5 h1g1 g7g6 b2b4 f8g7 d2d4 f7f6
3185,g1h3 f7f6 e2e4 d7d6 b2b3 c7c6 f1a6 h7h5 a6c4 h8h6 c4g8 f6f5
3186,a2a4 c7c5 b2b4 c5b4 d2d4 e7e5 e1d2 e8e7 c2c3 f7f5 f2f4 b7b6
3187,b2b3 d7d5 e2e3 e7e5 e3e4 b7b6 d2d4 e8e7 f2f4 g8h6 e1f2 f7f5
3188,h2h4 f7f6 g1f3 h7h6 e2e3 d7d5 h1h3 d5d4 f1d3 h8h7 f3d4 c8h3
3189,g1h3 b7b6 b1a3 e7e6 a3c4 f7f6 a1b1 d7d5 h3g5 a7a6 c4d6 f8d6
3190,c2c4 b7b5 c4c5 g7g5 f2f3 d7d6 d2d3 c8h3 g1h3 h7h6 c5d6 g5g4
3191,c2c4 f7f6 c4c5 h7h6 g2g3 d7d6 f2f3 b7b5 f3f4 b8a6 h2h4 g7g5
3192,d2d3 b7b6 g2g4 f7f6 h2h3 e7e6 f1g2 c7c5 c1g5 h7h6 b2b3 d7d6
3193,d2d3 g8h6 d3d4 b7b6 b1a3 a7a6 a1b1 e7e6 d4d5 h8g8 a3b5 a6b5
3194,c2c4 a7a5 e2e4 g8f6 f1d3 b8c6 e1e2 f6e4 d1e1 h7h6 b2b3 a8a7
3195,h2h3 d7d5 h3h4 e7e5 c2c4 e8e7 h1h2 c8h3 f2f4 b8c6 c4c5 e5e4
3196,a2a4 b7b6 f2f3 d7d5 d2d3 e7e5 b1a3 e8e7 b2b4 c8h3 c1f4 c7c6
3197,c2c4 b7b5 c4b5 d7d5 d2d4 f7f6 c1h6 e8d7 g2g4 g7h6 d1b3 c7c5
3198,c2c4 f7f6 g2g4 d7d6 d1b3 d6d5 f1g2 e8d7 b3b4 d7e8 h2h4 d8d6
3199,g2g3 a7a5 d2d4 b8c6 c2c4 a8a7 h2h4 d7d6 c1g5 f7f6 e2e3 a7a8
3200,g1h3 d7d5 g2g3 b8d7 c2c4 a8b8 c4c5 e7e5 f2f4 d7c5 h3g1 c5b3
3201,h2h4 g8h6 g2g4 f7f6 g1f3 d7d6 f1h3 e7e5 b1a3 c8g4 a1b1 e8e7
3202,f2f4 e7e5 c2c4 g7g5 f4e5 f7f6 e2e3 c7c5 d1c2 d8c7 e1d1 e8d8
3203,g1h3 g7g6 f2f3 g6g5 d2d4 d7d5 d1d2 c7c5 d4c5 c8h3 c2c4 d8d7
3204,e2e3 c7c5 g2g3 b8c6 h2h4 g7g5 d2d4 c5d4 b1a3 g5h4 e3e4 g8f6
3205,g2g3 b7b5 f2f3 f7f5 h2h3 g7g6 d2d3 e7e5 c2c3 h7h5 e1d2 d7d6
3206,f2f3 e7e6 h2h4 b8c6 g2g4 h7h6 c2c3 f7f6 d1b3 e6e5 b3b4 c6b4
3207,b2b3 c7c5 e2e4 d7d5 e1e2 g7g5 d2d4 c8g4 e2d2 g4f3 g2f3 b8d7
3208,g2g3 b7b6 c2c4 f7f6 d2d3 e8f7 a2a3 d7d6 c4c5 e7e5 d1d2 b6c5
3209,e2e3 c7c5 e1e2 d8b6 d2d4 b6e6 e2f3 b7b6 b1c3 g7g5 a2a3 d7d6
3210,c2c4 b7b5 g2g3 g8f6 d2d3 d7d5 c4c5 b8c6 h2h4 a7a5 g3g4 a8b8
3211,c2c4 d7d5 c4c5 e8d7 g2g3 e7e6 f1g2 g8f6 g2f3 f8c5 a2a4 a7a5
3212,b2b4 a7a5 d2d4 e7e6 b4b5 a8a6 e1d2 e8e7 d2e1 f7f5 h2h4 d7d6
3213,a2a4 d7d6 b2b4 d6d5 d2d4 c7c5 b4c5 d8a5 b1c3 a5c3 d1d2 c3d4
3214,b2b3 c7c5 b1a3 g7g5 b3b4 d8b6 g2g3 d7d6 d2d3 c5b4 c1d2 b6e3
3215,h2h3 b7b6 f2f3 g8h6 d2d4 d7d5 a2a3 e7e5 c2c3 e8d7 h1h2 f8d6
3216,b2b3 d7d6 c2c3 c7c5 b3b4 b8d7 g2g4 a8b8 d2d3 d7b6 c3c4 c8e6
3217,b2b4 f7f5 h2h3 d7d5 c2c4 a7a5 a2a4 d8d7 g2g3 b7b5 a4b5 f5f4
3218,h2h4 c7c5 g2g4 h7h5 h1h3 d7d5 g4h5 d8d7 b2b4 c5b4 d2d4 b8a6
3219,d2d3 b8a6 g2g3 g8f6 c2c4 a6b4 e2e3 a8b8 a2a4 b4a2 a1a2 b7b5
3220,c2c4 h7h6 d2d4 b8c6 h2h3 b7b5 c1g5 a8b8 e1d2 c6d4 c4b5 d4b5
3221,h2h3 a7a6 f2f3 h7h6 d2d3 d7d6 e1f2 c8e6 f2e3 e6b3 h3h4 g8f6
3222,h2h3 b7b6 h3h4 e7e5 h1h3 f7f5 d2d3 e5e4 b1a3 d7d5 g2g4 f8d6
3223,b2b3 d7d5 h2h4 g7g5 b3b4 f7f6 f2f3 e8d7 d2d4 e7e5 e1f2 b7b5
3224,h2h4 g7g5 d2d4 b7b5 h4h5 c7c5 b2b3 d7d6 b1c3 c8f5 c1g5 c5c4
3225,c2c3 b7b5 h2h3 a7a5 d2d4 d7d5 h3h4 c7c6 b1a3 e8d7 b2b4 a5a4
3226,d2d3 b8a6 e2e3 a8b8 d3d4 c7c5 g1f3 e7e6 f1a6 c5d4 a2a4 f7f6
3227,h2h4 e7e6 h1h2 d8f6 h4h5 d7d5 a2a3 f6d4 b1c3 h7h6 e2e3 b8a6
3228,h2h4 c7c5 g2g3 a7a5 f1g2 a8a7 g2e4 a5a4 g3g4 g8h6 f2f3 c5c4
3229,b2b3 g7g6 h2h4 d7d6 g1f3 h7h5 e2e4 c7c6 d2d4 e7e5 d1d2 d6d5
3230,c2c4 a7a5 b1a3 b8c6 f2f3 g8f6 d1b3 e7e5 b3e3 f8b4 h2h3 h7h5
3231,b1a3 b7b5 a1b1 c8a6 d2d4 d7d5 c1g5 c7c6 c2c4 b5c4 g5f6 a6b5
3232,b1c3 h7h6 c3b5 e7e5 a1b1 g7g6 c2c4 f8e7 d2d4 e7b4 d1d2 a7a5
3233,h2h4 g7g5 d2d4 c7c5 b1d2 g5h4 f2f3 d8c7 d2c4 c7d8 g2g3 d7d5
3234,c2c4 b7b5 f2f4 g7g6 g2g3 a7a5 f4f5 g6g5 d2d3 g5g4 e1d2 d7d6
3235,c2c4 h7h6 c4c5 f7f6 g2g4 h8h7 d2d4 d7d6 c1h6 b7b5 c5b6 g7h6
3236,a2a3 g7g6 h2h3 c7c5 f2f3 a7a6 d2d3 g6g5 c2c4 d8b6 c1g5 a8a7
3237,g2g4 h7h6 a2a4 g7g6 b2b4 a7a6 g1f3 d7d6 h2h4 h8h7 h1g1 e7e6
3238,h2h4 e7e6 d2d4 f8d6 g2g4 f7f6 f1g2 d6g3 f2g3 c7c5 h1h3 c5d4
3239,h2h4 e7e6 b2b4 b7b5 h1h3 d8e7 a2a4 d7d5 e2e3 e6e5 g1f3 b8d7
3240,c2c4 h7h5 d1b3 d7d5 g1f3 a7a6 e1d1 b8c6 h2h4 d8d7 f3g5 b7b5
3241,b2b3 b8a6 d2d4 a8b8 e2e4 e7e5 e1e2 f7f5 f2f4 d8e7 d4e5 f5e4
3242,f2f3 e7e6 e2e3 b7b6 f1c4 c8b7 g2g3 h7h5 b2b3 h8h6 c4f1 h6g6
3243,d2d4 h7h5 f2f3 f7f6 b2b3 f6f5 e1d2 h8h6 e2e3 c7c6 f1d3 h6e6
3244,b2b4 g8h6 d2d4 d7d6 c1b2 h8g8 g2g3 f7f6 b4b5 c8e6 b5b6 c7b6
3245,h2h4 f7f6 f2f4 c7c6 h1h3 d7d6 b1a3 e7e5 d2d3 b7b6 c2c3 a7a5
3246,h2h4 f7f6 g1f3 h7h6 e2e3 d7d5 d2d3 d5d4 f3d4 d8d7 b1a3 b7b6
3247,e2e3 b7b6 a2a3 e7e6 f1e2 d8e7 e2c4 e7d8 d1h5 f8e7 g1f3 c8b7
3248,d2d4 h7h5 f2f3 e7e5 c2c3 f8e7 d1a4 f7f5 d4d5 e7h4 e1d2 g7g6
3249,b1a3 e7e6 a1b1 g7g6 f2f4 a7a5 f4f5 f8b4 c2c4 e6f5 g2g3 h7h5
3250,d2d4 h7h5 f2f4 e7e5 d4e5 f7f6 b2b3 e8e7 e5e6 d7d5 d1d3 g8h6
3251,b1a3 c7c5 a3b5 g7g6 f2f3 c5c4 d2d3 d7d5 f3f4 d8d7 a2a3 g6g5
3252,g1h3 h7h5 g2g3 f7f5 b1a3 c7c6 f1g2 h5h4 h3g1 b7b6 d2d4 d7d5
3253,h2h4 c7c5 g2g4 b7b6 f2f3 f7f5 h1h2 d7d6 d2d3 d8c7 h4h5 e7e6
3254,c2c4 h7h6 d1b3 g7g6 f2f3 b7b6 d2d4 d7d6 h2h4 b6b5 e1d1 b8c6
3255,c2c4 b8a6 g2g4 a8b8 d2d4 g7g5 g1h3 h7h6 c1f4 f7f5 f4c7 d8c7
3256,e2e3 a7a5 b2b3 b8c6 c2c4 h7h6 d2d4 g7g5 f2f4 a8a7 d1d2 g8f6
3257,b1a3 c7c5 a1b1 d7d5 a3b5 c8h3 b5a7 b8d7 e2e3 c5c4 a7c8 a8a3
3258,d2d4 c7c5 a2a4 g7g6 a1a3 f8g7 a3f3 d7d5 g2g4 h7h6 b1c3 b8d7
3259,e2e3 d7d6 f2f3 e8d7 g2g3 b8a6 f1a6 b7a6 f3f4 a8b8 h2h4 g8h6
3260,e2e3 c7c5 f2f3 c5c4 d2d4 d7d6 c2c3 b8a6 b2b3 g7g5 d1c2 f8g7
3261,h2h4 h7h5 c2c4 g8h6 b1c3 c7c5 b2b4 h8g8 g1h3 b7b6 h3g1 a7a5
3262,h2h4 c7c5 g2g4 d8b6 a2a3 b6d8 f1g2 c5c4 g2b7 f7f6 h1h3 d7d6
3263,g1h3 e7e6 g2g3 f7f6 h1g1 g7g6 b1c3 e6e5 d2d3 f8h6 c1h6 d7d6
3264,a2a3 h7h5 h2h4 d7d5 h1h2 a7a6 e2e3 b7b5 f2f3 d5d4 b2b4 h8h6
3265,a2a3 c7c5 b1c3 g8h6 a3a4 d7d5 a1a2 g7g5 h2h3 h8g8 c3d5 a7a5
3266,e2e3 b7b5 b2b3 g7g6 b3b4 d7d6 a2a4 c7c5 f2f3 e8d7 d2d3 c5c4
3267,g2g3 d7d6 d2d3 b8a6 h2h3 d8d7 a2a4 f7f6 e2e3 b7b6 a4a5 b6a5
3268,a2a3 g7g6 f2f3 e7e6 b2b4 h7h6 a3a4 f8b4 g2g4 e8e7 f1g2 e6e5
3269,a2a4 d7d5 g1h3 c8h3 h1g1 b8d7 d2d4 h3g2 c2c4 a7a6 a4a5 g2e4
3270,g2g4 d7d5 d2d3 b8a6 d3d4 a6b4 b1c3 c8g4 c1e3 h7h5 e3g5 g8h6
3271,h2h4 c7c5 g2g4 c5c4 d2d3 f7f5 e1d2 f5f4 f2f3 d7d6 h4h5 b8a6
3272,c2c4 d7d6 e2e3 c7c5 f2f3 e8d7 d2d3 h7h6 h2h3 b7b6 d1d2 d8c7
3273,h2h4 h7h5 d2d3 g7g5 f2f4 g5h4 c2c4 b8a6 c1e3 a8b8 e3d4 h4h3
3274,b2b3 e7e5 d2d4 a7a6 g1f3 f8c5 e1d2 g7g5 f3e5 c5b4 b1c3 h7h6
3275,e2e3 c7c5 f2f3 c5c4 b1c3 b8c6 f1c4 a8b8 c4f7 e8f7 c3b5 h7h6
3276,a2a4 b8a6 e2e3 c7c5 d2d4 a8b8 c2c4 b7b5 c4b5 g7g6 g1e2 d7d6
3277,e2e3 c7c5 h2h3 g7g5 g2g3 d8b6 e3e4 d7d6 f2f4 e8d7 e1f2 g5g4
3278,a2a4 f7f6 b2b4 g7g5 e2e3 d7d6 e1e2 c8d7 g1f3 f8h6 b1c3 b7b6
3279,b1c3 h7h6 a1b1 e7e5 c3d5 f8a3 b2a3 g7g5 d5b6 c7c6 e2e4 g8f6
