game,outcome,end_reason,n_moves,loss,steps,timestamp,moves
1,W,checkmate,39,0.144980,5,2026-08-18 10:56:48,a2a4 g8f6 b1c3 g7g6 a1b1 e7e5 e2e4 h7h5 h2h3 h8g8 f2f3 f8g7 f1c4 c7c6 c4f7 e8f7 c3d5 g8h8 g2g3 d8c7 d5c7 g6g5 g3g4 d7d5 b2b3 d5d4 d2d3 h5g4 f3g4 c8e6 d1d2 e6d7 b1a1 d7g4 h3g4 h8f8 g1f3 f7g6 f3e5
2,B,checkmate,44,0.136640,10,2026-08-18 10:59:04,g2g4 d7d5 g4g5 f7f5 g5f6 e7e5 g1h3 f8e7 h1g1 g8f6 g1g5 h7h6 b1c3 c7c6 c3d5 c8h3 b2b4 h8f8 d5f6 g7f6 f1g2 f6f5 g2d5 c6d5 c1b2 e7d6 a1b1 e8e7 b4b5 d6b4 c2c4 a7a5 c4d5 d8d6 b5b6 e5e4 g5h5 b8d7 b1c1 e4e3 c1c6 d6d5 f2f4 d5h1
3,B,value_resign,49,0.135451,15,2026-08-18 11:01:19,e2e4 g8f6 a2a4 e7e6 e1e2 f6e4 b2b4 h7h6 d2d4 d8e7 h2h3 e4d6 g2g4 b8a6 g1f3 f7f5 h1g1 f5g4 h3g4 e6e5 c2c4 e5d4 f3e5 b7b5 d1e1 b5c4 b4b5 h8g8 f1g2 c8b7 g1h1 b7g2 e2d1 g2h1 c1f4 d6b5 a4b5 a8b8 f2f3 d7d6 a1a4 d6e5 b5a6 c7c6 b1d2 g7g5 a4a2 b8b5 f4e5
4,W,value_resign,55,0.146126,20,2026-08-18 11:03:12,g1h3 a7a6 d2d4 e7e5 e2e4 e5d4 d1d4 g8f6 a2a3 f6e4 g2g4 b7b5 e1d1 e4f6 d4a4 g7g5 b2b3 d7d6 f2f3 a8a7 h3g1 a7a8 a4d4 h7h5 h2h4 e8d7 d4e4 a8a7 e4a8 g5h4 a8a7 d7e8 f1b5 a6b5 h1h4 f8g7 c1b2 h8f8 g4g5 d8d7 a7b8 e8d8 b2c3 f6h7 h4h5 g7c3 b1c3 f8e8 c3e4 e8e4 f3e4 f7f5 e4f5 d8e7 d1e2
5,W,value_resign,55,0.136740,25,2026-08-18 11:03:12,d2d4 b8c6 e2e4 d7d5 b1d2 d8d7 e1e2 e8d8 a2a4 e7e6 f2f4 d5e4 d2c4 c6d4 e2e3 g7g6 d1d4 b7b6 h2h3 c7c5 d4d7 c8d7 g1e2 g8f6 b2b3 a7a5 c1b2 g6g5 f4g5 h7h6 b3b4 h6g5 c4b6 c5b4 b6a8 f8e7 b2f6 e7f6 e3e4 f6a1 a8b6 d7a4 b6a4 a1f6 g2g4 b4b3 c2b3 f6e5 a4b6 a5a4 b6a4 e5c3 a4c3 d8c7 c3b5
6,W,value_resign,57,0.163698,30,2026-08-18 11:03:40,g1h3 b7b6 d2d4 g7g5 e2e3 c7c5 h3g1 g8h6 e3e4 c5d4 g2g3 h6g4 h2h4 e7e6 g1f3 f8a3 b2b4 b8a6 f3g5 e6e5 c2c4 d7d5 c1a3 d5c4 d1f3 h7h5 h1h3 b6b5 g5f7 a6c7 f7h8 c8e6 f1c4 e8e7 c4e6 a8c8 e6c8 g4f6 b1c3 d4c3 a1c1 c3c2 f3d1 c2d1q c1d1 f6g8 d1d8 e7d8 g3g4 h5g4 h3g3 d8c8 h8g6 a7a5 b4a5 g8h6 h4h5
7,B,checkmate,58,0.161884,35,2026-08-18 11:03:59,g2g4 f7f5 g1h3 g7g6 d2d4 h7h5 g4f5 g6f5 d4d5 h8h7 c1g5 c7c6 e1d2 e8f7 f2f3 h7g7 d5d6 e7e5 a2a4 d8b6 g5f4 b6d4 d2c1 g7g4 f4e5 d4a4 a1a4 g8h6 f1g2 g4h4 b2b3 h6g8 h3g5 f7g6 h1f1 g8f6 e5f6 g6f6 d1d5 c6d5 a4a5 f8d6 a5d5 h4h2 d5d4 b7b5 f1h1 b8c6 d4d6 f6e7 g5f7 h2g2 e2e4 f5e4 f3f4 c6d4 h1d1 g2c2
8,B,value_resign,60,0.160454,40,2026-08-18 11:04:27,g2g3 d7d6 b2b4 g7g6 e2e3 h7h5 c2c4 h8h7 d2d4 d6d5 g1f3 b7b5 g3g4 e8d7 h1g1 h5g4 a2a3 e7e6 c4d5 f8e7 f3g5 e6d5 e1e2 g8f6 g5e4 b8c6 g1g2 d8e8 e4f6 e7f6 h2h4 c6e5 b1d2 d7e6 a3a4 e5d3 a4b5 f6h4 g2g4 g6g5 e2d3 f7f5 a1a5 f5g4 b5b6 h4f2 d1g4 e6e7 g4d1 c7b6 d2c4 b6a5 c1b2 a7a6 d1d2 d5c4 d3c4 a5b4 c4c5 h7h8
9,W,value_resign,63,0.167158,45,2026-08-18 11:05:08,a2a4 e7e6 b1c3 b7b6 e2e4 f7f5 g1e2 d8f6 h2h3 d7d5 e4f5 e8d7 f5e6 d7e7 a1a2 a7a6 e2d4 c8e6 f1a6 e6d7 c3b5 f6d4 f2f4 d7b5 a4b5 d4b4 e1e2 c7c5 e2f3 g8f6 g2g4 d5d4 g4g5 f6e4 f4f5 h8g8 c2c4 e4d6 d1c2 g7g6 a6c8 a8a2 c2d1 d4d3 c8e6 d6c4 e6g8 g6f5 d1b3 c4d6 b3b4 c5b4 g8a2 d6e4 a2d5 e7d6 d5e4 d6c5 e4f5 f8g7 f3e3 g7f6 b2b3
10,W,value_resign,73,0.123905,50,2026-08-18 11:07:28,g2g4 d7d5 g4g5 g7g6 e2e3 e7e6 c2c4 b7b5 b1a3 g8e7 b2b4 h7h5 h2h4 a7a6 d2d4 b8c6 c4b5 a6b5 d1c2 f7f5 c2d1 e8f7 a3b5 a8a4 e1e2 c6b4 d1a4 h8h6 a4a7 e7c6 a7c7 d8c7 b5c7 h6h8 a2a3 e6e5 a3b4 f8b4 f2f4 c6a7 a1a7 e5e4 f1g2 h8d8 e2d1 d8d6 g1e2 b4a5 h1e1 d6a6 e2g1 a6a7 c7d5 a5c3 d5b6 c3e1 b6c8 a7a1 c8d6 f7e7 d6b5 e1b4 d4d5 b4c5 g1e2 e7f7 d1c2 a1b1 c2b1 f7g8 d5d6 c5e3 b5d4
11,W,checkmate,85,0.146954,55,2026-08-18 11:10:23,d2d4 a7a5 g1f3 g7g5 e1d2 e7e5 e2e3 b7b5 c2c4 e8e7 d4e5 f8g7 d2c3 g8f6 c4b5 c7c5 b5b6 d8e8 b2b3 f6g4 h1g1 f7f6 c3c2 e7f7 a2a4 c5c4 b6b7 c8b7 b1d2 a8a7 g2g3 c4b3 c2b3 b7f3 d2f3 h8f8 f1c4 d7d5 e5d6 f7g6 c4e6 g4f2 d1d2 h7h6 e6h3 e8f7 b3a3 a7e7 a1a2 e7e6 h3e6 f7e6 f3d4 e6d6 a3b3 f8h8 g1h1 f2h1 a2c2 d6b6 d4b5 g6f5 c1b2 h8g8 b2d4 b6b7 b3b2 b8c6 g3g4 f5e6 h2h3 c6d4 e3d4 f6f5 g4f5 e6f5 d2d3 f5e6 c2e2 e6d5 h3h4 g7d4 d3d4 d5c6 e2e6
12,W,value_resign,91,0.141132,60,2026-08-18 11:11:51,a2a4 b7b5 a4a5 b5b4 e2e3 g7g5 g2g3 f8g7 h2h4 e8f8 a1a4 c7c5 d2d4 d8b6 g1h3 b8a6 a5b6 b4b3 h3g5 h7h6 a4a5 h6g5 e3e4 a6b4 h1h2 f8e8 d1e2 b4c2 e1d2 g8f6 e2f3 g5g4 h2g2 g4f3 b6b7 c8b7 d2d1 c5d4 e4e5 f6d5 d1d2 f3g2 f1g2 c2a1 h4h5 d5c3 b1c3 d4c3 d2c3 d7d6 g2b7 g7e5 c3c4 h8h5 b7a8 e5b2 a5h5 b2c1 h5h8 e8d7 h8h4 a1c2 h4g4 e7e6 f2f4 c1e3 c4b3 f7f5 g4g8 c2d4 b3c4 e3c1 c4d4 c1a3 g8b8 a3b4 a8g2 b4c3 d4c3 d6d5 g2f1 d7e7 f1e2 e7d7 b8h8 d7c6 e2h5 c6b5 c3d4 b5a4 h8g8
13,B,checkmate,100,0.119872,65,2026-08-18 11:14:07,b2b4 b8c6 b4b5 g7g6 g2g4 c6e5 f1g2 a7a5 e1f1 a8a7 g1h3 h7h6 b5b6 a5a4 g4g5 c7b6 h1g1 e7e6 g1h1 f8c5 g5h6 g8h6 g2e4 c5f2 d2d3 d7d6 e4d5 b6b5 a2a3 e5d3 c2d3 a7a5 d5e6 c8e6 c1g5 e6h3 f1f2 h6f5 g5d8 e8d8 d3d4 h8h5 d1c2 a5a7 h1g1 b5b4 c2c4 b4b3 c4a4 a7a4 g1h1 g6g5 a1a2 b7b5 a2d2 a4d4 d2d4 f5d4 e2e3 d4f5 f2g1 b3b2 a3a4 d8c7 a4a5 d6d5 a5a6 g5g4 a6a7 c7b7 g1f2 f7f6 h1d1 b7a7 d1e1 h5h8 e1e2 h8e8 e2c2 a7b7 e3e4 d5e4 c2d2 b7c6 f2g1 c6b7 d2b2 b7c6 b1c3 e4e3 b2d2 b5b4 c3d5 c6b7 d2d1 b7a6 d1d4 e3e2 d4g4 e2e1q
14,B,value_resign,40,0.128191,70,2026-08-18 11:14:08,b2b4 b8c6 b4b5 g7g6 b5c6 b7c6 g1f3 g8f6 e2e4 c8b7 c2c3 f8h6 d1b3 h8f8 f3e5 h6g7 b3b5 f6e4 e1e2 d7d6 h2h3 a8b8 b5b7 g7e5 d2d3 e4f2 b7b8 d8b8 d3d4 h7h5 a2a4 f2h1 d4e5 b8d8 e2f3 d6d5 b1a3 g6g5 f1e2 f7f5
15,W,value_resign,101,0.178161,75,2026-08-18 11:14:24,e2e4 e7e6 f1c4 g8f6 b2b3 d7d5 c4d5 e6e5 g1f3 c7c6 g2g3 e8e7 b1a3 h8g8 a1b1 d8e8 h1g1 c8g4 b3b4 f6h5 b4b5 h5f6 b5c6 h7h5 d5f7 b8c6 b1b3 f6d7 f3g5 a8b8 f7e8 g4d1 e1d1 b8e8 c2c4 a7a6 c1b2 d7c5 b3b7 c5b7 a3b1 b7c5 b1c3 c6b4 b2a3 c5e4 c3d5 e7d8 g5f7 d8d7 a3b4 f8b4 f7h8 g8h8 d2d4 e4f2 d1c2 d7c8 d4e5 b4a5 e5e6 e8d8 g1c1 g7g6 e6e7 d8g8 c1f1 h5h4 f1f2 h4g3 h2g3 g6g5 f2g2 h8h1 d5f6 g8h8 e7e8q h8e8 f6e8 a5b4 e8g7 a6a5 g7e6 a5a4 g3g4 b4c5 e6c5 c8d8 c2c3 d8e7 c3c2 e7d6 c5a4 d6e7 c4c5 h1h2 g2h2 e7d8 c5c6 d8c7 h2f2
16,B,material_adjudication,105,0.160647,80,2026-08-18 11:15:22,b1a3 d7d5 f2f4 g7g6 h2h4 d5d4 e1f2 c8e6 f2f3 f7f6 b2b3 h7h6 a3b5 d8d7 h4h5 a7a6 c1b2 a8a7 b5c7 d7c7 a1c1 f8g7 f3f2 c7d7 h5g6 e6f7 g2g3 e7e6 h1h4 d7d5 h4h5 d4d3 h5d5 e8e7 b3b4 b7b6 g6f7 e7f7 a2a3 g7f8 e2e3 f8d6 f4f5 h6h5 g1e2 b6b5 a3a4 g8e7 a4b5 a6b5 d5d3 e7f5 e2f4 f5e3 f2e3 e6e5 f1e2 e5f4 g3f4 b8d7 b2e5 d7e5 d3d4 e5f3 e2f3 a7a2 f3e2 a2a1 d4d3 a1c1 d1c1 h8e8 e3d4 e8e2 d3e3 e2e3 d4e3 f7g7 d2d4 g7f8 e3d2 d6f4 d2e2 f4c1 e2f3 f8e7 f3g2 e7e6 g2g3 f6f5 g3g2 h5h4 g2h3 f5f4 h3h4 f4f3 h4g4 f3f2 g4f3 f2f1q f3g3 f1e1 g3f3 e6d7 d4d5
17,B,checkmate,54,0.143269,85,2026-08-18 11:16:21,g2g4 e7e5 b2b4 h7h6 g1h3 d7d5 f2f3 f8d6 c2c4 b8c6 f1g2 c8g4 a2a4 g8e7 e1f2 g4h3 c4d5 b7b6 d1b3 e8f8 b4b5 c6d4 b3c4 g7g5 c1b2 f7f6 h1c1 h3f5 e2e3 d4f3 d2d4 f5d3 f2f3 d3c4 f3g4 e7f5 g4f5 c4d3 e3e4 d6e7 b2c3 d8e8 h2h3 h6h5 a1a3 e8f7 d4e5 a7a6 b5a6 f6e5 f5e5 h5h4 a6a7 f7f6
18,B,value_resign,46,0.173536,90,2026-08-18 11:16:21,b2b4 h7h5 g2g3 g7g6 h2h3 g6g5 f1g2 b7b5 b1a3 a7a6 d2d3 d7d5 c1g5 e7e6 h3h4 f8e7 g5f6 e8f8 g1f3 g8f6 g2f1 e7b4 c2c3 b4c3 f3d2 c3d4 a1c1 f8g8 e2e4 d5e4 d3e4 c8b7 f1b5 a6b5 a3c2 b7c6 c2d4 d8d4 e4e5 c6h1 d2f3 d4d1 e1d1 b8c6 f3d4 c6d4
19,B,material_adjudication,69,0.141334,95,2026-08-18 11:17:15,e2e4 g8f6 g1f3 h7h5 h2h3 e7e6 a2a4 h8g8 e4e5 b7b5 f1b5 b8a6 d2d3 a8b8 b2b3 c7c6 e1e2 d7d6 c1b2 c8b7 b2d4 f6g4 d4c3 d6e5 b1a3 d8d6 b5a6 e8e7 f3g5 g4f2 e2f2 b7a6 b3b4 b8c8 g2g4 d6d5 a3c4 e5e4 d3d4 a6c4 f2g2 c4a6 b4b5 d5d8 b5a6 h5g4 d4d5 e6d5 h3h4 d8e8 d1d2 f7f5 h1f1 d5d4 c3d4 c6c5 d2e3 c5d4 a1b1 d4d3 e3d2 d3c2 d2c2 c8c2 g2g1 g4g3 b1b4 c2c3 f1a1
20,W,value_resign,55,0.131652,100,2026-08-18 11:17:15,e2e4 e7e5 g1f3 a7a5 f1e2 c7c5 d2d4 e5d4 e4e5 h7h6 c1f4 b7b5 d1d4 f7f5 d4c5 h6h5 a2a4 f8c5 h1g1 c8b7 b1c3 c5a3 e1f1 e8f7 a4b5 d8h4 f3d4 g8f6 e2d3 h4g3 h2g3 f6e4 d3e4 f5e4 b2a3 b7d5 c3d5 h8h6 c2c4 h5h4 f4h6 b8c6 b5b6 c6d4 g3g4 d4c2 g2g3 g7h6 d5c7 h4h3 c7a8 e4e3 f2f3 f7e6 f1e2
21,B,value_resign,52,0.117073,105,2026-08-18 11:20:01,d2d4 b8c6 g1h3 g8f6 c1d2 d7d5 g2g3 c8h3 h1g1 h7h6 g3g4 a8b8 d2g5 b7b5 f1h3 c6d4 b1c3 d4b3 g1f1 b3a1 f2f3 h6g5 e2e3 c7c5 f1g1 b8a8 c3b5 c5c4 a2a3 h8h4 e1e2 g7g6 e3e4 d5d4 h3f1 f6g4 f3g4 a7a6 b5c7 d8c7 e2f2 a8a7 f1d3 c7d8 f2g3 e7e5 h2h3 c4d3 g1f1 d3c2 d1c2 a6a5
22,B,value_resign,80,0.103329,110,2026-08-18 11:20:56,h2h4 f7f6 b2b4 c7c6 g2g3 h7h5 f2f3 e7e5 b4b5 f8b4 c1a3 b4d2 e1d2 h8h6 g1h3 b7b6 c2c4 b8a6 b5a6 g8e7 a3e7 e8e7 h3f4 h6h8 a2a4 f6f5 d1c2 e5f4 c2b2 c8b7 g3f4 e7f7 a6b7 a8b8 e2e3 g7g5 b2h8 d8h8 f1g2 h8d8 h1e1 d7d5 c4d5 c6d5 h4g5 d8d7 g5g6 f7g6 a4a5 b6a5 a1a5 d7b7 e3e4 f5e4 f3e4 b7b2 d2e3 d5e4 a5a7 b8e8 e1d1 b2g2 d1d2 g2g1 e3e2 g1b1 d2d1 b1b4 a7b7 b4a4 d1c1 e4e3 e2d3 h5h4 c1a1 a4a1 d3c2 e8e4 b7b6 g6f7
23,W,checkmate,29,0.117030,115,2026-08-18 11:20:57,b2b3 a7a5 g2g3 e7e6 c2c4 f8b4 b1c3 e8e7 g1f3 e6e5 c4c5 e7f6 h1g1 a8a7 e2e3 b4c5 f1c4 b8c6 d1e2 c5b6 c3e4 f6f5 f3e5 f5e4 a2a4 h7h6 c1b2 d8e8 e2g4
24,W,value_resign,85,0.133394,120,2026-08-18 11:23:31,d2d4 c7c6 b1c3 d7d6 d4d5 c6c5 e2e4 a7a5 d1d3 c8h3 f2f3 g8f6 g1h3 e7e6 e1d2 h7h6 h3g1 h8g8 c3a4 e6d5 e4d5 f6d5 d3f5 d8f6 b2b3 b7b6 g1e2 c5c4 g2g3 c4b3 f1h3 e8e7 c2b3 h6h5 a4b6 a5a4 b6d5 e7e8 g3g4 f6f5 g4f5 g7g6 d2e3 b8c6 b3b4 c6e7 e2f4 e7d5 e3d4 d5f4 c1f4 g6f5 a1e1 e8d7 d4d5 f7f6 f4d2 d7c7 h1f1 a4a3 e1b1 f5f4 h3f5 h5h4 f5d3 f6f5 h2h3 f8e7 f1h1 a8f8 h1f1 c7d8 f1h1 e7g5 b4b5 f8e8 b5b6 e8e3 b1c1 g8e8 d2e3 d8e7 e3d2 e8f8 c1c5
25,W,value_resign,31,0.186751,125,2026-08-18 11:23:32,a2a4 h7h5 b1c3 h8h6 g1f3 g7g6 f3d4 b7b5 a1a3 b5b4 h2h3 g6g5 g2g3 f7f5 c3a2 e7e6 d4e6 d7e6 c2c4 e8f7 a3b3 b8a6 d2d3 e6e5 c1g5 h6h8 g5d8 f8d6 d3d4 g8e7 d4d5
26,W,checkmate,31,0.152514,130,2026-08-18 11:24:29,g2g4 b8c6 g1h3 d7d5 h3g5 c8g4 b2b4 b7b6 b1a3 g7g6 f1g2 c6a5 d2d4 b6b5 c2c4 c7c5 h2h4 f7f6 e2e3 a8c8 c1d2 h7h6 a1c1 g4d1 b4c5 d8c7 d2a5 d1e2 a5c7 d5c4 g2c6
27,B,value_resign,46,0.131017,135,2026-08-18 11:25:11,b2b4 b7b5 a2a4 g7g6 b1a3 a7a6 d2d4 b8c6 g2g3 h7h5 c2c4 e7e5 d4e5 c6e5 a4b5 e5d3 e1d2 a6b5 f2f3 d3c1 e2e3 f7f6 a3b5 h8h7 f1h3 a8a1 g1e2 c8b7 d1c1 a1b1 h1e1 b1c1 e1c1 e8f7 f3f4 f8b4 e2c3 d7d5 c4d5 b4a3 d5d6 a3c1 d2c1 b7a6 c3d5 g8h6
28,D,rule_draw,148,0.174632,140,2026-08-18 11:25:29,e2e4 e7e6 d2d4 g7g6 h2h4 f7f5 d1h5 f5e4 a2a3 f8d6 h5a5 h7h6 a5e5 h8h7 b2b4 b8c6 e1e2 e8f8 e5e4 d6h2 e4c6 e6e5 c6b6 e5e4 f2f4 a7b6 c1e3 g6g5 f4g5 a8a4 d4d5 h6g5 h4g5 g8f6 h1h2 f6d5 h2h7 f8g8 e3d4 g8h7 d4e5 b6b5 c2c4 b7b6 c4d5 d7d6 e2e3 d6e5 f1b5 c8a6 b5a4 d8g5 e3f2 g5f6 f2g3 a6e2 g1e2 e4e3 a4d7 h7g8 b4b5 g8f7 b1c3 f6d8 d7f5 d8g5 f5g4 g5d8 g4f5 f7g7 a1e1 d8f6 f5d7 f6d8 d5d6 d8d7 d6c7 d7c7 c3a4 c7d8 a4b6 d8b6 a3a4 b6g6 g3h3 g6f5 h3g3 f5f2 g3g4 f2e1 b5b6 e1e2 g4g5 e2f3 g2f3 e3e2 g5h5 e2e1q b6b7 e1h1 h5g4 h1g1 g4h3 g1d1 b7b8q g7f6 a4a5 d1e2 f3f4 e5f4 b8f4 f6e6 h3h4 e6d7 a5a6 e2a6 f4e3 a6f6 h4g4 d7c6 e3a3 c6c7 a3b4 f6c6 b4b3 c7d6 b3e3 d6c7 g4h4 c6f6 h4g4 c7c6 e3e2 c6c5 e2d3 c5b4 d3c2 f6b6 g4f3 b6d8 c2f5 d8d6 f5e4 b4c5 e4f5 d6d5 f5d5 c5d5
29,B,value_resign,102,0.134643,145,2026-08-18 11:28:06,g1f3 a7a6 b2b3 a6a5 g2g3 e7e6 b3b4 a5a4 f1g2 d8f6 b1a3 f6d8 b4b5 g7g6 f3g5 b8c6 g2c6 b7c6 b5b6 e6e5 a3b1 h7h5 f2f3 d7d6 c1a3 f8g7 a3d6 c7d6 c2c4 e8d7 b1a3 c8a6 d1b3 a4b3 a2b3 a6c4 b3c4 a8a3 d2d4 a3a1 e1d2 d7c8 h1a1 e5d4 g5f7 d6d5 f7d8 c8d8 b6b7 g7e5 d2c2 d8c7 f3f4 c7b7 f4e5 d5c4 e5e6 c6c5 e6e7 g8e7 g3g4 e7d5 a1a3 h5g4 a3f3 b7b6 f3f4 b6b7 f4g4 b7a6 g4g5 h8d8 h2h3 d5b6 g5c5 b6d5 c5c4 d5e3 c2d2 e3c4 d2d3 d8d7 d3c4 a6b7 c4c5 b7a6 c5c6 d7d8 c6c7 d8h8 h3h4 a6b5 h4h5 h8h5 c7c8 b5b4 e2e3 d4d3 c8b7 b4b3 b7c6 g6g5
30,W,checkmate,11,0.151661,150,2026-08-18 11:28:06,e2e3 f7f5 f2f3 h7h6 b2b4 c7c6 f3f4 b7b5 c2c4 g7g5 d1h5
31,B,value_resign,38,0.163315,155,2026-08-18 11:29:04,b1c3 e7e5 c3e4 c7c6 a1b1 a7a5 g2g3 d7d6 e4f6 d8f6 b2b4 e5e4 g1h3 h7h5 c1b2 b7b6 d2d3 f6d8 d1d2 d6d5 e2e3 f8b4 d3e4 b8a6 a2a3 f7f5 f1d3 e8e7 f2f3 f5e4 d3e4 b4d2 e1d2 d5e4 d2e2 e7d6 h3f4 g8f6
32,B,value_resign,60,0.098242,160,2026-08-18 11:29:32,e2e4 e7e6 e4e5 g8f6 g1f3 f6g4 f1a6 g4e5 b2b4 e5f3 d1f3 f8e7 f3d1 h8g8 g2g3 b7a6 d2d4 d7d5 b1c3 e8f8 h1g1 d8d7 c1e3 g7g5 h2h3 h7h6 g3g4 d7d8 d1e2 f7f5 c3d5 f5g4 g1g4 e6d5 e1d2 c8g4 h3g4 g8h8 a1e1 f8g8 d2d3 b8c6 a2a3 a6a5 b4b5 a5a4 e2f3 c6d4 d3d2 d4f3 d2c1 h8h7 e3d4 e7d6 d4e3 d5d4 e3d4 d6g3 d4e5 d8d5
33,B,value_resign,36,0.117618,165,2026-08-18 11:29:32,d2d4 e7e6 e2e4 d7d6 e4e5 h7h6 c1e3 b7b5 b2b4 c8d7 e1e2 e8e7 h2h4 g7g5 a2a4 b8c6 e3g5 g8f6 e5f6 e7e8 b1d2 h6g5 d2f3 c6d4 f3d4 g5h4 a4b5 d6d5 d1d2 f8b4 e2e3 b4d2 e3d2 d7c8 d2c1 h8f8
34,W,checkmate,23,0.144975,170,2026-08-18 11:38:09,g1f3 e7e6 e2e4 a7a5 b1c3 a8a6 g2g4 e6e5 d1e2 c7c5 f3g5 d7d6 h1g1 g8f6 c3d5 h7h6 h2h3 c8g4 h3g4 f6g4 e2f3 c5c4 f3f7
35,W,checkmate,31,0.173189,175,2026-08-18 11:41:21,g1h3 e7e5 h1g1 g8e7 d2d4 g7g6 g2g4 e5d4 c1g5 f8g7 g5f4 b7b6 e1d2 d7d6 d2c1 e8d7 d1d4 g7d4 c2c3 d4c3 b2b4 d7e8 b1c3 d6d5 f4e5 h8f8 c1b2 d5d4 c3d5 h7h6 d5f6
36,B,checkmate,38,0.147659,180,2026-08-18 11:44:10,e2e4 a7a5 g2g4 g8h6 f1e2 f7f6 g1f3 b8a6 e4e5 a6b4 e5f6 b4a2 b2b4 h6g8 h2h3 a5a4 h3h4 e7e5 g4g5 a8a7 e2d3 h7h5 d3e4 d7d5 e4f5 d5d4 f5c8 c7c5 b4c5 a2b4 e1e2 e5e4 f3d4 f8c5 c2c4 d8d4 f2f3 d4f2
37,B,value_resign,40,0.119908,185,2026-08-18 11:45:03,b1c3 b7b6 a2a4 g8f6 c3b5 b8a6 f2f4 a8b8 e2e3 f6g4 c2c3 c7c5 f1e2 g7g5 h2h3 h8g8 c3c4 h7h5 a1a2 g4f2 b5d6 e7d6 d1c2 f2h1 e2f1 g5g4 e1e2 d8f6 d2d4 f8e7 g2g3 g8f8 c1d2 g4h3 d4c5 d6d5 c4d5 b6b5 a4b5 a6b4
38,W,value_resign,59,0.126778,190,2026-08-18 11:52:21,g2g3 b7b5 b2b3 g7g5 g3g4 d7d6 c2c4 c8g4 g1h3 h7h6 b1a3 c7c5 c4b5 g4h3 f1h3 g8f6 h3g2 f6g4 a1b1 a7a5 b5a6 g4e3 a3c2 f7f6 c1a3 b8c6 a3c5 c6d4 a2a4 a8b8 c5a7 d6d5 c2e3 d4c2 e3c2 b8b7 a4a5 e7e5 a7b8 b7b3 b1b3 f8d6 d2d4 e5d4 h1f1 g5g4 h2h3 g4h3 g2h3 d8e7 e2e3 d6b8 b3b8 e8f7 e1e2 h8h7 e3e4 d5e4 b8a8
39,B,value_resign,68,0.123063,195,2026-08-18 11:55:43,g2g4 b8c6 b2b3 d7d5 b1c3 d5d4 b3b4 g7g5 g1h3 b7b6 f2f4 g8h6 c3a4 c8b7 h3g5 e7e5 h2h4 e5f4 e2e3 f4e3 d2d3 h6g8 a4b2 g8e7 c1e3 h7h5 g4h5 c6b4 b2a4 b6b5 g5f7 c7c5 a2a3 b7a6 e3d4 c5d4 f7d8 b4d5 c2c4 b5a4 c4d5 e7d5 a1a2 f8g7 a2c2 d5e3 d1d2 a8d8 c2a2 h8f8 f1e2 a6b5 e2f3 f8f3 h5h6 g7h6 h4h5 d8c8 h1f1 f3f1 e1e2 e8e7 d2e3 d4e3 e2f1 e7f7 f1e2 a7a5
40,B,value_resign,74,0.148850,200,2026-08-18 11:57:51,b1c3 f7f6 g1f3 c7c6 a2a3 b7b6 d2d3 f6f5 c3b5 d7d5 c1f4 g7g5 f4g5 b8a6 g5f6 f8g7 f3e5 e8f8 d3d4 c6b5 c2c4 d5c4 e2e3 c4c3 f6g7 f8g7 f1e2 a8b8 e5f7 d8d7 e3e4 e7e6 a3a4 g7f7 e4e5 f7e8 b2c3 f5f4 e2b5 h7h6 b5d7 c8d7 h2h3 a6b4 a1a2 b8c8 h1f1 b4a2 d1f3 a2c3 a4a5 b6b5 e1d2 a7a6 d2e1 c3a4 g2g4 f4g3 f3g3 g8e7 g3f3 e8d8 f3h5 h8h7 f1g1 h7h8 g1f1 e7f5 h5h6 f5h6 e1d2 h6f7 f2f3 h8h5
41,B,value_resign,56,0.139386,205,2026-08-18 11:59:26,g1h3 a7a6 b2b3 d7d6 g2g4 c7c5 b3b4 a8a7 b4b5 a6b5 h1g1 a7a5 f1g2 g8f6 g2e4 c8e6 g4g5 e6h3 d2d3 h7h6 e1d2 f6d5 e4g2 d8b6 g2e4 b8a6 g5h6 f7f6 f2f3 c5c4 d3c4 f6f5 g1f1 a6b4 a2a3 h8h6 c4d5 f5e4 f3e4 b4d3 e2d3 e8d8 d1f3 h3f1 h2h3 f1h3 e4e5 b5b4 a3b4 a5b5 f3f5 h3f5 c2c4 f5e4 d3d4 h6h8
42,B,value_resign,80,0.126000,210,2026-08-18 11:59:45,g2g4 d7d5 g1h3 a7a5 h3g5 h7h6 c2c3 f7f6 h1g1 a8a7 h2h3 f6g5 e2e3 g8f6 a2a4 a7a6 f2f3 a6d6 g1h1 e7e5 b2b3 e8e7 f3f4 f6g8 f1e2 d6a6 e2a6 b7a6 b1a3 e5f4 e3f4 g5f4 a3c2 b8d7 b3b4 g7g5 d2d3 e7f6 d1d2 f8c5 b4c5 d7c5 e1d1 c5d3 c2d4 d3c1 a1c1 f4f3 d4f3 f6g7 f3g5 h6g5 h1h2 g8f6 h2e2 d8d6 c3c4 h8h7 c4d5 d6d5 d2d5 f6d5 c1c5 d5f4 e2a2 c8b7 a2c2 b7e4 c2d2 h7h6 c5f5 e4f5 g4f5 g7f6 h3h4 h6h4 d1c2 g5g4 c2b1 h4h5
43,W,value_resign,81,0.110610,215,2026-08-18 12:00:02,e2e3 a7a5 g2g3 b8c6 e1e2 f7f6 f1h3 c6a7 b1c3 f6f5 h3f1 a7c6 c3d5 c6b4 h2h3 b7b6 a1b1 e7e6 d5c7 e8f7 c7e8 d8f6 f2f4 f6d8 c2c4 f7e8 e2f3 b6b5 a2a3 b4a2 d1c2 a2c1 g3g4 g8h6 g4f5 e6f5 d2d3 b5b4 g1e2 a8a6 b2b3 d7d6 b1c1 c8b7 f3g3 b7h1 c2d2 b4a3 f1g2 g7g5 c1h1 g5g4 d3d4 a3a2 h1a1 f8e7 a1a2 a6a8 g2a8 d6d5 c4d5 a5a4 a2a4 e7h4 g3h2 g4h3 d5d6 h8f8 a4a7 d8f6 h2h1 e8d8 a8d5 d8e8 e2g1 h3h2 g1f3 e8d8 d5c6 d8c8 b3b4
44,W,material_adjudication,82,0.164970,220,2026-08-18 12:00:21,e2e4 e7e6 g1f3 g7g6 g2g4 f8d6 b1c3 c7c6 c3b1 d6b4 e4e5 g8e7 f3g5 b8a6 g5f7 e8f7 f2f3 f7e8 e1f2 a8b8 f1a6 d7d5 c2c3 h8f8 a6b7 g6g5 f3f4 c8b7 h2h4 g5h4 d2d3 d5d4 c3d4 c6c5 d4d5 d8d5 g4g5 f8h8 b1c3 b4c3 b2c3 b7a6 c3c4 e8d7 c4d5 h4h3 d5d6 h8g8 f2g3 e7f5 g3f3 f5d6 e5d6 d7d6 d1e1 d6d7 a1b1 b8b1 a2a4 b1c1 e1c1 d7d8 c1c5 a6d3 c5d6 d8c8 h1h3 d3b1 f3e3 c8b7 d6e5 b1a2 h3h2 a2b3 e5c3 b7b8 c3b3 b8c8 e3e4 g8h8 b3c3 c8b7
45,B,value_resign,54,0.105154,225,2026-08-18 12:01:10,g1h3 a7a6 b2b3 g7g5 d2d4 e7e6 e1d2 d7d5 e2e3 b7b5 c1b2 c7c6 f1d3 g5g4 b2c1 d8e7 f2f3 e7d8 b1a3 f8g7 f3g4 e6e5 a1b1 h7h5 b1a1 e8f8 e3e4 c8f5 d2c3 h5g4 e4f5 a6a5 c1d2 g8f6 a3b5 c6b5 g2g3 b8a6 h1f1 d8c8 c3b2 e5d4 h3g5 a6b4 f1g1 b4d3 c2d3 f8g8 g5f7 g8f7 d1c2 c8d7 g1h1 a8g8
46,B,checkmate,90,0.166173,230,2026-08-18 12:02:35,g2g4 b7b6 b2b3 g7g5 g1f3 g8f6 c1b2 e7e5 h2h4 c8b7 h1g1 b8c6 f3g5 d8c8 b3b4 e5e4 d2d3 f8g7 b2f6 c6b4 f6e7 c7c6 c2c4 e8e7 b1a3 d7d5 a1b1 a7a5 b1b3 c6c5 c4d5 g7d4 a3b5 f7f6 b5d4 c5d4 f1h3 e7d6 g1f1 b7d5 d3e4 f6g5 h4g5 h8g8 e4d5 g8g5 d1d4 b6b5 b3b1 b4c2 e1d1 c2d4 h3g2 d4c2 b1c1 g5g6 g4g5 a8a6 g2e4 g6g5 f1h1 c8b7 d1c2 b7g7 c1f1 g7d4 e4d3 d4d5 f2f4 d5c6 d3c4 b5c4 f4g5 d6c7 h1h7 c7d6 e2e3 c4c3 f1g1 d6e5 a2a4 c6f3 g5g6 a6a8 h7f7 f3d5 f7h7 d5d2 c2b1 d2b2
47,W,material_adjudication,94,0.122385,235,2026-08-18 12:03:38,g1f3 b7b6 b2b3 g8f6 g2g3 d7d6 d2d3 c8h3 e2e4 c7c6 e4e5 f6e4 c1d2 h3f1 b3b4 e4f2 h1f1 f7f5 a2a3 d6d5 e1f2 g7g5 h2h4 f5f4 h4g5 f8h6 b4b5 h6g5 d2b4 g5h6 f2g1 h6g7 f3d4 e8d7 b5c6 b8c6 d4f3 c6b4 d3d4 f4g3 a3b4 d7c7 a1a6 h8f8 d1d3 d8c8 f1c1 c8a6 d3a6 f8f3 a6e2 g7e5 e2f3 e5d4 g1g2 a8b8 f3d5 d4c3 g2g3 b6b5 d5c5 c7b7 b1a3 b8c8 a3b5 c8c5 b4c5 c3b2 c1e1 b7c6 c2c4 b2g7 g3h4 a7a5 e1f1 g7f8 f1f8 e7e6 f8f1 h7h6 f1g1 c6b7 c5c6 b7c8 g1g4 c8d8 h4h5 d8e8 h5h6 e8d8 g4e4 d8c8 h6h7 e6e5
48,B,value_resign,95,0.178232,240,2026-08-18 12:03:52,e2e4 b7b5 d1e2 g8f6 g1f3 d7d6 c2c3 e7e6 a2a4 e8d7 e4e5 f6g4 b1a3 a7a6 a3b5 a6b5 h2h3 g4f2 e2b5 d7e7 b5d7 c8d7 e1e2 f2h1 d2d3 g7g5 d3d4 h7h5 c1f4 f8g7 f4g5 e7f8 g5d8 d6e5 a1c1 e5e4 f3g1 c7c5 d4d5 e6d5 e2e1 d7a4 d8b6 f8e7 f1e2 e4e3 h3h4 h8e8 b2b3 d5d4 c3d4 c5d4 b3a4 a8a4 b6d4 b8d7 d4g7 a4h4 e2c4 h4c4 c1c4 h1f2 g7b2 f7f5 c4b4 e8d8 b4b5 d7f6 g2g4 h5g4 e1e2 e7f7 b5c5 d8d1 c5f5 d1g1 f5f6 f7g8 f6f2 e3f2 e2f2 g1b1 f2g2 b1b2 g2h1 b2b4 h1g1 b4b2 g1h1 g4g3 h1g1 b2b4 g1f1 b4a4 f1g1
49,B,value_resign,27,0.126591,245,2026-08-18 12:06:53,e2e4 e7e6 h2h3 g8f6 a2a4 f8e7 e1e2 g7g5 c2c4 g5g4 b1a3 g4h3 g2g3 h7h6 d1b3 f6g4 e2d3 f7f5 h1h2 b8a6 g1e2 e7d6 e2d4 d6c5 d4b5 c5d6 d3e2
50,W,value_resign,109,0.195746,250,2026-08-18 12:07:09,d2d4 c7c6 a2a3 g7g6 e2e3 f7f6 g2g4 c6c5 f1e2 c5d4 e3e4 e8f7 f2f4 g6g5 b1c3 b8a6 c3a4 g5f4 e2f1 a6c5 a1a2 f8g7 b2b3 a7a6 e1f2 e7e6 b3b4 b7b5 b4c5 b5a4 e4e5 d4d3 f2f3 g8h6 c5c6 f6e5 a2b2 d7c6 c1f4 e5f4 b2a2 d8d7 h2h3 h6g4 h3g4 h7h6 g4g5 h6g5 h1h8 f7e7 f1d3 g5g4 f3f4 g7h8 d3f1 d7d1 f1e2 a8b8 e2d1 c8b7 d1g4 b8c8 g1f3 a6a5 f4g3 e7d8 g4e6 h8d4 e6c8 b7c8 f3d4 c8b7 d4f3 b7c8 a2a1 d8c7 a1b1 c7d8 b1c1 d8c7 c1b1 c7d8 c2c3 d8c7 b1c1 c7b7 f3e5 c6c5 e5f3 c8d7 c1c2 c5c4 c2d2 d7c8 f3h4 b7a6 d2d1 c8e6 d1c1 e6f5 c1d1 f5d3 d1e1 d3e2 e1e2 a6b6 g3f3 b6c7 e2d2
51,B,value_resign,30,0.144322,255,2026-08-18 12:07:56,g1h3 a7a6 b2b3 d7d5 e2e4 c8h3 f1a6 d5d4 c2c4 f7f6 g2g3 c7c6 e4e5 h3g2 b1a3 b7b5 h1g1 b5c4 g3g4 g7g6 b3c4 b8a6 d1f3 g2f3 g4g5 f3e2 g5f6 g8h6 e5e6 a6b8
52,B,material_adjudication,111,0.175036,260,2026-08-18 12:08:24,a2a4 e7e5 a1a2 f7f6 f2f3 a7a5 e2e4 f8c5 f1b5 b8c6 c2c3 c6d4 c3d4 e8f7 b5c6 b7c6 d2d3 c5d4 e1e2 f7e8 b1d2 h7h6 f3f4 c6c5 d1c2 g8e7 f4e5 g7g5 h2h3 h6h5 e5e6 e7g8 e4e5 f6e5 a2a3 d7e6 d2e4 c5c4 c1e3 c4d3 a3d3 g5g4 e3d4 e5d4 c2d2 g4h3 g1h3 g8h6 d3d4 h6f5 d4d8 e8e7 g2g4 h8d8 g4f5 d8d2 e2e1 d2d7 h1g1 e6e5 f5f6 e7f7 h3f2 c8b7 e1e2 f7f8 g1d1 a8d8 d1d7 d8d7 e4c5 d7d8 c5b7 d8e8 b7a5 e5e4 a5c6 e4e3 f2e4 f8f7 e2e3 e8e6 c6d4 h5h4 d4e6 h4h3 a4a5 h3h2 e4g5 f7f6 e6d4 f6g5 d4e6 g5g6 e6f4 g6g7 f4e6 g7g8 e6d4 h2h1q e3d2 h1d5 d2e3 d5e5 e3f3 e5d4 a5a6 d4d5 f3f4 d5d8 a6a7
53,B,value_resign,112,0.162545,265,2026-08-18 12:08:38,e2e4 e7e5 e1e2 d7d5 g1f3 a7a5 e4d5 b7b6 g2g3 e8e7 b2b3 e5e4 c1b2 f7f6 f3g5 d8e8 d2d3 b8d7 g5e6 d7e5 h1g1 a5a4 d5d6 e7d6 e6g7 e5g4 g7e8 d6d5 e8c7 d5d6 c2c4 a8a7 c4c5 d6c5 d3d4 c5d6 f2f3 d6c7 b2c3 h7h5 f1h3 h8h7 b1d2 g4f2 h3c8 f2d1 c8f5 d1c3 e2e1 e4f3 f5h7 f8d6 d2e4 c3e4 a1c1 e4c3 h7e4 f6f5 g1f1 f5e4 b3b4 e4e3 d4d5 f3f2 f1f2 e3f2 e1f2 h5h4 g3h4 d6e5 f2e3 c7b7 h4h5 b6b5 h5h6 g8h6 h2h4 h6g8 c1g1 e5f6 h4h5 f6h4 g1g8 c3d5 e3e4 d5b4 h5h6 h4f6 g8g2 b4d5 e4d5 a7a5 g2e2 a4a3 d5c5 a5a8 c5b5 a8d8 b5b4 b7a7 h6h7 a7b6 h7h8q d8h8 e2e4 f6a1 e4h4 h8h4 b4b3 h4h5 b3c2 b6c7
54,W,value_resign,41,0.121449,270,2026-08-18 12:23:04,e2e3 b7b5 b1c3 f7f5 g2g3 h7h5 h2h4 f5f4 e3f4 c7c5 a2a3 e7e6 d2d3 c8a6 f4f5 d8h4 h1h4 b8c6 c1f4 f8d6 f1e2 d6f4 e1f1 b5b4 a3b4 f4g5 e2h5 h8h5 f2f4 g5h4 a1a6 h4g3 d1h5 e8e7 g1e2 c5b4 c3a4 c6a5 c2c3 b4b3 f5f6
55,W,value_resign,43,0.112507,275,2026-08-18 12:23:33,e2e3 b7b5 b1c3 f7f6 h2h3 e7e5 f1b5 e8f7 g2g3 g7g5 e1e2 h7h5 c3d5 b8a6 a2a4 d7d6 d2d4 e5d4 e3d4 g5g4 h3g4 g8h6 b5d7 h6g4 g1f3 f8h6 h1h5 g4e3 f2e3 f7g8 e2d3 f6f5 d7c8 a8c8 h5h6 c7c6 d5f6 d8f6 h6f6 c6c5 d3e2 c5d4 f3d4
56,W,checkmate,57,0.164508,280,2026-08-18 12:26:52,e2e4 g7g6 g2g3 a7a5 h2h4 d7d6 g3g4 a8a6 a2a4 c7c5 g1f3 c5c4 b1a3 a6a7 e1e2 b8d7 h4h5 f7f5 a3c4 f5e4 c4d6 e7d6 f1g2 g6h5 g4h5 d8f6 b2b3 d6d5 d2d4 e4f3 g2f3 h7h6 b3b4 a5b4 a4a5 d7c5 d4c5 c8g4 f3g4 a7a5 g4d7 e8d7 a1a5 f6c3 d1d5 d7c8 c5c6 b7c6 d5e6 c8c7 f2f3 b4b3 a5a7 c7d8 f3f4 b3c2 e6d7
57,W,value_resign,59,0.126753,285,2026-08-18 12:27:22,e2e3 b7b5 c2c3 e7e6 f1b5 a7a6 h2h4 c7c5 e3e4 a6b5 d2d4 e6e5 c1d2 f7f5 d4c5 f5f4 a2a3 g8h6 g1f3 e8f7 e1e2 h6g4 f3e5 f7e8 d2e3 c8b7 d1f1 h8g8 e3f4 d8b6 h4h5 b6c7 h5h6 d7d5 c5d6 g7g5 d6c7 g5f4 e5g4 b7c8 e2e1 c8d7 f1e2 g8g5 g4f6 e8e7 e2d1 f8h6 c3c4 b5c4 e4e5 g5g2 d1f3 g2f2 f3f2 d7e8 e1d2 b8a6 f2e1
58,B,value_resign,62,0.119072,290,2026-08-18 12:28:05,c2c4 f7f6 e2e3 g8h6 d2d3 b7b5 f1e2 e7e6 g1h3 d7d6 d3d4 d8e7 e1d2 e7d8 e2d3 h6f7 b1c3 b5c4 b2b3 c4d3 h3f4 d6d5 d1f1 h8g8 f4e6 d8d7 b3b4 a7a5 e6c7 d7c7 h2h4 f8b4 d2d3 c7c3 d3e2 h7h5 h1g1 c8a6 e2d1 b4d6 c1d2 a5a4 d2c3 e8e7 f1a6 b8a6 g2g4 a6b4 c3b4 g7g5 g4h5 d6b4 a1c1 e7d6 c1c7 d6c7 g1g5 f6g5 d1c1 b4d2 c1d2 g8f8
59,W,value_resign,65,0.137646,295,2026-08-18 12:28:49,h2h4 c7c6 f2f3 g8f6 c2c3 e7e6 e2e3 e8e7 d2d3 f6e8 g1e2 h7h6 a2a4 b7b6 e2d4 c8b7 b2b3 e6e5 c3c4 h8g8 c4c5 b6b5 b1a3 d7d5 a3b5 b7a6 e1d2 a6b5 d4b5 d8d7 f3f4 d5d4 e3d4 b8a6 c1a3 d7d5 b3b4 e7d7 d1c2 f7f5 b5a7 h6h5 f1e2 e8c7 c2b2 f8d6 c5d6 c7e6 d2e1 a6c7 d6c7 d7c7 e1d2 a8b8 b4b5 g8c8 g2g4 e5d4 g4f5 b8b5 a4b5 c7d8 h1f1 c8c7 a1b1
60,B,material_adjudication,66,0.092565,300,2026-08-18 12:29:04,e2e3 d7d5 f2f3 f7f6 c2c4 g7g5 g1h3 e7e5 c4c5 h7h6 h1g1 a7a5 b1c3 d5d4 e3e4 d4c3 h3f4 c8h3 f4e6 a8a7 g2h3 b8d7 a2a3 a7a6 g1h1 b7b5 b2b3 a6e6 f1g2 f8c5 h3h4 e8f8 d1e2 f8e7 b3b4 a5b4 g2h3 e7d6 a3b4 c5b4 e2b5 g8e7 b5b4 d7c5 b4a5 e7c8 e1e2 c5b3 d2c3 b3a5 h3e6 a5b3 e6c4 b3a1 h4g5 a1c2 e2f2 c2b4 g5g6 c7c5 c1g5 h6g5 c4b5 h8f8 b5d7 d8d7
61,B,material_adjudication,66,0.157280,305,2026-08-18 12:29:06,g1f3 d7d5 h1g1 g8f6 g2g3 c7c6 d2d4 g7g6 e2e3 c8d7 g3g4 c6c5 g4g5 f6g4 d4c5 b8a6 d1d4 a6b4 c2c3 f8h6 d4d5 a8b8 g1g4 b4d5 e1e2 d5e3 f1g2 f7f6 g4a4 e3c2 a4f4 e7e5 f4c4 e5e4 c1f4 e4f3 e2d1 c2a1 d1c1 a7a6 h2h3 b8c8 g5h6 a6a5 c5c6 b7c6 c4b4 a5a4 f4e5 c6c5 b1a3 f6f5 e5h8 c5b4 c3c4 c8a8 c1d2 a8c8 a3b1 a1c2 d2c2 b4b3 c2d3 f3g2 h3h4 g6g5
62,W,value_resign,67,0.108315,310,2026-08-18 12:29:20,e2e4 b8a6 g2g4 d7d5 f2f4 e7e5 c2c3 g8e7 g4g5 e5f4 h2h4 d5e4 c3c4 c7c6 b2b4 a6b4 c1a3 f7f6 b1c3 a7a6 g5f6 c8e6 d1c2 b4c2 e1e2 e8f7 f6g7 e6c4 e2f2 c2a3 g7h8q e7g8 g1f3 a8c8 h4h5 e4e3 d2e3 c4f1 e3f4 g8f6 f3e5 f7e8 h5h6 f6h5 h1h5 f1g2 e5c6 b7c6 a1d1 a3c4 d1d8 c8d8 h5e5 c4e5 h8e5 e8f7 f2g2 f8b4 f4f5 b4c3 e5c3 d8d3 c3d3 f7g8 g2g3 a6a5 d3c4
63,W,material_adjudication,72,0.121194,315,2026-08-18 12:30:26,g2g4 d7d5 b1a3 e7e5 a3b5 h7h6 a2a3 e5e4 h2h4 h6h5 f1h3 f7f5 f2f4 f5g4 a1b1 e4e3 a3a4 a7a6 h3g2 d8d6 b5d6 c7d6 a4a5 a8a7 h1h3 g4h3 d2e3 d5d4 d1d4 h3g2 e1f2 b8c6 d4d3 c6a5 d3d4 a5c4 f2g2 c8g4 g1f3 a6a5 g2g3 g8f6 d4a7 g4f3 a7b8 e8d7 c2c3 f8e7 b8h8 f3g4 h8g7 g4e6 f4f5 f6g4 f5f6 d7c8 g7h8 c8d7 h8h7 g4f6 h7g7 d7c7 b2b4 a5b4 c3b4 c4e5 g7e7 c7c8 c1d2 e5g4 b4b5 e6d7
64,B,material_adjudication,75,0.117283,320,2026-08-18 12:31:07,e2e3 h7h6 d2d4 g7g5 g2g4 e7e5 h2h4 e5e4 f2f4 c7c6 d4d5 f7f6 f4g5 h6h5 h1h3 d7d6 f1e2 h5g4 c2c3 c6c5 c3c4 b7b5 e1d2 g4h3 h4h5 e8d7 a2a4 b5a4 e2d3 h8h5 d1h5 e4d3 g1h3 d7c7 b2b4 a4b3 b1c3 f6f5 c3b5 c7b6 d2d3 a7a6 c1a3 a6a5 h3f2 c8d7 a1g1 b8a6 b5d6 d8c7 e3e4 c7b8 h5d1 f8d6 g1e1 d6c7 a3b2 b6a7 d1f3 a6b4 d3d2 c7b6 e4e5 b8d8 d2e2 d8e8 e5e6 b4a2 e1c1 a2c1 e2e3 d7e6 d5e6 e8e7 f3f5
65,W,material_adjudication,80,0.148717,325,2026-08-18 12:32:13,d2d4 f7f6 g1h3 a7a6 f2f4 e7e6 g2g3 d7d6 h3g5 h7h5 a2a3 f6f5 d4d5 h8h6 e1d2 h6h8 g5e6 b7b6 b1c3 c8e6 d5e6 g7g5 c3d5 c7c5 d5e3 b6b5 d2e1 b8d7 e1d2 d7b8 e3g2 a6a5 c2c3 h5h4 g3g4 b8a6 d2d3 g5f4 c1d2 d6d5 g4f5 d8c7 e2e4 f8g7 f1e2 h4h3 d2f4 h3g2 f4c7 g2h1q d1h1 g7e5 h2h4 g8h6 c3c4 e8f8 c4b5 a6c7 h1f3 h6f5 e4f5 e5h2 f5f6 f8g8 f3g2 g8f8 d3c2 c7e6 e2f3 a5a4 g2e2 h8h4 e2e6 d5d4 f3a8 h2g3 e6f5 f8g8 c2d3 g3b8
66,W,value_resign,41,0.112441,330,2026-08-18 12:33:05,g1f3 d7d5 h1g1 g8h6 c2c3 a7a5 e2e3 a8a7 f1b5 b8c6 b5c6 d8d7 b1a3 g7g6 f3g5 h8g8 d2d4 e7e6 c6d7 e8d7 g5f7 c7c5 d1f3 h6g4 f3g3 c5c4 f2f3 g4e3 c1e3 h7h6 f3f4 e6e5 g3f3 e5d4 e3d4 a7a6 f3g4 d7e8 f7h8 f8e7 d4c5
67,W,checkmate,91,0.101300,335,2026-08-18 12:34:38,e2e4 g7g6 g2g4 b7b5 b1a3 g6g5 d2d4 f7f6 f1b5 c7c5 f2f4 e8f7 c2c3 c8a6 e1f2 a6b5 a3c2 b8a6 d4d5 f8g7 f4f5 h7h6 d1d2 d8b6 g1f3 c5c4 f2g3 b6c5 h1f1 c5c8 a2a3 b5a4 f3d4 c8c7 d5d6 e7d6 d4b5 a4b5 g3f3 c7c6 f1g1 c6c5 f3g2 a6b4 a3b4 c5e5 a1a5 a8b8 d2d4 e5d4 c2d4 b8b6 d4b5 g8e7 a5a7 b6b5 h2h4 h8e8 g2g3 e7g8 g1d1 b5b4 c3b4 e8e7 e4e5 d6e5 b4b5 g5h4 g3g2 h4h3 g2g3 h3h2 b2b3 h2h1q d1h1 e7e8 h1e1 g8e7 b3c4 e8f8 e1e3 e7c6 b5c6 e5e4 a7b7 f7e8 c4c5 d7d5 c5d6 f8f7 b7b8
68,B,value_resign,98,0.106073,340,2026-08-18 12:36:14,g2g3 g7g5 f2f4 g5f4 b2b4 b7b5 h2h4 f4g3 d2d3 d7d6 e2e3 c7c5 h1h2 e7e6 b4c5 f7f5 h2h1 f5f4 d3d4 d6c5 f1b5 e8f7 e3f4 f7g7 e1d2 c5d4 a2a3 d8f6 a3a4 e6e5 b5d7 b8d7 d2e2 d7c5 e2f3 h7h5 f3g3 c5b3 c2b3 f6d8 a4a5 g7g6 b3b4 g8h6 b1d2 d8e8 d2e4 h6f5 g3f2 f5e3 c1e3 d4e3 f2e3 f8b4 d1c2 c8a6 g1h3 e8c8 c2c8 h8c8 h1g1 g6h7 e4g5 h7g8 g1f1 a6f1 f4f5 e5e4 h3g1 b4c3 a1f1 c8d8 g5f7 g8f7 f1c1 a8c8 c1c3 f7f8 c3c8 d8c8 e3f4 c8d8 f4e3 a7a6 g1e2 d8d6 e2f4 d6c6 e3d4 c6c8 f5f6 f8f7 f4d3 e4d3 d4e4 d3d2 e4f5 c8c1
69,B,checkmate,34,0.125291,345,2026-08-18 12:36:41,e2e3 h7h6 e3e4 d7d5 e4e5 f7f5 f2f3 a7a5 e5e6 d8d6 e1e2 h8h7 f3f4 c7c6 d2d3 d6c7 e2e3 d5d4 e3d4 c8e6 h2h4 a8a6 g2g4 g7g6 d1e1 h7f7 e1f2 b8d7 h1h2 d7f6 c2c3 f6g4 d4c5 c7b6
70,B,value_resign,104,0.142366,350,2026-08-18 12:37:39,a2a4 b7b5 b2b4 g7g6 f2f3 h7h5 h2h4 f7f6 g2g3 h8h7 c1a3 d7d6 d2d3 e7e6 b1d2 h7g7 f3f4 b8c6 a1b1 f6f5 c2c4 e6e5 d2b3 b5a4 g1h3 c6d4 h3f2 d4b3 d1b3 d6d5 c4d5 a4b3 e2e4 g8e7 f2g4 e5f4 h1h3 c8b7 f1e2 b3b2 a3b2 f5g4 h3h1 c7c5 e1d1 b7a6 h1g1 d8c7 g3f4 e7g8 d5d6 f8d6 b2g7 c5b4 b1c1 c7e7 f4f5 e8d7 d3d4 g6g5 e2a6 d7e8 g7e5 d6e5 d4e5 e7c7 c1c7 a8d8 d1c2 g5h4 g1d1 d8d1 c2d1 g8h6 a6b5 e8f8 c7a7 g4g3 a7a8 f8e7 f5f6 e7f7 a8a2 g3g2 a2g2 h6g4 g2g4 h5g4 b5a4 b4b3 d1c1 h4h3 c1b2 h3h2 a4b5 h2h1q b5d3 h1f3 d3e2 f3e2 b2c1 e2e1 c1b2 f7e6
71,B,value_resign,46,0.155112,355,2026-08-18 12:37:55,g1h3 b7b5 b2b3 d7d5 d2d4 e7e6 c1e3 e8e7 f2f4 a7a6 a2a3 e7e8 e1d2 f8d6 a3a4 d6a3 f4f5 g8f6 d2d3 g7g6 h1g1 h7h5 g2g4 h8g8 d1c1 b5a4 h3g5 a3c1 b1c3 c8b7 c3a4 e6e5 f5g6 e5d4 e3d4 f7g6 d4e5 f6g4 e2e3 e8e7 g5e6 e7e6 e3e4 e6e5 h2h3 g4f6
72,B,checkmate,40,0.105451,360,2026-08-18 12:37:56,g1h3 f7f5 g2g4 g7g5 b2b4 b7b5 c2c4 b5c4 b4b5 a7a5 c1b2 d7d6 b1c3 d6d5 c3a4 e7e5 g4f5 f8c5 a1b1 e8e7 f1g2 d5d4 b5b6 c7b6 g2a8 c5b4 h1f1 b8c6 d1c2 g5g4 f2f4 d4d3 a8c6 d3c2 b1c1 c8f5 h3g5 e7f8 e2e4 d8d2
73,B,material_adjudication,121,0.132996,365,2026-08-18 12:42:09,g1h3 b7b5 b2b3 g8f6 g2g4 d7d5 c2c4 e7e6 c4d5 g7g6 d2d4 f6g8 c1g5 h7h5 g5d8 h5h4 h3g5 b8a6 e2e3 c7c5 d4c5 e6d5 f1b5 c8d7 b1c3 d7b5 e1d2 d5d4 c5c6 h4h3 g5f7 a8d8 f7h8 a6c7 h1g1 d8b8 c3b5 a7a6 d2e1 a6b5 e3d4 c7e6 d1f3 g6g5 b3b4 e8d8 h8f7 d8c7 e1d2 b8c8 f3e2 e6d4 e2e3 g8h6 d2d3 d4f5 f7h8 f5e3 f2e3 c7c6 h8g6 h6g4 g1g4 f8d6 g4g1 d6h2 a1c1 c6d5 g1h1 c8c1 h1c1 g5g4 c1d1 d5e6 g6f4 h2f4 e3f4 e6f5 a2a4 g4g3 a4b5 g3g2 d1g1 f5f4 b5b6 f4f3 d3c2 h3h2 g1e1 g2g1q b6b7 g1b6 b7b8q b6b8 e1f1 f3g2 f1h1 b8c8 c2d3 g2f3 h1h2 c8d8 d3c4 d8f6 h2e2 f6d8 e2f2 f3e4 f2e2 e4f3 e2f2 f3g4 f2e2 g4f3 e2e3 f3e3 b4b5 d8b6 c4d5 b6b7 d5e5
74,B,material_adjudication,67,0.144784,370,2026-08-18 12:43:13,g1h3 b7b5 b2b3 g7g6 g2g3 g8f6 d2d4 d7d5 c1g5 f8g7 g5f6 h7h6 f2f3 h6h5 f3f4 h8f8 g3g4 h5h4 d1c1 e7f6 f4f5 b8c6 c1d1 f8h8 c2c4 d5c4 d1d2 h8g8 b1c3 c8d7 c3d5 d7f5 g4f5 g8f8 f1g2 e8d7 d5e3 c6d4 e3d5 d4c6 h3g5 f6g5 a2a3 g7f6 g2e4 f6a1 f5g6 d7c8 g6f7 c6e5 b3c4 b5b4 d5b4 d8d2 e1d2 a1d4 d2d1 a7a6 e4d5 g5g4 h1g1 d4g1 d1c2 f8h8 c2d1 h8f8 h2h3
75,B,checkmate,62,0.116500,375,2026-08-18 12:43:14,g1h3 d7d5 h1g1 g8f6 b2b4 c8e6 g1h1 b7b5 c1b2 e6c8 g2g4 g7g6 e2e3 c8e6 f2f3 e6c8 f3f4 a7a6 e1f2 h7h5 h3g1 f6g4 f2g2 a8a7 e3e4 f7f6 f1b5 a6b5 h2h4 d5e4 f4f5 g6f5 g1h3 e4e3 a2a3 e7e6 d2d3 c8b7 g2f1 b7d5 c2c4 c7c5 d3d4 b5c4 b4c5 f8e7 h3g5 d5h1 b1c3 e6e5 c3b5 e5d4 g5f7 g4f2 f7d8 f2d1 b5a7 c4c3 d8e6 c3c2 a1d1 c2d1q
76,W,value_resign,51,0.103324,380,2026-08-18 12:45:06,g1h3 b7b5 b2b3 b8c6 f2f4 c8b7 h3g1 d7d5 g1h3 g7g5 a2a3 e7e5 c1b2 f8d6 f4g5 d8e7 e2e4 d5e4 g2g4 g8f6 h1g1 c6d4 b1c3 f6g4 b3b4 a8c8 a1a2 d4f3 d1f3 e4f3 g5g6 f7f5 c3d5 d6c5 d2d4 f5f4 d5e7 c5b4 a3b4 c7c5 e7c8 g4e3 h3g5 c5b4 h2h4 e5e4 a2a5 b4b3 c8b6 e8d8 c2c4
77,B,value_resign,54,0.115168,385,2026-08-18 12:46:59,c2c4 b8c6 d2d3 c6b4 f2f4 f7f5 e2e3 a7a5 b1c3 c7c5 g2g3 d7d5 c3d5 e7e6 d1d2 e6d5 a2a4 h7h6 c4d5 g7g6 h2h3 f8d6 d3d4 h6h5 d4c5 d6e5 f1e2 c8d7 e2f1 b4d5 e1e2 d8c7 d2d5 d7c6 d5e5 e8d7 g3g4 b7b5 h1h2 h8h7 e5f6 g8f6 a1a2 f6g4 h3g4 b5a4 f1h3 h5g4 h3f1 h7h2 e2e1 d7e6 e1d1 c7b7
78,B,material_adjudication,73,0.138394,390,2026-08-18 12:47:18,g1h3 e7e5 b2b4 e8e7 g2g4 c7c6 g4g5 g8f6 h1g1 f6e4 f1g2 e4d2 e1d2 d8e8 g2f1 d7d6 a2a4 f7f5 g5g6 c8e6 d2e1 b7b6 c1b2 e5e4 b2c1 e4e3 b4b5 a7a6 b5c6 a6a5 c1e3 b8d7 e3b6 d7f6 b6a5 a8a5 c2c3 e8c6 e2e3 f5f4 f1d3 c6b7 c3c4 f6d5 e1d2 f4e3 f2e3 e7e8 d1h5 d5e3 h5a5 d6d5 d2e3 d5c4 a5b5 e6d7 g1h1 d7b5 a4b5 c4d3 h3g5 b7h1 g6h7 h1h2 g5f3 h2g2 a1a3 f8a3 b1a3 e8d7 b5b6 d7e6 a3b1
79,B,material_adjudication,101,0.123137,395,2026-08-18 12:48:11,e2e3 e7e5 g1f3 a7a5 e3e4 a8a6 g2g4 c7c5 a2a3 d7d6 f3g5 b7b6 d2d4 e5d4 a1a2 g8f6 h2h4 d8d7 c1f4 c5c4 b2b4 d7b5 f1c4 c8d7 c4b5 d7b5 f4g3 a5b4 h1g1 b8c6 a3a4 c6d8 a4b5 a6a2 e4e5 f6g4 e1f1 h7h6 g5f7 g4h2 f1g2 d8f7 e5d6 g7g6 g1e1 e8d8 e1e5 f7g5 d1c1 d4d3 h4g5 a2a8 g5h6 f8h6 c1h6 h8h6 e5e1 d3c2 g3e5 c2b1q e1b1 h6h7 b1b4 d8d7 b4d4 d7e6 e5f6 a8a4 d4a4 h7d7 g2h2 d7d6 f6b2 g6g5 a4a8 d6d8 a8d8 g5g4 f2f3 g4f3 h2h3 e6e7 d8b8 f3f2 h3g4 f2f1q b8g8 f1e2 g4g3 e2b2 g8b8 b2b1 b8b6 b1g1 g3f3 g1b6 f3e2 e7d6 e2f3 b6c7 f3g3
80,W,material_adjudication,70,0.157966,400,2026-08-18 12:48:12,b2b4 f7f5 g2g4 c7c5 b4c5 f5f4 h2h3 b7b6 a2a3 g7g5 d2d3 g8h6 e2e3 e8f7 a3a4 c8b7 f2f3 b8a6 c5c6 f8g7 c2c4 g7a1 b1a3 f7g6 e3f4 a6c5 f4f5 h6f5 d1c2 c5e4 g4f5 g6f7 f3f4 a7a6 h1h2 g5f4 c1e3 f7f6 g1f3 f4e3 d3d4 h7h6 f1g2 e4g3 c6b7 a1d4 b7a8q d4c5 a4a5 b6b5 a8d8 h8d8 f3e5 c5b4 e1d1 h6h5 g2e4 g3e4 a3b5 a6b5 h3h4 e4c3 d1e1 c3d1 e1d1 b4c5 c4b5 d7d6 c2e2 c5b4
81,W,value_resign,43,0.087836,405,2026-08-18 12:49:55,g1f3 e7e6 e2e4 g8f6 h2h4 b8a6 f3h2 d7d5 f1d3 e8e7 e4e5 d5d4 e1g1 g7g5 e5f6 e7d6 d3h7 d8f6 h2g4 c7c5 a2a4 f8g7 b1c3 h8e8 h4g5 f6e7 g4h6 e7g5 h6f7 d6c6 f7g5 d4c3 g2g3 b7b6 h7e4 c6d7 d2d3 a6b8 b2b4 c5c4 d3c4 d7c7 e4f5
82,B,value_resign,70,0.114911,410,2026-08-18 12:53:25,c2c4 e7e5 b2b4 b8c6 f2f3 h7h6 g2g3 a7a5 f1g2 h6h5 c4c5 a8b8 c1b2 f7f6 b2e5 f6e5 e1f1 e8e7 b1a3 c6d4 d2d3 h5h4 g2h3 d4e2 g1e2 h4g3 d1c2 d7d5 f3f4 h8h6 b4a5 c8h3 f1e1 g7g5 e2g3 g5f4 h1f1 g8f6 f1g1 e5e4 c2b2 e4e3 a1b1 f4g3 h2g3 e3e2 e1e2 h3f5 b1e1 d8d7 d3d4 h6h2 e2f3 f5e6 e1e6 d7e6 a3c2 b7b6 f3f4 e7e8 a5b6 f8e7 g3g4 e8d8 g1h1 h2h1 b2c3 b8c8 c2e3 e7d6
83,W,value_resign,65,0.117275,415,2026-08-18 12:54:01,g1f3 d7d6 e2e3 f7f5 e1e2 h7h5 d1e1 a7a6 a2a4 d6d5 f3e5 a8a7 d2d4 e7e6 c2c4 f8d6 c4c5 a7a8 b1d2 c8d7 c5d6 g7g6 e5f7 g8f6 a4a5 f6g4 f7h8 g6g5 h8f7 b7b5 d2f3 e8f7 b2b4 f5f4 f3g5 f7g6 h2h4 g4f6 h1g1 d7e8 g2g4 h5g4 e3f4 e6e5 f4e5 b8d7 e5f6 d7f6 a1b1 d8d7 c1b2 g4g3 e2d3 a8d8 f1e2 c7c6 b1c1 d8c8 b2c3 f6g4 f2g3 g4f6 g3g4 f6g4 g1g4
84,B,value_resign,40,0.131407,420,2026-08-18 12:54:19,c2c3 e7e6 g2g4 a7a6 c3c4 b8c6 e2e4 c6e7 h2h4 g7g5 h1h3 d7d5 d2d3 e7c6 f2f4 d5d4 e1d2 h7h5 d1a4 e6e5 a2a3 c8f5 a4b5 f5c8 g1f3 c8f5 c4c5 e5f4 f3g5 f5g4 g5e6 a6b5 e6f4 c6e5 c5c6 e8e7 b2b3 g4d1 d2d1 a8c8
85,B,value_resign,44,0.123705,425,2026-08-18 12:57:29,g1h3 g7g5 e2e4 g5g4 e1e2 b8c6 b1c3 c6e5 b2b3 f7f5 c1b2 a7a6 a1b1 f8g7 e4f5 g4g3 f2f4 a8a7 h3g1 e8f8 c3e4 d7d6 e4c5 e5d3 e2d3 g7b2 d1e2 b7b6 c2c4 b6b5 e2e3 e7e6 g1f3 d6c5 f3d4 b2d4 c4b5 a6b5 e3d4 c5d4 d3e2 g8f6 h2h4 c8b7
86,B,value_resign,40,0.124901,430,2026-08-18 12:59:29,g1h3 c7c5 b1a3 g7g5 g2g4 d8c7 h3g5 c7h2 e2e4 h2h1 f2f3 b7b6 e1f2 b8a6 f1h3 f7f5 f2g3 e7e5 g4f5 h1d1 c2c4 d1h1 b2b3 e8d8 h3g2 h1e1 g3h2 a6b4 c1b2 e1h4 h2g1 a7a6 f3f4 e5f4 g2f3 h4g5 g1f2 g5f6 e4e5 f6g5
87,W,checkmate,9,0.052939,435,2026-08-18 13:00:05,e2e3 g7g5 d2d4 f7f5 h2h4 c7c6 d1f3 h7h6 f3h5
88,W,value_resign,111,0.107479,440,2026-08-18 13:00:40,e2e4 g8f6 e1e2 f6e4 g2g4 e4f2 a2a4 e7e6 h2h3 f8d6 e2f2 c7c6 c2c3 d6a3 g4g5 f7f6 f1a6 h7h6 d1h5 g7g6 b2a3 b8a6 h5g6 e8e7 f2g3 f6f5 g1f3 a6c7 d2d4 e6e5 h1e1 f5f4 g3f2 h8g8 g5h6 g8g6 d4d5 d8f8 c1f4 g6g8 f4c1 c7a6 c3c4 c6c5 f2e3 f8h6 e3e2 h6h3 c1d2 e5e4 f3h4 h3h4 d2e3 g8d8 e1f1 e7d6 f1h1 d8e8 h1h4 e8g8 e2f1 a6b8 h4h5 g8g7 h5h4 g7g8 h4h5 b8a6 h5h7 g8g4 e3c5 d6c5 b1c3 c5d6 c3b5 d6c5 d5d6 c5c4 a1e1 e4e3 f1e2 a8b8 b5a7 a6c7 e1g1 g4g1 a7b5 c7e6 e2e3 b8a8 b5a7 b7b6 h7h4 c4d5 h4h1 c8b7 h1g1 b7c6 g1d1 d5c4 a7c6 a8a4 c6b4 e6c7 d6c7 b6b5 c7c8q c4b3 c8b7 a4a3 b7b8
89,W,value_resign,48,0.129220,445,2026-08-18 13:01:54,e2e3 c7c5 e3e4 e7e5 b1a3 g8f6 f1b5 e8e7 a1b1 d7d6 f2f4 c8d7 g1e2 d7c6 h1f1 d8a5 c2c4 c6b5 d1a4 e5f4 a4b5 g7g5 b5a5 b8c6 e4e5 h7h6 e2f4 g5f4 e5f6 e7e8 a5b5 d6d5 c4d5 a8b8 d5c6 b7c6 b5c6 e8d8 e1f2 b8b3 a2b3 h8h7 f1e1 f8d6 e1e2 d6c7 e2e4 d8c8
90,W,material_adjudication,70,0.096556,450,2026-08-18 13:02:15,c2c4 a7a5 g2g3 b8c6 b2b3 f7f5 h2h4 g8h6 e2e3 c6b4 f2f4 b4d3 f1d3 g7g5 d1c2 h6g4 f4g5 d7d5 b1a3 c7c5 c2b2 g4h2 g5g6 e8d7 b2e5 f8g7 e5g7 h2g4 d3f5 d7c7 f5c8 d8c8 g1h3 g4e5 g7e5 c7d7 a3c2 b7b6 h3g1 a5a4 c4d5 h8e8 h4h5 h7h6 e1d1 e8d8 d5d6 e7d6 e5f6 d6d5 g1e2 d8f8 f6g7 d7d6 g7f8 c8f8 b3a4 f8c8 g6g7 c5c4 a4a5 a8a5 d2d4 a5a4 g7g8q b6b5 e2g1 d6c6 g8c8 c6d6
91,W,value_resign,95,0.132228,455,2026-08-18 13:03:37,g1f3 b7b6 h2h4 b8c6 b1a3 g7g6 a3b1 a7a5 h1h2 c6d4 e2e3 c7c5 e3e4 g8h6 g2g3 d4e2 d2d3 e2d4 f3g5 a8a7 c2c4 c8a6 g5f7 a6b5 c1h6 a7a6 b1a3 a5a4 f7h8 f8h6 f1e2 h6d2 d1d2 a6a8 a3b5 a8b8 b5d4 c5d4 e1d1 e8f8 d1c2 g6g5 e2f3 d7d5 f3g4 d5e4 d2e1 e4e3 f2f4 h7h5 f4g5 h5g4 c4c5 f8g8 b2b4 a4b3 c2b2 d8d7 a2a4 b8c8 h2g2 g8h8 h4h5 c8c5 g5g6 c5c6 a1a3 c6e6 a4a5 e3e2 a5b6 h8g7 e1e2 e6e2 g2e2 d7d8 b6b7 d8b8 e2e7 g7f6 g6g7 f6e7 g7g8q b8b7 g8g4 b7c7 g4d1 c7g3 a3b3 g3g4 d1g4 e7f6 g4f5 f6e7 b2a3
92,W,value_resign,135,0.108207,460,2026-08-18 13:05:39,e2e4 e7e6 h2h3 d7d5 g2g4 d5e4 f2f3 f7f5 b2b4 c7c5 c2c4 d8d7 b4c5 f5g4 c5c6 d7e7 c1b2 c8d7 g1e2 e7b4 b1c3 g4h3 c3e4 d7c8 b2f6 g7g6 a2a3 b4d2 e1d2 b8c6 f6h8 c6e5 f3f4 e5c6 e4g5 e6e5 g5f7 e8f7 d2e3 e5f4 e2f4 a8b8 d1d5 f7e7 f4h3 c6a5 f1d3 g8f6 a3a4 f6d5 e3f3 d5c3 h8c3 e7d7 d3g6 h7g6 h3g5 f8d6 g5e4 b7b5 c4b5 c8b7 c3d4 b7d5 a1a3 d6a3 b5b6 d5e4 f3e4 a3d6 b6a7 d7e8 a7b8q d6b8 d4c5 g6g5 h1f1 g5g4 f1g1 b8f4 e4f4 e8f7 g1d1 f7g6 f4g4 a5b3 a4a5 b3c5 a5a6 c5a6 d1c1 a6b4 c1c8 b4d5 g4f3 d5c3 c8c3 g6f6 c3c2 f6e7 c2e2 e7d6 e2c2 d6e6 c2e2 e6d5 e2g2 d5c4 g2h2 c4d5 h2h7 d5e6 f3e2 e6f6 h7h8 f6g7 h8d8 g7f6 e2f1 f6e7 d8b8 e7f7 f1f2 f7e7 f2f1 e7d7 b8g8 d7e7 f1g1 e7f7 g8a8 f7e7 g1f1 e7f7 f1g1
93,B,material_adjudication,66,0.153012,465,2026-08-18 13:06:24,b2b4 b7b5 g1f3 d7d6 b1c3 f7f5 c1b2 e8d7 c3d5 b8a6 h1g1 c8b7 g2g3 b7d5 f3e5 d7e6 a2a3 a6b4 e2e4 a7a5 d1b1 a8a6 e5f3 d5b7 e4f5 e6d5 h2h3 b4c2 e1e2 d8c8 g3g4 c2a1 e2d1 a5a4 b1a1 g7g6 f5g6 h7g6 f1b5 h8h3 f3d4 c7c6 f2f4 c6b5 d4b5 c8d8 d2d3 a6b6 a1c1 h3d3 c1d2 d3d2 d1d2 f8g7 b2d4 e7e5 d4b6 d8b6 b5d6 g6g5 g1c1 e5f4 c1b1 g7e5 b1e1 f4f3
94,B,material_adjudication,69,0.155923,470,2026-08-18 13:06:55,g1h3 b7b5 a2a3 h7h5 g2g4 g7g6 b1c3 e7e6 h3g5 d7d5 f2f3 h5g4 a1b1 g4f3 e2f3 d5d4 f1d3 e8e7 g5e6 f7e6 c3e4 f8g7 b2b4 a7a5 c1b2 b8a6 h1f1 e6e5 e4g5 a6b4 b2d4 e5d4 a3b4 a5b4 h2h4 c8b7 b1b4 a8a3 b4d4 g7d4 g5e6 e7e6 h4h5 d4c3 h5g6 h8h7 g6h7 d8e8 h7h8q c3h8 d3b5 e8d8 f1h1 h8g7 b5c6 b7c6 c2c3 d8d5 c3c4 d5c4 d1e2 e6d5 e2c4 d5c4 e1d1 a3a2 d1e1 g7f6 d2d3
95,W,value_resign,47,0.135913,475,2026-08-18 13:07:10,h2h4 a7a6 d2d4 b8c6 e2e4 c6d4 b1c3 g8f6 e4e5 d4c2 d1c2 g7g5 c3d5 b7b6 f2f4 g5f4 c1f4 c8b7 f1e2 a6a5 a1b1 f6e4 a2a4 d7d6 h4h5 e4f6 c2c3 f8h6 e2b5 d8d7 c3d4 d7b5 a4b5 c7c5 d4c4 b7d5 c4c3 d5b3 e5f6 h6g7 f6g7 e8d8 g7h8q d8d7 f4g5 a8a7 h1h2
96,B,value_resign,52,0.112461,480,2026-08-18 13:08:55,e2e4 e7e6 h2h3 a7a6 f1b5 f7f5 e4f5 e8e7 f2f4 a8a7 c2c4 d7d5 b5c6 d5d4 c6b5 h7h6 d1c2 g8f6 b1c3 e7d6 a1b1 d4c3 h1h2 a6b5 g1f3 e6f5 d2d4 b5c4 b2c3 c7c6 g2g3 f6e4 c1d2 c8d7 d4d5 b7b6 a2a4 c6d5 b1b6 d8b6 a4a5 a7a5 e1d1 e4d2 d1d2 h6h5 f3g5 h5h4 g5h7 h4g3 d2c1 h8h7
97,W,value_resign,115,0.126159,485,2026-08-18 13:10:13,g1h3 b7b5 b2b3 h7h6 c2c4 h8h7 c4b5 g8f6 g2g4 c8a6 g4g5 g7g6 g5f6 h6h5 c1b2 a6b5 f1g2 b8a6 a2a3 c7c5 g2e4 e7f6 e4g2 b5e2 d1e2 f8e7 h1g1 d8a5 e2f3 a6b4 a3b4 a5a1 e1d1 a1b2 f3a8 e7d8 b4b5 b2b1 d1e2 c5c4 g1b1 c4c3 a8e4 e8f8 b1c1 c3c2 e2d3 g6g5 d3c2 h7h8 c2d3 g5g4 b5b6 a7b6 c1e1 d7d5 e4d5 b6b5 g2e4 g4h3 d5d4 d8b6 f2f3 b6d4 e4d5 f8g8 d3d4 g8g7 e1g1 g7h6 g1d1 h8d8 d4e4 d8e8 e4f5 e8d8 d5c6 b5b4 f5f6 d8c8 d2d4 c8c6 f6e7 c6c2 d4d5 h5h4 f3f4 h6h5 e7f7 c2b2 d5d6 b2b3 f7e6 b3b2 f4f5 h5g5 f5f6 b2b1 d1b1 g5f4 b1c1 b4b3 c1c4 f4f3 c4b4 b3b2 b4b2 f3f4 b2b1 f4f3 b1c1 f3g2 c1c7 g2h1 e6e7
98,W,value_resign,51,0.111471,490,2026-08-18 13:13:36,g1h3 c7c5 f2f3 g8f6 g2g4 d7d6 c2c4 e7e6 b2b3 f8e7 h3g5 c8d7 b1a3 b8c6 f1g2 g7g6 a3b5 h7h6 b5d6 e8f8 e2e4 h8h7 a2a4 h6g5 h2h3 b7b5 a4b5 c6d4 b3b4 e7d6 a1a5 c5b4 c4c5 a8c8 c5c6 e6e5 c6d7 d4f3 e1f2 c8c5 b5b6 f6d7 b6a7 c5c7 a7a8q d8a8 a5a8 c7c8 a8c8 f8g7 h1f1
99,W,value_resign,49,0.120362,495,2026-08-18 13:13:37,d2d4 b8c6 h2h4 d7d6 g1h3 f7f6 g2g4 d6d5 h1g1 a7a5 c1d2 g7g5 b1c3 b7b5 d2g5 h7h5 a2a3 e7e5 g4h5 c6d4 h5h6 f8g7 c3d5 e5e4 d5b4 a8a6 a1a2 c8f5 e2e3 f6g5 h3g5 a5b4 e3d4 g7h6 f1b5 e8f8 b5a6 h6g5 h4g5 b4b3 c2b3 h8h2 b3b4 h2h1 g1h1 d8d5 f2f4 e4f3 d1f3
100,B,value_resign,134,0.170035,500,2026-08-18 13:14:57,e2e4 a7a5 d2d4 g7g6 b2b4 a8a6 a2a3 h7h5 h2h4 a5b4 e1e2 e7e5 d4e5 f8c5 d1e1 d7d6 h1h2 b8d7 g1f3 h8h7 a3a4 f7f5 e1d1 b4b3 c2b3 d7e5 f3d4 g8e7 d4f3 h7h6 f3e5 d6e5 d1d8 e8d8 c1h6 a6d6 f2f4 c7c6 a4a5 c5b4 b1a3 b4a3 e4f5 g6f5 a1a3 d8c7 g2g3 e7g8 e2e1 g8h6 g3g4 h6g4 h2a2 d6d7 f4e5 g4e5 a2a1 d7d4 a1d1 d4d1 e1d1 f5f4 d1c2 f4f3 a3a1 c8f5 f1d3 e5d3 a1d1 c7d7 d1d3 f5d3 c2d3 d7e6 b3b4 e6d7 d3e3 b7b6 e3f3 d7d8 a5b6 d8c8 f3g2 c8b7 g2g3 b7b6 g3f2 b6b5 f2g3 b5b4 g3f2 b4a3 f2g3 a3a2 g3f2 a2a3 f2g3 a3a2 g3g2 a2a3 g2g3 a3a2 g3g2 a2a3 g2g3 a3a2 g3f2 a2b2 f2g3 b2a3 g3f4 a3a2 f4e5 a2b2 e5f6 b2b3 f6g7 c6c5 g7f6 c5c4 f6g7 c4c3 g7f6 c3c2 f6g7 b3b2 g7h8 b2a1 h8h7 c2c1q h7g8 c1b2 g8f8 b2b4
101,W,material_adjudication,74,0.144503,505,2026-08-18 13:15:46,e2e4 e7e6 h2h3 d7d5 e4e5 d5d4 g1f3 h7h6 a2a4 a7a5 g2g3 b7b6 h1g1 f7f6 c2c3 e8d7 f1a6 c8b7 f3d4 f8b4 g3g4 f6e5 a6b7 g7g5 f2f4 g5f4 d4c2 d7d6 b7e4 b4c3 d2c3 d6e7 a1a2 e7f6 g1f1 g8e7 d1f3 e7f5 g4f5 f6g7 f5e6 d8e7 c1e3 h8f8 e3b6 f8g8 e1d2 b8c6 f3d3 c6d4 d2e1 d4f3 e1e2 c7b6 f1f2 a8b8 e2f1 f3g5 d3c4 g8h8 f1e1 g5e4 c4e4 b6b5 e4f5 b8c8 f2h2 e7e6 f5e6 h8h7 e6c8 g7f7 a4b5 h6h5
102,W,value_resign,49,0.097883,510,2026-08-18 13:16:05,e2e4 g8f6 a2a4 h7h6 b1c3 f6e4 a1a3 b7b6 f1b5 e4g5 h2h3 a7a5 f2f4 a8a7 g1f3 c7c5 b5f1 g7g6 f1c4 b6b5 c3b5 e7e6 e1f2 d7d6 h3h4 b8a6 b5d4 c5d4 h1h2 e6e5 h4h5 a6b4 f3d4 b4d3 a3d3 h8g8 d4b5 c8f5 h5g6 e5e4 b5a7 e4d3 g6f7 e8d7 f7g8q d8c7 c4b5 c7c6 b5c6
103,W,value_resign,49,0.168243,515,2026-08-18 13:16:25,e2e4 e7e6 d2d4 d7d5 g2g4 d8g5 h2h3 f7f6 e4e5 b8c6 d1f3 g5g4 f3g2 e8d7 g2g4 g8h6 b1c3 h6g4 c1f4 g4e3 f2e3 f8d6 g1e2 d6e5 d4e5 f6e5 e1c1 g7g5 f4e5 b7b5 e5f6 c6e5 c3d5 c7c6 e2f4 c6d5 f6e5 a7a5 f1d3 d7e7 h1f1 g5g4 h3g4 a8b8 f4e6 c8e6 e5f6 e7f7 g4g5
104,W,checkmate,7,0.166488,520,2026-08-18 13:18:13,g1h3 f7f5 f2f4 h7h6 e2e3 g7g5 d1h5
105,B,value_resign,52,0.132403,525,2026-08-18 13:18:30,e2e3 d7d5 f1b5 d8d7 b5d7 c8d7 c2c3 f7f6 e1e2 a7a6 h2h3 g8h6 f2f4 c7c6 h3h4 g7g5 e2d3 a8a7 d1b3 f6f5 d3e2 c6c5 b1a3 h6f7 e2d1 f7e5 f4e5 e8d8 b3b7 a7b7 h4g5 d8c7 d1c2 b7b6 d2d4 b6g6 c3c4 d5c4 d4c5 g6g5 e3e4 g5g2 c2c3 e7e6 h1h2 g2g1 h2h1 g1h1 c3c4 f5e4 a3c2 b8c6
106,W,value_resign,101,0.158316,530,2026-08-18 13:19:00,d2d3 d7d5 c1h6 c8d7 h2h4 a7a6 e2e3 d5d4 b2b4 e7e6 c2c4 a8a7 e3d4 b8c6 g1e2 c6a5 g2g3 g7h6 d4d5 g8f6 b1c3 e6d5 e2g1 d5d4 g3g4 d7a4 d1a4 b7b5 a4b3 f6g4 f2f3 a5c4 h4h5 c4e3 c3d1 f7f6 d1e3 d4e3 f1h3 c7c5 b4c5 f8d6 c5d6 d8d7 f3g4 b5b4 e1d1 d7a4 b3a4 e8f8 a4b5 a6b5 a1c1 a7a2 h3f1 f8g7 g1e2 h8d8 e2d4 d8d6 d4b5 d6d7 d3d4 d7e7 c1b1 e3e2 f1e2 a2a6 h1f1 a6d6 b5d6 e7e6 b1c1 e6e7 c1c7 e7c7 g4g5 c7b7 g5h6 g7h6 d1e1 f6f5 f1h1 h6g5 h1f1 b7b6 h5h6 b6d6 e1f2 g5h6 f1b1 d6c6 d4d5 c6c7 b1b4 c7b7 b4b7 h6g5 b7b8 h7h6 b8h8
107,W,checkmate,53,0.155745,535,2026-08-18 13:21:56,g1f3 g8f6 h2h3 e7e5 a2a4 g7g5 f3g5 f6g8 a1a3 b8c6 c2c4 e5e4 b2b4 c6d4 d2d3 f7f5 c1d2 a7a6 d2e3 d7d6 g2g3 d4c6 e3c5 e4e3 g3g4 f5g4 g5f7 c6b4 f7d8 d6d5 f2f4 h7h6 c5b6 e8d8 d1b3 d5c4 d3c4 c7b6 e1d1 b6b5 f4f5 b5a4 b3a4 g4h3 f1h3 g8e7 a3e3 e7f5 a4a5 b7b6 a5b6 d8d7 h3f5
108,W,value_resign,67,0.143817,540,2026-08-18 13:23:59,b2b3 e7e6 g1h3 a7a5 b3b4 g7g6 d2d4 c7c5 c1g5 f7f6 b4a5 f8h6 a2a4 b7b6 b1d2 b6a5 a1c1 e6e5 h1g1 a8a7 d2c4 g8e7 g5h4 b8c6 g2g3 c6b8 c4e5 e7f5 e5f7 b8c6 f7d8 e8d8 d4c5 f5e3 d1d2 e3c4 h4f6 d8c7 e1d1 c6e5 d2d4 e5c6 d4e4 h6g7 f6g7 c6e5 g7h8 c8b7 e4d5 b7d5 h3g5 d5c6 g5h7 a7b7 h2h4 g6g5 h8f6 g5h4 g3h4 e5g4 e2e4 g4f6 f1c4 f6d5 e4d5 c6d5 c4d5
109,D,cap_draw,150,0.135949,545,2026-08-18 13:25:44,g2g3 c7c6 b1c3 d7d6 b2b3 b7b6 c1a3 c8b7 f1g2 g8f6 g2e4 f6e4 g1f3 g7g6 c3d5 c6c5 b3b4 e4c3 b4b5 c3d5 d2d3 g6g5 d1d2 b8c6 b5c6 d5b4 c2c4 b4c6 d2d1 b7a6 g3g4 c6a5 d1a4 b6b5 a4b5 a6b5 c4b5 d8b6 a3c5 d6c5 d3d4 e8d7 f3g5 c5d4 f2f3 b6b5 a2a3 f7f6 a3a4 f6g5 a4b5 e7e6 a1a5 f8d6 e1g1 d7e7 a5a6 d4d3 e2d3 a8c8 f1d1 e7d8 h2h3 h8e8 d3d4 d6e7 d4d5 e6d5 d1d5 e7d6 d5d2 d8d7 a6d6 d7e7 d6d4 e7e6 d2b2 c8c5 b2d2 h7h6 d4d6 e6e7 d2d1 c5b5 d1d4 b5b6 d6b6 a7b6 d4d2 e7e6 d2e2 e6f7 e2d2 b6b5 d2d5 f7e6 d5b5 e8d8 b5b7 d8d6 b7b8 e6f7 b8b3 f7g7 b3e3 d6d7 g1g2 d7d8 g2g1 d8d2 g1f1 d2d4 f1g2 d4d1 g2f2 d1d2 f2g1 g7f8 e3e4 f8g8 h3h4 g5h4 g4g5 h6g5 e4e5 d2d8 e5e1 h4h3 g1h2 g8g7 h2h3 g7f6 h3g2 g5g4 f3g4 d8d4 e1e3 d4d1 g4g5 f6g5 g2g3 g5h6 g3g2 h6g7 g2f3 g7f6 f3e2 d1g1 e2f3 g1d1
110,W,value_resign,89,0.139026,550,2026-08-18 13:26:05,d2d4 b8c6 e2e4 d7d5 h2h4 f7f6 a2a3 d8d6 e1e2 d5e4 b2b4 c8h3 g2g4 h3g4 g1f3 e4f3 e2e3 h7h5 d4d5 d6g3 f1g2 e8d8 e3e4 c6b8 c1d2 a7a6 f2g3 d8e8 d1f1 g7g5 d2g5 f6g5 c2c4 f3g2 f1g1 g2h1q g1h1 e7e5 h4g5 g4e2 e4e5 g8h6 g5h6 b8c6 d5c6 b7c6 h1h5 e2h5 b4b5 f8h6 b5b6 a8c8 b6b7 c8b8 e5f5 h6g5 a3a4 g5e3 a4a5 h5g6 f5g6 h8f8 g6h7 c6c5 h7g7 e8d7 g3g4 c7c6 a1a3 f8g8 g7f7 d7d8 a3e3 b8c8 f7g8 c8b8 e3e4 b8b7 b1c3 b7b8 c3a4 b8c8 a4c5 c8c7 g4g5 c7d7 c5e6 d8e7 e6c7
111,B,checkmate,70,0.127652,555,2026-08-18 13:26:07,g1h3 h7h5 g2g4 g7g6 d2d4 g8f6 g4g5 h8h7 e1d2 f8g7 g5f6 c7c6 f6g7 d7d5 c2c3 b8a6 c3c4 a8b8 e2e4 f7f6 d2e3 a6c5 f1g2 h7g7 d1f1 d8d7 e4d5 e7e6 a2a3 e6d5 b2b4 d5c4 f2f4 b7b5 g2c6 d7c6 d4d5 c6d7 h3g1 c5e6 h2h3 g7g8 d5d6 c8a6 e3e4 g6g5 f4g5 f6g5 c1e3 g5g4 f1e1 g4h3 e1c3 b8b6 e3d2 e6f8 a3a4 g8g2 g1h3 b5a4 d2e3 a4a3 b1a3 d7e6 e4f4 b6d6 h3g5 g2g5 f4g5 e6g4
112,W,value_resign,45,0.162039,560,2026-08-18 13:27:08,e2e3 b7b5 h2h4 e7e6 d2d3 c7c5 d3d4 d7d5 f1b5 e8e7 b5d7 c8d7 b2b4 c5c4 b4b5 d8a5 b1c3 a5c3 c1d2 h7h6 a1c1 c3b4 d2b4 e7e8 c2c3 e6e5 d4e5 f7f6 b4e7 a7a5 b5a6 g8e7 e1f1 a8a6 g2g3 d7g4 d1g4 b8c6 g4d1 d5d4 e3d4 f6f5 a2a3 c6d4 e5e6
113,W,checkmate,65,0.115125,565,2026-08-18 13:28:49,b2b4 g8f6 b1c3 h8g8 h2h3 f6e4 c3a4 f7f5 g1f3 e7e6 a1b1 e4g5 h3h4 b8a6 f3e5 f8b4 g2g4 f5g4 e5g4 c7c6 h4h5 g5e4 h1g1 d8g5 c2c3 b4d6 c1a3 e4c5 h5h6 d6e7 a3c5 g7g6 g1g2 g5g4 g2g4 e7g5 f1g2 a8b8 e2e3 a6c5 f2f4 g5e7 e1f1 e6e5 g2d5 c5a6 b1b3 e5e4 c3c4 e7d6 d2d3 e4d3 d5g8 e8f8 e3e4 f8g8 b3a3 d6a3 d1d3 d7d6 d3c3 a3b2 c3b2 c8g4 b2g7
114,B,checkmate,54,0.176930,570,2026-08-18 13:29:19,e2e4 e7e6 g1h3 g8f6 a2a4 f6e4 h3g5 e4d6 f2f3 h7h6 f1b5 f7f6 h2h3 f8e7 b2b3 f6g5 d2d4 e8g8 b5d7 a7a6 d7e6 c8e6 g2g3 b7b5 e1d2 f8f4 g3f4 b5a4 a1a4 g5f4 d4d5 a6a5 d2e2 e6d5 a4a5 a8a5 c1e3 f4e3 c2c3 a5a4 d1d2 d8c8 d2d3 c8b7 b3a4 b8a6 e2e3 a6b4 e3d4 c7c6 d3d2 b7b8 h1h2 d6f5
115,W,checkmate,55,0.116127,575,2026-08-18 13:31:15,b2b3 e7e6 g2g4 d7d5 b1a3 c7c6 c1b2 b8a6 e2e4 f8b4 c2c4 a6c7 e4d5 c6d5 c4d5 e8e7 g1f3 d8d7 a1c1 c7d5 a3c4 b4c3 f3g5 c3a5 h2h3 a7a6 e1e2 f7f6 g5e4 b7b6 h1g1 a5d2 d1d2 f6f5 a2a3 f5e4 b3b4 d5b4 a3b4 b6b5 b2c3 d7e8 c3e5 a6a5 d2f4 g7g5 f4g5 e7f7 g5f4 f7g6 e2e1 a5b4 c4b2 e4e3 f1d3
116,W,value_resign,51,0.153111,580,2026-08-18 13:32:00,e2e3 h7h6 b2b4 b7b5 d2d4 b8c6 c2c4 e7e6 d1d2 g8f6 h2h3 e6e5 d4e5 f8d6 f2f3 f6h5 c1a3 e8g8 d2d1 d6e5 h1h2 a7a5 f3f4 c8a6 f4e5 d8b8 e1d2 c6d4 e5e6 c7c5 g1f3 d4f5 g2g3 b8g3 h2g2 b5c4 d1e2 d7d6 g2g3 a8b8 b4a5 f5e3 e2e3 b8a8 e3e4 g8h8 f1e2 f7e6 b1c3 f8g8 c3a4
117,B,value_resign,54,0.151988,585,2026-08-18 13:32:31,b2b3 g7g6 g1f3 b7b6 g2g3 e7e5 d2d4 c7c5 d4e5 g6g5 c2c4 c8a6 e2e3 b6b5 e1d2 d7d6 a2a3 d6e5 f1d3 h7h6 f3g5 b5c4 e3e4 g8e7 g5e6 f7e6 f2f3 h8h7 a1a2 e7d5 e4d5 c4d3 d5e6 f8d6 h2h4 d8e7 d1e1 h7g7 b3b4 e8d8 b4b5 d8e8 d2d3 a6c8 a2h2 e5e4 d3c4 d6g3 h2g2 g3e1 f3f4 g7g5 h4g5 e7e6
118,W,checkmate,35,0.149087,590,2026-08-18 13:38:52,e2e4 b8a6 e4e5 a6b4 d2d4 a7a6 a2a3 b4c2 d1c2 f7f5 e5f6 e7e5 f6f7 e8f7 g1f3 b7b5 d4d5 a6a5 c1h6 g7g6 h6f8 a5a4 a1a2 e5e4 c2b3 h7h5 b3c3 e4e3 f1d3 c8a6 c3g7 f7e8 f3e5 h8h7 d3g6
119,B,checkmate,52,0.164688,595,2026-08-18 13:40:07,e2e4 e7e6 g1e2 a7a5 b1c3 g7g6 h1g1 b8c6 g2g3 e8e7 f2f4 c6d4 h2h3 d4f3 e1f2 h7h5 f2f3 c7c6 a2a4 e6e5 d2d4 e5f4 e4e5 d7d5 b2b4 d8e8 c3e4 g8h6 a1a2 g6g5 e5e6 c8e6 e2c3 a5b4 f1d3 f8g7 c3b1 h8f8 e4d6 e7d6 c1d2 f4g3 g1f1 e6d7 f3g3 h6g4 h3g4 h5g4 f1f7 e8f7 d2g5 f7f2
120,B,value_resign,112,0.139130,600,2026-08-18 13:40:26,g1h3 g7g6 h1g1 h7h5 f2f4 e7e5 a2a3 d7d5 f4e5 a7a6 d2d3 a8a7 c1g5 b8d7 h3f2 g8f6 d1d2 h8g8 d2b4 f8d6 e5e6 g8f8 h2h4 e8e7 e6d7 c8d7 c2c4 a6a5 b4a5 a7a5 c4c5 d6g3 e2e3 d5d4 e1e2 b7b6 f2e4 d4e3 b2b3 a5c5 d3d4 c5c6 e4f6 e7d6 f6d7 d8d7 a3a4 f7f5 e2e3 d7e6 e3f3 b6b5 d4d5 d6d5 f1b5 c6c5 f3g3 c7c6 b5d3 d5d4 b3b4 d4d3 b4c5 e6d7 g1c1 f8c8 b1a3 d3e2 a3c4 e2d3 g5f6 d7d5 g3f4 c8g8 g2g4 f5g4 c1d1 d3c4 d1d5 c6d5 c5c6 g4g3 f4g3 g6g5 a1e1 g5h4 g3f3 g8e8 e1e8 h4h3 f3g3 h3h2 g3f3 h2h1q f3e2 h5h4 a4a5 c4b4 e2f2 h4h3 e8e1 h1h2 f2f3 b4a5 c6c7 h2c7 e1c1 c7c1 f3g3 c1e3 g3h4 e3c1
121,W,material_adjudication,94,0.122711,605,2026-08-18 13:42:00,e2e3 h7h5 e3e4 e7e5 g1f3 a7a5 g2g3 g7g5 h1g1 e8e7 a2a4 a8a6 d2d4 g8f6 e1e2 d7d5 e4d5 b7b5 c1g5 d8e8 h2h4 f8g7 e2e1 e7d6 b1a3 e5d4 e1d2 e8f8 a3b5 d6d5 f3d4 a6d6 b2b3 f6g4 f1g2 d5c5 d2c1 g7d4 b5d4 d6d4 g2f1 d4d1 c1d1 c5b4 a1c1 f7f6 f1b5 f6g5 h4g5 g4h2 d1e2 b4a3 g3g4 h5g4 g1g4 h8h5 f2f4 h5h6 g5h6 h2g4 h6h7 g4e3 e2e3 f8f7 e3d4 c7c6 h7h8q c6b5 a4b5 f7g6 c2c4 a3b4 h8c8 g6f6 d4d5 f6f4 c8e8 f4c1 e8b8 c1d2 d5e5 b4b3 e5f6 b3a2 b8g3 d2e2 c4c5 e2g4 g3g4 a5a4 g4f5 a4a3 b5b6 a2a1
122,W,value_resign,49,0.209597,610,2026-08-18 13:42:37,e2e4 e7e5 b1a3 f7f6 h2h3 g8e7 a3b5 f6f5 a2a4 b8c6 h3h4 c6b4 e4f5 a7a6 f2f4 d7d5 b5a3 c7c5 c2c4 h8g8 d1h5 g7g6 h5h7 c8f5 h7g8 d5c4 g8c4 d8a5 a3c2 b4c6 h4h5 g6h5 b2b3 e8d8 f1d3 f8h6 d3e2 c6a7 c2e3 e5e4 e1f2 b7b5 a4b5 a6b5 a1a5 b5c4 h1h2 d8c7 a5a6
123,B,checkmate,66,0.136836,615,2026-08-18 13:42:56,e2e4 e7e6 c2c3 g8h6 g2g4 g7g5 c3c4 d7d5 b2b4 b8c6 e4d5 e8d7 d5c6 d7c6 d2d3 c6b6 h2h4 c7c6 c4c5 b6c7 b1a3 b7b6 d1d2 d8d7 c5b6 a7b6 f1h3 g5h4 a1b1 h8g8 f2f4 c6c5 b4c5 f8g7 c5b6 c7b7 a3b5 b7c6 a2a3 c6d5 f4f5 h6f5 g4f5 c8a6 d3d4 g7d4 d2d4 d5c6 e1f1 d7d4 c1g5 a6b5 g1e2 c6c5 b1d1 d4e4 b6b7 b5e2 f1g1 a8b8 h3g2 g8g5 f5e6 f7f6 a3a4 e4g2
124,B,value_resign,64,0.193850,620,2026-08-18 13:44:07,e2e4 e7e6 g1e2 g7g6 b1c3 d7d5 e4d5 e6e5 c3e4 h7h6 a1b1 a7a5 c2c3 a5a4 e4f6 e8e7 f2f3 g8f6 f3f4 h6h5 d5d6 e7d6 d1a4 a8a4 f4f5 g6g5 e2f4 b8a6 f1a6 g5g4 a6d3 e5f4 d3e2 f8e7 d2d3 b7b5 e2d1 d8d7 d1a4 c8a6 a4b5 a6b5 a2a3 g4g3 b2b4 d7d8 c1b2 b5a6 c3c4 c7c5 b2f6 e7f6 h2h3 f6e7 b1a1 c5b4 a3b4 d8c8 a1a6 c8a6 e1d1 f7f6 b4b5 a6b6
125,W,checkmate,83,0.196840,625,2026-08-18 13:45:36,e2e4 e7e6 g1e2 b7b5 f2f4 d7d5 h1g1 h7h5 e4e5 d5d4 c2c3 c7c6 h2h3 a7a6 c3c4 b8d7 h3h4 g7g5 d2d3 c8b7 h4g5 d7c5 a2a3 a8c8 a1a2 g8e7 d1c2 e7d5 c4b5 d8b6 b1d2 d5c3 d2e4 c5e4 b5a6 c6c5 e2d4 e4g3 c2c3 b6d8 c3c4 c5d4 a6b7 c8c4 d3c4 d8b8 b2b4 b8b7 g5g6 f7g6 f4f5 h8g8 c1f4 b7c7 f5g6 g8g6 c4c5 g3f1 a2c2 f1h2 f4h2 d4d3 c2b2 c7d7 c5c6 d7c6 g2g3 c6c7 b2b1 c7d7 b4b5 e8e7 b5b6 e7e8 e1d2 f8a3 b6b7 e8d8 b7b8q d8e7 g1f1 g6g3 b8f8
126,B,value_resign,96,0.164301,630,2026-08-18 13:45:54,e2e4 b7b5 g2g4 c8b7 b2b3 b7a6 a2a4 d7d6 e1e2 g7g5 d2d4 f8g7 f1h3 h7h5 c1b2 a6b7 c2c4 b5c4 b3c4 a7a5 g4h5 e7e5 c4c5 b7e4 d4d5 g7f8 b1c3 g8h6 h3e6 b8a6 e6f7 e8f7 c3b5 a6b4 a1c1 g5g4 g1h3 d6c5 h1f1 f7g7 d1e1 g4h3 f1g1 g7f6 g1g3 f8g7 d5d6 h6f5 h5h6 g7h6 e1d2 e4b1 d6c7 h6d2 c1b1 b4c2 c7d8q h8d8 b1c1 d2c1 b5c7 c2e1 c7a8 d8a8 e2e1 f5g3 f2g3 f6g5 b2c1 g5f6 c1b2 f6g5 b2c3 c5c4 e1d2 a8a6 d2e1 e5e4 c3d4 c4c3 e1d1 g5g4 d1c2 g4f3 g3g4 f3g4 c2c1 g4f3 c1b1 f3g2 b1c1 g2h1 c1d1 h1h2 d1c1 h2g2
127,W,checkmate,21,0.214658,635,2026-08-18 13:48:48,b2b4 c7c6 g2g4 e7e5 g1f3 f8b4 c1b2 a7a5 e2e3 h7h5 c2c4 d7d5 f3g5 b8d7 b2e5 d7e5 f2f3 e5f3 d1f3 c8g4 f3f7
128,B,cap_draw,150,0.120759,640,2026-08-18 13:49:25,e2e3 b7b5 d1e2 f7f6 g1f3 h7h5 b1c3 h8h6 h1g1 g7g6 f3e5 f8g7 c3d5 h6h8 a1b1 g6g5 d2d3 g8h6 b2b4 h5h4 e2h5 e8f8 e5f7 f6f5 a2a3 g5g4 c2c4 b5c4 g2g3 f5f4 f7d8 f8g8 g3f4 h6f7 b4b5 h8h5 d3c4 c7c5 d8f7 g7d4 e3d4 e7e5 f7d8 g4g3 f4f5 e5d4 f2f4 b8a6 b5a6 h5f5 d5f6 f5f6 c1e3 d4e3 f1g2 g3h2 g1f1 h2h1q g2h1 e3e2 h1d5 f6e6 d5e6 d7e6 e1e2 c8a6 d8b7 a6b7 b1c1 a7a5 f1d1 b7c8 d1h1 h4h3 h1h3 e6e5 h3g3 c8g4 g3g4 g8f8 a3a4 e5f4 e2e1 a8c8 e1d1 f8e8 c1c2 c8d8 c2d2 d8c8 d2e2 e8f8 e2e1 f8f7 d1c2 c8f8 g4g1 f7f6 g1f1 f4f3 f1f2 f8g8 f2f3 f6g6 f3f2 g6g5 f2f3 g5g4 f3f6 g8f8 e1g1 g4h3 g1d1 f8f6 d1d2 f6e6 d2e2 e6e2 c2d1 e2e6 d1c2 h3g2 c2b2 g2f3 b2c1 e6e7 c1d1 e7e6 d1c2 e6e7 c2d1 e7e6 d1c1 e6e7 c1d1 e7e6 d1c1 e6e7 c1d1 e7e6 d1c1 f3g2 c1d1 g2h1 d1c1 h1h2 c1d1 h2g2 d1d2 g2h1
129,W,material_adjudication,74,0.124721,645,2026-08-18 13:53:53,e2e4 h7h5 e4e5 g8f6 h2h3 h8g8 c2c3 h5h4 e1e2 d7d5 g2g4 g7g6 e5f6 e7f6 f1g2 a7a5 b2b3 a8a7 e2f3 c7c6 b3b4 d5d4 b1a3 a5b4 a1b1 d4c3 g4g5 d8d5 f3e3 d5g2 h1h2 g2h2 a3c2 b4b3 e3d4 f6f5 f2f3 b8d7 d2c3 h2g2 c2e1 d7c5 b1b3 f5f4 b3b4 c8h3 g1h3 g2h1 h3f4 c5e4 f4g2 h1g2 d4e4 h4h3 e4d3 b7b5 c1e3 g2h1 b4b5 h1h2 e3a7 c6b5 f3f4 f7f5 d1d2 b5b4 d2h2 b4b3 a2b3 g8g7 a7e3 f8e7 b3b4 g7g8
130,B,material_adjudication,75,0.141013,650,2026-08-18 13:54:51,e2e4 f7f5 c2c4 c7c6 b1c3 b7b6 e4e5 g8f6 f2f4 f6d5 c3e4 d5c3 a2a3 c8b7 g2g3 h7h5 h2h3 a7a6 a1a2 c6c5 d2d3 c3d5 h3h4 d7d6 f1h3 e7e6 h3g4 f5e4 h1h2 d5c3 g1e2 h5g4 e2c3 a6a5 c3e4 b8c6 d1c2 g7g5 e4g5 f8h6 g5e4 c6d4 h2f2 d6d5 c2d1 h8f8 e4f6 f8f6 e5f6 d8d7 c1d2 d5c4 f2g2 b7g2 f6f7 e8f7 a3a4 d4f3 e1f2 c4d3 b2b3 d7d5 b3b4 c5b4 d1e2 b4b3 e2d1 h6g5 h4g5 b3a2 d1e2 e6e5 e2e5 d5e5 f4e5
131,W,value_resign,37,0.164027,655,2026-08-18 13:57:31,b1c3 d7d5 f2f4 e7e5 c3b5 h7h5 a2a3 f7f5 h2h3 f8b4 a3b4 c7c6 a1a7 a8a7 b5a7 b8a6 e2e4 d8d7 b4b5 d5d4 e1f2 e8e7 a7c8 e7e8 b5c6 g8f6 f1c4 f6e4 f2e2 e4c3 d2c3 a6c7 c6d7 e8d7 g1f3 h8g8 f3d4
132,B,material_adjudication,111,0.204566,660,2026-08-18 14:00:04,a2a4 b7b5 e2e4 g7g6 h2h4 b5b4 g2g3 h7h6 a1a2 f7f6 d2d3 c7c5 b1c3 h8h7 c3d5 e7e6 g3g4 c8b7 g4g5 e6d5 e1e2 b7c6 g5f6 d7d6 e4d5 h7g7 e2f3 g7h7 c1h6 g8h6 g1h3 c6d5 f3g3 d5h1 f1g2 h1g2 g3g2 h6f7 d3d4 h7h4 h3g1 h4h3 g1h3 e8d7 f2f4 b8c6 d1f3 f7e5 d4e5 c5c4 e5e6 d7e6 f3c6 e6f6 c6a8 d8a8 g2g3 b4b3 a2a1 f6f5 h3g1 a8c8 g1f3 c8d7 a1b1 d7c6 a4a5 c6c7 c2c3 f8e7 a5a6 c7c6 f3e5 c6c7 g3f3 g6g5 f4g5 d6e5 b1e1 e7d6 f3e2 f5e6 e2e3 c7c6 e1c1 d6c5 e3e2 c6c7 c1e1 c5b4 c3b4 c4c3 b2c3 b3b2 e1b1 e5e4 c3c4 e6f5 b4b5 f5g5 e2e1 e4e3 b5b6 c7b6 b1b2 b6b2 e1d1 b2b1 d1e2 g5f4 c4c5
133,B,cap_draw,150,0.148541,665,2026-08-18 14:01:06,g2g4 b8a6 b1c3 f7f5 g4f5 a6b4 b2b3 b7b6 f5f6 h7h5 f1h3 g8f6 c3a4 e7e6 e1f1 d7d5 h3g4 h5g4 c2c3 h8g8 c3b4 f6h7 h2h4 f8c5 g1h3 e8f8 b4c5 g4h3 e2e4 d5d4 c1b2 a7a5 c5b6 c7b6 a1c1 g8h8 a4b6 d8b6 b2d4 b6b7 d4c5 f8g8 a2a4 b7a6 f1e1 e6e5 h1h2 g7g6 b3b4 a6d3 d1e2 d3e2 e1e2 a5b4 c5b4 a8a4 b4c3 g8g7 d2d3 h8d8 f2f4 d8d7 f4e5 g7f7 h2h1 f7e6 h1h3 c8b7 h3h1 g6g5 h4g5 h7g5 e2d1 b7a6 h1g1 g5e4 d3d4 e4c3 c1c3 d7d4 c3d3 d4d5 d3d5 e6d5 e5e6 d5d6 e6e7 d6e7 g1e1 e7f6 d1c2 a6b7 c2b2 b7c6 e1e3 a4a8 b2b3 c6d5 b3c3 f6g5 c3d4 a8d8 d4e5 d5b3 e3b3 d8f8 b3e3 f8f2 e5e6 g5f4 e3d3 f4e4 d3d2 f2d2 e6f7 e4f3 f7f8 d2d1 f8e7 d1b1 e7e8 b1h1 e8e7 h1h2 e7e8 h2g2 e8f7 g2g1 f7f8 g1e1 f8g7 e1e2 g7f6 e2e1 f6f5 e1e2 f5f6 e2e1 f6f5 e1e2 f5f6 e2e1 f6f5 e1e2 f5f6 e2e1 f6f5 f3g2 f5f6 g2h2
134,B,material_adjudication,66,0.094586,670,2026-08-18 14:01:07,g2g4 e7e5 e2e4 b7b6 g4g5 c8a6 c2c3 g7g6 d1h5 h7h6 c3c4 c7c5 b1c3 g8f6 g5h6 f6e4 c3e4 b8c6 a2a4 f8d6 h5d1 c6e7 e4g3 b6b5 g1e2 e5e4 d2d4 h8h7 c4b5 h7h6 c1e3 c5d4 a1a3 e7c8 d1d2 d4e3 h1g1 e3d2 e1d2 g6g5 d2c3 a6b5 a4b5 d6c5 g3f5 c5a3 b2a3 h6h8 c3b4 e8f8 e2f4 g5f4 f5h4 e4e3 f1g2 d8h4 g2a8 h4d8 a8c6 h8h4 f2f3 d7c6 b5b6 a7b6 a3a4 h4h3
135,W,material_adjudication,68,0.251073,675,2026-08-18 14:03:17,g1f3 e7e6 g2g4 d7d6 e2e4 c7c5 f1e2 g8f6 b1c3 f6e4 c3a4 f7f5 h2h3 f5g4 d2d3 e8d7 d3e4 g4f3 e2f3 d7c6 e1e2 d6d5 e4d5 d8d5 f3d5 c6d7 f2f4 b7b6 h1f1 c5c4 c1d2 e6d5 a4c5 f8c5 b2b4 c5b4 f4f5 h7h6 e2e3 d7c7 d1f3 c8d7 a2a3 b4d2 e3d2 d5d4 f5f6 a7a5 d2e1 b6b5 f3a8 h8e8 e1f2 d7e6 a8f3 c7c8 f6g7 h6h5 g7g8q e8g8 f3h5 g8e8 h5e8 c8b7 a1c1 b8d7 f2e1 c4c3
136,W,value_resign,47,0.123575,680,2026-08-18 14:07:31,e2e3 h7h6 c2c3 b8c6 g2g4 b7b5 e1e2 c6b4 f1g2 g7g5 e3e4 c8a6 e2f3 c7c5 e4e5 g8f6 a2a3 d8c7 a3b4 c7c6 f3g3 f6d5 a1a6 c6a6 b4c5 d5b4 b2b3 d7d6 e5e6 b4d5 e6f7 e8d7 f2f4 d6c5 g2d5 g5f4 g3f3 c5c4 b3c4 b5c4 h2h4 a6b7 d5b7 a8c8 d2d4 f8g7 d4d5
137,B,value_resign,70,0.212686,685,2026-08-18 14:09:09,e2e4 e7e6 h2h3 c7c6 g2g4 d8e7 g1f3 f7f5 e4f5 h7h6 f5f6 b7b5 f3h2 c6c5 b1c3 a7a5 f1e2 h8h7 e1f1 a8a7 h1g1 g7g5 b2b3 e7f6 d2d4 b8a6 d1d2 b5b4 e2b5 f6d4 d2d4 c5d4 c1g5 f8c5 b5a6 h6g5 c3e4 d7d5 e4c5 c8a6 c5a6 a7a6 a2a4 b4a3 c2c4 d4c3 h3h4 g5h4 f1e2 g8f6 e2e3 h4h3 g4g5 h7a7 g5f6 e6e5 e3e2 e5e4 h2f3 e8f7 g1c1 a7b7 f3d4 a5a4 d4c6 a6c6 b3b4 f7f6 c1c2 b7b8
138,B,checkmate,26,0.190201,690,2026-08-18 14:10:06,g1h3 b7b6 h1g1 g7g5 d2d4 b6b5 f2f4 g8f6 e1f2 f6g4 f2f3 g5f4 f3g4 f4f3 d4d5 d7d6 g4g5 b5b4 a2a4 b4b3 b1d2 h7h5 g2g4 a7a6 g1g2 e7e5
139,B,checkmate,20,0.235767,695,2026-08-18 14:10:43,c2c3 e7e5 f2f4 a7a6 f4e5 d7d6 h2h4 f7f5 e5d6 a8a7 a2a4 c7c6 e1f2 f8d6 d2d4 g7g5 h4g5 d8g5 d4d5 g5g3
140,W,value_resign,91,0.164423,700,2026-08-18 14:12:26,g2g4 b8c6 e2e4 c6a5 f1c4 d7d6 f2f4 e7e5 g4g5 c7c5 b1c3 c8g4 g1f3 a8c8 c3d5 a5b3 a2b3 e5f4 h2h3 a7a6 g5g6 h7h6 e1e2 b7b5 d2d4 g4f3 e2f3 b5c4 b3c4 c5d4 a1a6 f7g6 c4c5 d6c5 d5b6 f8e7 b6c8 c5c4 c8e7 d4d3 b2b4 d3c2 d1c2 g8e7 c1b2 e7c6 b4b5 c6d4 b2d4 d8d7 d4e5 d7d3 c2d3 c4d3 e5f6 g7f6 f3f4 f6f5 h1d1 h8h7 b5b6 f5e4 b6b7 h7b7 f4e4 b7d7 d1d2 e8d8 e4e5 d8c7 e5f6 c7b7 a6a1 d7d8 a1d1 b7c6 d2d3 g6g5 d3d2 g5g4 h3g4 d8e8 f6g7 c6c5 d2d5 c5b4 g7h6 e8e4 g4g5 b4c3 h6g7
141,W,value_resign,65,0.154938,705,2026-08-18 14:13:11,g2g4 e7e5 b2b3 f8b4 e2e3 c7c6 e1e2 d8f6 g1h3 b4f8 b1a3 h7h6 b3b4 b8a6 f1g2 d7d5 c2c3 f6d8 h3g5 f8b4 c3b4 h6g5 b4b5 d8e7 e3e4 c6c5 h2h3 d5d4 b5a6 h8h7 a6b7 c8b7 d1e1 g8h6 h3h4 d4d3 e2d3 a8c8 h4g5 c5c4 d3e2 h6g4 a3c4 g7g6 e2d3 e7d8 c4d6 d8d6 d3e2 d6c5 h1h7 c5c4 e2d1 a7a5 a2a4 c4d3 c1b2 c8c4 a1c1 d3d8 c1c4 g4e3 f2e3 b7d5 e4d5
142,B,value_resign,48,0.116528,710,2026-08-18 14:14:19,e2e3 b7b5 b1c3 g7g5 b2b3 b5b4 g2g3 f8g7 c3a4 f7f6 a2a3 e7e5 g3g4 a7a6 h2h3 g8h6 h3h4 a6a5 f1b5 h6f5 a3b4 a5b4 g4f5 c7c6 a4b6 e8g8 d2d4 h7h6 b5a4 a8a4 e1f1 a4a1 d4e5 g5h4 g1f3 d8b6 f1g1 f6e5 f3e5 a1c1 e5c4 h4h3 c4b6 c1d1 g1h2 c8b7 h2h3 d7d6
143,W,material_adjudication,82,0.170263,715,2026-08-18 14:15:34,h2h4 g7g5 g2g3 c7c6 c2c3 f8g7 f2f4 g7c3 e1f2 f7f6 b1c3 d7d6 h4g5 c8d7 d1e1 d8c7 b2b3 c7c8 c1a3 b7b5 a3b4 h7h5 h1h4 g8h6 c3e4 e8d8 g5h6 d7f5 h4h5 c6c5 e1d1 f5e4 a2a3 c8f5 h5f5 c5c4 f5f6 h8h6 e2e3 e4d3 f6f5 h6h5 e3e4 h5f5 e4f5 d8c7 g3g4 c7c6 g1h3 d3e4 b4a5 e4d5 d1f3 b8a6 b3b4 a6c7 d2d4 d5e4 h3g5 e4f3 f2e1 f3g2 f1c4 b5c4 g5h7 g2f3 a3a4 c7d5 g4g5 c4c3 f5f6 a8g8 f6e7 g8g7 a5b6 a7b6 e7e8q c6c7 a4a5 b6b5 a1b1 g7f7
144,D,cap_draw,150,0.212777,720,2026-08-18 14:15:53,b1a3 g8h6 d2d3 e7e6 g1f3 g7g6 a3b1 e8e7 b2b3 g6g5 g2g3 a7a5 c1a3 c7c5 c2c4 g5g4 f1g2 h6g8 f3h4 f8g7 h2h3 d7d5 a3c5 e7f6 c5e7 f6e7 h4f5 e7f6 b1a3 b7b5 g2f1 f6f5 a3b5 d8e8 d3d4 d5c4 b3c4 f7f6 e2e3 g8h6 a2a3 g4h3 a1c1 a5a4 d4d5 e6e5 d5d6 h6g4 h1g1 g4f2 e1f2 e8b5 c4b5 c8d7 d1e1 f5g6 f1h3 f6f5 g1h1 h8f8 f2e2 d7c6 b5c6 b8c6 e1d1 e5e4 h3g4 f5g4 d1e1 c6b8 h1h7 g6h7 c1d1 a8a7 d1c1 g7f6 c1c7 f6g7 c7a7 h7g6 a7a8 b8d7 e1f2 f8f2 e2f2 g7f6 f2g1 g6f7 a8c8 f7g6 c8e8 g6f7 e8e4 f6g5 e4g4 f7g6 e3e4 g6h5 e4e5 h5g4 e5e6 g5f6 e6d7 f6d8 g1g2 g4f5 g2f1 f5e4 g3g4 e4f3 g4g5 d8g5 f1g1 g5f6 g1h2 f6d8 h2h3 d8b6 d7d8q b6d8 h3h2 d8b6 h2h3 f3e4 h3g4 e4e5 g4g5 e5d6 g5f6 d6d5 f6f5 d5c4 f5f6 b6d4 f6f5 c4c3 f5g6 c3b2 g6f7 b2b3 f7g8 d4c3 g8f8 b3c2 f8e7 c2b2 e7e8 b2b3 e8f7 b3c2
145,W,checkmate,7,0.222091,725,2026-08-19 03:13:20,e2e3 f7f5 c2c4 b7b6 d2d3 g7g5 d1h5
146,B,value_resign,31,0.154221,730,2026-08-19 03:18:42,f2f3 g8h6 g1h3 b7b6 g2g3 f7f6 f1g2 f6f5 b2b3 d7d5 g3g4 e7e6 g4f5 h6f5 b3b4 f8b4 h1g1 f5e3 c1a3 h7h6 a3b4 a7a5 b4c5 e3d1 c2c3 b6c5 a2a3 h8f8 e1d1 d8d6 c3c4
147,W,value_resign,43,0.134349,735,2026-08-19 03:21:49,e2e3 g8h6 d2d4 b7b6 b2b4 f7f6 c2c3 g7g5 g1f3 f8g7 a2a4 c7c5 d1e2 b6b5 e2d1 c5b4 c3b4 b5a4 g2g4 d8c7 f1c4 h6g4 b4b5 g4e5 d4e5 c7a5 e1f1 a5b5 c4b5 b8c6 e5f6 c8b7 b5c6 b7c6 f6g7 h8g8 f3d4 c6d5 b1a3 d5c4 f1g2 a7a6 f2f3
148,W,checkmate,47,0.138542,740,2026-08-19 03:22:51,e2e3 d7d5 c2c4 e7e6 f2f4 g8f6 g2g4 c7c5 a2a3 d5c4 a1a2 b7b6 e3e4 b8c6 b1c3 c6b8 c3d5 c8a6 g4g5 f6d7 g1f3 d8c7 d1c2 h7h6 f1e2 c7d8 f3h4 f7f5 e4f5 c4c3 g5h6 e6f5 h4f5 g7g6 d2c3 f8h6 h2h3 d7f8 h1f1 f8e6 c1d2 g6f5 c2f5 b6b5 f5e6 d8e7 e6e7
149,B,checkmate,54,0.157540,745,2026-08-19 03:24:30,e2e3 e7e5 c2c3 g8e7 e1e2 g7g5 e3e4 f8g7 g2g3 b8c6 e2e1 a8b8 b1a3 h8f8 e1e2 f7f6 b2b3 b8a8 f1g2 b7b6 a3c2 c8b7 h2h4 h7h6 e2d3 a7a6 h1h2 c6d4 g1h3 e7c6 c3d4 a6a5 c1a3 c6d4 a3f8 e8f8 f2f3 d7d5 a1c1 d4c2 d3c2 d5d4 h4g5 f6g5 g3g4 h6h5 c2d3 h5g4 c1c7 g7f6 f3g4 d8c7 h3g5 b7a6
150,B,checkmate,54,0.143674,750,2026-08-19 03:24:31,b2b4 b7b6 g2g4 a7a6 h2h4 g7g5 d2d3 f7f6 c1e3 a8a7 e3g5 f6g5 e2e3 h7h5 g1h3 e7e6 b1c3 f8c5 h3g5 d7d6 g5e6 c8e6 c3a4 g8e7 h1g1 e6c8 f1h3 c5b4 d1d2 b6b5 g4h5 b4d2 e1d2 b8d7 d2c3 d7c5 a1b1 e7f5 b1a1 f5e3 a4c5 h8h5 h3g4 c8g4 g1g4 d6c5 g4g1 h5h4 g1g5 d8d4 c3b3 e8d8 f2e3 d4b4
151,W,value_resign,55,0.225330,755,2026-08-19 03:25:04,g1h3 b7b5 b2b4 g7g6 d2d4 f7f6 c1a3 f8g7 c2c3 g8h6 f2f4 e8g8 g2g3 a7a6 d1d2 f8f7 e2e3 f6f5 h3g1 c8b7 a3c1 h6g4 g1e2 g4e3 e2g1 g8f8 h2h4 h7h5 f1g2 g6g5 f4g5 e7e6 g2b7 g7d4 c3d4 d7d5 g5g6 f8g7 g6f7 g7f7 a2a3 f5f4 g3f4 f7g6 e1f2 b8d7 f2e3 a6a5 a3a4 b5a4 b4a5 d7f6 d2c3 d8c8 h1h2
152,B,value_resign,26,0.157431,760,2026-08-19 03:25:31,h2h4 e7e5 d2d4 f8c5 c2c4 c5d4 e1d2 b8a6 b2b4 d7d5 f2f3 d5c4 b1c3 c7c6 d1a4 a6c7 d2d1 c8e6 c1f4 h7h6 a4a7 e8e7 a7a6 e7f8 h1h2 b7b6
153,B,value_resign,58,0.146271,765,2026-08-19 03:25:46,b2b4 b7b6 c1b2 h7h5 g1f3 a7a5 h2h4 a5b4 h1g1 a8a5 d2d3 f7f6 a2a3 c7c6 b1c3 b4a3 c3b5 g7g5 g1h1 f8h6 f3g5 c6b5 c2c4 b5b4 d1c1 b8a6 g5e4 h6e3 f2f4 a6b8 b2a3 e3c1 e1d1 e8f7 g2g3 a5a8 a3c1 g8h6 f1h3 c8b7 h1f1 e7e5 h3g2 a8a1 d1c2 b4b3 c2b2 e5f4 e4d6 f7e6 d6f5 f4g3 g2d5 b7d5 c4d5 e6d5 b2c3 h6f7
154,W,value_resign,61,0.224329,770,2026-08-19 03:26:25,b2b4 b8c6 f2f3 e7e5 g1h3 h7h6 g2g4 f8b4 f3f4 g7g6 e1f2 g8e7 a2a3 f7f5 c1b2 b7b6 g4f5 c8b7 d2d3 a7a6 f5g6 h8g8 f2g3 a6a5 a3b4 c6b4 d1c1 h6h5 b1d2 e8f8 f1g2 d7d5 g2d5 f8g7 d5b7 c7c5 h3g5 g7g6 h1f1 h5h4 g3h4 b6b5 g5e6 d8d6 b2c3 g8e8 e6c5 d6c6 b7c6 b4c2 a1a5 e7f5 h4g4 a8d8 c1b2 e5f4 c6b7 e8g8 b7a6 f5e3 g4f3
155,B,value_resign,64,0.171862,775,2026-08-19 03:27:04,g1h3 b7b5 b2b3 d7d5 f2f4 a7a6 d2d4 e7e6 g2g4 a6a5 e2e4 b5b4 b1a3 d5e4 g4g5 c8a6 c1e3 e8e7 e3f2 c7c5 f4f5 a6b5 h1g1 c5c4 b3c4 e6f5 a3b5 h7h5 g1h1 b4b3 c2b3 b8d7 h1g1 e4e3 d1h5 h8h5 f2e3 h5g5 e3g5 g8f6 g5f6 d7f6 a2a4 f6d7 g1g3 g7g6 h3g1 a8c8 h2h3 f8g7 g3g2 g7d4 b3b4 d4a1 g1f3 d7e5 f3e5 a1e5 b4a5 d8f8 f1e2 e7e8 g2g1 e5d4
156,B,checkmate,10,0.152809,780,2026-08-19 03:27:05,e2e4 g8h6 g1e2 b8c6 b2b3 c6e5 c2c4 d7d5 c1b2 e5d3
157,W,value_resign,65,0.176056,785,2026-08-19 03:27:18,d2d3 e7e5 g1f3 e8e7 d3d4 a7a5 e2e3 h7h6 f1a6 g7g5 d4d5 f7f6 a2a4 b8a6 b2b4 e5e4 b4b5 e4f3 c1b2 a8b8 b1c3 h8h7 g2g3 g5g4 c3b1 h6h5 c2c4 h7h6 c4c5 a6c5 b1a3 h6h8 b5b6 e7f7 a3b5 f7g7 h2h3 c7b6 d5d6 c5b3 h3g4 b3a1 g4h5 b8a8 b2a3 h8h5 h1h5 g7g6 d1f3 a1b3 e3e4 a8a7 b5a7 b6b5 a7b5 f8g7 e1d1 d8e8 a3b2 e8e5 h5e5 b3c1 e5e6 g8e7 d1c1
158,B,material_adjudication,66,0.184412,790,2026-08-19 03:27:32,e2e3 g8h6 d2d4 g7g6 g2g4 d7d5 h2h4 c8f5 g4g5 f5g4 g5h6 g4d1 b2b4 b8c6 e1d1 c6b4 g1f3 a7a6 a2a4 h8g8 h1h2 c7c5 f1g2 e7e6 d1e2 a8c8 h4h5 b7b5 a4b5 d8d7 b5b6 g8g7 h6g7 f8g7 h5g6 c5d4 e3d4 b4c2 c1d2 c2a1 h2h5 a1b3 e2e1 b3d2 g6f7 e8d8 f7f8q g7f8 e1d2 f8a3 d2e2 d7e7 e2d3 a3b2 b6b7 c8b8 h5h7 e7h7 d3e2 h7h6 b1c3 b2c3 f3g5 h6g5 g2f3 b8b7
159,B,material_adjudication,66,0.165541,795,2026-08-19 03:27:33,h2h4 e7e5 e2e4 f8b4 g1h3 b8a6 c2c3 e8e7 f1e2 g7g5 d1b3 c7c5 h1g1 d7d5 c3c4 e7f8 b3c2 f7f6 e4d5 f8g7 c2d3 g8h6 d3a3 b7b5 a3f3 h6g4 h4g5 d8e8 d5d6 e5e4 g5f6 g4f6 f3f4 h7h5 h3g5 e4e3 f2e3 a8b8 f4e5 e8e5 c4b5 c5c4 b5a6 c8f5 g2g4 f6g4 d6d7 b8a8 e1d1 g7f6 e2c4 f5b1 a1b1 b4d2 c1d2 e5g5 d2b4 g5h4 g1h1 h4h1 d1d2 h1h2 d2e1 g4e3 b4a5 f6g5
160,W,checkmate,15,0.113413,800,2026-08-19 03:28:08,d2d4 b8c6 e2e4 f7f5 f2f4 b7b6 h2h3 c6a5 f1e2 h7h6 c1e3 g7g5 e4e5 a7a6 e2h5
161,B,material_adjudication,81,0.155798,805,2026-08-19 03:30:41,h2h4 c7c6 f2f3 e7e6 a2a3 f8b4 e2e4 g8h6 a3b4 e6e5 d2d4 a7a5 a1a5 d7d6 d4e5 h8f8 e5e6 h6g8 c1f4 f7f5 f1d3 c8e6 b4b5 e6c4 d3c4 d6d5 c2c3 d5d4 a5a8 f5e4 b5b6 e4e3 f4g5 d8d7 g2g4 h7h6 g5h6 g7h6 g4g5 f8f5 g5h6 e3e2 c4e6 e2d1q e1f2 d1b1 e6d7 e8d7 g1h3 b1h1 a8b8 g8h6 c3d4 h6g8 b8g8 h1h2 f2f1 c6c5 g8f8 c5d4 f8f5 h2h3 f1g1 h3f5 b2b4 f5d3 h4h5 d3c2 h5h6 d7e6 h6h7 c2e2 h7h8q e6e7 h8e5 e2e5 g1f1 e5f4 f1g1 e7e6 g1h1
162,B,value_resign,38,0.141506,810,2026-08-19 03:31:34,b1a3 b7b6 g1f3 g8h6 g2g3 d7d5 d2d4 f7f6 d1d2 h6g4 h1g1 e7e5 a3b1 f8d6 d2d3 e5d4 c1f4 d6f4 b1c3 d8d7 f3h4 c7c5 d3f5 b8a6 f5h7 d4c3 h7g7 d5d4 g7f6 a6b8 f6g7 h8g8 g3f4 d7g7 b2c3 c8e6 c3c4 g4f2
163,B,material_adjudication,87,0.168334,815,2026-08-19 03:32:01,e2e3 e7e5 g1h3 g8f6 e1e2 d7d6 g2g4 e5e4 b2b4 d6d5 g4g5 d5d4 c1b2 g7g6 g5f6 b8c6 e3d4 c8g4 f2f3 g4c8 d4d5 f8b4 d2d4 e4e3 b2c3 c8h3 f1h3 e8g8 c3b4 a7a5 b4f8 d8f8 h1e1 h7h6 h3g2 c6b4 b1c3 f8e8 c3a4 e8d8 a1c1 d8d5 h2h4 d5d7 f3f4 d7a4 a2a3 c7c6 a3b4 a5b4 d4d5 a8a5 g2f1 a5a8 f1g2 c6d5 g2d5 a8e8 e1f1 g8f8 d1e1 f8g8 f4f5 g6f5 f1h1 b7b5 h1f1 f5f4 e2f3 g8f8 e1f2 e3f2 f3f4 b4b3 c2c4 b3b2 c1b1 b5c4 b1b2 e8d8 b2a2 a4a2 f1a1 a2b2 f4e3 d8d6 h4h5
164,B,value_resign,116,0.145772,820,2026-08-19 03:38:47,e2e4 e7e6 h2h3 g8h6 a2a4 b7b6 f2f3 c7c5 b1c3 c8b7 f1b5 b7e4 b5c6 e4c2 d1c2 f7f5 d2d4 c5d4 c1g5 d4c3 c2c3 d7c6 g5d8 h6f7 h1h2 c6c5 a1b1 b8a6 h3h4 f7d8 b2b3 h8g8 g1h3 g7g6 h4h5 f5f4 h5g6 g8g6 h3f4 a6c7 f4e6 d8e6 e1d1 c5c4 b3c4 e6c5 d1c1 c7e6 f3f4 a8c8 g2g3 e6d4 h2g2 g6f6 f4f5 h7h6 g3g4 c8d8 c1b2 b6b5 b1e1 e8f7 c3d4 d8d4 a4b5 c5d7 g4g5 h6g5 b2c3 d4g4 g2g4 f6f5 g4e4 d7f6 c3d4 f8b4 e1e3 a7a5 e3e2 f6e4 d4e4 f5c5 e2e3 a5a4 e3e2 f7g8 e2f2 a4a3 f2g2 g8h8 g2g1 h8g8 g1g5 c5g5 e4f4 g5g1 f4e5 g8f8 e5f6 f8g8 b5b6 b4c3 f6f5 a3a2 b6b7 g8f8 f5e6 f8g8 b7b8q g8g7 b8b2 c3b2 c4c5 g7g6 e6e7 g6h7
165,B,value_resign,64,0.172593,825,2026-08-19 03:40:01,b2b4 b8c6 b4b5 b7b6 b5c6 g7g6 b1c3 f7f6 g2g4 e7e5 g1f3 f8d6 c1b2 a8b8 c3d5 g8h6 b2e5 f6e5 d5c3 h6g4 h2h3 h7h6 h3g4 d7c6 c3a4 d6b4 g4g5 h8g8 h1h6 b4d6 d2d3 c8d7 a1b1 e5e4 h6g6 g8g6 a4b2 d7e6 e2e3 d6g3 d3e4 d8d1 b1d1 b6b5 f3g1 g3e5 d1c1 e5b2 g1e2 b8b6 f1g2 b2c1 g2f3 c6c5 a2a3 a7a5 e2f4 a5a4 f4e6 b6e6 f3d1 g6g7 e1e2 b5b4
166,W,value_resign,57,0.143234,830,2026-08-19 03:40:17,e2e4 e7e6 a2a4 c7c6 h2h3 h7h6 f2f3 f7f5 e4e5 b8a6 a4a5 a6c7 c2c3 c6c5 f1c4 a7a6 d2d3 d7d5 e5d6 f5f4 b2b3 e6e5 e1e2 e5e4 e2f2 d8e7 d6e7 e4e3 f2e1 g8e7 c4f7 e8d8 f7g6 e7g6 d3d4 g6e7 d4c5 c8d7 g2g4 f4g3 f3f4 c7b5 c1e3 d8e8 d1d2 g7g6 e3d4 b5d4 d2d4 e7c6 d4h8 g3g2 h1h2 c6d4 c3d4 d7c6 b1c3
167,B,value_resign,60,0.178665,835,2026-08-19 03:41:17,b2b4 b8c6 f2f3 g7g5 g1h3 f7f5 b4b5 a7a5 e2e4 h7h5 e4f5 g5g4 f1d3 c6b4 c2c4 b4d3 e1f1 d7d6 h3f4 b7b6 c4c5 h8h6 f3g4 e8d7 b1a3 h6f6 h2h4 h5g4 c5c6 d7e8 f4e6 d3f2 f1f2 f6f5 e6f4 a5a4 a3c2 f5f4 f2g1 f8h6 h4h5 f4c4 a1b1 d6d5 b1b3 d5d4 c2d4 a4b3 a2b3 e7e5 b3c4 e5d4 d1g4 g8f6 g4f5 c8f5 c4c5 b6c5 h1h2 h6g7
168,W,value_resign,65,0.169597,840,2026-08-19 03:42:01,g2g4 d7d5 c2c3 e7e5 h2h3 h7h5 e2e3 b7b5 f1g2 g7g5 b1a3 b5b4 a1b1 d5d4 a3c4 e8d7 g2d5 d7e7 f2f3 b8c6 e3d4 b4c3 b2b3 h5g4 h3g4 e5d4 g1e2 f8g7 e2g1 g8f6 c1a3 e7d7 g1h3 h8e8 e1f2 c8b7 h3g5 f6g4 f3g4 a7a6 c4b6 c7b6 g5f7 d8f6 d1f3 f6f3 f2f3 c6b8 d5b7 c3d2 h1d1 g7f6 g4g5 f6g5 f7g5 e8f8 f3e2 f8e8 g5e4 d7c7 b7a8 c7d8 e2d3 e8f8 e4g5
169,B,value_resign,44,0.135915,845,2026-08-19 03:42:31,g2g4 b7b5 b2b3 d7d6 g1h3 e7e6 h1g1 a7a6 b3b4 g7g6 g4g5 d6d5 f1g2 h7h5 e1f1 b8d7 d2d4 a8b8 c1e3 h8h7 e3c1 e6e5 b1c3 h7g7 c3e4 e5d4 c1b2 a6a5 h3f4 a5a4 f4e6 b8b7 e2e3 e8e7 d1h5 e7e6 e3d4 g6h5 g2f3 f8b4 e4d6 d7f6 g5f6 g8f6
170,W,material_adjudication,78,0.125580,850,2026-08-19 03:43:45,b2b3 g8h6 d2d3 b7b5 h2h3 f7f5 f2f3 e7e5 e1d2 g7g5 e2e4 b5b4 a2a4 e8f7 g1e2 b8c6 c2c3 f8d6 d1e1 h8f8 c1b2 f8h8 f3f4 e5f4 e2f4 g5f4 c3b4 c6b4 a4a5 d6e5 b2e5 f7e6 d2c3 e6e5 c3b4 e5d6 a5a6 f5e4 d3e4 h6f5 e4f5 h7h5 f1c4 c8a6 a1a6 c7c6 b1a3 d8b6 a6b6 a7b6 a3b5 c6b5 c4b5 h8d8 b5d7 d6d5 e1c1 d8d7 c1b2 a8e8 b4b5 e8c8 b3b4 d7d8 b5a6 b6b5 b2f6 d8d7 h3h4 c8f8 f6g5 f8g8 g5g8 d5e5 h1f1 d7d5 f1f2 d5d8
171,B,value_resign,54,0.127969,855,2026-08-19 03:44:32,h2h4 d7d5 d2d3 g8h6 b2b4 c8d7 c1h6 g7g6 h4h5 a7a5 h6f8 h8f8 e2e4 a5b4 h1h3 b7b5 g1e2 c7c6 g2g3 b4b3 c2c4 b3a2 c4c5 d7h3 a1a2 a8a2 e2f4 g6g5 e4d5 c6d5 f1h3 g5f4 h3g2 b8a6 g2d5 a6b4 d5c6 b4c6 b1c3 f7f6 c3a2 d8d4 a2c1 c6a5 d1d2 f4g3 f2g3 e8d7 d2b2 d4b2 e1d1 b5b4 c5c6 d7d6
172,B,value_resign,74,0.173847,860,2026-08-19 03:45:30,h2h4 b7b5 b2b3 g8f6 g2g4 d7d6 b1a3 c8a6 g4g5 d8c8 b3b4 a6b7 a3b5 h7h5 d2d3 c8e6 c2c4 e6e4 e2e3 e4d5 g1f3 a7a6 a2a4 c7c6 c1d2 a6b5 a4b5 a8a5 d1c1 f6g4 a1b1 d5e5 c1b2 a5a4 f1e2 e5b2 b1b2 c6b5 e3e4 b7e4 d3d4 b5c4 h1f1 e7e5 d4e5 e4f3 e2f3 c4c3 b2a2 a4a2 d2c3 a2a7 b4b5 f7f6 e5f6 g4h2 b5b6 a7a4 f6g7 h8g8 e1d2 f8g7 f1e1 e8f8 f3c6 b8c6 f2f4 g7d4 c3d4 c6d4 d2e3 g8g7 e1d1 g7e7
173,B,checkmate,72,0.165361,865,2026-08-19 03:47:58,e2e3 b7b6 d2d3 g8h6 b2b3 c7c5 a2a4 g7g5 h2h4 g5h4 e3e4 c5c4 d3d4 f8g7 g2g3 e7e6 b3c4 b8c6 e1e2 h6f5 h1h2 e8f8 h2h4 f5e3 f2e3 g7f6 d4d5 c6e5 h4g4 e5g4 f1g2 f6a1 e4e5 c8b7 d5d6 b7g2 c4c5 g4e5 c5c6 f8e8 c2c4 d8f6 e2e1 d7c6 g3g4 c6c5 d1d4 f6d8 e1f2 f7f6 d4e5 d8d7 f2g2 a7a5 e5a1 d7c6 g2g3 e8d7 a1c3 h7h6 g4g5 b6b5 g5h6 b5c4 c3f6 c4c3 f6c3 d7d6 g3h2 h8g8 g1h3 c6g2
174,D,cap_draw,150,0.178804,870,2026-08-19 03:48:58,e2e3 g7g5 f1b5 g8h6 b5d7 c8d7 a2a4 d7a4 b2b3 b8c6 d2d3 h8g8 d3d4 g8g6 d4d5 d8d5 a1a4 d5d1 e1d1 f7f5 c2c4 g6g7 d1d2 c6d4 e3d4 a8d8 d2c2 d8b8 a4b4 f5f4 d4d5 c7c5 b4b5 h6g8 h2h3 h7h6 g2g3 f4g3 f2g3 g5g4 h1h2 g4h3 b5a5 b7b5 c4b5 e7e6 c1d2 f8d6 g1f3 d6g3 h2h3 g3f2 b5b6 a7b6 d5e6 b6a5 h3h4 g7g6 c2d1 g6g3 h4h6 g3f3 d2f4 g8e7 f4b8 f2d4 b1d2 f3f8 h6h7 e7c6 b8f4 c6b4 h7h1 f8f4 h1f1 a5a4 f1f4 a4b3 f4f3 b3b2 d2b1 e8e7 d1e2 e7d6 e2e1 d6e6 e1e2 e6e5 e2e1 e5e4 b1d2 e4e5 e1d1 b2b1q d2b1 e5e4 b1d2 e4d5 d1e2 d4g7 f3f5 d5d4 f5f3 d4d5 e2d1 g7h6 d1e1 h6g5 e1d1 g5h4 f3f4 h4g5 f4g4 g5h6 d1e2 b4c2 e2d1 c2d4 g4g1 h6f4 g1g4 f4d2 d1d2 d4f5 g4g8 f5h6 g8e8 h6f5 d2e2 f5h6 e2e3 h6f7 e3e2 f7e5 e8e7 c5c4 e2e1 d5d6 e7e8 d6d5 e8e7 d5d6 e7e8 d6d5 e8e7 d5d6 e7e8 d6d5 e8e7 d5c5
175,W,value_resign,95,0.207670,875,2026-08-19 03:49:27,e2e3 d7d5 d2d4 b8c6 h2h4 g8h6 e3e4 c8d7 d1g4 h8g8 g4e6 c6b8 g2g3 d7c8 f1b5 c7c6 b5f1 d8c7 e6h6 c6c5 e4d5 c7g3 c1e3 c8d7 f2g3 c5c4 f1g2 g7h6 g3g4 h6h5 g4g5 e7e6 a2a3 e6d5 g1f3 a7a5 e1g1 b7b6 e3f4 f7f6 g5f6 e8f7 f3g5 g8g5 h4g5 f8g7 a3a4 g7h6 g5h6 d7f5 g1f2 b8d7 g2h3 c4c3 b2b3 d7f6 b1c3 f6g4 f2g3 g4f6 f4e3 f6g4 c3b5 g4e3 c2c4 e3f1 a1f1 a8c8 h3f5 c8d8 f1c1 d8g8 g3f3 f7f6 b5c7 g8f8 c7d5 f6f5 d5f6 f5f6 c1a1 f6f5 f3g2 f8e8 d4d5 f5e4 b3b4 a5b4 a1e1 e4d3 e1e8 h5h4 a4a5 b6b5 g2h3
176,W,checkmate,43,0.140102,880,2026-08-19 03:50:53,e2e4 e7e6 h2h3 f7f5 e4f5 b7b6 g2g4 c7c5 b2b4 g7g6 g1f3 b8a6 d1e2 g6f5 e2e5 a6b4 f1e2 h7h6 b1a3 d7d5 c2c4 b4c2 a3c2 d5c4 g4f5 e8d7 f5e6 d7e7 a1b1 c4c3 h1f1 a7a6 c1a3 b6b5 e5h8 f8g7 h8g8 a8b8 e1d1 g7f8 c2e3 e7e8 g8f7
177,B,value_resign,42,0.149060,885,2026-08-19 03:52:19,e2e4 a7a5 g2g4 b8c6 f1c4 f7f5 e4f5 c6b4 c2c3 h7h6 c3b4 c7c6 f2f4 e7e5 e1f1 e5f4 g1h3 f8e7 d1f3 g7g5 h3g5 h6g5 c4a6 c6c5 f3f4 g5f4 a6b5 b7b6 b5c4 d7d5 c4d5 c5b4 h2h4 d8d5 d2d4 e8f7 b1c3 d5h1 f1e2 c8b7 c1f4 e7d6
178,W,value_resign,117,0.173256,890,2026-08-19 03:52:34,f2f3 h7h5 b2b3 b7b5 g2g4 g7g6 c2c3 e7e5 f1g2 a7a5 e1f2 d7d5 h2h4 a8a7 g1h3 f8b4 g4g5 e8f8 e2e4 d5e4 d2d3 b8a6 d1d2 g8f6 d3e4 b4c3 g5f6 c3d2 c1d2 a6b4 h3g5 b4d3 f2f1 d8f6 a2a4 f6d8 h1h2 f7f5 a4b5 f5f4 b5b6 a7a6 b6c7 f8e7 c7d8q e7d8 a1a5 a6a5 h2h1 a5a6 f1e2 d3b4 d2b4 d8c7 b1a3 a6a7 b4c5 a7b7 a3c4 c7c6 e2d2 h8g8 c5d6 b7d7 h1c1 g8d8 c4e5 c6d6 e5d7 d6d7 d2c2 d7e7 e4e5 c8d7 c2c3 d8c8 c3d4 c8c1 e5e6 e7d8 e6d7 d8d7 d4e5 d7c7 b3b4 c7b7 e5f6 c1d1 b4b5 b7b6 f6e5 b6b5 e5f6 d1d8 f6e7 d8c8 g2h3 c8c5 e7d8 b5b4 h3g2 c5c6 g2h3 b4c3 h3g2 c6b6 d8c7 b6a6 c7b7 a6d6 b7c7 c3b2 c7d6 b2b3 d6c7 b3c2 g2f1
179,W,value_resign,53,0.184694,895,2026-08-19 03:53:03,e2e4 e7e6 f2f3 d7d6 h2h3 b7b6 g2g4 c8b7 b1a3 f7f5 e4f5 g8f6 b2b3 a7a6 f1d3 e8f7 f5e6 f7e6 d3f1 d8d7 f1d3 d7e7 a3b1 h8g8 b1a3 c7c5 a1b1 b7e4 b1a1 d6d5 e1f2 f6g4 h3g4 e7f6 g1h3 e4d3 c1b2 d3e4 b2f6 g7f6 f2e3 e4f3 e3f3 f6f5 g4g5 f8d6 a3c4 d5c4 b3c4 e6e5 a2a3 h7h5 g5h6
180,W,value_resign,39,0.166720,900,2026-08-19 03:53:59,e2e4 g8f6 a2a4 g7g6 b1c3 e7e6 c3b5 f8b4 f2f4 d7d5 e4d5 b4d2 e1d2 h8f8 d2c3 b7b6 f1c4 e6d5 c1d2 f8g8 h2h3 g8f8 b5c7 e8e7 b2b4 c8d7 c4a2 d8c7 c3d4 c7e5 f4e5 b8c6 d4d3 c6b4 d2b4 e7e8 e5f6 d7e6 d1b1
181,B,value_resign,64,0.208940,905,2026-08-19 03:56:54,e2e4 e7e6 a2a4 f8b4 h2h3 b8a6 a1a2 f7f5 e4e5 h7h6 f1a6 b4e7 d2d3 c7c5 e1e2 b7a6 g2g3 d8c7 c1d2 c5c4 a2a3 a6a5 d2f4 g8f6 g1f3 d7d5 e2e3 a7a6 d3c4 c7c4 b2b4 e7b4 a3a2 c4a2 e5f6 g7g5 f3e5 e8d8 c2c4 g5f4 e3f4 a2b2 h3h4 b4c3 b1c3 b2c3 c4d5 e6d5 d1c1 d5d4 f2f3 c3c1 h1c1 d4d3 c1d1 c8e6 e5c6 d8d7 f4e5 d7c6 d1d2 e6d7 d2d1 d7e6
182,W,value_resign,75,0.199484,910,2026-08-19 03:57:09,e2e4 a7a5 g2g4 e7e5 b1c3 h7h6 b2b3 c7c5 g1h3 a8a7 c1a3 b8a6 g4g5 d7d6 c3d5 d8c7 h1g1 g8f6 b3b4 c5b4 d5c7 e8d8 f1a6 f6h5 g1h1 c8d7 c7a8 a7a6 h1g1 h6g5 h3g5 f7f5 e4f5 f8e7 d1f3 e5e4 g5e4 d7f5 c2c3 b7b5 e1e2 b4c3 d2d4 f5e4 f3e4 h5f6 e4f3 h8f8 g1e1 d6d5 a1c1 f8g8 e2e3 e7b4 a3b4 a5b4 e3e2 a6a8 h2h3 a8c8 e2d3 f6d7 f3e2 g7g6 e2e3 b4b3 a2b3 c3c2 e3f3 d7b8 e1e3 g8h8 e3e2 b8a6 e2e1
183,D,cap_draw,150,0.147073,915,2026-08-19 03:57:39,e2e4 g8h6 b1c3 g7g5 b2b3 f7f6 g2g3 f8g7 g1e2 b7b6 a2a4 e8f8 f1h3 c7c6 f2f3 g5g4 h3f1 h6g8 a1a2 g4f3 f1h3 h7h5 h1f1 f6f5 d2d4 f3e2 c3b5 e2d1q e1d1 g7d4 b5d4 c8b7 e4f5 d7d6 f5f6 e7e6 f1e1 g8e7 h3e6 e7c8 e6f7 c6c5 h2h3 c5c4 b3b4 a7a6 e1g1 b6b5 d4f3 b7e4 f3d2 c4c3 d2e4 b5a4 c1d2 f8f7 a2a3 h5h4 g3h4 d8f6 e4f6 f7f6 a3c3 a8a7 g1f1 f6g7 d1e1 h8e8 d2e3 a7e7 c3d3 e7e3 d3e3 e8e3 e1f2 e3e7 f1d1 g7h6 f2f1 h6h7 f1f2 h7h8 c2c4 e7e6 c4c5 d6c5 b4c5 a4a3 f2g1 e6e8 c5c6 b8c6 d1d3 c6e5 g1f1 e5g4 h3g4 h8g8 d3a3 g8g7 a3a6 e8d8 f1g1 d8d5 a6a1 c8d6 a1c1 d5e5 g1f1 d6b5 c1e1 e5d5 e1e7 g7f6 e7e4 d5d8 g4g5 f6f5 e4e7 b5c3 f1e1 f5g4 g5g6 g4f3 e1f1 d8c8 g6g7 c8g8 f1g1 c3e4 h4h5 g8g7 e7g7 e4f6 h5h6 f6d5 g7b7 d5e3 h6h7 e3d5 g1f1 d5e3 f1e1 e3c2 e1f1 c2d4 f1g1 d4f5 g1f1 f5e3
184,B,value_resign,23,0.224554,920,2026-08-19 03:58:35,g2g3 d7d6 a2a4 c7c5 b1c3 c8g4 h2h3 g4e2 c3b5 d6d5 g3g4 g8h6 f2f3 e2d1 b5d6 d8d6 c2c4 d5c4 g1e2 e7e5 h3h4 e5e4 e2c3
185,D,rule_draw,137,0.203830,925,2026-08-19 03:58:49,c2c4 b8a6 b2b3 g8f6 g2g4 h7h6 e2e3 g7g5 g1f3 b7b5 f3g5 h6g5 h2h3 e7e5 h3h4 b5b4 c1a3 f8d6 f2f3 h8f8 h4g5 a6b8 d1c1 f6g4 e1d1 e5e4 f3e4 f7f5 g5g6 g4h2 e4e5 d6e7 d2d3 b8a6 a3b4 f8g8 b4e1 h2f1 h1h3 f1e3 c1e3 a6b4 e3f3 b4c2 d1c2 c8b7 e1c3 b7f3 h3f3 a8c8 b3b4 e7b4 c3b4 d8h4 a2a3 d7d6 e5d6 g8g6 c2c3 h4f6 d3d4 e8d8 f3f5 f6f5 a3a4 g6g7 d4d5 g7e7 d6e7 d8e8 c3d4 f5f4 d4c5 a7a6 b1c3 e8e7 c3e2 f4e3 e2d4 e7f6 a1e1 e3f4 e1f1 f4f1 a4a5 f6g5 d4f3 g5f4 f3d4 f1g2 d4f3 g2f3 b4c3 f3f2 c3d4 f4g3 d4f2 g3f2 c5d4 f2f3 d4e5 c7c6 d5d6 c8f8 c4c5 f8e8 e5f6 e8f8 f6g7 f8e8 g7h7 e8f8 h7g7 f8e8 g7f7 e8d8 f7g7 d8a8 g7h7 f3g2 h7g7 g2f3 g7f6 f3g2 f6g7 g2f3 g7h7 f3g2 h7g7 g2f3 g7f6 f3g2 f6g7 g2h1 g7f6 h1g2 f6g7
186,W,value_resign,55,0.166694,930,2026-08-19 03:58:49,a2a3 f7f5 e2e4 b7b6 c2c3 e7e6 e4f5 c8b7 f2f4 e8f7 b2b3 d7d6 h2h3 h7h5 f5e6 f7e6 f1b5 g8f6 e1e2 e6f7 d2d4 f6e8 g2g4 h5g4 c1e3 a7a6 h3g4 h8g8 g4g5 c7c6 b5c6 f7g6 g1f3 b6b5 d4d5 a8a7 c6b7 a7b7 e2d3 b7a7 h1e1 a6a5 e3a7 b5b4 c3b4 a5a4 d1d2 d8d7 d2g2 d7h3 g2h3 b8d7 a1a2 a4b3 d3e2
187,D,cap_draw,150,0.132852,935,2026-08-19 04:03:00,b2b4 b7b5 h2h3 g7g6 d2d3 h7h6 c1d2 c8a6 d2e3 d7d6 c2c4 c7c5 a2a4 d6d5 a1a3 b5a4 c4d5 g6g5 d3d4 d8d5 a3a4 e8d7 b4b5 d5e6 a4a5 c5d4 d1d4 d7c8 b5b6 a7b6 d4c3 c8d7 f2f3 e6c6 g2g4 f7f6 b1d2 a6c4 c3b2 a8a5 b2c2 c4d5 e1f2 a5a2 d2c4 d5c4 c2a2 c4a6 e3b6 e7e5 a2c2 a6c4 c2c3 f6f5 f2e1 c4d5 f3f4 e5f4 g4f5 h6h5 b6d4 g8h6 e2e4 f4e3 d4h8 h6f5 g1f3 c6c3 h8c3 f5h6 f3g5 d5h1 g5e4 b8c6 c3b2 f8b4 b2c3 b4c3 e1d1 c6e5 d1c2 h6f7 c2c3 d7e7 c3d4 h1e4 d4e4 e5g4 h3h4 g4f6 e4d3 e3e2 d3e2 f6g4 e2f3 g4f6 f3g2 f6g4 f1b5 g4e5 g2g3 e7f6 g3f4 f6e7 f4g3 e5g4 g3g2 g4e5 g2g3 e7f6 b5c6 e5c6 g3f4 c6e5 f4g3 f6e7 g3f4 e5d3 f4e3 e7e8 e3d3 e8f8 d3e4 f8g8 e4f5 g8g7 f5e6 f7h6 e6e7 h6g4 e7e8 g4h2 e8e7 g7h6 e7e8 h6g7 e8e7 g7h6 e7e8 h6g7 e8e7 g7h6 e7e8 h6g7 e8e7 g7h8 e7d8 h8g8 d8e8 g8h8
188,B,material_adjudication,83,0.204651,940,2026-08-19 04:03:42,e2e4 g7g6 g1e2 b7b5 b1c3 e7e6 h2h3 e8e7 e4e5 h7h5 h1g1 b5b4 d2d3 c8b7 g2g3 b8c6 f2f4 c6d4 e1d2 d4f5 a2a3 b4a3 b2b3 g8f6 d3d4 b7f3 c3e4 d7d6 c1a3 f6d7 e4d6 d7c5 a3c5 g6g5 c2c4 a8c8 g3g4 h5g4 d2e1 g4h3 d4d5 e6d5 d6c8 e7e8 c4d5 f3e2 e1e2 f8c5 f1h3 c5g1 f4g5 f5d6 e5d6 g1d4 d6c7 d8d5 h3g2 d5g2 e2d3 d4a1 b3b4 g2g5 c8a7 g5g3 d3c2 g3c7 c2d2 f7f5 d1b3 e8d7 b3c2 c7b7 d2e3 b7a6 e3f4 a1d4 a7c6 a6c6 b4b5 c6b6 c2d2 b6b5 d2b2
189,W,checkmate,49,0.184414,945,2026-08-19 04:03:55,g1h3 a7a6 b2b3 e7e6 b1c3 b7b5 e2e3 d7d6 f1d3 e8e7 e1e2 f7f5 c3b1 b8d7 b1c3 d8e8 f2f4 d7b6 h3g1 b6c4 c3d5 e7d8 c2c3 c7c5 b3b4 a8a7 a1b1 c5b4 c1b2 c8d7 d3f5 c4d2 c3b4 d2f3 f5e4 g8e7 b1c1 e7d5 a2a4 e8e7 a4b5 d7b5 e2f3 b5d3 d1d3 d5b4 d3c3 a6a5 c3c8
190,W,value_resign,62,0.137102,950,2026-08-19 04:05:30,e2e3 g7g5 a2a4 b7b5 a4a5 f8g7 g2g4 h7h6 b1c3 e8f8 h2h4 f7f6 f1d3 b5b4 f2f4 g5h4 e1e2 h8h7 d3g6 e7e6 f4f5 g8e7 f5e6 f6f5 d2d3 d7e6 g4f5 e7f5 c3a4 g7e5 g6h7 c8b7 h7f5 e6f5 d3d4 b8c6 d4e5 c6a5 d1d8 a8d8 g1f3 f5f4 a4c5 a5c6 f3d2 f4e3 e2e3 c6e5 c5b7 b4b3 b7d8 h4h3 h1h3 f8g8 e3e2 e5c4 c2c3 c7c6 h3h1 h6h5 a1a2 h5h4
191,B,material_adjudication,75,0.170362,955,2026-08-19 04:05:44,e2e4 e7e5 h2h3 f8c5 g1f3 e8e7 b2b3 e7e6 g2g4 f7f5 f3d4 e6f6 h1g1 d7d5 d4f3 f5f4 f1d3 g7g6 e4d5 c5e3 c1b2 h7h6 d3g6 f6g6 b1a3 g6g7 c2c4 b7b5 c4c5 d8e8 g4g5 a7a6 a1b1 e3d4 f3d4 e5d4 e1f1 g8f6 d2d3 h6g5 c5c6 g7f7 h3h4 b5b4 g1g5 b4a3 b2a3 h8h4 b3b4 f4f3 a3b2 a6a5 b4b5 a8a7 b5b6 c7b6 d1f3 c8a6 c6c7 a7c7 f3g2 b8d7 b2d4 e8h8 d4b6 d7b6 d5d6 c7b7 b1b6 b7b6 g5g4 h4g4 f1e2 f6d7 f2f3
192,B,value_resign,50,0.173096,960,2026-08-19 04:08:45,e2e3 h7h6 a2a4 a7a5 h2h3 h8h7 e3e4 g7g6 e4e5 e7e6 g2g3 a8a7 h1h2 h7h8 d2d4 g6g5 a1a2 g5g4 b2b4 d7d5 e1d2 h6h5 d2e2 f8b4 b1d2 f7f5 c2c4 b7b5 a4b5 b4d2 b5b6 d2c1 d1c1 a5a4 a2a4 a7a4 h2g2 b8d7 c4c5 g4h3 e2d1 h5h4 g1e2 g8e7 d1c2 h3g2 f1g2 h4g3 e2c3 a4a2
193,B,material_adjudication,66,0.168722,965,2026-08-19 04:09:28,e2e4 g8f6 g2g3 h8g8 a2a4 b7b6 f1d3 e7e6 e1e2 f6e4 g1f3 f7f6 b2b4 f8d6 e2f1 e8f8 h1g1 g7g6 h2h4 c7c5 b4b5 e4f2 d3f5 f2d1 f5d3 c5c4 f3d4 d6c5 c1b2 g6g5 d3c4 c5d4 b2d4 g5g4 d4b2 f8g7 c4d5 d1b2 d2d4 g8h8 a4a5 b6a5 g1g2 e6d5 f1f2 d8e8 c2c4 e8e7 a1a2 d5c4 a2a4 h7h6 a4a5 b8a6 a5a6 c8a6 b1d2 a6b5 d2e4 b5a6 g2g1 a6b5 f2e1 a8f8 g1h1 c4c3
194,W,value_resign,47,0.134546,970,2026-08-19 04:09:43,a2a4 e7e6 e2e4 b7b6 g1f3 c8b7 f3g1 f8a3 f2f3 g7g6 h2h4 a3b2 c1b2 b8c6 d2d4 d7d6 f3f4 h7h6 e1d2 d8f6 g1f3 g8e7 g2g4 a7a5 d4d5 e8d7 f1b5 b7a6 d5c6 d7e8 g4g5 a6b5 g5f6 e7f5 b1c3 b5c4 d1e1 a8d8 e4f5 g6f5 d2e3 c4b3 c2b3 h8f8 b2a3 f8g8 b3b4
195,B,checkmate,18,0.183537,975,2026-08-19 04:09:57,e2e4 b7b6 g1e2 g8f6 a2a4 g7g6 b2b4 b8c6 c2c4 f8g7 a1a2 h8g8 e2g1 a7a5 b1c3 c6b4 g1e2 b4d3
196,W,value_resign,53,0.194742,980,2026-08-19 04:10:53,e2e4 d7d6 a2a4 b7b5 a4b5 g8f6 a1a2 h8g8 b1c3 c7c6 c3a4 c8b7 c2c3 c6b5 g2g4 f6g4 g1h3 g7g5 e1e2 f8g7 a2a1 e8d7 f1g2 e7e6 d1f1 d7c6 d2d4 g7e5 a1b1 g8h8 d4e5 b5b4 c1g5 f7f6 b1c1 f6g5 f2f4 d8b6 a4b6 c6b6 f4g5 b7e4 c3c4 d6d5 g5g6 g4e5 g2e4 d5c4 h3g5 h7h6 e2e1 e5d3 f1d3
197,B,material_adjudication,81,0.181757,985,2026-08-19 04:11:36,h2h3 d7d5 e2e4 b8c6 g1f3 g7g6 g2g3 g8f6 b2b3 h8g8 f1e2 c8g4 e1g1 e8d7 e2d3 g4h5 e4e5 f8h6 a2a4 d8c8 g1h1 f6e8 d3a6 c6b8 a6d3 f7f6 b1c3 g6g5 f3g5 h5d1 g5f7 d5d4 c3d1 b7b6 e5f6 c8b7 h1g1 e7e6 c2c4 d4c3 f2f4 b8c6 a1b1 b6b5 a4b5 c6e5 c1b2 c3b2 f4e5 a7a5 b5a6 b7d5 f7h6 d5d3 d1c3 d3d2 h6g8 h7h6 g3g4 d2c3 g4g5 h6g5 g1f2 c7c5 f1c1 b2c1q b1c1 c3b2 f2f1 g5g4 c1d1 d7c7 h3h4 a8a7 f1g1 a7a6 d1d5 e6d5 e5e6 c7c6 f6f7
198,W,checkmate,23,0.204518,990,2026-08-19 04:14:12,b2b3 a7a5 f2f3 d7d5 e2e4 c8d7 a2a4 c7c6 c2c4 f7f6 f1d3 b7b6 c4c5 d5d4 d1e2 g7g6 e4e5 f6f5 c1b2 h7h6 b2d4 f5f4 d3g6
199,B,material_adjudication,109,0.198086,995,2026-08-19 04:15:13,g2g3 a7a6 b2b3 d7d6 d2d3 c8e6 c2c4 e6d7 g1f3 b8c6 g3g4 d7g4 c1h6 a8a7 f3g5 e7e6 d1c1 g4h3 e2e4 c6d4 g5h3 b7b5 c1f4 e8d7 h1g1 g8h6 f4g3 h6f5 e4f5 d4f5 h3f4 h7h6 f4e6 f7e6 b3b4 f5g3 h2g3 d8f6 b1a3 g7g5 d3d4 d6d5 a3b5 a6b5 c4d5 g5g4 a1c1 f6f5 f1b5 d7c8 b5d3 f5d3 d5e6 h8h7 c1d1 d3c2 d1c1 h7f7 c1c2 f7e7 d4d5 c8d8 c2c1 c7c6 a2a3 a7a3 d5d6 e7e6 e1d1 f8d6 g1h1 e6e5 h1g1 e5e4 c1c6 d6e7 c6h6 e4e5 h6h7 a3a4 f2f4 g4f3 g1e1 e7f6 e1e5 f6e5 d1c2 e5d6 c2b3 a4b4 b3c3 b4a4 c3b3 a4b4 b3c3 d8e8 g3g4 b4a4 h7h5 f3f2 h5d5 e8f8 d5d6 f2f1q d6d2 f1h1 d2d1 h1c6 c3b2
200,B,value_resign,52,0.171455,1000,2026-08-19 04:15:14,b2b4 c7c5 h2h3 f7f5 f2f3 a7a5 b4a5 g8h6 e2e4 b7b5 f1e2 b8a6 d2d4 g7g5 c1e3 e7e5 e2d3 h6g4 d4c5 f8c5 g1e2 a6b4 h1h2 a8a6 e3f4 b4d3 c2d3 g5f4 h3g4 f5g4 f3g4 c8b7 e1d2 e8e7 e2f4 e5f4 d1f3 a6a5 g4g5 a5a4 h2h1 c5d4 a2a3 b5b4 f3f4 d4a1 h1h7 h8h7 e4e5 b4a3 b1a3 h7h6
201,D,cap_draw,150,0.141309,1005,2026-08-19 04:19:12,e2e4 e7e5 d2d4 e5d4 g2g3 d8e7 g1e2 h7h6 e4e5 g8f6 e5f6 g7g6 h2h4 c7c6 h1g1 h8g8 f2f3 f8g7 f1h3 e7e4 f3e4 g6g5 c2c3 d4c3 b2c3 g8f8 c1e3 g5h4 g3g4 h6h5 g4g5 g7f6 e1f2 f6g5 d1a4 d7d6 e4e5 c8h3 a4a3 d6d5 g1c1 h3d7 f2g1 d5d4 e2d4 g5e3 g1g2 e3c1 a3c1 h4h3 g2g3 c6c5 e5e6 c5c4 c1d1 h3h2 g3h2 b8a6 e6d7 e8d7 h2h3 d7c8 d4b5 a6b8 b1a3 a7a5 b5c7 f7f5 a3b5 b8a6 a2a3 a6c7 b5c7 f5f4 c7d5 a5a4 d5b4 a8b8 d1f3 f8g8 f3f4 g8g4 f4f3 b7b6 a1c1 b6b5 c1d1 b8a8 f3g4 h5g4 h3g4 c8b7 g4f5 a8d8 d1e1 d8d7 f5g6 d7c7 e1d1 c7c8 g6f7 c8b8 f7f6 b8c8 f6f5 c8c7 f5g6 b7c8 g6f6 c7d7 d1a1 d7c7 f6f5 c8d8 a1d1 d8c8 d1d2 c8b8 d2d1 b8b7 d1e1 c7d7 e1d1 d7d1 f5e5 d1c1 e5f6 b7c7 f6e5 c7d8 e5f6 d8e8 f6e5 e8f8 e5f6 f8g8 f6e5 g8g7 e5d6 g7g6 d6c7 g6f6 c7c8 f6g5 c8b7 g5f4 b7a6 c1b1 a6a7 b1g1
202,B,material_adjudication,85,0.125788,1010,2026-08-19 04:19:16,e2e4 b7b5 b1c3 g7g5 g2g3 e7e5 b2b3 f7f5 c3e2 f5e4 h2h4 b5b4 c1b2 f8d6 g3g4 c7c6 e2d4 e5d4 a1c1 c8a6 h4g5 a6f1 h1h2 c6c5 g1f3 d4d3 c2c3 e4f3 e1f1 b8c6 d1e1 c6e5 c3c4 h7h6 a2a3 e8f8 a3b4 e5g4 h2h1 a7a5 b4a5 a8a5 b2e5 d6e5 g5h6 h8h6 h1h6 g8h6 b3b4 a5a8 f1g1 d8c7 e1f1 g4e3 f1e1 f8f7 b4c5 h6g4 f2e3 g4e3 e1e3 e5f4 e3f4 c7f4 c1a1 d7d6 a1a8 f4c4 c5d6 c4b4 a8a1 b4d6 g1f2 f7e6 a1a5 d6c6 a5g5 e6f6 f2e3 f6g5 e3d4 c6f6 d4c4 f6e7 c4d5
203,W,value_resign,127,0.206193,1015,2026-08-19 04:19:30,g1h3 a7a6 b2b3 b7b6 f2f3 g7g6 h3f4 d7d5 c2c3 c7c6 d2d3 c8d7 c1d2 g6g5 h2h3 f7f5 e2e4 f5e4 f3e4 e8f7 e1e2 e7e5 d1e1 d5e4 e1d1 e4d3 e2e1 e5f4 f1d3 d8c7 d2e3 d7e6 d1d2 f8g7 d3e4 f4e3 d2e3 g5g4 b3b4 g8f6 a2a4 f6e4 e3g5 h7h5 h3g4 h5g4 b1a3 a6a5 a1c1 e4c3 e1f1 g7d4 g5h4 f7e8 c1d1 b8d7 d1d4 c3d1 a3b5 d7f6 h4h8 e8e7 h8g7 e6f7 b5c7 a8c8 d4g4 f6g4 f1e1 a5b4 e1d1 b4b3 g7b2 c8d8 d1c1 f7c4 c1b1 c4d3 b1c1 g4e5 b2e5 e7d7 e5e6 d7c7 e6f7 c7b8 h1d1 d8f8 f7g7 f8g8 g7f6 g8f8 f6g7 f8g8 g7f6 b8c8 d1e1 d3h7 c1b2 c8b7 e1d1 g8g6 f6g6 h7g6 b2b3 g6f7 b3b4 f7b3 b4b3 b6b5 b3b4 b5a4 g2g3 b7b6 d1a1 c6c5 b4a4 c5c4 g3g4 b6c5 g4g5 c5d4 g5g6 d4e3 a4a5 e3f2 a1c1
204,W,checkmate,91,0.180819,1020,2026-08-19 04:19:31,e2e3 h7h6 f2f4 g7g6 c2c4 b7b5 f4f5 g6g5 a2a3 c7c5 a1a2 a7a6 d2d4 a8a7 b1c3 h8h7 c3d5 b5c4 d4c5 c4c3 g1f3 g8f6 c5c6 f6g8 e3e4 b8c6 h2h3 d8c7 f1d3 f8g7 d5c7 e8d8 f3g5 a6a5 h1f1 h6g5 c1g5 g7e5 d1g4 f7f6 c7e6 d7e6 g5f4 e6f5 g4e2 e5f4 f1f4 c6e5 b2c3 h7g7 e4f5 e5d3 e2d3 d8c7 f4a4 c8f5 d3d2 a7a6 g2g4 f5g4 h3g4 c7c6 a4a5 a6a5 a3a4 a5a4 a2a4 c6b5 a4a1 f6f5 a1a5 b5a5 g4f5 a5a4 d2e3 g8f6 e3d2 f6g4 e1d1 g7g8 d1e1 a4b3 e1d1 g4f6 d2d4 f6g4 d1e1 e7e6 d4b6 b3a4 b6b4
205,B,value_resign,40,0.167811,1025,2026-08-19 04:19:32,e2e3 c7c6 g1f3 f7f6 f1e2 g7g6 g2g3 b7b5 c2c3 c8b7 f3e5 f6e5 g3g4 g6g5 e1g1 g8h6 b2b3 d7d6 c1a3 e5e4 f2f4 c6c5 c3c4 b5c4 h2h3 g5f4 b1c3 e8d7 b3c4 d8b6 d2d3 a7a5 d1c2 e4d3 e3f4 d3c2 a3b4 e7e5 c3d5 b7c6
206,W,value_resign,69,0.171220,1030,2026-08-19 04:20:37,b2b4 a7a6 b4b5 g7g6 g1f3 g8f6 e2e3 h8g8 f3e5 d7d6 e3e4 f6e4 e5g6 h7g6 b5a6 b7a6 c2c4 c7c5 g2g4 a6a5 d1e2 a5a4 f1g2 c8a6 e1g1 d8a5 e2e3 a8a7 h2h3 e7e6 b1a3 e8d8 g2e4 a5b4 e3e2 b4a3 f2f4 a3a2 a1a2 a6c8 f1f2 a7a5 a2c2 d6d5 c4d5 f7f5 d5e6 f5e4 c2c3 f8g7 e2e3 g7c3 d2c3 a5a8 e3e4 g6g5 f2f1 g5f4 c1f4 c5c4 f4e5 c8e6 f1e1 e6f5 e4f5 g8g7 g1g2 g7g5 e1c1
207,B,value_resign,41,0.160339,1035,2026-08-19 04:21:42,e2e4 e7e6 h2h3 d8h4 g2g3 e6e5 b2b3 f8c5 f1a6 c7c6 a6b7 c8b7 g1f3 h4d8 a2a4 g7g5 e1g1 d7d6 d2d4 e5d4 f3e5 c5b4 a4a5 e8f8 e5f7 f8f7 c1e3 d4e3 c2c3 e3e2 b1d2 d8f8 h3h4 e2d1q c3b4 h7h5 a1d1 b7a6 d2c4 f7g6 g1g2
208,B,value_resign,46,0.127802,1040,2026-08-19 04:22:10,e2e4 f7f5 g1e2 f5e4 f2f4 e7e6 b1c3 g8e7 f4f5 e7f5 g2g3 d7d6 f1g2 e8e7 h1g1 c8d7 d2d4 e6e5 c1f4 a7a6 d4d5 h7h6 h2h3 c7c6 g2f1 e5f4 c3a4 c6d5 e2c3 d8e8 g3f4 f5g3 d1f3 d7a4 c3a4 h6h5 f4f5 a6a5 f1d3 e4f3 a4b6 f3f2 e1d1 h8g8 g1g2 b8c6
209,B,value_resign,54,0.206385,1045,2026-08-19 04:22:49,e2e4 e7e5 b1a3 f8a3 g1h3 a7a5 c2c4 f7f6 d1h5 g7g6 h5g6 e8e7 g6h7 h8h7 h3f4 a3b2 f4d5 e7e6 h2h3 b7b6 c4c5 e6f7 c1b2 h7h3 g2h3 b6c5 h1g1 g8h6 f1e2 b8c6 e2f3 c6b4 b2e5 c8b7 e5f4 h6g4 g1g4 a5a4 a2a3 c5c4 e4e5 b7d5 g4g3 d5f3 g3f3 f6e5 e1d1 e5f4 a3b4 d8f6 d1c1 f7g6 d2d4 c4c3
210,W,material_adjudication,74,0.152331,1050,2026-08-19 04:23:15,e2e4 b7b5 b1c3 g7g5 a2a3 b5b4 a3b4 g8h6 c3b5 c8b7 b2b3 b8c6 h2h4 h8g8 g2g3 c6e5 d2d4 g5h4 a1a2 c7c6 a2a3 d7d6 g1e2 e5g4 c2c3 h4g3 a3a2 c6c5 f2g3 g4e5 a2a4 g8g3 d4c5 d6c5 c3c4 g3b3 b5d6 e7d6 b4b5 e5g4 d1b3 a7a5 c1f4 g4e3 f4e3 f8g7 b3c3 g7c3 e2c3 e8f8 e3h6 f8g8 c3d5 b7d5 c4d5 d8f6 b5b6 f6c3 h6d2 c3c2 a4a5 a8a5 d2a5 h7h6 h1g1 g8h8 b6b7 h8h7 b7b8q c2c3 e1d1 c5c4 a5b6 h6h5
211,W,value_resign,35,0.147816,1055,2026-08-19 04:27:04,e2e4 g7g6 g1f3 b7b5 g2g3 g6g5 f1b5 e7e5 e1g1 b8c6 b1c3 f8e7 b2b3 e7c5 a1b1 g8h6 d2d4 f7f5 c1d2 e8f8 d4c5 h8g8 b5c6 a7a6 b1a1 g8g6 g3g4 c8b7 a1b1 a8c8 c6b7 a6a5 g4f5 d7d5 e4d5
212,B,value_resign,38,0.162472,1060,2026-08-19 04:27:19,g2g4 f7f6 f1g2 b7b6 h2h4 g7g5 g2h3 e7e5 b2b4 f8b4 f2f4 b8c6 c2c3 b4c3 e2e3 g8e7 a2a4 c3a1 h1h2 e8f8 f4g5 d7d5 g5g6 c6b4 a4a5 c8f5 h2f2 f5d3 d1e2 a7a6 g6h7 b6b5 e2d3 b4d3 e1f1 d5d4 e3d4 a8c8
213,W,value_resign,61,0.124151,1065,2026-08-19 04:29:42,e2e3 h7h6 f1b5 b8c6 b2b3 d7d6 f2f3 g7g5 e3e4 f7f6 b5d3 e8d7 c1b2 a7a6 b2f6 g8f6 a2a4 h8g8 g2g3 e7e6 d3f1 d8e7 e1f2 f6g4 f3g4 b7b5 a4a5 c8b7 f1d3 e7f6 g1f3 g8g6 h2h3 b5b4 d3c4 d6d5 e4d5 e6d5 c4d5 f8d6 d2d4 c6e7 a1a4 b7c6 d5c6 d7c6 f2g2 c6d7 h3h4 g5h4 g3h4 d6c5 d4c5 d7c8 g4g5 f6g5 h4g5 h6g5 f3d4 g6g7 g2f3
214,W,value_resign,111,0.215635,1070,2026-08-19 04:29:57,h2h3 d7d5 b2b4 b7b5 h1h2 c8e6 c2c3 e8d7 f2f4 a7a5 g2g4 g8f6 e1f2 a5b4 e2e3 d5d4 f1e2 d7c6 a2a3 b4b3 f4f5 d4d3 e2d3 d8c8 g1f3 c6c5 f3g5 a8a5 a3a4 f6g4 h3g4 b8d7 f5e6 c8b7 h2h3 d7e5 c1b2 e5d3 f2g3 b5a4 a1a4 a5a4 h3h7 c5c4 h7h8 f7e6 h8g8 e6e5 g8f8 c7c5 g5h7 e7e6 f8g8 d3b2 b1a3 a4a3 g8g7 b7g7 g4g5 c4d3 d1b3 g7g6 b3a3 b2d1 a3c5 d1f2 g3f2 g6h7 c5e5 h7g6 f2f3 d3c4 e5c7 c4b3 c3c4 e6e5 d2d4 e5e4 f3e2 b3c2 c7a7 c2b2 e2d1 g6f6 d1d2 f6f3 g5g6 f3f2 d2d1 b2c3 a7a5 c3b2 c4c5 b2b3 d4d5 f2f5 d5d6 f5g6 a5b6 b3a4 b6a7 a4b5 d1d2 g6f6 d2d1 f6d6 c5d6 b5b4 d1d2 b4b3 d2d1
215,W,material_adjudication,66,0.110141,1075,2026-08-19 04:30:55,e2e4 e7e6 g1e2 b7b5 b1c3 e8e7 h2h3 b8c6 a1b1 g7g6 b2b3 h7h5 c1b2 a7a5 b1a1 c6b4 a1b1 d7d5 g2g3 h8h6 c3b5 g8f6 e4d5 e6e5 e2c3 f6d7 b5c7 a8a7 d1f3 e5e4 f3f4 b4c2 e1d1 f8g7 g3g4 h5g4 h3g4 h6h1 f2f3 e4f3 d1c2 f7f6 f1b5 g6g5 f4f3 h1b1 c2b1 d8c7 b5d3 c7e5 c3e2 e5d5 f3d5 c8b7 d5b5 b7d5 b3b4 a5a4 b5d5 d7b8 d3c2 a7d7 d5c4 d7c7 c4d3 c7d7
216,B,value_resign,52,0.173854,1080,2026-08-19 04:31:23,e2e4 e7e6 g2g4 d7d5 e4e5 b7b5 c2c3 f7f5 g4f5 a7a6 h2h4 c7c5 f1d3 e8d7 f2f4 d5d4 c3d4 c5d4 b2b3 g8h6 d3c4 d4d3 c4e6 d7c6 d1h5 c8e6 e1f2 h6f5 g1h3 a6a5 b1a3 c6c5 f2g1 f5e3 a3c2 d8d4 c2d4 c5d4 c1a3 b8a6 h5g6 a8c8 a1c1 f8a3 c1c8 h8c8 g1f2 h7g6 f2g3 e6f7 e5e6 f7e6
217,B,value_resign,40,0.158577,1085,2026-08-19 04:31:24,e2e3 h7h6 e3e4 a7a5 f2f4 g7g5 c2c3 a8a6 f1c4 c7c5 b2b3 e7e5 g2g3 g8e7 e1f1 b8c6 d1e2 h8h7 h2h3 d7d6 e2e3 c6b8 d2d3 e5f4 c4e6 f4e3 e4e5 c5c4 e5d6 f7e6 b3c4 d8d6 c1e3 e8d8 a2a4 g5g4 d3d4 b8c6 h3g4 c6e5
218,W,value_resign,18,0.123962,1090,2026-08-19 04:31:39,e2e4 g8f6 a2a4 b7b6 d2d3 e7e6 g1f3 b6b5 h2h4 e8e7 e4e5 g7g5 b2b4 g5g4 a1a2 f8h6 h1g1 d7d5
219,B,cap_draw,150,0.154870,1095,2026-08-19 04:32:20,e2e4 g8h6 g2g3 h6g8 d1h5 d7d5 f1a6 e7e5 g1f3 b7b6 e4d5 c8h3 b2b4 e5e4 a6b5 e8e7 e1e2 a7a6 b5c6 b8c6 c1a3 d8c8 b4b5 c6b4 a3b4 c7c5 b5c6 e7e8 b4c3 b6b5 e2d1 f8c5 d1c1 h3g4 d2d4 c5d4 c3d4 g4h5 d4e5 h5f3 h1e1 c8f5 e5c3 f7f6 h2h3 a6a5 g3g4 f5f4 c3d2 h7h5 d2f4 h5g4 f4e5 f6e5 h3g4 g8e7 c1d2 b5b4 c6c7 e7d5 c2c4 b4c3 b1c3 d5c3 d2c3 a8c8 a1d1 f3d1 e1d1 e4e3 f2e3 c8c7 c3b3 c7c6 e3e4 e8e7 d1g1 e7d6 g1g2 g7g5 g2g1 d6c5 a2a4 c6c7 b3b2 c5b4 b2b1 c7c4 b1b2 c4c3 b2b1 b4b3 g1h1 h8g8 h1g1 g8g7 g1f1 g7g8 f1f2 g8g7 f2f1 g7g8 f1f2 g8g7 f2f1 g7g8 f1g1 g8g7 g1f1 g7h7 f1g1 h7h8 g1f1 h8h7 f1g1 h7h8 g1f1 h8h7 f1g1 b3a4 b1b2 h7h8 b2c3 h8h7 c3c4 a4a3 g1g2 a5a4 c4c5 a3b3 g2f2 a4a3 f2f1 a3a2 f1g1 h7g7 c5b5 a2a1q g1a1 g7h7 a1h1 h7h1 b5c6 b3a2 c6b7 h1g1 b7b8 a2a1 b8c7 g1b1
220,W,value_resign,57,0.138706,1100,2026-08-19 04:32:33,e2e4 b7b5 b1a3 g8h6 g1e2 e7e6 c2c4 c8a6 a1b1 c7c5 c4b5 a6b5 a3b5 g7g6 e2c3 a7a6 f2f3 a6b5 f1d3 e8e7 c3b5 f8g7 e1g1 g6g5 g2g3 e6e5 b2b3 h6g4 d3c4 g4h2 b5d6 h7h6 g1h2 e7d6 a2a4 d6c6 c4d5 c6c7 c1b2 h8f8 b2c3 c5c4 c3e5 d7d6 e5g7 d8e7 b3c4 f7f5 e4f5 f8f5 b1a1 f5f6 g7f6 e7e6 d5e6 g5g4 f3g4
221,B,value_resign,48,0.174084,1105,2026-08-19 04:32:47,e2e4 e7e6 a2a4 g7g6 h2h3 b7b6 d2d3 c7c6 c1h6 f8c5 g2g3 f7f6 c2c3 g8h6 e4e5 c8a6 b2b4 a6b7 g1e2 g6g5 h3h4 b8a6 a1a3 c5b4 c3b4 a6b4 f2f4 h8f8 h4g5 f6g5 f4g5 h6f5 b1d2 f5e3 d3d4 a8c8 d2f3 e3d1 d4d5 b7a6 g5g6 f8g8 g6h7 g8h8 a4a5 b6b5 e2f4 c6c5
222,B,value_resign,58,0.137628,1110,2026-08-19 04:36:06,b2b4 b7b6 g2g3 f7f5 g1f3 g7g5 g3g4 f5g4 e2e4 h7h5 d2d3 f8g7 a2a4 c7c6 f1e2 e7e5 c2c4 b6b5 d3d4 e8e7 e1f1 e5d4 f3d4 g8h6 e4e5 b5c4 e2g4 e7f8 c1a3 c8a6 b1c3 h6g4 b4b5 c6c5 f2f3 g7e5 f3g4 h5g4 d4e2 e5c3 e2c3 f8g7 a3b2 a6b7 h2h3 b7h1 c3e4 g7g6 e4g5 d8g5 d1g4 h8d8 h3h4 g5g4 b5b6 a7b6 b2c3 g6f7
223,W,checkmate,17,0.220438,1115,2026-08-19 04:36:19,e2e4 e7e6 f1b5 e8e7 g2g4 g7g5 b5c6 e6e5 e1e2 g8h6 a2a3 b8c6 d2d4 c6d4 d1d4 h8g8 d4e5
224,B,material_adjudication,79,0.201425,1120,2026-08-19 04:37:30,e2e4 b7b5 b1c3 b5b4 c3e2 f7f6 g2g4 c7c5 c2c3 h7h5 d2d3 g8h6 c1d2 g7g5 d2g5 h5h4 f2f4 e7e6 e4e5 c8b7 f1g2 f6f5 g5h6 b7g2 d1b1 g2e4 c3b4 e4d3 e2c3 f8h6 h2h3 e8g8 b1d3 h6f4 b4c5 b8c6 g4f5 e6f5 e5e6 d7e6 d3d8 a8d8 g1f3 f4g3 e1e2 f5f4 a1d1 d8d1 h1d1 f8d8 d1d8 c6d8 f3g5 g8g7 c5c6 d8c6 a2a4 a7a5 e2f3 c6d4 f3g2 g7f8 c3e4 f8e8 b2b4 a5b4 g5f3 d4f3 e4g5 b4b3 g2f3 b3b2 a4a5 b2b1q f3g2 e8d8 a5a6 b1b4 a6a7
225,B,checkmate,66,0.185957,1125,2026-08-19 04:38:24,c2c4 g8f6 f2f4 g7g6 g2g4 h7h5 f1g2 b8a6 b1c3 a8b8 c4c5 h5g4 f4f5 b7b5 c5c6 e7e5 a2a3 f8c5 c6d7 e8e7 b2b4 g6f5 e2e3 d8d7 g1e2 f6g8 b4c5 c7c6 a3a4 d7e8 a4b5 c6b5 a1a5 a6c5 c3d5 e7e6 e3e4 a7a6 e4f5 e6f5 e2f4 e5f4 e1f1 c5b3 f1f2 b8b7 d1b3 g8f6 b3c3 f6d5 g2d5 f7f6 d5b7 c8b7 h2h4 b7h1 f2g1 f5e4 g1h1 b5b4 d2d3 e4f3 c3f6 g4g3 d3d4 e8e1
226,W,value_resign,35,0.254187,1130,2026-08-19 04:40:15,g2g4 g7g5 e2e4 b7b5 f1b5 c7c5 g1f3 e7e5 e1e2 e8e7 d2d4 h7h6 d1e1 b8c6 f3g5 f7f5 b5c6 d8e8 e4f5 e5d4 f2f3 d7c6 c2c4 h6g5 b1a3 a7a5 e2d2 e7f6 e1e8 c8b7 e8e1 d4d3 b2b3 f8g7 h2h3
227,B,material_adjudication,66,0.168477,1135,2026-08-19 04:42:29,e2e3 h7h6 f2f4 h6h5 c2c3 b8c6 h2h4 g7g6 f4f5 g8f6 e1e2 a8b8 b2b4 a7a6 e3e4 c6d4 c3d4 g6f5 c1a3 f6h7 d1c2 e7e6 e4e5 b7b6 c2e4 b6b5 e4c2 f8b4 g1f3 e8e7 d2d3 c8b7 d4d5 e6d5 b1d2 b4a3 h1g1 b5b4 d3d4 h8e8 g2g3 f5f4 f1h3 e8h8 a1c1 a3c1 g3f4 d8e8 h3g4 h5g4 g1c1 g4f3 e2d3 e7d8 a2a4 h8g8 a4a5 f7f5 d2f3 g8g4 c2b2 c7c5 c1c4 d5c4 d3c4 c5d4
228,W,value_resign,57,0.162928,1140,2026-08-19 04:42:59,e2e4 b7b5 e4e5 g7g5 a2a4 a7a6 d2d4 c7c5 g1f3 a8a7 a4b5 a6a5 d1d2 f8g7 d2e3 c8b7 e3e4 e8f8 e5e6 c5c4 f3e5 b7e4 e5f7 d7e6 f7g5 d8c8 a1a3 c8a6 b5a6 f8e8 a3a5 b8c6 h1g1 c6a5 f2f3 e6e5 f3e4 a7a6 d4e5 e8d7 g5f7 h7h6 f7h8 g7h8 c1f4 d7e6 e1d2 a5c6 f1c4 e6d7 c2c3 c6d4 c4d5 d7c7 c3d4 a6f6 g1h1
229,B,value_resign,44,0.153405,1145,2026-08-19 04:43:00,e2e4 e7e5 g1f3 f7f6 c2c3 c7c5 e1e2 e8e7 f3e5 f6e5 f2f4 d8a5 a2a3 d7d5 f4f5 a7a6 c3c4 e7d8 b1c3 c8f5 e4f5 g8h6 d1c2 h6f5 c3d5 f5d4 e2e1 d4c2 e1f2 f8e7 a1a2 g7g5 b2b4 c5b4 a3a4 e7d6 f2e2 b4b3 c1a3 c2d4 e2e1 b3a2 h2h3 a2a1q
230,B,value_resign,54,0.124744,1150,2026-08-19 04:43:59,e2e4 e7e5 b1a3 b8a6 c2c3 g8e7 f1c4 c7c6 g1f3 g7g6 g2g4 h7h6 b2b3 a6c7 g4g5 f7f5 f3e5 h6g5 e4f5 h8h5 c1b2 c7b5 c4d5 c6d5 d1h5 d7d6 e5c4 g6h5 b3b4 a7a6 d2d4 c8d7 a3b5 e7f5 a1c1 d5c4 d4d5 d8e7 e1f1 e8f7 b5d6 e7d6 f1g1 d7a4 h2h3 f5e3 c1b1 d6e7 f2e3 a8a7 h3h4 b7b5 h4g5 f8g7
231,W,value_resign,55,0.147059,1155,2026-08-19 04:44:14,e2e4 b7b6 a2a4 g7g6 a1a2 e7e5 d1h5 c7c6 h2h3 f8c5 c2c4 e8f8 d2d4 g8e7 e1e2 g6g5 g2g3 e7f5 c1f4 f7f6 f4g5 c5d4 e4f5 b8a6 b1d2 d4c3 g3g4 c3b2 g5f6 a6c7 f6h8 f8g8 g1f3 d8e8 e2d3 e5e4 d3c2 e8e7 d2e4 g8h8 c2b2 h7h6 h5h6 e7h7 h6g5 a8b8 e4d6 h7g6 f1e2 g6g5 f3g5 h8g8 f2f3 c8b7 b2c3
232,B,value_resign,26,0.164805,1160,2026-08-19 04:44:44,e2e3 h7h6 e3e4 g8f6 h2h3 e7e5 g1e2 a7a5 b1c3 c7c5 f2f4 e5f4 d2d4 c5d4 d1d4 a8a6 a2a3 f8c5 e1d2 c5d4 c3b5 e8e7 a1a2 d7d5 e2f4 d8e8
233,W,value_resign,31,0.168035,1165,2026-08-19 04:44:59,g1f3 b7b5 f3g1 g7g5 b2b4 g5g4 g2g3 d7d5 e2e4 h7h5 b1c3 c8b7 f1d3 d5e4 e1e2 d8d3 e2e1 g8h6 c2d3 h6f5 h2h3 b8d7 h3g4 b7a6 c1a3 e8d8 c3d5 d8c8 d3d4 f5e3 f2e3
234,B,material_adjudication,149,0.144935,1170,2026-08-19 04:45:14,d2d4 a7a6 e2e4 f7f5 f1b5 c7c6 g1f3 a6a5 f3e5 g7g6 g2g4 d7d5 c2c4 c6b5 e1e2 f5f4 c1f4 g8f6 e5c6 c8g4 e2d2 g4d1 c6d8 a8a6 b1c3 d5c4 d2e1 b8c6 e1d1 f6g4 d8c6 g6g5 c3d5 g5f4 h2h3 h7h6 h3g4 h8g8 e4e5 a6c6 b2b3 c4b3 a2b3 g8g6 e5e6 c6e6 a1c1 e8d8 b3b4 a5b4 d5b4 b7b6 d4d5 e6f6 d1d2 g6g4 f2f3 g4g6 d2c3 f6f5 c3d4 h6h5 c1d1 d8c7 d4e4 g6f6 e4d4 f6g6 d4e4 g6f6 e4d4 f6g6 h1h2 h5h4 h2h4 g6g7 h4h2 e7e6 d5e6 f8d6 h2g2 g7g2 d1h1 c7c8 d4e4 f5f6 h1d1 c8c7 e6e7 f6f7 e7e8q f7g7 e8h5 d6b4 e4d5 b4d6 d5d4 g2g3 h5g4 g3g4 f3g4 g7e7 d4d5 e7f7 d1d4 d6e7 d5e5 b5b4 d4d1 e7g5 e5e6 b4b3 e6f7 b6b5 f7g8 b3b2 g8h8 c7c6 d1b1 g5f6 h8h7 c6c7 b1b2 f6b2 h7g8 f4f3 g8f8 c7d7 g4g5 b5b4 g5g6 b2a3 g6g7 b4b3 f8f7 f3f2 g7g8q f2f1q f7g6 b3b2 g8g7 d7e6 g7f7 f1f7 g6h6 b2b1q h6g5 f7g7 g5f4
235,W,material_adjudication,138,0.172107,1175,2026-08-19 04:46:49,g2g4 f7f5 b2b3 e7e5 e2e4 f5f4 c2c4 g8e7 e1e2 b8c6 h2h4 e8f7 d1e1 f7e8 c4c5 g7g6 c1b2 a7a6 g1h3 a6a5 e2d1 a5a4 b3a4 f8h6 h1h2 a8a4 h2h1 e8f7 f1c4 d7d5 e4d5 c8g4 d1c2 a4c4 b1c3 c6d4 c2b1 g4h3 d5d6 e7f5 d6c7 d8f6 c3d5 b7b5 d5f6 h3g2 b2d4 g2h1 f6h7 c4d4 e1h1 h8h7 c7c8q e5e4 c8c6 h7g7 b1c2 e4e3 f2e3 d4d7 a1c1 f7e8 e3f4 e8d8 c6b7 d7b7 h1d5 g7d7 d5e5 d7e7 e5c3 b5b4 c3d3 d8e8 d3c4 b7d7 d2d4 f5h4 c4b5 e7f7 c2d3 e8d8 b5b6 d8e7 d3c2 d7d5 c2d2 h6f4 d2d3 f4c1 d3e4 d5d8 d4d5 e7f8 b6d8 f8g7 d8h4 c1f4 h4e1 b4b3 a2b3 g6g5 e4f3 g7h8 c5c6 h8g8 c6c7 f7c7 f3g4 g8h8 b3b4 h8g8 d5d6 c7d7 b4b5 d7d6 b5b6 d6b6 e1e7 b6e6 e7e6 g8f8 e6e2 f8g8 e2d3 g8h8 d3b3 f4g3 b3c2 h8g8 c2c3 g8f7 g4g3 f7g8 c3d3 g8h8 g3g2 h8g8
236,B,material_adjudication,69,0.133623,1180,2026-08-19 04:47:44,e2e3 d7d6 a2a4 f7f5 a4a5 c7c6 f1e2 h7h5 f2f3 b8a6 a1a4 h8h6 e2a6 g7g6 a4a1 b7b6 g2g4 f5g4 a6b7 f8g7 f3g4 e8f8 c2c3 d8d7 e1f2 c8b7 e3e4 e7e6 f2e2 g8f6 d2d3 h6h8 d1a4 f6g4 d3d4 b6b5 e4e5 g7e5 d4e5 b5a4 a1a4 f8g7 e2f3 d6e5 c1f4 h8c8 f4g5 e5e4 f3e2 g4f2 e2f2 b7a6 f2e1 a6b7 g1h3 e4e3 h1f1 b7a6 g5f6 g7h6 h3g1 d7e8 a4d4 a6f1 c3c4 c6c5 d4d3 e3e2 g1e2
237,B,material_adjudication,77,0.177615,1185,2026-08-19 04:48:51,e2e4 e7e6 e4e5 a7a5 h2h3 a8a6 a2a4 h7h6 e1e2 d7d6 g2g4 b8d7 e5d6 e6e5 e2f3 a6a8 f1g2 h8h7 d2d3 f7f5 f3e2 e5e4 d3e4 f5e4 b2b4 e8f7 h3h4 e4e3 b4a5 h6h5 e2e3 f8d6 a5a6 a8a6 f2f4 h5g4 g2d5 f7e7 g1h3 a6a5 h3g5 d7f6 g5h7 c8e6 e3d4 e6d5 c1e3 e7f7 e3f2 d5h1 d1h1 b7b6 f2g3 d8d7 c2c3 c7c6 c3c4 f6h7 g3f2 d6c5 d4e4 f7e8 f2c5 b6c5 h1g1 a5a8 e4e5 a8c8 g1g4 h7g5 f4g5 d7g4 b1a3 g4f3 a1c1 f3g2 c1e1
238,B,checkmate,54,0.148948,1190,2026-08-19 04:48:52,g2g4 e7e5 g4g5 b8c6 b2b3 e8e7 g1h3 b7b6 c1b2 g8f6 g5f6 e7f6 e2e4 c8b7 h3g5 f6g5 d2d4 g5h4 d4d5 f8b4 e1e2 c6d4 b2d4 e5d4 e4e5 d8e7 f2f3 b4a5 f1g2 b7d5 d1d4 d5e4 d4e4 h4h5 e4a8 h8a8 e2f2 d7d5 e5d6 e7f6 h2h4 b6b5 h1f1 f6a1 c2c3 a1a2 f2g3 a5c3 b1c3 a2d2 c3b1 d2d4 b1a3 d4h4
239,B,checkmate,30,0.139471,1195,2026-08-19 04:49:57,f2f4 g8f6 h2h3 g7g6 f4f5 g6g5 b2b4 d7d6 g1f3 f8g7 c1a3 e8g8 d2d3 c7c6 c2c3 g8h8 f3g5 f6g4 g2g3 g4e3 d1d2 d8c7 c3c4 b8a6 g5f7 h8g8 f1g2 d6d5 g3g4 c7g3
240,B,material_adjudication,133,0.193949,1200,2026-08-19 04:51:16,e2e4 d7d6 f2f3 c8f5 f1a6 e8d7 e1f1 f7f6 h2h4 b7b6 c2c3 f5g6 a2a4 f6f5 d1c2 e7e6 g1h3 e6e5 a1a2 g8e7 d2d4 f5e4 f3e4 c7c6 c1d2 g6e4 f1e2 b8a6 g2g4 e7f5 e2d1 d8h4 h3f4 e5f4 h1h4 h7h5 a4a5 h5g4 c2e4 g7g5 h4h8 b6b5 e4f5 d7e7 f5e6 e7e6 h8g8 e6f5 d1c2 f8g7 g8g7 c6c5 g7h7 f5g6 h7h8 a8h8 a2a1 d6d5 b2b4 c5c4 b1a3 h8e8 a3b5 f4f3 a1g1 e8e2 g1g4 g6h5 g4g1 h5h4 b5d6 a6c7 g1g5 e2d2 c2d2 h4g5 d2e1 a7a6 b4b5 a6b5 d6b5 c7b5 a5a6 b5a7 e1f2 g5f6 f2g1 f6e7 g1h1 e7f6 h1g1 f6e7 g1h1 e7f6 h1g1 f6e7 g1f1 e7d6 f1g1 a7c6 g1f2 d6c7 f2f3 c7b8 f3g4 c6d8 g4f5 b8a8 f5g6 a8b8 g6h7 b8a7 h7h8 a7a6 h8h7 a6a5 h7g7 a5a4 g7h7 d8c6 h7g7 c6d4 c3d4 c4c3 g7g8 c3c2 g8f7 c2c1q f7f8 c1e3 f8g7 e3d2 g7h7
241,W,value_resign,47,0.139233,1205,2026-08-19 04:53:13,e2e3 g7g5 h2h4 e7e5 d2d4 c7c6 e3e4 h7h6 e1e2 f7f6 g1f3 e5d4 f3g5 f8g7 g5f7 d7d6 c2c3 e8e7 c1d2 c8d7 f2f3 d7e6 f7d8 a7a5 a2a4 e6d5 e4d5 h6h5 f3f4 c6d5 b1a3 f6f5 g2g4 g8f6 g4h5 h8h5 a3c2 a8a7 f1g2 h5h4 h1h4 d4d3 e2d3 e7d8 a1c1 d8d7 g2f1
242,W,value_resign,59,0.201352,1210,2026-08-19 04:53:53,e2e3 g7g6 g2g4 h7h6 e1e2 g8f6 a2a4 a7a5 b1c3 b7b6 e3e4 d7d5 c3d5 f6g4 h2h4 e7e6 f2f4 c8b7 d2d4 b8c6 f1g2 f8e7 b2b3 e7f6 e4e5 c6b4 e2f1 b7d5 f1e1 d5b3 c2b3 b4a6 g1f3 e8g8 h1f1 g4e5 d4e5 f6e5 f4e5 a6c5 c1h6 g6g5 h4g5 c5b3 d1b3 d8b8 b3b2 b8b7 f1g1 a8a6 f3d4 b6b5 a4b5 f7f6 e5f6 c7c5 b5a6 b7b6 b2a3
243,B,value_resign,48,0.228609,1215,2026-08-19 04:53:54,e2e4 g8f6 a2a4 g7g6 d2d3 b7b6 g2g4 b6b5 a4b5 g6g5 a1a4 f6e4 g1f3 e4f2 f1g2 f8g7 e1f2 g7d4 f2g3 f7f6 c1d2 c8b7 f3d4 b7g2 d4f3 e7e6 b2b3 g2f3 d3d4 f3d1 h2h3 e8f7 h1d1 f6f5 g4f5 e6f5 d2g5 d8g5 g3f2 c7c5 d4c5 f5f4 a4a5 g5f6 b5b6 f6e7 d1d3 d7d6
244,W,value_resign,41,0.209402,1220,2026-08-19 04:56:45,e2e4 e7e6 h2h4 d7d5 d2d4 f8b4 c1d2 c7c5 e4e5 a7a5 g1f3 a8a6 d1c1 b7b5 c2c3 e8d7 h1g1 g7g5 f3g5 g8f6 g5f3 d8e8 a2a4 b4a3 a1a2 d7c6 f1b5 c6b6 d2e3 c5c4 b1a3 b6c7 b5a6 b8a6 a3c2 h7h6 c1d2 c7d7 a2a3 e8g8 e1e2
245,B,value_resign,58,0.195488,1225,2026-08-19 04:56:59,a2a4 e7e6 g1h3 b7b6 d2d3 e8e7 f2f4 b8c6 b1d2 g7g6 e2e4 h7h5 e1e2 g6g5 a1a2 e7d6 e2f2 d6e7 h3g1 b6b5 h2h4 c6d4 a4b5 g8h6 e4e5 c8b7 d1h5 c7c6 h4g5 e7e8 g5h6 c6b5 c2c3 a7a6 g2g3 a8c8 h1h4 d7d6 e5d6 d8d6 h5g4 d4f3 c3c4 f3h4 c4b5 a6b5 g3h4 d6d7 b2b4 c8c1 g4d1 b7e4 d2e4 c1d1 a2a3 e8d8 g1e2 h8g8
246,W,checkmate,91,0.177447,1230,2026-08-19 04:57:12,f2f4 e7e6 a2a3 b7b6 d2d3 c7c5 f4f5 f7f6 e2e4 d7d5 e1e2 e8d7 c2c3 a7a5 a3a4 d5d4 c1e3 b8a6 e3d4 c5c4 e4e5 d7e7 b1d2 a6c5 h2h3 f6e5 d4c5 e7e8 b2b4 a5b4 d3d4 b6b5 d4e5 a8a4 a1a4 b5a4 c3b4 e6f5 c5d4 d8c7 b4b5 a4a3 d4c3 e8e7 d1c2 a3a2 b5b6 c7b6 d2c4 c8a6 c2b2 b6b2 c3b2 g8h6 h3h4 f5f4 g1f3 h6f5 f3d2 f5e3 g2g3 a2a1q b2a1 e7e8 a1b2 f4g3 e2e3 g3g2 h1g1 g2f1q g1f1 e8e7 d2e4 a6c4 f1g1 c4a6 e3f4 g7g5 f4g5 e7f7 g5f4 f8g7 h4h5 h8c8 e5e6 f7e7 b2a3 e7e8 f4f5 g7d4 g1g8
247,W,value_resign,67,0.210121,1235,2026-08-19 05:00:09,e2e4 g7g5 d2d4 h7h6 f2f4 g5f4 d1d2 e7e6 e1e2 e8e7 e4e5 h8h7 b1a3 b7b5 c2c3 c8b7 b2b3 f7f5 a3b5 b8a6 a2a4 g8f6 b5c7 a6c7 b3b4 f6h5 d4d5 e7f7 d5d6 f8d6 e5d6 d8g5 g1h3 b7f3 e2f3 g5h4 f3e2 f4f3 g2f3 h5f6 d6c7 e6e5 f1g2 f6e4 c1b2 e4d2 c3c4 f5f4 c4c5 d7d6 c5d6 h6h5 e2d2 h4f6 h3g5 f6g5 g2h3 g5f6 d6d7 h5h4 d7d8q a8c8 d8c8 h7h8 c8e6 f7f8 b2c3
248,W,value_resign,75,0.211440,1240,2026-08-19 05:01:46,a2a4 e7e6 b2b4 d8f6 b4b5 d7d5 a1a2 b8c6 f2f3 g8e7 c2c4 e6e5 g2g3 e8d8 d1c2 f6g5 e1d1 g5g3 h2g3 d5d4 c4c5 c8e6 b1c3 d8c8 b5c6 f7f5 f1h3 h7h6 c6b7 c8b7 c1b2 a7a6 f3f4 e6a2 h3f5 a2e6 g3g4 e6f5 g4f5 d4c3 c2c3 a8e8 h1h2 b7c6 g1f3 c6d5 h2h1 e5e4 h1h2 c7c6 h2h1 h8g8 c3a5 h6h5 h1e1 e4f3 e2f3 e7f5 b2e5 f5d4 a5a6 g8h8 a6a7 d4f3 d1c1 e8b8 a7a5 d5e6 d2d4 b8a8 a5a8 e6d5 e1e2 d5c4 e2e3
249,W,value_resign,35,0.157406,1245,2026-08-19 05:01:47,b2b3 a7a5 b3b4 c7c5 g2g3 g7g5 e2e4 a8a6 f1g2 e7e5 b4a5 b7b5 e1f1 c8b7 a2a4 g8h6 g1h3 d8a5 b1c3 a6g6 h3g1 g6d6 c3b5 b8c6 d2d4 c6d4 a1a3 a5a4 b5d4 b7e4 a3a4 e5d4 g2e4 h6g4 e4f5
250,B,checkmate,54,0.189198,1250,2026-08-19 05:02:01,e2e3 a7a6 e3e4 d7d6 e1e2 f7f5 a2a4 c7c5 b1c3 g7g6 e4f5 d8d7 a4a5 a8a7 c3e4 e8d8 e4d6 d7f5 g2g4 e7e5 b2b3 f5e6 h2h3 h7h6 f2f3 h8h7 h1h2 g8e7 e2e3 e5e4 d2d4 e7c6 f3f4 c6d4 d1d4 c5d4 e3d4 e6d7 d4c5 f8g7 c2c3 g7f6 g4g5 h6h5 c3c4 f6a1 f4f5 h7g7 f5g6 h5h4 d6c8 a1e5 c8a7 d7d6
251,W,material_adjudication,78,0.153210,1255,2026-08-19 05:02:37,b2b3 c7c6 c2c4 d7d6 g1h3 c8h3 g2g3 h7h6 d2d4 g8f6 e1d2 b7b5 c4b5 c6c5 c1b2 f6g4 a2a3 g4f6 h1g1 c5d4 d1c1 g7g5 b2d4 f6g4 d4h8 g4f6 e2e3 f8g7 c1d1 e7e5 h8g7 h3e6 g7f6 d8f6 d2e2 e6b3 d1e1 f6d8 g3g4 f7f6 f1g2 h6h5 b1c3 h5g4 c3e4 f6f5 e4g5 b8a6 b5a6 d6d5 g2e4 f5f4 h2h3 d5e4 e2f1 d8f6 h3g4 a8c8 a1c1 f6g5 c1c8 e8d7 e1d1 d7c8 d1e1 c8d8 e3f4 e5f4 a3a4 b3a4 f1e2 g5g4 g1g4 e4e3 e2d3 d8e8 d3e2 e8f8
252,B,checkmate,16,0.177249,1260,2026-08-19 05:04:11,g2g4 a7a6 b1c3 f7f5 a2a4 b8c6 f2f4 e7e5 c3e4 c6d4 a4a5 f5e4 g1f3 e5f4 f3d4 d8h4
253,W,cap_draw,150,0.165245,1265,2026-08-19 05:04:40,e2e4 e7e6 f2f4 g8h6 g2g4 b7b5 d2d4 b5b4 c1e3 c8b7 a2a4 b7e4 h2h3 e6e5 a1a3 e5d4 g1f3 h8g8 e3d2 h6g4 h3g4 e4c6 h1g1 b4a3 f3h2 d8h4 e1e2 c6b7 b1a3 f8b4 e2d3 c7c6 c2c4 d4c3 a3b5 h4h2 d2c3 b4c3 d1e1 e8d8 d3c3 h2g1 e1f2 c6b5 f2g1 b5a4 b2b4 d7d5 g1e3 g7g5 f4g5 f7f5 g4f5 b7a6 f1a6 b8a6 g5g6 h7h5 e3f4 a6c7 c3b2 g8g7 b2c1 a8c8 f4f3 a4a3 f5f6 g7g8 c1c2 c7e6 c2b3 d8e8 f3h5 a3a2 b3a2 d5d4 f6f7 e8f8 f7g8q f8g8 h5f3 c8c7 f3f5 e6g5 f5g5 c7c8 a2b2 c8e8 b2c1 d4d3 g5a5 g8g7 a5f5 e8f8 f5d3 f8e8 c1b2 g7f6 d3f3 f6g7 b2a3 g7g6 a3b2 g6g7 b2c3 g7g8 c3c4 g8h8 c4c5 h8g8 f3g3 g8f7 g3f3 f7g6 b4b5 g6g5 b5b6 a7b6 c5b6 e8e7 f3g3 g5f6 g3f3 f6g5 f3d1 e7e8 d1f3 e8e7 f3c3 e7e8 c3b3 g5g6 b3g3 g6f5 g3f3 f5g6 b6a7 e8e6 a7a8 e6e7 a8b8 e7e6 f3g4 g6f6 g4f3 f6g5 b8a7 e6e8 a7b7 e8d8
254,B,material_adjudication,67,0.190431,1270,2026-08-19 05:06:45,b2b3 b7b6 g1f3 g7g5 g2g3 c7c5 e2e4 e7e6 g3g4 f7f5 c1b2 h7h5 g4f5 b8c6 h2h4 g5g4 f1e2 c6d4 c2c4 d4f3 e2f3 g4f3 b1c3 a7a5 b3b4 e6f5 b2c1 g8h6 b4c5 b6c5 c3e2 f8g7 e2c3 a8a6 c3d5 c8b7 d1c2 f5f4 a2a4 g7a1 e4e5 e8f7 d2d4 b7d5 c4d5 a1d4 c1f4 d8e8 c2d1 d4c3 f4d2 h6g4 d2c3 d7d6 e5e6 f7g6 c3h8 g4e5 d1c1 e5d3 e1d1 d3c1 d1e1 c5c4 h8c3 c1b3 h1f1
255,B,value_resign,50,0.171450,1275,2026-08-19 05:08:54,g2g4 a7a5 e2e3 h7h6 g1h3 d7d5 d2d4 g8f6 b2b3 b8d7 a2a3 a5a4 c2c4 d7e5 d1d2 g7g6 d4e5 d5d4 b3b4 a8b8 e3e4 c8e6 f2f3 b7b5 e5f6 e6c4 f1e2 e7e5 e2d1 d8f6 a1a2 c4a2 h3g5 h6g5 d1a4 b5a4 b4b5 h8g8 d2a2 c7c6 a2d2 c6b5 d2c3 f8g7 h1g1 d4c3 b1c3 b8b6 c3d5 e8f8
256,B,material_adjudication,93,0.198470,1280,2026-08-19 05:10:22,g1h3 b7b6 c2c3 c7c5 f2f3 g7g6 a2a3 e7e6 e2e4 d7d5 f1e2 e8d7 d1b3 a7a5 b3c2 d8g5 e4d5 g5d5 h3f4 h7h6 f4d5 e6d5 e2d1 d7e8 h2h4 g8e7 h1f1 f8g7 d1e2 h8f8 d2d3 c8d7 c1f4 c5c4 c2d2 a5a4 a1a2 c4d3 e2d3 d5d4 c3c4 e7c6 f1f2 g6g5 c4c5 g5f4 d3c4 f7f6 b2b4 a4b3 d2f4 b3a2 f2a2 b6c5 f4d2 d4d3 c4d3 f6f5 a3a4 c6d4 d2e3 e8f7 g2g3 b8c6 f3f4 f7g6 d3b5 d4b5 a4b5 c6e7 a2a8 e7d5 a8f8 d5e3 b5b6 g7f8 b6b7 e3c2 e1f2 f8d6 b7b8q d6b8 g3g4 f5g4 b1a3 c2d4 f4f5 g6f5 f2g2 g4g3 g2f1 d4b5 f1g1
257,B,value_resign,70,0.231323,1285,2026-08-19 05:10:23,g1h3 e7e5 g2g3 g8e7 b2b4 b8c6 c1b2 h7h6 d2d4 b7b6 d4e5 c8b7 c2c4 c6b4 f1g2 a7a5 b1c3 e7c6 g2c6 b4c6 c4c5 f7f6 e5e6 f8c5 b2a3 c6e5 d1d6 h8f8 h1f1 b7d5 d6e5 f6e5 a3c5 b6c5 e1d1 e8e7 d1c2 e7e6 f1d1 d7d6 d1g1 c5c4 a1d1 d8e8 d1d4 e6f5 c3d5 a8c8 d5e3 f5g6 d4g4 g6f7 h3g5 h6g5 a2a3 d6d5 c2c3 e5e4 g4g5 e8e6 e3d5 e4e3 d5e3 g7g6 f2f4 e6e3 c3c2 c7c5 c2d1 f8e8
258,W,value_resign,61,0.137388,1290,2026-08-19 05:11:19,e2e4 a7a5 d2d4 h7h6 h2h4 d7d6 d1d2 c8h3 g1f3 a8a6 e4e5 g7g5 b2b3 b7b5 f1b5 b8d7 b5d7 h3d7 h4g5 a6b6 h1g1 g8f6 d4d5 e7e6 c2c3 c7c5 b3b4 h6g5 d5e6 d6e5 e6d7 f6d7 f3g5 a5b4 c3b4 d7f6 d2d8 e8d8 b4c5 f6d5 c1e3 b6b2 b1c3 f7f5 a1c1 d5e7 c3e4 f5e4 a2a4 d8e8 e3f4 b2a2 f4e3 e7f5 c5c6 h8h1 g1h1 f8h6 f2f4 e8f8 g5f7
259,W,value_resign,39,0.188444,1295,2026-08-19 05:11:20,e2e4 e7e5 g1e2 d7d5 d2d4 f8a3 c1h6 g8f6 g2g3 e5d4 h1g1 c8h3 e4d5 f6g4 d1d4 b7b5 b2a3 g7h6 c2c3 h8f8 f2f3 d8e7 f1h3 b8c6 d5c6 g4f2 e1f2 a8d8 d4a7 e7f6 g3g4 f6e7 e2g3 d8a8 a7a8 e7d8 g1f1 h6h5 f1g1
260,B,value_resign,48,0.177241,1300,2026-08-19 05:13:26,a2a3 b7b6 d2d3 g8f6 g1f3 g7g6 g2g4 f8g7 f1g2 b8a6 e1d2 a8b8 b2b4 e8g8 f3g5 c8b7 g5f7 g8f7 a3a4 a6b4 d2c3 e7e6 d3d4 f6g4 a1a2 b4a2 c3b3 g4f2 g2b7 g7d4 d1d4 f8g8 d4f2 f7g7 f2f3 a2c3 h1d1 c3d1 b7d5 e6d5 c1g5 g8f8 g5d8 f8f3 e2e3 b6b5 h2h3 h7h5
261,B,value_resign,128,0.119792,1305,2026-08-19 05:13:56,e2e4 g8h6 a2a4 b7b6 g1e2 c8a6 c2c4 g7g6 b1c3 a6c4 h2h3 d7d5 a1a2 h8g8 b2b4 c4d3 h3h4 b8a6 e4d5 f8g7 e2d4 g8f8 c1b2 g7d4 c3b5 f8g8 b5d4 c7c5 f1d3 c5d4 d3c4 a6b4 g2g3 f7f6 h1f1 e8f8 f2f3 a7a5 d5d6 h6f5 a2a1 d4d3 b2f6 e7f6 c4d3 b4d3 e1e2 d8d7 a1c1 f5e3 e2d3 e3d1 c1c7 d7c7 d6c7 a8c8 f3f4 g6g5 f4g5 g8h8 g5f6 f8f7 f1d1 b6b5 a4b5 a5a4 b5b6 h7h6 b6b7 h8e8 b7c8q e8c8 g3g4 c8c7 g4g5 h6g5 h4g5 c7a7 d1c1 f7g6 f6f7 g6f7 d3e2 a7e7 e2d3 e7e6 d3c4 f7g6 c4d5 e6e2 c1e1 e2e1 d2d4 g6g5 d5d6 g5f6 d4d5 f6f5 d6d7 e1e2 d7d8 f5f6 d5d6 a4a3 d6d7 f6f5 d8c8 a3a2 d7d8q a2a1q d8d3 e2e4 d3f3 e4f4 f3e3 a1a4 c8d8 f4g4 d8e7 g4g8 e3f3 f5g6 f3f4 a4f4 e7d7 g6h5 d7e6 f4g3
262,W,value_resign,39,0.151521,1310,2026-08-19 05:13:57,a2a4 e7e6 h2h3 f7f5 g2g4 e8e7 g1f3 b7b5 h1g1 c7c5 h3h4 e6e5 f3h2 d7d5 a4b5 d8a5 a1a5 e5e4 d2d4 g8f6 b1c3 c5d4 e2e3 b8a6 c3a2 a6b4 g1g3 d4e3 b2b3 a7a6 g4f5 a6b5 a5a8 f6g4 c1e3 c8b7 c2c4 g4e5 e3f4
263,W,value_resign,52,0.095904,1315,2026-08-19 05:14:39,e2e4 h7h6 b1c3 b7b6 f2f4 c7c6 c3a4 g7g6 f4f5 h6h5 a2a3 f7f6 g1h3 e8f7 e1e2 f8g7 d2d4 a7a5 b2b3 g8h6 c1h6 a8a7 h6g7 h8f8 g7f8 g6f5 h3g5 f7g6 f8e7 f5e4 e7d8 e4e3 g5e4 g6f5 g2g4 f5e4 h2h3 h5g4 b3b4 a5b4 c2c4 g4h3 d1e1 e4d4 c4c5 b4b3 h1h3 b6c5 a1c1 f6f5 h3h4 f5f4
264,W,checkmate,41,0.159817,1320,2026-08-19 05:16:27,e2e4 e7e5 f2f3 d7d6 a2a3 e8e7 f3f4 e5f4 e4e5 f7f6 b2b4 c7c5 e5d6 e7d6 g1h3 f6f5 e1e2 g8h6 b4c5 d6c5 a3a4 a7a5 h3f2 b7b5 a1a3 d8e7 a3e3 e7e6 f2d3 c5d5 e3e6 d5c4 e6c6 c4d4 c1b2 d4e4 b1a3 f4f3 e2f2 c8e6 d1f3
265,W,value_resign,53,0.243215,1325,2026-08-19 05:16:42,e2e3 g8h6 d2d4 h8g8 g2g3 d7d5 c2c4 c8h3 a2a4 f7f6 f1h3 c7c5 e1d2 e7e6 g1f3 e8d7 b2b3 b7b6 c4d5 d8c7 d4c5 h6f7 a4a5 f7e5 f3e1 f6f5 e1c2 c7c5 a5b6 h7h6 f2f4 g7g5 f4g5 e5g4 c1a3 e6e5 d2e1 g4f2 a3c5 h6g5 c5d6 f2d1 g3g4 f5g4 h3g4 d7d6 g4f5 a7b6 a1a8 d6c5 f5g6 g5g4 h2h3
266,B,value_resign,104,0.189342,1330,2026-08-19 05:17:41,g1h3 b7b6 d2d4 e7e5 c1f4 e5d4 g2g4 g8f6 f4g5 f8b4 b1c3 g7g6 h3g1 b4c3 b2c3 e8f8 f2f3 c8b7 f1g2 d8e8 g1h3 h8g8 c3d4 c7c6 g5f6 g8g7 e1d2 d7d5 f6e5 c6c5 e2e3 c5d4 d1e1 b7c6 e5d4 c6d7 c2c4 d5c4 d4g7 f8g7 a2a4 a7a5 a1c1 e8c8 h3g5 h7h6 g5f7 b8c6 f3f4 c8b7 g2d5 c6e7 h1f1 e7d5 f1h1 g7f7 h2h3 c4c3 d2e2 b6b5 c1c3 d5c3 e2d3 b7h1 e1h1 h6h5 h1a8 b5a4 a8f3 d7g4 h3g4 h5g4 f3g3 f7f6 d3d4 g6g5 f4g5 f6g5 d4c4 g5f5 c4c3 f5e4 c3d2 a4a3 d2e2 a3a2 e2e1 a5a4 e1e2 a2a1q g3g4 e4d5 g4g5 a1e5 g5g6 a4a3 e2e1 a3a2 g6f5 e5f5 e1d1 f5f6 d1c2 d5e5
267,B,value_resign,70,0.220857,1335,2026-08-19 05:19:06,e2e3 h7h6 e3e4 g8f6 g2g4 g7g5 e1e2 f6h7 c2c3 b8c6 d1e1 a8b8 a2a4 c6e5 d2d4 a7a5 d4e5 c7c6 f2f4 f7f5 b1d2 d7d5 g1h3 b7b5 c3c4 f8g7 h3g1 e8f7 b2b3 f5e4 f4f5 e4e3 c4b5 e3d2 e1d2 c8f5 g4f5 g5g4 b5c6 d8c7 d2d5 e7e6 d5e6 f7f8 h2h3 b8d8 h3g4 d8e8 g1f3 e8e6 f5e6 g7e5 f3e5 c7e5 e2d1 e5a1 c6c7 a1d4 d1c2 d4e4 f1d3 e4h1 c1a3 f8g7 c7c8q h8c8 c2d2 c8b8 b3b4 b8a8
268,B,value_resign,140,0.191687,1340,2026-08-19 05:19:22,e2e4 d7d5 f1b5 b8c6 f2f4 f7f6 b1c3 d5d4 a2a4 f6f5 b5c6 d8d7 c6d7 c8d7 g1e2 a7a6 c3d5 e7e5 c2c3 g7g6 d5c7 e8f7 c3c4 g8e7 b2b4 d4d3 e4f5 g6f5 g2g3 d3e2 e1e2 h8g8 g3g4 f5g4 c1b2 b7b6 d2d3 d7a4 d1d2 b6b5 c4c5 e5f4 c7d5 f7e8 a1c1 e7d5 h2h3 d5b4 h3g4 f8c5 c1c5 a4c2 b2d4 g8g5 e2e1 a8d8 c5g5 d8d4 g5g6 h7g6 h1f1 d4d3 d2b4 e8d8 b4a5 d8e8 g4g5 d3g3 a5d2 g3g5 d2c2 b5b4 c2b3 e8f8 b3b4 f8g8 f1h1 a6a5 b4c3 a5a4 e1d2 f4f3 h1h4 f3f2 d2e2 f2f1q e2f1 g8f7 f1e1 f7e6 e1f2 e6f5 c3d3 f5e6 d3d4 e6f5 d4e4 f5f6 e4d3 f6e7 d3d4 e7e6 d4e4 e6f6 e4d3 f6e7 d3c2 e7e6 h4g4 g5g4 f2f3 g4d4 c2e2 e6f5 f3g3 d4e4 e2f3 f5e5 f3g2 e4d4 g2e2 e5d5 g3f3 d4b4 e2d2 d5c4 d2e3 b4b3 f3f4 b3e3 f4e3 a4a3 e3f4 a3a2 f4g5 a2a1q g5f4 a1b1 f4e3 b1g1
269,B,value_resign,38,0.193962,1345,2026-08-19 05:19:22,e2e4 g7g5 d2d4 h7h6 f2f4 h8h7 f1b5 e7e6 a2a4 e8e7 h2h3 f7f5 c2c4 g5f4 e1f2 a7a5 d1d3 f5e4 d4d5 h7h8 a1a2 e4d3 c1f4 e6d5 c4d5 g8f6 f2e1 f6d5 b1d2 a8a6 b5a6 b8a6 f4c7 d8c7 e1d1 e7d8 a2a3 h8h7
270,B,value_resign,48,0.168480,1350,2026-08-19 05:22:30,g2g4 d7d5 c2c4 b7b6 f2f4 e7e5 e2e3 f7f6 h2h3 h7h5 a2a4 c7c5 g4h5 e8d7 c4d5 g8e7 d1b3 a7a6 e1f2 e7g8 d2d4 g8h6 a4a5 g7g5 d4e5 c5c4 f1g2 h6f5 b3c4 g5g4 e5f6 b6b5 b2b3 b5c4 b3c4 d8f6 h3g4 f5g7 h1h3 f6a1 d5d6 h8h7 h5h6 a1b1 h6g7 f8g7 c1b2 h7h6
271,W,value_resign,51,0.279310,1355,2026-08-19 05:23:13,g2g4 c7c5 f2f3 b8c6 c2c4 d7d6 b2b4 h7h6 e2e3 c6a5 f1g2 g7g6 g1h3 b7b6 b4a5 c8g4 f3g4 d6d5 d1e2 g8f6 c1b2 f6g4 h3f2 a8c8 g2h3 d5d4 b1a3 d4d3 e2d3 e7e6 b2h8 g4f2 d3d8 e8d8 e1f2 b6b5 f2g2 a7a6 c4b5 a6b5 a3c2 c5c4 h8e5 f8d6 e5d6 e6e5 d2d3 g6g5 h3g4 h6h5 g2g3
272,W,cap_draw,150,0.227345,1360,2026-08-19 05:23:42,e2e4 e7e6 h2h4 d7d5 e4d5 g8f6 g1f3 e6d5 b2b3 c7c6 f1d3 f8b4 b1a3 d5d4 d3e4 c8g4 c2c4 f6e4 h1g1 g4h5 c1b2 e8g8 d1e2 g7g6 e2d3 b8a6 f3g5 d8f6 g5e4 f6e5 f2f4 a6c7 b2c1 e5f4 g2g3 b7b5 g3f4 b5c4 d3c4 b4a3 c1a3 f8e8 b3b4 e8e4 e1f2 e4e8 d2d3 e8d8 g1h1 h7h6 a1c1 a8b8 c4c2 h5e2 c2d2 d8e8 f4f5 g8g7 f5g6 h6h5 g6f7 g7f7 d2e2 e8e2 f2e2 c7b5 e2d1 b5a3 c1c6 a3b5 a2a4 f7e8 a4b5 b8b6 h1f1 b6b5 f1f6 e8e7 d1c2 b5b4 c2d1 b4b2 d1e1 e7d7 e1d1 b2b1 d1c2 b1g1 c2b2 g1f1 b2b3 f1f6 c6f6 d7e7 f6a6 e7f7 b3b4 f7g7 a6a5 g7g8 b4b5 g8h8 a5a6 h8g8 b5c6 g8h8 a6a5 h8g8 a5a7 g8h8 c6d7 h8g8 d7d8 g8h8 a7a6 h8g8 a6b6 g8h8 b6b7 h8g8 b7b6 g8h8 b6b7 h8g8 b7b6 g8h8 b6b7 h8g8 b7b6 g8h8 b6b7 h8g8 b7b4 g8h8 b4c4 h8g8 d8e7 g8h8 c4c5 h8g8 c5c6 g8h8 c6e6 h8g8 e7f6 g8f8 e6e7 f8g8 e7d7 g8h8
273,W,value_resign,43,0.180460,1365,2026-08-19 05:23:56,g1f3 e7e5 b2b3 f8b4 e2e3 h7h5 h1g1 d7d6 b1a3 e5e4 c2c3 g7g5 d2d3 c7c6 c3b4 g8f6 a3c2 h8f8 d3e4 b8d7 c1d2 f6g4 e4e5 d7b8 a1c1 c8f5 f3g5 f5e4 g5f7 b8a6 e5e6 f8f7 h2h3 f7e7 h3g4 b7b6 f2f4 e4c2 g4h5 a6c5 b4c5 b6c5 f4f5
274,B,value_resign,50,0.258995,1370,2026-08-19 05:25:02,e2e4 e7e5 b1a3 g8e7 e1e2 a7a5 g2g4 h7h5 f1h3 a8a6 b2b3 a6g6 e2e1 h5g4 f2f3 f7f6 h3g4 h8h5 g4e6 d7e6 e1e2 b7b6 a1b1 h5h8 g1h3 c7c5 h3f4 h8h2 h1h2 e8f7 b3b4 e5f4 b4c5 e7c6 b1b6 f8c5 c1b2 c5b6 h2h1 c8b7 d1f1 f6f5 e4f5 e6f5 b2f6 d8f6 e2e1 g6g5 a3c4 f7g6
275,W,value_resign,37,0.161600,1375,2026-08-19 05:27:32,e2e4 e7e6 g2g3 f8a3 b1c3 g7g5 b2b4 h7h5 g3g4 h5g4 h2h3 e8e7 d2d4 b8a6 b4b5 d7d5 g1e2 a3b2 f2f3 h8h7 e4d5 e6d5 c1e3 a8b8 e3g5 e7f8 g5d8 h7g7 c3d5 c7c6 c2c4 g8f6 a1b1 c6b5 b1a1 f6e4 a2a4
276,W,value_resign,75,0.187968,1380,2026-08-19 05:27:48,e2e4 e7e5 b1a3 b8c6 f1b5 f7f6 c2c3 b7b6 e1f1 e8f7 f1e2 g7g6 d1f1 f6f5 b2b3 d7d5 e4d5 h7h5 g1h3 g8e7 e2e1 a7a6 e1e2 c6d4 c3d4 a6b5 d4e5 f7g8 d2d4 a8a5 h3g5 a5a3 c1a3 g8g7 a1c1 h8g8 g5f7 g7f7 f1e1 f7g7 h1f1 c8e6 d5e6 c7c5 e2d3 c5d4 b3b4 e7c8 e6e7 f8e7 e1e2 g6g5 f2f4 g8f8 f4g5 e7d6 e5d6 c8d6 d3d4 d8c8 e2f3 c8d8 c1b1 d8c8 d4d3 d6e8 f3e3 c8d7 e3d4 g7g6 d4d7 f8f7 d3d4 h5h4 h2h3
277,B,value_resign,82,0.173430,1385,2026-08-19 05:28:01,e2e4 e7e5 d1g4 f8b4 g4e2 b4a5 g1f3 f7f5 e4f5 h7h5 c2c3 a7a6 f3d4 e5e4 d4f3 d7d6 d2d4 e4e3 c1e3 c8d7 e2a6 g8f6 a2a3 h8f8 a1a2 b7b5 f1b5 c7c5 a6a8 c5d4 f3d4 d6d5 e3f4 d7b5 d4b5 d5d4 f4e5 e8e7 h1f1 d8e8 e5f6 e7f6 e1d1 f6f5 b5d4 f5g6 d4f3 h5h4 a8b8 e8b8 d1e1 b8d8 f3e5 g6f5 f2f4 g7g6 h2h3 d8c7 a3a4 g6g5 b2b3 g5f4 a2c2 f5e5 b1a3 e5f6 a3b5 c7e7 c2e2 e7d7 e2e3 d7d5 b3b4 d5g2 b5d6 a5c7 f1g1 g2g1 e1d2 c7d6 e3f3 f6g6
278,W,value_resign,65,0.183700,1390,2026-08-19 05:28:55,h2h3 g8h6 g2g4 b8a6 c2c3 h8g8 h3h4 c7c6 f2f3 d7d5 g4g5 h6f5 e1f2 d8c7 f1h3 h7h6 b1a3 c7g3 f2f1 g7g6 h3f5 f8g7 g1h3 a8b8 a3c2 c8f5 b2b4 f5c2 a1b1 a6c5 g5h6 c2d1 h6g7 g3h3 h1h3 b7b5 e2e4 d5d4 b4c5 d1f3 h3f3 g8g7 c1b2 a7a5 f1g2 b8d8 b1h1 d4c3 b2c3 b5b4 c3b2 e7e5 b2e5 b4b3 e5g7 b3a2 g7f6 a5a4 f3e3 a2a1q h1a1 d8d7 d2d4 g6g5 a1c1
279,B,value_resign,142,0.200521,1395,2026-08-19 05:30:31,g1h3 b7b6 a2a4 g8f6 c2c4 e7e5 a1a2 f8c5 h3g1 g7g6 d2d3 b8c6 c1d2 h8f8 d2b4 a7a5 b4c5 b6c5 e2e3 c6a7 b2b4 h7h5 g1f3 c8a6 e3e4 f6g4 f3g5 d8c8 b4c5 g4f2 g5e6 f7e6 e1e2 f2d1 e2d1 e8d8 c5c6 a6b7 c6b7 c8b7 d1e1 d7d5 c4d5 b7b1 e1d2 a8c8 a2a1 d8d7 a1b1 f8f1 g2g4 f1h1 b1a1 e6d5 a1h1 c7c6 d2e2 d5d4 g4g5 d7e8 e2d1 c8d8 d1e1 e8f8 e1d1 f8g8 d1e1 g8g7 e1d1 c6c5 d1e1 g7g8 e1d1 g8h8 d1c2 h8g8 h2h3 g8g7 h1h2 d8g8 h2h1 g7h8 h1a1 g8g7 a1b1 g7g8 b1a1 g8g7 a1b1 g7g8 b1a1 g8g7 a1b1 g7g8 b1a1 g8g7 a1b1 h8g8 b1a1 c5c4 d3c4 g8h8 a1b1 g7g8 b1a1 g8g7 a1b1 g7g8 b1a1 d4d3 c2d3 h8g7 a1h1 g8h8 h1h2 h8g8 d3c2 g8f8 c2b2 f8f3 h2g2 f3h3 g2f2 h3g3 f2f3 g3g2 b2a3 g2h2 f3f2 h2h3 a3b2 g7g8 f2g2 h3h1 g2f2 h1g1 f2f1 g1f1 b2c3 g8f8 c3d2 f8f7
280,B,value_resign,50,0.210523,1400,2026-08-19 05:30:45,e2e4 e7e6 h2h3 g7g5 g2g4 c7c6 a2a3 g8h6 a1a2 b7b6 d2d4 c8b7 g1f3 f7f5 e1d2 c6c5 b1c3 d8f6 h1g1 f5e4 b2b4 e4f3 d1f3 f6f3 f1g2 c5b4 g2f3 a7a5 c3d5 e8d8 a3a4 b4b3 c1b2 b3a2 h3h4 b8a6 h4g5 f8d6 g5h6 a6b4 d5c3 d6e5 c3b5 e5d4 g4g5 b7f3 g1e1 h8f8 e1g1 f3e2
281,W,value_resign,59,0.216440,1405,2026-08-19 05:31:12,e2e3 b7b5 d2d3 h7h6 d1e2 g7g5 e1d1 d7d6 b2b4 a7a5 f2f3 a5b4 g1h3 c8g4 c1a3 a8a7 f3g4 a7b7 h3f2 b8d7 a3b4 h6h5 b4d6 c7d6 c2c4 g8f6 c4c5 h8h7 d3d4 h7h6 g4h5 f6e4 f2e4 d7c5 d4c5 e7e6 d1e1 d6d5 h2h3 f8g7 b1c3 d5d4 e4g5 e8f8 g5f7 f8f7 c3b5 h6h8 a2a4 b7d7 a4a5 d8e7 b5d6 e7d6 c5d6 h8d8 e1f2 d4d3 e2d3
282,B,material_adjudication,77,0.158068,1410,2026-08-19 05:32:18,e2e4 e7e6 f2f3 b7b5 d1e2 d7d6 b1c3 e8d7 e2d1 g8h6 e1e2 d7c6 f3f4 h8g8 a2a4 g7g5 c3b5 c8b7 d2d4 b8d7 b5c7 d7e5 d4e5 d6e5 f4g5 c6c7 g1h3 f8e7 c2c3 d8d1 e2d1 b7e4 d1e2 h6f5 h3g1 f5d6 a1b1 e4b1 g2g4 a7a5 h2h3 g8f8 f1g2 e5e4 g2e4 h7h6 e4a8 f8a8 e2f3 e7g5 c3c4 a8f8 c1g5 h6g5 b2b4 a5b4 c4c5 b1e4 f3e3 e4h1 c5d6 c7d6 a4a5 d6e7 a5a6 f8a8 a6a7 b4b3 e3d4 b3b2 d4e5 b2b1q g1f3 e7f8 f3d2 b1g1 e5f6
283,B,value_resign,50,0.158260,1415,2026-08-19 05:33:49,g2g4 b7b5 b1c3 d7d6 e2e3 e7e6 h2h3 e8e7 a1b1 b5b4 c3a4 h7h6 g1f3 c8b7 f3d4 g8f6 f2f4 h8g8 f1d3 b7h1 d4b5 e7e8 e3e4 d8c8 f4f5 b4b3 b5c7 c8c7 c2c3 b3a2 a4c5 d6c5 e4e5 g7g5 f5g6 f6d7 g4g5 h6h5 e1f2 a2b1q d3b1 c5c4 g6f7 e8f7 f2g3 c7b7 h3h4 h1e4 b2b3 b7a6
284,B,material_adjudication,79,0.181826,1420,2026-08-19 05:34:29,e2e4 a7a5 a2a4 g7g6 e1e2 e7e6 b2b3 g8f6 g2g3 b7b6 d2d4 d7d5 h2h4 d5e4 b1d2 b6b5 f2f3 h7h5 f3e4 e8e7 c1a3 e7e8 a3c1 h8g8 h1h2 f6g4 e4e5 b5a4 f1h3 g4h2 a1a4 c7c5 b3b4 a5b4 a4a1 b8d7 d2f3 a8a4 a1a4 h2f3 g1f3 g6g5 h4g5 c8b7 c1b2 c5d4 e2e1 b7f3 d1f3 d4d3 e1d2 e8e7 f3b7 e7e8 a4a5 d3c2 b7b6 d7b6 d2e1 d8f6 g5f6 h5h4 g3h4 b6c4 h3f1 c4a5 b2c3 g8h8 c3b4 a5c6 b4f8 h8f8 f1b5 c2c1q e1e2 c1a3 b5c6 e8d8 e2f2
285,W,checkmate,61,0.179286,1425,2026-08-19 05:36:56,b2b4 b7b6 g2g3 g7g5 d2d4 c7c6 a2a4 e7e5 c2c4 e8e7 f1g2 d7d5 e1d2 d5c4 d2c3 g5g4 c1h6 f8g7 e2e3 e5e4 b1d2 e7e6 h6f4 d8f8 f4c7 a7a6 c7b8 e6f5 d2f3 g8e7 b8d6 a6a5 a1c1 b6b5 a4b5 c8e6 b5b6 e4f3 g1f3 g4f3 d1d2 f3g2 h1g1 h7h6 h2h3 e7g6 d6f8 h8f8 g1g2 a8c8 g3g4 f5e4 c1c2 a5b4 c3b4 c6c5 d4c5 e6d7 d2d6 e4f3 d6d5
286,W,value_resign,45,0.220561,1430,2026-08-19 05:37:51,e2e4 e7e6 f2f3 g8f6 e4e5 d7d6 a2a4 b7b5 b1a3 c7c5 a3b5 e8d7 f3f4 c5c4 d2d4 h7h6 g1f3 c8a6 f1c4 g7g6 h1f1 h8h7 e1e2 d8e7 h2h3 f6e4 d1e1 d6d5 f3h2 d5c4 h2f3 d7e8 b2b4 e7b7 b5a7 b8c6 b4b5 c4c3 b5a6 e8d8 a6b7 a8a7 f3g5 h6g5 d4d5
287,B,value_resign,64,0.254355,1435,2026-08-19 05:39:30,e2e4 b8a6 a2a4 f7f5 f2f3 b7b6 h2h3 c7c6 c2c4 g7g6 g2g3 f5f4 b2b3 e7e6 e4e5 g8e7 h3h4 c6c5 h1h2 a6b8 d2d4 d7d6 d1d3 d6e5 a4a5 c8a6 d4e5 d8d3 f1d3 b8c6 d3g6 h7g6 h2g2 b6b5 c1f4 e8d7 e1e2 b5c4 b3c4 c6e5 f4e5 h8g8 e2e3 f8h6 f3f4 a8c8 a1a4 c8c6 e5c3 e7f5 e3f3 g8g7 c3g7 h6g7 b1c3 g7c3 g2c2 f5d4 f3e4 d4c2 g3g4 g6g5 h4g5 d7d6
288,B,value_resign,46,0.203640,1440,2026-08-19 05:40:57,c2c4 a7a5 f2f4 e7e5 a2a3 b8c6 f4e5 b7b6 e1f2 f7f6 a3a4 c6d4 c4c5 f6e5 d2d3 b6b5 e2e3 d4f5 e3e4 e8f7 f2e2 d7d6 e4f5 b5a4 d1a4 h7h5 c1f4 e5f4 a4d4 h5h4 a1a5 a8a5 h2h3 a5c5 g1f3 h8h5 h1g1 c5c6 f3h4 h5h4 g2g3 f4g3 d4d5 f7f6 d5c6 f6f5
289,B,value_resign,98,0.177647,1445,2026-08-19 05:41:41,e2e3 g7g5 c2c3 b7b5 e3e4 g8h6 f1b5 e7e5 b5c6 b8c6 d2d4 e5d4 e1e2 c6e7 c3d4 h6f5 b2b3 f8g7 d1e1 e8g8 a2a4 g7d4 h2h4 f5e3 c1e3 f7f5 e4e5 c8b7 e3g5 e7c6 g5d8 a7a5 b1c3 f8d8 g2g4 d4c3 e1c3 f5g4 e2e3 c6b4 f2f4 b7h1 e3d4 g8g7 a1c1 h1b7 e5e6 h7h6 c3b4 a5b4 a4a5 g4g3 e6e7 d8e8 c1c7 b7e4 d4e4 a8a5 e4d4 a5a4 b3a4 h6h5 c7c1 g7g6 g1f3 g6f7 a4a5 f7g6 a5a6 b4b3 a6a7 b3b2 c1b1 g6f5 b1b2 f5f4 b2b3 g3g2 b3b1 f4f3 b1c1 f3f4 c1d1 f4f5 a7a8q e8a8 d1a1 a8a1 e7e8q g2g1q e8e3 g1f1 e3f2 f1f2 d4d3 a1b1 d3c4 d7d5
290,W,checkmate,59,0.236678,1450,2026-08-19 05:44:19,e2e4 e7e6 e4e5 h7h6 f2f3 b8c6 g2g3 a7a5 c2c3 g7g6 f1c4 f7f5 h2h3 a8a7 a2a3 c6b4 a3b4 e8f7 e1f2 g8e7 d2d4 d8e8 f2f1 f8g7 g3g4 d7d5 a1a5 c7c6 c4d3 g6g5 a5a7 b7b5 d3b5 f5g4 b5c6 g4h3 g1h3 f7g6 c6e8 h8e8 f3f4 e7c6 f4f5 g6f5 b1a3 c6a7 f1g2 c8d7 b2b3 d7a4 h1e1 g5g4 c3c4 g4h3 g2h3 a4b3 d1e2 e8f8 e2d3
291,B,value_resign,48,0.200724,1455,2026-08-19 05:45:50,e2e4 e7e6 d2d3 d7d5 e4e5 f8e7 g1f3 h7h6 f3g5 g8f6 g5f3 a7a5 c2c3 a8a6 c1h6 a5a4 d1e2 b8d7 h2h4 d7e5 f3d4 e7b4 e2d2 h8h6 d4e6 f7e6 d2h6 b4c3 b1c3 a4a3 h6g7 a6c6 g2g4 f6g4 f2f4 a3b2 g7h8 e8d7 c3d5 b2a1q e1d2 b7b6 f4e5 g4e5 h8e5 a1b1 f1e2 c8b7
292,B,checkmate,12,0.211446,1460,2026-08-19 05:47:22,b1c3 b7b6 g2g4 f7f5 c3b1 c8b7 b2b3 c7c6 c2c4 e7e6 f2f4 d8h4
293,W,material_adjudication,84,0.234798,1465,2026-08-19 05:47:39,g2g4 b7b6 c2c4 b6b5 f2f3 b5c4 b2b3 g8f6 g1h3 e7e6 c1b2 a7a5 b2f6 d7d5 b1c3 a5a4 b3c4 g7f6 f3f4 h7h5 a1b1 e6e5 b1a1 d5d4 e2e4 c8e6 c3d5 c7c5 f1d3 e6d5 c4d5 e8e7 d5d6 e7d6 f4e5 f6e5 h3f4 f8g7 g4g5 d6e7 f4d5 e7e6 d1e2 f7f6 g5f6 d8f6 d5f6 e6f6 e1f2 f6g6 a1g1 g6h7 g1f1 h8f8 f2g3 c5c4 f1f8 c4d3 e2d3 g7f8 g3h4 f8b4 h4g5 b8a6 a2a3 a8f8 d3a6 f8g8 g5h5 g8g7 a6b6 b4c5 b6a5 c5a7 h1e1 g7d7 e1f1 a7b6 a5b6 d7b7 b6d8 b7d7 d8f6 d7f7
294,B,value_resign,58,0.281831,1470,2026-08-19 05:47:39,f2f3 h7h6 c2c3 b7b6 b2b3 c8a6 d2d4 b8c6 d1d2 c6a5 e1f2 c7c5 h2h3 g8f6 e2e3 d8c7 f1d3 a6d3 d2d3 g7g5 d4d5 a5c6 d3d2 h6h5 g1e2 f6d5 e2g3 d5c3 g3e4 c3e4 f2e1 e4d2 e1d2 c7d6 d2e2 e7e5 g2g3 h8g8 c1d2 f7f5 b1c3 a8b8 h1b1 f8h6 e3e4 g5g4 d2e1 g4f3 e2f3 h6f8 a2a3 c6d4 f3g2 d4c2 c3a4 a7a5 b1c1 d6e7
295,B,value_resign,42,0.136137,1475,2026-08-19 05:48:10,e2e3 e7e5 d2d4 e5e4 d4d5 g8f6 h2h3 f8a3 f2f3 a7a5 f1b5 h8g8 c2c4 f6d5 d1d5 c7c6 b2a3 c6d5 f3e4 b7b6 e4d5 a5a4 e1e2 f7f5 d5d6 g8f8 g2g4 e8f7 g4g5 d8e8 e2d1 b8a6 d1e1 e8e4 b5a6 c8a6 b1d2 e4h1 e1f1 a6c4 f1f2 c4b3
296,W,value_resign,85,0.156616,1480,2026-08-19 05:48:55,g2g3 g7g6 g1h3 h7h5 d2d4 b8c6 b2b3 c6d4 g3g4 f7f5 b1c3 b7b6 b3b4 c7c5 g4f5 d4c2 d1c2 c8a6 f5f6 e7f6 a2a4 g6g5 c1g5 a6e2 f1g2 a7a6 e1d2 d8c7 d2e3 g8h6 c3e2 f6g5 h3g5 c5b4 e2d4 c7c2 g5f3 b4b3 e3f4 h6f7 d4c2 b3c2 h1e1 f8e7 a4a5 e8d8 a5b6 a6a5 a1c1 a5a4 b6b7 d7d5 b7a8q d8d7 f3d4 h8a8 g2d5 e7d6 f4f3 d6e5 d4c6 a8c8 e1e5 c8c6 d5c6 d7c6 e5f5 f7h6 c1c2 c6d6 f5g5 d6e6 c2c4 e6f6 f3f4 a4a3 g5b5 a3a2 c4c1 a2a1q c1a1 f6f7 b5b6 h6f5 a1e1
297,W,value_resign,77,0.205560,1485,2026-08-19 05:49:24,f2f3 d7d6 a2a3 e7e6 a1a2 g8f6 b1c3 b7b6 c3b5 c7c6 f3f4 h8g8 c2c4 c6b5 a3a4 e8e7 c4b5 f6d5 d2d3 d5e3 d1d2 d6d5 a2a1 f7f6 g1f3 e7d7 f3d4 b8a6 d4e6 a6b4 a4a5 e3c2 e1d1 f8d6 e6d8 b4d3 e2e4 d3c5 a5b6 a7a5 f4f5 c5e4 f1c4 d6e5 d2c2 g8f8 d1e2 f8d8 h2h3 d5c4 c1d2 c4c3 d2c3 a5a4 b2b4 a4b3 c2b3 e4c3 b3c3 e5c3 a1a8 c8b7 a8d8 d7d8 h1c1 h7h5 c1c3 b7d5 e2e3 d8d7 c3c2 g7g6 f5g6 d7e7 g2g4 e7d7 g4g5
298,W,checkmate,9,0.127412,1490,2026-08-19 05:49:40,e2e3 g7g5 d2d4 c7c6 f1a6 b8a6 a2a3 f7f5 d1h5
299,B,value_resign,56,0.196093,1495,2026-08-19 05:50:39,e2e4 b8a6 d2d4 g7g6 g1f3 g8h6 f1b5 h8g8 c1h6 c7c6 e1g1 a8b8 g2g3 d7d5 b5a4 a6c5 h2h4 d8b6 e4e5 c8g4 h6f8 e8f8 e5e6 f7e6 f3g5 b6b3 f2f4 g4d1 d4c5 b3g3 g1h1 g3h4 h1g1 e6e5 g5f3 d1f3 b1c3 e5f4 a4b3 h4h3 b3d5 c6d5 f1f2 f3e2 f2e2 f8e8 c3e4 d5e4 b2b4 b8c8 a1f1 g6g5 e2f2 a7a5 b4b5 c8d8
300,B,checkmate,48,0.240202,1500,2026-08-19 05:51:22,e2e4 e7e5 f2f4 g7g6 c2c4 h7h5 b1a3 b8c6 g1h3 e5f4 d2d3 g8e7 c1f4 c6a5 f1e2 c7c6 d1a4 a5c4 d3c4 h8g8 f4h6 g8h8 e2d3 g6g5 a4d1 e7g6 d1d2 h8g8 d3b1 a8b8 b2b3 f8h6 e4e5 d7d5 e5e6 g8g7 e1f2 g6f4 c4d5 d8d5 b1f5 d5d2 f2f3 f7f6 g2g4 d2e2 f3g3 h5h4
301,B,value_resign,118,0.257273,1505,2026-08-19 05:51:54,e2e3 h7h6 e3e4 a7a5 g2g3 d7d6 g3g4 c8d7 c2c3 a8a6 a2a3 d7g4 f2f4 g4h3 f1c4 b8d7 g1e2 g7g6 c4d5 g8f6 d5e6 d6d5 e6d5 b7b5 h1g1 a5a4 d1c2 a6a5 d5a2 f6e4 a2e6 h3e6 c2d3 e4c3 d2c3 h8h7 c1d2 e6b3 d2c1 h6h5 h2h4 h7h8 c1d2 h8g8 d2c1 a5a8 d3b5 a8b8 b5d5 c7c5 c1d2 d7f6 d5d8 b8d8 c3c4 f6d5 e2c3 e7e6 c4d5 g6g5 f4g5 e6d5 d2f4 c5c4 a1a2 d5d4 c3e4 b3a2 b1d2 d4d3 d2b1 a2b1 e4d2 d8d5 d2b1 f8g7 g5g6 e8d8 e1f2 d3d2 b1d2 c4c3 g6f7 g8f8 b2c3 g7f6 d2f3 f6e7 g1g2 d5c5 f3g5 d8c8 f4d6 e7d6 g5e6 c8b7 e6c5 d6c5 f2e2 b7a7 e2e1 a7a6 e1d2 a6b5 d2e1 c5e3 g2e2 e3c1 e2e8 f8f7 e1d1 c1a3 d1c2 f7g7 e8e7 g7e7 c2d1 a3b2
302,W,cap_draw,150,0.197118,1510,2026-08-19 05:52:09,e2e4 a7a5 a2a4 b8c6 d2d4 g7g6 h2h4 f7f5 c1g5 c6d4 b1a3 a8a7 f1d3 e7e5 c2c3 f5f4 d3e2 h7h6 g5f6 h8h7 f6e7 d4e2 h1h2 e8e7 e1e2 e7f6 d1c2 f6f7 a1b1 b7b6 g1h3 d7d5 b2b4 d8d7 e4d5 f8b4 c3b4 f7g7 b4a5 d7d5 a5b6 c7b6 a3c4 d5d4 b1d1 d4d6 c4d6 c8d7 d1c1 a7a8 c2b2 a8a4 d6e8 d7e8 e2d3 e8d7 b2b6 g8f6 g2g4 f6g4 h2h1 e5e4 d3d2 e4e3 f2e3 a4a2 d2d1 f4e3 h3f4 g4f6 b6c7 g7f8 c1b1 f8f7 c7c5 h7g7 b1c1 g6g5 h4g5 h6g5 f4e6 f7e6 c5c7 e6d5 c1a1 a2a1 d1e2 f6g4 h1a1 g4e5 e2e3 d7h3 c7g7 g5g4 g7f6 g4g3 a1c1 e5g4 e3f3 g4f6 f3g3 h3f5 c1c3 f6d7 g3h4 f5h3 h4h3 d7e5 h3g3 d5e4 c3b3 e5c4 b3b4 e4d3 g3f2 c4b6 b4b6 d3c4 b6b7 c4d5 b7b8 d5e5 b8g8 e5f5 g8b8 f5g6 b8g8 g6f7 g8g5 f7f6 g5a5 f6f7 f2g2 f7g6 g2f3 g6f7 f3e2 f7g6 e2f3 g6g7 a5a7 g7f6 a7b7 f6g5 b7b8 g5h5 b8g8 h5h6 g8b8 h6h7
303,B,checkmate,82,0.227328,1515,2026-08-19 05:52:10,f2f4 e7e5 c2c3 a7a6 a2a3 g7g6 c3c4 f7f6 e2e4 b8c6 d1g4 g8e7 c4c5 f8g7 d2d4 d7d5 b2b3 e5f4 e4e5 c8d7 g4g3 f6e5 d4e5 g7e5 a1a2 c6b4 f1e2 b4c2 a2c2 c7c6 e2a6 b7b5 a6b5 e8g8 g3c3 f4f3 c3e5 f3f2 c2f2 c6b5 e5f6 f8f6 c1d2 d8c7 f2f6 h7h6 f6g6 e7g6 g1h3 d7h3 g2h3 b5b4 a3b4 d5d4 h1g1 g8g7 c5c6 a8a7 h3h4 g7f6 h4h5 g6h8 e1f2 f6f5 g1g2 h8f7 h2h3 d4d3 b4b5 f5e4 b5b6 c7b6 f2e1 a7a8 d2c3 b6b3 h3h4 b3b1 e1d2 f7e5 c6c7 e5c4
304,W,material_adjudication,112,0.203848,1520,2026-08-19 05:54:05,e2e4 b8a6 f2f3 g7g6 b2b3 b7b6 g2g3 g8f6 f1c4 e7e6 c2c3 h8g8 g1h3 d7d6 e4e5 c8d7 e5f6 f8g7 c4d3 d8b8 f6g7 h7h5 b1a3 b8b7 h3g5 b7c8 c3c4 c8d8 d3f1 f7f6 f1d3 f6g5 d3g6 e8e7 f3f4 h5h4 h2h3 e7f6 a1b1 f6g6 g3h4 g6g7 f4g5 g8h8 e1f2 d6d5 a3c2 d5c4 b3c4 e6e5 c4c5 a6b4 c5b6 a7b6 b1b4 d7c6 b4f4 c6h1 f4f6 c7c5 a2a4 h1e4 f6e6 c5c4 c2e3 d8c8 e6e5 h8f8 f2g3 f8e8 e5e8 c8e8 d1e2 e4d3 e2f3 e8c8 c1a3 a8a4 a3c5 c8c5 g3f4 c5d4 f4g3 c4c3 d2c3 d4c3 g5g6 d3f5 e3f5 g7g6 f3c3 g6f5 g3h2 f5e4 h4h5 b6b5 h5h6 a4a2 h2h1 a2a3 c3c6 e4d3 h1h2 a3a7 h6h7 d3d4 h7h8q a7g7 h8g7 d4e3 h3h4 b5b4
305,W,value_resign,61,0.253715,1525,2026-08-19 05:55:49,b1c3 b7b6 a2a4 e7e5 c3b1 d7d5 f2f4 e5f4 d2d3 f7f6 h2h3 f6f5 e2e3 h7h5 a1a2 d5d4 b1d2 c7c6 c2c4 g7g6 e3d4 d8d6 c4c5 b6c5 f1e2 d6c7 d4d5 f8d6 e1f2 c8d7 d3d4 g6g5 d2b3 g8f6 e2b5 h8f8 d4c5 c6d5 c5d6 c7d6 b5d7 e8d7 g2g3 f6e4 f2g2 b8c6 g3f4 d6c7 f4g5 c6e5 d1d5 c7d6 d5d6 d7d6 g1f3 e4c3 b2c3 e5g4 h3h4 a8e8 g5g6
306,W,checkmate,35,0.241151,1530,2026-08-19 05:56:02,g2g4 b8a6 b1c3 g7g6 g1h3 a6b4 b2b3 b7b6 a1b1 b4c2 d1c2 g8f6 h3f4 g6g5 c3e4 g5f4 c2d1 c7c5 e4c5 a8b8 c5a4 f8g7 g4g5 f6e4 f1h3 e4d2 d1d2 c8b7 c1b2 g7f6 b1c1 f6b2 d2b2 b7h1 b2h8
307,D,rule_draw,139,0.156684,1535,2026-08-19 05:56:15,e2e3 h7h6 e3e4 g7g5 g1f3 g8f6 d1e2 b8c6 c2c3 b7b5 h1g1 g5g4 f3h4 f8g7 e4e5 e8f8 h4f5 c8b7 e5f6 a8c8 f6e7 c6e7 f5g7 c7c5 e2e3 f8g7 d2d3 c5c4 b2b4 g4g3 f2g3 d8b6 e3d2 d7d5 c1a3 h8e8 d3c4 e7c6 e1d1 b5c4 d2d5 c6e5 f1c4 b7d5 c4d5 b6g1 d1d2 g1g2 d5g2 e5c4 d2d1 c4a3 h2h3 a3b5 c3c4 c8c4 g2f1 c4c8 b1d2 b5c7 a1c1 c7d5 c1c8 e8c8 g3g4 d5b4 h3h4 b4c2 a2a4 a7a5 g4g5 h6h5 f1b5 c2d4 d2e4 d4b5 a4b5 c8e8 b5b6 a5a4 b6b7 e8b8 e4c3 b8b7 c3a4 b7b5 a4b2 b5b2 d1c1 b2b5 c1d1 b5c5 d1e1 c5c4 e1d2 g7h7 d2d3 c4a4 d3c2 h7g7 c2b2 g7g8 b2b3 f7f6 b3a4 g8f7 g5f6 f7f6 a4a5 f6f5 a5a6 f5e4 a6a7 e4f3 a7a8 f3e4 a8b8 e4f3 b8c8 f3g2 c8d8 g2f3 d8e7 f3g2 e7d8 g2f3 d8e7 f3g2 e7e8 g2f3 e8e7 f3g2 e7d8 g2f3 d8e7 f3g2 e7d8 g2f3 d8e7
308,B,value_resign,20,0.255216,1540,2026-08-19 05:56:28,g2g4 b7b5 c2c4 d7d5 d1c2 e7e6 c2f5 a7a6 h2h3 g7g5 e2e4 h7h6 e4e5 d5d4 b1a3 g8f6 e1e2 e6f5 g4f5 d8d6
309,B,value_resign,36,0.183064,1545,2026-08-19 05:56:41,g2g4 b8a6 b1c3 b7b6 b2b3 g8f6 g1f3 g7g5 h2h4 e7e5 d2d3 f8g7 c3d5 b6b5 e2e3 d7d6 f3h2 b5b4 c2c3 f6g4 d5f6 e8f8 e1d2 c7c5 c3b4 g4f2 d3d4 c8b7 a2a4 b7h1 d4c5 f2d1 e3e4 d6d5 c1b2 d8e8
310,B,value_resign,52,0.201017,1550,2026-08-19 05:58:07,e2e4 d7d6 e4e5 b8c6 a2a4 d6e5 a1a3 c8f5 b2b4 e7e6 h2h4 c6a5 d2d3 f8b4 e1e2 f5h3 g1f3 g8e7 h1g1 d8d7 c1e3 b7b6 d3d4 e8g8 g2h3 e5d4 e2d3 d4e3 d3e3 e7f5 e3f4 b4a3 d1d7 a3e7 f1d3 a8d8 d7d8 f8d8 b1c3 e7b4 g1e1 b4c3 f3g5 f5e3 f2e3 c3e1 g5e6 f7e6 f4g5 d8c8 d3e4 g8h8
311,B,value_resign,32,0.215303,1555,2026-08-19 05:58:33,e2e4 e7e6 h2h3 d7d5 a2a4 b7b5 a1a2 d5d4 g1f3 g7g6 d2d3 e8e7 e4e5 h7h5 h1g1 c8b7 h3h4 b7d5 c1e3 d5b7 e3h6 b8d7 g2g3 g8h6 f1g2 h6f5 g2f1 b7f3 b2b3 f8g7 a4b5 a8c8
312,B,material_adjudication,83,0.174297,1560,2026-08-19 06:01:07,g2g4 d7d5 c2c4 e7e5 g4g5 f7f6 g1h3 a7a6 b2b4 b7b6 d2d4 e8d7 e2e3 f6g5 e1e2 g5g4 h3g5 c8b7 f1g2 e5d4 c4d5 a6a5 b4a5 b8c6 h1f1 c6a5 f1e1 g8e7 d1a4 e7c6 d5c6 b7c6 g2c6 a5c6 a4a8 f8d6 g5e4 d8a8 h2h4 h7h6 e4g5 a8d8 a2a4 g4g3 b1a3 d6e5 e3d4 h6g5 d4d5 c6b4 e2f3 c7c6 f3g2 c6d5 a1b1 g5g4 a4a5 e5c3 a5b6 d5d4 b6b7 b4d3 b7b8q d8b8 b1b8 h8b8 f2f3 b8c8 f3g4 d3e1 g2g3 c8e8 a3c2 d4d3 c2e1 e8e1 c1d2 c3d2 g3f2 g7g5 h4h5 d7d6 h5h6
313,W,value_resign,61,0.277211,1565,2026-08-19 06:01:34,g2g4 d7d5 c2c3 b7b6 h2h4 a7a6 f2f4 b6b5 e2e4 g8h6 d1c2 d5d4 f1h3 d4c3 d2c3 e8d7 c1d2 g7g5 f4f5 b5b4 h4g5 c7c5 c3c4 e7e6 d2c1 h6g4 c2g2 d8e8 b1c3 e6f5 a2a3 f5e4 g5g6 f8g7 c3e4 b4a3 g6h7 a3b2 c1b2 h8f8 b2g7 f7f5 h7h8q f8h8 g7h8 d7c7 g2f3 c7b6 e1d1 f5e4 f3f4 g4f2 d1c2 f2h1 h3c8 e8f7 f4f7 b8c6 a1e1 c6e5 c2b2
314,B,value_resign,56,0.212650,1570,2026-08-19 06:01:35,b2b3 a7a5 e2e3 d7d6 b3b4 a8a7 g2g3 d6d5 h2h3 b7b6 d2d4 h7h5 h1h2 e7e5 b4b5 f8b4 e1e2 b4c3 b1c3 c8b7 c3e4 e8f8 e4d6 a5a4 f1g2 e5d4 e2f3 c7d6 g1e2 f8e7 c2c4 d4e3 e2c3 e3f2 g3g4 a7a5 c3d5 b7d5 f3f4 h5h4 c4c5 d5c4 f4f5 e7e8 d1d6 f2f1q g2f1 g8f6 h2g2 c4f1 d6c7 b6c5 g2f2 d8c7 b5b6 c7b6
315,B,value_resign,28,0.201612,1575,2026-08-19 06:01:48,e2e4 e7e6 h2h3 d7d5 g1f3 d5e4 f1e2 g8f6 b1a3 b7b6 a1b1 e8d7 h1f1 f8a3 d2d4 e4f3 c1g5 f3e2 g2g3 a3b2 g5f6 a7a5 f6d8 e2f1q e1f1 b8a6 h3h4 b6b5
316,B,value_resign,52,0.268232,1580,2026-08-19 06:03:04,e2e3 h7h6 d2d4 f7f5 b2b4 c7c6 c2c4 e8f7 f2f4 g7g5 d4d5 g5f4 h2h4 h8h7 d1h5 f7g7 d5d6 g7h8 e1e2 e7d6 a2a3 f8e7 b4b5 d8f8 h5h6 b8a6 h6f8 e7f8 e2f3 f8g7 f3e2 g7a1 c4c5 c6b5 e3f4 d6c5 g1h3 g8f6 h3g5 f6g4 g5h7 h8g8 e2d1 a1d4 d1e2 a6c7 h1g1 d4g1 e2d1 a7a5 f1e2 c7d5
317,W,checkmate,7,0.264104,1585,2026-08-19 06:03:05,e2e3 h7h6 d2d4 g7g5 b2b4 f7f5 d1h5
318,W,value_resign,57,0.165353,1590,2026-08-19 06:04:22,e2e3 h7h6 d2d4 f7f5 b2b4 a7a5 g1f3 e7e5 f1c4 h8h7 d4e5 c7c6 e1e2 d7d5 a2a4 d5d4 d1d4 b8d7 f3d2 f8c5 b4b5 a8a6 d4c5 d7c5 b1a3 g8f6 h1g1 c8e6 b5a6 b7a6 c4e6 c5e6 e5f6 d8d7 f6f7 e8f7 g2g4 f5g4 g1g4 f7e8 g4g1 h7h8 h2h3 h8g8 c1b2 g7g6 a1b1 c6c5 b2f6 c5c4 a3c4 d7e7 f6e7 e8e7 b1d1 e7f6 g1h1
319,W,value_resign,67,0.211609,1595,2026-08-19 06:04:35,g2g4 b7b5 a2a3 b5b4 g4g5 e7e6 f2f3 b8c6 e2e4 g7g6 h2h4 e6e5 a3b4 f8b4 f1g2 c8a6 a1a4 b4c3 f3f4 d7d5 d2c3 d5d4 f4e5 g8f6 e1f2 h8f8 e5e6 e8e7 h1h2 d4c3 d1d8 a8d8 a4a6 c3b2 c1b2 c6d4 g1f3 f7e6 f3d4 c7c5 d4b5 f6g4 f2e2 g4h2 b1c3 c5c4 g2f1 h2g4 a6a1 a7a6 a1d1 a6b5 c3b5 d8d1 e2d1 f8g8 d1e2 c4c3 b5c3 e6e5 f1h3 g8f8 h3g4 f8g8 c3b5 g8f8 g4f3
320,B,checkmate,70,0.162449,1600,2026-08-19 06:05:00,e2e4 b7b5 e4e5 g8f6 c2c3 e7e6 f1b5 c7c5 b1a3 h7h5 d1g4 f6g4 g1e2 h8h7 a1b1 d8h4 b5d3 f8d6 h2h3 c5c4 a3c4 g7g6 h1g1 d6e5 a2a3 e5f6 c4d6 e8d8 d6c8 f6e7 g2g3 e7g5 g3h4 g5h4 d3g6 f7g6 c8b6 a7b6 e1f1 g4f2 e2g3 g6g5 f1f2 g5g4 c3c4 b8c6 f2g2 c6d4 g1h1 h4f6 g3h5 g4h3 h1h3 e6e5 h3h4 a8c8 h5f6 h7h4 g2g3 h4h1 b2b4 c8c4 f6g4 h1g1 g3h4 d4f3 h4h5 c4g4 d2d3 g4h4
321,B,value_resign,40,0.202060,1605,2026-08-19 06:05:13,b2b4 a7a6 b4b5 a6a5 c2c3 a8a6 d1c2 a5a4 c2h7 f7f5 b5a6 e7e6 a2a3 h8h7 a1a2 e6e5 f2f4 f8d6 f4e5 h7h5 e1d1 f5f4 d2d3 b8a6 b1d2 b7b5 c3c4 f4f3 c4b5 c8b7 e5e6 d7e6 h2h3 f3g2 h1h2 g2f1q d1c2 f1f8 b5a6 h5h4
322,B,value_resign,48,0.192674,1610,2026-08-19 06:06:29,b2b3 a7a5 d2d4 b8a6 f2f3 d7d6 e2e3 f7f5 f1d3 a8a7 c2c4 a6b4 e1d2 b4d3 h2h3 a7a8 c4c5 f5f4 a2a4 c8d7 e3e4 d6d5 d1e1 h7h6 e4d5 d3c1 e1f1 d7a4 b1c3 a8c8 c3a4 c1b3 d2e2 h6h5 f1d1 e7e6 d1b3 e6d5 c5c6 b7b5 b3c2 d8d6 a4b6 c7b6 h1h2 a5a4 c2c3 g8e7
323,W,material_adjudication,90,0.190885,1615,2026-08-19 06:10:29,b2b3 a7a5 e2e3 h7h5 g1f3 b8a6 b1c3 b7b5 e1e2 f7f6 f3d4 g7g5 d4f5 c8b7 c3d5 g8h6 c2c4 h6f5 d2d4 c7c6 c4c5 h5h4 d5c3 f5e3 f2e3 a6c7 c3b5 c6b5 a2a4 f8h6 d1e1 f6f5 a4b5 h8h7 e3e4 a5a4 b3a4 h7g7 d4d5 h4h3 d5d6 h3g2 h1g1 c7e6 c5c6 e7d6 c6b7 d6d5 e4d5 e6c7 g1g2 a8b8 a1b1 b8a8 b1b2 a8a4 g2g3 c7d5 b7b8q d8b8 f1h3 b8e5 e2f1 e5e6 h3f5 e6e1 f1e1 d5e7 f5d3 e7f5 d3f5 d7d6 e1d1 e8e7 b5b6 g5g4 g3g4 g7g4 f5g4 h6c1 b2b3 c1f4 b6b7 e7d8 b7b8q d8e7 g4f5 a4a8 b8b7 e7d8
324,W,material_adjudication,66,0.143922,1620,2026-08-19 06:10:43,b2b3 a7a5 c2c3 g7g6 e2e3 f8g7 b1a3 g8f6 g2g3 h7h5 d1e2 d7d6 g3g4 c7c5 g1h3 b7b5 h3f4 h5g4 e2d1 f6h7 f4d5 h7f6 h2h4 a8a7 d2d3 f6h7 f2f4 g6g5 f1h3 g7d4 d1d2 g4h3 e3d4 c5d4 h4g5 h7f8 g5g6 e7e6 c1b2 d4c3 b2c3 f7g6 a1c1 h8h4 c3d4 g6g5 e1d1 e6d5 d4a7 h4f4 a7e3 b5b4 e3f4 a5a4 f4g5 d8g5 d2g5 b4a3 b3b4 c8d7 g5h4 d7c8 h4h5 e8d7 d1e1 d7e7
325,W,value_resign,45,0.216062,1625,2026-08-19 06:11:24,g1f3 e7e6 e2e4 f8a3 e4e5 a3d6 c2c4 f7f6 b2b4 b8a6 a2a4 a8b8 h1g1 f6f5 c1a3 d6e5 a3b2 g7g6 f3e5 b7b5 c4c5 a6b4 f2f3 b5a4 f1c4 b4d3 e5d3 f5f4 g1h1 g8h6 b1a3 d8h4 g2g3 c8a6 a3b5 b8a8 h2h3 f4g3 e1f1 h4d4 b5d4 h6f5 d4e6 a4a3 c4b5
326,W,value_resign,65,0.211899,1630,2026-08-19 06:12:18,e2e3 h7h6 f2f4 g7g5 f4g5 h6h5 a2a3 g8f6 f1d3 e7e5 g5g6 e8e7 e3e4 d7d5 e4d5 f6g4 e1f1 h5h4 d5d6 c7d6 d3e4 a7a5 b2b3 g4h6 c1b2 a5a4 b1c3 f7f5 c3a4 c8e6 e4d3 a8a4 b3a4 b8d7 g2g3 h4g3 h2g3 e5e4 g1h3 e4e3 b2h8 h6g8 d2e3 e7e8 d3e2 g8f6 h3g5 b7b6 h8f6 d8f6 c2c4 f6g5 e2f3 e8d8 f1f2 d6d5 a4a5 b6a5 c4d5 f8d6 d5e6 d8c7 d1c1 d7c5 c1c2
327,B,value_resign,42,0.205054,1635,2026-08-19 06:13:54,e2e4 d7d6 g2g3 a7a6 e1e2 f7f6 f1g2 a6a5 c2c3 c8g4 e2d3 e8d7 d3e3 c7c5 a2a3 g4d1 f2f4 a8a6 g2f3 d8e8 e4e5 a5a4 e5f6 d7d8 c3c4 d1b3 f3d1 g8h6 d1c2 e8d7 g1e2 h6f5 e3f2 d8c8 c2e4 h7h6 g3g4 e7e6 e4f5 e6f5 g4f5 d7f5
328,B,value_resign,72,0.146560,1640,2026-08-19 06:14:23,a2a4 e7e6 g1f3 f8e7 d2d3 b7b5 c1h6 e7f8 h2h4 g7g5 b2b4 b8c6 a4a5 g5h4 f3e5 g8e7 e2e4 h8g8 e5f7 c6d4 f7h8 c8a6 a1a4 b5a4 h6c1 a8c8 g2g3 g8g4 h1g1 f8h6 c1h6 d7d5 b1d2 e8d7 e4d5 e6d5 g3h4 g4g1 d2f3 d4f3 d1f3 c7c6 h6g5 d8h8 g5f6 h8g8 f3h5 c6c5 e1d1 g8e8 h5h6 e7c6 b4b5 c6a5 b5a6 c5c4 d3c4 d5c4 h6g7 d7c6 g7g1 e8e6 g1g5 a5b3 f1c4 e6d7 g5d2 b3d2 d1e1 h7h6 e1e2 h6h5
329,W,value_resign,59,0.220740,1645,2026-08-19 06:16:11,e2e3 h7h6 c2c4 b7b5 g2g4 g7g5 h2h3 g8f6 a2a3 c7c5 e3e4 b8c6 b1c3 a7a5 b2b3 c8a6 f2f3 d7d6 f1d3 f6d7 a3a4 f7f6 c4b5 c6d4 b5a6 d4f3 g1f3 f6f5 e1f2 d6d5 c1b2 f5e4 f2e3 e4d3 d1c1 d5d4 e3d3 d4c3 b2c3 d8c7 c1e1 h8h7 e1e4 h7g7 h1d1 e7e5 e4a8 e8e7 a8e4 d7f6 e4e5 c7e5 f3e5 f6g4 h3g4 c5c4 d3c4 g7f7 c3d4
330,W,value_resign,93,0.160064,1650,2026-08-19 06:16:25,e2e3 a7a6 d2d3 d7d5 c1d2 e7e6 e1e2 a8a7 b2b4 b7b5 b1c3 g7g6 f2f4 h7h6 d1c1 f8b4 c3d5 g8f6 f4f5 b4f8 h2h4 h8g8 f5e6 f7e6 d5f6 d8f6 g1h3 a7b7 g2g4 c7c5 f1g2 f6a1 c1a1 b5b4 a1d1 b7g7 a2a4 g6g5 g2d5 c8b7 e2f2 b7d5 f2g3 d5h1 h3g5 h6g5 d2c1 b4b3 c1b2 b3c2 d1c2 f8e7 b2d4 g7g6 c2b2 b8c6 h4h5 c6d4 h5g6 g8g7 e3d4 h1d5 d4c5 e7f8 b2g7 f8g7 d3d4 e8f8 a4a5 g7d4 c5c6 d4b2 c6c7 b2e5 g3h3 d5e4 c7c8q f8e7 c8a6 e7d7 a6e2 d7c7 g6g7 c7b7 a5a6 b7b8 a6a7 b8a7 g7g8q a7b7 e2f2 e4f3 f2f1
331,W,value_resign,51,0.208844,1655,2026-08-19 06:16:27,e2e3 h7h6 f1b5 e7e6 e1f1 f7f5 d2d4 f5f4 c2c4 e8e7 e3f4 d7d6 b1a3 c8d7 h2h4 b8c6 g1e2 b7b6 b5c6 d6d5 c6d7 d5c4 a3c4 b6b5 f4f5 g8f6 d7b5 f6g4 c4a5 a7a6 e2f4 a6b5 f4e6 d8d6 d1g4 d6e6 f5e6 g7g5 f2f4 e7f6 a2a4 a8a5 a1b1 b5a4 h4g5 h6g5 h1h8 f6e7 b2b4 a4b3 c1d2
332,W,value_resign,55,0.199480,1660,2026-08-19 06:16:41,b2b4 b7b6 g1f3 d7d6 e2e3 c7c6 c2c3 g7g6 d2d4 f8g7 f1a6 g8f6 d1d2 f6e4 a2a4 c8b7 a6b7 e4d2 b1a3 a7a6 b7a8 e7e5 e1e2 e5e4 a1a2 h8f8 h2h3 d2c4 a3b5 g7h6 b5d6 d8d6 h1e1 d6d7 f3g5 c4e3 f2e3 b6b5 g5h7 f8g8 h7f6 e8d8 f6d7 d8e7 e2d1 e7e6 c3c4 h6g5 e1f1 b5a4 f1g1 e6f5 a2a4 c6c5 b4b5
333,B,value_resign,46,0.244295,1665,2026-08-19 06:16:53,g1h3 b7b6 b2b3 g7g5 g2g4 g8f6 c2c4 c8a6 b1a3 a6c4 h3g5 h7h6 h1g1 f6h7 f1g2 c4b3 a2b3 c7c5 a3c2 h6g5 a1a4 f7f6 a4a1 e7e5 e1f1 f8d6 d2d4 e8f7 f2f3 e5d4 d1d2 d4d3 g2h3 d8e8 e2e3 d6e5 c2b4 c5b4 f3f4 e5f4 e3f4 g5f4 d2e1 b6b5 c1e3 b8a6
334,W,value_resign,63,0.203467,1670,2026-08-19 06:17:06,b2b4 b7b6 g2g3 g7g5 a2a4 e7e6 d2d4 d8f6 c2c4 c7c5 f2f4 f6h6 f1g2 h6g7 d4c5 b8a6 c5b6 a8b8 b1c3 g7c3 e1f2 f8g7 d1d3 a7b6 d3c3 h7h5 c3b2 g5g4 c4c5 g7b2 c1b2 b6c5 b2h8 d7d5 b4c5 e8e7 g2d5 e6d5 h8d4 f7f5 d4e5 a6c7 e2e3 g8f6 a1d1 c7e6 e5f6 e7f6 c5c6 e6c7 d1c1 f6g6 g1e2 b8b2 f2f1 d5d4 e2d4 h5h4 g3h4 c8b7 c6b7 c7e6 b7b8q
335,W,value_resign,85,0.186214,1675,2026-08-19 06:20:32,e2e3 a7a6 e3e4 e7e5 a2a4 g7g5 a4a5 b8c6 d2d4 h7h5 d4d5 f7f5 f2f4 c6a5 f4g5 f8e7 g1f3 c7c6 a1a4 e7a3 f1c4 e8f7 e4f5 d7d6 h1f1 d8d7 c1e3 e5e4 d5c6 a5c4 c6d7 c8d7 e3f4 g8f6 g5f6 a3c5 f4g5 b7b6 b2b3 d7a4 b1c3 c4e5 f3e5 f7f8 c3d5 c5d4 b3b4 b6b5 d1h5 h8h5 h2h4 d4e5 d5b6 e5c3 e1e2 c3b4 b6a8 d6d5 c2c4 f8f7 c4d5 b4c3 f1h1 e4e3 e2e3 c3b2 e3f4 b2c3 f4g3 a4c2 h1c1 c3d4 c1c2 b5b4 c2b2 b4b3 b2b3 a6a5 a8b6 a5a4 b3a3 f7g8 a3a4 d4e3 a4a1
336,W,value_resign,53,0.209037,1680,2026-08-19 06:22:37,e2e4 e7e6 h2h3 d7d5 e4d5 g8f6 g1f3 a7a6 f1e2 h7h6 e2d3 h8g8 g2g3 h6h5 g3g4 b7b5 a2a3 c8b7 g4h5 g8h8 d5e6 f7e6 h5h6 f6g4 h3h4 f8a3 h6g7 g4f2 e1e2 e8d7 e2f2 d7e7 h1f1 h8g8 b1a3 b5b4 a3c4 a6a5 d3e4 g8g7 d2d3 b8c6 b2b3 c6d4 c1d2 d4f3 d1f3 g7g5 h4g5 b7a6 d2e3 a8c8 d3d4
337,B,value_resign,28,0.242934,1685,2026-08-19 06:23:20,e2e3 h7h6 f1b5 b7b6 e3e4 g7g5 b2b3 b8a6 b1a3 c7c5 b5d7 d8d7 c2c4 e7e6 e4e5 g8f6 d1g4 f6g4 b3b4 f7f5 e5f6 a8b8 c1b2 h8g8 a3b5 f8d6 f2f3 g4e3
338,W,value_resign,51,0.265668,1690,2026-08-19 06:25:30,e2e4 b8c6 f2f4 c6e5 e1e2 e5d3 g2g4 f7f5 e4f5 a7a5 c2c3 e8f7 d1a4 d3b4 a4b3 f7e8 c3b4 a5b4 a2a3 g8f6 b3b4 a8a5 e2f3 g7g6 b4a5 f6g4 d2d4 g4f6 f5g6 f6e4 b2b4 h8g8 a3a4 d7d5 c1e3 e4f6 f1g2 h7g6 f4f5 g6f5 e3d2 g8g5 f3f2 f6e4 f2f3 e4f2 f3f2 b7b6 g1f3 b6b5 h1f1
339,B,checkmate,60,0.287486,1695,2026-08-19 06:25:59,e2e4 e7e5 f1c4 c7c6 c4f7 e8f7 b1a3 d8e8 c2c4 g8e7 e1e2 c6c5 d1e1 b8a6 g2g4 b7b6 g1h3 f7g6 h3g5 a6b8 g5f7 d7d6 f7h8 g6g5 a3c2 c8e6 a2a4 d6d5 c4d5 g5g4 d5e6 c5c4 e1f1 g7g6 d2d4 c4d3 e2d3 e8c8 c2e1 b8c6 c1e3 a7a5 h2h3 g4h5 e3g5 h5g5 d3c4 c6b4 c4b3 c8c5 a1a3 a8c8 h1h2 e7c6 h3h4 g5f4 a3a2 c6d4 b3a3 b4c2
340,D,rule_draw,148,0.274944,1700,2026-08-19 06:26:56,e2e3 b7b6 f1c4 f7f6 d2d4 c7c5 b1c3 a7a5 c4b5 a8a7 e3e4 e7e5 e1d2 c5d4 f2f4 e5f4 a2a4 g7g6 b5d3 f6f5 c3d5 f5e4 d5f4 d8c7 d3c4 d7d5 c4d5 b8d7 b2b4 a5b4 f4e6 d4d3 e6c7 a7c7 d5e4 d3c2 d2e2 c2d1q e2d1 f8c5 d1e2 b4b3 c1b2 e8e7 a4a5 d7e5 a5b6 c5b6 e4d5 c7d7 d5c6 e5c6 a1a4 c6d4 a4d4 g8f6 d4d3 f6d5 d3d4 d5b4 d4d7 c8d7 b2h8 e7e6 h2h3 b6g1 h8b2 e6d5 h1g1 h7h6 g1c1 d5e4 g2g4 d7c6 g4g5 h6g5 c1c4 e4f5 c4b4 g5g4 h3g4 f5e6 b4b6 g6g5 e2f2 e6d5 f2g2 c6b7 g2h1 b7c6 h1g1 c6b7 g1f2 b7c6 f2g2 c6b7 b6b7 d5c6 b7b8 c6d5 g2f1 d5e4 b8g8 e4f3 g8g7 f3f4 f1g2 f4e3 g2f1 e3d2 g7e7 d2d1 f1g2 d1c2 g2f1 c2b2 f1g2 b2a1 g2f1 b3b2 e7a7 a1b1 a7a8 b1c1 a8b8 b2b1q b8b1 c1b1 f1f2 b1c1 f2g3 c1b2 g3f2 b2b3 f2g3 b3b2 g3f3 b2b3 f3g3 b3b2 g3f3 b2b3 f3g3 b3b2 g3f3 b2b3 f3g3 b3b2
341,W,value_resign,97,0.199633,1705,2026-08-19 06:27:11,e2e4 f7f6 d1f3 b7b5 c2c3 g8h6 e1e2 g7g5 f3e3 c7c5 g1f3 h6g4 h2h3 f8g7 e4e5 b5b4 d2d4 a7a5 h3g4 e8f7 a2a4 c5c4 e5e6 d7e6 c3b4 f6f5 g4f5 g7f8 b1c3 e6f5 c3b5 e7e5 b2b3 h7h5 d4e5 c8b7 e3d4 a5b4 d4d8 f8g7 h1g1 g7e5 f3e5 f7e6 c1g5 h8d8 g5h6 e6e5 e2e1 c4b3 f2f3 e5e6 g2g3 d8g8 f1g2 e6d7 e1d2 a8a4 a1a4 b3b2 g1b1 b7e4 b5c7 d7c7 b1b2 b8a6 a4a6 c7b7 h6g7 b7a6 g3g4 f5g4 g7f6 e4d5 f3g4 d5g2 g4h5 g2b7 f6e5 g8d8 d2e3 d8d5 e3e4 d5e5 e4e5 a6b5 e5f6 b7d5 h5h6 b5a5 h6h7 a5a4 h7h8q d5h1 h8h7 b4b3 b2b1
342,W,checkmate,69,0.242527,1710,2026-08-19 06:27:12,b2b4 a7a6 g2g3 g7g5 e2e3 h7h5 d2d3 d7d6 f1h3 e7e5 h3c8 e8e7 b4b5 d8c8 e1d2 a6a5 f2f3 h5h4 c2c4 f7f5 b1a3 g8h6 d1b3 d6d5 d3d4 d5c4 b3c2 c8e6 a3b1 h8g8 c1a3 c7c5 b5c6 e6d6 a3d6 e7d6 g1e2 b8c6 d4e5 d6e5 b1c3 c6b4 f3f4 e5e6 c2b1 h4g3 b1b2 g5f4 e2f4 e6f6 c3e4 f6e7 f4e6 f5e4 d2e1 g3h2 e6f8 a8f8 b2e5 e7d8 h1h2 h6g4 a1d1 b4d5 e5d5 d8e8 h2g2 g4e3 d5e6
343,W,checkmate,47,0.215980,1715,2026-08-19 06:27:13,c2c4 b8c6 e2e4 e7e5 e1e2 a8b8 b1a3 a7a5 f2f4 c6d4 e2d3 f8a3 a1b1 a3f8 g1e2 f7f5 e4f5 d7d5 c4d5 a5a4 e2g1 e8f7 d3c4 e5f4 f1d3 b7b6 d1a4 b6b5 c4d4 b5a4 d4e5 b8b3 g1f3 b3d3 h2h4 c8b7 b2b4 f8b4 e5f4 f7f6 h1e1 b4a3 c1a3 h7h6 e1e6 f6f7 f3e5
344,W,value_resign,51,0.215313,1720,2026-08-19 06:28:05,g2g4 b7b5 g1f3 h7h6 d2d3 b8c6 a2a3 a8b8 e2e4 b5b4 c1e3 g7g5 f3g5 h6g5 h2h4 e7e6 a3a4 b8b6 e3g5 c6a5 f2f4 b6b8 g5d8 d7d5 d8f6 g8f6 g4g5 h8g8 e4d5 c8a6 e1f2 a5b3 c2b3 f6g4 f2e1 c7c5 d5c6 f7f5 d3d4 g8g6 d1g4 f8d6 g4f5 e6f5 h4h5 a6b7 h5g6 e8e7 f1a6 b7c6 h1f1
345,W,material_adjudication,66,0.234534,1725,2026-08-19 06:31:42,e2e3 h7h6 h2h3 b7b5 c2c3 c7c5 g2g3 d7d5 f2f4 a7a6 f1b5 a6b5 e3e4 g7g5 e4d5 e7e6 e1f2 c8b7 f4f5 g8f6 h3h4 f6g4 f2e1 d8d5 h1h3 b8a6 d2d3 d5f5 c1g5 b7c8 g5h6 g4h6 b2b3 f5g4 d1g4 h8g8 g4h5 f8g7 e1d1 c8b7 g1e2 b7e4 e2c1 a6c7 d1c2 e8c8 d3e4 e6e5 a2a3 c7e6 h3h1 d8d7 c1e2 g8f8 b3b4 d7e7 b4c5 b5b4 c3b4 f8e8 c2d2 c8d8 d2e3 d8c8 g3g4 e8f8
346,B,material_adjudication,66,0.280697,1730,2026-08-19 06:31:56,e2e4 g7g6 b1c3 d7d6 g1f3 f7f5 c3a4 a7a6 f1d3 e7e6 a1b1 f5e4 h2h3 c8d7 g2g3 g6g5 f3g5 e4d3 b2b4 e8e7 a4b2 b7b5 g5e6 e7e6 a2a3 a6a5 f2f4 h7h6 c2d3 g8f6 h3h4 e6d5 b1a1 f8g7 a1b1 a5a4 e1f2 d7c6 g3g4 f6g8 g4g5 g7d4 f2g3 h6g5 f4g5 d8e7 h1f1 d5e5 d1e1 e5d5 e1e7 g8e7 f1f6 e7c8 b2d1 d4f6 c1b2 f6b2 b1b2 d5d4 g5g6 d4d3 b2b1 h8g8 b1a1 g8g6
347,W,value_resign,75,0.216991,1735,2026-08-19 06:33:20,f2f3 b7b6 b2b3 h7h6 c2c3 c7c5 g2g4 f7f6 a2a3 e7e6 f1g2 f8d6 e2e4 c8a6 e1f2 g8e7 d2d4 a6d3 f3f4 a7a5 c1b2 d3e4 g2e4 f6f5 f2g3 c5c4 h2h3 a5a4 e4a8 a4b3 g4f5 e8f7 f5e6 d7e6 g1f3 e7f5 g3f2 b6b5 d1e1 f7e8 d4d5 e6e5 f4e5 d6c5 f2g2 f5e3 g2g3 h8g8 a3a4 d8c7 h3h4 g7g5 a4b5 b8d7 f3g5 h6g5 h4g5 g8h8 b5b6 d7b6 e1e3 c5e3 h1h8 e8e7 b1d2 e3d2 a1d1 d2g5 d5d6 e7e6 d6c7 e6e7 h8h7 e7f8 g3g2
348,B,value_resign,84,0.288686,1740,2026-08-19 06:33:35,e2e4 b8a6 f2f3 f7f5 a2a3 a6c5 h2h3 a7a5 a3a4 e8f7 h1h2 a8a7 e4e5 g7g6 g2g3 d7d5 e5d6 c5b3 h3h4 c8d7 f1c4 f7e8 c4d5 g8f6 e1e2 d7c8 b1c3 f8h6 d5b3 d8d6 c3d5 e7e6 e2f2 f6d5 b3d5 e6d5 a1a2 h6e3 d2e3 h8f8 h4h5 g6h5 f3f4 h7h6 g1f3 e8f7 h2h5 d5d4 e3d4 d6d8 d4d5 f8e8 c1d2 d8d6 c2c4 e8d8 c4c5 d6c5 f2e1 c5d6 e1f2 d8h8 a2a3 c7c6 d5c6 b7c6 b2b4 a5b4 a3b3 h8e8 h5h6 a7a5 d1c2 c8b7 c2d1 c6c5 b3d3 d6d3 d2c1 d3d1 c1b2 f7e7 f2g2 e8d8
349,W,value_resign,61,0.220944,1745,2026-08-19 06:34:43,d2d3 c7c5 f2f4 f7f5 a2a3 e7e6 b1c3 d7d6 e2e4 b7b6 g2g4 c5c4 c3d5 e6d5 e4f5 c4d3 f1g2 f8e7 c2d3 h7h6 a1a2 d8d7 g2h3 d5d4 h3g2 d7b5 e1e2 g8f6 d1e1 b5c5 b2b4 c8a6 b4c5 b8d7 c5d6 e7d6 a3a4 a8c8 h2h3 b6b5 a4b5 a6b5 a2a5 b5c6 g2c6 c8c6 c1b2 f6g4 h3g4 a7a6 e2d1 d7e5 b2a3 d6a3 g1f3 c6c7 f4e5 e8e7 f3g5 h6g5 h1f1
350,W,cap_draw,150,0.300286,1750,2026-08-19 06:34:58,d2d4 b8a6 g1h3 h7h6 f2f3 g8f6 b2b3 d7d5 h3g5 a8b8 d1d2 c8g4 d2f4 h6g5 e1d1 g5f4 b1a3 g4h3 g2g3 f4g3 f1h3 d8c8 c2c4 h8h4 h3c8 g3h2 c1g5 c7c5 d4c5 e8d8 c8f5 a6b4 a3c2 b4c2 d1c2 h4h5 g5f6 h5f5 c4d5 g7f6 a2a4 f5d5 b3b4 b7b6 e2e4 d5d4 a1f1 b6c5 b4c5 f8g7 c2c3 d4a4 c3d3 e7e6 d3c2 d8e8 f3f4 e8d8 h1h2 f6f5 f1d1 d8e8 h2g2 e6e5 g2g7 e5f4 g7g8 e8e7 g8b8 f5e4 c2d2 e7d7 d1a1 a4a1 b8b3 d7c8 b3b4 a1a4 b4a4 e4e3 d2e1 f4f3 a4a1 f3f2 e1f1 e3e2 f1f2 c8d8 a1e1 f7f5 e1e2 f5f4 c5c6 a7a5 e2b2 a5a4 f2f3 d8c8 b2a2 c8c7 a2a4 c7c6 a4d4 c6c5 d4e4 c5d5 f3f4 d5c5 f4e5 c5b5 e4d4 b5c5 d4e4 c5c6 e4d4 c6c5 d4e4 c5c6 e4d4 c6c5 d4e4 c5b5 e4d4 b5c5 d4f4 c5c6 f4f3 c6b5 e5f6 b5b4 f3f5 b4c3 f5e5 c3b2 e5f5 b2c3 f5e5 c3b2 f6f7 b2c3 e5f5 c3b2 f7g7 b2b3 g7h7 b3a4 f5f6 a4b3 f6f5 b3a4
351,W,checkmate,31,0.286405,1755,2026-08-19 06:35:31,e2e4 e7e6 h2h4 d7d5 e4d5 e8e7 d2d4 g8f6 c1g5 d8d6 b1a3 c7c6 g5d2 d6d5 g2g4 d5g2 b2b3 e7d8 f1g2 b8a6 e1f1 a8b8 c2c3 f8a3 d2h6 b7b6 c3c4 c6c5 d4c5 d8c7 d1d6
352,W,checkmate,37,0.244831,1760,2026-08-19 06:35:44,e2e4 e7e5 f1c4 a7a5 b1c3 a8a6 g2g3 c7c5 f2f3 b7b5 a2a4 c8b7 c3b5 d8e7 h2h4 g8h6 b2b3 b8c6 h1h3 h6f5 e1f1 a6a8 c1b2 c6b4 g1e2 f5e3 d2e3 a8b8 c4e6 f7f5 e2c3 c5c4 e6f5 c4b3 c2b3 e7c5 d1d7
353,B,value_resign,36,0.287708,1765,2026-08-19 06:35:45,g1h3 b7b6 b2b3 c8b7 b1c3 g8h6 c1b2 g7g5 e2e4 b7e4 h3g5 e4g6 a1b1 a7a6 g5f7 e8f7 h2h3 g6c2 d1h5 f7g7 f1d3 c2d3 h5d1 d7d5 d1e2 c7c5 e2d3 d5d4 b1d1 d4c3 f2f4 d8d3 b2c3 g7g6 h3h4 d3c2
354,W,value_resign,59,0.256592,1770,2026-08-19 06:39:43,e2e4 e7e6 e4e5 f8b4 c2c4 a7a5 e1e2 a8a6 a2a4 f7f5 e2e1 b4d6 c4c5 d6e5 c5c6 d7d6 d1f3 a6c6 f1e2 e8e7 e2c4 h7h5 h2h4 b7b6 f3d1 g7g6 f2f4 b8d7 g1f3 c6c5 d1b3 c5c4 b3c4 e5f4 c4f4 h8h7 b2b4 a5b4 f4d4 d7e5 e1f2 c8b7 a4a5 b6a5 a1a5 b7f3 g2f3 e7f6 a5e5 d6e5 d4d8 g8e7 c1a3 h7h8 d8h8 f6f7 f2g2 b4a3 b1c3
355,W,value_resign,55,0.224585,1775,2026-08-19 06:39:57,e2e4 e7e6 e4e5 a7a5 f2f3 h7h6 a2a4 a8a6 b2b3 d7d5 f1a6 g8f6 a6d3 c7c5 g1h3 c5c4 h3f4 c8d7 g2g3 f8b4 b1c3 b8c6 h1f1 c4d3 c3e2 e8f8 c2c3 c6e5 c3b4 b7b6 e2d4 d7a4 a1a4 g7g6 f4d3 e5d3 e1e2 d3b4 a4b4 f6d7 b4b5 d7e5 c1b2 a5a4 b3a4 h8g8 h2h4 f7f6 f3f4 d8e8 f4e5 f6f5 d4e6 f8f7 e2d3
356,W,value_resign,27,0.180569,1780,2026-08-19 06:39:58,e2e3 g7g5 g1e2 b7b5 a2a3 h7h5 d2d4 f7f6 a3a4 d7d5 c2c3 h8h7 c3c4 b5c4 h1g1 e7e6 c1d2 a7a5 e2f4 e8f7 f4e6 f6f5 e6d8 f7g6 d1c1 f8b4 e1d1
357,B,value_resign,80,0.194002,1785,2026-08-19 06:41:20,d2d3 f7f5 b2b4 d7d6 g1f3 c7c6 e2e3 g7g5 h2h3 g5g4 h3g4 b8a6 c1d2 a8b8 a2a3 a6c7 a1a2 f8g7 f3e5 d6e5 g4f5 h7h6 h1h3 e8f8 e1e2 a7a6 h3h4 g8f6 a3a4 f8f7 e2e1 d8d7 h4h5 e5e4 d2c1 e7e5 f5e6 f7e6 c1b2 e6f7 h5c5 b7b6 a2a3 e4d3 g2g4 b6c5 g4g5 c5b4 a3a1 b4b3 c2b3 d7d5 b2f6 c7e6 f1d3 c8b7 d3c4 d5h1 c4f1 h1e4 f2f3 e4e3 d1e2 e3e2 e1e2 h6h5 b1a3 g7f6 b3b4 h8e8 g5f6 f7f6 e2e1 e6c5 f1e2 c5a4 a3c2 b8d8 a1a4 c6c5
358,B,value_resign,40,0.227675,1790,2026-08-19 06:41:21,e2e4 g8f6 f1b5 b8a6 b1a3 h8g8 e4e5 c7c6 a3c4 a8b8 c4a5 b7b6 c2c3 c6b5 c3c4 f6g4 d1e2 g7g5 a2a3 c8b7 c4c5 g4e5 e2b5 b7g2 f2f3 b6c5 e1f2 g2h1 g1h3 e5f3 b2b3 f3d4 b5d3 d7d5 h3g5 f7f5 d3c4 f8g7 c1b2 d5c4
359,W,value_resign,79,0.202338,1795,2026-08-19 06:41:49,h2h4 a7a6 h4h5 f7f5 b2b3 b7b6 d2d3 a8a7 g1f3 c7c6 a2a4 g7g5 c1e3 f8h6 e3g5 f5f4 b3b4 h6g5 f3d2 e8f7 a1a2 f7e6 b4b5 c6b5 a4b5 e6e5 b5a6 b8a6 b1a3 f4f3 a3b5 a6c7 e2e4 c7b5 c2c3 a7a2 d1f3 c8b7 f3f7 e5d6 e4e5 d6c7 f7a2 b5a7 h5h6 g8h6 d2f3 h6g4 d3d4 b7f3 g2f3 g4f2 a2a7 c7c6 e1f2 b6b5 f1d3 d7d5 e5d6 d8d6 f2g2 d6f6 h1b1 h8d8 b1b2 g5h4 b2b5 h7h5 b5h5 d8g8 g2h3 g8g1 h5h4 f6f4 h4f4 e7e6 d3e4 c6b5 h3h2
360,W,value_resign,37,0.184927,1800,2026-08-19 06:42:02,e2e4 f7f5 a2a4 b7b6 d1h5 g7g6 c2c4 c7c6 f2f4 b8a6 h5h4 h7h5 e4e5 g6g5 d2d4 c6c5 f1e2 b6b5 f4g5 d8c7 b2b3 e8d8 b1c3 b5c4 b3c4 h8h7 c3d5 c7c6 h4h5 c6e6 h5h7 e6d5 c4d5 f8g7 c1b2 d8c7 e1f2
361,B,checkmate,74,0.250322,1805,2026-08-19 06:44:16,e2e4 g7g5 e4e5 g5g4 f1d3 f8g7 e1e2 b7b6 e2e3 h7h5 f2f4 h5h4 b1a3 c8b7 b2b3 c7c6 f4f5 e7e6 a3b5 e8f8 f5e6 c6b5 e6f7 g8e7 c1b2 e7f5 e3f2 a7a6 a2a4 h8g8 a4b5 a6a5 b3b4 a5b4 a1a8 d7d5 e5d6 g7b2 c2c3 g8g5 a8b8 d8b8 d3f5 b7g2 f2g2 g4g3 h2h3 b2c3 d2c3 f8f7 f5g6 f7g6 d1f3 b8d6 c3c4 g5c5 f3e2 d6d8 e2d1 d8d1 g1f3 d1e2 g2g1 g6g7 f3d4 e2e4 g1f1 c5c6 b5c6 e4d4 c6c7 d4c5 c7c8q c5f2
362,B,cap_draw,150,0.220263,1810,2026-08-19 06:44:57,b1a3 e7e6 e2e4 g7g6 f1b5 c7c6 f2f3 c6b5 c2c4 a7a5 b2b4 d7d5 e4e5 b8d7 d1e2 a8a6 c4d5 g6g5 b4a5 a6b6 e2b5 b6b5 e1d1 b5d5 h2h3 e8e7 a1b1 d7e5 a3c2 g8f6 g1e2 d5d4 e2d4 b7b5 d4b5 d8a5 a2a4 a5a4 b5c3 a4a2 c3a2 e5d3 b1b2 d3c1 b2b5 c1b3 d1e2 f6d5 g2g4 f7f6 b5d5 e6d5 h1h2 f8g7 h2h1 e7f8 e2d3 c8b7 d3c3 f8g8 h1d1 f6f5 c3b3 f5g4 h3g4 g7f6 a2c3 f6c3 b3c3 h7h6 d1h1 g8g7 h1e1 h8d8 e1h1 d8e8 h1h2 d5d4 c3d4 b7f3 d4c5 e8c8 c5b6 c8c2 h2f2 f3e4 f2g2 c2b2 b6c7 g7f8 g2f2 f8g7 f2e2 b2b1 e2e4 b1g1 e4e2 g7f8 c7b6 g1f1 b6b7 f1f4 e2e3 f8g8 b7b6 f4g4 b6b7 g4g1 e3e2 h6h5 b7b6 g5g4 e2e3 g4g3 b6b7 g8f7 b7c6 f7g6 c6b7 g6f7 b7c6 f7g6 c6b7 g6f7 b7c6 f7g6 c6b7 g6f7 b7b8 f7g6 b8b7 g1g2 b7b8 g2d2 e3g3 g6f7 g3g2 d2g2 b8c7 f7e6 c7d8 g2g5 d8c7 e6f5 c7d8 h5h4 d8e7 h4h3 e7e8 f5f6
363,B,value_resign,84,0.235457,1815,2026-08-19 06:44:58,e2e4 b7b5 g2g3 f7f6 c2c3 c7c6 g1f3 c8a6 f1b5 g8h6 e4e5 h6g8 h1f1 c6c5 e5e6 f6f5 f3e5 a6b5 f1g1 g7g6 e5g6 f5f4 g6h8 f8g7 e6d7 e8d7 d2d3 d8c7 b1a3 h7h6 c1d2 f4g3 f2g3 b8c6 a3b5 c7b6 b2b3 e7e6 a1c1 d7e8 b3b4 b6b5 h2h4 e6e5 d2h6 g8h6 d1h5 e8f8 h8f7 c6d4 c3d4 g7f6 d4c5 a8c8 e1d1 a7a6 c1c4 h6f7 g3g4 b5c6 g1g3 c8c7 a2a3 c6b7 b4b5 a6b5 c5c6 b5c4 c6b7 c4c3 d1e2 f8g7 b7b8q c3c2 h5g6 g7g6 g3f3 c2c1q b8c7 c1c7 f3f4 g6h7 e2d1 e5f4
364,W,value_resign,43,0.241508,1820,2026-08-19 06:45:12,d2d3 e7e5 a2a3 b8a6 f2f4 f8e7 f4e5 g8f6 h2h4 h8f8 b1d2 e7d6 a1b1 c7c5 h1h3 d6e5 g2g3 f6d5 e2e4 d5b4 g1e2 f7f5 e4f5 e5f6 f1g2 a6c7 g2e4 c7e6 a3b4 h7h5 f5e6 c5b4 e2d4 f6d4 b2b3 f8h8 c1b2 b7b6 b2d4 d7d6 e4d5 b6b5 d4e5
365,B,checkmate,34,0.225941,1825,2026-08-19 06:47:28,e2e3 h7h5 e3e4 b7b5 d2d4 g8f6 c2c3 c8a6 e1e2 d7d6 b1a3 b5b4 a3b5 a6b5 e2e3 h5h4 f1b5 b8d7 a2a4 b4a3 d1e1 a8c8 a1a3 a7a6 a3a6 h4h3 a6a5 h3g2 f2f4 g2h1q e3f2 h8h2 f2f1 h1g2
366,W,value_resign,35,0.158782,1830,2026-08-19 06:47:42,g1f3 b7b5 g2g3 h7h5 d2d3 e7e6 a2a3 b5b4 c1g5 d7d6 d1c1 d6d5 g5d8 e6e5 c1d1 c7c5 f3g5 g8f6 d8f6 e8d7 c2c4 b4a3 h2h4 e5e4 f2f3 g7f6 b1a3 e4f3 h1g1 f8d6 e2f3 d6g3 g1g3 h8e8 f1e2
367,W,value_resign,37,0.239618,1835,2026-08-19 06:47:55,e2e4 e7e6 f2f3 f8e7 a2a4 b7b5 a4b5 h7h5 b2b3 h8h7 a1a7 f7f5 a7a8 c7c6 f1c4 c6b5 g2g4 g7g6 e1f1 d7d5 c4b5 e8f7 d1e1 c8a6 e4d5 e7f8 b5a6 f8h6 g4f5 e6f5 a8b8 d8d6 f1g2 h7g7 b8g8 d6c7 c2c4
368,B,checkmate,34,0.220233,1840,2026-08-19 06:48:46,g2g4 e7e6 f2f4 e6e5 g1h3 d7d6 c2c3 a7a6 b2b3 a8a7 c3c4 c7c5 h3g1 g8f6 e2e4 c8g4 f4e5 h7h6 e5d6 f8e7 b1a3 g4h5 e4e5 b7b5 e5f6 e8f8 a3b5 a6b5 b3b4 c5b4 f6g7 f8g7 c4c5 e7h4
369,B,value_resign,34,0.253294,1845,2026-08-19 06:48:47,e2e3 a7a6 d2d4 b7b6 a2a3 b8c6 b2b4 c8b7 g2g3 f7f5 g1e2 a8c8 f2f4 c6d4 b1c3 e8f7 c3d5 d4e6 b4b5 a6b5 d5b4 c7c6 d1d6 e7d6 c2c4 c8b8 b4c2 d6d5 e2d4 f8b4 a3b4 b5c4 f1c4 d5c4
370,W,material_adjudication,66,0.205302,1850,2026-08-19 06:49:37,e2e4 b7b6 f1b5 h7h5 g1e2 g7g6 a2a4 h8h7 b1c3 e7e5 a4a5 g6g5 d2d4 e8e7 d4e5 f8g7 e1g1 e7f8 c3a4 c8b7 e2c3 h7h8 f2f3 g8h6 c1g5 c7c6 g5d8 c6b5 c3b5 g7e5 b2b3 f8g7 h2h4 b8c6 g2g3 c6b4 b5a7 a8d8 f3f4 b7e4 f4e5 e4f3 a1c1 f3d1 c1d1 h8e8 a5b6 f7f6 e5f6 g7g6 c2c4 h6g4 f6f7 g6g7 f7e8q d8e8 g1g2 e8e7 c4c5 g7h8 d1d2 e7e8 f1g1 g4e5 g1f1 e5g4
371,B,material_adjudication,66,0.219154,1855,2026-08-19 06:49:51,a2a4 b8a6 h2h3 g8h6 g2g3 d7d5 e2e4 c7c5 b1c3 g7g5 e4d5 f7f6 d2d3 f6f5 h1h2 h6g4 e1d2 g4f6 g3g4 h8g8 f2f3 f6g4 f1e2 a6b4 a1a3 b4c2 c3e4 a7a6 d5d6 c2b4 d3d4 g4e3 d2e3 e7e6 e2c4 f5e4 h2g2 c8d7 d4d5 b4d5 e3e4 d7a4 g2g5 a6a5 e4e5 a4d1 c4d5 e6d5 g5h5 d8d6 e5f5 d6c6 f5e5 e8e7 h5g5 g8g5 c1g5 e7f7 g5f6 f8h6 a3a4 f7g6 f6e7 g6f7 f3f4 d1c2
372,B,checkmate,70,0.325818,1860,2026-08-19 06:51:06,e2e4 g7g6 g2g4 d7d5 c2c4 c7c5 b2b3 g6g5 b1a3 a7a5 h2h3 g8h6 e4d5 b7b6 h3h4 f7f6 d2d4 e7e5 d4c5 f8g7 c5c6 b8c6 f2f3 d8d7 c1f4 h6g4 f3g4 d7c7 f4d2 h7h6 a1c1 c6d4 h1h3 g7f8 h3e3 c8d7 h4g5 h6g5 f1d3 e8f7 d2a5 b6a5 g1e2 a8a7 e2d4 e5d4 d1d2 d4e3 d2e3 f8a3 e3a7 c7a7 d3f5 h8h5 g4h5 a3c1 h5h6 d7f5 c4c5 f7g6 d5d6 f5g4 h6h7 g6f7 h7h8q g4f3 h8b8 a7c5 b3b4 c5g1
373,W,value_resign,47,0.243548,1865,2026-08-19 06:52:10,h2h4 a7a6 b2b3 d7d6 g1f3 b8d7 e2e3 d7f6 e1e2 f6g4 h1g1 b7b5 c2c3 g7g5 d2d4 a8a7 f3g5 e7e5 d4e5 c7c5 g5h7 g4e3 b1a3 b5b4 f2e3 f7f5 e5d6 c5c4 e2d2 b4a3 d2c2 d8d6 d1d6 c4b3 c2b3 h8h7 d6e5 h7e7 e5d4 e7d7 d4h8 e8d8 c3c4 d8c7 h8g8 c8b7 e3e4
374,B,material_adjudication,77,0.266301,1870,2026-08-19 06:52:35,f2f4 g8f6 a2a3 b7b5 b1c3 c8b7 g2g4 b5b4 a3a4 b4c3 h2h3 g7g6 e2e3 b7h1 a1a2 h1f3 d1f3 h8g8 f3d1 g6g5 f1c4 f6g4 h3g4 a7a6 b2b3 f7f5 f4g5 e7e6 c4f1 f8d6 c1b2 g8g5 d2c3 d6e5 e3e4 c7c5 e4f5 g5g4 f1c4 e5f4 c4e6 d7e6 a4a5 h7h6 f5e6 g4g2 a2a4 d8d1 e1d1 g2g1 d1e2 b8c6 e2f2 g1b1 f2f3 b1b2 f3f4 b2c2 f4g3 c6a7 g3f4 e8e7 f4e5 e7e8 e6e7 c2e2 e5f6 h6h5 a4a1 e8d7 f6g5 d7e7 a1c1 e7e8 c1d1 e8f8 d1e1
375,W,value_resign,101,0.252061,1875,2026-08-19 06:54:17,e2e4 b7b5 e4e5 g8f6 g1f3 c8b7 f1b5 b7f3 e5f6 f3g2 b2b4 g2h1 h2h3 g7g6 d2d4 h7h5 c1e3 e7e5 a2a3 e5d4 e3d4 h1g2 d4a7 g2d5 e1e2 d5c4 b5c4 d7d6 b1d2 a8a7 c4d5 b8d7 a1c1 h8h6 h3h4 a7a4 d1e1 g6g5 h4g5 h6h7 g5g6 f7g6 e2f3 f8e7 f6e7 d8e7 e1e7 h7e7 d2b3 e8d8 d5c6 g6g5 c6a4 g5g4 f3g2 d7b8 b4b5 b8d7 b3d2 e7h7 c2c4 g4g3 g2g3 h7h8 b5b6 c7b6 a4b5 h8f8 b5c6 d7b8 c6b5 d6d5 c4d5 b8a6 b5a6 f8g8 g3f3 d8e7 a6b7 b6b5 a3a4 b5a4 f3e4 e7d8 e4d4 d8e7 d4e5 a4a3 f2f4 a3a2 d2f3 g8e8 c1d1 e7f7 e5d6 a2a1q d1a1 e8d8 d6e5 d8d6 e5d6
376,B,value_resign,50,0.199967,1880,2026-08-19 06:54:55,e2e4 g8f6 f2f3 g7g5 d2d4 h7h6 h2h3 e7e6 a2a4 a7a6 f1a6 b7a6 c1g5 h6g5 b1c3 d7d5 g2g4 h8h7 c3d5 h7h6 a4a5 e6d5 e4d5 f8g7 e1f2 e8d7 a1a4 d8h8 b2b3 c8b7 f2g2 h8e8 d1d2 c7c5 d4c5 b7c6 d5d6 d7e6 c2c3 c6a4 b3a4 h6h8 d2b2 f6d5 b2c2 d5e3 g2f2 e3c2 c5c6 b8c6
377,W,value_resign,53,0.215867,1885,2026-08-19 06:56:12,g2g4 c7c6 f1g2 f7f6 g1h3 g7g5 b2b4 b7b6 a2a3 g8h6 a1a2 c6c5 e1g1 a7a6 b4c5 e7e5 d2d4 e5d4 e2e4 d4e3 g2c6 f8e7 c6a8 e3f2 h3f2 h6f5 c5c6 d7d6 g1g2 a6a5 g4f5 b8d7 c6d7 c8d7 f1e1 d7f5 h2h4 d8a8 f2e4 f5e4 g2g3 g5h4 g3h4 e4d5 b1c3 a8b7 c3d5 b7d5 d1d5 h8f8 a3a4 e8d7 c2c3
378,W,material_adjudication,70,0.260019,1890,2026-08-19 06:56:52,e2e3 a7a6 d2d3 f7f5 h2h4 d7d6 a2a4 c7c6 d1f3 a6a5 g2g3 h7h5 e1e2 b7b5 e3e4 h8h7 c2c3 e8d7 b1d2 c8b7 a1b1 g7g6 f3f4 h7g7 g1h3 g8h6 e2f3 f5e4 f3e4 g6g5 h3g5 d8b6 h1g1 h6g4 e4f3 e7e5 f4e3 b6e3 f3g2 f8e7 g5h7 g7g6 f2e3 g6g8 e3e4 g4h6 g1h1 g8h8 g2h3 b5a4 d2c4 e7f6 h7f6 d7c7 c1g5 h6g4 f6g4 h8f8 d3d4 h5g4 h3g4 e5d4 g5h6 d4d3 h6f8 a4a3 f8d6 c7d7 h1g1 a3b2
379,W,value_resign,55,0.180766,1895,2026-08-19 06:56:53,h2h4 g7g5 h4g5 a7a6 b1c3 f7f6 b2b3 b7b6 g1f3 g8h6 g5f6 e7f6 c1a3 b8c6 g2g4 c6b4 g4g5 e8e7 g5g6 h6g4 c3d5 e7e8 a3b4 f8b4 d5b6 c7b6 a2a4 b4f8 d2d3 f8c5 b3b4 h7g6 c2c3 c5f2 e1d2 b6b5 h1h8 e8e7 h8d8 e7d8 e2e4 f6f5 c3c4 f2c5 b4c5 b5a4 f3g5 g4f2 d1f3 f5e4 g5e4 a6a5 c5c6 d7d6 a1c1
380,W,value_resign,37,0.273367,1900,2026-08-19 06:57:31,e2e4 g8f6 d2d4 b7b5 g2g4 d7d6 e1d2 b5b4 f1h3 e7e5 d4e5 f6d5 f2f3 c8a6 b2b3 d5f6 e5f6 h7h6 g4g5 b8d7 g1e2 d8f6 g5f6 d7e5 h1f1 c7c6 a2a3 b4a3 e2c3 f8e7 f6g7 a6f1 g7h8q e7f8 c3d5 c6c5 b1c3
381,B,value_resign,48,0.301263,1905,2026-08-19 06:57:45,e2e3 f7f5 e3e4 b8c6 g1e2 c6b4 f2f4 a7a5 b1c3 h7h5 g2g4 d7d5 c3d5 b4d5 c2c3 e7e5 h1g1 f5g4 d1c2 e5f4 f1h3 d8d6 e2d4 e8f7 e4d5 g4g3 c2d3 g7g6 g1f1 c8d7 a1b1 d6e5 e1d1 e5d4 c3d4 d7h3 h2g3 h3f1 g3f4 f1d3 b1a1 h8h7 b2b3 f8h6 c1a3 d3c2 d1c2 b7b5
382,B,value_resign,29,0.205558,1910,2026-08-19 06:58:23,c2c3 c7c6 f2f3 g7g6 d2d3 h7h5 e2e3 b8a6 b2b3 g8h6 h2h4 f8g7 g2g4 d7d6 f1g2 c8g4 d3d4 g4f3 d1e2 e8f8 d4d5 f3e2 e1f2 c6c5 c1a3 e7e6 h1h3 g6g5 b1d2
383,B,value_resign,42,0.251481,1915,2026-08-19 06:58:48,h2h4 g7g5 e2e3 h7h6 g2g3 c7c6 a2a3 e7e5 g3g4 f8b4 f2f4 f7f6 h1h3 e8f7 f1d3 f7f8 a3b4 g8e7 a1a5 d7d6 d3e2 b7b6 h4h5 h8g8 d2d4 b6a5 e2b5 a5b4 f4e5 c8g4 e5d6 g4d1 h3f3 d1f3 c2c3 g5g4 g1f3 g4f3 b5c6 e7c6 e1f2 f6f5
384,W,value_resign,59,0.271686,1920,2026-08-19 07:00:15,g2g4 a7a5 e2e3 f7f6 h2h3 a8a7 a2a3 g8h6 c2c3 d7d5 f2f4 a5a4 d2d4 h6g8 b1d2 a7a5 e1e2 g7g6 d1e1 c7c5 f1g2 e8d7 d2f3 d7e6 b2b4 e6d7 f3e5 d7c7 b4a5 f6e5 f4f5 c5d4 e3d4 c8f5 e2f3 f5e4 f3e3 f8h6 g4g5 h6g5 e3f2 e4g2 f2g2 e5e4 c3c4 e4e3 c4d5 d8d6 c1e3 g5e3 e1c3 d6c5 d4c5 e3g1 g2g1 b8a6 g1g2 a6b4 c3b4
385,B,value_resign,54,0.311766,1925,2026-08-19 07:00:16,g2g4 b8a6 f2f3 f7f6 c2c3 g7g6 b2b3 c7c5 b1a3 b7b6 e2e3 a8b8 c3c4 b8b7 g4g5 f6g5 h2h4 h7h6 g1h3 d7d5 h4g5 e7e6 h3f4 d5c4 a3b1 h8h7 a2a3 b6b5 f1c4 a6c7 d2d4 b5c4 e1d2 h7g7 b3c4 a7a5 d4d5 d8d6 g5h6 b7b1 f4e6 c7e6 a3a4 b1a1 h6g7 c8b7 d2e2 d6b6 d1e1 a1c1 f3f4 b7d5 c4d5 e8d8
386,B,value_resign,38,0.214812,1930,2026-08-19 07:00:42,e2e4 e7e5 c2c4 a7a5 f2f4 a8a6 b2b4 h7h5 f1e2 b8c6 h2h4 d7d6 c1b2 f7f5 d1b3 a5b4 e4f5 c6a5 e1f2 a6c6 c4c5 a5b3 f2f3 d6c5 b2e5 h8h7 e2b5 b3c1 b5c6 b7c6 f5f6 g7f6 f4f5 f6e5 f3g3 e8e7 g1f3 f8h6
387,B,value_resign,58,0.313299,1935,2026-08-19 07:01:07,e2e4 g7g5 g1f3 b7b6 c2c3 e7e5 d2d4 e5d4 c1d2 b8a6 f3d4 f8g7 b2b4 g7d4 e4e5 g5g4 d2h6 g8f6 f1c4 h8f8 h6f8 a8b8 d1f3 g4f3 e5e6 e8f8 h2h3 d4f2 e1f2 h7h5 c4a6 c8a6 a2a3 f7e6 c3c4 a6c4 f2f3 f6d5 b1d2 h5h4 a3a4 d5b4 f3f4 f8g8 g2g4 h4g3 d2f3 d8e7 f4g3 c4b3 f3e5 b4c2 g3f2 c2d4 h1h2 e7f6 f2g2 f6f5
388,B,checkmate,78,0.242600,1940,2026-08-19 07:01:32,e2e3 e7e5 d2d4 f7f5 a2a3 e5e4 f1b5 b8c6 a1a2 f8d6 d4d5 f5f4 e3f4 e8f8 f2f3 g8h6 b5c6 b7b6 d1d4 f8e7 c6b7 c8b7 b1c3 g7g6 c3e4 d6f4 e1f2 f4d6 f2e2 h6f5 f3f4 f5d4 e2d3 a7a5 c2c3 e7e8 d3d4 d6f4 a3a4 h8f8 c1f4 b7d5 d4d5 f8f4 d5d4 d8f6 d4d3 f4e4 d3e4 g6g5 h2h3 h7h6 b2b4 g5g4 e4d5 a5b4 c3b4 e8f7 h3g4 a8d8 g4g5 h6g5 g2g3 d8e8 h1h2 f6d8 a4a5 e8f8 h2g2 b6b5 d5e5 f7g6 g3g4 d7d5 a2a1 d5d4 a5a6 f8e8
389,B,checkmate,6,0.266428,1945,2026-08-19 07:01:33,g2g4 d7d5 a2a3 e7e6 f2f4 d8h4
390,W,value_resign,29,0.289859,1950,2026-08-19 07:03:47,g2g4 b8a6 g1h3 c7c5 f2f3 b7b6 a2a4 g7g5 e2e4 b6b5 b1c3 g8h6 f1c4 b5b4 c4d5 a8b8 d5a8 h6g4 c3d5 d8b6 f3g4 c5c4 h3g5 b6c6 e1e2 h7h6 g5f7 c6c7 d2d3
391,B,checkmate,66,0.248409,1955,2026-08-19 07:05:06,f2f3 a7a5 c2c3 h7h6 f3f4 e7e5 e1f2 a8a7 h2h4 g7g6 g2g3 f7f6 f1g2 e8f7 e2e3 b8a6 f4f5 b7b6 d2d3 g6g5 h1h3 d7d5 b2b4 a6b4 a2a4 a7a6 c3b4 f8c5 b4c5 c8b7 c5c6 b7c6 c1b2 a6a8 f2f1 h6h5 g2d5 c6d5 e3e4 d5e4 g3g4 e4d3 f1g2 h5g4 d1b3 f7g7 h4g5 g4h3 g2f2 e5e4 g1f3 e4f3 f2f3 b6b5 b3d3 h3h2 d3d8 a8d8 b2c3 h2h1q f3f4 h1h3 c3a5 g7f7 a5d2 d8d4
392,B,value_resign,48,0.263533,1960,2026-08-19 07:07:46,e2e4 e7e6 e4e5 d8g5 f2f3 f7f5 f1d3 c7c5 d3e2 f5f4 a2a3 d7d6 e1f1 g5d8 d2d3 d6e5 c1f4 f8d6 b1c3 e8f8 f4g5 d8d7 c3e4 a7a5 a3a4 h7h6 g2g4 b8c6 b2b4 c5b4 g1h3 d6e7 g5h6 g7h6 e4g5 e7g5 h3g5 h6g5 h2h4 f8e7 h4g5 h8h1 f1g2 h1d1 a1d1 c6d4 d1d2 a8a7
393,B,value_resign,52,0.285900,1965,2026-08-19 07:08:01,e2e4 e7e5 c2c4 a7a5 a2a4 f7f5 h2h4 e8f7 b2b4 f8b4 c1a3 f7f8 a3b4 d8e7 c4c5 d7d5 b1c3 f5e4 c3d5 e7e6 g2g4 e6d5 g1e2 c8g4 f1h3 b7b6 b4c3 d5c4 e2f4 g4d1 h3f1 c4c5 d2d3 h7h6 h4h5 b8c6 a1d1 e5f4 d3e4 c6b4 c3d4 c5d4 d1d4 f8e7 h1g1 b4c2 e1e2 c2d4 e2e1 b6b5 f1g2 b5a4
394,W,material_adjudication,100,0.258788,1970,2026-08-19 07:09:23,e2e4 h7h6 b1c3 d7d6 a1b1 c8d7 f1d3 e7e6 d3c4 c7c6 c3a4 b7b6 c4d5 a7a5 c2c4 f7f5 a2a3 f5e4 f2f4 g8f6 a4b6 c6d5 h2h3 d7c6 b2b4 e6e5 f4e5 c6b7 e5e6 e4e3 d2e3 d5d4 b6a8 a5b4 e3d4 f8e7 a3b4 b7g2 d1d2 g2h3 h1h3 d8c8 d4d5 c8c5 g1f3 f6g8 b4c5 d6c5 c1a3 g8f6 b1b5 f6e4 e1e2 e4d2 f3d2 e7d8 e2d3 b8a6 a8b6 d8b6 b5b6 a6c7 d2e4 c7d5 c4d5 e8d8 d3c4 d8c7 a3b2 c7b6 e4c5 b6c7 h3h4 c7d6 e6e7 d6e7 b2d4 g7g5 h4h3 e7d6 h3h2 h8c8 h2g2 c8c5 d4c5 d6c7 c4d3 c7b7 d3c2 b7c7 c2d3 g5g4 d3c2 g4g3 g2g3 c7b7 c5d6 b7c8 g3f3 c8d7
395,W,value_resign,37,0.208882,1975,2026-08-19 07:09:37,e2e3 f7f5 c2c3 d7d6 f2f3 a7a6 f1a6 b8c6 e1f2 c6e5 a6d3 e5d3 f2e2 e7e6 e2d3 e8e7 d3e2 a8a7 a2a4 f5f4 e3f4 d6d5 d2d3 d8d6 b2b4 e7f7 b1a3 d6e5 f4e5 f8d6 e2e3 d6e5 f3f4 e5f4 e3f4 g8f6 g1f3
396,B,value_resign,44,0.237981,1980,2026-08-19 07:09:51,e2e4 f7f5 e4f5 h7h5 f1c4 c7c6 b2b3 g7g5 b1c3 b7b6 c1a3 c8b7 f2f3 g5g4 a3b2 g8f6 a2a4 f8g7 f3g4 h5g4 c3a2 e7e6 b3b4 h8h7 c4e6 e8e7 e6d7 d8e8 d7c8 b7c8 d2d4 f6d7 e1e2 g7d4 e2f1 d4b2 g1h3 b2c3 f5f6 e7f6 h3g5 f6g5 h2h3 h7h8
397,W,value_resign,67,0.254824,1985,2026-08-19 07:11:24,e2e3 h7h6 d2d4 c7c5 e3e4 g7g6 h2h4 a7a6 d4d5 h6h5 g1e2 h8h7 c1h6 f7f5 e2g1 h7h8 a2a3 d7d6 g2g3 e8f7 b1c3 h8h6 g3g4 f5f4 f1h3 c8d7 g4g5 c5c4 f2f3 d7f5 g5h6 f7e8 e1f2 d8d7 c3b5 c4c3 e4f5 f8h6 b5c3 e8d8 d1d4 a6a5 c3a4 b8c6 d5c6 d7c6 c2c3 b7b5 a1b1 d6d5 b1c1 g6f5 d4d3 e7e6 b2b4 a5b4 a3b4 a8a4 g1e2 d8d7 e2f4 e6e5 f4d5 g8f6 d3c2 a4a3 d5c7
398,W,value_resign,49,0.258568,1990,2026-08-19 07:11:25,e2e4 g8f6 a2a4 e7e6 h2h4 a7a6 f1a6 f8c5 g2g3 b7b6 g1f3 e6e5 c2c4 f6d5 d2d3 d5f6 b2b4 c8b7 b4c5 b6c5 a1a3 g7g5 h4g5 f6g4 a6b7 b8a6 e1f1 f7f6 h1h5 a6b4 b7a8 b4d3 g5f6 d3c1 h5h4 g4e3 f1g1 c1e2 d1e2 e3c2 e2c2 c7c6 b1c3 h7h6 c3e2 h8h7 c2d1 h7h8 d1a1
399,B,checkmate,18,0.326054,1995,2026-08-19 07:11:52,e2e3 h7h6 f1e2 b7b5 g2g4 d7d6 d2d3 b8c6 e1d2 g7g5 g1f3 d6d5 d2c3 a7a5 b2b3 e7e6 c1b2 f8b4
400,W,material_adjudication,84,0.267724,2000,2026-08-19 07:14:38,e2e4 g8f6 h2h4 h8g8 a2a4 c7c6 g1h3 e7e6 a1a2 f6e4 g2g3 f8d6 c2c4 e4f2 b2b4 b8a6 e1f2 b7b6 b1c3 c6c5 c3d5 e6d5 b4b5 c8b7 d1e1 d6e5 e1e5 e8f8 g3g4 g7g6 c1b2 d5c4 e5e1 b7h1 h3g5 c4c3 b2c3 f7f6 g5h7 f8g7 d2d3 g7h7 c3b2 d7d5 f2g1 a6c7 g1h1 c5c4 f1g2 c4d3 g2f3 a7a5 b5a6 c7a6 b2f6 a6b4 f6d8 g8d8 e1b4 h7h8 b4a3 a8a4 a3b2 h8g8 a2a4 g8f8 a4a5 b6a5 b2a3 f8g8 a3a5 d3d2 f3e2 d5d4 a5a7 d4d3 e2d1 d8a8 a7a8 g8g7 a8b8 g7h7 h1g1 h7h6
401,B,value_resign,60,0.310547,2005,2026-08-19 07:15:11,e2e4 e7e6 d1f3 g7g5 f3f7 e8f7 g2g4 h7h5 g1f3 h5g4 f3e5 f7g7 b2b3 g7h7 f2f3 d7d6 c2c3 b7b5 a2a4 f8g7 f3g4 d8e7 c1b2 e7d7 a4a5 g8f6 h1g1 c8a6 f1d3 c7c6 e5d7 e6e5 c3c4 b5c4 d7b8 h7g6 b8a6 c4d3 e1d1 h8f8 g1h1 f6g4 b1a3 g7f6 h2h3 g4f2 d1e1 f2h1 b2d4 c6c5 d4c5 d6c5 e1f1 a8d8 a3b5 c5c4 a1a3 c4c3 f1g1 g6h5
402,B,value_resign,52,0.308651,2010,2026-08-19 07:17:18,e2e3 h7h6 g2g4 f7f6 g1f3 c7c5 b1a3 g7g5 e3e4 b7b6 f1b5 c8b7 h2h3 e7e5 c2c3 f6f5 f3g5 h6g5 h3h4 f5g4 d1f3 g5h4 d2d4 e5d4 e1e2 g4f3 e2d3 h8h6 c3d4 c5d4 h1f1 e8f7 d3d4 d8f6 e4e5 f6g7 c1d2 g8e7 a3b1 g7g6 b5c6 g6g7 a2a3 d7c6 d2b4 b6b5 d4e3 f7g6 a3a4 b5a4 b1a3 e7f5
403,B,value_resign,84,0.289983,2015,2026-08-19 07:17:47,a2a3 h7h6 d2d4 c7c5 e2e4 a7a5 c1e3 d7d6 h2h4 g7g6 g1f3 f7f5 h1g1 b8d7 e4e5 c5c4 d1e2 g6g5 f3d2 d7e5 d4e5 a8b8 d2f3 d6d5 e2d3 c4d3 c2d3 d5d4 e3f4 c8d7 h4g5 b8c8 a1a2 g8f6 f3d4 h8g8 b1d2 h6g5 g2g3 g5f4 d4e2 d7a4 d3d4 d8b6 e5f6 e7e6 e2f4 e8f7 d4d5 e6e5 f4e6 g8h8 d2c4 b6b5 c4a5 b5a5 b2b4 a5a8 e6c7 f5f4 c7a8 f4g3 f2g3 c8a8 g3g4 f7f6 a2d2 b7b6 d2e2 f8h6 g4g5 h6g5 g1g4 g5f4 d5d6 h8f8 d6d7 a8d8 e2d2 f4d2 e1d2 f6f5 g4g5 f5e6
404,W,value_resign,39,0.208933,2020,2026-08-19 07:18:44,c2c3 g7g5 f2f4 g8h6 f4g5 b7b6 b2b3 c7c5 c3c4 f8g7 b1c3 f7f6 c3e4 c8b7 e4d6 e8f8 g1f3 f6g5 g2g4 g7a1 a2a3 a7a6 f3g5 a1c3 d6b7 d7d5 c4d5 b6b5 c1b2 a6a5 b2c3 h6g4 b7d8 g4e5 e1f2 b8d7 f1g2 h8g8 d5d6
405,W,value_resign,111,0.246967,2025,2026-08-19 07:19:13,e2e4 f7f5 e1e2 a7a6 e4f5 g7g5 a2a4 g8h6 a4a5 a8a7 f5f6 c7c5 b1c3 b7b6 a5b6 e7f6 g2g3 f8d6 b6a7 b8c6 a1b1 c5c4 b1a1 d6c5 c3a4 e8f8 f1h3 c8b7 a7a8q c5a3 b2b3 b7a8 d2d4 c4d3 e2d3 c6b4 d3e2 a8h1 h3d7 h6g4 c1d2 d8d7 f2f3 g4h2 a1b1 d7d8 g3g4 f8f7 e2f2 h8f8 d2b4 a3b4 d1d8 f8d8 b1d1 d8d1 f2e2 h7h6 e2d1 a6a5 d1e2 f7e8 c2c3 b4f8 e2f2 f6f5 g4f5 h6h5 f2g3 e8d8 f5f6 d8e8 g3h2 g5g4 h2h1 g4g3 g1e2 e8f7 e2g3 f8d6 g3h5 d6e7 h1g1 e7f6 h5f6 f7f6 g1g2 f6g5 c3c4 g5f4 a4c5 a5a4 b3b4 a4a3 b4b5 a3a2 g2f1 f4f3 c5b3 f3e4 b5b6 e4f3 b6b7 f3e4 b7b8q a2a1q b3a1 e4f3 f1g1 f3e4 g1f1
406,W,value_resign,95,0.275981,2030,2026-08-19 07:19:55,e2e4 d7d6 a2a4 b8a6 f2f3 f7f5 e4f5 c7c5 f1d3 d6d5 f5f6 e8f7 b1a3 c8d7 b2b3 d7a4 a1b1 g8f6 g1h3 a6b4 h3f4 f6e8 b3a4 a7a5 d3c4 a8c8 f4d5 d8b6 d1e2 b4d5 g2g4 e7e5 a3b5 b6b5 a4b5 f7f6 c1b2 c8d8 e2e3 d5e3 d2e3 h7h6 e1g1 f6e7 b2e5 d8d3 h2h4 a5a4 b1d1 d3d1 f1d1 g7g5 g1f2 b7b6 d1f1 f8g7 e5g7 e8g7 h4g5 h6g5 f2e1 h8d8 e1e2 g7e6 f1c1 e7e8 c4e6 c5c4 e6c4 e8e7 c4b3 a4b3 c2b3 d8a8 c1e1 a8a2 e2d1 a2a3 d1e2 e7e6 b3b4 e6d6 e1c1 d6d5 f3f4 a3b3 f4g5 b3b2 e2f3 b2b1 c1b1 d5e5 b1a1 e5d6 a1d1
407,W,checkmate,57,0.270295,2035,2026-08-19 07:21:31,e2e3 f7f5 c2c3 d7d6 f2f4 a7a6 b2b4 h7h5 c3c4 b8c6 a2a4 e7e5 g1h3 g8e7 h3g5 h8h6 h2h4 c8d7 h1g1 e5f4 b4b5 e7d5 e3f4 f8e7 b1a3 d5e3 d2e3 a6b5 e3e4 b5c4 g5e6 c6d4 e6d8 f5e4 a3c4 e8d8 g2g3 b7b6 c1a3 e4e3 d1b1 d4f3 e1e2 f3g1 e2e3 g7g5 c4b6 g5h4 b6a8 c7c5 g3g4 h5g4 e3e4 h6g6 b1b6 d8c8 b6c7
408,W,value_resign,53,0.316345,2040,2026-08-19 07:22:28,e2e4 b7b5 b1c3 g8f6 g2g4 g7g5 f1d3 e7e5 d3b5 f8g7 g1f3 e8g8 e1e2 f6g4 c3d5 g4f2 d1e1 b8a6 b5a6 f2d1 b2b4 c7c5 f3g5 d8e8 a6c8 a7a6 e1g3 a8c8 d2d3 c5c4 c1a3 c4c3 a1d1 c8c6 g5f3 c6e6 h2h3 h7h6 f3e5 f7f6 e5c6 d7c6 g3f3 f6f5 d5c7 e8d8 c7e6 f5e4 e6d8 e4f3 e2e1 f8e8 e1f1
409,B,value_resign,44,0.265805,2045,2026-08-19 07:22:29,e2e3 b7b6 d2d4 g8f6 g2g3 c8b7 d1d3 f6e4 f2f4 c7c5 c2c3 e4g5 f4g5 f7f5 d3d2 e7e6 f1b5 f5f4 e3e4 c5c4 a2a4 f4f3 d2g2 f3g2 a4a5 b8a6 b1a3 g2h1q b5a6 a8c8 a6b7 b6b5 b7c8 h1e4 e1f1 f8d6 a3b5 d8e7 c1d2 h7h6 b5c7 e8d8 d4d5 h6h5
410,W,value_resign,19,0.249078,2050,2026-08-19 07:23:38,e2e4 b7b6 g1e2 g7g6 b1c3 e7e5 g2g3 g6g5 d2d4 b8a6 d4d5 b6b5 c1g5 h7h5 f1g2 d8e7 h1f1 f8g7 e2d4
411,B,value_resign,58,0.337297,2055,2026-08-19 07:25:19,b2b3 a7a5 c2c3 b7b5 h2h4 g7g5 g2g3 c7c5 e2e4 e7e5 d2d4 e8e7 e1d2 h7h6 c3c4 b5c4 d4d5 f8g7 f1g2 d8e8 g1h3 d7d6 d1e2 h6h5 e2e3 g5g4 b3c4 c8b7 e3e1 g4h3 d2c3 h3g2 f2f3 g2h1q e1h1 e8f8 c1d2 f7f6 h1f1 b7c6 g3g4 h5g4 f3g4 g8h6 d5c6 h6g4 c6c7 a8a7 c7b8q f8b8 a2a4 e7f8 f1g2 b8b6 a1a2 f6f5 e4f5 a7a6
412,W,value_resign,33,0.338904,2060,2026-08-19 07:26:32,b2b3 a7a5 e2e3 d7d6 b3b4 b7b5 f1e2 c8h3 b1c3 h7h6 e2d3 b8d7 f2f4 a5b4 a2a3 h6h5 a3b4 f7f6 g2h3 e7e5 f4e5 h8h7 c1b2 e8f7 e5f6 d8b8 a1a8 d7f6 a8b8 f6d7 c3b5 d7f6 b5c7
413,W,value_resign,115,0.225618,2065,2026-08-19 07:27:47,e2e3 b8a6 h2h3 f7f5 h3h4 h7h5 d1f3 b7b6 c2c3 a8b8 e3e4 c7c5 d2d4 g7g6 f1b5 f5e4 f3d1 g8h6 b1a3 e8f7 c1h6 e4e3 f2f4 f7f6 d4d5 g6g5 h1h3 d8e8 d1f3 g5g4 b2b4 g4f3 g1f3 e3e2 e1e2 f8h6 a1d1 c5b4 c3b4 h6g5 f3d4 e7e6 d5d6 g5h4 h3h4 e6e5 d4f3 f6f5 b5a6 e5f4 e2f2 b6b5 a3c2 c8a6 d1h1 e8d8 a2a3 d8e8 h1e1 e8d8 e1f1 d8e8 f1g1 e8d8 g2g3 d8e8 g3f4 e8d8 f2g3 d8e8 g1g2 h8f8 g2d2 b8c8 c2d4 f5g6 d2d1 e8e4 d1e1 e4e1 f3e1 g6f6 d4f3 f6e6 h4h5 f8f5 h5f5 e6f5 f3d4 f5e4 e1f3 c8a8 f4f5 e4e3 d4c2 e3e4 c2d4 e4e3 f5f6 e3e4 f3e5 e4d4 f6f7 a8f8 e5d7 d4c3 d7f8 c3b2 f8h7 b2a3 f7f8q a3a2 g3h2 a6b7 h2g3
414,B,value_resign,48,0.238645,2070,2026-08-19 07:28:45,e2e3 b7b6 d2d4 h7h6 b2b4 c7c5 f1b5 g8f6 a2a4 b8c6 b5c4 c8a6 g1f3 c5b4 g2g3 a6c4 e1d2 g7g6 h2h4 h6h5 d4d5 b4b3 c2b3 c4d5 h1g1 b6b5 d2c3 c6b4 f3e5 a7a5 e5d3 b4d3 d1d3 d7d6 d3d4 f6g4 c3d2 e7e5 b1c3 e5d4 c3d5 d8f6 c1b2 h8g8 e3e4 f8g7 d5c7 e8f8
415,D,cap_draw,150,0.256610,2075,2026-08-19 07:29:15,e2e4 g8f6 g2g4 h8g8 a2a4 e7e6 h2h3 h7h5 d2d4 f6h7 f2f3 b7b6 h3h4 c7c6 a4a5 c8b7 a1a2 f8d6 c1d2 b8a6 b2b3 e8e7 e1f2 a8c8 d4d5 b6b5 d5c6 d7c6 g1h3 d6b4 c2c4 b5c4 h3g5 h7g5 h4g5 h5h4 d2b4 a6b4 f2e1 d8d1 e1d1 b4a2 b3c4 h4h3 h1h3 e7d6 d1e2 e6e5 e2d3 a2b4 d3d2 b7a6 h3h1 b4a2 d2e1 c6c5 b1a3 a2c3 a3b5 d6e7 b5c3 g8h8 h1h8 c8h8 c3d1 f7f5 g5g6 f5g4 f3g4 h8h2 g4g5 e7d8 f1g2 h2g2 e1f1 g2g5 f1e1 g5g4 e1f1 a6c4 f1f2 c4b3 f2f3 g4h4 f3g3 h4f4 g3g2 c5c4 g2g3 c4c3 d1c3 d8e8 c3e2 e8f8 e2f4 e5f4 g3f4 b3c2 e4e5 a7a6 f4g5 f8e8 g5h5 e8d7 h5g5 c2e4 g5f4 e4c2 f4g3 d7e6 g3f4 e6e7 f4g3 e7e6 g3f4 c2d3 f4g3 e6e5 g3f3 d3e4 f3g3 e5d6 g3f4 d6d5 f4g3 d5e5 g3g4 e5d6 g4g3 d6d5 g3f4 d5d4 f4g3 d4d5 g3f4 d5d4 f4g3 d4d5 g3f4 d5d4 f4g3 d4d3 g3f4 d3d4 f4g3 d4d3 g3f4 d3c4 f4e4 c4c3
416,B,value_resign,74,0.318188,2080,2026-08-19 07:29:16,e2e4 g7g5 e4e5 f7f6 c2c4 g8h6 f2f4 c7c5 d2d4 b7b6 a2a4 d7d5 e1f2 c5d4 f2e1 d5c4 f4f5 c8f5 f1c4 f5g4 d1d2 f8g7 a1a2 g4f3 d2d1 h6g4 c4g8 b8c6 g1f3 h8g8 d1d2 d4d3 f3d4 d8d4 a4a5 d4e5 e1f1 g8f8 d2e1 b6b5 h2h3 g4h2 h1h2 a8d8 e1e4 e5e4 c1d2 e4e3 d2e3 e8d7 h2h1 d7e8 f1e1 h7h6 b2b4 c6b4 e3d4 d8d4 b1a3 b4c6 a3b5 f6f5 a2a4 e8f7 b5d4 c6d4 e1f2 a7a6 a4d4 g7d4 f2e1 e7e6 e1d1 d4c3
417,W,checkmate,53,0.263349,2085,2026-08-19 07:30:23,a2a3 a7a6 g2g4 e7e6 g4g5 f8d6 d2d4 f7f6 e2e4 g7g6 c1d2 f6f5 d2f4 e8f7 d4d5 e6e5 f4e3 f5f4 h2h4 f4e3 g1f3 h7h5 f1e2 h8h7 e2c4 b7b6 c4a2 c8b7 a2b3 d6a3 h1f1 a3b2 b1c3 b2a1 c3e2 f7g7 e2f4 h7h8 d1a1 c7c6 a1d1 d8c8 c2c4 c6d5 e4d5 d7d6 f4e6 c8e6 d5e6 b7f3 d1f3 d6d5 f3f7
418,W,value_resign,51,0.293954,2090,2026-08-19 07:32:00,e2e3 g8f6 d2d3 g7g5 e1d2 e7e5 b2b4 e8e7 b4b5 h7h5 g1e2 h8h7 c1b2 f6d5 e2f4 a7a5 b2d4 d5f6 d4e5 g5f4 e3e4 d7d6 c2c4 d6e5 d1c2 d8d5 c4d5 f8g7 h2h4 c8g4 d2c1 e7f8 d5d6 h7h8 c1d2 g4d1 d2d1 f6g4 c2c6 h8g8 c6b7 f7f6 b7a8 f8f7 b1d2 c7c5 b5c6 g8f8 d1e2 f6f5 h1g1
419,B,material_adjudication,77,0.283642,2095,2026-08-19 07:33:09,a2a3 d7d5 f2f4 h7h5 h2h4 d8d7 e1f2 c7c6 d2d4 e7e6 b1c3 h8h7 c3b1 a7a6 g1f3 f8b4 a3b4 a8a7 a1a5 b7b5 b1d2 a7b7 f3g5 f7f6 g5h7 e8e7 h7g5 f6g5 f4g5 e7f8 h1h3 g7g6 f2g3 f8e7 d2e4 d5e4 c2c4 b5c4 d1d2 e4e3 d2e3 e6e5 d4e5 e7f7 e3d2 d7d2 c1d2 c8h3 g2h3 f7g7 f1g2 b7b6 e5e6 g7f8 e6e7 f8f7 e2e4 b6b5 b2b3 b5b4 d2b4 c4c3 g2f3 c3c2 a5a6 b8a6 b4c3 c2c1q c3d2 c1d2 e7e8q f7e8 e4e5 e8d7 e5e6 d7e7 f3e2
420,B,value_resign,40,0.235968,2100,2026-08-19 07:33:10,c2c3 e7e5 f2f3 a7a5 b2b3 h7h6 g1h3 e8e7 e1f2 f7f5 h3g5 d7d5 e2e3 b7b5 f3f4 b8d7 g2g4 f5g4 g5h7 g8f6 f1b5 e5e4 h2h4 e7f7 b1a3 g7g6 h7g5 h6g5 a1b1 f8c5 c1b2 g5h4 b5c6 h4h3 d1g4 f6g4 f2e2 g4f2 e2f2 a5a4
421,B,material_adjudication,66,0.268198,2105,2026-08-19 07:37:13,d2d3 a7a6 a2a3 f7f5 c1h6 g7g5 g2g3 d7d6 a3a4 c7c6 c2c4 c8e6 a4a5 f8g7 d3d4 e8f7 c4c5 d6c5 f2f4 c5d4 d1b3 e6b3 h2h4 g7e5 f4g5 e7e6 f1g2 d8d5 g3g4 e5g7 g2d5 f5g4 d5b3 g7h6 g5h6 f7g6 h4h5 g6f6 e1f2 g8e7 e2e4 d4e3 f2g3 h8g8 h1h4 e3e2 b3e6 f6e6 h4g4 e2e1q g3f3 g8f8 g4f4 e7d5 b1c3 e1g1 a1g1 b8d7 f3e4 d5f4 c3d1 d7c5 e4f3 e6f5 g1f1 a8e8
422,W,material_adjudication,146,0.258030,2110,2026-08-19 07:38:13,b1c3 e7e6 f2f3 h7h6 g2g3 f8d6 e2e4 f7f6 g3g4 c7c6 b2b3 b7b6 h2h3 d8e7 e1f2 c8b7 f1e2 e8f7 c1b2 d6e5 a1c1 f6f5 c3b1 e5c3 b2c3 f5g4 h3g4 h8h7 e2d3 f7e8 g1h3 e8d8 g4g5 h6g5 c3g7 h7g7 c2c3 e7e8 d3b5 c6b5 d1e1 g8f6 b3b4 d7d5 e4d5 g5g4 d5e6 f6d5 f3g4 a7a5 h3f4 b7c8 b4a5 b8c6 f4d5 a8a5 c3c4 b5c4 b1c3 a5d5 c3d5 c6b8 d5b6 c8b7 e1f1 b8c6 f2g2 c6b4 g2g3 b7h1 a2a3 b4d3 f1h1 g7e7 h1e4 d3c1 b6c4 c1b3 c4e3 e7e6 e4b7 e8d7 b7b3 d7c7 g3f2 d8e7 b3c3 e7f7 c3c7 f7g6 a3a4 e6c6 a4a5 c6c7 f2g3 c7b7 a5a6 b7a7 d2d3 a7a6 e3f5 a6c6 f5h4 g6g5 d3d4 c6b6 d4d5 b6b3 h4f3 g5f6 d5d6 b3b4 f3h4 f6e6 g4g5 e6d6 g5g6 d6c7 g6g7 c7b7 g7g8q b7c7 g3f2 c7b7 g8f8 b7c7 f2e1 c7d7 e1d1 d7e6 f8g7 b4g4 g7h7 g4h4 h7g7 e6f5 g7c7 h4d4 d1c2 d4d7 c7d7 f5g6 c2b2 g6f6 b2c2 f6g5
423,W,value_resign,47,0.264249,2115,2026-08-19 07:38:56,e2e3 e7e5 d2d4 e5e4 d4d5 g8f6 g1f3 b7b6 b2b4 g7g6 d5d6 f8g7 g2g3 g7f8 f3d4 f8d6 h2h3 c7c6 b1c3 b8a6 c1a3 c8b7 d1e2 a6c7 g3g4 g6g5 b4b5 d6a3 a1b1 d7d5 b5c6 a3b4 b1b4 b7c6 b4b1 f6d7 d4c6 d5d4 c6d8 e8e7 c3e4 a8c8 e3d4 h7h6 h1g1 c7e6 f1g2
424,W,value_resign,31,0.284105,2120,2026-08-19 07:39:25,e2e3 b7b6 a2a4 b8c6 c2c4 g8f6 g2g4 e7e5 g4g5 h8g8 g5f6 f8d6 d2d4 e5e4 f2f4 h7h6 e1f2 g7g6 b1a3 c6a5 f1g2 c8b7 a3b5 d8f6 a1a2 a5c4 b5d6 c7d6 h2h4 g6g5 h4g5
425,W,material_adjudication,126,0.359290,2125,2026-08-19 07:39:41,e2e4 e7e6 e4e5 a7a5 f2f4 f7f6 d2d3 f8d6 b2b4 a5b4 f4f5 d6e5 e1e2 b7b6 c1b2 e8f7 a2a4 g8h6 f5e6 f7e8 b2e5 c7c6 e6e7 g7g5 a4a5 e8f7 d3d4 f7g6 e7d8q h8d8 h2h3 a8a5 b1c3 f6e5 d4e5 a5a1 g1f3 a1d1 c3d5 h6g4 e2d1 c6d5 f1e2 g4h2 e5e6 d5d4 e6e7 d8e8 h1h2 g5g4 c2c3 d4c3 h3g4 h7h6 f3d4 b8c6 d1c2 h6h5 g4g5 g6g5 d4f3 g5f4 h2h4 f4g3 h4h5 e8e7 f3e1 e7e6 e2c4 d7d6 c4e6 c8e6 h5g5 g3f4 e1f3 e6d7 g5g8 f4f5 g2g4 f5f6 f3g5 c6a5 g5f3 f6e7 f3d4 e7f7 g8b8 b4b3 c2c3 d7c6 d4c6 b3b2 c3b2 f7g6 b8b6 g6g5 c6a5 g5g4 b6b7 g4h3 b7b8 h3h2 b2a3 h2h1 b8g8 h1h2 g8g7 h2h1 g7f7 h1h2 f7f6 h2h1 f6f5 h1h2 a3a2 h2h3 a2b3 h3g4 f5f6 g4g5 f6d6 g5g4 b3c4 g4f5 c4d4 f5f4
426,B,value_resign,48,0.293663,2130,2026-08-19 07:40:36,e2e4 e7e6 g1f3 a7a5 d2d4 h7h6 c1h6 g8f6 d1c1 c7c5 f3h4 h8h7 e4e5 g7h6 h1g1 h7g7 e5f6 d7d5 c2c4 g7g2 b2b4 a5b4 b1c3 a8a4 c4d5 b4c3 f1g2 d8d7 c1c3 c5d4 c3b2 b8c6 g2f1 b7b6 d5c6 d7c6 f2f4 c8b7 a2a3 b6b5 b2c2 c6c2 a1c1 c2c1 e1e2 e6e5 f4e5 h6h5
427,W,value_resign,35,0.336703,2135,2026-08-19 07:41:31,f2f4 e7e5 c2c3 f7f6 e2e3 h7h5 b1a3 c7c6 g1h3 d7d5 a3b1 e8f7 f1d3 a7a5 d3e4 g8e7 d2d3 c8h3 d1c2 h8h6 e1d2 d5e4 f4e5 a8a6 e5f6 c6c5 f6e7 g7g5 e7d8q h3f5 c3c4 b7b5 g2g4 f5g4 h2h3
428,B,checkmate,92,0.244536,2140,2026-08-19 07:44:21,e2e4 e7e6 g1f3 f7f5 h2h4 e6e5 d2d4 e8e7 d4e5 a7a5 g2g3 b8a6 c1f4 a6c5 a2a3 h7h6 e4f5 g8f6 h4h5 c5e4 d1d4 g7g5 f5g6 a5a4 f3h4 a8b8 h4f3 b7b6 c2c3 c8b7 e5f6 e7e8 c3c4 e4f6 f4e5 b7f3 h1g1 f8d6 e5d6 c7d6 g3g4 d8e7 d4e3 f3g4 e3e7 e8e7 e1d2 f6h5 f2f4 g4d1 d2e1 e7f6 e1d1 h8d8 g6g7 f6f5 g7g8q d8g8 g1g8 f5f4 g8g7 b6b5 f1d3 h5g7 d1e1 f4f3 c4b5 b8a8 d3c4 a8e8 e1f1 e8e5 b2b3 a4b3 c4d3 e5e3 d3f5 g7f5 b5b6 b3b2 a1a2 f5g3 f1g1 g3e4 b6b7 e3e1 g1h2 e1e2 h2h3 e4g5 h3h4 e2h2
429,W,material_adjudication,80,0.197510,2145,2026-08-19 07:44:22,a2a3 h7h6 g2g4 a7a5 f1h3 f7f5 b1c3 f5g4 g1f3 e7e5 h3g4 a8a6 c3d5 h6h5 b2b4 f8b4 f3g1 d7d6 g1h3 b4a3 g4c8 a3b4 c2c3 h5h4 c8b7 e8d7 c1a3 b4a3 h1f1 d8g5 h3g5 c7c6 c3c4 c6d5 b7a6 b8a6 d2d4 a3b4 d1d2 a5a4 d2b4 a6b4 h2h3 d7d8 e2e3 e5d4 g5f7 d8e8 f7h8 d4d3 a1d1 e8d8 c4c5 d6c5 e1d2 d8e8 f1g1 b4c6 d1c1 c6d4 c1c5 d4e6 c5d5 g7g6 d5a5 e8d8 h8g6 a4a3 g1h1 a3a2 h1a1 d8c7 a5a6 c7b7 a1a2 g8f6 a2a3 f6e4 d2d1 e4c5
430,W,value_resign,71,0.324487,2150,2026-08-19 07:45:33,b1c3 e7e5 g2g3 g7g5 c3a4 h7h5 f2f4 f8a3 f4f5 a3d6 a2a3 g8f6 h2h3 f6h7 c2c3 f7f6 g3g4 h5h4 f1g2 b8a6 b2b3 b7b6 a4b6 e8f7 b6a8 c7c6 e1f1 e5e4 c1b2 e4e3 a1c1 a6c5 g2c6 c5b3 d1b3 f7g7 c6e4 e3d2 c1d1 d6c5 c3c4 g7h6 a3a4 a7a6 g1f3 h8f8 f1g2 c8b7 e4d5 b7d5 c4d5 h6g7 d1d2 g7f7 a4a5 d8e8 f3g5 h7g5 b2f6 f7f6 b3b2 c5d4 b2a3 g5h7 d5d6 d4c3 a3c3 f6g5 c3b2 e8f7 b2d4
431,W,value_resign,103,0.389307,2155,2026-08-19 07:47:00,e2e4 e7e6 f2f3 f7f5 e4e5 c7c5 d2d3 h7h5 c2c4 f8e7 e1d2 g8f6 f1e2 d7d6 h2h3 e8g8 b2b4 b7b5 g2g3 b8c6 e5f6 c5b4 f6e7 c6e7 g3g4 h5g4 c4b5 g4h3 g1h3 g7g5 h3g5 e6e5 g5e4 a7a5 e4c5 d8b6 d3d4 c8b7 e2d3 e7c8 d1b3 d6d5 c1b2 b6f6 a2a4 e5d4 b2d4 f6d4 c5b7 f8f6 d2c2 d4a1 f3f4 f6b6 d3e2 b6b7 h1g1 a1g7 g1g7 g8g7 c2b2 g7g8 e2h5 b7b6 b2c2 c8d6 c2b2 d6e4 h5f3 e4c5 f3d5 g8f8 b3f3 c5d3 f3d3 a8d8 d3e3 d8d5 e3b6 d5d8 b6b7 b4b3 b7f3 f8g8 b1a3 d8c8 b5b6 c8d8 a3b1 d8d6 b2a3 g8f8 b6b7 f8g8 f3g3 g8h8 g3f3 h8g8 b7b8q g8f7 f3e3 d6d5 e3f3
432,W,value_resign,47,0.211898,2160,2026-08-19 07:48:26,e2e4 h7h6 h2h3 a7a5 f1c4 c7c5 g2g4 d7d5 c4b5 c8d7 f2f4 e7e5 b5d3 e5f4 d3b5 f7f5 b5d3 e8e7 e1f2 d5e4 d3b5 g8f6 a2a4 e7d6 b5e2 d8b6 g1f3 e4f3 g4f5 g7g5 e2f3 c5c4 d2d4 f6d5 f3d5 d6d5 b1d2 d5d6 d2c4 d6d5 c4b6 d5c6 d1d2 f8d6 c2c4 h8f8 b2b4
433,B,checkmate,94,0.258974,2165,2026-08-19 07:48:55,e2e3 b7b5 b1c3 b5b4 a1b1 g7g5 g2g3 g8h6 b2b3 f8g7 h2h3 e8f8 d2d4 d7d6 a2a4 g7d4 c3d5 h6f5 g3g4 f8g7 g4f5 b8a6 d1d4 e7e5 c1b2 c7c5 b1d1 c5d4 d5b6 a6c5 f5f6 g7g6 b6c4 c5b3 c2b3 d4d3 f1d3 e5e4 d3f1 c8a6 f2f3 a6c4 f1c4 d6d5 f3e4 d5c4 d1d8 a8d8 h1h2 c4c3 b2c1 g5g4 a4a5 g4h3 h2h3 h7h5 e1e2 g6f6 h3f3 f6e5 f3f7 a7a6 g1h3 e5e4 h3f2 e4e5 c1a3 b4a3 e3e4 h5h4 f7f3 h8h7 f3h3 d8c8 h3h4 c3c2 h4h7 c2c1q h7h1 c1f4 h1d1 c8e8 e2d3 e8d8 d3c4 f4e3 d1d8 e3f2 d8d2 a3a2 d2f2 a2a1q f2f1 a1d4
434,B,value_resign,44,0.328976,2170,2026-08-19 07:49:23,e2e4 e7e5 g1f3 a7a5 g2g4 c7c5 f1b5 e8e7 f3g5 a8a7 b1a3 e7e8 e1g1 e8e7 b2b4 c5b4 g5h7 e7e6 b5d7 b8d7 h7g5 e6e7 g5e6 g7g6 a1b1 e7e6 h2h4 f8c5 c1b2 d7f6 b2c1 b4a3 c1a3 c5d4 h4h5 g8h6 a3c5 f6e8 c2c4 e6f6 c5d6 h6g4 h5h6 g4f2
435,W,value_resign,51,0.295451,2175,2026-08-19 07:50:20,e2e4 e7e6 e4e5 g8e7 g1f3 a7a5 a2a4 h7h6 h1g1 g7g6 f3d4 c7c5 h2h3 c5d4 f2f4 d8c7 h3h4 d7d5 c2c3 f7f5 e5f6 e8d7 c3d4 h8h7 g2g3 b7b6 f6e7 h7h8 b1a3 c8a6 a3b5 f8e7 b5c7 e6e5 f4e5 g6g5 h4h5 a6f1 e1f1 h8f8 f1g2 d7c7 g3g4 b8d7 g1h1 e7d6 e5d6 c7d6 b2b4 d6e6 d1c2
436,B,cap_draw,150,0.293304,2180,2026-08-19 07:50:48,b1c3 e7e5 g2g3 g7g5 f1h3 a7a6 c3d5 d7d6 a1b1 c8e6 a2a3 e6d5 h3g4 d5h1 e2e4 f7f5 g4h5 e8d7 b2b4 b7b6 c1b2 f5e4 g3g4 d8e7 e1e2 e7e8 b2c3 e4e3 h5e8 d7e8 c3b2 h7h5 f2e3 h5g4 g1f3 g8e7 f3g5 e8d8 g5e6 d8d7 a3a4 d7e6 e2f2 c7c5 b4c5 f8h6 h2h3 d6c5 b2e5 h8f8 f2g3 b6b5 h3g4 b5a4 b1b8 e6e5 b8f8 a8f8 g4g5 e7d5 g5h6 e5f6 e3e4 h1e4 d2d3 e4g6 c2c4 d5c7 d1f3 g6f5 d3d4 c5d4 h6h7 f6g7 f3f5 f8f5 g3h4 a4a3 h7h8q g7h8 h4g4 f5h5 g4h5 h8g7 h5g5 c7e6 g5h5 d4d3 c4c5 a6a5 c5c6 a5a4 c6c7 a3a2 c7c8q a4a3 c8e6 a2a1q e6e7 g7g8 h5g6 a1g1 g6h6 g1h1 h6g6 h1g1 g6h6 g1h1 h6g6 h1c6 e7f6 c6f6 g6f6 g8f8 f6f5 f8g8 f5f6 g8f8 f6e5 f8g8 e5f6 g8f8 f6e6 f8g8 e6f6 a3a2 f6f5 g8h7 f5f6 h7h6 f6e7 h6h7 e7e8 h7h8 e8e7 h8g8 e7e8 g8h8 e8e7 h8g8 e7e8 g8h8 e8e7 h8g8 e7e8 a2a1q e8e7 g8h8 e7e8 a1b1
437,B,value_resign,40,0.339210,2185,2026-08-19 07:51:02,e2e4 a7a5 c2c4 e7e5 a2a4 d7d5 c4d5 g7g6 h2h4 b7b5 f2f4 d8d7 d1h5 f8b4 h5h6 e8e7 a4b5 g8h6 e1e2 h6f5 g1f3 g6g5 f4e5 a5a4 e2d1 f7f6 e4f5 h8d8 f3d4 b4c3 d1e2 c3d4 b5b6 b8c6 d5c6 d7f5 g2g3 c8d7 h1g1 e7e6
438,W,value_resign,53,0.335766,2190,2026-08-19 07:53:02,g1f3 e7e6 e2e4 g7g5 g2g4 h7h5 a2a3 b7b5 d2d3 f8a3 b2b4 b8c6 e1e2 h5g4 a1a3 e8e7 f3g5 c8a6 h2h3 d8e8 a3a6 c6d4 e2e3 e8d8 f2f4 g4h3 f1h3 c7c5 b1a3 a8b8 g5e6 d7e6 b4c5 b8c8 c2c3 g8h6 h3g4 h6g4 d1g4 e7e8 h1h8 e8e7 c1b2 d8h8 a3b5 d4b5 d3d4 h8d4 c3d4 c8e8 g4h3 e7f6 h3h4
439,W,value_resign,107,0.286047,2195,2026-08-19 07:54:26,e2e4 e7e6 f2f3 f7f5 e4e5 a7a6 b2b4 f5f4 h2h4 h7h5 h1h2 h8h6 f1c4 f8e7 b4b5 c7c6 b5a6 d7d6 c4e6 c8e6 a2a4 d6e5 c1b2 d8c7 g2g3 e7b4 c2c3 h6h8 c3b4 c7d7 g1e2 b7b6 b1c3 e5e4 f3e4 e6c4 e1f2 f4g3 f2g3 g7g5 h4g5 g8h6 c3a2 d7g4 g3f2 c6c5 b2h8 c4e2 d1e2 g4g5 b4c5 b6c5 e2c4 b8a6 f2f3 g5g4 f3f2 a6c7 a1e1 a8a4 c4c5 a4a2 c5c7 g4d7 c7d7 e8d7 f2g3 d7e6 h2h1 h6g4 h8e5 e6e5 h1h5 e5f6 h5f5 f6g6 g3g4 a2a1 e1g1 a1g1 g4f4 g1g2 d2d3 g2g1 f5b5 g6f6 b5b6 f6e7 b6a6 e7d8 d3d4 d8c7 f4e3 c7b7 a6a2 b7c6 e3f3 c6c7 f3f2 g1b1 e4e5 b1b2 a2b2 c7c6 f2g3 c6d5 g3h4
440,W,checkmate,27,0.273084,2200,2026-08-19 07:55:07,e2e4 e7e5 a2a4 f7f6 g1h3 f8c5 g2g4 h7h5 c2c4 h5g4 b2b3 b8c6 b3b4 e8f8 b4c5 b7b6 e1e2 a7a5 d2d4 c8b7 d4e5 f6e5 h3g5 c6b4 d1d5 b6b5 d5f7
441,B,value_resign,50,0.250459,2205,2026-08-19 07:56:04,g2g4 h7h5 c2c3 h5g4 f2f3 f7f6 h2h4 a7a5 b2b3 g8h6 g1h3 g7g5 h4g5 d7d5 e2e3 c8d7 f1g2 e7e5 g5h6 e8f7 g2f1 g4h3 a2a4 f6f5 c3c4 f8b4 e1f2 d8f6 h1g1 d5d4 f1h3 h8f8 g1g7 f7e8 g7g8 f8g8 e3e4 b7b6 h6h7 g8f8 h3g2 d4d3 c4c5 f5e4 h7h8q f8h8 f2f1 e4f3 g2f3 f6f5
442,W,checkmate,23,0.276354,2210,2026-08-19 07:56:18,e2e3 b7b6 f1b5 g7g5 d2d4 c7c5 b5c4 b8a6 b2b4 c5b4 d1d3 a8b8 a2a3 c8b7 a3b4 g8f6 g1f3 f6d5 d3f5 g5g4 f3g5 e7e6 f5f7
443,W,material_adjudication,74,0.340941,2215,2026-08-19 07:56:46,c2c3 f7f6 g1f3 c7c6 e2e3 g8h6 b2b3 h8g8 e1e2 e7e6 h2h4 h6g4 g2g3 f8d6 d2d3 g7g5 f3g5 a7a5 g5h3 d6g3 f2g3 c6c5 c1d2 h7h5 e3e4 g8g7 h3f4 e6e5 b3b4 g7h7 f1g2 e8f7 f4g6 g4f2 e2f2 b8a6 a2a3 a6b4 a3b4 c5b4 a1a5 f7g6 a5a8 d7d6 d2f4 b4c3 a8b8 d8d7 g2h3 e5f4 g3f4 c3c2 d1c2 b7b6 c2c3 b6b5 f2e3 b5b4 c3b4 h7h8 h3g4 d7g4 b1d2 c8f5 e4f5 g4f5 d2c4 h8b8 b4b8 f5c8 b8c8 g6g7 d3d4 g7f7
444,D,rule_draw,116,0.381697,2220,2026-08-19 07:57:41,a2a3 b7b6 d2d3 g8f6 c2c3 e7e5 f2f4 f8d6 f4e5 b8a6 c1g5 h7h5 h2h3 h8h7 g2g3 d8e7 g3g4 d6e5 g5f6 e7d8 b2b4 e5c3 b1c3 d8f6 d1c2 f6d8 c3e4 f7f6 d3d4 g7g5 a3a4 a6b4 e4f6 e8f7 c2h7 f7f6 h1h2 h5g4 h7h6 f6f7 h2g2 c8b7 g2g4 a7a6 a4a5 b4c2 e1d1 c2a1 a5b6 c7b6 h6h7 f7f6 f1g2 a6a5 g2b7 d8h8 h7h8 a8h8 g4g2 a5a4 g2g4 h8e8 b7d5 b6b5 e2e4 a1b3 g1f3 f6g6 f3g5 b5b4 g5f7 g6h5 g4g7 e8e4 d5b3 a4b3 g7g8 e4d4 d1c1 h5h4 f7g5 d4f4 c1b2 h4h5 h3h4 h5h4 b2b3 h4h5 b3c2 f4g4 c2b1 g4g5 g8f8 g5g1 b1b2 h5g5 f8g8 g5f5 g8g1 d7d5 g1h1 f5g6 h1g1 g6f5 g1h1 f5g6 h1g1 g6f5 g1h1 f5g6 h1g1 g6f5 g1h1 f5g6 h1g1 g6f5
445,W,value_resign,87,0.252947,2225,2026-08-19 07:59:57,e2e3 b7b6 d2d4 b8c6 e3e4 e7e5 f2f4 g7g6 f4e5 c6e5 c1g5 d8g5 d4e5 g5e5 e1d2 e5c5 f1d3 c8a6 b2b3 a8b8 g1f3 c5a5 b3b4 f8b4 d2c1 a5a4 h1f1 g6g5 f3d4 c7c5 d3a6 c5d4 c2c4 a4c6 d1f3 g8f6 a6b5 c6c5 f3f6 e8g8 a2a3 a7a5 a3b4 a5b4 b5d7 b8d8 h2h3 d8d7 b1d2 d7d8 c1c2 h7h6 g2g4 b6b5 c2d3 d8e8 c4b5 c5e7 f6e7 e8e7 d2c4 b4b3 c4b6 f8d8 a1b1 e7e8 f1f5 g8g7 d3e2 e8f8 e2d3 f8e8 b1b3 h6h5 g4h5 g5g4 h3g4 d8d7 d3c2 d7e7 b3b4 d4d3 c2d3 e8d8 d3c2 d8e8 g4g5
446,B,value_resign,56,0.302324,2230,2026-08-19 07:59:58,e2e4 g8f6 h2h4 e7e5 a2a4 a7a5 d2d4 f8b4 e1e2 h8f8 b1d2 b4c3 g2g3 g7g6 h4h5 e5d4 e4e5 b8a6 b2b3 b7b6 e5f6 g6g5 c1a3 d8f6 h5h6 c3d2 a3f8 f6c6 d1d2 e8f8 d2d4 c6h1 d4d1 a6c5 f1h3 c8b7 e2e1 d7d6 e1f1 f7f6 f2f3 f8g8 d1d2 g5g4 c2c4 c5b3 f3g4 b7e4 d2c2 b3a1 c2e4 h1e4 c4c5 a8e8 f1f2 e8d8
447,B,value_resign,58,0.341052,2235,2026-08-19 08:02:46,h2h4 a7a6 b2b3 e7e5 c1b2 a6a5 g1h3 f8b4 c2c3 g7g6 g2g3 e8e7 f2f4 d7d5 e2e3 b4d6 e1f2 f7f6 f1a6 c8d7 a6b7 d7g4 f4f5 g4d1 b3b4 h7h5 b7d5 b8d7 h1g1 g6f5 f2g2 a5a4 g3g4 g8h6 h3g5 e5e4 g1h1 h6g4 h1d1 f6g5 h4g5 f5f4 e3f4 h8f8 g5g6 d6e5 f4e5 g4f2 d5c6 a8c8 c6d7 d8d7 d1f1 d7g4 g2h2 c7c6 f1f2 c8d8
448,W,value_resign,79,0.281808,2240,2026-08-19 08:03:58,e2e4 e7e5 g1f3 f7f5 f1e2 e8f7 f3e5 f7e7 c2c3 c7c6 e1f1 a7a5 b1a3 f5e4 d2d3 e4d3 e5d7 g8f6 f2f3 b7b5 e2d3 f6d7 g2g4 d8e8 b2b3 h7h6 h2h4 c6c5 c1f4 e8d8 d3e4 c5c4 a3b5 a8a6 a1c1 g7g5 h4g5 h6g5 h1h8 g5f4 h8f8 e7f8 b5c7 d8c7 e4g6 a6g6 b3b4 a5b4 c3b4 g6g5 d1d2 f8e7 f1g2 g5d5 d2d5 c4c3 c1c3 b8c6 g4g5 c6b4 c3c7 b4d5 c7c8 d5c3 c8c3 e7f7 g2h3 d7c5 c3c4 f7g7 c4c5 g7g6 c5c6 g6f5 g5g6 f5g5 a2a3 g5f5 h3h4
449,B,checkmate,32,0.336496,2245,2026-08-19 08:04:13,e2e4 e7e5 f2f3 c7c5 c2c3 e8e7 c3c4 b7b6 e1e2 f7f5 g2g4 f5e4 b1a3 e7f7 b2b3 e4e3 e2d3 d7d5 d2e3 a7a5 h2h4 f7f6 d1e1 f6f7 h4h5 d5d4 f1e2 d4e3 d3e4 f7e7 e4e3 d8d4
450,B,value_resign,52,0.205662,2250,2026-08-19 08:05:12,e2e4 b7b5 e4e5 g7g6 b1c3 b8a6 e1e2 b5b4 g1f3 c8b7 g2g3 b4c3 f1g2 d7d5 b2c3 f7f5 e2f1 c7c6 a2a3 a6c7 d2d4 h7h6 e5e6 g8f6 h1g1 a8c8 g1h1 c7e6 d1e1 d8d7 e1e6 d7e6 a3a4 h8h7 c3c4 d5c4 d4d5 e6d5 h1g1 e7e6 h2h4 f6g4 f3g5 h7h8 g2d5 e6d5 g5f7 e8f7 c1a3 f8c5 a1c1 c5e3
451,B,value_resign,90,0.341189,2255,2026-08-19 08:05:44,e2e3 b7b6 d2d3 c7c5 b1a3 b8a6 c2c3 h7h6 e3e4 g8f6 g1f3 g7g6 h2h4 a8b8 c1d2 h8h7 h1h2 f8g7 a3c4 f6h5 e4e5 h5g3 f2g3 a6b4 a2a3 d7d5 a3b4 d5c4 a1a3 c8b7 e1e2 c4d3 e2f2 g6g5 h4g5 h6g5 b4c5 h7h2 e5e6 b6c5 b2b3 b7e4 c3c4 b8c8 f3g5 a7a6 g5e4 g7d4 f2f3 f7e6 a3a1 d4a1 f3f4 e6e5 f4g5 h2h1 g3g4 h1f1 d1f1 a1d4 f1d3 d8d7 d3c2 e8d8 d2a5 c8c7 g5h6 e7e6 e4g5 e5e4 g5e6 d8e7 h6g5 e7e6 a5c7 d7c7 b3b4 c5b4 g5g6 c7e5 g2g3 d4c3 g4g5 e5g3 c2g2 g3g2 g6h7 b4b3 h7h6 a6a5
452,B,checkmate,78,0.253793,2260,2026-08-19 08:06:54,e2e4 e7e5 a2a4 a7a5 d1g4 g8f6 g2g3 d7d5 e4d5 b7b5 g4d1 e5e4 f1b5 c7c6 b1a3 c8g4 g1f3 h7h6 b2b4 f8b4 h1f1 c6b5 a3b5 f6d5 b5c7 d5c7 c1b2 b8a6 f3g5 h6g5 a1a2 g4d1 e1d1 b4a3 a2a3 a6b4 f2f4 e4e3 b2d4 e8e7 c2c4 d8c8 d1e1 a8a6 a3a1 g5g4 f1g1 c8b7 h2h4 f7f5 g1f1 b4c2 e1e2 b7b5 c4b5 c2d4 e2e1 d4f3 f1f3 g4f3 b5a6 c7a6 d2d4 a6b4 a1b1 h8e8 d4d5 e8c8 b1b3 e7d6 b3b4 a5b4 a4a5 b4b3 a5a6 b3b2 e1d1 b2b1q
453,W,material_adjudication,72,0.368995,2265,2026-08-19 08:07:22,c2c4 e7e5 f2f4 d8e7 e2e3 h7h6 e3e4 e5f4 e1f2 b7b5 e4e5 f7f6 g1f3 e7e5 f3e5 c7c5 c4b5 f6e5 d1a4 g7g5 a2a3 e8e7 a4a5 a7a6 b2b3 e7e6 d2d4 f8d6 b5b6 e6f5 f1d3 f5g4 d4e5 d6e5 h2h3 g4h4 c1d2 g8f6 a3a4 f6d5 d3e4 e5a1 e4d5 h8e8 h1e1 e8f8 d5e4 d7d5 g2g3 h4h3 e4d5 c8f5 d5a8 a1d4 f2e2 f5d7 e2d3 h3g4 b6b7 g4g3 e1e7 d7g4 a5c7 g3h3 b3b4 c5b4 d3d4 f8f5 d2e3 b4b3 b1d2 f5f6
454,W,checkmate,71,0.377964,2270,2026-08-19 08:07:36,g2g4 b7b5 a2a3 b5b4 b2b3 g7g5 a3b4 a7a5 b4b5 a5a4 b1c3 c7c6 c1a3 f7f5 b3b4 e8f7 g1f3 h7h6 b5c6 d8c7 f1g2 b8c6 g4f5 c8a6 c3a4 f7f6 b4b5 a6b5 h2h4 c6a5 a3b4 b5a4 b4a5 a8a5 e1f1 f6f5 f3d4 f5f4 a1a4 a5a4 g2d5 a4d4 e2e4 g5g4 f2f3 g4f3 f1f2 f8g7 h1f1 g8f6 e4e5 f6d5 f1e1 d5e3 d2e3 f4e5 e3d4 e5f5 d1f3 f5g6 f3c3 g7d4 c3d4 d7d5 d4d5 c7c2 f2g3 h8c8 e1e7 c8d8 d5f7
455,B,value_resign,58,0.222976,2275,2026-08-19 08:08:16,e2e4 e7e5 f1a6 b8a6 g1e2 g8e7 h1g1 a6c5 d2d4 b7b6 g2g4 e5d4 f2f4 h7h6 f4f5 c8b7 g1h1 c5e4 h1g1 a7a6 e2d4 e7f5 g4f5 b6b5 d4e6 f7e6 d1f3 e8f7 c1g5 f8e7 f5e6 f7e6 f3d1 e7b4 g5d2 e4d2 b1d2 e6f5 e1e2 b4d2 g1f1 f5g5 d1d2 g5g4 h2h3 g4h3 a2a4 a6a5 b2b3 b5a4 a1a4 b7d5 a4a5 a8a5 d2c3 h3g2 b3b4 a5a4
456,D,cap_draw,150,0.292980,2280,2026-08-19 08:08:44,e2e4 d7d5 e4d5 g8h6 g1f3 g7g6 f3d4 h8g8 d4f3 c8g4 f3e5 e7e6 f2f3 e8e7 b2b3 b8c6 e5c6 e7d6 f1d3 a7a6 b1a3 b7b5 a3b1 h6f5 c6b8 g4f3 d3f5 f3d1 f5e6 f7e6 e1d1 f8h6 a2a4 b5a4 a1a4 d8b8 h1e1 b8b5 d5e6 b5a4 b3a4 h6f4 e6e7 g8e8 h2h3 a6a5 d2d3 f4c1 d1c1 c7c6 g2g4 g6g5 b1a3 h7h6 c1b1 a8b8 b1a1 b8b7 a3b1 e8c8 e7e8q c8e8 e1e8 d6d7 e8h8 h6h5 h3h4 g5h4 g4g5 b7b4 b1c3 h4h3 h8g8 d7e7 c3e4 e7f7 g8b8 b4b8 a1a2 b8d8 a2a3 f7g6 a3b2 g6f7 b2a3 f7g6 e4f6 d8f8 a3b2 f8a8 f6h5 c6c5 b2a3 a8d8 c2c4 d8a8 h5g3 a8d8 a3b2 d8c8 g3f1 c8d8 b2b1 d8c8 b1c1 c8d8 c1b2 d8c8 b2b1 c8d8 b1b2 d8d7 b2a3 d7c7 a3b2 c7d7 b2a3 d7c7 a3b2 c7d7 b2a2 d7c7 a2b3 c7d7 b3b2 d7d8 b2b3 g6g5 b3b2 g5f6 f1h2 f6g6 b2a3 d8d7 a3b2 d7c7 d3d4 c7b7 b2a1 b7a7 d4c5 a7a8 c5c6 a8c8 c6c7 c8c7 c4c5 c7d7 c5c6 d7c7
457,B,value_resign,60,0.251537,2285,2026-08-19 08:11:44,e2e3 f7f6 b1c3 g8h6 h2h3 g7g5 a2a4 c7c6 e1e2 b7b6 f2f3 c8a6 c3b5 a6b5 c2c4 b5c4 d2d3 f8g7 d3c4 g7f8 d1d3 h6g4 e3e4 e7e6 f3g4 c6c5 d3f3 d7d6 f3f6 d8f6 g1f3 d6d5 f3g5 f6g5 c1g5 d5e4 e2d1 h7h6 b2b4 h6g5 f1d3 e4d3 b4c5 e8d7 c5b6 a7b6 a4a5 b6b5 c4c5 d7c6 a1c1 f8h6 g2g3 b8a6 c1b1 a6c5 b1c1 b5b4 c1c3 a8c8
458,W,checkmate,51,0.327961,2290,2026-08-19 08:11:57,b2b4 a7a6 f2f3 a6a5 g2g3 e7e6 e2e3 e8e7 b4a5 b8c6 g3g4 g8h6 e3e4 b7b6 h2h4 e6e5 a5a6 a8a6 b1a3 c6a7 e1f2 e7f6 f3f4 h6g4 f2g2 f8c5 a3b5 a7c6 c1b2 f6g6 a2a3 c6d4 d2d3 d4b5 f4e5 c5d4 a3a4 c8b7 e5e6 a6a5 c2c3 b5c3 b2c3 a5a4 c3d4 d7d5 d4e5 a4a1 d1g4 g6h6 e5g7
459,W,value_resign,43,0.265686,2295,2026-08-19 08:12:49,g2g3 b8c6 b2b3 d7d5 b1c3 h7h6 c1b2 c8g4 c3d5 f7f6 d5c7 d8c7 f2f4 g7g5 b2e5 f6e5 h2h3 c7d6 f4g5 a8c8 c2c3 c6b8 a1b1 d6d4 h1h2 c8c4 b3c4 e5e4 h2h1 b8d7 f1g2 a7a6 a2a4 g4e2 c3d4 e7e5 g2e4 d7b8 g1e2 g8e7 b1a1 e7g6 d1c2
460,B,material_adjudication,79,0.294932,2300,2026-08-19 08:13:30,e2e4 e7e6 f2f3 a7a6 c2c3 d7d5 e4e5 f7f6 f1d3 f6e5 f3f4 e8e7 f4e5 c7c5 g2g4 d8e8 b1a3 e7d8 a1b1 b7b6 h2h3 d8e7 g1f3 g8f6 e5f6 e7f6 a3b5 a6b5 b2b4 f6e7 f3g5 h7h6 h1f1 h6g5 e1e2 b8c6 d3g6 e8g6 e2f2 g6e8 c3c4 d5c4 b4c5 b6c5 b1b5 c4c3 d2c3 e6e5 f2g3 c6a5 c3c4 a8a6 c1g5 a6f6 d1f3 e7d6 b5b6 d6e7 a2a3 e5e4 f3e4 e7f7 g5f6 e8e4 f6h4 c8f5 f1f5 f7e8 f5f1 e4d3 f1f3 d3c2 b6b2 c2b2 f3e3 e8d7 h4d8 d7d8 h3h4
461,W,material_adjudication,84,0.327158,2305,2026-08-19 08:15:29,c2c3 a7a5 f2f4 e7e5 b2b3 c7c6 e1f2 e5e4 d2d4 g8f6 f4f5 d7d6 f2e1 d8e7 d1c2 h7h5 g2g4 h8g8 d4d5 f6g4 f1g2 c6d5 h2h3 g4h2 c1f4 e7d8 g1f3 g7g5 f3g5 a8a6 c2d2 b8d7 e2e3 e8e7 f5f6 d7f6 c3c4 d5c4 b3c4 c8h3 f4h2 d6d5 b1c3 h3g2 d2c2 b7b5 c3b5 d5c4 a1d1 f6d5 d1d5 g2h1 d5d8 e7d8 c2d2 d8e8 b5c7 e8e7 c7a6 f7f6 g5e4 e7e8 a6c7 e8e7 e1d1 h1g2 d2e1 c4c3 h2d6 e7d7 e1e2 f8d6 c7d5 g2e4 d5f6 d7c7 f6g8 e4d3 e2d3 c7b8 e3e4 d6c5 d3e2 c5d4
462,W,material_adjudication,92,0.280199,2310,2026-08-19 08:17:30,f2f4 g7g6 c2c3 f8h6 f4f5 b8a6 h2h3 e8f8 c3c4 g8f6 e2e3 h6e3 d2e3 a6c5 b1a3 b7b6 f5g6 a7a6 f1d3 h8g8 a1b1 c5e6 e1d2 c8b7 b2b3 h7g6 d1e2 a6a5 e2d1 f8e8 d2c2 b7e4 a3b5 a8b8 d1d2 a5a4 c2b2 e4d3 d2d3 a4b3 a2b3 e8f8 b5c7 e6c7 d3e2 b6b5 g2g4 b8b7 g1f3 g6g5 f3g5 g8g5 e2d3 b5c4 d3c4 g5g7 g4g5 f6g4 h3g4 d7d5 c4d3 b7b6 e3e4 d5d4 c1d2 c7e6 d2c1 e6g5 c1g5 d8c7 g5d2 e7e5 b1c1 b6b7 c1c7 b7c7 b2a3 c7a7 d2a5 a7a5 a3b4 a5c5 d3e2 c5c8 e2b5 c8b8 b5b8 f8e7 h1d1 e7d7 d1a1 g7h7
463,B,checkmate,62,0.322227,2315,2026-08-19 08:18:10,c2c4 h7h6 d2d4 b7b5 g2g3 h8h7 b2b3 f7f6 e2e3 b8c6 c4b5 f6f5 g1h3 d7d5 c1d2 e8d7 h1g1 g7g5 a2a4 c8b7 b5c6 d7c6 f1d3 h7g7 b1a3 a7a5 h3g5 h6g5 f2f4 e7e5 a3b5 g7d7 b5c7 c6c7 d4e5 d5d4 e5e6 f8d6 e6d7 d6c5 e3d4 c7b6 d3c4 a8c8 g1f1 c5b4 c4g8 d8d7 e1f2 b4d2 d1d2 d7d5 d2e1 b7c6 g3g4 c8d8 a1c1 d8g8 g4f5 d5f3 f2g1 f3g2
464,W,value_resign,45,0.224146,2320,2026-08-19 08:18:11,e2e3 e7e5 d2d4 e5e4 h2h3 g8f6 f2f3 a7a5 a2a3 h7h6 f3e4 b7b6 d4d5 f8d6 e1e2 f6d5 d1d5 b8a6 g2g4 e8e7 f1g2 f7f5 d5a8 a6c5 a3a4 f5e4 b1d2 d8f8 a1a3 f8d8 g4g5 c8b7 a8d8 e7d8 b2b4 a5b4 a3a1 d6e5 c1b2 b6b5 b2e5 h8f8 a1a2 h6h5 a4b5
465,B,value_resign,84,0.307558,2325,2026-08-19 08:19:18,h2h3 e7e5 g2g4 g8e7 b2b4 b8c6 d2d4 b7b5 d4e5 c8b7 f2f3 g7g5 e2e4 f7f6 c1f4 e8f7 f4h2 e7g6 e5f6 c6d4 h2c7 a7a6 e1f2 a8c8 e4e5 c8c7 a2a3 d4c2 d1c2 c7c2 b1d2 f8b4 a3b4 d7d5 a1c1 c2c1 g1e2 d8d7 e2c1 d7e8 f2e2 g6e5 e2e1 h7h6 e1f2 e5g4 h3g4 d5d4 c1e2 a6a5 e2d4 a5b4 f1g2 b7d5 d2b3 e8c8 b3d2 c8c5 f2e3 h6h5 f3f4 d5c4 d2c4 b5c4 e3e4 h5g4 h1h8 g5f4 e4f4 c5d4 f4g3 d4e5 g3g4 c4c3 g2c6 e5d6 h8g8 d6c6 g4g3 f7g8 g3h4 c6d5 h4h3 d5e5
466,W,checkmate,65,0.292512,2330,2026-08-19 08:19:58,e2e4 a7a5 g2g4 e7e5 c2c3 e8e7 e1e2 e7e6 g1h3 c7c5 f1g2 g8e7 f2f3 d8c7 g4g5 a8a7 h3f4 e6d6 d1b3 b8c6 e2f2 e7d5 f4d5 c6d4 f2f1 b7b6 b3c2 d4c2 b1a3 f7f5 f1f2 c2a1 e4f5 d6d5 a3b5 e5e4 b5c7 d5e5 f3e4 b6b5 c7b5 h7h5 a2a4 c5c4 b5a7 a1b3 a7c8 e5f4 c8b6 h8g8 f2e1 f4g5 h2h3 g5f4 e1e2 f4g3 e4e5 g3g2 h1f1 g2h3 d2d3 b3c1 e2f3 f8c5 f1h1
467,W,value_resign,51,0.314441,2335,2026-08-19 08:19:58,d2d3 c7c6 a2a3 f7f6 d3d4 b7b5 c1d2 g7g5 f2f3 h7h6 b1c3 c8a6 a1b1 e8f7 c3d5 a6c8 h2h4 f8g7 g2g3 e7e6 f3f4 f6f5 f4g5 c6d5 b2b4 h6g5 b1b2 d8a5 g1h3 a5b4 e2e4 g8f6 h3g5 f7g6 a3b4 b8a6 e4f5 e6f5 e1f2 a6b4 b2b3 a7a5 b3c3 b4c2 d1c2 h8h6 f1b5 f6g4 f2e1 g4e3 d2e3
468,B,value_resign,20,0.304671,2340,2026-08-19 08:19:59,e2e3 g8h6 d2d4 h8g8 b2b4 d7d5 h2h4 h6g4 g2g3 e8d7 h1h2 c7c6 d1d3 b7b6 a2a4 g8h8 b4b5 g7g5 f1e2 a7a6
469,B,value_resign,68,0.313437,2345,2026-08-19 08:20:52,e2e3 g8f6 d1e2 g7g5 h2h4 d7d5 h4g5 a7a6 d2d3 e8d7 c2c4 e7e6 e1d2 d5c4 d3c4 h7h6 e2e1 b7b5 b2b3 h8h7 b1c3 d7e7 f1d3 f6g4 g5h6 h7h6 h1h6 f8h6 c3e4 b8d7 f2f3 g4e3 g1h3 e3c4 d2c2 h6c1 b3c4 a6a5 h3g5 c1g5 e4g5 b5c4 g2g4 f7f6 d3c4 f6g5 c4d3 d7f6 a1b1 e7f7 e1g1 c7c5 g1h1 d8e8 c2b2 c8a6 b2a1 a8c8 b1b2 f6g4 f3g4 e8e7 a1b1 a6d3 b1c1 a5a4 b2b4 c5b4
470,W,value_resign,45,0.340092,2350,2026-08-19 08:22:49,e2e4 e7e5 e1e2 d7d5 a2a4 g8e7 e4d5 a7a6 b2b3 g7g6 b1a3 h8g8 c1b2 c8d7 e2e1 f7f5 f1d3 d7a4 f2f3 g6g5 e1f1 a4b3 c2b3 e8f7 g2g4 f5g4 d5d6 e7f5 a3c4 g8g6 d3f5 g6f6 d6c7 d8e8 h2h3 g4f3 c4e5 f7g7 c7c8q h7h6 f5g6 f6g6 e5d7 g7f7 h3h4
471,B,value_resign,25,0.307884,2355,2026-08-19 08:25:38,f2f4 e7e5 h2h4 d7d5 c2c3 a7a6 h1h2 e8e7 e2e3 g7g5 f4g5 a6a5 d1b3 g8h6 d2d4 h6g4 g2g3 e5d4 h2g2 c8d7 f1c4 d5c4 c1d2 e7e8 b3b5
472,B,value_resign,56,0.344898,2360,2026-08-19 08:26:07,e2e4 b7b5 c2c3 g7g5 e1e2 g8h6 h2h3 b5b4 g1f3 e7e5 a2a4 b4a3 d1a4 c8a6 d2d3 f8d6 c1e3 a6d3 e2d3 h8f8 e3d2 f7f6 a1a3 h6g4 a4a5 h7h6 h3g4 e8e7 d3e2 b8c6 d2g5 c6a5 a3a5 h6g5 f3d2 c7c5 h1h7 e7e8 d2f3 d8a5 b2b4 a5b4 c3b4 c5c4 b1d2 d6b4 f3h4 f6f5 e4f5 g5h4 h7g7 b4d2 g4g5 a8d8 f2f3 a7a5
473,B,value_resign,100,0.355053,2365,2026-08-19 08:27:05,e2e3 b8c6 b2b3 g8f6 g2g3 d7d5 e1e2 d5d4 b1a3 c8g4 f2f3 g7g6 c1b2 f6e4 b2d4 e4g3 e2d3 h7h5 d1b1 g4h3 h2g3 c6a5 b1b2 c7c5 f1g2 h3c8 b2c3 c5d4 c3d4 f7f6 d4d8 e8d8 c2c4 c8d7 d3c2 e7e5 h1h2 a7a6 f3f4 d8c7 g2d5 f8d6 g1e2 h5h4 e3e4 h4g3 h2h8 a8h8 a3b5 a6b5 c4b5 e5f4 e2d4 h8h7 d5e6 d7e6 c2b1 d6e5 d4e6 c7d6 b3b4 e5d4 e6d4 g6g5 b4a5 h7h8 d4e6 d6e6 e4e5 f6f5 a5a6 b7a6 b5a6 h8b8 b1c1 b8a8 d2d4 g5g4 a2a4 a8a6 a1a2 a6a8 a4a5 e6d7 c1b1 f4f3 b1c1 a8a7 a2a4 a7a6 d4d5 a6a8 a4d4 f3f2 d5d6 f2f1q c1d2 d7e8 a5a6 a8a6
474,B,value_resign,44,0.289045,2370,2026-08-19 08:27:34,e2e4 b7b5 d1e2 g7g6 b1c3 f8g7 h2h3 b5b4 e4e5 d7d5 d2d4 f7f5 c3b1 e8f8 c2c3 b4c3 b2b4 f5f4 e2f3 g7e5 f1b5 g8f6 e1e2 f8g7 b1a3 b8c6 c1d2 c6a5 b5a6 c3d2 d4e5 c8a6 a3b5 a6b5 e2d2 d5d4 a2a4 f6g4 f3a8 d8a8 h3g4 h8d8 a4b5 f4f3
475,B,value_resign,98,0.304751,2375,2026-08-19 08:29:29,e2e4 e7e6 f2f3 e6e5 f1c4 e8e7 a2a4 c7c6 a1a2 a7a5 b1a3 d8b6 g1e2 h7h6 g2g3 f7f5 h1f1 f5e4 e2c3 e4f3 c3e4 b6b4 b2b3 b4b3 c2b3 d7d5 c1b2 d5e4 d2d3 b8d7 d3e4 a8a7 a3b5 c6b5 a4b5 g7g5 a2a5 a7a5 b3b4 a5a7 h2h4 h8h7 b5b6 a7a4 d1a4 d7b6 a4d1 b6c4 h4g5 c4b2 g5h6 b2d1 b4b5 h7h6 b5b6 e7d6 f1h1 d6c5 e1d1 f8g7 d1d2 h6h5 h1h5 c5b6 h5h7 b6c5 h7g7 f3f2 g7g8 f2f1q g8c8 c5b6 g3g4 f1g2 d2e1 g2g3 e1f1 b6b5 c8g8 b7b6 g4g5 b5a4 g5g6 b6b5 g8g7 a4a3 g7g8 a3a2 g8f8 a2a1 g6g7 g3g7 f1e1 g7f8 e1e2 f8e8 e2d3 e8e7
476,B,value_resign,50,0.351474,2380,2026-08-19 08:30:55,c2c3 e7e5 e2e3 a7a5 f1b5 g8f6 f2f4 e5e4 b1a3 h8g8 a3c4 c7c6 g2g3 a5a4 b5c6 b7c6 g1e2 f8c5 c4d6 e8f8 h1g1 d8e7 a1b1 e7d6 d2d4 c5d4 e3d4 d6d5 d1c2 c8b7 h2h4 e4e3 c2d3 f6e4 b2b3 d7d6 b3b4 e4c3 c1a3 c3b1 g3g4 b1a3 h4h5 c6c5 d3c4 d5c4 d4d5 b7d5 b4c5 a8a7
477,B,value_resign,56,0.189772,2385,2026-08-19 08:31:10,e2e4 g8f6 a2a4 g7g6 b1c3 a7a6 f2f4 b7b5 a4a5 d7d5 e4e5 d5d4 e5f6 h8g8 f1b5 b8d7 h2h3 a6b5 b2b4 e7f6 c3b5 f8h6 f4f5 e8e7 h3h4 a8a5 a1a4 a5a4 c1b2 c7c5 g1f3 c5b4 d2d3 g8f8 f5g6 h6g7 h1f1 d8e8 g6f7 e8f7 h4h5 d7b6 h5h6 g7h6 f3d4 f6f5 f1f3 c8d7 c2c3 b4c3 d1a4 c3b2 a4a5 b2b1q e1e2 e7d8
478,W,material_adjudication,90,0.373882,2390,2026-08-19 08:32:22,c2c4 e7e5 d2d3 b8a6 e2e4 g8e7 f2f4 h7h5 f4e5 g7g5 d3d4 a8b8 c1g5 e7g6 d4d5 g6e5 c4c5 a6c5 f1c4 e5c4 g5d8 c7c6 a2a3 c6d5 d8g5 d5d4 d1d4 h8g8 h2h3 c5b3 d4c4 b7b5 a1a2 b5c4 b1c3 a7a5 c3d5 f8a3 g5f4 a3b2 a2b2 c8b7 g2g3 f7f6 f4b8 b7d5 e4d5 a5a4 g1e2 g8f8 e2d4 b3d4 h1f1 d7d6 f1f4 d4b3 b8d6 h5h4 g3h4 e8d7 h4h5 d7d6 h5h6 d6d5 f4f1 f6f5 b2a2 d5e6 a2a4 e6d7 a4c4 d7e8 e1f2 f5f4 h3h4 b3a5 c4b4 a5b3 b4c4 e8d7 f2f3 f8f5 f3e4 d7d8 e4f5 d8e8 f1f2 e8d7 f2f1 d7e8
479,W,checkmate,31,0.360995,2395,2026-08-19 08:33:34,e2e4 e7e5 b2b3 f8c5 e1e2 b7b6 c2c4 e8e7 f2f4 e7f6 d2d3 b8c6 e2d2 a7a5 g1e2 e5f4 e4e5 f6e5 g2g3 f4g3 h2g3 f7f6 f1h3 c6b4 c1a3 b4d3 a3c5 f6f5 c5d4 e5e4 h3g2
480,B,value_resign,58,0.306580,2400,2026-08-19 08:36:50,e2e3 a7a6 f1d3 f7f5 e1e2 e7e5 d3f5 d7d5 g1h3 g8e7 b2b4 g7g6 e3e4 d5d4 h3g1 g6f5 b4b5 b8c6 b1c3 f5e4 g2g4 c6b8 c3e4 c7c5 e4f6 e8f7 e2f3 e5e4 f3g3 d8d6 f2f4 a6a5 f6e4 f7g7 g3f3 d6h6 a2a4 b7b6 c1b2 g7g8 f4f5 c8d7 b2c1 f8g7 g4g5 e7f5 d2d3 h6h4 c1b2 f5e3 b2c1 e3d1 c1e3 d4e3 f3e2 g8f8 g1f3 g7f6
481,W,value_resign,47,0.302307,2405,2026-08-19 08:39:11,c2c3 e7e5 c3c4 f7f6 f2f4 b8c6 b2b3 d7d5 g2g3 c6b8 g1h3 f8d6 d2d4 e8e7 b1c3 d6b4 c1d2 e7d6 f4e5 f6e5 d4e5 d6c6 g3g4 c8g4 c3d5 h7h5 d5f4 b4d2 d1d2 g8f6 d2d8 h8d8 e5f6 g4h3 f4h3 b7b6 f6g7 c6d7 e2e3 d8e8 e1d2 a7a5 f1d3 b8c6 h3g5 c6b4 d3e4
482,B,value_resign,50,0.350970,2410,2026-08-19 08:39:27,c2c3 g8h6 h2h4 e7e5 f2f4 c7c6 d1c2 b8a6 e1f2 h6g8 g2g4 f8a3 g1h3 e8e7 f1g2 a6b8 d2d3 e5e4 g2e4 a7a5 c3c4 a3b4 c1e3 e7e8 c4c5 f7f5 h1g1 f5e4 f2g3 b8a6 a2a3 b4c5 c2c3 e4d3 c3c4 b7b6 e2d3 c5e3 b2b4 a6b4 a3b4 e3c1 b4b5 c6b5 b1c3 b5c4 c3e2 c8a6 a1c1 c4d3
483,W,value_resign,91,0.308580,2415,2026-08-19 08:40:00,g1f3 e7e5 b2b4 a7a5 g2g3 e5e4 a2a4 g8f6 f3g5 g7g6 h2h4 h8g8 e2e3 d7d6 c1b2 h7h5 b1c3 b7b5 c3b5 c8h3 b4a5 b8c6 h1g1 c6a5 d2d4 h3f1 g5f7 e8f7 e1f1 f7g7 d1d2 g7h8 a1c1 d8b8 g3g4 g6g5 g4h5 f8h6 h4g5 g8g5 g1g5 h6g5 f2f4 g5h4 f1g1 h8h7 g1h1 b8d8 h1g1 f6h5 d2d1 d8c8 g1f1 h5f6 c2c4 h7g6 c4c5 d6c5 c1c5 a8b8 c5c7 b8b5 c7c8 b5b4 d1e2 b4a4 f4f5 g6f7 d4d5 f7g7 e2d2 g7f7 f1e2 f6d5 d2c2 a4a2 c2d1 d5c3 c8c3 h4f6 d1c2 a2a4 c2d2 f6c3 d2c3 a5b3 c3b3 f7e8 b3c2 e8f7 e2e1
484,W,value_resign,87,0.322196,2420,2026-08-19 08:41:03,g1h3 b7b6 b2b3 g7g6 a2a4 c7c6 g2g3 e7e6 b3b4 d7d5 c2c4 h7h5 d2d4 e8d7 a1a3 b6b5 h3g5 b5c4 g3g4 f7f6 c1e3 f8b4 a3c3 h5g4 g5f7 g8h6 b1d2 h6f5 h2h3 e6e5 c3c2 f5e3 f2e3 d8e8 e1f2 f6f5 d2c4 e5d4 e3d4 c6c5 e2e4 e8f7 f1d3 f7e8 h3h4 h8f8 c2b2 b8c6 e4d5 c6d4 b2b4 c8a6 b4b1 d7c7 c4b6 a7b6 d3a6 e8e4 h4h5 e4d5 h5g6 f5f4 a4a5 b6a5 d1g4 d5d6 a6c4 d6c6 g4h5 c6h1 h5h1 f8g8 b1a1 d4b3 c4b3 g8g6 f2f3 a8b8 b3a4 c7b7 h1h7 g6g7 h7g7 b7b6 g7h7 b8c8 a4c6
485,D,rule_draw,147,0.278761,2425,2026-08-19 08:41:18,g1f3 b7b5 b2b4 g7g5 d2d3 c7c5 c1g5 a7a5 a2a3 c5b4 a3b4 a5b4 c2c3 b8a6 a1a6 f7f6 c3b4 f6g5 a6h6 d7d5 f3g5 a8a4 e2e4 d8d7 d1b3 f8h6 f2f4 a4b4 b3b4 d7h3 b4b5 h3d7 h2h4 d5e4 b5d7 e8d7 d3e4 h6g5 h4g5 e7e6 f4f5 c8a6 f5e6 d7e8 e1f2 a6b7 f1c4 g8f6 g5f6 h7h5 c4d3 b7a6 f2e3 h5h4 f6f7 e8f8 g2g4 a6d3 e3d3 h4h3 h1f1 h3h2 d3c2 h2h1q f1h1 h8h1 b1c3 h1h2 c2b3 h2g2 c3a4 g2g4 e4e5 g4g5 b3b4 g5e5 b4c4 e5e6 c4d5 f8f7 a4c5 e6e7 d5d6 e7e8 d6c7 e8e1 c7d8 e1g1 d8c7 f7g6 c7d8 g6f7 d8c7 f7g6 c7d8 g6f7 d8c7 f7g6 c7d8 g6f7 d8d7 f7g6 d7d8 g6h5 d8d7 h5h4 d7c6 g1g2 c6b7 g2g1 b7c6 g1g2 c6b7 g2g1 b7c6 g1g3 c6b7 g3g2 b7c6 g2g1 c6b7 g1f1 b7a8 f1g1 a8b8 h4g4 b8b7 g4h4 b7c6 g1b1 c6d5 b1b5 d5d6 h4h3 c5e6 h3g4 d6c7 g4f5 e6d4 f5g6 d4c6 g6f7 c7d6 b5b6 d6c5 b6c6 c5c6
486,W,value_resign,43,0.351876,2430,2026-08-19 08:41:48,g1h3 b8a6 h3g5 g7g6 g2g4 b7b6 b2b3 c7c5 c2c4 f8g7 f2f3 a8b8 f1h3 d8c7 e2e3 f7f6 a2a4 f6g5 b1a3 g8h6 h1g1 g7d4 e3d4 c5d4 e1e2 e8f8 a3c2 c7c6 g1h1 h6f5 c2d4 a6b4 d4c6 f5e3 a4a5 c8b7 d1e1 b7c6 d2e3 h7h6 a1a4 b4d3 e1d1
487,B,value_resign,92,0.327411,2435,2026-08-19 08:42:18,e2e4 h7h6 h2h3 g7g5 g1f3 b8c6 c2c3 g5g4 f3e5 c6e5 d1a4 a7a5 f2f4 g4h3 b2b3 e5f3 e1f2 f3e5 f1c4 a8a7 h1g1 e7e6 f2e1 f8e7 f4e5 a7a8 c4d3 a8a7 g2h3 g8f6 c3c4 e7c5 a4b5 e8f8 g1h1 d7d5 e5f6 d5c4 b5c5 f8g8 b3c4 b7b6 c5a3 b6b5 h1f1 b5c4 d3c4 a5a4 d2d3 c7c6 c1h6 h8h6 a3c3 h6h5 e1d2 a7c7 d2e3 g8f8 e3f4 c7e7 f6e7 f8e7 f4e3 c6c5 c3b4 c5b4 e3f2 e7f8 c4b5 h5b5 f1e1 b5c5 f2g2 e6e5 b1c3 c8b7 c3a4 c5c6 a4b6 d8b6 a1d1 f8e7 a2a4 b4a3 g2f1 e7e6 f1e2 b6b5 e2e3 f7f6 e1f1 b5d5
488,D,cap_draw,150,0.307993,2440,2026-08-19 08:42:47,e2e4 e7e5 g1e2 d7d5 g2g3 h7h5 e4d5 d8h4 b2b4 f7f5 c2c4 h4d4 f2f3 e8f7 d2d3 a7a6 f1g2 d4g4 e1g1 g4d4 e2d4 f5f4 c1b2 e5d4 g3g4 f7f6 d5d6 c8g4 h2h4 g4d7 c4c5 f8d6 c5d6 b7b5 a2a3 f6g6 g1h1 g8f6 d1e1 c7d6 h1g1 d6d5 a3a4 b5a4 b2d4 a8a7 d4a7 h8e8 a1a2 e8e1 f1e1 d7c6 a7b8 a6a5 a2b2 f6d7 b1d2 d7b8 e1b1 a5b4 b1d1 g6f6 b2a2 b4b3 a2a4 c6a4 g1f1 f6f5 d1e1 b3b2 d3d4 b8a6 g2h3 f5g6 f1f2 b2b1q d2b1 a6b4 b1d2 g6f7 e1d1 a4d1 d2b1 d1b3 b1a3 g7g6 h3f1 f7e8 f2e2 e8d8 e2f2 d8e8 f1d3 b4d3 f2e2 e8d8 e2d3 d8e8 a3c2 e8f7 c2b4 b3c4 d3c2 f7g7 c2b1 g7f8 b4c6 f8g8 b1c1 g8f7 c1d2 f7f8 d2e1 g6g5 h4g5 h5h4 e1f2 h4h3 g5g6 f8g7 f2g1 g7g6 g1h2 g6f6 h2h3 f6g6 h3g2 c4e2 g2f2 e2d3 f2g2 d3c4 g2f2 g6f7 f2g2 f7g6 g2f2 g6f7 f2g2 f7e6 g2f2 e6d6 f2g2 d6c6 g2f2 c6d6 f2g2 d6c7 g2g1 c7d8
489,B,value_resign,14,0.294186,2445,2026-08-19 08:42:48,d2d3 h7h6 b1d2 a7a5 d2b3 c7c5 g1f3 b8a6 e1d2 d7d5 h1g1 d8d7 e2e3 e7e5
490,B,material_adjudication,95,0.356403,2450,2026-08-19 08:43:56,e2e3 h7h6 d2d4 f7f5 b2b4 c7c6 e1e2 e8f7 g2g4 g7g5 f1g2 d8c7 h2h4 b8a6 h4g5 h6g5 a2a3 h8h1 g4f5 b7b6 f5f6 e7e5 a3a4 a6b4 a4a5 e5d4 e3d4 f8d6 d1d2 d6e5 d4e5 g5g4 g1f3 g8f6 f3d4 b6b5 e5f6 h1h8 f2f3 c6c5 d2e1 c5d4 c1g5 f7e8 f3g4 h8f8 g2a8 b4c2 a8f3 c2e1 e2e1 c7g3 e1f1 d7d6 g5f4 g3f4 f1g2 c8d7 g4g5 d4d3 a1a3 d7g4 f3g4 e8d8 g5g6 f4g4 g2h2 g4h5 h2g3 d8e8 g6g7 f8g8 b1d2 e8d8 d2e4 g8e8 a3d3 h5e5 g3f2 a7a6 d3d1 e5f4 f2g2 e8g8 d1f1 f4e4 f1f3 g8e8 g7g8q e8g8 g2f2 g8e8 f2g3 d8c7 f3f4
491,D,cap_draw,150,0.267738,2455,2026-08-19 08:47:23,e2e4 e7e5 g1f3 a7a5 h1g1 b8c6 d2d4 c6b4 a2a3 f7f5 c1h6 b4a2 c2c3 b7b5 e1d2 f5e4 g2g4 a8a6 c3c4 a5a4 d4d5 e4f3 b2b4 a4b3 c4c5 e8f7 d1f3 g8f6 a3a4 a6b6 c5b6 g7h6 f3b3 c7b6 d5d6 f6d5 b3d5 f7e8 d5e5 d8e7 e5d4 e7d6 h2h4 d6d4 d2c2 e8d8 a4b5 c8b7 b1d2 f8g7 a1a2 h8e8 g4g5 d8e7 g5h6 g7h6 a2a4 e7f6 a4d4 b7h1 d2b3 h6g7 g1h1 f6e5 d4d1 e5e4 f2f3 e4f3 h4h5 h7h6 c2d3 e8d8 d1c1 d7d5 c1d1 d8f8 f1e2 f3g2 h1f1 f8f1 e2f1 g2f3 d1c1 g7f8 f1e2 f3g2 d3d4 f8b4 e2d1 g2h1 d4d3 b4a3 d3e2 a3c1 e2f2 c1e3 f2e3 h1h2 d1g4 h2h1 e3e2 h1h2 e2e1 h2h1 e1f1 h1h2 f1e2 h2h1 e2e3 h1h2 e3f2 h2h1 f2g3 h1g1 g4f3 g1f1 g3h4 d5d4 f3g4 d4d3 g4h3 f1g1 h3g4 d3d2 b3d2 g1g2 d2e4 g2h2 e4g5 h2g1 g5f3 g1g2 f3d4 g2h2 d4c6 h2g2 g4h3 g2f3 h3g4 f3g2 g4h3 g2f3 h3g4 f3g2 g4e2 g2f2 h4g4 f2e2 g4h3 e2f3
492,W,checkmate,73,0.339949,2460,2026-08-19 08:47:23,e2e4 f7f5 a2a4 e7e6 f1e2 f5e4 g1f3 e8e7 e2a6 b7a6 d2d4 e4f3 c1f4 d7d5 e1g1 e7e8 g2g3 e8d7 h2h4 f8a3 b2a3 a6a5 f4d2 d7c6 d2a5 d8d7 b1d2 g7g5 h4h5 h7h6 d2f3 g5g4 f3e5 c6b7 e5d7 c8d7 d1g4 g8f6 g4g6 a7a6 c2c4 h8g8 g1h1 g8g6 h5g6 d5c4 d4d5 e6d5 a5c7 b7c7 h1g1 d5d4 a1d1 c4c3 d1d4 b8c6 d4g4 f6g4 g6g7 g4f6 g7g8q a6a5 g8g7 f6g8 g3g4 c7b7 f1e1 c3c2 g1f1 c6d4 g7d7 b7b8 e1e8
493,W,material_adjudication,66,0.383119,2465,2026-08-19 08:48:31,e2e3 h7h6 d2d4 b7b5 a2a4 c7c5 b1d2 b5b4 a1a3 a7a5 c2c4 e7e6 e1e2 c5d4 e3d4 g7g6 h2h4 d8b6 a3d3 c8a6 d4d5 b8c6 f2f4 f8c5 d5d6 b6c7 d6c7 c5b6 c7c8q e8e7 d2f3 f7f6 f3d2 a8c8 h4h5 c6d4 d3d4 b4b3 f4f5 e6f5 d1b3 g6h5 b3f3 b6c5 h1h5 c5d4 f3f4 d4e5 f4f5 e7f7 g1h3 e5d6 h3g1 f7g7 b2b4 a5b4 g1h3 a6b7 h3g1 b7e4 f5e4 c8b8 e4f3 g7g6 c4c5 d6c5
494,W,value_resign,25,0.369844,2470,2026-08-19 08:48:31,b2b3 a7a5 e2e3 a8a7 g2g3 c7c5 b1a3 e7e5 a1b1 h7h5 e1e2 b7b5 a3c4 g7g5 g1h3 g5g4 c1a3 b5c4 f1g2 h8h6 b3b4 h6h8 b4a5 c8b7 h3g5
495,B,value_resign,62,0.307536,2475,2026-08-19 08:48:46,e2e3 h7h6 g1h3 g8f6 b2b4 b7b5 e1e2 f6h5 e3e4 a7a6 h3g5 h8g8 e2e1 b8c6 d2d3 d7d6 c1f4 h5f4 g5e6 c8e6 b1c3 f4g6 d1f3 a8c8 c3b5 a6b5 e1d1 c6d4 g2g3 f7f5 e4f5 e6f5 g3g4 f5g4 f3g4 c7c6 g4g6 e8d7 c2c4 e7e6 g6f5 e6f5 c4b5 c6c5 b4c5 d6c5 b5b6 d8b6 a2a4 b6b5 a4b5 d4b3 h2h4 b3a1 b5b6 g7g5 b6b7 c8b8 h4g5 h6g5 f1e2 d7e8
496,B,value_resign,26,0.352244,2480,2026-08-19 08:49:51,b2b3 a7a5 b1c3 c7c5 g2g3 d7d6 c3a4 c8d7 e2e3 b8c6 d1g4 d7g4 h2h3 g4d7 f1e2 c6b4 e1d1 e7e6 e2f1 d7a4 d2d4 a8b8 g1f3 e6e5 b3a4 e5d4
497,W,checkmate,53,0.404739,2485,2026-08-19 08:51:54,e2e4 e7e6 g1h3 d7d5 e4e5 a7a5 h3g1 a8a6 h2h3 e8d7 a2a4 f7f5 h1h2 g7g5 f2f4 h7h5 a1a3 d7e8 c2c4 d5c4 f4g5 b7b5 f1c4 c7c5 c4b5 a6c6 b2b3 g8f6 e5f6 e6e5 b1c3 e8f7 b5c6 b8c6 h2h1 c6b4 c1b2 c8b7 c3e4 f5e4 h3h4 e4e3 d1b1 c5c4 b3c4 e3e2 e1e2 b7g2 b2e5 g2h1 g5g6 f7g8 f6f7
498,B,value_resign,44,0.265001,2490,2026-08-19 08:52:22,e2e4 f7f5 a2a4 d7d6 h2h4 e7e5 g2g3 f5e4 c2c3 d8d7 f2f3 f8e7 g1e2 b8c6 a4a5 h7h6 h1h2 e8d8 f3f4 g8f6 a1a2 d8e8 d1a4 e5f4 a4b4 c6e5 e1d1 e5c4 d2d4 e8d8 e2f4 c7c5 g3g4 e4e3 f1c4 c5b4 c4d5 f6d5 c3c4 d5c3 d1e1 g7g5 h4g5 h6g5
499,B,value_resign,56,0.283973,2495,2026-08-19 08:54:45,e2e4 a7a5 d2d4 a8a6 a2a4 g7g6 h2h4 h7h6 c1h6 d7d5 f1b5 b8d7 h6f4 f7f6 e1d2 h8h4 d1f1 a6a8 b2b3 e8f7 f4h6 e7e6 f2f4 a8a7 c2c4 f8h6 d2e3 g6g5 e4e5 d5c4 b3c4 f7f8 f4g5 h4h1 g5h6 f6f5 f1f3 h1g1 e3f2 f5f4 f2g1 g8h6 b5d7 d8d7 d4d5 e6d5 c4d5 d7f5 d5d6 c7d6 b1d2 d6e5 a1a3 h6g8 d2c4 g8e7
500,B,material_adjudication,99,0.299635,2500,2026-08-19 08:55:00,e2e4 h7h6 g2g3 d7d5 e4d5 c8g4 h2h4 f7f6 d1g4 e7e5 c2c3 h6h5 g4g6 e8e7 f1g2 a7a6 e1f1 b8c6 d5c6 b7b5 g1h3 e5e4 h1h2 a8c8 g2e4 d8d6 g6f7 e7f7 f1g2 g8h6 e4g6 f7g6 g3g4 h6g4 h2h1 f8e7 f2f4 g6f7 f4f5 f7g8 d2d4 g7g5 c1f4 d6f4 h3f4 g5f4 b2b3 c8d8 h1c1 g8f7 b1a3 e7a3 a1b1 d8d5 c3c4 a3c1 c4d5 b5b4 b1c1 h8a8 d5d6 c7d6 c6c7 a6a5 c7c8q a8c8 c1c8 a5a4 b3a4 f7g7 c8c7 g7g8 a4a5 g8h8 a2a4 b4a3 c7e7 h8g8 g2f3 a3a2 f3f4 a2a1q f4f3 g8f8 e7d7 f8e8 d7d6 e8e7 d6d5 a1b1 f3g2 b1d3 d5d6 e7d6 a5a6 d6c7 a6a7 c7b7 g2h1
501,B,value_resign,29,0.305967,2505,2026-08-19 08:55:35,e2e4 g7g5 d1h5 g8f6 c2c4 g5g4 h5a5 b7b5 b1a3 b8a6 a1b1 h7h5 g1e2 b5b4 h2h3 f6h7 a5a6 b4a3 b2b3 c7c5 b1b2 c8a6 e2g1 a8b8 f1e2 b8c8 f2f3 d7d6 h3g4
502,W,value_resign,59,0.308003,2510,2026-08-19 08:56:45,c2c3 e7e5 f2f4 g8f6 e1f2 g7g5 b1a3 e5e4 f4g5 a7a6 a3b5 d7d6 f2e1 b7b6 g2g4 a6b5 a1b1 h7h5 f1g2 b8d7 g4h5 e8e7 d2d4 e4d3 a2a3 d6d5 c1f4 b5b4 a3b4 d7b8 f4d6 e7d6 h2h4 f8g7 h5h6 b8a6 h6g7 c7c5 g7h8q d8h8 e2e4 f6g4 e4d5 b6b5 g5g6 f7g6 b1c1 h8f8 d1d3 c8d7 d3e4 g4f2 e4g6 f8f6 g6f6 d6c7 e1f2 a6b4 f2e1
503,B,value_resign,42,0.390247,2515,2026-08-19 08:57:28,e2e4 e7e5 e1e2 a7a5 a2a4 g7g6 g2g4 d7d5 g4g5 f7f6 h2h3 f8d6 e2f3 e8f7 h3h4 h7h5 b1c3 c8g4 f3g2 d5e4 f2f4 e4e3 g5f6 g4d1 c3d5 g8f6 d2e3 d8e8 e3e4 d6a3 c2c3 e5f4 c1f4 a3b2 e4e5 c7c6 a1c1 c6d5 f4g5 f7e6 g5f6 e8c8
504,B,value_resign,74,0.310003,2520,2026-08-19 08:57:42,e2e3 f7f5 f2f3 f5f4 c2c3 b7b6 b2b3 g8h6 d2d4 g7g5 g1h3 c7c6 h3g5 f8g7 f1b5 e8g8 g2g3 c6c5 g3f4 g8h8 b5c4 c8a6 e1f2 a6c8 e3e4 c5d4 a2a4 d4d3 b1d2 d7d5 c4d5 d8d5 g5e6 d5e6 c3c4 h6f7 a4a5 b6a5 h2h3 e6d7 f2g2 b8c6 h3h4 c6d4 c1b2 h7h6 b2d4 g7d4 b3b4 a5b4 a1c1 h8g8 e4e5 c8b7 e5e6 d7c6 e6f7 g8h8 d2e4 c6c7 e4g3 b7c6 g2f1 d4e3 d1d3 e3c1 f1f2 a8d8 d3e3 c1e3 f2f1 b4b3 h1g1 e7e6
505,B,material_adjudication,133,0.290960,2525,2026-08-19 08:57:56,e2e3 e7e5 d2d3 d8g5 a2a4 c7c6 e1e2 f7f5 e3e4 g5d8 c2c4 b8a6 c1e3 f5e4 g2g4 g7g5 a4a5 a6c7 e3c1 g8e7 e2e1 e8f7 h2h4 e7f5 d3d4 f8h6 h4g5 a8b8 g5h6 f5e3 c1e3 e5d4 g1h3 b7b5 h1h2 c8b7 b2b3 b5c4 b1d2 d8f6 e3d4 f6d4 a1c1 c4b3 e1e2 d4b2 h3f4 e4e3 f2e3 c7e6 f4e6 f7e6 g4g5 b2e5 e3e4 e5h2 e2e3 e6f7 f1g2 h2g2 d2f3 b3b2 d1g1 g2g1 c1g1 b2b1q g1b1 h8c8 e3f2 c6c5 f3e5 f7g8 e5d7 b7e4 d7b8 e4b1 b8c6 c8c6 f2f3 c6d6 f3f2 d6f6 g5f6 g8f7 f2g3 f7f6 g3f4 f6f7 f4g3 f7e7 g3f2 e7e6 f2g3 e6f5 g3f2 f5f6 f2f3 f6g6 f3g3 g6h6 g3f4 h6g7 f4e5 h7h6 e5d6 g7g6 d6c5 h6h5 c5d6 g6f5 a5a6 h5h4 d6e7 b1c2 e7e8 f5e6 e8f8 h4h3 f8g7 e6f5 g7h6 f5e6 h6g5 e6d5 g5f6 h3h2 f6f7 h2h1q f7f8 c2d1 f8e7 d5c6 e7e8
506,B,value_resign,76,0.356480,2530,2026-08-19 08:59:03,e2e3 g8h6 h2h3 c7c5 f2f4 b7b5 c2c3 g7g5 b1a3 f8g7 f1b5 g7e5 f4e5 b8c6 b5c6 e8g8 e1e2 h6g4 c6a4 f7f6 d2d3 g8h8 a3b5 g4e5 b2b3 a7a5 d1f1 e5d3 b5d6 a8b8 a2a3 e7d6 b3b4 d3c1 a1c1 h7h5 f1f3 c5b4 f3h5 h8g7 c3b4 a5b4 a3b4 c8b7 g1f3 b8a8 a4d7 d8d7 e2d1 b7d5 d1c2 a8a4 c1d1 a4b4 h1e1 d7f5 e3e4 d5e4 e1e4 f5e4 c2c3 d6d5 g2g3 g5g4 h3g4 e4f3 c3b4 f3d1 h5f5 d5d4 f5d3 d1d3 b4c5 g7h6 c5c6 f8g8
507,B,value_resign,56,0.356896,2535,2026-08-19 09:00:35,g2g4 d7d5 c2c3 e7e6 h2h3 a7a6 h1h2 e8e7 f2f4 e6e5 f4e5 c8f5 e2e3 d5d4 e5e6 f5e4 e1e2 b8c6 e6f7 g8f6 g4g5 d4e3 d2e3 h7h6 d1d8 e7d8 g5f6 c6d4 e2d1 a8c8 a2a4 d4f3 d1e2 f3h2 c3c4 a6a5 b1d2 h2f1 d2e4 g7g5 e2f1 g5g4 b2b3 c7c6 f1g2 c8b8 c1a3 f8a3 f7f8q h8f8 e4d2 a3b4 h3g4 d8e8 g2g3 b4d6
508,W,material_adjudication,106,0.325743,2540,2026-08-19 09:02:10,e2e3 h7h6 d2d4 c7c6 g1f3 e7e5 d4e5 b8a6 f3h4 f8c5 h4f3 c5d4 f1c4 a8b8 d1d4 f7f5 h1g1 b7b6 a2a4 a6c5 b1a3 d8c7 e1f1 c5d3 d4d3 f5f4 b2b3 c8b7 a3b5 c6b5 d3g6 e8f8 a4b5 f4e3 f2e3 g8e7 b3b4 e7g6 f3d2 c7e5 f1e2 e5a1 c4d5 b7d5 c1b2 d5e4 b2a1 b8d8 d2e4 a7a5 b5a6 b6b5 e4d2 d8a8 h2h3 f8g8 e2d1 g6f4 e3f4 h6h5 a1b2 g7g6 f4f5 a8a7 f5g6 h5h4 b2d4 a7a6 d4h8 g8h8 g1h1 a6g6 d1e2 g6g3 d2e4 d7d6 h1e1 g3g2 e2f1 g2c2 e4g5 d6d5 e1d1 h8g8 g5e6 g8h8 e6d8 h8g8 d1d5 g8f8 d5d4 c2c1 f1f2 c1b1 f2g2 b1b4 d4b4 f8e8 d8b7 e8f8 b4b5 f8g8 b5b6 g8h8 g2h1 h8g8
509,B,value_resign,58,0.265512,2545,2026-08-19 09:02:11,b2b4 b8c6 b4b5 h7h6 b5c6 g7g6 e2e4 a8b8 c6d7 e8d7 g1h3 c7c6 f1d3 b7b5 e1f1 e7e6 c1a3 c6c5 a3c5 d7e8 c5d6 f8d6 g2g3 d6c5 e4e5 b5b4 c2c3 f7f5 f2f3 f5f4 d3g6 e8f8 h3f4 b4c3 b1c3 c5d4 f4h5 a7a5 c3b5 d4a1 d2d4 b8b5 a2a4 b5b4 g3g4 c8b7 f1f2 d8d4 d1d4 a1d4 f2g2 d4c5 g4g5 h6g5 h1c1 g8h6 c1b1 h8g8
510,W,value_resign,45,0.403092,2550,2026-08-19 09:02:37,e2e4 c7c6 g1h3 f7f5 f1b5 e8f7 b5f1 b7b6 c2c3 c8b7 d2d3 b8a6 e1d2 c6c5 h3f4 d7d5 f4d5 f5e4 f2f4 e4d3 b1a3 e7e6 a1b1 b7d5 b2b4 d5g2 f1g2 g7g6 h2h3 f8h6 d1f3 f7f6 a3b5 a8c8 b5d6 d8d6 b4c5 h6f4 d2d1 f6g5 c5d6 g8h6 d1e1 h6g8 h1f1
511,W,value_resign,55,0.285755,2555,2026-08-19 09:02:51,e2e4 c7c6 e1e2 e7e6 g2g4 f7f5 h2h3 f5e4 b2b4 d8c7 c1b2 h7h6 a2a4 f8b4 g4g5 h6g5 c2c4 d7d5 g1f3 b8a6 b2g7 d5c4 g7b2 b7b5 b2h8 a6c5 f3h2 b4d2 e2d2 a8b8 f2f3 c7e7 a4b5 c8b7 f3f4 g5g4 d2e2 g4g3 b1d2 g3g2 f1g2 c6b5 d2e4 b7c6 e4c5 a7a6 d1f1 a6a5 e2f2 c6d5 g2d5 e6d5 a1e1 e7e6 e1e5
512,W,material_adjudication,66,0.331552,2560,2026-08-19 09:04:08,e2e4 e7e6 h2h3 e6e5 a2a4 b8c6 g2g4 e8e7 e1e2 c6d4 e2e3 b7b5 a4b5 g8h6 b2b3 g7g5 d1f3 d4e2 d2d4 e2d4 a1a5 c8a6 f1e2 d4f3 e3f3 c7c6 b5a6 f8g7 c1g5 e7f8 g5d8 a8d8 g4g5 h6f5 e4f5 f8e8 a5a1 h8f8 b1d2 h7h6 g5h6 d7d6 h6g7 e5e4 d2e4 d6d5 e4c3 d5d4 c3b5 c6b5 a1d1 d8b8 c2c4 b5c4 b3c4 f7f6 e2d3 b8d8 h3h4 f8g8 d1d2 e8f7 d2c2 f7g7 h4h5 g7h6
513,B,material_adjudication,103,0.364140,2565,2026-08-19 09:05:13,a2a3 f7f5 h2h4 d7d6 g1f3 a7a6 a3a4 a8a7 a4a5 h7h5 e2e4 b8c6 b1c3 c6a5 e1e2 e7e5 c3d5 e8d7 a1a5 f5e4 d2d4 g8h6 b2b4 h6f5 d4e5 d6e5 a5a3 f8d6 c1b2 d7e6 f3e5 c8d7 e5d7 e6d7 e2e1 d6b4 d5b4 d7e8 c2c4 c7c5 b4d5 d8d7 g2g3 f5d4 a3c3 a7a8 b2a3 a8d8 f2f3 e4e3 d5e3 d4f3 e1f2 d7d1 e3d1 d8d1 f2f3 d1d4 a3b2 e8d8 f3g2 h8e8 f1e2 e8e2 g2f3 e2b2 h1d1 d4d1 c3b3 b2b3 f3e2 d8e8 e2d1 b3a3 d1e1 a6a5 e1d1 e8f7 d1c1 a5a4 c1b2 a3b3 b2a2 f7f8 g3g4 h5g4 h4h5 b7b6 h5h6 b3b2 a2b2 g7h6 b2a3 g4g3 a3a4 g3g2 a4b5 g2g1q b5b6 f8g8 b6c7 g8g7 c7d7
514,B,value_resign,50,0.275602,2570,2026-08-19 09:06:29,f2f4 b8a6 a2a4 f7f5 b1a3 b7b6 b2b3 c7c6 g2g4 e7e6 f1g2 d8h4 e1f1 d7d5 b3b4 h4g4 a4a5 g4f4 g1f3 f4d6 h2h4 e6e5 b4b5 d6c5 b5a6 f8d6 e2e3 c5a3 f1e2 a3a1 e2f2 e5e4 g2h3 e8f7 h4h5 h7h6 c1b2 a1d1 h1d1 e4f3 b2d4 b6b5 f2f3 f5f4 d4b6 a7b6 h3g2 a8a7 e3f4 f7e6
515,B,checkmate,26,0.345357,2575,2026-08-19 09:07:49,b1a3 g8f6 b2b4 b8c6 g2g4 f6g4 a3b5 g4h6 b5c7 d8c7 g1f3 b7b6 f1h3 c6b4 h3e6 a8b8 a2a3 b6b5 h2h4 c8b7 a3b4 d7e6 f3d4 c7c6 a1b1 c6h1
516,B,value_resign,64,0.385777,2580,2026-08-19 09:09:24,b2b3 a7a5 c2c3 e7e5 g2g3 b7b5 h2h3 g8f6 c1b2 f6e4 h1h2 h8g8 e2e3 c8b7 f1b5 c7c6 d1e2 c6b5 d2d4 e5d4 c3d4 d8f6 b2a3 f8a3 e1d1 h7h5 f2f3 e4d2 d1d2 g7g6 b1c3 d7d5 h3h4 a3b2 c3d5 b7d5 e3e4 a5a4 e4d5 e8f8 e2b5 b8d7 b5c6 b2a1 c6f6 d7f6 d2e2 f6d5 b3b4 f7f6 g3g4 h5g4 h2h1 g6g5 h4g5 f8g7 g5g6 a8e8 e2f2 g8f8 g1e2 g7g6 f2e1 g6f5
517,B,value_resign,56,0.235023,2585,2026-08-19 09:09:52,e2e4 g7g6 g1f3 g6g5 g2g4 f8g7 f3g5 b7b6 f2f3 c8a6 b2b3 a6e2 d2d4 b6b5 e1d2 d7d6 f1h3 e2d1 h1d1 c7c5 e4e5 b8d7 a2a3 d8c7 a3a4 g8f6 h3g2 h8f8 g5f7 e7e6 g4g5 d6e5 d1f1 c5d4 g5g6 e8e7 f7g5 d4d3 d2d1 h7g6 b3b4 e5e4 a4a5 e4f3 c1f4 c7f4 f1f3 f4h2 f3d3 a8b8 g5e4 h2g2 b1d2 g7h6 a1c1 b8a8
518,W,value_resign,87,0.475985,2590,2026-08-19 09:12:25,b2b4 b7b6 a2a3 b8c6 f2f4 g8f6 d2d3 g7g6 f4f5 h7h5 a1a2 h8h7 f5g6 a8b8 c1g5 c6d4 a2a1 f7g6 g5e3 c8b7 e3d4 a7a6 d4e5 b8c8 d1d2 h7h8 e5b2 e7e6 h2h4 f8d6 d2d1 d6g3 e1d2 f6g4 e2e4 g4f2 b2h8 f2d1 d2d1 e8f7 a3a4 b6b5 a4a5 e6e5 g1e2 c8b8 e2g3 b8c8 g3e2 f7e8 c2c3 e8f7 b1d2 d8h8 h1h2 h8d8 d2b1 f7g7 d1c1 d7d5 e4d5 c8b8 c1b2 d8d6 h2h1 e5e4 b1d2 e4d3 h1g1 g7g8 e2d4 c7c6 c3c4 b5c4 d4c6 d6d5 c6b8 d5d4 b2b1 c4c3 b8c6 c3d2 c6d4 g8g7 g2g4 b7f3 f1g2
519,B,checkmate,60,0.454710,2595,2026-08-19 09:12:26,e2e4 e7e6 c2c3 d7d5 e4e5 f7f5 f2f4 a7a6 e1e2 g8e7 c3c4 b8d7 e2f2 c7c6 a2a4 h7h6 f2e2 h6h5 d2d4 b7b5 g1f3 e7g6 d1e1 a6a5 g2g4 c6c5 a4b5 h5g4 b2b4 g4f3 e2f3 e8e7 d4c5 d8c7 f3e2 a5a4 a1a4 a8a4 f1g2 a4b4 b5b6 d7b6 c5b6 c7b7 c4d5 e6d5 b1a3 b4b3 g2d5 b7d5 h2h3 b3a3 c1a3 e7e8 a3b2 c8b7 e5e6 f8c5 b2c3 b7a6
520,W,checkmate,7,0.290460,2600,2026-08-19 09:14:02,e2e3 h7h6 c2c4 g7g5 a2a3 f7f6 d1h5
521,W,value_resign,87,0.278144,2605,2026-08-19 09:15:14,e2e4 e7e6 e4e5 g8h6 g1f3 b7b6 b2b3 f7f6 d2d3 c7c5 g2g3 h6g4 f1g2 g4f2 c2c3 f8d6 h2h4 d8e7 c1e3 g7g5 h1f1 d6e5 f1f2 e5f4 f2f1 f4g3 e1d2 g5g4 d1c1 h7h5 f3g5 f6g5 e3g5 e8d8 g5e7 d8e7 g2e4 c8a6 c3c4 b6b5 d2d1 b5c4 b3c4 h8g8 f1f6 e7f6 b1a3 g3h4 c1f4 f6g7 e4a8 a6c4 a8e4 e6e5 f4d2 c4d3 e4d3 g7f7 d3e4 g8e8 a3c2 g4g3 a1c1 c5c4 e4d5 f7g6 d2e1 c4c3 e1e2 b8c6 d1e1 e8f8 e2d1 f8e8 e1f1 c6b4 c2b4 e8f8 f1e2 f8e8 a2a3 c3c2 d1e1 e8f8 c1c2 f8e8 c2c4
522,W,value_resign,67,0.331525,2610,2026-08-19 09:17:25,b2b4 b8c6 f2f3 d7d5 g1h3 g8f6 h3g5 d5d4 c1a3 d8d5 e2e3 a8b8 d2d3 c8e6 b4b5 c6a5 f1e2 e6f5 a3b2 f5e4 h1f1 c7c6 c2c4 d5c4 d3c4 e4g6 b5b6 h7h6 d1c2 h6g5 b2d4 a7b6 b1c3 h8g8 f3f4 g6c2 d4f6 c2f5 g2g4 c6c5 g4f5 g5f4 f6e7 e8e7 e3f4 g7g6 c3a4 g6f5 a1c1 f7f6 a4b6 g8g7 h2h3 g7g6 a2a3 e7d8 c1b1 b8c8 b6c8 f8d6 c8b6 d6f4 f1f4 d8e7 f4f5 e7f8 e2f1
523,B,checkmate,66,0.343559,2615,2026-08-19 09:17:41,e2e4 b8c6 f2f3 g7g6 b1c3 b7b6 b2b3 c6d4 f1d3 d7d6 c1a3 e7e5 c3a4 f7f6 g2g4 g8e7 e1f2 c8a6 a3b4 d4e6 d3a6 c7c5 a6b7 a7a5 b7d5 c5b4 d5c6 e7c6 a1c1 f8h6 g1h3 h6d2 d1d2 f6f5 d2e1 c6e7 e4f5 e7f5 g4f5 e5e4 f3e4 e6c7 h3f4 g6g5 f2g3 g5f4 g3f4 h7h5 c2c3 b4c3 h2h3 d8f6 a4c3 e8f7 c3a4 a8e8 c1c7 f6e7 h1f1 e7c7 f1h1 d6d5 f4g5 e8e4 a4b6 c7f4
524,B,value_resign,64,0.261603,2620,2026-08-19 09:18:55,b2b4 b7b6 h2h3 g7g5 d2d4 f7f5 c1g5 c7c6 a2a3 h7h5 b1d2 e7e5 g5e7 d8e7 a1b1 d7d5 d2e4 b8a6 b1a1 f8g7 d4e5 e7b7 e4d6 e8d7 g2g4 f5g4 g1f3 d7e7 e5e6 d5d4 h3g4 e7d6 f3h2 h5g4 c2c4 h8h2 h1h2 b7e7 a1c1 d4d3 e2d3 e7e6 f1e2 g7d4 h2h8 a6c7 e1f1 d4h8 f2f4 e6f6 d3d4 b6b5 e2d3 a7a5 d1e1 a5b4 a3b4 c8b7 e1e5 f6e5 f4e5 d6d7 c4b5 c6b5
525,W,value_resign,32,0.385054,2625,2026-08-19 09:20:10,b1a3 g8h6 b2b3 d7d5 e2e4 c8h3 g1f3 g7g6 e4d5 b7b5 a1b1 h8g8 d1e2 b8a6 c1b2 d8d7 e2b5 f7f6 g2h3 e7e5 b5d7 e8d7 d2d3 f8b4 b2c3 a8b8 e1e2 h6g4 b1e1 g8e8 h3g4 c7c5
526,B,value_resign,92,0.352026,2630,2026-08-19 09:21:58,f2f4 f7f6 c2c3 c7c6 b1a3 g8h6 f4f5 h6f5 d2d3 b7b6 g1h3 c6c5 h3f4 g7g5 d1d2 f5d4 a1b1 c5c4 e2e4 c4d3 e1d1 e7e5 f4e6 d7e6 c3d4 e8f7 d2e1 f7g6 b2b3 f8g7 d4e5 f6e5 c1f4 g5f4 a3b5 d8e8 h1g1 a7a5 a2a4 d3d2 e1d2 f4f3 g2f3 g6f7 f1g2 a8a7 b5a7 f7g6 a7c8 h8f8 c8b6 f8f6 g2f1 g6f7 d1e2 h7h6 d2a5 f7f8 h2h4 b8c6 a5a6 c6b4 e2d1 b4a6 a4a5 f8f7 f3f4 f6f4 f1a6 f4h4 g1g7 f7g7 d1d2 e8c6 a6f1 h4e4 f1g2 g7g6 g2e4 c6e4 b6d7 e4b1 d2e3 g6f5 e3f2 e5e4 f2g2 f5g4 g2f2 g4f5 f2g2 f5g4
