game,outcome,end_reason,n_moves,loss,steps,timestamp,moves
1,W,value_resign,25,0.196232,5,2026-09-02 02:51:00,e2e3 d7d5 f2f4 g7g5 g2g3 c8d7 a2a3 d5d4 h2h3 b7b5 h1h2 h7h6 f4g5 e7e6 b2b4 d8g5 e3d4 g5f4 g3f4 g8e7 f1d3 e7d5 c2c4 c7c5 e1f2
2,W,value_resign,36,0.203096,10,2026-09-02 02:53:15,b1c3 c7c6 g2g3 f7f5 d2d3 h7h6 g3g4 e7e6 d3d4 f8b4 c1d2 d8e7 d2h6 g7g6 h6f8 e7g7 f8g7 d7d5 e1d2 b4c3 b2c3 g8f6 e2e3 f6e4 d2d3 a7a5 g4g5 h8h7 g7e5 b7b5 a2a3 e8f7 e5d6 c8b7 a1b1 b8d7
3,B,value_resign,37,0.278164,15,2026-09-02 02:53:29,a2a3 a7a5 f2f3 b7b5 c2c4 f7f5 h2h3 d7d5 f3f4 h7h5 d1c2 g8f6 d2d4 c8d7 c2d3 f6h7 d3f3 h7f6 g2g3 b8c6 f3h5 f6h5 g3g4 c6d4 h1h2 c7c5 e2e3 h8g8 b1d2 d4b3 g4h5 b3a1 c4b5 a8b8 f1c4 e8f7 c4d5
4,B,value_resign,42,0.162039,20,2026-09-02 02:54:32,e2e3 d7d5 f2f4 h7h5 e3e4 d5d4 e1e2 g8h6 a2a4 c8e6 a4a5 a7a6 e4e5 h8g8 d1e1 e6d7 f4f5 c7c6 e5e6 h5h4 b2b4 c6c5 c1b2 c5b4 e6d7 d8d7 g1h3 d7d5 g2g3 e7e5 f5f6 d5h1 f1g2 h1g2 h3f2 g7g5 e1f1 g2f1 e2f1 g5g4 d2d3 h4g3
5,W,value_resign,45,0.209368,25,2026-09-02 02:55:11,a2a4 b7b6 g1h3 d7d6 a4a5 c7c5 h3g5 f7f6 b2b3 b8c6 h1g1 d6d5 e2e3 c6d4 f2f4 h7h5 f1b5 c8d7 b5c6 d4f3 e1f1 d7c6 g5e6 d8b8 e3e4 e8f7 g2f3 h5h4 f4f5 g7g6 e4d5 c6d5 e6f8 b6a5 f8d7 b8c8 f5g6 f7e6 g6g7 c8d7 g7h8q d7d6 f1e2 a7a6 g1e1
6,W,value_resign,49,0.195684,30,2026-09-02 02:56:01,b2b4 b8a6 b1a3 b7b5 f2f4 h7h6 d2d4 c7c5 c1d2 c5d4 g1h3 g8f6 f4f5 d7d5 a1b1 a8b8 a3b5 b8b5 a2a4 d4d3 a4b5 d3e2 f1e2 h8h7 b5a6 c8d7 d2c1 d7c8 c1g5 h6g5 c2c4 c8a6 b4b5 a6b5 c4b5 g5g4 h3f4 d8b6 b1c1 e7e5 f5e6 f8b4 e1f1 b6c7 c1c7 e8d8 d1c1 h7h6 c1d2
7,B,value_resign,50,0.180157,35,2026-09-02 02:56:14,e2e3 a7a5 g1f3 g8h6 f1b5 g7g5 e1g1 f7f6 d2d4 c7c6 h2h3 c6b5 d1d2 g5g4 f3h2 h6f7 b2b3 f8h6 d2e2 e7e6 c1a3 h6g7 h3g4 b7b6 g4g5 f6g5 a3b2 e8g8 b1a3 a5a4 f2f4 d8e7 c2c3 b5b4 c3b4 a4b3 a2b3 c8b7 a3b5 g5f4 a1a8 b7a8 b5c7 f4e3 c7e6 d7e6 b2c3 b6b5 f1a1 g8h8
8,W,value_resign,51,0.224988,40,2026-09-02 02:56:26,a2a4 b7b6 g1h3 h7h6 b2b4 f7f5 h3g1 a7a6 b1c3 b6b5 c3b1 b5a4 h2h4 g8f6 g1h3 h8h7 h4h5 d7d5 d2d3 c7c6 a1a3 c8d7 c1d2 f6h5 a3a4 g7g5 d2c3 e7e6 h1h2 a8a7 d3d4 d8f6 a4a5 g5g4 h3f4 f6e7 h2h5 a7b7 b1d2 e8d8 a5a3 h7g7 d1b1 g7g6 f4g6 d8e8 g6e7 b7a7 b1a1 a7a8 a1a2
9,W,checkmate,7,0.143825,45,2026-09-02 02:56:39,g2g3 c7c6 e2e3 g7g5 f2f4 f7f6 d1h5
10,W,value_resign,53,0.198603,50,2026-09-02 02:56:51,g2g3 h7h6 g3g4 e7e6 e2e3 f7f6 d2d3 a7a5 b1c3 f8e7 c3d5 e7a3 e1e2 a8a6 d3d4 a3e7 d5e7 g8e7 e3e4 g7g6 h2h4 b8c6 b2b3 e8f7 e4e5 f6e5 d4e5 d7d5 a2a3 h6h5 f2f3 h5g4 f1g2 g4f3 g1f3 e7f5 c1g5 d8e8 c2c3 a6a7 g2h3 f5h4 f3h4 h8h4 g5h4 f7g8 b3b4 e8e7 h4e7 c6b4 a3b4 c7c6 d1c1
11,W,value_resign,57,0.154438,55,2026-09-02 02:57:41,e2e3 d7d5 e1e2 h7h5 e3e4 b7b6 e4d5 e7e6 d5e6 d8e7 b2b3 e7e6 e2d3 h8h7 a2a3 a7a5 d3d4 b6b5 d1h5 a5a4 h5h7 b5b4 a3b4 g8f6 c1a3 f6h7 a3b2 f7f6 b4b5 b8d7 b3a4 g7g5 g1f3 a8b8 d4d3 g5g4 f3d4 e6e7 d3c3 c8b7 h2h3 e7d8 d4e6 c7c5 e6d8 g4h3 d2d3 e8d8 h1h3 b8a8 h3h7 a8b8 b1a3 f8h6 f2f4 b8c8 c3c4
12,B,value_resign,60,0.195967,60,2026-09-02 02:58:18,a2a3 c7c6 b2b3 f7f6 d2d3 b7b6 a1a2 c6c5 d3d4 b6b5 e2e3 b8a6 g1e2 c5d4 e1d2 e7e5 e3d4 e5d4 a3a4 a8b8 a4b5 b8b5 e2d4 h7h6 a2a6 c8a6 c2c4 b5b6 d4e2 b6b7 h1g1 g8e7 b1a3 g7g5 a3c2 b7b8 c1b2 d7d5 b2f6 d5c4 c2d4 c4b3 f6h8 e7g6 d2c3 g6h8 d4e6 d8d1 e6f8 b8a8 c3b4 h8f7 f2f3 e8f8 e2c3 d1d8 c3d5 a8b8 f1b5 a6b5
13,W,value_resign,61,0.150830,65,2026-09-02 02:58:31,a2a4 b8c6 e2e3 e7e6 b2b4 c6d4 a4a5 f7f5 f1e2 e6e5 h2h4 d8e7 g2g3 g7g5 a1a3 g5g4 c1b2 e8f7 b2c3 h7h5 f2f4 f8g7 c3d4 e5d4 e2c4 f7f8 e1e2 c7c6 c4g8 e7e3 d2e3 b7b6 d1d2 f8g8 b4b5 b6a5 e2f1 c6b5 f1e1 a8b8 d2a5 b5b4 a3a1 b4b3 c2b3 b8b5 a5b5 c8b7 b1d2 b7d5 b5d5 g8f8 d5c4 a7a6 e1d1 f8e7 c4f1 g7e5 f1g2 d7d5 b3b4
14,B,value_resign,62,0.156547,70,2026-09-02 02:58:43,b2b4 a7a5 g1f3 h7h6 b1a3 a5a4 f3e5 g7g5 b4b5 b7b6 a1b1 g5g4 e5c6 b8c6 d2d3 c6d4 c2c4 e7e6 h2h3 f8e7 c1e3 g8f6 e3d2 g4h3 a3c2 f6g4 h1h3 g4f2 c2d4 f2h3 e2e3 f7f6 g2h3 e8f8 d1e2 h6h5 b1d1 a4a3 d4c2 h5h4 d3d4 c8b7 c2a3 a8a3 d2c1 a3a5 d1d2 e7b4 a2a3 b4c3 e1d1 c3d2 c1d2 f8e7 d2a5 b6a5 d1e1 a5a4 c4c5 b7e4 b5b6 e4f3
15,W,checkmate,43,0.172364,75,2026-09-02 02:59:52,a2a4 e7e6 g1h3 h7h6 d2d3 c7c6 b2b3 a7a6 a1a3 f8b4 c1d2 f7f6 h3g5 f6g5 d2b4 g5g4 b4c3 g8f6 g2g3 e8e7 c3f6 e7f6 d3d4 e6e5 h2h4 h8h7 c2c4 a6a5 b1c3 d8e7 d1c1 h6h5 b3b4 c6c5 b4a5 h7h8 c3b5 a8a5 d4e5 f6e5 c1f4 e5e6 b5c7
16,W,value_resign,23,0.179886,80,2026-09-02 03:00:41,e2e3 g7g6 a2a4 d7d5 e1e2 a7a6 b2b4 d5d4 e3d4 e7e5 d4e5 f8b4 f2f3 d8d7 c1b2 b4a5 b2c3 d7d3 c2d3 a5b4 c3b4 h7h5 h2h3
17,W,value_resign,77,0.172660,85,2026-09-02 03:01:42,b2b4 b7b6 a2a4 f7f5 b1a3 b8c6 d2d3 c6d4 e2e3 b6b5 a4b5 e7e5 e1d2 f8b4 c2c3 b4c3 d2c3 a7a6 g1e2 d7d6 b5a6 c7c5 h2h4 h7h6 a3b5 h8h7 h1h2 c5c4 b5a3 c4d3 d1d3 c8a6 e2d4 a6d3 c3d3 e5d4 c1b2 d4e3 a3b5 e3f2 a1a8 d8a8 b5c7 e8f8 c7a8 g8f6 b2f6 g7f6 h2h3 h7d7 h4h5 f8f7 d3e2 d6d5 h3d3 f5f4 e2f2 d5d4 d3d1 f4f3 g2f3 d4d3 f2g1 d7e7 d1d3 e7e6 f3f4 e6e5 f1h3 e5d5 d3b3 d5b5 b3b5 f6f5 b5b1 f7e8 g1h1
18,W,material_adjudication_moderate,78,0.220273,90,2026-09-02 03:01:55,b2b4 b7b6 a2a4 f7f5 a1a3 d7d6 b4b5 b8c6 b5c6 e7e5 c1b2 e8f7 g1h3 g8e7 b2c3 d6d5 d1c1 d5d4 h3g5 f7e8 g5e6 c8e6 c1b2 d4c3 a3c3 a8c8 c3g3 e6d5 d2d3 d5e4 d3e4 f5e4 g3c3 e7c6 c3c6 d8e7 e1d2 e7b4 b2b4 f8b4 d2e3 g7g6 c2c3 b4d6 c6d6 c7d6 b1d2 h8f8 d2e4 e8f7 h2h4 h7h5 h1h2 c8c7 h2h3 f8a8 e4d2 c7c3 e3e4 d6d5 e4e5 c3a3 h3a3 a7a6 a4a5 b6a5 a3a1 a8b8 a1a3 a5a4 a3a4 b8b7 a4a5 g6g5 a5a6 g5h4 a6a1 b7a7
19,W,value_resign,29,0.169471,95,2026-09-02 03:02:31,a2a3 c7c6 g1f3 f7f6 d2d3 f6f5 g2g3 d7d6 e2e3 e8d7 f3g1 a7a6 b2b3 e7e5 e1d2 d8g5 h2h4 g7g6 d2e1 g5g4 g1e2 f8g7 f2f3 h7h5 f3g4 b7b5 e3e4 c8b7 f1h3
20,B,value_resign,92,0.179735,100,2026-09-02 03:04:46,a2a4 e7e6 g1h3 f8b4 e2e3 a7a6 b1c3 b4c3 g2g3 c3b4 c2c3 a6a5 e1e2 d8f6 c3b4 h7h6 b4a5 d7d5 d2d4 h8h7 f1g2 f6e7 g2f3 f7f5 b2b4 e7d6 b4b5 g7g6 h1g1 h7e7 c1b2 c7c6 g3g4 d6h2 b5c6 b7c6 g1h1 h2d6 g4f5 e6f5 d1d2 e8f7 b2c3 g8f6 a1e1 g6g5 h3f4 d6f4 e1g1 g5g4 g1g4 f5g4 f3g4 c8d7 e2d3 f4g4 h1g1 d7e6 g1g4 f6g4 d2e2 e7b7 a5a6 a8a6 e2g4 e6g4 c3b4 b7b5 a4b5 c6c5 b5a6 b8a6 b4c5 h6h5 c5b6 a6b4 d3c3 g4h3 c3b4 h3e6 b6c5 h5h4 b4b5 h4h3 b5c6 h3h2 c5b6 h2h1q b6a7 h1h2 a7b6 f7g8
21,W,value_resign,55,0.198221,105,2026-09-02 03:05:49,e2e3 d7d5 f2f4 h7h5 g1e2 h8h6 e3e4 h5h4 a2a3 c8g4 b2b3 h6h8 e1f2 b8c6 d1e1 e7e5 d2d4 c6b4 f4e5 b4c2 e1d2 g4e2 f2e2 h4h3 d2c3 g7g6 c1d2 a7a5 e2f2 c2a1 c3a1 g8e7 e4d5 h3g2 f2g2 b7b5 g2f2 e8d7 d5d6 a5a4 d6e7 f8e7 b3a4 h8f8 a4b5 f7f5 b1c3 a8a3 a1b2 a3a6 b5a6 c7c6 c3d5 c6d5 f1g2
22,B,value_resign,48,0.150697,110,2026-09-02 03:06:15,a2a3 c7c6 e2e4 f7f6 g1e2 d8b6 e4e5 d7d6 e5f6 e7f6 f2f4 a7a6 e2c3 b6a7 b2b4 a7d4 g2g4 a6a5 c3d5 a5b4 a3b4 d4a1 b1c3 c8f5 d2d3 f5g4 c1d2 g4d1 f1g2 a8a2 c3a2 b8a6 g2f3 c6d5 b4b5 d1f3 e1f2 g8e7 h1a1 a6b4 f2e1 e8d8 a2c1 b4c2 e1f1 c2a1 d2b4 f6f5
23,B,checkmate,54,0.135722,115,2026-09-02 03:07:16,e2e3 g7g6 e1e2 g8h6 h2h4 h8g8 e3e4 d7d5 e4e5 f8g7 h4h5 a7a6 f2f3 e8f8 g2g3 g6g5 e2e1 c7c6 e1e2 c8f5 d2d4 b7b6 b2b4 f5g4 f1h3 b6b5 h3g2 g4f3 g1f3 h6f5 a2a3 d8e8 f3g5 g7h6 g5h7 f8g7 c1b2 e8f8 b1d2 g7h7 h1f1 b8d7 d2f3 f5e3 d1d2 c6c5 d2e3 h6e3 e2e3 c5b4 e3f4 f8h6 f4f5 e7e6
24,W,value_resign,34,0.167197,120,2026-09-02 03:07:42,e2e4 b8c6 g2g4 g8h6 a2a4 a7a5 d2d3 d7d6 a1a3 a8b8 f2f3 f7f6 d3d4 c6d4 c2c4 c8f5 g1e2 h6g4 f1h3 g4h2 e4f5 d8d7 a3a1 d7f5 h3f1 d4b3 e2g1 h8g8 d1b3 b7b6 h1h2 g7g6 f1h3 e8d7
25,W,value_resign,59,0.137792,125,2026-09-02 03:08:58,a2a3 h7h5 b2b3 g7g6 e2e4 f7f5 f1a6 g6g5 d2d3 b7a6 f2f3 h5h4 c1b2 d7d6 e1d2 g8h6 d2e2 c8e6 e4e5 b8c6 e5d6 h6f7 b2f6 e8d7 f6e7 f7e5 e7d8 d7d8 g1h3 e6d7 b3b4 f8d6 d3d4 a6a5 d4e5 a5b4 e5d6 g5g4 h3g5 c6b8 d1c1 b8a6 g5h7 h8h7 c1b2 h7h8 a3b4 a6b4 c2c3 a7a5 c3b4 h8f8 d6c7 d8c7 b2c3 d7c6 b4b5 a5a4 b5c6
26,W,value_resign,51,0.198255,130,2026-09-02 03:09:11,a2a3 b7b5 c2c4 a7a6 a3a4 e7e5 h2h4 b5a4 h4h5 c8b7 c4c5 g7g6 a1a4 a8a7 d2d3 a7a8 h5h6 a8a7 g1f3 g8h6 a4a1 b7f3 g2f3 a7b7 c1h6 f7f6 a1a3 f8h6 f1g2 d7d5 f3f4 e5f4 b1d2 d8d7 h1f1 e8e7 d1b1 e7d8 a3a4 g6g5 b1a1 g5g4 a4a5 d5d4 g2b7 d7c6 b7c6 b8c6 e2e3 f4e3 f2f3
27,W,checkmate,41,0.212009,135,2026-09-02 03:11:09,a2a3 a7a5 d2d4 b7b5 d4d5 a5a4 g2g3 a8a6 e2e4 e7e6 f1b5 c8b7 b5a6 b8a6 c1g5 h7h6 e4e5 b7c6 d5c6 g8f6 e1e2 h6g5 d1f1 f6e4 b1c3 f8e7 f2f3 d7d5 f3e4 a6c5 c3b5 f7f6 c2c3 f6e5 e4d5 e6d5 g1f3 h8h5 f3e5 h5h8 f1f7
28,W,material_adjudication_moderate,90,0.225140,140,2026-09-02 03:12:03,a2a4 e7e6 f2f4 h7h6 e2e3 f7f6 b2b4 c7c6 a4a5 h8h7 e1e2 f8b4 c2c4 a7a6 h2h4 h7h8 f4f5 d8a5 a1a5 h6h5 b1a3 e8d8 h1h2 g8h6 e2f3 b4a5 g1h3 h6g4 f3g3 g4h2 g3h2 g7g6 f5g6 d8e7 g6g7 h8g8 c1b2 e7f7 a3b1 g8g7 d1a4 b7b6 e3e4 g7g3 h2g3 e6e5 g3h2 a5d2 b1d2 c8b7 d2b1 a6a5 b2c3 b6b5 a4a2 b5b4 a2a1 b4c3 b1c3 c6c5 c3b5 a5a4 g2g3 a8a6 f1g2 a6e6 a1c1 b7c6 h3g1 b8a6 g1f3 a6b4 c1d2 c6b5 c4b5 c5c4 h2h1 b4d3 h1g1 f7g7 g2f1 a4a3 f3e5 f6e5 f1d3 c4d3 b5b6 a3a2 d2a2 g7f6
29,B,value_resign,62,0.141611,145,2026-09-02 03:12:57,e2e4 b8c6 g2g4 g8h6 a2a4 g7g6 d2d3 h8g8 c1g5 a7a5 f1e2 a8b8 g5h6 f7f6 h6f8 g8f8 f2f3 c6e5 d3d4 e5c6 b1d2 c6d4 g4g5 f6g5 h2h4 d7d5 e1f1 d8d7 h4g5 d4e2 g1e2 h7h6 b2b4 a5b4 e2d4 c7c5 d4b5 h6g5 c2c3 b4c3 e4d5 c3d2 d1e1 f8f3 f1e2 g5g4 e1d2 c5c4 a4a5 e8f7 a1a4 d7b5 a4a3 c8d7 d5d6 e7e6 a3a4 b5a4 h1g1 a4b3 g1g3 f7e8
30,B,material_adjudication,71,0.168099,150,2026-09-02 03:13:24,a2a4 e7e6 e2e3 e6e5 g2g3 g7g6 g1h3 f8h6 f2f3 f7f6 f1e2 e5e4 f3e4 h6e3 a4a5 e3d4 e2b5 e8f7 d1e2 a7a6 e4e5 a6b5 e5e6 d7e6 e1f1 e6e5 c2c3 g8e7 c3d4 d8d4 a1a3 c8h3 f1e1 h3f5 b2b3 b8d7 b1c3 b5b4 c1b2 b4a3 c3b5 a3b2 b5d4 b7b5 d4f5 g6f5 d2d4 e5e4 e2b2 h7h5 e1f1 e7d5 a5a6 f5f4 f1f2 f4f3 b3b4 d7b6 h1a1 d5b4 b2a3 b4d5 a1b1 b5b4 a3b4 d5b4 b1a1 f7f8 g3g4 h8h7 a1f1
31,W,value_resign,29,0.141746,155,2026-09-02 03:14:04,e2e3 g7g6 a2a4 g8h6 f2f3 h8g8 e3e4 f7f5 b1c3 a7a5 d2d3 c7c5 c3b5 f8g7 c1h6 c5c4 h6g7 c4c3 e1f2 c3b2 g7b2 d8b6 b2d4 e7e5 d4b6 b8c6 e4f5 c6b4 g2g4
32,W,value_resign,79,0.167121,160,2026-09-02 03:14:18,e2e3 d7d5 e1e2 b7b6 a2a3 c7c6 b2b4 f7f6 h2h4 e8d7 g1f3 h7h5 c2c4 d8c7 b4b5 c8b7 f3g1 d5c4 a3a4 c6b5 a4b5 c7e5 d2d4 e5d5 g2g3 c4c3 f1h3 e7e6 b1c3 d5h1 d1e1 g8e7 f2f3 a7a5 b5a6 b7d5 g3g4 h5g4 h3g4 g7g6 c3d5 e7d5 e3e4 d5c7 c1b2 b8a6 a1a6 h1g2 e1f2 g2h1 a6a8 c7a8 e2f1 f6f5 e4f5 e6f5 g4h3 h8h4 f2h4 b6b5 b2a3 b5b4 a3b4 f8b4 h4g5 b4c3 g5e3 h1h2 e3c3 d7e7 h3g4 f5g4 f3g4 h2c2 c3c2 e7f8 g1e2 f8e8 g4g5
33,W,value_resign,33,0.166132,165,2026-09-02 03:14:31,a2a3 b8c6 d2d3 g7g6 c2c4 a7a6 h2h3 d7d5 f2f4 c6d4 e2e3 g8h6 f1e2 a8a7 e3d4 c8h3 g2h3 h6g8 b1c3 g6g5 c3d5 d8d5 c4d5 h7h5 d1b3 h8h7 e1d2 g5g4 f4f5 e7e6 h3g4 g8e7 g1f3
34,W,value_resign,47,0.239649,170,2026-09-02 03:14:57,a2a3 a7a5 g2g3 a8a7 d2d4 a5a4 e2e4 c7c5 b1d2 c5c4 f2f3 b7b5 f1g2 g7g5 b2b3 e7e5 g1e2 d7d5 g2f1 f7f6 b3a4 e5d4 e2d4 a7a4 d4b3 c4b3 d2b3 b5b4 d1d5 c8e6 d5e6 g8e7 a3b4 a4a1 b3a1 b8c6 c1g5 f6g5 c2c3 d8b6 e1d2 c6d4 e6b6 f8h6 f1b5 e8f8 g3g4
35,B,material_adjudication_moderate,113,0.181793,175,2026-09-02 03:17:21,b1c3 c7c6 g2g3 f7f6 d2d3 b8a6 a2a3 h7h6 b2b3 e8f7 h2h3 b7b5 e1d2 c6c5 c3b1 f6f5 e2e4 g7g5 d2e3 d7d5 h3h4 a8b8 e3d2 c5c4 c1b2 d8d6 h1h2 b8b7 h4h5 e7e5 f2f3 f8g7 g1h3 d6f6 e4d5 c4d3 c2d3 a6c7 b2c3 f5f4 h3f4 g5f4 a1a2 c8g4 d1e1 g8e7 f3g4 e7d5 c3a5 h8e8 d2d1 e8e7 f1g2 b7b6 b1c3 f4g3 g2d5 c7d5 c3d5 g3h2 d5f6 h2h1q e1h1 g7f6 a5b6 a7b6 h1h3 f7e6 a2a1 f6g7 h3e3 g7f8 e3b6 e6d5 b3b4 e7e6 g4g5 e6b6 g5h6 f8h6 a1b1 h6g5 h5h6 g5h6 b1b2 h6g5 d1c2 b6h6 d3d4 e5e4 c2b3 h6f6 b2b1 g5h4 b1h1 h4g5 h1f1 f6f1 a3a4 g5f4 a4b5 d5d4 b5b6 e4e3 b6b7 f4b8 b3c2 d4e5 b4b5 e5f4 b5b6 f4g3 c2c3
36,B,value_resign,74,0.165194,180,2026-09-02 03:17:47,g2g4 a7a5 f2f4 c7c6 b1c3 d7d6 b2b3 a5a4 e1f2 b8a6 a2a3 e7e6 h2h4 a6c7 g1h3 e6e5 b3a4 c8g4 h3g5 d8g5 h4g5 e8d7 c3e4 a8d8 g5g6 c7d5 f1h3 g8f6 e2e3 f6e4 f2e1 e5f4 e3f4 d5f4 h3g4 f7f5 d2d4 d7e6 c1f4 d8e8 a4a5 f5g4 d1b1 f8e7 e1f1 e6f6 f1g2 e8f8 c2c3 f6f5 b1c1 e4c3 a3a4 c3e4 g2f1 f5g6 d4d5 f8f4 c1f4 h8f8 f4f2 f8f2 f1g1 g4g3 a1b1 g6g5 b1b2 h7h5 b2f2 g3f2 g1g2 g5f4 a5a6 g7g5
37,B,material_adjudication,77,0.193269,185,2026-09-02 03:18:13,b1c3 c7c6 g2g3 b7b6 d2d3 e7e6 e1d2 e8e7 f2f4 f7f5 g3g4 b8a6 h2h3 h7h5 c3e4 a6c7 h3h4 f5g4 e4g3 c8b7 f1g2 e6e5 g2e4 c6c5 a2a4 e7e6 a1a2 d8e7 a2a1 b7e4 g3e4 e5f4 g1h3 g4h3 d3d4 g7g5 h4g5 c5d4 c2c3 d7d5 e4d6 e6d6 b2b3 f8g7 c1b2 a7a6 c3d4 b6b5 a4b5 a6b5 a1a8 c7a8 h1h3 g8f6 g5f6 g7f6 h3c3 b5b4 c3c4 f6g5 c4b4 h8f8 b4b5 d6d7 d1g1 g5h6 b5d5 d7c6 g1g2 f4f3 e2e3 f3g2 d5c5 c6b7 d2d3 e7f7 d4d5
38,W,value_resign,32,0.178513,190,2026-09-02 03:19:03,e2e3 g8h6 f2f3 g7g6 e3e4 e7e5 b2b3 a7a6 g1e2 f7f6 c2c3 b8c6 e1f2 f8c5 d2d4 h6f5 d4c5 a6a5 d1d3 e8e7 f3f4 h7h6 h2h3 c6b4 d3d2 f5g3 e2g3 a8b8 d2b2 d7d5 e4d5 c8d7
39,B,value_resign,100,0.196152,195,2026-09-02 03:19:29,b2b3 f7f6 d2d4 c7c6 g2g4 h7h5 a2a4 g7g5 a1a3 d8a5 c2c3 d7d6 d1c2 d6d5 c1b2 a5d8 f2f3 f6f5 g4f5 e8f7 h2h4 f7f6 f3f4 b7b5 b1d2 f8h6 c2d3 g5f4 c3c4 a7a6 d2f3 c6c5 f1g2 b5c4 b3c4 d5c4 d3d2 c8b7 a4a5 f6f7 h1h2 d8d5 h2h1 g8f6 d4c5 d5d2 e1d2 c4c3 b2c3 b7c8 c3d4 c8b7 g1h3 b8c6 d4f6 e7f6 a3c3 f7e7 h1f1 c6b4 c5c6 b4c6 h3g5 e7d6 g5f7 d6d7 f7h8 a8h8 f3g5 f6g5 h4g5 h6g5 f1g1 g5h6 d2d3 h8a8 g2e4 c6a5 e4b7 a5b7 g1f1 b7d6 f5f6 d7e6 e2e3 f4e3 f1c1 e6f6 c1b1 f6e5 c3c7 h5h4 c7e7 e5f6 e7e3 h6e3 b1d1 h4h3 d1e1 e3d2
40,W,value_resign,63,0.151272,200,2026-09-02 03:19:29,f2f4 a7a5 d2d4 b8c6 g2g4 g8h6 b2b4 c6d4 c1d2 a5b4 f1h3 d4c2 e1f2 f7f5 g4g5 h6g4 h3g4 a8a3 d1c2 e7e5 h2h4 b4b3 b1a3 b3c2 g4f5 f8e7 a1c1 e7a3 g1f3 a3c1 h4h5 c1d2 h5h6 b7b5 f3e5 e8e7 h6g7 h8g8 f5h7 d7d5 h7g8 c2c1q h1c1 d2c1 e5c6 e7e8 c6d8 e8d8 g8d5 c1f4 g7g8q d8e7 e2e4 c8d7 a2a4 b5b4 f2f3 b4b3 f3f4 b3b2 g8h7 e7f8 e4e5
41,B,value_resign,30,0.180050,205,2026-09-02 03:20:42,a2a4 f7f6 b2b4 a7a5 d2d4 a5b4 c1h6 a8a6 e1d2 g7g5 f2f4 c7c5 d2c1 g5f4 d4d5 d7d6 h6f4 c8g4 d1d3 b4b3 a4a5 b8d7 f4d2 c5c4 g2g3 c4d3 c1b2 h7h5 c2c3 h8h7
42,W,value_resign,47,0.197727,210,2026-09-02 03:24:05,e2e3 h7h6 g2g4 e7e5 b1c3 f8d6 f1c4 c7c5 e1e2 g8f6 g4g5 f6g8 g5h6 g8f6 h6g7 h8g8 d2d3 e8e7 a2a4 a7a5 d1d2 e5e4 f2f4 e4f3 g1f3 b8a6 c3b5 d8b6 d2c3 f6e4 d3e4 d6e5 f3e5 d7d6 a1b1 d6e5 h1f1 a8b8 h2h4 f7f5 c4d5 b6b5 a4b5 a6b4 c1d2 b4d5 c3c4
43,B,material_adjudication,71,0.180467,215,2026-09-02 03:24:19,c2c3 e7e5 c3c4 g8e7 g1h3 d7d5 b1c3 b7b6 h3f4 e5e4 d2d3 e8d7 g2g4 e4d3 c3d5 e7d5 c4d5 c7c5 f4e6 f7e6 e2e3 h8g8 f1e2 a7a5 a2a4 d7e8 h2h4 c5c4 d5e6 a8a7 c1d2 c8b7 e2d3 b7h1 d3c4 d8h4 d1b3 b8c6 e1e2 h7h6 a1h1 h4g4 f2f3 g4g2 e2d1 g2h1 d1c2 h1h2 f3f4 g7g6 c2d3 g6g5 d2e1 c6e7 d3d4 g5g4 e3e4 e7c6 d4d5 c6d4 d5d4 f8g7 d4d3 a7c7 e1a5 b6a5 c4b5 e8f8 b3a3 c7e7 b2b4
44,W,value_resign,31,0.216739,220,2026-09-02 03:24:20,a2a3 c7c5 e2e4 f7f6 d2d4 e7e5 g2g3 g7g6 c2c3 c5d4 f2f3 g8h6 d1c2 b8c6 e1f2 d8b6 c1e3 a7a5 e3d4 f8c5 d4c5 b6c5 f2g2 c5b5 c2c1 e8f8 f1b5 c6d8 b5d7 c8d7 b1d2
45,W,value_resign,25,0.193713,225,2026-09-02 03:24:21,e2e3 g7g6 a2a4 g8h6 g1h3 c7c5 b2b4 a7a6 d2d4 f7f5 e1d2 c5b4 g2g4 f5g4 h3g1 h8g8 b1c3 g4g3 c3d5 d8b6 d5b6 b8c6 a4a5 c6b8 d2e2
46,B,checkmate,54,0.187844,230,2026-09-02 03:24:59,a2a3 a7a6 b1c3 g7g6 g2g4 e7e6 f2f3 f7f5 g1h3 f8h6 d2d3 b7b5 c3e4 c7c5 c1h6 g8h6 a1b1 d7d5 d1d2 d8d7 e4c5 h8g8 h3f2 h6g4 f1g2 g4f2 e1f2 b8c6 d2d1 d7d6 f3f4 d6c5 e2e3 c5d6 f2f3 e6e5 c2c3 b5b4 f4e5 c6e5 f3f4 e8d8 a3b4 h7h6 g2d5 e5g4 f4f3 d6d5 e3e4 d5d6 d1e1 f5e4 f3e2 d6d3
47,B,value_resign,50,0.236369,235,2026-09-02 03:25:38,g2g3 b7b6 h2h4 f7f6 a2a4 b8a6 a4a5 b6b5 g1h3 b5b4 c2c4 g8h6 h1g1 a6c5 d2d4 b4b3 f2f3 g7g6 b1d2 d7d6 e2e3 f6f5 d4d5 c5a4 d1b3 h6f7 e1f2 c8d7 e3e4 a7a6 g3g4 f5e4 f1g2 d8b8 d2e4 b8b3 a1a4 d7a4 c1e3 h8g8 e3d4 c7c5 d5c6 e7e5 h3f4 e5d4 g2h3 f8e7 f2g3 b3b2
48,B,material_adjudication_moderate,97,0.163543,240,2026-09-02 03:27:09,e2e3 b7b5 h2h3 a7a5 c2c3 b5b4 g1e2 c8a6 f2f4 h7h5 e3e4 g8h6 e2d4 h5h4 d1e2 b4c3 b1c3 a6e2 e1f2 e2c4 b2b3 b8c6 c1b2 h8h7 f1c4 c6d4 c4f1 d8b8 a1c1 d4b3 a2b3 a5a4 c3a4 b8b3 g2g4 h4g3 f2e1 a8a7 e1e2 b3a2 c1a1 d7d6 a1a2 a7a5 a2a3 f7f5 e2d3 c7c5 f1g2 e8d7 a4c3 a5a3 b2a3 e7e6 h1g1 h7h8 e4f5 h6f5 d3e4 c5c4 g1c1 g7g6 h3h4 h8h4 g2f1 f5e7 f1c4 g6g5 c4f1 g5f4 a3b2 e7f5 c3b5 h4h2 e4f4 h2d2 c1c2 d2c2 f1h3 f8g7 b2g7 f5g7 b5d4 g3g2 h3g2 e6e5 f4g5 e5d4 g2h3 d7c6 g5f6 d4d3 f6g7 c6b5 h3f1 b5b4 f1d3
49,W,material_adjudication_moderate,76,0.217738,245,2026-09-02 03:27:35,b1c3 c7c6 g2g4 b7b6 c3d5 f7f6 h2h3 e8f7 b2b3 b6b5 e2e3 f6f5 c2c3 e7e5 g1e2 h7h6 g4f5 c6c5 c1a3 d8g5 d5f4 g5f4 f1g2 f4f5 d2d3 c5c4 g2a8 b5b4 d1c2 b8c6 f2f4 b4a3 e3e4 f5h7 d3d4 c6d4 c3d4 d7d5 b3c4 e5d4 a8d5 c8e6 d5e6 f7e6 e2d4 e6f7 e1f1 h7e4 c2e4 g8f6 e4d5 f6d5 c4d5 a7a6 a1e1 a6a5 f1e2 f8e7 e1g1 e7f6 h3h4 h8b8 h4h5 b8b4 d4c6 a5a4 g1g4 f6e7 h1g1 g7g5 g1h1 g5f4 c6e7 f7e7 e2d3 e7d6
50,W,value_resign,39,0.184055,250,2026-09-02 03:27:48,e2e3 a7a5 d2d3 c7c6 a2a4 d8b6 g2g3 h7h6 a1a3 h8h7 g3g4 e8d8 b2b3 g8f6 c1b2 e7e5 f2f4 f6g4 h2h3 g7g6 h3g4 f8e7 f4e5 f7f6 g1f3 b6a7 f1g2 e7a3 b1a3 h7e7 e5f6 e7f7 e1e2 f7f6 b2f6 d8c7 g2h3 h6h5 g4g5
51,B,value_resign,76,0.227847,255,2026-09-02 03:29:25,a2a3 g7g5 a3a4 b8c6 f2f4 c6d4 c2c4 h7h6 f4f5 g5g4 e2e4 d4f5 e4f5 g4g3 c4c5 e7e6 f1b5 h8h7 a1a2 g8e7 g1e2 e7d5 e2g1 d8e7 e1e2 d5f4 e2f1 f8g7 d1e2 f4e2 g1e2 e8f8 f5e6 e7e6 e2d4 g7d4 b1c3 a7a6 b2b4 a6b5 c3b5 h6h5 b5d4 h7h6 d4e6 f7e6 h2g3 f8f7 c1b2 e6e5 f1f2 e5e4 a2a3 a8a6 h1h2 d7d6 b4b5 a6a8 a4a5 d6c5 g3g4 c8g4 b2c3 c5c4 b5b6 c7b6 a5b6 a8a3 h2h1 a3a5 h1h2 a5a4 h2h1 a4a3 h1h2 a3a5
52,B,value_resign,61,0.151197,260,2026-09-02 03:30:30,a2a3 b8c6 c2c3 g7g6 f2f4 e7e6 d2d3 c6d4 c3c4 g8e7 h2h4 a7a6 b1d2 f7f6 a1b1 a6a5 e2e3 d4c2 e1e2 c7c6 d1c2 a5a4 c2c3 h7h5 c3f6 f8h6 c4c5 h8g8 h1h3 e7f5 f6e5 h6g7 e5e4 d7d5 c5d6 f5d6 h3f3 e8e7 e2f2 d6e4 d3e4 g7f6 e4e5 d8c7 e3e4 c8d7 f4f5 g6f5 e5f6 e7f6 f1c4 g8h8 b1a1 f6e7 e4f5 e6f5 g1e2 h8f8 d2b3 a4b3 e2c3
53,W,value_resign,53,0.182556,265,2026-09-02 03:30:56,h2h4 f7f6 g2g3 g8h6 d2d4 b8a6 e1d2 a8b8 a2a3 b7b6 b2b3 a6b4 c1b2 c7c5 d4d5 b4d5 c2c4 b6b5 c4d5 c8a6 b2c3 e7e5 d5e6 c5c4 b3c4 d8b6 f1g2 h6g8 c4b5 d7d5 g1h3 d5d4 a3a4 e8e7 b5a6 g7g5 h4g5 f6g5 d1e1 b8a8 h3g5 b6c6 h1g1 e7d8 g2f3 d8c7 e1d1 g8e7 f3c6 c7c6 d1e1 h8g8 g5f3
54,W,checkmate,11,0.206407,270,2026-09-02 03:33:17,a2a3 c7c6 g2g3 b7b6 e2e3 f7f6 d2d3 h7h6 d1h5 g7g6 h5g6
55,B,material_adjudication,123,0.202104,275,2026-09-02 03:37:07,b2b3 b7b6 g1h3 c7c6 d2d3 d7d6 g2g3 f7f6 a2a4 e8d7 h1g1 h7h5 h3f4 d6d5 f1g2 h5h4 b1d2 h4h3 d2b1 h3g2 g3g4 g8h6 g4g5 h6g8 b1d2 c8a6 f4g2 a6d3 g2f4 a7a5 f4d3 h8h2 d2f1 b8a6 f1h2 a6c5 g5f6 g7f6 e2e3 c5d3 c2d3 d8b8 e1d2 b8h2 d1e2 h2g1 c1b2 g1g7 d2e1 e7e6 d3d4 b6b5 f2f4 g8e7 a4b5 e6e5 f4e5 c6b5 e5f6 g7f7 f6e7 d7e7 a1d1 e7f6 d1d2 f6e6 b2c1 f7f6 c1b2 e6f7 b3b4 f8b4 e1d1 b4d2 d1d2 a5a4 b2a3 b5b4 a3b4 a8d8 b4a3 d8a8 d2c1 a8d8 a3b2 d8d7 c1b1 a4a3 b2a3 d7d8 a3b2 d8a8 b2c1 f6c6 b1b2 c6d6 b2b1 a8a4 e3e4 a4d4 c1b2 d4e4 e2c2 f7g6 b1a1 g6h5 b2a3 d6d7 c2b2 h5h4 a1b1 e4a4 b2c3 a4a3 c3a3 d7c6 a3c5 c6c5 b1a1 h4h3 a1b1 h3g2 b1a1
56,W,value_resign,32,0.224835,280,2026-09-02 03:36:35,a2a3 c7c6 d2d3 f7f6 g2g3 b7b5 e2e3 b5b4 d1e2 d7d5 a3b4 e8d7 b1d2 h7h5 g1f3 d7e6 e1d1 c8a6 f3e1 g7g5 a1a6 e6d7 b4b5 d8c7 b2b3 b8a6 b5a6 c7b7 a6b7 f8h6 h1g1 a8b8
57,W,value_resign,89,0.197261,285,2026-09-02 03:37:46,e2e3 f7f6 h2h3 b7b6 f2f4 a7a6 e3e4 e7e6 f4f5 e6e5 g2g4 f8c5 f1c4 c5g1 b1c3 e8f8 a1b1 g1d4 a2a3 c8b7 g4g5 g8h6 d1e2 d7d6 e2d3 f8e7 c3d1 b6b5 h3h4 b8d7 g5h6 b5c4 h6g7 h8g8 c2c3 d8b8 c3d4 c4d3 a3a4 b7d5 e4d5 b8b7 b2b4 a8b8 c1b2 b8a8 b2a1 a8b8 h1h3 b8a8 e1f2 a8b8 b4b5 b8a8 b5a6 b7a6 b1b2 g8g7 b2b6 a8b8 b6a6 b8a8 a6a8 e5d4 h3h2 d7b6 h2h1 b6a8 a1b2 e7d8 h1h3 d8d7 h3f3 c7c6 d5c6 d7c6 f3d3 c6c5 b2d4 c5c4 d3e3 g7f7 d2d3 c4b3 a4a5 d6d5 a5a6 b3a2 d4c3
58,B,value_resign,60,0.185098,290,2026-09-02 03:39:12,a2a3 c7c5 c2c3 f7f6 a3a4 h7h6 f2f4 g7g6 d2d4 d7d5 e1f2 c5d4 e2e3 h8h7 d1d4 e7e5 g1e2 f6f5 f4e5 g6g5 b1d2 e8e7 d2b1 a7a6 c3c4 e7e6 c4d5 d8d5 a1a3 g5g4 b1c3 d5d4 e3d4 f8a3 b2a3 c8d7 d4d5 e6e5 c1b2 g8f6 f2g1 a6a5 g2g3 h7e7 d5d6 e5d6 f1g2 b8c6 g1f2 f6h5 h1a1 e7e6 g2d5 e6e7 e2d4 c6d4 a1b1 a8f8 c3b5 d6d5
59,B,material_adjudication,66,0.231829,295,2026-09-02 03:39:57,a2a4 b7b6 g2g4 f7f6 b2b4 f6f5 g1h3 b8c6 a4a5 g8f6 a1a3 e8f7 h3g5 f7e8 d2d3 f6g4 b1d2 h7h5 f1g2 g4h6 g2c6 d7c6 g5h3 f5f4 f2f3 c8h3 h1g1 e7e5 a3a2 e8e7 g1h1 g7g6 a2a3 h3f5 c1b2 b6a5 b4a5 a7a6 b2e5 f8g7 e5g7 h8g8 g7h6 g8h8 h6g7 h8g8 d1b1 g8g7 d2c4 a8b8 d3d4 b8b1 e1f2 f5c2 a3a1 b1a1 h2h4 d8d7 h1h2 g6g5 c4d6 d7d6 h2h1 e7f8 h1h2 d6d4
60,W,value_resign,55,0.253882,300,2026-09-02 03:40:26,f2f3 f7f5 b2b4 b7b6 e1f2 b8c6 c2c3 e8f7 e2e4 c6b8 f1e2 b8a6 d2d3 a6c5 c1e3 e7e5 f3f4 h7h6 b4c5 g8e7 g1f3 e5f4 e3d4 b6c5 d4c5 f7f6 h2h4 c8b7 d1b3 e7c6 b1a3 f8c5 d3d4 f6e7 d4c5 f5e4 h4h5 e4f3 e2f3 d7d6 a3c2 d6c5 f2e2 c5c4 b3b2 a7a5 b2b7 a8b8 b7c6 d8d7 c6c5 e7d8 a1d1 h8g8 a2a3
61,B,material_adjudication,121,0.192875,305,2026-09-02 03:41:22,b1a3 e7e6 c2c4 g7g5 f2f4 d7d6 g1h3 b7b6 b2b4 a7a6 a1b1 g5f4 g2g3 g8e7 h3g5 e8d7 h1g1 h7h6 g5f7 d8e8 f7h8 e6e5 d2d4 c7c6 h2h4 e5d4 c1d2 d6d5 b4b5 c8b7 d1b3 h6h5 c4c5 c6b5 a3b5 d7d8 g3f4 b6c5 g1h1 c5c4 b3a3 a6b5 a3c1 f8h6 f1h3 e7g8 c1d1 g8f6 b1c1 b5b4 a2a3 b4b3 e1f1 d4d3 e2d3 e8e7 d3c4 d5c4 d2c3 b8d7 a3a4 b7h1 d1c2 d8c7 h3f5 d7b6 c3f6 e7f6 a4a5 f6f7 h8f7 b3c2 a5b6 c7b6 f7h6 a8a2 f5c2 b6a5 f1g1 h1b7 h6f5 b7c6 g1f2 c6e8 f2f1 a5b4 f1f2 a2b2 c1d1 b2c2 f2e1 e8c6 d1d2 c2d2 e1d2 b4b3 d2e3 b3a4 e3f2 c4c3 f2e3 c6d7 e3e2 d7f5 e2e3 a4a3 e3e2 a3a2 e2e3 f5e4 e3e4 a2b1 e4d3 c3c2 f4f5 c2c1q d3e4 c1b2 f5f6 b2a1 f6f7
62,B,material_adjudication_moderate,76,0.285652,310,2026-09-02 03:41:23,f2f4 a7a5 c2c4 c7c6 e2e4 f7f6 g1e2 e7e5 h1g1 f8c5 f4f5 g8e7 h2h3 c5g1 d2d4 e8g8 d1d3 g8h8 d4e5 g1e3 b1a3 e7d5 a3c2 d8e8 e2d4 d5b6 d4c6 f6e5 c1e3 b6c4 d3c4 b8c6 a2a3 g7g6 e3g1 g6f5 e4f5 e8f7 c4f7 f8f7 f5f6 f7f6 g1f2 d7d5 g2g3 b7b5 b2b4 c6d4 e1d2 f6f2 d2e3 c8f5 e3f2 f5c2 a1c1 e5e4 c1c2 d4c2 b4a5 c2a1 g3g4 d5d4 g4g5 d4d3 h3h4 h7h6 g5h6 h8g8 f2g3 a8b8 f1h3 b8a8 h4h5 g8h7 g3f4 h7h6
63,W,value_resign,65,0.222932,315,2026-09-02 03:42:03,b2b3 c7c6 a2a4 f7f6 d2d3 b7b5 a4b5 a7a5 b1a3 c6b5 a1b1 a8a6 a3c4 a5a4 b3a4 b5c4 g2g3 d8a5 d1d2 e7e6 d3c4 a5d2 c1d2 e8d8 h2h3 f8e7 e1d1 c8b7 b1b7 f6f5 b7b8 d8c7 h3h4 c7b8 g1h3 a6a4 c4c5 a4a2 f2f3 g8f6 e2e3 f6e4 f1d3 h8f8 f3e4 f5e4 d3e2 b8a8 c2c3 f8f5 g3g4 f5f4 h3f4 h7h5 h1f1 h5g4 d1e1 a8b7 c3c4 a2d2 e1d2 b7c6 d2c3 c6c5 h4h5
64,W,material_adjudication_moderate,79,0.187212,320,2026-09-02 03:42:16,a2a4 b7b6 g1h3 b8c6 a4a5 d7d5 f2f4 e7e5 f4e5 g7g6 b2b4 h7h6 a1a3 e8d7 h3f2 d8f6 h2h3 d7d8 b1c3 f6f5 c3d5 f8b4 h3h4 b4a3 c1a3 h6h5 f2d3 c8b7 h1h2 c6a5 c2c4 b7d5 c4d5 g8h6 e2e4 f5g4 f1e2 g4d7 a3b4 c7c6 b4a5 c6d5 e4d5 b6a5 e5e6 f7e6 d5e6 d7e7 e1f2 h6f5 h2h1 a8b8 d1f1 d8e8 f1d1 e8d8 d1f1 d8c7 e2f3 e7e8 f3e4 f5d4 d3e5 e8e6 f2e3 e6e5 f1f6 g6g5 f6e5 c7d7 h4g5 b8d8 e3d4 a7a6 e4d5 h5h4 g2g3 a5a4 h1h2
65,B,value_resign,86,0.239732,325,2026-09-02 03:43:49,e2e3 d7d5 b2b4 b7b6 e1e2 b8a6 b4b5 g7g5 a2a3 h7h5 f2f3 f8g7 e3e4 g7a1 d2d4 f7f5 e4f5 e7e5 e2d3 h8h7 f5f6 g8h6 d3d2 d8e7 g2g3 e8f7 c2c4 e7f6 d4e5 h6g8 e5f6 g8f6 f1e2 h7h8 b1c3 f6h7 b5a6 d5d4 c3a4 c8a6 d1e1 d4d3 e2f1 a8e8 e1d1 e8e7 g1e2 d3e2 f1e2 h8d8 e2d3 d8d7 c1b2 a1b2 d1e1 e7e1 d2e1 b6b5 a4b2 b5c4 d3h7 c4c3 b2c4 a6c4 h2h4 g5g4 f3g4 h5g4 a3a4 f7f8 h7d3 c4d3 a4a5 f8e7 h1g1 e7e6 h4h5 d7d6 h5h6 c7c6 h6h7 d3h7 e1e2 a7a6 g1g2 d6d5
66,B,value_resign,108,0.225462,330,2026-09-02 03:44:57,b1a3 f7f6 h2h3 d7d6 a1b1 e7e5 c2c4 e8e7 f2f3 c7c5 g2g3 h7h6 f1g2 b7b6 f3f4 f6f5 g2a8 c8d7 a3c2 g8f6 a8e4 f5e4 d2d4 e5f4 d1d2 f4g3 e1f1 g7g6 b2b4 c5d4 c4c5 b6c5 h3h4 b8c6 b4c5 d8c7 e2e3 d4e3 d2e3 c6b4 b1b4 e7d8 e3c3 f6d5 c3h8 d5b4 h8f8 d7e8 c1b2 b4c2 g1e2 g6g5 b2c3 d6c5 a2a4 a7a5 h1g1 h6h5 g1h1 c5c4 f8g7 c7g7 c3g7 c2b4 h4g5 e8a4 g7b2 b4d5 e2d4 d8c8 d4f5 c4c3 b2a3 c8b8 h1h5 d5e3 f5e3 a4b3 h5h6 b8b7 a3b2 c3b2 f1g1 b2b1q g1g2 b3d5 g5g6 b1a2 g2h3 b7c6 g6g7 c6b5 g7g8q d5g8 h3g4 b5a4 g4h3 a2b1 h3g4 a4a3 g4h3 a5a4 h3g4 a3a2 g4h3 a4a3 h3g4 g3g2
67,B,value_resign,38,0.176609,335,2026-09-02 03:44:58,b1c3 e7e6 c3b5 f8e7 d2d4 g8f6 e2e4 g7g5 g1e2 f6e4 b5c7 d8c7 c2c3 f7f6 f2f3 e4d6 g2g3 e8f7 h2h3 b8c6 h3h4 b7b6 c1g5 c8b7 f1g2 f6g5 a2a3 c7d8 d1c1 e6e5 g3g4 d8f8 c1d2 g5h4 d2d3 a7a6 e1f1 c6d4
68,B,value_resign,92,0.247763,340,2026-09-02 03:45:11,a2a3 c7c6 g2g3 f7f6 d2d3 h7h6 f1h3 e8f7 e1f1 d8c7 f1e1 b7b6 b1d2 f6f5 c2c4 g8f6 h3f5 d7d5 f5c8 d5c4 a1a2 a7a5 h2h4 c7c8 f2f3 b6b5 e1f2 c8b7 d1c2 a8a7 b2b4 a7a8 d3c4 b7c7 c2d1 g7g6 g1h3 h8h7 c4c5 e7e6 d2e4 a5b4 e4f6 b4b3 f6h7 b3a2 c1e3 a2a1q d1a1 f7e8 f3f4 f8c5 a1b2 c5e3 f2e3 h6h5 a3a4 b5a4 e3d2 b8a6 b2c3 a6b4 c3b4 c6c5 b4c3 c7d7 d2e3 d7e7 h3f2 a8d8 h1f1 d8d7 c3e5 a4a3 f2e4 c5c4 e3f2 e7h7 e5e6 h7e7 e6b6 e7e4 g3g4 h5g4 b6c5 d7d5 c5c4 e4c4 e2e3 e8d8 h4h5 d8c7
69,B,value_resign,70,0.235335,345,2026-09-02 03:46:24,a2a3 c7c6 g2g3 b7b6 a1a2 c6c5 d2d4 c5d4 e2e3 c8b7 b1c3 b8c6 e1e2 g8h6 e3d4 a8c8 c3b5 g7g5 f2f3 h6f5 c2c3 c6b8 d1b3 b8c6 h2h4 f7f6 f1g2 f8g7 g3g4 f5g3 e2f2 g3h1 f2e1 g5h4 g2h1 c6d4 c3d4 c8c1 e1f2 d7d6 a3a4 e8f8 g1e2 a7a6 b5c3 c1h1 d4d5 d8d7 a2a1 h1h2 f2g1 h7h5 g1h2 h5g4 f3g4 d7g4 e2c1 h4h3 a1b1 f6f5 c3b5 a6b5 a4b5 b7d5 b3g3 g4g3 h2g3 g7h6 g3h2 h6e3
70,B,checkmate,38,0.209766,350,2026-09-02 03:46:25,a2a3 g8f6 e2e4 g7g6 d1f3 h7h5 h2h3 c7c6 e1d1 a7a6 d2d4 e7e5 d1d2 d7d6 d2e3 c8h3 g1h3 d8e7 b1d2 f8g7 b2b3 f6g4 e3e2 e5d4 f3g4 f7f5 g4g3 d6d5 e4e5 g7e5 e2f3 h8f8 f3e2 e5g3 e2f3 f5f4 f2g3 e7e3
71,W,value_resign,25,0.214060,355,2026-09-02 03:46:49,f2f3 b7b5 b2b3 e7e5 e2e3 f7f5 a2a4 f5f4 b3b4 b8a6 a4b5 f4e3 b1a3 g7g6 d2d3 f8d6 a1b1 e8f8 b1a1 f8f7 f1e2 f7f6 a1a2 a8b8 e1f1
72,B,checkmate,10,0.277522,360,2026-09-02 03:47:01,b2b4 a7a5 b1a3 d7d6 b4b5 e7e5 f2f3 b8c6 g2g4 d8h4
73,W,material_adjudication,68,0.227692,365,2026-09-02 03:48:39,f2f3 b7b5 a2a4 g7g6 a4b5 d7d5 h2h4 a7a6 g2g4 c8g4 f3g4 a6b5 d2d3 a8a1 b1c3 d5d4 e2e4 f8g7 h4h5 e7e6 c3b5 g6h5 f1h3 d8h4 e1d2 e8d8 b2b4 b8c6 d1e1 g8e7 e1h4 h5g4 b5c7 g4h3 h4h5 c6b4 g1f3 d8c7 c1b2 a1h1 f3d4 h1h2 d2e1 g7d4 b2d4 e7c6 d4h8 c7d6 c2c3 d6c7 h8g7 b4d3 e1f1 f7f5 e4f5 e6e5 h5h7 e5e4 f5f6 c6a7 f6f7 h2a2 f7f8q d3b2 c3c4 b2c4 f1e1 a7c8
74,W,material_adjudication,98,0.243553,370,2026-09-02 03:49:29,e2e3 g7g6 d1e2 e7e5 e1d1 f8d6 f2f4 f7f6 g1h3 a7a6 f4e5 d6e5 c2c4 g6g5 a2a4 c7c5 b2b4 e5a1 b4b5 d8b6 a4a5 b6a5 g2g3 g5g4 h3f2 e8d8 b1a3 a5a4 a3c2 g8e7 c1b2 h7h6 b2a1 h8e8 h2h3 h6h5 a1b2 e7f5 h3g4 h5g4 h1h7 a4c4 e2c4 a6b5 c4d5 b5b4 c2d4 c5d4 b2d4 e8e7 d1c2 e7h7 d5f5 d8e7 f5h7 e7f8 d4c5 d7d6 f1e2 d6c5 c2d1 f6f5 d2d4 a8a1 d1c2 b8a6 f2d3 c5c4 d3e1 b7b5 c2b2 a1a5 h7h6 f8f7 h6h5 f7g7 h5h4 c8b7 e1c2 b7f3 h4e7 g7g6 e2f1 a6c7 e7c7 f5f4 f1g2 f3g2 c7a5 f4g3 c2e1 g6f7 e1g2 b4b3 b2c3 b3b2 c3b2 b5b4
75,W,value_resign,49,0.300796,375,2026-09-02 03:50:56,b1a3 g8h6 c2c4 a7a5 a3b5 h6g8 f2f4 f7f5 h2h3 b8c6 c4c5 a8a6 h1h2 g8h6 d2d4 h8g8 d4d5 h6f7 a1b1 b7b6 d5c6 g7g6 d1b3 d7c6 g2g4 a5a4 b3b4 b6c5 b4c5 c8d7 g4f5 g6g5 e2e4 g5f4 b5d4 g8g1 c1f4 h7h6 c5c1 c6c5 d4f3 c7c6 h2e2 d8c7 f4c7 e7e5 f3e5 f8e7 c1f4
76,B,value_resign,66,0.232228,380,2026-09-02 03:51:08,a2a3 g8f6 e2e4 d7d5 f2f3 d5d4 c2c4 b8a6 c4c5 a8b8 b2b3 a6c5 d2d3 c8h3 g1h3 d8d7 e4e5 e7e6 d1e2 f6e4 d3e4 f7f5 e2b2 h7h6 c1d2 f5f4 g2g3 c5a4 e1d1 a4b2 d1e1 f8e7 f1b5 c7c6 h1f1 a7a6 h3f4 a6b5 d2c3 e8d8 c3d4 h8g8 f4d3 g7g6 f3f4 d8e8 d4b2 e8f8 b1d2 f8g7 b3b4 g7f8 a3a4 b5a4 b2d4 d7d4 a1a4 f8g7 a4a5 e7f8 a5a6 b7a6 e1d1 g8h8 d1e1 h8g8
77,W,checkmate,39,0.254501,385,2026-09-02 03:51:56,g1h3 f7f6 b1a3 h7h6 h3g1 b8a6 b2b4 f6f5 g2g4 b7b5 g1h3 e8f7 a3b1 d7d5 h3g1 f5g4 d2d3 d8d6 b1c3 c7c6 c3e4 d5e4 h2h3 d6e5 g1f3 g4h3 f3e5 f7f6 d3e4 f6e5 c2c3 g8f6 e2e3 c8g4 f2f4 e5e4 f1e2 e7e5 d1d3
78,B,value_resign,58,0.306016,390,2026-09-02 03:52:21,b2b3 c7c6 f2f3 b7b6 c2c3 a7a5 d2d4 c8b7 b3b4 f7f5 h2h4 h7h5 b4a5 e8f7 a5b6 g8h6 e2e3 d8b6 d1d3 b6a7 d3c2 c6c5 a2a4 a7b6 c1b2 b6c6 f1c4 e7e6 b2c1 f5f4 c4b5 c6c8 b5c6 b7c6 c1d2 c6a4 a1a4 a8a4 c2a4 f4e3 e1e2 e3d2 b1a3 f8e7 a3b5 b8a6 d4c5 c8b7 c5c6 b7c6 f3f4 f7f6 b5d4 c6a4 g1f3 a6c5 f3e5 d7d6
79,W,value_resign,37,0.199244,395,2026-09-02 03:52:47,e2e3 a7a5 a2a4 d7d6 f2f3 a8a7 g2g3 b8a6 b2b3 a6b4 f1b5 c8d7 b5d7 d8d7 e1f1 b7b6 h2h4 a7a8 d2d4 a8c8 c1d2 e8d8 c2c3 d7c6 c3b4 g7g6 g3g4 f8h6 d2c1 f7f5 b4a5 c6c5 d4c5 b6a5 c1b2 e7e6 b1c3
80,W,value_resign,55,0.182962,400,2026-09-02 03:53:48,b2b3 e7e5 a2a4 f8d6 d2d3 b8a6 a1a3 b7b5 a4b5 c7c5 c2c4 f7f6 g1h3 g8e7 f2f3 h7h5 d3d4 e5d4 h1g1 a6b8 c1e3 e7c6 e3d2 e8f8 a3a5 c6a5 d2a5 d8e7 e1f2 a7a6 a5c7 b8c6 b1d2 d6h2 c7h2 d4d3 b5c6 a6a5 e2d3 a8b8 h2b8 c8b7 c6b7 a5a4 g2g3 g7g6 f1g2 f8g7 b8e5 g7f7 b3a4 h8h7 d1e2 h7h8 e2f1
81,W,value_resign,51,0.194457,405,2026-09-02 03:55:29,e2e3 g7g6 a2a4 e7e5 f2f3 f7f6 a4a5 e8e7 g1h3 a7a6 g2g3 c7c5 b2b3 d7d5 h3f4 e5f4 e3f4 f8h6 f1e2 d5d4 b1a3 e7e6 a3b1 e6e7 e1g1 c8h3 c1a3 d8c8 f1e1 h3g4 f3g4 e7d7 e1f1 c5c4 d2d3 c4d3 c2d3 d7c6 b1d2 c8e8 d1c2 c6b5 f4f5 b8d7 h2h3 h6d2 c2d2 e8d8 g4g5 d7c5 d2e1
82,B,value_resign,82,0.174840,410,2026-09-02 03:56:47,a2a3 e7e6 e2e4 h7h6 f2f3 f7f6 f1a6 g7g6 e4e5 b8a6 g2g3 f6e5 h2h3 f8e7 d2d3 g8f6 a3a4 d7d5 b1c3 e5e4 f3e4 c7c6 e4e5 f6g4 h3g4 d8d7 d1e2 h8f8 h1h6 d7d8 c3d5 c6d5 h6g6 a6b8 g6e6 c8e6 g4g5 e6c8 g1h3 d5d4 c2c3 d4c3 b2c3 c8h3 e1d1 h3g2 d3d4 g2c6 c1d2 a7a5 d1c2 e8d7 g3g4 b7b5 a4b5 c6b5 c3c4 b5c4 a1e1 d7c6 d4d5 c6c5 d5d6 a5a4 d6e7 d8e7 e1f1 b8d7 f1f2 d7e5 e2f1 e5g6 c2d1 f8d8 f1e2 c5d4 e2e7 g6e7 d1c1 a4a3 g5g6 a3a2
83,W,value_resign,27,0.224077,415,2026-09-02 03:58:30,e2e3 d7d5 e1e2 d5d4 e3d4 b7b5 c2c3 b5b4 d1a4 b8d7 f2f3 h7h5 g2g4 a8b8 a4a7 b8a8 a7a8 h5h4 e2e3 h8h7 f1h3 d7c5 d4c5 c8f5 h3f1 g7g5 h2h3
84,B,checkmate,22,0.237451,420,2026-09-02 03:58:31,e2e3 g7g6 f2f4 e7e5 f4e5 f7f5 e5f6 g8f6 e3e4 f6h5 h2h3 d8h4 e1e2 h5f6 g1f3 h4g3 a2a4 f6h5 e4e5 b7b6 f3d4 h5f4
85,W,material_adjudication,82,0.206995,425,2026-09-02 03:58:45,e2e3 g7g6 f2f4 f8h6 f4f5 h6f4 d2d3 b8c6 e3f4 f7f6 f5g6 h7g6 g2g4 h8h4 f1e2 a7a5 b1d2 a8a6 h2h3 c6a7 f4f5 e8f7 g1f3 e7e6 e1f1 h4h3 c2c3 d7d5 f3e5 f6e5 h1h3 d8f6 d2f3 c8d7 f5e6 d7e6 d1d2 e5e4 f1g2 e4f3 e2f3 f6e7 b2b3 g8f6 d2c2 a6d6 c1b2 c7c6 h3h1 g6g5 d3d4 e6g4 f3g4 f6g4 c2d3 d6e6 g2h3 a5a4 h3g4 a4b3 g4h3 e7c7 h1d1 b7b5 d3f3 e6f6 f3e2 b3a2 e2d3 c6c5 d4c5 b5b4 c3b4 c7d7 h3g2 d7f5 b2f6 f7g6 g2g3 g5g4 d3e2 f5f4
86,B,value_resign,60,0.250029,430,2026-09-02 03:58:58,a2a3 b8c6 c2c3 g8h6 a3a4 g7g6 f2f3 a8b8 b2b3 c6a5 d2d4 f8g7 c1a3 d7d6 g2g3 g6g5 b1d2 a5b3 d1b3 b7b6 e1f2 a7a5 e2e4 f7f5 c3c4 c8b7 g3g4 f5e4 f3e4 h6g4 f2f3 h7h5 h2h3 g4h6 d4d5 g7a1 a3b2 g5g4 h3g4 h6g4 f1e2 e8g8 f3g3 d8d7 e2g4 h5g4 g1f3 b8a8 f3e5 d6e5 h1a1 e7e6 b2e5 e6d5 b3f3 g4f3 e4d5 c7c5 a1b1 b7c6
87,W,value_resign,85,0.225756,435,2026-09-02 04:00:02,e2e3 g7g6 d1h5 a7a6 g2g3 e7e5 f1h3 e5e4 h5d5 g8e7 d5e4 f7f6 f2f4 h7h6 g1e2 h8h7 h1f1 h7g7 b2b3 g7f7 f4f5 c7c6 d2d4 b7b6 b1a3 d7d5 e4f4 h6h5 g3g4 g6g5 f4e4 d5e4 c1b2 e7g6 g4h5 g5g4 h5g6 g4h3 g6f7 e8f7 c2c3 b6b5 a3c2 b8d7 b3b4 f7e7 e2g3 d7b6 f1g1 c8f5 g3f5 e7e6 f5h4 b6c4 e1f1 e6e7 a1b1 c4b2 b1b2 f8h6 f1e2 a6a5 b4a5 e7f7 g1g3 h6f4 e3f4 d8c7 f4f5 e4e3 a5a6 f7f8 e2f1 b5b4 c3b4 a8a6 d4d5 a6a8 d5c6 a8a2 b2a2 f8e8 a2a4 e8e7 a4a1
88,W,value_resign,63,0.248096,440,2026-09-02 04:00:03,e2e3 a7a5 b1c3 d7d6 d2d3 a8a6 b2b3 g8h6 e3e4 c7c5 g1e2 c8g4 d1d2 f7f6 e1d1 h6f7 d2e3 f7g5 c3d5 e8f7 e3d2 g5e4 d3e4 a5a4 a2a3 f6f5 d5c7 g4e2 d2e2 d8c7 e4f5 b8c6 f5f6 c6d4 c1b2 d4e2 f1e2 b7b5 f2f3 c7d8 b3a4 b5a4 e2a6 g7f6 g2g3 f6f5 b2h8 f7e6 c2c3 d8e8 h2h4 f5f4 d1d2 f4g3 d2d3 g3g2 h1g1 e8c8 a6c8 e6d5 g1g2 e7e5 c3c4
89,W,value_resign,27,0.254616,445,2026-09-02 04:04:36,e2e3 g7g6 f2f4 e7e5 h2h3 e5e4 e1e2 g6g5 f4g5 f7f5 g1f3 f8g7 g2g3 d7d6 a2a4 c8e6 c2c4 h7h6 g5h6 e6d7 h6g7 d8e7 g7h8q e8f7 a1a2 b7b6 f3h4
90,B,checkmate,84,0.330171,450,2026-09-02 04:04:50,e2e3 g7g6 a2a4 e7e5 f2f3 f7f6 b1a3 e8f7 g1e2 a7a5 h2h3 f8g7 h1g1 g6g5 b2b4 a5b4 g2g3 b7b6 h3h4 h7h5 d2d4 e5e4 a3b5 g7f8 c2c3 b8c6 f3f4 d8e7 d4d5 c6d8 b5c7 a8a5 c3b4 a5d5 d1d5 e7e6 d5e6 d7e6 f4g5 f8c5 c7d5 e6d5 b4c5 d5d4 e2d4 c8b7 f1h3 b6c5 g5g6 f7g6 a1b1 c5d4 c1b2 g8h6 g3g4 h5g4 b2d4 d8c6 b1b7 c6d4 h3g4 h6g4 g1g4 g6f5 g4f4 f5g6 e3d4 h8f8 h4h5 g6h5 e1f1 h5g5 b7h7 f6f5 f1f2 g5f4 f2f1 f4f3 a4a5 f8d8 a5a6 d8d4 a6a7 d4d1
91,B,material_adjudication,66,0.206149,455,2026-09-02 04:05:05,a2a4 e7e6 g1h3 h7h6 g2g4 a7a6 f1g2 f7f6 a4a5 g7g6 b2b4 f8e7 a1a4 e8f8 b4b5 h8h7 a4b4 f6f5 e1f1 d7d6 h3f4 h6h5 f4e6 c8e6 g4g5 a8a7 g2f3 e6d5 f3d5 a6b5 d5f3 b8a6 c1b2 a6b4 h1g1 b4c2 d1c2 c7c6 f1g2 e7g5 f3c6 b7c6 c2c6 d6d5 f2f3 a7e7 c6b7 e7b7 g2g3 b7f7 b1c3 h7h8 f3f4 g5h6 c3d5 d8d5 g1c1 b5b4 a5a6 d5e4 a6a7 h6g7 a7a8q e4a8 c1a1 a8b7
92,W,value_resign,61,0.272524,460,2026-09-02 04:05:05,a2a4 f7f6 b2b4 a7a5 f2f4 h7h6 d2d4 h8h7 h2h3 b7b5 c1e3 a8a6 a4b5 c7c6 b5a6 a5b4 e3f2 c6c5 c2c4 b4c3 b1c3 b8a6 d4c5 d7d6 e1d2 h6h5 c3e4 e7e6 e4d6 f8d6 e2e3 d6e7 d2e2 a6c5 d1d4 d8d4 e3d4 c5d7 f2e3 c8b7 g1f3 g8h6 f3h2 b7d5 a1a7 h6f7 f4f5 e8f8 a7d7 e6e5 d7d5 e5d4 e3d4 g7g5 d4c3 h7h6 e2d1 f7d6 d1e1 g5g4 h3g4
93,B,checkmate,30,0.218809,465,2026-09-02 04:05:31,e2e4 b8c6 f1d3 a7a5 c2c3 g7g6 f2f3 g6g5 b2b3 c6d4 c3d4 h7h6 g1e2 b7b5 b1c3 b5b4 h2h3 e7e6 f3f4 b4c3 e2c3 h8h7 e4e5 g5f4 d3h7 c8a6 c1b2 d8h4 g2g3 h4g3
94,B,value_resign,56,0.198475,470,2026-09-02 04:07:45,f2f4 b8a6 h2h3 h7h6 d2d3 h8h7 e2e4 a6b4 d1e2 g7g5 e1d1 g5f4 c2c4 f7f5 c4c5 b4d3 b2b3 c7c6 c1b2 d3c5 g1f3 a8b8 e4f5 d7d5 e2e1 c5e4 e1e4 d5e4 d1c2 d8b6 b1c3 c8d7 f3e5 g8f6 f1e2 b8d8 h3h4 a7a6 h1g1 f8g7 h4h5 e7e6 g1h1 h7h8 b2a3 h8f8 e5d7 d8d7 c3e4 d7e7 h1e1 f6e4 a1b1 g7f6 b3b4 f6g5
95,W,value_resign,101,0.286307,475,2026-09-02 04:07:59,e2e3 f7f6 f2f3 b7b5 f1c4 b8c6 c4b5 a7a6 b5c6 a6a5 g2g3 h7h5 e1e2 g8h6 c6b5 h5h4 a2a3 g7g5 b2b3 c8b7 h2h3 e7e5 b3b4 c7c6 d1f1 h6f5 d2d3 c6b5 e2e1 f5e3 c1e3 a5b4 a3b4 a8a1 e3c1 f8b4 c1d2 e5e4 f3e4 e8f7 c2c4 b4a3 e4e5 f6f5 f1f5 f7e7 f5g5 e7e8 g3h4 b7h1 e1e2 b5c4 b1a3 d8e7 g5e7 e8e7 a3c4 a1g1 e2f2 g1g2 f2e3 e7e6 d2c3 h8h5 c3d4 h5h4 c4d6 e6e7 d6f7 e7f7 e3f3 d7d5 e5d6 g2g8 f3f2 g8g6 d6d7 h1g2 d7d8q h4d4 d8d4 g6g5 d4d6 g2d5 h3h4 g5h5 d3d4 h5h4 d6d5 f7e7 f2g3 h4h5 d5e4 e7f8 e4d3 h5h3 g3h3 f8g7 d3d2 g7g6 d2e2
96,W,value_resign,107,0.281481,480,2026-09-02 04:11:53,b2b3 c7c6 e2e3 f7f6 g1e2 b7b5 e3e4 d7d5 d2d3 b5b4 e1d2 d8b6 h1g1 e8f7 f2f4 c8f5 d1e1 f5e4 d3e4 b6g1 e4e5 g7g5 f4g5 a7a6 e2g1 f7e8 c1a3 f6g5 e1e4 h7h6 g1e2 d5e4 a3b4 h8h7 e5e6 a6a5 b4c3 g8f6 c3f6 e7f6 c2c3 e8e7 d2e3 e7e6 b1a3 h6h5 a3c2 g5g4 g2g3 h7e7 e3e4 f8h6 c2d4 e6f7 e4d3 b8d7 d4c6 e7e6 e2d4 e6d6 d3e2 a8h8 f1g2 d7c5 a1f1 c5b3 a2b3 f6f5 f1f2 f5f4 e2d3 f4f3 c6a5 f7e7 c3c4 f3g2 f2g2 h8a8 a5c6 d6c6 d4c6 e7f7 g2f2 f7g6 f2f1 h6e3 f1e1 a8a6 e1e2 a6c6 e2e3 c6b6 c4c5 b6c6 d3c4 g6f5 c4d5 h5h4 e3e4 h4h3 e4e3 c6c5 d5c5 f5g6 b3b4 g6f5 b4b5
97,B,value_resign,53,0.213017,485,2026-09-02 04:11:54,b2b3 f7f5 a2a4 g7g5 b3b4 d7d5 e2e3 b7b5 e1e2 h7h5 b1c3 b8a6 e3e4 f8g7 c3d5 g7a1 d2d3 a1e5 c1g5 c7c6 e2d2 c6d5 h2h3 e5b8 e4f5 b8e5 g1f3 g8f6 f3e5 e8g8 a4b5 a6b4 c2c3 c8b7 c3b4 d8c7 g2g4 c7e5 f2f4 e5b2 d1c2 b2c2 d2c2 a8b8 h3h4 h5g4 g5f6 e7f6 d3d4 b8a8 f1d3 a7a5 b5b6
98,W,value_resign,53,0.245189,490,2026-09-02 04:11:55,e2e3 g7g6 g1h3 d7d5 e1e2 g6g5 e3e4 c8g4 f2f3 a7a6 h3g5 d8d6 b2b3 d6f6 g5h7 g4d7 e4d5 h8h7 c2c4 f6g5 c1b2 f7f5 d1e1 a6a5 d5d6 e7d6 a2a3 a5a4 b3a4 f8g7 h2h4 g5d8 e2f2 g7e5 f3f4 c7c5 f4e5 a8a7 f1d3 b8c6 e1e2 a7a6 e5d6 c6e5 h1h3 a6a4 b1c3 a4a3 a1a3 g8f6 c3b5 d8b8 b2c3
99,B,value_resign,94,0.203951,495,2026-09-02 04:13:03,e2e3 d7d5 e1e2 b7b6 f2f3 h7h5 d2d3 a7a5 b2b3 d8d7 b1a3 h8h7 g2g4 a5a4 f1g2 e7e6 g4g5 f8b4 c1b2 g7g6 b2g7 b4a3 c2c3 f7f6 g5f6 b8c6 g2h3 a4b3 a2b3 b6b5 e3e4 c6a7 e4d5 g8f6 g7f6 a3b2 d5e6 c7c5 e6d7 c8d7 d1c2 b2a1 c2d2 h7f7 f6g7 f7g7 c3c4 b5c4 d3c4 a1d4 e2f1 h5h4 g1e2 d7h3 f1e1 d4f6 b3b4 c5b4 e2d4 f6d4 d2d4 g7c7 d4e3 e8f7 c4c5 c7c8 e1f2 b4b3 h1b1 h3e6 b1b3 e6b3 e3b3 f7g7 b3e3 h4h3 e3c1 c8f8 c1e3 a8b8 c5c6 b8a8 e3e4 a7c6 e4c6 a8a2 f2f1 f8f5 c6a4 a2a4 f1g1 f5f4 g1h1 g7h6
100,B,value_resign,68,0.339378,500,2026-09-02 04:13:45,c2c3 h7h6 h2h3 d7d5 h1h2 g8f6 c3c4 c7c5 d2d3 f6h7 f2f3 g7g6 d1d2 e7e6 h2h1 a7a6 d3d4 c5d4 c4d5 d8d5 d2d1 h8g8 e1f2 h7g5 e2e4 d4e3 c1e3 d5b5 e3f4 b5c4 f1c4 f8c5 f4e3 b7b5 d1b3 b5c4 b3c4 c5e3 f2e3 c8b7 b2b3 b8c6 f3f4 g5h7 c4e4 f7f5 b1c3 f5e4 c3e4 c6b4 a2a3 b4c2 e3f2 c2a1 g2g3 a8a7 b3b4 e6e5 g1e2 a7a8 h1a1 b7e4 e2c3 e4f5 a1b1 a6a5 b4a5 e5f4
101,W,value_resign,113,0.331519,505,2026-09-02 04:14:20,g2g3 b7b6 g3g4 e7e5 c2c3 d7d5 h2h4 g8e7 f2f4 e8d7 d2d3 f7f5 g4f5 e5f4 d1d2 g7g6 f1g2 d8e8 a2a3 h7h5 c3c4 f4f3 g1f3 e7g8 e1f1 g8e7 g2h3 d5d4 f3d4 a7a6 e2e4 a6a5 d4e6 h8h7 f1g2 f8g7 f5g6 e7g6 d3d4 c8b7 h1f1 b8a6 h3g4 h5g4 e6g7 h7g7 d2e1 b7c6 c1h6 g7e7 d4d5 c6b7 g2g3 e7h7 h6e3 c7c6 f1f2 c6d5 c4d5 a6c7 b1c3 h7h4 e3b6 g6h8 g3h4 a8b8 e1e2 b7a6 f2f1 a6e2 b6c7 d7c7 f1e1 b8a8 e1e2 e8d7 e2g2 g4g3 g2g3 a8f8 a1c1 f8f6 e4e5 f6f8 e5e6 d7e8 c3e4 c7b6 e4g5 f8f4 g3g4 f4d4 g4d4 h8g6 h4h5 a5a4 h5h6 b6a7 g5f3 g6f4 d4f4 e8f8 h6g5 a7b8 f4d4 f8c5 c1a1 c5d4 f3d4 b8a8 d4f5 a8b8 b2b3
102,W,material_adjudication_moderate,108,0.266593,510,2026-09-02 04:15:00,a2a3 f7f6 d2d3 c7c6 b2b4 b7b5 e2e3 e8f7 c2c4 a7a5 g2g3 h7h6 e1d2 b5c4 d1e1 a5a4 h2h4 e7e5 d2e2 g8e7 d3c4 g7g6 f2f3 c8b7 e2d1 e5e4 b4b5 e4f3 g1f3 d8a5 e1a5 a8a5 f1e2 c6b5 c4b5 b7f3 e2f3 f8g7 f3e2 h8d8 c1b2 d8f8 b1c3 f6f5 h4h5 g7h8 c3b1 h8b2 b5b6 b2a1 h1h2 g6h5 b1d2 e7c6 d1c2 d7d6 d2b3 c6e5 b3a5 f7e6 e3e4 b8c6 a5c6 f5e4 e2f1 f8f1 h2f2 f1f2 c2d1 a1b2 d1e1 e6f5 e1f2 f5f6 f2f1 f6f7 f1e1 f7f8 e1e2 f8f7 c6e5 d6e5 b6b7 b2a3 b7b8q a3f8 b8b2 a4a3 b2b3 f7g7 b3c4 a3a2 c4a2 g7f6 a2d2 f6f5 e2e3 f5g4 e3e4 f8b4 d2b4 g4g3 b4c5 h5h4 e4e5 h4h3 e5f6 h3h2
103,B,value_resign,44,0.288010,515,2026-09-02 04:15:13,a2a3 b8c6 d2d3 a8b8 b2b4 c6d4 a3a4 e7e5 c1b2 e8e7 b2d4 e5d4 a4a5 g7g6 g1f3 c7c6 e2e3 d4e3 f2e3 f8h6 f3h4 d7d5 g2g3 c8e6 d1c1 g6g5 d3d4 g5h4 c1d2 b7b6 a5b6 d8b6 h1g1 f7f5 f1c4 d5c4 b4b5 c6b5 d2a5 b6a5 e1e2 g8f6 b1a3 f6d5
104,W,material_adjudication_moderate,76,0.247677,520,2026-09-02 04:15:38,h2h4 a7a5 h4h5 g7g5 d2d4 a8a7 g2g3 b7b5 d4d5 c8b7 e2e4 e7e5 h1h2 b7d5 d1d5 c7c6 d5d2 f7f6 f1g2 d7d6 g1e2 f8e7 e1d1 e8d7 d1e1 d8b6 h2h1 d7c8 g2h3 b8d7 a2a3 b6c5 f2f3 d6d5 e4d5 c6d5 c2c4 c5c4 b2b3 c4c5 c1b2 c8b7 a3a4 d7f8 b1c3 b5a4 b3a4 d5d4 c3b5 a7a8 e2d4 e5d4 b5d4 c5d4 b2d4 a8b8 d2e2 b8a8 d4c5 e7c5 f3f4 g8e7 f4g5 f6f5 h3g2 e7c6 g3g4 f5g4 g2d5 f8e6 d5e6 c6e5 e2b5 b7a7 e1f1 a8b8
105,B,value_resign,64,0.302119,525,2026-09-02 04:19:14,b2b3 c7c6 a2a4 f7f6 a1a3 c6c5 d2d3 g7g6 c1g5 d7d6 f2f4 a7a6 g2g3 f6g5 f4g5 c8e6 a4a5 b8c6 b3b4 d8d7 e1d2 a8b8 b4b5 c6d4 b5a6 e8d8 e2e3 b7a6 e3d4 c5d4 f1h3 e6h3 d1e2 h3f5 g1f3 e7e5 f3e5 d6e5 e2f1 f8c5 h2h3 d7e7 h1h2 b8c8 c2c4 g8h6 g5h6 c5a3 b1a3 h8f8 a3c2 e7f6 f1e1 g6g5 c2d4 e5d4 e1e6 f6e7 d2e2 e7e6 e2f1 e6e5 f1f2 f5e4
106,W,value_resign,29,0.237402,530,2026-09-02 04:21:18,g1f3 b7b5 a2a4 f7f5 f3e5 b8a6 e2e4 f5e4 a4b5 d7d5 d2d3 g7g5 c1g5 e4d3 c2c3 g8f6 a1a6 a8b8 d1f3 c8b7 f3g3 f8g7 g5e3 d8d7 e5d7 e8f7 a6a1 f7e6 g3f4
107,B,value_resign,60,0.288826,535,2026-09-02 04:21:33,e2e3 a7a5 b1c3 g8h6 f1e2 g7g5 h2h4 c7c5 f2f4 g5h4 g2g4 h8g8 c3e4 f7f5 g4f5 h6f7 e1f2 d7d5 e4g5 f8g7 g1f3 c8d7 g5f7 e8f7 d1e1 c5c4 e3e4 d5e4 e2c4 f7e8 c4g8 e4f3 g8d5 d7f5 d2d4 d8d5 c1d2 g7d4 d2e3 d4e3 f2e3 b8c6 c2c4 d5d6 c4c5 d6c5 e3f3 c5d4 e1c3 d4b6 h1h4 e8d7 a1c1 a8d8 c3c2 f5c2 h4h5 d7e8 f4f5 e8d7
108,W,value_resign,79,0.301568,540,2026-09-02 04:22:30,g1f3 b7b5 c2c4 f7f6 e2e4 e7e5 f1e2 b5c4 f3e5 d7d6 e1g1 a7a6 e5f7 d8e7 f7h8 c7c5 h2h4 e7d7 f2f4 g7g5 e4e5 g5h4 f4f5 f6e5 f5f6 c8b7 b1a3 c4c3 d1c2 d6d5 c2c3 d5d4 c3h3 c5c4 h3h4 e5e4 a3b1 b8c6 g2g3 c6b4 b1a3 a6a5 d2d3 c4d3 e2d3 e4d3 a1b1 g8f6 f1f6 b7c6 f6f1 h7h5 h4h5 e8d8 c1d2 f8g7 a3b5 c6b5 a2a3 b5c6 a3b4 a5b4 g3g4 b4b3 b1a1 a8a1 f1a1 g7f6 g4g5 f6g5 d2g5 d7e7 h5h6 e7g5 h6g5 d8e8 a1b1 e8f8 b1a1
109,B,value_resign,76,0.240971,545,2026-09-02 04:22:44,e2e3 g8h6 g2g4 g7g6 f2f4 a7a5 d2d3 d7d5 b2b3 h6g4 b1c3 b8c6 d1e2 g4e3 f1h3 d5d4 e1f2 c8h3 g1h3 d8c8 c1e3 e7e6 c3b5 d4e3 f2g2 f8a3 c2c4 e8d7 h3g5 h8d8 b5a3 f7f5 a3c2 d7d6 c2e3 e6e5 f4e5 c6e5 g5h7 f5f4 e3c2 c7c6 d3d4 f4f3 e2f3 e5f3 g2f3 c8d7 h1g1 d7e7 g1g2 e7e6 d4d5 e6f7 f3e2 a8b8 a1c1 b7b6 d5c6 f7c7 g2g6 d6e7 h2h4 e7f7 g6g2 c7c6 c1h1 c6g2 e2e3 f7g6 h1g1 g2g1 e3e2 d8e8 e2d2 b8a8
110,B,material_adjudication_moderate,118,0.228144,550,2026-09-02 04:23:11,g2g3 h7h5 e2e3 g7g5 f1b5 f7f5 f2f4 g5f4 g3f4 a7a6 h2h4 a6b5 g1h3 a8a2 a1a2 g8h6 e3e4 e7e5 e4f5 f8b4 a2a7 h6f7 h3g5 e5f4 g5f3 h8h7 c2c3 b8a6 d1e2 d8e7 e1f2 e7e2 f2e2 b4f8 h1f1 a6b4 c3b4 e8e7 e2f2 e7f6 f1e1 f6f5 e1e2 h7h6 d2d3 h6h7 b2b3 f8b4 c1b2 f5g4 e2e4 b4c5 d3d4 c5a7 b1a3 a7b8 a3b5 h7h8 d4d5 h8f8 b5d4 b8a7 e4e1 a7c5 b3b4 c5b4 e1a1 b4c5 a1a4 b7b5 a4a3 c5d4 b2d4 c8b7 a3a1 c7c5 d5c6 b7c6 a1d1 c6f3 d1a1 f7d6 d4e5 f3h1 e5d6 f8f7 a1h1 f7g7 h1d1 g4h4 d6a3 d7d5 d1d5 g7g5 d5d7 g5g3 a3b4 h4h3 f2f1 h5h4 d7d5 g3d3 d5d3 f4f3 d3d2 h3g4 b4c5 h4h3 f1f2 h3h2 d2d4 g4h3 d4d5 h2h1q c5d6 h1g2 f2e3 b5b4
111,B,value_resign,44,0.282080,555,2026-09-02 04:24:58,a2a3 c7c5 e2e4 b7b5 g1e2 f7f6 b2b3 g7g5 f2f3 e7e6 c1b2 b5b4 e1f2 b8c6 c2c4 g8e7 a3b4 c5b4 a1a6 c8a6 g2g3 f8h6 g3g4 e8g8 h2h4 d8c7 h4h5 f8d8 f1g2 d7d5 e4d5 e6d5 c4d5 e7d5 b1a3 c6a5 a3b5 c7d7 e2g1 a6b5 d1e1 d7c6 e1f1 d8b8
112,B,value_resign,61,0.307155,560,2026-09-02 04:25:39,e2e3 d7d5 e1e2 b7b6 g2g4 e7e5 a2a4 e8e7 e2e1 g7g5 e3e4 c8g4 d1g4 h7h5 g4f5 d8c8 a1a3 c8b7 f1b5 g8f6 f2f3 a7a6 b5e2 d5d4 e2d3 f6d7 d3b5 a6b5 a4b5 c7c6 a3a8 b7a8 b5c6 b8c6 e1f2 a8c8 c2c4 g5g4 b1a3 g4f3 f5f3 f8h6 a3c2 c8b7 d2d3 d7f6 h2h4 f6g4 f3g4 h5g4 g1e2 f7f5 e2d4 c6d4 h1d1 d4c2 d1d2 e7f7 d2c2 h6g7 e4f5
113,B,value_resign,52,0.311179,565,2026-09-02 04:25:53,a2a3 f7f6 f2f3 c7c5 e2e3 a7a5 g2g3 e8f7 f1b5 a5a4 e1f2 b7b6 b5d7 d8d7 c2c4 h7h5 g1e2 h8h7 h2h4 h7h6 e3e4 a8a6 f2e1 b6b5 c4b5 a6a8 b5b6 b8c6 e4e5 c6e5 e2c3 d7d4 f3f4 e5d3 e1e2 c8d7 d1c2 c5c4 c3b5 d4b6 b5c3 b6c6 g3g4 h5g4 e2d1 a8c8 c2d3 c4d3 h1g1 g7g6 g1h1 h6h5
114,W,value_resign,63,0.252642,570,2026-09-02 04:26:06,g2g4 f7f6 h2h3 e8f7 e2e3 b7b6 f1c4 e7e6 h3h4 a7a6 e1e2 g8e7 f2f3 b6b5 c4b5 a6b5 d2d4 e7d5 a2a4 d8e8 c2c4 g7g6 c4d5 f8h6 a4a5 e6d5 a1a3 b5b4 b2b3 c8b7 f3f4 h6f4 a3a2 f7g7 e2f3 f4d6 e3e4 g6g5 h4g5 f6g5 d1e2 h8f8 f3g2 h7h6 e4d5 b7d5 g1f3 e8f7 e2d2 g7g6 h1f1 b8a6 a2a4 a8b8 d2d3 d5e4 d3e4 f7f5 g4f5 g6h5 b1d2 b8a8 f1f2
115,B,value_resign,54,0.307888,575,2026-09-02 04:27:40,g1f3 b7b5 c2c4 f7f6 b2b4 c7c6 a2a4 e7e5 h2h4 f8c5 b4c5 h7h6 g2g3 b5c4 h1h2 h8h7 c1b2 d7d6 a4a5 d8c7 f3d4 b8a6 b1c3 e8d8 f2f4 e5d4 h2g2 a8b8 a1a3 a6c5 c3b5 c6b5 g2h2 f6f5 g3g4 c7e7 e2e3 d4e3 d2e3 f5g4 f1c4 b5c4 a3a4 e7e8 b2a3 c8b7 d1c2 c5e4 c2d1 a7a6 e1f1 d6d5 h2h1 g8f6
116,W,material_adjudication_moderate,94,0.307330,580,2026-09-02 04:29:01,e2e3 g8h6 f2f4 a7a5 h2h4 d7d5 b2b3 h6g8 b1a3 a8a7 g2g3 c7c5 d2d3 a5a4 g1e2 h7h5 g3g4 h5g4 e2g3 h8h7 d1e2 b8d7 f4f5 a4b3 a1b1 b3c2 a3c2 b7b6 a2a3 g8f6 f1g2 f6g8 g2d5 c8b7 c1d2 d7f6 d3d4 f6d5 d4c5 b6c5 b1b2 a7a5 e3e4 g8f6 e2d1 h7h6 e4d5 c5c4 d2h6 g7h6 b2b7 d8c8 b7b1 a5d5 e1f1 d5d1 b1d1 c8b8 d1b1 b8g3 h1g1 g3d3 f1e1 e8d7 b1d1 e7e6 d1d3 c4d3 f5e6 f7e6 e1d2 d3c2 d2c2 f6e4 g1g4 d7c6 g4e4 c6c5 e4e6 f8e7 e6e7 c5d6 e7e1 h6h5 c2b3 d6c5 e1f1 c5d4 b3a4 d4e3 a4b5 e3d2 a3a4 d2c3
117,B,material_adjudication,107,0.251403,585,2026-09-02 04:29:15,e2e3 g7g6 a2a4 d7d5 e1e2 a7a6 a1a3 e7e5 g1f3 d8d7 f3e5 f8a3 e5d7 c8d7 f2f4 a3e7 a4a5 d7g4 e2e1 h7h5 d2d3 g4d1 g2g4 e7g5 f4g5 e8e7 e1d1 d5d4 e3d4 h5g4 d4d5 c7c6 b2b3 c6d5 c1b2 b8d7 b2h8 a8c8 d1e1 c8c2 b1a3 c2c6 a3c2 c6c2 e1d1 c2a2 f1e2 d5d4 h8d4 g4g3 h2g3 f7f6 h1f1 f6g5 d4e3 g5g4 e3g5 e7d6 g5d2 g8h6 d2h6 d6e7 h6g7 d7c5 d3d4 c5b3 d4d5 b3a5 d1e1 e7d6 e1d1 d6d5 f1f7 d5e6 f7f2 g6g5 g7h6 e6d5 h6g5 a5b3 g5e7 d5e6 e7d8 e6d7 d8f6 d7e6 f6g7 b7b6 g7d4 b3d4 e2d3 a2f2 d1e1 f2a2 e1f1 b6b5 d3e4 a6a5 e4b1 a2b2 f1e1 b2b1 e1f2 e6d5 f2g2 d5d6 g2f2
118,W,value_resign,77,0.284375,590,2026-09-02 04:30:57,e2e3 f7f6 h2h3 e7e6 b2b3 f6f5 e3e4 b7b5 h1h2 g7g5 f2f4 f8c5 a2a3 e6e5 c1b2 f5e4 f4e5 b8a6 g2g3 g8h6 f1g2 e8g8 d2d3 f8e8 e1d2 g5g4 h3g4 e8e5 g4g5 d8f8 g5h6 f8e7 b2e5 a6b8 g1h3 d7d6 g2e4 d6e5 h2h1 c8b7 g3g4 b7e4 d3e4 a7a6 g4g5 b8c6 c2c3 a8d8 d2e2 d8d1 e2d1 a6a5 d1c2 g8f7 h1g1 c5g1 h3g1 f7g6 c2d3 c6b8 b3b4 a5b4 c3b4 b8d7 g1f3 c7c5 b4c5 d7c5 d3e3 e7d7 f3e5 g6g5 e5d7 c5e4 e3e4 g5h4 b1c3
119,W,value_resign,37,0.252810,595,2026-09-02 04:31:24,a2a3 f7f6 d2d3 b7b6 c2c4 e8f7 d3d4 e7e5 d4e5 g8e7 h2h3 b6b5 e2e3 e7g8 h1h2 a7a5 g1e2 g7g6 e5f6 g8f6 f2f4 h7h6 e2g3 d8e7 c4b5 d7d5 f1c4 c8d7 c4d5 f7g7 d5a8 h6h5 f4f5 h8h7 d1d2 c7c6 d2a5
120,B,value_resign,88,0.291905,600,2026-09-02 04:31:37,a2a4 b8c6 e2e3 c6d4 d2d3 e7e5 e3d4 d7d6 d4e5 f7f6 a1a2 f6e5 f2f4 e5f4 a4a5 c7c5 f1e2 d8e7 c2c4 h7h5 b1a3 h5h4 d1d2 e8f7 a3b5 a7a6 a2a4 a6b5 d2f4 f7e8 c4b5 c5c4 d3c4 c8d7 g1f3 g7g5 f4g5 f8g7 g5f4 g7h6 g2g3 h6f4 g3f4 e8f7 c1d2 g8f6 h2h3 h8h7 b2b4 h7h8 f3d4 d6d5 c4d5 a8c8 d5d6 e7e8 a5a6 e8f8 e1g1 c8a8 f1d1 f8e8 a6b7 a8b8 d4c2 f6e4 f4f5 e4d2 d1d2 e8f8 c2a3 b8b7 g1f1 b7b6 a4a7 h8h6 f5f6 h6f6 f1g1 f6f5 a7d7 f7e8 d7b7 b6b7 g1g2 b7b6 a3c2 f8g7
121,B,checkmate,56,0.327477,605,2026-09-02 04:31:50,f2f3 b7b5 c2c4 f7f5 e1f2 e8f7 e2e4 c7c6 f2e3 g7g6 e3d3 h7h6 g1e2 d7d5 c4d5 c6d5 b1c3 d5e4 d3c2 e7e5 f3e4 b8a6 d2d3 d8c7 h1g1 g8f6 e2g3 f5e4 d3e4 c7c5 f1b5 c5g1 d1g1 a6b4 c2b1 a7a6 g1b6 a6b5 c3b5 a8b8 b6a5 b8a8 a5a8 c8b7 a2a4 b7a8 a4a5 f6e4 g3f1 a8c6 g2g3 c6b5 f1d2 e4d6 d2e4 b5d3
122,W,material_adjudication_moderate,101,0.279438,610,2026-09-02 04:35:27,a2a3 b8c6 a3a4 c6d4 e2e3 d7d6 a4a5 c7c6 e3e4 e7e5 f2f3 e8d7 e1f2 d4f3 g2f3 f7f6 f1c4 b7b6 c2c3 d7e7 g1e2 a7a6 d1b3 h7h5 e2g1 g7g6 b3c2 d6d5 e4d5 c6d5 c4d5 d8d5 b2b4 b6a5 c1b2 a5b4 c3b4 g8h6 b1c3 d5d7 c2g6 h8g8 g6c2 g8g6 c2g6 e7d8 g1h3 d7e6 g6e4 f6f5 e4e3 f5f4 h3f4 e5f4 e3f4 f8e7 f4g5 e7g5 h2h4 g5d2 c3b1 c8d7 b2d4 e6e7 b1d2 a6a5 b4b5 d7b5 a1d1 e7d7 d4c3 b5c6 d2c4 a5a4 d1d7 c6d7 c4e5 a8c8 h1c1 a4a3 f2e1 c8c3 c1c3 a3a2 c3c1 a2a1q c1a1 d8c8 e5d3 d7e6 e1d1 e6c4 d1c2 c4e6 c2c1 c8d8 d3e5 e6d5 c1d1 d8c8 d1c2
123,B,value_resign,44,0.265744,615,2026-09-02 04:35:41,e2e3 g7g6 f2f3 a7a5 b2b3 b7b5 e1e2 d7d5 b1c3 c8h3 c3e4 d5e4 g2h3 e4f3 e2f3 g8h6 d2d3 e7e6 a2a3 e6e5 d3d4 b5b4 d1e1 b8a6 g1e2 e5d4 e3d4 a6c5 f3g3 d8e7 a3a4 c5e4 g3f4 f7f5 f4f3 f8g7 h3h4 f5f4 d4d5 g7a1 h4h5 h6f7 h5h6 h8f8
124,W,value_resign,63,0.338396,620,2026-09-02 04:36:20,g2g4 a7a5 c2c4 d7d6 f2f3 g7g5 a2a4 e7e6 f1h3 b8c6 e1f2 c6b4 d1e1 c7c6 d2d4 d8f6 e2e3 f6e7 c1d2 h7h6 d2b4 a5b4 e1e2 c8d7 h3g2 f7f6 a4a5 e8f7 h2h4 h6h5 e2d2 b4b3 f2e2 f8h6 a5a6 h5g4 a6b7 g4f3 g2f3 a8a1 b7b8q d6d5 b8b3 g5g4 f3g4 a1b1 g4f3 d5c4 b3c4 f7g6 b2b3 d7c8 c4c3 c8a6 e2f2 c6c5 d4c5 a6b7 f3b7 e7d7 d2e2 g8e7 b7e4
125,W,checkmate,51,0.252802,625,2026-09-02 04:36:46,a2a3 b8c6 d2d3 b7b6 c2c4 f7f6 b1d2 e8f7 e2e4 g7g6 f2f3 e7e6 d1e2 a7a6 e2d1 a6a5 h2h3 f7e7 e4e5 c8b7 e5f6 e7d6 a3a4 c6b4 d2b3 g8f6 b3a5 b6a5 f1e2 h7h5 d3d4 f8e7 a1b1 d8e8 e2f1 c7c5 h3h4 d6c6 g1e2 c5d4 c1d2 e8f8 e2g1 c6c5 d2b4 c5b4 c4c5 d4d3 d1d3 b7a6 d3a3
126,W,value_resign,37,0.275216,630,2026-09-02 04:37:12,a2a4 f7f6 b2b4 e7e5 g1f3 d7d6 f3e5 b8a6 c2c3 b7b6 b4b5 c7c5 b5c6 a8b8 e5c4 b8a8 d2d3 a6b4 a4a5 b4c2 d1c2 c8b7 f2f4 a7a6 c4e5 d6e5 b1a3 a8a7 f4f5 a7a8 e2e4 f8a3 c1a3 b7c6 f1e2 c6d5 h1f1
127,W,value_resign,73,0.297157,635,2026-09-02 04:38:43,e2e3 g7g6 g1h3 e7e5 h1g1 f7f6 f2f4 a7a6 b1c3 d7d6 g2g3 e5f4 c3b5 c7c6 a2a4 c8f5 b2b3 f8e7 f1e2 h7h5 h3f2 g6g5 a4a5 e8f8 b5d4 f4g3 h2g3 b8d7 e2f3 d7e5 c1b2 g5g4 f3e2 f8g7 d4f5 g7g6 f5e7 g8e7 f2d3 d8c7 e1f1 e7f5 c2c3 e5d3 e2d3 c7f7 d1e2 d6d5 e3e4 f5g3 g1g3 d5e4 d3e4 g6g5 d2d3 h8f8 e2f2 h5h4 c3c4 h4g3 f2g3 f6f5 e4f3 f5f4 g3g4 g5h6 f3g2 f7e6 g4e6 h6g5 g2h3 a8b8 f1f2
128,W,value_resign,81,0.272621,640,2026-09-02 04:39:10,a2a4 f7f6 b2b4 h7h6 f2f4 e8f7 d2d4 g7g5 f4g5 d7d5 a1a3 h6g5 c2c4 b7b5 c4d5 a7a5 b4a5 d8d6 c1g5 f6g5 e2e4 a8a6 f1b5 a6b6 b5e2 b6b4 d1d3 c8b7 b1d2 b7c8 g1f3 b8c6 d5c6 c8d7 e1g1 g8f6 h2h3 f8h6 c6d7 h8f8 d2b1 g5g4 f3h4 g4h3 e4e5 h3g2 g1g2 d6e6 b1d2 h6g5 g2g3 e6d5 d7d8q f8d8 a5a6 d5d4 d3d4 d8d4 a4a5 d4d2 e5f6 d2e2 f6e7 f7e7 f1e1 e2e1 h4f3 e1f1 f3g5 e7d6 g5f3 f1b1 a6a7 b1f1 a7a8q b4b8 a8b8 d6d5 f3e5 d5d4 a5a6
129,B,material_adjudication,67,0.380658,645,2026-09-02 04:40:27,e2e3 g7g6 f2f4 e7e5 h2h3 b8c6 f4e5 f8c5 a2a4 e8e7 f1e2 f7f5 e5f6 g8f6 h1h2 f6e4 c2c3 a7a6 c3c4 d7d6 a4a5 c8f5 e1f1 d8f8 e2f3 a8c8 f3e4 f5e4 g1f3 b7b6 d1e2 c6a5 a1a5 b6a5 g2g4 e4f3 e2f3 f8f3 f1e1 c5d4 e3d4 e7f6 h2f2 f3f2 e1f2 c7c5 h3h4 a5a4 d4c5 d6c5 d2d4 c5d4 c4c5 h8f8 b1d2 d4d3 d2f3 c8a8 c1h6 f8f7 f3e5 f6e5 f2e3 f7f6 g4g5 f6f5 h6g7
130,B,value_resign,60,0.346367,650,2026-09-02 04:40:41,e2e3 g7g6 f2f4 e7e5 b2b4 f7f5 a2a4 d8f6 a4a5 f8d6 h2h3 b7b5 h1h2 f6g5 d1h5 g5h5 f4e5 d6e5 g2g4 h5h4 e1e2 c7c5 c2c4 e5d6 g1f3 g8f6 c4b5 h4g5 f3g5 d6h2 b4c5 c8b7 c1b2 a7a6 b2f6 h8f8 d2d4 f8f6 b5a6 b7a6 e2f2 d7d6 g5h7 f6f7 b1d2 b8d7 f1a6 f5g4 d2f3 g4f3 h3h4 a8a6 a1e1 d6c5 d4c5 e8d8 e1f1 d7c5 f1e1 f7g7
131,W,value_resign,75,0.283168,655,2026-09-02 04:41:19,e2e3 g7g6 f2f3 e7e6 b2b3 e8e7 g1h3 b7b5 a2a4 b5b4 a4a5 f7f5 h1g1 b8c6 f1b5 f8g7 b5c6 g7a1 c6a8 g8h6 d1e2 c8b7 g2g4 d8a8 h3g5 h8f8 e2d1 f5g4 f3g4 h6g4 g1g4 b7d5 g5h7 a8e8 h7f8 e7f8 g4d4 a1d4 e3d4 e8d8 d1e2 d8e8 c1b2 e8f7 c2c3 b4c3 b1c3 d5b3 e2g4 f7e7 g4g6 e7f7 g6f7 f8f7 e1e2 d7d5 c3b5 a7a6 e2f2 a6b5 h2h4 b3c4 a5a6 e6e5 d4e5 f7g8 f2g3 c7c5 a6a7 g8g7 a7a8q d5d4 a8a7 g7g6 b2c3
132,W,material_adjudication,66,0.319710,660,2026-09-02 04:45:42,a2a4 f7f6 b2b4 a7a5 f2f4 a5b4 h2h3 h7h5 d2d4 g7g5 e1f2 f6f5 b1a3 f8g7 h1h2 d7d6 f4g5 b8d7 d4d5 g7a1 e2e3 d7f8 f2e1 e7e5 a3c4 e5e4 g2g3 h8h7 c1d2 d8e7 d1a1 f5f4 g3f4 b4b3 c2b3 c7c5 d5c6 c8d7 c6b7 d7c6 a1c3 h5h4 c4b6 a8d8 b3b4 c6d5 b6d5 e8f7 c3d4 e7b7 b4b5 b7d5 d4d5 f8e6 h2e2 h7h8 f1g2 d8a8 d5e4 e6f4 g2f1 a8d8 e4d5 f4e6 d2c3 f7f8
133,B,value_resign,46,0.291840,665,2026-09-02 04:46:53,a2a4 b7b6 g1h3 e7e6 b2b4 c7c5 d2d4 b8c6 g2g4 h7h6 b4b5 c6d4 c1f4 g7g5 f4e5 d4b5 a4b5 a8b8 e5c3 a7a6 f1g2 a6b5 g2f1 c5c4 e2e4 d7d5 c3d4 f7f6 b1a3 c4c3 h3g1 b5b4 a3b5 f8c5 h2h3 e8e7 d1f3 c5d4 b5c3 d4c3 f3c3 b4c3 g1e2 c8b7 e2d4 d8d7
134,B,value_resign,116,0.294236,670,2026-09-02 04:47:08,f2f4 a7a5 d2d4 b7b6 b2b4 e7e5 g2g4 c7c6 a2a4 f7f5 h2h3 g8f6 g4f5 d7d6 c2c4 f8e7 c1b2 e8f7 b4b5 e5d4 g1f3 d6d5 d1d2 d8d7 h1g1 d5c4 b2c1 c6b5 h3h4 f6d5 a4b5 a5a4 e1f2 e7f6 g1h1 c8b7 a1a3 f7e7 f3d4 d5f4 d4e6 b7h1 c1b2 d7d8 e6d8 b8d7 d2f4 a8d8 f4c4 f6b2 e2e3 b2a3 b1a3 d7c5 c4e2 h8e8 h4h5 h1d5 f2e1 c5e4 a3c2 a4a3 h5h6 g7h6 c2a3 h6h5 a3c2 e4c5 c2d4 d5e4 d4e6 c5e6 f5e6 d8c8 f1g2 e4g2 e2g2 e7e6 e3e4 c8c4 g2e2 c4c3 e1d2 e8c8 d2e1 e6e5 e2b2 c8c4 b2c3 c4c3 e1d2 c3c2 d2c2 e5e4 c2b3 e4d3 b3a4 d3e2 a4b4 h5h4 b4c4 h4h3 c4d5 h7h5 d5e6 h5h4 e6d7 h3h2 d7c8 h4h3 c8b7 h2h1q b7b8 h1h2 b8a7 h2g3
135,B,material_adjudication,83,0.244895,675,2026-09-02 04:47:09,e2e3 g7g6 a2a4 b7b6 b2b4 e7e5 f2f3 d7d6 b4b5 e8e7 f1e2 b8c6 a4a5 h7h5 b5c6 g6g5 f3f4 d6d5 a5b6 c7b6 g1f3 a7a6 f3e5 c8d7 f4g5 d7c6 h1f1 f7f6 f1f5 f6e5 f5e5 e7d6 d2d4 f8g7 g5g6 c6b7 c2c4 d5c4 b1c3 d6c7 e3e4 g7e5 d4e5 d8f8 e2c4 b7e4 c3e4 g8e7 c1a3 f8e8 d1e2 e7g6 c4d5 h8h6 h2h3 h5h4 e2e3 e8e5 e3d2 e5d5 d2d5 a8d8 d5e6 d8d6 e6g8 d6d8 a3e7 d8g8 a1a6 g6e7 a6a1 b6b5 e1f1 e7c6 a1b1 c6d4 b1b5 d4b5 f1e1 c7d8 e1f1 d8c7 f1e1
136,W,material_adjudication_moderate,76,0.312770,680,2026-09-02 04:47:36,f2f3 e7e6 b2b3 f7f5 a2a4 f5f4 e2e3 f8c5 b3b4 e8e7 f1d3 c5b4 d3h7 b8c6 h7g8 g7g6 c1a3 h8g8 a3b2 e6e5 e1e2 d7d6 g1h3 g8e8 h3g5 b4a5 b2c3 a5c3 b1a3 e7d7 d2c3 d8g5 h2h4 g5g3 a3b5 a7a6 h1h3 a6b5 h3g3 f4g3 h4h5 e5e4 h5h6 c6e5 f3f4 c7c6 f4e5 e8d8 e5d6 d8h8 a4b5 a8a1 d1a1 h8h6 b5c6 b7c6 a1b1 c8b7 b1b7 d7d6 c3c4 c6c5 b7a7 d6e5 c2c3 e5d6 e2f1 d6e6 f1g1 e6d6 g1f1 d6e6 f1g1 g6g5 a7a6 e6d7
137,B,value_resign,56,0.301032,685,2026-09-02 04:47:49,a2a3 c7c5 e2e4 b8a6 g1e2 c5c4 a3a4 a6c7 d2d3 e7e5 g2g3 c4d3 c2d3 f7f6 a4a5 g7g6 b1c3 f8b4 b2b3 c7a6 h2h4 e8f7 d3d4 b4a5 h4h5 a5c3 c1d2 c3a1 d2c1 g6h5 h1h5 f6f5 h5h7 h8h7 f2f3 h7h6 c1h6 b7b5 d4e5 d7d5 d1d5 d8d5 e4d5 g8h6 g3g4 h6g4 f3g4 a6c5 g4f5 c8d7 d5d6 f7f8 e5e6 d7e8 e1f2 b5b4
138,W,value_resign,41,0.385549,690,2026-09-02 04:48:14,f2f3 b7b5 c2c4 f7f5 b2b4 g7g6 h2h3 d7d5 e1f2 c7c6 c4b5 h7h5 c1a3 h8h6 d1e1 b8d7 e1c1 c6b5 g2g3 c8b7 b1c3 a7a5 e2e3 a5b4 a3b4 e7e6 b4a5 f8d6 a5d8 e8d8 c1b2 b5b4 a1b1 b4c3 b2b7 a8b8 b7b8 d8e7 g1e2 g8f6 h3h4
139,B,value_resign,42,0.306436,695,2026-09-02 04:49:55,b1a3 d7d5 b2b4 a7a6 g2g3 d5d4 h2h3 e7e6 b4b5 a6b5 d2d3 g8f6 a1b1 b8d7 b1b4 c7c5 b4b5 g7g5 c2c4 f6h5 c1g5 h7h6 d1d2 h6g5 f2f3 f8d6 a3c2 d7e5 e2e3 e8e7 f3f4 d4e3 c2e3 g5f4 d3d4 f4e3 d4e5 e3d2 e1e2 h8e8 g1f3 f7f5
140,W,value_resign,85,0.299750,700,2026-09-02 04:50:08,f2f3 b7b5 b2b3 a7a5 a2a4 e7e5 a4b5 c8b7 e2e3 d8e7 g2g4 e7d8 f1c4 d8f6 e1e2 g8e7 d1f1 f6g5 d2d3 d7d5 b1a3 g7g6 f1d1 b8d7 c2c3 c7c6 h2h4 c6b5 h4g5 b5b4 h1h7 h8h7 d3d4 a5a4 d4e5 b4a3 c4b5 a4b3 d1b3 e7g8 c1d2 a3a2 b3c2 f8a3 b5d7 e8d7 c2a2 b7a6 c3c4 d5c4 a2a3 a6b7 e2f1 a8a3 a1a3 b7c6 f1e1 d7e7 e1d1 e7f8 g1h3 h7h3 a3a7 c6d7 a7d7 h3h2 d7a7 h2h7 d1e1 f8g7 e1d1 c4c3 d2c3 g8e7 d1e1 e7g8 e1f2 g8h6 c3a1 h6f5 a1b2 f5e3 f2e3 h7h6 e3e4
141,B,value_resign,15,0.351688,705,2026-09-02 04:50:21,e2e3 g7g5 f2f3 d7d5 e1e2 h7h5 f3f4 a7a6 g1h3 c8h3 b1c3 h3g4 e2d3 g5f4 h1g1
142,B,value_resign,20,0.316180,710,2026-09-02 04:52:03,e2e3 a7a5 a2a3 a5a4 g2g3 c7c6 d2d3 f7f6 d1h5 g7g6 b1d2 g6h5 f1h3 b7b6 a1a2 e8f7 e1d1 d7d6 b2b4 c8h3
143,W,material_adjudication,76,0.312309,715,2026-09-02 04:52:17,f2f4 a7a5 c2c4 c7c6 h2h3 a5a4 c4c5 a4a3 e1f2 e7e6 b2b4 g8e7 b1a3 g7g6 c1b2 b7b6 b2h8 c8b7 a1b1 g6g5 d1c2 h7h5 c2b2 b8a6 c5b6 d7d6 b1a1 d8b8 f2f3 e8d8 e2e4 g5f4 f1a6 e6e5 a6b7 b8b7 b2c3 b7b6 c3b2 f7f5 a3c4 b6b4 a2a3 b4c4 h8f6 h5h4 d2d3 f5e4 d3e4 d8d7 a3a4 d6d5 f6e7 f8e7 e4d5 e7f8 a4a5 d7d6 d5c6 d6d5 b2c1 c4c1 a1c1 a8a5 c6c7 a5a2 c1b1 f8h6 b1a1 a2a1 c7c8q d5d6 c8b7 a1a2 g1e2 h6g7
144,W,material_adjudication_moderate,76,0.329518,720,2026-09-02 04:52:56,c2c4 e7e6 h2h3 f7f5 b1a3 f5f4 h1h2 d8e7 a3b5 g8h6 b2b4 c7c5 b4c5 h6f7 c5c6 b8c6 c1a3 c6d4 a3e7 a7a6 e2e3 f8e7 b5a7 e8f8 f2f3 f4e3 d1b1 a8b8 d2e3 a6a5 e3d4 f7d6 f3f4 h7h5 e1d1 h8h6 c4c5 d6e4 d4d5 e6d5 g1f3 e4c3 d1c2 c3b1 a1b1 h6e6 c2b3 e7c5 a7c8 f8f7 f3e5 e6e5 f4e5 b7b6 f1e2 g7g5 b1a1 b8c8 a2a4 f7e7 a1b1 c5b4 b1b2 b4c3 b2b1 c3d2 b1b2 e7d8 b2b1 d8c7 b1a1 g5g4 h3g4 h5g4 h2h1 d2c3
145,B,material_adjudication_moderate,76,0.318627,725,2026-09-02 04:53:47,g1f3 b7b5 c2c4 f7f6 e2e4 c7c5 f3e5 f6e5 c4b5 b8c6 h1g1 e8f7 f2f4 g8h6 e1f2 e5f4 b1c3 f4f3 e4e5 c8b7 g1h1 c6e5 d2d4 e5g4 f2e1 b7a6 d4d5 g4e3 a2a4 e3d1 b5a6 d8b6 e1d1 f3g2 f1g2 e7e5 c3e4 a8c8 b2b3 c5c4 c1h6 b6c7 h6g7 f8g7 g2h3 g7f6 b3c4 c7b6 a4a5 b6c7 h1g1 f7e8 e4f6 e8f7 f6e4 c7c4 g1g3 c4e4 h3g2 e4h4 g3h3 h4d8 a1b1 d8c7 b1a1 e5e4 a1b1 c7d6 b1a1 c8a8 g2e4 a8d8 a1b1 h7h5 b1a1 h8f8
146,B,value_resign,76,0.302718,730,2026-09-02 04:55:18,e2e3 h7h6 h2h3 e7e6 d2d3 g8f6 a2a4 f8e7 f2f4 g7g6 b2b4 c7c6 a1a3 h8g8 f4f5 f6h5 g2g3 e7b4 c1d2 h5g3 d3d4 b8a6 g1e2 b4e7 d2c3 g3h1 h3h4 d7d5 c3b2 e8f8 h4h5 e6f5 e3e4 d8d7 e4d5 e7b4 c2c3 b4a3 b1a3 f8g7 a3c2 a6c7 d5d6 f5f4 d6c7 a7a5 e2c1 d7c7 f1g2 c8f5 h5g6 f7g6 e1e2 b7b5 a4b5 c6b5 g2a8 g8a8 d4d5 a5a4 d1d4 g7g8 d5d6 c7d7 d4d5 g8h7 d5a8 f5c2 a8h1 d7d6 h1d1 c2d1 e2f2 d6e7 b2a3 e7h4
147,W,value_resign,37,0.345293,735,2026-09-02 04:56:11,e2e3 g7g6 g1h3 e7e6 a2a4 a7a6 c2c4 f7f6 a4a5 f8h6 d1h5 c7c6 e1e2 h6f8 h5h4 f8h6 f2f3 h6f4 e3f4 d7d6 e2f2 c8d7 f4f5 d8c7 f5g6 h7g6 h4g3 h8h5 f1e2 d6d5 h1f1 e8f8 g3c7 b7b6 a5b6 a6a5 g2g3
148,B,value_resign,44,0.303231,740,2026-09-02 04:56:37,h2h4 b7b5 c2c4 f7f6 h4h5 g8h6 b2b4 c7c6 c4b5 d7d5 d1b3 e8d7 h1h3 a7a5 b1c3 a5b4 b5c6 d7e8 a2a4 c8h3 g1h3 b4c3 d2c3 d5d4 b3d1 b8c6 c1h6 d8c7 d1c2 c6b4 c3b4 c7c2 a1c1 c2a4 c1c4 g7h6 h3g5 h6g5 c4c6 e7e5 e2e4 a4b3 b4b5 e8d8
149,W,value_resign,77,0.336353,745,2026-09-02 04:57:18,e2e3 g7g6 g1h3 e7e5 d1h5 g6h5 g2g3 f7f6 f1g2 f8g7 c2c3 g8e7 g2e4 a7a5 e4b7 b8c6 b7a8 c8b7 a8b7 d7d5 h3f4 e5f4 f2f3 f4e3 d2e3 c6a7 b7a8 d5d4 e3d4 d8a8 h1g1 e7c6 d4d5 a8b8 d5c6 a7c6 c1f4 b8b2 a2a4 b2a1 e1f2 e8e7 b1a3 c6b4 g1a1 c7c6 c3b4 a5b4 a3c4 g7h6 f4h6 b4b3 a1b1 c6c5 b1b3 e7f7 c4d2 c5c4 b3a3 c4c3 a4a5 c3d2 f2e2 h8f8 a5a6 f8g8 a3a1 g8h8 a6a7 h8a8 e2d2 a8a7 a1a7 f7e8 d2e2 e8d8 e2f1
150,W,value_resign,43,0.275258,750,2026-09-02 04:59:18,a2a4 f7f6 b2b4 a7a5 f2f4 a5b4 g2g4 e8f7 c1b2 b7b5 h2h4 h7h5 d2d3 g7g5 h4g5 f8g7 f1g2 c7c5 g2a8 d7d6 a4a5 b8a6 c2c3 e7e6 c3c4 d8e7 d1d2 b5c4 d3c4 d6d5 c4d5 h5g4 e1f2 c8d7 d5e6 f7e6 a8g2 h8h2 h1h2 b4b3 g1f3 g4f3 g2f3
151,B,value_resign,40,0.302293,755,2026-09-02 05:01:19,e2e3 g7g6 g1h3 e7e6 g2g3 e6e5 d1g4 b7b6 g4f3 f8g7 f3e4 f7f6 e4a8 e8f7 a8e4 c7c6 e4g6 h7g6 d2d4 d8c7 c2c3 a7a6 f1c4 d7d5 f2f3 g7h6 b2b3 d5c4 h3f4 b6b5 b3b4 h6f4 g3g4 f4e3 c1e3 e5d4 e3d4 c8b7 e1f2 c7e7
152,B,value_resign,52,0.389199,760,2026-09-02 05:02:03,e2e3 g8h6 f2f3 g7g6 e3e4 h8g8 c2c4 f7f5 b2b3 f5e4 f3e4 e7e5 h2h3 f8c5 d1g4 h6g4 b1c3 d8h4 g2g3 b7b6 g3h4 d7d6 f1d3 g4f2 g1f3 e8d8 h1f1 f2d3 e1e2 g8h8 e2d3 a7a5 f1f2 c5f2 c1b2 c8h3 c4c5 b6c5 c3b5 c7c6 b2d4 c5d4 f3e5 c6b5 e5g6 h7g6 d3c2 d6d5 e4d5 b8c6 d5c6 b5b4
153,B,material_adjudication_moderate,97,0.273677,765,2026-09-02 05:03:01,e2e3 f7f5 g2g3 h7h5 a2a3 g7g5 a3a4 h8h7 f1h3 e7e5 h3f5 d7d6 f5h7 h5h4 f2f3 d6d5 h7g8 d8d6 d2d4 b7b6 f3f4 d6h6 g8d5 h6h7 g1f3 a7a5 d5g8 e5d4 e1f1 f8a3 f4g5 h7h8 f3d4 h8g8 d1g4 c8g4 b1a3 e8d7 h1g1 d7d6 c2c4 h4h3 a1b1 g8g7 f1f2 c7c5 d4c2 g7g6 e3e4 b8c6 a3b5 d6e7 b1a1 c6b4 c2b4 a5b4 c1f4 b4b3 f4e5 a8d8 g1h1 d8d7 a1d1 g4d1 e5f4 d1h5 f4c7 d7c7 a4a5 g6f7 f2g1 b6a5 b5c7 e7f8 c7b5 h5g4 e4e5 a5a4 e5e6 f7e7 b5c7 e7c7 g1f1 f8e7 h1g1 e7f8 g1h1 c7d8 h1g1 f8e7 f1f2 d8e8 g1f1 e8f8 f2g1 f8b8 f1f2
154,W,material_adjudication,142,0.313709,770,2026-09-02 05:03:15,b1a3 e7e6 d2d3 g7g6 h2h3 e8e7 h3h4 d7d5 g2g4 g6g5 f2f4 a7a6 d1d2 b7b6 a3b5 f7f6 c2c3 a6a5 b5d4 g5h4 f1g2 a5a4 e2e4 a8a6 e4d5 e6d5 d4c2 h7h5 g4g5 f8g7 g5g6 c8e6 g1f3 h4h3 g2h3 d8c8 d3d4 e6h3 h1h3 c8h3 c3c4 h3f3 b2b4 f3g2 a2a3 g7h6 d2g2 f6f5 c4c5 a6a8 c1b2 e7e6 g2f3 h6f4 e1f2 f4g5 c2e3 g5e3 f2e3 g8e7 e3f2 c7c6 g6g7 h8g8 a1f1 e6f7 c5b6 b8d7 f1e1 d7b6 e1d1 b6c4 f2f1 c4b2 f3h5 e7g6 d1b1 b2d3 h5h3 g8g7 h3d3 g6f4 d3f5 f7e8 f5f4 g7f7 f4f2 f7f2 f1f2 e8f7 f2g3 a8d8 b1b2 d8d6 b2b1 d6g6 g3f4 g6h6 b1a1 h6e6 f4f5 e6e4 a1d1 f7g8 d1d3 g8f7 f5g5 f7g7 g5f5 g7f7 d3d1 e4e3 f5f4 e3e4 f4g3 f7g7 b4b5 c6b5 d1e1 g7h6 e1e4 d5e4 g3f4 h6h7 f4e4 h7h6 d4d5 h6h5 e4e5 h5h4 e5e6 h4g3 d5d6 g3h2 d6d7 b5b4 d7d8q b4b3 d8d4 b3b2 d4e5 h2h3
155,W,value_resign,35,0.382363,775,2026-09-02 05:03:29,a2a4 b7b6 g1h3 c7c5 c2c3 f7f6 h3g5 h7h6 g5f7 b8a6 f7d8 b6b5 f2f4 a8b8 d2d4 g7g5 h1g1 b5b4 e1d2 e8d8 f4f5 d7d5 d2e3 e7e6 f5e6 c8e6 e3d3 a6c7 d1b3 b4c3 b3b8 d8d7 b1c3 a7a6 e2e3
156,B,value_resign,44,0.306100,780,2026-09-02 05:03:55,g1f3 b7b5 f3g5 e7e6 b2b4 d8g5 c1a3 g5e7 a3b2 d7d5 a2a3 g7g6 e2e3 b8a6 b2h8 c8d7 c2c3 g6g5 h8e5 d5d4 e5c7 h7h5 d1h5 d4c3 d2c3 a6c7 e1d2 g8f6 h5g5 c7d5 h2h3 e8d8 h1g1 e7d6 d2d3 d8e7 d3d4 d5b6 g5d5 f6d5 g2g4 e6e5 d4d3 f7f5
157,B,material_adjudication_moderate,83,0.444194,785,2026-09-02 05:04:22,a2a3 c7c5 d2d3 a7a5 g2g3 h7h6 e2e3 h8h7 h2h4 g8f6 c2c4 h7h8 d3d4 a8a6 e3e4 g7g5 g1h3 h8h7 e4e5 a6a8 b2b4 c5d4 d1a4 b8a6 f2f3 e7e6 c1d2 g5h4 e1d1 a6c7 e5f6 b7b5 a4b5 c7b5 c4b5 c8b7 h3f4 e6e5 f1g2 d8f6 h1h4 a5a4 b5b6 e5f4 b4b5 f6e6 g2h3 f7f5 d2a5 d7d5 h4h5 e8d7 g3f4 e6e7 b1d2 a8b8 a1c1 b8a8 c1a1 a8b8 h3g4 b8a8 d1c1 d4d3 g4f5 d7d8 f5h7 a8a5 h7f5 f8g7 a1b1 g7f6 b1a1 e7e8 d2f1 e8f8 a1b1 f8e7 f5e6 e7e6 f4f5 e6f7 b1a1
158,B,material_adjudication,83,0.381094,790,2026-09-02 05:05:26,e2e3 a7a5 a2a4 c7c5 e1e2 d7d5 d1e1 b8c6 g1h3 c8g4 f2f3 d5d4 f3g4 e7e6 e1h4 d8h4 c2c3 h7h5 g2g3 h4g4 e2f2 b7b6 h3f4 a8c8 e3d4 e8d8 d4d5 f8d6 f1g2 c6a7 h1e1 d6f8 d5e6 f7e6 h2h3 g4f5 h3h4 f5g4 g2f3 g7g5 f3g4 h5g4 f4e6 d8e7 h4g5 c8e8 f2g1 c5c4 d2d3 a7c8 c1e3 e7e6 d3c4 e8e7 c4c5 b6c5 b1d2 e7d7 a1d1 f8e7 d2c4 d7b7 c4e5 e6e5 g5g6 e5f5 g6g7 h8h7 d1c1 h7g7 e3c5 e7c5 g1g2 g8f6 e1e2 f6e4 e2e4 f5e4 c3c4 c5d4 b2b3 e4e3 g2f1
159,W,value_resign,47,0.333328,795,2026-09-02 05:06:54,a2a4 b7b6 g1h3 c7c5 b2b3 c8b7 h3g5 g8h6 g5f7 b8c6 a4a5 h6f7 c2c4 f7d6 d2d3 e8f7 b1c3 h8g8 c1b2 h7h5 g2g4 a7a6 f2f4 e7e6 e1f2 d8f6 f1g2 g8h8 a5b6 f6f5 g4h5 c6d4 h1f1 f8e7 d1d2 b7g2 f2g2 g7g6 h2h4 g6h5 e2e4 f7g6 e4f5 g6f5 g2g3 h8f8 d2e1
160,W,value_resign,65,0.239626,800,2026-09-02 05:07:33,e2e3 g7g6 d1g4 f7f6 g4d1 f8h6 f2f3 e8f7 e1e2 e7e5 d1e1 a7a6 g2g3 e5e4 f1h3 b7b6 b1c3 b6b5 a2a3 c8b7 h3g2 f7e7 g2h3 h6g5 a3a4 g5e3 d2e3 b5b4 e1d2 e4f3 g1f3 b4c3 b2c3 h7h5 c1b2 f6f5 c3c4 b8c6 f3h4 g6g5 b2h8 g5h4 a4a5 h4g3 h2g3 g8f6 h8f6 e7f6 a1b1 d8e7 b1b7 a8b8 b7b8 e7b4 h1f1 c6a5 f1e1 b4d2 e2d2 a5c4 d2c3 f6e5 e1d1 a6a5 d1d3
161,W,value_resign,75,0.297797,805,2026-09-02 05:08:51,e2e3 g7g6 g1h3 e7e5 f2f3 f8h6 g2g3 f7f6 f1g2 e5e4 h1g1 b7b6 d2d3 e4f3 b2b3 e8f7 b1d2 g8e7 d1f3 e7c6 f3e2 b6b5 g2e4 d8e7 c2c3 b5b4 h3f4 e7d8 e1f2 b4c3 e4d5 f7f8 g1f1 c3d2 c1d2 g6g5 d2c3 g5f4 g3f4 f8e7 f4f5 b8a6 d5c6 d7c6 h2h4 c8f5 e3e4 f5g4 e2g4 f6f5 g4f3 f5e4 d3e4 a6c5 c3h8 d8h8 f1c1 h6c1 a1c1 c5b7 c1c6 h8f8 c6c7 e7d6 c7b7 f8f3 f2f3 d6c6 b7h7 a8h8 h7h8 c6b5 h8h7 b5b4 f3g4
162,W,material_adjudication,102,0.344063,810,2026-09-02 05:10:09,h2h4 h7h6 g2g4 b8a6 f2f4 h8h7 c2c4 a8b8 b2b4 c7c5 h4h5 b7b6 b4c5 b6b5 g1h3 b5c4 c1a3 c8b7 h1h2 a6c5 a3c1 d8c7 e1f2 f7f5 a2a4 b8a8 f2g3 g8f6 b1c3 f5g4 c1b2 c7c8 d1c1 e8f7 d2d4 c4d3 c3b5 a8b8 g3f2 a7a5 b2f6 g4h3 c1c5 c8c5 f2g3 g7g5 f6d4 c5c6 d4e5 g5f4 g3f4 e7e6 b5d4 f8g7 d4c6 b7c6 h2h3 g7e5 f4e5 b8a8 e2d3 d7d5 e5d6 a8c8 a1d1 d5d4 h3h4 e6e5 d6e5 c6a4 e5d6 a4d1 f1h3 c8b8 d6d7 d1a4 d7c7 a4b3 c7d7 b8c8 d7c8 b3a4 h4g4 h7h8 c8b7 h8f8 g4d4 f8d8 d4a4 d8d5 h3g4 d5d6 g4e2 d6a6 a4e4 a6a8 b7a8 a5a4 e2g4 a4a3 g4f3 a3a2
163,B,material_adjudication,66,0.281210,815,2026-09-02 05:11:28,e2e3 g7g6 g1h3 b7b6 d2d4 d7d5 e1d2 a7a6 b2b3 e7e5 d4e5 c8h3 g2h3 e8d7 b1a3 d8h4 d2d3 d7e7 b3b4 c7c6 d1e2 b6b5 f2f4 h7h5 c1b2 g6g5 c2c3 g5f4 a3c2 c6c5 b4c5 b8d7 c2d4 d7c5 d3d2 c5e4 d2d3 f7f6 e3f4 h4f4 e5f6 g8f6 a2a4 f8h6 f1g2 f4g5 g2e4 d5e4 d3c2 b5a4 a1a4 e7f7 h3h4 g5h4 e2d1 a6a5 a4a5 a8a5 d4f3 e4f3 h1f1 f7e6 f1g1 h6g5 c3c4 f6d5
164,W,material_adjudication,66,0.482440,820,2026-09-02 05:12:08,e2e3 a7a5 e1e2 a5a4 f2f3 b7b6 c2c3 h7h5 g1h3 e7e5 e3e4 h8h7 b2b3 f7f6 d2d4 f6f5 c1g5 d8g5 h3g5 f5e4 e2e1 c8b7 h2h3 e4e3 f1e2 h7h6 b1a3 f8c5 d4e5 d7d6 a3c2 a4a3 g2g4 h5g4 h3g4 h6h1 e2f1 e8e7 b3b4 e3e2 d1e2 h1h4 e5e6 g8f6 b4c5 b6c5 c3c4 f6h5 g4h5 g7g6 h5h6 h4h6 a1d1 a8a6 e1d2 a6a8 g5f7 h6h2 e2h2 g6g5 d2e2 e7e6 h2h1 e6f5 f7d8 a8a6
165,W,checkmate,35,0.339630,825,2026-09-02 05:13:00,g1h3 c7c5 g2g3 b7b6 d2d4 f7f6 b2b4 d7d5 e2e4 e8d7 e4d5 c5b4 a2a3 b4a3 e1d2 g8h6 g3g4 g7g5 f2f3 a3a2 f1g2 f8g7 h1f1 c8a6 a1a2 h8f8 a2a4 b8c6 d5c6 d7c6 c2c4 a6c4 a4c4 c6b5 d1a4
166,B,checkmate,72,0.312428,830,2026-09-02 05:15:28,c2c3 a7a5 f2f3 b7b5 h2h3 c8a6 c3c4 b5c4 e1f2 a5a4 h3h4 e7e5 d1a4 d8f6 g2g4 c7c5 b1a3 a6b7 a4a8 b7a8 e2e3 a8b7 f1c4 e8d8 c4d5 f8d6 d5b7 d6f8 f3f4 f8d6 g1e2 g7g5 h4g5 f6g6 b7a8 e5f4 e2c3 d6c7 e3e4 f4f3 a8d5 b8a6 h1d1 a6b4 a3c4 b4d5 c3d5 g6g7 f2f3 d7d6 d5c7 d8c7 a2a3 c7b8 c4a5 c5c4 a5c4 d6d5 e4d5 g7d4 c4d6 h7h6 g5h6 g8h6 d6b5 d4d5 f3g3 d5b5 a3a4 b5e5 g3h4 h6g8
167,B,value_resign,60,0.372773,835,2026-09-02 05:16:22,g1h3 g7g6 c2c3 d7d5 f2f4 g8h6 d2d4 c8h3 e1d2 a7a5 g2h3 f8g7 b2b4 f7f5 h1g1 c7c5 e2e4 c5d4 f1b5 b8c6 b5c6 b7c6 d1f1 d5e4 b1a3 d8b8 a3c4 g7f6 b4a5 b8b7 c4e5 f6e5 f4e5 e8d7 a5a6 b7a6 f1a6 a8a6 c1a3 a6a3 g1b1 h8g8 h3h4 e7e6 b1b5 c6c5 b5b6 g8d8 d2e2 d7e7 b6b7 d8d7 b7b6 d7a7 b6b7 a7b7 c3d4 b7b5 d4c5 e7d8
168,W,material_adjudication,120,0.386675,840,2026-09-02 05:16:50,e2e3 b8a6 e1e2 e7e5 e2e1 d7d6 g2g3 g7g5 f2f3 h7h5 f1c4 g8h6 a2a4 h6g8 h2h4 e8e7 b2b3 a6b8 e1e2 g5h4 h1h4 g8f6 a1a3 d8e8 b1c3 e5e4 c3e4 f8g7 a4a5 f6e4 h4e4 g7e5 f3f4 f7f5 g3g4 f5e4 g4g5 c8g4 e2e1 g4d1 f4e5 d6d5 e1d1 c7c6 d1e2 e8f7 c1b2 c6c5 c4d5 c5c4 d5f7 e7f7 b3c4 a7a6 c4c5 b8c6 g1h3 c6b4 a3a4 b4d5 c2c4 d5e7 e5e6 f7e6 b2h8 a8h8 d2d4 e7g6 e2d1 e6d7 d4d5 h8c8 d1d2 d7c7 d2c1 c7b8 c1b1 c8c5 b1c1 c5c8 c1b1 b8a7 a4a1 c8c4 h3f4 c4b4 b1c1 g6f4 e3f4 h5h4 a1b1 b4b1 c1b1 h4h3 g5g6 b7b6 g6g7 h3h2 a5b6 a7b6 b1a2 h2h1q g7g8q h1f3 f4f5 f3e3 g8g4 b6c7 f5f6 c7d6 f6f7 e3d2 a2a1 d2e3 f7f8q d6c7 g4g6 e3e2 a1b1 a6a5
169,B,checkmate,64,0.246733,845,2026-09-02 05:17:30,e2e3 d7d5 g1h3 b7b6 a2a4 h7h5 d2d4 f7f6 e3e4 h5h4 e4d5 e8d7 e1e2 h8h7 b1d2 a7a5 h1g1 c7c6 d5d6 e7d6 b2b4 a5b4 c1b2 h7h8 a4a5 b6a5 h3f4 g8h6 f4e6 d7e6 g2g3 e6d7 d4d5 g7g5 g1h1 f8g7 d5c6 d7c6 f2f3 c8a6 e2e3 g7f8 f1a6 b8a6 g3h4 c6b5 h4g5 h6f5 e3e4 f8g7 e4f5 d8d7 f5g6 f6g5 b2g7 h8g8 d1e2 b5b6 c2c4 b4c3 f3f4 g8g7 g6h6 a8h8
170,W,material_adjudication_moderate,80,0.321157,850,2026-09-02 05:19:01,e2e3 e7e5 h2h3 e8e7 f2f4 f7f6 e3e4 h7h5 f4f5 d7d5 e1f2 g7g5 g2g3 f8h6 f2e1 h6f8 e4d5 d8d6 d2d3 d6d5 d1e2 d5h1 e2e4 b8c6 e4h1 e5e4 g3g4 e7d7 b2b3 b7b5 g4h5 g8e7 f1g2 h8h6 g2e4 c6d4 h3h4 d4f5 c1g5 f6g5 a2a3 f8g7 h4g5 h6g6 h5h6 g7f6 g5f6 a7a5 g1f3 f5e3 h1h2 a5a4 e1f2 c8b7 b3a4 g6h6 a4b5 e7g6 f2e3 b7e4 d3e4 d7e8 e3d4 h6h2 f3h2 a8b8 b5b6 c7b6 d4d3 b8d8 d3e2 g6h8 e2f3 h8f7 c2c4 d8d4 h2g4 f7d6 f3f4 d6f5
171,B,checkmate,52,0.380688,855,2026-09-02 05:19:03,a2a3 g8f6 d2d3 d7d5 g2g3 h7h6 f2f3 d5d4 e1f2 g7g6 b2b3 b7b6 g3g4 b8c6 f1g2 a8b8 c1b2 f6d5 e2e4 d4e3 f2g3 d8d7 b2h8 e3e2 d1e2 e7e5 b1d2 c6d4 h8e5 f8b4 a3b4 d4c2 e5f6 c2e3 h2h4 a7a6 e2f2 a6a5 b4b5 a5a4 b3a4 d5f6 f2e3 d7e7 e3f2 e7e5 g3h3 h6h5 a4a5 c8g4 f3g4 h5g4
172,B,value_resign,70,0.435886,860,2026-09-02 05:19:17,a2a4 d7d6 e2e3 a7a6 a4a5 g7g6 g1h3 e7e5 b2b3 f7f6 f2f3 f8h6 e1e2 b8d7 c1b2 g8e7 e2f2 c7c5 h1g1 c5c4 a1a4 d7c5 f2e2 c8h3 b3c4 h3g2 g1g2 c5a4 b1a3 a4c5 a3b5 a6b5 c4b5 g6g5 h2h4 e8d7 h4g5 f6g5 d2d3 d8c7 b5b6 c7d8 d1d2 a8a6 g2g3 d6d5 b2c1 e7f5 f1h3 d8e8 h3f5 c5e6 f5e6 d7e6 d2b4 d5d4 b4c4 e6e7 c1b2 g5g4 f3g4 h8f8 g4g5 h6g5 b2d4 e5d4 e3d4 g5h4 c2c3 h4g3
173,B,value_resign,34,0.400769,865,2026-09-02 05:19:42,e2e3 a7a5 f1e2 a5a4 d2d3 f7f6 h2h4 e7e5 g2g4 e8e7 a2a3 e5e4 d3d4 b7b6 c2c3 c8b7 c3c4 d8e8 e1f1 f6f5 g4f5 e7d8 b1c3 g7g6 f2f4 f8g7 c3b5 c7c5 d1b3 a4b3 h4h5 g8f6 h5h6 g7f8
174,W,value_resign,71,0.369515,870,2026-09-02 05:19:55,a2a3 c7c5 a3a4 a7a5 c2c3 h7h6 f2f3 f7f5 d1c2 d7d5 d2d3 h8h7 c1e3 g7g6 e3h6 g8h6 f3f4 d8d7 h2h4 h6f7 g2g3 e7e6 h1h2 a8a7 g1f3 f7d8 e1f2 h7e7 f1g2 a7a6 h2h1 d5d4 f3d4 c5d4 c3d4 f8h6 d4d5 b7b6 h1c1 a6a8 b1c3 h6f4 g3f4 c8b7 c3b5 e8f7 b5d4 f7e8 d4e6 d7e6 d5e6 e7e6 d3d4 b8c6 c1d1 c6b4 c2d2 b7g2 d4d5 g2d5 d2c3 b4c2 c3c2 d5e4 c2b3 e4d5 d1d5 a8c8 e2e3 e6e5 a1d1
175,B,value_resign,32,0.401499,875,2026-09-02 05:20:08,e2e3 a7a5 g1h3 e7e6 e3e4 f7f6 g2g3 a5a4 f1b5 e6e5 h1f1 b7b6 d2d4 c7c6 d4e5 f6e5 a2a3 d7d6 f2f4 c8h3 f4e5 h3f1 c2c3 a8a6 b5a6 b8a6 d1e2 f1e2 e1e2 f8e7 c1d2 a6c7
176,W,material_adjudication_moderate,80,0.437975,880,2026-09-02 05:20:33,c2c4 e7e6 g2g3 g8h6 g1h3 g7g5 e2e3 a7a5 a2a4 f8e7 f2f3 c7c6 a1a3 h6f5 d2d4 h7h6 d1d2 f5e3 a3e3 f7f5 e3e2 d7d5 b1c3 h8f8 f3f4 g5g4 h3f2 c8d7 h1g1 a8a6 c4d5 e6d5 f1g2 a6a8 f2d3 b8a6 d3e5 a6b4 c3b5 c6b5 a4b5 e7f6 e5d7 e8d7 g1f1 b7b6 f1f2 d8e7 e2e7 d7e7 f2f1 h6h5 h2h4 g4h3 g2h3 e7f7 h3f5 f8e8 e1f2 f6e7 f5g4 h5g4 f4f5 e7g5 d2g5 e8g8 g5h5 f7g7 h5h4 g8h8 h4g4 g7f6 c1f4 h8g8 g4h4 f6f5 f2g1 g8h8 h4g5 f5e4
177,W,material_adjudication,66,0.320306,885,2026-09-02 05:21:21,a2a4 d7d6 f2f3 b8a6 e2e3 h7h5 b1a3 g7g5 e3e4 b7b5 a4b5 a6b8 a1b1 a7a6 d2d3 e7e5 c1d2 f7f5 a3c4 f5f4 d2e3 a6b5 e3b6 b8a6 c2c3 b5b4 g1h3 f8g7 c3b4 c8h3 h1g1 g8e7 b4b5 d6d5 e1f2 c7c6 b6d8 h3g2 f2g2 h8h7 b5b6 a6b4 e4d5 g7h6 d3d4 e5d4 h2h4 g5g4 f1e2 e7g8 e2d3 c6c5 g2f1 g8e7 d8e7 e8e7 g1h1 e7f7 f1e2 g4g3 d3f5 d4d3 e2e1 f7f6 f5h7 b4c2
178,B,material_adjudication_moderate,89,0.357428,890,2026-09-02 05:21:34,e2e3 e7e5 g2g3 g7g6 e3e4 f7f6 f2f3 d7d5 e1f2 a7a6 e4d5 c7c6 a2a3 f8e7 c2c3 e5e4 f1c4 e4f3 d1c2 e8f8 c2d1 c6c5 d1c2 b7b5 d2d3 b5c4 d3d4 c5d4 h2h4 c8g4 g1f3 d4d3 f3h2 d3c2 h2g4 f6f5 h1h2 f5g4 f2e3 g8f6 b1d2 f6e4 d2e4 b8c6 d5c6 h7h6 a3a4 g6g5 h4g5 h6g5 h2h8 f8f7 h8d8 a8d8 e3f2 d8d5 c1e3 c2c1q a1c1 f7g8 c1d1 d5d1 e3g5 e7g5 e4g5 d1d6 f2e2 d6c6 a4a5 c6d6 g5e4 d6e6 b2b3 e6e4 e2d2 c4b3 d2d3 e4e7 c3c4 g8f7 d3d4 f7e6 c4c5 e6f7 d4d3 f7e6 d3c3 e7d7 c5c6
179,B,value_resign,20,0.371514,895,2026-09-02 05:21:46,e2e3 e7e5 b2b4 f8c5 g2g4 g7g6 b4c5 f7f5 g1h3 g8f6 c2c3 f6g4 f2f3 d8h4 h3f2 g4f2 d1b3 h8g8 d2d3 h7h6
180,B,value_resign,54,0.339263,900,2026-09-02 05:21:58,e2e3 a7a5 a2a3 a5a4 f2f3 e7e6 g2g3 c7c5 b2b3 f7f6 e1e2 a4b3 c2c4 b7b6 f1g2 g7g6 d2d3 f8d6 c1b2 d6f8 b1d2 f8h6 e2f2 a8a5 d2b3 a5a4 d3d4 a4a3 d4c5 a3a1 d1a1 b6b5 h2h3 b5c4 a1d1 c4b3 d1d4 b8c6 g3g4 d8e7 h3h4 c6d4 e3d4 c8b7 g2h3 e8f8 b2c3 g6g5 h4g5 f6g5 g1e2 f8f7 e2g3 b7a6
181,B,value_resign,52,0.297130,905,2026-09-02 05:22:44,e2e3 g7g6 g1h3 e7e5 e1e2 a7a6 b1a3 f8a3 c2c3 d7d5 a1b1 c8h3 g2h3 g8e7 f2f4 e5f4 b2a3 e7c8 f1g2 h8f8 c3c4 d8d7 b1b7 d7d6 c4c5 d6d8 d1f1 c7c6 b7b4 a6a5 h3h4 a5b4 g2h3 f4e3 d2e3 d8h4 a3b4 e8e7 c1d2 f7f6 a2a4 b8d7 h3d7 e7d7 e2d3 g6g5 f1f6 f8f6 d2c3 d7e6 h1g1 h7h5
182,W,material_adjudication,66,0.385128,910,2026-09-02 05:23:06,b2b3 c7c6 e2e4 d7d6 g1e2 b8d7 d2d3 h7h5 e1d2 h5h4 h2h3 g8f6 g2g4 h4g3 d2c3 d7b6 h1h2 f6e4 d3e4 h8h6 c1h6 g3h2 c3d4 h2h1q h6c1 c8e6 d4d3 a8c8 b3b4 b6a4 f1g2 d8c7 g2h1 f7f5 e4f5 c8b8 f5e6 a7a5 c2c4 d6d5 b4a5 c7h2 c4d5 a4c5 d3d2 c6d5 d1c2 c5b3 a2b3 b8a8 d2e3 h2h1 b1d2 g7g5 e2d4 h1h2 d2b1 f8g7 c2c3 a8a5 a1a5 g7d4 c3d4 h2b8 b3b4 b7b6
183,B,checkmate,20,0.337663,915,2026-09-02 05:23:07,e2e3 d7d5 f2f4 h7h5 a2a3 b7b6 g1e2 g7g5 e3e4 d8d7 e2c3 f8g7 b2b3 c8a6 e1f2 g7d4 f2f3 g8f6 d1e1 d7g4
184,W,value_resign,27,0.370010,920,2026-09-02 05:26:37,e2e3 e7e5 g1e2 f7f5 e3e4 d7d6 e2c3 d8f6 g2g3 f5f4 h1g1 c7c5 f1g2 a7a6 f2f3 f6e6 e1f2 g7g6 c3d5 h7h6 d5c7 e8d7 c7e6 d7c6 a2a3 c5c4 g2h1
185,W,checkmate,45,0.335490,925,2026-09-02 05:28:06,e2e3 d7d5 a2a4 h7h5 e1e2 b8a6 e3e4 d5d4 g2g4 c8g4 g1f3 g4f3 e2f3 a8b8 h2h4 c7c5 d1e2 a6c7 a4a5 c5c4 f3f4 h8h6 c2c3 g8f6 f4f5 d4c3 e4e5 c3d2 e5f6 d2c1q b1d2 c1d2 a1d1 d8d5 e2e5 g7g5 d1d2 g5g4 d2d5 c7d5 f1c4 d5f6 e5b8 e8d7 c4b5
186,B,value_resign,27,0.307457,930,2026-09-02 05:28:07,g1h3 c7c5 g2g3 h7h5 d2d4 f7f5 c1f4 g7g5 c2c3 g5f4 a2a4 c5d4 f2f3 a7a5 d1c2 b8c6 h1g1 b7b6 c2f5 f8g7 c3c4 c8b7 f5f6 g7f6 e1d1 f6g5 g1h1
187,B,value_resign,56,0.369716,935,2026-09-02 05:28:20,e2e3 g7g6 g1h3 g8h6 a2a3 b8c6 a3a4 h6f5 f1b5 f5g7 a4a5 f7f5 g2g4 d7d6 h1g1 e8d7 b2b3 e7e5 e1e2 h7h6 d1e1 d8e7 b5c6 b7c6 e1d1 f5g4 a5a6 g7f5 d2d3 e7e6 g1g4 f8e7 b1d2 h8f8 a1a2 c8a6 f2f4 a8d8 h3f2 a6b5 c1b2 g6g5 a2a7 e5f4 b2d4 f4e3 c2c3 e3d2 e2d2 d7e8 h2h3 f5d4 g4g5 h6g5 d1e1 e6d5
188,B,value_resign,68,0.360968,940,2026-09-02 05:29:35,e2e3 f7f5 d1e2 e7e5 g2g3 f5f4 e2g4 f8e7 a2a3 e7d6 e1e2 g7g6 h2h3 g8e7 c2c3 h8f8 b2b4 f4g3 d2d4 e5e4 f2g3 e7f5 b4b5 f5h6 g4e4 d6e7 b5b6 c7b6 e4d5 d7d6 h3h4 h6g4 f1h3 g4f2 c1d2 f2h1 a3a4 h1g3 e2d3 a7a6 g1f3 c8h3 h4h5 b8d7 a4a5 d7f6 h5h6 g6g5 f3g5 h3g2 g5f7 f8f7 d5g2 a8c8 g2g3 c8a8 d4d5 f7f8 a5b6 d8d7 d3d4 f6h5 e3e4 h5g3 e4e5 a6a5 e5e6 d7c6
189,W,value_resign,47,0.376840,945,2026-09-02 05:29:36,g1h3 c7c5 d2d4 g8f6 h3g1 b8c6 c2c3 a8b8 a2a4 e7e6 f2f3 f8e7 c1h6 c5d4 h6d2 d8b6 b1a3 h8f8 d1b1 g7g6 a4a5 b6c7 g2g4 d7d6 e1d1 h7h6 f1g2 c6a5 a3b5 c7d7 a1a5 d4c3 b5c3 d6d5 c3a4 f6h7 g4g5 b7b6 a5a7 h6g5 a7d7 c8d7 b2b3 f7f5 d1c2 e6e5 b1b2
190,W,value_resign,69,0.396876,950,2026-09-02 05:30:38,e2e3 a7a5 a2a3 a5a4 f2f3 b7b5 g2g3 g8h6 d2d4 d7d5 h2h4 g7g6 f1b5 c8d7 f3f4 a8a5 e1f1 f7f5 b5e2 a5a6 b2b3 a4b3 c1b2 g6g5 e2a6 b8c6 h4h5 h6f7 f4g5 d7e6 f1e2 f8g7 c2c3 h8f8 d1d2 g7f6 h5h6 f6g5 g1f3 c6b8 c3c4 d5c4 f3g5 f7g5 h1f1 b8a6 d4d5 d8d5 f1d1 d5c6 e2e1 a6b8 a3a4 c6b7 b2g7 c7c6 g7f8 f5f4 g3f4 e8f8 f4g5 b7c8 b1c3 e6f5 a1b1 c6c5 b1c1 b8c6 c3d5
191,W,value_resign,53,0.359875,955,2026-09-02 05:30:39,e2e3 g7g6 g1h3 g8h6 a2a4 a7a5 e1e2 h8g8 b1c3 g6g5 c3e4 d7d5 e4g5 e8d7 b2b3 b7b5 a1a2 f7f5 g5e6 d7e6 f2f4 e6d7 a4b5 g8g4 a2a4 g4g6 h1g1 b8c6 b5c6 d7c6 c1b2 d5d4 a4d4 c8b7 d4d8 a8d8 b2e5 f8g7 c2c4 g7e5 f4e5 d8g8 g2g3 h6f7 f1g2 c6c5 e2d3 b7g2 g1g2 g8e8 d1e2 a5a4 b3a4
192,W,value_resign,47,0.403420,960,2026-09-02 05:31:04,e2e3 a7a6 g2g3 e7e5 b1c3 f7f6 g1h3 h7h6 d1h5 e8e7 e1e2 e5e4 b2b3 b7b5 h3f4 c7c6 f4g6 e7e8 g6h8 g7g6 h5g6 e8e7 f1h3 d7d5 d2d4 c8h3 g6f7 e7d6 f2f3 e4f3 e2f2 h3g4 h2h3 d8e7 f7g8 g4f5 g3g4 f5e4 c3e4 d6d7 c2c3 e7f7 g8f7 d7d8 h1f1 f6f5 c1b2
193,W,checkmate,17,0.355369,965,2026-09-02 05:31:53,e2e3 g7g5 f2f4 h7h5 d1f3 h5h4 f4f5 b8c6 g2g3 c6d4 f1c4 d4f5 e1f1 a7a5 f3h5 c7c5 h5f7
194,B,material_adjudication,67,0.376829,970,2026-09-02 05:32:56,e2e3 d7d5 g1h3 h7h5 d1h5 c8d7 f1a6 h8h5 a6b7 h5h8 g2g3 c7c6 b7a8 d8c8 h1g1 d7g4 d2d3 d5d4 c2c3 f7f6 f2f4 a7a5 c3d4 b8a6 d4d5 g4h3 b2b3 a6b4 b1c3 h8h4 a8c6 e8f7 g3h4 b4c6 d5c6 c8c6 h4h5 c6c3 c1d2 c3a1 e1e2 a1a2 g1g3 h3g4 g3g4 a5a4 b3a4 e7e5 f4e5 f6e5 a4a5 g8f6 g4g5 g7g6 h5g6 f7g8 g5e5 f8d6 e5d5 f6d5 a5a6 d6h2 a6a7 a2a7 e2e1 a7a6 e1d1
195,W,value_resign,33,0.384653,975,2026-09-02 05:33:35,a2a4 f7f5 a4a5 g7g5 b1c3 d7d6 d2d3 h7h5 c3d5 f5f4 d5b6 e7e6 e2e4 f8h6 b6a8 g8f6 f1e2 f6e4 d3e4 c7c6 a1a4 d8a5 a4a5 c8d7 a5a6 h5h4 d1d4 d6d5 e1f1 b7a6 f2f3 e6e5 d4c5
196,W,checkmate,29,0.433493,980,2026-09-02 05:35:44,h2h3 b8c6 f2f4 g7g5 e2e3 d7d6 g2g3 h7h5 a2a3 c6b4 f4g5 e8d7 f1c4 a7a5 d1f3 b4c2 e1f2 c2a1 c4b3 c7c6 b3a4 d7e6 e3e4 g8h6 g5h6 h8h6 g3g4 a8b8 f3f5
197,W,value_resign,24,0.486326,985,2026-09-02 05:37:05,a2a3 b8c6 a3a4 a8b8 e2e3 f7f6 h2h3 c6b4 c2c3 c7c5 a4a5 a7a6 f1e2 b7b5 f2f3 e7e6 c3b4 d7d5 g2g3 d8b6 a5b6 f6f5 d1b3 b8b7
198,W,material_adjudication_moderate,89,0.416741,990,2026-09-02 05:38:16,e2e3 g7g6 g1h3 g8h6 g2g4 e7e5 e1e2 f8d6 f2f3 d8f6 b1c3 a7a6 a2a4 h6g4 f3g4 g6g5 c3d5 f6g6 f1g2 h8f8 h1e1 f7f6 b2b3 c7c5 h3g1 f6f5 g4f5 g6f6 c1b2 f6d8 h2h3 a6a5 g2f3 h7h5 d1b1 g5g4 h3g4 h5g4 f3g4 a8a7 g4h5 f8f7 g1f3 e5e4 e1d1 e4f3 e2d3 d6h2 b2c3 e8f8 b1b2 f7f5 h5f3 f5h5 f3h5 d8c7 d1b1 c7d6 b2a3 d6d5 c3d4 d5h5 d4c5 f8f7 c5a7 h5g6 d3d4 d7d5 a3b2 b7b6 a7b8 c8e6 b8c7 h2c7 d4c3 e6c8 b2c1 c8b7 d2d3 f7e7 d3d4 g6e4 b3b4 a5b4 c3b4 e4g2 c2c4 e7d7 a4a5
199,B,value_resign,80,0.365393,995,2026-09-02 05:40:12,g2g3 b7b6 g3g4 d7d6 c2c3 e7e5 f2f3 g7g6 a2a3 b6b5 d2d3 g6g5 f1h3 e8d7 a3a4 b5b4 b2b3 h7h6 e1d2 d6d5 f3f4 c7c6 f4f5 a7a6 a1a2 f7f6 c3b4 c8b7 b1a3 d8e8 a3c2 d7c7 g1f3 c6c5 d2e1 c5b4 e1f2 b8d7 d3d4 e5e4 h3g2 e4f3 c2b4 f3g2 h1g1 f8d6 g1g2 b7c8 d1d2 d6b4 h2h4 d7b6 d2c2 c7b7 h4g5 h6g5 c1b2 h8h7 b2a3 h7g7 a3b4 a8b8 b4c5 a6a5 b3b4 a5b4 g2h2 e8d7 c5b6 b7b6 f2e1 c8b7 e1f2 b8d8 h2h4 d8c8 c2b3 g5h4 a2a1 d7c6
200,B,material_adjudication_moderate,84,0.366841,1000,2026-09-02 05:41:10,e2e3 a7a5 a2a3 a5a4 f2f3 e7e5 h2h3 f8b4 c2c3 e8e7 e3e4 f7f6 b2b3 c7c6 a3b4 a4b3 a1a8 b7b6 f1a6 b8a6 a8a7 h7h5 h3h4 a6c7 a7c7 d8c7 b1a3 c8b7 c1b2 c7c8 d2d3 g7g5 a3c4 d7d5 e4d5 c6d5 h4g5 d5c4 g5g6 e7d6 b4b5 e5e4 g6g7 h8h6 d3c4 d6e6 g1e2 e6f7 e2d4 c8c5 d1d2 c5c4 h1h3 e4e3 d2d1 b7c8 g2g4 h5g4 h3h6 g8h6 d4b3 g4f3 d1f3 c4b3 f3e3 b3b2 e3d2 b2d2 e1d2 h6g8 d2c2 c8b7 c3c4 b7a8 c2b3 f7g7 b3c2 g7h6 c2b3 g8e7 b3b4 e7c6 b5c6 h6h5
201,B,value_resign,98,0.447312,1005,2026-09-02 05:41:34,e2e3 a7a6 g2g3 g8f6 f2f4 e7e5 g1f3 b7b6 f1g2 d7d6 f4e5 a6a5 a2a4 f6g4 f3d4 h8g8 g2a8 d8e7 a1a2 d6e5 d4e2 e5e4 e1g1 c8f5 e2f4 e8d8 a8e4 g7g6 d2d3 g4e3 d1e2 e3f1 e4f3 g6g5 b2b3 g5f4 g3g4 f5d3 c2d3 b8d7 b1c3 b6b5 c1b2 e7e2 c3e2 b5a4 e2f4 a4b3 a2a1 f1d2 f3e4 c7c5 e4d5 f8d6 a1d1 g8g4 f4g2 d2b1 d1b1 g4g6 d5b3 a5a4 b3a4 f7f5 d3d4 c5d4 b2d4 d6c5 b1d1 c5d4 d1d4 d8c8 a4b3 d7b6 d4d3 c8b7 d3d4 b7c6 d4d3 c6c5 d3d1 f5f4 b3d5 b6d5 d1d5 c5d5 g1f1 g6g8 f1e1 d5d4 e1e2 g8f8 e2f2 f4f3 f2e1 f3g2 e1d2 f8f7
202,B,material_adjudication,93,0.380620,1010,2026-09-02 05:41:48,e2e3 e7e6 d2d3 f7f5 g2g4 c7c5 g4g5 a7a5 g1f3 d8f6 g5f6 g7g5 f3e5 c5c4 f1g2 g8h6 e5d7 c8d7 d1d2 f8g7 g2d5 e6d5 h1f1 g7f6 f1g1 e8f7 d2c3 f6c3 b1c3 h8g8 c3d5 h6g4 d5c7 a8a7 f2f3 g4h2 g1h1 h2f3 e1d1 b8c6 h1h7 g8g7 c7b5 g7h7 c1d2 h7h6 b5d6 f7g7 a1b1 c4d3 b1a1 c6d4 c2d3 d7e6 e3d4 h6f6 a2a4 g5g4 d4d5 e6d5 d6e8 g7f7 e8f6 f7f6 b2b3 f3d2 d1d2 f6f7 a1a3 g4g3 d2e3 a7a8 e3d4 a8c8 d4d5 b7b5 a4b5 c8a8 b5b6 f5f4 d5e5 g3g2 e5f4 g2g1q a3a1 g1d4 f4g5 d4a1 g5h6 f7f8 b6b7 a8b8 h6g5
203,B,value_resign,64,0.322035,1015,2026-09-02 05:42:28,d2d3 b7b6 c2c3 e7e6 a2a4 f7f6 a4a5 d7d6 b1a3 e6e5 e2e3 d6d5 a5b6 e8d7 a3c4 c7c6 g2g3 d5c4 a1a7 a8a7 b6a7 c4d3 b2b3 f8a3 c1a3 d8e7 d1b1 e7a3 e1d2 a3a7 d2d3 b8a6 b3b4 d7e8 d3c4 a6c7 f2f3 c8e6 c4d3 e8e7 c3c4 a7b7 b4b5 e6f5 d3d2 c6b5 b1b5 c7b5 c4b5 b7b6 f1c4 b6b7 b5b6 b7b6 c4b5 b6b7 b5c6 b7b6 d2e1 b6c6 e1d1 e7e8 g3g4 c6c5
204,B,value_resign,54,0.331467,1020,2026-09-02 05:42:54,a2a4 b7b6 e2e4 f7f6 b2b4 e7e5 b4b5 c7c6 d1g4 f6f5 g4d1 d7d6 a4a5 e8e7 b1a3 f5e4 f2f3 b8d7 a5a6 e4e3 g2g3 c6b5 a3b5 h7h6 f3f4 c8b7 d2d3 b7h1 c1b2 g7g5 d3d4 e5f4 d4d5 d7f6 g3f4 f6d5 f4g5 h6g5 b2h8 g5g4 c2c4 d5f6 a1c1 d8d7 d1g4 f6g4 h2h3 g4f2 b5a7 a8a7 g1e2 a7a6 h8a1 d6d5
205,B,value_resign,54,0.392133,1025,2026-09-02 05:43:20,b2b3 c7c6 e2e3 g7g6 d2d4 h7h5 f2f3 g6g5 e1d2 f7f5 h2h4 b7b6 h4g5 f5f4 e3f4 h5h4 a2a4 f8g7 b3b4 e7e5 d4e5 d7d6 h1h4 d8g5 h4h5 g5h5 b1a3 a7a5 e5d6 g7a1 b4a5 e8f7 c2c3 b6a5 a3c2 c8b7 g2g4 h5h4 c1b2 g8f6 b2a1 h4g3 g1e2 g3f2 d1e1 f2f3 f1g2 f3g2 e1f2 g2h1 c2d4 h8e8 g4g5 b8d7
206,W,value_resign,64,0.372637,1030,2026-09-02 05:43:57,e2e3 d7d5 f2f4 h7h5 e3e4 h5h4 e4d5 h8h7 d2d3 a7a5 g1h3 d8d5 h3f2 d5c6 f1e2 f7f5 b2b3 b8a6 g2g3 g7g6 d1d2 a6c5 b1a3 c6f3 h1g1 f3c6 e2g4 a8b8 h2h3 g8f6 g4f5 g6f5 d2e2 h4g3 g1g3 e7e6 f2g4 b7b5 a1b1 c5e4 d3e4 f6g8 e2d3 b5b4 e4f5 b4a3 f5e6 c8e6 d3h7 b8b6 g3c3 g8f6 c3c6 f6h7 c6c7 e6d7 c7d7 b6d6 d7h7 f8e7 c1e3 e8d8 c2c3 a5a4
207,B,material_adjudication_moderate,109,0.416203,1035,2026-09-02 05:45:26,c2c4 a7a6 h2h3 e7e5 g2g4 b7b6 f2f3 f7f6 d2d4 b8c6 h1h2 e8e7 d4d5 d8e8 e1f2 c6d8 f2g3 c8b7 a2a4 g7g5 e2e3 b7c8 a1a2 e5e4 b2b4 a6a5 a2a1 e4f3 g1f3 h7h6 e3e4 a5b4 d1e2 e7f7 h2f2 f8c5 c1f4 g5f4 g3f4 h6h5 b1d2 h5g4 h3g4 e8f8 e4e5 c5f2 e2f2 b4b3 f1d3 c8b7 e5f6 g8f6 f3e5 f7e7 g4g5 f6d5 f4g3 d5c3 a1h1 b7c6 e5g6 e7e8 g6f8 c6h1 f8g6 h8g8 g6h4 h1b7 d2b3 d8e6 a4a5 g8f8 a5b6 f8f2 c4c5 b7c6 g3f2 e8e7 f2e3 a8b8 d3f1 c3e4 f1h3 e7f8 h3e6 d7e6 b3d4 c6d5 b6c7 b8c8 d4e6 d5e6 e3e4 c8c7 e4d3 c7a7 d3d2 a7a8 d2d3 e6g4 g5g6 f8g7 c5c6 a8d8 d3e3 d8c8 c6c7 g4e6 e3d4
208,W,value_resign,23,0.459059,1040,2026-09-02 05:46:40,b2b3 c7c6 e2e3 b7b6 g1e2 g7g5 f2f4 h7h5 e1f2 d7d5 e3e4 e7e5 d2d3 f8d6 f4e5 d6a3 c1g5 e8f8 g5d8 c8b7 g2g3 a3e7 f2g2
209,W,value_resign,73,0.435116,1045,2026-09-02 05:46:53,e2e3 g8h6 f2f4 a7a5 h2h4 h6g8 e1e2 a5a4 b1c3 b7b6 b2b3 h7h5 g2g3 e7e5 c1b2 c7c6 a2a3 e5e4 c3a4 d7d6 h1h2 c8d7 f4f5 d7f5 f1g2 g8f6 b2f6 d8f6 a4b6 f6d8 b6a8 b8a6 g2h3 a6c7 h3f5 d8a8 f5e4 h8h7 d2d3 d6d5 a1a2 d5e4 d3e4 a8b8 g1h3 c6c5 d1d2 h7h8 h3g1 c5c4 a2a1 b8b7 g1h3 g7g5 h3g5 c4b3 c2b3 e8e7 a1c1 f7f6 g5h7 h8h7 d2c3 h7h8 a3a4 f8h6 h2h1 b7b3 c3b3 c7d5 h1f1 d5c3 e2f2
210,W,value_resign,63,0.444755,1050,2026-09-02 05:47:07,e2e3 d7d5 f2f4 a7a5 d2d3 a8a6 b1a3 h7h5 e1d2 b7b6 f1e2 e7e5 g1f3 b6b5 h1g1 b8c6 a3b5 a6b6 d1f1 e8e7 f4e5 b6b5 d2d1 c8a6 a2a4 b5b7 f3h4 d8c8 d1d2 b7b8 b2b3 c6b4 c1a3 g7g5 a3b4 a5b4 h4f5 e7e6 g2g3 c8b7 a1b1 f7f6 e5f6 g8f6 b1d1 d5d4 f5d4 e6f7 g3g4 f8h6 g4h5 c7c5 d4f5 c5c4 d3c4 b8c8 f5d6 f7g7 d6b7 f6h5 d1e1 c8b8 h2h3
211,W,value_resign,35,0.337376,1055,2026-09-02 05:47:56,a2a4 f7f6 b2b4 g7g5 h2h4 c7c5 b4c5 a7a5 a1a3 d7d6 h4g5 a8a7 c5d6 e8d7 g1f3 b8c6 c1b2 b7b6 g5g6 d7e6 f3g5 e6d6 d2d4 f6g5 f2f4 c6b4 e1d2 e7e6 g6g7 b4c2 g7h8q g5f4 g2g3 f4g3 f1g2
212,W,value_resign,69,0.372716,1060,2026-09-02 05:48:58,e2e3 g7g6 b2b3 h7h5 f2f3 d7d5 b1a3 b7b6 g2g4 h5g4 f3g4 f8g7 a1b1 e7e5 a3b5 d8h4 e1e2 c8g4 g1f3 h4g3 h2g3 h8h7 b5c3 g8e7 b1b2 d5d4 e2f2 d4c3 e3e4 b8a6 h1h7 c3b2 c1b2 g4f3 d1f3 c7c6 g3g4 a6c7 a2a4 f7f5 f1g2 f5e4 f3e4 c7d5 g2f3 c6c5 d2d3 e8f8 c2c4 f8g8 c4d5 g8h7 f2g2 a7a6 g2h1 e7g8 b2e5 g7h6 h1g1 h6e3 g1h1 a8f8 e5d6 f8f3 e4f3 g8h6 f3g2 h6f5 g4f5
213,W,value_resign,29,0.421992,1065,2026-09-02 05:48:58,e2e3 g7g6 a2a4 e7e5 a4a5 d7d6 f2f3 e8e7 e3e4 a7a6 c2c4 f7f5 g2g3 e7d7 d1c2 f8g7 f3f4 c7c6 c4c5 d8c7 c5d6 h7h5 e4f5 a8a7 d6c7 d7c7 a1a3 e5f4 g1e2
214,W,value_resign,37,0.480206,1070,2026-09-02 05:49:11,f2f3 h7h6 e2e4 e7e6 b2b3 c7c5 d2d4 f7f5 g1e2 d8h4 g2g3 b7b6 e4e5 c5d4 g3h4 f5f4 d1d4 d7d5 b1c3 g7g5 e1f2 b8c6 d4d3 c6d4 c1b2 a8b8 d3d4 h6h5 b3b4 f8g7 b4b5 g7f8 e2f4 g5h4 a1b1 a7a6 f1e2
215,W,checkmate,61,0.418279,1075,2026-09-02 05:49:23,f2f4 g8f6 d2d3 f6e4 g1f3 b8c6 b1a3 h8g8 a1b1 e4c3 b2c3 c6d4 b1b5 e7e5 a3c4 d4f3 g2f3 g7g6 f4e5 g8g7 c1f4 d7d5 c4a3 a7a6 b5b2 c8g4 f4g3 g4f3 e2f3 f8a3 b2b7 a8b8 b7b8 d8b8 f1e2 b8b7 c3c4 a3b2 c4d5 b2c3 e1f1 b7d5 a2a3 c3e5 c2c3 d5d7 g3e5 a6a5 d3d4 f7f6 e5f6 g7f7 f3f4 f7f6 h2h3 f6f4 e2f3 e8e7 d1e2 e7d6 e2e5
216,W,checkmate,53,0.370279,1080,2026-09-02 05:49:59,c2c3 a7a5 f2f3 b7b5 e2e4 h7h5 g1e2 a8a6 c3c4 h5h4 e4e5 d7d6 c4b5 d6d5 b5a6 a5a4 d2d4 h8h6 e1d2 g7g6 a2a3 f7f6 f3f4 h6h7 b2b4 a4b3 d1b3 e8d7 h1g1 d7e6 h2h3 c8a6 b3d1 b8d7 e5f6 d7f6 b1c3 e6f5 d2e1 f6e4 c1b2 e4c3 b2c3 c7c5 e1d2 a6d3 d4c5 e7e6 g2g3 f8c5 d2d3 c5g1 g3g4
217,W,value_resign,101,0.483198,1085,2026-09-02 05:50:11,e2e3 d7d5 f2f4 h7h5 d2d3 c8g4 d1f3 g4f3 g2f3 b7b6 f4f5 c7c6 f3f4 d5d4 e3d4 d8d6 e1f2 a7a5 g1f3 a8a7 f2e1 g8f6 h1g1 h5h4 f1h3 h8h7 e1d1 e7e6 f5e6 f7e6 h3e6 d6e6 f4f5 e6e7 c2c3 e8f7 g1g2 a5a4 g2f2 f6d5 b2b3 e7b7 d1e2 a7a5 f3e5 f7e7 f2f3 g7g6 c1g5 e7d6 b1a3 f8g7 a3c2 a4a3 f5f6 g7f6 g5f4 f6g7 b3b4 h7h6 b4a5 b6b5 a5a6 b8a6 e5c6 d6c6 f4h6 g7h6 a1f1 d5c7 h2h3 g6g5 c3c4 g5g4 h3g4 b7b8 c4b5 b8b5 g4g5 h6g5 c2a3 b5b7 f1h1 g5h6 h1b1 a6b4 b1b4 b7c8 b4b3 c7d5 a3c4 d5c7 e2f2 c8d7 c4e5 c6d5 e5d7 d5d4 b3a3 c7b5 f2g2
218,W,value_resign,45,0.373930,1090,2026-09-02 05:52:33,a2a4 b7b6 g1h3 e7e6 g2g3 f7f6 c2c4 d7d6 e2e3 h7h6 h3g5 d8d7 f2f4 d7d8 f1e2 f6g5 e2f3 e6e5 d1e2 e8e7 f3a8 c7c6 e1g1 d8e8 f4g5 c8e6 e2e1 e6h3 g5h6 e8d8 h6g7 f8g7 a8c6 h3f1 c6d5 g8f6 e1f1 f6d5 c4d5 h8h2 g1h2 a7a5 b1c3 b8a6 b2b3
219,W,checkmate,57,0.439009,1095,2026-09-02 05:53:23,e2e3 g7g6 a2a4 e7e5 f2f3 c7c6 c2c4 d7d5 c4d5 e8d7 e3e4 a7a6 b1c3 f7f6 d2d3 d8b6 a4a5 b6c7 c3b5 c7a5 a1a5 a6b5 d5c6 d7c6 a5b5 c6b5 d1e2 b8d7 e2f2 d7c5 g2g3 b5a5 d3d4 e5d4 e4e5 c8d7 e5e6 b7b5 e6d7 f8e7 f1h3 e7f8 f2g2 f8e7 e1f1 e7f8 g1e2 d4d3 g3g4 d3e2 g2e2 f8g7 c1d2 a5a4 f1g2 c5d7 e2d1
220,B,value_resign,48,0.408226,1100,2026-09-02 05:53:48,a2a4 a7a5 f2f3 h7h6 g2g3 c7c5 c2c4 f7f5 d2d4 g7g6 g1h3 e7e6 a1a2 d8f6 f1g2 a8a6 c1e3 e8f7 d4d5 f5f4 e3f4 f8e7 h3g1 a6b6 b1a3 b8a6 d1d2 a6b4 a3b1 h8h7 b2b3 e6e5 f4e5 f6e5 e1f2 e5f6 h2h4 b4a2 d2a2 f7f8 a2a3 h7h8 a3c5 e7c5 e2e3 g8e7 b1a3 f8f7
221,W,value_resign,79,0.332257,1105,2026-09-02 05:54:13,e2e3 g7g6 f2f3 d7d5 b2b3 a7a6 b1c3 e7e5 g2g3 c7c5 d1e2 d8f6 a1b1 d5d4 f1h3 c5c4 e3d4 g8e7 d4d5 h8g8 h3g2 b7b5 e1d1 g6g5 g1h3 g5g4 h3f2 g8g7 c1a3 h7h5 a3e7 f6e7 a2a4 b5b4 c3e4 b8c6 d5c6 e8d8 b3c4 g7g6 b1c1 g4f3 g2f3 g6c6 h1f1 c6c4 e2c4 c8d7 f1g1 d7b5 a4b5 a6b5 c4b5 a8b8 g1e1 b8b5 c1a1 h5h4 d2d4 b5d5 g3h4 e5d4 f2h1 d4d3 c2d3 b4b3 d3d4 d5d4 e4d2 d4d6 e1e7 f8e7 a1b1 d6c6 b1b3 d8e8 d1e1 f7f5 e1d1
222,B,value_resign,46,0.386488,1110,2026-09-02 05:54:50,a2a4 a7a5 h2h3 c7c5 g2g3 h7h6 c2c4 d7d5 a1a3 f7f6 h1h2 e8f7 a3c3 d5c4 b1a3 c8h3 a3b5 h3d7 f2f3 d8e8 b2b3 e8c8 b3b4 b8a6 c1a3 a8a7 h2h5 d7b5 f1g2 a5b4 a4b5 b4c3 d1b1 e7e6 b5a6 c8b8 a3b2 c3b2 e1f2 a7a6 b1b2 g7g6 d2d4 g6h5 b2b1 f6f5
223,B,value_resign,42,0.434442,1115,2026-09-02 05:57:32,b2b3 c7c6 a2a4 b7b6 g2g3 g8f6 d2d3 g7g5 e2e3 h7h5 c1d2 f6g8 d2a5 f8g7 e3e4 f7f5 e1d2 e7e5 d1c1 d7d5 g1e2 f5e4 a1a2 b6a5 f1g2 c8d7 h1g1 d5d4 e2d4 e5d4 f2f3 g8e7 c1b2 e8f8 f3e4 d8c7 b2d4 g7d4 c2c3 e7d5 c3d4 f8f7
224,B,checkmate,76,0.436465,1120,2026-09-02 05:58:10,e2e3 g8h6 h2h4 a7a5 f1e2 a8a6 f2f4 h6g8 g2g3 a5a4 b1c3 e7e5 h4h5 d7d6 e2b5 a6c6 a2a3 e5e4 e1e2 b8d7 h1h3 c6c5 c3a4 c5b5 d1f1 c7c5 c2c4 d7f6 c4b5 c8h3 f1h3 d8e7 f4f5 e8d8 h3f1 f6h5 b2b3 g8f6 c1b2 f6d5 f5f6 h5f6 b5b6 e7e6 d2d3 f6g4 d3e4 d5e3 f1e1 e3c2 e1d1 c2a1 e2d3 f7f5 d1e1 e6d7 b2a1 f8e7 e4f5 h8f8 g1e2 g7g5 f5g6 g4e5 a1e5 d6e5 d3c4 h7g6 e2c3 g6g5 e1c1 g5g4 c3d5 e5e4 d5c7 d7d3
225,W,value_resign,59,0.422967,1125,2026-09-02 05:59:14,h2h4 a7a5 g2g3 a5a4 g1h3 h7h6 d2d4 h6h5 d4d5 f7f5 c2c3 e8f7 f1g2 c7c6 e1f1 f7e8 b2b3 g7g5 f2f3 a4b3 a2b3 f8g7 c1b2 g7f8 a1a8 f8g7 f1e1 b8a6 b1a3 g5g4 h3f4 b7b6 e1d2 e8f8 a3c4 c6d5 f3g4 g7f6 g2d5 c8b7 a8d8 f8g7 e2e3 a6b4 d1e1 b4d5 f4h5 g7g6 g4g5 h8h5 h1f1 d5e3 c4e3 f6g5 g3g4 g5h4 e1d1 g8h6 g4g5
226,W,value_resign,25,0.386689,1130,2026-09-02 05:59:28,e2e3 a7a6 g2g3 d7d6 d1e2 b8d7 e1d1 e7e5 h2h3 g7g6 f1g2 b7b6 g2a8 d8g5 g1f3 f8e7 f3e1 a6a5 e1d3 e7d8 h3h4 g5g4 c2c4 d8f6 f2f3
227,W,value_resign,57,0.375052,1135,2026-09-02 06:01:00,f2f3 b7b5 c2c4 f7f5 b2b4 e7e5 b1c3 c7c6 g1h3 d8e7 e1f2 h7h6 c3a4 e7f6 f3f4 f6e7 c1b2 b5a4 d1a4 d7d5 c4d5 e5f4 d5c6 f4f3 f2f3 a7a5 b4a5 c8e6 h3f2 e6d7 c6d7 e8d8 f3f4 b8a6 f4f5 a6c5 a4g4 c5e4 f2e4 g8f6 e4f6 g7f6 g4h5 a8a5 f5g4 a5h5 g4h5 f6f5 h5g6 h6h5 g6f5 d8d7 b2h8 h5h4 g2g4 h4g3 h2g3
228,B,value_resign,58,0.354395,1140,2026-09-02 06:01:27,a2a4 f7f6 b2b4 a7a5 f2f4 g7g5 b4a5 c7c5 a1a3 e8f7 h2h3 g5f4 h1h2 d8a5 g2g3 f4g3 h3h4 f8h6 a3c3 a5b4 c1a3 e7e6 a3b4 g3h2 c3f3 h2h1q b4c5 b8a6 h4h5 h6f4 f3f4 h1h5 c2c4 a6c5 e1f2 c5e4 f4e4 b7b6 g1f3 c8b7 f1g2 b7e4 d2d3 b6b5 d3e4 b5c4 e4e5 a8a6 d1g1 f6e5 g2f1 d7d6 g1h1 h5h1 b1a3 a6a7 a3c4 g8f6
229,W,material_adjudication,66,0.411382,1145,2026-09-02 06:01:40,e2e3 d7d5 h2h3 h7h5 f2f3 b7b6 e3e4 c8a6 f1a6 h5h4 g2g4 h4g3 c2c3 g8f6 b2b4 e7e6 d1e2 c7c6 d2d3 e8e7 f3f4 h8h6 c1d2 b8a6 h3h4 e6e5 f4e5 a6c7 e4d5 f6d5 d3d4 d5c3 d2c3 g3g2 e2g2 e7e6 h4h5 d8e7 e1d2 a8e8 g1f3 h6f6 e5f6 e6f6 b1a3 c7e6 d2e1 g7g6 c3b2 e7d6 a1b1 a7a5 a3c2 a5a4 b2c3 c6c5 h1h3 d6e7 d4c5 f6f5 e1d2 e7f6 c5b6 f8b4 c3b4 g6g5
230,B,value_resign,57,0.441556,1150,2026-09-02 06:01:54,a2a4 e7e6 e2e3 e8e7 a4a5 c7c6 f2f3 e6e5 e3e4 f7f6 g1h3 a7a6 e1f2 g7g6 h3g1 d7d5 d1e2 d5d4 b2b3 c8e6 g2g3 e6b3 c2b3 b8d7 f1g2 d7c5 c1b2 d8b8 f3f4 e5f4 e4e5 f8g7 e5f6 e7f6 e2d3 c5d3 f2e2 f6e7 b2d4 g7d4 e2d3 g8f6 d3d4 f6g4 b1c3 g4f2 g2c6 h8d8 c6d5 f2h1 g3f4 b7b6 c3e4 b6b5 g1f3 e7f8 f3e5
231,B,value_resign,36,0.448970,1155,2026-09-02 06:02:32,g1h3 c7c5 g2g3 h7h5 d2d3 g7g6 h3g5 f8g7 a2a3 f7f6 f1g2 a7a5 b2b3 h5h4 g2h3 d7d5 f2f3 d5d4 e2e3 g7h6 e3e4 h6g5 c1b2 e7e6 a1a2 d8b6 d1c1 g8h6 e4e5 c5c4 d3c4 g5c1 e1d1 e8d8 d1c1 f6f5
232,W,value_resign,67,0.381518,1160,2026-09-02 06:02:57,e2e3 d7d5 e1e2 b7b6 a2a4 c7c5 b2b4 c5b4 c2c3 b8c6 e3e4 a8b8 c3c4 g8h6 e4e5 h8g8 f2f3 g8h8 g2g4 d5d4 d1c2 f7f6 h2h4 d4d3 c2d3 h6f7 b1a3 a7a5 e2f2 f6e5 a3b5 c8b7 f3f4 d8d3 f1d3 b4b3 c1b2 e8d7 c4c5 e5f4 g1f3 h7h5 g4h5 d7d8 b5a7 e7e6 d3c4 f8c5 d2d4 c6a7 d4c5 b6c5 c4e6 b7f3 f2f3 f7h6 b2g7 b3b2 a1d1 d8e8 g7h8 b2b1q d1b1 b8a8 b1a1 h6g4 f3g4
233,W,value_resign,75,0.362040,1165,2026-09-02 06:05:56,h2h4 f7f6 a2a4 a7a5 c2c4 c7c6 d1c2 d8c7 c2h7 d7d6 h4h5 c8f5 a1a3 h8h7 b2b3 b7b5 c4b5 f5e6 e1d1 d6d5 h1h2 e8d7 g2g3 c7d6 e2e3 d6c7 b5b6 b8a6 b6c7 d5d4 c1b2 a6c7 h2h3 e6h3 f1h3 f6f5 e3d4 d7e6 h3g2 e6f7 f2f4 a8b8 g2f3 b8b3 a3b3 h7h6 b1a3 c6c5 a3c2 c7d5 d4c5 e7e5 b3a3 f8c5 b2e5 c5a3 f3d5 f7e7 c2e3 h6d6 g1f3 d6d5 e3d5 e7f8 d1e2 g8e7 f3h4 e7d5 e2d1 a3b2 e5b2 d5e3 d1e2 e3f1 e2f1
234,W,value_resign,64,0.372479,1170,2026-09-02 06:06:10,h2h4 f7f6 e2e3 b7b5 f1b5 a7a5 c2c3 e7e6 g2g3 g8h6 b5c6 h6g4 f2f3 e8f7 d1e2 b8c6 b2b3 c6d4 f3g4 d4e2 c3c4 f8e7 h1h2 e6e5 e1e2 h7h6 b1a3 f7e6 d2d4 f6f5 g4g5 c8b7 a1b1 h6g5 c4c5 e6f7 a3c2 f7f8 h4g5 f5f4 h2h8 f8f7 h8d8 a8d8 g1f3 e5e4 g3f4 e4f3 e2f2 c7c6 f2f3 e7f6 g5f6 d7d5 f4f5 b7a8 e3e4 g7f6 f3g2 d5e4 b1b2 d8d5 c1f4 e4e3
235,W,value_resign,25,0.434188,1175,2026-09-02 06:07:02,a2a4 c7c5 c2c3 a7a5 f2f3 b8a6 a1a2 a6b4 e1f2 a8b8 g2g3 g8h6 f1h3 f7f6 c3b4 a5b4 a4a5 h8g8 a2a4 d8a5 a4a5 d7d5 d1a4 b7b5 e2e4
236,W,value_resign,43,0.459962,1180,2026-09-02 06:07:29,e2e3 g7g6 f2f4 e7e5 f1a6 b7a6 f4f5 d7d6 g2g3 d8f6 a2a3 f6d8 d2d3 h7h6 g1f3 g8e7 f5f6 c7c5 d1e2 g6g5 f6e7 c8g4 f3d4 e8d7 e7f8q d8f8 e2g4 f7f5 d4f5 h6h5 g4d1 h5h4 g3h4 g5h4 h1f1 h8g8 b2b3 g8g5 d1d2 g5g4 h2h3 d6d5 a3a4
237,B,value_resign,102,0.449899,1185,2026-09-02 06:08:21,a2a4 c7c6 b2b4 f7f6 b1c3 e7e5 h2h4 e5e4 h1h2 f8c5 a1b1 e4e3 f2e3 h7h5 c3e4 c5e7 g1h3 g7g5 h4g5 f6g5 e4g5 d7d6 e3e4 g8f6 d2d4 h5h4 e2e3 c8e6 g5e6 f6e4 e6d8 e8d8 f1e2 h8h7 h3g5 a7a6 c2c3 e7g5 h2h1 d8e7 d4d5 c6d5 c3c4 d5c4 c1a3 h7h8 e2c4 h8d8 c4d5 b8d7 b1a1 d7e5 a1b1 e4c3 d1d2 c3b1 g2g4 b1d2 e1d2 e5f3 d2e2 d8f8 h1f1 f3d2 e2d2 a6a5 f1f8 a8f8 b4a5 h4h3 a3b2 g5f6 d2d3 f6b2 e3e4 f8d8 a5a6 b7b5 a4b5 b2a1 a6a7 a1f6 a7a8q d8a8 d5a8 h3h2 b5b6 h2h1q b6b7 h1h2 g4g5 f6g5 b7b8q h2h3 d3c4 g5f6 b8b2 f6b2 a8d5 h3g4 c4b5 g4h5
238,B,value_resign,68,0.374131,1190,2026-09-02 06:08:22,e2e3 g8h6 h2h4 a7a5 f1e2 b7b5 a2a4 f7f6 g2g4 h6g4 a4b5 h7h6 c2c4 g4e3 b5b6 e3d1 f2f3 a8a7 e2d3 f6f5 b6a7 c8b7 a7b8q d8b8 e1d1 b7c6 g1h3 b8a7 d3e2 a7d4 a1a5 e8f7 h4h5 g7g5 h5g6 f7g6 a5a7 d4a7 d2d4 a7d4 b1d2 h6h5 h3f2 f5f4 c4c5 f8h6 e2c4 e7e6 d1e2 g6f5 f2h3 d4c5 d2e4 c5e5 c1f4 e5f4 h3f4 f5f4 c4b5 c6b5 e2f2 b5c4 e4g5 f4g5 b2b3 c4b3 h1h5 g5f4
239,W,material_adjudication_moderate,104,0.444641,1195,2026-09-02 06:08:34,a2a4 c7c5 a4a5 f7f6 f2f3 h7h6 f3f4 h8h7 b2b3 f6f5 e1f2 d7d5 h2h4 c8e6 c2c3 d8d7 f2e3 g7g5 c1b2 h7h8 d1e1 g5h4 g2g3 h4h3 g1h3 c5c4 h3g5 d7d6 f1g2 h6h5 e3f2 c4b3 g5e6 f8h6 e6g5 a7a6 d2d3 d6c5 d3d4 c5b5 c3c4 b5c4 g5f3 g8f6 g3g4 h5g4 e1f1 c4c2 f1d1 c2b2 a1a2 b3a2 d1c1 b2c1 h1c1 e7e5 d4e5 e8d7 e5f6 d5d4 f3d4 g4g3 f2g3 a2a1q b1c3 b7b5 c1a1 d7d6 g2a8 h6f8 a1b1 b5b4 g3f2 b8c6 d4c6 b4c3 b1c1 c3c2 c1c2 f8e7 c2d2 d6c5 f2g3 h8a8 f6e7 c5c6 e2e4 c6c5 e4f5 a8f8 d2f2 f8e8 f2f3 e8g8 g3h2 g8h8 h2g2 h8g8 g2f1 c5b4 f5f6 g8h8 f1e1 b4c5
240,W,value_resign,45,0.448292,1200,2026-09-02 06:08:59,e2e3 f7f5 g1e2 h7h6 g2g4 e8f7 g4f5 a7a5 e3e4 g8f6 h2h3 e7e5 f5e6 d7e6 d2d4 h6h5 d1d3 f7e7 d4d5 f6e8 c1d2 b7b6 c2c3 a5a4 d3d4 b8a6 h1h2 e6e5 d2g5 e7f7 g5d8 e5d4 c3d4 g7g5 d8g5 c8g4 h3g4 a6c5 d4c5 b6c5 a2a3 a8b8 f2f3 b8a8 h2h3
241,W,value_resign,75,0.460661,1205,2026-09-02 06:09:23,h2h3 b8c6 h3h4 e7e5 g2g4 a7a6 c2c3 c6d4 c3d4 f7f6 f2f4 e5f4 h1h2 g7g6 d1c2 f8c5 c2e4 e8f7 d4c5 f7g7 f1g2 d8e7 c5c6 b7c6 e4e7 g8e7 g4g5 c6c5 g1f3 h8f8 a2a4 c5c4 e1f2 c8b7 b1c3 e7c8 b2b4 c4b3 c1b2 c7c5 g5f6 g7f6 h4h5 g6g5 a4a5 f8f7 h2h1 g5g4 f3h4 f4f3 g2f3 g4f3 e2f3 f6e7 h5h6 d7d6 c3d1 f7f6 b2f6 e7f6 a1b1 f6g5 b1b3 b7c6 d2d3 a8b8 b3b6 c6b5 h1e1 g5h4 b6b8 d6d5 e1f1 b5a4 f2e1
242,W,value_resign,39,0.485401,1210,2026-09-02 06:10:09,a2a4 c7c5 c2c3 f7f5 a4a5 h7h6 f2f4 d7d5 d2d4 g7g5 e1f2 c5d4 d1a4 b7b5 a4c2 h8h7 b1a3 g5f4 a3b5 c8a6 h2h4 e8d7 c1f4 f8g7 g1f3 g7f6 h1g1 d8f8 b5d4 e7e5 d4e6 e5e4 e6f8 d7e7 f8g6 e7e6 f3e5 h7g7 g2g4
243,W,value_resign,47,0.382217,1215,2026-09-02 06:10:57,e2e3 a7a5 b2b3 e7e6 a2a4 c7c5 d1h5 d7d5 g2g3 e6e5 g1e2 d5d4 h5g6 h7g6 c1b2 d8f6 e3d4 f8e7 d4c5 b8c6 e2c1 a8b8 c2c4 h8h2 h1h2 e8d8 b2a3 c6b4 a3b4 f6b6 c5b6 a5b4 f2f4 e5f4 f1h3 f4f3 e1f2 c8d7 c1d3 g8f6 f2f3 f6d5 h3d7 d8d7 h2f2 d7d8 c4d5
244,W,value_resign,21,0.302564,1220,2026-09-02 06:12:35,e2e3 f7f5 f1e2 e7e5 g2g3 e5e4 f2f4 g8e7 h2h4 g7g6 b1c3 e7d5 c3d5 d8e7 d5e7 e8f7 e1f1 h7h6 h1h3 d7d5 f1g2
245,B,value_resign,66,0.401328,1225,2026-09-02 06:13:26,e2e3 f7f5 f2f4 e7e5 e3e4 g8e7 g1e2 e8f7 e4f5 e5f4 e2g1 e7f5 e1f2 h7h5 f1c4 d7d5 c4d5 d8d5 d1f3 d5c6 g2g3 f7f6 g1h3 c6f3 f2f3 c7c5 h1f1 f6e7 f3f4 e7d8 f4g5 h5h4 h3f4 h4h3 f4h3 h8h3 g3g4 f5d4 f1f8 d8c7 f8f1 d4c2 d2d4 c5d4 a2a4 c2a1 b1d2 c8g4 d2b3 b8a6 b3d4 b7b5 a4b5 c7b6 b5a6 g4d7 d4c6 d7c6 f1f2 a8b8 f2f3 c6f3 c1d2 f3g2 d2e3 b6c7
246,W,value_resign,55,0.457371,1230,2026-09-02 06:14:30,e2e3 f7f5 g2g3 h7h5 d1h5 h8h5 f1h3 h5h4 f2f4 h4h3 e3e4 b7b5 g1h3 g7g5 h3g5 c7c5 e4f5 c8a6 h1f1 d8b6 g5e6 b5b4 d2d4 b8c6 f1g1 e8f7 d4c5 a6b7 c5b6 a8c8 e1f2 a7b6 g1g2 d7e6 f5e6 f7e6 c2c4 e6f7 g2g1 b4b3 a2b3 f8g7 b1d2 c6b8 g1d1 b7c6 d2f3 f7f8 f3e5 g7e5 f4e5 c6b5 a1b1 b5c4 b3c4
247,W,material_adjudication_moderate,81,0.486107,1235,2026-09-02 06:14:43,e2e3 g7g6 a2a4 e7e5 f2f3 f8a3 a1a3 e5e4 c2c4 e4f3 f1e2 d8e7 e2f3 g8f6 e1f1 e8f8 g2g4 f6e4 d1b3 d7d5 d2d3 c8f5 g4g5 a7a6 d3e4 d5e4 h2h3 e7e6 b3a2 b7b6 f3e2 e6e7 h3h4 f7f6 g1f3 e4f3 a3c3 b8c6 e2f3 a6a5 f3c6 f6g5 c6a8 g5h4 f1g2 f8e8 h1g1 e8d7 a8f3 h8f8 e3e4 f5e4 f3e4 d7e6 g1h1 h4h3 g2h3 e6e5 e4d5 f8d8 c4c5 d8d5 c3c4 c7c6 c1g5 e7g5 b1c3 d5d2 h1f1 e5e6 c3e2 e6d5 c5b6 d5e6 c4e4 e6d7 e2g3 c6c5 a2b3 h7h5 f1g1
248,W,value_resign,43,0.453893,1240,2026-09-02 06:15:08,a2a3 g8f6 a3a4 b8c6 b2b4 b7b6 f2f4 f6g4 c2c3 c6e5 f4e5 d7d6 e2e3 h8g8 f1d3 f7f5 e5f6 e7e5 d1c2 f8e7 f6e7 d8e7 e1f1 g7g6 g1h3 e8f7 d3e4 g4f6 a4a5 f6e4 d2d3 e4c5 b4c5 g8f8 c5d6 e7d6 e3e4 c8e6 c1g5 f7g8 f1e2 c7c6 h1f1
249,W,checkmate,9,0.418266,1245,2026-09-02 06:16:22,e2e3 f7f5 b1c3 h7h5 g2g3 c7c5 d1h5 g7g6 h5g6
250,W,value_resign,43,0.484856,1250,2026-09-02 06:17:14,a2a4 b7b6 a4a5 c7c5 a5b6 a7b6 c2c4 f7f6 d1c2 a8a7 e2e3 a7a1 g2g3 e7e6 d2d4 f6f5 d4c5 g8f6 c5b6 a1a2 c2d2 e8e7 f2f3 d8b6 f1e2 c8b7 c4c5 e7f7 c5b6 f6e4 f3e4 g7g5 g1f3 f5e4 h1f1 e4f3 e2f3 b7f3 f1f3 f7e7 e1f2 g5g4 e3e4
251,B,value_resign,18,0.445272,1255,2026-09-02 06:17:24,g2g3 h7h5 e2e3 f7f5 d1h5 h8h5 f2f4 c7c5 g1e2 b8c6 h2h4 c6b4 b1a3 e8f7 b2b3 d8c7 e1f2 c7b6
252,W,value_resign,57,0.363736,1260,2026-09-02 06:18:02,a2a4 c7c5 c2c3 f7f5 d2d3 c5c4 d3c4 e7e5 f2f3 e5e4 c1g5 d8g5 e2e3 e8f7 c4c5 g8e7 g2g3 h7h6 f1b5 g5g6 b5e2 f5f4 e1f1 f4e3 e2b5 g6c6 b5c6 e4f3 d1f3 f7e8 g3g4 b7c6 h2h3 d7d6 c5d6 a7a6 b2b4 c8b7 h3h4 c6c5 f3e2 b7h1 d6e7 h1d5 e7f8q e8f8 a4a5 c5b4 e2e3 b4c3 b1c3 b8c6 c3d5 a8b8 e3f2 f8e8 f2f3
253,W,value_resign,25,0.553772,1265,2026-09-02 06:18:03,a2a3 g8f6 e2e4 d7d5 e4e5 d5d4 f2f3 g7g6 e5f6 d8d7 h2h4 e7e5 f1c4 e5e4 f3e4 a7a6 e4e5 d7d6 c4d5 b8c6 e5d6 a6a5 g1h3 c8d7 d5e6
254,B,value_resign,54,0.384965,1270,2026-09-02 06:18:29,e2e3 f7f5 g2g3 h7h5 d2d3 g7g5 f2f4 e7e6 e3e4 g5f4 a2a3 f8a3 b1a3 g8f6 a3c4 d7d5 g3g4 d5c4 a1a3 d8d4 e1d2 f6e4 d2e2 c8d7 d3e4 c7c5 d1e1 a7a5 c1f4 h5h4 c2c3 d4g7 g4f5 e6f5 e2d1 f5e4 f4g5 a5a4 a3a1 g7g5 g1h3 g5g7 f1e2 g7h6 e1d2 e4e3 h1f1 d7c6 d2e3 h6e3 h3f2 e8d7 d1e1 h8g8
255,W,value_resign,43,0.497351,1275,2026-09-02 06:18:30,f2f4 b7b5 d2d4 f7f5 h2h4 a7a6 g1h3 c8b7 g2g4 e8f7 h1h2 f5g4 h3f2 b8c6 d4d5 c6e5 f1g2 d7d6 e2e4 b5b4 e1e2 d8b8 d1d2 b8a7 e2f1 a7b6 a2a3 b6a5 f4e5 b4a3 d2a5 a3a2 h2h3 a2b1q a1b1 g4h3 g2f3 g8f6 e5f6 f7f6 c2c4 g7g6 c1d2
256,B,value_resign,82,0.433317,1280,2026-09-02 06:18:55,e2e3 g7g6 f1b5 g8h6 d1f3 e7e5 f3d1 b8c6 f2f3 h6g4 e3e4 g4e3 b5c6 b7c6 d2e3 f7f5 c2c3 e8e7 e4f5 e5e4 c3c4 e7e8 b1d2 f8g7 a2a4 d7d5 g1h3 e4f3 h3f2 g6g5 d2f3 d5c4 h2h4 c8d7 h4g5 d8e7 f2e4 a7a5 c1d2 e7e4 d1e2 e4f5 a1d1 h8f8 h1f1 e8e7 g2g3 g7e5 f3e5 f5e5 b2b3 c4c3 d2c3 e5g5 c3d2 g5g3 f1f2 f8f2 e2f2 g3f2 e1f2 h7h5 d2c3 h5h4 e3e4 d7e8 c3a5 a8a5 d1d4 a5a6 a4a5 a6a5 d4d3 a5a2 f2g1 c6c5 d3d2 a2d2 g1h1 c7c6 h1g1 c5c4
257,B,value_resign,78,0.372378,1285,2026-09-02 06:19:08,h2h4 f7f6 a2a4 a7a5 c2c4 c7c5 h4h5 a8a6 f2f4 d7d5 g2g3 c8g4 f1h3 h7h6 e2e3 g4e6 e1e2 e6h3 g1h3 d5c4 d2d4 g7g5 h5g6 e7e5 d4c5 f8c5 a1a3 c5a3 b2a3 d8d1 h1d1 e5e4 g6g7 h8h7 c1d2 h7g7 d1e1 g7g3 e1g1 g3g1 h3g1 b8d7 b1c3 a6b6 c3b5 g8e7 g1h3 e7d5 b5c3 d5c3 d2c3 e8d8 c3a5 h6h5 a5b6 d7b6 a4a5 b6d5 f4f5 d5e3 e2e3 d8e7 a5a6 b7a6 e3e4 e7f7 e4d5 c4c3 a3a4 c3c2 h3f4 c2c1q f4e2 c1b2 e2d4 f7f8 d4e6 f8f7
258,B,value_resign,59,0.447323,1290,2026-09-02 06:20:54,h2h4 d7d6 g2g4 h7h5 b2b3 c7c5 d2d4 a7a5 d1d2 g8f6 g1h3 b8d7 h3g5 f6g4 f1h3 a5a4 h3g4 h5g4 g5f7 a4b3 f7d8 b3a2 c2c3 a2b1q a1b1 e8d8 f2f4 g7g5 e1f2 g5h4 c3c4 f8g7 b1b5 g7d4 f2f1 b7b6 c1b2 c8b7 f1e1 b7h1 b2d4 c5d4 e1f1 d7c5 f1g1 d8c7 g1h1 e7e6 d2d4 h8g8 d4d5 e6d5 h1h2 a8a5 b5c5 d6c5 c4d5 g8g7 e2e3
259,B,value_resign,50,0.438496,1295,2026-09-02 06:21:31,g1h3 e7e6 g2g3 b7b5 e2e4 f7f6 f2f4 b5b4 h1g1 b8a6 f1b5 e6e5 f4e5 g8h6 e5e6 d8e7 b2b3 h6f7 b5a6 c8a6 d1e2 a6e2 e1e2 f7e5 d2d4 e5d3 e2d3 g7g6 d4d5 e8d8 c1f4 c7c6 h3f2 d8e8 c2c3 c6c5 g1f1 d7e6 a2a3 g6g5 c3b4 g5f4 b1d2 f4g3 d5d6 e7d6 d3c3 d6c7 d2c4 c7c6
260,W,material_adjudication,66,0.406738,1300,2026-09-02 06:22:44,e2e3 h7h5 a2a3 g7g5 e3e4 a7a5 f2f3 a8a6 f1a6 c7c5 a6b5 h8h7 g2g3 a5a4 e1e2 b7b6 e2f1 f7f5 b5a4 e8f7 a4d7 c8d7 e4f5 f8g7 f1f2 g5g4 f2f1 g8h6 c2c3 d8f8 a3a4 g4f3 g1f3 h6f5 f1e1 f8c8 d2d3 c5c4 d3c4 f5d6 c4c5 b6c5 c1e3 c5c4 h2h3 h7h6 e3h6 g7h6 f3h4 d6f5 h4f5 d7f5 a4a5 h5h4 g3h4 f5e6 e1f1 h6e3 d1e2 c8c7 e2e3 c7a5 b2b4 c4b3 a1a5 b8d7
261,B,value_resign,29,0.393197,1305,2026-09-02 06:24:25,e2e3 a7a5 b2b3 c7c5 h2h3 e7e6 e3e4 f7f6 d1f3 a5a4 f3f5 a4a3 g1e2 e6f5 h1h2 g8e7 d2d3 f5f4 b3b4 e7g6 b4b5 c5c4 e2g1 g6h4 g2g4 f4f3 b5b6 f8d6 d3d4
262,W,value_resign,29,0.402486,1310,2026-09-02 06:25:05,f2f4 a7a5 c2c4 a5a4 d1a4 g8f6 a4a8 e7e5 f4e5 d7d5 c4d5 f6g4 e2e3 b8a6 f1e2 c8f5 e2a6 d8b8 g1e2 f5e6 h1f1 e8d8 f1f5 e6f5 a8b8 d8d7 g2g3 f5g6 e3e4
263,B,value_resign,86,0.451264,1315,2026-09-02 06:25:31,e2e3 g7g6 f1e2 b7b6 f2f4 g8f6 g1f3 e7e6 h2h4 e6e5 e1f1 e5f4 e3e4 d8e7 e4e5 f6h5 e5e6 f7e6 h1h2 h5f6 c2c4 f6h5 f1f2 e7c5 f3d4 c5d4 f2f1 d7d6 g2g3 h8g8 c4c5 b6c5 e2h5 b8c6 a2a4 e8d7 d1f3 g6h5 f1g2 h7h6 g2h3 f4g3 h2g2 a7a6 g2g3 a6a5 g3g8 c5c4 f3g2 c6b4 g2a8 d6d5 g8f8 b4a6 b2b3 c8b7 a8b7 d7e7 c1b2 e7f8 b7a6 d4b2 b3b4 b2a1 a6a5 a1b1 d2d3 b1d3 h3h2 c7c6 b4b5 c6b5 a5a6 b5a4 a6a5 f8g8 h2h1 g8h8 h1h2 h8g8 a5d2 d3d2 h2h1 g8g7 h1g1 g7f6
264,B,value_resign,42,0.429457,1320,2026-09-02 06:27:42,e2e3 g7g6 f1a6 b8c6 f2f3 b7b6 b2b3 c8a6 h2h4 h7h6 b3b4 a6d3 b1a3 h6h5 b4b5 d8c8 e3e4 f8g7 b5c6 g7a1 g2g4 a1d4 e4e5 e8f8 a3c4 h5g4 c2d3 d7c6 f3g4 g6g5 c1b2 d4b2 c4b2 f7f6 d1e2 f6e5 h4g5 h8h1 d3d4 e5d4 d2d3 c8d7
265,W,value_resign,45,0.460305,1325,2026-09-02 06:27:57,a2a4 g8h6 f2f3 g7g6 a4a5 h6g8 a1a2 d7d5 e2e4 a7a6 a2a4 d5d4 a4d4 g8f6 c2c4 e7e5 d4d8 e8d8 g1h3 b7b6 d1c2 c8h3 d2d4 e5d4 e1d1 f6g8 g2g3 d8c8 e4e5 d4d3 f1h3 b8d7 c2c3 b6b5 c3d2 b5c4 h3g4 f8b4 d2b4 c7c5 b4c3 a8b8 c3d2 f7f6 h1f1
266,W,value_resign,33,0.396532,1330,2026-09-02 06:27:57,d2d3 e7e6 a2a4 a7a6 c2c3 f7f6 a4a5 d7d6 f2f3 h7h5 d1c2 b7b6 e2e3 h8h7 c2d1 e6e5 c3c4 e8e7 b1a3 d6d5 c4d5 c7c6 a3b5 c6d5 a5b6 d5d4 e3d4 a6b5 a1a8 c8g4 h2h3 e5d4 h3g4
267,B,material_adjudication,85,0.438673,1335,2026-09-02 06:28:10,a2a4 f7f6 c2c3 b7b6 b2b4 e7e6 f2f3 a7a5 e1f2 a5b4 c1b2 a8a6 e2e4 d7d6 f2e2 b8d7 c3b4 d7b8 e2f2 h7h5 d2d4 g7g5 d4d5 e8e7 b1d2 e6d5 g1e2 d5e4 f3e4 f8h6 e2d4 c7c5 f1a6 c5d4 a6c8 b8c6 d1c1 d8c8 g2g4 c6b4 g4h5 b4c2 c1c2 c8c2 b2d4 g5g4 h1d1 e7e6 f2e2 b6b5 a4a5 h6d2 e4e5 d2f4 d1d2 f6e5 d2c2 e5d4 a5a6 g8h6 a6a7 h8a8 c2c3 d4c3 a1b1 e6e5 b1b5 d6d5 b5b8 a8a7 b8b5 e5d4 b5b6 c3c2 b6a6 a7d7 a6a7 f4e3 a7d7 c2c1q h2h4 g4g3 e2f3 h6f5 f3g2
268,B,value_resign,64,0.463882,1340,2026-09-02 06:28:24,c2c3 h7h6 c3c4 g8f6 g1f3 f6e4 c4c5 e4f2 b1a3 h8g8 h2h3 f2d1 a3c4 d1e3 c4e3 d7d5 h1g1 c7c6 d2d4 g8h8 b2b3 f7f6 e1d1 a7a5 f3e5 a8a6 a1b1 c8d7 c1b2 a6a8 h3h4 g7g6 h4h5 f8g7 h5g6 h8f8 e5d7 e8d7 b3b4 a5b4 e3d5 f6f5 d5b4 e7e6 g2g4 g7e5 f1g2 f5g4 d4e5 h6h5 d1c2 d7e7 g6g7 f8g8 b2d4 g8g7 d4f2 b8a6 g2c6 b7c6 b1a1 a6b4 c2b3 d8e8
269,B,value_resign,56,0.370834,1345,2026-09-02 06:29:50,g1h3 c7c5 g2g3 b7b6 a2a4 h7h5 c2c3 g8h6 f1g2 a7a5 d2d4 d7d5 b2b4 c8d7 c1g5 h8g8 b1d2 d7h3 g2h3 b8c6 b4a5 c5d4 g5h6 f7f5 a5b6 d8d7 d1c1 e7e5 a1a3 f8a3 c1c2 g7h6 d2c4 g8g5 c4a3 d4c3 a3b5 d5d4 b5a7 c6a7 b6a7 h5h4 h3f5 g5f5 h1f1 h4g3 h2g3 a8a7 c2f5 d7f5 e2e4 f5f6 f2f3 e8f8 f3f4 f6e7
270,B,value_resign,34,0.390585,1350,2026-09-02 06:30:03,e2e3 a7a5 e1e2 a5a4 e2d3 a8a6 g1e2 e7e5 b1c3 f7f6 a1b1 f8a3 f2f4 g7g5 g2g3 d7d6 e2g1 b8d7 b2a3 a6a8 d1h5 e8e7 b1b7 c8b7 c1b2 b7h1 h5h6 f6f5 h2h4 g8h6 h4g5 h6f7 c3b5 d7c5
271,W,material_adjudication,66,0.413872,1355,2026-09-02 06:30:28,e2e3 f7f5 b2b4 a7a6 f2f3 c7c5 c2c3 e7e6 a2a3 h7h5 a3a4 e8f7 f1c4 g7g6 b4b5 d8f6 e3e4 f5e4 d2d4 a6a5 e1e2 d7d5 b5b6 d5c4 d4c5 g8h6 c1g5 f6g5 h2h4 g5e7 h1h2 f8g7 g1h3 a8a7 b6a7 e4e3 a7b8q h8d8 d1c2 c8d7 b8d8 e7d8 e2e3 g7c3 c2c3 d8h4 e3e2 d7c8 c3b2 h6g8 a1a3 h4d4 b2d4 g8f6 d4d5 f6d5 h3f2 c4c3 h2h3 f7f6 f2d3 h5h4 f3f4 c8d7 b1c3 b7b6
272,W,value_resign,65,0.478141,1360,2026-09-02 06:31:43,d2d4 e7e5 g2g3 b7b6 d4e5 f7f6 a2a3 c7c6 e5e6 f8d6 e2e3 d8c7 c2c4 a7a5 a3a4 d6e5 b1d2 b6b5 h2h4 b5b4 e6d7 c8d7 g3g4 h7h6 e1e2 f6f5 h4h5 c6c5 f1h3 e8f8 g4g5 h6g5 f2f3 g5g4 f3g4 f5g4 h3g4 b4b3 g1f3 d7g4 a1b1 c7c6 h1g1 g4f3 d2f3 f8e7 h5h6 g8h6 f3e5 h6f5 e5c6 e7e8 g1e1 b8c6 e2f1 g7g6 f1e2 e8e7 c1d2 c6e5 e2f1 a8b8 f1e2 h8f8 e2f1
273,B,material_adjudication_moderate,76,0.471806,1365,2026-09-02 06:33:27,e2e3 d7d5 e1e2 e7e5 e3e4 a7a6 e4d5 b8d7 a2a4 c7c5 f2f3 e5e4 c2c3 e4f3 g2f3 a8a7 d2d4 d7b6 d4c5 c8f5 c5b6 d8f6 f1h3 g7g6 c1g5 f6g5 d1d2 f8d6 d2f4 g5f4 b6a7 b7b5 a4b5 g8f6 a7a8q e8e7 e2e1 h8a8 e1f2 f5b1 g1e2 f4g5 f3f4 g5h6 a1b1 a6b5 b1a1 d6c5 f2g3 e7d6 a1a8 f6d5 g3g4 f7f6 a8a7 c5a7 e2g1 d6c5 f4f5 c5c4 f5g6 h6g7 g4f5 d5e3 f5e6 h7h6 h3f5 g7f8 b2b4 c4b3 e6d7 f8g8 c3c4 g8g7 d7d8 b5c4
274,B,value_resign,30,0.469491,1370,2026-09-02 06:34:06,c2c3 e7e6 c3c4 f7f5 a2a3 d7d6 e2e3 b8a6 f2f4 e6e5 g2g3 d6d5 d1c2 g8f6 f1h3 f6g8 c2a4 b7b5 e1f2 b5a4 c4d5 g8f6 d2d3 a8b8 b2b3 b8b5 f4e5 g7g6 f2f1 f6g4
275,W,value_resign,41,0.492271,1375,2026-09-02 06:34:19,h2h4 a7a5 c2c4 b7b5 h1h3 d7d6 a2a4 a8a6 c4b5 c8b7 a1a2 g7g6 b5a6 e7e5 a6b7 d8e7 h3c3 f7f6 g2g4 c7c6 c3f3 b8a6 f1g2 a6c5 g1h3 e5e4 f3c3 f8g7 b1a3 c5b3 a3b5 h7h5 b7b8q e8f7 f2f4 e4e3 d2d3 h5g4 h3g5 f6g5 h4g5
276,W,value_resign,83,0.440546,1380,2026-09-02 06:34:57,e2e3 g7g6 a2a4 d7d5 g1f3 a7a6 b2b3 e7e5 a4a5 h7h5 f1a6 b7a6 d2d3 g8h6 e3e4 f8e7 c1h6 h8h6 b1a3 e7a3 a1a3 d8d7 a3a1 d5e4 h2h4 d7h3 d1e2 h3h1 e1d2 f7f5 a1h1 e4f3 g2f3 f5f4 c2c3 c8e6 d2e1 c7c6 c3c4 h6h8 e1f1 e5e4 f3e4 e8e7 d3d4 b8d7 d4d5 e6g4 f2f3 c6d5 e4d5 e7f6 f3g4 h5g4 f1e1 f4f3 e2d2 d7b8 h1f1 h8h7 h4h5 g6h5 f1h1 h7g7 h1f1 f6f7 e1f2 b8d7 f2g1 d7f6 b3b4 f6e4 d2d3 e4f6 d3f5 g7g5 f5g5 f6h7 g5f4 f7e7 g1h2 a8d8 b4b5
277,W,value_resign,31,0.426472,1385,2026-09-02 06:34:58,e2e3 f7f5 g1e2 e7e5 b1c3 f5f4 g2g3 g7g6 e3e4 f8c5 a2a4 e8f7 e2f4 c7c6 a4a5 c5b6 f1c4 f7e7 h1g1 e7d6 f4e6 d8c7 c3a2 d6e7 a5b6 a7b6 e6c7 a8a6 b2b3 e7f8 a1b1
278,B,value_resign,66,0.370780,1390,2026-09-02 06:35:36,e2e3 a7a5 e3e4 b7b6 a2a3 a5a4 f2f3 c7c5 c2c3 h7h5 e1e2 g7g5 c3c4 f8h6 d2d4 h8h7 c1f4 g5f4 g1h3 c8b7 d4d5 f7f5 e2f2 b7a6 d1c2 d8c8 b1c3 h5h4 c3a4 b6b5 c4b5 f5e4 b5a6 b8a6 f3e4 d7d6 f1a6 a8a6 h3g1 c8b7 g1f3 h7g7 c2c3 a6a4 b2b4 b7c7 h1g1 g8f6 b4c5 d6c5 e4e5 f6d5 c3c5 c7c5 f2e2 c5c4 e2f2 a4a3 a1a3 e8f8 a3c3 c4c3 g1h1 e7e6 f3g5 h6g5
279,W,value_resign,37,0.489266,1395,2026-09-02 06:35:48,f2f4 a7a5 e2e4 g8h6 d2d3 h8g8 h2h4 c7c5 g2g4 a5a4 e1e2 h6g4 b1d2 d7d6 c2c3 b8d7 e4e5 f7f6 e5d6 g7g6 d2f3 a4a3 f1h3 e7e6 h3g4 f8d6 d1f1 d6e7 c3c4 d7b6 b2a3 d8d4 f3d4 e6e5 d4c2 f6f5 g4f5
280,D,rule_draw,106,0.416270,1400,2026-09-02 06:37:40,h2h4 h7h5 f2f3 h8h7 b2b3 f7f5 e1f2 e8f7 d2d4 e7e5 d4d5 f8c5 f2e1 g7g6 a2a4 d8f6 c2c3 e5e4 g1h3 f6e6 d5e6 f7e6 d1d6 c7d6 c1e3 b7b6 e3f4 b8a6 h3g5 e6d5 b3b4 c8b7 g5e6 a6b4 c3b4 d7e6 f3e4 d5e4 b4c5 e4f4 e1f2 f4g4 c5b6 a7b6 b1c3 b7c6 a1c1 h7e7 c3b5 c6d5 b5c3 d5c6 c3b5 c6d5 f2e1 g6g5 h4g5 g4g5 c1c3 f5f4 b5c7 e7c7 e2e4 f4e3 f1b5 c7c6 b5c6 d5c6 c3c6 a8a4 c6c3 a4a2 c3a3 a2a3 e1e2 h5h4 g2g3 h4g3 h1a1 a3a2 a1a2 g5g4 e2e3 g4h5 a2a1 g3g2 e3f2 b6b5 f2g2 b5b4 a1b1 b4b3 b1b3 e6e5 b3b4 e5e4 b4e4 d6d5 e4d4 h5g5 d4d5 g5f4 d5d7 g8f6 g2h3 f6d7
281,W,value_resign,43,0.524405,1405,2026-09-02 06:39:08,a2a3 c7c5 b1c3 a7a5 a3a4 a8a6 c3d5 f7f6 g2g3 e8f7 f2f4 f7g6 d2d4 g8h6 a1a3 h8g8 c2c4 h6g4 c1d2 a6c6 f1g2 b8a6 a3c3 h7h5 d4c5 g4h2 g1f3 e7e5 f3h2 d7d6 g3g4 e5e4 d5b6 c8g4 c3e3 a6b8 e3e4 d8d7 b6d7 b8d7 e4e5 d6e5 g2f1
282,W,value_resign,67,0.511891,1410,2026-09-02 06:39:22,a2a4 e7e6 g1h3 f8e7 a4a5 c7c6 g2g4 h7h5 g4h5 d7d5 a5a6 g7g6 c2c4 e8f8 d2d3 f7f6 h3g5 f6g5 a6b7 c8b7 c1g5 h8h5 g5e7 d8e7 c4d5 a7a5 h2h4 h5d5 f2f4 g6g5 h4g5 d5d6 b1c3 e7d7 e1f2 f8e7 f1g2 b7c8 c3e4 d6d4 b2b3 a5a4 d1f1 a4b3 a1a8 b3b2 f1b1 c6c5 e4c5 b8c6 b1b2 c8b7 b2d4 c6d4 c5d7 b7a8 g2f3 d4f3 e2f3 e7e8 g5g6 a8c6 d7c5 c6a4 d3d4 e8d8 f2g2
283,B,checkmate,58,0.498797,1415,2026-09-02 06:40:13,g1h3 c7c5 d2d4 h7h5 h3g5 b7b6 b1a3 c8a6 g5f3 c5c4 c1h6 h8h6 d1b1 g7g6 c2c3 d7d5 e1d1 e8d7 d1c1 e7e6 g2g3 g8e7 g3g4 a6c8 e2e4 c8a6 f3g5 d7e8 b2b3 h5g4 b3c4 e7f5 e4f5 d8g5 f2f4 g4f3 c1c2 e6f5 c4c5 f5f4 h1g1 b8d7 g1g5 h6h2 c2d1 a6f1 a3b5 f1b5 b1b5 b6c5 d4c5 a7a6 b5d3 f8c5 d3c2 f3f2 a2a4 f2f1q
284,B,value_resign,76,0.489412,1420,2026-09-02 06:40:38,e2e3 a7a5 d2d3 e7e6 e3e4 f7f6 e1d2 c7c5 a2a3 f8d6 f1e2 g8h6 g1f3 b7b5 g2g3 c8b7 h1f1 a8a6 b1c3 g7g5 d1e1 d6e7 c3d5 b7c6 f3g5 e6d5 f2f4 h6g8 a3a4 c6b7 a4b5 a6b6 e4d5 h7h6 e1d1 b7d5 c2c4 h6g5 c4d5 h8h2 d5d6 g5g4 d6e7 d8e7 a1a5 e8f7 d3d4 c5c4 f4f5 e7b4 d2c2 b4a5 c1d2 a5a7 d1a1 a7b7 e2c4 d7d5 a1a4 d5c4 a4c4 f7g7 b2b3 b8c6 b5c6 b7c6 c4c6 b6c6 c2d3 c6b6 f1h1 h2h1 d2c3 b6b7 b3b4 g7h6
285,W,value_resign,26,0.452645,1425,2026-09-02 06:41:03,e2e3 e7e5 b1c3 g8e7 g2g4 g7g6 d1e2 b7b6 a2a4 f7f6 c3d5 e7d5 b2b3 a7a6 c2c4 d5b4 a4a5 c8b7 c1b2 b7d5 c4d5 e8e7 g1f3 d7d6 e2d1 b4d3
286,W,value_resign,41,0.457679,1430,2026-09-02 06:42:04,d2d3 b8c6 b1a3 g7g6 f2f3 f7f6 c2c3 e8f7 g2g4 c6d4 e2e4 c7c5 a3c2 f8h6 c1h6 d4c2 d1c2 d8c7 g4g5 f7e8 e1c1 e7e6 h2h3 e6e5 f3f4 e5f4 b2b3 a8b8 g1e2 e8d8 h6g7 d7d5 g7h8 c7f7 h1g1 d8d7 e4d5 b7b6 d3d4 f6g5 e2g3
287,B,value_resign,48,0.475877,1435,2026-09-02 06:44:12,g1h3 c7c5 h3g1 f7f5 g1f3 g7g5 c2c4 h7h5 g2g4 b8c6 g4f5 f8g7 d2d3 e8f8 a2a4 d8b6 a1a2 c6b4 e1d2 b4a2 h2h4 b6f6 a4a5 a7a6 h4g5 f6e5 d3d4 e5f5 d2e3 h5h4 f1h3 f5b1 c1d2 b1d1 h1d1 b7b5 d4c5 c8b7 h3g2 b5c4 b2b4 h8h7 g5g6 h7h5 g2h1 g8h6 d1b1 e7e6
288,B,checkmate,44,0.462778,1440,2026-09-02 06:44:13,c2c4 f7f5 b1a3 c7c5 a1b1 g7g5 f2f3 e8f7 d2d4 a7a5 b1a1 h7h5 h2h3 f8g7 c1g5 d8f8 a1c1 c5d4 f3f4 d7d5 a3c2 g8h6 e2e3 f7e6 g5h6 d5c4 f1c4 e6f6 h6g7 f8g7 d1d2 c8d7 e3e4 b8c6 c4d5 f5e4 a2a3 e4e3 d2d1 a5a4 g1f3 g7g2 h1g1 g2f2
289,B,value_resign,34,0.424400,1445,2026-09-02 06:44:51,a2a3 c7c6 d2d3 d7d6 b2b4 a7a5 a3a4 a5b4 c2c4 e8d7 c1d2 f7f6 d2b4 h7h5 b4a5 g7g5 b1d2 e7e6 d2b1 f8e7 a5d8 b8a6 d1c2 d7d8 c2b3 g8h6 b3b7 c8b7 a4a5 a6b8 f2f3 f6f5 a1a4 f5f4
290,W,value_resign,45,0.444770,1450,2026-09-02 06:45:17,e2e3 c7c5 f2f3 h7h5 b2b3 b7b5 h2h4 h8h7 a2a3 b8a6 g2g3 a6b4 d1e2 g7g6 e1f2 g8f6 e2d1 b4d3 f1d3 d7d5 d3b5 f6d7 d1e1 d5d4 c1b2 f8g7 a3a4 d8c7 f2e2 f7f6 g3g4 a7a5 b5c6 h5g4 f3g4 a8b8 g4g5 c7d8 g5f6 e7f6 g1f3 h7h5 e1f2 c8b7 c6b7
291,W,material_adjudication,88,0.425357,1455,2026-09-02 06:48:40,e2e3 g7g6 g1e2 b8c6 e3e4 e7e6 e2c3 g8h6 c3b5 e6e5 f2f3 h6g8 b5a3 a8b8 c2c3 g6g5 a3c4 f7f6 f1e2 f8c5 e1f1 a7a6 b2b3 a6a5 h2h3 e8e7 d2d3 b7b5 d3d4 e5d4 c3d4 c5d4 f3f4 b5c4 g2g4 d4a1 c1d2 e7e8 f4g5 b8b7 g5f6 g8f6 e4e5 d8e7 e5f6 e7f6 f1g2 e8f7 b3c4 f7e7 h1f1 b7b4 f1f6 a1f6 g4g5 h8g8 a2a4 c8b7 g2f1 g8g5 d2g5 f6g5 c4c5 g5f6 d1d2 c6d4 b1c3 d4e2 c3e2 d7d6 e2g3 b7e4 c5c6 e4c6 d2c1 c6a4 c1c7 e7e8 c7d6 b4b6 d6b6 h7h5 b6f6 h5h4 g3f5 e8d7 f1f2 d7e8
292,W,value_resign,67,0.471288,1460,2026-09-02 06:48:41,e2e4 g7g6 b2b3 d7d5 f2f3 a7a6 c1b2 d5e4 f3e4 e7e5 a2a4 h7h5 g2g3 c8d7 g1f3 a6a5 e1e2 f8c5 d1c1 d8f6 f1g2 c5b4 c1f1 a8a6 a1a2 c7c5 g2h3 g6g5 f3d4 a6a8 h3d7 b8d7 d4f5 a8c8 b2c3 h5h4 g3h4 g5h4 c3b4 a5b4 c2c3 e8d8 c3b4 c5b4 a4a5 g8h6 d2d4 h6f5 e4f5 f6e7 d4e5 f7f6 b1d2 f6e5 f5f6 e7f6 a2a4 f6g7 f1f3 h8h5 f3h5 g7h6 h5h6 d8e8 h1f1 b7b5 a5b6
293,W,material_adjudication_moderate,95,0.449665,1465,2026-09-02 06:51:01,e2e3 f7f5 h2h3 e7e5 g2g3 d7d5 c2c3 e8e7 d1a4 g8f6 f1b5 f6d7 a4a5 e5e4 f2f3 e4f3 g1f3 c7c5 h1g1 d8a5 b2b4 d7e5 b4a5 f5f4 a2a4 b8a6 d2d4 c5d4 b5d7 e5f3 e1e2 h7h5 d7c8 f3g1 e2f1 a8c8 e3d4 g7g6 f1g1 f4f3 b1d2 f8h6 d2f3 h5h4 f3h4 e7f8 h4g6 f8g7 g6h8 g7h8 c1h6 c8b8 a1a2 a6b4 c3b4 b8a8 h6g7 h8g7 b4b5 g7g6 h3h4 a7a6 b5a6 b7a6 a2a1 a8b8 a1d1 b8b3 d1d2 b3c3 g1f1 g6g7 h4h5 c3c2 d2c2 g7f6 c2e2 f6g5 g3g4 g5g4 e2d2 g4h5 f1e2 h5g4 e2d1 g4h3 d1e1 h3g4 e1d1 g4h3 d1e1 h3g4 e1d1 g4h3 d1e1
294,B,value_resign,49,0.532820,1470,2026-09-02 06:51:01,h2h4 h7h5 h1h3 b8a6 d2d4 e7e5 d4e5 b7b5 e2e3 d7d5 e5d6 a8b8 a2a3 c8d7 g2g3 g8f6 h3h1 a6b4 a1a2 b4a2 b2b3 c7d6 f1g2 d7f5 f2f3 g7g5 c2c4 h8g8 e1d2 b8a8 g2h3 f5b1 c4b5 f8g7 d1e1 g5g4 h3g4 h5g4 f3g4 e8e7 g1f3 f6g4 e1e2 d8d7 f3g5 g7f6 a3a4 g8g5 h4g5
295,B,value_resign,36,0.474847,1475,2026-09-02 06:52:24,f2f4 a7a5 c2c4 b7b5 g2g4 d7d6 a2a4 b5a4 g1f3 f7f6 d2d4 a8a6 d4d5 c8e6 a1a4 e8f7 e1f2 e6d5 c4d5 c7c5 f3e1 g8h6 c1e3 h6g4 f2g3 g4e3 h2h3 e3d1 h3h4 d1b2 b1c3 g7g6 f1g2 f8g7 h1g1 g6g5
296,B,material_adjudication,119,0.531880,1480,2026-09-02 06:54:04,e2e3 f7f5 g1e2 f5f4 h1g1 e7e5 e3e4 e8f7 d2d4 f4f3 b2b3 a7a5 g2f3 e5d4 a2a4 f8c5 g1h1 g8f6 e1d2 d8f8 c2c3 d4d3 d2d3 b7b6 c1b2 f7e7 d3c2 c8b7 b1d2 g7g6 d1e1 f6h5 h1g1 h7h6 e4e5 d7d5 e5d6 c5d6 d2e4 e7e8 e4d6 f8d6 g1g3 h8f8 g3g6 d6g6 c2d2 g6c6 e2d4 e8d8 d4c6 b8c6 d2d3 f8f3 d3e2 f3f8 e1d1 d8c8 h2h4 c6b4 d1d2 b4d5 f1g2 c7c6 f2f4 f8f4 g2f3 f4h4 b3b4 a5b4 c3b4 a8b8 b4b5 d5f4 e2d1 f4e6 b5c6 b7c6 d2c3 b8a8 f3c6 a8b8 d1c2 h4d4 b2a3 d4a4 a3b2 a4a1 b2a1 c8c7 c6f3 c7d8 c3d2 d8c7 d2e3 e6f4 f3c6 c7c6 a1d4 b8a8 c2c3 f4d5 c3c4 d5e3 d4e3 a8d8 e3f4 d8g8 f4h6 g8g6 h6g5 c6d6 c4b5 g6g5 b5b6 d6e5 b6b7 e5f4 b7a8
297,W,material_adjudication,72,0.430424,1485,2026-09-02 06:55:14,h2h4 f7f6 a2a4 b7b6 b2b4 a7a5 b1c3 d7d6 b4b5 f6f5 f2f4 g7g5 e1f2 g8h6 d1e1 f8g7 h4g5 e8d7 g5h6 g7e5 h1h3 d7e6 c1b2 e5c3 f2e3 c3b2 a1b1 c8b7 e3f2 b2d4 e2e3 e6f7 c2c3 d4e5 f4e5 f7g6 f1c4 d6d5 c4d3 d8d7 g1e2 d5d4 e3d4 c7c5 b5c6 b8c6 e2f4 g6f7 e1e2 d7c8 d4d5 f7g8 b1a1 c6d4 c3d4 b7d5 a1c1 c8c1 f4d5 a8c8 d3f5 e7e6 f5e6 g8f8 e2d3 c1d2 d3d2 c8c6 d2e3 h8g8 f2g1 g8h8
298,B,value_resign,28,0.464137,1490,2026-09-02 06:55:14,a2a3 b8c6 a3a4 g8h6 c2c4 h6g4 g1h3 a7a5 h1g1 g4f6 f2f3 g7g6 d2d3 f6e4 d3e4 e7e6 d1b3 b7b5 b3c3 c8b7 c4b5 c6d4 c3c2 d4c2 e1f2 f8h6 g2g4 c2e1
299,B,value_resign,97,0.526580,1495,2026-09-02 06:56:24,e2e3 e7e5 a2a3 g7g6 f2f3 f7f6 f1a6 f6f5 c2c4 f8d6 b1c3 b8a6 d2d3 f5f4 a3a4 d8h4 e1d2 f4e3 d2e3 e5e4 g2g3 d6f4 e3e4 h4h5 g3g4 h5g5 h2h4 g5f6 c1d2 f6e6 e4f4 b7b6 a4a5 g8f6 c3d5 e6f7 d5f6 f7f6 f4g3 f6b2 d1c1 b2c1 a1c1 a8b8 a5b6 a7b6 c1e1 e8f8 g1e2 d7d6 e1f1 f8e7 d2g5 e7d7 d3d4 b8a8 c4c5 b6c5 d4c5 a6c5 g5f6 h8f8 f6d4 c8b7 g3h2 c5d3 f1d1 d3f2 d4f2 a8a2 f2d4 f8f4 h2h3 a2e2 h1f1 e2a2 d4e3 f4f7 d1d4 f7f6 g4g5 f6f7 f1h1 f7g7 h1b1 b7c6 b1c1 c6b7 c1b1 b7c6 b1b2 a2b2 h3g4 h7h5 g4g3 d7e8 f3f4
300,B,value_resign,114,0.398147,1500,2026-09-02 06:56:52,e2e3 a7a5 b2b3 e7e6 f2f3 c7c5 a2a4 e8e7 a1a3 f7f6 c1b2 g7g6 g2g3 f8g7 c2c4 d8f8 f3f4 e7f7 e1e2 h7h5 g1f3 a8a7 f1h3 f8e8 f3e5 f7f8 d2d4 f6f5 h3g2 a7a6 d4c5 f8e7 d1d2 b8c6 e5g6 e8g6 g2c6 d7c6 h2h4 g7b2 d2b2 g8f6 h1h2 h8d8 b2d2 g6e8 h2g2 c8d7 g3g4 f5g4 b1c3 a6a8 a3a2 a8c8 g2g1 c8c7 a2a1 d8a8 a1f1 a8d8 g1h1 e7f7 h1g1 e8e7 d2d4 f7e8 g1h1 d8a8 h1g1 a8d8 g1h1 d8a8 h1g1 a8d8 g1h1 d8a8 h1g1 a8d8 g1h1 d8a8 h1g1 e7d8 f4f5 e6f5 f1f5 d7f5 c3b5 f5e4 b5c7 d8c7 g1h1 e8e7 h1f1 e7e8 f1f6 e4d5 f6f4 d5g2 e2f2 g2h1 f2g1 h1f3 g1f2 c7b8 f2f1 a8a7 f1g1 e8e7 d4d1 f3d1 g1g2 e7d8 f4f5 d8e8
301,B,value_resign,58,0.436221,1505,2026-09-02 06:57:42,a2a3 g8f6 e2e4 g7g6 e4e5 f6d5 f2f3 c7c6 a3a4 d5e3 d1e2 f7f5 e5f6 e3f1 b2b4 e7e6 d2d4 f8b4 c1d2 d8b6 g2g3 b6c7 h2h4 f1d2 e2d2 h8g8 g3g4 b7b6 c2c3 c6c5 e1f2 c5d4 c3b4 b8a6 b4b5 c7e5 b1a3 e5f6 g4g5 f6e7 a3c2 a6c5 a4a5 b6a5 d2a5 d4d3 h4h5 d3c2 a5c3 e6e5 g1h3 a7a6 b5a6 d7d6 h1g1 c8a6 g1g4 e8f8
302,W,checkmate,11,0.407598,1510,2026-09-02 06:57:54,b2b4 a7a5 b1a3 c7c5 a1b1 f7f6 h2h3 g7g5 e2e3 c5c4 d1h5
303,W,value_resign,75,0.521008,1515,2026-09-02 06:58:07,f2f4 e7e5 f4e5 e8e7 g1h3 f7f5 e5f6 e7f7 f6g7 a7a5 h1g1 f8g7 a2a3 g7f6 g2g3 a5a4 f1g2 h7h5 c2c4 d7d6 d2d4 c8h3 g2h3 f6e7 d1d2 c7c6 h3f5 b7b6 g1f1 d8f8 c4c5 d6c5 d4c5 b6c5 e2e4 g8f6 a1a2 c5c4 f1f4 f7g8 f5e6 g8g7 f4f5 f6e4 f5f8 e4d2 f8h8 g7h8 e1d2 h5h4 g3h4 b8d7 d2e3 d7f6 b1d2 a8d8 d2c4 d8e8 b2b3 a4b3 a2b2 f6e4 b2b3 c6c5 c1b2 e4f6 c4e5 c5c4 b3b4 c4c3 b2c3 e8d8 a3a4 f6h5 c3d4
304,B,value_resign,62,0.467678,1520,2026-09-02 06:59:37,e2e3 b8c6 a2a4 e7e5 g2g4 g7g6 c2c4 c6d4 a4a5 g8f6 b1c3 f6g4 c3b5 g4f2 d2d3 d4c2 d1c2 g6g5 e1f2 f7f6 f2e2 a7a6 a1a2 a6b5 g1h3 e8f7 e2d1 b5b4 f1e2 d7d6 h3f4 g5f4 h1f1 f4e3 c1e3 h7h6 e3d4 e5d4 c4c5 c8e6 c5d6 d8d6 d1e1 f8e7 h2h3 h8h7 e2h5 f7f8 e1f2 a8a5 a2a5 d6b6 a5a6 b7a6 h5g6 h7h8 f2f3 c7c6 c2c3 b4c3 b2c3 a6a5
305,W,value_resign,55,0.456617,1525,2026-09-02 07:01:21,e2e3 a7a5 g1h3 c7c5 e1e2 a5a4 d2d4 f7f6 d4c5 e8f7 f2f4 d7d5 e3e4 d5e4 d1d2 d8d2 c1d2 c8h3 g2h3 b8c6 h1g1 e4e3 c2c3 e3d2 b1d2 a4a3 a1b1 e7e5 f4e5 c6b8 d2c4 g8h6 c4e3 b8d7 b2a3 f6e5 b1b7 g7g6 g1g3 f7e6 h3h4 h6f7 c5c6 f8h6 c6d7 h6e3 e2e3 h8e8 b7b5 a8b8 b5b8 e8e7 f1c4 e6d7 g3g4
306,W,material_adjudication_moderate,86,0.415114,1530,2026-09-02 07:01:36,e2e3 a7a5 e3e4 b7b6 a2a3 g8h6 g1e2 d7d6 f2f3 c8g4 e2c3 g4f3 g2f3 h8g8 f1a6 c7c6 d2d3 b8a6 c3d5 a6c5 c2c4 f7f5 c1h6 e7e6 f3f4 c5a4 d5b6 a4b6 b2b3 d8e7 b1c3 a5a4 h6g5 e6e5 d3d4 f5e4 h1g1 e8f7 d4e5 b6c4 g5e7 f8e7 b3a4 c4b6 d1e2 g8f8 a4a5 b6d5 c3d5 c6d5 e1d2 a8e8 g1f1 e8d8 d2e1 d5d4 a5a6 d6e5 f4e5 f7g6 a3a4 d8b8 a6a7 b8a8 a1d1 d4d3 e2d2 a8a7 f1f2 f8f2 e1f2 a7a6 a4a5 e7c5 f2g3 c5b4 d2c1 a6a5 c1b2 b4c3 b2c3 a5a8 d1d2 g6h5 c3b2 g7g5
307,W,value_resign,49,0.409596,1535,2026-09-02 07:02:15,e2e3 a7a5 c2c4 c7c5 g1e2 e7e5 f2f3 g8h6 d1a4 e5e4 f3e4 e8e7 d2d4 c5d4 a2a3 h6g4 e3d4 b7b5 a4b5 a5a4 b5a4 a8a4 b1c3 a4c4 a1b1 b8a6 b2b3 d7d5 e4d5 h8g8 b3c4 c8d7 h2h3 h7h5 h3g4 e7e8 h1h5 a6c5 d4c5 g8h8 b1b2 d7g4 h5h8 g4f3 c3b1 e8e7 e2g3 d8d7 c1e3
308,W,value_resign,97,0.522423,1540,2026-09-02 07:02:29,e2e3 a7a5 e3e4 c7c5 g1e2 e7e6 d2d4 g7g6 a2a4 c5d4 e2g1 d8f6 f2f3 f6h4 g2g3 h4g4 b1c3 d4c3 f3g4 h7h6 c1d2 c3d2 e1e2 b8c6 c2c3 f7f6 h2h3 d7d6 g1f3 c6e7 d1d2 f6f5 e4f5 e6f5 g4f5 g6f5 h3h4 h8h7 f1h3 b7b5 a4b5 c8b7 c3c4 e8f7 a1b1 f7f6 c4c5 e7d5 b2b4 h6h5 e2f2 d6c5 f2g2 c5c4 b4a5 f8b4 b1b4 c4c3 d2c1 d5b4 c1c3 f6e6 b5b6 b4d5 c3b2 e6e7 a5a6 a8a6 f3h2 d5b6 h2f3 f5f4 b2c3 f4g3 g2g3 e7d6 g3f4 a6a2 c3b4 d6c7 h1f1 b7f3 f1f3 g8h6 b4c5 c7d8 c5b6 d8e8 f4g5 a2a6 b6c5 a6c6 c5c6 e8d8 f3f4 d8e7 g5g6
309,W,checkmate,31,0.482752,1545,2026-09-02 07:04:53,e2e3 a7a5 a2a4 c7c5 b2b4 c5b4 c1b2 h7h5 b2g7 h5h4 g2g3 a8a7 g7h8 b8a6 g1h3 a6c5 d1f3 f8g7 f1g2 c5a4 d2d4 g7h8 a1a2 a7a8 e1g1 f7f6 b1d2 h4g3 f3g3 b4b3 g3g8
310,W,value_resign,35,0.437303,1550,2026-09-02 07:05:20,b2b4 c7c5 f2f4 b7b5 e1f2 f7f5 h2h4 b8a6 a2a3 c5b4 h1h3 g8h6 d2d4 h6f7 g2g3 h7h5 f1g2 d8c7 g2a8 c8b7 g3g4 h5g4 c2c4 b4c3 b1c3 g4h3 a8b7 a6b4 a3b4 c7c5 d4c5 h8h6 c1b2 d7d5 d1d2
311,B,value_resign,48,0.526664,1555,2026-09-02 07:07:39,e2e3 a7a5 e3e4 g8h6 a2a3 c7c5 c2c4 h6g8 f2f3 h7h5 g1e2 e7e6 e4e5 f7f6 e1f2 d8e7 a3a4 e8d8 d2d4 g7g5 c1g5 f6g5 d4c5 f8g7 d1d4 g8f6 g2g4 h8h7 e2c1 b7b5 a4b5 a5a4 e5f6 g7f6 a1a4 f6d4 f2g2 a8a4 h2h3 h7h8 h1g1 h8f8 g1h1 f8f7 g2g3 e7c5 h3h4 f7g7
312,B,value_resign,38,0.478587,1560,2026-09-02 07:08:08,e2e3 a7a5 e1e2 a5a4 b2b3 d7d6 f2f4 b8c6 g2g3 c8g4 e2d3 c6b4 d3d4 a8a5 b1c3 g4d1 d4e4 h7h5 h2h3 d6d5 e4f5 a4a3 d2d4 b4c2 e3e4 c2e1 f1b5 c7c6 g1e2 g8h6 f5e5 d5e4 c3d1 c6b5 h1g1 h6f5 h3h4 b5b4
313,W,value_resign,79,0.461073,1565,2026-09-02 07:09:05,e2e3 g8h6 g1f3 a7a5 f3g1 d7d6 f2f3 h6g4 a2a4 b7b6 c2c4 a8a6 g2g3 e7e6 f3g4 d8f6 g1e2 g7g5 h1g1 e8e7 e2c3 f8g7 a1a2 c8b7 e1e2 d6d5 f1g2 d5d4 h2h4 c7c6 h4g5 f6g5 g2h3 d4c3 b1c3 g7f6 e2d3 g5g6 d3e2 b6b5 g4g5 g6g5 a4b5 a6b6 a2a3 h8g8 d1b3 a5a4 a3a4 g5g7 g1f1 f6c3 d2c3 g7g3 f1f2 c6b5 a4a2 b5c4 b3b6 g3h3 b6b7 e7e8 f2f4 h3h2 e2e1 b8c6 e1d1 g8g5 e3e4 c6b4 c3b4 f7f6 d1e1 h2f4 c1f4 e8f8 e1f1 h7h5 a2a3
314,W,value_resign,73,0.524680,1570,2026-09-02 07:10:46,b1a3 e7e6 g1f3 b8c6 d2d3 a8b8 d1d2 f7f5 h1g1 h7h5 a3c4 g7g5 c4a5 f8g7 d2g5 f5f4 g5f4 c6a5 d3d4 b7b6 d4d5 e6d5 e2e3 g7e5 f1e2 e5f4 c1d2 e8f8 b2b4 f8g7 b4a5 g8f6 e3f4 d8e7 a5b6 c7b6 a2a4 e7f7 h2h4 c8b7 a1a2 f7e6 f3g5 e6f7 g5f7 g7f7 e2d3 b8a8 f4f5 d5d4 f2f4 a7a6 a2a1 f6d5 a4a5 b6a5 a1b1 d5b4 g1f1 h8c8 b1d1 b4c6 d3c4 f7f6 c4d5 d4d3 c2c3 c6e7 d5b7 a8a7 g2g3 e7f5 f1h1
315,B,value_resign,24,0.548803,1575,2026-09-02 07:11:01,e2e3 a7a5 b1c3 g8h6 g2g3 g7g5 f1a6 b7b5 e1e2 b5b4 h2h3 c8a6 e2e1 f8g7 d1h5 g7c3 b2c3 b4c3 h5g6 h7g6 a2a3 d7d5 h3h4 g5h4
316,W,material_adjudication,144,0.413627,1580,2026-09-02 07:11:59,a2a4 f7f6 h2h4 e8f7 b2b4 a7a5 c1b2 g7g6 b2c3 e7e6 h4h5 a8a7 g2g4 a7a8 c3f6 g8h6 f6d8 f8e7 d1c1 f7g8 h1h4 e7h4 d8h4 g6h5 f1g2 h5g4 g2f3 g4f3 b4b5 h6f5 e2f3 f5h4 c1b2 c7c5 b5c6 b8c6 e1d1 b7b6 b2b6 h4f5 b1c3 a8b8 b6c7 b8b7 c7c8 g8g7 a1b1 h8c8 b1b7 e6e5 c3b5 c8e8 b7d7 e8e7 d7e7 g7f6 b5c3 c6e7 d1e1 f5g7 c3b5 f6f5 e1e2 e7d5 c2c4 d5f4 e2e1 h7h6 e1f1 e5e4 f3e4 f5e4 d2d4 f4h5 d4d5 e4d3 f2f3 d3c2 f1e2 c2c1 e2f2 c1b2 c4c5 g7e8 f2f1 h5f6 b5d4 f6d5 c5c6 d5c7 f1f2 b2c3 f3f4 c3d4 g1f3 d4c3 f3e5 c3b2 f2g2 h6h5 g2h3 h5h4 h3h4 b2c3 f4f5 c3b2 h4g5 b2c3 g5f4 e8f6 e5d7 f6d5 f4e5 d5b6 d7b6 c7a6 b6d5 c3c2 e5e6 a6c5 e6e7 c5a6 c6c7 a6c7 d5c7 c2c1 c7b5 c1b2 b5c3 b2c3 e7d8 c3b2 d8c7 b2c3 f5f6 c3b2 f6f7 b2c3 f7f8q c3b2 c7c8 b2a1 f8f3 a1b1
317,W,value_resign,121,0.486648,1585,2026-09-02 07:12:41,b1a3 e7e6 a1b1 g7g6 b1a1 f8c5 d2d4 f7f6 h2h4 b8a6 d4c5 e6e5 c2c3 b7b5 c5b6 a6b8 h4h5 d7d5 a3c4 d5c4 c1d2 d8d7 g2g4 a7a6 g1f3 c7b6 d2h6 d7d1 a1d1 g8h6 g4g5 b6b5 g5h6 a6a5 b2b3 e5e4 f3d2 g6h5 b3c4 b5c4 d2c4 b8c6 e2e3 e8g8 d1d2 a5a4 c4b2 c8b7 h1h5 a4a3 b2a4 f8c8 a4c5 a8b8 c5b7 b8b7 e1e2 c8a8 c3c4 c6d8 c4c5 b7b4 e2e1 g8f7 f1e2 a8b8 f2f3 e4f3 h5d5 f3e2 d2d4 b4d4 e3d4 b8a8 e1e2 f7g6 e2e3 d8f7 c5c6 f7h6 c6c7 h6f5 e3f2 f5h4 d5c5 h7h6 c7c8q a8c8 c5c8 g6h5 c8c3 h5g6 c3a3 h6h5 f2f1 g6f7 a3e3 h4f5 e3c3 f5d4 c3e3 d4c6 a2a4 c6d4 a4a5 d4c2 e3c3 c2d4 a5a6 h5h4 c3d3 d4c2 d3d2 h4h3 d2c2 h3h2 c2h2 f7g6 f1e1 f6f5 e1f2
318,B,value_resign,88,0.462363,1590,2026-09-02 07:12:41,e2e3 g7g6 f1c4 c7c6 f2f3 g8h6 e3e4 f7f5 e4e5 f5f4 h2h4 e7e6 e1e2 d8c7 c2c3 d7d5 e5d6 b8a6 c4e6 f8d6 e6d7 e8d8 d7c8 a8c8 d1b3 c6c5 e2f2 h6g4 f2e2 d6e7 f3g4 c5c4 b3d1 e7d6 d2d3 c4d3 e2d3 c7c6 d1e2 a6b4 d3d2 d8c7 c3b4 c6g2 h1h2 g2h2 e2h2 d6e5 h2h3 b7b6 b1a3 h8e8 g1f3 c8d8 f3d4 e5d4 a3c2 d4b2 c2d4 b2a1 d2d1 a1d4 c1b2 d4c3 d1c2 c3b2 c2b2 d8d6 b2c3 e8g8 h3g2 g8f8 g4g5 f4f3 g2f2 a7a5 b4a5 b6a5 h4h5 g6h5 f2f1 a5a4 f1f3 f8f3 c3c4 c7c6 a2a3 d6d8
319,B,value_resign,48,0.600580,1595,2026-09-02 07:12:42,b2b3 b8a6 f2f3 a6c5 e2e3 d7d6 d2d3 g7g6 g2g4 c5d3 f1d3 b7b5 f3f4 h7h6 d3e2 c8d7 b3b4 a8b8 f4f5 d6d5 h2h4 a7a6 d1d2 h8h7 e2f1 g6f5 g4f5 f8g7 c2c3 a6a5 g1f3 g8f6 d2e2 c7c6 e3e4 d5e4 f3d4 a5b4 c3b4 f6h5 e1f2 g7d4 c1e3 d4a1 b1d2 e7e6 f5e6 d7e6
320,B,value_resign,50,0.535707,1600,2026-09-02 07:12:55,e2e3 a7a5 g1h3 b8c6 a2a4 d7d6 b2b4 c6d4 c1b2 d4c2 d1c2 b7b5 b2d4 h7h5 e1e2 e7e5 e3e4 a5b4 c2b2 b5a4 d4e5 h8h7 e5d4 g7g6 d2d3 h5h4 e4e5 c7c5 h3g5 d8g5 f2f4 g5e7 e2e3 e8d8 a1a4 a8a4 b1d2 c5d4 e3d4 c8d7 h2h3 e7e8 h1h2 h7g7 b2b4 a4b4 d2c4 g8h6 f1e2 h6f5
321,W,value_resign,73,0.546672,1605,2026-09-02 07:13:08,e2e3 b8c6 a2a4 c6d4 a4a5 e7e5 e3d4 c7c6 d1h5 e5e4 g2g3 g7g6 h5c5 f8c5 b1c3 c5b6 f1c4 b6d4 c4b5 d4f6 f2f3 d8e7 c3e4 f6e5 b2b3 g8f6 g1h3 e7c5 e4c5 e5a1 b5c4 f6d5 e1g1 e8g8 b3b4 d5b4 c1a3 b4c2 h3f4 d7d6 h2h3 c8d7 c5b7 d6d5 a3f8 d5c4 f8e7 f7f5 g1h1 g6g5 e7g5 d7c8 b7c5 h7h6 g5h6 a1f6 f4h5 g8h7 h5f6 h7h6 h1g1 c8d7 f6d7 a8d8 f1f2 d8d7 g1g2 h6g7 c5d7 g7h6 d7f8 h6g5 d2d3
322,W,value_resign,51,0.550445,1610,2026-09-02 07:14:09,e2e3 a7a5 e3e4 c7c5 f2f4 g8h6 d2d3 c5c4 g2g3 g7g6 b1d2 h8g8 g1e2 g6g5 f1g2 h6g4 h2h3 b8c6 h1f1 f7f5 e4f5 d7d6 d3c4 g4e3 f4g5 e3d1 e1d1 c6e5 f5f6 e5f3 g2f3 c8h3 f1f2 h3e6 e2f4 d6d5 f4e6 d8d7 c4d5 a5a4 a1b1 e7f6 d1e1 a8a7 g5f6 d7d5 f3d5 a7a8 b1a1 g8h8 e1e2
323,W,value_resign,55,0.529867,1615,2026-09-02 07:14:46,a2a4 e7e6 g1h3 f7f5 a4a5 b8c6 d2d3 c6d4 b2b3 e6e5 e1d2 g8f6 e2e3 h7h5 b3b4 e8f7 f2f3 d4c6 b4b5 e5e4 c2c3 c6e5 f3e4 f5e4 h3g5 f7e8 d1c2 f8e7 a5a6 e4d3 a6b7 d3c2 b7a8q c2b1q a1b1 d7d6 g5f3 c8d7 a8a7 e5f3 g2f3 g7g6 h2h4 d7e6 c3c4 d8d7 d2e1 e6f5 f1h3 f5b1 h3d7 e8d7 c1d2 h8f8 e1f2
324,B,material_adjudication_moderate,89,0.497950,1620,2026-09-02 07:17:46,f2f4 a7a5 c2c4 a5a4 d1a4 h7h5 a4a8 h8h7 d2d4 h5h4 b1d2 g7g6 g2g4 f8g7 b2b3 d7d6 e1f2 b7b6 d2e4 c7c5 c1d2 h7h8 g1h3 f7f5 d4c5 d6d5 h3g5 d5e4 g4f5 c8b7 a8b7 g6f5 c5b6 d8c8 b7a8 b8c6 a1d1 c8a8 e2e3 a8b7 f1g2 b7b6 c4c5 b6b7 d2c3 e8f8 d1g1 g7c3 g2e4 b7b5 e4c6 b5c6 g1c1 c3b2 c1b1 b2a3 g5f3 e7e5 f3e5 c6b7 b1e1 g8f6 c5c6 b7b8 c6c7 b8c8 e5g6 f8f7 g6h8 c8h8 c7c8q h8c8 e3e4 f6e4 f2e2 c8c6 h1f1 a3b2 a2a4 c6d7 a4a5 d7e6 a5a6 e6a6 e2f3 a6b5 h2h3 b5b7 f3e2
325,B,value_resign,32,0.561259,1625,2026-09-02 07:19:32,a2a3 g8f6 e2e4 b8a6 e4e5 a8b8 f1a6 f6e4 b2b3 b7a6 d2d3 g7g6 b1d2 b8b6 d2f3 f7f6 e5f6 e7f6 d1e2 d8e7 h2h3 a6a5 e1d1 e4c3 d1d2 f6f5 f3e5 c3e2 d2e2 b6c6 c1e3 c8b7
326,B,value_resign,36,0.468724,1630,2026-09-02 07:20:26,e2e3 g7g6 a2a4 b7b6 f2f3 d7d5 e3e4 d5e4 f1c4 c7c5 c2c3 a7a6 c4d5 h7h5 e1e2 h8h7 d1c2 d8d5 d2d3 c8b7 d3e4 d5d7 e4e5 c5c4 c2d3 c4d3 e2f2 e8d8 c1d2 b8c6 a4a5 c6a5 b1a3 b7c6 a3c2 h7h6
327,B,value_resign,56,0.548404,1635,2026-09-02 07:20:41,e2e3 a7a5 b1c3 c7c5 c3d5 a5a4 e3e4 a4a3 g1e2 d7d6 f2f4 b8d7 b2a3 f7f6 d2d4 a8a4 e1f2 e7e6 c2c4 a4a3 c1a3 h7h5 d4c5 d6c5 d1a4 e6d5 e2d4 g7g5 a1b1 h5h4 c4d5 g5f4 d4f3 f8g7 b1b3 e8f8 d5d6 h8h5 e4e5 f6e5 a3b4 e5e4 f3h4 c5b4 a4b4 g7d4 f2e1 d8f6 b4d4 f6d4 h4f3 d4e3 e1d1 g8f6 f3d4 h5g5
328,B,material_adjudication_moderate,115,0.488716,1640,2026-09-02 07:21:08,f2f3 b8c6 e2e3 g8h6 b2b3 g7g6 h2h4 h8g8 h1h3 f7f6 a2a4 f6f5 a1a2 f8g7 d1e2 c6b8 g2g3 f5f4 a4a5 d7d5 a2a3 c7c6 h3h1 d8d7 e1d1 d7c7 c2c4 f4e3 d2e3 c8f5 c4d5 f5b1 b3b4 g7f6 d5c6 b7c6 b4b5 e7e6 b5b6 a7b6 a5b6 c7b6 a3a8 b6b7 a8a1 f6a1 g3g4 h6f7 g4g5 c6c5 c1d2 b8d7 e2e1 f7e5 f3f4 e5d3 f1d3 b7h1 d3b1 h1d5 e3e4 d5c6 g1e2 g8g7 b1d3 c6b7 f4f5 e8e7 e2f4 e6f5 e4f5 a1e5 d3c4 g6f5 e1e2 e7d8 f4h5 f5f4 h5g7 e5g7 e2f1 b7e4 c4e6 e4e6 f1e1 e6e1 d1e1 d8e8 e1f1 e8f8 d2f4 g7d4 h4h5 f8e7 g5g6 e7f8 g6h7 f8g7 h5h6 g7h7 f1e2 h7h8 e2f1 d7f6 f4e5 d4e5 f1e2 c5c4 e2e1 f6e4 e1e2 c4c3 e2e3 e4d2 e3d3
329,W,value_resign,73,0.497290,1645,2026-09-02 07:24:02,e2e3 a7a5 d1e2 e7e6 e3e4 f7f6 e1d1 c7c5 g2g4 f8e7 d2d4 g7g6 c1e3 c5d4 h2h3 a8a7 e3d2 g6g5 h1h2 b8a6 f2f3 b7b5 c2c3 a6c7 e2d3 a7a6 d1c1 e8f8 f3f4 h7h5 g1f3 g5f4 d3d4 h5h4 f1b5 c7b5 a2a4 e7c5 d4c5 d8e7 c5e7 f8e7 a4b5 a6b6 g4g5 e7f7 b1a3 b6b7 g5g6 f7g6 f3d4 d7d5 c3c4 d5c4 a3c4 e6e5 c1d1 e5d4 a1c1 g8h6 b5b6 a5a4 e4e5 b7b6 c4b6 g6g7 e5f6 g7f6 c1c7 c8b7 h2f2 h8f8 b6a8
330,W,value_resign,49,0.523080,1650,2026-09-02 07:24:58,e2e3 g7g6 f2f4 e7e5 f4f5 b8c6 c2c3 h7h6 g1f3 g6g5 f1c4 f8g7 g2g3 e8e7 d1e2 d7d5 c4b5 a7a6 b5c6 b7c6 c3c4 e7f6 h2h4 d8f8 d2d3 a6a5 e2f1 g5g4 f3e5 a8a6 f1f4 f8d6 c4c5 d6e5 f4g4 e5e6 f5e6 c8e6 g4h5 e6g4 e1g1 f6e7 h5g4 g8f6 g4f3 f6h5 a2a3 g7d4 b2b3
331,W,value_resign,27,0.459003,1655,2026-09-02 07:26:37,e2e3 a7a5 e1e2 a5a4 g1h3 c7c5 h1g1 e7e6 f2f3 d8e7 c2c3 b8c6 d2d4 c5d4 e3d4 d7d6 d4d5 e6d5 e2d2 e7h4 g2g3 h4c4 f1c4 a8a6 b2b3 e8d7 a2a3
332,B,material_adjudication_moderate,79,0.480025,1660,2026-09-02 07:26:52,e2e3 a7a5 e1e2 a5a4 b1c3 c7c6 b2b3 d7d6 g2g3 f7f6 f1h3 e7e5 h3g4 c6c5 g4h5 e8e7 h2h4 b8d7 d1f1 h7h6 c3d1 c5c4 a2a3 c4b3 f1g2 d7b6 c2c4 g7g5 h1h3 e5e4 c1b2 c8h3 g1h3 f8g7 c4c5 b6d7 h4g5 h6g5 f2f3 h8h5 d2d4 a8a6 c5d6 e7f8 h3f4 b7b6 f4h5 e4f3 g2f3 g5g4 f3f4 d8b8 d4d5 b6b5 e2e1 f6f5 h5g7 d7f6 d1c3 f8g7 c3b5 b8b5 e3e4 f5e4 d6d7 b5d7 d5d6 d7d8 f4g4 g7f8 g4f4 e4e3 e1e2 a6d6 e2e3 d8e7 e3f2 d6d7 f4f3
333,W,value_resign,71,0.427443,1665,2026-09-02 07:26:53,e2e3 g7g6 b2b4 g8h6 f1a6 b7b6 f2f3 e7e5 c2c4 h6g4 a6c8 a7a5 b4a5 f7f5 c8d7 b8d7 g1e2 b6a5 f3g4 f5g4 g2g3 d7b8 d2d3 g6g5 b1a3 b8a6 a3c2 a6b4 h1g1 f8g7 a2a3 b4c2 d1c2 d8d7 c2d2 a5a4 g1f1 h7h6 c1b2 a8d8 f1g1 h6h5 g1g2 e8f7 b2e5 g7e5 a1b1 c7c5 e2g1 d7e7 b1d1 e5d6 d2e2 h8f8 d1d2 f7g8 e1d1 h5h4 g3h4 g5h4 h2h3 e7f6 h3g4 d6e5 g4g5 f6g5 g2g5 g8h8 g1f3 d8a8 d3d4
334,B,material_adjudication,66,0.535715,1670,2026-09-02 07:27:21,e2e3 a7a5 f1b5 c7c6 e1f1 a5a4 c2c3 f7f6 f2f3 d8a5 h2h4 a5b5 g1e2 b5c4 b2b3 a4b3 a2b3 c4c5 d2d4 c5a7 g2g3 a7a1 c3c4 a1b1 g3g4 g7g6 c1b2 b1d1 f1f2 e8f7 h1d1 f8h6 d1e1 e7e5 e2g3 d7d5 e1f1 f7g7 d4e5 g6g5 h4g5 h6g5 e5e6 g7g6 b2c1 d5d4 e3d4 g5c1 g4g5 f6g5 e6e7 c8e6 e7e8q g6f6 g3e2 h7h5 f2g1 e6d7 e8b8 a8b8 f1f2 f6e7 g1f1 b8c8 f1e1 d7e6
335,W,value_resign,27,0.509547,1675,2026-09-02 07:27:22,e2e3 a7a5 b2b3 c7c5 f2f3 e7e6 b1a3 f7f5 g2g3 f5f4 e3e4 g8h6 f1e2 f4g3 h2g3 d8c7 e1f1 c7g3 d2d4 g3f4 c1f4 h8g8 f4g5 e8f7 b3b4 c5b4 e4e5
336,B,material_adjudication,73,0.511724,1680,2026-09-02 07:28:15,e2e3 a7a5 d2d3 c7c6 g2g3 h7h5 d1e2 f7f5 a2a4 g7g5 e3e4 f5e4 e1d1 c6c5 b2b3 b7b6 h2h3 f8g7 d1d2 c8b7 a1a3 b7a6 a3a1 c5c4 b3c4 e4d3 e2d3 h8h7 f2f4 e8f7 d3h7 a6b7 f1g2 b7g2 h1h2 g2c6 c4c5 b6c5 h7h5 f7f8 f4g5 g7a1 h5f3 c6f3 g1f3 g8h6 g5h6 f8f7 f3h4 d8e8 d2e1 e8f8 c2c4 e7e5 c1d2 f8e7 h2h1 e5e4 h1f1 f7e8 e1e2 e8d8 h4g6 e7e8 e2d1 d8c7 b1a3 e8g6 a3b5 c7b6 d1e1 b8c6 b5c7
337,W,value_resign,81,0.552708,1685,2026-09-02 07:30:58,e2e3 a7a5 e3e4 b7b6 a2a3 c7c6 g1e2 h7h5 d2d3 a5a4 d1d2 c6c5 c2c4 h5h4 f2f3 c8b7 d2f4 b7e4 d3d4 f7f5 d4c5 e4b7 f4e5 b6c5 e5c5 f5f4 b1d2 b7a6 a1b1 e7e5 c5d5 f8c5 d5a8 b8c6 a8a6 d8c8 b1a1 c8a6 e2c3 a6c8 e1d1 e8f8 a1b1 c8d8 b1a1 g7g5 c3b5 d7d5 c4d5 c6b8 b5c3 g8h6 d2c4 b8d7 c1d2 h6f7 c3a4 g5g4 f3g4 c5d4 g2g3 h4g3 a1b1 g3h2 a4c3 d7c5 a3a4 e5e4 c3b5 f4f3 b5d4 d8e7 b2b4 h8h6 b4c5 e4e3 d4f3 e3e2 f1e2 h6h7 b1b4
338,W,checkmate,27,0.483821,1690,2026-09-02 07:31:12,e2e3 h7h6 e3e4 b7b6 g1e2 a7a5 d2d3 g7g5 c1d2 a5a4 e2d4 h8h7 d4e2 c7c5 h2h4 g5g4 e2c3 e7e6 h1g1 f7f6 c3b5 a4a3 g2g3 a8a4 d2c3 g8e7 b5d6
339,W,value_resign,117,0.489343,1695,2026-09-02 07:31:27,e2e3 a7a5 a2a4 c7c5 d2d4 e7e5 g2g3 e5d4 e3d4 c5d4 c2c4 d4c3 c1h6 g8h6 b1c3 h6f5 b2b3 h8g8 h2h4 d8e7 g1e2 a8a7 g3g4 f5e3 f2e3 a7a6 h1h3 a6g6 e2f4 g8h8 f4g6 h7g6 e1e2 f7f6 h3f3 f6f5 c3d5 f5g4 d5e7 g4f3 e2f3 f8e7 d1e2 h8h4 a1a2 b8c6 a2d2 b7b6 f3g2 e8f7 e3e4 c8b7 e4e5 c6e5 g2f2 e7c5 f2e1 h4b4 e2e5 d7d6 e5c3 d6d5 d2d1 f7e8 c3d2 b4h4 f1d3 h4h6 d2e2 e8f8 d1d2 c5b4 e1d1 b4d2 d1d2 f8g8 d2c1 g8h7 b3b4 a5b4 a4a5 b6a5 c1d1 b4b3 e2f3 b7c6 d1e1 a5a4 f3d1 h6h4 e1f1 c6d7 d3e2 d7f5 d1d5 a4a3 d5b3 h4f4 f1g2 a3a2 b3a2 f4e4 e2f3 e4f4 a2d2 g6g5 g2g3 f5g4 f3g4 f4g4 g3g4 g7g6 g4g5 h7h8 g5h6 h8g8 d2e1
340,B,material_adjudication_moderate,92,0.490825,1700,2026-09-02 07:31:27,a2a4 c7c6 c2c3 f7f6 h2h4 c6c5 f2f3 h7h5 d2d3 a7a5 b2b3 e8f7 d1c2 h8h7 c1g5 f6f5 e1d2 f5f4 a1a3 b7b6 g1h3 d8c7 a3a1 c7b7 h3f4 g8h6 c2d1 a8a6 b1a3 g7g6 a3b5 e7e6 g2g3 f7g8 h1g1 f8g7 f1g2 h6f5 d3d4 g7d4 c3d4 f5d4 d1f1 d4b3 d2c3 b3a1 c3c4 a1c2 f4d3 b7c6 g3g4 c8b7 f3f4 c2e3 c4b3 e3f1 g2c6 b7c6 d3e5 a6a8 b3c4 f1d2 c4c3 b8a6 g1h1 a6b4 c3d2 c6h1 d2e3 c5c4 g4h5 a8c8 e5c4 h7h5 c4e5 h5h4 g5h4 h1d5 e3f2 c8c5 h4g5 d5c4 b5c7 c5c7 e5c4 c7c4 g5e7 b6b5 a4b5 b4d5 b5b6 d5f4
341,B,value_resign,32,0.387702,1705,2026-09-02 07:31:28,e2e3 g7g5 f2f3 d7d5 b2b3 b8d7 b1a3 b7b6 g1h3 h7h6 h3g1 e7e5 g2g4 c7c6 f1e2 d5d4 e3d4 d8f6 h2h3 f8a3 b3b4 a3c1 d1c1 e8e7 d4e5 f6e5 h1h2 e5h2 c2c3 h2g1 e2f1 f7f6
342,B,material_adjudication_moderate,76,0.473813,1710,2026-09-02 07:31:53,e2e3 g7g6 h2h3 g8h6 h1h2 f7f5 b2b4 h8g8 h3h4 f8g7 d2d3 c7c6 c2c3 d7d6 d1b3 e8d7 f2f3 f5f4 b4b5 h6f5 b3g8 d8g8 h4h5 g7h6 e1e2 h6g7 h5g6 d6d5 g6h7 f5d4 e2d2 f4e3 d2e3 d4f5 e3f4 g8f8 g1e2 f5d6 f4g5 c6b5 h7h8q g7h8 h2h3 a7a5 g5h5 h8f6 c1h6 f8e8 h5g4 b8a6 a2a4 b5a4 b1a3 a6b4 h6g5 b4d3 g5f6 e7f6 a3c2 e8d8 h3h7 d6f7 a1a3 a8b8 c2d4 d7c7 g4h5 c8d7 c3c4 f7d6 e2c3 d8c8 g2g4 d5c4 a3a4 c7d8
343,W,value_resign,27,0.479035,1715,2026-09-02 07:33:18,a2a4 e7e6 g1h3 h7h6 f2f4 g7g6 a4a5 c7c6 f4f5 f8b4 c2c3 d8e7 d2d4 b4c3 b1c3 e7f6 d4d5 b7b6 c1f4 f6g5 g2g4 g5f4 h3f4 g8f6 a5b6 e8e7 b2b3
344,W,checkmate,57,0.460074,1720,2026-09-02 07:33:31,e2e3 a7a5 b2b3 c7c5 f2f3 e7e6 b1a3 g8e7 h2h4 f7f6 g2g4 e8f7 e1e2 d8e8 c1b2 a8a7 d2d4 e7g6 d1d3 e6e5 a1e1 g6e7 f3f4 a7a8 d4e5 f6e5 a3b5 g7g5 c2c4 h7h6 f4e5 d7d5 e5d6 c8g4 g1f3 g4f3 e2f3 g5h4 b5c7 f8g7 c7e8 h8e8 f1e2 e7c8 a2a3 h6h5 e1f1 g7b2 h1h4 a5a4 h4h5 a4b3 f3g2 f7e6 g2h1 e8h8 e2g4
345,B,value_resign,16,0.521711,1725,2026-09-02 07:34:22,e2e3 a7a5 g2g3 a5a4 g1h3 d7d6 d2d3 h7h5 d1e2 c8g4 b1a3 g4e2 e1e2 e7e6 c1d2 d8h4
346,W,value_resign,75,0.473450,1730,2026-09-02 07:34:34,e2e3 g7g6 f2f3 c7c6 b2b3 g8h6 e3e4 e7e6 f1a6 f8c5 b1a3 d8b6 d2d3 c5a3 a6b7 a3c1 b7a8 f7f5 d1c1 c8b7 a8b7 b6b7 e4f5 h8g8 e1e2 e8f7 c1e1 d7d6 c2c3 e6e5 e1f2 h6f5 h2h4 f7f8 f2f1 h7h6 h4h5 g8h8 h5g6 f5e7 a2a3 e7g6 g2g3 h8g8 d3d4 e5d4 c3d4 d6d5 f1c1 c6c5 d4c5 g6e7 c1d1 g8g7 b3b4 d5d4 d1c1 b8c6 b4b5 b7b5 e2f2 h6h5 f2g2 h5h4 h1h4 b5a6 g1h3 c6e5 g2h1 a6f1 c1f1 f8g8 h3f2 a7a6 h1g1
347,B,value_resign,38,0.468877,1735,2026-09-02 07:35:12,e2e3 g7g6 b2b4 e7e5 f2f3 f8c5 b4b5 g6g5 h2h4 g5g4 g1h3 g4h3 g2g3 e8e7 f1h3 e5e4 h1f1 h7h5 a2a3 f7f5 a3a4 h8h6 c1a3 g8f6 a3c5 d7d6 d1e2 d6c5 e1f2 b8d7 h3f5 e4f3 b1a3 f3e2 g3g4 h5g4 f5g6 d7b6
348,W,value_resign,57,0.470236,1740,2026-09-02 07:39:09,a2a4 f7f6 h2h4 e7e5 c2c4 d7d6 a1a3 b8a6 c4c5 a6c5 h4h5 g7g6 a4a5 e8f7 d2d3 c8e6 e1d2 e6c8 h5h6 a7a6 d2e1 f8g7 h6g7 f7g7 d1c2 e5e4 f2f4 e4d3 c2d2 d6d5 d2e3 d5d4 e3d2 h7h5 b2b4 c7c6 b4c5 c8f5 g2g3 f5e4 g1f3 e4f3 e2f3 d8c8 c1b2 g8h6 f1d3 a8b8 d3c4 h8g8 a3b3 b7b5 c5b6 c8b7 e1d1 b8a8 b1c3
349,B,material_adjudication,119,0.588349,1745,2026-09-02 07:39:24,a2a3 g8f6 e2e4 g7g6 b2b3 c7c6 d1h5 g6h5 g2g3 f8h6 d2d3 b8a6 f2f3 f6e4 c1h6 e4d6 h6e3 e7e6 g1e2 d8f6 d3d4 h8f8 e3f2 f6h8 a3a4 a6c7 a4a5 f8g8 h1g1 g8f8 b1a3 e8e7 a3c4 h5h4 c4d6 f7f6 d6c4 d7d5 c4d6 e7d6 e1d2 e6e5 g3h4 e5d4 e2d4 h8g8 g1g8 f8g8 d2c1 d6d7 h4h5 h7h6 h2h3 c6c5 d4f5 d7e8 c2c4 b7b6 a5b6 a7b6 a1a8 c7a8 c1b2 c8f5 c4d5 e8e7 f3f4 f5e4 f2d4 e4d5 f1g2 c5c4 b3c4 d5c4 f4f5 g8e8 g2f1 e8d8 f1c4 d8d4 b2c3 d4c4 c3c4 e7d6 c4b5 d6c7 h3h4 c7d6 b5a6 b6b5 a6a7 d6c7 a7a8 b5b4 a8a7 b4b3 a7a8 b3b2 a8a7 c7c8 a7a8 c8c7 a8a7 c7c6 a7b8 c6d7 b8a7 d7c8 a7a8 c8c7 a8a7 c7c8 a7a8 b2b1q a8a7 c8d8 a7a6 b1e4 a6a7
350,B,value_resign,90,0.501803,1750,2026-09-02 07:39:38,g1h3 c7c5 h3g1 f7f5 h2h4 g7g5 h1h2 g5h4 e2e3 b7b5 f1c4 f8h6 c4g8 h8g8 g2g3 e8f7 h2h4 b5b4 f2f4 d8c7 e1f2 d7d5 d1h5 g8g6 h4h2 d5d4 b2b3 f7e8 f2e1 h6g7 e3e4 f5e4 e1f2 b8d7 c2c3 b4c3 h5h7 g6d6 h7g7 c3d2 c1d2 a8b8 g7h7 d7f6 h7g6 e8f8 a2a4 c8f5 g6f5 d6b6 a4a5 b6a6 b1c3 d4c3 d2c3 c7b7 c3f6 e7f6 f5g6 c5c4 b3c4 b7b2 g1e2 b2a1 e2c1 a1c1 g3g4 b8d8 h2h1 c1b2 f2e1 d8a8 h1h8 f8e7 h8a8 b2d4 e1f1 d4d7 f4f5 a6a5 c4c5 a5c5 f1f2 c5c4 a8a7 d7a7 f2f1 a7b7 f1e1 b7c6
351,B,value_resign,36,0.446708,1755,2026-09-02 07:41:18,g1h3 c7c5 h3g1 h7h6 f2f4 f7f5 h2h4 c5c4 g2g3 b8a6 e1f2 a8b8 h4h5 d8c7 g3g4 f5g4 e2e4 a6b4 b1a3 b4a6 b2b3 b7b5 d1g4 d7d6 a3b5 c8g4 f1g2 c7c8 f4f5 c8d7 b5d6 e7d6 g2f3 a6b4 f3g4 g8f6
352,W,value_resign,53,0.483536,1760,2026-09-02 07:42:52,e2e3 a7a5 e1e2 a5a4 g2g3 f7f6 h2h3 e7e5 c2c3 b8a6 g1f3 f8b4 f3e5 f6e5 e3e4 d7d6 h1h2 c8e6 f2f3 a8a7 e2f2 e6f5 e4f5 d8d7 f1a6 e8e7 d1b3 g8h6 b3b4 e7f6 a2a3 b7a6 c3c4 a6a5 b4c3 h6f5 h3h4 f5d4 h2h1 f6f5 c3e3 d4f3 b2b3 a4b3 c1b2 a5a4 h1d1 g7g6 f2f3 c7c6 g3g4 f5e6 f3g2
353,B,value_resign,72,0.494366,1765,2026-09-02 07:43:19,a2a4 d7d6 f2f3 b7b6 a4a5 g7g6 d2d3 e8d7 b1a3 h7h5 c1f4 d6d5 e2e4 g6g5 f4d6 e7e6 h2h3 f8g7 a3c4 h5h4 e1f2 d5c4 d1b1 f7f5 d3c4 d7d6 e4f5 g8e7 f5e6 g7c3 a5b6 c7b6 b2c3 a7a5 f2e2 c8e6 g2g4 e7g6 f1g2 d8c8 c4c5 b6c5 g2f1 h8d8 f1g2 c8d7 f3f4 a8a6 f4f5 g6f4 e2e1 f4g2 e1f1 d6e7 f1g2 e6d5 g2f1 b8c6 b1b5 c6b8 b5d7 d8d7 c3c4 d5h1 f1e1 b8c6 g1e2 c6d4 c2c3 a5a4 c3d4 c5d4
354,W,value_resign,43,0.447508,1770,2026-09-02 07:43:58,e2e3 g7g6 f2f3 b7b5 h2h3 e7e6 c2c4 d8e7 a2a4 b5a4 a1a2 h7h6 d1c2 c7c5 c2d1 c8a6 d2d3 a6b5 c4b5 h8h7 c1d2 a7a6 b5b6 e8d8 a2a4 f8g7 d1e2 e6e5 a4c4 f7f5 d3d4 d7d5 c4c5 g6g5 d2c1 e7f6 b1c3 d8e7 c3d5 e7f8 f3f4 g5f4 c1d2
355,W,value_resign,57,0.502520,1775,2026-09-02 07:44:25,g1h3 h7h5 b2b4 g7g6 e2e3 d7d5 g2g4 c8f5 e3e4 f5g4 d2d4 a7a6 e4d5 b8c6 d1d3 h8h7 e1d2 d8d5 h3f4 f8g7 b1a3 d5d4 d3d4 g7d4 f4g2 a8d8 c1b2 d4g7 f1d3 g7b2 a1b1 g8h6 b1b2 c6d4 h2h3 g4e6 g2f4 c7c6 f4e6 f7e6 c2c3 a6a5 b4a5 d8d5 c3d4 d5d4 b2b7 d4d5 b7a7 h5h4 h1d1 d5a5 a7a5 e8d7 f2f4 d7d6 a3c4
356,W,value_resign,67,0.544840,1780,2026-09-02 07:46:12,e2e3 d7d5 f2f4 e7e5 c2c3 a7a6 d2d3 f7f6 g1f3 b8d7 f4e5 f8c5 f1e2 c7c6 h2h3 d7b6 a2a3 e8e7 e5e6 c8e6 f3d2 g7g6 c3c4 h7h5 c4d5 c6d5 d2b3 e6d7 g2g4 d7b5 b3c5 d5d4 c5b7 d8c8 h1f1 c8b7 c1d2 h5g4 h3g4 g6g5 f1f3 f6f5 a3a4 b5a4 d2b4 e7f7 d1d2 b7f3 e2f3 d4e3 d2e3 g8f6 g4f5 f6g4 f3g4 h8e8 b4c5 e8e3 c5e3 a8c8 b1a3 a6a5 e3d2 c8b8 a3c4 b8a8 c4e5
357,W,value_resign,53,0.542947,1785,2026-09-02 07:46:26,f2f3 f7f5 b2b3 e7e5 e2e4 f5e4 f1c4 e4f3 g1f3 f8d6 f3g1 g7g6 e1e2 g8e7 a2a4 h8f8 g2g3 e5e4 a4a5 e7c6 c2c3 c6d4 c3d4 e4e3 e2e3 b8c6 g1h3 g6g5 d2d3 d8e7 e3d2 e7f6 h1f1 c6b4 f1f6 b4c2 d1c2 b7b6 c2d1 c8b7 d2e1 b6a5 b1c3 b7d5 h3f2 d6c5 c4d5 c5d6 c1a3 c7c6 d1b1 c6d5 b1c1
358,B,value_resign,58,0.575767,1790,2026-09-02 07:48:16,f2f4 a7a5 g1h3 d7d6 c2c3 c8g4 d2d3 a8a7 g2g3 g4h3 f1h3 g8h6 a2a3 c7c6 f4f5 f7f6 d1c2 e8d7 c1g5 f6g5 f5f6 d7e8 h3e6 d8c7 h1g1 e7f6 c2d1 a7a8 g1f1 a5a4 c3c4 f6f5 d1c1 h6g4 d3d4 f5f4 e2e4 b8a6 e4e5 h7h6 h2h3 d6e5 h3g4 e5d4 e6d5 c6d5 c4d5 a6c5 c1f4 g5f4 b1d2 g7g6 a1d1 d4d3 f1f2 f8e7 f2f3 a8b8
359,B,value_resign,24,0.511494,1795,2026-09-02 07:48:43,e2e3 g8h6 a2a4 a7a5 g1h3 a8a7 f2f3 e7e6 e1e2 c7c5 g2g4 h8g8 d2d4 f7f5 d4c5 f5g4 b1c3 g4h3 d1d6 f8d6 a1b1 a7a6 b2b4 e6e5
360,B,value_resign,80,0.552635,1800,2026-09-02 07:49:12,e2e3 a7a5 a2a4 d7d5 d2d4 e8d7 c1d2 h7h6 d1g4 f7f5 g4g6 h8h7 g6h7 a8a7 h7g8 c7c6 b2b4 a7a8 f1c4 g7g5 e1f1 e7e5 f2f4 d5c4 g1f3 e5f4 e3f4 d8e7 h1g1 a5b4 g8c4 g5g4 f3h4 b7b5 c4g8 b5a4 c2c4 e7h4 f1e2 h4d8 g8f7 f8e7 f7h5 d7c7 d4d5 c6d5 c4d5 c8d7 g1f1 b8a6 h5h6 g4g3 d5d6 e7d6 e2d1 d6c5 h6g5 g3h2 d1c2 d8f8 g2g4 f5g4 a1a4 d7a4 c2b2 c7b8 d2e3 h2h1q f1h1 b8c8 h1g1 a8b8 g1g4 b8a8 b1d2 c5e3 b2b1 a8b8 b1b2 b8a8
361,W,value_resign,45,0.491868,1805,2026-09-02 07:49:53,c2c4 f7f6 h2h3 f6f5 h1h2 g8h6 d2d4 e8f7 a2a4 d7d6 b2b4 h8g8 b1a3 e7e5 e1d2 d8g5 d2c2 g5h5 g1f3 f7g6 a4a5 e5e4 b4b5 e4f3 e2f3 f5f4 c1d2 c7c6 f1e2 h6f5 b5c6 g6f7 c6b7 c8b7 a3b5 b8a6 d2f4 g7g6 g2g4 f5e3 f2e3 f8h6 g4h5 g6h5 c2b1
362,B,material_adjudication_moderate,99,0.603233,1810,2026-09-02 07:50:21,e2e3 h7h5 a2a4 h5h4 b2b3 h8h7 a4a5 e7e5 f2f3 c7c6 a5a6 e8e7 c2c4 b8a6 a1a6 b7a6 e3e4 f7f6 g2g4 a6a5 b1c3 c8b7 d2d4 a8c8 c1d2 d7d6 c3b5 g7g5 d2a5 d8a5 e1e2 e5d4 b5d4 a5a3 d1c1 a3c1 e2f2 h4h3 g1e2 e7e8 e2c1 f8g7 c1e2 f6f5 f2g3 f5e4 h1g1 g7h6 f3e4 d6d5 e4d5 c6d5 c4d5 b7a6 e2c1 a6f1 g1f1 e8e7 f1f3 h7g7 d4e6 e7d6 e6g7 h6g7 b3b4 a7a5 b4a5 g7h8 a5a6 c8a8 g3h3 a8a6 f3d3 h8g7 d3f3 d6d5 f3f5 d5c4 f5g5 g7f6 g5g8 f6b2 g8g6 a6g6 g4g5 b2a1 h3h4 a1d4 h4h5 g6g7 h5h6 d4a1 g5g6 g7g8 h6g5 g8h8 g6g7 h8g8 g5g6
363,W,value_resign,87,0.601649,1815,2026-09-02 07:50:48,e2e3 a7a5 e1e2 a5a4 g1h3 e7e5 f2f4 f8a3 c2c3 a3b2 f4e5 b2a1 e3e4 h7h5 c1a3 f7f6 c3c4 b7b6 e5f6 g8f6 e2e1 h8f8 d1f3 c7c5 f3g3 a8a6 h3g5 f8f7 e4e5 f6h7 e1e2 h7g5 g3f2 g7g6 h2h3 f7f6 e5f6 c8b7 d2d4 c5d4 e2e1 d4d3 a3c1 a1f6 c1g5 f6g5 f2d4 h5h4 f1d3 d8e7 d4e5 e8d8 c4c5 e7f8 d3a6 b8a6 e5g5 d8c7 c5b6 c7b6 b1d2 a6b4 e1d1 b4a2 g5h4 a4a3 h1f1 f8g7 h4g5 b6c7 d2c4 b7g2 g5g2 d7d6 g2a2 d6d5 c4e5 g7e5 a2a3 e5d6 a3b2 d6b4 b2b4 c7c6 b4c3 c6b5 c3e1
364,W,value_resign,53,0.504545,1820,2026-09-02 07:51:26,f2f4 a7a5 e1f2 a5a4 c2c3 h7h6 f4f5 a8a5 g1f3 c7c5 e2e4 h8h7 f1b5 g7g5 f5g6 f7g6 e4e5 a5b5 d1c2 d7d6 c2g6 e8d7 g6h7 c5c4 d2d3 b5b2 c1b2 b7b5 e5d6 d7d6 f3e5 d6e5 g2g3 e7e6 h1g1 g8f6 g1e1 e5d6 h7f7 d6c6 d3c4 b5b4 c3b4 f8b4 c4c5 b4e1 f2e1 d8e7 f7e7 h6h5 g3g4 h5g4 b1c3
365,B,value_resign,82,0.543895,1825,2026-09-02 07:51:52,f2f4 h7h6 b2b3 h8h7 e2e4 c7c6 d2d3 f7f5 e1f2 d8b6 d3d4 e8f7 g1f3 c6c5 d4c5 b6c5 f3d4 b7b6 b3b4 c5b4 c1d2 b4d4 f2e2 d4e4 e2f2 g8f6 c2c4 e4b7 f1d3 a7a5 d1f3 f6h5 c4c5 a8a6 d3a6 b7f3 f2f3 b8a6 c5b6 d7d5 d2a5 e7e5 f4e5 g7g6 b1d2 f8b4 a5b4 a6b4 g2g4 f5g4 f3e2 f7e6 a2a3 b4c2 a1c1 g6g5 e2d3 h7e7 d3c2 e7b7 d2b3 b7b6 c1g1 e6e5 g1f1 e5d6 a3a4 c8d7 b3d4 d7a4 c2d3 b6b8 f1a1 a4d7 h1c1 b8f8 c1c7 d6c7 a1a4 d7a4 d4b5 c7c6
366,B,material_adjudication_moderate,113,0.486348,1830,2026-09-02 07:52:05,b1c3 d7d5 a2a4 g7g6 h2h4 a7a5 c3a2 h7h6 b2b4 d5d4 h1h2 c7c5 b4c5 a8a6 g2g3 c8h3 h2h3 f7f6 c1b2 f6f5 b2a3 b8c6 a1c1 d8c7 h3h2 h6h5 f1g2 a6a8 f2f3 c6d8 g2h3 d8e6 h2h1 h8h7 c2c3 d4d3 e2d3 f8h6 d1c2 e8f8 c5c6 g8f6 c3c4 f8f7 a3c5 e6c5 d3d4 c5e4 c6b7 c7b7 c1a1 b7b2 c2b2 a8b8 e1d1 b8b2 f3e4 f5e4 c4c5 b2d2 d1e1 f7g8 g1e2 h6e3 d4d5 f6d5 g3g4 h5g4 h3g4 g6g5 e2d4 e7e5 d4c6 g8g7 c6e5 e3c5 e5c4 c5d4 h4g5 d4a1 e1d2 h7h1 g4e6 d5f4 d2e3 f4e6 e3e4 h1h2 g5g6 g7f8 e4d5 a1d4 d5e6 f8g8 g6g7 g8g7 e6d5 h2a2 c4a5 d4a1 d5e6 g7h8 a5c6 h8g8 c6a7 g8h8 e6d7 h8h7 a4a5 h7h6 a5a6 h6h5 a7c8
367,W,value_resign,41,0.591519,1835,2026-09-02 07:53:04,a2a4 h7h5 b2b4 c7c5 f2f3 h8h6 g1h3 a7a6 c2c4 g7g6 a1a3 c5b4 d2d4 e7e6 a3b3 g8e7 d4d5 h6h7 h3g5 d8c7 d1d2 a6a5 g2g3 c7c6 d5c6 d7d5 d2b2 d5d4 g5e6 c8e6 f1h3 e6h3 c6b7 b8c6 e1f2 e7g8 b7a8q e8e7 e2e3 h7h6 f3f4
368,B,value_resign,32,0.511089,1840,2026-09-02 07:53:29,e2e3 g7g6 d1h5 b7b6 f2f3 g6h5 g2g3 b8c6 b2b4 f8g7 b1a3 c6d4 b4b5 h7h6 f1c4 d4b5 c1b2 g7b2 a3b5 f7f5 g1h3 c7c6 b5d4 c8a6 h3g1 b2a1 e1e2 a1d4 e3d4 g8f6 a2a3 a6c4
369,B,value_resign,34,0.501728,1845,2026-09-02 07:53:41,a2a3 c7c5 f2f4 c5c4 g2g3 h7h6 e2e4 g8f6 c2c3 d7d5 e4e5 a7a6 e5f6 g7f6 d1c2 a8a7 f1h3 c8h3 g1h3 f8g7 h1f1 d5d4 f1f3 d4d3 b2b4 d3c2 g3g4 d8b6 f4f5 b6d8 c1b2 e7e5 f5e6 b8c6
370,W,value_resign,59,0.518876,1850,2026-09-02 07:54:17,e2e3 g7g6 g2g3 b8c6 f2f3 g8h6 f1g2 f7f5 g1e2 c6d4 e3e4 f5e4 d2d3 h6f5 e2d4 c7c5 e1g1 c5d4 a2a4 e4d3 d1d3 f5h6 c1d2 h6g8 g1h1 f8g7 b1a3 a8b8 a3b5 h7h5 g3g4 g6g5 f3f4 d7d5 g4h5 g5g4 b5d4 c8d7 a1b1 g8f6 d3e2 g7h6 f4f5 a7a5 d4e6 d7e6 f5e6 h6d2 e2d2 f6e4 g2e4 d5e4 d2g5 d8d7 e6d7 e8d7 h1g1 h8h5 f1f7
371,W,material_adjudication,70,0.497958,1855,2026-09-02 07:54:42,e2e3 g7g6 b2b4 e7e5 a2a3 e5e4 e1e2 g8e7 c1b2 h8g8 b1c3 f7f5 g2g4 f5f4 e3f4 d7d6 b4b5 c7c6 f2f3 e4f3 g1f3 b8a6 e2f2 a6c7 c3d5 c6d5 f2e1 e7c6 f1c4 a7a6 d1e2 c6e7 c4d5 a6b5 d5g8 d6d5 e2d3 d8d7 g8h7 f8g7 b2g7 a8b8 a3a4 e7f5 g4g5 f5g7 d3e3 g7e6 f3e5 d7h7 f4f5 d5d4 f5g6 h7g7 e3e4 e6c5 e4d4 c7a6 a4b5 a6b4 e1d1 c8f5 d4c5 b4a6 b5a6 b7a6 d1e2 g7g6 d2d3 b8b7
372,B,value_resign,24,0.554050,1860,2026-09-02 07:55:17,e2e3 g7g6 g1e2 b8c6 e3e4 g6g5 b2b3 g8h6 d2d3 h6g4 f2f4 g4e3 e1d2 e3d1 c1a3 a7a5 a3e7 b7b6 b1a3 d8e7 d2e1 a5a4 e1d1 c6d4
373,B,value_resign,66,0.434850,1865,2026-09-02 07:57:07,e2e3 a7a5 d1e2 g8h6 e1d1 a5a4 g2g4 b8c6 b2b4 h6g4 b4b5 h7h5 b1a3 a8b8 b5c6 d7c6 f1h3 g4f2 e2f2 c8h3 g1h3 g7g5 e3e4 e7e6 a3b5 f8h6 d1e1 c6c5 h3g5 h6g5 c1b2 g5f6 e1d1 f6b2 a1b1 c7c6 b1b2 c6b5 e4e5 f7f6 e5f6 d8d7 b2b5 a4a3 b5c5 h5h4 f2e3 b8c8 c5d5 d7d5 e3f2 c8a8 d1e2 b7b5 c2c4 d5c4 e2e1 a8d8 d2d4 e6e5 f2c2 c4c2 d4d5 e8d7 e1f1 h8f8
374,B,value_resign,64,0.539013,1870,2026-09-02 07:58:09,f2f4 a7a5 g1h3 e7e6 c2c4 b7b5 h1g1 b5b4 f4f5 b8a6 f5e6 d8e7 g2g3 e7e6 g1h1 g8e7 f1g2 e8d8 g2a8 e6h3 h1f1 f7f5 c4c5 e7c6 a8c6 a6c5 e2e3 f8d6 c6d5 c5d3 e1e2 d3e5 d2d4 e5f7 d1d2 c8b7 d5f7 h3g4 e2d3 b7d5 b1c3 b4c3 b2c3 d5f7 d2c2 c7c6 a2a4 h7h6 e3e4 f5e4 d3d2 e4e3 d2d3 g4g6 d3e3 g6c2 c1b2 h8h7 f1c1 c2b2 a1b1 b2b1 c1b1 c6c5
375,B,checkmate,52,0.519625,1875,2026-09-02 07:59:12,e2e3 g8h6 f2f3 g7g6 e3e4 f8g7 a2a4 c7c6 a1a3 f7f6 d2d3 c6c5 a4a5 e8g8 g2g4 g6g5 h2h3 c5c4 d1d2 d8e8 d3c4 b7b6 a5b6 a7b6 e4e5 c8b7 a3a8 b7a8 e1e2 f6e5 c2c3 e5e4 f3e4 a8c6 f1g2 g7e5 d2d1 b6b5 c1g5 h6f7 c4b5 c6b5 c3c4 b5c4 e2e1 f7g5 h3h4 g5e4 g2e4 e8f7 b1c3 f7f2
376,B,value_resign,42,0.563503,1880,2026-09-02 08:00:28,f2f4 a7a5 c2c4 a5a4 d1a4 a8a4 g1f3 a4c4 d2d3 b7b5 e1f2 c4c6 f2e3 f7f6 b2b4 h7h6 c1b2 f6f5 a2a4 c6e6 f3e5 c7c6 e3d2 c6c5 b4c5 g8f6 b1c3 h8g8 a4a5 d8c7 d2c1 b5b4 e5c4 c7c5 c3b5 b8c6 d3d4 c5c4 c1d2 c8b7 b2c3 e8f7
377,W,value_resign,53,0.577587,1885,2026-09-02 08:01:46,e2e3 g7g6 f2f3 f8g7 b2b3 b7b6 b1a3 d7d6 e1e2 h7h5 a3b1 g7e5 h2h3 a7a6 g2g3 e8f8 a2a3 c8g4 h3g4 f7f5 c1b2 g8h6 a3a4 d8c8 b1c3 h6g4 f3g4 h5g4 b2a3 c8d8 f1g2 a8a7 d1e1 e5g3 g2f3 g4f3 g1f3 g3e1 h1h8 f8g7 h8d8 b8c6 a3b4 c6b4 a1b1 a6a5 e2e1 a7a8 d8a8 b6b5 e1f2 b5a4 b3a4
378,W,value_resign,45,0.633839,1890,2026-09-02 08:04:15,e2e3 e7e5 f2f3 d7d5 b2b3 a7a6 h2h3 c8h3 f1a6 b8a6 g2h3 d8b8 c2c3 d5d4 e3d4 g7g5 f3f4 f8a3 g1f3 b7b5 c1a3 f7f6 h1h2 e8f7 a3e7 g8e7 e1f2 e5f4 d1c2 e7d5 b3b4 f6f5 c2f5 f7e8 f5e4 e8f7 e4d5 f7g7 b1a3 b8b7 d5b7 a6b4 c3b4 a8b8 b7b8
379,B,value_resign,62,0.519198,1895,2026-09-02 08:04:29,e2e3 g7g6 f2f3 a7a5 c2c3 g8h6 f1b5 c7c6 d2d3 g6g5 h2h4 g5h4 e1e2 c6b5 d1b3 e7e5 b3c2 f7f5 g2g4 d8c7 c1d2 f5f4 g4g5 f8c5 g1h3 e8g8 g5h6 d7d6 h1g1 g8h8 h3g5 d6d5 b1a3 b5b4 a3b5 c7e7 g1h1 e7g5 e3f4 e5f4 h1g1 g5f6 b5d4 b4c3 b2c3 c5d4 c3d4 b8a6 g1h1 a6c7 c2c7 f6h6 e2d1 h6f6 a1b1 f6d4 c7c5 d4c5 b1a1 c5f2 a1b1 c8h3
380,B,value_resign,54,0.626544,1900,2026-09-02 08:04:30,e2e3 g7g6 a2a4 e7e5 a4a5 d7d5 e3e4 a7a6 f1c4 d5c4 f2f3 e8e7 c2c3 c7c6 e1f2 d8d3 d1e2 d3d7 e2f1 g6g5 a1a2 h7h6 f1e2 f7f5 e2e1 f8g7 e4f5 h8h7 g2g3 c6c5 a2a1 g5g4 e1e2 g7f6 f2e1 h7g7 e2e4 e7d8 e1e2 d7e7 e4g4 g7g4 f3g4 f6g7 g4g5 h6g5 b2b3 c8f5 d2d4 c4d3 e2e1 f5e4 c1b2 b8c6
381,B,material_adjudication,71,0.545041,1905,2026-09-02 08:04:57,e2e3 g7g6 d1g4 e7e6 b2b3 f8c5 a2a4 g6g5 a4a5 h7h5 g4h5 h8h5 g2g3 e8e7 f1g2 b8c6 g2c6 b7c6 a5a6 h5h3 c1b2 c5b4 g1h3 d8f8 f2f3 b4d6 c2c4 f7f5 f3f4 c8a6 h1g1 g5f4 e3f4 a6c4 b3c4 g8f6 b2f6 e7f6 d2d3 f6e7 c4c5 d6c5 h3g5 c5g1 g5h7 f8b8 b1d2 b8b7 a1b1 b7c8 b1a1 e7d6 a1b1 g1h2 e1e2 a8b8 b1a1 b8b7 d2c4 d6d5 c4e5 d7d6 a1b1 b7b8 b1b8 c8b8 e5c6 b8b7 c6e5 a7a6 d3d4
382,B,value_resign,68,0.505126,1910,2026-09-02 08:06:30,e2e3 g7g6 g1f3 g6g5 g2g4 f7f5 h1g1 h7h5 g4h5 c7c6 a2a3 d7d6 f1b5 d8d7 c2c4 d6d5 a3a4 e7e6 d1c2 h8h7 e3e4 g5g4 d2d4 h7f7 b1a3 e6e5 e4f5 f7h7 g1h1 c6b5 a4b5 g4f3 d4e5 f8a3 b2a3 d5c4 h2h4 h7e7 c1d2 g8f6 h1f1 f6h5 f5f6 e7e5 d2e3 a7a6 a3a4 d7e6 b5a6 b7a6 a1d1 c8b7 d1d2 e8f7 a4a5 b7d5 c2b2 b8c6 b2e5 c6e5 d2d4 e6d6 d4d5 d6d5 e3d4 a8d8 d4e5 d8c8
383,W,value_resign,45,0.509533,1915,2026-09-02 08:06:56,e2e3 a7a5 e1e2 a5a4 f2f4 d7d6 g1f3 b8a6 e3e4 a8a7 d2d4 d8d7 d4d5 a6b4 c1e3 a7a6 h1g1 d7b5 c2c4 b5c4 e2d2 c8f5 f1c4 f5g4 g1h1 b4d3 d1c1 d3c1 c4a6 e7e5 a6b7 g8e7 b1c3 c7c5 a1b1 e8d7 f4e5 c1d3 a2a3 g4f3 g2f3 f7f5 c3a4 g7g6 b2b3
384,B,value_resign,32,0.552869,1920,2026-09-02 08:07:37,e2e3 a7a5 b2b3 a5a4 e3e4 a4b3 c2b3 c7c5 f2f3 h7h5 e4e5 g7g5 b1c3 h8h6 a1b1 a8a2 c3a2 b7b6 g1e2 c8b7 b3b4 f8g7 e2d4 c5d4 d1c2 g5g4 c2c3 d4c3 f1c4 b7a8 b4b5 d7d5
385,B,material_adjudication,66,0.523348,1925,2026-09-02 08:07:51,e2e3 g7g6 a2a4 b7b6 c2c4 b8a6 d2d3 d7d6 b1d2 e7e5 f2f3 a6b8 e1e2 d8h4 g2g3 f8e7 f1g2 b8d7 b2b3 h4h6 d1c2 d6d5 e3e4 d7b8 c2b1 c7c6 c4c5 b6c5 a1a2 b8d7 e2f1 f7f5 c1a3 h6d2 a2d2 e7f6 e4d5 c6d5 b3b4 c5b4 a3b4 c8b7 d3d4 d7b6 b1b2 b7a6 f1f2 g8e7 h2h4 h8g8 b4c5 b6a4 b2c3 a4c3 d4e5 f6e5 h4h5 e7c6 d2d1 c3d1 f2e1 f5f4 g1h3 c6a5 h3f4 e5f4
386,B,value_resign,19,0.454828,1930,2026-09-02 08:09:11,e2e3 a7a5 b2b3 a5a4 c2c3 g8h6 f2f3 c7c5 h2h3 g7g6 e3e4 a4b3 a2b3 a8a1 d2d3 h8g8 b1a3 f8g7 e1d2
387,B,value_resign,82,0.622022,1935,2026-09-02 08:11:16,e2e3 g7g6 f2f3 b7b5 g1h3 d7d6 c2c3 b5b4 e1e2 h7h6 e3e4 e7e5 h3f4 d8h4 f4d3 g6g5 f3f4 c8g4 e2e3 c7c5 g2g3 g4d1 g3h4 b4c3 a2a3 c3b2 c1b2 a7a6 d3c1 d6d5 b1c3 d1c2 e4d5 b8c6 f4e5 g8f6 e5f6 a6a5 d5c6 a5a4 c3b5 c2f5 b5d6 e8d8 f1c4 g5g4 h1e1 f8d6 d2d3 h8g8 b2e5 f5d3 c4d3 d6e5 e1e2 e5a1 e2d2 a1f6 e3f2 d8c7 f2e1 g8d8 e1d1 c7c6 d2f2 c5c4 f2f6 c6b7 f6f7 b7c6 h4h5 c4d3 d1d2 c6b5 d2e3 g4g3 e3e4 g3h2 e4e5 d8c8 e5f6 c8c1
388,W,material_adjudication_moderate,109,0.558061,1940,2026-09-02 08:12:56,e2e3 a7a5 e3e4 c7c5 g1e2 c5c4 f2f3 h7h5 e2d4 g8f6 d4b5 f6g8 b1a3 g8h6 f1c4 b8c6 c4d3 h6g8 d1e2 a5a4 e4e5 c6e5 f3f4 e5d3 e2d3 h5h4 a1b1 a8a6 c2c4 f7f5 b2b4 e8f7 b1b2 a6f6 d3d5 e7e6 d5e5 d8b6 c4c5 b6a6 g2g3 h4h3 b5c7 a6c6 h1g1 b7b6 a3b5 c8b7 d2d4 a4a3 b5a3 d7d6 d4d5 c6c7 c5b6 c7b6 g3g4 d6e5 a3c4 b7d5 c4b6 e5f4 b6d5 e6d5 g4g5 f8b4 b2b4 f6a6 c1d2 a6a2 g1h1 g8f6 g5f6 g7f6 b4f4 f7g8 h1f1 a2b2 f4f5 b2a2 f1f4 g8h7 f5d5 h8d8 d5d8 a2a1 e1f2 a1a2 f4f5 a2d2 d8d2 h7g6 d2d4 g6f5 d4d8 f5g4 f2g1 f6f5 g1h1 f5f4 h1g1 f4f3 d8d7 g4f5 d7c7 f5g4 c7b7 g4f5 b7c7
389,B,value_resign,114,0.436890,1945,2026-09-02 08:13:38,a2a4 h7h5 b2b4 a7a5 g1h3 c7c5 b4c5 h8h6 e2e4 f7f5 h3g5 h5h4 c1a3 h4h3 d2d4 f5e4 g2g3 a8a6 d4d5 h6f6 f1a6 e7e5 g5f3 f6a6 d1c1 e4f3 c1e3 a6f6 a3b2 e5e4 e3e4 d8e7 e4e7 f8e7 b2f6 g7f6 h1f1 e7c5 b1d2 c5b4 a1b1 b7b6 b1a1 c8b7 a1b1 f6f5 b1b3 g8f6 b3f3 b4d2 e1d2 f6d5 f3f5 e8e7 c2c3 b8c6 f5d5 c6b4 c3b4 b7d5 f2f4 d7d6 b4a5 b6a5 f4f5 e7d8 d2d3 d8e8 f1g1 e8f8 g1c1 f8f7 f5f6 f7f6 c1c3 f6f5 c3c1 f5g5 c1c3 g5g4 c3c7 g4f3 c7c1 f3g2 g3g4 g2h2 g4g5 h2g3 g5g6 h3h2 g6g7 g3f2 c1h1 f2g2 h1h2 g2h2 g7g8q d5g8 d3e4 d6d5 e4e5 h2h1 e5f6 d5d4 f6g7 d4d3 g7g8 d3d2 g8h7 d2d1q h7h8 d1e1 h8h7 h1h2
390,W,value_resign,53,0.541954,1950,2026-09-02 08:13:52,e2e3 a7a5 b2b3 e7e6 e3e4 f7f6 f1c4 f8c5 g2g3 b7b5 f2f3 b5c4 b1a3 c7c6 e4e5 a5a4 e5f6 d8f6 g1e2 a4b3 a2b3 g7g5 a1a2 c5a3 b3c4 e8f7 c1a3 h7h6 a3b2 a8a2 b2f6 g8f6 e2c1 h6h5 c1a2 d7d5 d1e2 d5c4 e2c4 f6e4 f3e4 c8a6 c4b4 c6c5 b4c5 b8d7 c5d4 e6e5 d4c3 h5h4 e1f2 h4h3 f2f3
391,B,value_resign,74,0.618884,1955,2026-09-02 08:14:46,e2e3 a7a5 e1e2 g8h6 g2g4 h8g8 d2d4 g7g6 a2a3 d7d5 h2h4 f8g7 f2f4 c8g4 g1f3 e8f8 f1g2 g4f3 g2f3 b8a6 d1f1 d8c8 b2b3 a8b8 c1b2 c8d7 f1d1 b7b5 d1f1 h6f5 b1c3 f7f6 c3d5 f5g3 e2f2 g3h1 f3h1 a6c5 d4c5 c7c6 d5c3 h7h5 f2e2 g8h8 b3b4 a5b4 a3b4 f6f5 a1a7 d7a7 c3a2 g7b2 c2c4 a7a6 h1c6 b5c4 b4b5 a6a2 f1a1 a2b3 a1a2 b8b7 c6b7 g6g5 h4g5 b3c2 e2f1 h5h4 a2b2 c2b2 f1e1 h8g8 e1d1 g8g7
392,W,material_adjudication,96,0.513989,1960,2026-09-02 08:16:32,e2e3 a7a5 e1e2 a5a4 c2c3 g8f6 g2g3 f6g4 h2h4 h7h5 d1e1 d7d5 f2f3 h8h6 f3g4 c8g4 e2f2 c7c5 f1b5 b8c6 b5c4 c6d4 e3d4 d5c4 g1f3 c5d4 f3g1 a8c8 f2f1 d4c3 b2c3 d8c7 c1b2 c7d7 b2a3 e8d8 e1e5 b7b5 h1h2 h6d6 f1g2 c8a8 g1e2 g4e2 e5d6 d7d6 a3d6 a8a5 d2d4 d8e8 d6c7 a5a6 c7b8 g7g5 h4g5 f8g7 g5g6 f7g6 h2h4 e8f8 h4h1 h5h4 g3h4 g7h6 g2f2 g6g5 f2e2 g5h4 h1f1 h6f4 a2a3 a6a8 f1f4 f8g7 f4f3 a8b8 b1d2 b8b7 f3f1 g7h6 a1c1 h4h3 d4d5 h3h2 f1h1 b7b8 h1h2 h6g7 h2h1 e7e6 d5e6 b8b7 d2f3 b7b8 c1d1 b8b7
393,B,value_resign,38,0.512142,1965,2026-09-02 08:16:33,e2e3 a7a5 e3e4 b7b6 c2c3 a8a7 f1b5 c8b7 f2f3 c7c5 b5d7 e8d7 d2d4 h7h5 d4c5 d7c8 c5b6 d8d1 e1d1 h5h4 b6a7 b7e4 a7b8q c8b8 g2g3 e4b1 a1b1 h4g3 c1f4 b8a7 b2b4 g3g2 f4d6 g2h1q b4a5 f7f5 d1c2 e7d6
394,W,value_resign,47,0.556194,1970,2026-09-02 08:17:39,a2a3 e7e6 e2e4 g7g6 g2g4 g8h6 d2d3 f7f6 b1c3 c7c6 e1e2 a7a5 e4e5 f8g7 c1d2 c6c5 e5f6 d8f6 g4g5 f6e7 g5h6 g7h6 d2h6 a5a4 e2d2 h8f8 d2e1 b7b5 h6f8 c8a6 c3a4 e8f8 a4b6 f8g7 h2h4 e7f6 b6a8 b5b4 a3a4 g7h6 f1g2 h6g7 f2f4 f6e7 g1f3 d7d6 c2c3
395,W,value_resign,45,0.528189,1975,2026-09-02 08:17:53,a2a4 d7d6 c2c3 a7a5 g1h3 a8a7 c3c4 c8h3 f2f3 h3g2 f1g2 e7e6 g2h3 c7c6 e1g1 g8f6 d1c2 h7h6 f1e1 g7g6 c2c3 h6h5 d2d4 d8e7 e1f1 f8g7 c3e1 h8h6 h3g4 f6g4 c1h6 g7h6 f3g4 e7h4 e1h4 g6g5 h4h5 e8f8 h2h3 a7a6 b1d2 e6e5 h5h6 f8e8 a1a3
396,B,material_adjudication,66,0.579355,1980,2026-09-02 08:19:29,e2e3 a7a5 b2b3 a5a4 c2c3 g8h6 f2f3 a4b3 a2b3 h8g8 e3e4 g7g6 a1a8 g6g5 d2d4 f8g7 h2h3 d7d6 c1b2 b7b6 a8b8 f7f6 b8b7 c7c5 e4e5 c8b7 d4c5 f6e5 b2a3 e5e4 c3c4 b6c5 e1e2 e4f3 g2f3 h6f5 a3c1 f5g3 e2e1 d8c8 d1d5 b7d5 c4d5 g7d4 f1d3 g8g7 c1e3 e8d7 b1d2 g3h1 e1f1 c8f8 e3d4 c5d4 d3e2 e7e6 h3h4 d4d3 e2d3 g7f7 d3f5 h1g3 f1f2 e6f5 h4g5 f7g7
397,B,value_resign,36,0.575395,1985,2026-09-02 08:19:29,e2e3 g8h6 d1e2 b8c6 a2a4 a7a5 h2h3 h6g8 f2f3 a8a6 g2g4 c6b4 e1d1 b4d3 b2b3 e7e5 f1g2 d7d6 a1a2 h7h6 c1a3 c7c5 h3h4 f7f5 g2h3 c8e6 g4g5 e6d7 e2e1 h6g5 c2c4 d3e1 d1e1 g5g4 h3g4 f5g4
398,W,value_resign,61,0.605751,1990,2026-09-02 08:20:23,e2e3 a7a5 b2b3 e7e6 a2a4 c7c5 g2g4 e8e7 d2d4 h7h5 d4c5 f7f6 f2f4 d7d5 b1c3 g7g5 e1e2 f6f5 h2h4 d5d4 f4g5 h5g4 e3d4 g4g3 c1e3 f8g7 d4d5 e6d5 f1g2 d5d4 c3d5 e7f8 e3c1 h8h4 h1h4 a8a6 b3b4 b7b5 c5b6 a6b6 c2c3 b8c6 d5b6 a5b4 g1f3 d8e8 c1e3 b4c3 d1d3 d4e3 b6c8 c6b4 d3c4 e8c8 a4a5 c8a6 c4a6 g7f6 g2h1 b4a2 a1a2
399,B,material_adjudication_moderate,76,0.574548,1995,2026-09-02 08:21:31,a2a4 f7f6 b2b4 c7c5 f2f4 g7g5 b1c3 h7h6 e1f2 a7a5 b4c5 a8a6 c3b5 d7d5 c1b2 e7e5 g1h3 c8e6 d1e1 b8d7 f4e5 f8e7 g2g4 f6e5 f1g2 h6h5 g4h5 g5g4 h3f4 g8f6 f4e6 a6e6 g2d5 f6d5 c2c4 d5f6 f2g2 f6h5 c5c6 b7c6 d2d4 e8g8 c4c5 c6b5 a4b5 d8c8 a1a5 g8h8 b2c3 h8g8 a5a7 g8h8 a7d7 c8d7 d4e5 h8g8 c5c6 d7d8 b5b6 g8h8 b6b7 h8g8 b7b8q d8b8 c3d4 g8h8 e1g1 b8d8 c6c7 d8c8 h2h4 g4h3 h1h3 c8c7 e2e3 e7f6
400,B,value_resign,60,0.528017,2000,2026-09-02 08:22:50,e2e3 a7a5 e3e4 a5a4 d1g4 f7f6 e1d1 g8h6 g4e2 h8g8 b2b3 b8c6 b3b4 g8h8 d2d3 g7g5 g2g4 c6d4 b4b5 d4e2 c1a3 e7e6 h2h3 f6f5 a3f8 f5f4 e4e5 h6g8 c2c3 g8f6 e5f6 h8f8 g1e2 f8f6 b1d2 d8e7 f2f3 c7c6 b5c6 b7c6 f1g2 c8b7 h1f1 h7h6 a2a3 b7a6 a1a2 a6b7 h3h4 g5h4 g4g5 h6g5 c3c4 c6c5 g2h1 b7c6 a2a1 e8f7 a1b1 a8c8
401,W,material_adjudication_moderate,137,0.477315,2005,2026-09-02 08:24:47,e2e3 g7g6 f2f4 b8c6 e1e2 e7e5 a2a3 f8d6 a3a4 d6c5 a4a5 a7a6 f4e5 g8h6 b2b4 c5b4 c2c3 b4c5 h2h4 a8b8 d1a4 c5d4 e3d4 b7b5 a4b4 c6b4 c3b4 h6f5 c1b2 f7f6 g2g4 f6e5 g4f5 e5d4 b2d4 c8b7 h1h2 h8g8 e2d1 g8f8 f1e2 g6f5 e2f1 f5f4 g1f3 f8f7 f1g2 c7c5 d4c5 h7h6 h4h5 b8a8 c5d4 f7f8 f3g1 d7d5 g1h3 e8d7 h3f2 f8f5 g2f1 f4f3 f1d3 d7e6 d3f5 e6f5 d4b2 d8d6 h2h1 a8f8 d1c2 f8d8 c2d1 d8a8 d1c2 a8d8 c2d1 d8a8 d1c2 a8d8 a1a3 f5f4 b2d4 f4g3 a3b3 d6d7 h1f1 d8c8 c2d1 c8b8 b3c3 b8d8 d1c2 g3g2 f1d1 d8c8 c3c8 d7c8 c2d3 c8d8 d3c2 d8d6 d1e1 d6d7 c2b2 b7c8 b2c2 c8b7 e1d1 d7d6 d4e3 d6e7 c2c3 e7d7 c3d4 b7c8 f2d3 g2h3 e3h6 f3f2 h6e3 f2f1q d1f1 h3g4 h5h6 c8b7 f1d1 g4f3 b1a3 d7d8 a3b1 f3g2 b1a3 d8f6 d4c5 d5d4 e3g1
402,W,value_resign,115,0.516009,2010,2026-09-02 08:25:13,e2e3 a7a5 e3e4 a5a4 d2d3 e7e5 b2b3 a4b3 c2b3 b8c6 f2f3 f7f6 b1d2 f8c5 h2h4 c6d4 h4h5 d4c6 d1e2 g7g5 b3b4 g8h6 e1d1 h6g8 h5h6 c6b4 c1a3 b4d3 a1b1 d7d5 a3c5 c7c6 e2d3 e8d7 a2a4 a8a4 b1c1 a4d4 c5d4 e5d4 g2g3 d5e4 d3e2 e4f3 g1f3 d7d6 h1h2 c8f5 c1a1 d8c7 a1a4 g8h6 h2h1 b7b5 a4a3 b5b4 a3b3 d4d3 e2e1 h6g4 f1d3 f5d3 h1h5 c6c5 b3d3 d6c6 e1e2 c5c4 d3d4 b4b3 e2e1 h8d8 d2c4 b3b2 e1e4 c6c5 c4d2 g4e5 f3h4 d8d4 e4c2 c5d5 c2c7 g5h4 g3h4 b2b1q d1e2 b1a2 c7c3 d4c4 c3c4 a2c4 d2c4 d5c4 e2f1 c4b3 h5h6 b3a2 h4h5 e5f7 h6h7 f7g5 h7d7 g5e6 d7a7 a2b1 h5h6 e6c5 h6h7 b1b2 h7h8q c5b3 f1e2 b2c3 e2e3
403,W,value_resign,47,0.538802,2015,2026-09-02 08:25:26,e2e3 c7c6 g1e2 f7f6 e3e4 e7e6 d2d4 g8h6 e1d2 a7a5 f2f4 g7g6 b2b3 f8b4 c2c3 b4c3 b1c3 d7d5 a2a3 h6g8 e2g3 d8c7 f4f5 c7f4 d2c2 d5e4 a3a4 c6c5 c1f4 b8d7 d4c5 g6g5 f4g5 f6g5 f1c4 g8e7 f5e6 d7c5 d1d2 c8e6 c3e4 c5e4 g3e4 h8f8 b3b4 a5b4 c2d3
404,W,value_resign,26,0.453978,2020,2026-09-02 08:26:17,e2e3 a7a5 g2g3 d7d6 a2a4 a8a6 f2f4 b7b6 c2c4 c8f5 h2h3 g8f6 d1f3 f5c2 f4f5 h7h6 f1g2 b6b5 c4b5 e7e6 b5a6 f6e4 g1e2 h8g8 a6a7 f8e7
405,W,value_resign,45,0.566213,2025,2026-09-02 08:26:43,e2e3 g7g6 f2f3 d7d5 g1e2 a7a5 b1a3 c7c6 b2b3 d5d4 e3d4 g8h6 d4d5 c8d7 g2g3 h6f5 d2d4 f5d4 h1g1 d4f3 e1f2 b8a6 f2f3 a6b4 c1f4 b4d5 c2c3 b7b6 b3b4 f7f5 a3c2 e7e5 f4e5 d5c3 e5c3 a5b4 c3h8 d7e6 f1g2 d8d1 a1d1 e8f7 d1d2 h7h5 e2d4
406,W,material_adjudication,100,0.482857,2030,2026-09-02 08:27:09,g1f3 d7d6 b2b4 f7f6 f3e5 d6d5 f2f4 f6e5 a2a4 g7g6 e1f2 a7a6 b1a3 d5d4 a3c4 e7e6 h2h3 g8h6 e2e4 f8g7 c2c3 d8d7 c3d4 b7b5 c4e3 h8f8 d1c2 e5f4 g2g4 g7e5 d4e5 f4e3 f2e3 b5a4 c1b2 a6a5 b4a5 b8c6 a1a4 c6a5 a4a5 a8a5 g4g5 c8a6 f1a6 c7c5 g5h6 a5a6 c2b3 a6c6 h1f1 e8e7 f1f8 e7f8 b3c3 f8e7 e3f4 c6c8 c3c4 c8f8 f4e3 f8d8 d2d3 d8f8 c4c5 e7e8 c5c4 g6g5 e3d2 e8e7 d2e1 f8d8 e1f1 d7b7 c4c1 b7d7 c1g5 e7f8 g5d2 d7e7 d3d4 d8d7 h3h4 f8e8 d4d5 e6d5 e4d5 d7d5 d2d5 e7e6 d5e4 e8e7 b2d4 e6d5 e4d5 e7f8 f1g1 f8e7 d4e3 e7f8
407,W,value_resign,51,0.560317,2035,2026-09-02 08:27:59,e2e3 g7g6 f2f3 g8h6 e3e4 f8g7 b1c3 c7c6 g1e2 f7f6 c3d5 c6d5 g2g4 d8b6 d2d3 g6g5 f3f4 e8f7 e4d5 b6c5 e1d2 g5f4 e2f4 c5b4 c2c3 h8g8 c3b4 b8c6 h2h4 b7b6 d5c6 a7a5 f4h3 a5b4 d3d4 d7d6 f1g2 h6g4 a1b1 g4e3 d2e3 c8b7 b2b3 a8a5 a2a4 a5g5 h3g5 f6g5 g2e4 f7f6 b1b2
408,B,value_resign,40,0.539740,2040,2026-09-02 08:28:25,b2b4 a7a5 b1a3 a5b4 a1b1 d7d6 b1b4 c7c6 f2f4 d8b6 d2d3 b6d8 e2e4 a8a3 e1d2 c8g4 b4b6 a3a2 g1e2 g8f6 e2g1 g4f5 e4f5 d8b6 c1a3 f6d7 f5f6 e7e6 d2c3 c6c5 f4f5 h8g8 d3d4 g7f6 d4c5 b6c7 c3c4 d6d5 c4b5 f8h6
409,W,value_resign,67,0.531657,2045,2026-09-02 08:28:50,e2e3 g7g6 b1a3 e7e5 f2f3 f8a3 a1b1 e8e7 d1e2 c7c5 b2a3 b8a6 g2g4 a8b8 d2d4 e7f8 b1b7 c8b7 a3a4 d8f6 d4e5 f6g7 e2a6 b7e4 f1e2 e4f3 e2f3 g7e5 a6a7 b8b7 a7b7 e5d6 g1e2 h7h6 c2c3 g6g5 h1f1 d6e5 c3c4 e5f6 c1a3 g8e7 h2h4 d7d5 a4a5 g5h4 b7b1 f8e8 b1b2 d5d4 b2c1 d4d3 c1b2 h8f8 b2c3 f6c3 e2c3 f7f6 e1d1 e8d7 d1e1 f8f7 c3d5 d7d8 a3b2 d8d7 e3e4
410,W,value_resign,50,0.490083,2050,2026-09-02 08:29:03,f2f3 b8a6 b2b4 e7e5 g1h3 d7d6 c2c4 c8g4 b4b5 c7c6 b5c6 a6b8 h3f4 b7c6 c1a3 h7h6 f4h3 g4h3 a3c1 h6h5 e1f2 f7f5 g2h3 a7a5 h3h4 e8e7 f2g1 c6c5 d1e1 b8c6 a2a3 e5e4 f1g2 a5a4 f3e4 g7g6 c1b2 f8g7 b2g7 e7e8 e1f2 g8f6 g7h8 f6e4 f2f1 d8c7 g2e4 e8e7 b1c3 c6e5
411,B,value_resign,52,0.549476,2055,2026-09-02 08:29:17,e2e3 a7a5 b1c3 c7c5 c3b5 h7h5 b5c7 d8c7 b2b3 h5h4 f2f3 d7d5 e3e4 e7e6 d2d4 a8a6 f1e2 d5e4 c2c3 a5a4 e2a6 c5d4 a6f1 h4h3 c1d2 e4e3 d2e3 g7g5 e3g5 f8d6 c3d4 b8a6 a2a3 f7f6 e1d2 a4b3 g1h3 h8h5 g5f6 g8f6 f1c4 c7c4 g2g3 b7b5 d1c2 e8e7 c2b3 c4b3 a1b1 b3c4 b1b2 e7d8
412,B,value_resign,74,0.561458,2060,2026-09-02 08:30:05,a2a4 e7e6 g1h3 f8b4 a4a5 d7d6 g2g3 h7h5 c2c4 f7f5 b2b3 g8h6 a5a6 b8a6 a1a6 e8e7 f2f3 b7a6 c1b2 h8e8 h3f2 c7c5 f2d3 g7g6 d3b4 c5b4 g3g4 h5g4 b2d4 e7f8 f1g2 e6e5 d4g1 g4f3 g2f3 h6g4 f3a8 d8h4 e1f1 e5e4 a8e4 f5e4 h2h3 g4f6 g1a7 c8b7 a7e3 f6h5 h1h2 h4g3 h2g2 g3e5 g2g4 f8g7 h3h4 a6a5 f1g2 a5a4 b3a4 g6g5 e3d4 e5d4 e2e3 d4c4 b1a3 b4a3 d2d4 c4d3 d1d3 e4d3 g2g1 g7f8 h4g5 b7d5
413,B,value_resign,54,0.551281,2065,2026-09-02 08:31:18,h2h4 d7d6 e2e3 e7e5 f2f4 c8g4 f1e2 e5e4 h4h5 a7a5 e1f2 b7b6 f2f1 a8a7 b1c3 d8c8 c3d5 g4h5 g2g4 b8a6 h1h5 g8f6 a2a4 f6h5 g4h5 h7h6 f4f5 e8d8 c2c3 c8f5 g1f3 f5d5 c3c4 d5c5 d2d4 e4d3 f3d2 d3e2 f1e2 a6b4 d2b3 c5c4 e2f2 h8g8 d1e2 c4b3 a1a3 b3c2 e2c2 b4c2 b2b4 a5b4 c1b2 b4a3
414,B,value_resign,94,0.494115,2070,2026-09-02 08:33:38,e2e3 a7a5 e1e2 g8h6 h2h4 a5a4 g2g4 c7c5 f2f4 d7d6 f4f5 b8a6 d2d3 h6g4 f5f6 e8d7 f6g7 f8g7 d1d2 f7f5 b1a3 e7e5 c2c3 c5c4 f1h3 a6c5 d3d4 e5d4 e3d4 d8e8 d2e3 g4e3 g1f3 a8b8 d4c5 g7f6 c1e3 d6d5 a1d1 e8e7 d1d5 d7c6 h1d1 c8e6 d5d2 h8c8 d2d6 e7d6 c5d6 f5f4 e3f4 e6h3 a3c4 h3f5 f4e3 c8f8 c4b6 f5d7 b6d7 c6d7 d1d3 b7b5 h4h5 h7h6 d3d5 b8b7 e2f2 d7e8 e3c5 a4a3 c5a3 e8f7 c3c4 b5c4 d5d1 f7e8 a3c5 b7b2 d1d2 b2b7 d2d1 e8d8 d1h1 c4c3 h1h3 d8e8 a2a3 c3c2 f3e1 c2c1q f2f3 f6e5 f3g4 b7b5
415,B,value_resign,56,0.588330,2075,2026-09-02 08:33:38,e2e3 a7a5 e3e4 b8c6 g2g4 g8h6 a2a4 g7g6 f2f3 b7b5 a4b5 c6e5 a1a5 a8a5 d2d4 d7d5 h2h4 e5f3 g1f3 h6g4 b5b6 h7h6 f1e2 g4f6 b1d2 d5e4 f3e5 c7c5 e1f1 c8b7 c2c4 d8d4 d2b3 d4d1 e2d1 a5a8 d1e2 a8d8 c1e3 f6d7 e5d7 e8d7 b3d2 h8g8 e3f4 d8c8 f4e5 f7f6 e5c3 e4e3 e2d1 e3d2 f1e2 f6f5 h1f1 e7e6
416,B,value_resign,32,0.660198,2080,2026-09-02 08:33:51,a2a4 d7d6 a4a5 e7e5 f2f3 c7c6 d2d3 e8e7 c2c4 d6d5 c4d5 c6d5 e2e4 d5d4 b1d2 f7f6 a1a3 g8h6 f1e2 h6f7 e1f1 h8g8 g2g4 d8c7 d1c2 c7c6 f3f4 c6c2 a3a4 h7h6 f4f5 b8a6
417,W,value_resign,32,0.521895,2085,2026-09-02 08:35:30,e2e3 a7a5 b1c3 c7c5 a2a4 g8h6 e3e4 g7g6 f2f3 g6g5 g1e2 b8c6 h2h3 f8g7 g2g3 c6d4 h1g1 f7f6 c3d5 d4c6 a1a2 c6d4 f3f4 d8c7 c2c3 h8f8 d5c7 e8d8 f4g5 f6f5 c7e6 d8e8
418,W,value_resign,51,0.579733,2090,2026-09-02 08:35:56,e2e3 c7c6 b1a3 f7f6 h2h3 g8h6 b2b4 d8c7 f2f3 g7g6 b4b5 f8g7 g1e2 e7e5 h1g1 e8f7 g1h1 c6b5 a3b5 h8d8 b5c7 a7a6 c7b5 a6b5 c1b2 d8e8 c2c3 e8g8 e3e4 a8a6 e1f2 d7d5 c3c4 d5c4 b2c3 b8d7 a2a4 b5a4 d1c2 a6e6 d2d4 e5d4 e2d4 g8e8 g2g3 g6g5 d4e6 e8e7 a1d1 e7e6 h1g1
419,W,value_resign,23,0.602064,2095,2026-09-02 08:36:09,e2e3 a7a5 e3e4 a8a6 f1a6 g7g6 g2g3 g8h6 h2h3 d7d5 b2b3 b8c6 b1a3 c6d4 g1f3 d8d7 h1f1 a5a4 f3d4 h6g8 e4e5 b7b6 a3b5
420,B,value_resign,52,0.543023,2100,2026-09-02 08:36:22,a2a4 d7d6 g1h3 a7a6 h3g5 c8e6 c2c4 c7c6 h2h4 f7f6 h1h2 e6d7 g5e6 a6a5 e6d8 a8a7 h2h3 g8h6 h3f3 d6d5 d8f7 h6f7 f3c3 d5c4 b2b4 c6c5 c3c4 d7b5 a4b5 a5b4 b1c3 a7a1 e2e3 b4c3 d1e2 e7e6 g2g4 b8d7 d2c3 g7g6 e2d2 f8e7 e1e2 f7d6 c1b2 d6c4 b2a1 c4d2 e2d2 h8f8 d2e2 c5c4
421,B,value_resign,12,0.551836,2105,2026-09-02 08:36:23,b1a3 c7c6 a1b1 a7a5 b2b4 d7d6 g2g3 a5a4 h2h4 e7e6 e2e3 g7g5
422,B,value_resign,32,0.546407,2110,2026-09-02 08:36:48,a2a3 g8f6 a3a4 a7a6 a4a5 d7d5 a1a3 d5d4 c2c4 g7g6 g2g3 f6g4 f2f3 g4e3 h2h3 e3d1 f1g2 d8d6 e1d1 h8g8 c4c5 d6d7 h1h2 f8g7 b2b3 h7h6 b1c3 d4c3 e2e4 b8c6 c1b2 e7e6
423,B,value_resign,50,0.590571,2115,2026-09-02 08:38:56,c2c3 h7h6 c3c4 b8a6 h2h3 c7c5 f2f3 a6b4 e1f2 a8b8 d2d4 f7f5 d1e1 c5d4 a2a3 b7b5 a3b4 d4d3 e2d3 e8f7 a1a7 h6h5 b1d2 f7f6 f2e3 d7d5 e3e2 d5c4 g2g4 g7g5 d3c4 b5c4 d2c4 h5g4 h3g4 h8h1 f1g2 b8b4 e1b4 h1g1 b2b3 g1g2 e2f1 g2c2 b4d2 c2d2 c1d2 c8e6 f1e2 f8g7
424,W,value_resign,71,0.614739,2120,2026-09-02 08:39:49,e2e3 e7e6 b2b3 a7a5 a2a4 c7c5 d2d4 g8f6 d4c5 f8c5 g2g4 d8e7 b1c3 e8f8 d1d3 f6g4 f1e2 c5d4 e3d4 g4f2 d3e3 f8e8 e3e4 f2e4 c3d5 e7h4 e1f1 f7f5 c1d2 e4c3 g1f3 h4h3 f1e1 e6d5 d2c3 h3g2 h1g1 g2g1 e1d2 b8c6 f3g1 b7b6 d2d1 c8b7 h2h4 g7g5 h4h5 e8d8 a1b1 f5f4 c3d2 c6d4 b3b4 a5b4 e2d3 b7c6 c2c3 b4c3 d2c3 b6b5 c3d4 h8f8 a4b5 c6b5 b1b5 a8a5 b5a5 d8e8 a5a1 f8f7 h5h6
425,B,value_resign,92,0.550677,2125,2026-09-02 08:42:45,e2e3 a7a5 g1f3 g8h6 f1e2 g7g5 a2a4 a8a6 g2g3 f7f6 h2h3 g5g4 a1a3 g4f3 e2f3 f8g7 f3e2 h8f8 f2f3 c7c5 b1c3 c5c4 c3d5 e7e5 e3e4 e8f7 h1f1 a6e6 f3f4 c4c3 a3c3 d8e8 d2d4 e5d4 d1d4 f6f5 e4e5 b7b6 d5c7 g7e5 f4e5 b8c6 c7e6 c6d4 e6f8 e8f8 c1h6 f8h6 c3c8 d4e2 e1e2 h6h3 c8c3 h3g4 e2d2 f7e7 f1g1 g4a4 g1d1 a4g4 c3d3 g4c4 c2c3 c4c6 d2e2 c6b7 d3d2 a5a4 d2d4 a4a3 e5e6 a3b2 d1d2 b6b5 d2d3 e7e6 e2f2 d7d5 c3c4 b5c4 d4c4 d5c4 d3d2 h7h5 d2b2 b7d7 b2b7 d7b7 f2f1 e6f7 f1e1 f7e8
426,B,material_adjudication,77,0.535788,2130,2026-09-02 08:44:39,a2a4 a7a5 c2c4 b7b5 h2h3 f7f5 h1h2 h7h6 a1a3 b5a4 a3a1 c7c5 f2f3 d7d5 h3h4 d5c4 f3f4 a8a6 g1h3 c8b7 b1c3 d8d6 d2d3 c4d3 e2e4 b7e4 g2g4 f5g4 f1d3 e4d3 c1d2 h6h5 c3b5 e7e5 b5d6 f8d6 f4e5 d3e4 h3f4 d6e5 f4h5 e5h2 d1a4 e4c6 a4c2 a6a8 h5g3 h2g3 e1f1 g8h6 h4h5 c5c4 a1a2 a5a4 d2c1 e8f8 c1e3 b8d7 b2b3 f8e7 a2a4 d7e5 a4a8 h8a8 e3d4 c4b3 c2b3 a8a5 b3b6 a5d5 b6c6 e5c6 d4a1 c6a5 a1b2 e7d7 b2a1
427,B,value_resign,38,0.580544,2135,2026-09-02 08:44:54,g2g4 c7c5 e2e3 a7a5 h2h3 d8c7 e1e2 h7h5 d2d4 f7f5 d4c5 c7c5 c2c3 c5b5 e2e1 b5c5 g4f5 e8f7 g1e2 h5h4 b2b4 a5b4 c3b4 c5c6 e3e4 c6e4 f2f3 e4f3 b1a3 g8h6 d1d5 f3d5 e2c3 d5h1 b4b5 g7g5 c1b2 f8g7
428,B,value_resign,52,0.628537,2140,2026-09-02 08:45:08,e2e3 a7a5 e1e2 a5a4 c2c3 c7c6 g2g4 g8h6 h2h4 h6g4 f2f3 d7d6 d2d3 g4f2 d1c2 f2h3 f1h3 a4a3 e3e4 f7f6 h3f1 d8c7 e4e5 b7b5 e5d6 c7b7 f3f4 a3b2 h1h2 b2a1q c1b2 e7e5 b2a1 e5f4 h4h5 b5b4 c3b4 b8a6 b4b5 c8f5 b5a6 b7a6 e2d2 c6c5 d3d4 f5c2 d2c2 a6b7 d4c5 b7c6 g1f3 a8d8
429,W,value_resign,19,0.536655,2145,2026-09-02 08:49:45,b1a3 d7d5 g2g4 e7e6 d2d4 h7h6 c1e3 d8g5 e3g5 f7f6 e1d2 b7b5 b2b4 f6g5 e2e3 f8c5 g1h3 e6e5 f1g2
430,B,value_resign,64,0.508771,2150,2026-09-02 08:50:47,a2a3 c7c5 a3a4 h7h5 a4a5 g8h6 f2f3 h8g8 b2b3 h6g4 d2d3 f7f5 c2c4 g4e3 c1e3 g7g6 e1f2 e8f7 g2g4 d7d5 e3d2 f8g7 b1a3 d5c4 d2e1 g7c3 a3b5 h5g4 e1c3 c4b3 f1g2 g4g3 f2g3 c5c4 d3c4 d8d1 a1d1 c8e6 c3d4 b3b2 h2h4 b2b1q d1b1 a7a6 c4c5 a6b5 b1c1 g8d8 c1c3 d8d4 f3f4 b5b4 c3b3 e6b3 g1f3 d4e4 g2h3 b3e6 h3f5 g6f5 h1g1 b4b3 g1h1 f7g7
431,W,material_adjudication,98,0.633236,2155,2026-09-02 08:51:04,a2a4 h7h6 a4a5 c7c5 e2e4 h6h5 f2f3 g7g5 e1e2 c5c4 e4e5 f7f5 e5f6 d8c7 g1h3 c7e5 e2f2 g8f6 f1c4 e8d8 b2b3 d8c7 c2c3 f8g7 d2d4 e5a5 c4b5 a5b5 c3c4 b5a6 a1a6 b7a6 h3g5 f6e8 g2g4 b8c6 d1e2 h5g4 g5f7 h8f8 f3g4 f8f7 e2f3 f7f3 f2f3 g7d4 b1d2 a6a5 b3b4 c6b4 c1b2 d7d5 f3e2 d4e3 e2e3 c8d7 e3e2 a5a4 b2c3 d7g4 e2e1 a7a5 c3b4 a5b4 c4d5 b4b3 h1g1 g4h5 g1g5 h5g4 g5g4 e8d6 e1d1 b3b2 g4g6 a8a6 h2h4 c7d8 h4h5 d8c7 h5h6 c7d8 h6h7 d6f7 g6a6 b2b1q d2b1 f7g5 d1c1 d8c7 b1c3 c7b7 h7h8q a4a3 c1b1 e7e6 d5e6 b7a6
432,W,checkmate,51,0.486039,2160,2026-09-02 08:52:03,a2a3 b8c6 d2d3 a8b8 c1e3 g8h6 c2c3 b7b6 e3b6 a7b6 d3d4 c6a7 c3c4 h6g4 d4d5 g7g6 h2h4 h7h5 e2e3 c8b7 a3a4 g4e3 f2e3 h8g8 g1h3 f8g7 b1d2 b7d5 d1c1 g8f8 c4d5 g7e5 d2f3 g6g5 h4g5 d8c8 f3e5 f7f6 g2g4 f6e5 f1g2 h5g4 h3f4 e8d8 e1g1 e5f4 e3e4 f4f3 a1b1 f3g2 f1f8
433,W,value_resign,38,0.594562,2165,2026-09-02 08:52:03,c2c4 f7f5 a2a4 e7e5 a4a5 e8e7 e2e4 h7h6 e4f5 e5e4 d2d3 d7d5 e1e2 d5d4 c1f4 c8f5 b1a3 c7c6 f4b8 e4e3 g2g4 f5g4 f2f3 a8b8 b2b3 d8b6 a5b6 e7e8 a1b1 h6h5 b1a1 g8e7 f1g2 e7f5 d1e1 c6c5 a1b1 a7a6
434,W,value_resign,31,0.678131,2170,2026-09-02 08:52:18,e2e3 a7a5 d2d3 g7g6 f2f4 a8a6 c2c3 c7c6 e1e2 g8f6 e3e4 a6b6 e4e5 h7h6 e5f6 e7e5 g1f3 d8f6 h2h3 e5f4 d1e1 f6d8 c1f4 d8c7 g2g4 d7d5 f4c7 h8g8 e2f2 e8d7 e1e2
435,B,value_resign,106,0.594150,2175,2026-09-02 08:53:16,e2e3 a7a5 a2a4 g8h6 f1a6 g7g5 h2h3 h8g8 g2g4 b8a6 c2c4 d7d5 a1a2 c8d7 a2a1 a8c8 d2d4 a6b8 c1d2 f7f6 h1h2 e8f7 f2f3 f7g7 h2h1 c7c6 h1h2 d5c4 a1a3 h6f7 b2b3 c4b3 d1b3 h7h6 b3b2 b7b6 f3f4 g5f4 e3f4 h6h5 g4h5 f7d6 f4f5 b8a6 a3b3 d6f5 d2c1 a6b4 e1d2 d8c7 b3e3 f5e3 g1f3 d7e8 h3h4 g7f7 b2a1 c8d8 d2e3 g8h8 c1b2 c6c5 e3f2 c7c6 d4d5 d8d5 f3d4 c6a4 a1a4 c5d4 a4d1 b4c6 d1f3 d5d7 b1d2 e7e5 d2f1 c6b4 f3e2 d7d5 f2f3 a5a4 b2a3 b4c2 e2c2 f8a3 c2c6 a3f8 c6d5 f7g7 h2b2 a4a3 b2b6 f8e7 f3f2 a3a2 b6f6 a2a1q f6f3 a1a4 d5c4 a4c4 f2g3 c4c3 g3g4 c3c2
436,W,value_resign,73,0.585853,2180,2026-09-02 08:53:17,e2e3 a7a5 b2b3 a5a4 f2f3 e7e6 e3e4 c7c5 b1a3 b7b5 e1e2 h7h5 g2g3 d8c7 f1g2 g7g5 d1e1 f8g7 c1b2 d7d5 b2g7 b8a6 c2c3 f7f5 e2d1 c7g7 h2h3 a8b8 e1e2 a4b3 a2b3 g5g4 f3g4 h5g4 e4d5 g4h3 g2h3 b5b4 a3b5 b8b5 d5e6 b4c3 d2c3 b5b3 g1f3 e8e7 h3f5 h8h1 d1c2 g7f6 a1h1 c5c4 e2d2 c8e6 f5e6 f6e6 f3d4 e6f6 d4b3 c4b3 c2b3 f6e6 b3c2 a6c7 c3c4 c7e8 c4c5 e6e3 d2e3 e7f6 h1b1 f6g7 b1a1
437,W,material_adjudication_moderate,126,0.640442,2185,2026-09-02 08:55:08,a2a4 d7d6 g2g3 c7c5 d2d4 a7a6 c2c4 c8g4 f2f3 g4f3 e2f3 c5d4 c1h6 d6d5 c4d5 g8h6 d1d4 h6g8 f1d3 d8d6 b1d2 e7e5 d4c3 b8d7 h2h3 d6e6 a1b1 g7g6 c3c2 e6d5 c2c7 f8d6 c7c3 d7b6 d3e4 f7f5 e4d5 b6d5 c3c4 e5e4 c4e2 g8f6 a4a5 f5f4 f3e4 d5e3 e4e5 d6e5 d2c4 e3c4 g3f4 f6d7 f4e5 h8f8 e5e6 d7c5 g1f3 c5e6 e2d3 a8c8 f3d2 e6f4 d3c4 c8c4 d2c4 e8d7 h1h2 d7e6 b1c1 f8e8 c1a1 e6f6 e1f2 f6e7 c4e5 e7d6 e5d3 f4d3 f2f1 d3b4 a1c1 e8e5 h2g2 e5a5 g2f2 a5a2 f2f3 a2b2 c1a1 b4c6 a1d1 d6e7 d1d2 b2d2 f1e1 c6a7 e1d2 e7d8 d2e1 d8e8 e1f1 h7h5 f3f4 h5h4 f4h4 e8f7 h4b4 f7e7 b4b7 e7d6 b7a7 d6e5 f1e1 e5e6 e1f1 e6e5 f1g1 a6a5 g1f1 a5a4 f1g1 a4a3 a7a3 e5d4 a3a5 d4e3
438,B,value_resign,80,0.549503,2190,2026-09-02 08:55:36,e2e3 a7a5 b2b3 a5a4 e3e4 a8a6 d2d3 f7f6 g1e2 c7c5 e1d2 e7e5 c2c3 a4b3 f2f3 f8e7 c3c4 a6c6 a2b3 g7g6 f3f4 c6b6 f4e5 f6e5 g2g3 b8c6 a1a3 e7f6 b1c3 c6b4 c3d5 b4d5 e4d5 d8e7 a3a7 g6g5 d5d6 e7d6 d1c2 g8e7 h1g1 e8g8 c1a3 e7c6 f1g2 c6a7 g1d1 d6c6 g2c6 b6c6 c2b2 d7d6 d1f1 c8e6 f1f6 f8f6 e2c3 f6f8 d2c1 c6a6 c1b1 e6g4 b1a2 a7c6 c3e4 g8h8 e4g5 g4f5 h2h4 h8g8 b2c1 c6e7 g5e6 f5e6 c1b2 e6g4 b2c1 g8h8 c1b2 h8g8
439,W,material_adjudication,88,0.586595,2195,2026-09-02 08:56:03,b1a3 d7d6 b2b4 c7c6 d2d3 a7a5 b4b5 a5a4 f2f3 c8d7 e1d2 h7h5 d1e1 d7f5 h2h3 f5d7 c2c3 d7h3 g2g3 h5h4 b5b6 d8b6 g3g4 e8d8 e2e4 h3f1 e1f1 b6c7 a3c2 h4h3 f1d1 a4a3 h1h3 h8h3 g1h3 e7e6 h3f4 g8f6 d3d4 d8c8 c1a3 a8a3 d1e2 g7g5 c2a3 g5f4 a3b5 c6b5 a2a4 b5a4 g4g5 f6e4 e2e4 a4a3 e4b1 c7e7 a1a3 b8c6 b1b2 e7g5 c3c4 b7b6 d4d5 c6b4 b2b4 c8b7 b4b2 g5f6 b2f6 f8g7 d5e6 g7f6 e6f7 b6b5 c4b5 b7b6 a3a4 d6d5 d2d1 b6b5 a4f4 b5a6 f7f8q f6e7 f8c8 a6b5 d1c1 e7f6
440,B,value_resign,18,0.672408,2200,2026-09-02 08:56:30,e2e4 b8c6 b1a3 g8h6 f1d3 a7a5 d1f3 f7f5 e4e5 g7g5 a3c4 g5g4 a2a3 g4f3 d3f5 c6b8 e1f1 f8g7
441,W,material_adjudication_moderate,137,0.557860,2205,2026-09-02 08:57:12,e2e3 b8c6 a2a4 a7a5 g2g3 c6b4 d2d4 d7d6 g3g4 b4a6 e1d2 f7f6 a1a3 b7b6 d1e1 a8b8 c2c4 b8a8 h2h3 e7e5 f2f3 e8e7 e1d1 c8b7 g1e2 g7g6 a3a1 d8d7 d4d5 f8g7 b1c3 e5e4 f3e4 h7h5 g4h5 g6h5 h1g1 e7f8 a1b1 c7c6 d5c6 b7c6 c3d5 a6c5 d5f4 d7e7 g1h1 d6d5 f4d5 c6d5 e4d5 c5e4 d2d3 e4f2 d3d2 f2d1 d2d1 a8d8 c1d2 h5h4 e2f4 b6b5 f4g6 f8e8 g6e7 b5c4 f1e2 e8e7 h1f1 e7f8 e3e4 h8h5 e2h5 d8d7 f1f6 g8f6 h5f3 f6e4 f3e4 d7e7 b1c1 e7e4 d2g5 g7b2 c1b1 b2d4 d1d2 f8g8 b1d1 e4e5 d2c2 e5g5 d1d4 g8h8 d4h4 h8g7 c2c3 g5d5 c3c4 d5d2 c4b5 d2a2 b5a5 a2d2 a5b6 d2a2 h4g4 g7f6 h3h4 f6f5 g4g5 f5f4 b6c7 a2a4 g5c5 a4a2 h4h5 f4e3 h5h6 e3d4 h6h7 d4c5 h7h8q c5b4 h8h7 b4c4 c7d8 c4d5 h7h6 d5c5 h6g5 c5d6 g5h6 d6c5 h6g5 c5d6 g5h6
442,W,material_adjudication_moderate,94,0.564473,2210,2026-09-02 08:58:18,a2a3 e7e6 e2e4 g7g6 d2d3 c7c6 b2b3 d7d6 g2g3 d8e7 d1f3 a7a6 f3g2 f7f5 c1b2 a6a5 e4f5 a5a4 b2h8 b7b6 h8d4 c6c5 d4b2 c8b7 g2b7 e7b7 b1c3 a4b3 c3b5 h7h6 c2b3 e8d7 f5g6 f8e7 d3d4 b7h1 h2h4 d6d5 a1c1 c5d4 b5d4 h1e4 g1e2 b8a6 f1g2 e4g2 e2f4 d7d6 f4g2 a8f8 d4e6 d6e6 g6g7 f8f3 e1e2 f3b3 g2f4 e6f7 b2e5 b3a3 f4d5 e7f8 g7f8q f7f8 d5c3 a3c3 c1c3 a6b4 e5d4 b4d5 c3f3 g8f6 g3g4 f8e8 d4f6 d5f6 g4g5 h6g5 h4g5 f6h5 e2f1 b6b5 f1g2 e8d7 g2h1 b5b4 h1g1 b4b3 f3b3 d7c6 b3c3 c6b5 c3c1 b5b4
443,W,material_adjudication_moderate,114,0.649698,2215,2026-09-02 09:00:05,g1h3 c7c5 d2d4 c5d4 g2g3 d7d6 h3g5 f7f6 g5e4 a7a5 d1d2 a5a4 f2f3 e8f7 e1d1 f6f5 e4f2 d8c7 h2h4 g8f6 d2d4 a8a6 c2c3 g7g6 d1c2 f8g7 g3g4 a6c6 g4g5 d6d5 g5f6 e7f6 f1h3 c6c5 c1d2 c8e6 d4f4 e6c8 f4c7 c5c7 h1f1 h8g8 d2f4 c7e7 f2d3 e7e2 b1d2 b8d7 h3f5 g6f5 b2b4 h7h5 f4g3 d7b6 d3c1 e2g2 f1d1 f5f4 g3f4 g8d8 f4e3 f7g8 e3b6 d8e8 a2a3 c8f5 c2b2 g7h6 b6c5 b7b5 c1d3 f5d3 c3c4 d3c4 c5d4 e8d8 a1c1 h6d2 c1a1 g8f7 d1d2 f7f8 d2g2 d8e8 a1d1 e8e6 g2g1 c4b3 d1f1 b3c4 b2c3 c4f1 g1f1 f8g8 f1d1 g8f7 d4c5 f7g7 d1d5 g7g8 d5d2 g8g7 c3c2 g7g8 c2c3 g8g7 c3c2 g7g8 d2d7 g8h8 c2d1 h8g8 d1c2 g8h8
444,B,value_resign,68,0.655136,2220,2026-09-02 09:02:00,e2e3 g7g6 b2b4 e7e5 e1e2 f8c5 f2f4 a7a6 d1e1 g6g5 f4e5 e8f8 b4c5 b7b5 c2c3 b5b4 e2d3 a6a5 c1a3 b4a3 d3c2 c8a6 b1a3 h7h6 d2d3 g8e7 h2h4 a6c8 c2c1 a8a7 f1e2 f7f5 c1b2 g5h4 h1h4 c8b7 h4h5 b8c6 a1b1 c6e5 a3c4 e5c4 d3c4 d8e8 a2a3 e7g6 b1a1 f5f4 e3f4 a7a6 f4f5 g6f4 e2f1 f4h5 g1e2 h8h7 e1h4 h5f6 h4g3 e8e4 g3f3 e4f3 g2f3 f6h5 f1h3 a5a4 e2c1 f8e8
445,B,checkmate,40,0.610066,2225,2026-09-02 09:02:27,a2a4 d7d6 c2c3 g7g5 e2e3 h7h5 h2h4 a7a5 f2f3 d8d7 f1c4 b8c6 c4a2 e8d8 c3c4 c6b4 e3e4 f7f5 e1f1 g5g4 e4f5 g4g3 d2d3 d8e8 d3d4 d7f5 c1e3 f8h6 b1d2 e8d8 e3h6 h8h6 a2b3 h6h8 f1e2 c8d7 g1h3 g8f6 h1e1 f5d3
446,W,value_resign,51,0.583175,2230,2026-09-02 09:05:05,b2b4 a7a5 b1a3 c7c5 d2d3 h7h5 a1b1 d7d6 h2h4 d8d7 h1h2 a5b4 h2h3 b4a3 b1b4 d7h3 g1h3 e7e5 c1d2 f8e7 f2f4 e5f4 b4b5 g7g5 e2e4 a8a4 f1e2 f7f6 h4g5 e8f8 g5f6 g8f6 h3f4 d6d5 e4e5 a4f4 d2f4 c8d7 b5b7 h5h4 f4g5 b8a6 e5f6 h8h7 b7a7 a6b4 c2c3 d7b5 c3b4 c5b4 d3d4
447,B,value_resign,51,0.526314,2235,2026-09-02 09:07:07,a2a4 h7h6 e2e4 a7a5 b1c3 g7g6 g1f3 c7c6 c3e2 d8b6 b2b3 d7d6 h2h3 f8g7 f3h4 g7a1 d2d3 e8d8 h4f5 c8f5 f2f3 f5e4 d3e4 b6c5 c1b2 a1b2 e1d2 b2e5 c2c3 a8a6 b3b4 a5b4 c3b4 c5b6 b4b5 c6b5 a4b5 a6a2 d1c2 a2c2 d2c2 b8d7 e2d4 b6c7 f1c4 e5d4 h1h2 g6g5 c2b3 c7c5 f3f4
448,B,material_adjudication_moderate,107,0.505475,2240,2026-09-02 09:07:34,e2e3 a7a5 d2d3 g8h6 d1d2 g7g6 h2h4 b7b5 f2f4 e7e5 h4h5 e5f4 e3f4 b8a6 e1e2 b5b4 d2e3 d8e7 b1d2 f7f5 h5g6 h7g6 g1f3 e7e6 g2g4 d7d6 f3e5 g6g5 g4f5 e6d7 c2c3 b4c3 b2c3 d6e5 h1h2 h6g4 e3g1 g4h2 g1h2 e5f4 f1g2 f8d6 g2a8 h8h2 e2f1 e8f8 c1b2 a6b4 c3b4 c8b7 a8b7 a5b4 f1g1 f4f3 d2f3 g5g4 f3h2 g4g3 h2g4 d7f5 a1f1 f5f7 f1f7 f8f7 g1g2 c7c5 g2h3 b4b3 a2b3 g3g2 b2e5 g2g1q e5d6 g1d4 d6c7 d4d3 h3g2 f7g7 b7f3 g7g6 g4f2 d3d7 f2e4 d7c7 e4g3 c7d7 g3e4 c5c4 e4c5 d7a7 b3c4 a7c5 g2h1 c5b6 c4c5 b6a5 f3e4 g6h5 e4d3 h5h4 c5c6 a5h5 c6c7 h5e8 c7c8q e8c8 d3a6
449,W,value_resign,47,0.482619,2245,2026-09-02 09:07:35,e2e3 g7g6 f2f4 e7e6 b2b3 f8c5 b1a3 e6e5 e1e2 h7h5 d1e1 g6g5 f4g5 h5h4 g1h3 b8c6 c2c3 d7d6 d2d4 b7b6 d4c5 b6c5 a3c4 g8e7 g2g4 c8d7 f1g2 d7e6 h3g1 a7a5 g2f3 e6c4 b3c4 d8d7 c1a3 e7c8 e1d2 f7f6 a3b2 h4h3 g5f6 d7g4 f3g4 h8f8 g4f5 e8d8 g1f3
450,B,material_adjudication,67,0.608102,2250,2026-09-02 09:10:03,e2e3 a7a5 e1e2 g8h6 g1h3 b7b5 f2f3 b5b4 c2c3 d7d5 a2a3 h6g4 a3b4 c7c5 f3g4 a5b4 a1a3 f7f6 d2d4 b4a3 d4c5 a3b2 e2d2 c8g4 d1g4 a8a6 f1b5 b8c6 g4f3 b2c1q h1c1 a6a2 d2e1 e8d7 c3c4 g7g5 f3d5 d7c8 e1d1 e7e6 d5d2 a2d2 b1d2 f6f5 b5c6 d8c7 h3g5 c7c6 g2g4 c6c5 d1e1 c5e3 e1d1 c8b7 g5e6 f8e7 c1b1 b7a8 b1b2 e3c3 b2b3 c3b3 d1e1 b3a3 e1d1 a3a2 d1e1
451,B,value_resign,54,0.570964,2255,2026-09-02 09:13:58,e2e3 g7g6 b1a3 g8h6 f2f3 b8c6 e3e4 h8g8 d2d3 g6g5 h2h4 h6f5 e1d2 f5g3 b2b4 g3h1 f3f4 h1g3 h4g5 a7a5 g1e2 d7d5 b4a5 g3h5 e4d5 d8d5 g2g4 e7e5 g4h5 f8a3 c2c4 d5d6 c4c5 a3c5 f4e5 d6e5 h5h6 c5e3 d2c2 f7f5 c1b2 c6b4 c2b1 e5a5 e2d4 b4d5 d4c6 b7c6 d1e1 f5f4 f1e2 c8b7 e1d1 a8a6
452,B,value_resign,40,0.568937,2260,2026-09-02 09:13:59,e2e3 a7a5 b2b3 a5a4 f2f3 e7e6 f1a6 a8a6 b3a4 g7g5 g2g4 a6c6 a4a5 b7b5 a5b6 c6b6 h2h4 f7f6 c2c3 c7c5 a2a3 h7h6 f3f4 b6b7 f4g5 h6h5 c1b2 d8a5 d1f3 h5g4 f3g4 b7b2 c3c4 a5b6 g5f6 f8h6 a1a2 g8f6 b1c3 f6g4
453,W,value_resign,47,0.584875,2265,2026-09-02 09:14:52,e2e3 a7a5 a2a4 g7g5 g1h3 d7d6 f2f3 a8a6 e1e2 c7c5 g2g3 h7h6 e3e4 d8d7 f1g2 h8h7 d1f1 d6d5 h3g1 a6b6 b2b3 b6f6 c2c3 f6b6 c1b2 f7f6 b1a3 d5e4 a3b5 c5c4 f3e4 c4b3 h2h3 e8f7 e4e5 g5g4 h3g4 b6b5 a4b5 f7g7 e5e6 h6h5 e6d7 b8d7 h1h5 h7h5 g4h5
454,W,material_adjudication_moderate,77,0.592853,2270,2026-09-02 09:20:28,b1a3 g8f6 e2e3 c7c6 e1e2 e7e5 a1b1 f8e7 d2d3 e5e4 f2f4 b8a6 a3c4 g7g6 c4a3 e4d3 c2d3 f6g4 e2d2 e8g8 d1f3 g4f2 f3f2 e7f6 g1f3 d7d5 f2g1 a6c7 f3e5 c8g4 e5g4 a8c8 a3c2 h7h5 g4f6 d8f6 g2g3 f6d8 f1e2 a7a5 h2h3 d8d7 g1d1 f7f5 h1f1 a5a4 b1a1 h5h4 g3h4 c7b5 b2b3 a4a3 c1a3 b5a3 c2a3 c6c5 d1c2 c8b8 e3e4 g8g7 f1f3 f5e4 f3e3 d5d4 c2b2 f8f4 h4h5 e4d3 e3d3 g6h5 d2c1 c5c4 b3c4 f4f2 a1b1 d7d8 a3b5
455,B,value_resign,98,0.537733,2275,2026-09-02 09:25:57,e2e3 a7a5 f2f3 e7e6 e3e4 a5a4 b2b3 f7f6 e1e2 c7c5 c2c3 a4b3 a2b3 a8a7 d2d4 a7a6 b1a3 e6e5 e2d3 e8f7 d1e1 c5d4 c3d4 f8a3 a1a3 a6a3 d3e3 a3a2 f3f4 b7b5 g1e2 e5d4 e2d4 g7g6 f1c4 b5c4 b3c4 c8b7 c4c5 b8a6 h2h4 a6b4 c1a3 d8e8 a3b4 h7h5 h1g1 e8e7 f4f5 b7a6 d4e6 d7d5 c5d6 e7d7 g2g3 d7c8 e4e5 c8d7 e1d2 g6f5 e6d8 d7d8 d2a2 f7e8 a2a6 f6e5 a6c4 g8f6 g1a1 d8d7 e3d3 f6e4 b4c5 e4c5 c4c5 d7b7 a1b1 b7b1 c5c2 b1b6 c2c3 e8d8 c3c7 b6c7 d6c7 d8c7 d3c4 c7c6 c4d3 c6c5 d3e3 c5b4 e3e2 b4a3 e2e1 a3a2 e1e2 h8g8
456,B,checkmate,28,0.497183,2280,2026-09-02 09:26:24,e2e3 a7a5 e3e4 b7b6 g1e2 b8a6 c2c4 a6b4 d2d3 g7g5 f2f3 d7d6 e1d2 a5a4 a2a3 e7e5 g2g3 b4c6 c4c5 f7f6 d3d4 a8a5 d4e5 d6e5 d2c3 c8b7 g3g4 a5c5
457,W,value_resign,59,0.547723,2285,2026-09-02 09:27:44,e2e3 g7g6 b1a3 b7b6 f2f3 g8h6 d2d3 h8g8 h2h4 f8g7 f3f4 a7a6 c2c3 d7d6 a3c2 c8b7 h4h5 e8f8 e3e4 a8a7 f4f5 h6f5 e4f5 g6g5 c2b4 e7e5 e1f2 d8f6 d3d4 f6h6 f2e1 d6d5 b4d3 f7f6 g2g4 e5e4 f1g2 e4d3 d1d3 g8h8 c1d2 b7c6 a1b1 b8d7 g1f3 c6b5 c3c4 b5c4 d3c2 a6a5 e1d1 c7c6 a2a4 c4d3 c2d3 f8g8 d3c2 c6c5 g2h3
458,W,material_adjudication_moderate,84,0.622008,2290,2026-09-02 09:28:10,e2e3 a7a5 d2d4 g7g5 a2a3 h7h5 e3e4 f7f5 c1g5 c7c6 g1f3 d7d6 c2c4 h5h4 f3e5 d8b6 h1g1 h4h3 d4d5 d6e5 c4c5 b6c5 d1d3 h3g2 e1d1 g2f1q g1f1 b7b5 g5d2 e8f7 b1c3 f8g7 c3b5 a5a4 d1e1 c6b5 d3d4 b8c6 d4c5 c8b7 d5c6 b7c6 c5c6 g8f6 e4f5 a8c8 c6f3 e5e4 f3e2 c8c5 d2g5 c5f5 g5f6 f5f6 e2e4 h8h5 f2f4 f6h6 e1f2 g7b2 a1b1 h5h2 f2g1 b2d4 e4d4 h6d6 b1d1 d6d4 d1d4 h2h6 f1d1 e7e6 d4d3 e6e5 f4e5 h6e6 d3d4 f7g7 d4d5 g7g6 g1h2 b5b4 a3b4 a4a3
459,B,value_resign,82,0.643151,2295,2026-09-02 09:29:02,e2e3 a7a5 e1e2 g8h6 f2f4 b7b5 b2b3 h6f5 b1c3 c8b7 g1f3 b8c6 f3e5 c6e5 d1e1 f5d4 e3d4 d7d6 e2d1 g7g5 f1d3 g5f4 d4e5 c7c6 g2g3 b5b4 e5d6 b4c3 g3f4 f7f5 d6d7 d8d7 e1e2 c6c5 h1f1 b7d5 d2c3 h7h6 e2h5 e8d8 d3e2 a8b8 h2h4 h8h7 e2d3 c5c4 b3c4 d5c4 c1d2 c4d3 c2d3 e7e6 d1e2 f8b4 c3b4 a5b4 a2a3 b4a3 d2c3 d7e7 a1c1 a3a2 c1a1 b8b1 a1a2 e7f8 a2a3 f8a3 c3d4 a3b4 e2e3 b1f1 h5e2 f1b1 e2c2 b1h1 c2b1 h1b1 h4h5 b4c5 d4c5 h7f7
460,B,value_resign,50,0.602274,2300,2026-09-02 09:29:23,e2e3 f7f5 b2b4 a7a5 a2a4 e8f7 d2d3 e7e5 b4b5 c7c5 c1a3 a8a7 g1h3 g8f6 h1g1 e5e4 h3f4 h7h5 d1e2 a7a8 e1d2 f8e7 c2c3 d8b6 e2d1 b6c7 c3c4 c7d8 d3e4 f5e4 g2g4 g7g5 g4h5 g5f4 d1b3 f4e3 f2e3 f6h5 b5b6 d7d5 c4d5 c8e6 a3b2 e6d5 b2h8 d5b3 d2c3 b3d5 h2h4 d8d6
461,W,material_adjudication_moderate,76,0.619149,2305,2026-09-02 09:32:25,e2e3 g7g6 f2f3 b7b5 e3e4 g6g5 b2b3 g5g4 e4e5 f7f6 e5f6 g8f6 a2a4 b5b4 c1b2 b8a6 e1f2 g4f3 d1f3 h8g8 f3a8 f8h6 g2g3 d7d6 a8g2 f6g4 f2e2 h6g5 g2f3 g4e5 b2e5 c8f5 f3f5 d8c8 f1h3 c8f5 h3f5 d6e5 d2d3 g5f6 b1d2 c7c5 a4a5 a6c7 g1f3 h7h6 e2f1 g8h8 f1e2 e8f8 e2f2 c7a6 c2c4 b4c3 f3g5 c3d2 g5e6 f8f7 h1f1 a6c7 e6c5 d2d1q a1d1 e7e6 g3g4 e6f5 g4f5 h6h5 c5d7 h8d8 d7f6 f7f6 b3b4 f6f5 f2f3 h5h4
462,B,material_adjudication,71,0.617305,2310,2026-09-02 09:32:51,e2e3 g7g6 f2f4 e7e5 e1e2 a7a6 b1c3 b7b6 h2h4 e5f4 g2g3 f4e3 d2e3 d7d6 g1h3 b8c6 h3f4 h7h6 b2b3 h6h5 f4d5 c8g4 e2d2 g4d1 d2d1 g8f6 a1b1 c6b4 d5b4 f8g7 b4c6 d8c8 c6d4 c7c5 c3e2 c5d4 e2d4 c8c5 f1h3 a6a5 c1d2 c5d5 e3e4 d5d4 h1h2 f6g4 h3g4 a8a7 a2a4 d4c5 b3b4 a5b4 g4e2 f7f6 e4e5 f6e5 g3g4 b4b3 c2b3 e8f8 b3b4 c5c7 h2f2 f8g8 f2f3 h5g4 b1a1 g4f3 e2f3 c7d8 d1e1
463,B,value_resign,14,0.549601,2315,2026-09-02 09:33:17,e2e3 a7a5 g1h3 e7e6 a2a4 b7b6 e1e2 c8b7 c2c3 d7d6 d2d3 a8a6 g2g4 g8f6
464,B,value_resign,70,0.587404,2320,2026-09-02 09:37:20,e2e3 a7a5 a2a4 g7g5 h2h3 e7e6 c2c4 a8a7 e3e4 c7c5 d2d4 h7h6 g1f3 g5g4 c1e3 g4f3 g2f3 f7f6 e4e5 b7b6 e3f4 d8e7 f1d3 c8b7 h1g1 f6e5 b1d2 e5f4 d4d5 e7h4 a1b1 f8e7 g1h1 b8c6 d5c6 b7c6 d3e4 a7a6 e4c6 d7c6 e1f1 e8d7 f1e2 g8f6 d1g1 f6h5 g1g4 d7d8 g4h4 e7h4 e2d3 e6e5 b1d1 h4f2 h1f1 f2g3 d3e4 b6b5 a4b5 c6b5 c4b5 a6b6 d2c4 d8c7 c4b6 c7b6 d1d6 b6b5 b2b4 c5b4
465,B,material_adjudication_moderate,77,0.607299,2325,2026-09-02 09:37:44,g2g4 a7a6 h2h3 e7e5 c2c3 f7f6 b2b3 d7d5 f2f4 f6f5 d2d3 b7b6 f4e5 d5d4 d1d2 h7h6 g4f5 h6h5 b3b4 g7g5 e5e6 f8b4 d2c2 b4c3 b1c3 c8e6 h1h2 e8f8 e2e4 d4e3 f5e6 g5g4 h2g2 g4h3 g1h3 d8h4 e1e2 b8c6 h3g5 c6d4 e2e3 d4c2 g2c2 c7c5 c3e4 f8e7 c1b2 a6a5 e3d2 g8h6 b2c3 h8g8 f1h3 g8g6 h3f1 g6g5 e4g5 h4g5 d2e1 g5g3 e1d2 e7e6 a2a4 h6g4 f1e2 g3f2 c3b2 h5h4 a1a3 e6e7 d2c1 g4h2 c1d2 f2f7 e2f1 h2f1 d2c1
466,W,value_resign,65,0.686025,2330,2026-09-02 09:37:44,c2c4 f7f5 e2e4 f5e4 f2f4 e4f3 g1f3 h7h6 f1d3 e7e5 d1e2 e5e4 b1c3 g7g5 f3g5 f8e7 c3e4 h6g5 c4c5 e8f8 e1d1 g8f6 b2b3 d8e8 e2e1 f6h5 g2g3 e7c5 d1e2 c5d4 h1f1 f8e7 d3b5 d7d6 b5e8 e7e8 e4g5 d4a1 e1f2 h8f8 f2f8 e8d7 f1f3 a1g7 f8f7 d7d8 c1b2 g7b2 d2d3 b8a6 f7h5 b7b5 g5f7 d8e8 h5h4 c8b7 f3f5 b2d4 h4d4 c7c5 d4e3 e8d7 g3g4 b5b4 h2h3
467,B,value_resign,56,0.573109,2335,2026-09-02 09:37:45,a2a3 c7c6 d2d3 f7f6 a1a2 c6c5 b2b4 c5c4 a3a4 e7e5 g2g3 d7d6 c1e3 e8d7 b4b5 f8e7 a2a3 h7h6 f2f3 d6d5 e3f4 a7a6 d3c4 b7b6 e2e3 a6a5 d1e2 d5c4 e2c4 e5e4 c4e2 g7g6 f4h6 g8h6 f3e4 e7a3 b1a3 d8g8 a3b1 h6f7 c2c4 c8b7 b1d2 f7e5 f1h3 f6f5 e4f5 b7h1 g1f3 h1f3 e2f3 e5f3 e1e2 d7d6 e2f3 b8c6
468,B,material_adjudication_moderate,111,0.656507,2340,2026-09-02 09:39:37,e2e3 a7a5 e1e2 g8h6 f2f3 b7b5 f3f4 d7d5 b2b3 f7f5 b1c3 c7c6 c3b1 d5d4 a2a4 e8d7 a4b5 c8b7 g1h3 c6b5 e3d4 b5b4 h3f2 b7c6 f2d3 a8a7 e2f2 e7e6 f2e2 h8g8 e2f2 c6e4 d3e5 d7e7 d1h5 e4c2 b1c3 b4c3 e5d3 a7c7 c1b2 c3b2 d4d5 b8d7 a1c1 b2c1q h5f5 e7e8 d3c1 e6e5 f5c2 e5f4 c2d3 d8f6 d3e4 f8e7 f2e2 g8f8 e4f4 f6d6 f4d6 e7d6 c1d3 c7c5 d3c5 d6c5 d2d3 c5d6 e2e1 h6g4 e1d2 e8d8 f1e2 g4e5 h1f1 a5a4 f1f8 d6f8 d3d4 a4b3 d4e5 d7e5 e2f3 g7g6 d2c1 e5c4 g2g3 d8e8 f3e2 c4e3 c1d2 e3c2 e2d3 g6g5 d3c2 b3c2 d2c1 e8e7 d5d6 e7d6 c1c2 f8e7 h2h3 d6d5 c2b3 e7d6 b3c2 d5e4 c2b3 e4f3 b3c4
469,W,value_resign,43,0.638570,2345,2026-09-02 09:43:20,e2e3 a7a5 f1d3 g8h6 d3b5 c7c6 b5e2 g7g5 h2h3 c6c5 g2g4 f7f5 g4f5 d7d6 f2f3 f8g7 c2c3 h8f8 d1b3 d8d7 a2a4 h6f7 e1f1 h7h6 h1h2 g7e5 f1g2 e5h2 g2h2 d6d5 e2b5 e8d8 b5d7 c5c4 b3c2 c8d7 e3e4 d7f5 e4f5 d8d7 h2h1 g5g4 h3g4
470,W,material_adjudication,92,0.704194,2350,2026-09-02 09:45:22,e2e3 a7a5 d2d3 e7e6 e3e4 f7f6 d3d4 b7b6 a2a3 c7c5 d4d5 e6d5 c2c4 a5a4 f1d3 a8a5 e4d5 d7d6 f2f3 b8a6 d3e4 e8d7 e4f5 d7e7 h2h3 d8e8 b1c3 c8f5 a1b1 f5b1 c3b5 a5b5 c4b5 a6c7 c1d2 e8f7 d1b1 e7e8 b1c1 h7h6 d2e3 c5c4 h3h4 g7g5 g2g4 f7d5 h4g5 f6g5 h1h3 d5f7 e3b6 c7b5 f3f4 f8g7 g1f3 g5f4 c1c2 c4c3 b2c3 f7f6 e1e2 d6d5 g4g5 h6g5 f3g5 e8f8 h3h8 g7h8 g5h7 f8g7 h7f6 g7f6 b6a5 b5d4 c3d4 f6f7 c2d2 g8f6 e2d3 f6e4 d2e1 e4c3 d3c3 f4f3 e1a1 h8d4 c3d4 f7e6 a1e1 e6f7 e1c3 f7e6
471,W,value_resign,61,0.534087,2355,2026-09-02 09:45:24,e2e3 a7a5 b1c3 c7c5 a2a4 a8a6 b2b4 h7h5 c3b5 d8c7 f1e2 c7b6 e3e4 b6e6 e2f3 e6b3 b4a5 h5h4 b5a7 g8h6 d1e2 a6a7 c2b3 a7a5 c1b2 b7b6 e1d1 c8b7 a1c1 e8d8 d2d4 a5a6 e2a6 b8a6 g1e2 c5d4 e2d4 a6b8 g2g3 h4h3 h1e1 b8c6 b3b4 c6d4 b2d4 e7e6 d4e5 f8b4 e5b2 b4e1 d1e1 f7f5 e4f5 g7g6 b2h8 d8e7 f3b7 h6f5 e1f1 f5d4 c1c8
472,W,value_resign,55,0.640627,2360,2026-09-02 09:49:13,a2a4 f7f6 b2b4 a7a5 f2f4 g7g5 f4f5 b7b6 c1b2 h7h5 b4b5 c8b7 h2h4 g5h4 d2d4 c7c6 h1h4 f8g7 b1c3 d7d6 e1d2 e8f7 h4h5 d6d5 b2a3 h8h5 a3e7 g7f8 e7d6 f8e7 b5c6 b7c6 g2g4 e7f8 e2e4 h5f5 f1g2 b8a6 g1h3 d8e8 d6f8 a6b4 e4d5 e8f8 d5c6 b4d5 g2d5 f5d5 c3d5 f7e8 d5e7 f8e7 h3g1 e7e5 d4e5
473,B,value_resign,46,0.587739,2365,2026-09-02 09:50:20,h2h4 e7e6 f2f4 a7a5 c2c4 a5a4 g2g3 f8e7 f1g2 c7c6 h1h3 d7d6 e1f2 f7f6 c4c5 e6e5 g2c6 b8c6 g3g4 c8g4 d1e1 d8b8 h3h2 e7f8 e1f1 b8d8 f4e5 c6e5 c5d6 h7h6 f2g2 a8c8 d2d4 e5c6 b1d2 d8d6 d2e4 d6d5 e2e3 c6b4 a2a3 d5e4 g2f2 b4c6 b2b3 c6d4
474,B,value_resign,56,0.557122,2370,2026-09-02 09:50:40,b2b3 c7c6 e2e4 b8a6 g1e2 a6c7 d2d3 b7b5 f2f3 h7h6 g2g3 h8h7 d3d4 f7f6 e1d2 g7g6 c2c3 e8f7 e4e5 h7h8 d1c2 d7d5 c1b2 f8g7 g3g4 f6f5 g4f5 g6f5 h2h3 h8h7 b1a3 g7h8 h3h4 c7e8 e5e6 f7e6 h4h5 e6f7 a3b5 c6b5 d2e1 d8c7 a2a4 b5b4 c3b4 c7c2 b2c3 e7e5 a1c1 c2a2 c1a1 a2a1 e1f2 c8b7 c3a1 a8c8
475,B,value_resign,60,0.634250,2375,2026-09-02 09:51:44,e2e3 g7g6 f2f3 g8h6 b2b4 a7a5 b4b5 g6g5 a2a4 f7f6 g2g4 h8g8 b1c3 f6f5 c3e2 f5g4 f3g4 h6g4 h2h3 g4e3 d2e3 c7c5 e1d2 f8g7 c1b2 a8a7 b2g7 g8g7 g1f3 h7h5 f3g5 g7g5 c2c3 g5d5 d2e1 d5d1 a1d1 h5h4 b5b6 a7a8 e2d4 e7e5 d4f3 e5e4 f3h4 d8h4 e1d2 e8d8 f1e2 c5c4 h1f1 d7d6 f1f4 h4g3 f4f3 e4f3 e2f1 d8e7 d1e1 g3h2
476,B,value_resign,24,0.566914,2380,2026-09-02 09:52:05,e2e3 a7a5 f1b5 a5a4 b5c4 a8a7 g2g3 d7d6 e1e2 g8h6 f2f3 e8d7 c4d5 b7b6 c2c4 h6f5 b1c3 f5e3 g3g4 e3d1 b2b4 h7h6 c1a3 g7g5
477,W,value_resign,73,0.624850,2385,2026-09-02 09:54:56,a2a3 g8f6 e2e4 b8a6 d2d4 d7d5 f2f3 d5e4 e1e2 e4f3 g2f3 g7g6 h2h4 h8g8 b2b3 c7c5 d4c5 a6c5 c1b2 g8g7 f1g2 d8d1 e2d1 e7e6 c2c4 f6d5 c4d5 f8e7 g2f1 e6d5 h4h5 c8f5 h5h6 g7g8 f1e2 e7f6 b2f6 f5b1 f6e5 f7f6 e5d4 b7b6 d4c5 b6c5 a1b1 a7a5 d1e1 g6g5 b1b2 g5g4 f3g4 d5d4 e1f1 a8d8 g4g5 f6g5 g1f3 g5g4 f3h4 d8d7 b3b4 c5b4 a3b4 g8f8 f1e1 f8f6 b4a5 d7b7 b2b7 e8f8 b7a7 f8e8 h4f5
478,B,checkmate,54,0.543026,2390,2026-09-02 09:57:53,e2e3 a7a5 g2g4 h7h6 e1e2 c7c5 e2f3 d7d5 d1e1 c8e6 b1c3 e6d7 f3f4 g8f6 f1c4 d7g4 e1e2 g4h5 f2f3 a8a6 c4a6 g7g5 f4g3 b8a6 b2b3 a6b4 c3b5 b4c6 d2d4 c6b4 a2a3 b4c2 e2c2 f8g7 g1e2 g5g4 f3g4 h5g4 d4c5 g4d7 h2h3 f6h5 g3h4 g7a1 h4h5 d7b5 a3a4 b5d7 c1d2 f7f5 h1a1 e7e6 d2a5 d8g5
479,W,material_adjudication,66,0.705091,2395,2026-09-02 09:58:17,e2e3 a7a5 f1b5 g8h6 g2g3 b8a6 h2h3 g7g6 b1a3 c7c6 b5a6 d7d5 f2f3 d5d4 e3d4 f7f5 g1e2 e8d7 a6d3 g6g5 d3b5 c6b5 h1g1 g5g4 h3g4 h6g4 f3g4 d7d6 d2d3 c8e6 a3b5 d6d5 b2b3 f5g4 a2a4 f8g7 e1d2 g7f6 c2c3 d8d6 a1b1 d5c6 g1h1 e6f5 b5d6 e7d6 d1e1 a8d8 b3b4 b7b6 e1g1 h8f8 d2c2 f6e7 c1d2 a5b4 e2f4 b4c3 g1g2 c6c7 c2c3 d8e8 a4a5 b6a5 g2f2 e7g5
480,W,checkmate,17,0.586443,2400,2026-09-02 09:58:18,e2e3 a7a5 e3e4 b7b6 d2d3 d7d6 f2f4 f7f6 c2c3 a8a6 d1h5 g7g6 h5e2 g6g5 e1d2 c8d7 e2h5
481,W,material_adjudication_moderate,115,0.646227,2405,2026-09-02 10:00:42,a2a4 f7f6 b2b4 a7a5 f2f4 e7e6 h2h3 b7b6 b1a3 a5b4 a3b5 d7d6 a4a5 b8a6 d2d3 g8e7 c1e3 a8b8 e1d2 e6e5 g2g3 e8d7 h1h2 b4b3 a1a3 d8e8 a3b3 e7d5 c2c4 d5e3 d2e3 e8f7 g3g4 e5f4 e3d2 g7g6 f1g2 h8g8 d3d4 f4f3 g2f3 f6f5 g4f5 f7c4 e2e4 f8g7 f5g6 h7g6 d1b1 g7d4 b5d4 c4d4 d2c1 d4f6 b3b5 b8a8 a5b6 c7b6 c1d1 a6c5 b5b6 g8g7 b1b2 f6b2 h2b2 g6g5 b2b1 c8a6 b1a1 d7e6 b6a6 c5a6 h3h4 g5h4 d1e1 a6c5 e1d1 a8b8 g1e2 b8a8 a1a8 h4h3 a8a3 g7g6 e2f4 e6f7 f4g6 f7g6 d1e2 d6d5 e4d5 g6f5 e2f2 f5g6 d5d6 g6f5 f2f1 c5e4 f3e4 f5e4 f1g1 h3h2 g1h1 e4d4 h1h2 d4e5 a3c3 e5d6 c3a3 d6c5 a3h3 c5b4 h3h4 b4c3 h4h5
482,B,value_resign,62,0.704722,2410,2026-09-02 10:01:06,e2e3 g7g6 f2f3 g8h6 b1c3 b8c6 e1e2 h6f5 h2h4 e7e5 g2g4 f5g3 e2e1 g6g5 a2a4 e8e7 f1g2 d7d6 g2h3 g3h1 e1e2 h1g3 e2f2 f7f5 f2g3 f8g7 h4g5 h7h5 g4h5 c6b4 d1e2 c7c6 a4a5 b4c2 h5h6 c2a1 h6g7 h8g8 a5a6 g8g7 a6b7 c8b7 d2d4 a7a5 g3f2 g7g5 d4d5 c6d5 f3f4 d5d4 e3d4 g5g4 h3g4 f5g4 g1f3 g4f3 d4d5 f3e2 f2e2 d8d7 b2b4 a5a4
483,W,value_resign,81,0.630255,2415,2026-09-02 10:03:26,b1a3 d7d5 g1f3 b7b5 c2c3 f7f5 a3b5 g8h6 d2d4 h6g8 d1d3 a7a5 c1f4 b8c6 e2e4 f5e4 d3c2 d8d6 b5d6 c7d6 f3h4 g7g5 f2f3 g5h4 e1e2 e7e6 c2b3 a5a4 b3c2 a4a3 b2a3 c8b7 f3e4 d5e4 f4d6 f8d6 g2g4 h4g3 e2e3 g3g2 f1g2 c6a5 h1f1 g8f6 g2h3 e6e5 f1f6 e8e7 a1f1 h8f8 f6e6 e7d8 h3f5 f8f5 f1f5 b7c6 f5e5 d6e5 d4e5 d8d7 e6c6 d7c6 a3a4 c6c5 c3c4 a5c4 e3f4 c5b4 c2e2 a8a4 h2h3 a4a2 e2a2 c4e5 a2a7 e5d7 a7d7 b4c3 f4g5 c3b2 g5f6
484,W,value_resign,39,0.626398,2420,2026-09-02 10:05:22,a2a4 e7e6 g1h3 d7d6 e2e3 e6e5 f2f3 a7a6 c2c4 d6d5 c4d5 c8d7 e3e4 f8d6 b2b4 g7g5 d2d4 e8e7 b1c3 d7e6 d4e5 h7h6 b4b5 a8a7 d5e6 d6b4 e6f7 e7e6 d1e2 d8f6 e1f2 b4c3 g2g4 c7c6 e5f6 g8f6 f1g2 f6h5 c1d2
485,W,material_adjudication,72,0.604815,2425,2026-09-02 10:06:54,a2a4 a7a5 b1c3 h7h6 c3d5 h8h7 b2b4 b8c6 h2h3 f7f5 c1a3 c6b4 a3b4 e7e5 b4e7 g8e7 e2e3 e7d5 g2g3 d5f6 f2f3 e5e4 h1h2 a8a7 f1e2 e4f3 e2f3 f8b4 e1f2 e8f7 c2c3 d8e8 c3b4 c7c5 b4a5 a7a6 d1e2 e8e7 a1d1 h7h8 f2f1 e7d6 g3g4 f5g4 h3g4 d6h2 e2h2 h8f8 e3e4 d7d5 e4e5 g7g6 e5f6 c8g4 f3g4 h6h5 g4h5 a6f6 f1e2 d5d4 g1f3 g6h5 h2e5 f6e6 f3g5 f7g8 e5e6 g8h8 g5f7 f8f7 e6f7 h5h4
486,W,value_resign,45,0.599983,2430,2026-09-02 10:08:04,g1h3 c7c5 d2d4 h7h5 e1d2 a7a5 f2f4 f7f5 d4c5 b7b5 c2c4 e8f7 a2a4 g8h6 h1g1 b5c4 d2e1 c8b7 c1d2 d8e8 a1a2 a8a6 a2a1 b7e4 b1c3 a6b6 c3e4 b6b2 e4d6 e7d6 a1b1 d6c5 b1b2 e8d8 d2c3 f8d6 b2a2 d8f6 d1d2 h8d8 c3f6 g7f6 g2g4 h5g4 e2e3
487,W,value_resign,65,0.653739,2435,2026-09-02 10:10:01,b1a3 e7e6 g1h3 g8e7 d2d3 f7f6 h3g1 d7d6 a3b5 e7g8 g2g4 b7b6 d3d4 e6e5 b2b3 e5d4 b5a7 c7c6 c1b2 g7g5 e2e3 c8f5 d1d4 f5g6 a2a3 g6f5 c2c4 f5g4 h2h3 a8a7 h3g4 b8d7 d4e4 g8e7 e1c1 f6f5 e4f3 d7c5 b2h8 f5f4 f3g2 e7d5 c4d5 a7a8 g1f3 c6d5 f1e2 h7h5 g2h3 h5g4 h3g4 f8g7 g4f5 g5g4 f5g4 g7h8 g4g5 h8e5 e3f4 d8g5 f4g5 e8f8 h1f1 e5h8 b3b4
488,W,material_adjudication,66,0.540820,2440,2026-09-02 10:10:26,h2h4 h7h5 e2e4 e7e5 f1c4 c7c5 g2g3 a7a6 d1e2 g7g6 a2a3 d7d6 e1f1 b7b6 b1c3 b8c6 c4d5 c5c4 f2f3 e8e7 d5c6 f7f6 f1g2 e7f7 e2d1 c8b7 d2d3 c4d3 c2d3 f8h6 g3g4 h5g4 a3a4 g4g3 c1h6 b7c6 g2g3 g6g5 h4g5 d6d5 g5f6 h8h6 h1h6 g8f6 e4d5 c6d5 g3g2 f7g7 h6f6 d5e6 b2b4 a6a5 d3d4 a5b4 d4e5 b4c3 d1b1 c3c2 b1c1 e6a2 a1a2 d8e7 c1b2 a8c8 g1h3 c8c4
489,W,material_adjudication,88,0.665326,2445,2026-09-02 10:10:50,h2h4 e7e6 g2g4 h7h5 f2f4 e6e5 d2d3 a7a5 c2c4 f7f5 d1b3 b8a6 g1f3 g7g5 h1g1 d7d6 f3g5 h5g4 g5e6 b7b6 e6d8 a5a4 b3d1 c8b7 d1a4 e8d8 a4d1 a6c5 b2b3 e5f4 f1g2 g8f6 g2b7 f8g7 e1f2 a8b8 g1g2 b8b7 c1b2 h8e8 d1c1 b7a7 b1c3 f4f3 e2f3 g4f3 f2f3 g7h6 c1h6 f6g8 h6g5 g8f6 g2g3 e8g8 g5f6 d8d7 a1b1 g8g3 f3g3 c5e4 g3f3 e4f6 b1d1 a7a5 b2a3 a5a3 d3d4 c7c5 c3b5 f6e8 d4c5 b6c5 b5a3 f5f4 d1b1 d7c8 b1b2 d6d5 c4d5 c8b7 f3e2 f4f3 e2f3 b7c7 f3e2 c5c4 a3c4 c7d8
490,W,value_resign,49,0.655579,2450,2026-09-02 10:11:13,a2a4 a7a5 g2g4 g7g6 h2h3 c7c5 d2d4 d7d5 d1d2 h7h5 b1a3 d8d7 h3h4 g8f6 f2f4 a8a6 g4g5 d7g4 g5f6 c8e6 g1f3 g6g5 f1h3 e6d7 a1b1 g5h4 h3g4 h5g4 e1f2 f8g7 f6e7 g7f6 f2g1 g4f3 e2f3 f6e7 f4f5 d7f5 d4c5 f7f6 a3b5 f5e4 d2d1 e4f3 d1f3 e8f8 c1d2 h8g8 g1f1
491,B,material_adjudication,91,0.643002,2455,2026-09-02 10:12:18,e2e4 b8c6 g2g4 g8h6 a2a4 h6g4 a4a5 c6b4 b1c3 b4c2 d1c2 e7e5 d2d4 b7b5 f1g2 g7g5 c1e3 d7d5 g2f3 e5d4 c3d5 b5b4 e3d4 h7h5 f3g4 c8g4 a1a4 g4e6 d5b4 f8g7 d4g7 h8g8 f2f4 g8g7 c2d1 d8f6 g1f3 g5g4 f3d2 g4g3 h1g1 h5h4 g1g2 g3h2 e4e5 h2h1q g2g1 h1g1 d2f1 f6d8 d1e2 c7c6 e2f3 d8e7 f3g4 f7f6 g4g1 e6f5 b4c6 h4h3 c6e7 g7g1 e7f5 a8b8 a4d4 f6e5 f4e5 b8b2 f5h4 b2a2 d4b4 e8d7 a5a6 d7e7 h4g6 g1g6 b4a4 a2a4 e1d1 g6g5 f1e3 g5h5 d1c2 e7e8 c2b3 a4a6 b3c2 a6c6 c2b3 c6a6 b3c2
492,W,value_resign,47,0.537437,2460,2026-09-02 10:12:20,a2a4 a7a5 e2e3 d7d5 b2b3 a8a7 g2g4 d5d4 e3d4 h7h6 d2d3 c7c5 e1e2 b8c6 c1d2 c6e5 d2c1 e5g4 f2f3 g8f6 f3g4 c8g4 e2d2 b7b6 f1e2 g4e2 d1e2 c5c4 d3c4 f6g4 g1f3 d8d6 h1f1 d6g6 b1a3 a7a6 d2e1 a6a7 a3b5 a7d7 h2h3 f7f6 h3g4 d7d5 f1f2 e8f7 c1d2
493,B,checkmate,24,0.607817,2465,2026-09-02 10:15:54,b1a3 d7d5 e2e4 a7a6 f2f3 g7g6 b2b3 c7c5 d2d4 c5d4 a1b1 d5e4 f3e4 f8h6 c1h6 e7e5 h6g5 d8g5 g2g4 e8e7 g1f3 c8g4 f3d2 g5h4
494,W,value_resign,54,0.612742,2470,2026-09-02 10:18:16,g2g4 g8f6 d2d3 a7a5 e2e4 a8a6 h2h3 f6g4 h3g4 d7d6 d1e2 b7b6 b2b3 h8g8 e1d1 c8g4 f2f3 f7f5 c2c4 d8d7 c1d2 a6a8 d1c2 e8d8 a2a4 f5e4 d3e4 g4f5 h1h3 g7g6 h3g3 h7h6 e4f5 d7f5 c2d1 f8g7 f1h3 f5c5 d2e3 c5e3 e2e3 g7a1 e3e2 b8a6 h3f5 a1f6 b1d2 g6f5 g3g8 d8d7 e2e1 a6b4 e1e2 e7e5
495,B,value_resign,30,0.605333,2475,2026-09-02 10:20:17,e2e3 a7a5 a2a4 a8a7 b1c3 d7d6 e1e2 c8d7 g2g3 h7h5 f2f3 d6d5 c3d5 h5h4 e3e4 g8f6 f1h3 h4g3 h3d7 d8d7 b2b3 h8g8 d5c3 g3g2 c1b2 g2h1q h2h4 d7c8 c3b5 f6d7
496,W,value_resign,51,0.629516,2480,2026-09-02 10:20:32,e2e3 b8c6 f2f3 g7g6 e1e2 g8h6 g1h3 f8g7 a2a4 g7b2 c1b2 c6b8 f3f4 h8g8 b1a3 f7f5 a4a5 e7e6 b2e5 d8e7 e5c3 c7c5 a1b1 d7d6 e2f2 c8d7 b1c1 g6g5 f4g5 c5c4 g5h6 g8g6 f2e1 b8c6 g2g4 g6g4 c1a1 c6a5 c3a5 b7b6 a5b6 a7b6 a3c4 b6b5 c4a5 g4d4 e3d4 e8f7 f1e2 a8a5 h1g1
497,B,value_resign,40,0.591003,2485,2026-09-02 10:20:46,h2h4 d7d6 h4h5 b7b6 c2c3 a7a5 b2b3 c8f5 g2g4 f5g4 f2f3 g4e6 f1h3 e6d5 e1f1 h7h6 d2d4 a8a7 d1d2 d5c6 d2d1 g8f6 d4d5 f6d5 c3c4 d5f4 c1f4 b8d7 f4d6 c7d6 f3f4 c6h1 b3b4 a5b4 a2a4 e7e6 d1c1 h8g8 c1b2 d8e7
498,B,checkmate,32,0.629296,2490,2026-09-02 10:21:26,e2e3 a7a5 g2g4 a5a4 e3e4 f7f6 d2d4 e7e5 g4g5 e5d4 e1e2 d8e7 h2h3 c7c5 c1d2 b7b6 c2c3 f6g5 e2d3 c8b7 h1h2 e8f7 g1f3 d7d5 e4e5 e7d7 c3c4 g8e7 d1c2 f7g8 f1e2 d7f5
499,B,checkmate,70,0.623258,2495,2026-09-02 10:21:39,a2a4 h7h5 e2e3 h5h4 e1e2 c7c5 a4a5 f7f5 e3e4 g8h6 g2g3 f5e4 b2b3 h4h3 f2f3 e8f7 d1e1 e4f3 g1f3 d7d5 f3e5 f7e8 f1h3 c8h3 d2d4 h6g8 h1f1 c5d4 c1b2 g8f6 c2c3 h3f1 e1f1 d4c3 b2c3 d8d6 b1d2 h8h2 e2d1 f6e4 d2e4 d5e4 c3d4 a7a6 f1e2 e7e6 e2h2 b8c6 e5c4 d6d5 d1c2 c6d4 c2c3 a8c8 h2d2 d5c6 c3d4 f8e7 d4e5 c8a8 g3g4 b7b5 a5b6 a6a5 a1a2 a5a4 d2c3 g7g5 a2e2 c6d5
500,W,value_resign,65,0.615533,2500,2026-09-02 10:22:06,e2e3 a7a5 f1b5 c7c6 b5f1 g8h6 d2d4 g7g5 a2a3 b7b6 e1d2 f7f5 f2f3 h8g8 h2h4 f8g7 d4d5 c6d5 b2b3 d7d6 c2c3 g7e5 f1e2 c8b7 d2c2 b8c6 c1d2 e5d4 e3d4 g5h4 h1h4 f5f4 a3a4 h6f5 b1a3 f5h4 a3b5 h7h5 g2g3 h4g6 g3g4 c6b4 c3b4 a5b4 g4h5 a8c8 c2b1 e8f7 b5a7 c8c5 d4c5 d6c5 h5g6 g8g6 b1c2 g6g5 a1b1 d8d6 a4a5 b7c8 b1a1 c8b7 d2f4 f7e8 f4g5
501,B,value_resign,68,0.609594,2505,2026-09-02 10:23:27,e2e3 a7a5 b2b3 a5a4 f2f3 g8h6 h2h4 a4a3 d2d4 g7g6 f1a6 h6g4 e1e2 c7c6 f3g4 h7h5 c2c3 b7b6 d1c2 c8a6 e2f3 a6b7 c2e2 h8h7 b1a3 d7d5 a3c2 e8d7 e3e4 d5e4 e2e4 f7f5 e4e1 f5f4 c1b2 f8g7 g1e2 b8a6 g4h5 h7h5 e2f4 a6c5 d4c5 d7e8 f4h5 g6h5 e1c1 b7c8 c1d2 d8d2 g2g3 d2c2 a1c1 c2b2 c1b1 b2b1 h1b1 b6c5 b1f1 c8b7 f1e1 a8b8 g3g4 e7e6 g4h5 b7a8 h5h6 g7h6
502,B,material_adjudication_moderate,76,0.760059,2510,2026-09-02 10:23:41,a2a4 d7d6 e2e3 a7a6 f2f3 d6d5 a4a5 h7h5 b2b3 e8d7 e3e4 d5d4 c1b2 h5h4 e1e2 b7b6 b2d4 c8b7 d4b2 b7e4 b1c3 d8c8 a1a2 h4h3 a2a1 b6b5 g1h3 c7c5 f3e4 c5c4 h3f4 e7e5 d1e1 e5f4 e2d1 g8e7 f1c4 b5c4 e1e2 c4b3 c2b3 b8c6 h1f1 c6d4 e2d3 h8h2 d3d4 d7e6 d2d3 e7c6 d4f2 g7g5 f2e2 c8c7 g2g4 h2e2 d1e2 c6b4 f1e1 c7c6 b2a3 c6c3 e1c1 c3f6 a3b4 f8b4 a1b1 e6e7 c1e1 a8c8 b1d1 e7f8 e1g1 c8d8 d1d2 d8a8
503,B,value_resign,59,0.512430,2515,2026-09-02 10:23:53,e2e3 g7g6 b2b3 b8c6 f2f3 b7b6 e3e4 g8h6 d2d4 f7f5 c2c3 h6g8 d1e2 c8b7 a2a3 f5f4 h2h3 d7d6 b3b4 g8f6 c3c4 e7e6 b1d2 a7a5 e2d3 f6h5 b4a5 b6a5 d4d5 d8h4 g2g3 h4g3 e1d1 e6d5 c4d5 f8g7 d5c6 b7c6 d2c4 g7a1 g1e2 g3f2 c1e3 f4e3 e2d4 h8g8 d3e3 f2e3 h3h4 a1c3 d4c6 d6d5 h1h3 d5c4 f3f4 a8b8 d1c2 b8a8 e4e5
504,W,value_resign,43,0.672718,2520,2026-09-02 10:24:18,e2e3 g7g6 g1h3 b8c6 h1g1 g8h6 a2a4 h6f5 e1e2 a7a5 c2c3 e7e5 f2f3 h8g8 e3e4 f5d4 c3d4 d8e7 d4e5 d7d6 e5d6 e7d6 h3f2 f7f5 e4f5 d6e5 f2e4 c8f5 f3f4 f8g7 f4e5 f5e4 d2d3 e4d5 e2e1 g7h8 c1f4 c6d4 b1c3 c7c6 b2b3 e8d8 a1a2
505,W,checkmate,11,0.582695,2525,2026-09-02 10:24:19,e2e3 f7f5 b2b4 a7a5 b4a5 a8a5 g2g3 h7h6 d1h5 g7g6 h5g6
506,W,value_resign,59,0.645333,2530,2026-09-02 10:26:22,h2h3 a7a5 a2a4 b8c6 g2g4 e7e5 d2d3 e8e7 c1d2 c6b4 d3d4 g8h6 f1g2 e5d4 h1h2 b7b6 g2a8 c8b7 f2f3 d8a8 e2e3 f7f5 h2g2 f5g4 f3g4 b7g2 g1f3 d4e3 b1c3 a8b8 g4g5 h6g8 a1c1 h7h5 g5h6 g8h6 d2e3 g2h1 e1d2 h6f7 f3d4 e7d8 d1h1 c7c5 c3b5 c5d4 h1g1 f8d6 e3d4 b8b7 g1g7 h8h4 g7f7 h4h7 f7h7 d8e8 c2c3 e8f8 d2e1
507,W,value_resign,43,0.621620,2535,2026-09-02 10:26:23,b2b3 c7c6 e2e3 f7f6 f2f3 e8f7 b1a3 h7h5 a3c4 d7d5 c4d6 d8d6 d2d3 g7g5 c2c4 f7g6 c4c5 f8g7 e3e4 g8h6 g1e2 a7a6 c5d6 d5e4 e1f2 e4f3 g2f3 a6a5 c1a3 c6c5 d6e7 g6h7 f2g1 b7b6 d1c1 g5g4 f3g4 h8d8 e7d8q h6g4 c1b2 g7h6 e2f4
508,B,checkmate,10,0.614079,2540,2026-09-02 10:26:24,a2a4 g7g6 a4a5 h7h5 f2f3 d7d5 g2g4 e7e5 c2c3 d8h4
509,B,value_resign,124,0.616740,2545,2026-09-02 10:28:45,e2e3 g7g5 f2f4 a7a5 h2h3 g5f4 g2g3 d7d6 c2c4 a5a4 a2a3 c7c6 d1f3 f7f6 d2d4 d8c7 f1g2 d6d5 b2b4 h7h5 f3f4 c7f4 g3f4 e8f7 e3e4 d5c4 e1f2 f6f5 c1b2 e7e5 g1f3 e5d4 e4e5 c8d7 b2d4 f8e7 h1d1 g8f6 e5f6 e7f6 d4f6 f7f6 f3h4 h8e8 g2f3 d7e6 b4b5 e8e7 b5c6 b7c6 f2f1 c6c5 b1c3 b8d7 c3d5 e6d5 d1d5 c4c3 a1a2 c3c2 a2c2 a8b8 c2e2 e7e4 d5d7 b8b7 e2e3 b7d7 f3e4 f5e4 f1e1 f6f7 e1e2 d7d5 e2e1 d5d7 f4f5 f7e7 f5f6 e7f6 e1f1 f6g5 h4g6 g5g6 f1e2 c5c4 e2f1 h5h4 f1e1 g6h5 e1e2 d7e7 e2f1 e7c7 f1g1 c7c8 g1g2 c8c5 g2g1 c4c3 g1g2 c5c7 e3c3 c7c3 g2f2 c3c2 f2e1 c2b2 e1d1 b2b1 d1c2 b1a1 c2b2 a1a2 b2a2 e4e3 a2a1 e3e2 a1a2 e2e1q a2b2 h5h6 b2a2 h6h7
510,W,material_adjudication,76,0.638094,2550,2026-09-02 10:30:30,e2e3 g7g6 g1h3 c7c5 b2b4 e7e6 h3f4 a7a6 d2d4 b7b6 g2g3 a6a5 b1d2 h7h5 h2h3 h5h4 f1b5 g8f6 f2f3 g6g5 g3g4 f8e7 f4e2 c5b4 a1b1 f6g8 c1b2 d8c7 d4d5 c7c5 c2c4 b4c3 b2c3 c5e3 c3d4 e3d3 b5d3 e7d6 a2a4 a8a6 e1g1 c8b7 d3f5 e6d5 d1c2 b8c6 d4h8 a6a8 c2b2 g8h6 b1a1 c6e7 d2c4 e7f5 g4f5 d5c4 f3f4 d6f4 f1f2 f4e3 a1b1 h6g8 f5f6 g5g4 b1a1 g4h3 e2d4 c4c3 b2e2 g8f6 h8f6 d7d6 d4c2 d6d5 f6d4 f7f6
511,W,checkmate,55,0.638496,2555,2026-09-02 10:30:44,f2f3 b8c6 e2e3 f7f5 g2g3 f5f4 a2a4 b7b6 b2b4 c6e5 b1a3 h7h5 a3c4 g7g5 g3f4 c7c5 h2h3 c5b4 e3e4 h5h4 f4e5 h8h7 f1e2 g5g4 f3g4 c8b7 e1f1 g8h6 c1b2 e7e6 c4d6 f8d6 e5d6 d8c8 c2c4 b4c3 b2c3 e6e5 c3e5 h6g8 a4a5 b7e4 a5b6 e4h1 d2d3 c8b7 e5d4 b7b6 d4b6 a7b6 d1b3 a8a1 e2d1 a1a6 b3g8
512,B,value_resign,52,0.654003,2560,2026-09-02 10:32:05,e2e3 a7a5 b2b3 a5a4 f2f3 e7e6 c2c4 c7c5 g1e2 f7f6 e1f2 b7b6 d1c2 a4b3 c2b3 g8e7 g2g3 g7g6 c1b2 d7d5 h2h4 d5c4 b3c4 b8c6 f3f4 h8g8 a2a3 h7h6 b2e5 f8g7 b1c3 c8b7 c4a2 f6e5 h4h5 e5f4 a2e6 g7c3 e2c3 f4e3 d2e3 g6h5 h1h2 d8b8 e6f6 g8f8 c3e2 f8f6 f2g1 f6f5 f1g2 c6a7
513,W,material_adjudication,88,0.621677,2565,2026-09-02 10:33:02,a2a4 f7f6 a4a5 g8h6 c2c3 d7d6 d2d3 e8d7 c1h6 c7c6 a5a6 b8a6 e2e3 a6c7 b1d2 e7e5 h6g5 f6g5 h2h4 c7e8 f1e2 c6c5 e2f3 g5h4 h1h4 e8c7 d2b3 h7h5 d3d4 d8h4 g2g3 h4g5 g1h3 g5f6 d4e5 f6e5 b3c1 c7d5 d1d5 e5d5 f3d5 a8b8 d5f3 b7b6 h3g1 d7d8 a1b1 c8b7 b1a1 b7f3 g1f3 h5h4 f3h4 f8e7 h4g6 h8h7 g6e7 d8e7 g3g4 a7a5 c3c4 b8d8 g4g5 a5a4 a1a4 h7h4 a4a7 d8d7 a7d7 e7d7 f2f4 g7g6 c1a2 d7c6 f4f5 g6f5 g5g6 f5f4 g6g7 f4e3 g7g8q h4c4 g8c4 d6d5 c4d3 c5c4 d3e2 b6b5
514,B,value_resign,52,0.568426,2570,2026-09-02 10:33:29,e2e3 g7g6 g1h3 b7b6 a2a4 e7e5 f2f3 b8a6 a4a5 a6b4 b1a3 f7f5 a3c4 a7a6 c4e5 a8b8 e3e4 b4c6 h1g1 f8d6 d2d3 d8f6 e5c6 d7c6 b2b3 f6a1 c2c4 d6c5 e1d2 c5g1 c1b2 a1b2 d2e1 b2c3 d1d2 c3d2 e1d2 g8f6 h3g1 f6e4 f3e4 f5f4 g1h3 b8a8 h3f4 e8g8 f4g6 h7g6 h2h4 b6b5 c4c5 c8f5
515,B,value_resign,46,0.633018,2575,2026-09-02 10:33:30,e2e3 a7a5 e3e4 b8c6 f1b5 f7f6 f2f3 a8b8 e1e2 g8h6 b5c6 d7c6 h2h3 c8d7 a2a4 h8g8 c2c4 c6c5 b2b4 a5b4 d2d4 g7g5 e4e5 f8g7 d4c5 f6e5 c5c6 d7c6 c1g5 d8d4 g5h6 g7h6 d1d4 e5d4 h3h4 b4b3 g1h3 e8d7 c4c5 e7e5 e2d1 b3b2 h1g1 b2a1q d1c2 g8c8
516,W,value_resign,69,0.579846,2580,2026-09-02 10:37:42,e2e3 a7a5 b2b3 a5a4 f2f3 e7e6 b1a3 a4b3 a2b3 b7b6 h2h3 e8e7 e3e4 e6e5 g1e2 d7d6 h1g1 h7h5 d2d3 f7f6 f3f4 e5f4 a1b1 d6d5 c1d2 a8a6 d2f4 g7g6 e4d5 b8d7 a3c4 g6g5 f4e3 a6a7 e3d4 a7a2 h3h4 g5g4 e1d2 f8g7 b1b2 a2b2 c4b2 c7c5 d5c6 e7e8 c6d7 c8d7 g2g3 g8h6 b2c4 h6f5 c4b6 d8b6 d4b6 d7b5 d2c3 e8f8 b3b4 f8f7 f1g2 h8c8 g2c6 c8c6 b6c5 c6c5 b4c5 g7h6 g1g2
517,B,material_adjudication_moderate,76,0.703199,2585,2026-09-02 10:39:56,e2e3 g7g6 g1h3 e7e5 f2f3 a7a6 f1a6 b7a6 g2g3 b8c6 h3g1 c8b7 e3e4 f7f6 b1a3 f8a3 b2a3 e8f8 h2h3 d8e7 d2d3 f8g7 e1d2 a8b8 c2c3 b8d8 d1c2 h7h6 d2e3 d8a8 e3e2 g7f8 f3f4 e5f4 g3f4 g6g5 g1f3 g5f4 d3d4 f6f5 e2f2 e7e4 c2e4 f5e4 c3c4 g8f6 h1d1 f6h5 d4d5 e4f3 d5c6 b7c6 a3a4 c6b7 c1f4 f8e8 c4c5 h5f4 d1e1 b7e4 e1e4 f4e6 e4h4 e6c5 a1e1 e8f8 a4a5 c7c6 e1f1 f8e8 f2g1 h8h7 h4c4 d7d6 c4f4 h7h8
518,B,checkmate,52,0.643834,2590,2026-09-02 10:40:20,h2h4 h7h6 g2g4 e7e6 f2f4 f7f6 d2d4 a7a6 d1d2 g7g6 d4d5 e6d5 c2c4 f8e7 h1h2 c7c6 h2h3 e8f8 c4d5 c6d5 d2a5 b7b6 a5d2 f8f7 d2d5 f7f8 b1c3 c8b7 h3f3 b8c6 h4h5 c6b4 d5b7 a8b8 b7e4 d7d5 e4d4 e7c5 d4d5 b4d5 h5g6 d5f4 c1f4 b8a8 e2e3 b6b5 b2b3 c5b4 f4h2 b4c3 e1e2 d8d2
519,W,material_adjudication,74,0.584035,2595,2026-09-02 10:41:57,e2e3 a7a5 b2b3 a5a4 f2f3 e7e6 e3e4 a8a6 b1c3 g7g6 c3a4 b7b5 a4c3 h7h6 h2h3 d7d6 g1e2 b8d7 h1g1 g6g5 a2a4 d7e5 f3f4 g5f4 d2d4 b5a4 c1e3 f7f5 e3d2 g8e7 d2f4 h8h7 e4f5 e7d5 f5e6 d5f4 e2f4 c7c5 f1a6 c8a6 a1b1 h7b7 c3d5 d8d7 d1e2 a6e2 e6d7 e5d7 e1e2 b7b6 d4c5 d6c5 b1a1 f8d6 d5b6 d7b6 c2c3 d6f4 h3h4 a4b3 e2d3 b3b2 a1b1 c5c4 d3c2 e8f8 b1b2 f4g3 b2b6 f8e7 h4h5 e7d7 b6f6 d7e7
520,W,material_adjudication,68,0.664808,2600,2026-09-02 10:41:58,e2e3 e7e5 f2f3 a7a6 e3e4 f7f6 c2c3 e8f7 f1c4 d7d5 c4d5 f7e7 d5c4 d8d7 c4d5 b8c6 e1e2 c6b4 c3b4 a6a5 g2g3 c7c6 d5e6 d7e6 a2a4 e6d7 b4a5 g7g6 e2f2 f8h6 d1c2 d7d4 f2g2 c8d7 c2c3 a8c8 c3d4 e5d4 a1a3 c8e8 h2h3 e8f8 h1h2 d4d3 e4e5 f6e5 b2b4 e5e4 c1b2 e4f3 g1f3 f8f6 b2f6 g8f6 a3d3 f6g4 h3g4 d7e6 f3h4 e6c4 d3c3 c6c5 c3c4 c5b4 d2d3 h6c1 h2h3 e7d8
521,W,value_resign,41,0.639237,2605,2026-09-02 10:44:11,a2a4 b7b6 g1h3 b8a6 c2c4 e7e6 g2g4 f7f6 h1g1 h7h6 g1g3 g7g6 f1g2 c8b7 a4a5 f8a3 a1a3 b7g2 g3g2 b6a5 f2f3 g8e7 h3f2 h8g8 g2g1 a8b8 a3a5 b8b6 a5a1 g8g7 d2d4 d8c8 c4c5 a6c5 d4c5 f6f5 c5b6 a7b6 e1d2 c8b7 d1b3
522,W,value_resign,41,0.594769,2610,2026-09-02 10:46:56,e2e3 a7a5 b1c3 e7e6 e3e4 a5a4 g2g3 h7h6 b2b3 c7c6 c3d5 h8h7 f2f3 f7f6 g1e2 a4b3 a2b3 e6d5 a1a8 f8e7 c2c4 c6c5 a8b8 g7g6 c1b2 d5c4 b2c3 e8f7 b3c4 d7d5 e4e5 c8e6 b8d8 e7d8 d1c2 g6g5 f1g2 d5c4 h1f1 b7b5 g2h3
523,W,value_resign,37,0.597880,2615,2026-09-02 10:47:54,h2h4 b7b5 h4h5 d7d6 b2b4 g7g6 h5g6 e7e6 h1h7 a7a6 a2a4 h8h7 g6h7 c8d7 h7g8q e6e5 g8g3 d6d5 a4a5 d5d4 a1a2 e5e4 c2c4 b5c4 c1b2 f8e7 a2a3 d7h3 a3c3 e7h4 g3h3 d8e7 g2g4 b8c6 g4g5 a8b8 h3h4
524,B,value_resign,19,0.636603,2620,2026-09-02 10:48:48,a2a4 c7c6 b2b3 f7f6 c1b2 c6c5 d2d3 e7e5 a1a2 e8f7 g2g3 a7a5 f2f3 g7g6 b2c3 f8h6 b1d2 h6e3 a2a3
525,B,value_resign,76,0.589659,2625,2026-09-02 10:50:20,e2e3 f7f5 b2b4 e7e5 f2f3 e8f7 c2c3 g8e7 f1c4 f7g6 b4b5 d7d5 h2h3 d8d6 g2g3 d5c4 a2a4 g6f7 h3h4 f7e8 h4h5 a7a6 h5h6 c7c6 b5a6 b8a6 a1a3 a6c7 c1b2 f5f4 e3e4 f4g3 d2d4 c4d3 c3c4 c6c5 e1f1 g7g6 b2e5 d6e5 h1h2 c8e6 f3f4 g6g5 f4e5 g3h2 g1f3 h2h1q f1f2 e7g6 d1h1 e8e7 f3g5 d3d2 g5e6 c7e6 b1d2 g6e5 h1c1 e5f7 d2f3 f8h6 c1b2 h8f8 b2b7 e7f6 b7d5 f6e7 a4a5 a8d8 d5d3 d8d3 a3a1 f7g5 a1a4 e7f6
526,W,checkmate,9,0.644045,2630,2026-09-02 10:50:46,e2e3 a7a5 a2a4 g7g5 g1h3 b7b5 h1g1 f7f5 d1h5
527,W,checkmate,23,0.641309,2635,2026-09-02 10:51:01,e2e3 a7a5 e1e2 g8h6 h2h4 b7b5 b1a3 a5a4 f2f4 f7f6 c2c3 c7c6 d1c2 a8a6 g2g3 c8b7 a3b5 c6b5 f1g2 h6g8 g2b7 h7h6 c2g6
528,B,value_resign,72,0.728603,2640,2026-09-02 10:51:56,g2g3 h7h5 e2e3 f7f5 a2a4 g7g5 h2h4 g5h4 a1a3 c7c5 a4a5 f8g7 f1c4 f5f4 e3f4 e8f8 e1f1 g8f6 b2b4 c5b4 c4e2 d7d5 f2f3 f8f7 g3h4 b4a3 f1f2 d8d7 b1a3 f7e6 c2c4 e6f7 c4c5 g7h6 d1c2 e7e5 f4e5 f7g7 e5f6 g7f7 e2f1 h8f8 g1h3 f7g8 f1b5 d7e6 d2d4 h6c1 h3f4 c1f4 h1f1 a7a6 f2g1 a6b5 a3b5 a8a5 c2b2 g8h7 b5c7 h7h6 c7e6 c8e6 c5c6 b8c6 b2d2 f8f6 d2a5 c6a5 f1f2 b7b6 f2g2 e6f5
529,B,value_resign,64,0.607893,2645,2026-09-02 10:51:57,e2e3 a7a5 f2f3 a5a4 e1e2 c7c6 c2c3 f7f6 h2h4 c6c5 d2d4 e8f7 d4c5 e7e6 c1d2 f8c5 h4h5 d8e7 a2a3 g7g6 h5g6 h7g6 g1h3 b7b6 h3f2 h8h1 g2g3 f7f8 f2h1 c8b7 d1c1 b8c6 g3g4 g6g5 c3c4 f8f7 c1d1 f7g7 b1c3 e6e5 f1h3 c5d4 e3d4 e5d4 e2f1 d4c3 d2c3 d7d6 c4c5 b6c5 d1d5 c6b8 d5b7 e7b7 a1b1 b7c6 b1c1 g7h6 b2b3 c6f3 f1e1 a4b3 c1a1 f3e4
530,B,material_adjudication_moderate,97,0.558578,2650,2026-09-02 10:52:10,e2e3 a7a5 e3e4 b8c6 d2d3 f7f6 a2a3 e7e5 c2c3 f8c5 c1e3 e8f8 d1c2 g7g6 f2f4 a5a4 e3c5 d8e7 c5b6 c6b8 f4f5 c7b6 g1f3 b6b5 f3e5 e7e5 d3d4 e5f4 d4d5 f4h4 g2g3 h4h5 c2d2 g8h6 f1b5 h6f5 e4f5 h5f5 h2h4 f5d5 d2d5 h7h5 d5d4 b7b6 e1f2 c8b7 d4d3 b7h1 f2e2 h1b7 c3c4 f8f7 b1c3 h8h7 d3d2 g6g5 h4g5 f6f5 a1d1 b8a6 g3g4 h5g4 d1f1 a6c5 c3a4 c5e4 d2d3 a8a4 b5a4 b7c6 a4c6 d7c6 d3d2 e4d2 e2d2 g4g3 f1f5 f7g6 f5f6 g6g5 d2e3 g5f6 e3d2 b6b5 c4b5 c6b5 d2e1 h7h5 e1f1 f6g5 f1g2 g5g4 g2g1 h5h4 g1g2 h4h3 b2b3
531,W,value_resign,87,0.708218,2655,2026-09-02 10:52:48,e2e3 a7a5 e1e2 g8h6 g2g3 h8g8 f2f3 a5a4 h2h4 c7c5 c2c3 f7f6 d2d4 c5d4 e3d4 a8a6 d4d5 a4a3 b2a3 d8b6 f1g2 e7e5 c1d2 h6f7 e2f1 b6d8 c3c4 f8c5 b1c3 f7h8 c3b5 g8f8 d1e2 g7g6 d5d6 a6d6 h4h5 c5g1 b5d6 e8e7 h1g1 e7d6 a3a4 d6e7 h5h6 d8e8 a4a5 e5e4 f3e4 e7f7 g2h3 d7d6 f1g2 b8d7 e4e5 d6e5 g1f1 f7g8 c4c5 g8f7 f1d1 g6g5 g3g4 e5e4 d1c1 f7g6 d2c3 e8e7 a2a4 d7c5 a1b1 c8e6 c3b4 c5a4 e2e1 f6f5 b4e7 f8f7 e1d1 f5g4 b1b3 e6b3 d1b3 g4h3 g2h3 b7b6 a5b6
532,B,value_resign,38,0.709817,2660,2026-09-02 10:54:16,e2e3 a7a5 a2a4 e7e5 b2b3 b7b6 c2c4 c8b7 c1b2 c7c5 h2h4 d8h4 g2g3 h4h1 f1e2 a8a6 d2d4 e5e4 a1a3 h1g1 e2f1 g8f6 g3g4 f8e7 f2f3 h8g8 g4g5 g1e3 d1e2 e3f4 g5f6 e7f6 f1g2 e4e3 d4d5 g7g6 b1c3 e8e7
533,W,material_adjudication,66,0.625399,2665,2026-09-02 10:54:42,e2e3 e7e5 f1e2 f7f6 b1c3 g7g6 h2h3 b8c6 a1b1 f8d6 c3d5 d6e7 h1h2 e7a3 g2g3 a7a5 e2d3 a3b2 d3e2 a5a4 c2c3 c6b4 c3b4 e8f7 c1b2 d8f8 d5c7 b7b6 c7b5 f6f5 f2f4 c8b7 b2e5 f8g7 b5d4 g7e5 f4e5 g8f6 e1f1 f6d5 e2d3 d5b4 b1b4 g6g5 d1e2 a8a6 e2d1 f7e7 d3c4 a4a3 d1e2 e7d8 e2d1 d7d5 c4d5 b7d5 d1e2 d8e8 e2d1 g5g4 d4c2 e8f7 h2h1 h8e8 h1h2 h7h5
534,W,checkmate,23,0.610707,2670,2026-09-02 10:55:46,d2d3 b7b6 b1a3 f7f6 b2b4 a7a6 d3d4 e7e5 a3b5 d7d6 f2f4 c8e6 d4d5 e6d5 d1d5 c7c6 d5c4 b8d7 c1b2 f6f5 g1h3 g8e7 b5d6
535,W,value_resign,33,0.605694,2675,2026-09-02 10:57:33,e2e3 a7a5 a2a4 g7g5 g2g3 h7h5 e1e2 f7f5 h2h4 f8g7 f2f3 g5g4 f1g2 d7d5 f3g4 b7b5 g4h5 c8b7 a4b5 f5f4 c2c3 f4e3 d2e3 h8h5 b5b6 c7b6 g2h3 h5h4 g3h4 d8d7 g1f3 g8h6 a1a3
536,B,value_resign,44,0.652353,2680,2026-09-02 10:58:01,a2a4 c7c6 b2b4 f7f6 e2e3 e7e5 d2d3 d7d6 g2g4 a7a6 d3d4 f6f5 d1d3 d8e7 c1b2 g7g5 b2a3 b7b6 b1d2 f8g7 a3b2 c8b7 a4a5 h7h5 d3e2 h5g4 a1a3 b6a5 a3d3 g8f6 c2c4 e5d4 e3d4 a5b4 b2c1 b8d7 f2f3 g4f3 d3b3 f3e2 f1e2 e8d8 g1f3 h8f8
537,W,value_resign,122,0.655371,2685,2026-09-02 10:58:15,h2h4 a7a6 c2c4 e7e6 a2a4 f7f6 f2f4 b7b6 f4f5 h7h6 d1b3 c8b7 d2d3 h8h7 a4a5 h6h5 c1g5 e8f7 e2e4 f6g5 b1c3 g7g6 a5b6 g5h4 c3b1 f8g7 c4c5 d8f6 b3c3 c7c6 f5g6 f6g6 c3c1 f7f6 b1a3 g8h6 a3c2 d7d5 h1h4 a6a5 c1d1 d5e4 h4h5 g6h5 d1h5 h6f7 h5h7 e4d3 g1f3 d3c2 f1e2 c2c1q a1c1 e6e5 e1d2 f7g5 f3g5 f6g5 d2c2 b8d7 e2f3 e5e4 f3e4 d7f6 h7g7 g5h5 g2g3 a8g8 g7g8 f6g8 c1d1 h5g4 d1g1 g4h3 g3g4 g8f6 e4d3 f6e8 g1d1 h3g4 b2b4 a5b4 d1f1 g4g3 d3g6 g3g2 f1f5 b7c8 g6e8 c8f5 c2b3 f5e4 b3b4 g2h2 b4a5 h2h1 a5a6 e4g2 a6a7 g2f1 a7a8 f1b5 a8a7 b5c4 a7b8 h1g2 e8c6 g2f2 c6b7 f2f1 b7a8 c4e6 c5c6 e6d7 c6d7 f1f2 a8f3 f2f1 f3g2 f1g1 g2f3 g1h2
538,B,checkmate,70,0.592428,2690,2026-09-02 10:58:54,h2h4 d7d6 g2g3 h7h5 a2a4 b7b6 e2e3 g7g5 b1c3 g8f6 h4g5 d8d7 f1c4 f6g8 e3e4 h5h4 g3h4 a7a6 c4d5 e7e6 d5c6 h8h7 d2d4 e8e7 c6a8 a6a5 g1e2 b8c6 h4h5 e7d8 e1g1 f8e7 b2b4 d6d5 c1e3 c6b4 d1d2 d5e4 d2d1 f7f5 e2g3 e7g5 d1d2 d7e7 d2e1 g5e3 f2e3 f5f4 g3e2 f4f3 e2g3 e7d7 h5h6 g8f6 g1h2 c8b7 a8b7 c7c6 e1d1 d7b7 d1d2 b7b8 c3b1 b4c2 d2c2 h7h6 h2g1 b8g3 c2g2 g3g2
539,W,value_resign,65,0.621947,2695,2026-09-02 10:59:07,g2g3 h7h5 e2e3 g7g6 f2f3 f7f5 b2b4 c7c6 b1a3 f5f4 g1h3 f4e3 d2e3 g6g5 f3f4 f8g7 c2c3 h8h7 h3g5 h7h8 d1e2 g8f6 e2d1 d7d5 c1b2 h8f8 g5e6 c8e6 f4f5 f6h7 f5e6 a7a5 f1e2 h7f6 a3c2 g7h6 e3e4 d5d4 d1d4 d8d4 c3d4 a5b4 e2f3 f6e4 f3h5 e8d8 h1f1 e4d2 f1f8 h6f8 e1d2 d8c7 c2b4 b8a6 a2a3 a6b4 a3b4 a8a1 b2a1 c6c5 d4c5 b7b6 d2c3 b6c5 b4c5
540,W,value_resign,85,0.758327,2700,2026-09-02 10:59:20,h2h4 a7a6 g2g4 d7d6 c2c4 e7e5 f2f4 b7b5 g1h3 d8f6 f4e5 f6h4 h3f2 b5c4 h1h4 d6e5 f2d3 c8g4 d3e5 g4f5 e5d3 e8e7 b2b3 f5e6 e2e4 c4c3 c1a3 c7c5 e4e5 h7h5 b1c3 b8d7 h4h5 h8h5 f1g2 d7e5 e1e2 e5d3 g2a8 h5h6 e2d3 f7f5 d1c2 e7d6 a1e1 g8e7 c3e2 e7d5 c2b2 g7g6 b2c1 h6h7 c1b2 f8h6 b2c1 d5f6 a8f3 g6g5 c1b2 g5g4 b2c1 g4f3 c1b2 f3e2 e1e2 f6d7 b2c1 h7h8 c1f1 f5f4 f1g2 f4f3 g2f3 e6f5 f3f5 d7b6 e2e3 h6e3 d2e3 h8f8 f5f8 d6d5 a3c5 a6a5 b3b4
541,B,value_resign,63,0.598753,2705,2026-09-02 11:00:52,e2e3 a7a5 d2d4 a5a4 g2g3 e7e5 g1h3 a8a6 f1a6 g8f6 h1f1 b8a6 d4e5 f6e4 b1a3 a6b4 f2f4 b7b6 h3g5 f7f6 f4f5 b4a6 b2b4 e4g5 e5f6 d8f6 h2h4 f6a1 c1d2 a1a2 a3b5 h7h6 b5c3 a2a3 c3b1 a3b2 d1c1 b2c1 d2c1 e8f7 h4g5 d7d5 b4b5 h6g5 b5a6 c8a6 c2c3 a6b7 g3g4 c7c5 c3c4 d5c4 f5f6 b7e4 c1a3 g7f6 e1d2 f8e7 a3c5 b6c5 f1f3 h8f8 b1c3
542,B,value_resign,58,0.650167,2710,2026-09-02 11:04:11,e2e3 a7a5 e3e4 f7f6 f1b5 a5a4 d2d3 b8a6 f2f3 a4a3 c2c3 b7b6 c1f4 a3b2 b1d2 b2a1q d1a1 g7g6 f4c7 d8c7 b5a6 a8a6 g2g3 c7c6 d3d4 g8h6 d4d5 c6d6 e4e5 d6e6 d5e6 g6g5 g1e2 h8g8 e5f6 e7f6 e1g1 c8b7 c3c4 f8c5 g1h1 d7e6 h2h3 h6f5 g3g4 f5e3 e2g3 e3f1 a1f1 a6a2 f1c1 c5d6 c1a3 d6a3 h1h2 e8f7 h3h4 b7a6
543,B,value_resign,68,0.523990,2715,2026-09-02 11:04:43,a2a4 c7c6 g1h3 f7f6 b2b4 e7e5 g2g4 h7h6 b4b5 f8e7 c1b2 c6c5 c2c4 d7d5 g4g5 f6g5 f2f4 e5f4 h1g1 c8e6 b2g7 f4f3 g7h8 g8f6 c4d5 e6d5 b1c3 c5c4 h8f6 b8c6 a1b1 g5g4 c3d5 c6b4 b1b4 e7b4 e2e3 b4a5 f6b2 d8d5 b2c3 a5c3 h3f2 c3h8 b5b6 a8b8 b6a7 b8c8 a7a8q c8a8 a4a5 d5d7 h2h3 h6h5 e3e4 d7d4 f1c4 d4c4 d2d4 g4h3 f2h3 a8a5 d1c2 c4c2 g1h1 a5a6 d4d5 e8f7
544,B,value_resign,62,0.591439,2720,2026-09-02 11:06:13,e2e3 g7g6 h2h3 g8h6 g2g3 b8c6 f2f3 h8g8 e1e2 c6b8 a2a3 f8g7 e2e1 c7c5 f1b5 b7b6 e1f1 f7f5 d1e1 e8f7 b2b3 g6g5 f1e2 a7a5 d2d4 c5d4 e3d4 c8b7 b5c4 d7d5 e1d2 d5c4 b3c4 b8c6 c4c5 b6c5 d4c5 g7a1 c2c4 a8c8 a3a4 c6b4 e2e1 g5g4 c1b2 g4f3 g1f3 b7c6 d2d8 c8d8 b2a1 d8d7 b1d2 b4d3 e1e2 g8g6 f3e5 d3e5 e2e1 e5c4 d2c4 g6g5
545,B,checkmate,34,0.577372,2725,2026-09-02 11:06:14,a2a4 c7c6 g1h3 f7f6 g2g4 h7h6 a4a5 c6c5 g4g5 f6g5 b1c3 h6h5 b2b4 c5b4 c3b5 h5h4 f2f3 a7a6 d2d4 h8h7 c1g5 a6b5 e1d2 e8f7 f1g2 h7h8 h1f1 d8c7 g5e3 c7c3 d2c1 e7e6 e3d2 c3a1
546,B,checkmate,44,0.648270,2730,2026-09-02 11:08:22,e2e3 a7a5 e3e4 f7f6 d2d4 a5a4 c2c3 e7e5 d4e5 c7c6 a2a3 d7d6 e5f6 g8f6 e1e2 f6e4 d1d4 c8e6 f2f3 f8e7 d4d1 h7h6 f3e4 e6c4 e2e3 c4f1 d1f1 e8d7 g1e2 d8c7 c3c4 h8f8 f1e1 d6d5 g2g4 d5c4 h2h3 c7e5 h1f1 d7e6 e3d2 e5e4 f1f8 e4d3
547,W,value_resign,63,0.621229,2735,2026-09-02 11:09:28,a2a4 c7c6 b2b4 f7f6 d2d4 d7d6 e2e3 c8f5 g2g4 f5g4 e1d2 g4d1 c1b2 d8b6 b4b5 e7e5 h2h4 g8e7 b2c1 h7h6 a4a5 d1c2 a5b6 e5d4 d2c2 d4e3 f2e3 e7d5 b5c6 a7b6 a1a8 f8e7 f1e2 b7c6 b1a3 d5e3 c2c3 e3d1 e2d1 e8d7 d1f3 c6c5 c1b2 b8a6 f3d5 a6c7 a8a7 f6f5 a3c4 e7f8 g1f3 g7g5 f3e5 d6e5 b2a3 f8e7 h1d1 h8a8 a7a8 c7a8 h4g5 h6g5 d1d3
548,W,value_resign,83,0.686475,2740,2026-09-02 11:12:17,e2e3 a7a5 b1a3 g8h6 g2g3 d7d6 f2f3 e8d7 d1e2 h8g8 b2b3 a5a4 b3a4 f7f5 f1g2 g7g5 a4a5 a8a7 e1d1 f5f4 e3f4 c7c6 d2d3 a7a8 f4g5 d7c7 g5h6 f8h6 f3f4 c8g4 g1f3 g4f3 g2f3 b8a6 f3g2 d8b8 h1g1 h6g7 g2d5 g7a1 d5g8 b8g8 e2e3 e7e6 d3d4 a8c8 e3d3 a1d4 d3d4 e6e5 f4e5 d6e5 d4e5 c7d7 d1d2 g8g7 e5f5 d7d6 g1f1 a6c7 f5f4 d6d5 a5a6 c8f8 a6a7 f8f4 g3f4 h7h5 f4f5 d5d6 c2c3 c6c5 a3c2 c5c4 c1a3 d6c6 f5f6 c6b5 f6g7 h5h4 h2h3 c7d5 d2d1
549,W,checkmate,53,0.645824,2745,2026-09-02 11:13:13,e2e3 a7a5 g1h3 g8h6 a2a3 a5a4 g2g4 h6g4 h1g1 b8c6 f1b5 g4f2 e1f2 e7e5 b5e2 a8b8 c2c4 f7f5 g1f1 g7g6 d2d4 f8g7 f2g1 f5f4 d4e5 d8e7 e3f4 b7b6 c1e3 e8g8 d1d2 g7h8 h3g5 c8b7 f4f5 g6f5 h2h3 c6e5 c4c5 b8a8 h3h4 e5c4 e2c4 g8g7 c5b6 c7b6 g5h7 g7h7 d2d1 h8b2 d1h5 h7g7 h5h6
550,W,material_adjudication,80,0.748950,2750,2026-09-02 11:15:00,e2e3 a7a5 d2d4 g7g6 a2a3 a5a4 e1e2 c7c6 g2g3 b7b6 d4d5 c6d5 h2h3 c8b7 c2c4 g8h6 c4d5 f8g7 b1c3 f7f6 f2f4 h6f5 d1e1 b7d5 a1b1 d5g8 g3g4 e7e6 g4f5 b8c6 f5g6 h7g6 h3h4 e6e5 c1d2 e5f4 e1d1 f4e3 d2e3 g8c4 e2e1 d7d5 h4h5 d5d4 e3d4 d8d4 d1d4 c6d4 f1c4 d4c2 e1e2 e8c8 c4d5 g6h5 e2d3 d8d5 c3d5 g7h6 d5f6 h8f8 h1h5 h6f4 g1f3 b6b5 f3h4 f8f6 d3c2 f4d6 c2d1 d6f8 b1a1 f8d6 a1b1 f6h6 h5h6 c8b7 h4g6 b7c6 d1e1 d6f8
551,B,value_resign,72,0.602188,2755,2026-09-02 11:18:36,h2h3 h7h5 e2e3 g7g5 f1e2 f7f5 f2f3 g5g4 b1a3 c7c5 a1b1 e8f7 f3g4 f8h6 g4g5 h6g7 c2c3 d8f8 h1h2 a7a5 d1b3 c5c4 b3b6 a8a6 b6c7 f5f4 e1f2 f4f3 g2f3 a5a4 f2f1 d7d5 c7b8 a6a8 b8a8 c8d7 a3b5 f8a8 e3e4 d5e4 d2d4 e4d3 h3h4 a8d8 b1a1 d3e2 f1f2 d7b5 f3f4 e7e5 f2e2 b5c6 g1f3 f7f8 f4e5 c6d5 c1d2 b7b5 a2a3 d8c8 f3d4 c8d7 d2f4 h8h7 a1c1 d7d8 d4e6 d5e6 h2h1 h7h8 h1e1 h8h7
552,W,value_resign,40,0.593311,2760,2026-09-02 11:19:04,e2e3 a7a5 e1e2 g8h6 h2h4 c7c5 f2f3 d7d5 c2c3 g7g6 a2a4 f8g7 d2d3 d8d7 e3e4 f7f6 e4e5 e8d8 e5e6 h8g8 e6d7 b7b6 g2g4 b8d7 c1g5 a8b8 f3f4 b8a8 f1g2 h6g4 g2h3 g4f2 e2f2 a8b8 g1f3 c8b7 f2e2 b8a8 h1g1 a8c8
553,B,value_resign,70,0.606130,2765,2026-09-02 11:19:31,a2a4 e7e6 g1h3 h7h6 g2g3 a7a6 a4a5 f7f6 d2d4 g7g6 d4d5 e6d5 c2c3 c7c5 h3g1 f8g7 c1f4 c5c4 f4b8 b7b5 b8d6 c8b7 e2e3 d8c8 d1e2 g7f8 f2f3 f8d6 b1d2 e8d8 f1h3 d6c5 e2f1 c5e3 g1e2 e3d2 e1d2 g8e7 e2c1 a8b8 g3g4 h8g8 f3f4 d8e8 f4f5 g6f5 g4f5 g8g7 f1f4 d7d6 h1f1 d5d4 a1b1 b7d5 f4d4 b5b4 c3b4 c8d7 f1f4 e8f8 b4b5 a6b5 d2e2 b8d8 d4d5 e7d5 a5a6 d5f4 e2e3 d7e7
554,W,value_resign,51,0.671342,2770,2026-09-02 11:20:20,b1a3 a7a5 d2d3 h7h6 h2h3 c7c6 d3d4 d7d6 g2g4 c8g4 h3g4 b7b5 b2b4 a8a6 d4d5 a5b4 c1b2 b8d7 a3b1 d8c7 e1d2 c6d5 e2e4 d7b6 g1f3 c7d8 f1b5 d8d7 b5d7 b6d7 c2c3 f7f6 c3b4 d5e4 b1a3 e7e5 a3b5 d6d5 d2e2 e4f3 e2f3 e5e4 f3e2 a6a2 a1a2 g8e7 b2d4 h8g8 d1c1 g8h8 b5c3
555,W,value_resign,95,0.576237,2775,2026-09-02 11:23:31,b1a3 g8f6 d2d3 b7b5 e2e3 g7g5 c2c3 d7d5 a1b1 b8a6 a3b5 f6e4 d3d4 a8b8 b1a1 f7f6 d1e2 e4f2 a2a4 f8h6 e1f2 e8g8 g1f3 d8e8 g2g3 b8b6 f1h3 g5g4 h3g4 c8g4 h2h3 g4f3 e2f3 c7c6 b5a7 a6c7 b2b4 b6b7 e3e4 d5e4 f3g4 h6g7 a7c8 e8c8 g4c8 f8c8 c3c4 h7h5 f2e2 f6f5 h1d1 b7b4 c1e3 g7h8 c4c5 h5h4 g3g4 c8a8 d1f1 b4b8 a1b1 b8b1 f1b1 f5g4 h3g4 c7e6 d4d5 e6d8 e3g1 h4h3 d5c6 g8f8 c6c7 h8g7 b1c1 g7h6 c7d8q a8d8 c1c4 d8d7 c5c6 h3h2 g1h2 h6f4 c6d7 e7e5 a4a5 f8g7 c4c5 f4g5 a5a6 g7f6 c5c6 f6g7 c6c7
556,W,value_resign,39,0.740711,2780,2026-09-02 11:23:32,b1a3 a7a5 f2f3 h7h5 e2e3 e7e6 g2g3 e8e7 f1b5 c7c6 e1e2 a5a4 d2d4 f7f5 d4d5 e6e5 b2b4 h5h4 c2c3 c6b5 f3f4 h8h6 d1e1 d8c7 e3e4 d7d6 c1e3 b8a6 f4e5 b7b6 g3h4 h6h4 e1h4 g7g5 h4g5 g8f6 e5d6 e7f7 d6c7
557,B,value_resign,58,0.680068,2785,2026-09-02 11:23:57,b1a3 f7f6 e2e3 e7e5 f2f3 e8e7 a1b1 c7c6 b2b3 c6c5 h2h4 d7d5 b1b2 h7h6 h1h3 a7a6 e1e2 b7b6 a3c4 d8e8 d2d3 d5d4 f3f4 e7d8 f4e5 f6e5 e3d4 h6h5 e2f2 c5d4 c1g5 g8e7 g2g3 c8b7 f1g2 b8c6 g2f3 a6a5 c4b6 a8c8 b6d5 c8a8 a2a3 a5a4 g1e2 e5e4 f3e4 a4b3 c2b3 a8a3 d1e1 e8d7 g5f6 g7f6 d5f4 c6b8 e2g1 b7d5
558,B,value_resign,28,0.573070,2790,2026-09-02 11:24:21,e2e3 a7a5 e1e2 g8h6 h2h4 b7b5 f2f3 d7d5 h1h3 g7g6 c2c3 f8g7 b2b3 c8f5 b1a3 f5h3 g1h3 e8g8 h3g1 b5b4 g2g3 b4a3 c1b2 a3b2 a2a3 f7f6 g3g4 g7h8
559,D,rule_draw,118,0.765160,2795,2026-09-02 11:25:29,a2a4 a7a5 c2c4 c7c5 h2h3 h7h6 f2f4 d7d5 a1a3 c8e6 d2d4 c5d4 f4f5 e8d7 b2b4 d5c4 d1c2 a5b4 c2e4 d8c7 e1d1 g8f6 f5e6 d7e8 g2g4 h8h7 e4e3 f6g4 h3g4 b4a3 e3f4 c7c8 c1d2 f7f5 f4f5 b7b5 f5h7 b5a4 b1a3 h6h5 g4h5 c4c3 d2c1 d4d3 a3b5 c3c2 d1e1 b8c6 c1d2 c2c1q d2c1 c6b4 c1d2 c8b8 f1g2 b8b5 g2a8 b5c6 e1f2 c6h1 d2e3 h1a8 e2d3 a8c6 e3d4 a4a3 g1e2 b4d3 h7d3 a3a2 d3d1 a2a1q d1a1 c6a8 a1c1 a8a6 c1h1 a6a4 h1g1 a4c6 g1f1 c6e6 e2c1 e6g4 f1e2 e7e5 d4e5 g4e2 f2e2 g7g6 h5g6 e8e7 e2d2 e7e8 e5c7 f8d6 d2e1 d6c7 g6g7 e8f7 c1b3 f7g7 e1f1 c7d6 b3d4 g7f8 d4c6 d6a3 c6d4 a3d6 d4c6 f8e8 f1e2 e8f8 e2f1 d6e5 c6d4 e5d4
560,B,value_resign,78,0.754907,2800,2026-09-02 11:25:51,f2f4 d7d6 f4f5 e7e5 c2c4 b7b6 e2e4 d8g5 e1f2 a7a6 f2e2 g5h5 e2e1 f7f6 f1e2 h5f7 e2f3 c7c6 c4c5 d6c5 b2b3 h7h6 c1a3 h8h7 e1e2 b8d7 d1c2 a6a5 c2c1 f8e7 g2g3 a8b8 b1c3 e8f8 a3b2 c5c4 d2d3 c6c5 d3c4 a5a4 e2e1 a4b3 a2b3 e7d8 g3g4 f7e8 g1e2 d8e7 c3b5 e8d8 e2c3 b8b7 f3g2 h6h5 g4g5 g7g6 h2h4 f6g5 h4g5 g6f5 e1e2 f5e4 c3b1 h7h8 h1d1 e4e3 g2b7 c8b7 e2d3 e7g5 b1d2 e3d2 c1d2 g5d2 d1d2 f8e7 a1a8 b7a8
561,W,material_adjudication_moderate,88,0.671419,2805,2026-09-02 11:26:15,b1a3 c7c5 d2d4 c5d4 c2c4 b7b5 e2e3 d7d6 h2h4 e8d7 e3d4 e7e5 a3b5 a7a6 a2a3 a6b5 c4b5 d8c7 h4h5 f8e7 c1f4 e5d4 a3a4 e7f6 g2g3 g7g6 g1h3 h7h6 g3g4 c7b7 h5g6 d7e7 h1g1 f7g6 f4d2 d6d5 f1g2 e7e8 b2b3 b7e7 d1e2 d4d3 e2e7 f6e7 f2f4 c8g4 g2d5 g4h3 d5a8 h3d7 a8f3 g8f6 d2c3 h8h7 e1d2 g6g5 f4g5 h6g5 d2d3 g5g4 f3g2 d7f5 d3c4 f5e4 g2e4 b8d7 e4g2 h7h8 g1f1 e8d8 g2h1 h8h1 f1h1 g4g3 a1c1 g3g2 h1g1 f6e4 g1g2 e4c3 c1c3 d7b6 c4d3 d8e8 d3e4 b6d5 c3c1 e8f8
562,W,value_resign,13,0.664976,2810,2026-09-02 11:28:50,a2a3 g8f6 a3a4 b7b5 a4b5 d7d5 e2e3 c8f5 g2g3 f5g4 f2f3 d5d4 f3g4
563,W,value_resign,133,0.587433,2815,2026-09-02 11:32:31,e2e3 a7a5 f1b5 a5a4 g2g3 g8h6 d2d4 g7g6 h2h3 h6g4 d1f3 e7e5 e1f1 e5d4 e3d4 f7f5 h3g4 f5g4 f3d5 c7c6 d5e5 d8e7 g1f3 g4f3 e5h8 e8d8 c1e3 c6b5 h8e5 e7e5 d4e5 b5b4 c2c3 b4c3 b2c3 d7d6 h1h7 d6e5 e3d2 f8e7 g3g4 c8d7 h7e7 d8e7 f1e1 e7d8 g4g5 a8a6 b1a3 e5e4 a1c1 d7e6 a3b5 d8d7 b5d4 e6c4 d4c2 b7b5 d2e3 d7d6 c1d1 d6e7 e1d2 b8d7 d1g1 a6e6 g1g3 a4a3 c2a3 e6c6 a3c4 b5c4 d2c2 c6a6 g3g1 a6a8 c2c1 e7e8 g1d1 a8b8 d1d2 b8a8 c1b1 a8b8 b1a1 b8a8 a1b1 a8b8 b1a1 b8a8 a1b1 e8e7 b1b2 e7e8 b2b1 a8b8 b1c1 e8d8 d2d4 d8e8 d4d1 e8d8 d1d2 d8c7 d2d1 b8b7 d1d2 b7b8 d2d1 c7d8 e3f4 b8b7 d1d2 e4e3 f2e3 f3f2 d2f2 b7a7 f2e2 a7a2 e2a2 d7c5 e3e4 c5e4 c1c2 e4c3 c2c3 d8e8 c3c4 e8d7 c4d3 d7d8 d3c2
564,W,value_resign,67,0.700751,2820,2026-09-02 11:32:32,b1a3 a7a5 f2f3 h7h5 g1h3 b8c6 d2d3 b7b5 c1g5 b5b4 g5d2 h8h7 d2f4 b4a3 b2a3 c6b4 a1b1 h5h4 b1b4 a5b4 a3b4 a8a6 h3g5 g8h6 b4b5 a6a5 g5h7 d7d5 f4e3 c8d7 c2c3 d5d4 e3d4 d8b8 e2e4 g7g5 h7f8 e8f8 g2g4 b8b7 f1h3 e7e6 b5b6 c7c5 d4e5 f7f6 e1g1 f6e5 d1c2 a5a2 c2a2 b7a8 a2b3 a8a5 g1h1 d7a4 b3b2 a5a8 b2a3 a8a5 a3b2 f8e7 h1g1 h6g4 h3g4 a4c2 b2b3
565,W,value_resign,53,0.771601,2825,2026-09-02 11:35:29,b1a3 f7f6 f2f3 e8f7 b2b4 d7d5 b4b5 c7c5 f3f4 c5c4 e2e4 a7a6 h2h3 e7e5 e4d5 c8f5 f4e5 a6b5 a3b5 g8h6 g1e2 f8e7 e2d4 f5e6 g2g3 e6d7 h1h2 f7f8 d2d3 f6e5 g3g4 e5d4 b5d4 h6g4 h3g4 c4d3 d1d3 d7g4 h2f2 e7f6 d4b3 g7g6 c1d2 d8d5 d3d5 f8g7 f1g2 g4e6 d5e6 b8a6 g2f1 a6c5 f1g2
566,W,value_resign,43,0.626911,2830,2026-09-02 11:35:29,e2e3 g7g6 f2f4 e7e5 h2h3 e5f4 e3f4 b8c6 e1e2 g6g5 f4g5 g8e7 h3h4 d7d5 c2c3 c8g4 e2d3 d8c8 f1e2 b7b6 b2b3 e8d8 c3c4 d5c4 b3c4 c8b8 d3c2 a7a6 h4h5 a6a5 c1b2 g4e2 d1e2 d8c8 b2h8 c6d4 h8d4 c8b7 g1f3 a8a6 b1a3 f8g7 a1b1
567,B,material_adjudication,66,0.683426,2835,2026-09-02 11:36:47,a2a3 g8f6 e2e4 c7c6 f2f3 b8a6 a1a2 f6e4 f1a6 e4c5 c2c4 c5e4 f3e4 f7f6 e1e2 d8c7 e2f1 c7b6 d2d4 b6a6 g1e2 c6c5 a3a4 f6f5 e2g1 h7h5 g1f3 a6c4 d1e2 c5d4 e2c4 h5h4 e4f5 h8h5 c4c5 d7d6 c5c2 c8f5 f3h4 f5c2 g2g3 c2b1 f1e1 b1a2 c1d2 a8d8 h1f1 g7g5 g3g4 h5h4 f1f3 d4d3 h2h3 d6d5 e1f1 d5d4 a4a5 a7a6 d2e3 e7e5 e3d4 e5d4 f1e1 f8d6 e1d2 b7b5
568,W,checkmate,51,0.716761,2840,2026-09-02 11:41:36,e2e3 g7g6 f2f3 g8h6 b2b3 b8c6 e3e4 a7a5 d2d4 h6f5 d4d5 c6a7 c2c3 b7b5 e4f5 f8h6 e1e2 c7c6 b3b4 c6d5 g1h3 a5b4 c1d2 c8b7 d2h6 d8b8 h6g5 h8g8 e2e1 b4b3 d1b3 h7h5 b1a3 b5b4 c3b4 a7c6 f3f4 c6b4 b3b4 b7a6 b4b5 a6b5 a3b5 b8b5 f1b5 g6f5 a1b1 a8a2 b1c1 d5d4 c1c8
569,B,value_resign,64,0.722844,2845,2026-09-02 11:42:17,a2a4 c7c6 e2e3 f7f6 h2h4 c6c5 a4a5 h7h5 h1h2 e8f7 c2c3 f6f5 d2d3 g7g5 f2f3 g5g4 h2h3 g4h3 e3e4 f8g7 g1h3 g7c3 b1c3 c5c4 f3f4 d8e8 e4f5 b7b6 d3c4 g8f6 h3g5 f7f8 c3d5 c8b7 a1b1 b6a5 c1d2 f6d5 c4d5 d7d6 f1e2 b7d5 g2g3 e8c8 e2f3 c8b7 f3d5 b7d5 d2a5 d5a5 d1d2 a5a6 b1a1 a6b7 a1a7 b7a7 b2b3 a7a6 g5f7 f8f7 d2a2 f7f8 a2b2 d6d5
570,W,value_resign,55,0.648126,2850,2026-09-02 11:43:39,b1a3 d7d5 g1f3 a7a6 d2d3 f7f6 b2b3 e7e5 a1b1 d5d4 f3e5 c7c5 e5f3 b8c6 c1e3 d8d7 h1g1 d4e3 f2e3 d7d5 e3e4 d5e5 f3e5 f6e5 a3c4 g7g5 c4e5 f8d6 b1b2 d6e5 d1d2 e5f6 g2g3 c8g4 f1g2 a6a5 c2c4 f6b2 d2b2 c6b4 b2h8 h7h6 g1f1 a5a4 d3d4 a4a3 f1g1 c5d4 g1f1 d4d3 c4c5 a8a6 h8g7 g8e7 e2d3
571,W,value_resign,71,0.705482,2855,2026-09-02 11:44:21,c2c4 h7h5 d1b3 b8a6 c4c5 h8h7 b3d1 h5h4 d2d4 d7d6 f2f3 e7e6 d4d5 e6d5 a2a3 a6c5 c1e3 b7b5 g2g4 e8d7 e3d2 g8h6 f1h3 f7f6 b1c3 g7g6 d1b1 c5e6 g4g5 d8e8 h3e6 e8e6 c3d5 c7c6 d5b4 d7c7 g5h6 h7h6 e2e3 d6d5 d2c1 g6g5 h2h3 e6d6 b4d3 d6g3 e1f1 d5d4 g1e2 g3d6 e2d4 f6f5 f1e1 c8b7 e1d1 c7b6 c1d2 g5g4 f3g4 c6c5 d4f5 c5c4 a3a4 c4d3 g4g5 h6g6 f5d6 g6g5 d1e1 a8b8 d2c3
572,B,value_resign,52,0.739653,2860,2026-09-02 11:47:18,a2a4 c7c6 b2b4 f7f6 a1a3 e7e6 a4a5 f8b4 h2h3 g8h6 e2e3 g7g5 f2f3 e8e7 g2g3 b4a3 c1a3 c6c5 a3c5 d7d6 h1h2 d6c5 d2d4 e7d7 f3f4 e6e5 f4g5 h6f7 d1c1 d7c6 f1g2 c6d6 c2c4 f7g5 g2f3 g5f3 g1f3 c5d4 e3d4 e5d4 b1d2 h8g8 f3h4 a7a6 e1f1 h7h6 c1b2 d6e6 f1f2 g8g7 h2h1 e6d7
573,B,value_resign,42,0.702521,2865,2026-09-02 11:47:19,f2f3 h7h5 e2e3 h5h4 b2b3 b8a6 a2a3 b7b5 b3b4 d7d5 g2g3 a6b4 a3b4 a7a5 f1b5 c8d7 c1b2 c7c6 b5f1 a8b8 b2e5 h4g3 b4a5 e7e6 e5d4 e6e5 c2c4 e5d4 c4c5 d8h4 a1a3 g3g2 e1e2 g2h1q e3d4 e8d8 d2d3 f8e7 b1d2 h4f6 a3a1 g7g6
574,W,value_resign,61,0.649607,2870,2026-09-02 11:48:18,e2e3 a7a5 f1b5 a5a4 e1e2 c7c6 c2c3 a8a7 e3e4 f7f6 g1h3 g8h6 d2d4 h8g8 d4d5 a4a3 h3f4 a3b2 c1b2 c6b5 g2g3 g7g5 f4d3 b8c6 f2f4 d7d6 d5c6 d6d5 b1a3 a7a3 b2a3 b5b4 c6b7 b4a3 b7c8q d8c8 d1d2 d5e4 d3c1 g5f4 g3f4 e4e3 d2e3 c8b7 c1d3 b7h1 a1h1 h6g4 e3f3 g4h2 f3f2 h2g4 f2e1 e7e6 h1f1 e8e7 e1d2 g4h6 f1d1 g8g6 f4f5
575,B,value_resign,70,0.711557,2875,2026-09-02 11:49:18,a2a3 c7c6 g2g3 d8b6 e2e3 f7f6 h2h3 e8f7 d2d3 h7h6 b2b4 f6f5 h3h4 g8f6 b1c3 b6c7 c3d5 f6d5 h1h3 h8h7 c2c4 d5b4 e1e2 g7g6 c1b2 h7h8 c4c5 d7d5 b2h8 e7e6 a3b4 b8a6 d1c1 a6b4 c1a3 d5d4 a3b4 a7a5 b4b3 f8c5 b3c4 c5a3 a1a3 b7b5 c4d4 e6e5 d4c3 b5b4 c3d4 b4a3 d4a1 c8e6 a1a3 a8h8 h3h1 h8a8 h4h5 g6h5 f2f3 c7c8 a3b2 a5a4 d3d4 a4a3 b2a2 e6a2 f1g2 e5e4 f3e4 c8d7
576,W,value_resign,65,0.679440,2880,2026-09-02 11:49:19,b1a3 g8f6 e2e3 d7d5 f1b5 c7c6 g1f3 d5d4 b5e2 b8a6 a1b1 d4e3 d2e3 f6g4 b2b4 c8d7 c1d2 a8c8 h2h3 f7f5 a3b5 c6b5 h3g4 f5g4 h1h3 d7f5 a2a4 e7e5 a4b5 g4f3 g2f3 f5h3 b5a6 b7a6 e2a6 f8b4 a6c8 g7g5 c8h3 g5g4 b1b4 g4h3 c2c4 a7a5 b4b5 d8d7 b5d5 e5e4 e1e2 e8f7 f3e4 f7e6 e2e1 h8f8 d1e2 h3h2 d5d7 a5a4 d2a5 f8f3 e2f3 a4a3 e1e2 a3a2 f3f8
577,W,value_resign,40,0.753775,2885,2026-09-02 11:50:47,a2a3 g8f6 a3a4 f6g8 b1c3 f7f6 c3d5 e7e5 a1b1 d7d6 d2d3 e8f7 h2h4 a7a6 b2b3 c7c5 d3d4 a6a5 d4c5 d6c5 h1h2 d8d6 h4h5 d6c6 d1d2 c6d5 d2d5 c8e6 d5d2 e6c8 h2h1 g8e7 c1b2 e5e4 e2e3 b8d7 e1d1 a8b8 b1a1 b8a8
578,B,value_resign,126,0.652858,2890,2026-09-02 11:51:42,e2e3 g7g6 g1h3 b7b6 e1e2 e7e6 f2f3 e6e5 c2c3 a7a6 e3e4 d7d5 d1b3 f7f6 e4d5 f8d6 h3g1 c7c5 d5c6 d6f8 c6c7 d8c7 b3d1 f8e7 a2a4 c7d7 d1b3 e8d8 a4a5 b6a5 d2d4 a5a4 b3d5 d7d5 h2h4 c8b7 c3c4 d5c4 e2f2 b7d5 f1c4 d5c4 d4d5 c4d5 c1e3 b8d7 b1d2 e5e4 f3e4 d5b7 g1f3 b7c6 e3f4 a6a5 a1c1 d8c8 g2g4 d7c5 h1d1 e7d6 d2b1 d6e7 e4e5 f6e5 f3e5 c6d5 e5c4 g8f6 g4g5 d5c4 g5f6 e7f6 b1d2 c5a6 d2c4 c8b7 d1d7 b7c6 c1d1 c6b5 f4g5 h8d8 d7d8 a8d8 g5f6 d8f8 c4d2 a6b4 f2e2 f8f6 b2b3 f6f5 b3a4 b5a4 d2c4 a4b3 d1d2 b3c4 d2d1 f5e5 e2d2 b4d5 d1e1 e5e6 e1e6 a5a4 e6e5 a4a3 e5d5 c4d5 d2e1 d5e4 e1e2 a3a2 h4h5 g6h5 e2f1 e4d5 f1e1 d5d4 e1d2 a2a1q d2e2 a1a2 e2f1 a2a1
579,W,material_adjudication_moderate,87,0.663497,2895,2026-09-02 11:53:31,e2e3 g7g6 g1h3 b7b6 f2f3 c8b7 a2a4 e7e6 c2c4 d7d5 e1e2 d8d7 d2d3 a7a5 g2g4 f7f5 e2e1 g8f6 d1d2 f8e7 d2c3 h8g8 h3g5 a8a7 g5e6 d7e6 a1a3 b8a6 f3f4 e7a3 b1a3 f5g4 c4d5 e6d5 e3e4 d5c6 a3b5 g8g7 b5a7 c6d7 c3f6 a6b4 d3d4 g7e7 f6h8 e8f7 c1d2 c7c6 f1e2 e7e4 f4f5 d7f5 h8h7 f7e8 h1g1 f5f7 h7f7 e8f7 g1g2 g4g3 h2h3 f7e7 b2b3 e7d6 g2g3 e4e2 e1e2 d6d7 e2e1 d7d6 d2b4 a5b4 g3g1 c6c5 e1d2 c5d4 g1g4 b7c8 d2d3 d6c5 g4g5 c8f5 d3e2 c5d6 e2f1 d6e7 f1g1
580,B,value_resign,54,0.668432,2900,2026-09-02 11:57:48,g2g4 f7f5 b1c3 f5f4 e2e3 g7g6 g1h3 g6g5 e3e4 c7c5 c3d5 h7h5 b2b4 a7a5 d2d3 c5c4 a1b1 h8h6 b1b2 h5g4 b4a5 g4h3 c1d2 c4c3 d2c3 f8g7 c3g7 a8a5 b2b7 c8b7 g7d4 e8f7 h1g1 e7e5 d5c3 e5d4 c3d5 b8a6 f2f3 b7d5 e4d5 d7d6 f1h3 a6c7 g1g3 a5a6 a2a4 f7f6 h3g4 f4g3 c2c4 g8e7 g4f5 g3g2
581,B,value_resign,40,0.729179,2905,2026-09-02 11:58:28,b1a3 g8f6 f2f3 e7e5 e2e3 f6d5 a1b1 f7f5 c2c3 e8f7 e3e4 f8a3 b2a3 d5e3 b1b5 c7c6 b5e5 e3d1 e4f5 b7b5 f5f6 g7g6 c1b2 d7d5 e5f5 d5d4 f1d3 c8e6 e1d1 e6f5 g2g4 d8d6 g4f5 g6f5 h2h4 b8a6 g1h3 a6c7 h3g5 f7e8
582,B,value_resign,74,0.656208,2910,2026-09-02 12:00:08,b1a3 e7e6 g1f3 d7d6 e2e3 h7h5 f1e2 a7a6 b2b3 g7g5 a1b1 h5h4 b1b2 h4h3 e3e4 e6e5 g2h3 g5g4 b2b1 g4f3 a3b5 f7f5 e2f3 h8h6 a2a3 f5e4 f3e4 d6d5 e4d5 e8e7 c1b2 c7c6 b5c7 c6d5 c7a8 b7b6 a8b6 h6b6 h3h4 e5e4 d2d3 g8f6 d3e4 e7f7 b1a1 f8c5 f2f4 d5d4 b2d4 c5d4 d1f3 d4a1 f4f5 c8b7 e1e2 b8c6 c2c3 f7e7 e4e5 e7f8 e5f6 d8f6 h1a1 f6h4 a3a4 h4h2 e2e1 h2e5 f3e4 e5e4 e1d2 f8e7 a4a5 b6b5
583,B,value_resign,66,0.717611,2915,2026-09-02 12:00:28,e2e3 a7a5 e1e2 b7b5 h2h4 e7e5 c2c3 b5b4 f2f3 d7d6 e3e4 b8d7 h4h5 g7g5 h5h6 g5g4 a2a4 g8h6 g2g3 c8b7 e2f2 h6g8 f1b5 b4c3 f2g2 c3b2 c1b2 f8g7 a1a3 b7c6 b5c6 g7f8 c6a8 d8a8 b1c3 a8c6 h1h4 h7h5 c3b5 f8e7 d1e2 e7h4 g3h4 f7f6 f3g4 h5g4 b2c3 e8d8 h4h5 h8h5 a3b3 d7c5 d2d4 c5b3 d4d5 c6c5 g2f1 b3d4 e2g4 c5c4 g4e2 d4e2 c3b4 a5b4 f1e1 c4b3
584,B,material_adjudication,67,0.750004,2920,2026-09-02 12:05:33,b1a3 d7d5 c2c3 e8d7 f2f3 h7h6 e2e4 g7g6 d2d3 a7a6 e1e2 c7c5 a3c2 c5c4 h2h3 e7e5 e4d5 f7f6 d3c4 h6h5 d1e1 h5h4 c4c5 d8e7 g2g4 h4g3 e1d1 g6g5 b2b4 g5g4 h3g4 h8h1 f1g2 h1h2 d5d6 e7g7 e2f1 f6f5 g4f5 h2h7 c1b2 g8h6 f5f6 g7f6 g1h3 h6f7 b2c1 f6g6 c1b2 a6a5 b4b5 b7b6 c5b6 g6g7 h3g5 f7g5 a2a3 c8b7 f3f4 e5f4 f1e1 b7g2 b6b7 a8a7 d1d2 g2h1 b5b6
585,W,value_resign,29,0.692197,2925,2026-09-02 12:06:02,b1a3 d7d5 g1f3 a7a6 d2d3 d5d4 b2b4 e7e6 a3b1 e8d7 c1d2 b7b6 a2a3 f7f6 f3d4 a6a5 d4e6 a5b4 e6d8 h7h6 h2h3 d7d6 d2b4 d6d5 h3h4 f8b4 a3b4 d5d4 d1d2
586,B,material_adjudication_moderate,115,0.712790,2930,2026-09-02 12:06:17,b1a3 d7d5 a3b1 d8d6 f2f3 e7e5 c2c3 d5d4 e2e4 g8e7 b2b3 e7d5 e4d5 e8e7 f1b5 f7f6 c1a3 b8d7 b5d7 c7c5 d7a4 e7d8 b3b4 b7b5 h2h4 b5a4 d1c2 c8f5 e1d1 f5c2 d1c2 c5b4 c3d4 b4a3 b1a3 d6c7 a3c4 g7g6 g2g4 g6g5 h4g5 e5d4 g5f6 d8e8 h1h3 c7c4 c2d1 f8e7 a1c1 c4d3 d1e1 e7f6 f3f4 h8f8 h3d3 f6g7 d3f3 g7f6 g4g5 a8c8 g5f6 c8c1 e1f2 h7h5 g1e2 c1c2 e2d4 c2a2 d4e6 f8f6 f2f1 a7a5 e6d4 f6f7 d2d3 e8d8 f1e1 f7f6 e1d1 d8c8 d1c1 c8b7 c1b1 a2h2 b1c1 a4a3 c1d1 h2a2 d1c1 a2h2 c1b1 f6f8 d4b3 a5a4 b3d4 b7a8 b1a1 a3a2 f3h3 h2h3 a1a2 a4a3 a2a3 f8f6 a3b4 f6f7 b4b5 f7f6 d4c2 f6f7 b5c4 f7f6 c4c3 f6f7 c3b4
587,W,checkmate,65,0.745030,2935,2026-09-02 12:06:31,e2e4 b8c6 g2g4 g8h6 a2a4 g7g6 b1c3 a7a5 c3d5 h8g8 a1b1 c6b4 d2d3 b4c2 d1c2 e7e5 c2c4 f7f6 g4g5 a8a6 c1e3 h6g4 d3d4 g4e3 f2e3 e5d4 h2h3 d4e3 d5e3 f8h6 g5h6 d8e7 c4d4 c7c5 d4c3 e8d8 g1f3 b7b5 e3d5 b5a4 f1e2 g6g5 f3g5 f6g5 h1f1 e7e4 c3d2 c8b7 d5e3 a6h6 f1f7 b7d5 e3d5 e4b1 d2d1 b1e4 d1d2 g8g6 d5c3 e4b7 c3a4 g5g4 a4c5 b7e4 d2d7
588,B,checkmate,56,0.689281,2940,2026-09-02 12:06:32,a2a4 c7c6 b2b3 f7f6 d2d3 e8f7 b3b4 e7e5 e1d2 f8b4 c2c3 b4e7 f2f3 f6f5 g1h3 b7b6 a4a5 h7h5 d1b3 f7f6 c3c4 f6f7 h1g1 g8f6 a5b6 d8b6 b3b2 b6d8 a1a3 b8a6 h3g5 f7f8 a3b3 g7g6 d2c3 d7d5 b1d2 a6c7 b3a3 d5c4 d3c4 e7a3 b2a3 d8e7 a3b3 a7a5 c1b2 a8a6 g1h1 f6g4 f3g4 h5g4 d2e4 f5e4 b3c2 e7b4
589,B,value_resign,54,0.603113,2945,2026-09-02 12:07:00,b1a3 d7d5 d2d3 a7a6 a3b5 c8h3 a1b1 e7e5 c1e3 e8e7 a2a3 c7c6 b5c7 d8c7 e3h6 f7f6 a3a4 c7d8 g1f3 d5d4 g2g3 g7g5 f3e5 b7b5 c2c4 f6e5 a4b5 g8h6 b5a6 b8a6 f1h3 a6c7 f2f3 e7f6 h3g2 f8e7 g3g4 h8f8 b1a1 e5e4 a1a8 d8a8 f3e4 h6g4 h2h3 g4e3 d1a1 e3g2 e1f1 h7h5 f1g2 a8b8 a1a3 b8a8
590,W,value_resign,59,0.673214,2950,2026-09-02 12:08:06,d2d4 c7c6 g2g3 f7f6 d4d5 e8f7 b2b4 e7e5 g3g4 f7e8 b4b5 b7b6 h2h4 g7g5 c1b2 e5e4 b1c3 c6d5 h1h2 d8c7 c3d5 a7a5 d5c7 e8e7 b2c1 a5a4 a1b1 g5h4 c7a8 h7h5 h2h3 d7d5 h3h4 e7f7 h4h5 e4e3 d1d5 c8e6 d5e4 e6d5 e4d5 f7g7 d5d4 h8h5 f2f3 g7f7 d4a1 h5d5 a8b6 b8d7 b6a8 f8c5 c2c3 f7e7 c1b2 f6f5 a2a3 g8f6 g4g5
591,B,value_resign,66,0.654830,2955,2026-09-02 12:09:14,b1a3 d7d5 d2d4 e7e5 b2b4 a7a6 a3b5 e8e7 a2a3 a6b5 g2g3 c8e6 e1d2 c7c6 f2f3 e5d4 d2d3 c6c5 e2e3 e6c8 e3d4 c8e6 a3a4 c5d4 c2c3 b5a4 f1g2 b7b5 d1c2 h7h6 c3d4 b8c6 c2c6 f7f6 h2h4 a8c8 c6b5 e6d7 b5d5 d7c6 d5c4 g7g6 g3g4 d8d7 c1d2 c8d8 a1c1 a4a3 c1a1 e7e8 a1a3 f8d6 c4b3 d6e7 g4g5 d7d4 d3c2 d4d2 c2b1 f6g5 b3d1 d2d1 b1b2 g5h4 h1h4 e8d7
592,W,value_resign,55,0.720328,2960,2026-09-02 12:09:15,b1a3 d7d5 g2g4 a7a6 a3b5 e7e5 b2b3 e8d7 b3b4 d8e8 h2h4 g7g5 b5d4 f7f6 h4g5 f6g5 f2f4 g8h6 f4f5 e5d4 b4b5 a6b5 a2a3 c7c6 c2c3 e8d8 c3d4 d8f6 e2e4 h6g8 c1b2 g8h6 e4e5 f6g7 e1f2 c6c5 f1b5 b8c6 f5f6 h8g8 f6g7 f8g7 b5c6 b7c6 d1f1 c5d4 e5e6 d7e6 g1f3 h6f5 g4f5 e6f7 f1e1 c8d7 e1e2
593,W,checkmate,65,0.661113,2965,2026-09-02 12:10:07,b1a3 d7d5 g2g4 a7a6 a3b5 c8g4 b5d4 e7e5 d2d3 e5d4 f2f3 f8d6 a2a4 d8e7 f3g4 f7f6 b2b4 h7h6 f1g2 d6f4 c1f4 e7d8 a4a5 c7c5 d1b1 c5b4 b1b4 a8a7 g4g5 b7b6 a1a3 b8c6 b4a4 b6b5 a4b3 f6g5 g1h3 g5f4 h3f4 g7g5 f4h5 c6a5 a3a5 d8a5 e1d1 a5d8 h1f1 e8e7 g2d5 d8d5 b3d5 g8f6 f1f6 a7a8 d5e6 e7d8 c2c3 d4c3 h2h4 d8c7 e6f7 c7c8 f6c6 c8b8 f7c7
594,W,value_resign,41,0.639758,2970,2026-09-02 12:10:33,b1a3 d7d5 c2c3 g7g6 d2d3 c7c6 g2g4 e7e6 a3c2 d5d4 e2e4 h7h5 e4e5 f8b4 d1e2 b8a6 f2f3 f7f6 g4g5 d8c7 h2h4 d4c3 c2b4 e8e7 b4c2 c3b2 c1b2 a6b4 e2d1 f6e5 c2b4 a7a5 b4c2 a8a7 b2c3 e5e4 c3h8 e4f3 d3d4 a5a4 d1f3
595,B,material_adjudication_moderate,76,0.659404,2975,2026-09-02 12:11:00,a2a4 c7c6 h2h4 f7f6 c2c4 c6c5 e2e3 g7g6 g2g3 e8f7 f1g2 e7e5 e1e2 a7a6 f2f3 d7d5 d1c2 d5c4 c2c4 f7e7 e2e1 a6a5 e1d1 c8d7 e3e4 f8g7 d1e2 d7e6 c4c5 e7e8 c5c3 b8c6 e2f1 e8e7 h4h5 g8h6 h5g6 h7g6 a1a2 e6a2 c3a3 c6b4 a3a2 b4a2 d2d4 e7f8 g3g4 h6f5 g4f5 g6g5 h1h8 g7h8 c1g5 d8b6 g5f6 h8g7 f6g7 f8g7 d4e5 a8b8 b2b3 b8a8 b1a3 a8b8 a3c4 b6a7 g2h1 b7b6 b3b4 b8b7 b4a5 b6a5 c4a5 a7a5 f1g2 b7b8
596,W,value_resign,87,0.640767,2980,2026-09-02 12:11:51,a2a3 f7f6 e2e3 b8a6 b2b4 b7b6 d2d3 a8b8 c2c4 e7e5 h2h3 c7c5 b1d2 g8e7 f2f3 e5e4 b4c5 g7g6 d1c2 b8a8 c5b6 d8b6 e1e2 e8f7 c2c3 b6b7 f3e4 f6f5 g2g3 a8b8 c3h8 f8g7 h8h7 f7e8 e4e5 b7h1 h7g7 h1g1 d2e4 g1h2 e2e1 h2g3 e4g3 f5f4 g7h8 e8f7 e1d1 f4g3 a3a4 a6b4 f1e2 c8b7 d3d4 b8h8 c1d2 h8h6 d2b4 b7e4 b4e7 f7e7 a1c1 g3g2 d1d2 g2g1q c1g1 d7d6 e5d6 e7d6 g1f1 a7a5 e2d3 e4d3 d2d3 h6h4 f1f3 h4h3 f3h3 d6e7 h3h1 g6g5 h1g1 g5g4 g1g2 e7f7 g2g3 f7e7 e3e4
597,B,checkmate,26,0.711710,2985,2026-09-02 12:12:41,b1a3 g8f6 d2d3 d7d5 b2b3 b8a6 e2e4 e7e6 g2g4 f8a3 e4d5 g7g6 d3d4 b7b5 g1h3 g6g5 c1a3 h7h5 h3g5 f6e4 g5h7 c8d7 a3b2 d8f6 h2h4 f6f2
598,W,checkmate,23,0.757175,2990,2026-09-02 12:13:07,e2e3 a7a5 f1b5 c7c5 c2c3 h7h6 e1e2 b7b6 g1f3 c8b7 h2h4 f7f5 b1a3 g7g5 h4g5 h6g5 d2d3 h8h1 d1h1 g8f6 b5a4 f6h7 h1h5
599,W,value_resign,33,0.608211,2995,2026-09-02 12:13:45,b1a3 d7d5 g1f3 a7a6 d2d3 d5d4 c1e3 c7c5 f3e5 c5c4 f2f4 c4d3 e2d3 b8c6 e3c1 a8a7 a1b1 d8d5 c2c4 g7g5 e5c6 a7a8 c1d2 c8d7 a3c2 g8h6 c2d4 d7c6 c4d5 e7e6 d5c6 a6a5 g2g3
600,W,value_resign,34,0.695151,3000,2026-09-02 12:13:59,b1a3 d7d5 g1f3 a7a6 a3b1 e7e5 c2c3 d5d4 f3d4 e5d4 c3d4 g7g6 f2f4 c8d7 h2h3 d8g5 e2e4 g5f4 g2g3 d7h3 g3g4 f4h2 f1b5 e8e7 h1h2 e7f6 b5c4 f8c5 d4c5 f6g7 h2h3 f7f6 d2d4 b8c6
601,B,material_adjudication,66,0.654208,3005,2026-09-02 12:15:01,e2e3 a7a5 c2c3 g8h6 h2h4 c7c6 g2g3 a5a4 e1e2 d7d6 d2d4 h6g4 d4d5 g4f2 e2f2 a4a3 c3c4 a3b2 c1b2 c6d5 c4d5 e7e6 f1e2 e8e7 b2a3 b8d7 f2f1 a8a3 b1a3 e6d5 a3c2 g7g5 g1f3 g5g4 a2a3 g4f3 e2f3 d7c5 a3a4 c8g4 f3g4 d8b8 a4a5 f7f5 g4f5 c5b3 a1a4 b3c5 f5g4 c5a4 a5a6 a4c3 d1d2 c3e4 c2d4 e4d2 f1e2 f8h6 d4e6 b7b6 h1d1 d2c4 e2d3 d5d4 d1d2 e7f7
602,B,value_resign,40,0.788773,3010,2026-09-02 12:15:27,b1a3 a7a5 f2f3 a5a4 h2h4 g8f6 b2b3 c7c5 b3a4 f6e4 d2d3 h7h5 d3d4 h8h7 a1b1 f7f5 g1h3 a8a4 f3e4 g7g6 b1b5 e8f7 g2g4 f8g7 f1g2 c5c4 c1f4 h5g4 b5b7 d7d5 e4f5 g4h3 b7b8 h3g2 b8b5 g2h1q e1f2 d8d7 d1e1 c8a6
603,B,value_resign,30,0.730976,3015,2026-09-02 12:16:05,f2f4 g8f6 f4f5 g7g6 b2b4 f6e4 g1h3 a7a5 c1b2 g6f5 b4a5 e7e6 b1c3 d7d6 g2g4 f5g4 a2a4 c7c6 d2d3 f8e7 h3f2 e4f2 c3b5 f2h1 a1a3 e8d7 e2e3 f7f5 b5d6 c6c5
604,W,value_resign,47,0.629120,3020,2026-09-02 12:16:18,b1a3 d7d5 a1b1 c7c5 d2d3 d5d4 b2b4 e8d7 b1b2 c5c4 g1f3 f7f6 b2b1 e7e5 b1a1 b8c6 c1d2 g7g5 f3g5 f6g5 a3b5 d8c7 b5c7 g8e7 h1g1 d7c7 g1h1 a7a6 d2g5 h7h6 g5h4 h6h5 d3c4 c8e6 a2a3 c6b4 a3b4 b7b6 f2f3 e6f5 c2c3 d4c3 e2e4 e7g8 e4f5 f8g7 f1e2
605,W,value_resign,31,0.693347,3025,2026-09-02 12:16:19,a2a3 c7c6 h2h4 f7f6 h1h2 d7d6 a3a4 b8d7 h2h1 d7b6 g2g4 d8c7 h4h5 g7g6 b2b3 c8g4 a1a3 c6c5 b3b4 b6d5 b4c5 d6c5 a4a5 e7e6 h5g6 c7g3 a3g3 g8e7 c1a3 e8d8 h1h3
606,B,checkmate,96,0.649953,3030,2026-09-02 12:17:34,e2e3 a7a5 b1c3 g8h6 b2b3 g7g6 f2f4 d7d6 h2h4 c8g4 c3b5 g4d1 e1d1 c7c6 f1d3 h6f5 b5a7 c6c5 c2c3 b8d7 g1h3 e7e5 e3e4 f5h6 f4f5 a8c8 c1a3 c8a8 h1g1 f7f6 d3b5 f8g7 f5g6 h6f5 e4f5 e5e4 g2g3 a8a7 g6h7 a5a4 d1c2 a4b3 a2b3 d6d5 a3c5 a7a6 b5a6 d7c5 a6b7 e8d7 h3g5 f6g5 g1b1 c5b7 h4g5 d8e7 f5f6 g7f6 g5f6 e7d6 g3g4 h8h7 d2d3 e4d3 c2d3 h7h8 c3c4 b7c5 d3d4 h8f8 b3b4 c5a6 b4b5 a6b4 b1b4 d5c4 d4c4 f8f6 b4b1 f6e6 g4g5 d7e8 b1d1 d6e7 c4d5 e8d7 d5d4 e6b6 d1b1 d7e6 g5g6 e7f6 d4c5 b6b8 g6g7 f6c3
607,W,value_resign,65,0.648939,3035,2026-09-02 12:20:33,b1a3 g8f6 d2d3 d7d5 e2e3 d5d4 g2g4 b8a6 a1b1 a8b8 f2f4 c7c5 e3d4 c5c4 g4g5 e7e5 d4e5 f6d5 h2h4 d5b6 h4h5 b8a8 d3c4 b6c4 e5e6 c4d6 g1f3 c8e6 f1e2 d8e7 c1d2 h8g8 b2b4 a6b4 b1b4 a7a5 b4b5 a5a4 e1f2 b7b6 h5h6 d6b5 a3b5 a8d8 c2c3 d8d7 f3e5 g7g6 b5d4 a4a3 f2e3 e6d5 e3f2 d5h1 d1h1 f7f6 e5d7 e7d7 g5f6 d7d4 c3d4 g8h8 f2f1 f8e7 h1g1
608,B,value_resign,28,0.724796,3040,2026-09-02 12:22:26,b1a3 a7a5 f2f3 b7b5 h2h4 f7f5 c2c3 d7d6 e1f2 b8a6 d1c2 a6b4 c2b1 b4d5 f3f4 d5c3 a3c2 c3b1 a2a4 b1d2 c1d2 b5b4 c2a3 b4a3 a1b1 a8a6 d2c1 c8b7
609,W,value_resign,43,0.775526,3045,2026-09-02 12:23:54,f2f3 b7b5 c2c4 g8h6 a2a4 g7g6 h2h4 f7f5 g2g4 f5f4 g4g5 b5a4 a1a4 h6f7 a4a3 b8c6 d2d3 a8b8 a3a6 b8b4 a6a5 c8b7 a5a7 c6a7 b1c3 c7c5 e2e3 d7d5 c4d5 e8d7 e3f4 f7d6 c1e3 b4b2 e3c5 b2b4 c5b4 b7c6 d5c6 d7e6 c3d5 d8e8 b4c5
610,B,value_resign,46,0.650768,3050,2026-09-02 12:24:24,e2e3 g7g5 h2h4 d7d6 f1b5 b8d7 e1e2 h7h5 a2a3 e7e5 b5c4 f8g7 h4g5 f7f5 g5f6 h5h4 d2d4 d8f6 f2f3 f6h6 g2g3 e5d4 g3h4 g8e7 e2f2 b7b6 b1c3 d6d5 c4d3 d4c3 f2g2 h8f8 c1d2 c3b2 a1b1 g7e5 a3a4 c7c5 f3f4 h6g7 d1g4 g7g4 g2f2 c5c4 h4h5 e8f7
611,W,material_adjudication,106,0.663188,3055,2026-09-02 12:25:07,b1a3 g7g5 a1b1 h7h6 d2d3 e7e5 g2g3 e8e7 f2f4 d7d5 g1f3 a7a6 f3e5 d5d4 g3g4 c8e6 d1d2 f7f6 e5c6 b8c6 f4f5 e6d7 f1g2 f8g7 g2f3 e7e8 h1g1 a6a5 f3g2 h6h5 g4h5 g8e7 a3c4 e7f5 a2a4 c6b4 c2c3 d4c3 b2c3 c7c5 c4a5 a8a5 c3b4 a5a4 b4c5 f5e3 d2e3 d8e7 c1d2 e7e3 d2e3 e8e7 g2f3 g5g4 g1g4 a4g4 f3g4 d7g4 d3d4 h8h5 e3f4 g7h6 f4h6 h5h6 h2h4 g4d7 b1b7 h6h7 c5c6 e7e8 b7d7 h7d7 c6d7 e8d7 e1f2 d7c8 h4h5 c8b8 f2e1 f6f5 e1f1 f5f4 h5h6 f4f3 f1f2 f3e2 f2e2 b8a8 e2d1 a8b8 d1c1 b8a8 c1b1 a8a7 d4d5 a7b6 d5d6 b6a5 d6d7 a5b4 d7d8q b4c5 b1a1 c5b4 a1a2 b4c5
612,W,value_resign,35,0.749482,3060,2026-09-02 12:25:35,b1a3 g8f6 d2d3 d7d5 a1b1 b7b6 c2c4 e8d7 c4d5 b8a6 a3c2 a6b4 g1f3 c7c5 g2g3 h7h6 c1e3 d8e8 a2a3 b6b5 a3b4 c5c4 b1a1 h8h7 f3g5 e8d8 d1b1 f6h5 a1a5 f7f6 g5h7 c8a6 f2f3 e7e6 d3d4
613,B,material_adjudication_moderate,76,0.661578,3065,2026-09-02 12:27:27,b1a3 e7e5 g1f3 e8e7 g2g3 f7f6 f3e5 f6e5 d2d4 g8f6 d4e5 a7a5 d1d3 f6e4 d3e4 d7d6 g3g4 b7b6 c1h6 c8b7 e2e3 b7e4 h6g5 e7e8 g5d8 e8f7 f1c4 e4d5 e5e6 f7e6 h2h4 g7g5 c4e2 d5h1 a3b5 g5h4 d8h4 h1e4 c2c3 e4c6 a2a4 e6d7 b2b3 f8e7 h4e7 d7e7 b5c7 b8d7 c7a8 h8a8 e2d3 a8d8 f2f4 d7c5 d3e2 c5b3 f4f5 b3a1 c3c4 e7d7 g4g5 a1b3 e1f1 d7e8 f5f6 e8d7 f1e1 b6b5 a4b5 c6b7 e1f1 d8c8 g5g6 b7e4 g6g7 c8g8
614,W,value_resign,55,0.754051,3070,2026-09-02 12:28:40,b1a3 g8f6 a1b1 b7b5 c2c4 f6g4 h2h3 d7d5 a3b5 e8d7 f2f4 a7a5 c4c5 c7c6 d2d4 g4f2 e1f2 f7f5 g1f3 a5a4 b5d6 e7d6 c1d2 a4a3 d2c3 h7h6 b2a3 g7g5 c5d6 h6h5 f4g5 d8e8 b1b5 c8a6 b5d5 a6b5 a3a4 b5c4 d5f5 e8f7 e2e4 f8h6 g5h6 h8g8 f1e2 g8g6 g2g4 f7f8 f2g1 c4e2 d1e2 h5g4 f3h2 g4h3 g1f1
615,B,material_adjudication,71,0.744526,3075,2026-09-02 12:29:38,g2g4 b7b6 h2h4 d7d6 f2f4 f7f6 f4f5 e8d7 c2c3 b8a6 b2b3 h7h5 d2d4 b6b5 e1d2 b5b4 c3b4 d6d5 a2a3 a6b8 e2e4 h5g4 d1e2 a7a5 h1h3 g4h3 e2e1 a5b4 e4d5 a8a6 h4h5 c8b7 f1a6 b7d5 a6c4 d5c4 b3c4 c7c5 a3b4 h8h5 b4c5 h3h2 c1b2 h2h1q d4d5 g8h6 a1a3 d7e8 g1f3 h1f3 a3f3 d8a5 b1c3 h6g4 e1e6 b8a6 f3f4 a6c5 b2a3 c5e6 f5e6 g4e3 d2e3 g7g6 a3b4 a5b4 c3b5 b4a4 f4f5 h5h4 b5c3
616,W,material_adjudication,66,0.659717,3080,2026-09-02 12:30:07,b1a3 e7e5 c2c4 e8e7 g1h3 f7f6 a3c2 h7h5 f2f4 e5f4 a2a3 b7b6 b2b4 a7a5 b4b5 f6f5 d2d4 c8b7 h3f4 c7c6 h1g1 g8f6 g2g3 e7f7 f4e6 g7g5 c1d2 f8g7 d1b1 d8f8 e2e4 d7d6 e6f8 h8f8 g3g4 c6b5 c4b5 b7d5 e1e2 h5g4 e4d5 b8d7 b1b2 g7h8 e2d1 a8d8 f1g2 a5a4 d2e1 f6e4 g2e4 f5f4 e1f2 d8b8 e4g2 f4f3 f2e3 f3g2 e3d2 h8d4 b2d4 f7e7 g1g2 g4g3 d2c3 g3h2
617,B,value_resign,84,0.660046,3085,2026-09-02 12:31:18,d2d3 f7f6 b1a3 c7c5 g2g3 h7h6 b2b3 e7e5 f1g2 c5c4 g3g4 f8b4 e1f1 d7d5 b3c4 d5c4 d3c4 b4e7 d1d5 e8f8 e2e3 a7a5 a3b1 e5e4 h2h4 g7g6 d5d8 e7d8 c1d2 c8g4 b1c3 g4e6 a2a4 d8e7 c3d5 e7c5 d5f4 e6g4 f1e1 g6g5 h4g5 h6g5 h1h8 g5f4 e3f4 g4f5 f2f3 e4e3 d2e3 c5e3 e1f1 e3g1 f1g1 f5d7 h8g8 f8f7 g8g3 f7e8 g2f1 d7f5 c4c5 b8a6 f1e2 a6c5 c2c3 f5d7 a1d1 c5a4 f4f5 a4c3 g1f1 c3d1 g3g4 e8f7 e2c4 f7f8 c4b5 d1e3 f1e1 f8e7 b5a4 a8c8 e1e2 d7c6
618,B,material_adjudication_moderate,91,0.701081,3090,2026-09-02 12:32:01,b1a3 h7h6 b2b3 f7f5 b3b4 c7c5 b4c5 a7a6 d2d4 e7e5 d4e5 d7d6 a1b1 e8e7 e5d6 e7e8 d1d5 c8e6 d5e6 g8e7 h2h4 h8h7 e1d1 d8c8 f2f4 c8e6 d1e1 e7d5 a3b5 d5e3 c1e3 e6e3 b5d4 e3d4 c2c4 d4c5 b1b3 c5d6 h4h5 e8d8 c4c5 d6f4 h1h4 f4h4 e1d1 h4g3 b3g3 b8d7 d1e1 f5f4 g3h3 f8c5 g1f3 b7b5 f3d4 g7g6 h5g6 h7g7 d4e6 d8e7 e6g7 a8g8 g7e6 e7e6 a2a3 d7e5 a3a4 e5g6 a4b5 a6b5 h3h6 e6f6 e1d2 g8g7 h6g6 f6g6 g2g3 g6f5 g3f4 g7g8 e2e3 c5e7 f1g2 g8g6 g2d5 e7h4 d2e2 g6h6 e2f1 f5g4 d5b7
619,W,value_resign,95,0.653045,3095,2026-09-02 12:32:27,a2a3 c7c6 g2g4 b7b6 d2d4 c6c5 c2c4 h7h5 b1d2 d7d6 a3a4 c8b7 h2h4 c5d4 a1a2 g7g6 b2b4 b8c6 g4g5 g8h6 g5h6 e7e6 d2f3 e6e5 h6h7 d4d3 c4c5 b6c5 c1g5 e5e4 g5d8 e4f3 g1f3 e8d8 e2e4 c5b4 d1d3 d8e7 d3d5 b4b3 a2a1 b3b2 a1b1 c6b4 d5b7 e7e6 h1g1 a8b8 f1h3 f7f5 b7a7 b8a8 a7a5 a8a5 f3d2 a5a4 b1d1 b2b1q d1b1 g6g5 g1g5 f8h6 g5h5 h6f8 e4f5 e6d7 f5f6 d7c6 b1a1 a4a1 e1e2 h8h7 h5h7 d6d5 d2f3 c6b5 f3d4 b5a4 d4e6 f8e7 h3g4 e7f6 f2f4 f6h4 h7h4 b4c6 h4h5 c6d4 e2f2 d4e6 g4e6 d5d4 f4f5 a4a3 f2f3
620,B,material_adjudication,75,0.756700,3100,2026-09-02 12:32:41,b1a3 a7a6 a1b1 d7d5 b2b3 e7e5 c2c4 e8d7 c4d5 b7b5 a3c2 c7c6 c2e3 f7f6 g2g3 d8e8 e3c2 h7h6 g1h3 c6d5 h1g1 g8e7 b3b4 c8b7 c1b2 b8c6 b2c3 e7c8 f1g2 c8e7 f2f4 d5d4 f4e5 d4c3 g3g4 f6e5 d2c3 d7e6 d1d2 g7g6 b1b3 a8a7 h3f2 g6g5 g1f1 f8g7 f2d1 h8f8 e2e3 f8f1 e1f1 g7h8 h2h3 e7g8 d2e2 c6b8 b3b2 b7g2 f1g2 a7e7 d1f2 a6a5 e3e4 a5a4 c3c4 b5c4 e2c4 e6d7 c4g8 e8g8 h3h4 g8g6 h4h5 g6g7 b4b5
621,W,value_resign,53,0.774089,3105,2026-09-02 12:33:08,b2b4 b7b6 a2a4 d7d6 b4b5 b8c6 b5c6 g7g6 c2c4 e7e6 h2h3 g6g5 a1a3 e6e5 c1b2 g8h6 b2e5 b6b5 e5d4 h6f5 e2e4 f5g3 a4b5 d8e7 g1e2 g3h1 b1c3 a7a5 c3b1 h7h5 d4h8 f8g7 b1c3 g7h8 g2g4 h8e5 d2d3 e7f8 h3h4 g5h4 c3d5 h1f2 e1f2 c8g4 d1a4 g4f5 f2e3 a8a6 b5a6 f5e4 f1g2 h4h3 g2h1
622,B,checkmate,34,0.827106,3110,2026-09-02 12:33:09,e2e3 g7g6 f2f4 f7f5 e1e2 e7e5 e3e4 d8e7 e2d3 g8f6 g1e2 f6e4 g2g4 f5g4 d3c4 b7b6 d2d3 e4c5 e2c3 e8d8 b2b4 a7a6 b4c5 e5f4 c3b5 e7e6 c4d4 d7d5 c5b6 a6b5 f1g2 b5b4 a2a4 b8c6
623,B,value_resign,48,0.586772,3115,2026-09-02 12:35:07,b1a3 g8f6 g1f3 h7h5 h2h3 f6g4 d2d3 g4f2 d1d2 d7d5 c2c4 a7a6 d3d4 f2h1 c4c5 g7g5 g2g4 h5g4 h3g4 c8g4 e1d1 g4f3 d1e1 f8h6 e2f3 e8d7 a1b1 d8c8 a3b5 g5g4 f3g4 c7c6 b2b4 h6d2 c1d2 e7e6 b1b2 c6b5 f1e2 d7c6 e2d3 h8g8 g4g5 f7f6 e1d1 f6g5 d1c2 b8d7
624,W,value_resign,33,0.649661,3120,2026-09-02 12:35:07,b1a3 e7e5 g1f3 e8e7 d2d3 f7f6 a1b1 a7a5 h2h3 a5a4 g2g3 d8e8 d1d2 e8g6 h1g1 b7b6 a3c4 f6f5 a2a3 b8c6 f1g2 c6b4 d3d4 b4d5 c4a5 g8h6 f3h4 h6f7 h4g6 e7e6 g1f1 h7g6 f2f4
625,W,value_resign,67,0.674901,3125,2026-09-02 12:40:00,b1a3 f7f6 b2b4 e7e5 h2h4 c7c5 a3b1 e5e4 f2f4 a7a6 e1f2 c5b4 g2g4 h7h6 c2c4 f8d6 f1g2 d6f8 c1b2 b8c6 h4h5 c6e7 d1e1 b7b6 g4g5 e4e3 f2e3 d7d5 c4d5 a8b8 d5d6 c8f5 d6e7 d8e7 e3f2 h6g5 d2d4 h8h5 h1h5 f5h3 g2h3 g5g4 f4f5 g4h3 g1f3 a6a5 e2e3 g8h6 b1c3 b6b5 c3b5 e7d7 e3e4 f8e7 f3g1 d7b5 a2a4 b4a3 b2c3 b5c4 h5h3 c4c3 e1c3 e8d7 g1f3 g7g5 h3h4
626,B,material_adjudication,121,0.647230,3130,2026-09-02 12:40:43,b1a3 e7e5 g1f3 b7b6 f3g1 f7f6 b2b4 d7d5 b4b5 e8d7 h2h4 g8e7 g2g4 f6f5 h1h2 c7c6 e2e3 h8g8 c1b2 f5g4 d1c1 g7g6 f1g2 a7a6 h4h5 c6c5 g1e2 d7e6 e2g1 b8d7 f2f4 g4g3 g2f3 g3h2 h5h6 h2h1q f3h1 f8h6 f4e5 a8b8 g1e2 g6g5 c1d1 g5g4 h1g2 a6b5 a3b5 c8b7 a2a4 h6f8 e2f4 e6f7 d2d4 b7c6 e5e6 f7f6 d1c1 c5d4 e3d4 d7e5 d4e5 f6g7 b5d4 h7h6 d4c6 e7c6 f4d5 f8c5 e6e7 c6e7 d5f6 e7f5 f6g8 g7g8 b2c3 h6h5 c1f4 f5h4 a4a5 h4g2 e1f1 g8h8 f1g2 d8e7 a5b6 b8b6 f4g3 e7d8 e5e6 h8h7 a1d1 d8e7 d1e1 b6e6 e1e6 e7e6 c3e5 h7h6 c2c4 c5b4 c4c5 e6d7 c5c6 d7c6 g2f2 c6d7 e5f6 b4a5 f2e2 d7c6 f6d4 c6d7 e2d3 h5h4 g3g4 d7g4 d4e5 g4h5 e5f6 h6h7 d3d4
627,B,value_resign,78,0.592883,3135,2026-09-02 12:40:44,e2e3 c7c5 e1e2 f7f5 f2f3 h7h6 h2h4 h8h7 c2c4 d7d5 g1h3 g7g5 d2d3 f5f4 e3f4 g5f4 c1f4 h7h8 d1e1 a7a6 h3f2 c8e6 g2g4 d5d4 a2a3 e8f7 f1h3 h6h5 f2d1 f8h6 g4g5 e6h3 h1h3 h6g7 f4e5 g7e5 f3f4 e5g7 e1f2 d8f8 f4f5 e7e5 f5f6 g8f6 g5f6 g7f6 h3f3 f7e7 f2g2 b8c6 g2h3 a8d8 h3g2 e7d6 g2h3 f8e7 b1d2 d6c7 d2b3 a6a5 b3d2 e7d6 a3a4 h8f8 d2e4 d6e7 e4f6 f8f6 f3f6 e7f6 h3f3 f6h4 f3h3 h4h3 b2b3 h3g2 e2e1 d8d7
628,W,value_resign,38,0.754788,3140,2026-09-02 12:41:52,e2e3 a7a5 b1a3 a5a4 c2c3 c7c5 f2f3 c5c4 e1e2 g8h6 h2h4 h6g4 f3g4 d7d6 e3e4 b7b6 a3c4 c8a6 d1a4 a6b5 a4b5 d8d7 b5d7 b8d7 c4d6 e8d8 e4e5 a8b8 a2a4 b8a8 b2b4 a8a7 c1b2 a7a5 g1f3 a5a4 a1a4 b6b5
629,B,value_resign,50,0.689148,3145,2026-09-02 12:44:15,g2g4 d7d6 b2b4 a7a5 a2a4 a5b4 f2f3 a8a7 e1f2 e7e5 c2c4 g7g5 a4a5 b8c6 e2e4 h7h6 f1e2 a7a8 d2d4 d8e7 d4d5 c6d4 h2h4 f7f6 c1e3 e8d8 a5a6 d4e2 d1e2 h6h5 a6b7 c8b7 h4g5 h5g4 g5f6 e7f6 b1d2 h8h1 e3g5 f6g5 f3f4 g5f4 f2g2 a8b8 g1h3 g4h3 g2h1 f8h6 a1b1 c7c5
630,W,material_adjudication,66,0.625432,3150,2026-09-02 12:44:59,e2e3 g7g6 f2f4 f7f5 g1e2 e7e5 b1c3 b8c6 a2a4 a8b8 b2b3 f8c5 a4a5 a7a6 a1a2 e5f4 e3e4 g8f6 c3d5 f5e4 d2d4 f6d5 c2c3 d8h4 g2g3 b7b5 g3h4 b8b7 a2a3 c5a3 c1a3 d5e3 d1a1 c6a5 e2f4 b7b8 a1b1 h8g8 a3c5 c8b7 b3b4 d7d5 b4a5 b8a8 f4d5 b7d5 e1d2 e3f1 h1f1 c7c6 f1f6 a8d8 d2e2 h7h6 b1b2 g8f8 c5f8 b5b4 c3b4 e8d7 e2d1 e4e3 f8d6 g6g5 d1c2 g5h4
631,B,value_resign,60,0.714069,3155,2026-09-02 12:46:22,e2e3 g7g5 f2f4 a7a5 e1e2 b7b5 c2c3 b5b4 b1a3 d7d5 d2d3 e7e5 f4e5 h7h5 h2h4 e8e7 h4g5 c8g4 g1f3 b4a3 g5g6 a3b2 c1b2 g4f3 e2f3 d8e8 f3e2 e8d8 d1d2 f7g6 a2a4 g6g5 e2d1 c7c6 f1e2 f8g7 e5e6 c6c5 e3e4 d5d4 d2g5 g7f6 g5f5 b8c6 h1f1 d8d6 e2f3 c5c4 c3d4 f6d4 b2d4 c6d4 f3e2 d4f5 e4f5 d6d5 g2g4 h5h4 d3d4 g8f6
632,B,value_resign,130,0.766780,3160,2026-09-02 12:47:03,e2e3 a7a5 b1a3 a5a4 b2b3 f7f6 f2f3 e7e5 g2g3 e8e7 f1c4 c7c5 e1e2 a8a6 c4b5 a6e6 d1f1 a4b3 a2b3 d7d5 a1b1 h7h6 f3f4 b8d7 b5d7 c8d7 g1f3 h6h5 f4e5 f6e5 f3h4 e6d6 b1a1 g7g5 h4f5 d7f5 f1f5 g5g4 h1f1 g8h6 f5g5 e7e6 g5d8 f8e7 d8c7 h8f8 d2d4 h6f5 a1b1 f8c8 a3b5 f5g3 e2d2 c8c7 b5c7 e6d7 d4c5 g3f1 d2e2 f1h2 c5d6 e7d6 c7d5 h5h4 c2c4 h4h3 e2f2 e5e4 d5f4 d6f4 e3f4 d7e8 f2g3 e8f8 g3h2 g4g3 h2h3 g3g2 h3g4 g2g1q g4f5 g1h2 c4c5 f8e8 f5e6 e4e3 b3b4 b7b6 c5b6 h2f4 c1b2 f4b4 b2c3 b4g4 e6f6 g4e4 b6b7 e4c6 f6g5 c6b7 b1b7 e8d8 b7b8 d8c7 c3e5 c7d7 g5g6 e3e2 e5f4 e2e1q g6g7 e1e2 b8b1 e2d3 b1a1 d7e8 f4e5 d3f5 e5d4 f5d7 g7g8 d7d4 a1e1 e8d8 e1d1 d4d1 g8f7 d8c8 f7f8 c8b7
633,B,value_resign,48,0.689305,3165,2026-09-02 12:47:03,e2e3 g7g5 f2f4 h7h6 f4f5 g5g4 h2h4 c7c5 g2g3 d7d5 f1g2 h8h7 d2d3 d8b6 b1a3 e7e5 a3b5 d5d4 b5c7 b6c7 e3d4 c5d4 g1e2 b7b6 g2a8 c7d7 h4h5 d7d6 c2c4 c8d7 a8d5 e5e4 e2g1 e8d8 f5f6 b8c6 d5c6 d6c6 d1d2 e4e3 d2e2 c6h1 c4c5 b6c5 e1d1 d8c7 a2a4 h7h8
634,W,material_adjudication_moderate,83,0.789083,3170,2026-09-02 12:49:01,b1a3 a7a6 c2c3 d7d6 d2d3 g8f6 e2e4 f6h5 a3c4 f7f6 f2f4 h5f4 c4a3 e7e5 c1f4 f8e7 a3c2 c7c5 f4e5 d6e5 g1f3 c5c4 e1e2 e8f7 f3e5 f6e5 g2g3 e7c5 d3c4 g7g5 d1d8 h8d8 f1g2 c8g4 g2f3 g4f3 e2f3 a6a5 a2a4 d8g8 f3e2 h7h6 h1f1 f7g6 a1c1 c5d6 c4c5 d6c5 f1f5 g5g4 f5e5 g6f6 e5c5 g8c8 c5c8 b8c6 e2d2 a8c8 c2d4 c6d4 c3d4 f6e7 c1c8 b7b5 a4b5 e7d7 d4d5 d7c8 d2d1 h6h5 d1e1 a5a4 e1d1 h5h4 g3h4 g4g3 h2g3 c8d8 h4h5 d8c7 b5b6 c7b6 d5d6
635,B,value_resign,60,0.705807,3175,2026-09-02 12:50:23,e2e3 g7g6 f2f3 g8h6 g2g3 b7b5 f1c4 b5b4 e1e2 d7d5 c4d5 d8d5 a2a4 c8b7 e3e4 d5d7 b2b3 h8g8 f3f4 d7c6 c1b2 c6b6 d1f1 b8c6 a4a5 c6e5 a5b6 e5c6 b2c3 c7b6 c3b2 e7e6 c2c4 f8c5 h2h3 a7a6 e4e5 h6f5 e2d1 c6d4 h1h2 d4b3 a1a2 a8c8 f1e2 c5g1 h2h1 b7h1 g3g4 f5e7 f4f5 g6f5 g4f5 h1c6 e2e3 g1e3 d2e3 e7f5 a2a3 g8g5
636,B,material_adjudication_moderate,103,0.776389,3180,2026-09-02 12:50:57,e2e3 a7a5 a2a4 a8a7 b2b3 g7g5 e3e4 c7c5 d2d4 h7h5 f1c4 b8c6 c4f7 e8f7 h2h4 e7e5 d4e5 c6e5 c1d2 g5g4 g1f3 g8f6 d2f4 g4f3 h1f1 d8e7 b1c3 d7d6 a1a2 c8g4 g2f3 f8g7 f4e5 d6e5 f3g4 h5g4 f2f3 e7e6 e1f2 h8h4 a2a1 g4f3 d1d5 g7h6 a1d1 e6d5 c3d5 b7b6 f2g3 h6g5 f1f3 a7a8 f3f6 g5f6 d5f6 h4f4 f6g4 f4e4 d1e1 e4e1 g3f2 e1h1 f2g2 f7g6 g2h1 a8b8 g4e5 g6g5 h1h2 b8a8 e5c6 a8f8 h2g3 f8f6 c6e5 g5f5 e5d7 f6e6 c2c3 f5e4 c3c4 e4d4 g3g4 d4e3 g4f5 e6d6 d7b6 d6b6 f5g4 e3d2 g4g5 d2c1 g5h4 c1b2 h4h5 b6c6 h5g4 c6c8 g4g5 c8b8 g5f6 b8b7 b3b4
637,B,value_resign,44,0.765291,3185,2026-09-02 12:51:45,e2e3 a7a5 c2c3 g7g5 h2h4 g5h4 a2a3 a8a7 c3c4 h7h5 d2d4 c7c5 g2g3 h4g3 f2g3 f8h6 d4d5 f7f5 d1d2 b8a6 f1g2 a6b8 h1h5 g8f6 g1h3 f6h5 b1c3 a7a8 c3a4 h6g7 a1b1 g7e5 d5d6 e5g3 e1d1 h8f8 d2d5 e7e6 c1d2 e6d5 d1c2 d8c7 c4d5 c7d6
638,B,value_resign,43,0.723634,3190,2026-09-02 12:52:18,e2e3 a7a5 b1a3 a5a4 d2d3 f7f6 f2f4 e7e6 g1e2 f8a3 e1d2 d8e7 d1e1 e7f8 b2a3 f8c5 c2c3 g7g6 e2d4 c5b6 a1b1 b6b1 d4e6 d7e6 d3d4 a8a7 h2h3 g6g5 f1b5 b8d7 c3c4 b1e4 f4f5 e6f5 g2g3 a7a5 h1h2 c7c5 b5c6 b7c6 h2e2 c8a6 c1b2
639,B,material_adjudication_moderate,86,0.739806,3195,2026-09-02 12:54:14,a2a3 g8f6 f2f3 b8c6 g2g3 f6e4 d2d4 b7b6 c2c4 g7g6 b2b4 e4d6 d4d5 e7e5 d5c6 f7f5 f1g2 a7a5 b4a5 b6a5 d1c2 d7c6 c1g5 d6e4 c2b3 a8b8 b3b8 d8e7 f3e4 e7g5 e4f5 g6f5 h2h4 f8c5 g2c6 e8e7 h4g5 c8b7 e1f1 b7c6 b1c3 h8b8 g3g4 c6h1 g4f5 h1c6 e2e4 e7d8 f5f6 c5d4 g1e2 a5a4 g5g6 h7h5 e2d4 e5d4 c3b5 c6b5 c4b5 h5h4 a1b1 c7c5 b5c6 b8b1 f1g2 b1b8 g6g7 h4h3 g2h3 d8c7 g7g8q b8g8 f6f7 g8f8 e4e5 c7c6 h3g4 c6b5 g4f5 d4d3 f5e6 f8h8 e6e7 h8h7 e7e8 h7h8
640,W,value_resign,85,0.787827,3200,2026-09-02 12:54:46,e2e3 g7g5 h2h3 e7e6 f2f4 f7f6 e1e2 g8e7 f4f5 e6e5 e3e4 e7c6 c2c3 f8b4 g1f3 e8e7 f3g1 b4c5 d2d4 c6d4 c3d4 c5d4 a2a3 d8g8 c1e3 d4e3 e2e3 c7c5 b2b4 e7e8 b4c5 e8f7 e3e2 b8a6 b1c3 a6c5 g2g4 g8e8 f1g2 a7a5 d1d2 h8f8 e2e1 a8b8 d2d5 f7g7 a1d1 h7h5 c3b5 h5g4 d5c5 b7b6 c5c2 g4h3 g1h3 g5g4 h3f2 c8b7 h1g1 d7d5 e1f1 d5d4 c2e2 b8a8 f2g4 f8h8 d1e1 a8d8 g4f6 g7f6 g1h1 b7e4 h1h8 e8h8 g2e4 a5a4 e2f3 h8e8 e1c1 e8c6 c1c6 d8d6 b5d6 f6g7 c6c7
641,B,material_adjudication_moderate,95,0.631372,3205,2026-09-02 12:55:24,a2a3 g8f6 a3a4 d7d5 b2b3 a7a6 a1a3 e7e5 d2d3 f8a3 a4a5 c7c5 b1a3 d5d4 c1g5 e8f8 g5e3 d8a5 e3d2 a5d8 g1f3 f8e8 f3e5 c8d7 a3b1 g7g6 d2e3 d4e3 b1c3 e3f2 e1f2 d7e6 e5g6 h7g6 d1e1 g6g5 f2e3 f6h5 c3e4 h8g8 e4c5 b8c6 c5e6 f7e6 g2g4 c6b4 e1b4 h5f4 e3d2 d8d7 e2e4 f4g6 b4c3 a8b8 h1g1 b7b6 c3a1 b6b5 c2c3 b8d8 g1g2 e6e5 b3b4 g6f4 a1b1 g8f8 h2h4 f4g2 f1g2 e8f7 g2f1 f8g8 h4g5 g8g5 d3d4 g5g4 f1h3 f7f6 h3g4 d7g4 b1f1 f6e7 f1h1 e7d7 d4e5 d7e8 d2c2 e8d7 h1b1 g4e4 c2c1 e4g2 c3c4 b5c4 b1c2
642,B,material_adjudication,66,0.763802,3210,2026-09-02 13:00:07,g2g4 c7c5 c2c4 g8h6 d2d4 g7g6 h2h3 b8c6 d4c5 e7e6 d1d4 c6d4 a2a4 e6e5 f2f3 e5e4 e2e3 f8e7 c5c6 h6g4 h3g4 d4b3 e1d1 d7d6 b1d2 d8c7 g4g5 b3c1 a4a5 h7h5 a1c1 e4f3 d1c2 b7c6 d2f3 a7a6 f3d4 e7g5 g1f3 c7b7 h1h2 f7f5 e3e4 f5e4 f3g5 h8g8 g5e6 d6d5 c4d5 c6d5 h2f2 g6g5 f1d3 g5g4 d3e4 d5e4 f2f6 g4g3 c1b1 a8b8 e6f4 e8e7 f4d5 b7d5 b1a1 e7f6
643,B,value_resign,51,0.764540,3215,2026-09-02 13:00:09,b1a3 e7e6 d2d3 f7f6 h2h4 a7a5 a3c4 g7g5 g2g3 b8a6 c4b6 a8b8 e1d2 a6c5 b2b3 g8e7 h4g5 h7h6 d2e3 a5a4 a2a3 a4b3 f2f4 c7b6 h1h5 h8h7 a1b1 c5a4 g5h6 b3c2 e3f2 f8h6 d3d4 c2b1q c1e3 b1f5 d1e1 d7d6 h5f5 e7f5 g1f3 e6e5 f1g2 f5e3 f2e3 c8g4 e1f2 e5e4 g2h3 g4f3 e2f3
644,B,value_resign,40,0.701963,3220,2026-09-02 13:01:59,b1a3 g8f6 e2e3 c7c5 a3b1 f6d5 g1e2 g7g5 f2f4 e7e5 d2d3 d5e3 f4e5 e3d1 c1f4 d7d5 e5e6 d1e3 f4e3 f7e6 e3c5 a7a5 e2d4 b8c6 h2h3 f8c5 h1g1 c5a7 g2g3 c6d4 c2c3 d4c2 e1d1 d8d6 d1c2 h8f8 b2b3 a8b8 b1a3 d6c6
645,B,material_adjudication_moderate,121,0.684676,3225,2026-09-02 13:03:09,e2e3 a7a5 b2b3 a5a4 f2f3 f7f6 f3f4 e7e5 b1c3 c7c5 d1e2 a4a3 g2g3 g8e7 e2b5 e5f4 f1d3 f4e3 g1e2 b8c6 h1g1 g7g6 g1f1 d7d6 c3e4 f6f5 e4d6 d8d6 b3b4 d6d3 c2d3 c5b4 d2e3 a8b8 c1d2 c8d7 a1d1 f8g7 b5c5 g7f6 e3e4 h8f8 c5e3 b4b3 a2b3 a3a2 h2h3 d7e6 g3g4 f5g4 h3g4 c6e5 f1f6 f8f6 g4g5 f6f8 d3d4 e5g4 d4d5 g4e3 d2e3 f8g8 d5e6 e7c6 e2g3 g8f8 e1e2 c6e5 d1c1 f8g8 e3f4 a2a1q c1a1 e5d7 f4b8 d7b8 a1f1 e8e7 e2e3 e7e6 b3b4 b8d7 e3f4 g8d8 f1b1 d8b8 b1c1 b8d8 c1b1 d8b8 e4e5 d7e5 b1c1 e5d3 f4e3 d3b4 c1b1 b4d5 e3e2 e6f7 b1b3 b8a8 b3b7 f7g8 b7c7 d5c7 e2f3 g8h8 f3e4 c7a6 e4d4 a6b4 g3h1 b4a2 d4d5 a8d8 d5c6 d8d4 c6c5 d4d3 c5c4
646,B,value_resign,58,0.704143,3230,2026-09-02 13:03:27,e2e3 a7a5 f1b5 a5a4 g1f3 c7c6 e3e4 f7f6 e1g1 g7g6 e4e5 d7d5 e5f6 e7f6 b5e2 f8d6 d2d4 d6e7 b1a3 e8f8 d1d3 b8d7 a3b5 c6b5 c2c3 h7h6 g2g4 b5b4 c3b4 a8a6 a1b1 g6g5 c1d2 d7b8 h2h3 c8d7 f1d1 a6c6 g1h2 c6a6 h2g2 h6h5 g2g3 h5g4 h3g4 a6d6 d1c1 b7b6 a2a3 b6b5 g3g2 f8g7 d2f4 g5f4 b1a1 g8h6 a1b1 d8c8
647,B,value_resign,13,0.673998,3235,2026-09-02 13:04:22,e2e3 g7g5 a2a3 c7c6 g2g3 h7h5 d2d3 c6c5 g1f3 g5g4 f3e5 f7f5 b2b4
648,W,value_resign,45,0.745277,3240,2026-09-02 13:05:07,e2e3 g7g5 a2a3 c7c5 f2f3 a7a5 h2h3 g8h6 c2c4 e7e6 g2g3 a5a4 d2d4 d8c7 d4c5 d7d6 h3h4 d6c5 g3g4 f7f6 e3e4 b7b6 f1h3 c7d8 e1e2 h6f7 c1g5 f7g5 h4g5 h8g8 b1d2 g8g5 f3f4 g5g8 g4g5 d8d4 g5f6 g8g1 h1g1 d4g1 d1g1 h7h6 f4f5 e6f5 h3f5
649,B,value_resign,42,0.695330,3245,2026-09-02 13:05:50,d2d4 h7h5 e1d2 g7g6 h2h4 f7f5 f2f3 f8h6 d2e1 e7e5 b2b3 d7d6 d4d5 b8a6 e2e4 f5f4 a2a3 g8f6 b1c3 c8h3 a3a4 f6e4 f3e4 h3g4 c1d2 g4d1 e1d1 c7c5 f1e2 d8e7 g2g4 h5g4 h4h5 a6c7 h1h2 g4g3 h2f2 g6g5 e2d3 g5g4 d3e2 e8f8
650,B,value_resign,30,0.666133,3250,2026-09-02 13:06:12,e2e3 a7a5 f1b5 a5a4 d2d3 e7e5 e3e4 f7f6 g1f3 c7c6 f3e5 a4a3 b1a3 a8a3 d1e2 f8d6 e5d7 b7b6 b2a3 b8d7 b5c6 g7g6 d3d4 c8a6 h1g1 a6e2 f2f3 g6g5 c1g5 d8b8
651,W,value_resign,33,0.803818,3255,2026-09-02 13:06:52,a2a3 c7c6 d2d3 d7d6 c2c4 a7a5 f2f3 f7f5 c4c5 a5a4 c1h6 e7e6 e2e4 d8g5 h6g5 d6c5 e1d2 b8a6 f3f4 a6b8 e4f5 g8f6 f1e2 b7b5 g2g3 e6e5 g1f3 h7h6 g5f6 f8e7 f6g7 h8g8 f3e5
652,B,value_resign,52,0.822501,3260,2026-09-02 13:08:34,e2e3 a7a5 g1h3 g8h6 d2d4 d7d6 d4d5 g7g5 a2a4 c8h3 f2f3 a8a6 c2c4 h3d7 b2b4 g5g4 f3g4 b7b6 d1f3 c7c6 d5c6 a5b4 c1b2 b8c6 e1d1 f7f5 d1c2 h6f7 b2h8 f7h8 f1e2 f5g4 f3g3 h7h5 b1d2 h8f7 a1d1 a6a4 c2b3 c6e5 e2g4 h5g4 g3g4 e7e6 g2g3 d6d5 c4d5 e5g4 d1e1 f8e7 e1g1 g4f2
653,W,checkmate,13,0.713845,3265,2026-09-02 13:09:35,d2d3 c7c6 b1a3 f7f6 a1b1 c6c5 f2f3 c5c4 b2b4 e7e5 a3c4 g8e7 c4d6
654,W,value_resign,71,0.757549,3270,2026-09-02 13:09:53,b1a3 e7e6 a1b1 e6e5 g1f3 c7c5 b1a1 h7h6 c2c4 f7f5 b2b3 d8a5 h2h3 a5a6 f3h4 g7g5 a3c2 g5h4 d2d4 g8e7 d4e5 f8g7 c1d2 f5f4 a2a4 h8f8 h1g1 g7h8 f2f3 d7d5 e5d6 a6d6 b3b4 h8a1 b4c5 d6c5 d2b4 c5g1 d1a1 a7a6 a1b1 b8d7 b1b2 a8b8 e1d2 b8a8 e2e4 a8b8 f1e2 e7g6 b2a1 a6a5 b4a5 f8f6 a1g1 h6h5 c2a3 b8a8 e4e5 f6f5 a5c3 d7c5 g1c5 a8a5 c5b6 a5e5 b6g6 e8f8 a3b5 c8e6 c3b4
655,W,material_adjudication,82,0.776294,3275,2026-09-02 13:14:11,d2d4 g7g5 d1d3 h7h5 e2e4 f7f5 b2b4 c7c6 d4d5 f5e4 d3d4 e7e6 f2f4 g5f4 a2a4 d8g5 d4h8 g5f5 g2g3 e6d5 g1h3 b8a6 b1a3 f8b4 c2c3 b4a3 c1a3 d5d4 a1d1 e4e3 c3d4 a6c7 g3f4 d7d6 h8g8 e8e7 h3g5 c8d7 a3d6 e7d6 f1h3 a8g8 h3f5 d7f5 e1g1 c6c5 d4c5 d6c5 d1e1 a7a5 g1h1 c7e8 h1g1 b7b6 h2h3 g8h8 h3h4 b6b5 a4b5 a5a4 g5f7 h8f8 f7g5 e8d6 g1h1 f5d7 e1e3 d6f5 f1c1 c5b5 e3d3 f8b8 h1g1 b5b4 d3d7 b8d8 d7d8 f5h4 g5h7 a4a3 c1f1 b4b3
656,B,value_resign,38,0.660104,3280,2026-09-02 13:15:12,c2c4 b8c6 h2h4 b7b5 a2a4 f7f6 h4h5 g8h6 g2g4 b5a4 d2d4 d7d5 c4d5 d8d5 h1h4 a8b8 c1h6 g7h6 f1g2 d5g2 b1c3 b8b6 d4d5 c6e5 g4g5 e5g6 h5g6 f6g5 g6g7 f8g7 d1b1 g5h4 f2f4 c7c6 e2e4 c8d7 g1f3 h8f8
657,B,value_resign,41,0.656403,3285,2026-09-02 13:20:09,c2c4 d7d5 c4d5 e8d7 a2a3 g7g6 e2e4 c7c6 f2f4 d8c7 h2h3 f7f6 d2d4 g6g5 e4e5 g5f4 e1e2 c7b6 c1f4 h7h5 d5c6 b7c6 e2d2 c8b7 h1h2 d7e8 g1e2 b6b2 d1c2 b2a1 c2b2 a1b2 d2e1 h5h4 d4d5 f6f5 g2g3 g8h6 g3g4 e8d7 g4g5
658,B,material_adjudication,83,0.669263,3290,2026-09-02 13:20:51,b1a3 g8f6 d2d4 d7d5 g1f3 f6d7 c1f4 g7g5 a3b1 e7e5 f3e5 g5f4 e5g6 h8g8 e2e3 f4e3 g2g3 b7b6 d1f3 f7g6 h2h4 h7h6 f1c4 d8f6 f3f6 d7f6 b2b4 a7a5 c4b5 b8d7 h1f1 a8b8 b4a5 f8g7 b1d2 b6a5 d2b3 c7c5 d4c5 f6h5 c5c6 g8f8 c6d7 e8e7 d7c8q f8c8 b5a4 g7a1 b3a5 b8a8 g3g4 e3e2 g4g5 e7d6 g5h6 g6g5 h4g5 c8b8 h6h7 e2f1q e1f1 b8b7 h7h8q a8h8 a5b7 d6c7 f2f4 h8f8 g5g6 c7b7 g6g7 a1g7 f1e1 g7f6 c2c3 f6c3 e1e2 f8f4 e2e3 b7c8 e3e2 d5d4 a4b5
659,B,value_resign,44,0.729405,3295,2026-09-02 13:21:34,b1a3 e7e5 g1f3 h7h6 d2d3 d7d5 e2e3 c8g4 f1e2 a7a6 c2c3 e5e4 d1d2 g7g5 f3d4 c7c5 f2f4 c5d4 g2g3 f7f6 e2g4 e8e7 a3c2 e4d3 e3e4 d3c2 f4f5 h6h5 d2f4 g5f4 h1f1 h5g4 e4d5 d8d7 b2b3 f4f3 f1f3 f8g7 c3d4 g4f3 c1b2 e7f8 e1f2 d7e8
660,W,material_adjudication_moderate,84,0.724544,3300,2026-09-02 13:23:50,g2g4 d7d6 g1h3 a7a5 b1c3 a5a4 b2b4 c7c6 d2d4 h7h6 c1e3 e7e6 c3b1 h6h5 b4b5 c6c5 h3g5 b8c6 d4c5 h5g4 e3d2 a8a7 b1c3 c6d4 g5f7 e8f7 e2e3 g7g6 h2h3 d6d5 e3d4 g6g5 c3a4 d8e7 d1g4 f8h6 g4e2 g8f6 a4b6 a7a2 a1a2 c8d7 e1d1 h8f8 d1e1 d7b5 h1g1 b5e2 e1e2 e6e5 d4e5 f6h5 b6d5 e7d8 d5b6 f7g8 g1g4 d8c7 e2e3 h6g7 f1e2 g7e5 e2f3 c7e7 f3e2 f8d8 h3h4 d8d2 e3d2 e5d4 a2a4 e7e6 a4d4 e6c8 d4d3 g8h8 d2c3 h8g8 g4g5 g8f8 c3c4 c8d7 d3c3 f8e7
661,W,value_resign,58,0.631553,3305,2026-09-02 13:23:52,a2a4 d7d6 g2g3 h7h6 e2e4 h8h7 f2f3 b7b6 f1g2 e7e5 b1c3 d8f6 c3d5 f6d8 d5c3 c8h3 d2d3 g7g6 d3d4 e5d4 g1h3 b8c6 c3d5 a7a6 a1b1 g8e7 d1e2 e7f5 d5c3 d8c8 e4f5 c6e7 c3d5 c8f5 d5e7 f8g7 e7g6 g7e5 c2c4 f5b1 g6e5 b1c1 e1f2 d6e5 h1c1 f7f6 e2d3 f6f5 d3e2 f5f4 e2d3 h6h5 c1d1 e8f7 d3e2 a8d8 h3f4 e5f4
662,B,material_adjudication_moderate,113,0.755074,3310,2026-09-02 13:24:13,e2e3 b8a6 d2d3 d7d6 f2f4 g8f6 g1f3 c8f5 d1d2 a6b8 c2c4 b8a6 f3e5 d8c8 e1e2 a8b8 b2b3 h8g8 g2g4 d6e5 c1b2 g7g6 f4e5 f6g4 f1g2 f8g7 e3e4 a6b4 e4f5 e8f8 d2b4 h7h5 h1f1 h5h4 g2h3 c7c5 b4c3 g7e5 c3d2 e5b2 d2b2 g4h2 f5g6 h2f1 h3c8 f7g6 e2f1 b8c8 b2a3 g8h8 a3c1 b7b6 c1d2 h4h3 d2c1 h8h4 b1a3 f8e8 c1b2 h3h2 f1e2 h2h1q a1h1 h4h1 a3c2 g6g5 e2e3 h1h6 b3b4 c5b4 e3e2 a7a5 e2e1 g5g4 e1d2 e8f7 b2e5 g4g3 e5g3 c8c5 g3f3 h6f6 f3e2 b4b3 a2b3 a5a4 c2e3 a4b3 e3d5 b3b2 d5f6 b2b1q f6h7 b1b4 d2e3 c5c8 c4c5 b4c5 d3d4 c5c6 d4d5 c6d5 e2f1 f7e8 f1f3 d5d8 f3b7 e7e6 e3e4 c8c5 b7c6 e8e7 c6b6
663,W,material_adjudication,132,0.680797,3315,2026-09-02 13:24:54,e2e3 a7a5 g2g3 a5a4 f1b5 c7c6 d2d4 f7f6 d1e2 c6b5 e2h5 g7g6 h5d5 e7e5 b1d2 d8b6 d5e6 g8e7 e6b6 e7g8 e3e4 g6g5 b6a7 a8a7 f2f4 g5f4 b2b4 g8e7 d4e5 d7d5 e5f6 d5e4 f6e7 f4g3 e7f8q e8f8 g1e2 g3h2 e2f4 b8d7 h1h2 e4e3 f4d5 e3d2 c1d2 h7h5 a1d1 b7b6 d5b6 d7b6 h2h1 b6d5 c2c4 b5c4 b4b5 f8g7 b5b6 d5b6 h1g1 g7f7 g1h1 c8d7 h1h3 d7c6 h3h4 h8d8 h4h5 c6d5 d1c1 f7g8 c1c2 d5e4 h5a5 a7a5 d2a5 a4a3 a5b6 e4c2 b6d8 g8h7 e1d2 c2d3 d8b6 h7g6 d2c3 g6f5 b6c5 f5g4 c5a3 g4h5 a3c5 h5g4 a2a4 g4h5 a4a5 h5g4 a5a6 g4f3 a6a7 d3e4 c3c4 e4c6 c4d4 f3e2 d4c4 e2d2 c5f8 d2e3 c4b4 c6g2 b4c5 g2a8 f8g7 a8b7 c5b4 b7a8 b4c5 a8b7 c5b5 b7a8 g7f6 e3f2 b5b6 a8d5 f6e5 d5c4 a7a8q c4a2 e5f4 a2b1 f4d6 f2f1
664,B,value_resign,72,0.708863,3320,2026-09-02 13:25:12,a2a4 h7h5 e2e3 c7c5 f2f3 d8b6 a4a5 b6g6 f1c4 h8h7 e1e2 a7a6 g2g3 h5h4 d1e1 d7d5 g3h4 e7e6 c4d5 g6f5 b2b3 e6d5 e3e4 b8d7 e4f5 g8e7 e1f1 d7b8 f5f6 c5c4 c1b2 c4b3 c2b3 e7g6 b2c1 b8d7 f1g2 f8c5 g1h3 g6h4 h3f2 c5f2 h1d1 h4g2 e2f2 g7f6 f2g2 d5d4 c1b2 h7h8 b2d4 h8g8 g2h1 d7f8 d4f6 g8g6 b3b4 g6f6 d1e1 c8e6 e1e5 f6f4 e5e4 f4f3 h1g2 f3f5 e4e5 f5e5 b1c3 f7f5 g2g3 e6d5
665,W,value_resign,59,0.652402,3325,2026-09-02 13:25:13,e2e3 g7g6 f2f3 g8h6 e3e4 f8g7 a2a4 e8g8 f1b5 f7f6 b1c3 c7c6 g1e2 d7d6 b5c6 f8e8 c6d5 g8f8 e1f2 g6g5 d1f1 a7a5 b2b3 a8a7 g2g4 h6f5 e4f5 h7h5 a1a3 d8d7 c1b2 b8a6 e2g1 a6b4 f1c4 b4d5 c3d5 h5g4 f3g4 e7e5 h2h4 g5h4 g1f3 e5e4 f3h4 e8e5 c4b5 e5d5 b5d5 g7h6 h1d1 h6g5 b2c3 d7c6 d5c6 b7c6 d1f1 c8b7 f1e1
666,B,value_resign,68,0.791832,3330,2026-09-02 13:26:39,a2a4 h7h5 b2b4 h8h6 f2f3 c7c5 g1h3 a7a5 c1a3 f7f5 b4a5 g7g5 a1a2 g5g4 a3b2 f5f4 d2d3 g4h3 b1a3 a8a5 a3b5 a5b5 c2c4 b5b6 b2a1 b6b2 a1b2 f8g7 g2g3 f4g3 h2g3 d7d5 a2a3 d5c4 d3c4 g7b2 d1d8 e8d8 f1h3 b2a3 g3g4 h5h4 e1f2 h6d6 a4a5 d6d5 c4d5 b8d7 f2g2 g8f6 g4g5 f6d5 e2e4 d5b4 g5g6 d8e8 g6g7 e8f7 h1h2 f7g7 g2h1 b4a6 h3g4 d7f6 f3f4 c8d7 g4f3 a6b4
667,B,checkmate,54,0.772308,3335,2026-09-02 13:28:07,g2g4 d7d6 f1h3 h7h5 b2b4 a7a6 e1f1 g7g5 f2f3 e7e5 c2c4 a8a7 f1g2 h5g4 h3g4 c7c6 g4c8 d8c8 h2h4 e5e4 h4g5 a6a5 h1h8 a5a4 f3e4 b8a6 g2f1 a6c7 e4e5 f8g7 h8g8 g7f8 g1h3 c8h3 f1f2 h3g4 e5d6 c7e6 c1b2 e8d7 d1c2 f8g7 b2c3 g7c3 c2c3 a7a8 g5g6 a8g8 c3b2 g8g6 c4c5 g4g2 f2e3 g6g3
668,W,value_resign,73,0.695577,3340,2026-09-02 13:31:04,a2a3 g8f6 e2e3 b8c6 f2f3 f6d5 a3a4 c6b8 b2b4 e7e5 e3e4 h8g8 f1b5 f7f5 e4d5 c7c6 g2g3 c6d5 b1c3 h7h6 c3e2 g7g6 h2h3 f8b4 e2c3 d8e7 g1e2 e5e4 f3e4 e7h4 g3h4 d5e4 d2d3 b4c3 e2c3 a7a6 c3e4 e8f7 e1f1 d7d5 e4g3 a6b5 a4b5 a8a1 h1g1 d5d4 d1e2 a1c1 f1g2 c1g1 g2g1 f5f4 e2f3 c8e6 f3b7 b8d7 b7f3 f7e7 f3f4 g8f8 f4d4 f8b8 c2c4 e7e8 d4f4 g6g5 h4g5 h6g5 f4g5 b8a8 g1f1 a8b8 c4c5
669,B,value_resign,58,0.739258,3345,2026-09-02 13:32:54,g2g4 b7b6 c2c3 d7d6 h2h4 a7a5 d2d3 a8a7 c1e3 c8g4 e3d2 g8h6 d2h6 g7h6 d1d2 b8d7 f2f4 d7e5 f4e5 f8g7 d2e3 d8b8 a2a4 h8f8 h1h2 b6b5 e5e6 f7e6 h2g2 d6d5 g2g4 b5a4 g1f3 b8b2 a1a4 h6h5 g4d4 g7d4 a4d4 e6e5 f1g2 e5d4 e3d4 b2b7 f3e5 a5a4 c3c4 e8d8 b1c3 a7a6 c3a4 a6a4 d4f4 f8f4 g2f3 c7c5 d3d4 b7c6
670,B,value_resign,28,0.709478,3350,2026-09-02 13:33:13,e2e3 a7a5 g1h3 e7e6 e1e2 b7b6 g2g3 c8b7 f2f3 g7g5 a2a3 b8a6 e3e4 a6b4 h3f4 b4c2 d1c2 g5f4 c2c5 f8c5 f1h3 f7f6 e4e5 f6e5 b1c3 d7d6 d2d3 c5d4
671,B,material_adjudication_moderate,76,0.787375,3355,2026-09-02 13:33:33,a2a3 g8f6 e2e4 b8c6 f2f3 f6g8 e4e5 g7g6 a3a4 a8b8 e1f2 c6d4 a4a5 d7d6 d1e2 d4e2 a5a6 c7c6 g1e2 f7f6 e5d6 e7e5 a6b7 b8b7 g2g4 d8d6 h2h4 g8e7 e2f4 d6c5 d2d4 c5d4 c1e3 a7a5 e3d4 e5d4 f1g2 h7h6 a1a5 b7b5 a5b5 c6b5 g4g5 h6g5 h4g5 h8h1 g2h1 f6g5 c2c3 g5f4 c3d4 c8f5 f2e1 g6g5 b1c3 b5b4 c3d1 e7d5 b2b3 f8g7 e1f2 g7d4 f2e2 e8d8 e2e1 d8e8 e1e2 e8d8 e2e1 d8e8 e1e2 d5e3 e2e1 g5g4 f3g4 f5g4
672,W,value_resign,41,0.731375,3360,2026-09-02 13:37:34,a2a4 f7f5 d2d3 e7e5 c2c3 h7h6 c1h6 g8f6 a4a5 f6g4 h2h3 h8h6 h3g4 b7b6 g4f5 h6h1 a1a2 c7c5 a5b6 h1h3 b1d2 h3h2 e2e4 d7d5 e4d5 a7b6 a2a8 d8d5 g1e2 e8d8 a8b8 e5e4 d3e4 g7g5 f2f3 f8g7 e4d5 d8e7 d2e4 c8d7 g2g3
673,B,value_resign,58,0.753510,3365,2026-09-02 13:39:17,a2a4 a7a6 g2g4 e7e6 b2b4 f7f6 b4b5 g7g6 e2e3 f8b4 b1c3 a6b5 a4b5 h7h6 a1a8 d7d5 a8b8 g6g5 b8c8 d8c8 d1f3 b4e7 d2d3 c8d8 e1e2 b7b6 f3g2 e8f8 c3a4 h6h5 e3e4 d5d4 f2f3 c7c5 a4b6 c5c4 e4e5 f6e5 d3c4 d8b6 e2d2 h5g4 d2d3 g4f3 g2f3 e7f6 d3e4 b6c5 b5b6 c5b6 g1e2 h8h4 f3g4 h4g4 c1f4 g5f4 h2h3 g8e7
674,W,value_resign,23,0.812244,3370,2026-09-02 13:40:21,b1a3 e7e5 d2d3 f7f6 a1b1 f8a3 h2h4 c7c5 h4h5 g8h6 e2e3 e8f8 b2a3 h6f5 f2f3 f5e3 c1e3 b8a6 e3c1 g7g5 h5h6 e5e4 h1h2
675,W,value_resign,47,0.760813,3375,2026-09-02 13:41:22,d2d3 b7b5 b1a3 f7f6 b2b4 g8h6 f2f4 f6f5 a1b1 a7a5 b4a5 d7d6 g1h3 a8a5 h1g1 b5b4 b1b4 a5a4 b4b5 c8a6 e2e3 a4a3 b5b2 e8d7 e1d2 c7c6 b2b4 e7e6 c1a3 c6c5 b4b2 c5c4 d3c4 b8c6 c2c3 a6c4 f1c4 f8e7 c4b5 h8g8 d1b1 g7g5 f4g5 g8g5 h3g5 d8c7 b1a1
676,B,material_adjudication,91,0.741208,3380,2026-09-02 13:44:30,f2f3 c7c6 b2b4 a7a5 a2a4 g7g6 g2g4 d7d6 e1f2 f7f5 c1b2 h7h5 b2d4 g6g5 b4a5 c8d7 d4h8 e7e6 c2c4 f8e7 d2d4 d8c8 e2e4 f5e4 b1d2 e4f3 d1f3 e8d8 a1a3 d6d5 g4h5 e7a3 h2h4 a3e7 h4g5 d5c4 f1c4 c6c5 d4c5 g8f6 g5f6 e7f6 h8f6 d8c7 f2e2 c8g8 e2f1 g8f7 f6e5 c7d8 g1h3 f7f3 d2f3 b8c6 f1f2 c6b4 c4e6 d7e6 c5c6 b4c6 f2g1 c6e5 f3e5 e6d5 h5h6 d8c7 h3g5 a8g8 g1h2 g8g5 h1f1 g5e5 h6h7 e5e8 h2g1 e8h8 f1d1 d5c6 d1f1 h8h7 f1f4 h7h5 f4f3 c6f3 a5a6 b7a6 a4a5 c7d8 g1f1 d8c7 f1g1
677,B,material_adjudication_moderate,76,0.698525,3385,2026-09-02 13:45:49,e2e3 a7a5 d2d4 a5a4 a2a3 g8f6 g2g3 f6d5 e3e4 f7f6 d1d2 d5b6 d2b4 e8f7 h2h4 e7e5 f1b5 f8b4 c2c3 g7g6 c3b4 d7d5 c1d2 d5e4 f2f3 f7e7 f3e4 c8e6 b5e8 d8c8 g3g4 e7e8 d4d5 e6d7 h1h2 h8f8 h4h5 g6g5 e1f2 d7b5 f2f3 b6d5 e4d5 c7c6 b1c3 h7h6 c3b5 c6b5 d2e3 a8a6 e3d4 b7b6 f3e3 c8d7 d4e5 f6e5 h2g2 d7c8 a1d1 f8f5 g4f5 c8b7 e3d3 e8d8 g2e2 b8d7 e2e5 b7b8 e5e1 b8d6 e1e6 d6f8 b2b3 a4b3 d3d2 d7c5
678,B,material_adjudication_moderate,110,0.598301,3390,2026-09-02 13:46:10,b1a3 e7e6 d2d3 f7f6 c1e3 c7c6 c2c3 d7d6 g2g3 e6e5 a1c1 e8e7 a3c2 b8a6 e3g5 a6c7 f1g2 e7e6 h2h3 f6g5 g2e4 d8f6 h3h4 e6e7 h1h3 g5g4 e1d2 h7h5 d2e1 g8h6 f2f4 h8g8 h3h2 e5f4 g3f4 g4g3 g1f3 g3h2 f3e5 d6e5 f4f5 e7f7 d3d4 f6e7 d1d2 c8e6 f5e6 e7e6 d4d5 e6d7 a2a3 d7e7 d5c6 g8h8 c6b7 a8b8 c3c4 b8b7 c4c5 g7g5 e4b7 f7g7 h4g5 h6f7 e2e4 h8g8 c2e3 h5h4 e1f1 h2h1q f1f2 c7a6 c1h1 e7b7 d2d5 b7d5 e4d5 a6c5 b2b4 f7d6 b4c5 d6e4 f2g1 e4c5 g1h2 a7a5 a3a4 f8e7 h1f1 g8f8 f1f3 f8f3 h2g2 g7f8 g2f3 f8g8 f3g2 c5d3 g2f1 e7d6 f1e2 e5e4 g5g6 g8g7 e2f1 d6e7 d5d6 e7d6 f1e2 d6e7
679,W,material_adjudication_moderate,76,0.690893,3395,2026-09-02 13:47:44,a2a3 g8f6 a3a4 a7a6 a4a5 d7d5 a1a3 g7g6 g1f3 c8e6 g2g4 h7h5 d2d3 h5g4 f3d4 c7c5 d4e6 f7e6 c1d2 e8f7 h2h4 f8h6 c2c3 h6d2 b1d2 e6e5 d1b3 h8e8 f2f3 f7e6 f1g2 g4g3 b3b7 b8d7 b7c6 e6f7 c3c4 d5c4 d3c4 e5e4 f3e4 e8g8 e4e5 d7e5 c6a8 d8a8 g2a8 e5c4 d2c4 g3g2 h1g1 g8a8 g1g2 f7g7 h4h5 f6h5 c4e5 h5f6 g2g6 g7f8 e5c4 f8f7 c4e5 f7f8 e5c4 f8f7 c4e5 f7e8 e2e3 f6e4 a3a1 a8c8 e5d3 e8f7 d3e5 f7f8
680,W,checkmate,25,0.788263,3400,2026-09-02 13:49:20,b2b3 f7f5 e2e4 f5e4 f2f3 h7h5 f3e4 h8h7 e4e5 c7c6 g1e2 d8b6 c2c3 h5h4 e2d4 b6c7 e5e6 d7d5 d4c2 c7d8 c1b2 a7a5 f1d3 d5d4 d3g6
681,B,material_adjudication_moderate,81,0.637963,3405,2026-09-02 13:49:40,g2g4 b7b6 c2c4 f7f6 f2f4 b6b5 c4b5 c7c5 h2h4 a7a6 a2a4 d7d6 h1h3 c8b7 g4g5 e8d7 e1f2 g8h6 g1f3 f6g5 h4g5 a6b5 a4b5 h6g4 f2g1 a8a1 d1c2 b7c8 f3e5 d7e6 e5g4 d6d5 c2c5 e6d7 g4e3 e7e6 c5c3 a1b1 g1f2 b1c1 c3c1 d8e7 c1c3 d5d4 c3d4 e7d6 d4d6 f8d6 g5g6 d6f4 g6h7 d7d6 e3c4 d6c5 b5b6 c5c4 e2e3 c4d5 e3f4 e6e5 f4e5 c8h3 f1h3 d5e5 f2e2 h8h7 d2d3 h7h3 e2e1 h3h4 e1d2 b8d7 d2e3 d7b6 b2b3 h4h5 b3b4 h5h4 b4b5 h4h5 d3d4
682,B,material_adjudication,83,0.793381,3410,2026-09-02 13:49:58,e2e3 a7a5 g1h3 d7d6 f2f4 c7c6 d2d4 g8h6 e3e4 c8h3 d4d5 g7g5 d1e2 c6c5 g2h3 g5f4 f1g2 c5c4 c1f4 b8c6 b1c3 a5a4 h3h4 a4a3 e1d2 a3b2 a1d1 b2b1q c3b1 c6b4 f4e3 f7f5 h4h5 f5e4 g2e4 b4a2 e3f4 f8g7 h1f1 e8g8 c2c3 g7f6 f4h6 d8e8 h6f8 g8f8 e4d3 e7e5 d5e6 c4d3 e2d3 e8e6 c3c4 f8g8 d3f3 a8f8 h5h6 e6c4 f3b7 c4e6 b7f3 f6g5 d2d3 f8f3 f1f3 d6d5 b1c3 g5f6 c3a2 e6e5 a2b4 e5e4 d3d2 e4f3 d1f1 f3g4 f1g1 g4g1 d2e2 g8h8 e2f3 g1h2 f3g4
683,W,value_resign,26,0.749203,3415,2026-09-02 13:53:59,b1a3 g7g5 h2h4 g5h4 c2c4 c7c5 g2g4 h7h5 f2f4 f7f5 g4f5 f8g7 a3c2 d8b6 d2d4 b6c6 g1f3 c6f6 a1b1 e8f7 d4d5 f6e6 f5e6 f7f8 c2b4 b7b6
684,B,material_adjudication_moderate,76,0.712387,3420,2026-09-02 13:55:30,b1c3 e7e6 g2g3 f7f6 g3g4 b7b6 h2h3 e8e7 b2b3 h7h6 e2e4 e6e5 g4g5 f6g5 c3d5 e7e6 g1e2 d7d6 f2f4 g5f4 d2d4 d8g5 h1h2 g5h4 e1d2 c8a6 d5c7 e6d7 d2c3 d7c7 d4d5 f8e7 c1f4 e5f4 d1d3 a6d3 e2f4 g8f6 c2d3 f6h5 h2d2 h4g3 f4e2 b8a6 e2g3 h5g3 h3h4 h8f8 h4h5 g3f1 a2a3 g7g5 e4e5 b6b5 d2d1 a8b8 e5d6 c7d6 d1f1 a6c7 f1e1 b8b7 a1d1 g5g4 a3a4 g4g3 e1g1 c7e6 g1e1 b5a4 b3a4 e7f6 c3d2 b7b2 d2c1 f6d4
685,B,material_adjudication_moderate,111,0.744368,3425,2026-09-02 13:55:53,f2f3 a7a5 g1h3 g8h6 e2e4 b8c6 a2a4 c6d4 e4e5 e7e6 b2b3 c7c5 f1b5 d4c2 d1c2 f7f5 e1f2 d8b6 h3f4 h8g8 f4g6 b6d8 h1f1 h7g6 c2c3 e8f7 g2g3 d7d5 c1a3 d8e8 b5e8 f7e8 a3c5 d5d4 c5d4 h6g4 f2g1 g4h2 d2d3 f8b4 g1h1 b4c3 b1c3 h2f1 a1f1 a8b8 g3g4 f5f4 g4g5 e8d8 c3e4 c8d7 f1d1 b8c8 e4f2 c8b8 f2h3 d8e8 h1h2 g8h8 d1e1 e8f8 e1g1 f8e7 g1f1 h8g8 f1d1 e7d8 h3f4 b8c8 f4h3 g8h8 b3b4 a5b4 d1f1 b4b3 f1f2 c8c6 f2g2 c6c8 g2g3 c8c6 d4g1 h8h7 d3d4 c6c2 h2h1 h7h4 d4d5 c2c4 d5e6 d7e6 g1f2 h4h3 g3h3 e6h3 h1h2 h3d7 f2e3 d8c7 h2g2 d7e6 g2f1 c7b8 f1e1 c4h4 e3d2 h4h5 d2b4 b8c8 b4d2
686,W,material_adjudication,72,0.809448,3430,2026-09-02 13:56:28,e2e3 g7g6 b1a3 f8h6 a1b1 f7f5 f1e2 e7e6 a3c4 f5f4 c4a5 f4e3 f2e3 b7b6 c2c3 c7c5 c3c4 d8e7 e2f3 g8f6 g2g3 e8d8 d2d3 f6e8 d3d4 d7d5 c4d5 b6a5 d4c5 c8d7 h2h3 e8d6 a2a3 d6f7 d5e6 e7e6 f3a8 d8c7 a8f3 h8f8 d1e2 e6e7 b1a1 g6g5 b2b3 g5g4 f3d5 g4h3 h1h3 d7h3 g1h3 b8d7 e1d1 d7c5 c1b2 c5b3 d5b3 f7d6 b3d5 a5a4 d1e1 d6e4 e2d3 e7d6 d3d4 d6d5 d4d5 f8f7 b2c3 e4f6 d5f3 f6d5
687,B,value_resign,22,0.743809,3435,2026-09-02 13:57:03,d2d4 g7g5 d1d3 g8h6 h2h4 d7d6 e1d2 b7b6 e2e4 h6g4 h4g5 b8d7 g1e2 g4f2 h1g1 c8a6 g5g6 f2d3 c2c3 d7c5 c3c4 d6d5
688,B,value_resign,61,0.764639,3440,2026-09-02 13:57:19,b2b3 b8a6 e2e4 e7e5 f2f3 f8d6 e1f2 a6b4 f1b5 g8f6 b5e2 d6c5 f2f1 b4a2 e2c4 f6e4 d2d3 e4f2 a1a2 f2d1 f1e1 f7f6 c1b2 e8e7 e1d1 c5b4 h2h4 e5e4 d3d4 d8e8 g1h3 b4c5 d4c5 g7g6 h3g5 a7a5 h4h5 f6g5 h5g6 d7d6 g6g7 h8g8 c4d5 g5g4 f3g4 d6c5 d5g8 e8g8 h1h7 g8h7 g7g8q h7g8 d1e1 c8g4 e1d2 c7c6 g2g3 a5a4 b3a4 g8e8 a4a5
689,W,material_adjudication,98,0.799235,3445,2026-09-02 13:59:16,g2g4 a7a5 d2d3 a8a6 e2e4 c7c5 d1f3 h7h5 e1d2 h5g4 f3f4 b8c6 b2b3 c6e5 a2a4 e5c6 d3d4 d7d6 f1a6 b7a6 d4c5 g8h6 f4g3 e7e6 g1e2 c8b7 g3e3 d6c5 e3d3 c5c4 d3d8 e8d8 h1g1 c4b3 c2b3 e6e5 e2c3 c6d4 d2d3 f7f5 c3b5 a6b5 g1g4 f5g4 a4b5 g7g5 c1g5 f8e7 g5e7 d8e7 b1d2 e7d6 b5b6 h8g8 b3b4 g8g6 b4a5 b7c8 a5a6 c8e6 a6a7 d4b3 a7a8q b3a1 a8a1 h6g8 h2h4 g8h6 a1b2 d6e7 f2f4 g4f3 b2c3 h6g4 d2f3 g4f2 d3e2 f2e4 c3e3 g6h6 b6b7 e6g4 e2d3 g4f3 b7b8q h6a6 b8c8 a6a8 e3f3 a8c8 d3e4 c8c3 f3c3 e7d6 c3h3 d6c6 h3h2 c6b5
690,W,checkmate,61,0.757371,3450,2026-09-02 14:04:40,d2d4 g8f6 d1d3 b7b5 e2e4 f6e4 g2g3 c7c6 b1a3 f7f6 b2b4 e4f2 e1f2 e8f7 d3b3 d7d5 f1b5 c6b5 h2h3 h7h6 a3b5 b8c6 c2c3 a7a6 b3a4 a6b5 a4a8 c8a6 a2a3 d8a8 h1h2 a8a7 g1f3 f6f5 c1b2 a7b7 h3h4 g7g6 f3e5 f7e8 e5g6 h8h7 g3g4 e7e5 g4g5 c6a5 b4a5 e8f7 g5h6 f7g6 d4e5 g6h6 h2h1 h7g7 h1h3 g7h7 h4h5 f8g7 b2c1 f5f4 c1f4
691,B,material_adjudication,125,0.735605,3455,2026-09-02 14:05:28,e2e3 a7a5 g1e2 e7e6 h1g1 f7f6 c2c3 a5a4 f2f3 e8f7 e1f2 f8c5 d2d4 c7c6 d4c5 f7e8 e3e4 a4a3 g2g3 g7g5 d1e1 a3b2 c1b2 h7h5 a2a4 d7d5 e1d1 b8d7 h2h3 a8b8 f1g2 d7c5 e4d5 c6d5 e2d4 b7b6 c3c4 d5c4 b1c3 f6f5 d4f5 e6f5 d1d8 e8d8 f2e1 c8d7 c3e2 g8e7 b2h8 g5g4 a1a3 g4h3 g2h3 e7c6 h3f5 d7f5 h8d4 c6d4 e2d4 f5d7 a3a2 h5h4 g3h4 c5b3 g1g6 b3d4 h4h5 d4f3 e1e2 f3h4 a2d2 h4g6 h5g6 d8e7 g6g7 b8g8 a4a5 b6a5 d2b2 a5a4 b2b7 e7d8 b7d7 d8d7 e2e1 g8g7 e1e2 c4c3 e2f3 d7e8 f3e2 g7e7 e2d3 e8f7 d3d4 e7e6 d4d5 f7g7 d5e6 g7g6 e6d7 g6h5 d7e6 a4a3 e6d7 a3a2 d7e6 h5h4 e6d7 h4h3 d7e6 h3g4 e6d7 g4h3 d7e6 h3g4 e6d7 g4h3 d7e6 a2a1q e6d7 a1a2 d7d8 h3g4 d8e7
692,W,value_resign,61,0.765784,3460,2026-09-02 14:06:36,b2b3 c7c6 e2e3 f7f5 f1e2 b7b6 c2c4 f5f4 b1c3 f4e3 f2e3 a7a6 h2h3 d7d6 c1b2 c6c5 e1f1 c8d7 e3e4 h7h5 c3b1 e7e5 g2g3 d7c8 d2d4 a6a5 h3h4 a5a4 d4e5 b8a6 e5e6 g8e7 a2a3 a4b3 d1b3 a6b4 g3g4 g7g6 b1c3 h5g4 a3a4 c8e6 a1a3 e6c8 b3d1 c8b7 c3b5 e7f5 e4f5 b7h1 b2h8 e8d7 f5f6 d8f6 h8f6 d6d5 a4a5 b6a5 f6g7 f8g7 a3c3
693,W,value_resign,53,0.773683,3465,2026-09-02 14:07:44,h2h4 d7d6 c2c4 b7b6 h1h3 c8h3 b2b3 g8h6 d2d4 e8d7 g1h3 h8g8 c1h6 a7a5 h6e3 f7f5 g2g3 b8c6 d4d5 c6b4 a2a3 a5a4 e1d2 g7g5 h3g5 c7c6 g5e6 d8e8 d5c6 d7c8 a3b4 a4b3 a1a3 a8a3 b1a3 b3b2 f1g2 g8g3 f2g3 b2b1q a3b1 f8h6 g3g4 f5g4 b1a3 e8c6 g2f3 g4f3 e2f3 c8b7 a3c2 c6a4 d1e2
694,W,value_resign,83,0.754344,3470,2026-09-02 14:08:06,b1a3 e7e5 d2d3 g8f6 e2e3 c7c5 b2b4 c5b4 h2h3 b8c6 a1b1 d7d6 b1b2 e8e7 g1f3 g7g5 a3b5 a7a6 f3g5 f6g8 e1d2 h7h5 g5f7 c8d7 g2g4 e7f7 g4h5 c6d4 b5a3 d7c6 e3d4 e5d4 f2f3 c6d5 b2b4 f7e7 b4d4 d8e8 h1g1 d5e6 d1e2 d6d5 f3f4 b7b5 d4d5 b5b4 d5e5 f8h6 d2d1 e8d8 a3c4 g8f6 c1d2 f6h5 e5h5 d8e8 h5h6 h8h6 g1g2 a6a5 a2a4 e7f7 g2g3 e8e7 h3h4 e7h4 f1h3 h4g3 f4f5 e6c4 d2h6 g3d6 h3g2 c4d5 g2d5 d6d5 h6g5 d5e5 e2e5 a8a7 d1c1 a7a6 c1b1
695,B,value_resign,48,0.707192,3475,2026-09-02 14:11:05,b1a3 c7c5 d2d3 f7f6 b2b4 g7g6 h2h3 g6g5 e2e3 h7h5 e1e2 f6f5 c1b2 a7a5 b4a5 g5g4 c2c4 g4g3 b2h8 a8a5 f2f3 a5a3 h1h2 d7d5 h8b2 d8d6 e3e4 g3h2 c4d5 h2h1q b2a3 b8d7 a3c5 d6c5 d3d4 c5d6 a2a4 f8h6 e4e5 d7e5 d4e5 d6e5 e2d3 g8f6 g1e2 c8d7 d1d2 e8f7
696,W,value_resign,13,0.658890,3480,2026-09-02 14:11:28,b1a3 f7f6 b2b4 c7c5 d2d3 f6f5 a1b1 d8a5 b4a5 c5c4 h2h4 e7e5 h1h2
697,B,value_resign,44,0.720346,3485,2026-09-02 14:12:11,b1a3 a7a5 f2f3 b7b5 g2g3 g8h6 e2e3 f7f6 g1e2 b8c6 a3b5 g7g5 f1g2 e8f7 e3e4 c8b7 a2a3 c6b8 d2d3 b8c6 e1f1 f7e8 d3d4 d7d5 h2h3 d5e4 f3e4 h8g8 c2c4 d8d7 c1e3 f6f5 e4f5 h6f5 b5c7 d7c7 a1b1 f5e3 f1e1 e3d1 e1d1 c7d6 g2f3 a8a6
698,B,value_resign,18,0.682092,3490,2026-09-02 14:12:11,b1a3 f7f6 b2b4 c7c5 d2d3 c5b4 a1b1 a7a5 c2c3 e8f7 e2e3 e7e5 g2g4 f8c5 d1e2 h7h5 c3b4 f7e7
699,W,value_resign,69,0.763655,3495,2026-09-02 14:13:05,b2b3 f7f6 f2f3 a7a5 d2d4 c7c5 e1d2 e8f7 h2h3 a5a4 d4c5 e7e6 c5c6 d8e8 c2c3 a4b3 d1b3 a8a7 d2e1 f8c5 c1d2 e8f8 g2g3 b8c6 a2a4 g7g5 e1d1 d7d6 e2e3 a7a6 f1e2 b7b6 b3b5 c8b7 a4a5 a6a5 a1a5 c6a5 b1a3 c5e3 d2e3 h7h5 e3d2 f8e8 b5d3 e6e5 c3c4 d6d5 c4d5 b6b5 a3b5 a5b3 b5c3 b3d4 d1e1 e8c8 e1f2 f7f8 e2f1 e5e4 d3d4 b7a6 c3b5 a6b5 f1b5 e4f3 g1f3 c8b7 d2c1
700,W,value_resign,55,0.737589,3500,2026-09-02 14:14:40,e2e3 g7g5 f2f4 a7a5 e3e4 a5a4 d2d3 b8c6 h2h4 d7d6 b1d2 c6e5 c2c4 c8f5 f4e5 f5g4 e5d6 g4d1 e1d1 a4a3 d6c7 d8c7 h4g5 f8g7 b2a3 c7b6 d3d4 a8a6 g2g4 f7f5 g5f6 g8f6 c4c5 b6a5 f1a6 f6e4 a6b7 e4d2 c1d2 g7d4 d2a5 d4a1 h1h2 a1b2 g4g5 h8f8 g1h3 f8f7 a5b6 b2a1 b6c7 f7f6 h2g2 a1e5 d1c2
