game,outcome,end_reason,n_moves,loss,steps,timestamp,moves
1,W,checkmate,5,0.942487,5,2026-08-07 23:19:27,e2e3 g7g5 c2c4 f7f6 d1h5
2,B,checkmate,30,0.892864,10,2026-08-07 23:25:05,b1a3 f7f6 d2d4 b7b5 d1d2 e7e6 d2g5 f8d6 a3c4 b8a6 g5h5 e8e7 c1d2 g7g5 f2f4 b5c4 d4d5 f6f5 d2e3 g5f4 e1c1 d6a3 h2h4 a6b8 g2g3 e7d6 h5g6 d8f6 e3d2 f6b2
3,W,material_adjudication,66,0.855176,15,2026-08-07 23:35:26,e2e3 d7d6 g2g3 g8h6 c2c3 h6g8 d1e2 d6d5 d2d4 d8d7 e2d1 b7b5 d1c2 e7e6 a2a3 d7e7 f1e2 a7a6 c2f5 g7g5 e3e4 c8b7 f5g5 e7a3 e2d1 f8h6 g1h3 b7c8 b1a3 c8b7 g5g7 e8d8 g7g6 f7f5 d1c2 f5f4 a1b1 f4g3 b1a1 g3g2 g6g5 d8c8 g5e3 g2g1q h3g1 g8f6 e1d2 b5b4 d2d1 f6g8 a1b1 c8d7 e3e2 d7e7 e2d3 e7d8 d1e2 g8f6 c3c4 b8c6 c1h6 f6h5 b1e1 a8a7 e2e3 h5f6
4,B,material_adjudication,66,0.837425,20,2026-08-07 23:35:26,b1a3 b8c6 b2b3 a7a5 c2c3 f7f6 c3c4 a8b8 g2g3 c6a7 d2d3 d7d6 d1d2 c8h3 d2c2 g7g6 d3d4 h7h5 c1b2 b7b5 c2g6 e8d7 a3c2 h8h7 c2e3 h7h6 a1b1 h3f1 h2h3 b5b4 g6h5 d8c8 e1d2 c8e8 h5b5 d7e6 b2a1 b8d8 a1b2 c7c6 b5e5 f6e5 a2a3 d8b8 b2c1 f1e2 d4d5 e6f7 b1b2 b8b6 b2c2 a7c8 e3d1 e2f1 d1e3 f1c4 f2f3 f8g7 f3f4 c4f1 a3b4 f1b5 c2b2 b5f1 g3g4 e8f8
5,W,material_adjudication,66,0.819054,25,2026-08-07 23:35:27,e2e3 g7g6 c2c4 b7b5 f1e2 g8h6 f2f4 f7f6 g1f3 d7d5 f3e5 d5c4 a2a3 d8d6 e1f2 b8d7 e2h5 c7c6 f2f1 d7b6 e5d3 e7e5 d1e1 g6h5 f4e5 a7a6 g2g3 h6g4 e1f2 e8d8 f1g2 d8d7 e5d6 h7h6 g2f1 b5b4 f2f5 d7d6 f5f6 d6c7 f6f4 c7d7 d3f2 d7e6 f4c7 f8g7 f2e4 a6a5 c7b7 a8a6 b7a6 g4f6 h2h4 h8e8 g3g4 c8d7 f1g1 f6d5 a6a5 c4c3 a5b5 d5c7 b2c3 g7f8 b5h5 b6d5
6,B,material_adjudication,66,0.740801,30,2026-08-07 23:35:28,b2b3 e7e6 c2c4 b8a6 g2g4 a6b4 h2h4 c7c6 h1h2 e8e7 g4g5 g8h6 d1c2 b7b5 e2e4 a8b8 g5g6 b4c2 e1e2 e7f6 f1g2 f8a3 e2f1 a3e7 g2h3 c8a6 c1b2 f6g6 f1e2 c2a1 b2e5 d8e8 e5d6 e7d8 f2f3 h6g8 h3g4 g8h6 g4h3 a6c8 h3f1 b8a8 g1h3 d8b6 h4h5 g6h5 d6b8 b5c4 h2f2 b6d8 h3f4 h5g5 b3c4 h6g4 f4g6 h7h6 g6e7 g7g6 e7g8 f7f5 b8a7 g4f6 f3f4 g5h5 f2h2 h5g4
7,W,material_adjudication,66,0.632348,35,2026-08-07 23:35:28,g1f3 d7d5 a2a3 e7e5 h2h4 h7h5 g2g4 h8h6 f3e5 d8e7 e2e3 h6d6 d2d4 d6h6 e5c6 h6g6 c2c4 h5g4 f2f4 c8d7 h1h2 e7b4 b1d2 b4c4 f1h3 c4e2 e1e2 b7b6 d1c2 b8a6 b2b4 g6h6 h2f2 a8d8 h3g2 d7c8 e2e1 f8c5 g2e4 d8d7 a1a2 d7d6 e1e2 h6h7 e4d5 d6f6 c2b2 a6b4 b2b3 c8b7 b3c3 f6e6 d2f1 g7g5 f1h2 c5f8 h2g4 f7f6 c1d2 g5h4 d2c1 f8h6 c1b2 b6b5 c3c5 b7a8
8,W,material_adjudication,70,0.618279,40,2026-08-07 23:36:38,f2f3 a7a5 e2e3 h7h5 b2b4 d7d6 f1e2 c8h3 e2f1 h3c8 g2g4 c8d7 f1c4 d7c6 h2h3 b7b5 c4f7 e8d7 g4g5 d6d5 e1e2 g8h6 h1h2 e7e5 f7g6 h8g8 h2f2 d8g5 g6d3 h5h4 f2h2 b8a6 b4a5 g5g4 d1e1 a6b8 e1f2 g4f4 e2e1 f8d6 d3f1 g8f8 e3f4 d7e8 b1c3 e8d7 f2c5 a8a7 c3a4 b5a4 e1d1 f8f4 h2g2 h6f5 c5a3 a7b7 f1b5 f5h6 a3d3 d7d8 d3c3 h6f7 d2d4 f7h8 b5c6 b7b2 c1f4 g7g6 f4h2 d8c8
9,W,material_adjudication,78,0.548741,45,2026-08-07 23:38:56,d2d4 a7a6 c1d2 a6a5 g2g3 b8c6 b2b3 a8b8 a2a4 d7d6 d2h6 g7h6 f2f3 c6a7 e2e3 f7f6 c2c3 b7b5 f1h3 c7c5 b1d2 d6d5 d4c5 f8g7 d1c1 b5b4 c1b2 d8d7 b2a3 c8a6 h3e6 d7d8 e6c8 e7e6 a3a2 f6f5 e1f2 a6e2 f2e2 a7b5 e3e4 g7f8 c8b7 f8e7 c3b4 e6e5 b7d5 d8c8 d2f1 e7d8 a2d2 g8e7 a1b1 b5a3 b1a1 b8a8 g1h3 e8d7 d5e6 d7e6 b4a5 c8a6 e2f2 d8c7 a1d1 h8e8 d2e1 e8f8 e4f5 e7f5 e1e4 a6c4 b3c4 c7a5 d1d5 f5h4 d5e5 e6f6
10,W,material_adjudication,80,0.697657,50,2026-08-07 23:39:30,g1h3 d7d6 a2a4 g7g5 b2b4 d6d5 b1a3 b8d7 c1b2 g8h6 b2g7 h6f5 g2g4 b7b6 g7h8 f8g7 c2c3 g7e5 a3b1 e5c3 d1b3 c3d4 b3d3 a8b8 d3c3 e8f8 f2f3 d4c5 g4f5 h7h6 c3g7 f8e8 h3g5 d7e5 f1g2 c8a6 a1a2 a6b5 a4a5 h6h5 b1c3 b5a6 c3d1 d8d6 g5e6 f7e6 d1e3 b8a8 h2h4 e8d7 g7h7 a6d3 h7h5 d3a6 a5b6 a6c4 e3c2 d7c8 d2d4 c4a2 h5g4 c8b8 b6c7 b8b7 e1d1 b7c7 g4g7 c5b4 c2e3 a8b8 e3g4 e6f5 d4e5 d6e5 g7e5 c7b7 g4f2 e7e6 e5e6 b4d2
11,B,material_adjudication,89,0.561292,55,2026-08-07 23:42:06,a2a3 g8f6 c2c3 b7b6 b2b3 h7h6 e2e4 f6d5 d2d3 d5e3 b1d2 e3f1 a1b1 h8g8 f2f3 b8a6 c1b2 g7g6 c3c4 c7c5 d1e2 d8c7 b1d1 f1d2 b2h8 b6b5 e2d2 e8d8 d2b2 c7d6 e1d2 g6g5 b2c3 d8c7 c3c1 g8g7 c1c2 c7d8 b3b4 d6e5 d1a1 e5b8 a1a2 b8d6 a3a4 d6g6 d2d1 g6h5 c2b1 b5c4 a2b2 c4d3 b2f2 e7e6 b1b3 d8e8 d1c1 g5g4 c1d2 a6b8 d2c3 h5g6 h2h3 g4f3 b3a2 g6f6 c3c4 h6h5 g1f3 f8e7 a2d2 g7g3 h8f6 e7f6 d2e3 e8f8 f2d2 b8c6 c4c5 f8e7 e4e5 c6e5 f3h4 g3e3 b4b5 a8b8 g2g3 e3g3 c5d4
12,B,material_adjudication,101,0.669599,60,2026-08-07 23:45:34,c2c4 f7f6 c4c5 b8a6 a2a4 f6f5 f2f4 c7c6 a1a2 d7d6 a4a5 e8d7 d2d3 g7g6 g1h3 g8f6 h1g1 h7h6 g2g4 d7e8 c1e3 f6g4 b2b4 g4e5 c5d6 d8a5 d1d2 a5c7 g1g5 e5d3 e1d1 e8d8 e3c5 d3b2 d1c1 b2d3 c1c2 d3c5 a2b2 c7b6 b4c5 d8d7 f1g2 d7e8 e2e4 b6c5 c2d3 e8d7 d2c3 b7b5 b2a2 d7e6 c3e5 e6f7 e5d4 h8g8 a2a5 a8b8 d4f2 f7f6 d3d2 f6e6 d2e2 f5e4 g5h5 c5d4 f2d4 g8g7 d4e4 e6f7 h5f5 c8f5 d6d7 f5e4 a5a6 b8b7 d7d8q b7d7 d8d7 e4f5 h3f2 f5d7 a6c6 d7c6 e2e1 c6e4 e1f1 e4f5 b1d2 b5b4 g2e4 g6g5 e4g2 g5f4 f1e1 g7g2 e1f1 f4f3 d2e4 f8g7 f2d1
13,W,material_adjudication,116,0.594046,65,2026-08-07 23:50:07,a2a3 d7d5 e2e3 f7f6 d1g4 c7c5 g4h5 g7g6 f1a6 g6h5 g2g3 b7a6 g3g4 b8c6 b1c3 c5c4 h2h3 c8e6 g1f3 a8c8 d2d4 d8c7 b2b4 e6f7 b4b5 c6a5 g4g5 c7g3 e3e4 e7e6 a1b1 g3f2 e1d1 f8b4 c1e3 h7h6 a3a4 g8e7 d1c1 f2f1 h1f1 e8f8 b1b3 a5c6 b3b1 c6e5 e3d2 b4a3 b1b2 f6g5 d2g5 h5h4 g5f4 h8g8 d4e5 d5e4 f3d4 c8a8 d4e6 f7e6 f1h1 e6f5 h1h2 e7c6 e5e6 c6b4 c1b1 f8g7 h2d2 b4c6 d2d6 a3d6 b1c1 d6b4 b2b4 g7f6 c3d5 f6e6 b4b2 a8c8 c1d2 h6h5 c2c3 g8g2 d2e3 g2g6 e3e2 a6a5 b5c6 c8c6 d5f6 e6e7 b2b5 f5e6 b5d5 g6g5 d5d8 e6f5 f6h5 e7e6 f4g5 e6f7 d8d5 c6f6 h5f6 f7e6 d5a5 e4e3 a5c5 f5e4 e2e3 e6f7 e3e4 f7g7 f6g8 g7h8
14,W,material_adjudication,120,0.632593,70,2026-08-07 23:51:22,a2a3 a7a5 a3a4 e7e5 d2d3 e5e4 a1a3 d7d5 b1c3 b7b5 e2e3 d8h4 d1h5 h4g4 h5d5 g4g3 a4b5 g3d6 d5a2 c7c5 b5c6 d6d4 e1e2 b8c6 c3b5 a8a6 b5a7 g8f6 g1h3 e8e7 a2f7 e7d8 f7g8 d4a7 g8h8 f6g4 h1g1 g7g6 a3c3 c6d4 e2d1 a7g7 h8g7 c8f5 g7a7 a5a4 c3c5 f8c5 b2b3 f5e6 f2f4 g4e5 c1a3 e6f5 e3d4 e5f7 a7a8 d8e7 a8e8 e7e8 d1d2 f5e6 c2c3 f7g5 f4f5 c5b6 a3c5 a4a3 d4d5 e8d7 d5d6 e4d3 d2d3 e6c4 d3d2 c4d3 f1d3 g6f5 g2g4 g5h3 d3f5 d7c6 g1g2 h3f2 g2g3 b6d8 c5a3 a6a5 a3c5 a5c5 d2e3 d8f6 e3f3 h7h5 d6d7 c6b6 d7d8q f6d8 f5h7 d8f6 g4h5 c5c3 h7d3 c3d3 f3e2 d3g3 h2g3 b6a5 h5h6 f6g5 e2f2 a5b4 h6h7 b4a5 h7h8q g5f6 h8f6 a5b5 f6f8 b5c6
15,B,material_adjudication,93,0.573655,75,2026-08-07 23:52:17,a2a3 g7g5 c2c3 b8c6 d2d4 b7b6 e2e3 c6d4 d1e2 a8b8 e1d1 b8a8 e2b5 d4e6 b5f5 f8h6 f5h7 c7c5 g1f3 a7a5 h7h6 f7f5 d1e2 a8a7 h6f6 h8h3 e2d2 c8b7 e3e4 b7c8 f1a6 c8a6 b2b3 d8b8 d2d1 e6d4 c3d4 e7f6 d1e1 f5e4 g2h3 b8d6 b3b4 d6e5 d4e5 e4f3 c1f4 g5f4 e1d1 d7d5 h1g1 a7e7 g1g7 e7e5 b1d2 c5c4 d2f3 a5b4 f3e5 d5d4 f2f3 c4c3 d1c1 a6d3 h3h4 d3e4 h4h5 e8f8 h5h6 g8h6 g7d7 d4d3 a1b1 e4c6 b1b4 c6d7 h2h4 d7c6 a3a4 f8e7 b4b5 c6b5 a4a5 b5c6 e5g6 e7f7 a5a6 f7g6 c1b1 c6f3 h4h5 g6f5 a6a7
16,B,material_adjudication,131,0.768301,80,2026-08-07 23:54:43,d2d4 g8h6 b1a3 a7a6 c2c3 b7b6 c3c4 f7f5 f2f4 c7c6 a3b5 e8f7 g2g3 f7e6 f1h3 a8a7 d1d2 h6f7 e1d1 a7a8 h3f5 e6f6 b2b3 d7d6 f5h3 g7g6 d2c2 f7g5 d1d2 d6d5 c2b2 f8g7 b2c2 d8c7 c1a3 h8e8 a1b1 e8f8 c2c1 h7h5 d2c3 c7a7 a3e7 f6e7 c3d2 g5e6 d2e3 f8e8 c4c5 h5h4 b1a1 c8b7 c1c2 e6d4 h3e6 e7d8 c2e4 d4f5 e3d3 b7c8 e4f5 e8g8 b3b4 a7d7 e6d7 c8b7 c5b6 g6f5 e2e4 h4h3 a1e1 c6b5 g3g4 d5d4 e4f5 a6a5 f5f6 g7f6 d7e6 b8c6 e1e3 d4e3 e6g8 a8b8 d3e4 e3e2 g1f3 d8d7 g8d5 b7c8 d5c4 d7e7 h1e1 b8b7 f4f5 c8d7 c4b5 b7b6 b5e2 f6d4 e1d1 d4f6 d1d7 e7d7 b4b5 b6b5 e2b5 f6g7 a2a3 d7d6 a3a4 c6a7 b5c6 d6c5 c6d5 c5d6 d5c4 d6e7 c4f7 e7f7 f3e1 f7f8 e1g2 h3g2 e4d5 g2g1q h2h4 g1d4 d5e6 d4e3 e6d5
17,B,checkmate,66,0.551928,85,2026-08-07 23:55:01,b1c3 b8c6 d2d3 e7e5 c3b5 h7h5 c2c4 g8h6 g2g4 f8c5 c1f4 h8f8 f1g2 g7g6 f4c1 c5a3 b5a7 a8b8 g2f1 f7f6 f2f4 a3d6 g1h3 g6g5 e2e4 g5f4 d1e2 c6a5 e2d1 b7b6 c1e3 a5c6 f1g2 e8f7 a7c8 h5g4 e1e2 b8b7 h3f4 e5f4 e3f4 d6f4 a2a4 c6d4 e2f2 g4g3 h2g3 f7g6 h1h5 d8e8 g3g4 h6f7 d1b3 d4b3 g4g5 f6f5 a1g1 g6g7 f2f1 b3d4 h5h1 b7b8 c8a7 b8b7 e4f5 e8e2
18,B,material_adjudication,66,0.610551,90,2026-08-07 23:55:02,b2b4 g7g5 b1c3 f8g7 c3e4 e8f8 c2c3 f8e8 d1a4 g5g4 g1f3 f7f6 f3d4 a7a5 e4c5 a8a6 g2g3 a6e6 b4b5 e8f7 a4c2 d7d5 c5d7 e6a6 d4f3 b7b6 f3g5 f7e8 d2d4 b8c6 e2e3 g7h6 c1a3 c6e5 d4e5 c7c6 h1g1 f6g5 e1e2 c8d7 a3e7 e8e7 c2f5 d7f5 f1g2 g8f6 e5f6 e7e8 a1b1 d8f6 b1b4 f6d6 b4d4 e8e7 h2h4 c6b5 a2a4 d6d8 a4b5 f5e4 g2h3 a6a7 d4e4 d5e4 g1d1 d8c7
19,W,material_adjudication,132,0.652439,95,2026-08-07 23:56:27,g2g3 g8f6 b2b4 d7d6 f2f3 c8g4 d2d4 g7g5 c1d2 g4f5 d1c1 f6e4 f1g2 e4c3 f3f4 c3e2 c1d1 d6d5 e1f1 e7e5 h2h3 f8h6 d2c3 h8g8 a2a4 f5g4 g2d5 b7b6 d1c1 g8f8 f4g5 g4d7 a1a3 b8a6 f1e1 e5d4 g1f3 e2c1 d5c4 c1a2 f3d2 d8g5 a3a2 f8h8 e1d1 g5g3 h1f1 h6g5 f1f5 g3f4 b1a3 f4f3 d1c1 f3h3 f5f6 h3e3 f6f5 g5f4 c3d4 e3e1 c1b2 f4h2 c4f7 e8f8 d4e3 e1e3 d2f1 d7f5 f1e3 a8d8 f7c4 d8d4 b2c3 d4e4 c4d3 e4f4 a3b1 b6b5 e3f5 a6c5 b1d2 h2g1 a4b5 h7h5 d3c4 g1f2 f5e3 h8h7 a2a4 h7f7 c4f7 f2e3 b4c5 e3d2 c3d3 f4f6 a4e4 f6f4 e4f4 d2f4 f7g6 f4e3 d3e3 h5h4 c2c3 h4h3 g6d3 f8g7 d3e4 g7h6 e4c6 h6g6 c6f3 c7c6 e3f4 c6b5 f3g4 b5b4 c3b4 g6h7 f4e4 h7g6 c5c6 a7a5 c6c7 a5b4 c7c8q g6h7 g4h3 h7g7 c8e6 g7h7
20,W,checkmate,37,0.731488,100,2026-08-07 23:56:44,b2b4 g7g5 b4b5 d7d5 b5b6 c8e6 g1h3 c7b6 d2d3 b6b5 c1g5 f7f6 f2f3 b7b6 b1a3 b8d7 c2c3 e6f5 d1b3 f8h6 h3f2 d8b8 a3b5 a7a5 f2e4 a8a6 a1b1 f6g5 a2a4 b8d6 e1d1 e8f8 b5d6 a6a8 b3d5 f5e4 d5f7
21,W,material_adjudication,140,0.545933,105,2026-08-07 23:57:18,g1h3 a7a6 h3f4 b8c6 b2b3 g8f6 f4g6 e7e6 g2g3 e6e5 c2c4 c6d4 g3g4 d4c2 d1c2 f8a3 g6f4 d7d6 c1b2 b7b6 g4g5 e5e4 c2d1 c8d7 f4d3 a8b8 d3c1 e8f8 h1g1 h8g8 b2f6 f8e8 f1g2 e4e3 g2h1 g8f8 f6b2 e3d2 e1f1 a3b4 h1d5 d8c8 f1g2 c7c5 b1d2 b4c3 c1d3 h7h6 g1e1 c3b2 b3b4 e8d8 d1b1 b2a1 b1c1 d7b5 a2a3 h6h5 c1c2 c8c7 e1g1 a1e5 g1c1 f8h8 d3e1 c7e7 c2f5 e7f6 f5f6 g7f6 c4b5 a6b5 g5g6 f7g6 d5f3 e5c3 g2h1 c3e5 d2e4 e5f4 c1c4 b5c4 b4b5 c4c3 e1d3 h8e8 d3f4 e8e4 f3e4 h5h4 f4g6 h4h3 f2f3 c3c2 e4c2 d6d5 c2f5 c5c4 e2e3 b8b7 g6e5 f6e5 f3f4 d8c7 f4e5 c7d8 h1g1 b7f7 g1h1 f7f5 h1g1 f5e5 g1f1 e5e4 a3a4 d8e7 f1e2 d5d4 e2f3 e4e6 a4a5 e6f6 f3e4 f6g6 a5b6 d4e3 e4f5 e7d7 f5g6 d7d8 g6h5 d8e7 b6b7 c4c3 b7b8q e7f6 b8f4 f6g7 f4e5 g7g8
22,B,material_adjudication,81,0.541666,110,2026-08-07 23:59:12,b2b4 c7c6 b4b5 d7d5 f2f4 g7g5 a2a4 e7e5 g1h3 f8d6 e2e4 e8d7 h3g1 d5d4 f1e2 d8f8 h2h3 f8h6 h1h2 g5g4 e2f3 h6f6 g1e2 g4h3 g2g3 f6g5 a1a3 b8a6 f4g5 a8b8 d2d3 d7e8 f3g2 h3g2 c1f4 e5f4 e2f4 g2g1q e1e2 g1e3 e2f1 f7f5 g5g6 h7g6 d1g4 f5g4 h2h8 d6f8 c2c3 d4c3 e4e5 e3e5 a3b3 e8e7 f4g6 e7f7 g6e5 f7f6 f1e2 f8g7 h8h7 c6b5 h7g7 f6g7 b1c3 c8e6 b3b5 e6f5 b5d5 b8e8 d3d4 g7f6 c3e4 f5e4 e5g6 e4d5 e2d2 b7b5 a4b5 d5e4 d2c1
23,W,material_adjudication,66,0.452527,115,2026-08-08 00:01:24,h2h4 g8h6 f2f4 g7g5 b1a3 c7c5 a1b1 f7f5 g2g4 e7e6 h1h3 d8c7 h3f3 b8a6 e1f2 e8e7 c2c3 g5f4 f3d3 c7e5 e2e3 h6g8 h4h5 b7b6 g4g5 e7e8 f1g2 e5d5 d3d5 f4f3 f2f3 e6e5 d5e5 g8e7 b2b4 b6b5 a3b5 f8g7 e5d5 c5b4 d5d6 h8g8 e3e4 f5f4 e4e5 h7h6 g5g6 e7g6 h5g6 e8f8 d1e1 b4b3 f3f4 a6c5 d2d4 c5e4 e1e4 c8b7 g1f3 b7e4 f4e4 f8e7 e4d3 a7a5 c1d2 a8f8
24,W,checkmate,51,0.491143,120,2026-08-08 00:06:57,b2b3 b8c6 g1f3 g7g5 d2d3 d7d6 f3e5 g8f6 e1d2 e7e6 c2c4 a8b8 g2g4 c8d7 h2h4 c6b4 c1a3 d6e5 f2f4 h8g8 e2e4 b4c2 h4h5 g5f4 d2c2 d7c6 b3b4 g8g7 g4g5 f8e7 g5f6 e7f6 d1d2 g7g4 b4b5 g4g3 b5b6 a7a6 f1h3 f6g7 h3e6 g7f6 a3e7 c6b5 b1a3 f4f3 h1g1 a6a5 d2b4 g3g8 g1g8
25,W,material_adjudication,110,0.635484,125,2026-08-08 00:08:49,f2f4 b7b6 g2g3 g8h6 h2h4 e7e5 e1f2 h6g8 f1g2 e8e7 a2a3 c8b7 d2d3 b7e4 c2c3 e5f4 d1e1 h7h6 d3e4 c7c6 e1d2 d7d5 h1h3 d8d7 g3g4 g8f6 d2d4 f6h5 d4e5 d7e6 c1f4 e6e5 f4e5 f7f6 e5d6 e7d6 g4g5 g7g6 a3a4 f8g7 g5f6 h5f6 a1a3 h8h7 e4e5 d6e5 b2b3 e5d6 h4h5 d5d4 h5g6 d6e7 a3a2 e7d7 g2f3 h7h8 f3g4 d7e8 e2e3 e8f8 f2e2 b6b5 c3d4 b5b4 b1a3 a7a5 g4f3 a8a7 d4d5 a7e7 a3c2 h8g8 c2b4 a5b4 a2d2 f6e4 d2d4 c6d5 f3e4 e7e4 d4d5 e4c4 b3c4 b8c6 e2f1 c6e5 d5e5 g7e5 h3f3 f8e7 f3f7 e7d6 f1e2 g8e8 g1f3 e5g7 f7g7 d6e6 g7f7 e8e7 e2f1 e7f7 g6f7 e6f6 f7f8q f6e6 f8b8 e6d7 f1e2 d7c6
26,W,checkmate,61,0.562220,130,2026-08-08 00:09:08,c2c3 g8f6 c3c4 h8g8 a2a3 c7c6 f2f3 a7a6 d2d4 a8a7 c4c5 b7b5 a1a2 h7h6 g2g3 g7g5 f1g2 g5g4 g2h3 g8g6 b2b3 g6g5 f3f4 f6d5 c1d2 g5e5 b1c3 e5e2 g1e2 a7b7 e2c1 f7f6 a3a4 b7b6 h3g2 d5c7 a2a1 f8g7 a1b1 a6a5 g2h3 c7d5 d1f3 h6h5 f3d5 e7e5 f4e5 b5a4 d5e4 d8c7 b3a4 e8d8 b1b6 b8a6 e1e2 d8e7 e5f6 e7f6 h3g4 c7d8 h1f1
27,W,material_adjudication,66,0.604777,135,2026-08-08 00:14:09,f2f3 g8h6 g2g4 d7d5 g1h3 e7e5 f1g2 e5e4 d2d4 f8d6 e1f1 e8f8 b2b4 d8e7 f3f4 g7g6 a2a4 e7d7 f1f2 c7c5 c2c4 c5b4 a1a2 f7f6 c1d2 f8g8 b1c3 e4e3 f2f3 b8a6 h1g1 b4b3 d1c1 b7b5 c3d5 d7e6 c1a3 d6e5 a3c1 a8b8 f4e5 e6g4 f3e3 g4g2 e5f6 b5b4 a4a5 g6g5 g1g2 b3a2 c1d1 c8f5 e3f2 g8f7 d5b4 f7f6 d4d5 b8b6 a5b6 h6f7 d5d6 h7h6 d2e3 a6c7 d1b3 f6e5
28,B,material_adjudication,66,0.487559,140,2026-08-08 00:14:29,g1h3 g8h6 b1a3 b7b5 d2d4 f7f5 f2f4 c8b7 b2b4 h8g8 d4d5 d8c8 h1g1 b8a6 e1d2 c8d8 a3c4 a6c5 c4e5 d7d6 d2c3 b7c8 e2e3 g7g5 c1a3 c5d3 g2g3 d3b4 h3f2 f8g7 a1b1 c7c5 f1c4 a8b8 c4d3 a7a5 d1c1 d6e5 c1d2 a5a4 d3e4 c8b7 e4g2 g5g4 h2h4 e5e4 d2d4 c5d4 c3d2 b4d3 a3d6 h6f7 f2e4 f5e4 c2d3 e4d3 e3d4 e7e5 d5e6 b7g2 h4h5 f7e5 f4e5 b8b6 g1g2 d8d7
29,B,material_adjudication,66,0.476252,145,2026-08-08 00:16:05,f2f3 a7a5 g1h3 b7b5 d2d3 a8a6 h3f2 b8c6 b1a3 e7e6 a1b1 g8f6 g2g4 d8e7 g4g5 d7d5 b2b3 f6g4 c1d2 a6a8 d2c1 g4f2 d1d2 e7d8 b1a1 a8b8 g5g6 f2h1 e2e4 f7g6 h2h4 c6e7 a1b1 e7g8 f1g2 g8f6 d2e3 b5b4 e1d1 d5e4 c2c4 c7c6 c1d2 e4f3 d1c1 h8g8 e3f3 f6h5 c4c5 d8d3 f3d3 h1g3 d2f4 h5f4 h4h5 f4d3 c1d1 e8f7 b1b2 f7f6 d1c2 a5a4 c2d3 g6g5 b2f2 g3f5
30,W,material_adjudication,66,0.569592,150,2026-08-08 00:16:25,e2e3 h7h5 e3e4 g7g6 e4e5 g8h6 b1a3 b7b5 h2h3 b8c6 a1b1 c6b4 g1f3 a8b8 f3d4 b4a6 f2f4 c7c6 h3h4 c8b7 e5e6 f8g7 b1a1 e8f8 d1h5 f8g8 f1b5 f7f6 f4f5 c6c5 g2g3 h6f5 e1f1 d7d5 f1e2 g6g5 g3g4 h8h5 g4h5 g8f8 h4g5 f6g5 d4f3 f8g8 b2b3 f5g3 e2d1 g3h1 a3c4 d8b6 c4b6 b8d8 b6d7 d8d7 a1b1 c5c4 e6d7 e7e5 d7d8q g8h7 d8g5 d5d4 c2c3 c4b3 b1b3 b7d5
31,W,material_adjudication,130,0.548325,155,2026-08-08 00:17:41,e2e3 e7e6 f1b5 b8c6 d1f3 c6d4 c2c4 f8a3 f3f4 d8g5 f4g3 g7g6 e1d1 d4e2 b5d7 e8f8 f2f4 e2g3 b2a3 b7b6 f4g5 g3h1 g1f3 f7f5 h2h3 g8e7 d2d4 c8a6 c1d2 h1g3 d7e6 h8g8 d4d5 c7c5 e3e4 g3e4 e6g8 b6b5 b1c3 a8b8 c4b5 b8b5 a1c1 e4f2 d1c2 e7g8 g2g3 g8f6 g5f6 b5b7 d2f4 f2h1 f4g5 b7d7 c3e4 f5e4 g3g4 e4f3 d5d6 f8e8 c2b1 f3f2 c1c4 a6c4 a3a4 f2f1q b1c2 f1f6 g5f6 c4d3 c2d2 d3e4 f6e5 a7a5 a2a3 e8d8 d2c3 g6g5 c3b2 h7h5 b2c3 h5g4 h3g4 d8e8 c3c4 e8d8 c4b5 d8e8 b5b6 e8f8 b6b5 f8e8 b5a6 e8f8 a6b5 f8g8 b5a5 e4f5 a5b5 g8h7 g4f5 h7g8 b5c6 g8h7 c6d7 h1g3 e5g3 h7h6 g3e5 h6h5 e5c3 h5h4 d7c8 h4g3 d6d7 g3g4 c8b8 g4g3 b8c8 g3h3 c3e5 h3g4 e5c3 g4f5 d7d8q f5e4 c3b4 g5g4 d8h4 c5b4
32,B,material_adjudication,143,0.403825,160,2026-08-08 00:18:00,b2b4 a7a5 h2h4 e7e5 g2g3 d7d6 h1h3 b8d7 a2a3 a5b4 e2e3 e8e7 e1e2 b4b3 f1g2 h7h6 e2e1 a8a4 c2b3 d8e8 d2d3 e8d8 d1f3 a4b4 a3b4 g7g5 h3h2 b7b5 a1a7 d6d5 e1f1 f8g7 f3f5 d5d4 g1f3 d4e3 f2e3 h6h5 h2h1 f7f6 h4g5 h8h7 g5f6 d7f6 c1a3 c8f5 d3d4 d8d5 f1f2 d5e4 a7c7 f5d7 d4e5 f6g4 f2e2 e4e5 f3e5 g8f6 g2h3 e7d8 b1c3 d8c7 e5f3 f6e8 e2d1 g4f2 d1d2 c7b8 h3d7 g7f8 d7e8 f2h1 e8b5 h7e7 d2d3 h1f2 d3d4 f8g7 d4d5 e7f7 e3e4 g7f6 d5d6 b8b7 e4e5 f6e7 d6e6 f7f3 g3g4 f2d3 b5d3 h5h4 d3g6 e7g5 b4b5 h4h3 c3e4 b7b6 e4g5 b6b5 g5f3 h3h2 e6f5 h2h1q e5e6 h1f3 f5e5 f3g4 a3e7 g4g6 e7f8 g6c2 b3b4 c2g2 e6e7 g2g5 e5d6 g5e3 e7e8q e3e8 f8e7 e8h5 e7g5 b5b4 d6e5 h5e2 e5f4 e2e8 f4f3 e8g6 g5f4 b4c4 f3e2 c4b3 e2f3 g6f7 f3e2 f7f4 e2d3 f4d6 d3e4 b3b4 e4f5
33,B,material_adjudication,93,0.495130,165,2026-08-08 00:18:01,g1f3 e7e6 b1c3 d8f6 e2e4 c7c6 a1b1 g8h6 f1a6 c6c5 b2b4 h6f5 c3a4 f6b2 h1g1 f8d6 c2c3 b7b5 f3d4 b8c6 d1g4 d6h2 f2f3 h2e5 a6b5 e5b8 e4f5 h7h6 b5a6 b8g3 e1f1 e8e7 c1b2 a8b8 a6d3 c5d4 g4g5 h6g5 b1a1 g7g6 f5e6 d7e6 a1b1 h8h6 c3c4 h6h3 d3g6 h3h1 g6h7 d4d3 b2e5 c6e5 b4b5 b8b5 c4b5 g5g4 h7d3 g3f2 d3f5 g4f3 g2f3 h1g1 f1f2 g1b1 f5e6 e7e6 d2d4 b1b5 d4e5 c8d7 a4b2 f7f5 e5f6 e6f6 f3f4 b5b6 a2a4 b6d6 b2d1 a7a5 f2f3 d6d1 f4f5 d7c6 f3e2 d1d6 e2f1 f6f5 f1g1 f5g5 g1f2 g5f4 f2f1
34,B,material_adjudication,66,0.585922,170,2026-08-08 00:19:09,g1h3 g7g6 e2e3 g8f6 f1a6 b8c6 c2c3 a8b8 h3g1 f6e4 a6f1 e4f2 d1a4 c6a5 a2a3 f2h1 a4f4 c7c5 f4d4 b8a8 b2b4 a7a6 d4d7 e8d7 a3a4 h8g8 b4b5 d8e8 c1b2 h1g3 f1e2 a5c6 g1h3 a8b8 c3c4 f8g7 b2g7 c6e5 e1f2 g3e4 f2e1 d7c7 g7e5 c7d7 g2g4 f7f5 d2d4 f5g4 d4d5 g4g3 h2g3 a6a5 g3g4 e4g5 e1f1 g5h3 e2f3 h3g5 f3h1 b7b6 h1g2 g5f7 f1g1 f7e5 b1a3 e5g4
35,W,material_adjudication,82,0.604133,175,2026-08-08 00:19:27,h2h3 b7b5 e2e3 c7c6 e1e2 c6c5 g1f3 g8f6 h1g1 g7g6 d2d4 d8a5 d1e1 a5a4 e1c3 h7h5 c3c4 b5c4 c2c3 f6g4 f3e1 c8a6 h3g4 f8g7 g1h1 a4b3 h1g1 e7e5 g2g3 d7d6 c1d2 b3b4 f2f3 h5h4 c3b4 g6g5 e2d1 h4g3 b4c5 a6b5 d4e5 f7f6 f1e2 b5d7 b1c3 b8c6 e5f6 g7f6 g1g3 f6d4 d1c2 d4c3 a1b1 h8f8 c2c3 c6d4 e2c4 d7g4 g3g4 a7a5 a2a4 d4e6 b2b4 a5b4 c3b4 f8f3 c4e6 a8b8 b4a5 e8f8 b1b4 b8b4 d2b4 f8e7 e1d3 e7e6 c5d6 e6f6 d3f2 f3g3 b4c3 f6f5
36,B,cap_draw,150,0.669230,180,2026-08-08 00:20:00,h2h4 g7g6 d2d4 a7a6 e2e4 g8h6 c2c4 e7e6 g1f3 f7f5 h4h5 g6h5 f3e5 b7b5 d1e2 f8e7 e1d2 b5c4 b1c3 e7b4 g2g3 d7d5 d2e1 f5f4 a2a4 h8g8 e5g6 e8f7 e2c2 d8e7 f1g2 d5e4 f2f3 f4g3 e1f1 f7g6 c2e4 h6f5 c1g5 h5h4 g5e7 c7c6 e7g5 g6g5 d4d5 c6d5 e4e6 c8e6 a1b1 g5g6 b1c1 b8c6 c3d5 e6d5 c1c4 d5e4 c4b4 g8e8 b4e4 e8e4 f3e4 a8e8 e4f5 g6f5 a4a5 e8e5 h1g1 h4h3 b2b4 c6b4 g1h1 h3g2 f1g2 b4d3 g2f3 e5e6 h1h6 d3e5 f3g3 e5g6 h6h2 f5e4 h2e2 e4d5 e2e6 d5e6 g3h3 g6e5 h3g3 e6f6 g3f2 h7h6 f2e2 f6g7 e2e3 g7f6 e3e4 e5f7 e4f3 f6e5 f3g4 e5e4 g4h3 f7d6 h3g4 d6b7 g4h3 e4d3 h3g2 d3e2 g2h3 e2d3 h3g2 d3e4 g2h2 b7d8 h2g2 d8c6 g2f2 c6d8 f2e2 d8f7 e2f2 f7d8 f2f1 h6h5 f1f2 d8f7 f2e2 f7g5 e2f1 g5e6 f1g2 e6f8 g2h3 f8d7 h3g2 h5h4 g2h1 e4f5 h1g2 f5e4 g2h1 d7e5 h1h2 h4h3 h2g3 e4d4 g3h4 d4c3
37,B,material_adjudication,79,0.503893,185,2026-08-08 00:20:48,d2d3 g7g5 b1d2 f7f5 d2e4 g5g4 e4g3 f8g7 h2h4 d7d5 a2a4 f5f4 b2b4 b8a6 a4a5 b7b5 g1f3 d8d7 g3e4 a8b8 c1b2 h7h6 a1a3 g8f6 d3d4 e8f8 b2a1 f6g8 f3e5 h6h5 g2g3 d5e4 f1g2 c8b7 g3f4 b7d5 a1c3 d5e6 f2f3 g4f3 h1h2 g7e5 e2f3 e4f3 d1f3 f8e8 f4f5 e6f5 g2h3 f5g4 e1e2 g4f3 e2d3 f3h1 h3d7 e8f7 d4e5 h1e4 d3e4 h8h6 a3a4 c7c5 c3e1 c5b4 c2c3 b5a4 c3b4 a4a3 e1c3 a6b4 a5a6 b8c8 e4f3 c8c3 f3g2 c3d3 d7b5 h6e6 b5d7
38,B,material_adjudication,73,0.520584,190,2026-08-08 00:23:11,a2a3 h7h5 c2c3 b7b5 f2f3 g8f6 g2g3 f6d5 f1g2 d7d6 a1a2 h8h6 e2e3 b5b4 g1h3 e7e6 e1g1 c8d7 f1f2 c7c5 c3b4 h5h4 a3a4 f7f6 h3f4 d5e3 g2h1 h4g3 h2g3 d7c6 f4g6 c6e4 h1g2 d8d7 b1c3 e3f5 d2d4 f5g3 c3b1 h6g6 f3e4 b8a6 b4b5 c5d4 c1g5 g6g5 b1c3 g5e5 d1b3 a6b8 f2f4 g3e2 g1f1 e5e4 c3d5 e2c3 b2c3 d7f7 g2e4 f6f5 b3d1 f7d7 d1d4 f5e4 d4e5 e4e3 a4a5 d6e5 d5f6 e8e7 c3c4 e5f4 f1g2
39,D,cap_draw,150,0.536712,195,2026-08-08 00:23:43,a2a4 b8c6 a4a5 g8f6 a1a2 a8b8 g2g3 h8g8 a2a1 g7g5 f2f3 h7h5 d2d4 f8h6 b1c3 f6h7 g1h3 c6e5 h3g1 b7b6 f1g2 f7f5 d1d3 a7a6 b2b4 h5h4 d3e4 h4g3 e4e3 d7d6 h2g3 h6g7 h1h5 d8d7 e3e5 d6e5 c1g5 h7g5 c3e4 g5e4 f3e4 c7c5 d4d5 d7e6 a1c1 b6b5 d5e6 b8a8 e4f5 e5e4 c1a1 e4e3 c2c3 a8a7 a1b1 e8f8 b1c1 c8e6 f5f6 e6f5 f6g7 f8g7 h5f5 e7e5 g2h3 a7c7 g1f3 g8f8 f5f8 g7f8 h3e6 c7e7 c1d1 e7e6 g3g4 f8e7 f3d4 c5d4 c3d4 e5d4 d1d2 e7f6 e1f1 e3d2 e2e4 f6g5 f1e2 d2d1q e2d1 d4d3 d1c1 e6f6 c1d1 g5g4 e4e5 f6f7 e5e6 f7f5 e6e7 g4g5 e7e8q g5f4 e8e6 f5e5 e6d6 f4e4 d6g6 e5f5 d1e1 e4e5 e1d2 f5f6 g6f6 e5f6 d2d3 f6g6 d3e4 g6f6 e4f3 f6e5 f3g2 e5f6 g2f3 f6e5 f3e2 e5f6 e2f3 f6g7 f3e4 g7h6 e4f5 h6h5 f5e6 h5g6 e6e7 g6g5 e7d6 g5f6 d6d5 f6g7 d5e5 g7g6 e5d4 g6h7 d4e4 h7g6 e4f4 g6g7 f4f3 g7g6
40,W,checkmate,33,0.480025,200,2026-08-08 00:26:35,g2g4 b8c6 f2f3 g7g5 d2d4 d7d6 c1d2 g8h6 c2c3 c6d4 c3d4 d8d7 f1g2 f7f6 d1a4 b7b5 a4a5 b5b4 a5a3 a8b8 e2e3 d7d8 f3f4 g5f4 g1e2 c8f5 e1d1 c7c5 e3f4 e8d7 a3a4 d7c7 a4c6
41,W,material_adjudication,72,0.572453,205,2026-08-08 00:27:56,h2h4 g7g6 f2f3 b8c6 b1c3 c6a5 a2a4 g8h6 c3e4 a5b3 c2b3 h6g8 h1h2 a7a6 g1h3 f8g7 a4a5 f7f5 f3f4 e8f7 h4h5 e7e6 d2d3 g8e7 e1d2 c7c5 d2c2 a8a7 a1a2 d7d5 h3f2 d5e4 g2g3 e4e3 c1d2 f7f6 h5g6 h7g6 d2c3 e6e5 d3d4 h8h7 f4e5 f6f7 h2h7 b7b5 a5b6 c5d4 h7g7 f7g7 b6a7 a6a5 b3b4 f5f4 c3d4 e7f5 f1g2 d8d7 c2c3 a5b4 c3b4 e3f2 d4f2 f4g3 d1d7 c8d7 f2g3 g7h8 e2e4 d7c6 e4f5 g6f5
42,W,material_adjudication,70,0.474428,210,2026-08-08 00:29:17,c2c4 g8h6 e2e4 f7f5 d1c2 e8f7 d2d4 f7e6 d4d5 e6f6 c2c3 e7e5 c3b3 f8e7 g1h3 b8c6 e1e2 e7f8 g2g3 a8b8 b1a3 g7g6 h1g1 f8a3 d5c6 f6e7 c1g5 e7d6 a1c1 h8e8 e4f5 g6f5 g3g4 h6f7 g4f5 d6c5 f2f4 d8g5 f4g5 a3b4 g5g6 b7b5 c6d7 c5c6 d7e8q c8d7 f1g2 e5e4 e2e3 b8e8 b3b4 e8e7 f5f6 a7a5 b4b5 c6d6 b2b4 d7b5 b4a5 c7c5 c1b1 h7g6 g2e4 e7e4 e3e4 f7g5 h3g5 b5c4 b1b6 d6c7
43,B,material_adjudication,66,0.560596,215,2026-08-08 00:37:31,g2g4 f7f6 a2a3 b7b5 g1f3 g7g6 f1g2 g8h6 f3d4 h6f5 f2f3 e8f7 g4f5 h7h5 d4b5 a7a5 e1f2 f8g7 b2b4 h8h7 c2c3 a5a4 b5d6 f7g8 a1a2 g6f5 h1g1 c8b7 h2h4 b7c6 f2e1 e7d6 e2e3 d6d5 g1f1 d5d4 c3c4 d7d5 c4d5 b8d7 b1c3 d4e3 d2e3 a8a5 d1d4 d7b8 c3b5 b8d7 e1d1 f5f4 b4a5 f4e3 c1d2 c6b5 d2e3 c7c5 e3f4 b5f1 d5d6 c5d4 a5a6 d8b6 f4e5 d4d3 a2c2 d7e5
44,W,checkmate,85,0.566087,220,2026-08-08 00:38:27,f2f3 a7a6 g2g4 g8h6 f1h3 f7f5 a2a3 b7b5 d2d3 c7c6 d1d2 g7g6 d2b4 c6c5 b4c5 g6g5 a1a2 a8a7 e1d1 d7d6 b2b4 e8f7 g4f5 e7e5 e2e3 c8e6 f3f4 e5e4 c1d2 d6d5 g1f3 f8c5 a3a4 d5d4 c2c4 f7e7 a4b5 g5f4 e3f4 e6f5 d3e4 f5g4 d2c3 h6f5 e4f5 c5b4 c3b4 d8d6 b4d6 e7d6 c4c5 d6c5 a2e2 c5c4 e2e4 g4f5 h1f1 b8c6 b1c3 a6a5 e4e7 h8f8 f3g5 c4d3 c3e4 a7e7 h3f5 f8f5 g5f3 f5d5 e4d6 h7h6 b5c6 d5d6 c6c7 e7f7 c7c8q d3e4 f1f2 d4d3 c8c4 d6d4 f3d4 f7f5 d4c2
45,W,material_adjudication,84,0.540486,225,2026-08-08 00:39:41,b2b4 e7e6 e2e3 h7h6 f2f3 b7b5 h2h4 e8e7 g2g3 h8h7 b1a3 c7c6 f3f4 f7f6 e1e2 h6h5 h1h2 g8h6 c1b2 h6g4 d2d3 d8b6 f1h3 g7g5 b2e5 b8a6 d1c1 b6c5 a1b1 h7f7 b4c5 a8b8 h3g4 f6e5 f4e5 f7f5 g4f5 f8h6 g1f3 g5g4 f5e4 g4f3 e4f3 d7d5 c5d6 e7f7 f3g4 c8d7 c2c3 c6c5 e3e4 b5b4 g4h3 h6c1 c3c4 c1e3 d3d4 f7g7 h3f5 e6f5 e2e3 f5e4 g3g4 d7b5 b1c1 b5c4 c1b1 b4b3 a3b5 b8b6 d6d7 b6c6 b5a3 h5g4 e3d2 g4g3 b1c1 c4d5 d7d8q c5d4 a3b1 e4e3 d2d3 d5g8
46,W,material_adjudication,70,0.718057,230,2026-08-08 00:40:17,f2f3 g8h6 d2d3 g7g6 e2e4 h8g8 b1c3 f7f5 f1e2 f5f4 a1b1 e8f7 a2a4 a7a5 g2g3 g8g7 e2f1 f7e8 d3d4 b8a6 c3e2 d7d6 d1d2 c8d7 g1h3 e7e5 e2f4 d7g4 d2e3 f8e7 d4e5 d6e5 b2b4 b7b5 f3g4 d8d3 c1b2 d3e4 e1e2 c7c5 f1g2 h6f5 h1g1 e8d8 g2e4 c5c4 b2c3 g6g5 h3g5 g7g5 f4g6 b5a4 c3e5 f5h4 c2c3 h4f3 b1a1 f3e5 a1b1 g5g4 b1b3 a4b3 g6e5 g4g3 h2g3 a6b8 e3b6 d8c8 b4b5 h7h6
47,W,material_adjudication,74,0.519844,235,2026-08-08 00:40:36,g1f3 b8a6 a2a4 f7f6 e2e3 d7d6 h2h4 a6b8 b2b3 c8f5 h1h3 g7g6 c2c3 f8g7 f3h2 c7c6 d1c2 e8f8 c2e4 a7a5 f1e2 f5g4 c1b2 d8c8 e4e5 f6e5 f2f3 c8d8 f3g4 e5e4 c3c4 d6d5 b1a3 b7b5 b3b4 e7e6 b4a5 a8a7 a4b5 g8f6 h2f3 h8g8 b2d4 f8e7 e2d1 e7e8 d1e2 d8c7 c4c5 c6b5 a3c4 g8f8 f3g5 e8d8 a5a6 c7c5 g5h7 b8c6 c4e5 d8e7 h7g5 g7h6 g5f3 g6g5 d4c5 e7d8 e5g6 d5d4 c5f8 c6e5 g6e5 f6d5 e2b5 g5h4
48,B,material_adjudication,111,0.516600,240,2026-08-08 00:40:55,f2f4 g8f6 e2e3 e7e5 h2h3 b7b6 h1h2 g7g6 d1h5 b8c6 f1d3 f8h6 f4f5 f6d5 d3b5 d8e7 h5g5 a7a5 b5c6 e7f8 h3h4 e5e4 g2g3 f8b4 e1e2 d5c3 b2c3 a8b8 c6a8 h8g8 g1h3 c8a6 c3c4 c7c5 d2d4 h6f8 a8e4 f8g7 d4d5 f7f6 h3g1 e8e7 a2a3 f6g5 a1a2 b4a3 c1b2 b6b5 b1c3 a5a4 f5f6 e7f7 g1f3 b5b4 a2a3 f7f6 c3b5 f6e7 a3a4 g7d4 a4b4 c5b4 f3d2 a6b5 e4g6 h7g6 d5d6 e7d6 b2c3 d4c3 c4b5 b8b5 e3e4 b4b3 g3g4 c3b4 e4e5 b5e5 e2d1 e5e4 d2e4 d6e6 h4g5 d7d5 h2e2 d5e4 c2c4 e4e3 e2e3 e6d6 e3e7 d6e7 d1e2 b3b2 e2f1 g8a8 f1g2 a8b8 g2g3 e7e8 g3f4 e8f8 f4e5 b4e1 e5d5 b2b1q d5e6 f8g7 c4c5 b8b4 e6e5
49,B,material_adjudication,83,0.447812,245,2026-08-08 00:41:13,e2e4 h7h6 e1e2 b8a6 b1c3 a8b8 c3b1 g7g5 h2h4 h6h5 b1c3 g8h6 h1h2 h8h7 a2a3 g5h4 f2f3 b7b5 e4e5 c8b7 c3a4 b7a8 a1b1 h7g7 e5e6 a6b4 a4c3 g7g6 c3d5 b4d3 a3a4 a8c6 d5c7 d8c7 g2g3 c7e5 e2d3 b8d8 c2c3 f8g7 f1g2 e5f6 d1c2 g6g3 g1h3 g7h8 h3f4 g3g2 h2h4 b5b4 b2b3 f6f5 d3e3 f7f6 d2d4 f5h3 f4h3 h6g8 c1d2 b4c3 a4a5 c6f3 b3b4 c3d2 b1c1 g2g6 h4h5 a7a6 b4b5 e8f8 c2c4 f8g7 d4d5 f3h5 c1b1 d7e6 c4e2 h5e2 d5e6 a6b5 b1b3 g8h6 b3b4
50,B,material_adjudication,91,0.428833,250,2026-08-08 00:42:04,a2a4 f7f6 c2c3 b8a6 g1h3 c7c6 a1a2 g7g6 h1g1 a8b8 f2f4 g8h6 c3c4 f6f5 b2b3 f8g7 e2e4 b7b5 b3b4 g7b2 e1e2 b5a4 d2d4 e7e6 b1c3 d7d5 d1b3 d8d6 c1e3 d6e7 c4d5 a4b3 e4f5 c6d5 c3d5 e6d5 b4b5 h6g8 b5a6 b8a8 f5g6 e7e5 d4e5 b2e5 h3f2 e5d6 h2h3 e8d8 g6g7 d6e5 f4f5 c8f5 g2g4 e5g7 g4g5 g8f6 g5g6 a8b8 f1g2 h8g8 a2a4 b8b5 e2d1 h7h5 g1f1 f6d7 d1d2 f5e6 f2e4 h5h4 e3f4 d5e4 d2e3 b5b8 a4a2 b8b6 a2a4 e6f5 f1f2 g8f8 a4c4 f5g6 c4c7 g6f5 f2f3 e4f3 c7c2 b6b5 g2f3 b3c2 f3e4
51,B,material_adjudication,66,0.547312,255,2026-08-08 00:42:28,d2d3 b7b5 c1f4 g8f6 g1f3 f6d5 d1c1 e7e6 c1d2 f7f6 g2g4 h7h5 f3h4 h5g4 f1g2 h8h4 h1f1 b8c6 g2h1 h4h3 f2f3 e8e7 f4e5 h3g3 b1a3 d5e3 c2c4 a8b8 d2a5 c8a6 a1b1 d7d5 a5b6 c6a5 b2b4 g7g5 h2h4 g4f3 b6e3 f8g7 b1c1 c7c6 e2f3 d8c7 e5c3 e7e8 c4b5 e8f8 e1e2 b8b7 c3e5 c6c5 e5f4 g5f4 d3d4 f4e3 e2d1 b7b5 a3c2 a5b7 h4h5 e3e2 d1d2 c5d4 a2a4 g7h6
52,B,value_resign,96,0.654246,260,2026-08-08 00:44:57,f2f3 b8a6 c2c3 a6c5 g2g3 a8b8 b2b4 f7f6 g1h3 g7g6 h3g1 g8h6 f1g2 c5d3 e1f1 h8g8 c3c4 f6f5 a2a3 c7c5 d1b3 b7b6 b1c3 g8g7 g3g4 c5b4 h2h4 e8f7 a1b1 e7e5 g4f5 f8c5 h1h3 h6f5 c3e4 c5g1 e2e3 b6b5 c4b5 f7e7 b3c4 d7d5 f1e2 d5d4 e2d1 d8c7 d1c2 c7b6 f3f4 f5d6 c1b2 h7h6 a3a4 c8d7 f4e5 a7a5 b2c3 b6b5 a4b5 d6e8 h3h2 d7b5 b1b2 g6g5 e4d6 g7h7 d6e8 b4c3 b2b4 b5c4 e3d4 e7e6 d4d5 e6e5 b4b8 g1h2 d2c3 h7b7 b8b7 c4d5 g2d5 g5g4 d5f3 g4f3 c2d3 f3f2 e8d6 f2f1q d3c2 e5d6 b7f7 f1f7 c3c4 f7f6 c2d1 f6f8
53,B,material_adjudication,77,0.663837,265,2026-08-08 00:44:58,b2b4 f7f6 e2e4 g8h6 f1b5 b8a6 f2f3 a6b8 g2g4 e8f7 h2h3 g7g6 c2c4 a7a5 d2d3 f7g7 c4c5 e7e5 d1a4 d8e8 c5c6 h6g8 e1d1 e8f7 d1e1 a8a7 f3f4 b8c6 f4e5 h7h6 g4g5 b7b6 a4a5 c6b4 b1c3 f7b3 a1b1 d7d5 e1f1 c8a6 f1g2 b3c4 c1d2 h8h7 g1f3 c7c6 h1h2 d5e4 d3d4 c6c5 c3e2 g8e7 a5b4 f6g5 b4c4 e4e3 b1e1 e7c6 e1f1 h7h8 b5c6 a6c4 e2f4 c4f1 g2g3 g5f4 g3f4 h8g8 d4d5 e3d2 a2a3 d2d1q h2f2 g6g5 f3g5 c5c4 g5e4
54,B,checkmate,66,0.554345,270,2026-08-08 00:45:30,g1h3 e7e6 g2g4 h7h6 b2b4 b8c6 b1c3 f7f5 e2e3 a8b8 e1e2 f8d6 e2e1 c6b4 f1c4 h6h5 c3b5 g7g6 f2f3 f5f4 b5a3 g8h6 c4d5 e6d5 h1f1 a7a5 h3f4 a5a4 e1f2 h8f8 a1b1 b7b6 c2c4 g6g5 f2e2 e8e7 f4e6 d5d4 e6d8 b4d3 h2h4 d6b4 e2d3 d7d5 d3d4 e7f6 d1b3 a4b3 f1g1 h5g4 d8c6 g4g3 a3b5 b8a8 b5d6 f6g7 c4c5 c8d7 g1g3 c7d6 h4g5 d7c6 c5b6 h6f5 d4d3 c6b5
55,W,checkmate,101,0.562292,275,2026-08-08 00:47:22,h2h4 b7b6 g2g3 f7f5 h1h3 g7g6 f2f4 g8f6 c2c4 b6b5 g3g4 f6h5 d2d4 h8g8 b2b4 f8h6 d1a4 g8g7 f1g2 c8b7 e1f1 d8c8 d4d5 e8d8 b1d2 h5g3 h3g3 b5c4 g1h3 d7d6 g4f5 c8d7 a4d7 b8d7 d2e4 a7a5 e2e3 e7e5 a1b1 g6g5 f4e5 a8b8 f1e2 c7c6 h3f4 d8e7 b1b2 c6c5 b2b3 d6e5 c1d2 a5a4 e4f2 c4c3 h4h5 b7a8 f2h3 a4b3 g3g4 g7g6 a2a3 a8c6 a3a4 b8b7 a4a5 b7b5 b4c5 c3d2 f5g6 h7g6 h5g6 b5b8 d5c6 h6g7 f4e6 b8b7 e6g5 d2d1q e2d1 g7h6 d1d2 b7b5 g4f4 b5b4 e3e4 e7e8 d2e3 e8e7 g2f1 e7e8 f1g2 e8e7 c6d7 e5f4 e3e2 b4c4 a5a6 e7f6 d7d8q f6e5 d8d6
56,W,value_resign,73,0.513010,280,2026-08-08 00:48:42,b1c3 g7g6 c3b5 e7e6 g1h3 e6e5 c2c3 h7h6 d2d4 b8a6 c1e3 f8e7 e3d2 e7h4 d4d5 h4f6 b5d6 c7d6 f2f3 e5e4 c3c4 g8e7 e2e3 g6g5 d2a5 f6c3 d1d2 f7f6 h1g1 a6b8 f1d3 b8c6 d3e4 c3d2 e1d2 a8b8 e4g6 e8f8 b2b4 h8g8 a1b1 f8g7 a5d8 f6f5 g6f7 b7b5 a2a4 g7f6 d8e7 f6g7 a4b5 b8b5 b1a1 a7a6 c4b5 a6b5 g2g4 h6h5 a1b1 c8a6 g4f5 c6e5 b1a1 e5f7 e7g5 g8h8 a1b1 h8g8 d2d1 h5h4 f3f4 g8a8 h3f2
57,W,checkmate,37,0.554365,285,2026-08-08 00:55:12,g1h3 d7d5 e2e4 f7f6 c2c3 e7e6 d1b3 g8e7 f1b5 b8c6 f2f3 e6e5 h1f1 d5d4 b1a3 b7b6 a1b1 h8g8 f3f4 e7g6 c3c4 a7a6 f4f5 e8e7 h3f2 d8d5 c4d5 h7h5 b5e2 g8h8 d5d6 e7d6 b3f7 g6h4 b2b4 h8h7 a3c4
58,W,material_adjudication,66,0.588486,290,2026-08-08 00:56:23,e2e4 e7e6 g2g4 a7a5 g1f3 b7b5 d2d4 h7h6 b1a3 h6h5 a1b1 f7f6 c1d2 e8e7 g4g5 a5a4 e1e2 h8h7 g5f6 g7f6 f1h3 f8g7 h1g1 e6e5 d4e5 f6f5 b2b3 g8h6 b1b2 e7e8 b3a4 d7d5 c2c3 e8f7 e5e6 f7f6 e2e3 b5b4 b2b4 c8e6 c3c4 a8a7 d1c2 c7c6 c4c5 g7h8 b4b5 a7a5 h3g4 d8b6 b5b6 h7c7 f3d4 e6d7 g4h5 d5e4 c2c4 f5f4 e3f4 e4e3 f4e3 h8g7 h2h4 a5c5 c4c5 c7a7
59,B,cap_draw,150,0.597245,295,2026-08-08 00:56:42,e2e4 f7f6 d2d4 g8h6 c1d2 b7b5 f1b5 c8a6 g2g4 g7g5 b1c3 e8f7 f2f3 f7g7 f3f4 f6f5 g1f3 e7e6 f3g5 f5e4 e1e2 d7d6 d2e1 g7g6 a1b1 h6f5 g5e4 g6g7 b2b4 e6e5 f4e5 g7g6 c3d5 a6b5 c2c4 d6e5 g4f5 g6f7 d5c7 d8f6 e4f6 e5d4 h1g1 f8b4 b1b4 f7f6 a2a3 a7a5 g1g7 a5b4 d1d4 f6f5 d4d5 f5f6 e2f3 b5c6 a3b4 c6d5 f3f4 f6g7 b4b5 d5e4 c7a8 b8c6 f4e4 c6d8 c4c5 g7g6 e4d4 h8g8 e1c3 g6g7 d4e5 d8f7 e5e4 f7e5 c3e5 g7f8 e4f5 g8g2 b5b6 g2h2 e5h2 f8e7 h2f4 h7h5 c5c6 e7e8 f5e4 e8d8 f4b8 d8c8 e4d3 c8b8 d3e4 h5h4 e4e5 h4h3 e5d6 h3h2 c6c7 b8c8 b6b7 c8b7 c7c8q b7c8 a8b6 c8b7 b6c8 h2h1q d6e5 h1f1 c8d6 b7a8 d6f5 f1c4 e5d6 c4b5 f5d4 b5c4 d4e2 c4g4 e2f4 g4g5 f4h3 g5h4 d6e5 a8b7 h3g1 h4b4 g1h3 b4h4 h3g5 h4g3 e5d4 b7c6 g5e4 g3g6 d4e5 g6g7 e4f6 c6c5 e5f5 c5c4 f6g8 c4c3 f5f4 g7g8 f4f5 g8g7
60,W,material_adjudication,66,0.534064,300,2026-08-08 00:57:15,f2f4 g8f6 b1a3 e7e6 e2e3 e6e5 g1f3 b7b5 f3d4 h7h5 f4e5 h8h7 f1b5 f6e4 g2g3 f7f6 d2d3 h5h4 c1d2 f6e5 h1g1 e8e7 b2b4 a7a5 d4e6 d7e6 e1e2 h4h3 d1c1 h7h5 a1b1 g7g5 c1d1 e4g3 g1g3 f8g7 g3g4 d8d5 b1b3 a5b4 b5c4 c7c5 c4d5 e5e4 c2c4 c8d7 d2b4 e7d8 g4f4 g7h8 b4c5 g5f4 d1c2 b8a6 d5a8 h8g7 b3b4 g7h6 a3b1 h6f8 a2a4 f8d6 e3f4 e4e3 e2e3 d8e7
61,W,material_adjudication,66,0.523674,305,2026-08-08 00:58:56,d2d4 d7d5 c1e3 c8e6 e1d2 d8c8 f2f4 a7a6 g2g4 b8c6 d2e1 c8d7 d1c1 h7h5 h2h4 h8h7 h1h3 c6d8 b2b3 d7d6 b3b4 a8a7 a2a3 b7b6 f1g2 g7g6 e1d1 h7h6 c1b2 d6c5 g2d5 f7f5 d4c5 e8f7 d5e6 d8e6 a3a4 c7c6 b2c3 f7e8 c5b6 a7c7 b6c7 h6h7 c3c6 e8f7 g4g5 e6d8 a4a5 f8g7 d1e1 d8c6 c7c8q c6e5 e1f2 e5d3 c2d3 g8f6 b4b5 f6e8 b5b6 g7d4 b1c3 d4c5 c8d7 c5e3
62,B,checkmate,114,0.524520,310,2026-08-08 01:01:51,b1c3 b7b6 a1b1 g7g5 b1a1 b8a6 f2f3 c8b7 c3d5 h7h5 e2e3 h8h6 g2g3 d7d6 a2a3 h6g6 a3a4 a6b8 f1g2 c7c6 a1a2 f7f6 a2a1 a7a6 c2c3 e7e5 d1b3 f8g7 g3g4 c6c5 c3c4 e5e4 a1b1 b7d5 b3b4 a6a5 d2d4 c5d4 e1e2 d5c4 e2d2 e8d7 b4c4 b8a6 f3f4 d6d5 c4d5 d7e8 g1f3 b6b5 d5d6 d8d6 f3g5 a8b8 g5e4 d6d7 b2b4 b5a4 b4b5 b8b5 e4g3 d7d5 g4g5 e8f8 g2d5 g7h6 d5a8 f8e7 b1b5 a4a3 d2e2 a3a2 g5f6 e7f6 b5b7 h6f4 e3f4 a2a1q h1g1 a1c3 g3e4 f6f5 g1g6 f5e4 c1d2 c3c5 g6g8 c5d6 g8g7 d6f6 h2h4 a5a4 b7c7 e4f5 a8d5 a6c7 g7c7 a4a3 d2e3 d4e3 e2f3 f6d6 c7g7 a3a2 d5c6 d6c6 f3g3 c6d5 g3h2 f5f4 h2g1 d5d2 g7g6 a2a1q
63,B,material_adjudication,79,0.637827,315,2026-08-08 01:02:09,c2c3 e7e5 f2f4 b7b5 g2g3 c7c6 e1f2 c8a6 d1b3 f8c5 f2g2 e5e4 b3f7 e8f7 b2b4 d7d5 g1h3 f7f6 b1a3 g7g6 h3g1 d5d4 b4c5 d4c3 a1b1 g8h6 g1f3 f6g7 a3b5 e4e3 f3e5 h8g8 d2c3 h6f7 c1e3 a6b5 h1g1 f7e5 e3d2 h7h5 f4e5 b5d3 e5e6 g6g5 b1a1 d8d7 e6d7 g7h6 d7d8q g8d8 a1b1 a7a5 e2e3 d3c2 a2a3 d8d7 b1b3 d7d5 g2h3 d5c5 c3c4 c2b3 f1d3 h5h4 g3g4 c5e5 d3g6 e5e4 d2c3 h6g6 h3g2 a8a7 h2h3 b3c4 a3a4 a7h7 g1h1 c4b3 h1g1
64,W,material_adjudication,70,0.579013,320,2026-08-08 01:02:09,b1a3 b7b5 g1f3 h7h5 e2e4 e7e5 d2d4 c7c5 g2g4 d8c7 f1g2 c7c6 b2b4 c6g6 c2c4 f8e7 d1b3 f7f6 e1e2 b8a6 c1d2 c8b7 g2h3 g8h6 d4c5 e8f8 b3b2 f6f5 b2e5 g6g5 e4f5 g5d2 f3d2 b7e4 d2e4 a6b4 g4g5 h6g4 h1g1 g4e5 f2f4 f8g8 f4e5 b4d3 a1b1 b5b4 c5c6 b4a3 e2d3 e7b4 g5g6 h5h4 h3f1 a7a6 b1b2 d7d5 b2b3 a8b8 e4d2 h8h7 f1g2 d5d4 d3d4 a6a5 g6h7 g8h8 c4c5 b8b6 d4e3 h8h7
65,B,material_adjudication,66,0.618807,325,2026-08-08 01:03:34,g1f3 d7d5 e2e3 b8c6 c2c4 a8b8 f1e2 d5c4 b1c3 h7h6 a1b1 h8h7 c3b5 h6h5 d2d4 f7f6 e2c4 a7a6 e1g1 c6a5 d1c2 h5h4 b5c3 a5c4 b2b3 g7g6 h2h3 h7f7 c3e4 b7b5 a2a4 f6f5 a4b5 f7f6 b5b6 c7c6 d4d5 c4e3 c1e3 d8b6 c2c4 a6a5 e4d6 e7d6 g2g4 c6d5 g4f5 g6f5 e3b6 d5c4 f3e5 c4b3 f2f4 b8b7 b1b2 f8g7 b6a5 c8d7 b2b3 b7b3 f1d1 d7e6 d1d6 e8e7 a5b6 e7d6
66,B,checkmate,66,0.579334,330,2026-08-08 01:04:08,f2f3 g8h6 e1f2 g7g5 b2b4 h8g8 g2g3 h6g4 f2g2 g4e5 f3f4 e7e6 c1a3 f8g7 c2c3 a7a6 g1h3 f7f5 e2e3 a8a7 h1g1 h7h5 g3g4 e8f8 h3g5 g8h8 g5f3 h8g8 g4f5 e6f5 a3c1 c7c6 d2d4 d7d6 h2h3 b7b5 d1b3 e5d3 f3h2 a6a5 g2g3 d8e8 c3c4 c6c5 f1g2 a5a4 g1f1 b8d7 b4c5 g7d4 h2g4 a4b3 f1f3 d4e3 c5d6 f5g4 h3g4 e8f7 c1d2 c8b7 f4f5 h5h4 g3h4 f7f6 h4h5 g8h8
67,B,material_adjudication,79,0.592911,335,2026-08-08 01:04:24,f2f3 c7c5 e1f2 g8f6 g2g4 g7g6 f2e1 a7a5 d2d4 b7b5 c2c3 c5c4 d1d2 f6g4 d2e3 f8g7 f1h3 h8g8 e3e5 g6g5 e2e4 g4e5 e1d1 a5a4 c1e3 f7f5 f3f4 b8c6 e3d2 d7d6 d4e5 g5f4 e5e6 c8e6 d1e2 g7h6 b2b3 f4f3 g1f3 a8b8 e4f5 h6d2 f3e5 h7h5 h1g1 e8f8 b1a3 c6e5 a1b1 e5d3 b1c1 d8c7 g1g8 e6g8 a3b5 d2c1 b5c7 c4b3 e2d3 h5h4 a2a3 f8g7 c3c4 e7e5 f5f6 g7f6 c4c5 b8c8 d3c3 e5e4 h3g2 d6d5 c5c6 c8c7 g2h3 c7c6 c3b4 c1g5 h3e6
68,W,material_adjudication,84,0.566988,340,2026-08-08 01:04:57,g1f3 e7e5 d2d4 g8h6 f3d2 h8g8 b1c3 f7f6 g2g3 b7b5 d2e4 e8e7 b2b4 d7d6 d4d5 c7c6 e4f6 a7a6 d1d2 c8f5 f1h3 d8e8 d2d4 g7g5 e2e3 e5d4 e1f1 e8f7 a1b1 f5h3 f1e2 g5g4 f2f4 g4f3 e2d3 f8g7 e3e4 h3c8 c3d1 e7d8 f6g8 c6d5 c2c3 g7f8 d3d4 d5e4 c1f4 f7f4 g3f4 h6f5 d4e4 h7h5 h1g1 b8c6 g8e7 c6e7 e4f3 d6d5 b1b3 c8e6 f3e2 f8g7 c3c4 a8b8 c4d5 e7c6 g1g7 f5g7 d5c6 a6a5 a2a4 d8e7 f4f5 e7d6 e2e3 e6f5 c6c7 d6e5 c7b8q e5d5 b4a5 f5e4 h2h4 g7e6
69,B,material_adjudication,91,0.689300,345,2026-08-08 01:06:17,b1c3 e7e5 d2d4 a7a5 e2e3 a8a7 f1e2 b8c6 d4e5 f8d6 b2b4 d6f8 e3e4 a7a6 h2h3 c6d4 c1a3 a5b4 h1h2 a6h6 a3b4 g8f6 c3b1 d8e7 g2g3 e7d8 b1c3 g7g6 e5e6 f6e4 c3e4 b7b5 e1f1 f7f5 e2b5 c7c5 h3h4 h6h4 a2a4 h4e4 f2f4 e4e5 d1d3 d4b5 f4e5 c5c4 d3c4 d7d5 e5d6 d8d7 h2e2 f8e7 c2c3 e7f8 e6d7 e8d7 g3g4 f5f4 a4a5 f8d6 e2e6 b5c7 a1a4 c7e6 c4f4 e6f4 g1h3 d6c5 c3c4 c5e3 g4g5 c8b7 c4c5 e3d4 c5c6 b7c6 b4c5 h8g8 h3f2 d4f2 a4e4 h7h5 f1f2 h5h4 c5d4 c6e4 f2g1 d7d6 a5a6 g8h8 d4e5
70,B,material_adjudication,66,0.654962,350,2026-08-08 01:07:21,g1f3 f7f6 f3h4 g7g6 b2b3 f8h6 g2g4 h6g7 f2f3 c7c5 c2c4 e8f7 f1h3 b8c6 h4g6 g7f8 h1g1 h7g6 b1a3 b7b5 e2e4 g8h6 a1b1 f8g7 d1e2 f6f5 g1h1 h8f8 f3f4 c8a6 e1d1 b5c4 h1f1 d7d5 d2d4 d8d7 e2e3 a8b8 g4g5 e7e6 d1e2 f5e4 c1d2 c6d4 e3d4 h6f5 d2e3 c5d4 f1f3 g7h6 b1a1 e4f3 e2f3 d7d6 b3b4 b8c8 b4b5 a6b5 e3f2 c4c3 a1b1 a7a6 b1a1 a6a5 a1b1 a5a4
71,W,checkmate,57,0.510744,355,2026-08-08 01:13:10,d2d4 b7b5 a2a4 g8f6 e2e3 g7g5 g2g4 a7a5 a1a2 a8a7 g1f3 d7d5 b2b4 f6d7 h2h4 a7a6 f1h3 f8h6 c2c4 e8f8 b1a3 a6e6 c1b2 b5c4 e3e4 b8c6 f3g5 c8a6 a3c2 d7e5 f2f4 f8g7 b4b5 d5e4 h1h2 g7g6 b5c6 e5c6 d4d5 e6f6 e1f2 e4e3 f2e3 e7e5 d5e6 f7e6 d1d8 c6d8 g5e4 c7c5 b2c3 f6f5 g4g5 d8c6 h4h5 g6h5 h3f5
72,W,material_adjudication,116,0.548547,360,2026-08-08 01:13:28,b2b3 b8c6 g1h3 g7g6 e2e3 c6b8 c1a3 h7h6 a3c1 f7f5 c2c3 e7e6 h3g5 f8e7 g5h3 e7b4 c3c4 d8h4 d1c2 e6e5 b1a3 b8a6 f1d3 h6h5 h3f4 h8h7 c2c3 h4e7 d3c2 c7c6 f2f3 d7d5 e1e2 a8b8 c3e5 b7b6 c2f5 e7e5 h1g1 e8e7 e3e4 e5e4 f5e4 d5d4 e4g6 h5h4 f4h5 d4d3 e2d3 e7d6 f3f4 g8f6 a1b1 c8g4 g6h7 f6h5 g2g3 b8f8 a3c2 b4c3 h7g6 b6b5 a2a4 b5b4 b1a1 c6c5 d2c3 h4g3 a1b1 h5f4 d3e4 d6d7 c1f4 d7e6 a4a5 f8f4 e4f4 g3g2 g1g2 g4f3 h2h4 f3g2 g6f7 e6f6 f4g3 f6e5 h4h5 a6c7 b1a1 b4c3 a5a6 e5e4 a1a2 g2h1 c2e1 e4e5 a2f2 h1f3 g3f3 c3c2 f2e2 e5d4 b3b4 c2c1q h5h6 c1g5 b4b5 g5e5 b5b6 d4c3 e2e5 a7b6 e5e4 b6b5 e1c2 b5b4
73,B,material_adjudication,66,0.548571,365,2026-08-08 01:13:45,b2b4 g7g5 g2g3 h7h6 d2d3 e7e5 h2h4 a7a5 c1f4 b7b5 a2a4 f8c5 d3d4 f7f6 c2c3 g5f4 a4b5 d7d5 d1c2 c8b7 b1a3 e8f7 e2e3 d8e7 g3f4 c7c6 h4h5 e7e6 a1c1 c5d4 f2f3 f6f5 c3c4 e5f4 f1g2 e6e7 c2d2 f4e3 h1h2 e3d2 e1d2 d4f2 c4d5 f7f6 g1h3 f5f4 h3f2 c6d5 f2e4 d5e4 d2c2 e7e5 h2h3 b7c6 c1f1 a8a7 a3b1 a5a4 c2d1 c6b5 d1c2 b8c6 b1c3 c6d8 c3e4 f6g7
74,W,value_resign,58,0.532511,370,2026-08-08 01:15:09,g1f3 b8a6 f3e5 f7f5 d2d4 d7d6 h2h4 a8b8 g2g3 g7g6 b2b4 b7b5 c2c3 d6d5 e5f7 c7c6 e2e3 f5f4 g3f4 b8a8 c1b2 e7e6 f2f3 e6e5 h1h2 e8e7 h2e2 e5f4 e1f2 f8g7 f1g2 a8b8 a2a4 e7e6 a1a2 b5a4 b4b5 b8a8 b5c6 e6e7 f7d8 g7d4 e3d4 e7d8 c3c4 a6b8 b2c3 b8c6 f2e1 g8f6 b1a3 d5c4 d4d5 a7a5 d1d2 c6b4 c3e5 h8e8
75,B,material_adjudication,69,0.672314,375,2026-08-08 01:15:43,a2a3 h7h5 a1a2 b8c6 d2d3 a7a5 g1f3 e7e6 a3a4 f7f5 f3d2 h5h4 f2f3 g8h6 d3d4 h6f7 b2b4 c6a7 b4b5 d7d6 c2c3 h8h6 b5b6 c7b6 c1a3 g7g6 a3c5 b6b5 f3f4 b5a4 h1g1 e6e5 g2g3 d8d7 c5d6 g6g5 h2h3 h6d6 f4e5 h4g3 d2b3 f8h6 e2e3 b7b5 a2a4 f7e5 d4e5 d6d1 e1e2 e8e7 a4f4 g5g4 e5e6 d7e6 g1g3 e6f6 e2d1 h6f4 e3f4 b5b4 h3h4 a5a4 c3c4 a4b3 d1e1 a8b8 g3e3 e7d7 e3e2
76,W,material_adjudication,110,0.642888,380,2026-08-08 01:18:13,b1c3 e7e5 a1b1 g8h6 e2e4 b8c6 c3a4 f7f6 g2g4 e8e7 f2f4 e7e8 e1e2 f6f5 f1g2 f8b4 d1e1 b7b5 g4f5 c6a5 b2b3 c8a6 f5f6 b5a4 e2e3 h8g8 f6g7 e8f7 c1b2 d7d5 b2e5 f7e6 g1h3 a8b8 d2d4 b4e1 h1g1 a5c6 a2a3 c6e5 b1e1 d8d7 c2c3 h6g4 e3d2 c7c6 e1f1 d7c8 c3c4 c6c5 f4f5 e6f7 d4e5 f7g7 f1f4 h7h5 b3b4 c5b4 a3b4 g8f8 d2d3 h5h4 f5f6 g4f6 e4d5 c8c5 b4c5 b8b7 c5c6 a6b5 g1h1 g7g6 e5f6 a7a5 h1g1 b5c6 c4c5 f8f6 d3d4 b7c7 h3f2 f6f4 f2e4 f4f6 h2h3 a4a3 e4f6 c7f7 f6e4 c6d5 c5c6 d5e4 d4e4 g6f6 g1d1 f7e7 e4d5 f6f5 g2e4 f5f6 c6c7 e7e5 d5d4 a5a4 c7c8q e5b5 e4g6 b5b4 d4d3 b4b3
77,W,value_resign,64,0.521864,385,2026-08-08 01:19:36,e2e4 a7a6 g2g4 b7b6 f1e2 g7g5 g1h3 c7c5 h3g5 f8g7 h2h3 e7e5 b1c3 g7f6 a2a3 h7h6 h1f1 c5c4 f2f3 d7d6 e2c4 b8d7 g5e6 f6h4 f1f2 h4f2 e1e2 d7b8 e6d8 c8g4 c4f7 e8d7 d2d3 b8c6 a1a2 f2e3 a3a4 d6d5 b2b4 a6a5 h3g4 d5e4 b4b5 e4f3 e2f3 c6d4 f3g3 d7d6 g4g5 h6h5 c1e3 a8a7 c3e4 d6e7 g3h4 d4b5 a4b5 h8h6 g5h6 a7a6 h4h5 e7d7 a2a4 d7c8
78,W,material_adjudication,66,0.654202,390,2026-08-08 01:20:27,d2d3 b8c6 d1d2 g7g5 g1h3 e7e6 b1c3 d8e7 e1d1 c6d8 b2b4 a7a5 d2e3 b7b6 c1d2 f7f6 d2c1 e6e5 c1a3 e5e4 d3d4 b6b5 d1e1 d8b7 h3g1 a8a7 b4a5 e8d8 d4d5 a7a6 f2f3 d7d6 e1d1 a6a5 e3c5 b7c5 a3c5 f6f5 a2a4 d6c5 a4b5 e4f3 h2h4 g5g4 h4h5 e7e6 c3a2 g8h6 d5e6 h6f7 g2f3 g4f3 h1h4 h8g8 e2f3 g8g3 e6f7 a5b5 f1b5 c5c4 b5c4 f8b4 f7f8q b4f8 h4d4 d8e7
79,B,value_resign,61,0.736707,395,2026-08-08 01:20:28,a2a3 h7h5 h2h4 g8f6 b1c3 a7a6 g1h3 d7d6 b2b4 g7g6 f2f4 e7e6 a3a4 f8g7 c3e4 a6a5 f4f5 e6e5 h1h2 f6e4 d2d3 h8f8 g2g4 g6g5 c1f4 g5h4 f4g5 b8c6 d1d2 d8g5 e2e3 g5e7 f5f6 e7e6 f1g2 g7h6 e1e2 e4f6 e3e4 f6e4 d3d4 h6e3 a1f1 b7b5 a4b5 e8e7 g4h5 a5b4 d2c1 e3d2 d4d5 e6f6 f1f6 e4f6 e2d1 d2c1 d1e1 a8b8 c2c3 b8a8 b5b6
80,W,checkmate,29,0.588119,400,2026-08-08 01:23:49,c2c3 f7f6 h2h4 b8c6 h4h5 d7d6 e2e4 e8d7 e1e2 c6d4 c3d4 g7g6 e2e3 b7b6 g2g3 g6h5 b2b4 e7e5 d1a4 d7e7 c1b2 h7h6 f1e2 c8f5 e4f5 d6d5 a4c6 h8h7 c6e6
81,W,material_adjudication,72,0.704434,405,2026-08-08 01:24:24,h2h3 e7e6 g2g3 g8f6 b1c3 h7h5 f2f3 e6e5 a2a3 b8c6 g3g4 c6d4 e2e4 f8a3 h3h4 f6h7 d2d3 b7b6 f1h3 d4b5 f3f4 g7g5 f4f5 b5d4 b2a3 f7f6 g1f3 d4c6 c1f4 d7d5 a3a4 g5f4 h1h2 a8b8 g4g5 e8g8 g5f6 f8f6 f3g5 f4f3 h2e2 d8e7 c3d5 h7g5 d5e7 g8g7 d3d4 g5e6 f5e6 b6b5 e1f2 c8e6 a1b1 f3e2 f2e2 a7a5 b1a1 b5b4 d4e5 e6f5 e5f6 g7h8 a1b1 c6e7 e2e3 b4b3 h3f5 e7c6 f5e6 c6d8 d1e1 c7c5
82,B,checkmate,68,0.722601,410,2026-08-08 01:25:16,f2f4 e7e6 g2g3 a7a5 b2b4 g7g5 f4f5 f7f6 c1b2 b8c6 b2c3 b7b5 c3f6 h7h5 e2e3 e6f5 g3g4 c8a6 g4h5 g5g4 f1b5 d7d5 b5c4 e8d7 c2c3 a5a4 e1e2 h8h6 f6g7 f8c5 d2d3 d5d4 h2h4 d7d6 b4b5 c6b8 b5b6 a8a7 d1d2 d4c3 e2d1 c7b6 h1h2 a6c4 g7c3 a4a3 b1a3 h6e6 d1c2 a7a3 e3e4 a3c3 c2c3 f5f4 h2e2 e6e5 d3d4 c5b4 c3c4 b4d2 d4e5 d6e5 a2a4 g4g3 c4b5 d8f6 h5h6 f6c6
83,B,material_adjudication,67,0.559849,415,2026-08-08 01:26:07,b2b4 b7b6 b4b5 g8h6 d2d3 d7d6 g2g3 f7f6 d3d4 h8g8 b1a3 c7c6 e2e3 f6f5 f2f4 e7e6 c2c4 h6g4 b5c6 b8c6 h2h4 a7a6 a1b1 g4e3 d4d5 e3c2 d1c2 a6a5 g3g4 e6e5 c4c5 a8a7 c1d2 e5e4 h4h5 b6c5 d5c6 d8b6 c6c7 c8e6 b1c1 a7c7 c2c4 e8d8 g4f5 e6d5 g1f3 f8e7 f3e5 b6b2 f1e2 d6e5 c4d5 c7d7 d2a5 d8e8 f4e5 d7d5 e5e6 d5d6 a3b5 b2c1 e2d1 e8f8 a2a3 h7h6 a5b6
84,B,value_resign,91,0.585826,420,2026-08-08 01:27:31,b1c3 d7d5 a1b1 b7b5 f2f4 b5b4 h2h3 g7g5 f4f5 f7f6 c3d5 a7a6 h3h4 a6a5 d2d4 e7e6 g1h3 d8d7 e2e3 b8a6 f1c4 d7d5 e3e4 h7h6 e4d5 e6d5 c1e3 h8h7 h3g5 c7c5 d1d2 a8a7 h1g1 f8g7 e1d1 h6g5 h4g5 f6g5 f5f6 c8g4 d1c1 h7h6 d2d3 g4f5 g2g3 f5d3 e3f4 h6f6 c4d5 e8f8 a2a3 g7h6 f4d2 f6f5 g3g4 d3c2 d5e6 a5a4 a3b4 c2d1 c1d1 g8f6 e6f5 f8f7 f5g6 f7g6 d2f4 g5f4 d1e2 c5b4 e2f2 a7e7 f2f3 e7e6 g1f1 f6g4 f3g4 h6g7 f1f4 g7d4 b1h1 d4f6 g4g3 b4b3 f4f6 g6f6 h1g1 f6f5 g1h1 e6e5 h1g1
85,W,material_adjudication,88,0.703576,425,2026-08-08 01:28:38,b2b3 h7h6 c2c3 b8c6 d2d4 c6d4 g2g3 d4e2 d1d2 f7f6 g1f3 d7d6 d2f4 g7g5 f3g5 b7b6 c3c4 e2f4 g5f7 f4e6 b1d2 h6h5 f2f3 h5h4 f7d8 c7c6 h2h3 b6b5 d8f7 c8d7 f7h8 c6c5 a2a4 b5c4 e1e2 h4g3 h8g6 f8g7 b3b4 d6d5 d2e4 d5e4 f3e4 c5b4 c1f4 c4c3 f4g3 b4b3 e4e5 c3c2 e2f3 e8d8 g3f4 f6f5 f1c4 a7a5 c4e6 d7c6 f3f2 c2c1q h1c1 a8a7 g6h4 d8c7 c1h1 g8f6 a1b1 g7h6 f4c1 a7a6 b1a1 c6a4 e6f7 c7c6 e5f6 h6f4 f7e8 c6b7 c1b2 a6f6 f2f3 e7e6 b2f6 f4g3 a1a2 e6e5 f6e5 f5f4
86,W,checkmate,45,0.496755,430,2026-08-08 01:33:15,g1f3 b8c6 f3g5 g8h6 a2a3 e7e6 a1a2 h6f5 d2d4 h7h5 h2h3 h8h6 d1d2 b7b5 g2g3 d7d5 c2c3 f8e7 f1g2 c8d7 e2e4 a7a5 e4f5 b5b4 c3c4 e6e5 e1g1 c6a7 h3h4 d7e6 c4c5 e7c5 f5e6 f7f6 f2f3 b4b3 d2d3 h6h7 d3g6 e8e7 g5h7 f6f5 d4c5 d8d7 c1g5
87,B,material_adjudication,107,0.696090,435,2026-08-08 01:35:04,g2g3 f7f5 c2c4 b7b5 e2e4 d7d5 g3g4 a7a5 h2h3 f5e4 d2d3 e7e6 c4b5 g8e7 b2b3 e7c6 c1g5 f8b4 g5d2 h7h6 e1e2 d8d7 d2c3 e4e3 h1h2 d5d4 f2f4 g7g5 f4f5 c6e5 a2a3 e8e7 f5f6 e7f6 c3d4 c7c5 b1c3 c5d4 a3a4 e5g4 c3d5 d7d5 a1b1 b4c3 b3b4 c8a6 b5b6 a6d3 e2d3 b8c6 b4b5 a8b8 h2c2 g4e5 d3e2 g5g4 b5c6 g4g3 c2c3 d4c3 d1d5 e6d5 h3h4 c3c2 c6c7 b8e8 c7c8q e5f7 c8e8 h8e8 h4h5 d5d4 b1a1 e8f8 b6b7 f6f5 e2f3 d4d3 b7b8q f8b8 f1e2 c2c1q a1c1 b8b7 e2d3 f5e5 c1c4 b7b6 d3e4 b6f6 e4f5 f6f5 f3g3 f5f4 g1f3 e5d5 f3e5 f4c4 g3f3 f7g5 f3e3 d5e5 e3d3 c4c7 d3e2 c7c5 e2d3
88,W,checkmate,45,0.635481,440,2026-08-08 01:37:28,f2f4 c7c5 b2b3 a7a5 b1c3 f7f6 a2a3 e8f7 g2g4 c5c4 c3b1 d7d6 f4f5 c8f5 g4g5 h7h5 f1g2 d8e8 g2d5 f7g6 g1h3 f5e6 h1g1 b8c6 d5c6 h8h7 b1c3 e8b8 e1f2 f6f5 a1b1 f5f4 b3c4 f4f3 f2f3 g6f5 c3a2 b7c6 c1b2 c6c5 a3a4 d6d5 d2d4 b8a7 d1d3
89,B,material_adjudication,67,0.564783,445,2026-08-08 01:39:01,b1c3 e7e5 c3d5 h7h6 d2d4 a7a5 h2h4 b7b6 h1h2 b8c6 a2a4 h8h7 b2b3 c8b7 d5c7 d8c7 c1g5 g8f6 d1d2 c6d4 g1h3 b7f3 d2d4 c7d8 e1c1 f3e4 c1b2 b6b5 d4b4 e4d5 b4f8 e8f8 c2c4 h6g5 d1a1 f6e4 h4g5 b5b4 c4c5 f7f5 g5f6 d7d6 f2f4 e5f4 h3f4 d8f6 b2c1 f6e5 a1a2 d5e6 c1b1 e6d5 h2h4 e4c5 e2e3 d5e4 b1c1 a8a6 a2e2 a6a8 h4h7 e4h7 f4h5 a8e8 c1d2 e8e7 g2g4
90,D,cap_draw,150,0.675597,450,2026-08-08 01:39:20,b1a3 c7c5 a3b1 d8b6 b1c3 b8a6 a1b1 h7h5 h2h3 e7e6 g2g4 a8b8 f2f3 g8f6 f1g2 b6b5 c3d5 c5c4 e1f2 f6d5 b2b3 d5f4 a2a3 b5b4 h3h4 b7b6 c2c3 c8b7 h1h2 b8a8 h2h3 f7f5 g4f5 f4d3 e2d3 e8e7 a3a4 h8g8 c3b4 b6b5 a4b5 b7c6 f2e1 d7d5 d3d4 e6e5 d1e2 c4c3 d2c3 a8b8 c1f4 b8a8 e1d1 a8b8 e2e4 b8a8 d4e5 a8b8 d1d2 d5e4 c3c4 e4f3 h3f3 b8a8 g2h3 a6c5 b1b2 c6f3 b2c2 f3c6 b5c6 a7a5 b4a5 c5e6 h3f1 a8e8 d2d1 e6f4 c6c7 e7d7 b3b4 f8b4 a5a6 g7g5 e5e6 d7c7 c4c5 e8e6 f5e6 c7c6 c2f2 f4e6 f1g2 c6c5 g2d5 c5d5 a6a7 g8g7 a7a8q d5c5 d1c2 c5d4 a8c6 g7c7 c6c7 e6c7 f2f6 d4e5 f6c6 b4d6 c2c3 e5f4 c6d6 f4e5 d6d4 g5h4 c3c4 h4h3 g1h3 h5h4 h3g1 h4h3 g1h3 c7b5 d4d2 e5e4 h3f2 e4e3 d2d1 e3f2 d1d2 f2e1 d2d3 e1e2 d3d5 b5c7 d5d6 e2f3 d6f6 f3e4 f6f2 e4e5 f2e2 e5f5 c4c5 f5g4 c5d4 g4f3 d4d3 f3g4
91,B,material_adjudication,97,0.663711,455,2026-08-08 01:43:15,b2b4 g8f6 a2a3 a7a6 a1a2 f6h5 e2e3 b7b6 g1f3 h8g8 c2c4 d7d6 g2g4 h7h6 d1b3 f7f5 g4h5 c7c6 f3h4 e8f7 b1c3 g7g6 a2a1 g8g7 a3a4 g7g8 c3e4 d6d5 h1g1 g8h8 d2d3 f8g7 e1e2 e7e6 b4b5 c6b5 a1b1 d5e4 c1b2 d8f6 e2e1 b5a4 e1e2 b8c6 c4c5 a4b3 b2f6 f5f4 e3f4 c6e5 f6e5 e4d3 e2d3 g6g5 d3c4 g5f4 b1b3 g7e5 c5c6 e5g7 f1g2 g7f6 c6c7 a6a5 h4f5 c8a6 b3b5 a6c8 b5b3 c8a6 b3b5 a6c8 b5b3 c8a6 b3b5 a6c8 f5e3 a5a4 b5b3 a4b3 g1c1 f4e3 f2e3 h8h7 c4b3 f6g5 b3b4 a8a7 g2d5 a7a5 h2h3 a5d5 b4c3 b6b5 c1f1 f7e7 f1f4
92,B,material_adjudication,66,0.576232,460,2026-08-08 01:43:16,h2h4 g7g5 h4h5 a7a5 g2g4 f8g7 d2d4 e7e5 a2a4 g7f6 c1f4 h7h6 a1a2 f6g7 b1a3 g5f4 e2e4 d8f6 f2f3 f6f5 d1e2 g8f6 e2d1 f6e4 d1a1 f7f6 c2c4 d7d6 d4d5 b7b6 f1g2 h8f8 c4c5 b6c5 g4f5 c7c6 g1h3 e4g3 h1f1 b8a6 e1d2 g3e4 d2e1 e4g3 h3g1 a6b8 b2b4 b8a6 a1c3 c5b4 a3b5 b4c3 e1f2 c3c2 b5d6 e8d8 a2c2 e5e4 c2c3 g3f1 g1h3 c6d5 d6c4 e4f3 c3d3 d5d4
93,B,material_adjudication,105,0.523576,465,2026-08-08 01:43:52,b1a3 b8a6 b2b4 b7b5 e2e3 h7h5 f2f3 g7g5 g1h3 a8b8 c2c3 h8h6 d2d4 h6f6 a1b1 f6f4 e3f4 e7e5 d1a4 g8h6 f4g5 c7c6 g2g3 e8e7 g5g6 d7d5 d4e5 c8f5 h3f2 a6b4 f3f4 h6g4 a4d1 b4a6 e5e6 c6c5 e1e2 d5d4 c3d4 e7e6 b1b5 c5d4 d1d2 a6c7 b5d5 a7a5 h2h3 f8g7 h1g1 f5e4 d5d8 g4f2 e2e1 e6f6 d2d3 f2d3 e1d1 e4f5 f1e2 a5a4 h3h4 f7g6 e2d3 b8d8 d1d2 d8f8 d3f5 g6g5 g3g4 g7h6 a3c2 a4a3 f4g5 h6g5 h4g5 f6e5 f5g6 f8f3 c1b2 h5g4 b2c3 g4g3 g1g3 f3g3 g6f7 d4c3 d2e2 g3g2 e2f3 c7b5 g5g6 g2c2 f7c4 c2f2 f3f2 b5c7 f2f3 c3c2 c4b5 c2c1q b5c6 c1b2 f3e3 b2h2 e3f3
94,B,checkmate,52,0.644851,470,2026-08-08 01:44:09,b1a3 e7e6 e2e3 f8d6 a1b1 d6h2 g1f3 e8e7 b2b3 g7g6 e3e4 b7b6 g2g4 h7h5 e1e2 f7f6 h1g1 h5g4 e4e5 a7a6 f1h3 c7c5 e2e3 h8h4 e5f6 e7f6 c2c3 h2e5 f3e5 f6e5 h3g4 d8f6 a3c2 d7d5 g4e6 a6a5 g1f1 a8a7 b1a1 b6b5 c1a3 g8h6 a1b1 a5a4 b1a1 h4h1 a1b1 a7c7 b1a1 c7f7 d1f3 f6f3
95,B,checkmate,86,0.657803,475,2026-08-08 01:51:43,a2a3 f7f5 h2h3 b7b6 g1f3 g7g6 d2d4 c7c5 e2e3 e8f7 d1e2 b8c6 f3h2 f5f4 b2b3 d8e8 e3f4 g6g5 e1d1 c5c4 c2c3 f8g7 h3h4 e8d8 h1g1 g8h6 c1d2 d7d6 a3a4 h6f5 g2g4 g5f4 b3c4 g7d4 f2f3 d4g1 g4f5 c8f5 a1a2 h7h6 b1a3 g1h2 f1g2 d6d5 g2h3 d5d4 c3d4 f5e4 h3g2 h8h7 e2e4 a7a5 d1c2 c6e5 d4d5 e5f3 d5d6 a8a7 a3b1 f3d4 c2c3 f4f3 c4c5 d8c7 c3d4 e7e5 e4e5 f7g6 d6c7 h2e5 d4e5 f3g2 c7c8q g2g1q c8f5 g6g7 a2a1 b6c5 d2h6 h7h6 f5f3 g7h8 f3e4 g1g3 e5f5 a7f7
96,W,material_adjudication,84,0.517500,480,2026-08-08 01:52:40,d2d4 c7c5 e2e3 g7g5 c2c3 e7e5 e3e4 e8e7 e1e2 f8h6 g2g4 g8f6 g1h3 h8f8 c1d2 c5c4 h3g1 f6e4 f1g2 e7d6 a2a4 d6c6 g2h3 b7b5 f2f4 e4c5 d4d5 c6d6 d2c1 d6e7 b2b3 c5d3 d5d6 e7e6 d1d3 c4d3 e2d2 f8g8 g1f3 d8e7 d6e7 e6e7 f3e5 g5f4 h1f1 d7d5 c3c4 c8g4 b1c3 f7f5 h3g4 b5c4 a4a5 f4f3 d2d1 d5d4 c3d5 e7e6 e5f3 h6g7 d1d2 e6d5 f3d4 f5f4 f1f4 g7d4 a1a4 h7h5 g4h5 d4e3 d2e3 d5e6 e3d2 e6e5 a4c4 g8g6 b3b4 e5e6 h5g6 b8c6 h2h3 e6d6 b4b5 a8f8
97,W,material_adjudication,100,0.769622,485,2026-08-08 01:55:14,g1h3 b7b5 a2a3 e7e6 g2g3 f7f5 h1g1 b8a6 h3f4 c7c5 b2b3 g7g6 a3a4 d8c7 c2c4 g8e7 f1h3 b5c4 b3c4 e7d5 h3f5 a8b8 c1a3 f8d6 d1c2 b8b5 f5g4 c8b7 d2d4 b5b6 e1d1 c7c8 f2f3 a6c7 g1f1 d5b4 h2h3 d6f8 c2c3 a7a5 h3h4 b7f3 e2f3 d7d5 g4f5 f8g7 f4g6 h7g6 a3c1 e8f7 c4d5 c5d4 c3d4 g7d4 f1f2 d4f2 f5e6 c8e6 d5e6 f7e6 h4h5 b6b5 a4b5 b4d3 a1a4 h8d8 a4a5 e6e5 h5g6 f2g3 c1f4 g3f4 d1c2 f4g5 b5b6 c7b5 a5b5 e5d4 b5f5 d8d7 b1d2 d7d6 d2e4 d6d7 g6g7 g5h4 g7g8q d3c5 g8g2 d7c7 g2g5 h4g5 b6c7 c5e4 c7c8q e4c5 c8c7 g5c1 f5f8 c5a4
98,W,material_adjudication,118,0.737325,490,2026-08-08 01:55:34,g2g3 e7e6 b1a3 f8c5 a1b1 f7f5 c2c3 a7a5 f2f3 b8c6 d2d4 f5f4 h2h4 g8h6 h1h3 f4g3 d4c5 d7d6 e2e4 h6f5 e4e5 c6e7 d1e2 h8g8 c1d2 d6c5 b2b4 d8d3 b4c5 b7b6 e2d3 e7g6 d3e4 g6e5 e4e5 b6c5 e1d1 c7c6 f1g2 h7h5 a3b5 c8d7 a2a3 f5h4 b5c7 e8e7 b1a1 g7g5 c3c4 d7c8 h3h4 a8b8 f3f4 c8b7 h4h5 g5g4 h5h2 g3h2 d2a5 h2g1q d1e2 g1g2 e2d3 b8d8 e5d4 d8d4 d3e3 e7f8 a1a2 d4d7 a2g2 g8g6 e3e4 d7d3 e4d3 g4g3 g2g3 g6g3 d3e4 f8g7 a5c3 g3c3 c7d5 c6d5 e4e5 g7g6 f4f5 g6g5 f5e6 c3f3 a3a4 d5c4 a4a5 c4c3 a5a6 g5g4 a6b7 f3f5 e5e4 f5f4 e4e5 f4f5 e5e4 f5f6 b7b8q f6e6 e4d5 g4f3 d5e6 c3c2 b8b3 f3e4 b3c2 e4d4 c2g6 d4e3 e6d7 e3f3
99,B,value_resign,59,0.716431,495,2026-08-08 01:57:08,h2h3 b7b6 f2f3 f7f6 h1h2 b8c6 b1a3 a7a6 c2c4 e7e6 g2g3 h7h5 b2b4 h8h7 g3g4 d7d6 b4b5 c6b8 e2e3 c7c5 d1b3 d6d5 h3h4 a6b5 e1d1 g7g6 f1g2 a8a7 g1e2 a7a5 d2d4 c5d4 e3d4 f6f5 c4d5 h5g4 c1b2 g4f3 d5e6 c8e6 b3e6 h7e7 b2c3 e7e6 c3a5 d8d7 a3b5 g8f6 e2f4 f6d5 f4d5 d7d5 a5c3 d5e4 c3b4 f8g7 a2a3 g7f6 a1a2
100,W,cap_draw,150,0.583266,500,2026-08-08 01:57:27,g1f3 g8h6 b1c3 a7a6 b2b4 a8a7 h2h3 d7d5 a1b1 d5d4 d2d3 c7c6 c1g5 h8g8 g2g4 h6g4 e1d2 d8c7 d2e1 e7e6 d1d2 f7f5 b1a1 h7h6 d2d1 g7g6 c3b1 c7e5 g5d8 b7b5 f3e5 g4e5 f1g2 a6a5 g2e4 g8h8 d8f6 f5f4 b1c3 c6c5 a1b1 a7a8 a2a4 a8a7 a4b5 f8d6 h3h4 e8d7 h1h2 c5c4 e4f5 f4f3 e2f3 e5d3 c2d3 d6h2 c3e4 c4d3 f3f4 g6f5 f6h8 f5e4 d1e2 d3e2 f2f3 e4e3 b1b3 b8a6 b4a5 a6c7 a5a6 c8b7 h8d4 d7d6 d4c5 d6d5 f4f5 b7c8 c5e7 c8b7 f5e6 d5e6 a6b7 a7a5 b7b8q e6e7 b8c7 h2c7 e1e2 a5b5 b3b5 e7f6 e2e3 c7d8 e3e4 d8c7 h4h5 c7d8 b5b3 f6g7 e4d3 g7f6 b3c3 f6e5 c3c4 d8e7 f3f4 e5d6 d3e4 e7h4 f4f5 h4e7 f5f6 e7f8 e4f3 d6e5 f3e2 f8e7 e2e3 e7f6 e3f3 f6g5 c4c5 e5d6 c5c4 g5e3 f3e4 e3f2 e4f3 d6e5 f3f2 e5d5 c4f4 d5e5 f2f3 e5e6 f3e4 e6e7 e4f5 e7d6 f5e4 d6e6 f4f5 e6e7 f5f1 e7d6 f1f6 d6e7 f6f3 e7d6
101,W,material_adjudication,132,0.632977,505,2026-08-08 01:57:36,b1c3 a7a5 b2b3 g8f6 f2f4 f6d5 d2d3 h7h6 c3b1 f7f5 a2a3 g7g6 c1b2 b7b5 b2h8 b8c6 g2g3 e7e6 f1h3 g6g5 e2e3 f8e7 h3g4 c8a6 g4h5 e8f8 e1e2 d7d6 h5f3 c6b4 h2h4 h6h5 b1c3 d8d7 a1b1 d5b6 f4g5 a8b8 f3h5 a6c8 b1a1 c7c6 c3d5 e6d5 h5f7 d5d4 c2c4 e7d8 a3b4 d4e3 g5g6 d8c7 a1a2 d7f7 g6f7 f5f4 d3d4 c8g4 e2e1 g4d1 a2f2 f8e7 f2f4 a5b4 e1d1 b8f8 h1h3 e7d8 h8f6 d8c8 d4d5 c8b7 d1c2 c6d5 c4b5 d5d4 h3h2 d4d3 c2d3 d6d5 f6c3 d5d4 g3g4 c7f4 h2h3 f4g3 h3g3 b4c3 d3d4 c3c2 g4g5 c2c1q b3b4 f8f7 d4e5 f7g7 g5g6 c1c3 e5e4 b6c8 g1h3 g7g6 g3g6 c3b4 e4e3 b4g4 g6g4 b7b6 g4g5 b6a5 h4h5 a5a4 e3e2 a4a3 b5b6 c8b6 g5f5 a3b4 f5f6 b4c5 e2e3 b6d7 f6f4 d7f6 f4f5 c5d6 f5f6 d6e5 f6c6 e5f5 e3e2 f5e4
102,D,cap_draw,150,0.675825,510,2026-08-08 01:58:10,a2a4 b8c6 g1f3 h7h6 e2e4 c6d4 a1a2 h8h7 f3e5 d4f5 f2f3 h6h5 g2g4 h7h6 e1f2 f5e3 f1b5 a7a6 c2c3 b7b6 d1c2 a8a7 f3f4 g7g5 h1f1 e3f1 f4g5 c7c6 b2b4 a6a5 d2d4 d7d5 c2e2 c8g4 g5h6 g4e2 h2h3 f1h2 f2g3 e7e6 c1f4 f7f5 a2e2 d8d7 b4a5 c6c5 e5f3 b6a5 b5a6 c5d4 g3g2 f5e4 c3d4 f8g7 h6g7 a7c7 f3h2 d7g7 g2h1 e8d8 h3h4 g7g6 e2e3 d8e7 b1c3 c7c6 c3e4 d5e4 a6f1 c6c5 e3e4 g6e4 f1g2 e7f7 g2e4 g8h6 d4c5 e6e5 c5c6 e5f4 e4f3 f7e6 h1g2 h6f5 f3d1 f5h4 g2f2 f4f3 f2f1 e6e5 d1f3 h4f3 f1f2 f3h4 h2f1 e5e4 f2g3 h4g6 g3g2 h5h4 c6c7 h4h3 g2g3 h3h2 f1d2 e4e5 c7c8q h2h1q c8c3 e5d6 c3f6 d6c5 g3g4 h1d5 g4g3 d5d2 f6g7 d2d6 g3f3 c5d5 g7c3 d6e6 c3e3 e6e3 f3e3 d5e5 e3d3 g6h4 d3e2 h4g6 e2d3 g6h4 d3e3 e5f5 e3d3 f5e6 d3e4 e6f6 e4f4 f6e6 f4e4 e6f6 e4f4 f6e6 f4e4 e6f6 e4f4 f6e6 f4g3 e6f5
103,W,material_adjudication,68,0.564361,515,2026-08-08 02:03:47,f2f3 a7a6 c2c4 a8a7 b2b4 g8f6 a2a3 e7e6 g2g3 b7b5 e1f2 e8e7 a1a2 g7g6 f3f4 f6e4 f2f3 e6e5 f4e5 d7d5 d2d3 h7h5 c4c5 e4g3 f1g2 f8h6 e5e6 c8e6 h2g3 f7f5 a3a4 d5d4 f3f2 h6e3 c1e3 h8h7 e3f4 b5a4 g3g4 a6a5 e2e4 a7a6 b1c3 d4c3 e4e5 g6g5 g4f5 b8c6 g2h3 g5f4 d1c2 f4f3 f2f3 a5b4 f5e6 h5h4 a2a4 b4b3 c2c3 c6d4 a4d4 a6e6 d4d8 e6f6 e5f6 e7d8 f3f4 c7c6
104,B,material_adjudication,66,0.828360,520,2026-08-08 02:04:06,a2a4 d7d5 g2g3 f7f6 f2f3 d5d4 f1h3 b7b5 c2c4 b8c6 b1c3 b5c4 e2e3 d4e3 h3d7 e8f7 a1b1 h7h6 c3b5 f6f5 d1b3 h8h7 b5c3 f7f6 f3f4 c6d4 b1a1 d4c2 b3c2 g7g5 g1f3 g5g4 c2d1 a7a5 d2d4 f6f7 c1e3 f8g7 b2b4 a8a7 c3b1 c7c6 f3e5 g7e5 a1a2 e5c7 d1d2 c8d7 b1c3 d7e6 c3d5 c6d5 b4b5 h6h5 b5b6 c7f4 e3g1 f4d2 a2d2 c4c3 d2e2 h5h4 e2e3 c3c2 e3e2 a7a6
105,B,material_adjudication,89,0.540420,525,2026-08-08 02:04:24,b1a3 b7b6 a3b5 c7c6 a1b1 e7e6 b5a7 f7f6 a2a3 e6e5 g1f3 c6c5 h1g1 h7h5 h2h4 h8h7 b2b3 c5c4 c2c3 f6f5 g2g4 b8c6 b3b4 f5f4 f3h2 c6b4 e2e4 a8b8 g4h5 f4f3 d1f3 g7g5 e1e2 f8g7 f3f5 b4d3 f1h3 h7h6 f5f6 h6f6 h2f3 g5g4 h3g4 f6f3 e2f3 e8f8 g4d7 c8d7 a3a4 g8h6 f3e2 d7c6 a4a5 h6f7 a5a6 b8a8 a7b5 c6e4 b5d6 f7d6 b1b6 d6b5 b6c6 d8c8 g1g7 f8g7 c6c8 a8c8 e2e3 e4c6 e3e2 c8d8 e2e3 d8c8 e3e2 g7h6 e2e3 h6g7 e3e2 c8f8 e2e3 b5a3 c1b2 d3b2 d2d4 c4d3 a6a7 g7f6 c3c4
106,W,value_resign,87,0.589560,530,2026-08-08 02:05:31,b1a3 g7g6 f2f4 a7a5 c2c3 c7c6 e2e4 f7f5 d2d3 h7h5 g2g4 d7d6 d1c2 g8f6 h2h3 g6g5 g1e2 f8g7 g4h5 h8h5 a3b5 e7e6 c1d2 a5a4 f1g2 g5f4 h1g1 f6g4 c2b1 d8f6 e4f5 c6c5 b5d4 f6g5 c3c4 g7d4 e2f4 d4f2 e1f1 h5h4 h3g4 c8d7 d3d4 d7b5 d4d5 e6e5 b1e4 f2d4 f1e2 b8c6 c4b5 a4a3 b2a3 d4c3 d2e1 h4h7 e1f2 h7h5 b5c6 g5f6 g4g5 h5h4 e2e3 f6f5 a1b1 h4h7 g5g6 h7h5 g1f1 f5f6 b1a1 h5h4 e3f3 h4h8 g6g7 h8g8 a3a4 e8d8 a2a3 f6f5 a1b1 f5e4 f3e4 a8b8 b1a1 b8c8 f1h1
107,B,material_adjudication,77,0.620135,535,2026-08-08 02:06:22,b2b4 c7c5 c2c4 a7a5 a2a4 g7g5 g2g3 b7b5 h2h4 d7d5 h1h2 e8d7 a1a3 e7e5 d2d4 b5c4 f1g2 d8f6 h4h5 c5d4 f2f4 d7c7 d1c2 c7c6 c2c4 f8c5 f4e5 c8d7 e5f6 d7f5 h2h3 g8e7 c1b2 h8g8 e1f1 h7h6 a3a2 a5b4 c4b5 c6c7 f1f2 g5g4 b1d2 g4h3 g1h3 b8d7 a4a5 b4b3 g2e4 e7g6 e4f5 d7f6 b2d4 b3a2 d2b1 c5d4 f2f3 a2b1q f5b1 g8f8 b1g6 f7g6 h5g6 h6h5 h3f4 c7d6 e2e4 d6e5 b5d3 d5e4 f3e2 e4d3 e2d3 d4f2 a5a6 a8d8 d3e2
108,B,material_adjudication,117,0.745239,540,2026-08-08 02:10:08,d2d4 a7a5 e2e3 g8h6 f1c4 b8a6 c1d2 e7e5 f2f3 a5a4 g1h3 f7f6 c4f7 h6f7 c2c3 g7g6 a2a3 e8e7 d4d5 c7c6 f3f4 b7b5 g2g3 e5e4 g3g4 c8b7 c3c4 f7h6 h1f1 c6c5 h3f2 e7e8 d5d6 d8b6 c4b5 h6f5 g4f5 h7h6 b2b4 b7c6 d1f3 e4f3 h2h4 b6c7 b1c3 g6g5 b4c5 f8e7 a1b1 g5f4 d6c7 h8f8 e3f4 a6c5 e1d1 c5d3 b5c6 e8f7 c7c8q a8c8 c3d5 d7c6 b1b6 c8d8 b6c6 d8d5 d2c3 h6h5 c3f6 e7f6 f2d3 d5f5 f1f3 f6h4 d3f2 f8e8 f3e3 e8e7 e3e7 h4e7 f2e4 e7d8 d1d2 d8b6 d2c3 b6c5 c6c5 f5c5 c3b4 c5f5 e4g3 f7f6 g3f5 f6f5 b4c3 f5e4 f4f5 e4f5 c3d3 f5e6 d3e4 e6f6 e4f3 f6f5 f3e3 h5h4 e3f3 h4h3 f3e2 h3h2 e2f1 h2h1q f1e2 h1h8 e2d3 h8g8 d3c3
109,W,material_adjudication,130,0.714780,545,2026-08-08 02:12:10,e2e4 f7f6 b1a3 d7d6 d2d4 e8d7 e1e2 c7c6 g2g3 h7h5 c1f4 g7g5 b2b4 f8g7 d4d5 d8c7 f4g5 b8a6 g1f3 e7e5 d1d2 a6b8 g3g4 b8a6 b4b5 c7d8 d2d3 h5h4 d3d2 g7f8 b5b6 a7b6 f1h3 h8h6 h1g1 f6g5 a1b1 d8f6 f3d4 c6d5 e4d5 e5d4 d2d4 a8b8 f2f4 f6d4 b1a1 f8e7 c2c3 d4c3 f4g5 h6g6 a3b1 g8h6 b1c3 d7d8 c3b1 b6b5 g5h6 c8f5 g4g5 f5e4 h3e6 d8c7 a2a4 b5b4 h2h3 b8a8 b1a3 a8b8 a3c2 g6h6 g5h6 b8h8 g1h1 h8g8 h1g1 b4b3 c2e3 g8g1 a1g1 c7d8 e6d7 d8d7 g1f1 d7d8 f1f4 e7g5 f4e4 g5e3 e2e3 b7b5 a4a5 b5b4 e3f3 d8d7 f3g2 d7d8 e4f4 d8e7 g2h1 e7d8 h1h2 d8e7 h2g2 e7d8 g2f3 d8c7 f3f2 c7d8 f4e4 d8d7 e4f4 d7e7 f4b4 a6b4 a5a6 b4a6 h6h7 e7f7 h7h8q a6b8 h8d4 b8c6 d5c6 f7e6 f2f3 e6f5 f3g2 f5e6
110,B,material_adjudication,69,0.773297,550,2026-08-08 02:12:11,b1c3 h7h6 e2e4 f7f6 f1c4 c7c5 a1b1 b7b5 c4f7 e8f7 e4e5 d7d6 f2f4 f7g6 a2a4 c8f5 b2b4 c5c4 c1b2 a7a6 e1e2 d8a5 h2h4 h8h7 g1f3 b8c6 e5e6 f5e4 h1g1 a8e8 b4a5 h6h5 d2d3 b5b4 f3e5 c6e5 d3c4 b4b3 g2g3 e5d3 d1d3 e4d3 e2f2 f6f5 f2g2 g8f6 c2b3 d3b1 g1e1 f6d7 c3d5 d7e5 c4c5 b1c2 f4e5 e8c8 e1f1 c2d3 b2c3 c8c7 g3g4 c7c5 b3b4 d3f1 g2g3 c5c3 g3f2 f1c4 d5f4
111,B,material_adjudication,99,0.860222,555,2026-08-08 02:13:18,g1h3 g7g5 b1a3 f7f6 a1b1 b7b5 b1a1 e7e5 f2f4 c7c6 h1g1 f6f5 d2d3 d7d5 g2g3 e5e4 a1b1 f8g7 a3c4 d8d7 c4d6 d7d6 c1e3 d6d7 e1f2 g7h6 e3d2 g5f4 f1g2 c8a6 h3f4 d5d4 a2a3 e8e7 b2b4 e4e3 d2e3 g8f6 c2c4 b5c4 h2h4 f6e4 g2e4 d4e3 f2e3 h6f4 e3f2 f4e3 f2f3 h7h5 d3c4 h8f8 e4f5 e7d8 d1b3 a6c4 f3e3 c4b3 f5e4 d7d5 e4d5 c6d5 b1b3 d5d4 e3d4 d8e7 d4e5 e7d8 e2e3 b8c6 e5d5 f8f5 d5c6 a7a5 b4b5 a8b8 b5b6 d8e7 b3c3 b8f8 e3e4 f5f3 c3c4 f8e8 e4e5 e8f8 g3g4 f8f7 e5e6 e7e6 c4f4 f7f4 g1g3 f3g3 a3a4 f4f8 g4g5 e6f5 g5g6
112,B,material_adjudication,67,0.632085,560,2026-08-08 02:14:41,a2a4 g7g5 b2b4 c7c5 a1a3 c5b4 a3e3 e7e6 c2c4 d7d5 e3e5 a7a6 e5f5 b7b5 g1h3 d8d7 e2e3 a8a7 e1e2 g8e7 g2g4 e7f5 c4b5 a6b5 h3f4 a7a4 h2h3 g5f4 d2d3 f8e7 g4f5 d5d4 e3f4 h8f8 f5f6 b4b3 c1a3 e7f6 b1c3 h7h6 f1g2 b5b4 h1g1 h6h5 c3d5 c8b7 d1b3 b7d5 b3d1 h5h4 f4f5 d5e4 d3e4 b8a6 d1d3 b4b3 a3f8 d7c7 f5e6 f7e6 d3d4 a4d4 f2f4 e8f8 e2f3 f8g7 g1b1
113,W,material_adjudication,66,0.774045,565,2026-08-08 02:16:02,g2g4 g8f6 g4g5 h8g8 f2f3 e7e5 h2h4 g8h8 b1a3 f6h5 g1h3 c7c5 a1b1 d7d5 d2d3 c8h3 h1h2 h7h6 c1e3 f8e7 e1d2 h3g2 b2b4 c5c4 f1g2 h6g5 d1e1 e8d7 a3c4 d5c4 e1f2 h5g3 e3g5 h8g8 d3c4 g3f5 h4h5 e5e4 d2d1 e4e3 f2e3 b7b6 e3b3 e7b4 g5d8 b8c6 c4c5 f5g3 d8b6 c6d4 b3b4 a7b6 b4d4 d7e7 h5h6 a8a7 h6g7 a7b7 a2a4 f7f6 b1a1 f6f5 d1e1 g8g7 h2h4 f5f4
114,B,material_adjudication,77,0.815024,570,2026-08-08 02:17:45,a2a3 d7d6 g2g3 f7f5 g1h3 g7g6 h3g5 c7c6 c2c4 d8d7 a3a4 g8h6 d2d3 b8a6 b1c3 e7e6 h1g1 f8g7 g1h1 d6d5 d3d4 a8b8 c3e4 e8f8 a1b1 h8g8 a4a5 b7b5 d1b3 b5c4 f2f3 f5e4 c1f4 d7e7 f1g2 a6b4 a5a6 c4b3 f3e4 d5e4 g5e4 e6e5 d4e5 c8g4 h1g1 h6f5 e4d6 e7e5 b1d1 b8c8 f4g5 e5d6 d1d6 c6c5 e2e4 h7h6 e4f5 c5c4 e1d2 g6f5 h2h3 f8e8 h3g4 e8f7 g4f5 h6g5 d2e3 g8h8 g3g4 c8d8 e3f3 d8d6 f5f6 f7f6 g2h3 h8g8 h3g2
115,B,material_adjudication,87,0.764983,575,2026-08-08 02:18:02,b1a3 e7e5 a1b1 a7a5 d2d4 b8a6 d4e5 d7d5 a3c4 a8a7 c2c3 f7f6 f2f3 g8h6 g2g4 c8d7 c4d6 e8e7 d6f5 h6f5 f3f4 a6b8 g1h3 a7a6 b2b3 h8g8 h3f2 d7e8 e1d2 d5d4 c3d4 f6e5 f4e5 e8c6 h2h4 a6a7 f1g2 g7g5 d4d5 h7h5 g2f3 e7e8 b3b4 f8b4 b1b4 a5b4 d1b3 g8g6 b3b4 d8e7 h1g1 g5h4 d5d6 e7e5 f3e4 e5f6 e4f5 f6f5 g4f5 c6e4 b4e4 e8f8 d2d3 g6g1 d6d7 f8f7 a2a4 b8d7 e2e3 a7a4 d3c3 a4e4 f2e4 d7f6 e4f2 b7b5 e3e4 f6h7 c1g5 g1g5 e4e5 g5f5 f2e4 h4h3 c3b4 f7g6 e5e6
116,W,material_adjudication,66,0.825723,580,2026-08-08 02:23:09,b1a3 b8a6 a1b1 f7f6 f2f3 a6b4 g2g3 g7g5 d2d4 b7b6 h2h4 c7c5 h4h5 c5d4 c1f4 g5f4 e2e3 b6b5 d1c1 f8g7 c1d1 a7a5 h5h6 f6f5 h6g7 f4e3 g1e2 d7d6 f3f4 a5a4 f1g2 b4d5 g7h8q c8e6 e2d4 h7h5 h1f1 d8d7 g3g4 a8b8 h8g7 h5h4 g4f5 h4h3 c2c3 d5c3 b1a1 c3d1 g2h3 e6f7 f1f3 e7e6 b2b4 a4b3 f5e6 d7e6 h3e6 g8f6 e1e2 b8a8 a1b1 a8a7 a3b5 e8e7 g7h7 a7c7
117,B,material_adjudication,67,0.877614,585,2026-08-08 02:24:39,g1h3 h7h6 g2g3 f7f6 f2f3 g7g5 d2d3 c7c6 a2a3 e7e5 d3d4 e5e4 d1d3 b7b5 a3a4 f8e7 d3b5 c8b7 h3f4 h8h7 b1c3 h6h5 e2e3 b8a6 d4d5 g5g4 c3d1 d8b6 e1d2 h7h6 b2b4 c6c5 h2h3 h5h4 c1b2 f6f5 f1g2 b7d5 a1b1 e8f7 b1a1 d7d6 a1a2 h4g3 b5b6 c5c4 h1g1 a7b6 c2c3 f7f6 h3h4 g4f3 d1f2 g3f2 f4d5 f6f7 b2c1 f3g2 a4a5 f2f1q g1f1 g2f1q h4h5 f1d3 d2e1 a8b8 b4b5
118,B,value_resign,50,0.688647,590,2026-08-08 02:26:26,g2g4 f7f6 e2e4 h7h5 b2b3 c7c5 c2c4 h5g4 f2f3 h8h2 h1h2 g7g5 f1h3 a7a5 c1a3 d7d5 d2d3 e7e6 b1c3 b7b6 c3e2 d5e4 b3b4 b8c6 d1c2 g4g3 c2c3 c8a6 b4c5 d8d7 c3f6 g8f6 h3f1 e8e7 e2f4 g5f4 h2h3 f8h6 d3e4 a6b7 c5b6 e7f7 h3g3 f4g3 a3c5 h6d2 e1e2 d2e3 g1h3 a8b8
119,B,material_adjudication,81,0.689656,595,2026-08-08 02:27:03,d2d4 b8a6 g1h3 g8f6 a2a3 a8b8 h3f4 g7g6 a1a2 b7b5 c2c3 f8g7 a3a4 h7h5 d1d2 e8f8 f4h5 d7d5 e2e3 b5a4 h2h4 a6c5 f1b5 h8g8 g2g3 a7a5 b5a6 e7e6 f2f4 c5a6 f4f5 e6f5 h5f6 d8f6 h1g1 f8e8 b1a3 a6b4 a3b1 b4d3 e1d1 g6g5 b2b4 d3c1 h4h5 e8d8 b4a5 f5f4 d1c1 c7c6 g3f4 g5f4 h5h6 g7h6 e3f4 g8g1 d2d1 f6f4 a2d2 f7f6 a5a6 f4g3 d1g1 h6d2 c1d2 b8b2 d2c1 g3f3 g1g7 b2b3 c1c2 f3f5 c2d2 f5f1 g7g4 c8g4 a6a7 d8e7 b1a3 e7e6 d2e3
120,W,material_adjudication,112,0.728274,600,2026-08-08 02:29:44,h2h4 b7b5 h1h3 c7c5 b2b3 f7f6 g2g4 g7g6 a2a4 d8b6 a4b5 e8f7 c1a3 f7e6 e2e4 f8g7 f1c4 d7d5 b1c3 d5c4 h3g3 h7h5 e4e5 a7a5 c3d5 b8a6 a3c1 a6b8 g1e2 c8a6 f2f3 e6d5 e5f6 a5a4 c2c3 h5g4 d2d3 b8c6 b5a6 a4b3 d3d4 a8a7 c1d2 c5d4 c3d4 h8h6 f6g7 e7e6 e2f4 d5d6 d4d5 e6e5 a1b1 a7a6 d5c6 a6a5 f3g4 c4c3 e1f1 h6h4 d1e1 c3d2 b1a1 e5f4 f1e2 a5a4 a1d1 b6c6 g4g5 f4g3 e1f2 c6g2 f2g2 a4f4 g2g3 g8e7 e2d2 e7f5 g3b3 f4e4 b3f3 h4h1 f3e4 f5g3 d1e1 g3e4 e1e4 d6d5 e4f4 d5e5 g7g8q e5f4 g8d5 h1g1 d2c2 g1g5 d5d6 f4e4 d6f6 g5f5 f6d6 f5f3 d6e6 e4f4 e6d5 f3d3 c2d3 g6g5 d5e6 f4g3 d3e4 g3f2
121,W,value_resign,63,0.772658,605,2026-08-08 02:31:33,e2e3 g7g6 c2c4 a7a6 b2b4 b7b6 g2g4 b8c6 d1c2 f8h6 b1c3 e8f8 f1e2 g8f6 c1b2 h6f4 h2h4 h7h6 e3e4 f4g3 a2a4 g3h2 c4c5 a6a5 b2c1 a8a7 d2d3 f8g7 g1h3 g6g5 c1b2 c6d4 e4e5 b6c5 c2d1 e7e6 b4b5 c5c4 e2f1 c4d3 h4g5 h6g5 d1d3 c7c6 d3e3 c8a6 h3g5 d4e2 e3d2 d8c7 g5e6 f7e6 h1g1 c6c5 g4g5 f6d5 c3d5 c7e5 b2e5 g7g6 e1e2 d7d6 a1b1
122,W,material_adjudication,126,0.675661,610,2026-08-08 02:33:59,b2b3 c7c5 c1a3 b8c6 f2f3 d7d5 g2g3 a7a6 b3b4 c6b4 a3b4 f7f6 b1c3 d8d6 d2d4 e7e5 c3b5 g8e7 g1h3 a8a7 b5d6 e8d8 e1f2 h7h5 h1g1 d8c7 h3g5 f6g5 h2h4 g5g4 g1h1 c5d4 f1g2 h8g8 c2c3 c8e6 h1g1 d4d3 f3g4 e6g4 d1d3 e5e4 c3c4 e4d3 c4d5 e7c8 b4c5 d3d2 e2e3 c8d6 f2f1 d6f5 a2a4 c7b8 c5a7 b8a8 a7b6 f8b4 b6c7 b7b5 c7e5 f5h6 a4b5 a6a5 a1b1 a8a7 b1a1 h6f7 e5c7 g7g6 a1a3 d2d1q f1f2 a5a4 g1d1 b4c3 a3a4 a7b7 a4f4 g6g5 f4f7 g4d1 h4g5 d1g4 g5g6 g8g6 d5d6 b7a7 e3e4 a7b7 b5b6 b7c6 f7f4 c3e5 f4f6 e5f6 c7b8 g6g5 f2e3 g4f5 e4f5 c6b6 g3g4 b6b5 b8c7 g5f5 g4f5 f6e7 g2e4 b5c4 f5f6 c4c3 e3f3 c3d2 f6f7 h5h4 f3f4 e7d6 f4f5 d6c7 f7f8q h4h3 e4d5 d2e1 d5c6 c7d6
123,W,material_adjudication,108,0.855850,615,2026-08-08 02:35:30,f2f4 c7c5 g2g3 f7f6 f1g2 a7a5 f4f5 d8c7 c2c3 c7b6 g2h3 b6a6 e1f2 a8a7 b2b4 e7e6 b4b5 g7g6 f5g6 d7d6 h3g2 f6f5 b5a6 c5c4 g3g4 h7h6 d2d4 b8d7 c1f4 g8f6 h2h4 f6g4 f2f3 g4f6 f3f2 f8g7 h1h2 a7a6 g1f3 e8e7 d1c2 h8g8 a2a4 d6d5 b1a3 a6a7 a1b1 b7b5 c2d1 c8b7 h4h5 a7a6 f4d6 e7e8 f2e3 a6a7 e3f2 b5a4 h2h4 d7b6 d6c5 g8f8 b1c1 b7c6 d1d2 f6e4 f2e1 e4d2 e1f2 d2f3 g2f3 c6d7 a3c2 b6c8 c5f8 a7c7 c2e1 a4a3 h4f4 e6e5 d4e5 a3a2 e5e6 d7c6 f3d5 e8f8 e2e3 f8e8 e3e4 g7e5 f4f5 e5f4 f5f6 c7e7 f2f3 e7f7 e6f7 e8e7 f3f4 e7f6 d5c6 a2a1q f7f8q f6e6 f8f5 e6e7 f4g3 a1b1
124,W,value_resign,100,0.780680,620,2026-08-08 02:35:31,h2h4 g7g5 g2g3 b7b5 c2c3 g8h6 f2f4 a7a5 h1h2 a8a6 e1f2 c7c6 a2a4 f7f5 f2g2 g5h4 b2b4 d7d5 d2d3 h4g3 e2e4 h6g4 g2g3 f8g7 g1e2 e7e5 c1a3 g7h6 f4e5 h8g8 e4d5 e8d7 b4a5 g4h2 g3f2 c6d5 e2f4 a6f6 e5f6 d8f6 f4h5 c8b7 h5f6 d7e6 f1g2 d5d4 c3c4 f5f4 a4b5 g8g2 f2e1 b8c6 f6e4 h6g5 d1f3 h2f3 e1f1 f3e5 f1g2 h7h5 b5b6 e5f7 c4c5 c6e5 g2h1 e6d5 a1a2 b7c6 a2f2 f4f3 b1d2 g5e7 a5a6 e7c5 a3c5 d5e6 c5d4 c6e4 d4e5 f7e5 d3e4 h5h4 a6a7 h4h3 h1g1 e6e7 d2f3 e5c6 g1h1 e7d6 e4e5 d6d5 f3g5 d5e5 g5f3 e5f4 h1g1 c6d4 g1h1 f4g3
125,W,material_adjudication,92,0.813718,625,2026-08-08 02:36:58,b1a3 g7g5 b2b4 h7h6 e2e3 e7e6 a1b1 c7c6 f1b5 d7d6 g1f3 b7b6 h2h4 g5g4 c2c3 f8g7 e1f1 f7f5 d1e1 c6b5 d2d3 e8d7 e1d2 b8c6 a3c2 g7d4 h1g1 c8b7 f3e5 c6e5 f2f3 f5f4 e3f4 b7c8 f4f5 g4g3 c1b2 e6f5 c3d4 e5f3 g2f3 g8e7 g1g3 h8f8 f1g2 a8b8 d4d5 f5f4 d2f4 f8f4 g3g7 f4f3 g2f3 d8f8 f3g2 f8f4 b2c3 d7c7 a2a4 c8f5 a4b5 f4e5 c3e5 d6e5 d3d4 b8f8 d4e5 f8f7 b1c1 f7g7 g2f3 g7g3 f3g3 e7d5 c2d4 c7d7 h4h5 a7a5 b5a6 b6b5 c1e1 d5f6 e5f6 d7d6 f6f7 d6d5 f7f8q f5e4 e1e3 d5d4 g3f4 e4f5
126,B,value_resign,33,0.683527,630,2026-08-08 02:36:59,g2g3 f7f6 a2a3 g7g5 d2d4 e7e6 c1e3 d7d6 c2c4 b7b5 b2b3 a7a6 e1d2 f6f5 d1e1 a8a7 f2f3 e8e7 d2d3 g5g4 b3b4 f8h6 d4d5 e6e5 b1c3 b8c6 c4b5 c8d7 g1h3 g8f6 a1b1 h8g8 e1d1
127,W,material_adjudication,66,0.716532,635,2026-08-08 02:37:34,g2g4 d7d5 a2a3 a7a5 h2h3 b8a6 h3h4 e7e6 e2e3 e8e7 g1h3 h7h6 f2f4 b7b5 c2c3 a6b4 h1g1 e7e8 h3f2 c7c5 a1a2 b4d3 f1d3 d8b6 f4f5 e6f5 b2b3 h6h5 d1e2 c8b7 e3e4 f5e4 e2f3 h8h7 d3e2 e4f3 c3c4 d5d4 e1d1 f7f6 c4b5 b6b5 b3b4 a5b4 c1b2 g7g5 a3a4 c5c4 a4b5 h5g4 e2c4 h7h6 a2a8 e8e7 c4g8 g4g3 g1g3 h6g6 b2d4 b7a6 d2d3 b4b3 g3g4 a6b5 h4h5 f6f5
128,W,material_adjudication,82,0.656508,640,2026-08-08 02:38:43,g2g3 h7h6 c2c4 d7d5 b2b4 g7g5 a2a3 d5c4 a1a2 c7c6 a2c2 b8a6 f2f3 g8f6 g1h3 c4c3 f1g2 f6e4 h3f2 e7e5 c2a2 h6h5 d2c3 f7f6 e1g1 h8g8 g1h1 d8d7 h2h3 b7b6 g3g4 h5g4 f3g4 f8b4 f2e4 d7d1 f1d1 c8g4 h3g4 g8h8 h1g1 h8h6 e4f6 h6f6 c3b4 f6f3 e2f3 a6b8 d1d8 e8d8 a3a4 b6b5 c1g5 d8d7 a4a5 d7e6 b1d2 b8a6 d2e4 a8f8 a2e2 a6c5 e4d6 f8f3 g2f3 a7a6 e2e3 e6d7 e3e2 d7d6 e2f2 e5e4 g5h6 e4f3 f2f3 c5d3 f3d3 d6e5 d3b3 e5e4 h6g5 c6c5
129,W,material_adjudication,78,0.689863,645,2026-08-08 02:39:00,b1a3 g7g5 c2c4 b8c6 a1b1 f7f6 g1f3 e7e5 e2e3 a7a5 a3c2 e5e4 c4c5 h7h5 b2b3 h8h7 f1d3 f8c5 e1e2 c6a7 h1g1 h7e7 c2a1 b7b6 d1c2 c5e3 f2e3 c8a6 h2h3 g5g4 f3d4 d7d6 c1b2 h5h4 b3b4 g4h3 d3a6 a5b4 d2d3 d8d7 c2c3 b4c3 a2a4 e4d3 e2d3 e8d8 b2c3 b6b5 a4b5 a7b5 d4b5 e7e4 d3e4 d7b5 b1b5 c7c6 c3f6 g8f6 e4f5 c6b5 f5f6 d8e8 f6f5 d6d5 g2g3 h4g3 g1f1 d5d4 f1f4 e8f7 e3d4 a8c8 a6c8 b5b4 d4d5 h3h2 c8e6 f7f8
130,B,material_adjudication,145,0.728007,650,2026-08-08 02:40:07,c2c4 b7b5 g1f3 e7e6 f3d4 g8e7 h1g1 e7d5 d4e6 f7f6 h2h3 b5c4 e6d4 c8a6 d2d3 h8g8 e2e3 c4d3 e1d2 e8f7 b2b4 a6c4 d1f3 c7c6 c1b2 b8a6 f3e2 f7e8 b2c3 d5c3 e2d1 d7d5 d4f3 g7g6 g2g4 d5d4 e3d4 f6f5 f1g2 f5f4 d4d5 a6b8 a2a3 c3d1 a1a2 d8d7 f3h4 g6g5 g1e1 d1e3 f2e3 h7h5 e1f1 d7d5 g2d5 c4d5 d2d3 a7a5 g4h5 f8g7 d3e2 g5g4 h5h6 c6c5 e3f4 g4h3 h6g7 c5b4 a3b4 a5b4 f4f5 g8g7 f1f4 a8a2 e2e3 a2g2 h4g2 g7g6 f5g6 b8c6 f4f5 c6e5 f5e5 e8d7 b1c3 d5e4 e3e4 d7d6 c3d5 b4b3 e4f5 h3g2 e5e2 g2g1q d5e3 g1g3 f5e4 g3e5 e4d3 d6d7 e3c4 e5f6 d3e4 d7e6 e2f2 f6f2 e4d3 e6f6 c4a5 f6g7 a5b3 f2f6 b3d2 f6g6 d2e4 g6c6 d3d4 c6c2 d4e5 c2c7 e4d6 c7c2 d6e4 g7f8 e5f4 f8g7 f4e3 g7h7 e4c3 c2g2 e3f4 g2c6 c3e4 c6c4 f4e5 h7g7 e4d6 c4c5 e5f4 c5d6 f4f5 d6c5 f5f4 c5b4 f4e5
131,B,material_adjudication,77,0.827575,655,2026-08-08 02:40:24,f2f4 g8h6 e2e4 h8g8 f1b5 f7f6 b2b3 a7a5 e1f1 g7g6 g2g4 b8c6 f1f2 h6f5 e4f5 g8h8 f2g2 h7h6 g2h3 e7e5 h3g3 c6b8 b5a4 g6g5 d2d3 f8g7 g1f3 b8a6 b1a3 b7b6 h2h3 e8f7 f4g5 f6g5 f3d4 a8b8 c1e3 d7d5 a1b1 f7f6 a4b5 e5d4 e3d4 f6f7 b3b4 a6b4 f5f6 b4d3 c2d3 d8f6 b1a1 b8a8 d4c3 d5d4 a3b1 a8a7 a2a4 h8f8 a1a2 c7c6 h3h4 g5h4 h1h4 c6c5 g4g5 f6e7 h4g4 c8g4 g5g6 f7f6 b1a3 g4d1 c3d2 g7h8 d2f4 e7d8 a3c2
132,W,material_adjudication,108,0.614232,660,2026-08-08 02:43:19,b2b3 e7e6 f2f3 g7g5 a2a3 c7c5 c2c4 f7f6 e2e3 d8c7 c1b2 c7g3 h2g3 f8d6 h1h2 d6g3 e1e2 b7b6 d2d3 h7h6 b1d2 b8a6 b3b4 g3h2 b2c1 g5g4 d3d4 e8e7 g2g3 e7e8 g1h3 g4f3 d2f3 c5b4 f1g2 b6b5 d4d5 h2g3 c4b5 f6f5 d1e1 g8f6 a3b4 c8b7 e1f2 b7d5 f3h2 e8f7 a1a4 f6g4 g2f3 f5f4 c1b2 g4e3 e2e1 e6e5 f3e4 g3h2 e4d5 f7f6 f2f3 e3d5 a4a5 f6f7 b5a6 a8c8 f3e2 f4f3 b2e5 f3e2 a5d5 h2e5 b4b5 c8c2 d5d2 c2d2 e1d2 e2e1q d2e1 e5d4 e1e2 h8f8 e2d3 h6h5 d3d4 d7d5 d4e5 h5h4 b5b6 d5d4 h3g5 f7g6 g5h3 a7b6 a6a7 f8f5 e5e6 b6b5 a7a8q g6h5 a8e4 b5b4 e4f5 h5h6 f5f6 h6h5 h3g5 d4d3
133,B,material_adjudication,73,0.808496,665,2026-08-08 02:44:25,g2g3 g7g6 a2a3 b8c6 a1a2 f7f6 g1f3 a8b8 f3e5 h7h5 f2f3 f8g7 h2h4 h8h7 d2d4 b7b6 a3a4 c6e5 f3f4 e7e6 f4e5 g8h6 h1g1 d7d5 a2a3 a7a5 f1g2 f6f5 g1h1 e8f7 h1g1 g6g5 h4g5 d8d7 b2b4 h6g8 a3a2 f7g6 c1b2 c7c6 b1c3 g8f6 g5f6 g7f6 c3d5 e6d5 b4b5 d7e6 e1f1 f6g7 f1f2 g6f7 b2c3 b8a8 g3g4 g7h8 e2e3 h8g7 e3e4 f5e4 d1d2 e6e7 e5e6 e7e6 b5c6 e6g4 d2g5 g4g5 c6c7 g5g4 g2f3 g4f3 f2e1
134,B,material_adjudication,66,0.752851,670,2026-08-08 02:45:29,b2b3 g8h6 c2c3 e7e5 d1c2 b8c6 h2h4 a7a6 c2d1 h6g8 g1f3 c6b8 d2d4 b8c6 f3h2 g8e7 d1c2 e5d4 e1d1 e7f5 e2e3 g7g5 g2g4 d7d6 f1c4 f5g3 c1b2 h8g8 c4d5 a8a7 f2f4 f7f5 g4f5 h7h5 c2f2 d4e3 d5e6 f8g7 h1e1 g5f4 f2e3 f4e3 e6g8 c6e5 b3b4 b7b6 e1e2 g3e2 d1c2 c7c6 b1a3 d8d7 a1b1 d6d5 b1a1 d7d6 a1d1 e8d8 a3b1 d5d4 g8e6 d8e7 d1e1 c6c5 f5f6 e7e6
135,W,material_adjudication,66,0.731184,675,2026-08-08 02:48:30,g1f3 g7g5 b1c3 f8g7 b2b4 b7b5 f3g5 g7h6 h2h3 c8b7 h1h2 b7c6 h3h4 h6g7 g2g4 b8a6 a2a3 c6b7 h2h3 c7c6 h4h5 g8f6 c1b2 h7h6 g5f7 f6h7 e2e4 d7d6 f1e2 a8b8 a3a4 e8f7 c3b5 c6b5 c2c3 a6c7 h3h4 d6d5 c3c4 d5c4 a4b5 h8g8 e2c4 c7d5 c4e2 g7e5 b2e5 g8h8 d2d3 h8g8 e5b8 g8g5 b8e5 e7e6 e4d5 b7d5 e2f1 d8c7 e5f6 c7e5 f6e5 g5e5 f1e2 a7a6 g4g5 h7g5
136,W,material_adjudication,66,0.774686,680,2026-08-08 02:50:09,b1a3 f7f6 c2c4 g7g6 a3c2 c7c5 e2e3 b7b5 g2g4 b8c6 f2f3 c8b7 d2d4 c6d4 c2a3 e8f7 c4b5 g8h6 d1d2 d4c6 f3f4 f7g8 f1h3 h6f5 d2d3 e7e5 e1e2 f8g7 d3c2 a8b8 c2d2 c6d4 e2d1 e5e4 g1f3 a7a5 g4f5 h7h5 e3d4 e4f3 d4c5 g6f5 b2b4 d7d6 h3f5 b7c6 f5e4 g7h6 f4f5 h6d2 e4c6 d8c8 c1d2 d6c5 c6e4 c8f5 a3b1 f3f2 e4f5 h8h6 h1f1 b8a8 f5d7 g8h8 b4c5 a8e8
137,W,material_adjudication,92,0.770415,685,2026-08-08 02:51:00,g2g4 h7h5 f1g2 d7d6 e2e4 a7a5 d1e2 h8h7 e2e3 g8f6 f2f4 f6d5 e4e5 a8a7 d2d4 b8a6 c2c3 c7c5 e3f3 e7e6 c3c4 d5c3 a2a4 c8d7 a1a3 c5d4 g1h3 d7a4 b1c3 a4d7 f4f5 b7b5 e5d6 e6f5 g4f5 d7e6 f3h5 b5c4 h3f4 h7h5 a3a5 e6f5 b2b4 g7g5 c3d5 f8g7 f4h5 e8f8 h5g7 d8c7 d5c7 f8g8 g7h5 a6b8 c1g5 a7a5 c7a6 d4d3 e1f2 a5a4 h2h3 d3d2 h1e1 d2d1q e1d1 f5e4 g2e4 c4c3 f2f3 b8a6 d1c1 f7f6 e4f5 c3c2 f3f4 a6c7 h5f6 g8f8 h3h4 f8f7 h4h5 a4b4 f4e5 b4b3 h5h6 c7d5 f6d5 f7g8 e5e6 g8h8 g5f6 h8g8
138,B,value_resign,56,0.582336,690,2026-08-08 02:52:23,g2g3 f7f6 f1g2 g7g5 b1a3 f8g7 g2h3 g8h6 g1f3 c7c5 e1g1 b7b6 e2e4 h6f5 b2b3 g5g4 h3g2 g4f3 b3b4 b8c6 c2c3 d7d5 a1b1 f5d6 h2h4 h7h5 g3g4 c5c4 d2d3 d5d4 c3d4 g7h6 c1h6 h8g8 e4e5 c6d4 e5f6 h5g4 d1f3 g4f3 f6e7 e8e7 h4h5 c4d3 b1a1 d8d7 a1b1 a7a5 b1a1 d7e6 a1d1 c8b7 g1h1 a5a4 d1c1 a8b8
139,W,value_resign,54,0.845124,695,2026-08-08 02:52:24,d2d4 g7g6 g2g3 e7e5 e2e4 c7c6 e1e2 a7a6 f2f4 f7f5 f4e5 a6a5 c2c3 g8f6 e4f5 f8b4 e5f6 b7b6 a2a3 d8e7 e2f3 e7e6 f5g6 b8a6 h2h3 h7g6 b1d2 e8f8 a3b4 e6d6 d2c4 d6f6 f3e4 f6f5 e4e3 f8f7 c4d6 f7f6 e3e2 b6b5 a1b1 h8g8 d6f5 g6f5 d4d5 c6c5 e2f3 a6b4 c1g5 f6g5 b1a1 c8b7 c3c4 b4c6
140,B,material_adjudication,66,0.773985,700,2026-08-08 02:53:45,e2e3 c7c5 b2b3 f7f5 g1h3 g8f6 h1g1 f6e4 d2d3 g7g6 f2f4 b7b5 f1e2 b8c6 d3d4 f8g7 d1d2 c8a6 d4d5 e7e6 e2d1 e8e7 a2a4 d7d6 c2c3 c5c4 d1e2 h7h5 d5e6 b5b4 c3b4 g7a1 e2c4 e4d2 e1e2 e7e8 e2d2 h5h4 b1c3 g6g5 f4g5 c6d4 g5g6 a1c3 d2d3 h8g8 g2g3 f5f4 h3f4 d4e6 g6g7 c3g7 f4e2 a6c4 b3c4 d6d5 c4d5 h4g3 h2g3 d8d5 d3c2 d5c4 c2d1 g7e5 e2c3 e5d4
141,B,value_resign,62,0.720535,705,2026-08-08 02:55:41,d2d3 e7e6 e2e3 g7g6 e3e4 a7a5 b1c3 a5a4 c3e2 h7h5 f2f3 b8c6 g1h3 f8h6 a2a3 d8f6 e2c3 h6d2 d1d2 d7d5 d2f2 a8a7 h1g1 f6d8 b2b4 a7a5 e4e5 e8e7 b4b5 c6d4 c1g5 f7f6 e1d1 f6g5 h3f4 g5f4 g2g3 c7c6 f2e3 d8d7 a1b1 d4b5 e3f4 h5h4 d3d4 h4g3 f4e3 b7b6 h2h4 g3g2 d1e2 b5a3 b1a1 c6c5 f3f4 c5d4 g1g2 d4e3 f4f5 d5d4 e2e1 g6g5
142,W,checkmate,75,0.752785,710,2026-08-08 02:56:14,d2d4 g7g5 a2a4 d7d6 g2g4 b7b6 a1a3 c7c6 h2h4 h7h6 a4a5 d6d5 e2e4 e7e6 f1g2 e8e7 f2f4 b6b5 f4g5 a7a6 g5h6 c8b7 e1e2 a8a7 h1h3 g8f6 b2b4 b8d7 e4d5 c6d5 a3a4 f8g7 g2d5 d8c7 e2f3 b7d5 f3f2 d5e4 d4d5 f6g4 d1g4 b5a4 g4e4 e6e5 h6g7 d7f8 c1g5 f7f6 e4d3 e7f7 b4b5 f7g7 h4h5 a6b5 d3e2 f6g5 d5d6 a7a5 e2d1 a4a3 b1a3 b5b4 c2c3 a5a4 g1f3 g5g4 d6c7 a4a3 f3e5 g4h3 c7c8q g7f6 f2e3 f6e5 d1d4
143,W,checkmate,65,0.851818,715,2026-08-08 02:58:11,b2b4 b7b6 b1c3 h7h6 c3b5 d7d5 e2e4 a7a5 a2a4 c8h3 f2f4 c7c5 f1e2 g7g5 f4g5 h8h7 b4c5 h6g5 g1h3 d5e4 h1f1 e8d7 f1f4 f8g7 c1b2 h7h5 c2c3 a8a6 d1c2 d7c6 h3f2 h5h2 b5c7 b6b5 e2b5 c6c7 g2g4 e7e6 f4f7 d8d7 b5d7 a6d6 c5d6 c7d6 c3c4 b8d7 d2d3 g7d4 e1e2 h2h5 g4h5 g8e7 a1f1 e4e3 c4c5 d6e5 b2d4 e5d5 d4c3 g5g4 c3e1 d5d4 c2c4 d4e5 c4e4
144,W,material_adjudication,106,0.875563,720,2026-08-08 03:03:44,g2g4 f7f6 d2d3 g7g5 a2a4 e7e5 b1c3 a7a6 d3d4 c7c5 c1e3 b7b6 d4e5 f8h6 b2b4 c5c4 h2h3 a8a7 c3b5 c4c3 h1h2 a6a5 e5f6 e8f7 b5c3 h6g7 f2f3 d8e7 e3f2 f7f6 b4b5 d7d5 f2d4 f6f7 d4g7 g8h6 e2e4 h8g8 d1d4 h6f5 g4f5 c8d7 f3f4 d5e4 d4d5 e7e6 e1f2 e4e3 f2e1 d7c6 d5e6 f7g7 e1d1 h7h6 h3h4 b8a6 a1b1 g8f8 b1b3 a6c7 c3d5 c7e6 f5e6 f8f5 d1e1 g7g6 e1d1 c6b5 b3b4 g6g7 h2h3 b5c6 d5c7 a5b4 c7d5 a7a4 h4g5 h6g5 f4g5 b4b3 h3g3 a4e4 d1e1 f5d5 f1c4 d5d4 c4f1 b6b5 c2c3 d4d3 f1d3 e4e6 d3f1 e6d6 g5g6 b5b4 c3b4 g7f6 g6g7 f6e5 g7g8q d6f6 b4b5 c6b5 f1e2 b5c6
145,W,material_adjudication,82,0.833164,725,2026-08-08 03:06:27,f2f4 g7g6 c2c4 f8g7 g2g3 b7b5 f1g2 f7f5 b2b3 g8h6 g3g4 b8c6 g2f3 g6g5 e2e3 h6g8 c4c5 g7c3 b3b4 a7a6 d1a4 d7d5 a4b5 d8d6 c1b2 a6b5 e1d1 d6g6 d2c3 d5d4 f4g5 c6e5 e3e4 e8d7 f3g2 c7c6 g1f3 f5e4 h1f1 h7h5 f3d4 g6g5 b1a3 g5g4 d4f3 e5d3 b2c1 e4f3 g2f3 a8a5 f3g4 d7e8 f1f2 e7e5 h2h3 c8g4 h3g4 e5e4 c1f4 h8h7 a3b1 e4e3 b4a5 d3f2 d1e2 f2g4 a5a6 h7e7 a6a7 g4h6 e2d3 e7f7 d3e3 f7f5 e3e4 e8f7 a7a8q g8f6 e4d4 f6h7 a8c6 b5b4
146,B,material_adjudication,99,0.889200,730,2026-08-08 03:06:46,e2e4 e7e5 f1e2 b8c6 g2g3 c6b8 h2h4 c7c5 h1h3 e8e7 d2d3 b8a6 b2b4 g8h6 h4h5 c5b4 c1e3 a6b8 e1d2 d7d6 e3g5 e7e6 a2a3 e6d7 d1e1 b8a6 d2c1 d8c7 h3h4 f7f5 g3g4 h6g4 g1h3 g7g6 h5g6 g4e3 c2c3 c7c6 e4f5 h7h5 h4h5 e3f5 e2f1 e5e4 f1g2 c6d5 g5e7 b7b5 g2e4 h8h5 e4d5 d7e8 b1d2 c8e6 a1b1 h5h4 b1a1 a6c5 d5e6 f8e7 a3b4 c5e6 g6g7 f5h6 e1e5 d6e5 c1d1 e6g7 d1e2 e5e4 d3e4 e7f6 c3c4 e8e7 e4e5 b5c4 a1a5 f6e5 a5e5 e7d6 d2f3 a7a5 b4b5 a8e8 e5e8 g7e8 f3h4 e8f6 f2f4 c4c3 e2f2 c3c2 b5b6 c2c1q f4f5 c1c8 f2e3 d6e5 h3g1
147,W,material_adjudication,80,0.858382,735,2026-08-08 03:07:04,f2f3 b7b6 e2e4 c7c5 d2d4 g7g5 g1h3 f7f6 a2a3 g8h6 d1e2 e8f7 c2c3 c8b7 e2c4 f7e8 a1a2 f8g7 e1e2 e7e5 b2b3 g5g4 f3g4 b7c6 c4c5 h8g8 g2g3 g8f8 h1g1 e8f7 f1g2 f6f5 d4d5 b6c5 e2d2 f5g4 h3f4 e5f4 g3f4 d8e7 d5d6 c5c4 d6e7 g4g3 e7f8q f7f8 a3a4 f8f7 b3c4 d7d5 f4f5 d5e4 h2g3 h6f5 g3g4 h7h6 d2d1 e4e3 c1e3 c6g2 e3g5 g2f3 a2e2 h6g5 g4f5 a7a6 c4c5 b8c6 g1f1 c6e5 c5c6 f3h5 c6c7 a8b8 c7b8q h5e2 d1e2 e5g4 e2d3 g4f6
148,W,material_adjudication,66,0.707180,740,2026-08-08 03:07:21,b2b4 b7b5 g2g3 b8a6 h2h3 g8h6 g3g4 h6f5 d2d4 a8b8 c1g5 g7g6 d4d5 f8g7 b1a3 c7c5 b4c5 g7f6 c2c4 a6c5 h1h2 h7h6 g4f5 f6d4 c4b5 c8b7 d5d6 c5d3 e1d2 b7c8 d2d3 g6f5 f2f4 d4c5 e2e4 h8h7 d6e7 d7d5 d1d2 c8e6 g1f3 f7f6 e4e5 d8b6 f1e2 a7a5 a1b1 b8a8 d2c3 d5d4 b1a1 h6h5 e2d1 a8a7 c3c2 a7a6 a1b1 e8f7 b5a6 b6a7 h3h4 a7c7 d1e2 e6c8 c2c3 c8b7
149,B,material_adjudication,83,0.853858,745,2026-08-08 03:09:05,b2b4 b7b5 f2f4 f7f6 b1c3 g7g5 g1h3 a7a6 g2g3 e7e5 e1f2 f6f5 d2d3 d7d6 c1e3 d8d7 f4e5 e8d8 e3g5 g8f6 g5h4 f5f4 h1g1 h7h6 f1g2 h8h7 h3f4 f8g7 e2e3 c7c6 a2a3 c8b7 a1b1 c6c5 b1a1 c5b4 a1a2 d7g4 e3e4 b8d7 a3a4 d6e5 a4b5 g4d1 g1d1 a6b5 h4g5 e5f4 g3f4 h6g5 a2a8 d8e7 e4e5 e7f7 a8a6 f6g4 f2e1 b7a6 c3b5 a6b5 h2h3 b5c6 g2c6 d7e5 c2c3 g4f6 e1f2 h7h6 f4e5 b4c3 e5e6 f7e6 d1e1 f6e4 d3e4 c3c2 e1e3 c2c1q c6b5 h6g6 e4e5 c1c2 f2f3
150,W,value_resign,53,0.907126,750,2026-08-08 03:09:06,g2g3 b7b5 d2d3 b8c6 g1h3 f7f6 b1c3 g7g5 e1d2 a8b8 f2f3 d7d6 b2b3 e8f7 f3f4 f6f5 d2e3 c8e6 a2a4 f7g6 c1a3 g5g4 h1g1 b8b7 a4b5 h7h6 b3b4 b7b5 c3b5 c6e5 b5d6 d8d6 f4e5 d6b6 e3d2 f5f4 h3f4 g6g7 c2c4 e6c4 d1b3 c7c5 d3c4 c5b4 b3b4 a7a5 a1b1 e7e6 b4b6 g8f6 d2c2 f8d6 b1a1
151,W,material_adjudication,118,0.845952,755,2026-08-08 03:10:21,b2b3 a7a6 d2d4 d7d5 h2h3 c7c5 g2g4 b7b5 g4g5 c8b7 c1d2 d8d7 d2e3 c5c4 f1g2 d7d6 h1h2 b8c6 b3c4 b5c4 g2h1 e7e6 f2f3 g8e7 g5g6 e6e5 h1g2 e5e4 g6f7 e8f7 e1f2 h8g8 f3e4 d5e4 d4d5 f7g6 e3g5 h7h5 g2e4 e7f5 e4f5 g6g5 c2c3 b7c8 a2a4 d6e6 f2f1 g5f4 f5e6 g7g5 e2e4 c8e6 g1f3 f8c5 f1g2 a6a5 f3e5 c5d4 d5e6 g8f8 d1d2 d4e3 b1a3 e3d2 e5g6 f4e4 a3c4 d2c3 c4a5 a8a5 g2g3 c6e5 g6e5 c3e5 g3g2 e5h2 a1f1 h5h4 f1f8 a5a4 f8b8 h2b8 e6e7 b8c7 e7e8q e4f5 e8a4 f5g6 g2f3 g6f7 f3e2 f7f6 e2f3 f6g7 a4b3 g7h6 f3e2 c7a5 b3a4 a5b4 e2f1 b4d6 f1e2 h6g7 e2e3 g7f7 a4b5 f7e7 b5b6 e7d7 e3f3 d6c5 b6c5 d7e6 c5c1 e6e7 c1d2 e7f7
152,W,material_adjudication,66,0.856793,760,2026-08-08 03:11:27,g2g3 e7e6 h2h3 d7d5 e2e3 g7g6 a2a4 e8d7 g3g4 f7f6 b2b4 h7h5 e1e2 d7e8 d2d4 f6f5 e2f3 f5g4 h3g4 f8g7 f1g2 h5g4 f3f4 c7c6 a1a2 d8a5 e3e4 e8d8 h1h8 b8d7 b4a5 b7b5 a2a3 d8e7 h8g8 d7f6 c2c3 a7a6 g8c8 a8c8 d1e2 g4g3 f2g3 c8f8 a4b5 e7f7 e4e5 f7e7 e5f6 f8f6 f4g5 e6e5 d4e5 f6f2 c1f4 f2e2 g5g6 e7f8 g1f3 c6c5 g3g4 d5d4 b1d2 e2d2 g2h3 d2d1
153,B,material_adjudication,66,0.906964,765,2026-08-08 03:14:54,b2b4 a7a5 e2e3 g8h6 c2c4 c7c5 g2g3 h8g8 d2d4 a5b4 e1e2 b7b5 e2e1 h6f5 a2a3 d7d5 f2f3 f5e3 e1d2 b8c6 g1h3 a8b8 f1g2 c8g4 f3g4 e3g2 d4c5 g7g6 d1b3 c6d4 c5c6 d5c4 h3g1 c4b3 a3b4 f7f6 c6c7 d8d7 c7b8q e8f7 b8c7 d7g4 a1a4 f7e8 c7d6 f6f5 h2h4 g8h8 d6f6 e7f6 h4h5 b5a4 g1f3 d4b5 h5g6 f5f4 f3g1 h7h5 d2d3 f8g7 c1f4 g4d7 d3e2 h8g8 b1d2 d7e6
154,B,material_adjudication,91,0.806327,770,2026-08-08 03:17:17,e2e3 e7e5 b1c3 g7g5 b2b3 f8d6 a1b1 d6c5 c3d5 g8h6 d5f4 h6g8 d2d4 g5f4 d4e5 a7a5 d1h5 g8f6 h5h4 a8a7 e1d2 f4e3 f2e3 b8a6 a2a4 c5e3 d2e2 d7d5 h4f4 h7h6 g2g3 e8e7 c2c4 d5c4 e5f6 e7e6 f1h3 e6d5 h3d7 c8d7 g1f3 e3d2 f3e5 d8f6 b1b2 d7f5 b2d2 d5e6 e5f7 e6f7 b3c4 b7b6 d2d6 h8f8 h1g1 h6h5 d6f6 f7f6 e2d2 f6g7 f4g5 g7h8 c4c5 b6b5 h2h4 b5b4 g1g2 c7c6 d2e3 a7g7 g5f5 f8f5 g3g4 g7g4 g2g4 h5g4 c1b2 h8g8 e3e4 g4g3 h4h5 g8f8 e4f5 g3g2 f5e5 g2g1q h5h6 a6c5 b2d4 g1g3 e5f6
155,W,material_adjudication,72,0.935378,775,2026-08-08 03:17:17,f2f3 b7b5 b2b4 f7f6 c1b2 c7c5 b2f6 e7f6 g1h3 a7a6 h1g1 g8h6 b4c5 d7d6 d2d3 a8a7 d1d2 b8c6 d2c3 g7g5 c3c4 b5c4 h3f4 c8g4 f4e6 d8b8 e6f4 d6c5 f4d5 b8g3 h2g3 h8g8 e1d1 h6f5 d3c4 f8g7 f3f4 g4f3 g3g4 g5f4 b1c3 c6d4 e2f3 h7h6 g4f5 a6a5 a2a4 d4f5 g2g4 h6h5 g4f5 h5h4 f1g2 h4h3 d5f4 h3g2 f4g6 a7a8 c3d5 e8d8 g1g2 g8f8 g2g3 a8b8 f3f4 b8b5 c4b5 c5c4 d1e2 f8g8 e2e3 g8f8
156,B,material_adjudication,75,0.768663,780,2026-08-08 03:20:14,b2b3 g8h6 e2e3 d7d5 h2h3 e7e6 f2f3 c7c5 d2d4 a7a6 g2g4 h6f5 g4f5 h7h6 e1d2 b7b6 f5e6 f8e7 c1b2 f7e6 b3b4 c5d4 b2c1 e8g8 f1c4 e7b4 c2c3 f8f7 f3f4 d8e7 e3d4 f7f5 a2a4 e6e5 g1f3 d5c4 d1e1 a8a7 d4d5 a6a5 b1a3 b8a6 a3c4 e7f6 h1f1 g7g5 f4e5 g5g4 e5f6 g4f3 e1e7 a7e7 d5d6 e7e6 d2d1 c8b7 c1b2 b4c3 b2c3 b7e4 c3e5 f5e5 f1e1 f3f2 e1e4 g8f8 d1e2 e5e4 c4e3 e4e3 e2d1 e3b3 f6f7 f8f7 d1c1
157,B,checkmate,46,0.816407,785,2026-08-08 03:20:48,b2b4 g7g6 g2g3 e7e5 b4b5 f7f5 f1h3 d8e7 f2f4 c7c5 b1c3 e7d8 b5b6 h7h5 g3g4 f8g7 c1a3 e8f7 c3e4 a7a5 d2d3 h5g4 h3g4 e5f4 g4h5 h8h6 c2c4 b8c6 e1f2 f7e8 h2h3 d7d5 c4d5 c5c4 g1f3 f5e4 f3d4 e4e3 f2f3 c6d4 f3f4 h6h5 a3e7 d8e7 d1d2 e7e5
158,W,material_adjudication,102,0.829785,790,2026-08-08 03:21:59,g2g3 f7f5 f1g2 e7e6 b1c3 d8g5 a1b1 g5f6 f2f3 a7a6 e1f1 e6e5 b1a1 e8d8 b2b4 f8b4 f3f4 g7g6 a2a4 f6e7 g1f3 g8f6 a4a5 b4d6 c1a3 h7h6 f1g1 f6e8 c3b5 g6g5 b5c7 g5g4 d2d4 h8h7 d4d5 b8c6 c2c3 b7b5 e2e3 e5f4 c3c4 h6h5 e3f4 d6f4 d1e1 h5h4 e1d1 c8b7 g2f1 h7h5 h2h3 e7e6 c4b5 e6g8 d5d6 c6d4 f3d4 b7c6 a1a2 e8f6 d1e2 g8g5 a2a1 f4d6 e2e5 d6e5 d4c6 d8c7 g1g2 f5f4 f1e2 a6b5 h3g4 f6e4 c6e5 b5b4 h1g1 d7d6 a5a6 h4g3 e5f3 h5h2 g2f1 a8a6 f3g5 h2f2 f1e1 a6b6 g5e4 d6d5 e4f2 d5d4 g1g3 f4g3 f2e4 d4d3 a3b4 b6e6 e2d3 c7c6 e1e2 g3g2
159,W,cap_draw,150,0.881512,795,2026-08-08 03:22:51,b2b4 b7b6 g2g4 c7c6 f1g2 g7g6 c2c3 a7a5 b1a3 f8g7 d2d4 a5b4 c1d2 b4a3 h2h4 f7f6 e1f1 e7e6 h1h2 f6f5 d2e3 f5f4 e3f4 d8h4 c3c4 d7d6 f2f3 h4g3 g4g5 g8h6 f4g3 h6f7 d4d5 b8a6 f3f4 g7e5 a1b1 h7h6 f4e5 c6d5 c4d5 f7e5 g3e5 d6e5 d5e6 e5e4 f1e1 h6g5 d1c1 a6b8 b1a1 b8c6 c1c3 c6b4 c3c4 b6b5 h2h8 e8e7 a1b1 b5c4 e1f2 e4e3 f2e3 c8e6 e3f2 e6f5 b1b4 c4c3 g2a8 e7e6 a8f3 c3c2 f3g2 c2c1q h8e8 e6d6 g2f3 c1c5 e8e3 c5b4 f3d5 b4c5 d5e6 c5c4 e6c4 d6c7 c4b5 c7b8 b5c6 b8c7 c6f3 c7d6 g1h3 d6c5 e3e4 c5d6 e4c4 d6e6 f2g2 g5g4 h3f4 e6e5 f4h5 g4f3 e2f3 g6g5 c4c6 g5g4 c6b6 g4f3 g2f3 f5g6 f3e2 e5f5 h5g3 f5f4 e2f1 f4g3 f1e2 g6f5 e2e3 f5g4 e3e4 g3g2 e4f4 g2f2 f4e5 f2e3 b6b7 g4d7 b7d7 e3f2 d7d8 f2e3 d8d6 e3f3 e5d4 f3g4 d4c3 g4f5 c3d4 f5f4 d4c3 f4e4 c3c4 e4f5 c4d3 f5f4 d6d5 f4g3
160,W,material_adjudication,72,0.792957,800,2026-08-08 03:27:44,f2f4 h7h6 c2c4 b8a6 e2e3 h8h7 a2a3 g8f6 d1a4 c7c5 d2d3 b7b5 a4b5 e7e5 f4e5 f6d5 g1h3 c8b7 f1e2 h6h5 g2g4 f7f6 b5a6 h5h4 a6a5 d8a5 e1f1 a5d8 b2b4 d8b6 h3f4 c5b4 h1g1 d7d6 d3d4 d5f4 a3b4 f6f5 c1d2 d6e5 h2h3 e8d8 e3f4 b7e4 e2d3 e5d4 d3e4 b6a5 g4f5 a5b5 c4b5 f8e7 e4g2 e7b4 d2b4 g7g5 f4g5 d8e8 f1f2 a7a5 f5f6 h7h6 f2f3 a5b4 f3f4 b4b3 a1a8 e8d7 f4f5 d4d3 g1f1 d7d6
161,W,material_adjudication,66,0.854440,805,2026-08-08 03:28:20,c2c3 f7f6 b2b4 e7e6 c3c4 b7b5 e2e3 c7c5 g2g4 g7g6 f1g2 a7a6 d1a4 a6a5 f2f3 f8g7 a2a3 e8f8 e1e2 b8a6 d2d4 d7d5 b4c5 h7h6 g2f1 d8c7 c4d5 a8a7 h2h3 c7g3 a4d1 e6d5 f3f4 g3f2 e2f2 b5b4 g4g5 f6g5 f2e1 g8f6 g1f3 c8f5 f3g1 f8e7 f4g5 f6e8 e3e4 h6g5 c5c6 h8h7 d1d2 e7e6 g1f3 b4b3 f1g2 a7b7 a3a4 e6e7 e4f5 b7b4 c1b2 a6c7 f5f6 e7f6 e1f2 g5g4
162,B,value_resign,58,0.776262,810,2026-08-08 03:28:21,b1c3 g7g6 f2f3 b8a6 c3d5 e7e6 g2g3 a8b8 e1f2 f7f5 h2h4 c7c6 d5f4 f8d6 a1b1 g8f6 f1g2 d6b4 f2e3 b7b6 f4g6 d8c7 a2a4 c8b7 e3f2 h7h5 g3g4 h5g4 g6f4 b4c3 f3g4 e8e7 g4f5 f6e4 f2f3 e6f5 h1h3 e7f6 d2d4 b6b5 e2e3 b5b4 d4d5 c6d5 d1d2 c3d2 c1d2 b8e8 d2b4 d7d6 b4d6 c7d6 h4h5 d5d4 b1a1 d4e3 f4d5 d6d5
163,D,rule_draw,136,0.816229,815,2026-08-08 03:29:29,g1f3 d7d5 d2d3 a7a5 h2h4 a8a6 c1f4 g8h6 g2g4 a6f6 a2a4 b8a6 h1g1 h8g8 f3h2 h6f5 e2e3 c7c5 b2b3 g7g5 f1g2 c5c4 d1d2 b7b5 g2h3 g5h4 b3b4 a6c7 d2e2 f8g7 d3c4 b5c4 e2c4 d5c4 b1c3 g7h8 b4b5 g8g6 e3e4 h7h5 c3d5 h5g4 e4f5 c7d5 f2f3 g4f3 f5g6 h8g7 h3g4 d5f4 c2c3 f4d3 e1f1 f7g6 a1b1 g7h6 b1a1 h6g7 a1c1 d8d7 g4d7 e8f8 b5b6 f6f5 d7f5 g6f5 g1g7 f8g7 b6b7 c8b7 c1c2 e7e5 h2f3 b7c6 c2h2 f5f4 f3e5 h4h3 h2h3 g7f6 h3d3 c4d3 c3c4 f6e6 e5d3 e6f5 f1f2 c6a4 f2f3 a4b3 c4c5 b3c4 d3f4 a5a4 f3e3 a4a3 f4d5 a3a2 e3d4 c4d5 d4d5 f5f4 c5c6 f4e3 c6c7 a2a1q c7c8q a1d4 d5e6 d4e4 e6f7 e4f3 f7e8 e3d4 c8c7 f3c3 c7f4 d4d5 e8f7 c3c2 f4e3 d5d6 e3f3 d6e5 f7f8 e5d6 f8f7 c2d2 f7f8 d2c2 f8e8 d6e5 e8d7 c2e4 f3e4 e5e4
164,B,material_adjudication,85,0.849656,820,2026-08-08 03:31:46,b2b4 e7e5 g1f3 a7a5 b1c3 g7g5 g2g3 f8b4 a1b1 b8a6 f3e5 d8e7 a2a4 e7e5 d2d3 e5f6 h1g1 g8h6 d3d4 b7b6 c1a3 d7d5 f2f4 c7c6 h2h3 b4f8 g1h1 c8f5 c3d5 a8b8 e2e3 h8g8 f1g2 f8g7 h1h2 g5g4 h3g4 f5e4 c2c3 h6g4 d5f6 g4f6 b1a1 a6b4 f4f5 b6b5 e1f1 b4d3 f1e2 e4g2 h2h5 b5b4 d1d2 d3c1 a3c1 e8f8 a1b1 b8a8 c1b2 c6c5 d4d5 a8b8 d5d6 g2d5 b1c1 c5c4 e2d1 f6e4 d1e1 e4d2 f5f6 b8c8 h5d5 d2e4 g3g4 h7h6 b2a1 e4f6 e3e4 f6d5 c1c2 b4c3 a1c3 d5c3 c2c3
165,B,material_adjudication,87,0.963089,825,2026-08-08 03:34:25,a2a4 g7g6 f2f3 b8c6 e2e4 d7d5 g2g3 f8g7 f1g2 a7a6 a4a5 d5e4 a1a2 b7b6 d2d4 e4d3 f3f4 c6a5 h2h3 a5b7 c2c4 h7h5 h3h4 d3d2 b1d2 h8h6 a2a3 g7d4 a3a2 d4b2 d1h5 c8f5 h5f5 b2c1 g3g4 g6f5 c4c5 c1d2 a2d2 a8b8 d2d8 b8d8 h1h3 d8d3 h3d3 f7f6 c5b6 a6a5 h4h5 f5g4 d3f3 g4f3 f4f5 e7e6 g2f3 b7d6 f3e2 h6g6 h5g6 a5a4 g1f3 c7b6 f5e6 g8h6 e6e7 h6f5 e1d1 e8d7 d1d2 f5d4 e2c4 d4f3 d2c3 d6c4 g6g7 c4e5 g7g8q f3h4 g8d5 d7e7 d5c6 e5c6 c3c4 e7e8 c4d5 c6b8 d5d6
166,B,material_adjudication,109,0.920026,830,2026-08-08 03:35:38,f2f4 e7e6 c2c4 g7g5 b1c3 c7c5 f4g5 g8h6 d2d4 f7f5 g2g3 d8c7 a1b1 d7d5 c3d5 b8c6 b2b4 a7a5 d5f6 e8d8 a2a3 c5b4 c4c5 f5f4 f6g4 c6d4 g5g6 f8c5 e2e3 f4g3 h2g3 c7g3 e1d2 h7g6 g1f3 b7b5 h1g1 g3f3 d1f3 d4f3 d2e2 d8d7 g4f6 d7e7 f6e4 f3g1 e2e1 g1f3 e1e2 a8b8 b1b4 a5b4 a3a4 b8a8 a4b5 c5d4 c1b2 d4f6 b2f6 e7d7 f6h8 d7e7 h8f6 e7d7 f6g5 h6f5 g5f6 d7e8 f1h3 f3e5 f6e5 e8e7 h3f5 c8a6 b5a6 b4b3 f5g6 a8f8 g6h5 f8f5 a6a7 f5e5 h5f3 e5e4 f3e4 b3b2 e4f3 b2b1q e2d2 b1b5 d2e1 b5d3 f3e2 d3e4 a7a8q e4c2 a8f3 e7d6 e2c4 c2c4 f3f6 c4c2 f6c3 c2c3 e1f1 c3c2 e3e4 c2h2 f1e1
167,B,material_adjudication,71,0.792934,835,2026-08-08 03:35:39,g1h3 e7e6 e2e4 g8h6 f2f4 c7c5 g2g3 b8a6 b1c3 g7g5 f1g2 h6g8 h1f1 a8b8 a1b1 c5c4 b2b3 b7b5 c3d5 b8a8 c1b2 e6e5 b2e5 a6b4 e5h8 h7h6 a2a3 f8g7 d1c1 a8b8 f1f3 a7a5 f4g5 h6g5 h3g5 b4d3 e1d1 a5a4 b3a4 b5b4 b1b4 b8b6 h8g7 g8h6 g5h3 f7f6 b4b5 b6b5 f3f4 f6f5 e4f5 c8b7 c1b2 e8f7 b2b4 d3f4 d2d4 f4g2 h3f4 b7c6 b4c4 c6d5 c4c5 d5e4 c2c3 b5c5 d1e2 c5c3 f4g6 e4f5 g7e5
168,B,material_adjudication,101,0.921396,840,2026-08-08 03:35:56,e2e3 g7g6 g1f3 a7a5 c2c3 e7e6 b1a3 b8c6 a1b1 f8e7 d1b3 c6a7 h2h4 a8b8 b3b7 e8f8 g2g4 e7a3 h1g1 f7f6 f1g2 f8g7 f3e5 d7d5 f2f4 h7h6 b7b4 d5d4 g2a8 b8b6 c3d4 f6f5 d2d3 a3b4 e1e2 g7f6 a2a3 a5a4 e5f3 h8h7 d4d5 d8d6 a3b4 e6e5 f4e5 d6e5 f3e5 c7c5 g4f5 c8f5 b4b5 a7b5 e5c6 f5g4 g1g4 a4a3 c1d2 g6g5 d3d4 c5d4 e3d4 h7d7 b1d1 d7d5 c6b4 d5d7 d1e1 a3a2 b4c2 d7d6 b2b4 b5d4 c2d4 h6h5 h4g5 f6e7 g5g6 h5g4 a8g2 e7f6 e1f1 f6e5 f1f4 d6d4 f4d4 b6d6 d4d6 e5d6 e2d1 d6e5 d2f4 e5f4 b4b5 f4e3 g6g7 a2a1q d1c2 a1e5 c2b1 e5b5 b1a1
169,B,material_adjudication,67,0.953946,845,2026-08-08 03:36:45,g1h3 a7a6 b2b4 a8a7 c1b2 d7d6 h3g5 e7e6 b2e5 c7c5 h2h3 c5c4 c2c3 d6d5 e2e4 a6a5 h1g1 f8c5 g5f7 a7a6 f1e2 d8d7 g2g4 a5b4 g4g5 e8e7 f7d6 g8h6 g1g3 d5e4 b1a3 h8g8 f2f3 a6a5 d2d3 b7b5 d6b5 b8a6 a3b1 g8f8 d3d4 c8b7 d4d5 e6d5 e2f1 g7g6 e5f6 f8f6 g5f6 e7f6 d1d2 d5d4 h3h4 b7c6 c3b4 e4e3 a2a4 c4c3 b5d6 e3d2 b1d2 d7d6 d2e4 c6e4 b4b5 d4d3 f3f4
170,B,checkmate,62,0.854789,850,2026-08-08 03:38:08,b2b3 b7b5 h2h4 c8a6 h1h3 f7f5 a2a3 a6b7 e2e4 f5f4 g2g4 g7g6 b1c3 d7d5 d1f3 h7h5 f3g3 d5e4 d2d4 e7e6 c3a2 f8e7 a3a4 d8d6 d4d5 b7c6 c1e3 h8h6 a1d1 c6d5 f1b5 e8d8 d1d4 a7a5 e1d2 e7h4 h3h4 f4e3 f2e3 d6g3 c2c4 d8e7 d4d3 e4d3 g1f3 g3f2 d2d3 c7c5 e3e4 a8a7 g4g5 a7a6 f3g1 g8f6 a2c3 d5c4 b3c4 a6b6 b5d7 f6d7 h4h2 d7e5
171,B,material_adjudication,101,0.910908,855,2026-08-08 03:39:31,b2b4 b7b6 g2g4 c8a6 b1c3 d7d6 f2f3 e8d7 f1g2 d7c6 e1f2 h7h5 h2h3 h8h7 d2d4 f7f6 c3e4 c6d7 d4d5 d7e8 a1b1 b8d7 a2a3 e7e6 c1b2 f6f5 c2c4 e6e5 b4b5 f5g4 f3g4 d7b8 a3a4 d8d7 b5a6 b8a6 d1c2 g7g5 c2d1 f8g7 c4c5 e8d8 b2e5 d6c5 e5g7 b6b5 a4b5 h7h6 b5a6 d7d5 e2e3 h5g4 d1d5 d8e7 b1a1 g8f6 g1f3 a8b8 a1b1 c7c6 b1a1 h6h5 a1b1 f6d5 h1f1 b8b1 f1b1 d5b4 e4g5 h5g5 e3e4 g4f3 g2f3 e7d8 b1b3 c5c4 f2e2 c4b3 e2f2 b4a6 g7e5 g5e5 h3h4 d8c7 f2e3 a6b8 e3f4 c7d6 f4e3 a7a5 e3f2 b3b2 h4h5 c6c5 h5h6 b2b1q f2e3 b1c2 f3g2 d6e7 g2h1
172,B,material_adjudication,95,0.879477,860,2026-08-08 03:44:38,g2g3 g7g6 d2d3 f7f6 f1g2 g6g5 e1d2 a7a5 f2f4 c7c6 b2b4 f6f5 d1e1 a8a7 e1d1 d7d5 g1h3 f8g7 g2e4 g8f6 e4d5 c6d5 h3f2 b7b6 b4b5 e7e6 a2a4 d5d4 f4g5 c8d7 g5f6 d7b5 f2e4 g7f6 a4b5 e8e7 b1a3 h7h6 a1b1 d8e8 c2c3 b8a6 c3d4 e7d7 d4d5 e6d5 d1c2 h8f8 e4f6 f8f6 c2c4 d5c4 b1a1 c4d3 e2e4 f6f8 h2h3 e8e5 d2d3 f5e4 d3e3 a6c5 g3g4 d7d6 h1d1 d6e7 d1d2 e5f4 e3d4 e4e3 d4d5 a7a8 d2c2 c5a6 c1d2 f4g3 a1f1 a6b8 f1f4 a8a7 f4f8 e3d2 c2c3 d2d1q d5e4 a7a8 c3g3 b8a6 f8f7 e7f7 g4g5 a8e8 e4f5 a6c7 g5h6
173,B,checkmate,32,0.819254,865,2026-08-08 03:44:38,a2a4 a7a5 b2b3 b8a6 g1f3 h7h6 a1a2 e7e6 g2g4 g7g5 f1g2 e6e5 f3e5 d8e7 e2e4 e7f6 e5d7 f6g7 b1a3 b7b6 d7f6 g7f6 c2c3 c8g4 h1g1 c7c5 d2d4 g4h5 h2h4 f6f3 e4e5 f3d1
174,B,material_adjudication,79,0.819863,870,2026-08-08 03:45:30,b1a3 h7h6 g1f3 b7b5 f3e5 g8f6 c2c3 d7d6 a1b1 d6d5 d2d4 c7c6 g2g3 g7g5 h2h3 c8e6 f1g2 h8h7 e5g6 f7g6 e2e3 d8c7 b1a1 f8g7 d1e2 e8d8 c3c4 e6f7 e2d2 b5b4 a1b1 e7e6 e1d1 b4a3 h1f1 c6c5 e3e4 a3b2 b1b2 b8c6 a2a4 g5g4 h3g4 c7g3 f2g3 a7a5 d2e2 d5e4 d4c5 g6g5 f1f4 g5f4 c1f4 d8d7 b2b3 e4e3 d1e1 c6d4 g4g5 e6e5 e1f1 e5f4 g5f6 a8b8 f1e1 g7f8 e1f1 f4g3 b3e3 h6h5 e2f3 h5h4 e3e4 d4f3 c5c6 d7c6 e4f4 f7g6 f6f7
175,W,value_resign,63,0.929006,875,2026-08-08 03:45:47,d2d4 e7e6 f2f4 g7g6 g1h3 f7f5 h3f2 f8e7 f2e4 c7c5 c2c3 e8f7 e1d2 b8c6 g2g3 e7d6 d4c5 b7b6 b1a3 a8b8 e4d6 f7f6 b2b3 c6d4 c5b6 a7a5 c3d4 e6e5 f1g2 e5f4 d4d5 f4f3 d2c2 c8a6 b3b4 d8e7 d1d2 a6b5 a1b1 g8h6 e2e4 h8e8 c1b2 e7e5 b1a1 f5e4 a1b1 f6g7 h1f1 b5c6 b1a1 a5b4 d2e3 f3g2 f1f2 g2g1q a1g1 e5f6 b2f6 g7f8 g1h1 b8a8 h1f1
176,B,material_adjudication,66,1.033385,880,2026-08-08 03:47:12,g2g3 g7g6 f2f3 g6g5 g3g4 f8g7 f1g2 b8a6 b1a3 h7h5 a1b1 d7d5 d2d4 c8g4 c2c3 g8h6 h2h3 b7b5 c1g5 h8h7 f3f4 g4f5 h3h4 a6b8 e1f2 b5b4 f2e1 c7c6 e1f1 d8d7 h1h2 d7d6 g5h6 d6d8 d1e1 g7h8 f1f2 b8a6 a3b5 c6b5 h6g7 d8d7 b1a1 f7f6 g7f6 e7f6 e1d2 b4c3 d2e3 f5e4 a1e1 h7h6 e3f3 e4f3 e2f3 e8d8 e1e2 a8b8 g1h3 h6g6 h3g5 f6g5 a2a3 h8d4 e2e3 g5g4
177,B,material_adjudication,99,0.832122,885,2026-08-08 03:49:12,g2g4 e7e5 f1g2 g8f6 b1a3 e5e4 a1b1 b7b6 d2d4 f6d5 h2h4 f7f6 f2f3 f8d6 g4g5 e4f3 e2f3 d6e7 h1h2 d7d6 b2b4 f6g5 h4g5 c7c5 h2h5 d8c7 g5g6 c5c4 c1d2 c8g4 c2c3 c7c5 d4c5 d6c5 d1c2 b8c6 e1f1 c5b4 f3f4 b4a3 h5d5 g4d7 g1f3 e7b4 f4f5 h8f8 b1c1 h7h5 f5f6 g7f6 d2e1 d7f5 d5d6 b4d6 e1d2 d6g3 c1d1 f5c2 d1e1 c6e5 e1e5 g3e5 f3e5 c2f5 g6g7 b6b5 g2a8 a7a6 a8g2 e8e7 g7f8q e7f8 f1f2 f5e4 f2f1 a6a5 d2f4 e4g2 f1g2 a5a4 g2f3 b5b4 c3b4 f6e5 b4b5 e5f4 f3f4 f8e7 f4e5 c4c3 b5b6 c3c2 e5f4 c2c1q f4e5 c1c4 b6b7 c4e6 e5f4
178,B,material_adjudication,77,0.825513,890,2026-08-08 03:51:31,a2a3 g8h6 a1a2 b8c6 e2e4 a7a6 f1e2 c6a7 c2c4 g7g5 h2h4 f8g7 f2f3 d7d6 g2g3 b7b5 e4e5 c8f5 e5d6 b5b4 a3b4 h8f8 f3f4 f7f6 b1a3 e7e5 g1h3 d8d7 e2f1 c7c5 f1g2 a6a5 d2d4 e5d4 e1f2 c5b4 f4g5 a5a4 b2b3 a4b3 c1d2 f5e4 h1f1 b4a3 g5f6 f8g8 a2a3 h6f5 c4c5 h7h6 h3g1 e4g2 c5c6 f5d6 a3b3 h6h5 c6d7 e8d7 f6g7 g8g7 d2c3 g7g6 d1h5 g2f1 h5g6 a8b8 g6d3 d4c3 b3b2 f1d3 g3g4 b8b2 f2f3 d7e6 h4h5 d3e4 f3e3
179,B,material_adjudication,85,0.907784,895,2026-08-08 03:52:41,g2g4 h7h6 c2c4 d7d5 f1g2 b8c6 f2f3 a8b8 c4d5 c8g4 b2b4 h8h7 h2h4 a7a5 h1h3 g4h3 g1h3 e7e5 d5d6 d8d6 d2d3 g7g5 b1a3 d6d5 g2f1 d5f3 c1d2 b7b5 d2e3 f8g7 e2f3 g8f6 d1d2 e8f8 h3f4 b8a8 f1e2 a5b4 e2f1 h7h8 a3b5 a8d8 h4h5 g5f4 d3d4 d8c8 d4d5 f6d5 b5d6 h8g8 e3f4 c7d6 f4e5 d6e5 a2a4 f8e7 a1b1 e7e6 b1b4 d5b4 f3f4 c8c7 f4e5 g8a8 d2e3 e6e7 e1e2 g7f6 e5e6 f7e6 e2d2 c6e5 f1b5 e7f7 d2e2 b4d3 e2f1 a8b8 e3d3 e5d3 f1e2 b8a8 e2d3 e6e5 b5c4
180,B,material_adjudication,66,1.002480,900,2026-08-08 03:54:24,g2g4 b8a6 b2b4 e7e5 g1h3 h7h6 c2c4 g7g5 h3g5 a8b8 f1g2 c7c6 e2e4 d8c7 e1e2 g8f6 h2h4 d7d5 d2d3 h8h7 f2f4 c8d7 a2a4 b7b6 h1g1 d5d4 c1a3 h6h5 f4f5 e8e7 b1c3 f8g7 a1b1 b8a8 d1e1 d4c3 c4c5 c3c2 e1d1 c2d1q e2d1 a8b8 b4b5 f6e4 d3e4 g7h6 f5f6 e7f6 b5c6 h5g4 g2f3 f6g6 d1e2 g4f3 g5f3 h6g5 h4h5 h7h5 a3b2 d7f5 e4f5 g6f6 e2d3 g5h4 f3e5 h5f5
181,W,material_adjudication,66,1.009961,905,2026-08-08 03:55:34,g2g3 b7b5 h2h3 a7a6 h3h4 a8a7 e2e4 g7g5 b1a3 e7e5 d1f3 f7f6 f1g2 f8g7 f3d3 e8f8 d3f3 d7d6 h4g5 b8c6 g3g4 h7h6 e1e2 c6d4 e2e3 f6f5 e3d3 d4f3 g1h3 d8f6 b2b4 f5e4 d3e2 d6d5 g5f6 c8g4 g2f3 e4f3 e2d1 a7a8 a3c4 c7c6 h1g1 f8e8 f6g7 d5c4 d2d3 e8f7 g7h8q a8f8 g1g4 a6a5 h8g7 f7e6 a2a3 f8f5 h3g5 h6g5 c1g5 c4d3 c2d3 c6c5 a3a4 g8f6 d1d2 f6g4
182,B,value_resign,57,0.909018,910,2026-08-08 03:55:51,g1f3 d7d5 b2b4 b7b5 c2c4 c8a6 e2e3 h7h6 c1b2 h8h7 d1a4 d5c4 f3e5 h6h5 f1c4 g7g6 e3e4 f7f5 h1f1 f5f4 g2g4 b8c6 a4b3 d8c8 c4e2 c8e6 e2f3 a8b8 e5f7 c6d4 b1a3 f8g7 d2d3 b8a8 b2d4 e6b3 a2b3 e8f7 h2h4 e7e6 a3c4 h5g4 e4e5 g4f3 a1b1 a8b8 e1d2 h7h6 b1c1 c7c5 c1c2 c5d4 h4h5 b8a8 c2c3 a8b8 d2e1
183,W,material_adjudication,70,0.929923,915,2026-08-08 03:58:07,h2h3 f7f5 d2d3 f5f4 b2b4 b7b5 f2f3 g7g5 h1h2 e7e5 b1a3 f8b4 d1d2 d8f6 d3d4 h7h6 d4e5 e8f8 e5f6 d7d5 d2c3 g8f6 e1d2 a7a5 a1b1 b4c3 d2d1 a5a4 c1f4 b8a6 h3h4 d5d4 b1a1 c8d7 h4g5 f8e7 a3b5 h8f8 b5c3 h6h5 f4c7 a6c7 g5f6 e7f6 h2h5 d7f5 g2g3 a8a5 h5f5 a5f5 f1g2 a4a3 c3d5 f6e5 c2c4 d4d3 d5c7 f5f4 c7b5 f4f5 c4c5 f8f7 b5d6 f7d7 d6f5 d7c7 g2h3 c7c5 e2d3 e5e6
184,B,material_adjudication,97,0.762579,920,2026-08-08 04:02:20,e2e3 g8f6 d1f3 g7g6 d2d4 f6e4 h2h4 b8c6 g2g4 d7d5 a2a4 h7h5 c2c3 f8g7 b2b3 a7a5 b3b4 c8f5 b1d2 b7b5 a1b1 h8h7 f3f4 f5g4 f1g2 f7f6 d2b3 e7e5 h1h2 e4d2 e3e4 e8e7 f4d2 f6f5 f2f4 c6d4 f4e5 d5e4 c3c4 b5c4 b3d4 g7e5 g2e4 a5b4 b1b4 e5g3 e1f1 f5e4 f1g2 e4e3 b4c4 e3d2 c1d2 g6g5 g2g3 d8d6 d2f4 e7f7 f4d6 a8a4 d6c7 a4c4 h2c2 c4c2 d4c2 g4f5 c2b4 g5h4 g3f4 f5e4 f4e4 h4h3 e4d3 h5h4 g1h3 f7e6 h3f2 h7f7 d3e4 f7f2 c7f4 h4h3 e4d3 f2f4 b4c2 e6d6 d3e3 f4f7 e3e4 h3h2 e4e3 h2h1q e3d4 f7f6 d4e3 f6f5 e3e2
185,W,checkmate,33,0.916829,925,2026-08-08 04:02:21,e2e4 c7c5 c2c4 b7b5 e1e2 a7a6 e2e3 e7e6 f1e2 f8e7 f2f4 h7h6 e2d3 g7g5 f4g5 h8h7 b1c3 b8c6 b2b3 b5b4 d1e2 e6e5 g1f3 a6a5 f3e5 a5a4 a1b1 d7d6 h1f1 f7f6 e2h5 h7f7 h5f7
186,B,checkmate,66,0.946946,930,2026-08-08 04:03:50,e2e3 e7e6 d1f3 d8e7 c2c4 c7c5 b2b4 e8d8 f3e4 g8f6 e4e6 b8c6 a2a3 e7e6 d2d4 b7b5 f1e2 f6h5 g2g4 b5c4 b1c3 d8e7 h2h3 c8b7 a1b1 f7f5 h3h4 d7d6 g4f5 a7a5 e2f1 c6d4 b4b5 b7g2 f2f4 h5f4 e1d1 e6f5 f1g2 a5a4 e3f4 e7d8 h1h2 h7h6 c3d5 h8h7 b1a1 c4c3 c1d2 c3c2 d1c1 d4b5 d2c3 h6h5 c1d2 h7h6 g1f3 f8e7 a1b1 c2c1q b1c1 e7h4 c1c2 c5c4 d2e3 f5d3
187,W,value_resign,63,0.962247,935,2026-08-08 04:03:51,b1a3 b7b5 g1h3 b8c6 e2e3 g7g6 f2f3 a8b8 e3e4 h7h5 h3g1 h8h6 g2g3 f8g7 g3g4 f7f6 f3f4 c6e5 f1h3 e5c4 a3c4 e8f7 a2a4 b5c4 g1f3 f7f8 b2b4 c8b7 d2d3 e7e5 f3e5 f6f5 e1d2 b7e4 b4b5 d7d5 a1b1 d5d4 d3e4 f8e8 g4f5 g6g5 f5f6 g5f4 h3d7 d8d7 e5d7 g7f6 d7f6 h6f6 e4e5 f6g6 h1f1 b8b5 a4b5 a7a5 c2c3 e8d7 d1h5 g8h6 h5g6 h6f5 b1a1
188,W,material_adjudication,66,0.899447,940,2026-08-08 04:05:01,c2c3 c7c5 b2b3 e7e5 c3c4 d8e7 g2g4 g8f6 h2h4 g7g5 h1h2 h7h6 c1b2 f6e4 d2d3 a7a6 b2c3 h8g8 h2h3 b8c6 g1f3 a6a5 f3e5 d7d5 e2e3 c6d4 a2a4 f8g7 h3g3 h6h5 d3e4 c8d7 e5g6 h5g4 e4e5 b7b5 f2f3 g4f3 b3b4 a8b8 e3d4 d7f5 e1f2 b5c4 f2f3 c5d4 g6e7 e8e7 d1d4 e7e6 b4b5 b8b5 a4b5 g5g4 f3g2 a5a4 b5b6 a4a3 g2h1 g8f8 h1g1 e6d7 a1a2 g7e5 h4h5 f7f6
189,D,cap_draw,150,0.987278,945,2026-08-08 04:05:19,f2f3 f7f5 f3f4 e7e6 h2h3 a7a6 c2c3 f8b4 d2d4 d7d5 b2b3 d8g5 d1c2 g5h4 g2g3 g8f6 e2e4 b4d6 f1e2 d6c5 c1d2 f5e4 g1f3 e4f3 c2g6 e8e7 g6f6 g7f6 e2f1 c7c6 e1f2 f6f5 f1g2 h7h6 f2f3 b7b5 h1f1 a8a7 g3h4 e7f6 d4c5 b5b4 c3b4 a6a5 b4b5 b8a6 b3b4 a7e7 a2a4 e6e5 f4e5 e7e5 b5c6 a5b4 c6c7 c8d7 c7c8q h8c8 d2g5 f6e6 h4h5 d5d4 b1d2 d7c6 d2e4 c6e4 f3f2 e6d5 g5f4 d5c4 f4e5 c8f8 c5c6 e4c6 f1e1 c4b3 e5f4 a6c7 a4a5 f8f7 a5a6 c6d7 g2f1 f7f6 f2f3 c7e8 a1d1 b3c3 d1d4 f6e6 e1e6 c3d4 e6e7 b4b3 h3h4 d7e6 f3g2 d4c5 a6a7 e6d5 g2f2 d5c4 f1e2 c5c6 e2f3 c4d5 f3e2 d5e4 a7a8q c6c5 e2f3 e4a8 f3e2 a8e4 e2b5 c5b5 e7e8 b5c6 e8d8 c6b7 d8e8 b7c6 e8d8 c6b7 d8d6 b3b2 d6d7 b7c6 d7c7 c6d5 c7d7 d5c6 d7c7 c6d5 c7d7 d5c6 d7c7 c6d5 f4g3 b2b1q f2e3 b1b5 g3e5 b5c6 c7c6 d5c6 e3d4 e4c2 e5f4 c2e4
190,B,material_adjudication,71,1.071031,950,2026-08-08 04:10:00,a2a4 d7d5 f2f3 d5d4 b1c3 g8h6 b2b4 f7f6 c1a3 h8g8 g2g4 a7a5 d2d3 c8g4 b4b5 d4c3 b5b6 c7c5 d1c1 b8c6 f3f4 d8d5 e1f2 h6f5 c1d2 h7h6 f2e1 d5d6 f1g2 d6c7 a1b1 c7b6 a3b2 f5d6 f4f5 d6f7 g1h3 c3d2 e1f2 e8d8 b2d4 c6d4 b1b6 d2d1q h1d1 f7d6 e2e4 g7g5 d1a1 f8g7 h3f4 c5c4 a1g1 g5f4 d3c4 d8d7 f2f1 f4f3 e4e5 a8a7 e5d6 e7d6 c2c3 g7f8 b6b7 a7b7 c3d4 f3g2 f1g2 f8g7 d4d5
191,W,material_adjudication,66,1.059366,955,2026-08-08 04:10:54,f2f4 h7h5 f4f5 b8a6 e2e4 f7f6 h2h4 e7e6 e4e5 g7g6 c2c3 d7d5 e5d6 a8b8 f1a6 d8d7 b2b4 h8h7 b1a3 f8g7 h1h3 b7b5 g2g4 g8e7 c3c4 b8b6 h3d3 d7d6 c1b2 g6g5 c4b5 e6f5 d3g3 d6g3 e1e2 g7h6 b2e5 e7g8 e5g3 c7c6 g4f5 c8f5 h4g5 f6g5 g3c7 h6g7 d2d3 h5h4 e2f3 h4h3 g1e2 g5g4 f3g3 e8f7 d1b3 f7f6 b5c6 b6b7 b4b5 b7c7 b3g8 c7e7 g8h7 g7f8 b5b6 a7b6
192,W,material_adjudication,96,0.836527,960,2026-08-08 04:12:43,g1h3 h7h5 h1g1 g7g6 b2b3 a7a5 f2f3 h5h4 g2g3 h8h5 g3h4 f8g7 f3f4 b7b6 d2d3 g7a1 f4f5 c7c5 f1g2 h5f5 b1d2 e7e5 e2e3 e8f8 a2a3 c5c4 e1e2 d8g5 h4g5 c4d3 c2d3 d7d5 b3b4 a5b4 g2d5 f8e7 a3b4 a1d4 h3f4 e5f4 e3e4 b6b5 d2c4 e7d8 h2h4 f7f6 d1d2 c8d7 e2f3 b8c6 e4f5 b5c4 d3c4 d4g1 b4b5 g1d4 g5f6 d4e3 f3e4 e3d2 c1d2 c6b8 f5g6 d7b5 c4b5 a8a3 e4f4 a3b3 d5b3 g8f6 f4e5 f6e4 e5e6 b8c6 b5c6 e4f6 b3d1 d8c8 h4h5 c8b8 d1c2 b8a7 c2d3 a7a8 h5h6 a8a7 e6e7 a7b6 c6c7 b6c6 c7c8q c6d5 g6g7 d5e5 c8c7 e5d4
193,W,material_adjudication,66,1.005176,965,2026-08-08 04:13:55,g2g3 c7c5 g1h3 e7e6 b2b4 b7b5 h1g1 g7g5 f1g2 c8a6 h3f4 f8e7 g2f3 d8b6 f3h1 a6c8 c2c4 b8c6 d2d3 f7f6 c1a3 c6d4 f4h3 c8a6 e1d2 b6d8 h1a8 e6e5 b4c5 h7h6 f2f3 h8h7 c4b5 d7d5 a8d5 d8a5 b1c3 e8d7 h3g5 h6h5 g5h7 g8h6 g3g4 f6f5 g4g5 f5f4 g5g6 e7f6 b5a6 a5c7 g1g4 h5g4 c3e4 h6f5 h2h3 d7e8 d1e1 e8d8 e2e3 d8e7 e1f2 e7d8 e4d6 f5d6 d5e6 e5e4
194,B,material_adjudication,95,0.786044,970,2026-08-08 04:15:07,f2f3 b7b6 b2b4 g7g6 g2g3 f7f5 c1a3 a7a6 b1c3 a6a5 a1c1 d7d6 d2d3 e8f7 d1d2 f7f6 f3f4 c7c6 c3b5 h7h5 e1d1 b8a6 f1g2 d6d5 g1f3 g6g5 f3g5 c6b5 h1f1 f6g7 e2e3 h8h7 g2h3 a5b4 g3g4 a8a7 e3e4 d5d4 c1a1 f5e4 g5e4 h7h6 c2c3 e7e5 c3d4 h6g6 e4d6 h5g4 d4e5 f8d6 d2e3 g4g3 h3d7 c8d7 d1e2 g3g2 f1f2 d7c6 e2d1 d6e5 d1e2 g8h6 f4e5 d8d3 e3d3 b4b3 d3g6 g7g6 e5e6 b5b4 f2g2 c6g2 a2b3 g2f3 e2f3 a7e7 a1f1 e7e6 a3b4 g6f7 b4c3 e6e7 b3b4 a6c7 b4b5 c7b5 h2h3 b5c3 f1e1 e7e1 f3g2 f7e6 g2f3 e6e5 f3g2
195,D,cap_draw,150,0.819150,975,2026-08-08 04:15:25,f2f3 g8f6 g1h3 a7a5 e2e4 e7e5 f1a6 b7a6 c2c4 f6g8 b2b4 d7d5 g2g3 e8d7 f3f4 f8b4 a2a4 g7g6 f4f5 d8f6 c4c5 h7h5 e4d5 c7c6 d5d6 g6f5 e1f2 b4d2 c1d2 g8h6 b1c3 h8e8 h1g1 d7e6 f2e2 e8e7 h3f4 e5f4 d2f4 a8a7 d1d2 h5h4 d2e3 e6d7 g1g2 e7e3 e2e3 h6g4 e3d3 h4g3 g2g3 a7c7 d6c7 d7e7 c7b8q f6c3 d3c3 g4e3 f4e5 e3g2 e5d4 f7f6 d4g1 e7d8 b8b7 c8b7 g3e3 b7c8 a1e1 g2e1 e3e5 e1d3 c3d3 c8d7 e5f5 d7f5 d3e2 f5g4 e2d3 f6f5 h2h4 d8e8 g1f2 e8d7 d3d4 d7e6 f2g3 g4h5 g3f2 e6f6 f2g3 h5g6 g3f4 f6g7 d4e5 g7h8 f4g3 f5f4 g3f4 h8g7 f4g3 g7h8 g3f4 h8g7 f4g3 g7h8 g3f4 h8g7 e5d4 g6f5 d4e5 g7g6 f4g3 f5e4 e5e4 g6g7 e4f3 g7h8 g3c7 h8g7 f3g2 g7h8 g2f3 h8g7 f3g2 g7f6 g2f3 f6g7 f3g2 g7h8 g2f3 h8g7 f3g2 g7h8 h4h5 h8g7 h5h6 g7f6 g2f3 f6e7 f3g2 e7f7 g2f3 f7e6 f3e2 e6d5 e2f3 d5d4 f3e2 d4e4
196,B,material_adjudication,66,0.902665,980,2026-08-08 04:15:26,g1h3 e7e5 c2c4 g8e7 e2e3 a7a5 d1h5 h8g8 h5h7 e7g6 d2d3 f8e7 b1a3 b7b6 f2f3 e7g5 c4c5 d7d6 d3d4 d8d7 d4e5 f7f5 c1d2 c7c6 b2b3 b8a6 h7g7 a8a7 e1f2 d6d5 h3f4 g8g7 f2e2 g5f4 e5e6 d7e6 h1g1 f4e3 a3c2 a6c5 b3b4 e6e7 b4c5 e3d2 e2d1 e8d8 f1b5 d2e3 g2g3 d5d4 a1c1 e7e6 a2a4 c8b7 g3g4 b7c8 g4f5 c6b5 a4b5 e6f5 c5b6 e3g1 h2h3 d4d3 c2e1 f5b5
197,W,checkmate,49,0.753320,985,2026-08-08 04:16:49,c2c4 h7h5 e2e3 h8h7 h2h3 g8h6 d2d4 d7d6 c4c5 f7f5 a2a3 c8e6 f2f3 e6c4 g2g4 c4b5 c5d6 c7c5 b1d2 f5g4 d2b1 d8d7 h3g4 d7g4 h1h3 b8d7 f1g2 h6f7 d4d5 b7b6 b1c3 g4g3 h3g3 b5c6 d1d2 c5c4 c3b1 b6b5 g2h3 h5h4 d5c6 e7d6 c6d7 e8d8 a1a2 h4g3 b2b3 f8e7 d2a5
198,B,cap_draw,150,1.063598,990,2026-08-08 04:19:22,e2e3 g8h6 c2c4 h8g8 g2g4 b7b5 f2f4 g7g5 e1e2 g5f4 h2h4 f8g7 d1e1 f7f5 f1g2 e8f7 e1f2 f7f6 d2d4 g7h8 b1a3 b8a6 c4b5 d7d5 g1f3 c7c6 b2b3 a8b8 h1f1 e7e5 b5c6 f5g4 a1b1 e5d4 b1a1 d8e7 h4h5 c8b7 a1b1 b8a8 b1a1 g8g6 e2d1 h6g8 a3c4 h7h6 h5g6 a6b4 g6g7 h8g7 e3d4 b7c6 a2a3 a7a5 a3a4 b4d3 f2e2 d5c4 e2e7 f6e7 b3c4 c6f3 f1f3 g7f8 f3f4 d3f4 d4d5 f4d3 c1g5 e7d6 d1e2 h6h5 e2d3 g4g3 g5f4 d6e7 f4g3 h5h4 d5d6 e7f6 g2a8 f8d6 a1f1 f6g7 f1f2 h4g3 f2f3 g3g2 f3f4 d6f4 a8g2 g7f6 d3e4 f4g3 g2f3 g3e1 f3g2 f6g7 e4e5 g8h6 g2f3 e1h4 e5e6 h4f6 f3g2 f6e5 e6e5 g7f8 g2f1 f8e7 f1e2 e7f7 e2f3 f7e7 f3e4 e7f7 e4f3 f7e7 f3g4 h6g4 e5f4 g4h6 f4e5 e7d7 c4c5 d7c6 e5f4 h6f7 f4e4 c6d7 c5c6 d7c6 e4f4 c6c5 f4e4 c5b4 e4f4 b4b3 f4e4 b3a4 e4f3 a4a3 f3e4 a3a2 e4f4 a5a4 f4e4 a4a3 e4f4 a2a1
199,B,checkmate,82,0.853562,995,2026-08-08 04:19:38,a2a4 g8f6 b1a3 f6g8 e2e4 a7a5 h2h3 b8a6 f2f3 f7f6 h1h2 d7d5 f1b5 c8d7 h3h4 e7e6 b5c4 g7g5 c4a6 d7c6 a6c4 d5c4 d2d3 d8d7 c1e3 f8d6 a3c4 e8e7 e3g5 d6g3 e1e2 f6g5 f3f4 e6e5 c4e5 d7d6 h4h5 g5f4 h5h6 g3h2 g2g3 f4f3 g1f3 d6d8 f3h2 e7d6 c2c3 g8f6 e5c4 d6e7 c4d6 c7d6 e2f2 f6e4 d3e4 a8b8 g3g4 c6e4 a1b1 b7b6 g4g5 d6d5 b2b4 d8d7 b4b5 h8g8 g5g6 e7f6 d1e1 d7f5 f2g3 g8g6 g3h4 b8c8 e1d1 f6e5 h2f3 e5f6 f3e5 f5f2 h4h5 g6g5
200,W,value_resign,55,0.993364,1000,2026-08-08 04:20:58,b2b4 c7c5 b1c3 g7g5 c3b5 d8c7 b4c5 f7f5 b5c7 e8d8 c7d5 h7h6 h2h4 d7d6 d2d4 e7e5 a2a4 f8e7 g2g4 b7b6 c2c3 h6h5 e2e3 e5e4 h1h2 f5f4 g1h3 a7a6 f1g2 h5g4 h3g5 g8h6 d5f4 d8d7 e1e2 h8g8 f4g6 a6a5 c5b6 b8c6 f2f3 c8b7 a1b1 a8b8 g2f1 b8a8 b1a1 g8h8 a1b1 h8g8 d1d2 a8b8 b1b3 b8a8 e2d1
201,W,material_adjudication,68,1.009110,1005,2026-08-08 04:22:12,g1f3 b8a6 c2c4 a8b8 d2d4 h7h5 h2h4 h8h6 c4c5 a6c5 b2b3 c5d3 e2d3 g7g5 h1h2 e7e5 d4e5 f8b4 e1e2 g5g4 f3d4 a7a5 a2a3 h6g6 a3b4 g8f6 c1b2 b7b5 b4a5 c8b7 d1d2 b7g2 b2a3 f6e4 f1g2 f7f5 d2g5 g6g5 h4g5 f5f4 d3e4 g4g3 g5g6 f4f3 e2f3 d7d6 b1c3 d6e5 f3g3 b5b4 d4f3 e8f8 f3e5 c7c6 g2h3 f8g7 a5a6 b4c3 a3d6 b8b4 a1a2 g7f6 d6b4 c3c2 a2c2 f6e5 c2d2 h5h4
202,B,material_adjudication,83,0.906450,1010,2026-08-08 04:22:29,d2d4 f7f6 b1d2 g7g5 a1b1 c7c5 d4c5 d8a5 g2g4 b7b5 h2h3 a5d8 h1h2 e7e5 c2c3 b8c6 b2b4 d8b6 f2f3 f8e7 c1b2 h7h6 c3c4 b5c4 c5b6 a7a6 e2e3 d7d5 d1c1 e7d6 b4b5 e5e4 e1e2 c6a7 b5a6 c8d7 e2e1 e4f3 g1f3 h6h5 e1e2 a8b8 f1g2 h5g4 e2e1 d6h2 e1e2 b8b6 b1a1 g4f3 g2f3 h2d6 b2e5 f6f5 a1b1 d5d4 b1b2 c4c3 d2e4 h8h6 e4d6 e8e7 b2b6 d7c6 e3d4 h6g6 b6b7 c6b7 a2a4 g5g4 h3h4 b7f3 e2d3 e7e6 d4d5 e6e5 c1d2 c3d2 a4a5 e5d6 d3d2 f5f4 d2c3
203,W,material_adjudication,66,0.997386,1015,2026-08-08 04:23:00,h2h4 g7g6 b1c3 e7e6 a2a3 f7f5 g1h3 g8f6 a3a4 c7c5 h1g1 f6d5 g1h1 a7a6 d2d3 f8d6 c3b1 d8e7 f2f3 f5f4 b1c3 b7b6 h1g1 e8g8 h4h5 g8g7 h3f4 a8a7 a1b1 a6a5 g2g3 c5c4 d3c4 b8c6 b2b4 e6e5 b4b5 d6b4 c4c5 d5f4 f1g2 d7d5 b1b4 c6d4 b4d4 f4e2 e1e2 c8f5 f3f4 f8g8 f4e5 g6h5 e5e6 e7d8 c3d5 d8e7 d1e1 f5e6 d5e7 e6f5 g1f1 a7e7 g2e4 b6c5 f1f5 c5d4
204,W,value_resign,31,0.933605,1020,2026-08-08 04:27:56,b2b4 c7c5 a2a4 b8c6 d2d4 c6b4 c1a3 e7e6 g2g4 h7h6 e1d2 c5c4 f1g2 a8b8 h2h4 f7f5 e2e3 d7d6 d1c1 e6e5 d4d5 g7g6 b1c3 d8b6 g1f3 b4a2 c3e4 f8g7 h1f1 g8e7 a1b1
205,B,material_adjudication,66,0.953830,1025,2026-08-08 04:31:29,f2f3 d7d6 b2b3 f7f6 c2c4 b7b5 b3b4 e8d7 g1h3 d8e8 h1g1 c8b7 c4c5 g8h6 c1b2 b7f3 h3f4 d6c5 b2d4 b8c6 e1f2 h6f5 b4c5 b5b4 b1c3 h7h5 h2h3 b4c3 d2d3 c6d4 g2g3 g7g5 f1g2 f8g7 g1f1 h8h7 a2a4 f3g2 f2g2 h5h4 e2e3 a7a5 e3d4 f5d4 c5c6 d7c6 f4e2 c3c2 d1c2 d4c2 g3g4 e7e6 d3d4 f6f5 f1f5 e6f5 d4d5 c6d5 e2g1 g7a1 g2f3 e8d8 f3g2 c7c6 g2f3 a8b8
206,B,value_resign,74,0.960505,1030,2026-08-08 04:32:05,h2h3 g7g6 f2f4 d7d6 d2d4 d8d7 c2c4 d7d8 c1e3 a7a6 h1h2 f7f5 g2g4 b8c6 d4d5 f8g7 h3h4 c6d4 a2a4 e8f8 f1h3 g7h6 b1d2 b7b5 g4f5 e7e6 h2g2 h6f4 g1f3 g8h6 e3d4 f8e7 e1f2 e6e5 f3e5 h8g8 c4b5 f4e5 f5f6 e7f6 h4h5 a6b5 a4b5 c8a6 f2e3 c7c6 d4c5 c6b5 a1a6 b5b4 c5b4 e5h2 g2h2 h6f7 h3c8 d8c8 h2h3 c8a6 e3e4 f7e5 h5g6 g8g6 e2e3 h7h6 d2b3 a6c4 b3d4 c4b4 d1d2 b4d2 b2b4 d2b4 h3h4 b4e1
207,W,checkmate,63,0.819144,1035,2026-08-08 04:33:16,c2c4 d7d6 a2a4 g8f6 g1h3 c8d7 f2f4 b7b6 d1b3 b8c6 h3g1 h8g8 h2h3 g7g6 b3a3 a7a5 d2d4 f8g7 a3g3 f6e4 b1c3 a8c8 c3a2 e4c3 d4d5 b6b5 g3h2 c3b1 g2g4 d7f5 c4c5 d6c5 d5c6 h7h5 a4b5 c5c4 f1g2 g7c3 e1f2 g6g5 g4f5 f7f6 g2d5 g5g4 h2g3 e7e5 f4e5 f6e5 g3e5 c3e5 h1h2 d8d5 c1f4 g4h3 f5f6 d5d3 f6f7 e8d8 g1h3 e5d4 e2e3 g8g7 f7f8q
208,W,checkmate,67,0.991892,1040,2026-08-08 04:34:07,h2h4 d7d5 g2g4 c8f5 b2b4 a7a5 b1c3 e7e5 c3d5 g8e7 a1b1 f5g4 e2e3 g7g5 b1b3 d8d5 d2d3 d5b5 h1h3 e7d5 d3d4 d5f4 d4e5 g4d1 a2a4 f8d6 b3a3 e8g8 f1e2 c7c6 e1d1 b5e5 f2f3 h7h6 e2d3 f4h3 c2c3 b7b6 d1d2 e5e4 f3e4 g5g4 b4a5 b8a6 c3c4 b6a5 e4e5 d6e5 a3a1 c6c5 e3e4 e5f4 d2c3 a8b8 c1f4 b8a8 c3d2 a6c7 f4e5 a8b8 e5f6 b8a8 g1h3 g4h3 a1g1 g8h7 e4e5
209,B,checkmate,114,0.857051,1045,2026-08-08 04:38:21,f2f3 a7a5 c2c4 b8c6 h2h4 g8f6 h1h3 h8g8 g2g3 a8a6 f3f4 d7d6 e1f2 f6e4 f2g2 a6a7 b2b3 c6e5 c4c5 f7f5 g2h2 h7h5 f1g2 d8d7 b1a3 a5a4 f4e5 b7b6 d1c2 c8a6 c5b6 c7b6 d2d4 a4b3 a2b3 g7g5 c2d2 e4d2 e5e6 d7e6 h2h1 g8g7 c1d2 e8f7 b3b4 b6b5 d4d5 f7g6 d5e6 g5h4 a1b1 a7a8 b1a1 a8b8 e2e3 h4g3 d2c3 b8c8 c3f6 e7f6 h3g3 g6h6 a1e1 g7g3 e1e2 c8c1 h1h2 h6g7 h2g3 c1g1 g3f2 g1g2 f2g2 d6d5 g2f2 f5f4 f2g2 f4e3 e2e3 d5d4 e3g3 g7h8 g2f3 d4d3 f3e4 f8g7 e4d3 h5h4 g3g4 h8g8 d3e4 h4h3 e6e7 a6c8 e7e8q g8h7 a3b1 c8g4 e8c6 h7g6 b1c3 g4f5 e4f3 f5c2 c3d5 g6f5 f3e3 h3h2 e3f3 h2h1q f3g3 h1g1 g3f3 c2d1
210,W,material_adjudication,66,1.056418,1050,2026-08-08 04:38:40,e2e3 g8f6 b2b4 b8a6 f1e2 e7e6 g2g3 b7b6 b1a3 g7g5 c1b2 f8g7 h2h4 f6e4 h1h3 b6b5 f2f4 e6e5 f4e5 e8g8 e2h5 h7h6 h4g5 d7d5 a1b1 h6g5 d2d4 e4c3 d1d2 d8d7 b1a1 a8b8 g3g4 b8a8 a1b1 a8b8 e5e6 b8a8 e6d7 c8d7 e1f1 a8b8 f1g2 d7g4 b2c3 b8c8 g1f3 g4h5 g2g3 g5g4 g3f4 g4f3 b1a1 h5g4 a1b1 c8b8 f4g4 b8d8 g4f3 f7f5 f3f4 d8d7 b1a1 c7c6 a1b1 f8f7
211,W,material_adjudication,78,1.032956,1055,2026-08-08 04:39:16,d2d3 g8h6 d3d4 b7b5 g2g3 g7g6 f1g2 c8b7 f2f4 g6g5 g3g4 h6f5 g2h3 a7a6 e2e3 g5f4 e3f4 f7f6 e1e2 f5d6 b2b4 a6a5 a2a3 d6f5 b1c3 d7d6 h3g2 a5a4 c1e3 d8d7 a1b1 h7h6 d1d2 h8h7 g1f3 c7c6 h1g1 b8a6 g4g5 h7h8 e2e1 e7e6 c3e4 e6e5 f4e5 d6e5 c2c4 a8b8 d4e5 f6e5 d2d7 e8d7 e1d1 f8d6 b1a1 h6g5 c4b5 b8a8 d1d2 a8f8 e3g5 b7c8 b5c6 d7c6 d2e2 d6c5 b4b5 c6d7 b5b6 f5d4 f3d4 f8f5 d4f5 d7e6 a1b1 e6d7 e4c5 a6c5
212,W,material_adjudication,90,1.066224,1060,2026-08-08 04:39:52,h2h3 g7g6 g2g4 e7e5 b1a3 b7b6 a1b1 f7f5 g1f3 f5f4 e2e3 f8c5 f1b5 e8f7 e1e2 c8a6 c2c3 d7d5 d2d4 e5d4 c3c4 a6b7 h1g1 b7c6 d1b3 c6b5 e3f4 a7a5 e2f1 a8a7 c4b5 f7f6 c1e3 c5a3 e3d4 f6e7 f4f5 h7h6 f3e1 b8a6 b1a1 g8f6 f1e2 h8f8 f5g6 f6g8 a1b1 h6h5 g6g7 h5g4 h3g4 e7d6 e2e3 d8f6 b1a1 c7c5 b5c6 f6g7 g1g2 g8h6 d4g7 b6b5 g4g5 d5d4 e3e4 d6c6 g5h6 a7f7 b3f7 f8f7 a1d1 b5b4 g7d4 b4b3 d1d2 a6b8 g2g3 f7d7 d4c3 a3c5 d2d7 b8d7 f2f3 d7f6 c3f6 c6d7 a2a4 c5d6 f3f4 d7e6
213,B,checkmate,60,0.816976,1065,2026-08-08 04:39:52,b1a3 f7f5 a1b1 b7b5 f2f4 c8a6 h2h3 c7c5 h1h2 h7h6 c2c3 h8h7 g1f3 d7d6 d2d3 d8d7 c1e3 c5c4 d1b3 g7g5 g2g3 g8f6 e3f2 h6h5 h3h4 e7e6 b1c1 g5f4 e2e3 h7h6 f3g5 f8e7 e3e4 f6e4 a3b5 e7f8 f1g2 f8e7 d3e4 c4b3 c1b1 d6d5 e1e2 e8d8 e4d5 e6e5 a2a4 b8c6 e2d2 a8b8 b5d4 c6d4 c3d4 a6c8 b1e1 a7a5 d2d3 e7b4 g5f3 c8a6
214,W,material_adjudication,68,1.003533,1070,2026-08-08 04:40:43,c2c4 b8c6 e2e3 e7e5 b1a3 g8f6 e3e4 g7g6 a1b1 a7a5 d1g4 b7b5 g4h5 a8b8 h5f3 b8a8 b2b3 f6h5 c4c5 h7h6 f3f6 a8a7 f6h8 f7f6 g2g3 d7d6 h8f6 c6b8 b1b2 c7c6 f6d6 h5g3 f2g3 a5a4 d6d8 e8d8 h2h3 f8c5 f1b5 c8g4 h3g4 g6g5 e1e2 d8d7 b3a4 c6b5 b2b5 a7a4 a3c2 b8c6 b5c5 c6a7 d2d4 e5d4 c5d5 d7e7 c1g5 h6g5 c2d4 a4d4 a2a4 d4d5 e4d5 e7f7 e2d3 f7f6 g1f3 f6g7
215,W,material_adjudication,66,0.861965,1075,2026-08-08 04:41:17,d2d4 c7c5 a2a4 c5c4 g2g3 f7f6 a1a3 g7g6 f1g2 d7d5 a3f3 c8h3 g3g4 b7b6 g2f1 h7h6 b2b3 g6g5 b1a3 e7e5 f1g2 d8d6 b3c4 d6c6 g1h3 c6e6 h3g5 h6h5 h2h4 d5c4 a4a5 h8h6 c1f4 e5e4 d1d2 g8e7 h1g1 h6h7 a3b5 h5g4 g5e6 e7c6 c2c3 c6d4 e6c7 h7c7 b5c7 e8e7 a5a6 g4f3 c3d4 f8h6 d2c2 f6f5 e2f3 b6b5 g1f1 e7f6 e1e2 b5b4 g2h1 b4b3 f4h6 f6e7 d4d5 f5f4
216,B,checkmate,130,0.994055,1080,2026-08-08 04:41:35,c2c4 a7a5 h2h3 d7d5 d2d4 f7f6 c4c5 c8f5 g2g4 b8c6 e2e4 d5e4 f1g2 a5a4 e1f1 g7g6 b1a3 h7h5 d1c2 g8h6 g4g5 c6d4 c1f4 h8h7 c2d3 a8c8 d3e3 h5h4 h1h2 c7c6 g1e2 e8f7 a1b1 e7e5 g2e4 e5f4 e2f4 f5e4 g5f6 d8f6 f2f3 f8g7 f3e4 b7b6 e3f3 d4f3 f1g2 h6f5 c5b6 f6c3 b2c3 f3h2 e4f5 g6f5 b1c1 g7h6 f4e2 h2f3 g2f3 h6e3 c1a1 f5f4 c3c4 f7f6 e2g1 h7e7 f3g2 e3g1 g2f3 c8c7 b6c7 e7c7 f3f4 g1d4 a1f1 c7f7 f1f2 d4f2 f4e4 f7e7 e4f3 f6e5 f3f2 e5e4 f2g2 e7e6 c4c5 e4e3 g2f1 e6f6 f1g2 f6f5 a3b1 e3e2 b1a3 f5f4 a3c2 f4f6 g2h1 a4a3 h1g1 f6f5 c2e3 f5f6 g1g2 e2e3 g2h1 f6f5 h1h2 f5f4 h2g2 f4f7 g2h1 f7f6 h1h2 f6f5 h2g2 f5d5 g2f1 d5c5 f1e1 c5c4 e1d1 c6c5 d1e1 c4c3 e1d1 c3c4 d1e1 c4c1
217,W,material_adjudication,66,0.958280,1085,2026-08-08 04:42:07,b1c3 e7e5 a1b1 a7a5 c3d5 f8c5 h2h3 f7f6 h1h2 d7d6 d5c7 d8c7 g2g3 g7g5 f1g2 f6f5 b2b3 d6d5 g1f3 d5d4 c1a3 c8e6 c2c3 b8a6 g3g4 e8e7 g2h1 c5b4 e1f1 e6d7 c3b4 f5f4 b4b5 c7c5 f3g5 d7g4 a3c5 e7d8 h3g4 d4d3 h1g2 e5e4 h2h5 e4e3 b5b6 h7h6 g5e4 a5a4 c5e3 a4b3 f2f3 a6b8 d1b3 g8f6 g2h3 a8a6 g4g5 f6e4 e3f4 d8e7 f1e1 e4g3 h3g2 h6g5 f4g5 e7d7
218,B,checkmate,40,1.089805,1090,2026-08-08 04:43:10,b1a3 b8a6 a1b1 g7g6 e2e3 g6g5 g2g4 e7e5 h2h4 e8e7 d2d4 c7c6 h4g5 d7d5 f1g2 c8g4 f2f4 g8h6 g2e4 e7e6 g1h3 d8b8 e4d3 f7f5 a3b5 f8g7 g5h6 a6c5 h3f2 b8e8 c2c3 e5f4 e3f4 e6f7 e1d2 c5d3 d2d3 g4d1 h1h3 e8e2
219,W,value_resign,35,0.977377,1095,2026-08-08 04:43:26,d2d4 a7a5 e2e4 d7d5 e1e2 b8c6 f2f4 d5e4 c1e3 c8h3 b1a3 h3g2 h2h3 g2h3 d1d2 h3f5 f1h3 f5h3 b2b4 b7b5 e2e1 e7e5 c2c4 e5d4 e3f2 g8e7 f2d4 f7f5 d4g7 a8c8 g1f3 h8g8 a1b1 a5a4 b1a1
220,B,material_adjudication,121,0.933777,1100,2026-08-08 04:44:47,c2c3 g7g5 b1a3 b7b5 f2f3 b5b4 g2g3 f7f6 e2e4 c8b7 f3f4 f8g7 g3g4 b4a3 d1e2 b8c6 d2d4 g5f4 a1b1 c6b4 e2e3 d7d6 h2h3 c7c6 e3f4 b4d3 f1d3 h7h5 d4d5 c6c5 c1d2 h8h6 e1e2 g7f8 g4g5 a7a5 b2b3 c5c4 g5f6 c4d3 e2d3 e7f6 e4e5 f8e7 f4e3 a8b8 d3c2 e7f8 e3f3 h6g6 b1a1 g6g2 a1f1 b7d5 h1h2 g2g3 f3g3 f6f5 g3g6 e8e7 h3h4 f8g7 g1h3 b8a8 e5d6 e7f8 h3f4 g8f6 c3c4 d5e4 c2d1 a8b8 b3b4 e4f3 d1c2 a5b4 f4d5 f6d5 g6g5 d8g5 d2g5 g7d4 h2h3 d5f6 f1g1 f5f4 g1g3 f4g3 h3g3 f6e4 c2d3 e4g3 d3d4 b8a8 d4e3 f3d5 g5f4 d5c4 d6d7 f8e7 f4g3 e7d7 g3f4 a8a7 f4e5 a7a6 e5h8 b4b3 a2b3 a6g6 b3b4 a3a2 b4b5 d7d6 h8e5 d6e5 b5b6 e5f6 e3f3 f6g7 f3e4
221,B,checkmate,56,0.871549,1105,2026-08-08 04:48:14,b2b4 b7b5 g2g4 g7g5 f1h3 b8c6 f2f4 c8a6 e1f2 g5f4 f2f3 f7f6 h3g2 d7d6 d2d3 c6b8 b1a3 e7e5 d1d2 f6f5 e2e3 e8e7 a3c4 b5c4 d3d4 e7e8 a2a4 c7c6 a1a2 a6b7 h2h3 e5e4 f3f4 g8f6 f4f5 d6d5 c2c3 e8e7 g1f3 e4f3 g2f3 f8g7 h1g1 b7c8 f5f4 c8g4 h3g4 g7h6 f4e5 a7a5 b4b5 h8g8 a2a3 g8g5 e5f4 d8d6
222,W,checkmate,43,1.119374,1110,2026-08-08 04:50:11,d2d3 g8h6 b2b3 e7e6 b1a3 b7b6 a3b1 b8c6 c1a3 f8b4 a3b4 c6e5 g1h3 c7c6 c2c3 e5d3 e1d2 c8b7 c3c4 h6f5 g2g3 f7f6 e2e4 h8g8 e4f5 b7c8 d1e1 c8b7 h1g1 d8c7 h3f4 d3f4 b1c3 a8b8 c3e4 e6f5 e4d6 e8d8 g3f4 c7d6 b4d6 b7c8 e1e7
223,W,value_resign,43,1.017662,1115,2026-08-08 04:51:38,b1c3 g7g6 g2g4 a7a5 a2a3 h7h5 h2h3 f7f6 e2e4 h5g4 h3g4 a5a4 f2f3 f8g7 g4g5 e7e5 h1h8 d7d5 e1e2 a8a5 c3d5 c8h3 h8h7 c7c6 d2d3 g8h6 b2b4 h3f1 d1f1 f6g5 f3f4 g5f4 f1f3 b8a6 d3d4 d8f6 d4e5 e8f7 e5f6 b7b6 d5f4 c6c5 a1b1
224,B,material_adjudication,69,1.039807,1120,2026-08-08 04:53:40,h2h4 a7a6 e2e4 h7h5 b1c3 f7f6 h1h3 d7d5 a2a4 a8a7 c3d5 b8d7 h3g3 d7b6 f1c4 g8h6 a4a5 g7g6 c4f1 h6f5 e4e5 f5g3 d2d3 h8h7 c2c3 c7c5 f2f3 f6e5 g1h3 e8f7 a1a2 c5c4 a5b6 f8g7 d3d4 d8d7 f1c4 e7e6 d4e5 e6d5 f3f4 f7e8 h3g1 g3f5 g1e2 g7e5 g2g4 d5c4 g4f5 g6f5 d1d7 e8d7 c1d2 e5f4 b2b3 f4d2 e1d2 d7d8 e2g1 c8d7 d2e3 c4b3 e3f3 b3a2 c3c4 f5f4 g1h3 d7g4 f3f4
225,W,material_adjudication,66,0.855870,1125,2026-08-08 04:57:14,b1a3 h7h6 d2d3 g7g6 d1d2 a7a6 g1f3 d7d5 h2h4 c7c6 b2b4 d8d6 h1h2 d6h2 d3d4 c8d7 g2g4 h6h5 d2c3 h2f2 e1f2 e8d8 f1h3 e7e5 c3b3 f8b4 c2c4 e5e4 a3b5 d7f5 c1b2 d8e7 f3g1 c6c5 d4c5 g6g5 g4f5 h8h6 e2e3 g5g4 b3d3 e4d3 c4d5 g4h3 b2e5 e7d8 b5c3 f7f6 g1h3 b7b5 c5b6 b8c6 e5f4 a6a5 f4h6 b4e7 d5c6 g8h6 b6b7 h6f5 b7a8q d8c7 a8g8 a5a4 e3e4 f5h6
226,D,cap_draw,150,0.861088,1130,2026-08-08 04:58:09,e2e3 b8a6 f2f3 g8f6 g1h3 c7c6 h3g1 e7e5 c2c3 f6e4 f3e4 f8b4 g2g3 b4a3 h2h3 b7b5 b2b3 h7h5 b1a3 d7d5 e1e2 g7g5 e2f2 a6b8 b3b4 e8g8 f2e2 a7a6 f1g2 c6c5 g2f3 d5e4 b4c5 d8d3 e2f2 b5b4 c3b4 a6a5 c1b2 a5b4 d1e2 e4f3 f2f3 b8c6 e2d3 c8f5 d3f5 g8g7 d2d3 c6a7 f5e5 f7f6 e3e4 f6e5 f3e3 f8h8 b2c3 b4b3 e3e2 g5g4 h3g4 a8c8 d3d4 e5d4 a2b3 d4c3 a1f1 c8c5 h1h5 h8h5 g4g5 g7g6 e2f3 c5c4 b3c4 h5h8 g3g4 h8f8 f3g3 f8f1 c4c5 f1f8 c5c6 c3c2 a3c2 g6g5 g3g2 g5g6 g4g5 f8f4 c2b4 g6g5 c6c7 g5g4 c7c8q a7c8 g1h3 g4h4 h3f4 c8d6 g2f3 d6b5 f3e3 h4g3 e4e5 g3g4 e5e6 g4f5 b4c2 f5e5 e3e2 e5f4 e2f2 f4e5 f2f3 e5f5 f3e2 f5e4 e2f2 e4f5 f2f3 f5e6 f3e2 e6f6 e2f3 f6e6 f3e2 e6f6 e2f3 f6f5 f3e2 f5e4 e2f2 e4f5 f2f3 f5e5 f3e2 e5f5 c2e3 f5e4 e2f2 b5c7 f2g3 c7b5 g3f2 e4d3 f2g3 d3e4 g3f2 b5c7
227,W,material_adjudication,66,1.029041,1135,2026-08-08 04:59:20,b2b4 f7f5 e2e3 h7h6 c2c4 h8h7 d1e2 h6h5 d2d4 a7a5 e1d1 a5a4 g1h3 d7d6 f2f3 g8h6 d1d2 c8d7 b1c3 d7b5 e3e4 b5c4 d2e3 f5e4 g2g3 b7b6 f3e4 g7g5 e2c4 g5g4 f1g2 g4h3 e3d2 b8c6 c4c6 e8f7 h1f1 h6f5 f1f5 f7g6 e4e5 h3g2 c6g2 a4a3 c1a3 h5h4 c3e4 h4g3 e5e6 c7c6 h2g3 h7h6 g2f3 a8a7 f5f8 a7c7 e4d6 e7d6 d4d5 c7e7 f8d8 e7e6 a1b1 b6b5 g3g4 c6c5
228,B,material_adjudication,66,1.040485,1140,2026-08-08 04:59:56,b1c3 b7b6 e2e4 h7h6 g2g4 d7d5 a2a4 d5e4 f2f4 d8d5 f1b5 c7c6 g1f3 e7e6 h2h4 c8d7 h1h3 f8d6 a4a5 e8d8 g4g5 e4e3 e1e2 c6b5 a1a4 g8f6 c3b5 g7g6 f3g1 b6a5 b2b3 f6e4 b5d4 d5d4 d2e3 d4d1 e2d1 d6c5 h3f3 f7f5 c2c4 e4g5 e3e4 d8e7 h4g5 f5e4 f4f5 c5g1 f5f6 e7d8 d1e2 e4f3 e2f3 d7c6 f3e2 h6h5 b3b4 b8a6 b4b5 g1d4 c1e3 d4e3 e2d3 a8b8 a4a2 c6b5
229,B,checkmate,58,0.990362,1145,2026-08-08 04:59:57,g1f3 a7a5 b2b4 b7b5 f3e5 c8b7 b1c3 a5a4 h1g1 b8a6 f2f4 a8b8 c1a3 b7f3 e1f2 h7h5 g2f3 g7g6 d2d3 d7d5 f4f5 b8b7 e2e3 d8b8 c3d5 g6f5 d3d4 g8f6 e3e4 b8d8 f1g2 h8h7 e4f5 b7b6 e5c4 f6g8 f2g3 h5h4 g3f4 b6e6 c2c3 h7h6 d5c7 a6c7 d1d2 g8f6 h2h3 f8g7 g2h1 d8d7 h1g2 e6e2 a1b1 e2d2 f4e5 f6d5 f5f6 d7e6
230,B,material_adjudication,66,0.922644,1150,2026-08-08 05:00:49,b1a3 b7b5 g2g3 g8h6 a1b1 a7a5 g1h3 c7c5 c2c4 f7f6 h1g1 b8c6 b2b4 d7d5 b4c5 b5b4 a3b5 h6g4 g1h1 g4h6 a2a3 d5c4 d2d3 d8d7 d3c4 h6g8 b5d6 d7d6 g3g4 a8a6 h3f4 d6c5 f4d5 g7g6 b1a1 c6d4 d5c7 c5c7 e1d2 c7c6 c1b2 b4b3 a3a4 c6e6 f1h3 f8g7 c4c5 e6e5 b2a3 e5e4 f2f3 e8d7 f3e4 b3b2 c5c6 d7c6 e4e5 b2a1q e5f6 a1d1 h1d1 g6g5 h3g2 c6d7 e2e3 e7e6
231,B,material_adjudication,81,1.029471,1155,2026-08-08 05:02:15,b2b4 b8c6 c2c3 e7e5 h2h3 g8f6 f2f3 f6e4 e2e3 d8e7 c3c4 b7b6 g2g3 c8b7 b1c3 h7h6 f3e4 h8h7 c4c5 b6c5 e1e2 c5b4 d2d4 c6d4 e3d4 b7e4 d4e5 e4d3 e2d3 a7a5 c1a3 e7d8 d1c1 b4a3 e5e6 c7c5 d3c2 g7g5 c1f4 d7e6 f4c7 d8c7 f1c4 e8e7 g3g4 c7g3 h1h2 a5a4 h2e2 h7h8 c4d5 e7f6 c3e4 f6e7 e4g3 h8g8 e2e3 f7f6 g3f5 e7d8 f5d6 e6d5 h3h4 d5d4 h4g5 h6g5 e3g3 d8e7 d6c8 a8c8 a1e1 e7d7 e1d1 f8d6 g1f3 d6g3 d1d4 c5d4 c2d1 d7d6 f3e5
232,W,material_adjudication,74,0.897080,1160,2026-08-08 05:02:33,a2a3 f7f5 h2h4 c7c5 h1h2 a7a5 f2f3 d7d5 h4h5 c5c4 g1h3 f5f4 d2d3 g7g6 d3c4 b8c6 h5g6 d8c7 h3g1 d5d4 b2b3 f8g7 a3a4 h7g6 e2e3 h8h4 f1d3 a8b8 g2g3 g8f6 d3g6 e8d7 a1a2 b7b5 e3f4 h4h2 c4b5 c8b7 c2c3 d7d6 c1a3 c6b4 a3c1 b4d3 e1f1 d4c3 b1c3 c7d8 f4f5 b7f3 c3d5 d6d5 g1f3 d5e4 a2h2 e7e5 f5e6 e4d5 d1d3 d5c5 f3e5 d8d3 g6d3 c5d6 f1e2 b8b6 e2d2 f6e4 d3e4 d6e6 e4c6 e6f6 b3b4 a5b4
233,B,value_resign,62,0.993206,1165,2026-08-08 05:02:33,a2a3 c7c5 b1c3 e7e6 d2d4 c5c4 g2g3 f7f6 f1g2 g7g6 h2h4 f8b4 f2f4 e8e7 d4d5 d8e8 g1h3 b7b5 d1d4 g6g5 g2f1 e7d8 h3g5 e8f8 d4a7 d8e8 b2b3 g8e7 a1b1 b8c6 a7f2 d7d6 f4f5 e6f5 f1g2 b4c3 e1d1 c8a6 d5c6 e8d8 f2d4 c3d4 h1g1 b5b4 h4h5 c4b3 c6c7 d8c7 e2e4 h8g8 h5h6 d4g1 g5h3 g8g3 a3a4 d6d5 a4a5 d5e4 c2c3 a8b8 d1d2 f8g7
234,W,checkmate,43,1.000936,1170,2026-08-08 05:06:09,c2c4 b8c6 g2g4 a8b8 b2b4 c6d4 b1a3 a7a5 h2h4 g7g6 f1g2 h7h5 d1c2 h8h7 c4c5 e7e6 h1h2 f8c5 e1d1 e8e7 c2f5 b7b6 g2h1 c5b4 g1f3 g6g5 a1b1 h5g4 f3d4 h7h8 f2f3 d7d6 f5g5 g8f6 b1b4 d6d5 d4c6 e7f8 c6d8 g4f3 g5f6 d5d4 f6f7
235,W,material_adjudication,94,1.016093,1175,2026-08-08 05:06:27,e2e4 g8f6 a2a4 h7h6 h2h4 b7b6 g2g3 d7d5 c2c4 g7g6 b1a3 f6h5 f2f3 f7f5 g1e2 h8g8 d1c2 c7c5 a3b5 f5e4 e2c3 g6g5 a1b1 b8a6 b2b4 f8g7 b5d6 e7d6 f1h3 c8b7 g3g4 c5b4 c3d5 b7d5 e1e2 d8c7 c1b2 g7e5 h1g1 g8f8 h4g5 h6g5 f3f4 e8e7 c4d5 f8g8 f4e5 b6b5 c2c7 a6c7 d2d3 a7a6 a4b5 a6b5 e5e6 c7e6 d5e6 b4b3 g4h5 b5b4 e2f2 g5g4 b1c1 g4h3 g1g8 d6d5 c1c3 e7d6 c3c4 a8g8 h5h6 g8f8 f2g3 f8g8 g3h3 d5d4 c4d4 d6e6 h3h4 e4e3 b2c3 e6e5 d4g4 e5f5 g4g8 e3e2 g8c8 e2e1q c3e1 f5f6 h4g3 f6f5 d3d4 f5e4
236,W,material_adjudication,84,0.920367,1180,2026-08-08 05:07:01,c2c4 g7g6 e2e4 b7b5 f2f3 c7c5 f1e2 d7d6 d1c2 e8d7 g2g4 h7h5 b1c3 b5c4 f3f4 d6d5 g1f3 g8f6 d2d4 h8g8 h2h4 e7e5 c1d2 d7c6 h1h2 f8e7 d4c5 c8d7 f4e5 f6e8 b2b3 e7f6 c3d5 d7f5 e2d1 g6g5 f3g1 d8d6 e4f5 c4c3 e1f2 c3d2 c5d6 c6d5 c2c4 d5e5 b3b4 f6e7 b4b5 e5d6 b5b6 b8c6 a2a3 g5h4 f2g2 e7f6 a1b1 d6e7 g2f3 g8g6 f5g6 c6d4 c4d4 f6d4 h2h4 e7d7 g6g7 a7b6 h4h5 a8c8 d1e2 d4e3 e2d3 d2d1q b1d1 b6b5 f3e2 d7d6 e2e3 f7f6 e3e4 d6c6 e4d4 b5b4
237,B,value_resign,58,0.990872,1185,2026-08-08 05:08:23,e2e4 b7b5 d2d3 e7e6 b1a3 c7c5 e1e2 f7f5 c1f4 g7g5 h2h3 b8c6 e4e5 c5c4 c2c3 c6e5 h1h2 g5f4 d1b3 e5g6 a3c4 a7a6 b3a3 d8h4 g1f3 b5c4 a3f8 e8f8 f3h4 f8e7 h4g6 h7g6 h3h4 d7d5 h2h3 a8b8 h3g3 c4d3 e2d3 f4g3 c3c4 f5f4 f2f3 e7d7 b2b4 h8h7 c4d5 e6d5 d3c2 a6a5 b4a5 g8f6 f1b5 b8b5 c2c3 h7h4 a1f1 h4h7
238,W,value_resign,65,1.019564,1190,2026-08-08 05:08:57,h2h3 h7h6 c2c4 d7d5 d2d3 a7a5 g2g3 a8a6 c4d5 a6f6 b1a3 g7g6 f2f3 b8c6 d5c6 f6f3 d1c2 g6g5 g3g4 a5a4 c2c3 f3e3 c3h8 c8f5 c1e3 h6h5 h1h2 h5h4 h2h1 f5e4 h8f6 e4c6 e3d4 g8f6 h1h2 f6d5 e1f2 e7e6 f1g2 d8d7 d4f6 f8a3 d3d4 d5f6 b2b4 b7b5 d4d5 f6g4 h3g4 e6e5 g1f3 f7f6 f3e1 e5e4 d5c6 e4e3 f2e3 f6f5 g2f3 e8f7 c6d7 c7c6 f3e4 c6c5 a1b1
239,B,material_adjudication,77,1.024240,1195,2026-08-08 05:10:03,c2c4 d7d5 b2b4 b7b6 b4b5 g8f6 c1b2 f6d7 c4c5 d5d4 f2f3 b8a6 b5a6 h7h6 a2a4 d7b8 h2h3 f7f5 b2c1 h6h5 h3h4 b6c5 d2d3 h8h7 h1h2 b8c6 g2g4 d8d7 f1g2 c8a6 b1c3 c5c4 c1d2 d4c3 d3c4 d7d3 e2e3 c3c2 d1c2 d3c2 d2c3 e8d7 c4c5 g7g5 e3e4 c2d3 e4f5 g5h4 f5f6 d3c3 e1d1 c6d4 h2h4 c3c2 d1e1 e7f6 g4h5 f8g7 h4d4 d7c6 a1a2 a8e8 d4e4 f6f5 a2c2 a6d3 e4e5 f5f4 g1h3 g7e5 c2c4 d3c4 h3f4 e5f4 e1f2 e8f8 a4a5
240,D,cap_draw,150,1.070395,1200,2026-08-08 05:10:52,g1h3 g8h6 b1c3 c7c6 a2a4 e7e5 h3f4 f7f5 g2g3 f8e7 f4e6 f5f4 g3g4 g7g6 h2h3 e7a3 e6g7 e8f7 d2d4 d7d5 f1g2 b8a6 d1d2 c8g4 a1a2 f7f6 b2b4 g4f3 d4e5 f6g7 c3d5 d8d5 h1f1 h6f5 d2d5 b7b5 e2f3 c6d5 c1f4 f5g3 c2c4 d5d4 c4c5 g6g5 f4g5 a6b4 f3f4 h7h6 e5e6 a8b8 g2e4 g3e4 a2a3 h8h7 f1g1 e4g5 a3f3 b4d3 f3d3 b8c8 f4g5 h6h5 f2f3 b5b4 d3d4 a7a6 d4b4 h5h4 e1d1 a6a5 b4b5 c8c5 b5b6 c5g5 d1d2 g5g1 b6c6 g7f6 c6c5 f6e6 c5c6 e6f7 c6c7 f7f6 c7h7 g1g6 h7c7 f6e6 d2e2 e6f6 f3f4 f6f5 e2f3 f5e6 f3e2 e6f6 e2f3 f6f5 f3e2 f5e4 e2f2 e4f5 c7c8 f5e4 c8f8 g6e6 f8f7 e6d6 f2e2 d6e6 e2f2 e6f6 f7f6 e4d5 f2e1 d5d4 f4f5 d4e5 f6f7 e5d6 e1d1 d6e5 d1e1 e5d6 f7d7 d6d7 e1f2 d7d6 f2f3 d6e5 f3e3 e5f5 e3f3 f5e5 f3e2 e5f5 e2f3 f5f6 f3f4 f6g7 f4e5 g7h8 e5f4 h8g7 f4e4 g7f6 e4f4 f6e7 f4f3 e7f7
241,B,checkmate,52,0.933192,1205,2026-08-08 05:12:44,a2a3 d7d5 e2e4 e8d7 d1e2 g7g6 f2f3 f8g7 g2g4 g6g5 a3a4 e7e5 e2f2 g7f6 c2c4 d7e7 e4d5 c8g4 f3g4 b8c6 f2f6 g8f6 g1f3 d8d7 c4c5 d7d6 f1g2 e7d7 d2d3 a8f8 b1a3 d6c5 a1a2 c6d4 f3e5 d7d8 e5c6 b7c6 c1d2 c5a3 d5d6 h7h5 e1d1 c6c5 h1g1 a3b3 d1c1 a7a6 h2h4 f6g4 g2h3 b3c2
242,W,checkmate,19,1.097387,1210,2026-08-08 05:15:09,b2b4 d7d6 h2h4 b8c6 g2g4 a7a6 c2c4 e8d7 c4c5 g7g5 d1b3 d6c5 e1d1 f7f5 b1a3 d8e8 a1b1 c5b4 b3d5
243,B,checkmate,50,1.099837,1215,2026-08-08 05:16:00,c2c4 b7b6 e2e3 e7e6 d1g4 c7c5 g4g7 g8h6 d2d4 f8d6 e1d2 f7f6 f1e2 h8f8 d2c2 f6f5 g2g4 b8c6 e2f3 d8f6 c2d2 h6g4 f3d5 e8d8 h2h4 f6g7 e3e4 c6d4 f2f4 g4e5 b1c3 f5e4 a2a4 f8f4 b2b3 h7h6 g1h3 a7a6 d5e6 d7e6 h1g1 a8a7 b3b4 e4e3 d2d1 d8e7 b4b5 g7g1 h3g1 f4f1
244,B,checkmate,62,1.064877,1220,2026-08-08 05:17:59,d2d3 c7c5 g2g3 d7d6 b2b4 g7g6 f2f3 g6g5 h2h4 c5c4 f1g2 f7f6 h1h2 d8c7 c1b2 f8g7 b2f6 b8c6 g1h3 d6d5 g3g4 a7a5 d3c4 d5c4 h3g1 g8f6 b4a5 h8g8 d1c1 b7b6 a2a4 e8d7 b1a3 f6d5 c1f4 d5f4 g2h3 g7a1 e1f2 g5h4 h3g2 d7e6 a3c4 e6d7 c4d6 b6a5 g1h3 c6d4 h3f4 c7d6 f4e6 a8b8 f3f4 h7h5 g4h5 g8g5 f4g5 d6h2 g5g6 h2g3 f2g1 b8b1
245,B,material_adjudication,66,1.027522,1225,2026-08-08 05:18:16,d2d3 b7b5 b1a3 e7e6 g2g3 f7f6 a1b1 c7c5 f1g2 g7g6 e1d2 d7d5 d2e1 c8d7 f2f3 a7a5 e1d2 e8e7 b2b3 d7c8 a3c4 g8h6 c4a5 b8a6 f3f4 d5d4 c2c4 h6f5 c1b2 e7d6 b2d4 c5d4 c4b5 d6d7 g1f3 a6c5 d1c1 c5e4 d3e4 h7h6 h1g1 d8e7 b1a1 e6e5 b3b4 f5e3 f4f5 c8a6 c1b2 a6b5 a2a4 b5c4 a5c4 g6f5 e4f5 e3c4 d2d1 c4b2 d1d2 e7b4 d2c2 b2a4 f3d2 b4c3 c2d1 d7d8
246,W,value_resign,73,0.898483,1230,2026-08-08 05:19:40,b2b4 g7g5 c1a3 g8f6 f2f4 f6g8 g2g3 f7f6 g3g4 b8c6 e1f2 f6f5 h2h3 g5f4 g4f5 a7a5 b1c3 d7d6 d1b1 a5b4 f1g2 b7b6 c3d5 c6d4 h3h4 f4f3 e2e3 g8f6 a3c1 f6e4 f2e1 h8g8 g2f3 a8a7 g1h3 g8g2 e1d1 c7c6 b1b4 d8c7 f3g2 e7e5 h1g1 e8d7 b4b5 c6b5 d5c7 d4f5 g2f3 b5b4 d2d4 b6b5 d4d5 d7c7 a2a4 c7d8 a4b5 c8a6 a1a6 a7a6 b5a6 f8e7 d1e2 e7f8 c1a3 d8d7 c2c3 f8e7 g1f1 h7h6 c3c4 b4b3 c4c5
247,B,value_resign,66,0.993141,1235,2026-08-08 05:20:48,a2a3 h7h6 f2f3 b7b5 h2h3 g7g6 b1c3 h6h5 c3a4 a7a5 e1f2 b8a6 a1b1 f8h6 a4c3 a6b8 c3a2 c8b7 h1h2 b5b4 d1e1 b4a3 c2c3 d7d6 d2d3 g6g5 c1g5 h8h7 f3f4 f7f6 f2g3 c7c6 e2e3 b8a6 g1e2 f6f5 e1d2 c6c5 b2a3 b7d5 d2c2 a6b4 c3c4 b4c2 c4d5 c2e3 b1a1 h6f8 g3f3 d8d7 e2g1 c5c4 h3h4 g8f6 g5f6 e7f6 g1h3 c4d3 f3e3 d3d2 a1e1 d2e1q f1e2 f8g7 a3a4 a8a7
248,B,checkmate,18,1.019174,1240,2026-08-08 05:23:03,d2d4 e7e6 c1d2 a7a5 b2b3 g7g6 f2f3 f7f6 d4d5 e8e7 h2h3 b7b6 g2g4 f8h6 b1a3 h6g5 c2c3 g5h4
249,B,checkmate,52,0.997293,1245,2026-08-08 05:23:20,g1f3 b8a6 c2c4 h7h6 d2d4 g7g6 b1c3 b7b5 d4d5 h6h5 e1d2 g6g5 f3g1 h8h6 c4c5 a6c5 g2g3 b5b4 f2f4 c8a6 f4f5 a6b7 d5d6 b7e4 f1g2 g8f6 d6e7 f8e7 d1a4 b4c3 d2c3 e4g2 a4d1 f6d5 c3d2 h5h4 a1b1 h4g3 h2g3 a7a5 h1h6 c5a6 b2b3 d7d6 h6f6 e7f8 g1h3 g2h3 b3b4 d8f6 a2a3 f6c3
250,B,material_adjudication,89,0.921739,1250,2026-08-08 05:24:47,g2g3 a7a5 b1a3 c7c5 h2h3 f7f6 f1g2 h7h5 f2f3 c5c4 a1b1 e7e6 c2c3 g7g6 h1h2 f8a3 b2b4 b8a6 e2e4 h8h6 g3g4 a6c7 b4a5 b7b6 d1e2 f6f5 h3h4 g8e7 g4g5 a3c1 d2d4 a8a5 f3f4 d7d6 e1f2 f5e4 b1b5 a5b5 d4d5 e6e5 g1h3 b5b4 a2a4 b6b5 a4b5 c8a6 f4f5 g6f5 g2f3 e7c6 f3g4 f5f4 g5h6 c6d4 h3f4 c7e6 d5e6 e8e7 b5b6 d4e6 f2g2 e7f6 f4h5 f6f7 g4e6 f7e7 g2f1 b4b3 h2h3 c1f4 f1g1 b3c3 h3c3 f4d2 e2e3 d2e3 c3e3 c4c3 e3e2 a6e2 g1g2 c3c2 g2h1 c2c1q h1h2 e7e8 e6d5 c1c2 h2g3
251,B,material_adjudication,67,1.007393,1255,2026-08-08 05:25:14,g2g4 a7a5 h2h4 b8a6 g1h3 f7f6 h3g1 a8a7 e2e4 b7b5 b1c3 e7e6 h1h2 g7g6 g4g5 e8e7 d1h5 d7d5 a2a4 d5e4 h5d1 f8h6 b2b3 e7d7 f2f4 d8e8 c3d5 e6d5 a1b1 h6g7 f1b5 c7c6 g1f3 c6b5 g5f6 g8f6 a4b5 e4f3 e1f2 h8f8 b3b4 a5b4 b1b4 d5d4 b4d4 d7e6 f2f3 e8b5 d2d3 f6d5 d4d5 b5d7 d5d7 e6d7 d3d4 a7a8 d4d5 f8f5 c1d2 f5d5 d2b4 d5d1 b4c5 a6c5 h4h5 g7c3 h5g6
252,W,value_resign,52,1.120564,1260,2026-08-08 05:27:30,c2c4 b7b5 g2g4 b5c4 d2d3 b8c6 d3c4 a8b8 c1d2 d7d6 h2h4 c8e6 b2b3 e8d7 c4c5 g7g6 d2c1 d6d5 c1b2 f7f6 h4h5 a7a6 h5g6 h7g6 e2e3 g8h6 f2f3 h8g8 b1a3 h6g4 d1d2 g4e5 f3f4 c6d4 b2d4 f8g7 g1f3 b8b4 f1e2 g7h6 a1b1 h6g5 b1a1 d7c6 h1h2 g5f4 e3f4 g6g5 a1b1 d8c8 e1d1 a6a5
253,W,checkmate,73,0.889734,1265,2026-08-08 05:28:57,b2b4 b8a6 g2g4 c7c6 g1f3 g8h6 g4g5 e7e5 c1b2 e8e7 f3e5 e7e8 b1c3 b7b5 g5g6 a8b8 b2a3 d7d5 f1g2 h7g6 d1b1 h6f5 b1d1 d8c7 f2f4 c8b7 d2d3 f7f6 e2e3 h8g8 h1g1 f5d4 e3d4 c7d7 c3d5 f6e5 h2h4 e5e4 c2c4 f8e7 g2f1 g6g5 e1e2 c6d5 g1g3 a6b4 e2d2 b8a8 f1g2 a8b8 g2h3 d7d6 g3f3 b8a8 a1b1 e8f8 d1e1 e4f3 b1a1 a8b8 c4d5 b4d5 a3d6 b5b4 d6e7 f8e8 e7g5 d5e3 d4d5 e8f8 h3f5 e3g4 e1e7
254,B,value_resign,98,1.143670,1270,2026-08-08 05:30:08,b1a3 a7a6 d2d3 e7e6 a1b1 d7d6 g2g3 a8a7 c2c3 g7g6 b2b4 g8e7 e1d2 f7f5 f2f4 b7b5 f1g2 b8d7 g2f1 d6d5 g1f3 h7h6 d1e1 e7g8 f3e5 h6h5 f1g2 f8b4 c3b4 d8e7 b1a1 e7d8 e5g4 h5g4 h2h4 g4h3 h1h2 d7f6 g2d5 e6d5 e1d1 a6a5 h2h3 a7b7 h3h8 d5d4 d2c2 b7a7 h8h2 e8e7 a1b1 f6d5 h2h7 e7f6 b1a1 a5b4 h7h2 c7c6 a3c4 a7d7 c4e3 d7c7 c1a3 c7d7 e3c4 d7c7 e2e4 g6g5 e4d5 c6d5 a1b1 d8d7 b1a1 c7c6 d1d2 c8b7 h2h4 g5g4 d2d1 g8e7 h4h2 b5c4 d1e1 c4d3 c2d3 b4b3 a1b1 c6c2 a3b4 c2c5 d3d4 c5c4 d4d3 d5d4 e1e2 c4c7 b1e1 b7a8
255,W,checkmate,19,1.013538,1275,2026-08-08 05:30:42,b1c3 h7h6 a1b1 b7b6 d2d4 b8c6 e2e4 a8b8 f2f4 g7g5 g2g3 a7a5 a2a3 a5a4 f1h3 c6d4 f4f5 f7f6 d1h5
256,B,material_adjudication,89,1.098612,1280,2026-08-08 05:31:17,g1f3 h7h5 g2g3 f7f6 a2a3 b8c6 a1a2 b7b5 e2e3 c6d4 f3g1 d4f3 e1e2 g7g6 e2d3 b5b4 b1c3 b4c3 b2b4 g8h6 g1f3 c3d2 f3e5 f8g7 e5g6 e8f7 h1g1 d7d6 b4b5 c7c6 d3e2 f6f5 e3e4 c6c5 g3g4 c5c4 f1h3 d2c1q e2f3 c1d1 f3f4 d8f8 e4f5 f8e8 g6h8 f7f8 h3g2 h6g4 f5f6 c8b7 f4g3 a7a6 g1d1 g4e5 f2f4 b7e4 c2c3 h5h4 g3f2 g7f6 a3a4 d6d5 d1c1 d5d4 a2e2 e7e6 a4a5 f8e7 h2h3 e5d3 f2g1 a6b5 e2e4 d4c3 c1c3 b5b4 c3d3 c4d3 h8f7 e6e5 f7d6 a8b8 a5a6 e7d6 f4f5 b8a8 e4g4 e5e4 g1f2
257,B,value_resign,24,0.978540,1285,2026-08-08 05:31:51,g1f3 a7a5 b2b4 d7d5 b1c3 c8h3 a1b1 a5b4 h1g1 g7g6 e2e4 a8a7 a2a4 h7h6 f1e2 d5d4 c3a2 h8h7 f3h4 h3g4 e1f1 e7e5 h2h3 a7a6
258,B,material_adjudication,66,0.879991,1290,2026-08-08 05:34:10,e2e3 b7b5 g2g4 e7e6 c2c4 a7a5 a2a3 b5c4 f1e2 c8a6 f2f4 h7h5 d1c2 g7g5 e2d3 f8h6 c2d1 h8h7 g4h5 h6g7 g1h3 g8e7 a1a2 f7f6 e1e2 e7f5 h1g1 g5g4 b2b3 d8c8 g1g3 c4d3 e2f2 f5g3 b1c3 f6f5 c3e4 g3e4 f2g2 g4h3 g2f3 c8d8 b3b4 a5b4 a3b4 d7d6 c1b2 e8f7 a2a3 b8c6 b4b5 a8b8 d1b3 c6d4 e3d4 c7c6 d4d5 b8a8 b3b4 e6e5 a3a4 a8b8 f4e5 a6b7 f3f4 b8a8
259,B,material_adjudication,133,0.919168,1295,2026-08-08 05:35:03,a2a4 e7e5 h2h3 d8f6 d2d4 c7c5 g2g4 e8d8 e2e4 a7a5 f1g2 h7h6 c2c3 g7g5 f2f3 h8h7 f3f4 a8a7 f4g5 b8a6 e1e2 h6g5 h3h4 b7b5 g2f3 h7h5 a4b5 d7d5 c1f4 e5d4 h4g5 f8e7 g5f6 d4c3 b1a3 g8f6 g4g5 h5g5 h1h2 c8g4 e4e5 g5e5 f4e5 g4f5 d1e1 d8c8 e2f2 c8d7 b2b4 a6b4 g1h3 e7d6 a1b1 f6g4 f2g2 g4e3 e1e3 b4d3 e3c5 d3c5 f3d5 c5b3 b1b2 c3b2 e5d6 b2b1q a3b1 f7f6 b1a3 b3d4 d5b3 d4b5 d6c5 f5e4 g2f2 b5a3 b3d5 e4d5 h3f4 a3c4 f4d5 c4e5 c5a7 d7d6 a7d4 e5d3 f2f3 d6d5 f3e2 d5d4 e2d2 d3e5 h2f2 a5a4 f2f6 d4e4 f6f2 a4a3 d2e2 a3a2 e2d2 a2a1q f2e2 e4f5 d2e3 a1c3 e3f2 f5f4 e2e3 c3c8 e3e1 c8g4 e1e3 e5g6 e3d3 g4e6 d3d4 f4e5 d4d2 e6c4 f2f3 e5f5 f3g2 f5f4 d2d5 g6e7 g2h1 e7d5 h1g1 f4e5 g1h1 e5e4 h1g1
260,B,value_resign,46,0.949432,1300,2026-08-08 05:36:30,a2a3 d7d6 d2d4 c7c5 a1a2 c5d4 c2c4 f7f6 b1c3 d4c3 d1c2 b7b5 g1f3 e8f7 c2b1 h7h5 f3e5 d6e5 b1g6 f7g6 b2b3 a7a5 c4c5 c8b7 a2a1 d8c8 a3a4 c8e6 c1b2 b7d5 a1a2 h8h7 b2c1 b8c6 e2e3 b5b4 h2h3 e5e4 f2f3 c3c2 c1b2 c6d4 g2g4 a8b8 h1h2 b8c8
261,W,material_adjudication,66,1.079424,1305,2026-08-08 05:40:01,c2c3 b8c6 c3c4 c6b8 b2b4 h7h6 g1h3 h8h7 g2g3 d7d6 d2d4 b7b5 b1c3 f7f5 f1g2 d8d7 c4c5 h6h5 d1c2 g8f6 c2a4 c8b7 f2f3 g7g5 a4a3 f8g7 d4d5 g7h6 e2e3 d7d8 e1d2 e7e5 d5e6 b7d5 e3e4 e8e7 h3g5 f6e4 f3e4 d5e4 c3e4 b8a6 e4d6 c7d6 a3d3 e7f6 c5d6 d8d7 g2a8 a6b4 a1b1 d7d6 d3d6 a7a5 d6f8 h6f8 c1b2 f6g6 g5e4 f8h6 d2c3 h6e3 a2a4 b4d3 c3d3 f5e4
262,W,material_adjudication,104,0.981725,1310,2026-08-08 05:40:37,b1c3 h7h6 a1b1 e7e5 g2g3 g7g5 d2d4 h6h5 c3d5 b7b6 d5b4 h8h6 h2h3 g8f6 h3h4 a7a5 h1h2 c8b7 b1a1 e5d4 g1f3 f6e4 f3d4 f8b4 c2c3 g5h4 b2b3 a5a4 d1c2 b8c6 c3b4 c6d4 b4b5 d7d6 g3h4 f7f5 f1h3 b7c8 c1h6 d8d7 f2f4 d4c2 e1f1 a8a7 h3f5 e8f7 f5d7 c8a6 b5a6 a7a6 h6f8 c2d4 b3b4 f7g6 f4f5 g6f6 a2a3 c7c6 d7c6 a6a7 f1g2 e4c5 b4b5 a7h7 h2h3 c5e6 f5e6 d4e6 c6e4 f6e5 e4f5 e5f5 f8e7 f5e4 g2g3 h7e7 h3h2 e7f7 a1b1 e4e3 g3g2 f7f4 b1a1 e3e4 g2h1 e4d5 h1g2 d5c4 e2e3 c4b5 e3f4 d6d5 g2f3 d5d4 f4f5 b5c6 f3e2 b6b5 f5e6 b5b4 a3b4 a4a3 a1b1 c6d6
263,B,value_resign,54,1.041085,1315,2026-08-08 05:46:07,d2d4 e7e5 a2a4 e5d4 e2e4 g8f6 d1e2 f8c5 g1h3 a7a5 b1c3 a8a6 g2g3 d7d5 a1a2 d4c3 h3g5 h7h5 f1g2 f6h7 b2b3 b7b5 f2f4 c5g1 e1f1 b5a4 e2e3 f7f5 e4f5 c8e6 e3f3 d5d4 f1e1 e8e7 b3a4 e7f6 c1e3 d8c8 e1e2 g1e3 h1d1 f6f5 d1c1 e6a2 c1g1 g7g6 g5h3 a6e6 g1c1 a2c4 e2d1 c4d5 h3f2 c7c5
264,W,checkmate,55,1.069266,1320,2026-08-08 05:47:06,e2e3 a7a5 c2c4 b7b5 d1b3 b5c4 f2f4 g8h6 b3b8 e7e6 b8a8 c7c6 a2a3 d7d6 a8b8 c6c5 f4f5 f7f6 g2g3 h6f5 d2d3 e8d7 b1c3 e6e5 c3a2 g7g6 d3d4 h7h6 a3a4 f5g3 h2g3 c5d4 a1b1 h8g8 b8b5 d7c7 f1c4 d6d5 e1d2 f6f5 b2b4 f8b4 d2e2 d8e7 e3e4 f5e4 c1g5 h6g5 b1b3 b4c5 c4d5 c8b7 b5b7 c7d6 b7c6
265,W,material_adjudication,70,1.158152,1325,2026-08-08 05:48:22,f2f3 b8c6 g2g3 f7f6 b1a3 a7a5 h2h3 d7d5 a1b1 d5d4 e2e3 c6a7 c2c3 c7c5 f1d3 a5a4 h1h2 g7g6 e1e2 c5c4 e2e1 a7c6 d3f5 g6g5 h3h4 d4d3 f5g4 h7h5 e1f2 c8f5 g1h3 h8h7 f3f4 b7b6 b2b4 f8g7 g4h5 e8f8 a3c4 g5f4 e3f4 f5e4 h3g5 f6g5 c1b2 h7h6 g3g4 g7e5 f2g3 c6b4 c3b4 b6b5 b2c1 d8d5 c4e5 g5h4 g3f2 h4h3 h2h3 f8g7 c1a3 d5d8 f2e3 a8a5 b4a5 h6b6 a5b6 g7f8 e3e4 b5b4
266,D,rule_draw,144,0.984888,1330,2026-08-08 05:48:42,c2c3 h7h5 d2d3 g8f6 c1g5 f6d5 g5d2 b8c6 c3c4 h8h7 c4c5 d7d6 e2e3 d5b6 g2g4 g7g5 f2f4 g5f4 f1g2 a7a5 b1a3 f7f5 g2h3 d8d7 g4f5 b6a4 d1b3 a8b8 b3a4 d7f5 h3f5 e8f7 g1e2 c8f5 a4b5 f5d3 e2f4 d3b5 h2h3 b5f1 c5d6 f8g7 h1h2 h5h4 e1d1 c6d4 e3d4 b7b5 f4d5 f1e2 h2e2 b5b4 d2g5 b4a3 b2a3 h7h5 e2f2 g7f6 a3a4 h5g5 d1d2 e7d6 f2f6 f7g7 a1c1 c7c6 f6f4 c6d5 c1c7 g7h8 d2d3 b8e8 c7f7 h8g8 a2a3 g5g2 f4f3 e8d8 f7f4 g2g5 f4g4 g8g7 g4g5 g7h8 g5g6 d8e8 f3e3 e8e3 d3e3 h8h7 g6g8 h7g8 e3f3 g8h8 f3g2 h8g8 g2f2 g8h8 f2f3 h8g8 f3g2 g8h8 g2h1 h8h7 h1g2 h7g7 g2f2 g7f6 f2e2 f6g7 e2f2 g7f6 f2e2 f6f5 e2f2 f5e4 f2f1 e4d3 f1g2 d3e2 g2h1 e2f2 h1h2 f2e1 h2g2 e1d1 g2f1 d1d2 f1g2 d2d1 g2h1 d1e1 h1g2 e1d1 g2h1 d1e2 h1h2 e2e1 h2g2 e1d1 g2f2 d1c1 f2g2 c1d1
267,B,checkmate,58,0.996966,1335,2026-08-08 05:48:42,c2c4 e7e5 g1f3 f8b4 h2h3 b8a6 f3d4 d7d5 h3h4 e8d7 f2f3 a6b8 b1a3 g8e7 g2g3 f7f6 c4c5 a7a6 e2e3 e5e4 a1b1 g7g6 d4e2 a6a5 f3f4 a8a7 f4f5 e7f5 e2g1 d5d4 g1f3 b7b5 h4h5 a7a6 h5g6 h7g6 f3e5 f6e5 b2b3 h8h1 a3c4 d4e3 d1h5 a6a8 h5g6 d7e7 c4e5 b4c5 g6f5 c8f5 b3b4 b8a6 c1b2 c7c6 e1e2 a8b8 f1g2 d8d2
268,B,material_adjudication,113,1.035942,1340,2026-08-08 05:49:18,h2h3 b8c6 h3h4 e7e6 b1a3 g7g5 e2e4 f8c5 d1h5 c5f2 e1e2 c6a5 g2g4 f2c5 a3b1 c5f8 f1g2 e8e7 e2d3 a8b8 b2b3 b7b6 c1a3 d7d6 h4g5 b8b7 h5h3 f7f5 g1f3 f8h6 e4f5 e6f5 d3e2 g8f6 e2f2 f6g4 f2e1 g4e5 f3e5 a5b3 h3f5 c8f5 b1c3 d8d7 e5d7 b3d4 d7e5 e7d8 g2e4 d6e5 h1h3 h6g7 c3b5 d4b5 e1d1 h8g8 e4f3 h7h5 d2d4 a7a5 g5g6 c7c6 d4e5 g7e5 c2c4 b5d4 f3e2 g8f8 e2f3 f8f7 f3e2 c6c5 e2f3 a5a4 a3c5 b6c5 a2a3 h5h4 g6f7 b7f7 d1d2 f7f6 d2c3 d8c7 a1a2 e5f4 f3g4 f5g4 a2f2 d4f5 f2f3 g4f3 h3f3 f6h6 f3f4 h6f6 f4f5 f6f5 c3d3 c7c6 d3e4 f5g5 e4f4 h4h3 f4g5 h3h2 g5f6 h2h1q f6e5 h1h4 e5e6 h4c4 e6e7
269,W,material_adjudication,72,1.044342,1345,2026-08-08 05:50:27,h2h4 b8c6 g2g4 a7a6 b2b3 e7e5 d2d3 f8b4 b1c3 g8f6 h1h3 d8e7 a2a4 c6d8 a1b1 f6e4 a4a5 e7f6 c1b2 e8e7 d3e4 d7d5 d1d4 c8d7 e1d2 g7g6 d4e5 d8e6 b2c1 h8d8 e5f6 e7f6 e4d5 h7h6 f2f3 g6g5 h4h5 c7c6 e2e3 e6d4 f1b5 a6b5 d5d6 b4a3 b3b4 d8c8 c3d5 c6d5 e3e4 d7g4 c1a3 g4h3 f3f4 d5e4 d2e3 a8b8 f4g5 h6g5 c2c4 c8c7 c4b5 d4b5 a5a6 g5g4 d6c7 f6f5 c7b8q g4g3 g1f3 h3g4 b8g3 g4h5
270,W,checkmate,63,0.993317,1350,2026-08-08 05:50:44,e2e4 e7e5 g1f3 g8f6 b1c3 f8c5 c3b1 h7h6 d1e2 c5b4 g2g4 b8a6 f1g2 g7g6 f3e5 f6g4 c2c4 g6g5 f2f4 f7f6 f4f5 a6c5 b2b3 e8f8 g2f3 g4e5 f3h5 e5f7 b1c3 b4c3 e4e5 c5d3 e2d3 b7b5 a1b1 c7c5 c4b5 d7d5 e5f6 c8f5 d3e2 c3d2 e1d2 d8b6 b3b4 c5b4 c1b2 a8b8 d2e1 f5g4 h2h4 a7a5 e2d3 g5h4 h1h4 b6g1 d3f1 f7e5 b2e5 g4f5 f1g1 b8a8 g1g7
271,W,material_adjudication,66,1.014692,1355,2026-08-08 05:53:54,a2a3 e7e6 b2b3 f8e7 a3a4 c7c5 c1a3 h7h5 h2h4 e6e5 g1f3 h8h6 h1g1 d8c7 g2g4 f7f6 f3h2 b7b6 a4a5 e5e4 b1c3 c5c4 d2d4 b8c6 b3c4 c8b7 c4c5 c6d4 e1d2 g7g5 f2f3 a8b8 c5c6 e7a3 c3d5 e8f8 d5c7 e4f3 e2f3 d7d5 d1e1 d4f3 h2f3 b6a5 f1h3 d5d4 f3d4 a3b4 d2e2 b4e1 c2c4 b7c6 h4g5 b8a8 g5h6 h5g4 g1e1 g8h6 c7a8 g4g3 h3g2 f8e7 g2c6 e7f8 e2f3 a7a6
272,W,value_resign,65,1.015186,1360,2026-08-08 05:54:30,b1c3 b7b5 g2g4 h7h6 h2h4 a7a5 f2f3 a8a7 c3b1 d7d5 h1h3 g8f6 a2a4 f6e4 h3h2 b8a6 b1c3 f7f6 b2b4 e4g3 e2e4 e7e6 h2h3 d8d7 e1f2 g7g6 f2e3 e8e7 f1b5 d7c6 a1b1 h8g8 b5c6 a5b4 h4h5 d5e4 d2d4 e4d3 c3e4 e6e5 h5g6 g8g6 e3d3 f6f5 c2c3 f5f4 c1f4 f8g7 b1a1 c8f5 d3c4 a6b8 f4e5 g7e5 g4f5 h6h5 f3f4 b8c6 e4g5 a7a8 f5g6 a8b8 a1b1 b8c8 g1f3
273,B,material_adjudication,69,0.956877,1365,2026-08-08 05:57:13,e2e3 a7a6 a2a3 a6a5 c2c4 b7b5 f2f3 g8f6 c4c5 b8c6 h2h4 a8b8 g2g3 e7e6 f1g2 c6e5 a1a2 a5a4 g1e2 e5d3 e1f1 h8g8 e2g1 f8e7 e3e4 f6e4 f3e4 f7f6 g1f3 e7c5 b2b4 h7h6 f3e5 e8e7 h1g1 d7d5 h4h5 f6f5 e4d5 c5g1 d1e1 e6d5 e5d3 e7f6 d3f2 c7c6 d2d3 d5d4 e1d1 c6c5 b1c3 g1f2 c3d5 d8d5 c1f4 c5b4 a3b4 d5a2 f4b8 g7g5 h5g6 g8g6 b8e5 f6e5 d1d2 a2d2 g3g4 f5f4 g2b7
274,W,material_adjudication,130,0.944953,1370,2026-08-08 05:58:08,a2a4 c7c5 f2f3 a7a5 b1c3 b7b5 b2b3 b8c6 c3b5 c5c4 c1b2 f7f6 b2d4 g8h6 d4f6 c8a6 f6e5 e7e6 b3c4 d7d6 e5b2 h8g8 g2g3 a6c8 f3f4 g7g6 c4c5 d6c5 b5d6 f8d6 f4f5 e6f5 e2e3 d6b8 g3g4 h6g4 e3e4 h7h5 h2h3 f5e4 d1f3 e4e3 d2d3 b8g3 e1d1 c8b7 f3g3 c5c4 b2e5 c6e5 g3e5 g4e5 h1h2 g8f8 c2c3 e8f7 d3d4 b7d5 f1g2 f7e8 d4e5 f8f4 d1e2 d8e7 e5e6 e7d6 g1f3 g6g5 e2f1 e8e7 a1b1 a8a7 g2h1 d5e4 b1a1 g5g4 h1g2 e7e8 a1d1 f4f3 g2f3 e8e7 d1d6 e4d5 h3h4 g4g3 f1g2 g3h2 d6d5 e7e6 g2h1 e6f6 f3g2 a7f7 d5d8 f6e7 d8c8 e7d7 g2d5 d7c8 d5f7 c8b8 f7h5 e3e2 h5e2 b8b7 e2h5 b7c6 h1h2 c6c5 h2g2 c5d6 h5e8 d6e7 g2h1 e7f6 h4h5 f6e6 h1g1 e6f6 h5h6 f6f5 h6h7 f5e4 h7h8q e4f5 g1h1 f5e4 h8g8 e4f5
275,B,value_resign,60,1.106183,1375,2026-08-08 05:58:09,e2e4 f7f5 f2f3 d7d5 c2c3 d5e4 b2b4 c8d7 d2d4 e4f3 h2h3 b7b6 f1d3 g8h6 g2f3 h6g4 c1b2 f5f4 h1h2 a7a5 b1a3 g7g6 h2e2 f8g7 h3h4 e8f8 e2e6 d8c8 d1b1 g4e3 b1d1 b6b5 d3g6 h7g6 a1b1 e3d1 c3c4 d1b2 b1a1 g7d4 c4c5 a5b4 e1d2 d7e6 g1h3 g6g5 h3f4 b8c6 a1b1 c6e5 d2e2 g5g4 b1a1 f8g8 f4h3 g4f3 e2e1 a8b8 a3b1 b4b3
276,B,checkmate,126,1.012090,1380,2026-08-08 06:00:45,f2f3 b7b5 e2e3 e7e6 f1d3 c7c5 c2c4 g8h6 e3e4 f8e7 d3f1 h8g8 e1e2 b5b4 g2g3 c8a6 d2d4 b8c6 f1g2 h6f5 g1h3 a8b8 c1g5 e7g5 g2f1 h7h5 e4e5 b8b6 g3g4 d7d6 g4h5 f5e7 d1b3 c5d4 e2d1 f7f5 e5f6 g7g6 f3f4 a6c4 f4f5 c4b3 a2b3 c6b8 h3f2 g5e3 h2h4 e6f5 f6e7 d4d3 h5g6 g8g6 f1d3 e3f2 h1g1 f2g1 d3b5 b6c6 e7d8q e8f7 d8b6 a7b6 a1a5 f7g7 d1e2 b8a6 a5a2 c6c5 h4h5 a6b8 b5d7 g1d4 h5g6 b6b5 d7e6 f5f4 b1d2 d6d5 e6g4 g7f6 g4f3 c5c2 a2a7 c2d2 e2d2 f6g6 f3e2 d4a7 e2b5 d5d4 d2d3 g6f5 b5c6 f5e5 c6g2 f4f3 g2f3 e5d6 d3e4 a7c5 f3g4 d4d3 e4f3 d6e5 f3g2 e5e4 g2g3 c5e7 g3g2 b8d7 g2g3 e7f6 g3f2 f6g7 g4d7 e4f4 d7h3 g7h6 h3g4 f4g4 f2f1 g4g3 f1g1 d3d2 g1f1 d2d1q
277,D,cap_draw,150,1.161353,1385,2026-08-08 06:02:30,g2g3 h7h5 b1c3 a7a6 b2b4 g7g5 g1f3 e7e6 a1b1 b7b5 h1g1 f8b4 e2e3 a6a5 d2d4 c8b7 a2a3 b7c6 f1g2 b4a3 e3e4 f7f5 e4f5 e8e7 f5f6 g8f6 c3e4 e6e5 b1a1 b8a6 e4g5 c6f3 h2h3 a8b8 g5f3 e7f7 e1e2 e5e4 g1f1 e4e3 c2c4 h8h6 c4b5 c7c6 b5c6 d7c6 c1a3 d8d5 f3e5 d5e5 g2c6 e5d5 c6d5 f6d5 d1d2 e3d2 e2d2 a6c7 a3c1 b8a8 f2f3 a8e8 h3h4 h6f6 g3g4 f6f3 f1f3 f7g6 c1a3 c7e6 a3d6 e6d4 f3f2 e8e6 d6e7 d5e7 a1a5 e7f5 g4f5 d4f5 f2f3 f5d4 f3f2 g6g7 d2d3 d4c6 f2f3 c6a5 f3e3 e6e3 d3e3 a5c6 e3e4 g7h8 e4f4 c6d4 f4e5 h8g7 e5d4 g7f6 d4c4 f6g7 c4c3 g7h8 c3c4 h8g7 c4c3 g7f6 c3c4 f6e5 c4d3 e5f6 d3e2 f6e5 e2e3 e5f5 e3d3 f5f4 d3e2 f4e4 e2d2 e4f3 d2c3 f3f2 c3c2 f2g2 c2c3 g2g1 c3c4 g1f1 c4c5 f1e1 c5d4 e1d1 d4e5 d1c1 e5f4 c1d1 f4e5 d1c1 e5f4 c1d1 f4e5 d1c1 e5f4 c1d1 f4e5 d1e2 e5f5 e2e1
278,B,checkmate,6,1.127227,1390,2026-08-08 06:02:31,f2f3 d7d6 g2g4 e7e5 c2c3 d8h4
279,B,value_resign,54,1.171542,1395,2026-08-08 06:04:29,f2f4 d7d5 b2b4 b8c6 c2c4 b7b5 b1c3 b5c4 d1c2 a7a5 e2e3 g7g6 c3b1 e7e5 f4e5 h7h6 b4b5 e8e7 g1e2 f8g7 d2d3 f7f5 b5c6 h8h7 e1d1 g7e5 e2c3 e5f4 c2b3 g6g5 c3d5 e7f7 e3f4 c4b3 h1g1 d8d5 c1a3 g5f4 f1e2 d5c6 a3b4 f7f6 b1c3 g8e7 b4c5 a8b8 h2h4 a5a4 a2a3 c6c5 c3d5 f6g7 d1d2 c5a3
280,W,checkmate,43,1.067920,1400,2026-08-08 06:07:04,h2h4 f7f6 g2g3 b8a6 b2b3 g7g5 f1g2 h7h5 c2c3 h8h7 d2d4 f8h6 h1h3 g5h4 e1f1 h4g3 c1f4 b7b6 d1c2 f6f5 c3c4 g8f6 g2d5 h6g5 a2a4 f6d5 f2f3 g3g2 f1f2 d5c3 f2g2 e8f7 d4d5 c7c6 c4c5 a8b8 f4d2 a6c5 c2f5 f7e8 f5h7 c3e2 h7g8
281,B,material_adjudication,66,0.942244,1405,2026-08-08 06:08:34,e2e4 g8h6 f2f3 e7e5 h2h4 g7g5 g2g3 h6g8 h4h5 a7a5 a2a4 b8c6 g3g4 f8g7 c2c3 f7f6 f1g2 c6a7 d1c2 g7h6 b1a3 g8e7 c3c4 e7c6 a1b1 h8g8 c4c5 d8e7 d2d3 e7c5 d3d4 c5c2 a3c2 c6d4 e1d2 e8e7 f3f4 f6f5 c2d4 f5g4 d2e2 a7b5 f4e5 b5d4 e2f2 g4g3 f2g3 g5g4 h1h3 g4h3 c1g5 g8g5 g3f2 h3g2 b2b4 a5b4 g1h3 c7c6 e5e6 a8b8 f2e3 c6c5 b1a1 d7e6 e3d3 g2g1q
282,W,value_resign,61,1.077554,1410,2026-08-08 06:08:34,b1c3 e7e5 a2a4 c7c5 g2g3 f7f5 h2h4 g8f6 h1h3 f6e4 f1g2 f8d6 d2d4 c5c4 g3g4 f5f4 c3b1 d8a5 b2b4 b8c6 c1a3 e4f2 c2c3 d6f8 e1f2 b7b5 h4h5 a5a6 b1d2 f8c5 g2f3 g7g6 e2e3 e5e4 a1b1 c6d4 d1e2 c5d6 e3f4 d6c7 e2e4 a6e6 e4e6 d4e6 f3a8 c7f4 d2c4 b5c4 b4b5 f4h2 h3h2 a7a6 h2h3 a6b5 a4b5 c8b7 f2e3 g6g5 g1f3 e8f7 f3g1
283,B,checkmate,102,1.047416,1415,2026-08-08 06:10:53,d2d4 g8h6 a2a4 b7b5 e1d2 h8g8 g2g3 g7g6 a1a2 f8g7 f1g2 f7f6 d1e1 c8a6 e2e4 h6f7 g3g4 f7h6 e1e2 f6f5 c2c4 f5f4 d2c3 c7c6 c4c5 e8f8 c1f4 g6g5 c3b4 h6f5 f4g5 d7d5 g1f3 d8c7 a2a1 h7h6 h1g1 h6g5 b1c3 b5a4 e4d5 f5d4 f3d4 g7d4 c3b5 c7f4 b5d4 a6e2 h2h4 c6d5 c5c6 b8c6 b4c5 c6e5 g2d5 a7a6 d4b3 f4e4 h4h5 a4b3 d5e6 e4f3 a1b1 f3f5 g4f5 e2g4 g1g4 a6a5 b1c1 a8a7 c5b6 e5d3 b6a7 a5a4 f5f6 e7f6 e6g8 f8e7 g4c4 d3c1 c4c7 e7d6 g8b3 d6c7 f2f4 g5g4 f4f5 a4b3 h5h6 c1d3 h6h7 g4g3 a7a8 d3b4 h7h8q g3g2 h8h4 g2g1q h4f6 b4c6 f6g6 g1a1
284,W,material_adjudication,84,1.025408,1420,2026-08-08 06:12:56,b1c3 b7b6 b2b3 d7d6 c1a3 g8h6 d2d3 e7e6 h2h3 a7a6 g2g3 d8d7 h1h2 f7f5 h3h4 b8c6 f2f4 c6b4 e2e4 h6g4 h2h3 g7g6 h3h2 d7g7 g1e2 g7c3 e2c3 h7h6 f1e2 c7c6 d1d2 a8a7 e4e5 d6d5 c3b1 b4a2 c2c3 c6c5 h2h3 e8d8 c3c4 d8e7 b1c3 g6g5 h3h2 g4e5 d2e3 d5c4 e3e5 a7d7 h2h3 a2c3 g3g4 h8h7 d3d4 d7d5 h4g5 c3a4 b3b4 a6a5 g5g6 f5g4 b4b5 g4h3 e2f1 d5e5 f1e2 e5e2 e1e2 h6h5 g6h7 e6e5 d4d5 c8f5 h7h8q e7f7 h8h5 f7g7 h5f5 a4b2 f5d7 f8e7 e2f2 e5e4
285,B,material_adjudication,95,1.269054,1425,2026-08-08 06:14:08,e2e3 b7b5 e3e4 c8a6 f2f3 e7e5 b1a3 d8e7 h2h4 g8h6 a1b1 b5b4 g2g3 e7h4 g1h3 g7g5 g3h4 c7c5 h3f4 f7f5 h1g1 f8e7 c2c3 e5f4 d2d4 g5h4 d1c2 b8c6 c3b4 h4h3 g1g3 f5e4 c1f4 e4f3 f4h6 c5c4 e1d1 a6b7 d4d5 a7a5 d5d6 c6a7 b4b5 a7b5 d6e7 b5a3 f1c4 a3c2 d1c2 e8e7 h6g5 e7d6 c4b5 h8c8 c2d1 a8b8 g5f6 b7e4 b5d3 c8c5 d3e4 h7h6 b2b4 a5b4 a2a4 d6c7 b1a1 b8f8 e4f3 d7d6 d1e2 f8f7 a1b1 d6d5 f6g5 d5d4 b1b4 c5g5 b4d4 g5g3 e2f2 g3f3 f2e2 f7f6 e2d2 f6f5 d4e4 h3h2 d2e2 h2h1q e2d2 c7c6 e4e2 c6c5 a4a5
286,W,material_adjudication,66,0.919982,1430,2026-08-08 06:17:22,b2b3 d7d5 c1b2 a7a5 d2d3 b8a6 a2a3 a5a4 g1h3 a8b8 e2e3 e7e5 g2g4 d8e7 c2c3 a6b4 b3a4 g8f6 h1g1 g7g5 c3b4 c8d7 h3g5 f8g7 h2h3 b8a8 g1g3 h8g8 d1c2 d7c6 c2d1 f6g4 h3h4 h7h5 b4b5 e7d7 f1e2 a8b8 f2f4 e8f8 f4e5 f7f5 e2f1 d5d4 f1e2 d4e3 g3g4 g7e5 b2e5 g8g5 b5c6 b7b5 c6d7 f5g4 a4b5 f8f7 a1a2 c7c5 b5c6 g4g3 h4g5 g3g2 e2h5 f7g8 b1c3 b8b2
287,B,material_adjudication,101,1.072395,1435,2026-08-08 06:20:10,g1f3 b7b6 c2c4 a7a5 e2e3 g8h6 c4c5 b6b5 h2h3 h8g8 g2g4 d7d6 f3h4 d6c5 e1e2 b5b4 d2d4 g7g5 e3e4 c5d4 h4g6 b8a6 b1c3 h7g6 e2d3 f7f6 d3e2 h6g4 h1g1 g4f2 d1d4 b4c3 a2a3 d8d7 c1g5 f6g5 d4d7 c8d7 a1e1 d7c6 e4e5 c3c2 f1g2 e7e6 g1f1 e8e7 a3a4 a8b8 g2c6 b8b6 e2f3 f8g7 b2b4 a5b4 f1f2 g5g4 h3g4 g8f8 f3e4 g7f6 e5f6 f8f6 f2f6 c2c1q e1c1 e7f6 e4f3 b6c6 c1c6 f6e7 c6c2 c7c6 f3g2 g6g5 g2f3 a6c7 f3g2 c6c5 c2c4 e7d7 a4a5 c7e8 g2h3 d7c6 a5a6 e6e5 a6a7 b4b3 a7a8q c6d7 a8e8 d7e8 c4c2 b3c2 h3g3 c2c1q g3f2 c1c2 f2e3 e8d8 e3f3
288,B,material_adjudication,79,0.997585,1440,2026-08-08 06:20:30,d2d3 e7e6 c2c4 h7h6 f2f4 c7c5 b2b3 f7f6 c1d2 d7d5 b3b4 h8h7 b1a3 c5b4 g2g3 d8b6 e2e3 b4a3 a1b1 h6h5 g1f3 b6b5 d3d4 b5b1 f1d3 h7h6 e1f2 b1c2 d1c2 a7a6 f2e2 g7g5 c4c5 b7b5 g3g4 e8d8 d3g6 g5f4 c5c6 h6g6 e3f4 b8c6 d2c1 e6e5 c2g6 h5g4 f4f5 c8f5 h1f1 d8e7 g6h5 a8c8 f1f2 g8h6 c1d2 e5d4 f3d4 c6d4 e2d1 e7d6 h2h4 f8g7 h5f7 a6a5 f7f6 d6d7 f6g7 d7d6 d2e1 g4g3 e1c3 g3f2 c3d4 f2f1q d1d2 d6c6 d4e5 d5d4 g7g8
289,W,value_resign,55,1.002003,1445,2026-08-08 06:20:48,d2d3 e7e6 g2g3 f8b4 b1c3 g7g5 a1b1 h7h6 d3d4 e8f8 d4d5 c7c5 f2f4 e6e5 a2a3 b8c6 f1h3 d8b6 g1f3 f8e7 f4g5 h6h5 f3d4 e7d8 b2b3 h8h7 d5d6 f7f5 g5f6 c6b8 e1d2 b4c3 d2c3 c5d4 c3d3 h7h6 b3b4 b8c6 d3e4 c6b4 a3b4 b6b4 b1b4 b7b5 c1h6 g8f6 e4f3 h5h4 f3f2 e5e4 b4b5 d8e8 d1b1 h4g3 h2g3
290,B,material_adjudication,115,1.018929,1450,2026-08-08 06:21:06,e2e4 e7e5 h2h3 g8f6 g1e2 h7h5 e2c3 b7b6 b2b4 c8a6 h1h2 f8e7 c1b2 f6d5 g2g4 h5g4 b4b5 g7g5 d1c1 c7c6 h3g4 h8h7 a2a4 e8f8 d2d3 d5f4 c1f4 d7d6 b5a6 g5f4 b1a3 e7h4 h2h3 f8e7 d3d4 h4f2 e1f2 f4f3 d4d5 h7h3 f1h3 c6d5 f2f3 b6b5 g4g5 b8a6 b2c1 d5e4 c3e4 b5b4 c2c4 b4c3 f3e2 d6d5 a3c2 a6c7 g5g6 a7a5 c1a3 e7e8 a1e1 d8f6 e4f6 e8d8 e2f3 d5d4 g6g7 d4d3 f6e4 d8e8 e1b1 e8d8 f3f2 a8c8 b1b8 c8b8 h3d7 b8a8 c2e3 d8d7 g7g8q a8g8 f2f3 d7e6 e4c3 g8f8 a3f8 c7e8 f3g2 f7f5 g2f1 e6d7 f8c5 d7c6 f1g2 e5e4 c5d6 d3d2 g2f1 d2d1q c3d1 f5f4 d1c3 f4e3 f1g2 e3e2 g2h1 e2e1q h1h2 e1c3 h2g2 c3c2 g2g3 c2b1 g3f2
291,W,material_adjudication,84,1.197037,1455,2026-08-08 06:22:52,g1h3 g7g5 b1c3 a7a6 h3g5 d7d6 g5f3 c8f5 c3b5 f5c8 b5d6 e8d7 d6f5 a6a5 a1b1 c7c5 g2g3 b7b5 d2d3 d7c7 f3e5 b5b4 e5f7 b8c6 d3d4 c8e6 f5e7 c5c4 e7c6 d8c8 f7e5 h7h5 h1g1 e6f5 c6b4 h8h7 f2f3 h7e7 e1d2 f8g7 e5g6 f5g6 b4d5 c7d8 b2b3 c4c3 d5c3 c8d7 d4d5 g6d3 a2a3 g7c3 d2c3 a5a4 b3b4 d7c8 c3d2 d3c2 f3f4 c8c4 b4b5 g8f6 d1c2 d8d7 b1a1 a8b8 h2h4 c4c2 d2c2 b8b5 c2c3 b5b3 c3c4 f6d5 c4c5 b3b6 e2e4 b6d6 e4d5 d6d5 c5d5 d7c7 f1g2 c7d7
292,B,checkmate,104,1.085209,1460,2026-08-08 06:24:38,d2d4 e7e6 a2a3 a7a5 h2h3 c7c5 d4c5 f7f6 b1c3 a8a6 c5c6 b7b5 a1b1 g7g6 g2g3 d7d6 c1f4 a5a4 f4h6 b8d7 h6g5 f6g5 h1h2 g8e7 b1a1 d6d5 a1c1 g5g4 e2e3 h8g8 e1e2 a6a7 e3e4 c8b7 h3g4 b7a8 b2b4 d5d4 c3b5 e7c6 h2h4 a7a5 b5c3 c6b4 a3b4 e8e7 b4b5 g6g5 f1g2 g5h4 g1h3 a8e4 c1a1 g8g6 c3e4 h4g3 f2g3 a4a3 e2f3 d7e5 f3f4 a5b5 c2c4 d4c3 f4e3 b5b2 d1d8 e7d8 h3f4 h7h6 a1a2 d8e7 g4g5 g6g5 a2b2 g5g7 b2b7 e7d8 e3d4 g7g3 d4e5 g3g2 b7g7 f8g7 e5e6 d8c7 f4g2 c7c6 e4c3 g7f6 c3d5 a3a2 e6f5 a2a1q f5e4 a1e5 e4f3 f6e7 g2e3 e7g5 e3g2 e5d6 f3e4 d6d5
293,B,material_adjudication,75,0.963719,1465,2026-08-08 06:24:39,e2e3 f7f5 c2c4 c7c5 g2g4 d7d5 b2b3 f5f4 b3b4 d8c7 f1e2 e8d8 f2f3 c5b4 d1a4 g8f6 a4a7 e7e6 a7a3 h8g8 b1c3 f8c5 e3e4 f6e4 f3e4 b4c3 a3a4 b7b6 e1d1 b8d7 a4b3 g7g5 g1f3 d8e7 e4d5 d7e5 f3e5 c7e5 a2a3 c5d4 b3c3 e5f6 c4c5 a8b8 c3f3 e7d8 c5c6 b6b5 e2b5 e6e5 d1e2 b8b5 c1b2 b5b2 c6c7 d8c7 h1c1 c7d8 c1c4 c8d7 h2h3 h7h6 e2d3 g8f8 d3e2 f8f7 h3h4 e5e4 a3a4 e4f3 e2d3 f7f8 d5d6 d7a4 d6d7
294,B,checkmate,46,0.983765,1470,2026-08-08 06:27:46,g1h3 c7c5 e2e4 e7e6 h3f4 g8e7 e1e2 f7f5 c2c3 c5c4 e2e3 b8c6 f4e2 b7b6 e4f5 e6f5 g2g3 b6b5 f2f4 a8b8 h2h4 g7g6 d2d3 f8g7 h1g1 c6e5 b1a3 h8f8 b2b3 e5d3 a3b5 d7d5 g3g4 d8d7 a2a4 g7e5 e2g3 a7a5 f1g2 d5d4 e3f3 e8d8 d1d2 f5g4 f3e4 c8b7
295,W,material_adjudication,66,1.119565,1475,2026-08-08 06:28:04,f2f4 f7f6 f4f5 g8h6 c2c3 c7c5 b2b3 b7b6 e2e3 h6f5 d1c2 h8g8 a2a3 c8a6 d2d4 f5h4 f1b5 c5d4 a1a2 h4g6 e1e2 b8c6 g2g4 d7d6 h2h3 g6h8 e3e4 d6d5 g4g5 d5e4 b3b4 e4e3 e2f3 h7h5 c2d1 d4d3 g5f6 e7f6 b5c6 d8d7 c6d7 e8d7 a3a4 f8d6 h1h2 b6b5 a4b5 a6b5 b1a3 g7g5 a3b5 a7a5 b5d6 a5b4 c1b2 h8f7 a2a8 f7d6 a8g8 g5g4 h3g4 h5g4 f3g2 d6f5 c3b4 f5h6
296,W,material_adjudication,138,1.083972,1480,2026-08-08 06:29:11,b2b3 f7f5 f2f3 g8f6 d2d3 f5f4 c2c3 e7e6 c3c4 b8c6 c1a3 a8b8 e1f2 c6b4 d1c1 c7c5 c1e3 f8e7 e3f4 a7a6 f4g5 b7b6 g1h3 d7d6 g5c1 f6e4 f2e1 h8g8 f3f4 c8b7 c1d2 b7d5 h1g1 b4d3 e2d3 e4d2 e1d2 d8d7 a3b4 d7b5 c4b5 h7h5 g2g3 e8d8 b4c5 b6c5 b3b4 a6b5 d2d1 c5b4 a2a4 g7g6 d1e2 d5f3 e2e3 b8a8 b1c3 d8d7 a1b1 a8b8 c3a2 g8h8 b1a1 b4b3 a4b5 b8b5 h3f2 b3a2 d3d4 e6e5 d4d5 d7d8 f4f5 d8c7 a1a2 g6f5 g1h1 b5c5 e3d2 h8a8 a2a1 a8a1 f1e2 h5h4 h1a1 f3e2 d2e2 c5c2 e2d3 e7f8 d3c2 f8e7 h2h3 e5e4 a1a2 e4e3 f2h1 e3e2 g3h4 e2e1q a2a3 e1e4 c2c3 e7h4 a3a4 e4d5 h1g3 d5c5 c3b2 c7c6 a4a5 h4e7 a5c5 d6c5 g3f5 e7d6 f5d6 c6d6 h3h4 d6c6 b2c3 c6d7 h4h5 d7e7 c3c4 e7f6 c4d5 f6f5 h5h6 f5f4 h6h7 c5c4 h7h8q c4c3 d5e6 c3c2 h8h2 f4f3
297,B,material_adjudication,81,0.899758,1485,2026-08-08 06:30:54,g2g3 f7f6 e2e3 e7e5 f2f3 g8h6 a2a4 b8c6 d1e2 f8d6 b1a3 d6b4 h2h4 a7a5 c2c4 h8f8 a1b1 b4d2 e2d2 g7g6 b2b3 a8b8 d2c3 h6f5 c3d2 b7b6 c4c5 c6d4 e3d4 e5d4 b3b4 a5b4 h4h5 b6c5 e1d1 d7d5 d2d4 c8b7 h5g6 c5d4 g6g7 e8e7 c1f4 b7c8 f1g2 b4b3 b1b3 h7h6 g3g4 b8a8 h1h3 c8d7 a3c2 a8a4 b3b4 h6h5 g7g8q f8g8 g4g5 d7c8 d1e1 c7c6 e1d1 f5e3 d1d2 e7f7 b4d4 f6f5 d4c4 c6c5 g5g6 f7f6 f4d6 c8a6 g2h1 e3c4 d2d1 g8g6 c2b4 d5d4 d6e5
298,W,material_adjudication,76,1.057402,1490,2026-08-08 06:30:55,a2a3 b7b5 g2g3 b8c6 h2h4 g7g5 d2d3 c6b8 a3a4 b8c6 f1h3 f7f6 h3d7 e8d7 h4h5 g5g4 g1h3 g8h6 b1a3 a8b8 a1a2 h8g8 h3g5 b8a8 d3d4 f8g7 a3b5 g7f8 a2a1 a7a5 a1a2 f8g7 b2b3 e7e5 g5h7 c6d4 h7f6 d8f6 f2f3 h6f5 f3g4 c8a6 h5h6 g7h6 g4f5 g8g3 b5d4 d7d8 c2c3 h6g7 c1f4 e5f4 d4b5 g3d3 h1h3 f4f3 d1d3 d8e7 d3f3 e7f7 e1f2 c7c5 e2e3 g7f8 c3c4 f6e7 b3b4 a8a7 b5a3 e7e6 f5e6 f7e8 b4b5 a7a8 f3h5 e8e7
299,B,value_resign,14,0.930530,1495,2026-08-08 06:33:09,e2e4 g8h6 g1f3 b7b6 h1g1 g7g6 d1e2 h6f5 b1c3 c8a6 b2b4 f5g7 a2a3 g7h5
300,B,material_adjudication,111,1.073283,1500,2026-08-08 06:34:55,h2h4 g7g5 g2g3 c7c5 c2c3 f8g7 b2b3 h7h5 d2d4 h8h6 e1d2 g7e5 h1h2 b7b5 f1g2 b8a6 c3c4 e5f4 g3f4 g8f6 g2f1 f6g4 d1e1 c5d4 f4f5 e7e6 f1g2 f7f6 h4g5 d7d5 g5h6 e8e7 b1c3 e6f5 d2d1 a6c7 g1f3 a7a6 e2e4 d5e4 f3d2 e7e6 c4b5 a6b5 f2f3 a8b8 a2a4 e6e7 a4b5 b8b7 b3b4 d4c3 a1b1 c7b5 d1e2 e4f3 e2f3 g4e3 e1e3 e7f8 c1b2 b5c7 e3e4 b7b4 e4f5 c8f5 b2c3 f8e8 b1b2 d8d2 c3d2 b4b2 f3e2 e8d8 g2f1 f5d7 h2h3 b2d2 e2e1 d7h3 e1d2 h3f5 d2c3 f5h7 f1e2 d8d7 e2c4 c7e8 c3d2 h5h4 c4d3 h7d3 d2e3 d7c6 e3d3 f6f5 d3d4 h4h3 d4e5 c6c5 e5f4 c5c4 f4e5 h3h2 e5f5 h2h1q f5e5 c4c3 e5f4 c3c2 f4e5
301,B,value_resign,49,1.094337,1505,2026-08-08 06:35:21,g2g4 g7g6 h2h4 b7b5 f2f4 d7d6 e2e4 f7f6 h4h5 c7c5 f4f5 b8a6 f1b5 c8d7 g1f3 f8g7 c2c4 g6f5 d1e2 d7b5 h1f1 d6d5 b1c3 d8b8 c3a4 f5e4 b2b3 b8f4 e2e3 f4g3 e1e2 e4f3 e2d1 e8f7 d2d3 h7h6 c4d5 a6b8 e3f4 f6f5 a1b1 b8a6 c1b2 e7e6 b1a1 a6b8 d1d2 g7f6 a1b1
302,W,material_adjudication,80,1.088699,1510,2026-08-08 06:36:29,b2b4 f7f6 f2f3 b7b5 a2a4 a7a5 a4b5 g8h6 c1b2 h6g4 a1a5 c8a6 b2e5 a6b5 e5c7 h8g8 g1h3 b5a6 b4b5 f6f5 d2d4 d7d6 d1d2 a6c8 e2e3 e8d7 f1d3 g4e5 g2g3 e5d3 c2d3 a8a5 f3f4 d7e6 b1a3 c8a6 b5a6 e6f7 a3b5 h7h5 c7d8 b8a6 h1g1 g7g6 d4d5 g6g5 e1d1 f8g7 d2c2 a6b4 b5d6 f7f8 g1f1 g7d4 c2c3 d4c3 d3d4 b4c6 d5c6 a5a4 e3e4 f8g7 d4d5 c3d4 c6c7 e7d6 d1c2 a4a2 c2b3 g7f7 f1e1 g5f4 h3f4 a2c2 c7c8q g8g6 e1a1 c2e2 c8c7 f7e8
303,W,material_adjudication,94,0.917191,1515,2026-08-08 06:38:27,a2a4 g7g5 e2e4 f7f6 f2f3 b7b6 f1b5 g5g4 b1a3 c8a6 a1b1 f8g7 a4a5 c7c5 d2d3 g4g3 d3d4 h7h5 h2g3 h8h7 e1d2 f6f5 g3g4 e8f7 b5c6 h5g4 g2g3 g7h8 h1h4 g8h6 b2b3 c5d4 f3f4 h6g8 h4h7 f7e8 g1f3 g4f3 d1f3 b8c6 g3g4 c6a5 c2c3 a5b3 b1b3 d7d6 c3d4 h8d4 g4f5 d4e3 d2e3 e7e6 h7g7 e6e5 c1b2 d8d7 b3b4 d7g7 f4e5 b6b5 a3b5 d6d5 e3f4 g7e7 e4d5 e7b4 b5d4 a6c4 f3f2 a7a6 b2c1 b4c5 d5d6 a6a5 f2d2 g8h6 e5e6 c5d6 f4e4 e8e7 f5f6 e7e8 d2f2 c4d5 e4d3 d5f3 f2f3 d6g3 f3g3 e8d8 d3c3 a8c8 c3d3 d8e8
304,W,material_adjudication,66,1.036914,1520,2026-08-08 06:39:17,a2a3 b7b5 f2f3 a7a5 g2g3 b5b4 g3g4 e7e5 h2h4 g7g5 e2e4 c8a6 h4g5 g8f6 f1a6 h7h6 g1e2 h8h7 e2f4 b4b3 e1e2 f6e4 f3e4 h6h5 b1c3 e5f4 d1e1 c7c5 a6b5 b8a6 h1h2 e8e7 a1b1 d7d5 a3a4 d5e4 c3d5 e7e6 e1d1 e6e5 g5g6 d8d5 d2d4 d5d4 d1d2 f4f3 e2d1 a6b8 c2c4 d4c4 d2d3 h5h4 d3c4 b8c6 g6h7 e5d6 h7h8q f8g7 h8g7 a8b8 h2e2 d6e7 b5c6 h4h3 c4c2 e7d6
305,B,material_adjudication,66,0.927113,1525,2026-08-08 06:39:34,b2b4 e7e5 h2h4 g8f6 g1f3 f6d5 c2c4 b7b5 g2g4 f7f6 a2a4 b5c4 f3g5 h7h5 f1h3 f8c5 g5f7 g7g6 f7d6 c5d6 b1a3 e5e4 h1g1 c7c6 d1c2 e8e7 c1b2 h8e8 f2f4 e8f8 a1b1 d6f4 b2f6 f8f6 d2d3 c8a6 a3c4 d7d6 c4d6 d8d6 b4b5 g6g5 e1f2 c6b5 c2c3 b8c6 c3b4 c6b4 g4h5 a8b8 h3f5 e7f7 a4b5 a6b5 g1h1 f7g7 b1a1 e4d3 h1h2 a7a5 a1b1 b5a4 b1a1 b8b7 h2h3 b7b6
306,W,material_adjudication,66,1.088392,1530,2026-08-08 06:39:51,f2f3 f7f6 b2b3 f6f5 d2d3 b7b6 a2a3 c8a6 h2h4 f5f4 d3d4 g7g6 a3a4 d7d5 b1a3 e8f7 g2g3 f8g7 a1a2 h7h5 e2e3 g8f6 e3f4 a6d3 h1h3 d3e2 e1d2 c7c6 a3b1 f6e4 d2e2 h8h7 g3g4 e4c5 d4c5 g6g5 f1g2 d8c7 b1a3 a7a6 h4g5 g7f6 e2e3 e7e6 c1d2 a8a7 g2h1 a6a5 g5f6 f7f6 c2c3 e6e5 e3e2 f6g6 g4g5 b8a6 e2e1 a6b4 c3b4 h7e7 h3g3 c7d8 b4b5 e5e4 d1c2 c6b5
307,W,material_adjudication,66,1.104309,1535,2026-08-08 06:43:24,g1h3 g7g6 f2f4 f8h6 a2a3 b7b5 d2d3 h6f4 d1d2 h7h5 g2g3 g6g5 h3g5 c8b7 a3a4 b7a6 e1f2 h8h6 d2f4 f7f6 f1g2 e7e5 f4e5 f6e5 b2b4 c7c5 a4a5 e5e4 a1a3 d7d6 c2c4 e4e3 f2e3 g8e7 e3d2 b8c6 d3d4 c5d4 g5e6 b5c4 b1c3 d4c3 d2c3 c6d4 g2a8 h6g6 e6d8 e7g8 a8d5 a6b7 c3d4 c4c3 d4e4 b7d5 e4f5 d5a2 f5g6 h5h4 h1g1 e8f8 c1b2 a2d5 g3g4 d5e4 g6h5 c3c2
308,B,material_adjudication,66,1.061173,1540,2026-08-08 06:46:52,a2a4 f7f5 c2c4 b7b5 e2e3 g8h6 g2g4 e8f7 a1a3 c7c6 h2h4 d7d6 e3e4 c8d7 f1h3 h8g8 c4c5 d6c5 f2f3 a7a6 d2d4 h6g4 e1f1 d8e8 g1e2 f7f6 c1h6 f5f4 b2b3 g7g6 e2f4 g4f2 e4e5 f6f7 f1e2 f2d1 h1g1 c5d4 b3b4 f8g7 a4a5 c6c5 e2f1 f7f8 e5e6 d7c8 h3g2 c5c4 h6g7 f8g7 b1d2 c4c3 a3a4 d1e3 f1f2 g7f8 f2g3 e3g2 d2b1 b8d7 a4a1 a8b8 b1c3 h7h6 a1b1 f8g7
309,B,checkmate,30,1.022716,1545,2026-08-08 06:46:52,d2d3 c7c5 b2b3 g8h6 g1h3 e7e5 e1d2 c5c4 g2g3 g7g5 a2a4 d8a5 b1c3 b8a6 h3f4 a5b4 f1g2 f7f5 h1f1 e8e7 a1b1 g5f4 g3f4 h6f7 d3c4 d7d5 a4a5 d5d4 f1g1 b4c3
310,W,checkmate,47,0.961713,1550,2026-08-08 06:49:51,b2b4 f7f5 g2g4 f5f4 a2a4 e7e5 e2e3 e8e7 d2d4 f4e3 d4e5 d7d6 f1d3 a7a5 a1a2 e7d7 b1c3 c7c6 c3e2 d8e7 d3b5 b7b6 a2a3 g7g6 e5d6 e7h4 d1d4 h7h5 c2c3 f8h6 d4d5 a5b4 e2f4 h8h7 e1e2 h6g7 f2e3 h4g4 g1f3 g4g2 f4g2 b4a3 f3e5 d7d8 c3c4 c6d5 e5f7
311,W,material_adjudication,82,1.225635,1555,2026-08-08 06:51:24,g1f3 h7h5 b2b4 g7g5 f3g5 f7f6 a2a4 b7b5 f2f3 a7a5 d2d3 e7e6 e1f2 e8e7 g5e6 h5h4 e6d8 d7d6 h2h3 a8a6 b4a5 f8h6 b1c3 h8h7 c1h6 d6d5 c3e4 b8d7 c2c3 g8h6 h1h2 c7c5 f3f4 h6f5 e4f6 h7f7 f6d5 e7d6 f2f3 d6d5 a1a2 c5c4 d1c2 a6g6 a4b5 c8a6 h2h1 f5d6 h1g1 d7e5 f3f2 f7f4 f2e3 f4f5 a2a4 e5d3 c2d3 c4d3 e3d3 a6b5 a4c4 b5c4 d3e3 f5f7 d8f7 c4d3 f7d6 d5e6 e3f3 e6d6 g2g4 d6e5 g4g5 d3e2 f3e2 g6b6 a5b6 e5f4 e2d2 f4f3 d2d1 f3e3
312,B,material_adjudication,73,1.077662,1560,2026-08-08 06:52:01,e2e4 g8h6 d1h5 c7c5 b2b3 g7g6 c1a3 d7d6 g2g4 c8g4 h2h4 e8d7 d2d4 a7a5 f2f3 g6g5 e1e2 h8g8 h1h2 e7e6 e4e5 c5c4 c2c3 d6d5 a3b4 g4f5 h2f2 f8b4 c3b4 d8e7 e2d1 g5h4 h5f5 h6f5 f1c4 b7b5 c4d5 a5b4 g1h3 h7h6 a2a4 g8g2 b1a3 b8c6 a4b5 c6d4 f2g2 a8b8 g2b2 e6d5 b2c2 b8a8 a1b1 d7e6 b1c1 a8b8 h3f2 b8a8 c2c3 a8b8 c3c4 b8a8 d1e1 a8b8 e1d1 b8a8 f3f4 b4a3 c4c3 h6h5 d1d2 d4b5 f2e4
313,B,value_resign,60,1.123460,1565,2026-08-08 06:52:19,g2g4 f7f6 f1g2 e7e5 e2e4 f8c5 a2a4 c5a3 f2f4 b8c6 b1a3 a7a6 b2b4 g8h6 f4f5 h6f5 a4a5 h8f8 h2h3 g7g5 c1b2 d8e7 g1f3 e8d8 f3d4 d7d5 a1c1 h7h6 e4f5 a8a7 d2d3 h6h5 e1f2 c6d4 b2d4 e5d4 c1b1 b7b5 a5b6 a6a5 b4a5 f8f7 b1a1 e7e3 f2f1 a7a5 h1g1 a5a3 g2d5 a3a1 d5f7 a1d1 f1g2 c7b6 f7h5 e3g1 g2f3 d8e7 f3e2 c8b7
314,W,checkmate,105,1.175295,1570,2026-08-08 06:53:12,c2c4 d7d6 e2e4 c7c5 d1c2 f7f6 g1h3 g7g6 c2a4 b7b5 b2b4 e8d7 e1d1 g8h6 d2d4 e7e6 g2g4 f6f5 a4a6 c5d4 f1g2 h8g8 h1g1 c8a6 e4e5 d4d3 c1g5 b5c4 g4f5 e6f5 e5d6 f8g7 b1d2 f5f4 h3f4 c4c3 d2f3 d8f6 g5f6 g6g5 f3d4 h6f7 a1b1 g7h8 f6d8 h7h6 h2h4 f7e5 f4h3 d3d2 g2e4 g5g4 a2a3 g4h3 f2f3 d7d6 g1g8 e5c4 d4c2 b8c6 e4f5 c6d4 d8c7 d6c7 f5e6 c4e5 c2d4 h8f6 d1c2 a8b8 c2c3 a6e2 a3a4 b8b6 c3d2 e5f3 d2e2 f6d4 b4b5 c7d6 e6f5 a7a5 g8g7 d4g7 e2f2 d6e7 f2f3 e7f8 f3f4 b6b5 a4b5 f8g8 b5b6 g7f6 b1c1 g8f8 b6b7 f8f7 f4g3 f6d4 b7b8q f7g7 g3f4 g7f6 b8f8
315,B,material_adjudication,67,1.115325,1575,2026-08-08 06:54:40,c2c3 e7e6 c3c4 g7g6 e2e3 b7b5 d1b3 e8e7 b3c3 c8a6 c3g7 f8g7 g2g4 c7c5 h2h3 d8c7 e3e4 a6c8 b2b4 h7h6 e1d1 f7f5 d2d4 d7d5 c4d5 f5f4 c1f4 b8d7 d1e2 c5d4 h1h2 a8b8 a2a4 c7d6 a4b5 a7a5 b1c3 a5b4 d5e6 d4d3 e2d1 g8f6 f4d6 e7e6 d6b4 f6e4 c3e4 b8b5 g1f3 g7a1 e4d6 b5b4 f3d2 e6d6 f2f3 a1e5 h2f2 e5g3 f1d3 d7e5 d3b5 g3f2 d2e4 b4e4 h3h4 h6h5 d1d2
316,B,material_adjudication,66,0.975115,1580,2026-08-08 06:58:54,a2a4 b8a6 b2b4 d7d5 d2d4 a8b8 g2g3 e7e6 c2c4 f8b4 b1c3 f7f6 f1g2 b4a5 c1d2 d5c4 g3g4 d8d6 f2f3 a5b4 e1f2 g8e7 f2e3 f6f5 d1e1 g7g6 c3d5 c8d7 g4f5 g6f5 g1h3 e6d5 h1g1 h8g8 h3f4 e8d8 f4h5 c4c3 f3f4 d7c6 d2c3 g8g2 e3d3 b8a8 e2e4 h7h6 e1e2 g2e2 d3e2 f5e4 g1g6 d6g6 f4f5 e7f5 a1b1 g6g2 e2d1 a8b8 b1a1 b4c3 a1a3 c3a5 a3a2 d8d7 a2g2 b8f8
317,B,cap_draw,150,1.197583,1585,2026-08-08 07:01:23,d2d4 b7b6 e2e3 g8h6 h2h3 d7d5 f2f4 a7a5 a2a3 h6f5 c2c3 b8c6 f1d3 f7f6 d1h5 e8d7 a1a2 c6d4 e3d4 g7g6 d3f1 c7c5 f1b5 d7c7 h3h4 c5d4 c3d4 e7e5 h5f5 e5d4 g1e2 g6f5 e2d4 d8e7 c1e3 c7d8 h4h5 a5a4 h5h6 a8a5 d4f3 c8d7 b1d2 h8g8 b2b4 d5d4 f3d4 d7e6 b4a5 e6a2 d2f3 e7d6 b5e8 b6b5 e3c1 a2d5 a5a6 f8g7 h6g7 g8e8 d4e6 d5e6 h1h2 e6b3 f3e5 d8e7 h2h3 b3d1 h3g3 b5b4 c1d2 h7h6 e1d1 e8f8 a3b4 d6b6 b4b5 e7e8 g7g8q b6b5 d2c3 b5c5 g8g4 a4a3 d1e2 e8d8 e2f1 c5c6 c3b2 c6d5 g4f3 d5d2 e5g4 d2d6 f1e2 d6b6 b2c3 h6h5 f3e4 f5e4 g4e5 d8e7 f4f5 f8e8 e2d2 b6g1 a6a7 g1b6 c3a5 b6d6 d2e3 a3a2 e3e4 d6e5 e4d3 e7d7 a7a8q e5g3 d3d4 g3h3 g2h3 e8a8 d4c3 a8a5 c3c4 d7e8 c4c3 e8d8 c3c4 d8d7 c4c3 d7e8 c3c4 e8d8 c4c3 d8e8 c3c4 e8d8 c4d3 d8e8 d3e3 e8d8 e3f3 d8e7 f3g3 e7d8 g3f2 d8e7 f2f3 e7d8
318,W,material_adjudication,98,1.125169,1590,2026-08-08 07:02:00,e2e4 g8h6 g2g4 h6g8 b1a3 h7h6 f2f3 f7f6 c2c4 e7e6 a1b1 c7c6 d1b3 d7d5 f1g2 f8d6 b3d3 b7b6 d3d5 e8e7 b2b3 d8d7 f3f4 e7f8 d2d3 f6f5 c1b2 g8e7 d3d4 f8g8 g1f3 h6h5 f3e5 c6d5 c4d5 g7g6 d5e6 f5e4 a3b5 g8g7 e1e2 e7d5 e6d7 g6g5 b3b4 c8d7 b5d6 g5f4 b2c3 d7c6 g2e4 d5f6 e4c6 h8h6 d4d5 b8a6 a2a4 g7f8 c6d7 a6b8 b1b2 b8d7 b4b5 f8e7 e2f2 e7d8 f2e2 h6g6 g4h5 g6h6 e5d7 f6d7 a4a5 f4f3 e2f3 b6a5 f3e2 d7e5 c3d4 h6d6 h1e1 d8e7 d4e5 d6d5 e2f3 e7f7 f3f4 d5e5 f4e5 a8b8 b2b3 b8b5 b3b5 a7a6 b5b3 f7f8 e5d6 f8g7
319,B,material_adjudication,79,1.063391,1595,2026-08-08 07:03:12,g2g3 d7d6 h2h4 f7f5 d2d4 g7g6 b1a3 f8g7 e2e4 f5e4 a1b1 b7b5 c2c3 c7c6 f1g2 e8f8 f2f3 d6d5 b2b3 b8d7 a3c2 a7a5 e1e2 d8e8 d1d2 a8b8 a2a4 d7c5 a4b5 e8d7 c3c4 g6g5 g1h3 c6b5 c4d5 e4e3 e2e3 c5d3 f3f4 g8f6 e3d3 h8g8 h1f1 a5a4 d3e3 a4a3 g2f3 f6d5 e3f2 d5e3 g3g4 b5b4 d2b4 b8b4 f4f5 d7f5 g4f5 e3f1 c2b4 c8f5 d4d5 f1e3 f2e3 f8e8 d5d6 e8d7 b1b2 d7d6 e3e2 a3b2 f3d5 f5h3 h4h5 b2c1q e2d3 g5g4 d3e2 g7f6 b4c2
320,B,material_adjudication,66,1.020813,1600,2026-08-08 07:03:13,h2h3 b8a6 c2c4 a8b8 b2b4 g8f6 g2g4 a6b4 a2a3 a7a6 e2e3 g7g5 f2f3 h7h5 a3b4 h8h7 h1h2 f8h6 d1b3 d7d5 h2e2 d5c4 b3c4 h6f8 c1a3 d8d3 b4b5 d3f5 e3e4 f5e6 c4c5 f8g7 a1a2 h5h4 d2d4 e8f8 b5a6 b7a6 c5b5 b8b5 d4d5 f6d5 e4d5 c7c5 d5e6 f7e6 f3f4 b5b1 e1f2 g5f4 f1g2 c5c4 g4g5 b1g1 f2f3 f8f7 a3e7 g1g2 a2c2 g2e2 c2c3 e2b2 c3c1 b2d2 e7f6 g7f6
321,B,material_adjudication,145,1.079165,1605,2026-08-08 07:07:05,f2f3 b7b6 f3f4 a7a5 h2h4 c8a6 h1h2 d7d5 g2g4 d5d4 c2c3 e8d7 b2b4 a6e2 f1e2 h7h5 e1f1 g7g5 f4g5 a5b4 c3d4 b8c6 d2d3 d7c8 c1a3 d8d7 f1g2 a8a5 b1d2 c6a7 e2f1 f8h6 g5h6 h8h7 d1c2 c8d8 f1e2 f7f6 d2e4 g8h6 g2g3 f6f5 e4d6 h6g4 g1h3 g4h2 e2h5 d7d6 h3f4 e7e6 d4d5 d8d7 a1e1 e6d5 d3d4 d7d8 g3g2 b4a3 e1e2 b6b5 f4g6 d8d7 c2d1 b5b4 d1d2 d7c6 d2d1 b4b3 a2b3 d6f6 b3b4 h7h5 g2h3 h5g5 h4g5 a5c5 g5f6 h2f3 b4c5 a3a2 f6f7 a2a1q d1e1 a1e1 e2e1 f3e1 g6e5 c6b5 f7f8q e1d3 f8f5 d3e5 f5c2 e5g6 c2g6 b5c4 c5c6 c4c3 h3h2 a7b5 h2g2 c3d4 g6g3 d4e4 g2h1 d5d4 g3g7 d4d3 h1g2 b5d4 g7c7 d4e6 g2g1 e6c7 g1f1 c7d5 f1g2 e4d4 c6c7 d4e3 c7c8q e3d4 c8g8 d5f6 g8b3 f6e8 b3e6 d3d2 e6d7 e8d6 d7d6 d4c4 d6e6 c4c5 g2f3 d2d1q f3g2 d1c2 e6e2 c2e2 g2g3 c5c6 g3f4 c6d7 f4f5
322,W,material_adjudication,130,0.993821,1610,2026-08-08 07:09:11,f2f4 e7e5 c2c4 f7f6 e2e3 b7b6 g1e2 c8a6 d2d3 a6b7 f4f5 d7d5 c4c5 c7c6 d1d2 a7a5 b1a3 e5e4 d2b4 g7g6 b2b3 g8h6 e2c3 f8g7 b4c4 h6f5 c3e4 d8d7 e4d6 d7d6 a3b1 d5c4 c1d2 b7a6 c5d6 a5a4 d2b4 c4d3 f1d3 a6d3 e1d2 e8d7 b3a4 g6g5 a2a3 h8g8 b4c5 b6b5 g2g3 b5b4 e3e4 h7h6 b1c3 f5h4 d2d3 f6f5 c3d5 f5f4 d3e2 g5g4 d5b4 h4f5 e4f5 a8a5 h2h3 b8a6 c5a7 g4h3 e2d1 f4g3 d1d2 c6c5 b4a6 d7d6 h1f1 g3g2 f5f6 g2f1q a1f1 g7f8 a7b6 d6c6 f1f4 c6d5 d2e2 a5a4 e2f3 a4f4 f3f4 g8g2 f4f3 g2g1 a3a4 g1d1 f3e3 d5c6 e3f3 d1c1 a6c7 c5c4 c7d5 c4c3 b6f2 c1d1 f3e4 c6b7 f2g3 d1d5 e4d5 f8e7 f6e7 h6h5 g3h2 c3c2 e7e8q c2c1q e8b5 b7a7 d5e6 c1d2 b5c4 a7b7 a4a5 d2c2 c4c2 h5h4 e6e7 b7a6 c2c3 a6b5
323,W,value_resign,34,1.014045,1615,2026-08-08 07:09:12,b2b3 h7h6 e2e3 c7c5 c2c4 d7d5 a2a4 c8d7 g1f3 d8a5 f3e5 b7b6 f1d3 b8c6 f2f4 g7g6 b1a3 h6h5 e5f7 h8h7 a1a2 d7f5 c1b2 e7e5 e1e2 d5d4 f4e5 h7g7 d3e4 c6b4 d1c2 a8b8 e4f5 f8e7
324,B,material_adjudication,77,1.013379,1620,2026-08-08 07:10:04,g1f3 b7b5 f3d4 b5b4 h2h4 c8b7 c2c4 f7f6 e2e3 g8h6 d2d3 h8g8 f2f4 b8a6 g2g3 b7h1 f1h3 a6b8 c1d2 h6f5 d1g4 d7d5 g4g5 g7g6 c4d5 f8g7 g3g4 b8c6 d5c6 d8d7 e3e4 e8f8 c6d7 f5d4 e1d1 f6g5 f4f5 c7c5 d2c3 e7e6 f5g6 b4b3 h4g5 h7g6 h3f1 d4c2 d1e2 g7h6 g5h6 f8e7 a2a4 e7d7 b1a3 d7e7 a3b5 c5c4 a1b1 a7a5 g4g5 h1e4 d3e4 e7d7 b1a1 d7c6 b5d6 c6d6 c3f6 c4c3 a1e1 c2e1 f1g2 c3b2 e2f2 a8b8 f2g1 b8a8 h6h7
325,W,material_adjudication,66,1.065869,1625,2026-08-08 07:11:47,a2a4 d7d5 a4a5 d5d4 b1c3 b7b5 e2e4 c7c6 g2g4 g7g6 c3e2 g8h6 b2b3 e8d7 c2c4 c6c5 f1g2 b5c4 b3c4 c8a6 d1a4 d7d6 a4d1 h8g8 g1h3 d4d3 h3f4 d6e5 e2g1 d8d4 a1b1 f8g7 f4d5 g6g5 e1f1 b8c6 h2h3 d4e3 g1f3 e5e4 h1h2 c6d4 d5e3 d4e2 e3f5 g7d4 f5e7 a6b7 b1b3 a7a6 b3b7 f7f6 b7c7 a8a7 f3d4 e4d4 c1a3 a7a8 h2h1 h6f7 e7g6 g8e8 g2a8 h7h5 g4h5 e2g3
326,W,material_adjudication,84,1.126612,1630,2026-08-08 07:12:05,b2b3 b7b5 e2e4 c8a6 b1c3 h7h6 c1a3 h8h7 f2f3 d7d6 g2g3 f7f6 e1f2 e8f7 c3d5 f7g6 d2d4 b8c6 f1h3 d8d7 d5f4 g6f7 c2c3 c6b4 a1b1 d7g4 b1c1 g7g5 f3g4 f8g7 f2e2 c7c5 d4d5 g5f4 g3f4 b4d3 g4g5 f6g5 f4g5 b5b4 a3b4 c5b4 a2a4 h6g5 h3c8 g7c3 c1c3 h7h6 c3c7 d3e1 d1d3 a6d3 e2f2 a7a6 c8e6 h6e6 h2h3 e6h6 h3h4 a8b8 h1h3 d3b1 h4g5 b1e4 g5h6 g8h6 f2e3 a6a5 e3e4 b8a8 e4e3 e1g2 e3f3 a8a7 c7a7 f7f6 a7c7 f6f7 f3g2 h6g4 g1e2 g4h6 h3e3 f7f8
327,B,material_adjudication,69,1.211993,1635,2026-08-08 07:12:05,g2g3 g7g5 h2h4 f7f6 f1g2 c7c5 h1h3 d7d5 g3g4 c8d7 d2d4 f8g7 c2c4 g8h6 e1d2 b7b6 d2e3 h8g8 f2f3 b6b5 b2b4 b5c4 d1d3 g7f8 e3f2 a7a5 a2a4 d8c7 h4h5 d7c8 e2e3 h6f5 b4b5 b8c6 c1d2 c7g3 h3g3 c5d4 g4f5 f8g7 g1h3 g5g4 d2c3 g4h3 f3f4 d4c3 b1c3 c8f5 e3e4 f5e4 c3d5 g8h8 g2f1 c4d3 h5h6 h3h2 f4f5 h8g8 b5c6 h2h1q h6g7 h7h5 c6c7 e4d5 g3d3 h1e4 d3d2 e8f7 f2g3
328,W,material_adjudication,66,0.890539,1640,2026-08-08 07:12:06,a2a3 e7e5 d2d3 g8h6 a1a2 g7g5 c2c4 f8b4 a3b4 h6g8 e2e3 a7a6 h2h4 c7c5 g2g3 d8a5 h4g5 h7h5 e1e2 h8h7 g1h3 b8c6 b4a5 b7b6 a2a3 g8h6 a3a2 b6a5 g5h6 e8e7 f1g2 h5h4 b2b4 c5b4 b1d2 h4g3 f2g3 d7d6 c1b2 h7h6 g2d5 c8f5 e3e4 c6d4 b2d4 f5e4 d4b6 f7f5 h1f1 e7e8 d1b3 h6f6 f1f5 e8d7 e2d1 f6f5 d3e4 a8f8 e4f5 f8f5 d1e2 f5f7 e2d1 e5e4 a2a3 f7f6
329,B,material_adjudication,115,1.221807,1645,2026-08-08 07:13:11,e2e4 g7g6 g2g3 g6g5 d1f3 e7e6 c2c4 b8a6 f1g2 c7c5 b1a3 f7f6 a3b5 a6b4 f3f4 b4a6 g3g4 d7d5 h2h3 d8c7 b5c7 e8e7 f4f3 d5e4 d2d4 c5d4 c1g5 f6g5 h1h2 e4f3 g1f3 a8b8 b2b4 h7h6 e1f1 b8a8 b4b5 h8h7 a2a4 h7f7 c7d5 e7d8 b5a6 f7f3 a1a2 b7a6 g2f3 c8d7 f3g2 e6d5 g2d5 d4d3 a2a1 d7g4 h3g4 d8e7 a4a5 e7f6 h2h3 h6h5 h3d3 h5g4 d3c3 f8d6 c3g3 d6g3 d5g8 g3h4 g8h7 f6e6 f2f3 g4f3 a1b1 a8f8 b1a1 f8f4 f1g1 e6f6 a1a2 f6g7 a2a1 g7f6 g1h1 f3f2 a1a2 f4e4 h7e4 f2f1q h1h2 f6e6 e4d5 e6d7 a2a1 f1f6 h2g2 d7e7 c4c5 e7d7 a1c1 g5g4 c1e1 f6f5 c5c6 d7d6 c6c7 h4e1 c7c8q f5f6 c8f5 f6f5 d5e6 d6e6 g2h1 f5b1 h1g1
330,W,checkmate,83,0.978919,1650,2026-08-08 07:14:30,g1h3 f7f5 b1c3 g8f6 g2g3 c7c5 b2b4 f6e4 f1g2 c5c4 d2d4 d8a5 b4a5 e8d8 c3b1 e7e6 e1f1 f5f4 h3f4 b8a6 h2h4 f8b4 h1h3 d8e7 a2a4 a6c7 c1a3 b7b5 d4d5 h7h6 g3g4 g7g6 a4b5 c7b5 c2c3 d7d6 a1a2 h8h7 d1d2 a7a6 h4h5 g6g5 e2e3 e7f6 f1e2 g5f4 g2e4 f4e3 e2e3 a8a7 g4g5 h6g5 d2d4 b5d4 f2f3 a7a8 e3d4 e6e5 d4c4 f6e7 f3f4 g5g4 f4f5 c8f5 e4d3 g4g3 h3g3 h7h6 d3f5 b4c3 g3f3 e7f6 a3c1 e5e4 a2f2 e4f3 f2f3 f6e5 b1a3 c3d2 c1d2 a8e8 d2c3
331,W,value_resign,37,1.144536,1655,2026-08-08 07:22:25,f2f3 c7c5 d2d4 c5d4 d1d4 d7d6 a2a4 d8b6 a1a2 f7f6 c2c4 b8d7 d4d6 e8d8 b1a3 b6g1 h1g1 b7b5 d6e7 d8c7 e7f7 c7d8 c4b5 g7g5 f7g8 h8g8 f3f4 f8g7 b2b4 a8b8 f4g5 h7h5 g5h6 g8h8 h2h3 c8b7 e1d2
332,W,material_adjudication,68,1.001210,1660,2026-08-08 07:22:44,g1f3 f7f6 b1c3 b7b5 h1g1 c8a6 a2a4 b5a4 c3d5 b8c6 a1a2 g7g6 h2h4 c6a5 g2g4 a6b7 f1g2 d8c8 e1f1 a7a6 b2b4 d7d6 b4b5 b7d5 f3e1 c8e6 f2f4 e6e2 f1e2 e7e5 d2d4 f6f5 e2e3 g8f6 g2d5 f6g4 g1g4 e5f4 g4f4 a5c4 e3e2 c4b6 d5a8 f8g7 e2e3 c7c6 c2c3 d6d5 c1b2 a4a3 d1e2 b6c8 b5c6 c8a7 e3f2 e8f8 a2a3 a6a5 e2e3 g7d4 h4h5 d4e3 f2e3 f8e7 e3d4 e7f6 h5g6 f6g6
333,B,checkmate,76,1.005438,1665,2026-08-08 07:23:20,g1f3 b7b5 a2a4 a7a5 b1c3 g8f6 b2b4 g7g6 e2e4 a8a7 h2h4 h8g8 f1e2 f6d5 b4a5 f7f6 a4b5 c8a6 g2g3 b8c6 a1b1 d8c8 f3e5 c6e5 c1b2 e7e6 h4h5 c7c6 c3a2 f8c5 g3g4 e8e7 e4d5 f6f5 b5b6 g8h8 h1h3 a6b7 e2d3 c5b4 c2c3 f5g4 d3g6 c6d5 e1f1 h7h6 d2d3 g4h3 b2a3 h8h7 b1a1 e5d3 f1e2 b4a3 g6h7 e7e8 e2f3 e8e7 c3c4 e6e5 d1e1 a7a6 h7d3 h3h2 c4d5 d7d6 f3e4 e7f7 a1c1 f7f6 f2f3 h2h1q c1c8 h1e1 d3e2 e1e2
334,B,checkmate,76,1.022949,1670,2026-08-08 07:25:08,g1h3 h7h6 d2d3 a7a5 b2b3 g8f6 c1b2 h8g8 c2c3 f6d5 d1c1 d7d6 c1h6 c8h3 e1d1 g7g5 d1d2 a8a6 b3b4 a5b4 f2f4 f7f5 g2g3 h3g4 a2a4 c7c5 e2e4 a6b6 a1a3 d8c8 e4f5 g5f4 c3b4 c5b4 h6f6 e7f6 a3a1 d5e3 d3d4 e8d8 h1g1 d8c7 b2c3 f8g7 d4d5 b8d7 d2e1 b4c3 b1c3 f4f3 e1d2 c7d8 f1b5 c8c6 d5c6 d8c7 g1e1 e3g2 c6d7 d6d5 c3d5 c7d8 a1a2 g2e1 d2d1 e1d3 b5d3 b6b2 d3e2 b7b5 a4b5 f3e2 d1c1 g4f5 a2b2 e2e1q
335,B,material_adjudication,111,0.960973,1675,2026-08-08 07:25:45,b1c3 e7e5 a2a4 c7c5 g1f3 b8c6 h1g1 c5c4 f3e5 b7b6 e5c4 d8c7 c4d6 f8d6 e2e4 g8h6 g2g4 h6f5 f1g2 c6b4 f2f4 d6f4 g4f5 c8a6 d2d4 f4e5 a1a3 c7d8 d1d2 d7d6 d4e5 a8b8 c3d5 b4d5 e4d5 e8e7 b2b3 b6b5 e1d1 h8g8 b3b4 b8a8 d2c3 h7h6 g2h3 d6e5 h3g2 a8b8 h2h3 e7f6 g2e4 g7g5 c3f3 d8d7 c2c3 h6h5 a4a5 d7f5 e4f5 e5e4 g1h1 e4f3 d5d6 f6e5 f5d3 f7f6 d3b5 a6b7 a3a2 e5d6 a5a6 b7e4 c1d2 b8a8 d2c1 g5g4 h3g4 e4b7 d1d2 d6e5 c1b2 g8f8 h1f1 e5e4 b2c1 h5g4 f1f3 g4f3 c1b2 f8e8 d2d1 a8b8 b2c1 b7c6 a2d2 c6b5 d2d4 e4e5 d4f4 e8f8 c3c4 f6f5 c4b5 b8b5 d1d2 e5f4 d2d3 f4g3 c1g5 f8e8 d3d4
336,B,value_resign,61,1.196828,1680,2026-08-08 07:26:38,b2b3 f7f6 g1f3 b7b5 f3d4 e7e6 d2d3 d7d6 e2e4 b8c6 g2g3 h7h6 g3g4 g7g6 c1b2 a7a5 h2h3 a8a6 g4g5 c6b4 a2a4 h8h7 d1g4 f6g5 e4e5 b4c2 d4c2 d8d7 b2d4 d6d5 h1g1 f8b4 b1c3 e8e7 g4d1 b5a4 g1g3 c7c6 b3a4 b4c3 d4c3 c6c5 f2f4 d7a4 a1b1 a6a7 h3h4 a4f4 d3d4 f4g3 e1e2 c8d7 f1g2 g3g2 e2e3 g8f6 b1b3 a5a4 d1e1 a7a6 h4h5
337,B,material_adjudication,93,1.146592,1685,2026-08-08 07:28:57,e2e4 c7c5 g1h3 e7e6 b1c3 b7b5 h1g1 e8e7 e4e5 c5c4 c3d5 e6d5 d2d3 c8a6 f2f4 b5b4 e5e6 g8h6 a1b1 d8e8 d1d2 h8g8 h3f2 h6f5 e6f7 e8d8 g2g4 g7g6 g4f5 g6f5 h2h3 d5d4 g1g8 d7d5 f2e4 d5e4 a2a3 h7h5 g8g6 b4a3 d3e4 c4c3 b2c3 f5e4 b1b3 a6b5 c3d4 e7f7 c2c3 f7g6 e1d1 d8d5 d1e1 b5d7 f1b5 d7f5 b3b4 a7a5 b4b3 f8e7 b3b4 a3a2 b5a6 d5g8 b4b8 g8c8 b8c8 a8a6 e1e2 a6b6 d2d1 a5a4 c1e3 a2a1q c8c7 a1d1 e2d1 a4a3 e3d2 a3a2 c7e7 a2a1q d1e2 a1g1 e7c7 g6f6 d2c1 g1c1 d4d5 f5h7 e2f2 h7g6 d5d6
338,W,material_adjudication,74,0.985967,1690,2026-08-08 07:30:24,b2b4 a7a5 c1b2 f7f6 d1c1 g7g6 b4b5 e7e5 b5b6 f8g7 c1d1 h7h5 e2e3 e5e4 b1a3 d7d5 f2f3 e8e7 g2g3 c8g4 f1c4 f6f5 c4d5 g8h6 f3f4 b8c6 b2d4 h8h7 b6c7 e7d6 d2d3 d8d7 d5e4 g4d1 e4c6 d6c7 c6d7 b7b5 e3e4 a5a4 d4e5 g7e5 e1d1 a8b8 g1f3 e5a1 f3d2 f5e4 d3e4 c7d7 f4f5 a1g7 d1e2 h6f5 e4f5 h5h4 f5g6 h4g3 g6h7 d7e6 h2g3 b5b4 d2b1 e6f6 c2c4 b4a3 b1c3 b8g8 h7g8q f6e7 e2e3 e7f6 c3b5 g7h6
339,D,rule_draw,124,1.088489,1695,2026-08-08 07:30:59,h2h4 b8a6 e2e4 f7f6 g1f3 b7b5 a2a3 c8b7 h1h2 d8c8 h4h5 c7c6 f3g1 e7e6 b1c3 g7g6 g1f3 a8b8 g2g4 f8c5 f1g2 f6f5 b2b4 f5f4 c3b5 h7h6 h5g6 c6b5 c1b2 e6e5 b4c5 a6c5 a3a4 h8h7 a4b5 c5d3 c2d3 e8f8 f3e5 g8f6 d1c2 c8c2 e5d7 h7d7 d3d4 c2e4 g2e4 f8e7 e4g2 e7f8 h2h3 b7e4 f2f3 b8b6 g4g5 f8g7 b2a3 f6d5 g2f1 e4f3 f1e2 f3e4 a3b2 b6b5 h3h4 a7a5 h4f4 d5f4 b2c1 a5a4 d4d5 e4d5 c1a3 g7g6 a3b4 d5e4 b4c3 a4a3 c3d4 f4g2 e1f1 h6h5 e2b5 d7d6 f1f2 e4d5 a1a2 d6d7 f2g3 d7e7 b5e2 g2e3 d2d3 e7e8 a2a3 e3c2 e2h5 g6h5 g5g6 h5g6 a3a6 g6f5 a6d6 d5f7 d4b2 e8e6 d6e6 f5e6 g3f3 e6d7 d3d4 c2d4 b2d4 d7d6 d4c5 d6c7 f3e2 c7c6 e2e3 f7d5 e3e2 d5e4 e2e3 c6c5
340,W,material_adjudication,66,1.086367,1700,2026-08-08 07:31:00,b2b3 a7a5 e2e3 d7d5 c2c3 g7g5 d1g4 g8f6 g4a4 b7b5 f2f3 e8d7 a4d4 f8g7 d2d3 b8a6 g2g3 c7c5 f3f4 h8f8 c1b2 d8b6 d4e5 h7h6 g1h3 b5b4 g3g4 d7d8 h3g5 a5a4 g5f7 d8d7 f1g2 e7e6 b1a3 a4b3 c3b4 a8b8 d3d4 c5d4 h1g1 b6d6 g4g5 a6b4 f7d6 b4d3 e1d1 d3e5 b2d4 h6g5 d4e5 b8b5 a3b5 d5d4 a2b3 d4d3 f4f5 e6f5 g2f3 f6e4 f3e4 f5e4 a1b1 g7f6 e5f6 f8f7
341,W,material_adjudication,70,1.287568,1705,2026-08-08 07:32:08,b2b4 b8c6 d2d3 a7a5 a2a4 g7g5 b4a5 b7b5 h2h4 b5b4 c1a3 h7h6 h1h2 d7d6 b1d2 h8h7 a1a2 c8b7 g2g3 c6d4 g1h3 c7c6 d2b1 d4f3 e2f3 d8d7 a2a1 b7c8 g3g4 g5h4 f3f4 c8b7 f4f5 d7d8 f1g2 a8a7 d3d4 c6c5 h3f4 b7e4 e1f1 c5c4 c2c3 b4c3 b1c3 f7f6 c3e4 c4c3 g4g5 d6d5 a1b1 f8g7 b1b7 a7b7 g2h3 b7b6 e4f6 g7f6 a5b6 e8f7 f1e2 d8b6 g5g6 f7g7 g6h7 f6g5 h7g8q g7g8 e2f3 b6e6
342,B,material_adjudication,66,1.034457,1710,2026-08-08 07:33:34,c2c3 e7e6 g2g4 b7b5 f1h3 c7c5 e1f1 f7f6 f2f4 c5c4 g1f3 e6e5 a2a3 g8e7 f3g5 b8a6 f4f5 h8g8 d1b3 a6c5 f1g2 a7a6 a3a4 d7d5 e2e4 b5a4 a1a4 e8d7 g5f3 d5d4 g2g3 g7g6 f3h4 g6f5 b1a3 h7h5 h4g2 c5a4 b3c4 d8b6 c4e2 h5g4 h3g4 f8g7 h1d1 c8b7 a3b1 d7c6 e2e3 f5e4 g4e2 b7c8 b1a3 f6f5 c3c4 a6a5 b2b3 b6c5 e3f4 e5f4 g3h3 g7f6 g2f4 a8b8 b3b4 a5b4
343,B,material_adjudication,83,1.009375,1715,2026-08-08 07:33:52,g1h3 b8a6 d2d3 e7e6 c2c4 g8h6 c1g5 b7b5 c4c5 c7c6 b1a3 d8e7 h1g1 f7f6 a3b1 h8g8 b1c3 f6f5 b2b4 a8b8 h3f4 e7g5 c3a4 f8d6 g2g3 d6e7 f4g6 e6e5 g6f4 g5f6 f1g2 e5f4 g3f4 f6a1 a4b6 a1d1 e1d1 g7g5 f2f3 g5f4 a2a4 d7d5 b6c8 a6b4 c8a7 h6f7 h2h4 b8a8 e2e4 a8b8 g2f1 b5a4 d3d4 b8b7 e4d5 c6d5 f1g2 b7b6 c5b6 e8d8 a7b5 g8g2 g1g2 d8d7 g2f2 b4c6 d1c2 d7e6 c2c3 e7h4 f2e2 e6f6 c3d2 c6d8 b5d6 f7d6 e2e1 h4e1 d2e1 f6e7 e1f2 h7h5 f2e1
344,W,material_adjudication,80,1.155975,1720,2026-08-08 07:34:41,c2c4 f7f5 d2d3 d7d6 g2g4 e8f7 f2f4 g7g5 c1e3 a7a6 e3d4 b7b5 c4b5 a6a5 b2b3 h7h6 e2e3 f5g4 d1d2 h6h5 e1d1 d8e8 f4g5 d6d5 f1g2 g8h6 d4h8 f8g7 g2d5 c8e6 d5e6 f7e6 g5g6 c7c5 b3b4 c5b4 d3d4 e6f6 e3e4 e7e5 d2e2 e8f8 b1a3 h5h4 d1d2 b8a6 a1b1 a5a4 b1e1 h6g8 e2d3 f8e7 d3e2 a8a7 e1a1 e7e6 a3b1 e6e7 b1a3 a7c7 h8g7 f6g7 a1b1 g7f6 b1b4 a6b4 d4e5 e7e5 g6g7 c7c5 g1h3 b4a6 h1g1 e5e4 e2e4 f6g7 d2e1 g7f6 e1d1 g4g3
345,W,value_resign,59,1.011661,1725,2026-08-08 07:39:25,e2e3 b7b5 c2c4 b8a6 f1e2 a8b8 c4b5 g8f6 f2f4 a6b4 d2d4 h7h5 d1d2 b4c2 e1d1 h8h7 d2e1 c2e3 d1d2 g7g6 g2g3 f8g7 b2b4 c8b7 g1h3 e3g2 e1d1 h5h4 h1g1 b7a6 b1a3 d7d5 g3g4 c7c6 b5c6 d8d7 c6d7 e8d7 f4f5 f6e4 d2c2 g6g5 h3f2 b8a8 d1d2 g7e5 a1b1 a6c8 b1b3 e7e6 d2d3 h7h6 d4e5 d7e7 c1g5 f7f6 g1f1 a7a6 b4b5
346,B,material_adjudication,123,1.009633,1730,2026-08-08 07:42:23,h2h4 c7c5 g2g3 e7e5 c2c4 d8e7 e2e4 d7d5 e1e2 e8d7 d2d3 h7h6 h4h5 g7g5 e2e1 f7f5 g1f3 d7d8 e1d2 f5f4 b1c3 d5d4 c3e2 f8g7 e2c3 e7d6 f3d4 d8c7 a2a4 c8f5 c3d5 d6d5 c4d5 f5g4 g3f4 e5f4 d4b3 b8a6 e4e5 g7e5 d1e2 e5c3 d2c3 c5c4 d3c4 g4e2 c1f4 c7d8 b3d4 g8f6 h1g1 e2f3 f4e5 d8e7 c4c5 f3g4 f2f4 e7f7 g1g3 g5f4 a1e1 f4g3 c5c6 h8h7 d4b3 g3g2 c6b7 g2g1q b7a8q f7e7 f1g2 a6c7 e1g1 a7a5 g1f1 f6d5 a8d5 c7d5 c3d4 g4f5 f1g1 h7f7 b3a5 e7e6 e5f4 d5f4 d4c5 f4g2 a5b3 f7a7 g1f1 e6e7 f1f4 g2f4 c5c6 a7a4 c6c7 e7e8 c7d6 f4g2 d6e5 e8d8 e5f5 d8e7 b3d4 a4d4 b2b3 e7f7 f5e5 d4b4 e5d6 f7g8 d6c6 g8h8 c6c7 h8h7 c7c6 b4b3 c6d5 h7g7 d5e6 g7h8 e6d5
347,W,material_adjudication,104,1.035786,1735,2026-08-08 07:43:00,f2f3 c7c5 h2h4 d8b6 d2d4 f7f6 c2c4 e7e6 h1h2 e8d8 b2b3 c5d4 d1c2 f8e7 b1c3 d8c7 g2g4 d7d5 c3d1 g7g5 h4g5 b6c5 c4d5 b8a6 e1f2 e6e5 c2c5 e7c5 e2e4 c5a3 f1g2 a8b8 f2e2 c7d7 c1b2 b7b5 b2c3 f6g5 g2h3 d4c3 f3f4 a3c5 f4g5 d7e7 d1c3 c8g4 h3g4 g8f6 g4h5 a6c7 c3b5 a7a5 b5c7 f6d5 e4d5 e5e4 h2h3 c5g1 a2a3 e4e3 g5g6 h7g6 h5g6 g1f2 b3b4 h8g8 d5d6 e7f6 e2d1 a5b4 c7d5 f6e6 d5b4 g8g6 h3h4 g6h6 h4h6 e6f7 h6h7 f7f6 b4a2 f6e5 a3a4 e5d6 h7g7 d6e5 d1e2 b8b5 a4b5 e5f6 b5b6 f6g7 a1b1 g7f6 b1h1 f6e7 b6b7 e7f6 b7b8q f6f5 e2f3 f5e6 f3e2 e6f6
348,W,checkmate,37,1.218963,1740,2026-08-08 07:44:27,b2b4 d7d6 e2e3 e8d7 b4b5 g7g6 g2g3 a7a5 f2f4 f8h6 g1f3 f7f5 b1a3 e7e5 a3b1 b7b6 b1c3 c8a6 a2a3 e5f4 e3f4 d8e8 f3e5 d6e5 b5a6 e5f4 c3e2 a5a4 a1b1 d7e6 e2f4 e6d6 d1e2 e8d8 d2d4 b6b5 e2e6
349,B,material_adjudication,66,1.175494,1745,2026-08-08 07:45:39,b1c3 c7c5 b2b4 e7e6 g2g3 a7a6 a1b1 c5b4 f1g2 g7g5 a2a4 e6e5 e1f1 f8e7 e2e4 g8f6 f1e2 f6e4 g3g4 e4f2 c3d5 h7h5 g1f3 e5e4 d2d4 b7b6 d1f1 h5g4 f3e1 h8h6 g2h3 g4h3 c1a3 b8c6 h1g1 a8b8 b1a1 b6b5 a4b5 b4a3 d5c7 d8c7 a1a2 a6b5 a2a3 c8a6 g1h1 b5b4 a3d3 c6a7 h1g1 c7c2 e1c2 d7d5 c2b4 e4d3 e2f2 b8a8 f1e2 d3e2 f2f3 e7f6 g1f1 e8d8 f3e3 h6h5
350,B,material_adjudication,77,0.836324,1750,2026-08-08 07:48:04,a2a3 f7f5 h2h4 d7d6 a3a4 b8d7 e2e3 a7a6 b1a3 c7c6 g2g4 d8c7 f1h3 b7b6 f2f4 d6d5 d2d4 d7e5 f4e5 e7e6 g1f3 g8h6 a1b1 e8f7 b2b3 h8g8 e3e4 f5e4 c2c3 f8b4 e1e2 f7g6 c3c4 c6c5 b1a1 b6b5 c4d5 e4e3 a1a2 a8b8 c1d2 c5d4 f3d4 c7d8 e2f3 d8e7 a4b5 a6b5 h4h5 g6f7 a3b5 g7g6 d2e3 f7e8 d1d2 c8b7 a2a4 h6f5 h5g6 b4d2 g4g5 b7c8 a4a6 e7f8 b5a3 f8c5 d5e6 c8a6 e3d2 f5d4 f3f2 g8g6 d2f4 b8a8 h1e1 a8b8 f2g3
351,B,material_adjudication,67,1.119962,1755,2026-08-08 07:48:32,b2b4 a7a5 c2c3 b8c6 g1f3 b7b5 f3d4 c6a7 e2e4 a8b8 f2f4 c7c5 d1a4 h7h6 b4c5 d7d6 f4f5 h8h7 h1g1 d6c5 e1f2 b5a4 b1a3 b8b3 f2f3 c8e6 a3b5 b3c3 d2c3 h6h5 f1e2 c5c4 c1f4 g7g5 d4c2 e6f5 c2e3 f8g7 a1b1 f5e4 f3g3 g8f6 b1a1 d8d7 a2a3 f6d5 a1b1 e8f8 e3d5 d7d5 b1c1 g7h6 e2g4 f7f6 h2h3 f8g7 g4h5 d5d3 g3f2 g7h8 g2g4 g5f4 h5g6 h6f8 b5d4 f8g7 g1h1
352,B,checkmate,84,1.331311,1760,2026-08-08 07:49:41,b1a3 g8h6 a1b1 h6g8 d2d4 b7b5 g2g3 d7d5 h2h3 f7f6 f2f3 c7c6 f1g2 b8a6 h3h4 g7g5 c1f4 f8g7 h1h2 d8d6 b2b3 g5h4 h2h4 d6c5 d4c5 a6c5 d1d5 c6d5 h4h3 c5d7 b3b4 c8a6 e1f2 d7b8 e2e3 d5d4 c2c4 e8d8 f4b8 b5c4 a3c4 a6c4 h3h5 d4e3 f2e3 d8e8 b8c7 e8f8 g1h3 g8h6 b4b5 h8g8 a2a4 a7a5 e3e4 h6f5 e4f5 e7e5 h3f4 f8e7 g3g4 e5e4 b1c1 e7d7 b5b6 g8f8 g2f1 c4f7 c7e5 f8g8 f4d5 f7d5 f1g2 d5f7 f3e4 d7e7 h5h3 f6e5 g2f1 a8b8 f1c4 f7c4 g4g5 c4e6
353,B,checkmate,66,1.037986,1765,2026-08-08 07:49:42,a2a3 f7f6 a3a4 b7b5 a1a3 g7g5 h2h3 a7a6 d2d4 a8a7 a4b5 d7d5 g1f3 f8g7 a3a4 e8d7 g2g3 h7h5 b2b4 a6a5 h1h2 e7e5 e1d2 a7a6 b5a6 d7e7 f3g5 e5d4 b1c3 f6f5 d2e1 g7h6 b4a5 d4c3 a4g4 f5g4 e2e3 e7f6 e1e2 c8a6 e2e1 c7c6 g5e4 d5e4 f2f4 e4f3 f1g2 d8d7 d1d7 b8d7 h3g4 d7b6 e1f2 h5g4 e3e4 f6e7 c1f4 a6b7 a5b6 f3g2 e4e5 h6f4 g3f4 h8h2 f2g3 g2g1q
