game,moves
1,e2e3 g7g5 c2c4 f7f6 d1h5
2,b1a3 f7f6 d2d4 b7b5 d1d2 e7e6 d2g5 f8d6 a3c4 b8a6 g5h5 e8e7
3,e2e3 d7d6 g2g3 g8h6 c2c3 h6g8 d1e2 d6d5 d2d4 d8d7 e2d1 b7b5
4,b1a3 b8c6 b2b3 a7a5 c2c3 f7f6 c3c4 a8b8 g2g3 c6a7 d2d3 d7d6
5,e2e3 g7g6 c2c4 b7b5 f1e2 g8h6 f2f4 f7f6 g1f3 d7d5 f3e5 d5c4
6,b2b3 e7e6 c2c4 b8a6 g2g4 a6b4 h2h4 c7c6 h1h2 e8e7 g4g5 g8h6
7,g1f3 d7d5 a2a3 e7e5 h2h4 h7h5 g2g4 h8h6 f3e5 d8e7 e2e3 h6d6
8,f2f3 a7a5 e2e3 h7h5 b2b4 d7d6 f1e2 c8h3 e2f1 h3c8 g2g4 c8d7
9,d2d4 a7a6 c1d2 a6a5 g2g3 b8c6 b2b3 a8b8 a2a4 d7d6 d2h6 g7h6
10,g1h3 d7d6 a2a4 g7g5 b2b4 d6d5 b1a3 b8d7 c1b2 g8h6 b2g7 h6f5
11,a2a3 g8f6 c2c3 b7b6 b2b3 h7h6 e2e4 f6d5 d2d3 d5e3 b1d2 e3f1
12,c2c4 f7f6 c4c5 b8a6 a2a4 f6f5 f2f4 c7c6 a1a2 d7d6 a4a5 e8d7
13,a2a3 d7d5 e2e3 f7f6 d1g4 c7c5 g4h5 g7g6 f1a6 g6h5 g2g3 b7a6
14,a2a3 a7a5 a3a4 e7e5 d2d3 e5e4 a1a3 d7d5 b1c3 b7b5 e2e3 d8h4
15,a2a3 g7g5 c2c3 b8c6 d2d4 b7b6 e2e3 c6d4 d1e2 a8b8 e1d1 b8a8
16,d2d4 g8h6 b1a3 a7a6 c2c3 b7b6 c3c4 f7f5 f2f4 c7c6 a3b5 e8f7
17,b1c3 b8c6 d2d3 e7e5 c3b5 h7h5 c2c4 g8h6 g2g4 f8c5 c1f4 h8f8
18,b2b4 g7g5 b1c3 f8g7 c3e4 e8f8 c2c3 f8e8 d1a4 g5g4 g1f3 f7f6
19,g2g3 g8f6 b2b4 d7d6 f2f3 c8g4 d2d4 g7g5 c1d2 g4f5 d1c1 f6e4
20,b2b4 g7g5 b4b5 d7d5 b5b6 c8e6 g1h3 c7b6 d2d3 b6b5 c1g5 f7f6
21,g1h3 a7a6 h3f4 b8c6 b2b3 g8f6 f4g6 e7e6 g2g3 e6e5 c2c4 c6d4
22,b2b4 c7c6 b4b5 d7d5 f2f4 g7g5 a2a4 e7e5 g1h3 f8d6 e2e4 e8d7
23,h2h4 g8h6 f2f4 g7g5 b1a3 c7c5 a1b1 f7f5 g2g4 e7e6 h1h3 d8c7
24,b2b3 b8c6 g1f3 g7g5 d2d3 d7d6 f3e5 g8f6 e1d2 e7e6 c2c4 a8b8
25,f2f4 b7b6 g2g3 g8h6 h2h4 e7e5 e1f2 h6g8 f1g2 e8e7 a2a3 c8b7
26,c2c3 g8f6 c3c4 h8g8 a2a3 c7c6 f2f3 a7a6 d2d4 a8a7 c4c5 b7b5
27,f2f3 g8h6 g2g4 d7d5 g1h3 e7e5 f1g2 e5e4 d2d4 f8d6 e1f1 e8f8
28,g1h3 g8h6 b1a3 b7b5 d2d4 f7f5 f2f4 c8b7 b2b4 h8g8 d4d5 d8c8
29,f2f3 a7a5 g1h3 b7b5 d2d3 a8a6 h3f2 b8c6 b1a3 e7e6 a1b1 g8f6
30,e2e3 h7h5 e3e4 g7g6 e4e5 g8h6 b1a3 b7b5 h2h3 b8c6 a1b1 c6b4
31,e2e3 e7e6 f1b5 b8c6 d1f3 c6d4 c2c4 f8a3 f3f4 d8g5 f4g3 g7g6
32,b2b4 a7a5 h2h4 e7e5 g2g3 d7d6 h1h3 b8d7 a2a3 a5b4 e2e3 e8e7
33,g1f3 e7e6 b1c3 d8f6 e2e4 c7c6 a1b1 g8h6 f1a6 c6c5 b2b4 h6f5
34,g1h3 g7g6 e2e3 g8f6 f1a6 b8c6 c2c3 a8b8 h3g1 f6e4 a6f1 e4f2
35,h2h3 b7b5 e2e3 c7c6 e1e2 c6c5 g1f3 g8f6 h1g1 g7g6 d2d4 d8a5
36,h2h4 g7g6 d2d4 a7a6 e2e4 g8h6 c2c4 e7e6 g1f3 f7f5 h4h5 g6h5
37,d2d3 g7g5 b1d2 f7f5 d2e4 g5g4 e4g3 f8g7 h2h4 d7d5 a2a4 f5f4
38,a2a3 h7h5 c2c3 b7b5 f2f3 g8f6 g2g3 f6d5 f1g2 d7d6 a1a2 h8h6
39,a2a4 b8c6 a4a5 g8f6 a1a2 a8b8 g2g3 h8g8 a2a1 g7g5 f2f3 h7h5
40,g2g4 b8c6 f2f3 g7g5 d2d4 d7d6 c1d2 g8h6 c2c3 c6d4 c3d4 d8d7
41,h2h4 g7g6 f2f3 b8c6 b1c3 c6a5 a2a4 g8h6 c3e4 a5b3 c2b3 h6g8
42,c2c4 g8h6 e2e4 f7f5 d1c2 e8f7 d2d4 f7e6 d4d5 e6f6 c2c3 e7e5
43,g2g4 f7f6 a2a3 b7b5 g1f3 g7g6 f1g2 g8h6 f3d4 h6f5 f2f3 e8f7
44,f2f3 a7a6 g2g4 g8h6 f1h3 f7f5 a2a3 b7b5 d2d3 c7c6 d1d2 g7g6
45,b2b4 e7e6 e2e3 h7h6 f2f3 b7b5 h2h4 e8e7 g2g3 h8h7 b1a3 c7c6
46,f2f3 g8h6 d2d3 g7g6 e2e4 h8g8 b1c3 f7f5 f1e2 f5f4 a1b1 e8f7
47,g1f3 b8a6 a2a4 f7f6 e2e3 d7d6 h2h4 a6b8 b2b3 c8f5 h1h3 g7g6
48,f2f4 g8f6 e2e3 e7e5 h2h3 b7b6 h1h2 g7g6 d1h5 b8c6 f1d3 f8h6
49,e2e4 h7h6 e1e2 b8a6 b1c3 a8b8 c3b1 g7g5 h2h4 h6h5 b1c3 g8h6
50,a2a4 f7f6 c2c3 b8a6 g1h3 c7c6 a1a2 g7g6 h1g1 a8b8 f2f4 g8h6
51,d2d3 b7b5 c1f4 g8f6 g1f3 f6d5 d1c1 e7e6 c1d2 f7f6 g2g4 h7h5
52,f2f3 b8a6 c2c3 a6c5 g2g3 a8b8 b2b4 f7f6 g1h3 g7g6 h3g1 g8h6
53,b2b4 f7f6 e2e4 g8h6 f1b5 b8a6 f2f3 a6b8 g2g4 e8f7 h2h3 g7g6
54,g1h3 e7e6 g2g4 h7h6 b2b4 b8c6 b1c3 f7f5 e2e3 a8b8 e1e2 f8d6
55,h2h4 b7b6 g2g3 f7f5 h1h3 g7g6 f2f4 g8f6 c2c4 b6b5 g3g4 f6h5
56,b1c3 g7g6 c3b5 e7e6 g1h3 e6e5 c2c3 h7h6 d2d4 b8a6 c1e3 f8e7
57,g1h3 d7d5 e2e4 f7f6 c2c3 e7e6 d1b3 g8e7 f1b5 b8c6 f2f3 e6e5
58,e2e4 e7e6 g2g4 a7a5 g1f3 b7b5 d2d4 h7h6 b1a3 h6h5 a1b1 f7f6
59,e2e4 f7f6 d2d4 g8h6 c1d2 b7b5 f1b5 c8a6 g2g4 g7g5 b1c3 e8f7
60,f2f4 g8f6 b1a3 e7e6 e2e3 e6e5 g1f3 b7b5 f3d4 h7h5 f4e5 h8h7
61,d2d4 d7d5 c1e3 c8e6 e1d2 d8c8 f2f4 a7a6 g2g4 b8c6 d2e1 c8d7
62,b1c3 b7b6 a1b1 g7g5 b1a1 b8a6 f2f3 c8b7 c3d5 h7h5 e2e3 h8h6
63,c2c3 e7e5 f2f4 b7b5 g2g3 c7c6 e1f2 c8a6 d1b3 f8c5 f2g2 e5e4
64,b1a3 b7b5 g1f3 h7h5 e2e4 e7e5 d2d4 c7c5 g2g4 d8c7 f1g2 c7c6
65,g1f3 d7d5 e2e3 b8c6 c2c4 a8b8 f1e2 d5c4 b1c3 h7h6 a1b1 h8h7
66,f2f3 g8h6 e1f2 g7g5 b2b4 h8g8 g2g3 h6g4 f2g2 g4e5 f3f4 e7e6
67,f2f3 c7c5 e1f2 g8f6 g2g4 g7g6 f2e1 a7a5 d2d4 b7b5 c2c3 c5c4
68,g1f3 e7e5 d2d4 g8h6 f3d2 h8g8 b1c3 f7f6 g2g3 b7b5 d2e4 e8e7
69,b1c3 e7e5 d2d4 a7a5 e2e3 a8a7 f1e2 b8c6 d4e5 f8d6 b2b4 d6f8
70,g1f3 f7f6 f3h4 g7g6 b2b3 f8h6 g2g4 h6g7 f2f3 c7c5 c2c4 e8f7
71,d2d4 b7b5 a2a4 g8f6 e2e3 g7g5 g2g4 a7a5 a1a2 a8a7 g1f3 d7d5
72,b2b3 b8c6 g1h3 g7g6 e2e3 c6b8 c1a3 h7h6 a3c1 f7f5 c2c3 e7e6
73,b2b4 g7g5 g2g3 h7h6 d2d3 e7e5 h2h4 a7a5 c1f4 b7b5 a2a4 f8c5
74,g1f3 b8a6 f3e5 f7f5 d2d4 d7d6 h2h4 a8b8 g2g3 g7g6 b2b4 b7b5
75,a2a3 h7h5 a1a2 b8c6 d2d3 a7a5 g1f3 e7e6 a3a4 f7f5 f3d2 h5h4
76,b1c3 e7e5 a1b1 g8h6 e2e4 b8c6 c3a4 f7f6 g2g4 e8e7 f2f4 e7e8
77,e2e4 a7a6 g2g4 b7b6 f1e2 g7g5 g1h3 c7c5 h3g5 f8g7 h2h3 e7e5
78,d2d3 b8c6 d1d2 g7g5 g1h3 e7e6 b1c3 d8e7 e1d1 c6d8 b2b4 a7a5
79,a2a3 h7h5 h2h4 g8f6 b1c3 a7a6 g1h3 d7d6 b2b4 g7g6 f2f4 e7e6
80,c2c3 f7f6 h2h4 b8c6 h4h5 d7d6 e2e4 e8d7 e1e2 c6d4 c3d4 g7g6
81,h2h3 e7e6 g2g3 g8f6 b1c3 h7h5 f2f3 e6e5 a2a3 b8c6 g3g4 c6d4
82,f2f4 e7e6 g2g3 a7a5 b2b4 g7g5 f4f5 f7f6 c1b2 b8c6 b2c3 b7b5
83,b2b4 b7b6 b4b5 g8h6 d2d3 d7d6 g2g3 f7f6 d3d4 h8g8 b1a3 c7c6
84,b1c3 d7d5 a1b1 b7b5 f2f4 b5b4 h2h3 g7g5 f4f5 f7f6 c3d5 a7a6
85,b2b3 h7h6 c2c3 b8c6 d2d4 c6d4 g2g3 d4e2 d1d2 f7f6 g1f3 d7d6
86,g1f3 b8c6 f3g5 g8h6 a2a3 e7e6 a1a2 h6f5 d2d4 h7h5 h2h3 h8h6
87,g2g3 f7f5 c2c4 b7b5 e2e4 d7d5 g3g4 a7a5 h2h3 f5e4 d2d3 e7e6
88,f2f4 c7c5 b2b3 a7a5 b1c3 f7f6 a2a3 e8f7 g2g4 c5c4 c3b1 d7d6
89,b1c3 e7e5 c3d5 h7h6 d2d4 a7a5 h2h4 b7b6 h1h2 b8c6 a2a4 h8h7
90,b1a3 c7c5 a3b1 d8b6 b1c3 b8a6 a1b1 h7h5 h2h3 e7e6 g2g4 a8b8
91,b2b4 g8f6 a2a3 a7a6 a1a2 f6h5 e2e3 b7b6 g1f3 h8g8 c2c4 d7d6
92,h2h4 g7g5 h4h5 a7a5 g2g4 f8g7 d2d4 e7e5 a2a4 g7f6 c1f4 h7h6
93,b1a3 b8a6 b2b4 b7b5 e2e3 h7h5 f2f3 g7g5 g1h3 a8b8 c2c3 h8h6
94,b1a3 e7e6 e2e3 f8d6 a1b1 d6h2 g1f3 e8e7 b2b3 g7g6 e3e4 b7b6
95,a2a3 f7f5 h2h3 b7b6 g1f3 g7g6 d2d4 c7c5 e2e3 e8f7 d1e2 b8c6
96,d2d4 c7c5 e2e3 g7g5 c2c3 e7e5 e3e4 e8e7 e1e2 f8h6 g2g4 g8f6
97,g1h3 b7b5 a2a3 e7e6 g2g3 f7f5 h1g1 b8a6 h3f4 c7c5 b2b3 g7g6
98,g2g3 e7e6 b1a3 f8c5 a1b1 f7f5 c2c3 a7a5 f2f3 b8c6 d2d4 f5f4
99,h2h3 b7b6 f2f3 f7f6 h1h2 b8c6 b1a3 a7a6 c2c4 e7e6 g2g3 h7h5
100,g1f3 g8h6 b1c3 a7a6 b2b4 a8a7 h2h3 d7d5 a1b1 d5d4 d2d3 c7c6
101,b1c3 a7a5 b2b3 g8f6 f2f4 f6d5 d2d3 h7h6 c3b1 f7f5 a2a3 g7g6
102,a2a4 b8c6 g1f3 h7h6 e2e4 c6d4 a1a2 h8h7 f3e5 d4f5 f2f3 h6h5
103,f2f3 a7a6 c2c4 a8a7 b2b4 g8f6 a2a3 e7e6 g2g3 b7b5 e1f2 e8e7
104,a2a4 d7d5 g2g3 f7f6 f2f3 d5d4 f1h3 b7b5 c2c4 b8c6 b1c3 b5c4
105,b1a3 b7b6 a3b5 c7c6 a1b1 e7e6 b5a7 f7f6 a2a3 e6e5 g1f3 c6c5
106,b1a3 g7g6 f2f4 a7a5 c2c3 c7c6 e2e4 f7f5 d2d3 h7h5 g2g4 d7d6
107,b2b4 c7c5 c2c4 a7a5 a2a4 g7g5 g2g3 b7b5 h2h4 d7d5 h1h2 e8d7
108,d2d4 a7a5 e2e3 g8h6 f1c4 b8a6 c1d2 e7e5 f2f3 a5a4 g1h3 f7f6
109,e2e4 f7f6 b1a3 d7d6 d2d4 e8d7 e1e2 c7c6 g2g3 h7h5 c1f4 g7g5
110,b1c3 h7h6 e2e4 f7f6 f1c4 c7c5 a1b1 b7b5 c4f7 e8f7 e4e5 d7d6
111,g1h3 g7g5 b1a3 f7f6 a1b1 b7b5 b1a1 e7e5 f2f4 c7c6 h1g1 f6f5
112,a2a4 g7g5 b2b4 c7c5 a1a3 c5b4 a3e3 e7e6 c2c4 d7d5 e3e5 a7a6
113,g2g4 g8f6 g4g5 h8g8 f2f3 e7e5 h2h4 g8h8 b1a3 f6h5 g1h3 c7c5
114,a2a3 d7d6 g2g3 f7f5 g1h3 g7g6 h3g5 c7c6 c2c4 d8d7 a3a4 g8h6
115,b1a3 e7e5 a1b1 a7a5 d2d4 b8a6 d4e5 d7d5 a3c4 a8a7 c2c3 f7f6
116,b1a3 b8a6 a1b1 f7f6 f2f3 a6b4 g2g3 g7g5 d2d4 b7b6 h2h4 c7c5
117,g1h3 h7h6 g2g3 f7f6 f2f3 g7g5 d2d3 c7c6 a2a3 e7e5 d3d4 e5e4
118,g2g4 f7f6 e2e4 h7h5 b2b3 c7c5 c2c4 h5g4 f2f3 h8h2 h1h2 g7g5
119,d2d4 b8a6 g1h3 g8f6 a2a3 a8b8 h3f4 g7g6 a1a2 b7b5 c2c3 f8g7
120,h2h4 b7b5 h1h3 c7c5 b2b3 f7f6 g2g4 g7g6 a2a4 d8b6 a4b5 e8f7
121,e2e3 g7g6 c2c4 a7a6 b2b4 b7b6 g2g4 b8c6 d1c2 f8h6 b1c3 e8f8
122,b2b3 c7c5 c1a3 b8c6 f2f3 d7d5 g2g3 a7a6 b3b4 c6b4 a3b4 f7f6
123,f2f4 c7c5 g2g3 f7f6 f1g2 a7a5 f4f5 d8c7 c2c3 c7b6 g2h3 b6a6
124,h2h4 g7g5 g2g3 b7b5 c2c3 g8h6 f2f4 a7a5 h1h2 a8a6 e1f2 c7c6
125,b1a3 g7g5 b2b4 h7h6 e2e3 e7e6 a1b1 c7c6 f1b5 d7d6 g1f3 b7b6
126,g2g3 f7f6 a2a3 g7g5 d2d4 e7e6 c1e3 d7d6 c2c4 b7b5 b2b3 a7a6
127,g2g4 d7d5 a2a3 a7a5 h2h3 b8a6 h3h4 e7e6 e2e3 e8e7 g1h3 h7h6
128,g2g3 h7h6 c2c4 d7d5 b2b4 g7g5 a2a3 d5c4 a1a2 c7c6 a2c2 b8a6
129,b1a3 g7g5 c2c4 b8c6 a1b1 f7f6 g1f3 e7e5 e2e3 a7a5 a3c2 e5e4
130,c2c4 b7b5 g1f3 e7e6 f3d4 g8e7 h1g1 e7d5 d4e6 f7f6 h2h3 b5c4
131,f2f4 g8h6 e2e4 h8g8 f1b5 f7f6 b2b3 a7a5 e1f1 g7g6 g2g4 b8c6
132,b2b3 e7e6 f2f3 g7g5 a2a3 c7c5 c2c4 f7f6 e2e3 d8c7 c1b2 c7g3
133,g2g3 g7g6 a2a3 b8c6 a1a2 f7f6 g1f3 a8b8 f3e5 h7h5 f2f3 f8g7
134,b2b3 g8h6 c2c3 e7e5 d1c2 b8c6 h2h4 a7a6 c2d1 h6g8 g1f3 c6b8
135,g1f3 g7g5 b1c3 f8g7 b2b4 b7b5 f3g5 g7h6 h2h3 c8b7 h1h2 b7c6
136,b1a3 f7f6 c2c4 g7g6 a3c2 c7c5 e2e3 b7b5 g2g4 b8c6 f2f3 c8b7
137,g2g4 h7h5 f1g2 d7d6 e2e4 a7a5 d1e2 h8h7 e2e3 g8f6 f2f4 f6d5
138,g2g3 f7f6 f1g2 g7g5 b1a3 f8g7 g2h3 g8h6 g1f3 c7c5 e1g1 b7b6
139,d2d4 g7g6 g2g3 e7e5 e2e4 c7c6 e1e2 a7a6 f2f4 f7f5 f4e5 a6a5
140,e2e3 c7c5 b2b3 f7f5 g1h3 g8f6 h1g1 f6e4 d2d3 g7g6 f2f4 b7b5
141,d2d3 e7e6 e2e3 g7g6 e3e4 a7a5 b1c3 a5a4 c3e2 h7h5 f2f3 b8c6
142,d2d4 g7g5 a2a4 d7d6 g2g4 b7b6 a1a3 c7c6 h2h4 h7h6 a4a5 d6d5
143,b2b4 b7b6 b1c3 h7h6 c3b5 d7d5 e2e4 a7a5 a2a4 c8h3 f2f4 c7c5
144,g2g4 f7f6 d2d3 g7g5 a2a4 e7e5 b1c3 a7a6 d3d4 c7c5 c1e3 b7b6
145,f2f4 g7g6 c2c4 f8g7 g2g3 b7b5 f1g2 f7f5 b2b3 g8h6 g3g4 b8c6
146,e2e4 e7e5 f1e2 b8c6 g2g3 c6b8 h2h4 c7c5 h1h3 e8e7 d2d3 b8a6
147,f2f3 b7b6 e2e4 c7c5 d2d4 g7g5 g1h3 f7f6 a2a3 g8h6 d1e2 e8f7
148,b2b4 b7b5 g2g3 b8a6 h2h3 g8h6 g3g4 h6f5 d2d4 a8b8 c1g5 g7g6
149,b2b4 b7b5 f2f4 f7f6 b1c3 g7g5 g1h3 a7a6 g2g3 e7e5 e1f2 f6f5
150,g2g3 b7b5 d2d3 b8c6 g1h3 f7f6 b1c3 g7g5 e1d2 a8b8 f2f3 d7d6
151,b2b3 a7a6 d2d4 d7d5 h2h3 c7c5 g2g4 b7b5 g4g5 c8b7 c1d2 d8d7
152,g2g3 e7e6 h2h3 d7d5 e2e3 g7g6 a2a4 e8d7 g3g4 f7f6 b2b4 h7h5
153,b2b4 a7a5 e2e3 g8h6 c2c4 c7c5 g2g3 h8g8 d2d4 a5b4 e1e2 b7b5
154,e2e3 e7e5 b1c3 g7g5 b2b3 f8d6 a1b1 d6c5 c3d5 g8h6 d5f4 h6g8
155,f2f3 b7b5 b2b4 f7f6 c1b2 c7c5 b2f6 e7f6 g1h3 a7a6 h1g1 g8h6
156,b2b3 g8h6 e2e3 d7d5 h2h3 e7e6 f2f3 c7c5 d2d4 a7a6 g2g4 h6f5
157,b2b4 g7g6 g2g3 e7e5 b4b5 f7f5 f1h3 d8e7 f2f4 c7c5 b1c3 e7d8
158,g2g3 f7f5 f1g2 e7e6 b1c3 d8g5 a1b1 g5f6 f2f3 a7a6 e1f1 e6e5
159,b2b4 b7b6 g2g4 c7c6 f1g2 g7g6 c2c3 a7a5 b1a3 f8g7 d2d4 a5b4
160,f2f4 h7h6 c2c4 b8a6 e2e3 h8h7 a2a3 g8f6 d1a4 c7c5 d2d3 b7b5
161,c2c3 f7f6 b2b4 e7e6 c3c4 b7b5 e2e3 c7c5 g2g4 g7g6 f1g2 a7a6
162,b1c3 g7g6 f2f3 b8a6 c3d5 e7e6 g2g3 a8b8 e1f2 f7f5 h2h4 c7c6
163,g1f3 d7d5 d2d3 a7a5 h2h4 a8a6 c1f4 g8h6 g2g4 a6f6 a2a4 b8a6
164,b2b4 e7e5 g1f3 a7a5 b1c3 g7g5 g2g3 f8b4 a1b1 b8a6 f3e5 d8e7
165,a2a4 g7g6 f2f3 b8c6 e2e4 d7d5 g2g3 f8g7 f1g2 a7a6 a4a5 d5e4
166,f2f4 e7e6 c2c4 g7g5 b1c3 c7c5 f4g5 g8h6 d2d4 f7f5 g2g3 d8c7
167,g1h3 e7e6 e2e4 g8h6 f2f4 c7c5 g2g3 b8a6 b1c3 g7g5 f1g2 h6g8
168,e2e3 g7g6 g1f3 a7a5 c2c3 e7e6 b1a3 b8c6 a1b1 f8e7 d1b3 c6a7
169,g1h3 a7a6 b2b4 a8a7 c1b2 d7d6 h3g5 e7e6 b2e5 c7c5 h2h3 c5c4
170,b2b3 b7b5 h2h4 c8a6 h1h3 f7f5 a2a3 a6b7 e2e4 f5f4 g2g4 g7g6
171,b2b4 b7b6 g2g4 c8a6 b1c3 d7d6 f2f3 e8d7 f1g2 d7c6 e1f2 h7h5
172,g2g3 g7g6 d2d3 f7f6 f1g2 g6g5 e1d2 a7a5 f2f4 c7c6 b2b4 f6f5
173,a2a4 a7a5 b2b3 b8a6 g1f3 h7h6 a1a2 e7e6 g2g4 g7g5 f1g2 e6e5
174,b1a3 h7h6 g1f3 b7b5 f3e5 g8f6 c2c3 d7d6 a1b1 d6d5 d2d4 c7c6
175,d2d4 e7e6 f2f4 g7g6 g1h3 f7f5 h3f2 f8e7 f2e4 c7c5 c2c3 e8f7
176,g2g3 g7g6 f2f3 g6g5 g3g4 f8g7 f1g2 b8a6 b1a3 h7h5 a1b1 d7d5
177,g2g4 e7e5 f1g2 g8f6 b1a3 e5e4 a1b1 b7b6 d2d4 f6d5 h2h4 f7f6
178,a2a3 g8h6 a1a2 b8c6 e2e4 a7a6 f1e2 c6a7 c2c4 g7g5 h2h4 f8g7
179,g2g4 h7h6 c2c4 d7d5 f1g2 b8c6 f2f3 a8b8 c4d5 c8g4 b2b4 h8h7
180,g2g4 b8a6 b2b4 e7e5 g1h3 h7h6 c2c4 g7g5 h3g5 a8b8 f1g2 c7c6
181,g2g3 b7b5 h2h3 a7a6 h3h4 a8a7 e2e4 g7g5 b1a3 e7e5 d1f3 f7f6
182,g1f3 d7d5 b2b4 b7b5 c2c4 c8a6 e2e3 h7h6 c1b2 h8h7 d1a4 d5c4
183,h2h3 f7f5 d2d3 f5f4 b2b4 b7b5 f2f3 g7g5 h1h2 e7e5 b1a3 f8b4
184,e2e3 g8f6 d1f3 g7g6 d2d4 f6e4 h2h4 b8c6 g2g4 d7d5 a2a4 h7h5
185,e2e4 c7c5 c2c4 b7b5 e1e2 a7a6 e2e3 e7e6 f1e2 f8e7 f2f4 h7h6
186,e2e3 e7e6 d1f3 d8e7 c2c4 c7c5 b2b4 e8d8 f3e4 g8f6 e4e6 b8c6
187,b1a3 b7b5 g1h3 b8c6 e2e3 g7g6 f2f3 a8b8 e3e4 h7h5 h3g1 h8h6
188,c2c3 c7c5 b2b3 e7e5 c3c4 d8e7 g2g4 g8f6 h2h4 g7g5 h1h2 h7h6
189,f2f3 f7f5 f3f4 e7e6 h2h3 a7a6 c2c3 f8b4 d2d4 d7d5 b2b3 d8g5
190,a2a4 d7d5 f2f3 d5d4 b1c3 g8h6 b2b4 f7f6 c1a3 h8g8 g2g4 a7a5
191,f2f4 h7h5 f4f5 b8a6 e2e4 f7f6 h2h4 e7e6 e4e5 g7g6 c2c3 d7d5
192,g1h3 h7h5 h1g1 g7g6 b2b3 a7a5 f2f3 h5h4 g2g3 h8h5 g3h4 f8g7
193,g2g3 c7c5 g1h3 e7e6 b2b4 b7b5 h1g1 g7g5 f1g2 c8a6 h3f4 f8e7
194,f2f3 b7b6 b2b4 g7g6 g2g3 f7f5 c1a3 a7a6 b1c3 a6a5 a1c1 d7d6
195,f2f3 g8f6 g1h3 a7a5 e2e4 e7e5 f1a6 b7a6 c2c4 f6g8 b2b4 d7d5
196,g1h3 e7e5 c2c4 g8e7 e2e3 a7a5 d1h5 h8g8 h5h7 e7g6 d2d3 f8e7
197,c2c4 h7h5 e2e3 h8h7 h2h3 g8h6 d2d4 d7d6 c4c5 f7f5 a2a3 c8e6
198,e2e3 g8h6 c2c4 h8g8 g2g4 b7b5 f2f4 g7g5 e1e2 g5f4 h2h4 f8g7
199,a2a4 g8f6 b1a3 f6g8 e2e4 a7a5 h2h3 b8a6 f2f3 f7f6 h1h2 d7d5
200,b2b4 c7c5 b1c3 g7g5 c3b5 d8c7 b4c5 f7f5 b5c7 e8d8 c7d5 h7h6
201,g1f3 b8a6 c2c4 a8b8 d2d4 h7h5 h2h4 h8h6 c4c5 a6c5 b2b3 c5d3
202,d2d4 f7f6 b1d2 g7g5 a1b1 c7c5 d4c5 d8a5 g2g4 b7b5 h2h3 a5d8
203,h2h4 g7g6 b1c3 e7e6 a2a3 f7f5 g1h3 g8f6 a3a4 c7c5 h1g1 f6d5
204,b2b4 c7c5 a2a4 b8c6 d2d4 c6b4 c1a3 e7e6 g2g4 h7h6 e1d2 c5c4
205,f2f3 d7d6 b2b3 f7f6 c2c4 b7b5 b3b4 e8d7 g1h3 d8e8 h1g1 c8b7
206,h2h3 g7g6 f2f4 d7d6 d2d4 d8d7 c2c4 d7d8 c1e3 a7a6 h1h2 f7f5
207,c2c4 d7d6 a2a4 g8f6 g1h3 c8d7 f2f4 b7b6 d1b3 b8c6 h3g1 h8g8
208,h2h4 d7d5 g2g4 c8f5 b2b4 a7a5 b1c3 e7e5 c3d5 g8e7 a1b1 f5g4
209,f2f3 a7a5 c2c4 b8c6 h2h4 g8f6 h1h3 h8g8 g2g3 a8a6 f3f4 d7d6
210,e2e3 g8f6 b2b4 b8a6 f1e2 e7e6 g2g3 b7b6 b1a3 g7g5 c1b2 f8g7
211,d2d3 g8h6 d3d4 b7b5 g2g3 g7g6 f1g2 c8b7 f2f4 g6g5 g3g4 h6f5
212,h2h3 g7g6 g2g4 e7e5 b1a3 b7b6 a1b1 f7f5 g1f3 f5f4 e2e3 f8c5
213,b1a3 f7f5 a1b1 b7b5 f2f4 c8a6 h2h3 c7c5 h1h2 h7h6 c2c3 h8h7
214,c2c4 b8c6 e2e3 e7e5 b1a3 g8f6 e3e4 g7g6 a1b1 a7a5 d1g4 b7b5
215,d2d4 c7c5 a2a4 c5c4 g2g3 f7f6 a1a3 g7g6 f1g2 d7d5 a3f3 c8h3
216,c2c4 a7a5 h2h3 d7d5 d2d4 f7f6 c4c5 c8f5 g2g4 b8c6 e2e4 d5e4
217,b1c3 e7e5 a1b1 a7a5 c3d5 f8c5 h2h3 f7f6 h1h2 d7d6 d5c7 d8c7
218,b1a3 b8a6 a1b1 g7g6 e2e3 g6g5 g2g4 e7e5 h2h4 e8e7 d2d4 c7c6
219,d2d4 a7a5 e2e4 d7d5 e1e2 b8c6 f2f4 d5e4 c1e3 c8h3 b1a3 h3g2
220,c2c3 g7g5 b1a3 b7b5 f2f3 b5b4 g2g3 f7f6 e2e4 c8b7 f3f4 f8g7
221,b2b4 b7b5 g2g4 g7g5 f1h3 b8c6 f2f4 c8a6 e1f2 g5f4 f2f3 f7f6
222,d2d3 g8h6 b2b3 e7e6 b1a3 b7b6 a3b1 b8c6 c1a3 f8b4 a3b4 c6e5
223,b1c3 g7g6 g2g4 a7a5 a2a3 h7h5 h2h3 f7f6 e2e4 h5g4 h3g4 a5a4
224,h2h4 a7a6 e2e4 h7h5 b1c3 f7f6 h1h3 d7d5 a2a4 a8a7 c3d5 b8d7
225,b1a3 h7h6 d2d3 g7g6 d1d2 a7a6 g1f3 d7d5 h2h4 c7c6 b2b4 d8d6
226,e2e3 b8a6 f2f3 g8f6 g1h3 c7c6 h3g1 e7e5 c2c3 f6e4 f3e4 f8b4
227,b2b4 f7f5 e2e3 h7h6 c2c4 h8h7 d1e2 h6h5 d2d4 a7a5 e1d1 a5a4
228,b1c3 b7b6 e2e4 h7h6 g2g4 d7d5 a2a4 d5e4 f2f4 d8d5 f1b5 c7c6
229,g1f3 a7a5 b2b4 b7b5 f3e5 c8b7 b1c3 a5a4 h1g1 b8a6 f2f4 a8b8
230,b1a3 b7b5 g2g3 g8h6 a1b1 a7a5 g1h3 c7c5 c2c4 f7f6 h1g1 b8c6
231,b2b4 b8c6 c2c3 e7e5 h2h3 g8f6 f2f3 f6e4 e2e3 d8e7 c3c4 b7b6
232,a2a3 f7f5 h2h4 c7c5 h1h2 a7a5 f2f3 d7d5 h4h5 c5c4 g1h3 f5f4
233,a2a3 c7c5 b1c3 e7e6 d2d4 c5c4 g2g3 f7f6 f1g2 g7g6 h2h4 f8b4
234,c2c4 b8c6 g2g4 a8b8 b2b4 c6d4 b1a3 a7a5 h2h4 g7g6 f1g2 h7h5
235,e2e4 g8f6 a2a4 h7h6 h2h4 b7b6 g2g3 d7d5 c2c4 g7g6 b1a3 f6h5
236,c2c4 g7g6 e2e4 b7b5 f2f3 c7c5 f1e2 d7d6 d1c2 e8d7 g2g4 h7h5
237,e2e4 b7b5 d2d3 e7e6 b1a3 c7c5 e1e2 f7f5 c1f4 g7g5 h2h3 b8c6
238,h2h3 h7h6 c2c4 d7d5 d2d3 a7a5 g2g3 a8a6 c4d5 a6f6 b1a3 g7g6
239,c2c4 d7d5 b2b4 b7b6 b4b5 g8f6 c1b2 f6d7 c4c5 d5d4 f2f3 b8a6
240,g1h3 g8h6 b1c3 c7c6 a2a4 e7e5 h3f4 f7f5 g2g3 f8e7 f4e6 f5f4
241,a2a3 d7d5 e2e4 e8d7 d1e2 g7g6 f2f3 f8g7 g2g4 g6g5 a3a4 e7e5
242,b2b4 d7d6 h2h4 b8c6 g2g4 a7a6 c2c4 e8d7 c4c5 g7g5 d1b3 d6c5
243,c2c4 b7b6 e2e3 e7e6 d1g4 c7c5 g4g7 g8h6 d2d4 f8d6 e1d2 f7f6
244,d2d3 c7c5 g2g3 d7d6 b2b4 g7g6 f2f3 g6g5 h2h4 c5c4 f1g2 f7f6
245,d2d3 b7b5 b1a3 e7e6 g2g3 f7f6 a1b1 c7c5 f1g2 g7g6 e1d2 d7d5
246,b2b4 g7g5 c1a3 g8f6 f2f4 f6g8 g2g3 f7f6 g3g4 b8c6 e1f2 f6f5
247,a2a3 h7h6 f2f3 b7b5 h2h3 g7g6 b1c3 h6h5 c3a4 a7a5 e1f2 b8a6
248,d2d4 e7e6 c1d2 a7a5 b2b3 g7g6 f2f3 f7f6 d4d5 e8e7 h2h3 b7b6
249,g1f3 b8a6 c2c4 h7h6 d2d4 g7g6 b1c3 b7b5 d4d5 h6h5 e1d2 g6g5
250,g2g3 a7a5 b1a3 c7c5 h2h3 f7f6 f1g2 h7h5 f2f3 c5c4 a1b1 e7e6
251,g2g4 a7a5 h2h4 b8a6 g1h3 f7f6 h3g1 a8a7 e2e4 b7b5 b1c3 e7e6
252,c2c4 b7b5 g2g4 b5c4 d2d3 b8c6 d3c4 a8b8 c1d2 d7d6 h2h4 c8e6
253,b2b4 b8a6 g2g4 c7c6 g1f3 g8h6 g4g5 e7e5 c1b2 e8e7 f3e5 e7e8
254,b1a3 a7a6 d2d3 e7e6 a1b1 d7d6 g2g3 a8a7 c2c3 g7g6 b2b4 g8e7
255,b1c3 h7h6 a1b1 b7b6 d2d4 b8c6 e2e4 a8b8 f2f4 g7g5 g2g3 a7a5
256,g1f3 h7h5 g2g3 f7f6 a2a3 b8c6 a1a2 b7b5 e2e3 c6d4 f3g1 d4f3
257,g1f3 a7a5 b2b4 d7d5 b1c3 c8h3 a1b1 a5b4 h1g1 g7g6 e2e4 a8a7
258,e2e3 b7b5 g2g4 e7e6 c2c4 a7a5 a2a3 b5c4 f1e2 c8a6 f2f4 h7h5
259,a2a4 e7e5 h2h3 d8f6 d2d4 c7c5 g2g4 e8d8 e2e4 a7a5 f1g2 h7h6
260,a2a3 d7d6 d2d4 c7c5 a1a2 c5d4 c2c4 f7f6 b1c3 d4c3 d1c2 b7b5
261,c2c3 b8c6 c3c4 c6b8 b2b4 h7h6 g1h3 h8h7 g2g3 d7d6 d2d4 b7b5
262,b1c3 h7h6 a1b1 e7e5 g2g3 g7g5 d2d4 h6h5 c3d5 b7b6 d5b4 h8h6
263,d2d4 e7e5 a2a4 e5d4 e2e4 g8f6 d1e2 f8c5 g1h3 a7a5 b1c3 a8a6
264,e2e3 a7a5 c2c4 b7b5 d1b3 b5c4 f2f4 g8h6 b3b8 e7e6 b8a8 c7c6
265,f2f3 b8c6 g2g3 f7f6 b1a3 a7a5 h2h3 d7d5 a1b1 d5d4 e2e3 c6a7
266,c2c3 h7h5 d2d3 g8f6 c1g5 f6d5 g5d2 b8c6 c3c4 h8h7 c4c5 d7d6
267,c2c4 e7e5 g1f3 f8b4 h2h3 b8a6 f3d4 d7d5 h3h4 e8d7 f2f3 a6b8
268,h2h3 b8c6 h3h4 e7e6 b1a3 g7g5 e2e4 f8c5 d1h5 c5f2 e1e2 c6a5
269,h2h4 b8c6 g2g4 a7a6 b2b3 e7e5 d2d3 f8b4 b1c3 g8f6 h1h3 d8e7
270,e2e4 e7e5 g1f3 g8f6 b1c3 f8c5 c3b1 h7h6 d1e2 c5b4 g2g4 b8a6
271,a2a3 e7e6 b2b3 f8e7 a3a4 c7c5 c1a3 h7h5 h2h4 e6e5 g1f3 h8h6
272,b1c3 b7b5 g2g4 h7h6 h2h4 a7a5 f2f3 a8a7 c3b1 d7d5 h1h3 g8f6
273,e2e3 a7a6 a2a3 a6a5 c2c4 b7b5 f2f3 g8f6 c4c5 b8c6 h2h4 a8b8
274,a2a4 c7c5 f2f3 a7a5 b1c3 b7b5 b2b3 b8c6 c3b5 c5c4 c1b2 f7f6
275,e2e4 f7f5 f2f3 d7d5 c2c3 d5e4 b2b4 c8d7 d2d4 e4f3 h2h3 b7b6
276,f2f3 b7b5 e2e3 e7e6 f1d3 c7c5 c2c4 g8h6 e3e4 f8e7 d3f1 h8g8
277,g2g3 h7h5 b1c3 a7a6 b2b4 g7g5 g1f3 e7e6 a1b1 b7b5 h1g1 f8b4
278,f2f3 d7d6 g2g4 e7e5 c2c3 d8h4
279,f2f4 d7d5 b2b4 b8c6 c2c4 b7b5 b1c3 b5c4 d1c2 a7a5 e2e3 g7g6
280,h2h4 f7f6 g2g3 b8a6 b2b3 g7g5 f1g2 h7h5 c2c3 h8h7 d2d4 f8h6
281,e2e4 g8h6 f2f3 e7e5 h2h4 g7g5 g2g3 h6g8 h4h5 a7a5 a2a4 b8c6
282,b1c3 e7e5 a2a4 c7c5 g2g3 f7f5 h2h4 g8f6 h1h3 f6e4 f1g2 f8d6
283,d2d4 g8h6 a2a4 b7b5 e1d2 h8g8 g2g3 g7g6 a1a2 f8g7 f1g2 f7f6
284,b1c3 b7b6 b2b3 d7d6 c1a3 g8h6 d2d3 e7e6 h2h3 a7a6 g2g3 d8d7
285,e2e3 b7b5 e3e4 c8a6 f2f3 e7e5 b1a3 d8e7 h2h4 g8h6 a1b1 b5b4
286,b2b3 d7d5 c1b2 a7a5 d2d3 b8a6 a2a3 a5a4 g1h3 a8b8 e2e3 e7e5
287,g1f3 b7b6 c2c4 a7a5 e2e3 g8h6 c4c5 b6b5 h2h3 h8g8 g2g4 d7d6
288,d2d3 e7e6 c2c4 h7h6 f2f4 c7c5 b2b3 f7f6 c1d2 d7d5 b3b4 h8h7
289,d2d3 e7e6 g2g3 f8b4 b1c3 g7g5 a1b1 h7h6 d3d4 e8f8 d4d5 c7c5
290,e2e4 e7e5 h2h3 g8f6 g1e2 h7h5 e2c3 b7b6 b2b4 c8a6 h1h2 f8e7
291,g1h3 g7g5 b1c3 a7a6 h3g5 d7d6 g5f3 c8f5 c3b5 f5c8 b5d6 e8d7
292,d2d4 e7e6 a2a3 a7a5 h2h3 c7c5 d4c5 f7f6 b1c3 a8a6 c5c6 b7b5
293,e2e3 f7f5 c2c4 c7c5 g2g4 d7d5 b2b3 f5f4 b3b4 d8c7 f1e2 e8d8
294,g1h3 c7c5 e2e4 e7e6 h3f4 g8e7 e1e2 f7f5 c2c3 c5c4 e2e3 b8c6
295,f2f4 f7f6 f4f5 g8h6 c2c3 c7c5 b2b3 b7b6 e2e3 h6f5 d1c2 h8g8
296,b2b3 f7f5 f2f3 g8f6 d2d3 f5f4 c2c3 e7e6 c3c4 b8c6 c1a3 a8b8
297,g2g3 f7f6 e2e3 e7e5 f2f3 g8h6 a2a4 b8c6 d1e2 f8d6 b1a3 d6b4
298,a2a3 b7b5 g2g3 b8c6 h2h4 g7g5 d2d3 c6b8 a3a4 b8c6 f1h3 f7f6
299,e2e4 g8h6 g1f3 b7b6 h1g1 g7g6 d1e2 h6f5 b1c3 c8a6 b2b4 f5g7
300,h2h4 g7g5 g2g3 c7c5 c2c3 f8g7 b2b3 h7h5 d2d4 h8h6 e1d2 g7e5
301,g2g4 g7g6 h2h4 b7b5 f2f4 d7d6 e2e4 f7f6 h4h5 c7c5 f4f5 b8a6
302,b2b4 f7f6 f2f3 b7b5 a2a4 a7a5 a4b5 g8h6 c1b2 h6g4 a1a5 c8a6
303,a2a4 g7g5 e2e4 f7f6 f2f3 b7b6 f1b5 g5g4 b1a3 c8a6 a1b1 f8g7
304,a2a3 b7b5 f2f3 a7a5 g2g3 b5b4 g3g4 e7e5 h2h4 g7g5 e2e4 c8a6
305,b2b4 e7e5 h2h4 g8f6 g1f3 f6d5 c2c4 b7b5 g2g4 f7f6 a2a4 b5c4
306,f2f3 f7f6 b2b3 f6f5 d2d3 b7b6 a2a3 c8a6 h2h4 f5f4 d3d4 g7g6
307,g1h3 g7g6 f2f4 f8h6 a2a3 b7b5 d2d3 h6f4 d1d2 h7h5 g2g3 g6g5
308,a2a4 f7f5 c2c4 b7b5 e2e3 g8h6 g2g4 e8f7 a1a3 c7c6 h2h4 d7d6
309,d2d3 c7c5 b2b3 g8h6 g1h3 e7e5 e1d2 c5c4 g2g3 g7g5 a2a4 d8a5
310,b2b4 f7f5 g2g4 f5f4 a2a4 e7e5 e2e3 e8e7 d2d4 f4e3 d4e5 d7d6
311,g1f3 h7h5 b2b4 g7g5 f3g5 f7f6 a2a4 b7b5 f2f3 a7a5 d2d3 e7e6
312,e2e4 g8h6 d1h5 c7c5 b2b3 g7g6 c1a3 d7d6 g2g4 c8g4 h2h4 e8d7
313,g2g4 f7f6 f1g2 e7e5 e2e4 f8c5 a2a4 c5a3 f2f4 b8c6 b1a3 a7a6
314,c2c4 d7d6 e2e4 c7c5 d1c2 f7f6 g1h3 g7g6 c2a4 b7b5 b2b4 e8d7
315,c2c3 e7e6 c3c4 g7g6 e2e3 b7b5 d1b3 e8e7 b3c3 c8a6 c3g7 f8g7
316,a2a4 b8a6 b2b4 d7d5 d2d4 a8b8 g2g3 e7e6 c2c4 f8b4 b1c3 f7f6
317,d2d4 b7b6 e2e3 g8h6 h2h3 d7d5 f2f4 a7a5 a2a3 h6f5 c2c3 b8c6
318,e2e4 g8h6 g2g4 h6g8 b1a3 h7h6 f2f3 f7f6 c2c4 e7e6 a1b1 c7c6
319,g2g3 d7d6 h2h4 f7f5 d2d4 g7g6 b1a3 f8g7 e2e4 f5e4 a1b1 b7b5
320,h2h3 b8a6 c2c4 a8b8 b2b4 g8f6 g2g4 a6b4 a2a3 a7a6 e2e3 g7g5
321,f2f3 b7b6 f3f4 a7a5 h2h4 c8a6 h1h2 d7d5 g2g4 d5d4 c2c3 e8d7
322,f2f4 e7e5 c2c4 f7f6 e2e3 b7b6 g1e2 c8a6 d2d3 a6b7 f4f5 d7d5
323,b2b3 h7h6 e2e3 c7c5 c2c4 d7d5 a2a4 c8d7 g1f3 d8a5 f3e5 b7b6
324,g1f3 b7b5 f3d4 b5b4 h2h4 c8b7 c2c4 f7f6 e2e3 g8h6 d2d3 h8g8
325,a2a4 d7d5 a4a5 d5d4 b1c3 b7b5 e2e4 c7c6 g2g4 g7g6 c3e2 g8h6
326,b2b3 b7b5 e2e4 c8a6 b1c3 h7h6 c1a3 h8h7 f2f3 d7d6 g2g3 f7f6
327,g2g3 g7g5 h2h4 f7f6 f1g2 c7c5 h1h3 d7d5 g3g4 c8d7 d2d4 f8g7
328,a2a3 e7e5 d2d3 g8h6 a1a2 g7g5 c2c4 f8b4 a3b4 h6g8 e2e3 a7a6
329,e2e4 g7g6 g2g3 g6g5 d1f3 e7e6 c2c4 b8a6 f1g2 c7c5 b1a3 f7f6
330,g1h3 f7f5 b1c3 g8f6 g2g3 c7c5 b2b4 f6e4 f1g2 c5c4 d2d4 d8a5
331,f2f3 c7c5 d2d4 c5d4 d1d4 d7d6 a2a4 d8b6 a1a2 f7f6 c2c4 b8d7
332,g1f3 f7f6 b1c3 b7b5 h1g1 c8a6 a2a4 b5a4 c3d5 b8c6 a1a2 g7g6
333,g1f3 b7b5 a2a4 a7a5 b1c3 g8f6 b2b4 g7g6 e2e4 a8a7 h2h4 h8g8
334,g1h3 h7h6 d2d3 a7a5 b2b3 g8f6 c1b2 h8g8 c2c3 f6d5 d1c1 d7d6
335,b1c3 e7e5 a2a4 c7c5 g1f3 b8c6 h1g1 c5c4 f3e5 b7b6 e5c4 d8c7
336,b2b3 f7f6 g1f3 b7b5 f3d4 e7e6 d2d3 d7d6 e2e4 b8c6 g2g3 h7h6
337,e2e4 c7c5 g1h3 e7e6 b1c3 b7b5 h1g1 e8e7 e4e5 c5c4 c3d5 e6d5
338,b2b4 a7a5 c1b2 f7f6 d1c1 g7g6 b4b5 e7e5 b5b6 f8g7 c1d1 h7h5
339,h2h4 b8a6 e2e4 f7f6 g1f3 b7b5 a2a3 c8b7 h1h2 d8c8 h4h5 c7c6
340,b2b3 a7a5 e2e3 d7d5 c2c3 g7g5 d1g4 g8f6 g4a4 b7b5 f2f3 e8d7
341,b2b4 b8c6 d2d3 a7a5 a2a4 g7g5 b4a5 b7b5 h2h4 b5b4 c1a3 h7h6
342,c2c3 e7e6 g2g4 b7b5 f1h3 c7c5 e1f1 f7f6 f2f4 c5c4 g1f3 e6e5
343,g1h3 b8a6 d2d3 e7e6 c2c4 g8h6 c1g5 b7b5 c4c5 c7c6 b1a3 d8e7
344,c2c4 f7f5 d2d3 d7d6 g2g4 e8f7 f2f4 g7g5 c1e3 a7a6 e3d4 b7b5
345,e2e3 b7b5 c2c4 b8a6 f1e2 a8b8 c4b5 g8f6 f2f4 a6b4 d2d4 h7h5
346,h2h4 c7c5 g2g3 e7e5 c2c4 d8e7 e2e4 d7d5 e1e2 e8d7 d2d3 h7h6
347,f2f3 c7c5 h2h4 d8b6 d2d4 f7f6 c2c4 e7e6 h1h2 e8d8 b2b3 c5d4
348,b2b4 d7d6 e2e3 e8d7 b4b5 g7g6 g2g3 a7a5 f2f4 f8h6 g1f3 f7f5
349,b1c3 c7c5 b2b4 e7e6 g2g3 a7a6 a1b1 c5b4 f1g2 g7g5 a2a4 e6e5
350,a2a3 f7f5 h2h4 d7d6 a3a4 b8d7 e2e3 a7a6 b1a3 c7c6 g2g4 d8c7
351,b2b4 a7a5 c2c3 b8c6 g1f3 b7b5 f3d4 c6a7 e2e4 a8b8 f2f4 c7c5
352,b1a3 g8h6 a1b1 h6g8 d2d4 b7b5 g2g3 d7d5 h2h3 f7f6 f2f3 c7c6
353,a2a3 f7f6 a3a4 b7b5 a1a3 g7g5 h2h3 a7a6 d2d4 a8a7 a4b5 d7d5
354,a2a4 f7f5 d2d3 b8a6 f2f3 e7e6 b2b4 g8f6 c2c4 h8g8 b4b5 h7h5
355,a2a3 b7b5 b2b4 f7f6 g1f3 g7g6 e2e3 b8c6 a3a4 e8f7 a1a2 c6d4
356,b2b3 h7h6 h2h4 c7c6 g1f3 d7d5 h4h5 c6c5 d2d3 a7a5 h1h2 g7g5
357,e2e3 b7b5 c2c3 b8c6 f1d3 h7h6 b2b3 c8a6 e1e2 g7g6 d1c2 a8b8
358,d2d3 e7e6 f2f4 d7d6 h2h4 b7b6 b2b4 e8e7 h1h2 c7c5 a2a3 a7a6
359,e2e3 c7c5 c2c4 e7e6 b2b4 a7a5 a2a4 d7d5 d2d3 g8h6 a1a2 h6g8
360,h2h4 c7c5 g2g3 e7e5 f1g2 b7b6 c2c4 e8e7 d2d3 f7f5 d1b3 d8c7
361,g1h3 e7e5 h3g5 f8c5 b1a3 e5e4 b2b3 g8f6 d2d3 h7h5 a1b1 g7g6
362,e2e3 b7b5 b1a3 c8a6 e3e4 g8f6 f1d3 a6b7 g2g4 f6e4 d3e2 b5b4
363,g1f3 a7a5 d2d4 e7e6 b2b3 c7c5 c2c3 g7g5 d1d3 f8d6 h2h4 c5d4
364,h2h4 g8h6 d2d4 e7e6 f2f4 c7c5 a2a4 b7b6 h1h2 c5d4 b1a3 f7f6
365,e2e3 e7e6 c2c4 c7c5 g1f3 b7b5 b2b3 a7a5 f3e5 d7d6 d2d4 g8h6
366,b2b4 b8c6 a2a4 a7a6 g1f3 e7e5 f3g5 g7g6 c1a3 a8b8 b4b5 c6d4
367,a2a4 h7h5 e2e3 g7g5 h2h3 f8g7 b1a3 a7a5 e3e4 c7c5 f2f3 d7d5
368,b2b4 e7e6 a2a4 e8e7 b4b5 c7c5 a1a2 d7d5 b1c3 h7h6 c3d5 e6d5
369,e2e3 c7c5 c2c4 e7e6 d2d4 b7b6 a2a4 g8f6 b2b4 d7d6 c1d2 f6e4
370,e2e4 e7e6 c2c4 c7c5 g2g4 h7h6 a2a4 d8a5 b2b3 g7g5 h2h4 b7b6
371,e2e3 b7b5 b1a3 a7a5 e3e4 e7e6 e1e2 b5b4 c2c4 b8a6 d2d4 g7g5
372,e2e3 g7g6 c2c4 d7d5 b1a3 e8d7 c4c5 d7c6 g1f3 d5d4 f3d4 c6d7
373,c2c4 b7b5 e2e4 e7e5 e1e2 b5c4 d2d4 b8a6 d1c2 a8b8 d4e5 f8d6
374,c2c4 a7a5 e2e4 b8c6 d1c2 a8b8 f2f4 f7f6 g1f3 b7b5 b2b3 g8h6
375,d2d4 g8f6 c2c4 b7b5 g2g3 b5c4 b1c3 h8g8 f2f3 a7a5 g1h3 c8a6
376,e2e3 e7e6 c2c4 c7c5 b2b3 d7d5 g1f3 a7a5 d2d4 b7b5 f3e5 c5d4
377,h2h4 h7h5 f2f3 f7f5 b1c3 d7d6 a1b1 h8h7 c3d5 e8f7 h1h2 b7b5
378,d2d4 a7a5 h2h4 g7g6 f2f3 e7e6 g2g3 f7f6 d4d5 c7c5 h1h2 b8a6
379,b2b4 b8c6 e2e4 d7d6 c2c4 a8b8 g2g4 c8d7 f1e2 d7g4 d2d4 e7e5
380,a2a4 f7f5 c2c4 g7g5 g2g4 b8c6 h2h4 e7e5 b1a3 f8e7 e2e4 a7a6
381,e2e3 b7b5 c2c4 c8a6 a2a4 b5a4 a1a3 d7d5 d2d4 h7h5 a3c3 h8h6
382,e2e3 b7b5 e3e4 f7f6 b1c3 b8a6 g1e2 a8b8 c3d5 c8b7 c2c4 a6c5
383,e2e3 f7f6 c2c4 e7e6 d2d3 c7c5 a2a4 b7b5 g1h3 d8c7 d1e2 g7g6
384,e2e3 b7b5 c2c4 a7a5 d2d4 e7e5 e1e2 e8e7 g2g3 b8a6 d4d5 c7c5
385,g1f3 e7e6 f3g1 d8f6 b2b4 f6a1 f2f3 a1c3 b1a3 g8e7 g1h3 f7f6
386,b2b3 e7e5 c1a3 c7c5 g1f3 a7a5 h1g1 b7b6 f3d4 a8a7 b1c3 g8e7
387,e2e3 g7g5 c2c4 f8g7 d2d4 a7a6 a2a3 g8h6 f1d3 b8c6 g1h3 a8b8
388,b2b4 a7a5 a2a4 d7d5 h2h3 h7h5 g2g4 a8a6 c2c4 a5b4 c1a3 e7e6
389,b2b3 g8f6 g2g3 h7h5 f1h3 a7a6 e1f1 d7d6 h3d7 f6d7 d2d3 g7g6
390,h2h4 g8h6 g2g4 b7b6 c2c4 f7f6 c4c5 h6g8 b2b4 b6c5 b1c3 c5c4
391,f2f3 b7b6 b2b4 c8a6 h2h3 d7d6 d2d3 g7g6 b1a3 g8h6 c1h6 c7c6
392,c2c4 c7c5 e2e3 e7e6 f2f4 g8h6 g1f3 h8g8 b2b3 f7f5 f3e5 g7g6
393,b1a3 e7e5 a1b1 g8f6 g2g3 b7b5 e2e4 c7c5 h2h4 g7g6 d2d4 d8c7
394,b2b4 e7e6 g2g4 e6e5 g1h3 d8g5 c2c4 g5h5 h1g1 c7c5 d1b3 b8c6
395,b2b4 b8c6 a2a4 c6b4 f2f3 b4d3 e2d3 e7e6 f3f4 f7f6 c1a3 b7b5
396,e2e4 g8f6 g1f3 e7e5 g2g4 h7h5 a2a3 f8a3 c2c4 g7g5 b1c3 f6h7
397,g1f3 f7f5 b1a3 b7b6 a1b1 d7d6 h2h3 c8e6 d2d4 e6d5 f3e5 c7c5
398,h2h4 b8c6 d2d4 f7f6 d4d5 b7b5 h1h3 c6a5 b2b3 g7g6 f2f3 a5c6
399,b2b3 g7g6 f2f3 b7b5 h2h4 c8a6 d2d4 g6g5 h4h5 f8g7 c1a3 e7e6
400,c2c3 e7e6 b2b3 c7c5 f2f4 f7f5 d2d4 g8h6 d1c2 f8e7 e2e4 b7b5
401,c2c4 f7f5 e2e3 c7c5 d2d3 f5f4 a2a4 a7a6 a4a5 e7e5 d3d4 g8e7
402,c2c3 d7d5 e2e3 e8d7 c3c4 d5d4 g1e2 b8c6 c4c5 f7f6 b2b3 g7g6
403,e2e4 e7e6 c2c4 c7c5 e1e2 f7f5 b1c3 g7g6 g2g4 f5f4 f1h3 h7h6
404,b1c3 g8h6 a2a3 f7f6 e2e3 e7e5 b2b4 c7c5 f1d3 b8c6 g1f3 e8e7
405,b2b3 d7d6 d2d4 d6d5 e2e3 b8a6 b1a3 a8b8 c2c3 g7g6 e3e4 g8h6
406,e2e4 g8f6 g2g4 f6e4 g1h3 d7d6 h3f4 a7a5 c2c4 f7f6 d1c2 e8d7
407,c2c4 b7b5 e2e4 g8h6 e1e2 b5c4 d1e1 b8c6 h2h4 c6d4 e2e3 h6f5
408,e2e4 b7b5 b1c3 f7f6 d2d4 d7d5 e1e2 g7g6 a2a3 e8f7 c3b5 f6f5
409,b1c3 h7h6 h2h4 d7d6 h1h2 b8c6 d2d3 h8h7 a1b1 d6d5 g2g4 d5d4
410,g2g3 e7e6 g1h3 f7f6 h1g1 g7g6 a2a4 d7d5 d2d3 d8d6 b1c3 c8d7
411,b1c3 g7g6 b2b3 d7d6 c3b1 h7h6 c1b2 d8d7 b2g7 b8a6 d2d4 e7e5
412,h2h3 h7h5 e2e3 f7f6 g2g4 b7b6 c2c3 e7e5 f2f3 c8a6 f1c4 e8e7
413,e2e3 b7b5 f1b5 e7e5 d2d4 b8a6 d4d5 h7h5 b2b3 c7c6 d1d4 f7f6
414,h2h4 b8c6 b1c3 a8b8 g2g3 c6d4 a2a4 f7f6 f1g2 d7d6 b2b3 a7a6
415,a2a4 a7a6 e2e3 b7b5 c2c4 g8h6 f1d3 a6a5 a1a2 h8g8 d3f1 b5a4
416,d2d4 g8h6 b2b3 g7g6 f2f3 b7b6 f3f4 d7d6 c2c3 h6f5 g2g4 a7a6
417,a2a3 f7f6 d2d3 b7b6 h2h4 c8b7 a1a2 e7e6 b2b4 f8b4 a3b4 b7c6
418,c2c4 b7b6 e2e3 c8a6 d2d4 g8h6 h2h4 g7g6 c4c5 h6f5 g2g4 f8g7
419,c2c4 b7b5 e2e3 g8h6 c4c5 e7e5 e1e2 h8g8 e3e4 b5b4 d2d4 c8a6
420,e2e3 b7b5 c2c3 a7a5 d1c2 e7e6 b2b3 g8h6 f2f4 g7g6 e1e2 d7d6
421,b1a3 f7f6 a1b1 c7c6 g2g4 b7b5 e2e4 d7d5 b2b3 c8g4 c1b2 a7a5
422,e2e3 b7b5 b1c3 b8c6 a1b1 b5b4 a2a4 a7a6 f2f3 c6a7 e3e4 b4c3
423,c2c3 g8h6 f2f3 a7a6 b2b3 b8c6 c1a3 h8g8 e2e3 d7d5 f1d3 g7g6
424,a2a4 g7g5 f2f3 b8c6 e2e4 a7a5 f1c4 d7d5 c4d5 h7h6 d5f7 e8f7
425,f2f3 e7e6 b2b3 b7b5 c1a3 c8a6 g1h3 f8a3 h1g1 g8f6 b3b4 e8e7
426,e2e4 b8a6 g1f3 a8b8 b1a3 g7g6 a1b1 h7h6 f3g1 e7e5 d2d4 f8d6
427,e2e3 g7g5 c2c4 c7c5 a2a3 f8g7 b2b3 b7b6 f2f3 d7d6 f3f4 f7f5
428,h2h4 f7f6 c2c4 a7a5 e2e3 d7d5 c4d5 b7b5 h4h5 g7g6 a2a4 b8d7
429,f2f3 a7a5 e2e4 d7d5 a2a3 a5a4 c2c4 b8a6 g2g4 d5e4 d1a4 c8d7
430,e2e4 e7e6 a2a4 c7c5 e1e2 f7f5 g2g4 g7g6 c2c4 d7d6 d1c2 d8h4
431,e2e3 g7g6 c2c4 f8g7 f2f3 b7b6 d2d4 g7d4 e3e4 c7c5 g2g4 f7f6
432,g1h3 e7e6 c2c4 c7c5 f2f4 b7b5 h1g1 d7d6 a2a4 b5a4 d2d3 f7f5
433,f2f4 d7d5 c2c4 b8a6 a2a4 f7f6 a4a5 h7h5 d2d3 h8h7 b1c3 c7c5
434,f2f3 e7e5 a2a3 f7f6 d2d3 e8e7 g2g3 g7g6 f3f4 d7d5 c2c3 e5e4
435,f2f3 d7d6 b2b4 c7c5 e2e3 e8d7 g2g3 b7b5 e1e2 a7a5 d2d3 h7h5
436,c2c3 e7e6 e2e4 f8d6 e1e2 b7b6 d1b3 g7g6 g1f3 d8f6 c3c4 f6e7
437,h2h4 b7b6 g2g3 f7f6 d2d3 g7g6 g3g4 d7d6 c2c3 c8b7 h4h5 b6b5
438,f2f4 b7b5 b2b3 f7f6 c2c3 b8c6 g2g4 a8b8 f1g2 c6b4 d2d3 a7a6
439,e2e3 b7b5 f1e2 g7g5 b1a3 d7d6 g1h3 c8a6 e2f3 b5b4 d1e2 g8h6
440,d2d4 d7d6 h2h4 a7a6 d4d5 a8a7 h1h3 e7e5 b1a3 b8c6 f2f4 c6d4
441,h2h4 g8h6 f2f3 h8g8 a2a4 d7d6 b1c3 f7f6 g1h3 a7a6 h1g1 d8d7
442,g2g4 h7h5 f2f4 e7e5 b1c3 d8h4
443,c2c4 b7b5 b2b4 c8b7 d2d3 b7a6 g2g3 f7f6 e1d2 h7h5 g3g4 e8f7
444,e2e3 b7b5 c2c4 e7e6 a2a4 c7c5 b2b3 d7d6 g1h3 e8e7 h3f4 a7a5
445,e2e3 a7a5 c2c4 h7h5 d1h5 h8h5 d2d4 h5h4 f2f3 a5a4 e1d2 g7g5
446,g2g3 a7a5 b2b4 f7f6 b1c3 d7d6 d2d3 a8a7 a1b1 g7g6 e2e4 e8d7
447,b2b4 h7h5 e2e3 b7b5 c2c4 g7g5 d2d3 h8h6 e1e2 e7e6 g2g4 e6e5
448,e2e3 b7b5 d2d4 g8h6 a2a4 b5a4 b2b4 b8c6 a1a2 e7e5 a2a3 f7f6
449,a2a4 f7f6 e2e3 b7b6 g1h3 h7h6 c2c4 c8a6 b2b3 h6h5 h1g1 d7d6
450,h2h3 a7a5 c2c4 f7f6 d2d3 c7c5 a2a4 e7e6 h1h2 d7d5 c4d5 d8d7
451,g2g4 g8f6 b2b4 b8a6 h2h4 e7e5 g4g5 h7h6 b1a3 h6h5 g1f3 e5e4
452,a2a3 g7g5 a3a4 b7b6 e2e4 a7a5 b1c3 g5g4 f2f4 f7f6 g1h3 c8a6
453,h2h3 d7d5 f2f3 c7c5 b1c3 d8d6 g2g3 d6g3
454,c2c4 b7b5 d1b3 e7e6 e2e4 b5c4 g1h3 c7c5 h1g1 c4c3 e1d1 d7d5
455,e2e3 e7e6 c2c4 f8a3 e3e4 b7b6 d2d4 c7c5 b1c3 b8a6 e1e2 e8f8
456,a2a4 e7e6 b2b3 c7c5 c1a3 d7d5 g1h3 f7f6 e2e3 d8d7 c2c4 a7a5
457,g1h3 b7b6 a2a4 a7a6 g2g3 f7f6 b2b3 e7e5 d2d3 d8e7 a4a5 d7d6
458,e2e3 g7g6 c2c4 b7b5 f2f4 c8a6 a2a3 b8c6 a3a4 c6a5 b2b3 a5c4
459,g2g3 e7e5 g1f3 c7c5 f1h3 d7d6 h3d7 d8d7 c2c4 f7f6 e2e3 e5e4
460,e2e4 b7b6 c2c4 g8h6 c4c5 g7g5 b1c3 f8g7 g2g4 h8g8 c3d5 c8a6
461,e2e4 b7b6 c2c4 f7f6 e1e2 g8h6 d1c2 h8g8 b1c3 g7g6 b2b3 b8c6
462,h2h4 b8a6 b2b3 d7d5 g1f3 a8b8 d2d3 h7h5 b3b4 a6b4 c1g5 a7a6
463,h2h4 g8f6 g1f3 d7d5 b2b3 e7e6 h1h2 e8e7 g2g4 f6e4 c2c3 a7a6
464,b2b3 e7e6 c1a3 b8c6 d2d4 a8b8 h2h3 c6b4 d4d5 e6d5 a3b4 f8b4
465,e2e4 c7c5 c2c4 b7b5 g2g3 f7f6 e1e2 g7g6 b2b3 b8c6 c1a3 d7d6
466,e2e3 b7b5 d2d3 a7a5 a2a4 b5a4 b2b4 g7g6 a1a3 b8c6 f2f3 c6e5
467,c2c4 b7b5 b1c3 a7a5 c4c5 c8a6 d2d3 e7e6 f2f4 f8e7 b2b3 e7c5
468,a2a3 b8c6 f2f3 g7g6 e2e4 g8h6 d2d4 b7b5 g2g4 c6d4 c1h6 f7f6
469,e2e4 b7b5 g2g4 f7f6 b1c3 c7c5 a2a4 d8b6 a4b5 d7d6 e1e2 c5c4
470,e2e3 g7g6 f2f3 b7b5 c2c3 g6g5 b2b3 g5g4 f3f4 f8g7 d2d3 e8f8
471,e2e3 b8c6 c2c4 b7b5 f2f4 c8a6 b2b3 f7f6 f1d3 b5c4 e1f1 e7e5
472,c2c4 b7b5 e2e4 g8h6 d1f3 f7f6 b1c3 c7c5 e1e2 a7a5 g2g4 h8g8
473,g2g3 e7e6 e2e3 f7f6 g3g4 c7c5 c2c4 f6f5 f2f4 d7d5 d2d3 g8h6
474,h2h3 f7f5 e2e4 c7c5 f2f3 d7d6 d2d4 a7a6 a2a4 f5e4 f1a6 e7e5
475,g2g3 g8h6 c2c4 b7b5 d2d4 f7f6 f1g2 a7a6 b2b3 h6f7 h2h3 d7d5
476,e2e4 e7e6 a2a4 a7a5 g2g3 e6e5 b1c3 b8c6 g1f3 g7g6 h2h3 h7h6
477,h2h3 a7a5 c2c3 e7e5 d2d3 g8h6 c1h6 b7b6 h6g7 h7h5 h1h2 h8h6
478,h2h3 c7c6 b2b3 e7e6 b1a3 g8h6 a3b5 c6b5 a2a4 d7d5 e2e4 f8b4
479,c2c4 a7a5 e2e4 e7e5 e1e2 g8h6 d1c2 b8c6 h2h3 e8e7 c2b3 c6d4
480,e2e3 e7e5 b1a3 d7d6 g1f3 g7g5 b2b4 c7c5 d2d3 g8e7 d1d2 c8d7
481,h2h3 e7e6 d2d4 a7a5 c1d2 h7h5 h1h2 d7d5 f2f3 g8h6 c2c3 e8d7
482,c2c4 b7b6 d2d3 c8a6 b1c3 g7g6 a1b1 f8g7 g2g3 c7c5 c3d5 g6g5
483,h2h3 b7b5 b1c3 b5b4 e2e4 c8a6 g2g4 b8c6 f2f3 h7h6 f1a6 d8b8
484,e2e4 b7b5 a2a4 a7a5 g1e2 b8a6 d2d4 g8h6 e2g1 h8g8 e1e2 b5a4
485,b2b4 h7h6 a2a3 g7g5 a1a2 h8h7 f2f3 a7a5 g2g3 b8a6 h2h4 a5b4
486,g2g4 b8a6 c2c4 e7e5 h2h3 a8b8 d2d3 f7f6 c1g5 g7g6 f2f3 h7h5
487,f2f4 e7e6 c2c4 c7c5 g1f3 f7f5 b2b3 b7b5 b1c3 a7a5 h1g1 b8c6
488,b2b4 a7a5 f2f3 h7h6 d2d3 e7e5 e1f2 f7f6 c2c4 d7d5 g1h3 g7g6
489,e2e3 b7b5 c2c4 g8f6 g1h3 a7a5 b2b4 g7g6 e3e4 f6e4 d1e2 d7d6
490,b2b4 b8c6 b4b5 g7g6 g2g3 a7a5 f2f3 d7d6 b1c3 e8d7 h2h3 f7f6
491,e2e3 e7e5 g1f3 e8e7 f3e5 d7d5 b1a3 c8g4 b2b4 h7h6 f2f4 g7g5
492,a2a3 b7b5 a1a2 g7g5 e2e4 a7a5 f2f3 e7e5 f1b5 b8c6 c2c3 c6a7
493,b1a3 b7b5 b2b4 g7g5 e2e4 f7f6 f2f3 g5g4 e4e5 g4g3 c1b2 e8f7
494,d2d4 e7e6 c2c4 c7c5 e2e4 d7d5 e1e2 a7a5 c1d2 g8f6 g1h3 b8a6
495,g1h3 g7g6 d2d3 b8c6 h3g5 f7f6 b1a3 f8h6 a1b1 a7a6 h2h3 a6a5
496,h2h3 e7e6 b2b3 e8e7 c2c3 c7c5 h1h2 e6e5 d2d3 d7d5 c1g5 e7d6
497,e2e3 b7b5 c2c3 e7e6 d1b3 f8c5 g1h3 g8h6 f1b5 c5d4 f2f4 a7a5
498,b1a3 e7e6 b2b4 c7c6 a3b5 d7d5 e2e3 a7a5 b5a3 h7h6 c2c4 f8b4
499,b1a3 b7b6 d2d4 d7d5 a1b1 f7f6 c1d2 b8c6 d2f4 c6d4 a3b5 a7a5
500,g2g4 f7f5 f2f4 c7c5 b2b3 b8c6 d2d4 c6d4 d1d3 a7a6 e1d2 g8f6
501,c2c4 b7b5 e2e4 f7f6 d1c2 g8h6 g1h3 b8c6 c2b3 e7e5 b1a3 d8e7
502,f2f4 d7d5 e2e3 h7h5 g2g4 f7f6 a2a4 b8d7 g1f3 a7a6 f1a6 d5d4
503,f2f4 d7d5 b2b3 g7g6 g2g3 f8g7 f1g2 b7b6 c1a3 g7a1 e1f2 d5d4
504,f2f4 d7d5 g1h3 a7a5 e2e3 a5a4 f1d3 g7g5 c2c3 a8a5 e1g1 g5f4
505,c2c4 g8h6 e2e4 c7c5 e1e2 a7a6 g1h3 a8a7 a2a3 b7b6 b2b4 f7f5
506,e2e3 b7b6 c2c4 c8a6 a2a4 g8h6 d2d3 h8g8 c4c5 c7c6 a4a5 d7d6
507,a2a4 b7b6 d2d4 c7c5 b1c3 e7e6 e2e4 f7f5 a1a3 g8f6 g2g3 b8a6
508,d2d4 e7e6 e1d2 f7f5 g2g4 f5f4 a2a4 f8e7 f1h3 e8f8 h3f1 b7b5
509,c2c4 b7b5 e2e4 g7g5 a2a4 b5a4 d1f3 a7a5 b1a3 g5g4 d2d4 g8h6
510,e2e3 b7b5 c2c4 f7f6 d1c2 g8h6 e1e2 e8f7 c4b5 g7g6 e3e4 d7d6
511,e2e4 e7e6 a2a4 c7c5 d1e2 b7b6 e1d1 c5c4 e2h5 e8e7 f2f3 h7h6
512,a2a4 h7h6 c2c4 g7g5 f2f4 g5f4 a1a3 b8c6 d2d4 a7a6 e2e3 c6a7
513,e2e3 b7b6 c2c4 c8a6 d2d4 g8h6 f1d3 f7f6 e1d2 h8g8 d3f5 d7d6
514,h2h3 e7e6 b2b3 c7c5 c1a3 d7d5 h1h2 c5c4 e2e4 c8d7 e1e2 f7f6
515,e2e3 c7c6 b2b4 e7e5 g2g3 c6c5 e1e2 e8e7 h2h3 g8h6 d2d3 b8a6
516,a2a4 b8c6 b2b3 f7f5 a4a5 b7b5 f2f3 a8b8 b1a3 c6d4 e2e4 c7c6
517,b2b4 b7b5 g2g4 f7f6 d2d3 b8c6 b1a3 e7e5 e1d2 g7g6 c1b2 d7d5
518,h2h4 f7f5 d2d3 g7g5 g2g3 c7c6 e2e4 f8h6 f2f4 e7e6 e1d2 g5f4
519,c2c4 b7b5 e2e4 f7f6 b2b4 b8a6 f1e2 a6b8 a2a4 c8a6 g1h3 d7d6
520,e2e3 a7a5 e3e4 g8h6 b1c3 a5a4 g2g4 f7f6 e1e2 d7d6 d2d4 c7c6
521,e2e3 b7b5 e3e4 f7f6 b2b3 c7c5 c1a3 a7a5 b1c3 a8a7 d1f3 d7d5
522,e2e3 b7b5 f2f3 a7a5 b2b4 e7e6 d2d4 a5a4 c2c4 a4a3 d1c2 d7d5
523,b1c3 g7g6 g2g3 b8a6 f2f3 f8h6 f3f4 g6g5 e2e4 h6g7 b2b3 d7d5
524,e2e3 b7b5 c2c4 a7a5 d2d4 e7e5 c4c5 e5d4 e3e4 g8f6 b2b4 c8a6
525,e2e3 b7b5 c2c4 e7e6 e3e4 f8e7 a2a4 c7c5 g1h3 b8c6 c4b5 f7f5
526,e2e3 b7b5 b1a3 a7a6 e3e4 h7h5 c2c4 g8f6 g2g3 e7e5 e1e2 f6e4
527,b2b4 b8c6 g2g3 e7e5 b1a3 f7f6 a1b1 b7b5 f2f3 a7a5 e2e3 c6d4
528,e2e4 e7e6 d2d4 c7c5 e1e2 f7f5 c1g5 f5f4 b1c3 g8f6 a2a4 h7h6
529,e2e3 b7b5 c2c4 a7a5 a2a4 g8h6 d2d4 g7g6 g2g4 b5a4 c4c5 d7d6
530,e2e3 d7d5 f1b5 b8c6 b5c6 c8d7 f2f3 g8f6 b2b4 a8b8 c2c4 e7e6
531,e2e3 b7b5 c2c4 a7a5 e1e2 b5c4 d1e1 e7e6 d2d4 f7f5 g2g4 c8b7
532,e2e3 e7e5 c2c4 b7b5 g1h3 a7a5 h3f4 g8h6 d2d4 e5f4 c4c5 b8a6
533,e2e3 b7b5 d2d3 c7c5 c2c4 g7g5 d1e2 f8g7 d3d4 g5g4 f2f3 a7a5
534,b2b4 b8c6 e2e3 a7a5 c2c4 b7b5 d1b3 c6b4 d2d4 e7e5 b1a3 d7d5
535,e2e3 b7b5 c2c4 a7a5 g1h3 g7g6 d2d3 a8a6 f2f4 d7d6 b2b3 c8d7
536,b2b4 f7f6 e2e3 b7b5 f2f3 g8h6 e1e2 e8f7 d2d4 f7g6 g2g3 h6f5
537,e2e3 b7b5 b2b4 a7a5 g1e2 c8b7 d2d4 b7c6 a2a3 g8f6 a1a2 e7e5
538,e2e3 b7b5 d1h5 e7e6 c2c4 c8a6 f1d3 d8h4 e1e2 e8e7 g1f3 g7g6
539,c2c4 d7d5 e2e3 a7a6 d1a4 b8c6 a2a3 d5d4 a1a2 e8d7 b2b3 f7f5
540,b2b4 f7f6 b1a3 b7b5 d2d3 a7a5 b4a5 e7e6 e1d2 f6f5 c2c3 f5f4
541,h2h3 b7b6 d2d3 c8a6 g2g3 h7h5 b1d2 f7f6 b2b3 c7c6 h3h4 d7d6
542,b2b4 b8c6 c1b2 c6e5 b2d4 a7a5 a2a4 b7b5 b1a3 f7f5 a3b5 d7d6
543,e2e3 b7b5 c2c4 c7c5 f1e2 e7e6 a2a4 e8e7 f2f4 e6e5 e2h5 b8c6
544,e2e3 b7b5 c2c4 a7a5 b2b4 g8h6 d1b3 h8g8 e3e4 e7e6 g2g4 f7f6
545,a2a3 g7g6 h2h4 g8h6 f2f3 f8g7 a1a2 b8a6 d2d4 f7f5 d4d5 e7e5
546,e2e3 b7b5 c2c3 e7e6 f2f3 a7a6 e3e4 f8c5 g1h3 a8a7 d2d4 g8e7
547,e2e4 e7e5 e1e2 g7g5 d2d4 f7f5 b1c3 b8a6 c3b1 g8h6 c1d2 b7b6
548,e2e3 b7b6 c2c4 c8a6 a2a4 g7g6 b2b3 g8h6 d2d4 f8g7 f2f3 h8g8
549,e2e4 c7c5 b1c3 g8h6 e1e2 h6g4 a2a4 c5c4 d2d4 f7f5 g2g3 g7g6
550,d2d4 b7b5 a2a4 a7a5 c1d2 d7d5 g1h3 g7g6 h3f4 c8e6 g2g3 f7f6
551,b1c3 c7c5 b2b4 b7b5 h2h4 e7e5 h1h2 b8c6 g1h3 c5c4 f2f3 g7g5
552,d2d4 b7b5 g1h3 c8a6 a2a4 b5a4 d4d5 f7f5 f2f3 g8f6 a1a3 e8f7
553,d2d4 e7e6 c2c4 f7f6 h2h4 b7b5 g1h3 f8b4 b1c3 b4a5 f2f3 g7g6
554,e2e4 b8a6 c2c4 a8b8 g1f3 c7c5 e4e5 d7d5 d2d3 f7f6 f3d4 a6c7
555,b1c3 e7e6 a2a4 c7c5 e2e4 d7d5 e1e2 e8e7 f2f3 c5c4 d2d4 b8a6
556,a2a3 g7g6 d2d4 b7b5 f2f3 d7d6 a3a4 e7e6 b1d2 g8h6 h2h3 a7a6
557,d2d3 h7h6 h2h3 e7e5 g2g3 b8c6 e1d2 g8f6 h3h4 h8h7 d3d4 g7g6
558,b1c3 b8a6 c3a4 c7c5 g2g4 e7e6 a4b6 h7h6 a1b1 f7f6 f1g2 e6e5
559,g1h3 g8f6 g2g3 h7h5 b2b3 d7d5 f2f4 b8a6 c2c4 c7c6 f4f5 a8b8
560,g2g4 c7c6 g4g5 c6c5 b2b4 e7e5 b1a3 e8e7 g1h3 d8c7 h1g1 g8h6
561,d2d4 d7d6 c1g5 a7a5 h2h4 d6d5 c2c3 f7f5 g5d2 e7e6 d1c1 g8h6
562,e2e4 e7e6 a2a4 a7a6 f1d3 g7g5 e4e5 e8e7 d3f5 b7b5 a4a5 e6f5
563,e2e3 b7b5 f1b5 a7a5 c2c4 b8a6 g1h3 g7g5 d1e2 f7f5 e2h5
564,g1h3 b7b5 g2g3 a7a5 b2b3 g7g6 b3b4 g8h6 a2a4 d7d5 h1g1 b8c6
565,e2e3 b7b5 f1b5 a7a5 g1h3 a8a6 c2c4 g8f6 f2f4 g7g5 b2b4 h8g8
566,b2b4 e7e6 e2e3 c7c5 a2a4 e6e5 g1f3 f8e7 e1e2 b7b6 b4b5 g7g5
567,e2e4 g7g6 a2a4 b8a6 g2g4 a8b8 f1b5 c7c6 f2f4 h7h6 f4f5 h8h7
568,e2e3 e7e5 c2c4 d7d5 f2f3 a7a5 a2a4 e8e7 g2g3 b8d7 b1c3 d8e8
569,g1h3 b8c6 c2c4 b7b5 e2e3 c6d4 a2a4 g7g6 b1a3 f8g7 g2g3 c8a6
570,h2h3 g8f6 b1c3 b7b6 d2d4 d7d5 b2b3 c8a6 g2g3 h7h5 f2f3 b8c6
571,e2e3 b7b5 c2c4 e7e6 a2a4 f7f5 a4b5 c8b7 a1a4 b8a6 g1f3 f8b4
572,f2f3 b7b6 e2e3 a7a5 e3e4 a5a4 c2c4 c8a6 d1b3 g8h6 e1e2 h8g8
573,e2e4 b7b5 g1e2 f7f6 b1c3 b8a6 a2a3 a8b8 b2b3 c8b7 d2d3 b8c8
574,e2e4 b7b6 c2c3 g8h6 a2a3 g7g6 g2g4 h6g4 d2d4 g4e3 a1a2 d7d6
575,e2e3 e7e6 a2a4 b7b5 e3e4 a7a6 f1b5 a8a7 b5d7 b8d7 g2g3 f7f6
576,e2e3 b7b5 c2c4 g7g5 d1h5 e7e6 f2f4 a7a5 f1e2 d7d6 g1f3 e6e5
577,e2e3 b7b5 c2c4 e7e5 g1f3 a7a5 e1e2 e8e7 d2d3 g7g6 c4c5 g8f6
578,b1a3 b7b5 g1f3 g7g6 g2g3 c7c6 a1b1 c6c5 e2e4 f7f6 f1b5 a7a5
579,e2e3 e7e5 e3e4 g8h6 g1f3 b8a6 b1a3 c7c5 f1a6 d8f6 a1b1 h6f5
580,e2e4 g8h6 e4e5 a7a5 g1e2 b7b5 b1a3 c7c5 h2h4 a8a7 f2f3 h6f5
581,g1h3 g7g6 b2b3 d7d6 c1a3 b8a6 b3b4 a8b8 c2c4 a6c5 g2g3 g6g5
582,g1f3 b7b5 h2h4 f7f6 h1h2 c8a6 d2d3 g8h6 a2a4 g7g6 f3e5 h8g8
583,b1a3 b7b5 d2d3 g7g5 a1b1 f8g7 g2g4 g7b2 e2e4 b2f6 e1d2 b8a6
584,g1h3 e7e6 g2g3 c7c5 c2c4 f7f5 d1a4 g7g6 g3g4 f5f4 d2d4 g8f6
585,e2e4 g8h6 e4e5 c7c5 a2a3 b7b5 c2c4 h8g8 b2b4 b8a6 g1h3 f7f6
586,g1h3 e7e6 g2g3 c7c5 b2b4 d8h4 b4c5 f7f6 c5c6 e6e5 h1g1 g7g5
587,g2g4 b7b5 f2f3 f7f6 d2d3 a7a5 f1h3 e7e6 e1d2 d7d5 b1c3 c7c6
588,h2h3 c7c5 d2d4 e7e6 a2a4 b8a6 h1h2 d7d6 g2g4 f7f5 h3h4 c5d4
589,e2e4 c7c5 h2h3 d8a5 g2g4 e7e6 c2c4 d7d5 e1e2 f7f6 a2a4 g7g6
590,a2a4 c7c6 b2b3 e7e6 d2d4 h7h6 e1d2 a7a6 g2g3 d7d6 d4d5 f7f5
591,e2e4 g8h6 f2f3 e7e5 b2b4 d8h4 g2g3 g7g5 c1a3 b8c6 e1e2 h8g8
592,b2b3 g7g6 d2d4 d7d6 g2g3 b8a6 d4d5 e7e5 f2f3 a8b8 e2e3 c7c5
593,e2e3 e7e6 b2b4 c7c5 c1a3 a7a5 c2c4 d7d5 c4d5 a5a4 d5d6 a8a5
594,e2e3 d7d5 c2c3 g8f6 d1a4 b8c6 a4c6 d8d7 b2b3 a8b8 d2d3 b7b5
595,b1c3 d7d6 a2a4 c8g4 e2e4 b8a6 g1f3 a8c8 f1a6 c7c6 d2d4 g4f3
596,e2e3 e7e6 c2c4 c7c5 b2b4 d7d5 a2a4 a7a5 b4a5 a8a6 a1a2 a6a5
597,e2e3 e7e6 b1a3 c7c5 c2c4 a7a5 a1b1 e8e7 e3e4 a8a7 b2b4 g7g5
598,e2e4 b8a6 c2c4 a8b8 d1e2 c7c5 e1d1 g8f6 g2g4 g7g6 a2a4 d7d5
599,e2e3 b7b5 c2c4 e7e6 a2a4 f7f5 g1h3 a7a6 d2d3 d7d6 b2b3 g7g6
600,b2b4 e7e5 c1b2 g7g5 f2f3 d7d6 b2a3 b7b6 e2e3 e8d7 c2c4 f7f5
601,f2f4 b7b5 d2d3 a7a6 a2a3 e7e6 h2h4 c7c5 h1h2 e8e7 b1c3 g8f6
602,e2e4 e7e5 g1h3 g7g5 f2f3 d8f6 d1e2 e8e7 g2g3 d7d5 e4d5 c7c5
603,b2b3 e7e6 e2e3 a7a6 e1e2 f7f5 a2a4 f8d6 g2g4 e6e5 d1e1 a8a7
604,e2e3 e7e6 b2b4 b7b5 c2c4 f8b4 e3e4 c7c5 d1c2 f7f5 c2b2 g8h6
605,e2e4 g7g6 f2f3 d7d6 g1h3 b8c6 a2a4 d6d5 g2g3 c8h3 f1b5 g8h6
606,a2a4 g7g5 d2d4 e7e5 f2f3 a7a6 d1d2 b8c6 a1a2 c6a5 h2h4 a5b3
607,e2e4 b7b6 a2a4 f7f5 b1a3 c7c6 c2c4 f5f4 a1b1 e7e5 a4a5 g8h6
608,e2e3 b7b5 c2c4 e7e6 e3e4 c7c5 a2a3 e6e5 a1a2 e8e7 d1c2 g7g5
609,e2e3 b7b5 d1h5 a7a5 e1e2 g7g6 c2c4 b8c6 d2d4 a8a6 c4b5 c6d4
610,e2e3 b7b5 b2b4 g8h6 f1b5 g7g6 c2c4 h8g8 d1c2 b8a6 e1d1 a8b8
611,g2g4 b8a6 f2f3 b7b6 b2b4 d7d6 c1a3 a6b4 f1g2 c8d7 a3b4 d7b5
612,b2b3 d7d5 g2g3 g7g6 a2a3 b7b5 d2d3 a7a5 g1f3 a5a4 b3a4 b5a4
613,e2e3 h7h6 c2c3 e7e6 f1a6 b7b5 b2b3 f8b4 d2d4 g7g6 f2f4 e8e7
614,b1c3 e7e6 a1b1 a7a5 e2e4 d7d5 c3b5 f7f5 g2g3 g8e7 a2a4 b8a6
615,e2e3 b7b5 b1a3 c8b7 e3e4 g8h6 c2c4 b8a6 e4e5 h6g4 d2d3 a6b8
616,b1a3 g8f6 b2b4 a7a6 g1h3 h7h5 f2f3 e7e6 h1g1 a8a7 f3f4 e6e5
617,d2d4 e7e5 e2e4 g8h6 c1d2 c7c5 g1f3 a7a5 e1e2 a8a7 h1g1 f8d6
618,e2e4 g8h6 e4e5 b7b6 a2a4 c7c5 h2h4 g7g6 g1e2 d8c7 h1h2 h8g8
619,a2a3 h7h5 e2e4 a7a6 c2c3 f7f6 e1e2 a8a7 d2d4 h8h7 b2b4 f6f5
620,b1a3 g7g6 b2b3 a7a5 f2f4 d7d6 c2c3 h7h5 e2e4 h8h6 g1h3 c8f5
621,b2b4 b8c6 h2h4 c6b4 a2a3 b4c2 d1c2 g8f6 a1a2 a7a6 f2f4 a8b8
622,f2f3 b7b5 b2b4 a7a5 c1a3 d7d6 g2g3 a8a6 d2d4 a5a4 f1g2 e7e5
623,b2b3 a7a5 d2d4 g7g5 f2f3 b7b5 g2g4 c7c5 f1g2 b8c6 d4c5 d7d6
624,g2g4 g8f6 g4g5 h7h5 d2d4 d7d6 h2h4 a7a6 f2f3 f6g8 e2e3 f7f6
625,g1h3 e7e6 b2b4 c7c5 a2a4 d7d6 e2e4 e8e7 c1a3 a7a6 f2f4 a8a7
626,e2e3 b7b5 c2c4 e7e6 d1h5 a7a5 e1d1 a5a4 f1d3 g8f6 e3e4 b5b4
627,e2e3 b7b5 c2c4 f7f6 d2d3 e7e6 f2f4 h7h6 a2a4 c7c5 g1h3 d7d6
628,b2b4 b7b5 c2c4 f7f6 e2e3 c8a6 d1c2 g8h6 e1e2 e8f7 c1a3 g7g6
629,d2d4 e7e5 f2f3 g8f6 b1c3 b8a6 a1b1 a8b8 g2g3 b8a8 c3b5 f8b4
630,a2a3 b7b5 b2b4 a7a5 a1a2 a5b4 a3b4 g7g5 d2d3 c7c5 c1g5 c5b4
631,a2a4 b7b5 d2d3 b5a4 h2h3 a7a5 c1g5 d7d5 c2c3 h7h5 g2g3 g8f6
632,e2e4 g8h6 h2h3 g7g6 g2g4 b8c6 b1a3 h6g4 f2f3 a7a5 h3g4 h7h5
633,d2d4 d7d5 f2f4 f7f6 b2b3 a7a5 h2h4 a5a4 b3a4 b8a6 c2c3 h7h5
634,h2h3 a7a5 d2d4 d7d5 e2e4 f7f5 a2a4 g7g6 h3h4 f8h6 e1e2 h6c1
635,e2e3 b7b5 c2c4 b8c6 b1c3 e7e5 g1f3 a7a5 h2h4 e8e7 f1d3 b5c4
636,h2h3 b7b5 d2d3 g7g5 a2a3 c7c5 h1h2 c8a6 c1g5 g8h6 g2g3 h8g8
637,e2e4 a7a6 b2b4 d7d6 c2c4 a8a7 f2f3 b8c6 b1a3 g8f6 g1h3 e8d7
638,a2a4 b8c6 c2c4 f7f5 e2e4 a7a5 a1a2 b7b6 b1a3 c6d4 d1c2 d4c2
639,e2e4 g8f6 a2a4 e7e5 c2c4 h7h5 a1a2 b8a6 g1f3 f8b4 a4a5 a8b8
640,c2c4 f7f5 e2e3 b7b5 d1b3 g8f6 b3b4 b8a6 b2b3 a8b8 f1e2 e7e6
641,e2e4 g8f6 a2a4 e7e5 d1h5 d7d5 g2g4 h7h6 a1a2 c8g4 g1f3 d5e4
642,g2g4 b7b5 d2d3 e7e6 e2e4 d8e7 c2c4 c7c6 d1b3 d7d5 e1d1 f7f5
643,f2f3 b8c6 h2h4 d7d6 b1a3 f7f6 a1b1 a8b8 h1h2 e7e5 c2c3 g7g6
644,h2h4 b8a6 g1f3 d7d5 d2d4 a6b4 e2e4 b4a6 e4d5 g8f6 g2g3 d8d5
645,b2b4 b8c6 a2a4 d7d6 c2c4 g7g6 e2e3 e8d7 g2g4 d6d5 c4c5 g8f6
646,a2a4 b8c6 g1h3 a7a5 b1c3 f7f5 e2e4 g8f6 g2g4 h7h6 a1a2 f6d5
647,b1c3 h7h6 d2d4 d7d6 c1g5 a7a6 d4d5 g7g6 a2a4 d8d7 h2h3 b7b5
648,h2h3 c7c5 a2a4 e7e5 d2d3 b8c6 c1g5 d8c7 e1d2 c5c4 h1h2 b7b6
649,a2a4 b7b5 b2b4 a7a5 a4b5 d7d6 c1b2 g7g6 g2g3 e7e5 h2h3 a8a6
650,b2b4 b7b5 h2h3 e7e5 c1a3 b8c6 h1h2 f7f6 f2f3 g7g6 g2g3 c8a6
651,b2b3 b7b5 g2g4 a7a5 e2e4 c8b7 e1e2 g8h6 d2d4 g7g5 e4e5 h8g8
652,a2a4 e7e6 a1a2 c7c5 e2e4 f7f6 d1g4 e8e7 e1e2 d8b6 d2d4 e6e5
653,g1h3 b7b6 b2b3 e7e6 f2f3 a7a6 c2c4 d8f6 e2e4 g8h6 d1e2 b6b5
654,c2c4 b7b5 e2e4 b8a6 d1f3 a8b8 e1d1 g7g5 f3a3 g5g4 d2d4 b5c4
655,e2e4 a7a5 e4e5 b8c6 h2h4 d7d5 a2a4 e8d7 h1h3 g7g6 f1d3 a8a6
656,e2e3 b7b6 c2c4 g8f6 b2b4 e7e6 d1b3 e8e7 e1e2 f6e4 g1h3 f7f6
657,c2c4 b7b5 d2d3 a7a5 b1a3 c8a6 c4c5 g7g5 f2f3 b5b4 c1f4 b8c6
658,e2e3 b7b5 e1e2 e7e6 e2f3 b8a6 f3e2 e6e5 a2a3 g7g5 d1e1 f8h6
659,g1h3 e7e6 g2g3 c7c6 h1g1 b7b6 a2a4 f8d6 h3f4 f7f5 c2c4 d6f4
660,e2e3 d7d5 g2g3 g8f6 a2a3 b8c6 f2f4 d5d4 f4f5 a8b8 f1b5 f6d7
661,h2h3 e7e6 g2g4 f7f6 b2b4 c7c6 h1h2 f8e7 c1a3 e6e5 d2d3 b7b6
662,g2g4 a7a5 c2c4 e7e5 d1c2 b8c6 b2b3 e8e7 c1a3 c6b4 c2g6 a8b8
663,g1h3 a7a5 a2a3 h7h6 f2f4 d7d6 d2d4 a5a4 e2e3 c8e6 d1d2 e6c4
664,e2e3 b7b5 c2c4 b8a6 b2b3 h7h5 h2h4 g7g5 d1h5 h8h7 f2f3 f8g7
665,b2b3 h7h6 g2g4 a7a5 c2c4 e7e5 d2d4 f7f6 d4e5 c7c5 a2a4 d7d5
666,h2h4 g7g5 g1f3 b7b6 d2d4 d7d5 b1c3 e8d7 g2g3 f8g7 a1b1 f7f6
667,e2e3 b7b5 e1e2 e7e6 b2b4 d7d6 e3e4 g7g6 d2d4 b8d7 a2a4 e8e7
668,h2h4 e7e6 g2g4 a7a5 a2a4 e8e7 h1h3 d7d5 e2e3 b7b5 b2b3 g7g6
669,e2e3 b7b5 c2c4 e7e5 e3e4 e8e7 c4c5 g7g5 g2g4 b5b4 b1a3 d7d5
670,a2a4 a7a6 b2b4 b8c6 a4a5 h7h5 d2d4 h8h7 a1a3 g7g5 g2g3 c6e5
671,d2d3 e7e6 h2h3 a7a5 a2a4 c7c5 h1h2 d7d5 d1d2 d8d7 e2e4 b8a6
672,e2e4 b8a6 b1a3 a8b8 g2g4 h7h6 f2f3 d7d5 b2b4 g7g6 c2c4 f7f6
673,e2e3 d7d5 a2a3 e7e5 f2f3 b8c6 g2g3 d8f6 a1a2 a7a6 d2d3 g7g5
674,b2b3 b7b5 d2d4 d7d6 h2h4 g7g6 f2f4 c8a6 c2c3 c7c5 d4c5 h7h6
675,e2e3 c7c5 c2c4 e7e6 f1e2 a7a5 b2b4 f7f5 a2a4 g8f6 g1f3 b7b6
676,f2f4 b7b5 b2b3 g7g5 e1f2 f8g7 c2c4 f7f5 c4b5 d7d5 h2h3 e8f7
677,g1f3 b7b6 b2b3 d7d5 d2d4 g7g6 f3g5 f7f6 f2f3 b8c6 a2a4 f8g7
678,g1f3 e7e6 e2e4 c7c5 d2d4 g7g5 e1e2 b7b5 h2h4 b8a6 c1d2 f7f6
679,b1c3 g8h6 a1b1 d7d6 g1f3 e8d7 c3a4 g7g6 g2g3 h8g8 f1g2 c7c5
680,e2e3 b8c6 b1a3 e7e5 a1b1 e8e7 f1c4 a8b8 f2f4 g7g6 g2g3 d7d5
681,h2h4 e7e6 g2g4 d8h4 h1h3 e6e5 b1c3 g8f6 a1b1 f8e7 c3e4 d7d6
682,e2e3 a7a6 f1b5 e7e5 g1h3 g7g5 d1f3 a6a5 b1a3 b8c6 c2c3 g8f6
683,b2b4 b8a6 c1a3 g7g5 b4b5 f7f6 f2f3 d7d6 g2g4 e8f7 h2h4 f8g7
684,g2g3 f7f5 d2d3 d7d5 g1h3 d5d4 b2b4 f5f4 a2a3 g7g6 f2f3 f8g7
685,g1h3 g7g5 f2f3 f7f5 e2e4 b7b6 f1e2 f8g7 c2c4 e8f7 h1f1 g8h6
686,b2b4 h7h6 e2e3 g7g6 c2c4 b7b5 c1b2 c8a6 a2a4 h8h7 d2d4 h6h5
687,f2f4 b7b6 b1a3 f7f5 d2d4 g7g5 e2e3 f8g7 c1d2 g7f6 c2c3 c7c6
688,e2e3 e7e5 h2h3 d8g5 f1d3 b7b5 a2a3 g5h6 e1e2 e8d8 g2g4 h6h4
689,d2d4 g7g6 f2f3 b8c6 h2h4 a8b8 b2b3 d7d6 c2c3 h7h6 b1a3 h6h5
690,g1f3 b7b5 h2h3 f7f5 f3g5 c7c5 e2e4 g7g6 f2f3 b8c6 f1b5 g8h6
691,d2d3 e7e6 h2h3 c7c5 g2g3 b7b5 h1h2 c8a6 a2a4 d8b6 b2b3 e8e7
692,b2b4 b8c6 b4b5 g7g6 b1a3 a7a6 d2d4 h7h5 a1b1 c6a5 f2f3 d7d6
693,g2g3 b7b6 f2f3 f7f6 b2b3 h7h5 a2a4 b8a6 d2d4 c7c6 f1g2 e7e6
694,b2b4 d7d5 g1h3 a7a5 a2a3 f7f5 f2f3 c7c5 b4a5 d8d7 d2d3 e7e6
695,b1c3 b7b5 a2a3 a7a5 d2d4 a8a7 c3b5 a5a4 g1f3 f7f6 a1b1 d7d5
696,b2b4 h7h6 a2a4 d7d6 e2e3 a7a5 d2d4 g7g5 a1a3 c7c5 f1a6 a8a7
697,e2e3 b7b5 c2c4 e7e6 e3e4 g7g5 b2b3 b8c6 f2f4 h7h5 g1e2 h8h6
698,b2b4 d7d5 c2c4 c8d7 e2e3 c7c5 f1d3 g8h6 f2f3 f7f6 g1h3 h8g8
699,c2c4 b7b6 d2d3 g8f6 g2g3 a7a5 g1h3 f6e4 d1c2 f7f5 a2a4 h7h5
700,e2e3 a7a5 c2c4 e7e5 e1e2 e8e7 g1f3 g7g5 f3e5 d7d5 d1a4 f7f5
701,b1c3 e7e5 f2f3 b7b6 a1b1 d7d5 c3d5 e8d7 f3f4 g7g6 b2b3 f7f5
702,e2e3 b7b5 c2c4 e7e6 e1e2 e8e7 e3e4 g8f6 c4c5 d7d6 c5d6 c7d6
703,a2a3 g8f6 b2b4 b8c6 a3a4 f6g8 c1a3 c6a5 g1h3 d7d6 c2c4 c8h3
704,e2e3 a7a5 c2c4 e7e5 f2f4 g7g5 f4g5 e8e7 g2g3 d7d5 b2b4 b7b5
705,f2f3 d7d6 e2e3 e7e6 f3f4 c7c5 c2c4 d8d7 g1e2 g8h6 e2c3 h6f5
706,b2b4 b8c6 g1f3 a7a5 b4b5 h7h5 h1g1 a8b8 a2a4 d7d5 b1a3 g7g6
707,e2e4 b8a6 f2f3 a8b8 b1a3 g8f6 g2g3 e7e6 e4e5 h8g8 e5f6 c7c5
708,e2e3 b7b5 e1e2 e7e6 e3e4 a7a6 g2g3 f7f6 b1c3 g7g6 a2a4 f6f5
709,f2f4 b7b5 c2c3 a7a5 b2b3 a5a4 d2d3 c8a6 h2h4 e7e6 h1h2 e8e7
710,b1c3 c7c5 c3b5 f7f5 a1b1 d8b6 g1f3 b6b5 e2e3 e7e6 f1b5 a7a5
711,f2f4 b7b5 g2g3 a7a5 h2h4 e7e6 e1f2 c8b7 b2b3 d7d6 f1g2 g8h6
712,g2g3 f7f5 h2h3 c7c5 g3g4 d8b6 d2d4 c5c4 e2e3 g8f6 a2a4 b8a6
713,g1f3 e7e6 b2b4 c7c5 c1a3 c5c4 e2e3 f7f6 c2c3 e8e7 e1e2 g7g5
714,a2a4 c7c5 b2b4 e7e5 b4c5 d7d5 f2f3 d8c7 b1c3 g8h6 h2h3 e8d8
715,b2b4 b8c6 c1a3 a7a5 b4a5 b7b6 a3e7 c6e5 d2d3 c8a6 a2a4 a6d3
716,d2d3 b7b5 g2g3 a7a5 e1d2 d7d5 e2e4 c8e6 d1e2 a8a6 g3g4 e6g4
717,g1h3 a7a5 c2c4 a8a6 d2d3 d7d6 a2a4 g7g5 b2b4 h7h5 f2f3 h8h6
718,g1h3 f7f5 h3g1 a7a5 b2b4 d7d6 a2a4 b8c6 b1a3 b7b6 g2g4 g8f6
719,c2c4 b7b5 e2e3 f7f6 g1f3 g7g6 e1e2 e8f7 c4b5 h7h5 d2d4 f8g7
720,e2e3 g8f6 a2a4 e7e5 g1f3 g7g5 e1e2 f6e4 b2b4 e8e7 g2g3 d7d5
721,g1h3 b7b6 a2a4 f7f6 d2d3 c7c6 h1g1 e7e6 d3d4 h7h6 h3f4 d8c7
722,b1c3 b7b6 g1h3 h7h5 b2b4 a7a6 c3e4 g8h6 h3f4 a6a5 e2e3 a5a4
723,g1h3 e7e6 b2b4 c7c6 e2e3 b7b6 h3g1 d7d5 c2c4 c6c5 g1f3 g8e7
724,d2d3 c7c5 d3d4 c5d4 g2g3 e7e6 b1c3 f7f6 h2h4 e6e5 h1h2 d7d6
725,d2d3 c7c5 h2h3 b8a6 c2c3 g8f6 c1e3 a8b8 b2b3 e7e5 h1h2 d8a5
726,b1c3 b8c6 a1b1 g8h6 b2b3 c6a5 g1h3 b7b5 c3a4 b5b4 h3f4 d7d5
727,b1c3 b8c6 c3a4 g8f6 g1f3 b7b6 f3d4 h7h6 c2c4 c6b8 g2g3 c8a6
728,b2b3 d7d5 e2e4 a7a6 g1f3 a8a7 d2d4 g7g6 a2a3 a6a5 g2g3 h7h6
729,g2g4 f7f6 g4g5 a7a5 d2d4 e7e6 b1c3 e8e7 a1b1 d7d5 a2a3 f6f5
730,b2b3 a7a5 f2f4 c7c6 e2e3 b7b5 c2c4 b8a6 g1f3 a8a7 h1g1 a6c7
731,g2g3 g7g5 b2b3 f7f6 g3g4 b7b5 f2f3 a7a5 e2e4 c7c6 c1b2 c6c5
732,e2e3 b7b5 c2c4 g8f6 f1e2 e7e6 e2g4 e8e7 a2a4 c8a6 d2d3 c7c6
733,g2g4 g7g6 b2b3 f7f6 c2c4 d7d5 c4d5 b8c6 d2d3 d8d5 b1c3 a8b8
734,b2b4 b8a6 f2f3 c7c6 e2e4 b7b6 c2c4 a6c5 g1h3 c8a6 b4c5 g8h6
735,b1c3 b8a6 c3e4 d7d5 a2a3 a8b8 d2d4 g7g6 f2f4 g8f6 h2h4 d5e4
736,e2e3 g8f6 f1e2 d7d5 b2b4 b8c6 c2c4 a8b8 b4b5 g7g6 g2g4 c8g4
737,b1a3 c7c5 a3b5 d7d5 a2a3 a7a5 b5c3 c8f5 e2e3 f5d7 a1b1 a8a7
738,g1f3 b7b5 f3g5 a7a5 b1c3 h7h6 g5f7 e8f7 a2a4 f7f6 d2d3 c7c6
739,e2e3 a7a5 c2c4 e7e5 f2f3 g8h6 b2b4 e5e4 g1e2 b7b5 a2a4 c8b7
740,g1h3 b8c6 f2f3 e7e6 e2e4 g8f6 c2c4 f6e4 f3e4 a8b8 h3f2 c6b4
741,b1c3 b8a6 c3b1 e7e5 f2f4 h7h6 h2h4 g7g5 f4e5 f7f6 d2d4 c7c5
742,b1c3 b8a6 c3b1 g8f6 e2e3 a6c5 b2b4 c5e4 c1a3 a8b8 c2c4 g7g6
743,g2g3 f7f6 b2b4 g7g6 h2h4 f6f5 c2c4 f8g7 d2d3 f5f4 f2f3 a7a6
744,f2f3 b7b6 e2e4 e7e6 d2d4 f8e7 e1e2 c8a6 e2e1 g8f6 e4e5 h8g8
745,f2f4 d7d5 b1a3 f7f5 d2d4 a7a6 a3b1 c8d7 a2a4 c7c6 g2g3 g7g5
746,g1h3 b7b6 d2d4 d7d5 a2a3 h7h5 c1d2 f7f6 h3g5 g7g6 a3a4 f8h6
747,a2a4 a7a5 f2f3 b8c6 d2d4 d7d6 a1a3 c6d4 d1d4 e8d7 g2g3 g8f6
748,f2f3 d7d6 f3f4 e7e6 h2h3 g8e7 d2d4 c7c5 f4f5 a7a6 a2a4 e7g6
749,g2g3 f7f5 b2b3 d7d6 f1g2 h7h5 g3g4 e8f7 h2h3 f5f4 c2c4 c8e6
750,b2b4 g8h6 a2a4 b8c6 f2f3 d7d6 a1a3 g7g6 h2h4 h6g8 a4a5 a8b8
751,c2c4 b7b5 e2e4 c8a6 d1h5 g8h6 h5f7 h6f7 e1d1 h8g8 g1f3 b5b4
752,g2g4 e7e5 b1a3 c7c6 a1b1 f7f6 e2e4 f8d6 c2c4 d8e7 g4g5 e8d8
753,b2b3 d7d6 f2f4 b7b6 c2c3 c7c5 e2e4 e8d7 c1a3 c8b7 a3b2 g8f6
754,b2b4 b7b5 a2a4 b8a6 f2f3 b5a4 h2h4 g7g5 a1a2 a4a3 d2d3 h7h5
755,d2d3 e7e6 g2g3 c7c5 b1c3 g7g5 e1d2 f8e7 d3d4 f7f5 g1f3 a7a5
756,g1f3 g8h6 d2d3 b7b5 h2h4 g7g6 b1a3 a7a5 a1b1 c7c5 d1d2 f7f5
757,f2f3 a7a5 e2e4 g8f6 a2a3 b8c6 b1c3 a5a4 a1b1 a8b8 f1d3 g7g6
758,a2a3 d7d5 e2e3 e7e5 f1e2 g7g5 f2f3 e8e7 g2g3 b8c6 d2d3 d8d7
759,d2d3 b8a6 e2e3 g8f6 e1e2 a8b8 d1e1 c7c6 g1f3 d7d5 c2c4 a6b4
760,a2a4 b8c6 a4a5 c6a5 e2e3 b7b5 c2c4 e7e6 a1a5 c7c5 d2d4 f7f6
761,e2e3 b7b5 c2c4 e7e6 b2b4 e6e5 g2g4 e8e7 f2f4 e5e4 b1c3 c8a6
762,a2a4 a7a5 b1c3 b7b5 e2e4 c8b7 a1a2 a8a6 h2h3 a6h6 a4b5 e7e6
763,b2b3 a7a5 g2g3 d7d6 f1g2 f7f5 g3g4 d6d5 b1a3 a5a4 f2f4 h7h6
764,g1f3 d7d5 b2b4 g8f6 f3g1 b8c6 d2d4 a8b8 h2h4 h7h5 a2a4 c6d4
765,a2a3 e7e6 b2b4 c7c5 a3a4 b8c6 d2d3 c6e5 e2e3 f7f5 c2c4 d8e7
766,e2e3 b7b5 c2c4 e7e6 b2b4 c7c5 c4b5 f8e7 g1f3 c8a6 f3g5 a6b5
767,g1h3 h7h6 e2e4 b8c6 e1e2 f7f5 c2c4 c6d4 e2e3 b7b6 d2d3 g8f6
768,h2h4 b7b6 b2b3 g7g6 f2f3 f8g7 g2g3 g6g5 d2d4 d7d5 g1h3 g7e5
769,c2c4 e7e5 g1h3 a7a5 d2d3 b8c6 c1g5 h7h6 d1c2 g8f6 h1g1 h8g8
770,e2e4 g8h6 e4e5 b7b6 a2a4 a7a5 e5e6 b6b5 b1c3 b5a4 c3d5 c7c5
771,a2a4 b7b5 e2e4 a7a5 b1c3 c8b7 d2d4 a8a7 a1b1 d7d6 f2f3 f7f6
772,b1c3 b8a6 a1b1 g7g6 b2b4 f7f5 f2f3 b7b6 d2d4 c7c6 d4d5 e8f7
773,c2c4 d7d5 e2e3 c8d7 a2a3 g8h6 a1a2 h6f5 h2h4 d7b5 g2g3 h8g8
774,f2f3 e7e6 d2d4 a7a6 e2e4 g8f6 e1e2 a8a7 b1d2 b7b5 g2g3 d7d6
775,g1h3 a7a6 f2f4 b7b5 b2b4 f7f6 c1a3 a6a5 c2c3 d7d6 d2d3 a5a4
776,e2e3 b7b5 c2c4 e7e6 d1h5 g7g6 e3e4 e8e7 e1d1 c8a6 c4b5 d7d6
777,g1h3 h7h6 a2a4 d7d6 c2c4 c8h3 b2b4 a7a6 a4a5 h8h7 e2e3 a8a7
778,g1h3 g8h6 a2a4 a7a6 b2b4 b8c6 e2e3 g7g6 f1b5 a8b8 g2g3 f8g7
779,a2a3 g8f6 a3a4 b8a6 b2b4 a8b8 g2g3 c7c6 c2c4 e7e5 d2d3 f8b4
780,b1c3 b8a6 h2h3 a8b8 d2d3 g7g5 a1b1 e7e5 c1g5 d7d5 h3h4 f7f5
781,h2h4 b8a6 g2g4 a8b8 f2f3 c7c6 b2b4 e7e5 f1h3 b8a8 e1f2 g7g5
782,d2d4 b7b5 b1c3 d7d6 a1b1 g8h6 d4d5 c7c5 g1f3 c8b7 g2g3 b7c8
783,g2g4 e7e5 b1a3 f7f6 a1b1 b7b6 e2e4 d7d5 e1e2 c8a6 e2e3 g7g6
784,c2c4 e7e6 b2b4 c7c5 e2e3 b7b5 e1e2 e8e7 e3e4 g8f6 d1a4 b8a6
785,e2e4 h7h5 g2g4 h8h6 a2a4 h5h4 h2h3 a7a5 b1a3 g7g5 d1f3 b8c6
786,a2a4 c7c5 e2e4 b8a6 d2d4 a8b8 e1e2 c5d4 g2g4 d4d3 d1d3 f7f5
787,b2b3 c7c5 c2c4 d7d5 b3b4 c8d7 a2a3 b8c6 f2f3 c5b4 d2d3 f7f6
788,b1c3 g7g6 a1b1 b8a6 c3e4 e7e6 e4d6 f8d6 g1f3 f7f5 e2e3 a8b8
789,e2e3 b8c6 e1e2 a7a5 g1h3 f7f5 b2b4 f5f4 c1a3 h7h5 h3f4 a8a7
790,c2c4 b7b5 d2d3 f7f5 b2b3 c8a6 c4c5 e7e6 c5c6 g8f6 g2g3 f8b4
791,e2e3 b7b5 c2c4 e7e6 e3e4 f8e7 d1b3 c7c5 e1e2 f7f5 e4e5 c8a6
792,c2c4 b7b5 b2b4 b8c6 a2a4 e7e5 g1h3 g7g5 f2f3 f7f6 d2d3 f8g7
793,f2f4 g7g5 d2d4 a7a6 d4d5 c7c5 c1e3 b7b5 e3c5 d7d6 f4f5 d6c5
794,h2h3 e7e6 a2a4 c7c5 e2e4 g8f6 e1e2 f6e4 b2b4 f7f5 a1a3 d8e7
795,b2b4 a7a6 f2f4 h7h5 c1a3 d7d6 c2c4 g8h6 g2g3 f7f6 g1h3 h6g8
796,b1c3 b8a6 c3b5 g8f6 f2f4 a8b8 b5a3 e7e6 a1b1 d7d6 a3c4 c7c5
797,g1h3 h7h6 b2b3 c7c6 g2g3 g7g5 b3b4 d8a5 c1a3 e7e5 h3f4 b8a6
798,b1a3 b7b6 d2d4 g8h6 h2h4 g7g6 g2g3 f8g7 a1b1 d7d5 a3b5 g7d4
799,d2d3 c7c6 h2h4 e7e6 d3d4 b8a6 h1h3 a6b4 f2f4 a8b8 e1f2 b7b5
800,e2e3 b7b5 c2c4 c8a6 b1a3 b5b4 a3c2 g8h6 d2d4 g7g6 c1d2 h6g8
801,b1c3 f7f6 d2d3 b8a6 g2g3 a8b8 h2h4 h7h5 g1f3 g7g6 a1b1 c7c5
802,e2e3 b7b5 c2c4 f7f5 b1a3 e7e6 a1b1 f8e7 e3e4 c7c5 g1e2 g8f6
803,b2b4 b8a6 a2a4 a8b8 d2d3 e7e5 c2c4 e8e7 a1a3 g7g5 c1g5 f7f6
804,d2d4 f7f6 a2a4 e7e5 a4a5 f8c5 g1h3 c5d4 c1g5 b8a6 b1c3 a8b8
805,g1f3 b7b6 d2d4 b6b5 b1c3 a7a5 a1b1 d7d6 g2g3 g7g6 h2h4 c7c5
806,e2e3 b7b5 a2a3 e7e6 a1a2 c8a6 e3e4 c7c5 d2d4 d7d6 g2g3 g7g6
807,e2e3 b7b5 c2c4 e7e6 d1c2 g7g6 f2f4 e8e7 g2g3 a7a5 c4c5 g8f6
808,e2e3 e7e5 b2b3 d7d5 g1f3 a7a5 e1e2 g7g5 b3b4 b7b6 a2a4 e8e7
809,e2e4 g8h6 g2g4 h6g4 c2c4 b7b5 d1b3 g4e5 e1e2 c7c5 e2d1 f7f5
810,g1f3 b7b5 g2g3 a7a5 e2e4 c7c5 b2b4 g8h6 b4c5 b8c6 b1a3 c6b4
811,g2g3 g7g5 d2d4 a7a6 e1d2 d7d6 a2a4 g8h6 f1g2 c8h3 b2b3 h3c8
812,d2d4 b7b5 a2a3 c7c5 g1h3 b8c6 c1d2 a7a5 a3a4 c8b7 d2g5 b7a6
813,f2f3 c7c6 d2d4 a7a5 c2c4 d7d6 d1d2 c8g4 d2c3 h7h6 h2h4 e8d7
814,g1h3 h7h6 c2c4 d7d5 e2e3 h6h5 d2d4 c7c5 b1c3 g7g5 c1d2 h8h6
815,e2e3 d7d5 f2f3 g8f6 b2b4 b8c6 g2g3 e7e5 g1e2 e5e4 b1a3 c8g4
816,b1c3 b8a6 a2a3 g7g5 a3a4 f8g7 e2e3 g5g4 c3b1 b7b5 e1e2 e8f8
817,b2b4 g7g5 c1a3 g5g4 h2h4 e7e5 f2f3 e8e7 h1h3 b8c6 b4b5 d7d6
818,b2b4 b8a6 c1a3 d7d5 g2g3 g7g5 f2f4 f8g7 f4g5 a6b4 c2c4 a8b8
819,b2b4 g7g6 c2c4 h7h5 f2f3 h8h7 d2d3 b8c6 d3d4 b7b5 c4c5 c8a6
820,g2g4 e7e6 g4g5 c7c5 e2e4 f7f5 a2a4 f5e4 e1e2 d8b6 c2c4 f8d6
821,b1c3 h7h6 d2d4 d7d6 g2g3 a7a6 d4d5 g7g5 a2a4 b7b5 g1h3 a6a5
822,b1c3 b7b6 a2a4 c8a6 d2d4 d7d5 a1a2 g7g6 g2g3 f8g7 c3d5 d8d5
823,d2d4 e7e6 e2e4 g8h6 g1h3 f7f5 g2g3 b8a6 c2c3 g7g5 f1a6 c7c5
824,g2g4 b8a6 b1a3 f7f6 a3c4 e7e5 g4g5 a8b8 a1b1 g7g6 f2f4 e5f4
825,a2a4 e7e5 c2c4 d7d5 g1h3 e8e7 h1g1 g8h6 c4d5 b8c6 a4a5 g7g5
826,b2b4 h7h6 g2g3 g7g5 f1h3 a7a6 a2a3 b7b5 f2f3 c7c6 g3g4 e7e5
827,b2b3 b7b6 d2d3 e7e6 e1d2 c7c5 c1a3 a7a5 g1f3 f7f5 d3d4 f5f4
828,e2e3 b7b5 c2c4 f7f6 d1g4 c7c5 e1e2 g7g6 g4g6 h7g6 f2f3 e8f7
829,h2h4 g7g5 d2d4 a7a5 a2a4 f7f6 f2f3 d7d6 c1d2 e7e6 d4d5 e6e5
830,e2e3 e7e5 f1e2 g7g5 b2b4 e8e7 g2g3 d7d5 c1b2 g8h6 f2f4 g5g4
831,a2a4 e7e5 c2c3 g7g5 a1a2 f8a3 d2d3 f7f5 d3d4 a7a6 d4e5 d7d5
832,g2g4 b7b5 e2e4 f7f6 e1e2 c7c5 b1c3 c5c4 g4g5 g8h6 d2d4 d7d6
833,e2e4 b7b5 c2c4 g8h6 g2g4 c8a6 d1b3 h8g8 b1c3 c7c5 e1e2 d7d5
834,a2a3 g7g6 f2f4 b7b5 b2b3 g6g5 e2e3 b8c6 f1d3 a7a5 c2c4 e7e5
835,b2b4 b8c6 c2c4 d7d5 e2e3 g7g6 f2f3 c8d7 d1a4 d7g4 a4c6 g4d7
836,h2h4 b7b5 a2a4 a7a5 b2b4 a5b4 f2f3 c7c5 h1h2 a8a4 g2g3 e7e6
837,h2h3 d7d5 d2d3 a7a5 a2a3 b8c6 h1h2 g7g6 g2g4 b7b5 d1d2 a8a6
838,h2h3 b7b5 e2e3 f7f6 b2b4 a7a6 d2d3 g7g6 g2g4 h7h5 f1e2 h8h6
839,e2e3 b7b5 e1e2 e7e6 g1f3 g7g6 c2c4 f7f5 d1b3 b5c4 d2d4 f8e7
840,h2h3 b8c6 g2g3 a7a5 b1a3 h7h6 a1b1 g7g6 a3b5 d7d5 a2a3 f8g7
841,a2a4 b8a6 e2e3 a8b8 b1a3 g7g5 g2g3 e7e5 f2f3 d7d6 a1a2 f7f6
842,e2e3 a7a5 b1a3 b7b5 c2c4 e7e5 a1b1 e8e7 e3e4 d7d5 g2g3 g7g5
843,f2f4 a7a5 c2c3 d7d5 b1a3 f7f5 g1f3 h7h5 b2b3 d8d6 f3e5 a8a6
844,c2c3 c7c5 a2a4 g8h6 c3c4 g7g5 f2f3 f8g7 d2d4 e7e5 b1d2 b8a6
845,g1h3 f7f5 b2b3 c7c6 h3f4 b7b5 d2d4 e7e6 e2e3 g8f6 c2c3 f6e4
846,a2a3 b8c6 g1h3 a8b8 h3g1 c6d4 a1a2 d4c2 d1c2 f7f5 d2d3 e7e6
847,h2h3 c7c5 d2d4 e7e6 a2a4 a7a6 c1d2 a8a7 h1h2 d8a5 d4d5 d7d6
848,f2f4 b8c6 d2d4 g8h6 e2e4 b7b5 e4e5 a8b8 f4f5 g7g6 d1h5 f7f6
849,b1a3 c7c5 g2g4 f7f5 f1g2 d8c7 g4f5 d7d5 b2b4 a7a5 d2d4 a8a6
850,g2g4 g7g5 b2b3 f7f5 b1a3 c7c5 h2h4 c5c4 b3c4 d7d5 h1h2 d8b6
851,g2g4 b7b6 e2e4 g8h6 d2d3 b6b5 g4g5 f7f6 e4e5 b8a6 h2h4 c8b7
852,e2e3 d7d6 c2c4 d6d5 f2f4 a7a5 f1e2 c8g4 b2b4 e7e5 d1b3 e8e7
853,e2e4 a7a6 g2g4 f7f6 c2c3 d7d5 f1g2 b8d7 e1e2 a8a7 d2d4 b7b5
854,a2a3 d7d5 f2f3 d5d4 e2e4 e8d7 c2c4 f7f6 a3a4 a7a5 e1f2 b8c6
855,b1c3 c7c5 b2b4 e7e6 c3b5 d8h4 e2e3 h4f2 e1f2 f8e7 d1g4 e7h4
856,c2c4 b8a6 d2d3 e7e6 h2h3 g7g6 c1g5 f8g7 h1h2 f7f5 f2f4 d8g5
857,d2d3 e7e6 a2a4 c7c5 b2b4 b8a6 d1d2 e6e5 a1a2 g7g6 c2c4 g6g5
858,f2f3 c7c6 f3f4 e7e5 d2d4 a7a6 d4d5 d8b6 h2h4 b6c7 h1h2 a8a7
859,g2g3 g7g5 d2d4 f8g7 h2h3 a7a5 e2e4 d7d5 e1e2 g5g4 e4d5 b8d7
860,g1h3 g7g6 c2c4 b7b5 e2e4 g8h6 d2d4 g6g5 f2f4 h8g8 d1d2 c8a6
861,e2e4 e7e6 c2c4 b7b5 b1c3 f8c5 d1b3 b5c4 b3b6 g8f6 c3d5 e6e5
862,e2e3 b7b5 e1e2 e7e6 a2a4 g7g6 g1f3 e8e7 b2b3 e7e8 c2c4 h7h6
863,b2b3 h7h5 d2d3 d7d5 d3d4 a7a5 e1d2 a8a7 a2a4 c8f5 f2f3 g7g5
864,b2b4 a7a5 a2a4 d7d5 d2d3 a5b4 f2f3 c8h3 a4a5 h7h5 d1d2 h8h6
865,f2f4 b7b5 b1a3 e7e6 a3b5 g7g5 d2d4 f7f6 c2c3 f8d6 f4f5 e6f5
866,c2c4 b7b5 e2e4 c8a6 d1f3 g8h6 a2a4 h8g8 g1h3 b5b4 g2g4 g7g6
867,b2b4 a7a5 a2a4 a5b4 g2g4 b7b5 d2d4 f7f6 f2f4 d7d6 f1g2 a8a7
868,c2c3 c7c5 f2f3 e7e6 e2e4 g8f6 e1e2 d8c7 d2d4 f6e4 f3e4 b7b5
869,h2h3 b8a6 d2d3 a8b8 b2b4 f7f6 c2c4 a6b4 c1g5 c7c6 e1d2 a7a6
870,e2e4 g8h6 c2c3 d7d5 h2h3 e7e5 g2g4 e8e7 e1e2 e7e8 d2d4 b8c6
871,g2g4 e7e6 e2e4 f7f6 d2d4 g7g5 e1e2 b8a6 c1g5 h7h6 c2c4 f6g5
872,a2a4 c7c5 c2c4 d7d6 d2d4 g8h6 g2g3 a7a5 c1d2 g7g6 f2f4 b7b5
873,e2e3 e7e5 f2f3 c7c5 c2c4 b8c6 e3e4 d8c7 b1c3 g8f6 a1b1 d7d5
874,h2h3 a7a5 f2f4 c7c5 f4f5 a5a4 b2b3 h7h5 g2g3 e7e5 f1g2 f7f6
875,c2c3 b7b6 e2e4 a7a6 g2g4 f7f6 e1e2 g8h6 d1c2 b8c6 d2d3 g7g6
876,b2b3 a7a5 c1a3 h7h6 c2c3 c7c6 d2d4 c6c5 e2e3 d7d6 c3c4 d8c7
877,e2e3 b7b5 c2c4 e7e6 a2a3 f8e7 f2f4 e7g5 a1a2 g8f6 c4b5 c7c5
878,g2g4 b7b6 f1g2 d7d5 g2h3 g8f6 d2d4 e8d7 f2f4 g7g6 b1a3 d7e8
879,e2e3 b7b5 c2c4 e7e6 b2b4 c8a6 c1a3 e8e7 c4b5 g8f6 d2d3 g7g6
880,b1c3 c7c6 a2a4 e7e5 g1f3 d7d5 h1g1 b8a6 f3h4 d8d7 d2d3 g7g5
881,b2b4 a7a5 a2a4 d7d6 c2c4 h7h6 g2g3 b7b6 a1a2 g7g5 g1f3 b6b5
882,b2b4 g8f6 f2f4 b8a6 f4f5 a8b8 c2c3 e7e6 c3c4 e6f5 a2a4 f8b4
883,f2f3 b7b6 b2b4 c8a6 f3f4 b8c6 c1a3 f7f5 e2e3 c6b4 a3b4 c7c5
884,g2g4 g8f6 a2a4 b7b6 d2d4 d7d5 f1g2 e8d7 g1h3 a7a5 h3f4 d7c6
885,e2e4 g8h6 d1f3 g7g6 g2g4 b7b5 d2d3 c8a6 f3f6 c7c5 b2b4 e7f6
886,g1h3 h7h6 a2a4 d7d6 c2c4 a7a5 h3g5 c7c6 h2h4 b7b6 h1h3 f7f6
887,e2e3 e7e6 c2c4 a7a5 a2a4 c7c5 b2b4 b7b5 e1e2 f7f5 g1f3 d8e7
888,e2e3 b7b5 b2b4 f7f6 c1a3 a7a6 g1e2 a6a5 d2d3 g8h6 e1d2 f6f5
889,e2e3 a7a5 d1h5 d7d5 c2c4 e7e5 c4d5 e8d7 b2b4 g7g6 e1d1 b8c6
890,g1h3 a7a5 a2a4 h7h6 b2b4 b8c6 c2c4 a5b4 d2d3 f7f6 c1f4 h8h7
891,e2e4 g8h6 b1a3 e7e6 a1b1 b8a6 f1b5 g7g6 c2c4 a8b8 g2g4 d8h4
892,g1h3 a7a5 a2a4 b8c6 h1g1 d7d6 b2b3 a8b8 d2d3 h7h5 c1a3 b7b6
893,h2h3 c7c6 c2c3 e7e5 h1h2 g8h6 e2e4 b7b6 e1e2 c8a6 d2d3 a6b5
894,d2d3 e7e6 h2h3 c7c6 e1d2 b8a6 f2f4 g8f6 c2c4 a8b8 f4f5 b7b6
895,e2e3 b8a6 b1a3 e7e6 c2c4 c7c5 a1b1 d8h4 d1a4 f8d6 g1f3 f7f5
896,a2a4 e7e5 c2c4 b8c6 g1h3 c6b4 d2d4 b7b5 g2g3 a7a6 a1a2 f7f6
897,g2g3 f7f5 g3g4 f5f4 a2a4 b7b5 b2b4 b5a4 d2d4 a7a5 f2f3 e7e6
898,g2g4 g7g5 e2e3 a7a6 e3e4 b7b5 c2c3 a6a5 e1e2 h7h5 d1b3 h8h6
899,e2e3 e7e5 g1h3 d8f6 b2b4 f6e7 a2a4 b8a6 a4a5 c7c5 d1g4 a8b8
900,g2g4 c7c5 b1a3 e7e6 h2h4 e8e7 h1h3 d8c7 b2b4 a7a6 h4h5 b7b6
901,a2a3 d7d6 b2b4 e7e5 d2d3 d8h4 a1a2 b8a6 c2c4 h4f2 e1d2 g7g5
902,e2e3 g8f6 c2c4 e7e5 g1h3 a7a5 b1a3 d7d6 b2b4 d6d5 d1e2 e8e7
903,e2e3 b7b5 e1e2 e7e6 g1f3 g7g6 b2b4 f8c5 c1a3 f7f5 g2g3 f5f4
904,h2h3 e7e6 b2b4 c7c6 g2g3 g8h6 h1h2 b7b6 c1b2 d7d5 e2e3 f7f5
905,e2e3 b7b6 g2g3 a7a5 b2b4 b6b5 h2h4 g7g6 c2c4 b5c4 d2d3 c4d3
906,d2d4 a7a5 d1d2 a8a7 f2f3 d7d6 c2c4 c8g4 a2a3 b8c6 a1a2 h7h6
907,a2a4 b7b5 b2b4 g8h6 g1f3 c7c5 a4b5 g7g6 f3g1 d7d6 a1a2 h6f5
908,g1h3 b7b5 b2b4 h7h6 h1g1 c8b7 c1a3 g8f6 g1h1 f6d5 g2g3 h8h7
909,d2d4 f7f6 a2a4 b7b5 a1a3 c7c5 e2e3 a7a5 f1c4 a8a7 g1f3 b5a4
910,g1h3 e7e5 d2d3 g8f6 g2g3 e5e4 a2a4 e4e3 a1a2 b8a6 d3d4 a8b8
911,e2e4 b8a6 g1h3 g8f6 a2a4 e7e6 c2c3 e6e5 c3c4 f8a3 a1a2 a8b8
912,b2b4 h7h6 a2a4 d7d6 d2d3 c8g4 b1d2 g4f3 g2g4 b8c6 h2h3 a7a5
913,d2d3 b7b5 h2h3 g7g5 f2f3 d7d6 d1d2 c8a6 e1d1 c7c5 b2b4 h7h5
914,d2d3 g8f6 b2b3 d7d5 h2h4 c8d7 c1g5 h7h5 g2g3 f6g4 g5e7 a7a5
915,h2h3 g7g5 b2b4 b7b5 c1a3 f7f6 f2f4 a7a5 h1h2 h7h5 b4a5 d7d5
916,e2e4 c7c5 c2c4 d7d5 a2a4 e7e5 c4d5 g8f6 d5d6 d8e7 d1f3 h8g8
917,g1h3 g7g6 d2d3 g8f6 f2f4 b8a6 g2g3 a8b8 b2b4 h7h6 e2e3 d7d6
918,g2g4 b7b5 f2f3 e7e6 f3f4 f8a3 b2b3 a3e7 c1a3 h7h6 c2c4 e7h4
919,e2e3 b7b5 d1f3 e7e6 e1e2 c8a6 f3f5 d7d6 g1f3 e8e7 d2d4 d8d7
920,b1a3 c7c5 g1f3 d7d6 g2g3 b7b6 e2e3 f7f5 f1b5 d8d7 b5d7 c8d7
921,h2h3 h7h6 g2g4 b8a6 f2f3 a8b8 e1f2 h6h5 c2c4 f7f6 d2d4 b7b5
922,b2b3 b8a6 b1a3 g7g6 c1b2 g8h6 f2f4 d7d5 d2d3 f8g7 c2c3 c8d7
923,a2a3 b8a6 b2b4 g7g6 a3a4 h7h5 c2c4 g6g5 a1a2 b7b5 d1b3 h8h6
924,b2b4 c7c6 e2e3 e7e5 g1f3 e8e7 g2g3 g8f6 e3e4 d8c7 b1c3 c6c5
925,b1c3 g7g6 a2a4 b8a6 g2g4 g6g5 e2e4 h7h5 f2f3 g8h6 d2d3 c7c6
926,e2e4 d7d5 h2h4 e8d7 e1e2 d7c6 a2a4 h7h6 g1f3 b8a6 h1g1 c8d7
927,g2g3 a7a5 d2d4 d7d5 a2a3 f7f5 a1a2 b7b5 f1g2 c7c5 e2e4 g7g6
928,g2g3 g7g5 e2e4 c7c5 g3g4 g8h6 a2a3 b7b5 h2h3 f7f6 b1c3 h6g4
929,b1a3 g8f6 g1f3 b8a6 a1b1 h7h6 g2g3 a8b8 g3g4 e7e6 h2h4 f6g4
930,d2d4 f7f6 d4d5 e7e5 c1g5 f6g5 g1h3 g8f6 e1d2 b8a6 g2g3 a8b8
931,c2c3 d7d5 h2h4 c8g4 g1f3 g4d7 b1a3 h7h6 e2e3 c7c6 a3b5 h8h7
932,b2b3 g8h6 h2h4 d7d5 b3b4 b7b6 f2f3 c8d7 g1h3 d5d4 c1a3 f7f6
933,a2a4 a7a6 e2e4 g8f6 b1c3 e7e6 h2h3 e6e5 g2g4 a8a7 a4a5 f6d5
934,e2e3 b7b5 c2c4 e7e6 f2f4 h7h5 d2d4 h8h6 d1c2 g7g5 d4d5 g8f6
935,c2c3 c7c5 e2e4 d7d5 d2d4 g8h6 a2a3 a7a5 e1e2 h8g8 e4e5 g7g6
936,e2e3 d7d5 f2f3 c8d7 b2b4 a7a5 c1b2 a5b4 f3f4 f7f6 d2d3 f6f5
937,e2e3 b7b5 c2c4 e7e6 d2d4 a7a5 b1a3 f8c5 d1e2 g7g5 f2f4 e6e5
938,h2h4 g7g5 f2f3 f8g7 d2d4 f7f5 f3f4 d7d5 a2a4 a7a5 h1h2 g7e5
939,b2b4 a7a6 c1a3 b8c6 c2c4 e7e5 g1h3 d8f6 d1a4 g7g5 e1d1 e8e7
940,e2e4 b7b5 g1f3 f7f6 b1c3 c8a6 f3e5 g8h6 b2b3 c7c5 c1a3 h8g8
941,h2h4 e7e5 f2f3 b7b5 d2d4 f7f6 c2c4 e5d4 f3f4 c8a6 g2g4 g8e7
942,b2b3 e7e5 c1a3 d7d5 g1f3 g7g5 f3d4 e8d7 h1g1 d8f6 g2g3 f8h6
943,c2c4 b7b5 c4b5 g7g5 d1b3 c7c5 b3f7 e8f7 f2f3 d8c7 d2d4 f8g7
944,h2h3 d7d5 e2e3 a7a5 g1e2 d8d7 b1a3 a8a7 a1b1 f7f6 d2d4 c7c5
945,h2h3 b8c6 g1f3 c6d4 f3d4 a8b8 b2b4 e7e5 c1a3 a7a6 e2e3 g8f6
946,a2a4 e7e5 g1h3 h7h6 c2c4 a7a5 b2b4 f8b4 a1a2 b8a6 c1b2 h8h7
947,a2a4 g8h6 h2h4 h8g8 d2d4 a7a5 f2f3 d7d5 g2g3 c8d7 a1a2 c7c6
948,g1h3 f7f5 e2e3 c7c5 a2a3 d8b6 c2c4 g8h6 h3f4 a7a5 a1a2 e8f7
949,h2h4 e7e5 a2a4 d7d5 b1a3 c7c6 b2b3 d8f6 g2g4 e8d7 h1h3 g7g6
950,c2c3 e7e5 c3c4 d7d5 d2d3 c8d7 d1a4 d7c6 a4b5 e8d7 c1e3 c6b5
951,e2e4 g8h6 f1c4 b7b5 a2a4 f7f6 c4f7 e8f7 d2d4 c8a6 b2b3 b5b4
952,a2a3 c7c6 d2d4 f7f6 c1h6 e7e6 a3a4 b7b6 g1h3 f8d6 b1a3 d6f4
953,a2a4 e7e5 a4a5 g7g5 f2f3 c7c6 e2e4 d8a5 f1c4 e8e7 c4a6 d7d5
954,b1a3 b7b5 b2b3 e7e6 a3b5 a7a5 f2f4 c7c5 b3b4 d7d5 a2a3 a5b4
955,d2d4 d7d6 h2h4 a7a6 g1h3 g7g6 g2g4 b7b5 b1d2 g8f6 d2b3 f8h6
956,b1c3 g7g5 a2a4 f8g7 f2f3 b8a6 e2e4 g7e5 c3b1 g5g4 d2d4 d7d5
957,h2h4 e7e5 g1h3 a7a5 a2a4 d8f6 h4h5 d7d6 b1a3 c8f5 h3f4 f5g4
958,g1h3 b7b5 b2b3 g8h6 f2f4 g7g6 d2d3 c7c5 d3d4 d8b6 h3g1 f8g7
959,h2h4 e7e5 b2b4 c7c5 g2g4 d8c7 h1h3 g8e7 e2e3 e8d8 b1c3 b7b6
960,c2c4 b7b5 e2e3 e7e6 b2b4 g8e7 d1b3 e7d5 e3e4 e8e7 g2g3 c8a6
961,e2e3 b7b5 c2c4 e7e6 b1a3 c7c5 a1b1 b8a6 d2d4 g8f6 g1f3 g7g6
962,g2g3 h7h6 h2h4 e7e5 d2d4 a7a5 c1g5 f7f5 f1h3 a5a4 e1f1 e5e4
963,g2g3 a7a5 c2c4 g7g5 b2b4 a5b4 g1h3 g8h6 d1c2 f8g7 d2d3 c7c5
964,g2g4 a7a5 c2c4 d7d5 e2e4 a8a6 d1a4 b8c6 a4c6 c8d7 c6d7 d8d7
965,g1h3 h7h6 e2e3 a7a5 c2c3 d7d5 e3e4 a8a6 d1f3 g7g6 b1a3 a6a8
966,h2h3 b7b6 d2d3 d7d5 c1g5 g8f6 c2c4 h7h5 a2a4 c8f5 g5f6 h8h6
967,e2e3 b7b5 f2f3 h7h6 b2b4 a7a5 g2g3 g7g5 a2a3 a8a7 d2d3 c7c5
968,b1c3 b8a6 a2a4 h7h6 d2d4 e7e5 e2e3 g7g5 e3e4 g8f6 e1e2 d8e7
969,c2c4 g7g5 c4c5 a7a6 d2d3 d7d6 f2f3 f8g7 d1b3 g5g4 a2a4 f7f5
970,c2c4 b7b5 d1b3 b8c6 g1h3 e7e5 b3b4 f8c5 e1d1 a8b8 h3f4 f7f5
971,h2h4 a7a5 f2f3 a8a6 b2b3 c7c5 d2d4 e7e6 c2c4 d7d6 b3b4 d8d7
972,e2e4 g8h6 g2g4 a7a5 b1a3 h8g8 a1b1 c7c6 c2c4 d7d6 h2h4 c6c5
973,g1h3 h7h5 c2c4 b7b5 e2e4 c8a6 c4b5 g8f6 e1e2 f6d5 d2d4 d7d6
974,e2e3 b7b5 c2c4 e7e6 d1h5 c8a6 e1d1 d8g5 c4b5 d7d5 f1c4 e8e7
975,f2f4 g8f6 d2d4 b8c6 c2c3 e7e5 c1e3 f6e4 c3c4 f8a3 e3d2 d7d5
976,d2d4 f7f5 a2a4 e7e5 e1d2 e5d4 b2b3 f8b4 b1c3 d7d6 e2e3 b8d7
977,a2a4 f7f5 b1c3 b8a6 d2d4 g7g6 f2f3 a8b8 h2h4 e7e6 h1h2 f5f4
978,c2c3 g7g5 e2e4 e7e5 g2g4 h7h6 d2d4 e8e7 e1e2 d7d5 c1g5 f7f6
979,g1h3 h7h6 c2c3 d7d5 b1a3 c8g4 b2b4 d5d4 e2e4 e8d7 h1g1 g7g6
980,h2h4 f7f6 f2f3 e7e5 d2d4 a7a6 e1d2 a8a7 c2c4 f8c5 h1h2 f6f5
981,e2e3 b7b5 a2a3 g7g5 e1e2 g8h6 a1a2 h8g8 f2f3 c8b7 b2b3 b7f3
982,b1c3 b8a6 c3b1 e7e5 g1f3 c7c5 e2e4 a8b8 d2d4 g8f6 f1c4 f8d6
983,b2b4 d7d5 f2f3 c8d7 e2e3 a7a5 a2a3 g8h6 g2g3 a5b4 e1f2 d7c8
984,b2b4 e7e5 g1h3 f7f5 c2c4 b8c6 d2d4 b7b5 c1a3 b5c4 h1g1 e5d4
985,h2h3 d7d5 d2d4 b8c6 a2a4 f7f6 b2b3 a8b8 e1d2 c6d4 f2f3 g7g6
986,h2h4 e7e5 h1h2 b8a6 h4h5 d7d5 g2g4 e8e7 b2b4 c8g4 g1h3 c7c6
987,c2c4 b7b5 d1c2 g7g5 f2f3 g5g4 d2d4 c8b7 d4d5 f8g7 f3f4 c7c5
988,b2b3 d7d5 d2d3 h7h5 f2f4 g7g5 c2c4 b7b5 c4c5 c8a6 e1f2 h8h6
989,e2e3 b7b5 c2c4 e7e6 c4b5 f7f5 d1h5 g7g6 a2a3 g8h6 f2f4 d8h4
990,b2b3 h7h6 c2c3 e7e5 e2e4 e8e7 f2f4 b8c6 g1e2 g7g5 b1a3 g5f4
991,e2e3 b7b5 f1b5 a7a5 a2a4 e7e5 f2f4 g7g5 d1f3 e8e7 g2g3 e5f4
992,d2d4 g7g6 f2f4 b8c6 d4d5 a8b8 b2b3 c6d4 b1a3 g8f6 c2c3 b7b5
993,b1c3 b7b6 b2b3 c8a6 c3a4 c7c5 a4b6 d8c7 g1f3 g7g6 g2g3 f7f5
994,e2e4 f7f6 g1e2 h7h5 b2b3 e7e6 c1a3 g8h6 c2c4 d7d5 e4d5 f6f5
995,g1h3 h7h6 c2c4 d7d6 a2a4 c7c6 g2g3 f7f5 a1a2 h6h5 h3f4 e7e6
996,g1h3 h7h6 g2g3 g7g5 f2f4 f7f5 h3g5 c7c5 h2h4 h6g5 d2d4 h8h7
997,a2a4 a7a5 b2b4 b7b5 d2d3 a8a7 g2g3 g7g5 g1h3 f8g7 c2c4 g8f6
998,h2h3 c7c6 e2e4 d7d5 e1e2 h7h5 h1h2 b7b6 d2d4 b8d7 b1c3 h8h6
999,d2d4 d7d6 b2b3 b8a6 c1d2 c7c6 g1h3 h7h6 g2g3 d8d7 d1c1 f7f6
1000,a2a4 a7a5 b2b4 a5b4 a4a5 b8a6 c2c4 e7e6 e2e4 e8e7 d1a4 g7g6
1001,h2h4 a7a6 g2g3 a8a7 b2b4 e7e5 a2a3 c7c6 d2d3 f8b4 b1d2 g7g5
1002,g1f3 d7d5 d2d4 e7e6 e2e4 e8e7 e1e2 g7g6 e4d5 e6d5 g2g3 c8d7
1003,b1c3 g7g5 b2b4 f8g7 c1a3 f7f5 e2e4 b8a6 f1a6 g8h6 a6d3 h6f7
1004,a2a4 e7e5 g1f3 g7g5 f3e5 b8c6 b2b3 g5g4 f2f3 a8b8 h1g1 a7a6
1005,b1c3 b8a6 a2a4 g7g6 c3e4 h7h5 a1b1 c7c5 f2f3 a8b8 e4d6 e7d6
1006,g1f3 b7b5 b1c3 a7a5 c3e4 d7d5 h2h3 a5a4 f3g5 e7e6 g2g3 a8a6
1007,g2g3 e7e5 g1f3 f7f6 b1c3 h7h5 f3e5 f8d6 a1b1 g7g6 c3d5 b8a6
1008,g2g4 f7f6 c2c3 d7d5 d2d4 h7h5 c1d2 a7a6 f1h3 c7c6 f2f4 e7e6
1009,f2f4 d7d6 c2c4 d8d7 g2g4 e8d8 c4c5 f7f6 d2d4 g8h6 f4f5 d7c6
1010,c2c3 g7g5 d2d4 h7h5 f2f4 g5f4 e2e3 h8h6 f1c4 b8c6 d1d2 b7b5
1011,b1a3 g7g5 g1f3 c7c5 a3b5 d7d5 a1b1 a7a5 e2e4 a8a7 b5d6 d8d6
1012,c2c4 b7b5 d1b3 e7e6 e2e3 f7f6 e1d1 g7g6 g1f3 f6f5 b3c2 f5f4
1013,g1h3 h7h6 d2d4 b8a6 f2f3 h6h5 a2a4 b7b5 c2c4 g7g5 h3g5 b5c4
1014,c2c4 b7b5 d1b3 b8a6 g2g4 a6b4 f1g2 f7f6 e1d1 g7g6 f2f4 b5c4
1015,a2a4 c7c6 d2d4 e7e5 a1a3 b8a6 g1f3 g7g5 d4e5 b7b6 h2h3 b6b5
1016,g2g4 c7c5 f1g2 b8a6 b2b4 a8b8 c1a3 g7g5 c2c4 d8c7 f2f4 d7d5
1017,d2d4 g7g6 c1g5 c7c5 f2f4 c5c4 c2c3 d7d6 d4d5 g8f6 b1a3 f6h5
1018,e2e3 b7b5 e1e2 e7e6 a2a4 c8a6 d2d4 b5b4 d1d3 e8e7 c2c3 e6e5
1019,e2e3 b7b5 b2b4 a7a5 e1e2 a8a7 c2c4 g8h6 e3e4 f7f5 c1a3 a5b4
1020,b2b4 b7b5 c1a3 c8a6 f2f4 b8c6 h2h4 h7h5 c2c4 h8h7 h1h3 h7h8
1021,b2b3 d7d5 d2d4 b8c6 c1a3 e7e5 g1f3 a7a5 f3e5 f7f5 e5c6 g7g6
1022,a2a3 g8h6 a3a4 c7c5 d2d3 d8b6 a1a3 e7e6 b2b3 b6a5 c2c3 h6f5
1023,g1h3 e7e6 h1g1 b7b5 b2b4 d8h4 e2e3 h4b4 a2a4 g8h6 e1e2 c7c5
1024,d2d4 g8h6 h2h4 f7f6 f2f3 b8a6 c2c3 f6f5 b2b3 c7c6 f3f4 e7e6
1025,b2b4 b8c6 a2a4 g7g5 c2c4 f8g7 h2h3 b7b6 a1a3 f7f6 a3b3 d7d5
1026,f2f4 d7d6 c2c4 h7h6 g2g3 f7f6 b2b4 c7c5 c1a3 d8c7 f4f5 b7b5
1027,e2e3 b7b5 b2b4 c8a6 b1c3 e7e5 g2g3 d7d5 f2f3 g7g5 f1d3 f7f5
1028,f2f3 e7e5 b2b4 f8b4 b1c3 c7c6 a1b1 e8e7 g2g3 d7d5 c3d5 c6d5
1029,h2h4 e7e6 d2d4 a7a6 b1c3 b7b5 a1b1 d7d6 c3b5 d6d5 a2a3 a8a7
1030,b2b4 b7b6 g1h3 c8a6 g2g3 g7g6 e2e3 d7d5 f1a6 d5d4 c2c4 g6g5
1031,b2b3 d7d5 d2d3 h7h5 h2h3 g7g5 c1g5 f7f5 h1h2 h8h6 g5f4 c7c5
1032,b2b4 g7g6 a2a4 b8a6 e2e3 f8g7 f1a6 g8h6 b1a3 d7d5 f2f3 g7e5
1033,a2a4 e7e5 g1f3 g7g5 a1a2 d7d6 a4a5 h7h5 g2g3 f7f5 f3d4 e5e4
1034,h2h3 a7a6 c2c3 a8a7 d2d3 g8f6 c1g5 d7d5 b2b3 c7c5 c3c4 e7e6
1035,a2a4 f7f5 d2d4 b8a6 f2f4 d7d5 g2g3 a8b8 h2h4 e7e6 b1d2 d8d7
1036,h2h3 g8h6 b2b3 d7d6 g1f3 f7f5 d2d4 g7g6 g2g4 h6g4 b1c3 b7b5
1037,h2h3 e7e6 d2d4 a7a6 c1g5 c7c5 h1h2 a8a7 c2c4 a7a8 f2f4 b7b6
1038,a2a3 e7e6 b2b4 c7c5 e2e3 f7f5 f1e2 b7b5 c2c4 f8e7 g1f3 c8a6
1039,h2h4 b8a6 d2d4 f7f6 h1h2 g7g6 a2a3 a6c5 f2f3 b7b5 b1c3 e7e6
1040,f2f4 h7h6 g2g3 d7d6 h2h4 h8h7 a2a4 a7a5 e2e3 f7f5 d2d4 g7g5
1041,g1f3 b7b5 b2b3 a7a5 e2e4 g7g6 h2h3 d7d5 c2c4 a8a7 h1h2 f8g7
1042,h2h3 h7h5 g1f3 f7f6 h3h4 g7g6 b1a3 a7a5 g2g4 d7d5 d2d4 a5a4
1043,e2e4 g8h6 f2f3 e7e5 b1a3 d7d5 a3b5 e8d7 d2d3 g7g6 g2g3 d5e4
1044,g2g3 g7g5 b2b3 f7f6 g3g4 d7d5 b1a3 e7e5 h2h3 a7a5 g1f3 f8c5
1045,g1f3 f7f5 e2e4 g8h6 c2c3 c7c5 e4f5 b7b5 f1b5 g7g6 e1e2 c5c4
1046,b2b4 b8a6 a2a4 f7f5 g2g4 e7e5 b1a3 g7g6 e2e3 f5f4 d1e2 f4f3
1047,g2g3 d7d6 b1c3 f7f5 h2h4 a7a6 a2a3 b8c6 h1h2 c6d4 c3b5 d4e2
1048,h2h4 a7a5 f2f4 d7d5 d2d4 b8c6 a2a4 g7g6 b1a3 c8d7 g2g3 f7f6
1049,b1c3 g7g5 f2f3 b8a6 e2e4 e7e5 f1d3 d7d5 c3d5 c8g4 a1b1 g4f5
1050,h2h3 e7e6 d2d3 c7c5 a2a4 d8b6 c2c4 b8a6 b1a3 f7f5 b2b3 f8e7
1051,h2h3 e7e6 b2b4 b7b5 c1a3 c8a6 h1h2 e8e7 g2g3 d7d6 g1f3 g8h6
1052,b2b4 b7b6 a2a4 d7d6 c2c4 a7a5 d1b3 h7h6 e1d1 f7f5 b1a3 h6h5
1053,g2g3 f7f5 h2h4 d7d6 b1c3 c8d7 h1h2 g7g6 a2a4 d7b5 d2d4 b5e2
1054,g2g4 b7b5 g4g5 d7d6 f2f4 g8h6 b1a3 f7f6 e2e3 e7e6 g5h6 f6f5
1055,b2b4 b7b6 a2a4 d7d5 d2d4 b8c6 g1h3 h7h5 g2g3 g8f6 a4a5 g7g6
1056,h2h3 b8a6 e2e3 d7d5 a2a3 a8b8 e1e2 d5d4 g2g3 f7f6 b2b4 g7g5
1057,b1c3 c7c5 a2a4 d8b6 a1a2 f7f5 c3d5 f5f4 g1f3 b8a6 b2b4 c5b4
1058,e2e3 d7d5 c2c4 e7e5 c4d5 a7a5 g1h3 g7g5 f1c4 g8e7 e3e4 f8h6
1059,h2h3 b8a6 e2e3 a8b8 g2g3 f7f6 b1a3 a6b4 a1b1 b4c2 a3c2 a7a6
1060,e2e3 b7b5 c2c4 e7e6 g2g4 c8a6 g4g5 e8e7 f2f4 f7f6 b2b3 c7c5
1061,f2f3 d7d6 e2e4 c7c6 d2d4 c8g4 f3g4 b7b5 f1e2 f7f6 h2h4 h7h6
1062,f2f3 a7a5 b1c3 e7e6 g1h3 g8f6 a1b1 a8a7 a2a4 d7d6 d2d4 h7h5
1063,g1h3 h7h6 e2e3 g8f6 c2c4 a7a5 a2a4 h8h7 a1a2 d7d5 e3e4 h7h8
1064,e2e4 d7d5 e4d5 g8f6 a2a4 b8c6 d5c6 a8b8 f2f3 e7e5 b1a3 d8d2
1065,b2b4 h7h6 b1c3 b8c6 a2a4 g8f6 d2d4 c6d4 a1a3 f6h5 g2g4 g7g5
1066,e2e3 b7b5 e1e2 g7g6 h2h4 d7d6 g1h3 a7a5 h4h5 a8a6 d2d3 f7f6
1067,e2e4 e7e6 a2a4 g8f6 e1e2 b8a6 d2d4 a8b8 c1g5 f8d6 g2g3 e8e7
1068,e2e3 a7a5 e3e4 a8a7 a2a4 c7c5 f2f3 f7f6 g1e2 b7b5 b1c3 b8a6
1069,c2c4 b7b6 d2d3 b6b5 a2a4 a7a5 c4b5 g8h6 h2h3 g7g6 f2f4 d7d6
1070,b1a3 e7e6 g2g3 b7b5 a1b1 c8b7 c2c4 f7f5 g1f3 g7g6 e2e4 b5b4
1071,h2h4 e7e6 b2b3 f8c5 g1h3 d7d5 c1a3 f7f6 f2f3 d8d7 h1g1 a7a5
1072,h2h3 d7d6 c2c3 c7c5 e2e4 g8h6 g1f3 e7e6 g2g4 d8c7 f3e5 c8d7
1073,e2e3 a7a5 e1e2 b7b6 a2a4 a8a7 d2d4 b6b5 d1d2 b5a4 b2b3 g7g6
1074,e2e3 a7a5 e1e2 c7c5 d2d4 e7e6 e3e4 d7d5 b1c3 a8a7 g2g4 g8h6
1075,b2b4 b7b6 g2g3 b8c6 h2h4 f7f5 d2d3 c8a6 h4h5 g8h6 b1d2 e7e6
1076,b1a3 g7g5 a3b5 c7c5 a1b1 d8b6 b5c7 b6c7 h2h3 b7b5 d2d3 d7d6
1077,h2h3 d7d5 d2d3 g8f6 a2a3 d5d4 g1f3 a7a6 f3d4 h7h5 f2f3 a8a7
1078,c2c3 g7g5 e2e4 f8g7 e1e2 g7e5 b1a3 d7d5 g2g4 c8g4 e2e1 h7h5
1079,c2c4 g7g5 g2g4 a7a5 b2b4 f8g7 d1b3 c7c5 b3a4 g7d4 f1g2 d4e3
1080,c2c4 g7g5 d2d4 f8g7 d1c2 d7d5 e1d2 e8f8 g1f3 g8f6 b2b4 h7h5
1081,a2a4 a7a5 b2b4 d7d5 b4a5 c8d7 e2e3 g8h6 d2d3 h6g4 a1a3 g4h6
1082,g2g4 f7f6 c2c3 b8c6 c3c4 c6e5 d2d4 a8b8 c1h6 a7a6 h2h4 b7b5
1083,b2b3 h7h6 a2a4 d7d6 c1a3 c8g4 g1h3 f7f5 c2c3 c7c6 d2d4 d8d7
1084,c2c4 g7g5 g2g4 d7d5 c4c5 a7a5 d2d3 f8g7 h2h3 a8a6 d1a4 b8c6
1085,g1h3 h7h6 a2a4 f7f6 d2d3 c7c6 f2f4 d8b6 c2c4 a7a5 a1a3 f6f5
1086,f2f4 e7e6 f4f5 b8c6 d2d4 a8b8 e2e3 b7b5 e1e2 g8f6 g2g3 e6f5
1087,g2g3 a7a5 b1c3 b7b6 a1b1 a8a6 h2h4 d7d5 g3g4 e7e6 c3d5 b6b5
1088,b2b4 b7b5 c1a3 c8a6 g2g4 g8h6 h2h3 h8g8 d2d4 f7f6 h1h2 e7e5
1089,g2g3 f7f5 f2f4 d7d6 c2c4 a7a5 d1b3 d6d5 h2h4 c7c5 h1h2 g7g6
1090,h2h3 b7b6 g2g4 h7h5 b1a3 f7f6 d2d3 c7c5 c1g5 c8a6 d3d4 h8h6
1091,h2h3 b8a6 e2e3 a8b8 g2g3 f7f6 a2a4 c7c5 e1e2 b7b5 b2b4 g7g6
1092,h2h3 b8a6 g2g3 c7c6 e2e3 a8b8 b1c3 f7f6 a1b1 h7h6 f2f3 b7b6
1093,h2h3 c7c6 g2g4 f7f6 f1g2 b7b6 d2d4 c8a6 h1h2 g7g6 a2a3 c6c5
1094,c2c4 b7b5 c4c5 e7e6 e2e3 a7a5 f1b5 e8e7 f2f4 c8a6 g2g3 e6e5
1095,f2f3 e7e6 b2b4 d7d6 e2e3 a7a5 g2g3 g8e7 d2d3 h8g8 h2h4 f7f6
1096,e2e3 g8f6 c2c4 d7d5 a2a4 e7e5 d2d4 e8e7 a1a2 f6h5 e1e2 f7f5
1097,f2f4 b7b5 c2c3 c7c5 b2b3 d7d6 c1b2 c8a6 b2a3 c5c4 a3d6 c4b3
1098,g1h3 g8h6 a2a3 h6g4 d2d3 b8c6 a1a2 a7a5 b1d2 e7e6 f2f3 g4f6
1099,e2e3 b7b5 b2b4 b8c6 e1e2 g7g5 c2c4 c6b4 c1a3 a8b8 c4b5 h7h6
1100,b1a3 c7c6 g1h3 f7f6 e2e4 e7e6 f1a6 b7b6 h3f4 g7g6 d2d4 h7h6
1101,f2f4 h7h5 d2d3 d7d5 c2c4 f7f5 c4c5 c8d7 h2h4 a7a5 g2g3 e7e6
1102,b1c3 c7c5 c3b5 a7a5 b2b4 f7f5 c1a3 d7d5 b5d6 d8d6 d2d3 d6c7
1103,g1h3 h7h6 d2d3 d7d6 h1g1 f7f5 c1d2 b8d7 f2f3 h8h7 g2g4 d7b8
1104,g1f3 a7a5 e2e4 g8h6 b1a3 c7c5 a1b1 a8a7 f1b5 h6g4 g2g3 f7f6
1105,b2b4 g8h6 h2h4 g7g6 f2f3 b7b6 b1a3 a7a5 a3b5 d7d6 f3f4 f7f6
1106,a2a3 a7a6 b2b4 b7b6 a3a4 e7e5 a1a2 h7h6 d2d4 g7g5 a2a1 f7f6
1107,a2a4 c7c5 g2g4 e7e5 f1g2 e8e7 d2d4 g7g5 e1f1 d8b6 e2e3 a7a5
1108,d2d4 f7f6 f2f4 b7b5 h2h3 b8a6 a2a4 g7g6 c2c3 g8h6 b2b3 a6b4
1109,a2a4 c7c5 b2b3 d7d6 c2c4 d6d5 g1h3 f7f6 d2d4 d5c4 b3c4 d8b6
1110,g1h3 g8f6 a2a4 a7a5 b2b4 a8a7 c2c4 c7c5 b4a5 b7b5 h3g1 f6d5
1111,c2c3 c7c5 e2e4 d7d5 b1a3 g7g6 d2d4 a7a6 e1e2 h7h6 c1g5 b7b5
1112,g1h3 b8c6 b2b3 g7g6 a2a4 a8b8 g2g3 f7f6 f2f4 c6d4 c2c4 e7e6
1113,b2b4 f7f5 g2g4 b7b6 d2d3 d7d5 d1d2 h7h6 h2h3 e7e6 e2e4 d5e4
1114,g1h3 c7c6 h3f4 h7h5 d2d4 g7g5 e1d2 b8a6 g2g3 a8b8 b2b4 d7d5
1115,a2a4 e7e6 b1c3 g7g6 g1h3 h7h5 h1g1 b8a6 c3e4 a8b8 e4d6 f8d6
1116,g1h3 a7a5 a2a4 h7h6 b2b4 d7d6 f2f4 f7f5 b1c3 d8d7 h3g5 a5b4
1117,h2h3 c7c5 d2d3 e7e6 c2c4 f8e7 a2a4 a7a6 b1a3 d8a5 d1d2 d7d6
1118,b1a3 g8f6 g1f3 h7h5 a1b1 d7d5 e2e3 f6g8 g2g3 g7g6 f3g5 f8g7
1119,c2c3 g7g5 g1h3 h7h5 e2e4 h8h6 e1e2 h5h4 b2b4 b8a6 c1b2 g5g4
1120,a2a4 b8c6 d2d4 a7a5 a1a3 c6d4 g2g4 f7f5 f1g2 f5f4 a3c3 d4c2
1121,g1h3 e7e6 b2b4 c7c5 e2e3 a7a5 a2a4 a8a7 b1c3 d8c7 d2d3 a5b4
1122,e2e3 c7c5 g2g3 e7e6 e1e2 f7f6 a2a4 g7g6 f2f3 d8b6 c2c4 b8c6
1123,h2h3 a7a6 d2d3 e7e6 a2a4 c7c5 g2g4 a8a7 c2c4 d8h4 b2b4 f8d6
1124,g2g4 f7f6 c2c3 g8h6 a2a3 b7b5 b2b3 g7g5 a1a2 c7c5 e2e3 c5c4
1125,b1c3 c7c5 b2b4 b8a6 c1a3 d8b6 c3b5 g7g5 g1h3 f8g7 h1g1 g8h6
1126,g1h3 h7h6 a2a4 a7a5 c2c4 d7d6 a1a2 c7c5 f2f3 b7b5 d2d4 b5a4
1127,c2c4 a7a5 g2g4 e7e5 a2a4 f7f6 a1a3 h7h5 a3a2 d7d5 g4g5 a8a7
1128,g2g3 d7d6 g3g4 c7c5 d2d4 f7f6 f1g2 c5d4 b1a3 d8c7 g2e4 b7b5
1129,g2g3 g7g6 a2a4 d7d5 d2d4 b8d7 e1d2 g6g5 f1h3 f7f5 b2b4 b7b6
1130,g1h3 b8c6 f2f4 a8b8 b2b3 c6d4 c1a3 g8f6 a3e7 b7b5 e7f6 d7d5
1131,g1h3 h7h6 a2a4 d7d6 c2c4 c7c5 b2b3 d8d7 h1g1 a7a5 d2d3 f7f5
1132,g1h3 c7c5 b2b4 d7d6 c1a3 h7h6 h1g1 c5c4 d2d3 a7a5 e2e4 b8c6
1133,c2c4 b7b5 b1a3 e7e6 a3b5 f8c5 d1b3 a7a5 f2f4 g8e7 e1d1 e7c6
1134,a2a4 d7d5 d2d4 e7e5 g1f3 f7f5 f3e5 f8e7 a1a3 c8d7 c1f4 a7a5
1135,h2h4 e7e6 d2d4 f7f6 c1e3 b7b5 h1h2 g7g6 a2a4 e8e7 a4b5 d7d6
1136,b1c3 h7h5 a1b1 g8h6 d2d4 d7d6 h2h4 c8f5 g1f3 b7b6 c3d5 f5c2
1137,a2a4 a7a6 d2d4 d7d5 e2e3 a8a7 e1e2 b8d7 g2g4 d7b8 a1a2 f7f5
1138,d2d4 a7a6 g1h3 h7h5 f2f4 e7e6 d4d5 a8a7 a2a3 b7b5 e1f2 d7d6
1139,e2e3 b7b5 e1e2 e7e6 a2a4 d7d6 g1f3 g7g6 c2c4 h7h6 d2d4 h6h5
1140,b2b3 d7d5 d2d3 a7a5 c1g5 c7c5 f2f4 e7e6 e2e3 d8d7 c2c3 a5a4
1141,a2a3 c7c6 d2d4 e7e6 a1a2 a7a6 g1h3 b7b5 b1c3 a8a7 c3a4 c6c5
1142,b1a3 g8f6 h2h4 e7e6 g2g4 a7a6 f1g2 f6e4 h1h2 d7d6 g4g5 e8e7
1143,h2h3 d7d6 d2d3 f7f5 g2g3 g7g6 b1d2 a7a5 a2a4 h7h5 h3h4 c8d7
1144,e2e4 b7b5 b1c3 c8b7 a2a3 g8h6 f2f3 h8g8 a1b1 d7d6 g2g3 b5b4
1145,c2c3 e7e6 e2e4 b7b5 g2g4 c7c5 d2d4 f8e7 e1d2 f7f5 a2a4 f5f4
1146,a2a3 h7h5 a1a2 h5h4 e2e3 g7g5 f2f3 b7b5 f1b5 h8h6 d2d4 f7f6
1147,b2b3 a7a5 c1a3 d7d5 a3c5 e7e6 e2e4 c7c6 d2d4 g8h6 f1a6 d5e4
1148,h2h4 b7b6 d2d4 d7d5 e2e4 c8a6 b2b3 g8h6 g1f3 a6b5 g2g4 f7f5
1149,e2e3 e7e5 g2g3 a7a5 b1c3 g8h6 f2f4 f8b4 g1e2 e5e4 a1b1 f7f5
1150,e2e4 g8h6 h2h3 d7d5 a2a4 d5e4 c2c4 a7a5 b2b4 f7f6 a1a2 c7c5
1151,h2h4 e7e5 h1h3 b8a6 d2d3 g8f6 c1e3 f8a3 b1a3 b7b5 e1d2 e5e4
1152,h2h3 a7a5 d2d3 d7d5 a2a4 g7g6 f2f3 e8d7 b2b4 f8g7 g2g4 g7a1
1153,g1h3 h7h5 f2f3 d7d6 d2d4 b8c6 h3f4 a8b8 c2c4 b7b6 c1d2 f7f6
1154,b2b3 d7d5 g2g3 a7a5 b3b4 b8c6 b1a3 a5a4 c1b2 g7g6 b2h8 f8g7
1155,h2h3 d7d6 b1c3 c8g4 d2d3 b8d7 a1b1 g8f6 g1f3 h7h5 e2e3 g4f3
1156,g1h3 g8h6 c2c3 h6g4 e2e4 d7d5 a2a4 b8c6 f1c4 a8b8 b2b3 g4f2
1157,h2h3 a7a5 f2f4 d7d6 b1a3 a8a7 h3h4 c7c5 h1h2 e7e6 d2d4 d8g5
1158,b1c3 c7c5 e2e4 e7e6 e1e2 a7a5 a2a4 d7d6 d2d4 c5c4 c1g5 a8a7
1159,g1h3 b7b5 b2b4 c8a6 c1a3 g8h6 h1g1 g7g5 g2g4 h8g8 h3g5 g8g5
1160,h2h3 c7c6 d2d3 e7e6 e2e4 d7d5 a2a3 d5e4 g2g4 g8f6 d3e4 e8e7
1161,e2e4 g8h6 h2h3 a7a6 g2g3 h8g8 g3g4 a8a7 f1e2 g7g5 f2f3 h6f5
1162,g1h3 b7b5 b2b4 h7h5 f2f3 f7f6 d2d3 d7d6 b1d2 a7a5 e1f2 a8a6
1163,h2h3 a7a6 d2d3 c7c6 e1d2 d7d5 d3d4 b8d7 g1f3 a8b8 d2e1 g8f6
1164,b2b4 e7e6 e2e3 b7b5 c1a3 f7f6 g1h3 g8h6 f1b5 f6f5 e1e2 e8e7
1165,h2h3 b8c6 e2e3 e7e6 g2g3 f7f5 g1f3 g7g6 a2a4 f5f4 b1a3 h7h5
1166,a2a3 f7f5 d2d3 d7d6 b1d2 c7c5 c2c4 b8c6 e2e3 c6d4 g1e2 h7h5
1167,g1h3 h7h5 f2f4 d7d6 d2d3 g7g5 h3g5 f7f5 h2h4 b8c6 g2g3 a8b8
1168,h2h3 c7c6 e2e3 a7a5 a2a3 a8a6 d2d3 f7f6 g2g3 h7h5 a1a2 c6c5
1169,f2f4 b8a6 b2b3 a6b4 g2g3 d7d6 f1g2 b4a6 h2h4 g7g5 e1f2 h7h5
1170,g2g3 g7g6 b1a3 h7h5 f2f4 f7f5 d2d3 d7d6 a1b1 c8d7 e2e3 e7e5
1171,d2d4 b7b6 a2a4 d7d6 b1c3 c8b7 c3a2 h7h6 g2g4 b8a6 c2c4 g7g5
1172,b2b4 b8c6 h2h4 a7a6 g2g3 d7d6 b1a3 f7f5 e2e3 c6e5 f1a6 b7a6
1173,a2a4 e7e5 b2b4 b7b6 g1f3 f7f6 e2e3 d7d5 f3e5 f6e5 a4a5 c8a6
1174,h2h4 e7e6 d2d4 c7c5 e2e4 a7a6 e1e2 a8a7 c1g5 g8h6 e2e3 d7d6
1175,a2a4 f7f5 b2b3 h7h5 h2h4 d7d5 h1h2 h8h7 c1a3 c8d7 d2d3 c7c5
1176,g2g4 b7b6 c2c4 f7f6 f1g2 d7d5 c4c5 b6c5 d2d4 a7a6 g2h3 c5d4
1177,h2h3 b7b5 d2d3 g7g5 g2g4 c7c5 c1g5 h7h5 c2c4 h8h7 d1c2 c8a6
1178,b1c3 c7c5 a2a4 d7d6 g1h3 h7h6 c3d5 e7e6 g2g3 f7f5 h3f4 g7g6
1179,c2c4 b7b6 g2g3 f7f6 d2d3 e8f7 b1a3 e7e5 e2e4 g8h6 c1h6 c8a6
1180,b1c3 b7b6 a2a4 c8a6 b2b3 c7c5 c1a3 g7g6 c3b5 d7d6 g1h3 a6b5
1181,h2h3 e7e6 d2d3 b7b5 h3h4 d8h4 g2g3 h4g3 b2b4 c7c5 g1h3 g3h3
1182,b1a3 b7b6 g2g3 b8a6 f1g2 g7g6 g2a8 f7f5 f2f3 e8f7 e2e3 h7h5
1183,e2e3 a7a5 c2c4 d7d6 b2b4 a8a7 a2a3 b7b5 e1e2 c7c5 d2d3 b8d7
1184,h2h3 c7c6 e2e3 e7e6 g1f3 d7d6 a2a4 c6c5 d2d4 c5d4 e3e4 g8e7
1185,e2e3 e7e5 g1h3 a7a5 a2a3 d7d5 e3e4 e8e7 a1a2 g7g6 h3f4 a5a4
1186,g2g3 g7g5 e2e3 h7h6 b2b4 d7d5 f2f3 b8a6 f1a6 e7e5 b1c3 e8e7
1187,e2e3 b7b5 e1e2 d7d6 g1f3 c8e6 h2h3 f7f5 a2a4 e8f7 d2d4 g7g5
1188,h2h3 d7d5 d2d3 b7b6 h1h2 c8h3 d1d2 g7g6 e2e4 b8a6 e4e5 d5d4
1189,e2e3 b7b5 d2d4 e7e6 a2a4 f7f6 f1b5 e8e7 f2f4 a7a5 a1a2 e6e5
1190,g2g3 g7g6 c2c4 b7b5 b2b4 f7f6 h2h4 c8b7 g3g4 b5c4 c1b2 g8h6
1191,g2g4 b7b6 d2d4 c8a6 h2h3 f7f6 b2b3 d7d5 c1f4 a6c4 h1h2 g7g6
1192,c2c4 g7g5 c4c5 f8g7 f2f3 b8a6 d2d3 a6c5 d1c2 c5d3 c2d3 b7b6
1193,c2c4 g8h6 a2a4 b7b5 d2d3 f7f5 d1d2 c8b7 h2h3 a7a6 c4c5 e7e6
1194,e2e4 g8f6 a2a4 a7a6 h2h3 a8a7 g1f3 d7d5 a1a2 d5e4 c2c4 f6d5
1195,h2h3 e7e6 a2a4 b7b5 d2d4 a7a5 a1a2 e6e5 c1d2 b8a6 b1c3 c7c5
1196,g1h3 h7h6 d2d3 g7g5 e1d2 a7a5 f2f4 b8c6 g2g3 a8a7 d2e3 c6b8
1197,g1h3 h7h6 d2d3 g8f6 a2a4 b8c6 b2b3 g7g5 h3g1 d7d6 h2h4 h8g8
1198,h2h3 g7g5 d2d4 f7f6 e2e4 h7h5 e1e2 e7e6 c1g5 h8h7 g1f3 g8h6
1199,h2h3 b7b5 d2d3 e7e6 a2a4 g7g6 a1a3 f7f6 b1d2 a7a5 b2b4 b8a6
1200,h2h4 e7e5 b1c3 g7g5 f2f4 f8g7 f4f5 d7d5 h1h2 a7a5 b2b4 h7h6
1201,h2h3 f7f6 b2b3 d7d5 b1a3 c7c5 d2d3 a7a6 g2g3 b7b6 c2c3 d8c7
1202,g2g4 g8h6 c2c4 b7b6 g1f3 f7f6 h2h4 f6f5 d2d3 c7c6 g4f5 e7e6
1203,g1h3 h7h6 e2e3 d7d5 a2a3 b8c6 a1a2 a8b8 d2d3 g8f6 f2f4 h8g8
1204,h2h3 e7e5 h1h2 b8c6 g2g3 a8b8 g1f3 f8b4 f3d4 g7g6 b1c3 c6d4
1205,h2h3 b7b6 d2d4 d7d5 a2a4 h7h5 g2g4 g7g5 h1h2 h8h6 c1g5 c8d7
1206,g1f3 a7a5 d2d4 d7d5 a2a3 h7h5 a1a2 g7g5 d1d2 g5g4 f3g5 a8a7
1207,a2a4 f7f5 b2b4 d7d5 c2c4 c8d7 d2d4 d5c4 d4d5 e7e5 d1d2 g8e7
1208,b2b3 d7d5 h2h4 a7a5 c1a3 d8d6 e2e4 a8a7 f2f4 f7f6 a3c5 e8d8
1209,e2e3 b7b5 e1e2 b5b4 e3e4 c8a6 c2c4 g8h6 d2d4 h8g8 d1c2 b8c6
1210,b1c3 b7b6 c3b5 a7a6 d2d4 a6b5 c1d2 d7d5 a2a3 e7e6 a1a2 f8a3
1211,h2h3 b8c6 g1f3 a8b8 f3d4 c6d4 b1a3 c7c6 g2g3 a7a5 d2d3 d8b6
1212,h2h3 c7c5 d2d3 f7f5 c2c4 d7d5 f2f3 d8a5 c1d2 c8d7 c4d5 g8h6
1213,g1h3 b8a6 b2b4 d7d6 a2a4 c7c6 h3f4 h7h6 g2g3 c8h3 c2c4 d8c7
1214,e2e4 b7b5 c2c4 c8a6 a2a4 c7c5 e1e2 g8h6 a1a2 h8g8 b1c3 d8b6
1215,h2h3 d7d5 d2d3 a7a5 a2a3 a8a6 b2b4 c7c5 g2g3 a6c6 b4b5 c8d7
1216,b1c3 b8c6 h2h3 c6e5 d2d3 c7c6 a1b1 e5d3 d1d3 g8h6 c3a4 d7d6
1217,d2d4 g7g6 a2a4 g8f6 g1f3 a7a5 b2b3 d7d6 b3b4 h7h5 f3g1 e7e5
1218,a2a4 e7e5 h2h3 b8a6 h1h2 a8b8 b2b4 f7f6 b4b5 g7g5 a4a5 h7h5
1219,g1h3 a7a5 e2e4 b7b5 b1c3 g8h6 g2g4 c7c5 f1b5 b8c6 a2a3 a5a4
1220,e2e3 h7h6 c2c3 g8f6 b2b4 d7d5 h2h4 c8f5 g2g3 f5d7 a2a4 b7b5
1221,d2d4 b7b5 c1d2 a7a5 g1h3 g8h6 h3f4 g7g6 a2a3 c7c5 f2f3 c5c4
1222,b2b3 d7d5 d2d3 h7h5 h2h3 a7a5 h1h2 g7g6 f2f4 h5h4 c2c3 g8h6
1223,e2e4 g8f6 a2a4 a7a5 c2c4 h8g8 a1a3 h7h6 b2b4 d7d6 d1b3 f6d5
1224,f2f3 b7b6 e2e4 c8a6 f1a6 g8h6 b1a3 d7d6 g2g4 h8g8 h2h3 c7c6
1225,h2h3 e7e6 g1f3 a7a5 d2d4 c7c5 a2a4 a8a7 d1d2 d7d5 d2g5 d8d6
1226,h2h3 d7d5 d2d3 a7a5 a2a4 h7h5 c2c4 g7g6 c4d5 f8g7 d1c2 g7b2
1227,b1c3 b7b6 c3b5 a7a5 d2d4 b8a6 c1d2 a5a4 c2c3 g7g6 b5d6 e7d6
1228,e2e3 b7b5 c2c4 e7e6 c4b5 g7g6 b2b4 f8b4 f2f3 a7a5 b5a6 e8e7
1229,h2h3 g8f6 d2d3 d7d6 g2g3 h7h6 a2a4 a7a5 b2b4 h8h7 b1d2 f6g8
1230,a2a3 a7a5 b2b4 a5a4 d2d3 d7d6 h2h3 b8d7 b1d2 h7h6 a1a2 h8h7
1231,h2h3 b8c6 b1c3 a8b8 a1b1 e7e6 e2e3 g7g6 d2d3 f7f6 c1d2 f8d6
1232,h2h3 d7d5 d2d3 d8d6 a2a4 e8d7 a1a2 e7e6 c2c3 d6h2 c1g5
1233,b2b3 d7d5 b1a3 a7a6 f2f3 a8a7 g2g3 h7h5 f1h3 f7f6 h3c8 d5d4
1234,h2h3 d7d6 e2e3 a7a5 b1a3 h7h6 a1b1 c7c5 f1b5 c8d7 g2g3 d7b5
1235,b1c3 f7f5 b2b4 b8a6 e2e3 c7c5 g2g4 d8b6 g4f5 e7e6 e3e4 b6b4
1236,h2h3 g8f6 f2f3 c7c6 h3h4 e7e5 d2d4 f6d5 c2c4 b8a6 a2a4 f8b4
1237,e2e3 d7d5 c2c4 e7e5 c4d5 g7g5 f2f3 e8e7 b2b4 b8c6 e3e4 c8h3
1238,g1h3 b8a6 f2f3 g8f6 a2a4 a8b8 c2c4 e7e6 g2g3 f8b4 a1a2 g7g6
1239,b2b3 d7d6 c1a3 c8g4 a3d6 c7c5 g1h3 f7f5 h1g1 g8h6 h3f4 g7g6
1240,g1h3 d7d6 a2a4 h7h6 c2c4 a7a5 a1a2 c8g4 b2b3 c7c5 f2f4 g4h3
1241,h2h3 a7a5 c2c3 c7c5 d2d3 d7d5 a2a4 d8c7 d1c2 e8d7 g2g3 h7h6
1242,c2c3 e7e5 e2e4 d7d5 e1e2 e8e7 d2d4 g7g6 c1g5 g8f6 b2b4 e7d7
1243,h2h3 b7b6 d2d3 c7c6 h1h2 a7a5 g1f3 h7h5 f3d2 c6c5 d3d4 g7g5
1244,h2h3 e7e5 d2d3 g8f6 e1d2 b8a6 h1h2 c7c5 g2g4 a8b8 a2a3 f6d5
1245,h2h3 g7g6 d2d3 h7h5 a2a3 a7a5 c1f4 d7d6 b1d2 g8h6 f4g5 b7b5
1246,c2c4 b8c6 e2e3 a7a5 d1c2 a8b8 b1c3 d7d5 b2b4 c6b4 e3e4 f7f6
1247,b2b3 e7e6 h2h4 a7a5 g2g3 f8b4 a2a4 e8e7 b1a3 b7b6 a1a2 b6b5
1248,a2a4 f7f5 e2e3 b7b5 f1b5 b8c6 g1e2 e8f7 e2f4 g7g6 b1a3 a7a5
1249,h2h3 d7d5 d2d3 c8d7 a2a3 d7e6 b1d2 d5d4 a1a2 h7h5 d2e4 e8d7
1250,a2a4 f7f5 b2b4 c7c5 d2d3 d8b6 h2h3 g7g5 c2c4 d7d5 a1a2 f8g7
1251,h2h3 c7c6 d2d3 e7e6 h1h2 f8e7 d3d4 e8f8 c2c4 h7h5 c1g5 g8h6
1252,e2e4 b8c6 g2g4 a8b8 a2a4 f7f6 f1e2 d7d5 b1a3 d5d4 a1a2 e7e5
1253,h2h3 e7e6 d2d3 d8h4 a2a4 h4f2 e1f2 c7c5 d3d4 e8d8 h1h2 f8d6
1254,h2h3 g7g5 d2d3 c7c5 c2c4 d7d5 c1g5 g8f6 b1c3 c8f5 f2f4 d8a5
1255,b2b3 d7d5 d2d4 a7a6 f2f3 c8d7 d1d3 b8c6 c1d2 c6b4 d3a6 a8c8
1256,a2a4 g7g6 a1a2 e7e5 f2f3 b8a6 a4a5 b7b6 a2a4 e5e4 c2c4 f7f6
1257,a2a3 g7g6 f2f4 b8c6 d2d3 a8b8 b2b4 c6a5 c2c4 b7b5 g2g3 f7f6
1258,f2f4 h7h6 g2g3 g7g5 f4g5 d7d6 e2e4 f7f6 g5f6 h6h5 b1a3 b8c6
1259,h2h3 g7g5 g2g4 d7d5 b1a3 f7f6 g1f3 c7c5 a1b1 e8f7 d2d4 b7b5
1260,g1f3 a7a5 b1c3 b7b6 a1b1 b8a6 e2e3 d7d6 f1b5 d8d7 b2b4 g7g6
1261,h2h3 g8f6 d2d4 d7d5 a2a4 b8c6 a1a3 a8b8 f2f4 e7e6 a3f3 a7a6
1262,h2h4 f7f6 g2g3 e7e6 b1c3 c7c5 h1h2 g7g5 d2d4 c5c4 f2f4 f8d6
1263,b2b4 b8c6 h2h4 a8b8 h1h3 g7g5 a2a3 c6d4 f2f3 b7b5 e1f2 d4f3
1264,b1c3 g8f6 a2a4 e7e5 b2b4 b8a6 a4a5 f8b4 c1a3 b4d6 c3a4 a8b8
1265,f2f4 a7a6 h2h3 h7h6 c2c4 d7d6 e2e3 a6a5 b2b4 b8c6 c1a3 d6d5
1266,h2h3 e7e6 d2d4 d7d5 a2a4 c7c6 h1h2 b7b6 g2g4 f8d6 e2e4 e8e7
1267,h2h4 f7f6 f2f4 b7b5 d2d4 g7g5 h1h2 e7e6 a2a4 c8b7 d1d3 f8d6
1268,e2e3 b7b5 c2c4 e7e6 d2d4 a7a6 g1f3 f7f5 c4b5 a6b5 c1d2 g7g6
1269,h2h3 b8c6 d2d3 a8b8 c1g5 g8f6 g2g3 c6d4 b1d2 h7h6 g5f6 e7f6
1270,e2e3 a7a5 h2h3 e7e6 c2c4 c7c5 d2d4 c5d4 g1f3 a8a6 g2g3 g8f6
1271,a2a3 a7a6 g1f3 a6a5 d2d4 d7d6 a1a2 h7h6 e2e3 a8a7 c2c3 c7c5
1272,a2a4 e7e5 g1h3 d7d5 c2c4 e8e7 g2g3 c8h3 a4a5 g7g5 d2d4 h3g2
1273,f2f4 b7b5 d2d4 d7d6 h2h4 h7h6 a2a4 a7a5 h1h2 b5a4 g1h3 c8b7
1274,c2c3 e7e6 d2d4 g8f6 c3c4 b8a6 e2e4 f6d5 e1e2 f7f6 c1g5 g7g6
1275,e2e3 d7d5 d1f3 g7g6 g1h3 b8c6 c2c4 g8h6 f3d5 a8b8 f2f4 h6g4
1276,h2h3 b8c6 a2a4 a8b8 a1a2 d7d5 e2e3 c6b4 g1f3 a7a6 g2g3 h7h5
1277,h2h3 b8c6 b1c3 a8b8 a1b1 e7e6 h1h2 b7b5 a2a3 g7g6 c3a2 c6b4
1278,h2h3 b8c6 d2d3 a8b8 c1g5 g8f6 c2c4 c6d4 g5f6 g7f6 g2g4 h7h5
1279,h2h4 b8a6 d2d4 f7f6 f2f4 a8b8 c2c3 e7e6 e2e3 f8b4 e1f2 e6e5
1280,h2h4 c7c5 g2g3 e7e5 h1h3 d8f6 d2d3 f6e6 c2c4 e8d8 h4h5 e6h6
1281,a2a4 e7e5 a1a2 e5e4 c2c4 a7a6 d2d3 g8f6 c1g5 d7d5 g5f6 c7c5
1282,g1f3 h7h6 g2g3 f7f5 b1c3 d7d6 a1b1 c7c5 d2d4 c5c4 f1g2 d8d7
1283,e2e3 h7h5 f1d3 h8h6 d3h7 b7b5 h2h3 g7g6 g2g3 c8a6 d2d4 c7c5
1284,e2e4 g8f6 a2a4 a7a5 d2d3 e7e6 e1e2 e8e7 g2g4 e6e5 d3d4 d7d5
1285,b2b3 a7a5 d2d4 d7d5 c1a3 a5a4 g1h3 e7e5 b3a4 f8b4 b1c3 b8a6
1286,g2g4 b7b6 d2d4 b6b5 f1g2 c8a6 b2b3 e7e6 a2a4 g7g6 e1d2 f7f5
1287,b2b3 b7b6 c2c4 d7d5 e2e3 c8d7 c1b2 e7e5 g1f3 e8e7 d2d3 g7g5
1288,f2f4 c7c5 c2c4 d7d6 d2d4 c5d4 h2h4 f7f6 h1h3 d8d7 b2b3 d4d3
1289,a2a4 c7c5 c2c4 g7g5 e2e3 b7b5 g1f3 a7a5 e1e2 g5g4 d1b3 b5a4
1290,e2e3 b7b5 e1e2 d7d6 g1f3 f7f5 a2a4 a7a5 d2d4 b5a4 d1d2 g7g6
1291,b2b4 b8a6 e2e3 b7b5 a2a4 a8b8 f2f3 c7c5 a4b5 d8c7 d2d4 g7g5
1292,b1c3 b7b6 d2d4 g7g6 a1b1 b8a6 c3b5 f7f6 a2a3 f8h6 d4d5 c7c6
1293,e2e3 a7a5 h2h3 e7e6 d2d3 g8f6 g2g3 e8e7 b1c3 c7c5 f2f4 b7b5
1294,h2h3 e7e6 d2d3 c7c6 h1h2 d7d5 c2c4 d8d7 a2a4 b8a6 c4d5 a6c5
1295,e2e3 b7b5 e1e2 e7e5 a2a3 e8e7 d1e1 d7d5 g1h3 c8a6 d2d3 d5d4
1296,c2c4 b7b5 e2e3 e7e6 a2a4 e8e7 d2d4 e6e5 c4c5 e5d4 a1a3 d7d5
1297,h2h3 g7g6 d2d3 h7h5 b1d2 d7d5 a2a3 e8d7 a1a2 d7e8 h1h2 g8f6
1298,h2h3 d7d6 d2d3 b8c6 b1d2 c6b8 b2b3 b7b5 c1a3 h7h6 h1h2 e7e6
1299,h2h3 g8f6 b2b4 d7d5 g2g4 f6e4 g1f3 h7h5 d2d4 e4c3 a2a4 e7e5
1300,e2e3 b7b5 c2c4 e7e6 e1e2 f8a3 d1a4 c8b7 g1f3 g7g6 e2d1 b5c4
1301,d2d4 g7g6 d4d5 b8c6 e1d2 a8b8 g2g3 g8f6 h2h4 c6d4 f1g2 h8g8
1302,c2c4 e7e6 e2e3 b7b5 a2a4 e8e7 a4b5 g8h6 a1a5 c8b7 d1c2 c7c5
1303,e2e4 b7b5 a2a4 c8a6 e1e2 g8h6 d2d4 h8g8 b2b3 g7g6 g2g4 b8c6
1304,b1a3 h7h6 a1b1 b7b5 f2f3 e7e6 b2b4 e8e7 e2e3 g8f6 e1e2 d7d6
1305,h2h3 e7e6 g1f3 f7f6 b1a3 b7b5 a1b1 b5b4 e2e3 f8d6 c2c4 c8b7
1306,c2c4 g7g5 d2d3 a7a5 c1g5 d7d5 h2h3 c8f5 a2a3 c7c5 d1c2 g8h6
1307,e2e3 b7b5 c2c4 e7e6 a2a3 d7d6 d1a4 a7a6 e1e2 b8d7 g1f3 a8a7
1308,b2b4 b8c6 h2h4 f7f6 g2g3 e7e5 h1h2 b7b6 f2f3 a7a6 e2e3 f8b4
1309,f2f3 e7e6 b2b4 f7f6 a2a4 e8e7 b4b5 d7d6 a1a2 a7a6 b5a6 b7a6
1310,b2b3 e7e6 b3b4 e8e7 b4b5 a7a5 e2e4 h7h6 d2d4 d7d5 e1e2 b8c6
1311,g1h3 h7h5 f2f3 f7f6 h3g5 b7b6 e2e4 c8a6 b1c3 h5h4 a1b1 d7d6
1312,h2h3 f7f6 d2d3 g7g6 b1d2 e7e6 f2f3 f8d6 c2c4 d6g3
1313,h2h3 e7e6 e2e3 c7c6 g1f3 d8b6 e1e2 f7f5 c2c4 e8e7 c4c5 d7d5
1314,g1h3 h7h6 a2a4 d7d6 d2d3 a7a5 h1g1 b8d7 d1d2 f7f6 h3f4 g7g6
1315,c2c4 b7b5 d1b3 c8a6 b1a3 g7g6 f2f4 a6b7 g1h3 g6g5 e2e3 f8g7
1316,a2a4 b8c6 d2d4 c6b8 a1a2 b8c6 e2e4 f7f6 c2c3 c6d4 e4e5 c7c6
1317,g2g3 a7a5 g1h3 g8h6 b2b4 b7b5 h1g1 g7g6 c1a3 d7d5 h3f4 f7f5
1318,d2d4 f7f6 f2f4 e7e5 a2a3 b7b5 h2h3 d7d5 a3a4 b8c6 h3h4 e8e7
1319,g2g3 g7g5 b2b3 d7d6 d2d4 b7b5 c1d2 h7h6 f2f3 f7f6 f1g2 e7e6
1320,a2a3 b8c6 b2b3 a7a5 a1a2 f7f5 b3b4 c6b4 g2g4 b4d3 c2d3 f5f4
1321,e2e4 g8f6 a2a4 a7a6 d2d4 a8a7 e1e2 b8c6 g2g4 c6d4 d1d4 f6g4
1322,b1c3 g8f6 a1b1 b8c6 e2e3 f6e4 c3e4 a8b8 h2h3 f7f5 b2b3 e7e6
1323,a2a3 b8a6 e2e3 e7e5 g1e2 d7d5 h2h3 e8e7 h1g1 c8d7 e2f4 g7g6
1324,a2a3 c7c5 a3a4 d7d5 e2e4 b7b6 f1b5 c8d7 h2h4 d5e4 g1f3 f7f5
1325,g1h3 h7h6 h1g1 d7d6 a2a4 a7a5 b2b4 a8a6 b4b5 b8d7 d2d3 f7f6
1326,f2f4 c7c6 g1f3 b7b5 b1a3 e7e6 a3c4 c6c5 b2b4 b5c4 b4c5 f7f5
1327,g1h3 e7e6 b2b4 c7c5 e2e3 a7a5 d1g4 a8a7 d2d3 d8c7 f2f3 a5b4
1328,d2d4 f7f6 c1d2 d7d5 f2f3 c8g4 d2c1 e8d7 e1d2 g4e6 d2c3 b8c6
1329,c2c4 e7e5 e2e4 d7d5 e1e2 g8f6 d1c2 f6e4 c4d5 f7f5 d2d4 g7g6
1330,a2a4 c7c5 e2e4 d7d6 d2d4 h7h6 g2g3 c5d4 c2c4 g7g6 g1f3 d4d3
1331,d2d4 a7a5 e2e4 a5a4 e1e2 d7d6 b1d2 g8h6 g2g4 c8g4 g1f3 b8a6
1332,h2h3 c7c6 e2e3 e7e6 e1e2 b7b6 a2a4 d7d5 g1f3 f7f5 c2c4 g7g6
1333,b2b4 b7b6 a2a4 c8a6 d2d3 g8h6 h2h3 h8g8 e2e3 c7c6 b1d2 d7d6
1334,e2e4 b7b5 c2c3 c8a6 d1b3 c7c5 e1d1 g8h6 g2g4 d7d6 b3b4 g7g6
1335,e2e4 h7h6 h2h3 d7d6 g2g4 h8h7 d2d3 c8g4 h3g4 f7f6 h1h2 b8c6
1336,h2h3 g8f6 e2e3 d7d5 g2g4 a7a6 a2a4 a8a7 g1f3 d8d7 c2c4 e7e6
1337,e2e3 a7a5 h2h3 e7e6 a2a4 e8e7 e1e2 d7d6 d2d4 c8d7 c1d2 g8h6
1338,h2h3 b7b5 d2d3 c7c5 f2f3 b8c6 c2c4 f7f6 h1h2 g7g6 d1a4 b5c4
1339,h2h3 c7c6 d2d3 e7e5 e1d2 f7f6 c2c4 d7d5 g2g3 e8d7 h1h2 g7g6
1340,h2h4 f7f6 g2g3 d7d6 a2a4 c7c5 h1h2 d8a5 e2e3 h7h6 g1f3 c8g4
1341,a2a4 a7a5 b2b4 b8c6 b1a3 e7e5 f2f4 f7f6 c2c3 f6f5 b4a5 g7g6
1342,h2h3 a7a5 b1a3 d7d5 g2g4 f7f6 d2d3 h7h5 c2c3 a8a6 d1d2 c7c5
1343,a2a4 g7g6 d2d3 b8c6 c2c4 b7b5 h2h3 g8h6 c1e3 h8g8 b1a3 c8a6
1344,h2h3 c7c6 g1f3 b7b5 d2d3 a7a5 c2c3 e7e6 c3c4 g8f6 e1d2 b8a6
1345,h2h3 d7d5 d2d3 a7a6 c2c4 b8d7 c1g5 d5d4 g5h6 a6a5 h6g5 h7h5
1346,a2a4 g7g6 d2d3 f7f6 c1h6 b8c6 c2c4 a7a5 g2g3 e7e5 h2h3 f8b4
1347,g2g4 b7b5 f2f4 e7e6 e2e4 f8d6 f1c4 d8e7 a2a4 c8b7 b1c3 g7g5
1348,h2h3 g8f6 e2e3 e7e5 e1e2 c7c5 g2g3 a7a5 a2a4 d8c7 h3h4 e8e7
1349,a2a4 a7a6 f2f3 f7f5 a1a2 a8a7 e2e4 d7d6 c2c4 b8d7 f1d3 g7g6
1350,b2b3 e7e6 c1a3 c7c5 e2e4 a7a5 e1e2 g7g6 c2c4 b8a6 d2d3 f7f5
1351,h2h3 b7b5 d2d3 e7e6 e1d2 f7f5 b2b3 g7g5 f2f3 c8b7 c2c3 d7d6
1352,h2h3 e7e6 d2d4 d7d5 b1c3 g8f6 a1b1 a7a5 a2a4 a8a7 h1h2 d8d7
1353,c2c3 e7e6 e2e4 g7g6 b1a3 b7b5 d1b3 b8c6 a1b1 d8g5 f2f4 g5f6
1354,d2d3 e7e6 a2a4 d7d5 e2e4 d5d4 g1h3 d8d6 g2g3 f7f6 h1g1 b8c6
1355,e2e3 b7b5 c2c4 e7e6 b1c3 d8f6 c3b5 a7a5 a1b1 f8e7 d2d3 g8h6
1356,a2a4 c7c6 e2e4 e7e5 d2d4 e8e7 e1e2 d7d5 c1g5 e7e6 g5h6 e6e7
1357,b2b4 f7f6 e2e3 b7b5 g1f3 g7g6 e1e2 f6f5 a2a4 e7e6 h1g1 f5f4
1358,b1c3 g8f6 a2a4 b8c6 a4a5 h7h5 g1f3 b7b6 a1b1 f6d5 c3d5 f7f6
1359,h2h4 f7f6 d2d3 e7e5 h1h3 f6f5 c1g5 g8f6 g5e3 f8e7 d3d4 e5e4
1360,h2h3 a7a5 d2d3 d7d6 a2a4 c7c6 h1h2 h7h6 c1g5 d8c7 g5h6 f7f6
1361,c2c4 b7b5 c4c5 e7e6 d1b3 h7h5 f2f3 g7g6 b3d5 g6g5 d5d6 f8e7
1362,a2a3 f7f6 e2e3 g8h6 d2d3 g7g6 a1a2 h6f7 b1d2 c7c5 f2f3 f8h6
1363,d2d3 e7e6 c1e3 b7b5 d3d4 c8b7 h2h3 g8f6 a2a4 b7f3 h1h2 f3c6
1364,h2h3 d7d5 e2e3 h7h6 c2c3 g7g6 a2a4 c7c6 c3c4 e7e5 f2f3 e8e7
1365,f2f4 b7b6 d2d4 f7f5 h2h3 d7d5 g2g3 g7g6 e2e4 f5e4 f1b5 b8c6
1366,a2a3 f7f5 b2b3 b7b6 d2d3 c7c6 a3a4 h7h5 e2e3 d7d5 c2c4 h8h7
1367,d2d3 e7e6 a2a4 g7g6 h2h3 h7h5 c1g5 b7b5 a1a2 b8a6 b1d2 c7c6
1368,b2b4 a7a6 d2d3 b8c6 h2h3 h7h5 e2e3 f7f5 f1e2 e7e6 e1f1 a6a5
1369,d2d3 b7b5 g2g3 a7a5 h2h4 c7c5 h1h2 d8c7 e2e4 g7g5 f2f4 d7d5
1370,f2f4 e7e6 c2c4 c7c5 b2b4 f8e7 c1a3 g8f6 e1f2 b8a6 g2g4 f6g4
1371,h2h4 g7g5 h1h3 g8f6 g2g4 h7h5 f1g2 d7d6 g2d5 g5h4 g1f3 f6g4
1372,h2h3 g7g6 d2d3 h7h5 c2c3 d7d6 f2f3 h8h7 c3c4 c8e6 e2e3 e6h3
1373,h2h3 c7c5 d2d3 d8b6 d1d2 g7g5 c2c3 f8h6 f2f4 g5g4 e1d1 b6b4
1374,e2e3 b7b5 g2g3 e7e6 h2h4 f8c5 b1c3 g8f6 a2a4 e8e7 f1b5 a7a5
1375,h2h3 c7c6 d2d3 e7e6 c2c4 e8e7 c1d2 g8f6 h1h2 d7d5 b2b3 b8a6
1376,h2h3 d7d6 f2f4 g7g6 h3h4 h7h5 d2d3 d8d7 h1h2 f7f5 g2g3 e7e5
1377,h2h3 f7f6 c2c4 d7d5 d2d3 e7e6 c1h6 a7a5 d1d2 c7c6 c4d5 a8a6
1378,d2d3 b8a6 g2g4 g8f6 e2e3 b7b5 h2h4 a8b8 b2b3 g7g6 f2f4 e7e6
1379,b2b3 c7c6 c2c4 e7e5 g1f3 d7d5 b3b4 e8e7 b1c3 c8d7 d2d4 f7f6
1380,a2a4 f7f5 h2h3 f5f4 d2d3 g7g6 b2b4 e8f7 f2f3 b7b6 c2c4 c7c6
1381,f2f4 e7e6 c2c4 c7c5 d2d4 g8f6 h2h4 e8e7 g2g3 a7a6 c1d2 c5d4
1382,e2e4 f7f6 c2c3 f6f5 e1e2 b8a6 d2d4 g7g6 c1g5 e7e6 e4e5 f5f4
1383,g2g4 f7f6 d2d3 a7a6 f2f4 a8a7 f1h3 c7c6 c2c4 e7e5 g4g5 c6c5
1384,h2h3 b8c6 f2f4 a8b8 b1a3 f7f6 e2e3 a7a6 f1b5 c6d4 f4f5 a6b5
1385,a2a4 g7g6 b1c3 h7h6 h2h4 f7f6 g2g3 g6g5 h1h2 d7d6 d2d4 b8a6
1386,h2h3 d7d6 b2b3 b7b5 c1a3 a7a5 g2g4 h7h6 h1h2 e7e6 b3b4 b8d7
1387,a2a4 d7d5 b1a3 h7h5 f2f3 f7f5 a4a5 c7c6 a1a2 c8e6 c2c3 g8h6
1388,c2c4 d7d5 d2d4 e7e6 e2e3 g8f6 b2b4 a7a5 e1e2 c7c5 g1f3 e8e7
1389,h2h3 c7c5 d2d3 a7a6 a2a4 a8a7 c2c4 e7e5 b1d2 h7h5 h3h4 b8c6
1390,b1c3 g8f6 e2e3 g7g6 f2f3 f6g4 a1b1 b8a6 f1d3 f8g7 b2b3 g4e5
1391,b2b4 a7a5 a2a3 a5a4 h2h3 d7d5 d2d3 d5d4 b1d2 h7h5 h1h2 a8a6
1392,a2a4 f7f5 h2h3 b8c6 d2d3 h7h5 c2c4 h8h6 c1g5 a7a6 h1h2 c6d4
1393,a2a4 a7a5 b2b4 d7d6 a1a3 c7c5 d2d3 d8d7 h2h4 f7f6 h1h2 c5b4
1394,a2a3 f7f5 e2e3 c7c5 f1a6 d7d5 d2d4 c5d4 b1d2 e8f7 h2h4 f7e6
1395,h2h3 d7d5 d2d3 b8a6 a2a4 a8b8 g2g3 d5d4 b2b4 f7f6 c2c4 b8a8
1396,a2a3 g7g5 a3a4 c7c5 d2d4 d8b6 h2h3 c5d4 c2c4 f7f6 h1h2 d7d6
1397,h2h4 d7d6 e2e4 h7h6 g1f3 b8d7 b1a3 h8h7 g2g3 g7g5 a3b1 a7a6
1398,b2b3 g7g6 d2d3 b7b5 f2f4 e7e6 c1e3 f8c5 c2c3 f7f5 e1f2 c5e7
1399,g1f3 h7h6 b2b3 b8a6 d2d3 g7g5 h2h4 d7d6 d1d2 d8d7 e2e4 e7e5
1400,g1f3 b7b6 g2g3 c8a6 h2h4 f7f6 h1g1 g7g6 e2e3 h7h5 d2d4 a6e2
1401,e2e3 b7b5 c2c3 e7e6 e3e4 c7c5 e1e2 g8h6 g1f3 d8c7 d1a4 c8a6
1402,b2b4 g7g6 d2d3 b7b5 h2h3 c8a6 f2f4 e7e5 g2g4 b8c6 e2e3 h7h6
1403,g1h3 a7a5 f2f4 b8a6 b1a3 g7g5 f4f5 b7b5 h3g1 h7h5 e2e4 a5a4
1404,a2a4 b8c6 e2e3 b7b6 a4a5 b6a5 e1e2 c6b4 h2h3 c8a6 e2f3 c7c6
1405,e2e3 a7a5 h2h3 e7e6 g1f3 c7c5 d2d4 e8e7 e1e2 g8f6 f3g5 c5d4
1406,h2h3 d7d6 e2e3 h7h5 b1a3 b7b5 g2g4 e7e6 f1b5 d8d7 b5d7 e8e7
1407,a2a4 f7f5 d2d4 e7e5 f2f4 e5d4 d1d4 d7d5 e2e3 g8h6 f1b5 c8d7
1408,f2f3 e7e6 b2b4 g8e7 h2h4 a7a6 h1h3 d7d6 d2d3 e7f5 c2c4 f5d4
1409,g1h3 h7h6 g2g3 f7f5 b1c3 b8a6 d2d3 g7g5 a1b1 h6h5 d3d4 f8g7
1410,b2b3 d7d6 d2d3 b7b5 c1a3 b8d7 f2f4 f7f5 d3d4 h7h6 a3d6 e7e6
1411,g2g3 b7b5 b1c3 a7a5 d2d3 c7c5 h2h4 g7g5 h1h2 b8a6 c1g5 h7h6
1412,c2c4 d7d5 c4c5 d5d4 e2e4 c8h3 f1d3 g7g6 d3e2 g8f6 f2f4 d8d5
1413,g2g3 d7d6 g1h3 f7f5 c2c4 b7b5 f1g2 g7g5 g3g4 h7h6 d1b3 e7e6
1414,b1c3 b8a6 a2a4 f7f5 g1h3 c7c5 f2f3 d8b6 e2e4 e7e6 a1b1 f8e7
1415,d2d4 b8a6 e2e4 g8h6 b2b3 d7d5 c1f4 d8d7 f4h6 h8g8 g2g3 d7g4
1416,h2h3 b7b6 b2b4 c8a6 d2d3 c7c5 f2f3 c5b4 f3f4 h7h5 c1b2 h8h7
1417,h2h3 d7d6 d2d3 h7h6 b1a3 b7b5 g2g4 c7c6 f2f3 e7e6 e2e3 b5b4
1418,g1h3 h7h6 e2e3 b7b5 c2c4 e7e6 b2b4 c8a6 f2f4 g7g5 h3g5 h6g5
1419,a2a3 f7f6 d2d3 e7e5 h2h3 g7g6 g2g4 b8c6 b1d2 g8e7 e2e3 a7a5
1420,h2h3 d7d6 d2d3 b7b5 g2g3 a7a5 e2e3 h7h6 e1e2 e7e6 b2b4 a5b4
1421,h2h4 f7f6 g1f3 d7d5 b1a3 c7c5 e2e3 d8b6 f1e2 e8d8 f3e5 h7h5
1422,g1h3 h7h6 a2a4 f7f5 d2d4 d7d6 c1d2 a7a5 f2f3 b8d7 h3f4 g7g6
1423,g2g3 f7f5 g3g4 b7b6 c2c3 f5f4 e2e4 c7c5 g4g5 e7e5 f1g2 c8b7
1424,e2e4 b7b5 e1e2 c8b7 c2c3 g8h6 h2h3 h8g8 g1f3 b5b4 d2d4 c7c6
1425,f2f3 f7f6 d2d3 d7d6 b1c3 b8a6 a1b1 a8b8 c3d5 c8e6 f3f4 e6d5
1426,b1c3 c7c5 c3b5 d7d5 g2g3 a7a5 b5d6 e8d7 a2a3 a8a7 b2b4 d5d4
1427,b2b4 h7h6 h2h3 c7c6 e2e3 e7e5 g2g3 e5e4 e1e2 e8e7 d2d3 d7d5
1428,h2h3 d7d5 e2e3 e7e5 e1e2 e8e7 d2d3 c7c6 b2b4 b8a6 g2g4 c8g4
1429,a2a3 c7c5 a3a4 g7g5 d2d4 d8b6 h2h3 e8d8 a1a3 b8a6 e2e3 e7e5
1430,a2a4 d7d5 d2d4 e7e5 g2g3 e8e7 b2b4 c7c6 d4e5 c8d7 g1f3 c6c5
1431,h2h3 d7d6 e2e3 a7a5 c2c4 h7h6 f2f4 g7g5 b2b4 d8d7 c1a3 e8d8
1432,g1f3 b7b6 a2a4 f7f5 c2c4 b6b5 d2d3 e7e6 c1e3 h7h5 a1a2 d7d6
1433,g1h3 c7c5 b2b4 b8a6 c1b2 a8b8 b4b5 d8b6 f2f4 g8h6 d2d3 b6b5
1434,e2e3 b7b5 c2c4 e7e6 f2f4 f8e7 d1b3 c7c6 g2g3 f7f5 e1d1 d8a5
1435,f2f3 h7h6 g2g4 e7e5 b1c3 d8h4
1436,e2e3 b7b5 c2c4 e7e6 c4b5 b8c6 f1c4 f7f5 a2a3 g7g5 a1a2 d7d6
1437,d2d3 d7d6 d1d2 g7g5 d3d4 b7b5 h2h3 h7h6 a2a4 g8f6 a1a3 c7c5
1438,d2d3 e7e6 g2g3 b7b6 d3d4 c7c6 e1d2 f7f6 c2c4 d7d5 f2f3 c8d7
1439,h2h3 d7d6 e2e3 b8a6 b1c3 d6d5 a1b1 a8b8 f1b5 c7c6 g1f3 g7g6
1440,h2h3 d7d5 d2d3 b7b6 g2g3 c8a6 e2e3 g7g6 d3d4 f8h6 f1b5 a6b5
1441,h2h3 b7b5 d2d3 a7a5 c2c3 d7d6 h1h2 g7g6 b2b3 b8d7 f2f4 e7e6
1442,c2c4 b7b5 e2e4 c8b7 a2a4 g8h6 a1a2 a7a5 g1f3 h8g8 c4c5 b5b4
1443,e2e3 d7d5 b2b4 b8c6 g2g3 a8b8 f1d3 c6d4 c2c4 g8f6 h2h3 e7e6
1444,h2h3 d7d6 g1f3 f7f5 e2e3 g7g6 e1e2 e7e5 a2a4 d6d5 c2c4 e8e7
1445,e2e4 b7b5 c2c3 c8b7 e1e2 c7c6 d1b3 f7f5 d2d3 g7g6 b3a3 b8a6
1446,h2h3 e7e6 a2a4 c7c6 h1h2 d7d5 d2d4 b7b6 c1d2 f7f5 g2g4 g8e7
1447,a2a4 h7h6 d2d4 d7d6 d4d5 b7b6 c2c4 a7a5 c4c5 b6c5 f2f3 c5c4
1448,h2h3 d7d6 e2e3 h7h6 d2d3 g7g5 a2a3 b8d7 d1d2 e7e5 a1a2 a7a5
1449,b2b4 c7c5 c1b2 e7e6 e2e3 c5c4 e3e4 g7g6 c2c3 e8e7 g2g4 h7h6
1450,g2g4 b7b5 f2f3 e7e6 b2b4 d8h4
1451,c2c4 d7d5 e2e3 e7e5 c4d5 a7a5 d2d4 g8e7 g2g3 c8g4 d1d2 b8c6
1452,h2h3 e7e6 g2g4 c7c5 h1h2 d7d5 a2a4 e8d7 b1c3 c5c4 c3d5 b7b6
1453,e2e3 a7a5 g2g3 e7e6 e1e2 e8e7 b2b4 g8f6 b4a5 b7b5 a2a4 d7d6
1454,e2e3 b7b5 g2g3 e7e6 b2b4 f7f5 h2h4 f8c5 c1a3 d7d5 h1h2 g7g6
1455,h2h3 d7d6 e2e3 a7a5 e1e2 b8d7 g2g3 a8a6 a2a4 b7b6 b2b3 g7g6
1456,a2a4 d7d5 e2e3 e7e5 f2f3 e8e7 g2g3 c8f5 e1e2 f5e4 d2d4 b8c6
1457,a2a3 b7b6 d2d4 d7d6 g1f3 c8h3 e2e3 g7g6 a1a2 h3g2 f1b5 d8d7
1458,c2c4 b7b5 d1b3 e7e6 g1h3 f7f5 h3f4 g7g6 e2e4 f8d6 f2f3 c7c5
1459,d2d4 f7f5 b2b3 h7h5 f2f3 d7d5 e1d2 e8f7 h2h4 g8h6 a2a4 g7g6
1460,h2h3 c7c6 g1f3 b7b6 d2d4 f7f5 c1d2 d7d5 h1g1 g7g6 d2f4 g6g5
1461,a2a4 b8c6 b2b4 g7g6 c2c4 f7f5 e2e3 e8f7 g2g4 f5g4 f1g2 g6g5
1462,g1h3 g8h6 c2c4 b7b5 a2a4 a7a5 d2d4 g7g5 c4c5 f8g7 f2f3 b5a4
1463,a2a4 f7f5 b1a3 h7h5 e2e3 d7d5 a1a2 e7e5 g1f3 d8g5 f1e2 h8h7
1464,a2a4 d7d5 e2e3 e7e5 f2f3 c7c6 g2g3 d8g5 c2c4 g5g4 c4d5 e8d8
1465,b1c3 h7h6 g1f3 f7f5 a1b1 e7e6 e2e3 b8a6 f1c4 f5f4 a2a4 g7g6
1466,h2h3 d7d6 b1a3 b7b6 c2c3 d8d7 e2e4 h7h5 h1h2 e7e5 f1b5 h8h7
1467,c2c4 b7b5 e2e3 e7e6 e1e2 e8e7 c4c5 d7d6 g1f3 g7g6 h2h3 c8d7
1468,a2a4 d7d5 a4a5 e7e5 c2c4 e8e7 d2d3 c8g4 c4d5 d8d5 a1a2 g4h3
1469,a2a3 d7d6 g1f3 b7b6 e2e3 g7g6 a1a2 c8e6 f1b5 c7c6 e1g1 e6f5
1470,h2h3 d7d6 g1f3 h7h5 e2e3 a7a5 b2b3 d6d5 e1e2 a8a7 d2d3 c8g4
1471,h2h3 d7d6 e2e3 a7a5 c2c3 d6d5 f1b5 c8d7 b1a3 d7b5 h1h2 a8a7
1472,c2c4 d7d5 d2d3 c7c5 h2h3 g7g6 a2a3 c8d7 f2f4 b7b5 d1c2 e7e5
1473,c2c4 d7d5 e2e3 g8f6 a2a4 a7a5 g2g3 e7e5 e1e2 f8b4 g1f3 g7g6
1474,h2h3 e7e6 b2b4 c7c5 d2d3 d7d5 a2a4 b7b6 g2g4 c8a6 e2e4 c5c4
1475,e2e4 g8h6 g1f3 a7a5 e4e5 h6g4 d2d3 c7c5 a2a4 b8a6 g2g3 a8a7
1476,e2e3 b7b5 c2c4 d7d6 d1a4 a7a5 f2f4 h7h5 b1a3 g7g6 g1f3 b8c6
1477,b2b3 c7c5 c1a3 d7d6 g1f3 a7a5 g2g3 f7f5 e2e4 a5a4 b3a4 a8a4
1478,b2b3 d7d5 c1a3 c7c5 a3c5 h7h6 g2g3 g7g6 d2d3 a7a5 e2e4 a8a6
1479,h2h3 a7a5 f2f4 e7e6 d2d4 c7c5 a2a4 h7h6 h3h4 a8a7 c2c4 e8e7
1480,h2h3 d7d6 e2e3 h7h6 g1f3 a7a5 d2d3 g7g5 a2a3 d6d5 f3g5 a5a4
1481,h2h3 a7a6 d2d3 d7d5 a2a4 a8a7 g1f3 b8d7 f3d4 e7e5 g2g3 e8e7
1482,h2h3 d7d6 g1f3 b7b6 e2e3 a7a5 a2a4 b6b5 e1e2 a8a7 c2c4 b5a4
1483,h2h3 d7d6 d2d3 a7a5 c2c3 c7c5 h1h2 h7h5 f2f4 e7e6 b1a3 d6d5
1484,g1f3 g7g6 g2g3 b7b5 e2e4 f7f6 b1c3 c7c5 f1b5 a7a5 h1g1 b8a6
1485,h2h3 d7d6 f2f4 b7b6 a2a4 c7c6 d2d4 d6d5 g2g3 f7f5 c2c4 h7h6
1486,b2b3 c7c5 g2g3 g7g5 c1a3 d7d5 b3b4 f8g7 a3b2 f7f5 b1a3 c8e6
1487,c2c4 b7b5 e2e4 g8h6 e4e5 c8a6 a2a4 h6g4 d2d4 b8c6 a1a2 h8g8
1488,d2d4 b8a6 e2e4 g7g6 e1e2 f7f5 c1g5 d7d5 g5d2 a8b8 d2c3 c8d7
1489,d2d4 e7e6 g1f3 a7a5 b1c3 a8a7 e2e3 g8f6 e1e2 b8a6 c1d2 g7g6
1490,h2h4 f7f6 f2f4 d7d5 d2d4 e8d7 d1d3 g8h6 b1a3 b8c6 a1b1 b7b5
1491,c2c4 b7b5 d1b3 f7f6 c4c5 e7e5 h2h3 f8c5 b3a3 c5f8 e2e3 g7g5
1492,c2c4 e7e5 d2d3 d7d5 c1f4 g7g5 a2a4 f8g7 g2g4 g5f4 g1h3 e8e7
1493,b1a3 e7e6 c2c4 g7g6 f2f4 e6e5 g2g3 d7d5 f4f5 f8g7 b2b4 c8f5
1494,h2h3 e7e6 b2b3 c7c5 g2g4 a7a5 h1h2 d7d5 e2e4 e8e7 a2a4 d8b6
1495,c2c3 c7c5 c3c4 d8a5 e2e3 a5a4 a2a3 a7a5 g1h3 e7e5 d1h5 a4a3
1496,a2a3 g8f6 g1f3 g7g6 h2h4 f6d5 g2g3 f8g7 a1a2 f7f6 f3e5 a7a5
1497,h2h3 c7c6 e2e3 e7e5 g1f3 e8e7 f3e5 d8c7 f1e2 d7d5 f2f4 c8g4
1498,g1h3 h7h6 h3f4 g7g5 a2a4 e7e5 h1g1 d7d5 f2f3 e5e4 d2d4 b7b6
1499,h2h3 d7d6 e2e3 h7h6 g1f3 h8h7 d2d4 b7b6 f1b5 c7c6 a2a4 e7e5
1500,g2g3 b7b6 b2b4 c8a6 e2e3 g7g6 f2f4 d7d5 f1a6 f8g7 d1f3 g7e5
1501,a2a4 f7f5 e2e3 c7c5 g1f3 d7d5 c2c4 h7h5 d2d4 a7a5 e1d2 g7g6
1502,h2h3 d7d6 a2a4 a7a5 b1c3 b7b5 e2e4 h7h6 e1e2 a8a7 c3d5 b8d7
1503,a2a3 h7h6 g1f3 e7e6 d2d4 d8e7 a1a2 c7c5 e2e3 g7g5 b1d2 c5c4
1504,c2c3 c7c5 c3c4 g8h6 d2d4 d7d5 g2g3 d8c7 g1f3 f7f6 e1d2 b8c6
1505,f2f3 b7b6 e2e4 c8a6 f1a6 f7f5 c2c3 g8f6 a6b5 f6d5 a2a4 d5f4
1506,e2e3 g8f6 b2b4 e7e5 c2c4 e8e7 f2f4 b7b5 g2g3 e5f4 c1a3 a7a5
1507,d2d4 d7d5 e2e4 g7g6 e1e2 c8g4 g1f3 g4f3 g2f3 g8h6 c1g5 b7b6
1508,h2h3 b7b5 d2d4 d7d5 a2a4 a7a5 e2e4 g7g6 f1b5 c7c6 c1g5 d8b6
1509,e2e3 d7d5 c2c4 c7c5 d1c2 g8h6 g1f3 g7g6 a2a4 e7e5 f3g5 e8e7
1510,h2h3 e7e5 d2d3 g8f6 c1g5 g7g6 c2c4 d7d5 e2e3 c8g4 h3g4 f8h6
1511,h2h3 c7c6 d2d3 e7e6 a2a4 e8e7 a1a2 d7d5 e2e4 b8d7 d1h5 f7f5
1512,g1h3 d7d5 b2b4 c8d7 h3g5 b7b6 b1a3 c7c6 a3b5 f7f5 e2e3 g7g6
1513,g2g4 b7b5 f2f3 e7e6 c2c4 b5c4 d2d4 a7a5 d1d2 f8b4 d2b4 a5a4
1514,h2h3 c7c6 e2e3 e7e6 g1f3 e8e7 d2d4 d7d5 g2g3 g8f6 e1e2 d8d6
1515,b2b4 c7c6 g2g3 e7e5 c2c4 b7b6 g1f3 f7f5 f3e5 f8b4 b1c3 b8a6
1516,g1h3 h7h5 d2d4 a7a5 f2f4 d7d5 h3g1 g7g6 a2a3 f7f5 b1d2 b7b5
1517,a2a4 d7d5 a4a5 c7c5 e2e3 h7h5 d2d4 f7f5 b2b3 c5c4 e3e4 d5e4
1518,b2b4 b7b5 c1a3 c8a6 g1f3 g8h6 f3g1 h8g8 f2f3 e7e6 h2h4 d7d5
1519,b2b3 g7g5 c1a3 c7c5 e2e3 g5g4 c2c4 d7d5 e1e2 c8d7 f2f4 h7h6
1520,a2a3 e7e5 d2d4 f7f6 g1f3 g7g5 a3a4 a7a5 f3e5 b7b5 e2e4 g5g4
1521,h2h3 h7h5 d2d3 d7d6 h1h2 f7f6 c1g5 g7g6 b2b3 b7b5 f2f3 b8c6
1522,f2f4 b7b6 c2c4 c8b7 a2a4 b8a6 d2d4 e7e5 b2b3 f8e7 h2h4 c7c6
1523,h2h3 d7d5 d2d3 a7a5 a2a4 d5d4 c2c4 g7g6 f2f3 f7f6 b2b4 g8h6
1524,g2g3 g7g5 h2h4 f7f6 h1h3 d7d5 f2f3 a7a5 h4h5 h7h6 a2a4 e8f7
1525,h2h3 d7d5 d2d3 b8c6 g2g3 a7a5 h3h4 e7e5 c1g5 g8f6 g5f6 g7g6
1526,e2e3 b7b5 d1f3 c7c5 c2c4 d8c7 b1a3 g7g5 f3e4 f8g7 a1b1 b5b4
1527,h2h3 c7c6 e2e3 e7e5 g1f3 e8e7 f3e5 d7d5 c2c4 c8g4 b2b4 a7a5
1528,e2e4 g8h6 g2g4 h6g4 f2f4 g4f2 f4f5 c7c6 f1c4 h7h6 c4a6 b7b5
1529,h2h3 e7e6 d2d3 h7h6 b2b3 f8d6 b3b4 c7c6 a2a4 e8e7 a1a3 b8a6
1530,a2a4 b7b5 b1c3 g7g6 c3e4 h7h5 a4a5 e7e6 a1a2 d7d6 e4d6 c7d6
1531,b2b4 a7a5 a2a4 b7b5 b4a5 b5a4 f2f4 b8a6 c2c4 f7f5 d1a4 e7e6
1532,h2h3 d7d6 d2d3 g8f6 a2a4 a7a6 g2g4 a8a7 g1f3 b7b5 d1d2 e7e6
1533,a2a4 b7b5 a4a5 b8a6 g2g3 g8f6 h2h4 a8b8 b2b4 h8g8 e2e3 h7h5
1534,h2h3 d7d5 c2c3 e8d7 e2e4 c7c5 f1e2 f7f6 e2g4 e7e6 e1e2 g8h6
1535,h2h3 d7d6 e2e3 h7h6 b1c3 c7c5 a1b1 a7a5 a2a3 b7b6 f1b5 b8d7
1536,g1h3 h7h6 d2d3 d7d6 a2a3 a7a5 b2b3 b7b6 b3b4 g7g6 b1d2 c8d7
1537,h2h3 d7d5 c2c3 a7a5 e2e4 g8f6 g2g4 a8a7 f2f3 g7g6 f1d3 c8d7
1538,h2h3 d7d5 d2d3 f7f5 c1h6 d5d4 b2b3 g7g6 h6f4 h7h5 h1h2 a7a6
1539,h2h3 g8f6 a2a4 d7d5 e2e4 e7e5 g2g4 d5e4 g4g5 g7g6 f1e2 f8e7
1540,b2b3 a7a5 c1a3 g8h6 d1c1 e7e6 c2c4 d7d5 e2e4 a8a6 c4d5 f8b4
1541,e2e3 b7b5 g2g3 e7e6 b2b4 f7f6 h2h4 g7g6 h1h2 d7d6 h2g2 h7h5
1542,h2h3 e7e6 d2d3 c7c5 c2c4 d7d5 c1g5 a7a6 h1h2 a8a7 h3h4 d8d7
1543,h2h3 g8f6 e2e3 a7a5 a2a4 d7d5 g2g3 c8d7 g1e2 g7g6 e2d4 h8g8
1544,a2a4 f7f6 b2b3 d7d5 d2d3 c8d7 a4a5 h7h5 a1a2 c7c5 e2e3 f6f5
1545,h2h3 d7d6 e2e3 a7a5 b1c3 c7c5 b2b4 h7h6 g2g3 h8h7 d2d3 c5c4
1546,g1f3 a7a5 f3g1 g8h6 a2a4 b7b5 d2d3 b5a4 b1c3 b8c6 a1a3 c6b8
1547,h2h3 b7b6 e2e3 d7d5 e3e4 c8b7 f2f3 d5e4 f3e4 b7e4 f1e2 f7f6
1548,h2h3 d7d5 g2g4 a7a5 a2a4 c8f5 e2e4 d5e4 b2b4 a8a6 b1a3 f5c8
1549,h2h3 g7g6 f2f4 d7d6 e2e3 h7h5 a2a3 c8h3 f4f5 h3g2 f1g2 h8h7
1550,b2b4 d7d5 g2g3 g7g6 f2f3 c8d7 h2h4 f8g7 e2e3 g6g5 c1b2 d7c6
1551,e2e3 a7a5 b1c3 c7c5 c3b1 e7e5 c2c4 e8e7 d2d4 c5d4 b2b4 g7g5
1552,e2e4 a7a6 c2c4 g7g6 f1d3 d7d6 d3e2 a8a7 g2g4 b7b5 b1a3 a6a5
1553,a2a4 d7d5 f2f4 f7f5 d2d4 h7h5 a4a5 g7g6 g2g4 f8h6 f1g2 h8h7
1554,h2h3 e7e6 g2g4 c7c6 e2e4 f7f6 c2c3 e8e7 d1f3 d7d5 b1a3 d5e4
1555,g2g4 b7b6 c2c4 g7g5 d1b3 e7e6 a2a4 e8e7 a1a3 a7a5 f2f4 b8a6
1556,f2f4 b7b5 b1c3 e7e6 c3e4 c8a6 d2d4 c7c5 h2h4 f7f6 h1h2 c5c4
1557,h2h3 a7a6 a2a4 a8a7 d2d3 c7c6 c2c4 f7f6 b2b3 b7b5 a1a2 c6c5
1558,g2g3 e7e6 g1h3 a7a5 h1g1 d7d5 h3f4 c8d7 b1c3 e8e7 g1g2 a8a6
1559,h2h3 d7d6 d2d3 a7a5 a2a4 h7h6 b2b4 d8d7 b4a5 a8a5 c2c4 e8d8
1560,g2g4 e7e5 c2c4 f7f6 b2b4 b7b5 g4g5 b5c4 c1b2 f8b4 e2e3 f6f5
1561,d2d4 a7a6 c1e3 d7d5 c2c3 b8d7 g2g3 g8h6 f1g2 d7f6 e3d2 a8b8
1562,f2f3 b7b6 h2h4 c7c6 e2e4 d7d6 c2c3 c6c5 d2d4 b8d7 c1d2 c5d4
1563,a2a4 e7e5 g1h3 d7d5 f2f3 e8e7 h1g1 c8d7 d2d3 g7g5 h3g5 f7f6
1564,c2c3 c7c5 c3c4 d7d5 g2g3 g7g6 d2d4 d8c7 c1f4 a7a5 f4d2 f7f5
1565,h2h4 e7e5 d2d4 a7a5 e2e4 e8e7 e1e2 d7d5 b1c3 c7c6 g1f3 a5a4
1566,h2h3 e7e5 d2d3 d7d5 a2a3 f8d6 d1d2 g8f6 g2g3 e8e7 a1a2 h7h6
1567,f2f4 b8c6 c2c4 d7d5 d2d3 a7a5 d1c2 b7b5 c4c5 h7h6 h2h4 f7f6
1568,a2a4 d7d5 e2e3 e7e5 f2f3 e8e7 e1e2 g7g5 g2g3 a7a5 b2b4 d8e8
1569,c2c4 d7d5 d2d3 b8a6 c4c5 c8d7 f2f4 a6c5 h2h3 f7f6 d1b3 d5d4
1570,g2g4 f7f6 c2c3 e7e5 h2h3 c7c5 h1h2 b8a6 d2d4 e5d4 c1f4 f8d6
1571,h2h3 h7h6 d2d3 d7d6 c1f4 g7g5 f4g5 h6g5 e1d2 h8h3 f2f3 b8a6
1572,a2a4 f7f5 e2e4 a7a6 c2c4 e7e5 a1a3 f8e7 a4a5 e7a3 f2f3 e8e7
1573,a2a3 c7c6 d2d4 e7e5 a1a2 d7d5 g2g3 e8e7 b1d2 c8g4 h2h4 f7f5
1574,a2a4 b7b5 d2d3 a7a5 c1d2 g7g5 a1a3 c7c5 h2h3 b5b4 d2g5 g8h6
1575,e2e4 b7b5 c2c3 c8a6 e1e2 c7c5 d1a4 g8h6 h2h3 b5b4 a4a6 g7g5
1576,d2d4 f7f6 b2b3 d7d5 e1d2 a7a5 f2f4 g8h6 e2e3 e8d7 g2g3 c7c6
1577,f2f4 b7b5 h2h4 c7c5 h1h3 a7a5 b2b4 d8c7 h3h2 d7d5 b1a3 e7e5
1578,a2a4 d7d5 e2e3 e7e5 g2g4 e8e7 e1e2 b8a6 b1a3 g7g5 a3c4 c8g4
1579,d2d3 d7d6 g2g4 c8g4 h2h3 g7g6 d1d2 h7h6 b1c3 g6g5 c3b5 a7a5
1580,h2h3 c7c5 d2d3 e7e6 h1h2 d7d5 a2a4 d8d7 c2c4 e8e7 c4d5 d7d6
1581,h2h3 b8a6 e2e3 d7d5 c2c4 a8b8 a2a4 e7e5 c4c5 c7c6 a4a5 e8e7
1582,e2e4 a7a6 d2d4 f7f6 e1e2 a8a7 b1c3 f6f5 c1g5 c7c6 f2f4 g8h6
1583,a2a3 g8f6 a3a4 d7d5 a4a5 a7a6 e2e4 a8a7 f2f3 e7e6 g2g3 b8c6
1584,a2a3 b8c6 h2h4 f7f6 g2g3 h7h5 d2d3 e8f7 a1a2 d7d6 b1d2 c6d4
1585,c2c4 b7b5 b1c3 g7g6 g1h3 c8b7 f2f4 h7h5 b2b3 h8h6 h1g1 e7e6
1586,h2h3 c7c6 e2e3 e7e6 g2g4 b7b5 a2a4 b5a4 e1e2 a7a5 b2b4 a8a7
1587,e2e3 d7d6 c2c3 d6d5 e1e2 g8f6 g1f3 e8d7 d2d4 b8a6 c1d2 a6c5
1588,c2c4 b7b5 e2e4 g8h6 d1a4 c8a6 g2g4 c7c5 a4c2 e7e6 e1e2 f8e7
1589,b2b4 g7g6 a2a4 b7b5 d2d3 h7h5 a1a2 c8a6 e1d2 h8h6 b1a3 b8c6
1590,g2g3 f7f6 d2d3 h7h5 h2h4 b8c6 d1d2 c6a5 b2b3 a8b8 h1h2 h8h7
1591,a2a4 b7b5 a4a5 f7f6 d2d3 g7g5 e1d2 c7c5 b2b3 f6f5 h2h4 d8c7
1592,c2c4 b7b5 d1b3 g7g6 f2f4 e7e6 g2g4 f7f6 f4f5 f8c5 e1d1 c5d6
1593,f2f3 d7d6 e2e4 h7h6 h2h4 b7b5 b1c3 a7a6 e4e5 d8d7 e5d6 e8d8
1594,a2a4 a7a6 h2h4 b7b5 a4a5 a8a7 b1c3 d7d5 f2f3 f7f6 e1f2 b5b4
1595,e2e3 b7b5 f1b5 e7e6 a2a4 e6e5 b1a3 a7a5 e3e4 b8c6 f2f3 f7f6
1596,b2b3 a7a5 b3b4 d7d5 a2a4 h7h6 b4a5 c8e6 g1h3 d5d4 h1g1 b8a6
1597,g2g4 f7f5 b1c3 f5f4 c3a4 b7b5 b2b4 e7e6 f1g2 c8a6 a4c3 g8h6
1598,g1h3 e7e6 g2g3 a7a5 h3f4 g8e7 b2b3 h7h6 c1a3 a8a6 d2d4 d7d5
1599,b2b3 e7e5 g1h3 d7d6 c1b2 d8g5 b2e5 h7h6 c2c3 c8d7 d2d3 b7b5
1600,f2f3 b7b5 g1h3 e7e6 b1c3 g8e7 g2g3 b8a6 h1g1 a8b8 a1b1 e7g8
1601,a2a3 e7e6 b2b4 c7c5 e2e3 d8b6 c1b2 e8d8 g2g3 f7f5 d2d3 b8a6
1602,d2d4 e7e6 c1h6 g7g6 h6e3 b8a6 g1f3 f8a3 d4d5 b7b5 b1a3 h7h5
1603,e2e3 b7b5 c2c4 e7e6 d2d4 g8h6 g1f3 g7g5 b1c3 e6e5 c4c5 f8g7
1604,g2g4 d7d5 b1a3 c8d7 f1h3 c7c6 g1f3 g7g6 a1b1 b7b6 c2c4 f7f6
1605,g2g4 d7d5 e2e3 b8c6 b1a3 h7h5 c2c4 c8d7 a1b1 h8h6 d1a4 g7g5
1606,e2e4 g7g6 g2g4 h7h6 b1a3 d7d5 c2c4 e8d7 b2b4 h8h7 f1h3 f7f6
1607,e2e4 g8h6 g1f3 h8g8 g2g3 a7a5 b1a3 a5a4 f3d4 f7f6 e4e5 d7d5
1608,c2c3 g8h6 h2h3 d7d5 e2e4 h6g8 h1h2 g8f6 b2b3 d5e4 d2d3 g7g6
1609,e2e4 f7f6 c2c3 e7e6 g1e2 g7g6 g2g4 b8c6 h1g1 f8d6 f1g2 e6e5
1610,a2a4 e7e6 g1h3 c7c5 d2d4 d8a5 b1c3 a5c3 d1d2 a7a6 d4d5 a8a7
1611,b2b3 g8f6 c1a3 d7d5 g2g3 g7g6 f2f4 f6e4 d2d3 d8d7 g1h3 h7h6
1612,c2c3 g8f6 b2b3 e7e5 g1h3 a7a5 h1g1 g7g6 c1a3 d7d5 g2g3 f8b4
1613,h2h3 d7d5 b1c3 g8f6 g2g4 b7b6 g1f3 c8a6 d2d4 g7g6 a2a4 f8h6
1614,h2h3 b8a6 e2e4 e7e5 d2d4 c7c6 e1e2 f8e7 g2g3 e8f8 g1f3 e7d6
1615,h2h3 c7c5 g2g4 f7f6 b2b3 d7d6 d2d4 c5c4 c2c3 a7a5 e1d2 b7b5
1616,c2c4 e7e5 f2f4 e5f4 e2e3 a7a5 f1e2 g8f6 g2g3 d7d5 b1c3 f8b4
1617,h2h3 d7d5 e2e3 d5d4 a2a3 e8d7 a3a4 g8f6 e1e2 d7e8 g1f3 a7a5
1618,h2h4 d7d5 f2f4 e8d7 e2e3 d5d4 b2b3 g7g6 d2d3 f7f6 g2g3 h7h5
1619,b1a3 e7e5 b2b4 b8c6 c2c4 a7a5 g2g4 e8e7 c4c5 c6b8 f1h3 d7d5
1620,e2e4 g7g6 e4e5 b8a6 g2g3 a8b8 b1a3 a6b4 f2f4 b4c2 a3c2 c7c6
1621,c2c3 g8f6 f2f4 f6e4 h2h4 e7e6 d2d4 e8e7 f4f5 c7c5 h1h2 h7h5
1622,e2e3 b7b5 g1h3 e7e6 e1e2 f8a3 c2c4 c8a6 d1b3 g7g6 c4c5 d8h4
1623,d2d4 e7e5 e2e4 d8e7 g1f3 d7d5 c1d2 f7f5 e1e2 g7g6 e4f5 b8a6
1624,g2g4 d7d5 h2h3 d5d4 b2b4 a7a5 c2c4 f7f6 c1a3 h7h6 d1c2 c8g4
1625,g1f3 b7b5 g2g3 g7g6 f1g2 h7h5 e1f1 d7d6 f3d4 e7e5 f2f3 e5d4
1626,e2e3 b7b5 a2a3 a7a5 e1e2 b5b4 a1a2 d7d5 c2c3 a8a6 c3b4 d5d4
1627,g2g4 d7d5 b1a3 h7h6 b2b4 f7f6 g4g5 c7c6 f2f3 c8h3 e2e3 d8b6
1628,h2h3 d7d6 c2c4 a7a5 f2f4 h7h6 d2d3 f7f6 c4c5 b8c6 d1c2 b7b5
1629,e2e3 a7a5 e1e2 c7c5 e3e4 b7b6 d2d4 d8c7 g1h3 c5d4 h3g1
1630,h2h3 d7d6 e2e3 h7h6 e1e2 b7b6 g1f3 a7a6 a2a4 h8h7 d2d4 g7g5
1631,e2e3 b7b5 e1e2 e7e6 a2a4 g7g6 c2c4 f7f5 g1f3 f5f4 a4a5 b5c4
1632,a2a4 a7a6 a4a5 g8h6 b2b4 h8g8 d2d3 h6f5 h2h3 a8a7 c2c4 g7g6
1633,d2d4 g7g6 c1d2 a7a5 f2f3 d7d5 d2c1 e8d7 a2a4 f7f5 a1a3 e7e5
1634,h2h3 e7e6 b2b3 d7d5 g2g4 a7a6 b1a3 f7f5 g1f3 a8a7 a3b1 a6a5
1635,h2h3 c7c6 e2e3 g8f6 d1h5 e7e6 e1d1 e8e7 a2a4 f6e4 g1f3 d8e8
1636,e2e3 b7b5 c2c4 e7e6 f2f4 g8f6 c4c5 f8e7 d1c2 b8c6 g2g3 e7c5
1637,a2a3 b7b5 e2e3 e7e6 e1e2 g7g6 a3a4 f7f6 g1f3 d7d6 b2b4 e8e7
1638,b2b3 a7a5 c1a3 e7e6 e2e4 g7g6 a3c5 b7b5 g2g3 f8g7 d2d4 b8a6
1639,g2g3 e7e6 g1h3 g8h6 h1g1 e8e7 h3f4 a7a5 d2d3 d7d5 c2c4 g7g6
1640,h2h3 e7e6 a2a4 c7c5 e2e4 f7f6 e1e2 g7g6 b1c3 c5c4 c3b1 b7b5
1641,b2b3 a7a5 b1c3 e7e6 e2e3 h7h6 c1a3 e6e5 e3e4 a8a7 f2f3 c7c6
1642,d2d3 b8a6 b2b3 f7f5 f2f4 d7d5 a2a3 h7h6 h2h4 a6b8 g2g3 c8d7
1643,f2f4 b7b6 h2h4 b6b5 g2g3 h7h6 c2c4 f7f6 h1h2 g7g5 d2d3 d7d5
1644,g2g3 b7b6 h2h4 f7f6 d2d3 c8a6 c1g5 c7c5 b2b3 b6b5 h1h3 g7g6
1645,c2c4 a7a5 e2e3 d7d6 f2f4 d6d5 c4d5 b7b6 b2b4 g7g6 f4f5 h7h5
1646,a2a3 e7e5 a1a2 f7f6 d2d3 h7h5 b2b3 g7g6 b1d2 c7c6 g2g3 f6f5
1647,g2g4 b7b6 d2d4 c8a6 f1g2 a6c4 g4g5 b8a6 a2a3 g7g6 b2b4 h7h5
1648,h2h3 d7d5 d2d3 b7b6 c1g5 c8e6 h1h2 h7h6 c2c3 e8d7 d1d2 h8h7
1649,b2b4 g8h6 g2g3 g7g6 g1h3 h8g8 b4b5 h6f5 h1g1 c7c5 h3f4 b7b6
1650,h2h3 d7d6 e2e3 h7h6 e1e2 e7e6 a2a4 c8d7 g1f3 e8e7 f3d4 f7f5
1651,e2e3 a7a5 h2h3 d7d5 e1e2 g7g6 g2g4 e8d7 b2b4 e7e5 f2f4 h7h5
1652,h2h3 d7d5 e2e3 a7a6 e1e2 a8a7 a2a4 b7b5 a4b5 d5d4 g1f3 h7h6
1653,f2f4 e7e6 d2d4 g8f6 e2e3 b8a6 g1f3 c7c5 e1d2 f8d6 c2c4 c5d4
1654,h2h4 f7f6 e2e3 b7b5 h4h5 d7d6 g1e2 e7e6 b1c3 g7g6 b2b4 f8h6
1655,e2e3 e7e5 e1e2 e8e7 h2h3 c7c6 e2f3 f7f5 c2c3 g8f6 g2g4 f6e4
1656,h2h3 a7a5 b1c3 b7b6 d2d3 a5a4 e2e4 d7d5 c3d5 a8a5 g2g3 b8a6
1657,e2e3 b7b5 e1e2 b5b4 c2c3 c8a6 d2d3 g7g6 d1d2 c7c5 g1f3 g8h6
1658,g2g4 f7f6 c2c3 e7e5 e2e4 d7d5 d2d4 c8d7 f1h3 b8a6 c1d2 e8e7
1659,f2f4 e7e6 e2e3 c7c5 b1a3 g8f6 g1f3 a7a5 f1d3 e8e7 d3e2 d8b6
1660,e2e3 g7g5 b2b4 c7c5 g1h3 c5c4 d1f3 d7d6 f3f6 e8d7 f6b2 a7a5
1661,g2g3 d7d6 e2e3 f7f5 f1a6 g7g6 g3g4 h7h5 d2d3 b8c6 d1d2 f8h6
1662,h2h3 e7e6 e2e4 c7c5 h1h2 b7b5 a2a4 g8f6 e1e2 e8e7 g2g4 d7d6
1663,h2h3 d7d5 e2e3 c7c6 a2a4 e7e5 c2c4 e8e7 h1h2 c8g4 d2d3 g8f6
1664,g1f3 f7f6 b1c3 g7g6 e2e3 b8a6 g2g3 a8b8 f3g1 h7h5 a2a4 a6b4
1665,h2h3 g7g6 d2d3 b7b5 g2g4 c7c5 f2f3 f7f5 h3h4 d7d6 b1a3 c5c4
1666,g1h3 a7a6 g2g4 b7b5 f1g2 a8a7 b2b3 g7g5 b3b4 h7h5 f2f3 d7d6
1667,g2g4 b7b6 e2e4 f7f6 c2c3 g8h6 e1e2 c8a6 e2e3 c7c5 f1a6 h8g8
1668,b2b3 e7e6 c1a3 a7a5 a3c5 b7b5 b3b4 a5a4 f2f3 a8a6 d2d3 d8e7
1669,f2f3 b7b6 g2g3 b6b5 b2b4 a7a5 g1h3 d7d6 c1a3 a8a6 c2c4 a5a4
1670,e2e4 h7h6 c2c3 h8h7 b1a3 d7d6 a1b1 c7c5 e1e2 c8h3 a3b5 f7f5
1671,h2h3 g7g6 f2f4 f7f5 b1a3 h7h5 g1f3 c7c5 e2e3 b7b5 f1b5 d8b6
1672,h2h3 d7d6 e2e3 h7h6 g1f3 a7a5 e1e2 e7e6 d2d4 g7g6 d1d2 d6d5
1673,b1c3 g8f6 a2a4 b8a6 g2g3 g7g6 b2b3 e7e5 f2f3 f8a3 c1a3 e5e4
1674,g2g3 e7e6 a2a4 f7f6 b2b3 e6e5 a4a5 c7c5 f1g2 d8b6 a1a2 g7g5
1675,e2e4 a7a5 g2g4 h7h6 b1a3 h8h7 e1e2 g7g5 c2c3 b8a6 d1e1 a6c5
1676,b2b4 f7f6 e2e3 b7b5 g1f3 g7g6 e1e2 d7d5 a2a4 e7e5 f3e5 f6e5
1677,a2a3 g7g6 b2b4 b7b5 a1a2 b8c6 c2c4 e7e5 g1h3 f7f6 c1b2 b5c4
1678,f2f3 g7g6 f3f4 b7b5 g2g3 g6g5 e1f2 b8a6 h2h4 b5b4 f1h3 h7h5
1679,b1c3 b7b6 a1b1 c8a6 g2g3 g7g6 c3b5 f7f5 d2d4 c7c5 a2a3 d7d6
1680,f2f3 b7b5 b2b4 e7e6 e2e3 g8e7 g2g3 a7a5 d2d3 a5b4 e1e2 c7c5
1681,h2h3 c7c5 e2e4 d7d6 c2c4 h7h6 d2d4 c8g4 a2a4 g7g5 h1h2 h8h7
1682,d2d4 g7g6 b2b3 e7e6 g2g3 f8b4 c1d2 a7a5 d2b4 f7f6 d4d5 a5a4
1683,h2h3 a7a5 f2f4 e7e6 d2d4 h7h6 c2c3 c7c5 h3h4 g8f6 a2a4 d8c7
1684,b2b3 d7d5 c1a3 c8d7 g2g3 d7a4 a3c5 b7b6 d2d4 a4b3 a2b3 g8f6
1685,b1c3 g8f6 a1b1 g7g6 g1f3 f6d5 c3d5 b8a6 a2a4 h7h6 d2d4 b7b5
1686,h2h3 f7f6 e2e3 e7e5 a2a4 h7h6 d2d4 g7g5 b1c3 b8a6 f2f3 e5d4
1687,h2h3 d7d6 d2d3 a7a6 g1f3 f7f5 g2g4 g7g6 d1d2 f5f4 b2b4 e7e5
1688,b2b3 a7a5 c1a3 e7e6 b1c3 f8b4 a3b4 g7g6 e2e3 a5b4 g1e2 a8a4
1689,g2g3 f7f5 h2h4 d7d6 d2d3 e7e5 c2c4 g7g6 f2f4 c8d7 f1g2 b8a6
1690,e2e3 b7b5 c2c4 c8b7 d1e2 e7e6 c4b5 g8e7 d2d4 b7a6 e2d2 e7d5
1691,g1f3 f7f6 b1a3 e7e5 a3c4 f8e7 c4e5 b7b5 a1b1 f6f5 e2e4 d7d6
1692,h2h3 f7f6 c2c3 c7c6 e2e4 e8f7 e1e2 h7h5 d1b3 d7d5 e2e1 c8d7
1693,b2b4 g7g6 c1a3 h7h5 g2g4 g8f6 c2c4 h8g8 d2d4 d7d5 d1c2 e7e5
1694,b2b3 h7h6 g2g3 e7e6 c2c4 a7a5 b3b4 d7d5 b4a5 g8f6 c4c5 e6e5
1695,g2g3 a7a5 b2b4 d7d6 b4b5 c8g4 d2d4 f7f5 h2h3 c7c5 c1a3 c5c4
1696,a2a3 b7b6 d2d4 c8a6 a1a2 f7f6 g2g3 g7g6 f2f4 e7e6 h2h4 f8d6
1697,g2g4 h7h6 c2c3 g7g5 e2e4 e7e5 e1e2 e8e7 d1b3 d7d5 f1h3 c8g4
1698,e2e3 b7b5 g1h3 e7e6 d2d4 c7c5 a2a3 c5d4 e3d4 f7f6 c1d2 g7g6
1699,g1h3 g7g6 f2f4 f7f5 c2c4 d7d5 d2d3 h7h5 c4c5 a7a5 d1c2 f8g7
1700,d2d3 g8f6 a2a4 e7e5 h2h3 d7d6 e2e3 d6d5 g2g3 b8d7 g1f3 d8e7
1701,b1c3 e7e5 a1b1 f7f5 e2e4 f5f4 f2f3 f8e7 f1d3 e7h4 g2g3 g7g6
1702,d2d4 b8a6 c1e3 g7g6 d4d5 g8f6 e3d4 a6b4 f2f3 b7b6 a2a4 b4c2
1703,d2d4 g7g6 b2b3 d7d5 c1e3 a7a6 f2f3 g8h6 e3d2 h6f5 a2a4 h8g8
1704,b2b4 b8c6 h2h4 g7g5 g2g4 f7f6 c1a3 b7b6 b4b5 e7e5 h1h2 f8a3
1705,e2e4 a7a6 d1h5 a8a7 f2f3 d7d6 g2g4 g7g5 f1a6 h7h6 d2d4 c8g4
1706,c2c4 d7d5 e2e3 c7c5 a2a4 g8f6 g1f3 e7e6 d2d4 e8e7 e1e2 c8d7
1707,g2g4 f7f6 f2f4 b7b5 d2d3 e7e6 f1g2 g7g6 e1d2 h7h6 b1c3 f6f5
1708,a2a4 g8h6 g1h3 g7g6 f2f4 b8c6 a4a5 h6f5 d2d3 h8g8 g2g3 b7b6
1709,g2g3 e7e6 g1h3 c7c5 h1g1 g8h6 h3f4 b7b6 a2a4 d8c7 b1a3 c7f4
1710,h2h3 a7a6 e2e3 g8h6 e1e2 f7f5 d2d4 e7e6 a2a4 g7g6 g1f3 c7c5
1711,b2b4 g7g6 g2g4 h7h5 d2d3 d7d6 d1d2 h8h6 f2f3 b7b6 b4b5 c8a6
1712,b1c3 b7b6 b2b3 g7g6 g2g3 h7h5 c1a3 b8a6 c3b5 f7f5 h2h4 d7d6
1713,b2b3 a7a5 b1a3 e7e6 a3b5 c7c5 a2a4 a8a7 b3b4 e6e5 g1h3 b8a6
1714,a2a4 c7c5 d2d3 d8b6 d3d4 e7e5 a1a3 f8e7 g1h3 c5c4 g2g3 f7f5
1715,h2h3 e7e6 g2g4 c7c5 d2d4 b7b5 a2a4 b5a4 e2e4 f7f6 e1e2 c8a6
1716,a2a4 c7c5 e2e4 e7e5 g1f3 e8e7 h2h3 d7d5 e1e2 d8b6 b1c3 g7g6
1717,e2e3 h7h5 e1e2 f7f5 f2f3 b7b6 c2c3 c7c6 e2f2 e8f7 a2a3 h5h4
1718,h2h3 d7d6 e2e3 h7h6 e1e2 h8h7 g1f3 d8d7 d2d4 a7a5 d1d2 g7g6
1719,c2c4 g8f6 g2g3 b8a6 b2b4 g7g6 d2d4 e7e5 d4e5 f8b4 c1d2 h7h5
1720,g2g4 d7d5 b2b4 h7h5 f2f3 f7f6 d2d3 c8d7 f1h3 a7a5 a2a3 h5h4
1721,h2h3 f7f6 f2f4 h7h5 d2d3 d7d6 a2a4 c7c6 d1d2 c8e6 d3d4 h8h7
1722,h2h3 d7d6 e2e3 h7h6 d1e2 e8d7 a2a4 b8c6 b1a3 g7g5 e2h5 f7f6
1723,a2a4 d7d5 a4a5 f7f5 b1a3 d5d4 b2b3 g7g5 c2c3 f8h6 f2f3 c8e6
1724,b2b4 b7b5 b1c3 g7g6 g2g3 h7h5 c1a3 h8h7 g1h3 b8a6 f2f4 e7e6
1725,g2g3 g8f6 b2b3 d7d5 c1a3 e8d7 a3b4 d8e8 e2e3 a7a5 f2f4 g7g5
1726,b1c3 g7g6 c3a4 b7b6 f2f4 b8c6 d2d3 d7d5 g2g3 c6d4 b2b3 h7h6
1727,b2b4 b8c6 b4b5 g7g6 b5c6 h7h5 e2e4 d7d6 a2a4 a7a6 e1e2 f7f5
1728,g2g3 d7d6 b2b4 f7f5 e2e3 c7c6 d1h5 g7g6 g3g4 e8f7 c2c4 b7b5
1729,h2h3 g8f6 a2a4 c7c6 e2e3 e7e5 e1e2 d7d5 g1f3 e5e4 f3d4 b7b6
1730,g1f3 d7d5 g2g4 h7h6 h2h4 f7f6 d2d3 e8d7 b2b4 a7a5 d1d2 b7b6
1731,e2e4 h7h6 d2d4 h8h7 d1f3 b7b5 e4e5 c8b7 a2a4 e7e6 f3e4 f7f6
1732,c2c3 g8f6 g2g3 g7g6 f2f3 e7e5 f3f4 e5f4 e2e3 f8h6 e3f4 g6g5
1733,g1f3 d7d5 g2g3 f7f5 e2e3 d5d4 b2b4 a7a5 b1c3 a5b4 a1b1 a8a3
1734,h2h3 g8f6 g2g4 h7h5 b2b4 g7g5 c1a3 h8h6 g4h5 d7d5 a3b2 e7e6
1735,h2h3 f7f6 e2e4 b7b5 c2c3 c8a6 e1e2 e7e6 a2a4 d7d6 e2e1 b8c6
1736,h2h3 g7g6 d2d3 b7b5 c1g5 d7d6 g2g4 d8d7 d1d2 e8d8 f2f3 h7h6
1737,a2a4 d7d5 d2d3 e7e5 h2h3 e8e7 c1h6 e5e4 g1f3 c8d7 b2b4 g8f6
1738,e2e4 g8f6 d2d4 f6e4 c1e3 d7d5 g1f3 e4g3 e3f4 a7a6 f1d3 b8d7
1739,d2d4 d7d6 g1f3 h7h6 c2c3 g8f6 e2e3 g7g5 d1e2 h8h7 e2d1 b7b6
1740,h2h3 b8c6 f2f4 h7h6 f4f5 a8b8 b1a3 d7d5 e2e3 c6d4 f1b5 c7c6
1741,e2e3 b7b5 e1e2 b5b4 a2a3 c8a6 d2d3 c7c6 h2h3 g8h6 d1d2 h8g8
1742,e2e3 g8f6 b2b4 g7g6 g1h3 h8g8 e1e2 b7b6 a2a4 c8a6 b4b5 d7d5
1743,a2a4 b7b6 d2d3 c7c6 h2h3 d7d5 c2c4 e7e6 c1g5 c8a6 g1f3 b8d7
1744,a2a4 b8c6 a4a5 g7g6 h2h3 c6a5 g2g4 b7b6 e2e3 c8a6 b1a3 f8g7
1745,e2e4 e7e5 d2d4 e5d4 g1f3 g8e7 g2g4 e7c6 b2b4 f7f6 c1d2 b7b5
1746,b2b4 a7a6 g2g3 f7f6 f1h3 b7b5 f2f3 g7g5 e1f2 a6a5 e2e3 f6f5
1747,h2h3 e7e6 g2g4 c7c5 d2d4 f7f6 a2a4 b7b5 c1d2 g7g5 h1h2 g8h6
1748,h2h3 h7h5 e2e4 d7d5 e4d5 b8d7 f2f3 a7a6 g2g4 f7f6 b2b3 a8b8
1749,c2c3 g7g5 e2e4 c7c5 e1e2 c5c4 d2d4 b8c6 d1a4 g8f6 c1g5 d7d5
1750,b2b3 g8h6 h2h4 d7d5 b1a3 a7a5 f2f3 c7c5 b3b4 h6g8 g2g3 a8a6
1751,h2h3 a7a6 h1h2 d7d5 d2d3 a8a7 c1e3 h7h5 c2c4 b7b6 e3d2 g7g6
1752,b2b4 a7a6 g2g3 d7d6 h2h4 a8a7 c1a3 e7e6 a3c1 h7h6 e2e3 e8e7
1753,c2c4 d7d5 d2d3 c7c5 h2h3 g7g6 c1g5 c8d7 g2g3 f7f6 d1c2 e7e6
1754,b1a3 e7e5 f2f4 f8a3 h2h3 d7d6 d2d4 e5d4 d1d4 g8f6 g2g4 d6d5
1755,h2h3 d7d5 d2d3 d5d4 b2b4 a7a5 a2a3 b7b5 h1h2 a5b4 c1g5 a8a7
1756,b1c3 b7b5 c3d5 c8b7 a1b1 e7e6 d2d4 g7g6 g1f3 c7c6 b2b3 c6d5
1757,h2h3 d7d5 f2f4 b7b6 d2d4 e7e5 a2a4 e8e7 g2g3 c8a6 e2e3 c7c6
1758,h2h3 g7g5 b2b3 e7e5 c1a3 c7c6 h1h2 g8f6 c2c4 f6d5 a3b2 f8b4
1759,d2d4 a7a6 a2a3 f7f6 b1d2 b7b5 e2e3 d7d6 g1f3 g7g5 a1a2 c7c5
1760,h2h3 d7d5 e2e3 c8e6 g2g3 h7h6 f1c4 h8h7 d1g4 h6h5 g4e6 f7f6
1761,b2b3 c7c5 c1a3 a7a5 g2g3 a8a7 d2d4 f7f6 f2f4 e7e6 d4c5 d7d5
1762,b2b3 b7b5 c1a3 h7h5 f2f4 g7g6 c2c3 d7d6 d2d4 c8h3 e2e3 h8h7
1763,e2e3 g8f6 b2b4 e7e6 f2f3 e8e7 d2d4 a7a6 g2g3 d7d5 f3f4 a6a5
1764,d2d4 b7b5 c1d2 e7e6 a2a4 c7c5 f2f3 d8f6 a4b5 e8d8 a1a3 d7d5
1765,c2c3 c7c5 c3c4 d7d5 d2d4 f7f6 c1d2 c8d7 c4d5 c5d4 d2a5 b8c6
1766,b1c3 c7c5 a2a4 d8b6 e2e4 f7f5 d2d4 e8d8 e1e2 f5f4 g1f3 g8h6
1767,d2d4 f7f5 c1e3 g7g6 b2b3 h7h5 d4d5 d7d6 e3c5 f8h6 g2g3 d6c5
1768,a2a4 b7b5 a4a5 h7h6 h2h3 d7d6 g2g4 d8d7 d2d4 e8d8 f2f3 e7e6
1769,b2b3 a7a5 g2g3 f7f5 h2h4 d7d5 d2d3 h7h6 c2c4 h8h7 c4c5 h7h8
1770,b2b3 a7a5 b1a3 e7e6 a3b5 g7g6 f2f3 h7h5 h2h4 f8b4 c2c3 d7d5
1771,a2a4 d7d6 d2d4 a7a5 e2e4 g7g6 e1e2 b8d7 g2g4 h7h6 e4e5 a8a7
1772,b2b3 g7g6 c1a3 h7h5 g2g4 g8f6 a3c5 h8g8 g4h5 b7b6 h5g6 d7d6
1773,e2e4 g7g6 g2g4 h7h6 g4g5 d7d5 f1h3 a7a5 a2a4 a8a6 b1a3 h6h5
1774,h2h3 d7d6 e2e3 h7h6 d2d3 g7g5 d1h5 c7c5 a2a3 b7b5 h1h2 e7e6
1775,g2g4 b7b5 e2e3 c8b7 e1e2 b5b4 a2a3 c7c6 g1f3 b4a3 h2h4 e7e6
1776,b2b3 e7e6 c1a3 a7a5 a3c5 f8c5 e2e4 c5b4 h2h4 f7f6 h1h3 b8a6
1777,h2h3 b8a6 e2e3 d7d5 f1d3 a8b8 g2g3 d5d4 a2a4 b7b5 f2f3 f7f6
1778,a2a4 e7e5 g1h3 d7d5 h1g1 e8e7 f2f3 h7h5 b2b4 a7a5 h3f2 h5h4
1779,d2d3 g7g5 g2g3 c7c5 h2h3 f8g7 c1g5 d7d5 d1d2 f7f5 a2a3 d8d7
1780,g2g3 f7f6 b2b3 f6f5 d2d4 g7g6 c1d2 a7a5 d2a5 g8f6 b1d2 e7e6
1781,f2f3 d7d6 b2b4 g8f6 g2g3 d8d7 e2e3 b7b6 c1b2 g7g6 b1c3 h8g8
1782,a2a4 g7g6 d2d4 b8a6 b1d2 b7b6 d4d5 f7f5 a4a5 e7e6 a1b1 c8b7
1783,h2h3 c7c6 e2e3 g8f6 a2a3 e7e6 g2g3 e8e7 a3a4 a7a5 d2d4 h7h6
1784,h2h3 c7c6 c2c4 b7b6 h3h4 e7e5 d2d3 f8b4 b1d2 d8c7 h4h5 g8e7
1785,e2e3 b7b6 c2c4 g8f6 a2a4 d7d5 g1f3 e7e6 d2d4 g7g6 e1e2 b6b5
1786,b2b4 b8c6 a2a4 g7g5 d2d3 f7f5 e2e3 e7e5 g1f3 c6d4 a4a5 f8g7
1787,h2h3 h7h5 d2d3 d7d6 g2g4 e8d7 d1d2 b8a6 a2a4 g7g5 d3d4 d6d5
1788,h2h3 g8f6 g2g4 b8c6 e2e3 a7a6 g1f3 e7e6 e1e2 h7h5 f3g5 d7d6
1789,h2h4 g7g6 f2f3 b7b6 g2g3 c8a6 b2b4 a6c4 e2e3 a7a5 f1c4 a5b4
1790,a2a3 c7c5 e2e3 b7b5 h2h4 e7e6 e1e2 f7f5 g2g4 c5c4 a3a4 f5f4
1791,d2d3 b8a6 a2a4 f7f5 h2h3 c7c6 b2b4 a6b4 f2f4 b7b6 d3d4 c8b7
1792,h2h3 f7f6 d2d3 e7e6 a2a4 e8f7 b1d2 d7d6 a1a2 a7a5 e2e3 e6e5
1793,h2h3 g8f6 e2e3 d7d5 a2a4 e7e6 e1e2 h7h6 g2g4 f6g4 h3g4 f7f5
1794,h2h3 c7c6 e2e3 e7e6 c2c3 b7b5 g1f3 b5b4 d2d4 g7g5 c1d2 d7d5
1795,b2b3 g8h6 c1a3 a7a5 b1c3 d7d5 a3c5 h6f5 c3b1 b8d7 h2h4 d7b6
1796,a2a4 f7f5 d2d4 e7e5 g2g4 e5d4 e2e4 g7g6 d1d4 f5e4 d4c3 b8c6
1797,h2h3 g8f6 a2a4 d7d5 d2d3 c8h3 d3d4 b8c6 g2g4 a8b8 b1d2 c6b4
1798,g1h3 h7h6 a2a4 d7d6 d2d4 c8f5 c2c3 g7g6 e2e3 g8f6 d4d5 b8c6
1799,h2h3 d7d5 d2d3 b7b6 g2g3 c8e6 e2e3 h7h5 a2a3 d5d4 g1f3 a7a5
1800,b1c3 g8f6 f2f4 b8a6 h2h3 c7c6 e2e3 e7e5 g1f3 g7g5 f4g5 a6c7
1801,h2h3 d7d5 e2e3 c8e6 g2g4 h7h5 f2f3 a7a5 d2d4 f7f6 e1d2 a8a7
1802,g1f3 g8f6 a2a4 f6e4 b2b4 f7f5 f3e5 c7c5 d2d4 d8b6 f2f3 g7g6
1803,b1c3 g7g6 g1f3 h7h5 g2g3 b8a6 f3g1 f7f5 a2a4 d7d6 g3g4 c8e6
1804,h2h3 e7e6 b2b4 a7a6 e2e3 b7b6 f1e2 f8c5 e2h5 d7d5 e1e2 g7g6
1805,h2h3 d7d6 e2e3 c8f5 g1f3 c7c5 e1e2 e7e6 a2a4 d6d5 d2d4 g8f6
1806,c2c4 b7b5 b1a3 f7f6 d1b3 g8h6 g2g4 b5c4 a1b1 e7e5 d2d3 d7d6
1807,h2h3 d7d5 e2e3 h7h6 a2a4 a7a5 e3e4 a8a6 g1f3 h6h5 f3e5 f7f5
1808,h2h3 g8f6 a2a4 d7d5 e2e3 e7e5 g1f3 e5e4 g2g3 e8e7 a1a2 h7h5
1809,g1h3 h7h6 g2g3 f7f6 d2d3 e7e5 a2a3 d8e7 c1g5 c7c6 c2c4 e7b4
1810,h2h3 d7d5 e2e3 g8f6 g2g4 b8c6 g1f3 h7h6 b2b4 a7a5 e1e2 a8a6
1811,g2g3 g7g5 h2h3 g8f6 d2d3 d7d6 b2b4 h7h5 c1g5 f6g8 f1g2 h8h7
1812,h2h3 g7g6 f2f3 b7b6 e2e4 c8a6 f1a6 f8h6 c2c3 b8a6 a2a4 d7d6
1813,e2e3 e7e5 h2h3 d7d5 g2g3 e8e7 a2a3 c8e6 e1e2 e5e4 d2d4 d8d6
1814,h2h3 g8f6 e2e3 d7d5 a2a4 b8c6 e1e2 d5d4 b2b4 g7g6 d2d3 f8h6
1815,b2b4 b7b6 e2e4 c8a6 c2c4 g7g6 g2g4 e7e5 g1f3 b8c6 g4g5 h7h5
1816,e2e3 b7b5 e1e2 e7e6 a2a4 c7c5 e3e4 f7f5 d2d4 f5f4 c1d2 c5d4
1817,h2h3 g8h6 d2d3 a7a6 a2a3 d7d5 a3a4 d5d4 c1g5 b7b5 a4a5 b8d7
1818,c2c4 g8f6 f2f4 d7d5 h2h4 b8c6 d2d3 a8b8 c1d2 a7a5 d2c3 e7e6
1819,g2g3 g7g5 f1h3 f7f6 e2e4 b8c6 d1h5
1820,h2h3 f7f6 d2d3 e7e6 b1c3 b7b5 a2a4 g7g6 d3d4 f8d6 f2f3 e8f8
1821,g1h3 h7h6 a2a4 d7d6 c2c4 a7a5 d2d4 b8d7 d4d5 b7b5 f2f3 g7g6
1822,g1h3 d7d5 f2f4 g8f6 c2c4 b8c6 d1b3 c8h3 g2g4 f6e4 f1g2 h7h5
1823,b1c3 d7d6 g1f3 h7h6 c3d5 a7a5 a1b1 c7c5 a2a4 g7g6 d2d4 b7b5
1824,h2h3 b8c6 b2b3 b7b6 c1a3 c8a6 g2g3 c6b4 e2e3 g7g6 a3b4 d7d5
1825,e2e3 e7e6 e1e2 e8e7 d2d3 h7h6 b1c3 g7g6 h2h3 d7d5 b2b4 e6e5
1826,a2a4 e7e5 g1h3 f7f5 b1a3 e5e4 b2b3 c7c6 h1g1 h7h5 a4a5 e4e3
1827,a2a4 g7g6 e2e4 e7e5 g1f3 f7f5 d2d3 b8c6 a1a3 d8h4 d3d4 e5d4
1828,g2g3 f7f5 h2h4 d7d5 b2b3 d5d4 d2d3 a7a5 c1b2 b8a6 b2d4 d8d4
1829,b2b3 a7a5 g2g3 d7d5 f1h3 d5d4 c1a3 g8h6 a3c5 d8d5 b1c3 f7f6
1830,c2c4 d7d5 d2d3 g8f6 g2g4 e7e6 c4c5 a7a6 c1f4 d5d4 d1c1 d8d5
1831,a2a3 h7h5 d2d3 g7g6 d1d2 b7b5 g2g4 h5h4 g4g5 e7e6 a3a4 d7d6
1832,c2c4 b7b5 a2a3 h7h6 e2e3 a7a5 e1e2 d7d6 d1c2 h8h7 d2d3 b8d7
1833,h2h3 c7c6 e2e3 g7g5 f2f3 f8g7 c2c4 f7f5 g2g4 b7b6 a2a3 e8f7
1834,b2b3 g7g6 c1a3 h7h5 g2g3 d7d6 a3c5 f7f5 d2d3 f5f4 d3d4 c8g4
1835,c2c4 b7b5 b1c3 g7g6 f2f3 b5c4 c3d5 b8a6 a1b1 f8h6 a2a3 f7f6
1836,c2c4 d7d5 e2e3 g8f6 a2a4 a7a5 e1e2 e7e5 g1f3 e8e7 d1c2 f6h5
1837,a2a4 d7d5 e2e3 f7f5 d2d4 h7h6 a4a5 h8h7 b2b3 c7c6 c2c4 d8c7
1838,h2h3 a7a6 f2f4 h7h6 e1f2 d7d6 c2c3 f7f5 g2g4 d6d5 e2e3 a6a5
1839,b2b3 a7a5 c1a3 h7h6 b1c3 d7d5 e2e4 c8d7 f2f3 c7c5 f1a6 e7e6
1840,g2g3 g7g6 h2h4 g6g5 b2b3 d7d6 d2d4 d8d7 c1g5 h7h6 d4d5 h6g5
1841,e2e3 a7a5 e1e2 a8a7 d2d4 b8c6 c1d2 c6b4 e3e4 f7f6 a2a3 b4c2
1842,g1h3 h7h6 c2c3 e7e6 b2b4 c7c6 h3g5 f8b4 e2e3 e8e7 g5h3 g8f6
1843,h2h3 d7d6 e2e3 h7h6 c2c3 a7a5 e1e2 e7e6 b2b4 g7g6 b4a5 a8a7
1844,f2f4 d7d6 c2c4 d6d5 g2g4 b7b6 e2e4 c8a6 a2a3 d5e4 f1g2 h7h5
1845,c2c4 d7d5 e2e3 e7e5 g2g4 a7a5 b2b4 e8e7 e1e2 g8h6 c1b2 d5c4
1846,b2b3 a7a5 d2d3 d7d5 f2f3 b8d7 c2c4 c7c5 d1c2 e7e6 c4d5 d7f6
1847,e2e3 b7b5 b2b4 a7a6 g2g3 a8a7 c1a3 d7d6 d2d3 b8d7 h2h4 h7h6
1848,h2h3 g8f6 e2e3 d7d5 a2a4 b8c6 g1f3 e7e6 e1e2 g7g6 a4a5 e8e7
1849,b2b3 a7a5 d2d4 e7e6 e2e4 g7g6 h2h4 d7d5 e4d5 h7h5 d1e2 c7c5
1850,g1h3 h7h6 c2c3 d7d6 d2d4 a7a5 e2e4 h8h7 h1g1 c7c5 b1a3 c8h3
1851,d2d3 d7d6 b1c3 c7c5 g2g3 c8d7 d3d4 c5c4 c1h6 f7f6 b2b3 g8h6
1852,b2b3 a7a5 c1a3 h7h6 b1c3 e7e6 e2e4 f8b4 d1e2 a8a7 g1h3 g7g5
1853,d2d4 b8a6 e2e4 g8h6 b1a3 a8b8 h2h4 d7d5 g2g3 f7f6 a1b1 h6f7
1854,h2h3 g8f6 b2b4 d7d5 d2d3 b7b6 g2g3 e7e5 h3h4 h8g8 e1d2 e5e4
1855,d2d3 b8c6 d3d4 h7h6 e1d2 a8b8 d4d5 e7e5 g2g3 e8e7 g1h3 d7d6
1856,h2h3 h7h5 c2c3 e7e6 f2f3 g8f6 h3h4 c7c5 g2g3 e6e5 e1f2 a7a5
1857,f2f3 e7e6 b2b4 e8e7 e2e3 a7a5 g2g3 g8f6 f3f4 d7d5 d2d4 h8g8
1858,g1h3 h7h6 d2d4 d7d6 c2c3 g7g5 e2e3 d6d5 d1d2 g8f6 f2f3 h8g8
1859,h2h3 h7h5 e2e4 d7d5 a2a4 g8f6 c2c4 e7e5 e1e2 e8e7 d2d4 c8f5
1860,g2g3 g7g6 h2h4 b8a6 d2d3 g6g5 b2b3 f8g7 c1g5 c7c5 h1h2 a8b8
1861,b2b4 b7b5 h2h4 g7g5 d2d3 d7d6 e1d2 h7h5 g2g3 f8g7 c1a3 e8f8
1862,a2a4 h7h6 d2d4 f7f5 b2b4 b8a6 h2h3 c7c6 g2g4 h6h5 h1h2 b7b6
1863,g2g3 b7b5 h2h4 f7f6 b2b3 c8a6 b1c3 h7h5 c1b2 g7g5 b2a3 b5b4
1864,h2h3 d7d6 d2d3 a7a5 c2c4 b7b5 b2b4 h7h6 d1b3 g8f6 g2g3 a8a6
1865,h2h3 g8f6 d2d3 d7d5 c1g5 e7e6 a2a3 e8e7 g5f6 e7f6 g2g4 f6e7
1866,h2h3 d7d5 e2e3 c8e6 a2a4 b8c6 a4a5 h7h6 d2d4 h8h7 f1c4 d5c4
1867,g1h3 d7d6 g2g3 h7h6 b2b4 a7a5 c1b2 g7g6 b2h8 h6h5 h1g1 c8h3
1868,f2f4 b7b6 h2h4 b8a6 d2d3 f7f5 c2c4 e7e6 g2g3 c7c5 b2b4 a6b4
1869,g1h3 c7c5 d2d4 g7g6 g2g3 b8a6 a2a4 f7f5 e2e4 c5d4 c2c4 f5e4
1870,b2b4 g7g6 g2g4 h7h5 g4h5 b7b6 a2a4 b6b5 d2d4 f7f6 f1g2 e7e6
1871,e2e3 b7b5 f1b5 e7e5 e1e2 a7a5 a2a4 a8a7 d2d4 c7c6 g2g3 c6b5
1872,g2g4 g8f6 c2c4 d7d5 f2f4 c8d7 d1a4 f6e4 d2d4 e7e5 e1d1 e5d4
1873,h2h3 d7d6 e2e3 h7h6 e1e2 a7a5 a2a4 a8a7 g1f3 b7b5 d2d4 c7c6
1874,e2e3 a7a5 h2h3 a8a7 d2d3 d7d5 c2c4 e7e5 d3d4 f8a3 g1f3 a7a8
1875,g1h3 h7h6 g2g3 d7d6 c2c4 h6h5 f2f4 g7g6 f4f5 f7f6 e2e4 c7c5
1876,g1f3 b7b6 d2d4 h7h5 c2c4 h5h4 e2e3 g7g5 a2a3 h8h5 a3a4 b6b5
1877,d2d3 e7e6 h2h3 c7c5 a2a4 d7d5 g2g4 b7b5 c2c4 d5d4 b2b4 f7f6
1878,h2h3 d7d5 e2e3 c8e6 e1e2 g8h6 d1e1 g7g6 a2a4 h8g8 g2g4 h6g4
1879,g1h3 h7h6 d2d3 e7e6 a2a4 d7d6 d3d4 d8d7 c1f4 c7c5 d4d5 a7a6
1880,e2e4 a7a6 g2g4 a8a7 f2f4 h7h6 e4e5 h8h7 g1f3 d7d6 f1h3 e8d7
1881,h2h3 d7d6 e2e3 h7h6 e1e2 e7e6 a2a4 a7a5 d2d4 g7g6 b2b4 d6d5
1882,g2g3 g7g6 h2h4 h7h5 f2f3 b7b5 d2d3 d7d6 e1f2 c7c5 c1g5 g8h6
1883,b2b4 c7c5 f2f3 e7e6 c1a3 d7d6 e2e3 d8d7 f3f4 c5c4 b1c3 a7a6
1884,b2b3 a7a5 c1a3 d7d6 b1c3 h7h6 g2g3 b7b6 c3b1 h8h7 d2d4 a5a4
1885,h2h3 d7d6 g2g4 h7h5 d2d3 c8e6 c2c4 h8h6 d1d2 d6d5 b1c3 g7g5
1886,g1h3 g7g6 c2c4 h7h5 e2e4 d7d6 a2a4 b8c6 e1e2 f7f5 e4e5 e8d7
1887,a2a4 h7h6 c2c4 a7a5 h2h3 b7b5 d2d3 d7d6 c4c5 b5a4 b2b3 f7f6
1888,g2g3 e7e6 h2h4 b7b5 g1h3 a7a5 b1c3 c7c5 h1g1 b8a6 a2a4 a8a7
1889,h2h3 d7d6 c2c4 h7h6 d2d3 g8f6 g2g3 h8g8 g3g4 g7g5 c4c5 e7e6
1890,h2h3 d7d6 e2e3 a7a5 e1e2 h7h6 a2a4 b7b5 e2f3 b5a4 f1b5 b8c6
1891,b1c3 e7e5 f2f3 f7f6 d2d4 h7h5 a1b1 f8d6 e2e4 e8e7 g1e2 g7g6
1892,h2h3 g8f6 e2e3 e7e5 a2a3 d7d5 g2g4 e8e7 e1e2 b8c6 b2b4 a7a5
1893,h2h3 g7g6 b2b4 h7h5 d2d3 c7c6 h1h2 g8h6 d1d2 e7e6 e1d1 e8e7
1894,a2a3 h7h6 a1a2 e7e6 c2c4 g7g6 a3a4 a7a6 f2f3 d7d6 b1c3 d8h4
1895,a2a3 f7f5 e2e3 b8c6 b2b4 a7a6 d1h5 g7g6 c2c3 e8f7 g1h3 a6a5
1896,b2b4 b7b5 g2g3 g7g6 h2h4 h7h5 f2f4 d7d6 d2d3 d8d7 e2e3 f7f5
1897,c2c4 d7d5 d2d3 g8f6 c4d5 e7e6 d1a4 b7b5 e1d2 f8e7 d5e6 f7e6
1898,a2a4 a7a6 d2d4 d7d5 a4a5 b8d7 h2h3 e7e5 g1f3 f8a3 h1h2 f7f5
1899,e2e3 g7g6 f2f3 h7h5 e3e4 d7d6 h2h3 d8d7 c2c4 f8h6 a2a4 e7e5
1900,c2c4 g8f6 f2f4 g7g5 d2d4 e7e5 d1b3 b8c6 b3b7 g5f4 e2e3 d7d5
1901,b2b3 a7a5 c1a3 e7e6 a3c5 d7d5 e2e4 f8c5 f1c4 c5f2 e1e2 d5c4
1902,d2d3 e7e6 d3d4 g7g6 c1e3 f7f6 h2h3 f8b4 b1c3 b8a6 h1h2 f6f5
1903,c2c4 d7d6 e2e3 a7a5 d1h5 a8a6 f2f4 h7h6 b2b4 b7b6 d2d4 h8h7
1904,b2b3 a7a5 c1a3 h7h6 a3c5 d7d6 g2g3 d6c5 d2d4 c5d4 e2e4 h8h7
1905,e2e3 a7a5 f1d3 e7e5 e1e2 g7g5 b2b4 d7d5 f2f3 a5b4 d1e1 h7h6
1906,e2e4 h7h6 h2h3 e7e5 g1f3 d7d6 b1a3 a7a5 b2b3 g7g6 f1e2 e8e7
1907,b2b3 a7a5 c1a3 e7e6 a3c5 h7h6 g2g3 d7d5 e2e4 f8c5 e4d5 c5b4
1908,g1h3 d7d5 h3g1 h7h5 f2f3 f7f5 b2b4 b7b6 g2g4 a7a6 e2e4 h8h7
1909,g1h3 b7b5 b2b3 g7g6 f2f4 h7h5 e2e3 d7d6 f1c4 b8d7 c2c3 c7c5
1910,h2h3 h7h6 c2c3 e7e6 g2g4 c7c5 d1c2 a7a5 e1d1 d7d5 e2e3 a8a7
1911,c2c3 g8f6 h2h4 f6d5 d2d4 g7g6 f2f4 b7b6 g2g3 h8g8 f1g2 g6g5
1912,b2b3 a7a5 c1a3 h7h6 g2g3 e7e6 d2d4 g7g5 a3c5 g8f6 a2a4 b8a6
1913,b2b3 g7g6 a2a4 b7b6 h2h4 f7f5 b1a3 c7c6 g2g3 b6b5 d2d3 f8g7
1914,b2b3 d7d5 b1a3 h7h5 f2f3 g7g6 a1b1 f8g7 c2c4 b7b6 a3b5 c8g4
1915,e2e4 g8h6 b2b3 h6f5 d2d4 g7g6 e4f5 d7d5 g2g3 b7b6 f1g2 c8f5
1916,b2b3 d7d6 g2g3 h7h6 a2a4 b8a6 d2d3 a6c5 a4a5 g7g5 h2h4 c5a6
1917,c2c4 d7d6 g2g4 d6d5 f2f4 f7f5 g4f5 h7h6 b2b4 b7b6 c1a3 d5c4
1918,b2b3 a7a5 c1a3 e7e6 d2d4 b8a6 e2e4 g7g6 g1f3 a8a7 c2c3 a6c5
1919,b2b3 a7a5 g1h3 d7d5 e2e4 e7e5 e1e2 a8a7 d2d4 g7g5 c1d2 f8b4
1920,h2h3 d7d6 e2e3 g8f6 g1f3 d6d5 a2a4 h7h6 b2b4 a7a5 d2d4 g7g5
1921,g1h3 h7h6 a2a4 d7d6 d2d4 a7a5 c1e3 b7b5 h3g1 b5a4 b1a3 g7g5
1922,h2h3 h7h6 b2b3 c7c6 d2d4 h6h5 c1e3 g7g6 f2f3 d7d6 c2c3 c8f5
1923,b2b3 d7d6 c1a3 a7a6 d2d4 h7h5 a3c5 g8f6 g2g3 d6c5 d4c5 e7e6
1924,b2b3 d7d6 d2d3 c7c5 c1a3 d6d5 d3d4 e7e5 a3c5 d8a5 c5b4 a5b5
1925,b2b4 d7d5 g2g3 d5d4 c2c4 c8d7 g1f3 f7f6 e2e4 d4d3 a2a4 e8f7
1926,b2b3 a7a5 c1a3 e7e6 a3c5 h7h6 g2g3 f8c5 d2d4 c5b4 c2c3 g7g6
1927,h2h4 f7f5 d2d3 e7e6 f2f4 b7b5 d3d4 f8c5 a2a4 e8e7 a4b5 c5b6
1928,b2b3 d7d6 g1f3 a7a5 e2e4 h7h6 c2c3 c7c5 e4e5 c8e6 d2d4 h8h7
1929,b2b3 a7a5 a2a4 d7d6 b3b4 b7b5 d2d3 a8a7 h2h3 h7h6 c2c4 f7f6
1930,g1h3 h7h6 a2a4 d7d6 d2d4 a7a5 c1e3 g7g6 h3g1 h6h5 b1d2 d6d5
1931,e2e4 b7b6 d2d4 c8a6 f1a6 g8h6 a2a4 h8g8 e4e5 h6g4 a6b5 g4f2
1932,b2b3 d7d6 g1f3 d6d5 g2g3 g7g6 f3d4 b8c6 h2h4 a8b8 c1a3 c8h3
1933,b2b3 d7d6 d2d3 a7a5 c1a3 h7h6 e2e4 c7c5 a3c5 d6c5 d3d4 g7g6
1934,c2c3 g8f6 c3c4 g7g6 g2g4 b8a6 f2f4 a8b8 d2d3 g6g5 d1c2 g5f4
1935,e2e4 g8h6 g1f3 b7b5 e4e5 c8a6 g2g3 e7e6 f1b5 d8h4 b1a3 h4f4
1936,b2b3 a7a5 c1a3 h7h6 g2g3 d7d6 d2d4 c8e6 g3g4 d6d5 f2f4 g7g5
1937,e2e4 h7h6 d2d4 h8h7 e1e2 b7b5 a2a4 c8a6 h2h3 d7d6 d1e1 b5a4
1938,b2b3 b7b5 c1a3 g7g6 d2d4 h7h5 a3c5 f7f5 g2g3 e7e6 a2a3 f8c5
1939,h2h3 h7h5 f2f3 d7d6 e2e3 a7a5 b2b4 b7b5 h3h4 a8a6 g2g3 b8c6
1940,e2e4 g8h6 g2g4 b7b5 d2d3 f7f6 g4g5 c8a6 e4e5 f6f5 g1f3 c7c5
1941,b2b3 e7e6 a2a3 g7g6 b3b4 e8e7 g1h3 g8h6 b4b5 a7a5 a1a2 c7c5
1942,h2h4 b7b5 g2g3 e7e6 b2b3 f8b4 h4h5 d7d5 e2e4 g8f6 e4e5 a7a5
1943,b2b3 h7h6 d2d3 e7e6 h2h3 c7c6 c1e3 a7a5 g1f3 d8b6 h1g1 d7d5
1944,a2a4 e7e6 d2d4 b8c6 c2c4 d7d5 c1f4 c6b8 a1a2 g8f6 e2e3 a7a5
1945,g1h3 h7h6 c2c3 g7g5 e2e4 c7c5 d1a4 d8b6 e1e2 e8d8 e4e5 f8g7
1946,b2b4 c7c6 c2c4 e7e5 d1a4 e8e7 e1d1 h7h5 d2d4 d7d6 d4d5 g8h6
1947,d2d3 b8a6 b2b3 a6b4 c1a3 d7d5 a3b4 b7b5 b4a3 f7f6 b1d2 a7a5
1948,b2b3 a7a5 c1a3 e7e6 d2d4 c7c5 e2e4 a8a7 a3c5 f7f6 g2g3 g8e7
1949,e2e4 h7h6 h2h4 h8h7 d2d3 d7d6 g1f3 a7a5 g2g3 e8d7 f1h3 d7e8
1950,g2g4 b7b6 c2c4 b6b5 d1b3 f7f6 f1g2 c8a6 g1h3 c7c5 b1a3 d8c7
1951,h2h3 f7f6 d2d3 e7e6 a2a4 b7b5 a1a3 g7g6 b1d2 f8a3 f2f4 c7c6
1952,d2d3 g7g6 f2f4 h7h5 b2b4 d7d6 f4f5 b7b5 d1d2 f7f6 e1d1 e7e6
1953,a2a3 b7b6 d2d4 b8a6 b1d2 g7g6 f2f4 a6c5 a1a2 f7f5 d4c5 c7c6
1954,b2b3 g7g6 c1a3 e7e6 e2e3 f7f5 g1f3 f5f4 c2c3 f8b4 d2d4 b8a6
1955,b1c3 g8f6 a2a4 g7g6 d2d4 b8a6 g2g3 f6g8 c3a2 g6g5 h2h4 b7b5
1956,c2c4 d7d5 e2e3 e7e5 c4d5 a7a5 f2f3 e8e7 g2g3 h7h6 b2b4 c8d7
1957,g2g4 b7b6 b2b4 c8a6 c2c4 a6c4 d2d3 e7e5 c1f4 f7f5 d1d2 g7g6
1958,h2h3 g7g6 e2e4 g8f6 e4e5 b7b6 h1h2 f6e4 a2a4 f7f6 f1b5 e4d6
1959,b2b3 a7a5 b3b4 a5a4 d2d4 g8h6 d4d5 b7b5 f2f3 b8a6 h2h4 e7e5
1960,a2a3 f7f5 d2d4 g7g6 f2f4 h7h5 d4d5 d7d6 d1d3 f8g7 e2e4 b7b5
1961,h2h3 b7b6 d2d4 b8c6 a2a3 f7f6 a3a4 h7h6 c1f4 c6d4 f4e3 c7c6
1962,e2e3 b7b5 e1e2 a7a6 f2f4 b5b4 a2a3 b4a3 h2h3 d7d5 f4f5 e7e5
1963,h2h3 c7c6 c2c3 e7e6 e2e4 e8e7 e1e2 g8f6 g2g4 h7h6 d2d4 d7d5
1964,b2b3 g8h6 g2g3 a7a5 f1g2 b7b5 c1b2 g7g6 c2c3 c7c5 f2f4 d7d5
1965,g2g4 b7b5 c2c4 f7f5 g4f5 e7e6 c4b5 g7g6 d2d4 c8a6 b1c3 f8d6
1966,b2b3 d7d5 c1a3 h7h6 g2g3 c8e6 a3c5 a7a5 g1f3 f7f5 h2h3 b8d7
1967,f2f3 d7d6 b2b4 h7h6 e2e3 a7a5 g2g4 c8g4 e1e2 a8a7 d2d4 f7f5
1968,b2b4 b7b5 g2g3 a7a6 f2f3 a6a5 g3g4 d7d6 f3f4 a8a6 e1f2 h7h6
1969,f2f3 g8f6 h2h4 c7c6 d2d4 e7e5 c1g5 b7b5 b1c3 f8e7 g5d2 h8g8
1970,b2b4 g7g6 a2a4 b7b5 a1a2 c8a6 d2d3 c7c5 e1d2 c5c4 d3c4 d7d5
1971,g1h3 d7d5 b2b3 c8d7 d2d4 g8f6 c1e3 g7g6 h3f4 f8g7 h1g1 d7b5
1972,e2e3 b7b5 e3e4 g8h6 g1f3 c8a6 e4e5 c7c5 g2g3 f7f5 b1a3 b5b4
1973,h2h4 c7c6 g2g3 e7e5 d2d4 f8d6 h1h2 e8e7 c2c4 d6b4 b1c3 b8a6
1974,e2e4 g8h6 g2g4 g7g5 e4e5 h6g4 g1f3 b8c6 c2c3 a8b8 h2h4 g4f2
1975,h2h3 c7c6 e2e3 e7e6 f1b5 d7d5 g1f3 d8d7 e1e2 f7f5 b5d3 b7b6
1976,h2h3 a7a5 d2d3 d7d6 a2a4 b7b5 b2b4 b5a4 b4a5 f7f6 b1c3 h7h5
1977,a2a4 b7b5 b2b3 f7f5 d2d4 e8f7 c2c3 e7e6 c1g5 f5f4 g5f6 c7c6
1978,e2e3 g8f6 b2b4 d7d5 f2f3 b8c6 g2g3 e7e6 c1b2 a7a5 f1c4 e8d7
1979,g2g4 b7b5 c2c3 c7c5 c3c4 d8c7 b2b3 d7d5 h2h3 f7f6 g1f3 a7a5
1980,h2h3 g8f6 a2a4 a7a6 e2e3 e7e5 e1e2 d7d5 a4a5 e5e4 c2c4 g7g6
1981,h2h3 e7e5 c2c4 g8f6 d2d3 d7d5 c1g5 f8a3 f2f3 a7a5 h1h2 c7c6
1982,b2b3 a7a5 c1a3 h7h6 d2d4 e7e5 e2e4 h8h7 c2c3 d7d5 f1b5 b8c6
1983,g1h3 h7h6 h3f4 d7d6 d2d4 a7a5 b2b3 c7c5 e2e3 c5d4 c2c3 b7b6
1984,d2d4 d7d5 a2a3 g8f6 a3a4 c8e6 g1f3 h8g8 g2g3 f6d7 f1h3 a7a5
1985,g1f3 a7a5 b2b4 b7b6 e2e4 b8a6 d2d4 f7f6 c2c4 h7h6 e1e2 d7d6
1986,e2e4 b8c6 g2g4 a8b8 h2h3 c6d4 d1f3 h7h6 b1a3 g8f6 e4e5 d4f5
1987,g1h3 h7h5 h3g5 b7b6 f2f3 g8f6 a2a4 d7d5 a1a2 g7g6 g5f7 h8g8
1988,d2d4 b7b5 c1d2 f7f6 a2a4 b5b4 f2f4 d7d5 c2c4 d8d7 b1c3 b4b3
1989,g1h3 f7f5 h3f4 g7g5 e2e4 f8g7 b1c3 b8a6 f1a6 b7a6 f4e2 g5g4
1990,d2d3 d7d5 d3d4 f7f6 g1f3 b7b5 b1c3 c8f5 a2a4 g7g6 e2e3 a7a5
1991,d2d4 g7g6 d4d5 b7b5 f2f3 d7d6 c1d2 h7h6 a2a4 c8g4 h2h4 b5a4
1992,b1c3 d7d5 f2f3 h7h6 d2d4 b8c6 a1b1 a8b8 c3d5 c8d7 a2a4 g8f6
1993,d2d4 f7f6 f2f4 b7b5 h2h3 d7d6 a2a4 b5a4 d1d2 a7a5 c2c3 h7h6
1994,b2b3 a7a5 a2a4 b7b6 c1a3 g8h6 d2d3 c8a6 a3b4 d7d5 g2g3 h6f5
1995,e2e3 a7a5 b1a3 g7g6 g2g3 h7h6 f1b5 e7e6 f2f4 f7f5 a1b1 f8e7
1996,b1c3 h7h5 g1f3 b7b5 e2e4 c8a6 a1b1 g7g6 c3b5 h5h4 e4e5 f7f6
1997,h2h3 h7h5 a2a4 d7d5 e2e3 f7f6 c2c4 a7a5 a1a3 e7e5 a3b3 c7c5
1998,c2c3 e7e6 c3c4 g7g6 g2g3 c7c5 b2b4 f7f5 g3g4 f5f4 e2e3 d8h4
1999,g2g3 g7g6 b2b3 b7b6 c1a3 d7d5 f1h3 f8g7 d2d4 c8f5 a3d6 g7e5
2000,a2a4 f7f5 h2h3 d7d5 d2d3 d5d4 f2f4 h7h6 c2c4 a7a5 c1e3 d8d6
2001,b2b3 g7g6 c1a3 b7b5 g2g3 h7h5 d2d4 c8a6 c2c4 d7d5 d1c2 h8h7
2002,g2g3 c7c5 b2b4 e7e5 c1a3 b8a6 h2h4 d8b6 h1h3 g7g5 g3g4 f8e7
2003,h2h4 f7f6 f2f3 e7e5 b2b4 a7a5 a2a4 d7d5 b4a5 a8a5 h1h2 c8d7
2004,b2b3 g7g6 g2g3 g6g5 f1h3 e7e5 e1f1 c7c6 c1a3 b8a6 h3g2 g5g4
2005,e2e4 g7g6 g2g4 g8h6 a2a3 b8a6 f2f4 c7c5 b1c3 g6g5 f1c4 g5f4
2006,h2h3 d7d6 g2g4 h7h5 g1f3 f7f6 d2d4 b7b5 a2a4 b5a4 a1a3 d8d7
2007,f2f4 b7b6 h2h4 c8a6 d2d4 a6c4 g2g3 d7d6 h1h2 g7g6 b2b4 d8d7
2008,b2b4 g8f6 h2h4 e7e5 e2e3 f8b4 f1e2 e8e7 g2g4 f6d5 h1h3 d7d6
2009,g2g4 b7b5 c2c3 e7e6 b2b3 c7c5 f1g2 f8d6 e1f1 d6f4 g2b7 c5c4
2010,c2c4 d7d5 e2e4 e7e5 g1f3 e8e7 c4d5 c8d7 d2d3 g7g5 h2h4 g5g4
2011,c2c4 d7d5 d2d3 c7c5 h2h3 e7e6 g2g3 g8f6 c1g5 e8d7 g5f6 b7b5
2012,g2g3 d7d5 b2b4 a7a5 c1a3 f7f5 b4a5 d8d6 a3b4 a8a6 d2d3 b7b5
2013,h2h3 d7d6 c2c4 h7h6 d2d3 c7c5 d1d2 a7a5 a2a4 c8d7 g2g4 d7g4
2014,b2b4 a7a6 h2h4 b8c6 f2f3 a8b8 g2g3 c6d4 f1h3 d7d6 e2e3 d6d5
2015,e2e3 d7d6 a2a3 a7a5 e1e2 a8a7 h2h3 h7h6 d2d3 b8d7 b2b4 a5a4
2016,h2h3 g8f6 a2a4 c7c6 e2e3 e7e5 g1f3 d7d5 g2g4 e8e7 f3e5 c8g4
2017,a2a3 g7g6 d2d3 b7b5 f2f4 d7d6 e2e3 h7h6 h2h3 c8g4 f4f5 b8c6
2018,d2d3 g7g6 c1g5 b7b6 c2c4 c8a6 f2f4 h7h6 c4c5 d7d6 d1c2 h8h7
2019,g2g3 h7h5 a2a4 f7f6 a4a5 d7d5 a1a2 b7b5 f2f3 d5d4 h2h4 b8c6
2020,h2h3 a7a5 d2d3 d7d6 a2a4 h7h6 g1f3 g8f6 b2b4 h8g8 b4b5 c7c5
2021,e2e3 f7f6 d1h5 g7g6 e1d1 e7e5 f2f3 b7b6 c2c4 b8a6 f1d3 a6b4
2022,a2a4 b7b6 d2d4 c8a6 h2h3 a6c4 d1d2 d7d5 d2d3 a7a6 d3c4 g8f6
2023,b1a3 e7e5 g1f3 d8h4 a3c4 f7f6 c4e5 c7c5 h1g1 d7d5 d2d4 b8c6
2024,g1h3 h7h5 f2f3 f7f6 e2e4 b7b5 c2c3 d7d6 e1e2 c8e6 d2d3 e6c8
2025,e2e4 f7f6 h2h3 b7b5 c2c3 e7e6 e1e2 c7c5 d1c2 h7h5 g1f3 h8h6
2026,b2b3 g7g6 c1a3 h7h5 a3c5 b7b5 g2g3 d7d6 d2d4 d6c5 f2f3 c5d4
2027,h2h3 a7a6 f2f4 d7d6 c2c4 g7g5 h1h2 h7h6 h3h4 f7f6 e1f2 c7c5
2028,e2e3 b7b5 a2a3 a7a6 h2h3 d7d5 e1e2 a8a7 g1f3 b8d7 a3a4 h7h5
2029,c2c4 g7g6 e2e4 g6g5 d1e2 f8g7 e2e3 c7c5 e1e2 f7f5 g2g4 b8c6
2030,a2a4 d7d5 d2d4 e7e5 g2g3 f7f6 f1g2 g7g6 g3g4 c8d7 a1a3 e5d4
2031,a2a3 g8f6 a3a4 d7d5 d2d4 b8c6 c1g5 a8b8 c2c4 c6d4 g5f6 g7f6
2032,e2e4 g8f6 d2d4 h7h6 e1e2 f6e4 g2g3 e4c3 e2d3 d7d6 c1d2 c8g4
2033,g2g4 d7d6 c2c3 d6d5 e2e4 d5e4 f1c4 c7c6 b2b4 h7h5 e1e2 f7f6
2034,a2a3 f7f6 d2d3 e7e6 h2h3 g7g6 a3a4 b8c6 g2g4 b7b5 d1d2 f8c5
2035,f2f3 b7b5 c2c3 d7d6 b2b3 a7a5 f3f4 h7h6 d2d4 c7c5 d1c2 d8d7
2036,d2d3 e7e5 h2h3 d7d5 h1h2 g8f6 c1e3 a7a5 a2a4 h8g8 e3c5 h7h6
2037,h2h3 d7d6 e2e3 h7h6 g2g4 f7f6 d2d4 b8c6 c2c3 a8b8 b2b4 c6d4
2038,b2b3 a7a5 g2g3 g7g5 c1a3 c7c5 d2d4 f7f5 a3c5 e7e5 h2h4 f8c5
2039,a2a4 a7a6 a4a5 h7h6 d2d4 e7e6 c1g5 a8a7 a1a3 f7f5 d4d5 g8f6
2040,c2c4 d7d5 d2d3 g8f6 c4d5 g7g6 g2g3 b7b5 f2f4 h8g8 b1a3 h7h5
2041,d2d3 g8f6 h2h3 d7d6 g2g4 h7h5 c2c4 e7e5 f2f3 a7a6 g4h5 d6d5
2042,h2h3 d7d6 d2d3 a7a6 c2c4 d6d5 g2g4 e7e5 b1c3 e8e7 c4d5 b8d7
2043,a2a4 a7a6 a4a5 h7h6 d2d4 d7d6 a1a4 c7c5 c2c4 e8d7 c1f4 b7b5
2044,b2b3 d7d6 c1a3 h7h6 d2d4 a7a5 g2g3 c8g4 g1h3 a5a4 h1g1 a4b3
2045,e2e4 h7h6 g1f3 e7e6 d2d4 b7b6 b1a3 g7g5 g2g4 e8e7 d4d5 g8f6
2046,h2h3 d7d6 d2d3 h7h6 c2c3 d8d7 c3c4 f7f6 d1d2 g7g5 d3d4 c7c5
2047,e2e3 a7a5 g2g3 f7f5 e1e2 a8a7 f1g2 b8c6 a2a4 c6d4 e3d4 b7b5
2048,e2e3 b7b5 a2a3 e7e6 b2b4 g8h6 d1f3 g7g6 f3a8 h8g8 f2f4 f7f6
2049,b2b4 d7d6 e2e3 a7a5 a2a4 c8h3 e1e2 g7g6 g1f3 e7e5 c2c3 d6d5
2050,h2h3 d7d6 e2e3 h7h6 e1e2 d6d5 a2a4 c8e6 g1f3 b7b6 g2g4 d5d4
2051,e2e3 a7a5 h2h3 e7e6 e1e2 f7f6 a2a3 g7g6 e3e4 f8h6 c2c4 e8e7
2052,g2g3 f7f5 h2h4 f5f4 b2b4 e7e6 d2d3 b7b5 d3d4 d7d5 c2c4 f8c5
2053,a2a4 f7f5 b1a3 g8h6 g2g4 h6g4 b2b3 c7c5 d2d4 e7e6 h2h4 f8e7
2054,g2g4 h7h6 b1a3 g8f6 c2c4 d7d5 b2b4 f6g4 f2f4 g7g5 c1b2 b8c6
2055,e2e3 g8f6 b2b4 g7g6 g2g3 e7e5 f2f3 e5e4 f1e2 b8c6 e2d3 e4d3
2056,g1f3 b7b6 g2g3 g7g6 b1a3 d7d5 e2e3 d5d4 a1b1 f8h6 f3d4 e8f8
2057,h2h3 e7e6 d2d4 d7d5 a2a4 f8a3 b1c3 d8g5 h1h2 a3b4 a1b1 e6e5
2058,a2a3 f7f5 e2e3 d7d5 c2c3 e7e5 d2d4 e8e7 b2b4 c8d7 g1h3 h7h5
2059,f2f4 h7h6 g2g3 d7d6 e1f2 f7f6 h2h4 h8h7 b1c3 d8d7 d2d3 b8a6
2060,h2h3 b8c6 b1c3 g8f6 g1f3 h7h6 d2d4 d7d6 e2e3 c6b8 b2b4 a7a5
2061,b1c3 g8f6 g1f3 b8a6 f3h4 h7h6 h2h3 a8b8 e2e3 e7e6 f1b5 c7c5
2062,c2c4 b7b5 c4c5 e7e6 b1c3 g7g6 f2f4 f8d6 g2g3 d6c5 a2a4 f7f6
2063,b2b3 a7a5 e2e4 g8f6 c2c4 a8a7 f1d3 b8c6 f2f3 e7e5 c1a3 d7d6
2064,e2e4 h7h6 g1f3 e7e6 d2d4 g7g6 e4e5 h6h5 f1c4 f7f6 c4b5 a7a5
2065,d2d3 e7e6 a2a4 e8e7 h2h3 d7d5 e2e3 a7a5 g2g4 d8d7 d3d4 g8h6
2066,h2h3 b8c6 d2d3 a8b8 c1g5 a7a6 b2b3 c6b4 f2f4 d7d5 c2c3 h7h5
2067,g2g3 a7a5 b2b4 b7b5 b1c3 a8a6 c3b5 a5a4 a2a3 b8c6 f2f3 f7f6
2068,g1f3 b7b5 g2g3 f7f6 h1g1 h7h5 b1c3 d7d6 h2h4 d8d7 d2d3 e8d8
2069,e2e3 a7a5 h2h3 h7h6 e1e2 e7e6 a2a4 d7d6 g1f3 d6d5 d2d4 f8a3
2070,b1c3 h7h6 a1b1 b8c6 c3d5 a8b8 f2f3 e7e6 b2b3 h8h7 b1a1 g7g6
2071,b2b3 a7a5 c1a3 e7e6 a3c5 f8c5 d2d4 c5b4 c2c3 d7d5 e2e4 a5a4
2072,b2b3 a7a5 c1a3 e7e6 a3c5 f8c5 a2a3 d7d5 b3b4 c5b4 a1a2 c7c5
2073,h2h3 d7d6 g2g4 f7f6 b2b3 h7h5 d2d4 a7a6 c2c3 g8h6 d1c2 h6g4
2074,b2b3 a7a5 c1a3 e7e6 e2e4 g7g6 e4e5 a8a7 a3e7 h7h6 g1f3 a5a4
2075,h2h4 e7e5 h1h3 b8c6 h4h5 a8b8 b2b4 f8b4 g2g4 b4d6 h3f3 c6d4
2076,e2e4 g7g6 g2g4 g8h6 d2d3 b8a6 f2f4 a8b8 g1f3 f7f6 d1d2 b7b6
2077,b2b3 a7a5 b1c3 c7c5 a2a4 g7g5 f2f4 h7h6 g1h3 d8c7 h3g5 f7f5
2078,h2h3 a7a5 f2f4 d7d5 g2g3 c7c5 d2d4 c5d4 f1g2 f7f6 g2e4 a8a6
2079,h2h3 d7d6 d2d3 g8f6 c2c4 c8d7 g2g4 a7a6 a2a4 h7h6 c1g5 g7g6
2080,g1h3 h7h6 d2d4 g7g5 c1d2 b8a6 b2b3 e7e6 h1g1 g8f6 f2f3 f8b4
2081,d2d4 b8a6 e2e4 g7g6 c2c4 b7b5 e1e2 a6c5 d4d5 c8b7 c1h6 g6g5
2082,b2b3 a7a5 d2d4 e7e6 c1e3 f8b4 c2c3 e8e7 h2h3 c7c5 h1h2 b8c6
2083,g1h3 h7h5 h1g1 g7g6 g2g3 f7f6 b2b3 d7d6 h3f4 f6f5 c1a3 b8a6
2084,e2e4 g8f6 a2a4 b8c6 d2d4 f6h5 f1a6 g7g6 g1f3 f7f6 e4e5 c6d4
2085,b1c3 e7e5 g1f3 d8f6 a1b1 a7a5 e2e3 g7g5 f3g5 e8d8 a2a4 f6f3
2086,e2e3 h7h5 e1e2 g8h6 d2d4 b8a6 a2a4 g7g5 b2b3 h8g8 e2f3 d7d5
2087,e2e3 e7e5 e1e2 d7d5 g2g3 f7f5 g3g4 f8e7 g4f5 d5d4 a2a3 h7h5
2088,h2h3 d7d6 d2d4 d6d5 a2a4 a7a6 g2g4 b8d7 g1f3 g7g5 e2e3 f8h6
2089,b1c3 e7e6 d2d4 b8a6 h2h4 f8c5 b2b4 d8h4 b4b5 c5d4 h1h2 b7b6
2090,g2g4 b7b5 h2h3 c8b7 b2b3 b7a6 h1h2 b5b4 a2a3 b4a3 b1a3 c7c5
2091,b2b4 a7a6 f2f4 g8h6 h2h4 e7e6 g1h3 h6g8 d2d3 e8e7 e2e3 g8f6
2092,a2a4 f7f5 d2d4 a7a6 b2b4 d7d5 g1h3 e7e5 a4a5 g7g5 b1c3 f8b4
2093,b2b3 a7a5 g2g3 e7e6 c1a3 f8b4 a3b4 d7d5 b4c5 a8a7 b3b4 e8d7
2094,h2h3 g7g6 d2d3 b7b6 c1g5 d7d5 c2c4 c8e6 f2f4 f8g7 d1c2 h7h6
2095,a2a3 f7f5 e2e3 b8c6 c2c4 c6d4 e3e4 a8b8 a3a4 g7g6 g1f3 e7e5
2096,g2g4 e7e5 c2c4 d7d5 c4c5 a7a5 h2h3 e8e7 h1h2 e5e4 d2d3 c8e6
2097,g2g4 f7f6 c2c3 e7e5 e2e4 d7d5 e1e2 c8f5 d1e1 f5d7 f1g2 g7g6
2098,b1c3 f7f6 b2b3 h7h5 f2f4 g7g5 f4f5 c7c5 d2d3 d7d6 c3d5 c8f5
2099,d2d4 d7d5 g1f3 b8d7 e2e3 a7a6 c2c3 f7f5 g2g3 h7h5 h2h4 h8h7
2100,a2a4 a7a6 b2b4 b7b5 a4a5 a8a7 d2d3 d7d6 a1a2 b8d7 c2c4 g7g6
2101,d2d3 d7d5 h2h3 a7a5 a2a4 d5d4 b2b4 f7f6 g2g4 c8f5 b4a5 c7c5
2102,g2g4 f7f6 c2c3 e7e5 e2e4 d7d5 f1g2 c8d7 b2b4 d5e4 d2d4 c7c6
2103,b2b3 g7g6 c1a3 h7h5 d2d4 d7d5 a3c5 h8h6 f2f3 c8f5 a2a4 e7e6
2104,h2h3 d7d6 d2d3 g8f6 c2c4 b7b5 g2g4 a7a5 c4c5 h7h6 f2f3 e7e6
2105,h2h3 d7d6 d2d3 c8h3 e2e3 c7c5 d1d2 a7a5 c2c3 d6d5 d3d4 e8d7
2106,h2h3 d7d6 d2d3 g8f6 c2c4 d6d5 g2g4 h7h6 h3h4 b8c6 b2b4 c8g4
2107,h2h3 d7d5 d2d3 b7b5 d1d2 a7a5 g2g3 e7e6 a2a4 b5a4 g3g4 c7c6
2108,e2e3 a7a6 c2c4 g8f6 d1f3 b7b6 a2a4 b6b5 a1a2 f6h5 b1a3 d7d6
2109,h2h3 d7d5 e2e3 h7h5 e1e2 f7f5 g1f3 e7e5 a2a4 f8e7 g2g3 e5e4
2110,g2g3 d7d6 b2b4 g7g6 c2c4 h7h5 c1a3 c8d7 d2d4 h8h7 e1d2 f7f5
2111,a2a3 h7h6 b2b4 d7d6 e2e3 h8h7 f2f3 c8e6 g2g4 d6d5 d2d4 b8c6
2112,h2h4 f7f6 f2f3 e7e5 b2b3 f8e7 h1h2 b8a6 d2d3 a8b8 h4h5 e7b4
2113,a2a4 b8a6 a4a5 h7h6 e2e3 g7g5 h2h3 h8h7 g1f3 g5g4 a1a3 b7b5
2114,b1c3 f7f5 e2e3 c7c5 e3e4 b7b5 e4f5 c8a6 b2b4 e7e6 c3b5 e6f5
2115,a2a3 g8f6 a3a4 f6g8 c2c4 d7d5 e2e3 h7h6 b2b4 a7a5 b4a5 c8e6
2116,g2g3 h7h5 h2h4 d7d6 d2d3 d8d7 g3g4 g7g5 g1f3 b8a6 d1d2 a8b8
2117,b1c3 h7h6 g2g3 d7d6 b2b4 c8g4 d2d3 g7g5 h2h3 d8d7 h1h2 b8a6
2118,h2h3 d7d6 d2d3 g8f6 g2g3 h7h6 e2e3 a7a5 h3h4 g7g5 b2b4 f6h5
2119,g1h3 h7h5 b1c3 b8c6 h3g1 f7f5 a1b1 e7e6 f2f3 c6e5 d2d4 h8h7
2120,a2a3 g8f6 a3a4 b8c6 c2c4 d7d5 g2g4 c8d7 d2d4 a8c8 h2h3 a7a6
2121,h2h3 d7d6 d2d3 a7a5 a2a4 h7h6 g2g4 d6d5 d3d4 f7f5 e2e4 g7g6
2122,h2h3 h7h5 e2e3 f7f6 c2c3 a7a6 b2b3 e7e6 d2d3 g8h6 c1d2 b7b5
2123,h2h4 b8a6 g1f3 a8b8 e2e4 f7f6 d2d3 a6b4 a2a4 g7g6 e4e5 b7b5
2124,a2a4 c7c5 d2d4 e7e5 g1f3 f8e7 e2e4 e8f8 c1e3 g8f6 c2c4 d8b6
2125,h2h3 a7a5 d2d3 c7c5 a2a4 f7f6 f2f3 d7d5 b1c3 c8d7 d3d4 c5d4
2126,h2h3 g8f6 f2f4 e7e5 d2d4 b8c6 c1d2 d7d5 h3h4 f8d6 e2e4 e5d4
2127,b1c3 d7d5 a1b1 c7c5 d2d4 a7a5 g1f3 b7b5 g2g3 f7f6 e2e3 g7g6
2128,f2f3 b7b6 h2h4 c8a6 b2b4 b8c6 d2d3 c6b4 a2a4 b4c6 h4h5 d7d5
2129,h2h3 d7d6 e2e3 h7h6 e1e2 c7c5 a2a4 b8c6 g1f3 b7b6 a4a5 b6a5
2130,d2d3 h7h6 h2h4 b8a6 b2b4 e7e6 f2f3 f8c5 e2e3 c5b4 c1d2 b4d2
2131,a2a3 g7g5 e2e3 g5g4 e1e2 g8h6 h2h3 h8g8 a3a4 d7d5 g1f3 b8c6
2132,d2d4 b8c6 b2b3 e7e6 e1d2 c6b4 a2a4 f7f5 d4d5 e6d5 g2g4 a8b8
2133,g2g4 e7e6 g4g5 e8e7 c2c4 d7d5 c4d5 a7a5 f2f4 e6d5 b1c3 b7b6
2134,g2g3 d7d6 b2b4 f7f5 e2e3 c7c5 h2h3 h7h5 f2f3 d6d5 g3g4 d8a5
2135,b2b4 d7d5 b1a3 c8d7 e2e4 b8c6 f1a6 g8h6 d1h5 h6f5 g1f3 h8g8
2136,e2e3 g7g5 e1e2 h7h6 b2b4 b7b5 g1h3 a7a6 d2d3 a8a7 e2f3 d7d5
2137,d2d3 e7e6 h2h3 h7h5 g2g3 c7c5 a2a4 g8h6 h3h4 f7f5 b2b4 h6g8
2138,h2h3 d7d6 e2e3 h7h6 c2c3 a7a5 c3c4 g8f6 d2d3 d6d5 d1d2 a8a7
2139,h2h3 h7h5 d2d3 d7d6 c2c4 g7g6 d1d2 a7a5 e1d1 g8h6 b2b3 b8a6
2140,b2b3 d7d5 f2f3 g8f6 g2g3 b8c6 b3b4 e7e6 d2d3 a7a5 b1c3 f8b4
2141,b2b3 b7b5 c1a3 b5b4 g2g3 g7g6 e2e3 g8h6 b1c3 h8g8 c3d5 c7c5
2142,h2h3 d7d6 e2e3 h7h6 g1e2 a7a5 h3h4 g7g5 d2d3 c7c5 e3e4 d6d5
2143,g2g3 d7d5 g3g4 f7f6 c2c3 c8d7 f1g2 d7f5 b2b3 c7c5 d2d4 d8c8
2144,h2h3 g8f6 a2a3 b8c6 a3a4 h7h5 c2c4 g7g6 d2d4 h8h7 f2f3 a7a5
2145,h2h3 g7g5 f2f3 c7c6 c2c3 b7b6 e2e4 d7d5 e1e2 c8a6 e2f2 c6c5
2146,h2h3 d7d6 e2e3 a7a5 e1e2 h7h6 a2a4 d6d5 g2g4 b7b5 g1f3 b5a4
2147,a2a4 g7g6 b2b4 b8c6 c2c4 b7b5 g2g3 b5c4 d2d4 d7d6 c1d2 f7f5
2148,g2g4 h7h5 b1a3 f7f6 f1g2 d7d5 b2b4 c8d7 g4g5 a7a6 f2f3 a8a7
2149,e2e3 b7b5 e1e2 b5b4 a2a3 c8a6 d2d3 b4a3 b2a3 a6c4 d1d2 g7g6
2150,h2h3 h7h6 d2d3 d7d6 g1f3 a7a5 a2a4 g7g5 d1d2 b7b5 h3h4 e7e6
2151,g2g4 g7g6 d2d3 d7d5 c1g5 c8d7 f2f4 b7b6 c2c4 h7h6 b1d2 h6g5
2152,b1c3 c7c5 b2b3 f7f5 a2a4 d7d5 h2h4 c5c4 g2g3 d5d4 b3c4 d4c3
2153,d2d3 g8f6 h2h4 e7e6 c2c4 e8e7 d3d4 c7c5 c1e3 a7a5 h1h3 d7d5
2154,h2h3 g8f6 d2d3 d7d6 a2a4 c8h3 c2c4 h7h5 c1g5 h8g8 e2e3 d6d5
2155,g2g4 e7e6 g1h3 e6e5 b2b4 e8e7 h1g1 c7c6 c1a3 d8b6 b4b5 b6c5
2156,a2a3 h7h5 e2e4 d7d6 f1e2 e8d7 f2f3 b7b6 a3a4 g7g6 e2c4 c7c6
2157,b1a3 f7f5 a3b1 h7h6 h2h3 b7b5 c2c3 c7c5 e2e4 e7e6 e1e2 f5f4
2158,g1f3 a7a5 b1c3 a5a4 g2g3 h7h5 f3g5 f7f6 b2b3 d7d6 f1h3 b7b6
2159,a2a4 e7e6 h2h3 c7c6 d2d4 g8f6 h1h2 d7d5 b1d2 f8d6 g2g4 f6g4
2160,d2d4 e7e6 c1e3 g7g5 h2h3 f7f6 h1h2 b7b5 b1a3 d7d5 c2c4 f8h6
2161,b1c3 d7d6 a2a4 h7h6 h2h3 c7c6 e2e3 c8g4 g1f3 b7b6 d2d4 g4e6
2162,a2a4 f7f5 e2e4 a7a6 c2c3 g8f6 d2d3 e7e6 d1d2 d7d5 h2h4 f5e4
2163,d2d3 g7g5 h2h3 d7d6 a2a4 c7c5 c2c4 h7h5 c1g5 b7b5 g5h6 c8g4
2164,d2d3 e7e6 a2a4 e8e7 e2e3 a7a5 e1e2 d7d5 b2b4 g8h6 b4a5 a8a5
2165,a2a4 f7f5 e2e3 d7d5 h2h3 h7h5 g2g4 f5f4 d2d4 f4e3 c2c4 e7e5
2166,g2g3 b8a6 h2h3 f7f5 b2b4 g7g6 d2d3 c7c6 c2c3 b7b5 f2f4 h7h5
2167,b2b3 d7d6 c1a3 h7h6 d2d4 c7c5 g2g3 a7a5 f1g2 c5c4 g2e4 d8d7
2168,b2b4 b8c6 h2h4 g7g5 g2g3 c6a5 h4g5 d7d6 g5g6 f7f5 d2d4 h7h5
2169,b2b3 a7a5 b1c3 c7c5 a2a4 d7d6 g2g3 c8g4 b3b4 a8a7 h2h3 h7h6
2170,d2d4 e7e6 g1h3 c7c5 g2g3 b7b5 a2a4 e6e5 c1d2 d8a5 c2c4 e8e7
2171,b2b3 d7d6 c1a3 h7h6 d2d4 c7c5 c2c4 c8g4 e2e3 g7g5 g1f3 d6d5
2172,h2h3 b7b5 d2d3 e7e6 g2g4 c8a6 d1d2 e8e7 g4g5 g8f6 b2b4 h7h5
2173,g1f3 g8f6 b1c3 d7d5 g2g3 e8d7 h1g1 b7b6 c3b5 h7h5 a1b1 g7g6
2174,d2d3 a7a5 h2h3 d7d6 a2a4 g8f6 c2c3 h7h5 h1h2 d8d7 c3c4 e7e6
2175,e2e3 b7b5 d2d4 a7a6 g1f3 d7d5 c2c4 e7e5 f1d3 d8d6 d4e5 e8e7
2176,b2b4 c7c6 g1f3 e7e6 e2e3 e8e7 f3e5 g8f6 g2g3 d8a5 b4b5 a5c7
2177,h2h3 h7h6 d2d3 d7d6 b2b3 c7c5 c1e3 a7a5 e1d2 d6d5 a2a4 e7e6
2178,b2b3 a7a5 c1a3 c7c5 a3c5 e7e6 g2g3 f8c5 d2d4 c5b4 c2c3 d7d5
2179,h2h3 b7b6 d2d3 d7d5 c1g5 c7c5 c2c4 e7e6 g2g4 f7f5 d1c2 c8d7
2180,b1c3 c7c5 h2h3 f7f5 b2b4 d8b6 b4c5 e7e6 d2d4 g8h6 f2f4 b6a5
2181,e2e4 g8h6 e4e5 h6g4 g1f3 g4h6 b1c3 b7b6 g2g3 f7f6 f1d3 b6b5
2182,f2f3 b8c6 h2h4 b7b6 b2b4 c8a6 d2d4 e7e5 f3f4 d8h4 g2g3 g8f6
2183,e2e3 b8c6 c2c4 g8f6 b2b3 d7d5 f1d3 e7e6 f2f4 a7a5 g2g4 f8b4
2184,a2a4 h7h6 d2d3 d7d6 a1a2 e7e6 b1d2 c7c6 g2g3 g8e7 h2h4 f7f5
2185,h2h3 d7d6 e2e3 a7a5 f1b5 b8d7 g2g4 h7h6 c2c3 a8a7 a2a4 g7g5
2186,b2b3 a7a5 g2g3 c7c5 b3b4 e7e6 a2a4 d7d5 c2c4 f7f5 b4a5 g7g6
2187,g1h3 d7d5 d2d4 g8f6 g2g3 b8c6 b2b3 e7e6 c1f4 a8b8 h3g1 f8b4
2188,b2b3 d7d6 e2e3 h7h6 c2c3 c7c5 g1f3 c5c4 d2d4 d8d7 d4d5 a7a5
2189,b2b3 a7a5 c1b2 e7e5 g1h3 f8b4 h3f4 g7g5 h1g1 g8f6 g2g3 f6d5
2190,h2h3 d7d6 d2d4 a7a5 a2a4 c7c6 e2e3 h7h6 g2g4 c6c5 g1f3 c8f5
2191,b2b3 a7a5 d2d4 e7e6 e1d2 b7b5 e2e4 d7d5 d2e2 f8b4 c1d2 a8a6
2192,b1c3 c7c5 a2a4 d8c7 h2h3 d7d6 c3b1 c8g4 d2d3 b7b6 a4a5 c5c4
2193,h2h3 b7b6 a2a4 c7c6 e2e3 e7e5 c2c4 g7g6 g1e2 e8e7 h1g1 f8g7
2194,d2d3 a7a5 a2a4 b7b5 h2h3 d7d6 b2b4 h7h6 a1a2 c7c5 f2f3 c8f5
2195,e2e3 g7g6 b1a3 g8f6 f2f4 f6e4 g2g3 b8c6 f1b5 e7e6 f4f5 a7a5
2196,f2f4 e7e6 e1f2 b7b5 b2b4 d7d5 c2c4 g7g5 f4f5 h7h6 h2h3 e8e7
2197,h2h3 d7d5 d2d3 c8e6 c1g5 b7b6 c2c4 h7h6 d1c1 h8h7 f2f4 c7c6
2198,h2h3 h7h6 b2b3 c7c6 h1h2 e7e6 a2a4 d7d5 c2c4 f8d6 g1f3 d6a3
2199,b2b3 b7b6 c1a3 c8a6 d2d4 d7d5 g2g3 g7g6 f1g2 a6d3 d1d3 b8c6
2200,b2b3 d7d6 c1a3 h7h6 g2g3 c8g4 a3c5 b7b5 d2d4 f7f5 f2f4 c7c6
2201,d2d4 b8a6 c1e3 g7g6 b2b3 b7b6 b1c3 b6b5 c3b5 a6b4 f2f3 f7f5
2202,b2b3 d7d6 c1a3 a7a6 g1f3 h7h6 f3d4 b8d7 h1g1 e7e6 d4e6 f7e6
2203,d2d3 e7e6 h2h3 a7a5 c2c4 c7c5 g2g4 d7d5 d1d2 d8d7 g1f3 h7h6
2204,b2b4 e7e6 d2d3 g7g6 f2f3 b8a6 h2h4 f8b4 c2c3 a6b8 c1d2 e8e7
2205,h2h3 h7h5 e2e3 g8h6 b1c3 d7d5 a1b1 e7e5 c3d5 c8e6 f1a6 c7c5
2206,h2h3 a7a5 f2f4 h7h6 b1c3 c7c5 a2a3 b7b5 c3b5 a5a4 b2b3 b8a6
2207,e2e4 h7h6 a2a4 b8c6 e4e5 b7b5 g1f3 f7f6 d2d4 c6d4 f1b5 a7a5
2208,h2h3 h7h5 f2f3 d7d6 e2e3 a7a5 e3e4 b7b5 g2g4 f7f6 b1c3 a8a6
2209,h2h4 d7d6 d2d4 h7h6 d4d5 b7b6 f2f3 c8h3 a2a4 h3f5 c2c4 f5e6
2210,e2e3 b7b5 c2c3 b5b4 c3c4 g8f6 f2f4 h8g8 f1e2 f6e4 b2b3 c8a6
2211,g1f3 d7d6 d2d3 f7f5 e2e4 h7h5 c2c4 b8c6 d1d2 b7b5 c4b5 e7e5
2212,h2h3 h7h5 d2d3 d7d5 g2g3 d5d4 b2b4 f7f6 a2a4 c8g4 c1f4 b8c6
2213,b1c3 b8a6 a2a4 e7e6 g2g4 a8b8 e2e3 b7b5 h2h3 c7c5 f1g2 d8e7
2214,b1c3 c7c5 a2a4 d8c7 b2b3 d7d6 c1a3 c5c4 g1f3 c8d7 e2e4 g7g6
2215,a2a3 f7f5 b2b4 b7b6 d2d3 g7g5 a1a2 c8a6 g2g4 h7h5 g4f5 h8h6
2216,h2h3 e7e6 d2d4 b8a6 g2g4 g7g6 e2e4 f7f5 a2a4 f5e4 f1a6 b7a6
2217,e2e3 a7a5 b2b3 e7e5 c1b2 c7c5 e1e2 a8a7 a2a4 d8b6 b3b4 g7g5
2218,h2h3 h7h5 f2f3 d7d6 e2e4 g8h6 b1c3 c7c5 a2a4 c8g4 h1h2 c5c4
2219,b1c3 b7b6 b2b3 g7g6 c1a3 a7a5 f2f4 b8c6 a3c5 h7h5 a2a4 g8f6
2220,c2c4 d7d5 f2f4 c8e6 e2e3 b7b6 d1a4 d8d7 c4d5 g8f6 a4a5 h8g8
2221,b1c3 b7b6 a1b1 c8a6 g1f3 a6c4 c3d5 g7g5 b1a1 b8a6 a2a4 a8b8
2222,h2h3 b7b5 c2c3 g8f6 e2e4 c8a6 d1a4 h8g8 a2a3 f6d5 g2g4 a6c8
2223,g2g4 b7b5 c2c3 a7a6 b1a3 a8a7 a3b5 g8f6 b5c7 a7c7 g1h3 d7d5
2224,e2e3 b7b5 a2a3 e7e6 g1h3 d7d6 f1b5 e8e7 g2g3 c8a6 a3a4 c7c5
2225,d2d4 b8c6 c1d2 b7b5 a2a3 g7g6 f2f4 c8b7 b2b3 d7d6 d4d5 h7h5
2226,e2e3 d7d5 g1h3 h7h5 e1e2 h8h6 h3g1 f7f5 b2b4 c8d7 d2d4 e7e5
2227,b2b3 a7a5 g2g3 g8h6 g1f3 e7e6 c2c4 g7g6 f3g5 c7c5 g5e6 f7e6
2228,g2g3 d7d6 c2c4 f7f5 d2d4 d6d5 d1b3 f5f4 c1f4 g7g6 e1d2 h7h5
2229,d2d3 b8a6 a2a4 g7g5 h2h3 c7c6 a1a2 f7f6 c2c4 d7d5 d1c2 f8g7
2230,h2h3 h7h5 d2d3 d7d6 g1f3 a7a5 h3h4 e7e6 e2e4 e8d7 d3d4 g7g6
2231,b1c3 b7b6 b2b3 c8a6 c1a3 g7g6 c3b5 a6b5 g2g3 d7d5 d2d4 f8g7
2232,b2b4 g7g6 d2d3 b7b5 f2f4 b8c6 g2g3 f7f6 e1d2 h7h5 f1h3 c6b8
2233,h2h3 b8c6 f2f4 a8b8 a2a3 e7e6 b2b4 f8b4 a3b4 g8f6 e2e3 d7d5
2234,h2h3 g8f6 a2a4 g7g5 e2e3 e7e5 g2g3 f8h6 d2d4 e5e4 a1a2 g5g4
2235,h2h3 d7d5 d2d3 b8c6 e2e3 c6a5 a2a4 h7h5 h1h2 g7g5 b2b3 f7f5
2236,b2b3 a7a5 g2g3 e7e6 b1c3 c7c5 c3b5 d7d5 c1a3 g8f6 a3c5 f6h5
2237,a2a4 f7f5 e2e3 d7d5 d1h5 e8d7 e1e2 h7h6 g1f3 e7e5 e2d3 a7a5
2238,h2h3 b7b5 h1h2 g7g6 d2d3 g8h6 g2g4 h6f5 f2f4 f5e3 g4g5 d7d5
2239,e2e4 g8h6 g2g3 c7c5 g1f3 a7a6 e4e5 d7d5 g3g4 a8a7 h2h3 d8d7
2240,b2b3 a7a5 b1c3 e7e6 e2e4 a8a6 c1a3 g8h6 e1e2 d7d6 a1b1 c7c5
2241,d2d4 a7a5 h2h3 d7d6 a2a4 h7h6 d4d5 b7b5 c1e3 g7g6 e3b6 b5a4
2242,h2h3 d7d5 d2d3 b7b6 a2a4 c8e6 c2c4 d5d4 b2b4 g7g6 c1g5 e8d7
2243,b2b3 h7h6 d2d4 e7e6 e2e4 g7g6 e1e2 b7b5 c1g5 h8h7 e4e5 d7d5
2244,b2b4 b7b5 c1a3 g7g6 g2g4 c8a6 f2f4 h7h5 g4h5 f7f6 h5h6 e7e5
2245,h2h4 f7f6 f2f4 d7d5 b2b3 d8d7 d2d4 e7e5 d4e5 c7c5 e5f6 h7h5
2246,d2d3 b8a6 a2a4 g7g5 h2h3 f7f5 d1d2 f8h6 e2e4 g5g4 e4f5 e7e5
2247,a2a4 b8a6 g1f3 a8b8 h2h3 b7b5 e2e4 f7f6 a4b5 c7c6 d2d4 g7g6
2248,h2h3 d7d6 g1f3 h7h5 b1c3 b7b5 g2g4 g8h6 f3g5 d8d7 h1g1 h6g4
2249,h2h3 g7g6 d2d3 b7b5 f2f4 d7d6 g2g4 c7c5 e2e3 h7h6 d1d2 f7f6
2250,h2h3 h7h6 d2d3 d7d6 g1f3 g8f6 a2a4 a7a5 h1g1 h8g8 d3d4 e7e5
2251,g2g3 d7d6 b2b4 d8d7 c2c4 e8d8 b1c3 b7b5 d1b3 f7f6 f2f3 d7c6
2252,e2e4 h7h6 g1f3 e7e6 f1a6 f8c5 g2g3 g7g6 e4e5 d7d6 a6b5 c8d7
2253,h2h3 g7g6 d2d3 c7c5 b2b4 b7b5 f2f3 d7d6 e1d2 e8d7 b1c3 b8c6
2254,a2a4 g7g6 c2c4 d7d5 a1a2 c8f5 e2e3 c7c5 f2f4 g8f6 g2g3 h8g8
2255,d2d3 d7d5 a2a4 b7b6 d3d4 c8e6 a4a5 e8d7 h2h3 g7g6 a1a2 f7f6
2256,b2b4 h7h6 g2g3 e7e5 e2e3 g7g6 f2f3 e8e7 e1f2 a7a5 d2d3 d7d5
2257,b2b3 h7h5 c1a3 g7g6 d2d4 e7e6 g2g3 g8f6 d4d5 h8g8 f1g2 d7d6
2258,e2e3 f7f5 c2c4 c7c5 g1f3 g8f6 b2b3 g7g6 f3d4 b7b5 c4b5 f6e4
2259,b2b3 b7b5 c1a3 g7g6 d2d4 h7h5 d4d5 d7d6 g2g3 d8d7 a3b2 h8h7
2260,b2b3 c7c5 g2g3 g7g5 c2c4 f8g7 h2h3 f7f5 e2e3 e8f8 c1a3 b7b6
2261,h2h3 e7e5 e2e3 a7a5 g2g4 e8e7 e1e2 d7d5 a2a4 h7h6 d2d4 h6h5
2262,h2h3 g8f6 a2a4 h7h5 e2e3 d7d5 f2f3 f6g8 c2c4 e7e5 a1a2 e8e7
2263,d2d4 f7f6 f2f4 b8c6 c1d2 a8b8 b2b3 c6b4 e1f2 e7e5 c2c3 a7a6
2264,a2a4 g7g6 c2c4 b7b6 g2g4 f7f5 e2e4 e8f7 b1a3 f8h6 d1b3 f5e4
2265,e2e3 b7b5 c2c3 e7e6 e3e4 g8f6 e1e2 f6e4 a2a4 c7c5 b2b4 d7d6
2266,h2h3 d7d6 e2e3 h7h6 c2c3 a7a5 b2b3 d6d5 g1e2 e7e5 h1g1 d5d4
2267,h2h3 a7a5 a2a3 d7d6 f2f3 b7b6 d2d4 h7h6 e2e4 h8h7 a3a4 f7f6
2268,h2h3 d7d6 d2d3 g8f6 c2c4 a7a5 c1g5 f6g4 b2b4 g4f6 e2e3 h7h6
2269,h2h3 c7c5 b2b4 d8b6 e2e4 f7f5 b4c5 g8h6 f1a6 b6b4 b1c3 b4c3
2270,h2h3 d7d6 e2e3 h7h6 c2c3 d6d5 b2b3 a7a5 c1b2 g7g5 d2d3 c7c5
2271,b2b3 b7b5 c1a3 a7a5 a3c5 g8h6 g1f3 g7g5 f3g1 e7e6 d2d4 f8c5
2272,h2h3 d7d5 e2e3 h7h5 b1c3 f7f5 a1b1 e8f7 g2g3 c8d7 c3d5 g7g5
2273,b2b3 a7a5 c1a3 e7e6 g2g3 c7c5 c2c3 g8h6 h2h4 f8e7 a3c5 e7c5
2274,c2c4 d7d5 d2d3 b8a6 c1d2 a6b4 a2a4 b4c2 d1c2 g8f6 g2g4 d8d7
2275,h2h3 d7d6 d2d3 g7g5 d1d2 h7h5 f2f3 c7c5 d2a5 h5h4 c1g5 d8d7
2276,e2e3 g8f6 b2b4 e7e5 d1h5 d8e7 g1h3 f6e4 f1e2 e8d8 c2c4 e7c5
2277,e2e3 b7b5 c2c4 e7e6 b1c3 b8a6 f2f4 c7c5 d1g4 e8e7 g4e6 f7e6
2278,b2b3 d7d5 a2a3 h7h6 d2d4 f7f5 g2g3 g7g6 c1f4 h6h5 f4c7 e7e5
2279,b2b3 a7a5 d2d4 e7e5 c1e3 f8b4 b1d2 d7d5 g2g3 b7b6 d4e5 g7g6
2280,g2g3 g7g6 e2e4 d7d5 f2f4 g8h6 f1g2 e7e5 h2h4 h6g8 d2d4 f7f5
2281,g2g4 d7d5 h2h3 h7h5 b2b4 f7f6 d2d3 c8d7 a2a4 b8c6 g4h5 e7e5
2282,g1h3 h7h6 a2a4 a7a5 d2d4 g7g5 c1g5 h8h7 b2b4 g8f6 b4b5 d7d5
2283,b2b3 a7a5 d2d4 e7e6 c1e3 f8b4 b1c3 b4c3 d1d2 g8h6 f2f4 b8a6
2284,d2d3 e7e6 a2a4 a7a6 h2h3 e8e7 h1h2 g8f6 e2e3 d7d5 d3d4 a6a5
2285,g2g3 b8a6 h2h3 e7e5 h1h2 c7c5 b1a3 g7g5 e2e3 d8b6 g1f3 a8b8
2286,h2h3 d7d5 e2e3 h7h5 a2a4 f7f5 d2d3 g8h6 b2b4 c8d7 d1d2 b8c6
2287,b1a3 b8a6 g1f3 g7g5 b2b3 b7b5 f3g5 g8h6 h2h4 f8g7 a3b5 f7f5
2288,g2g4 f7f6 d2d3 e7e5 g4g5 b8c6 h2h3 b7b5 c2c4 c8a6 c4c5 h7h5
2289,g2g3 f7f5 h2h3 f5f4 d2d3 d7d6 b2b4 g7g6 h3h4 c7c5 a2a4 d8b6
2290,b2b4 b8a6 h2h4 c7c5 g2g3 g7g5 h4g5 a8b8 b4c5 d7d6 b1c3 d6c5
2291,h2h3 d7d6 d2d4 h7h6 e2e4 g7g6 c2c4 b8c6 a2a4 a8b8 e1e2 d6d5
2292,b2b3 c7c6 g2g3 e7e5 c2c4 f7f5 b3b4 f8b4 b1a3 f5f4 a1b1 b8a6
2293,b2b3 g7g6 d2d4 d7d5 c1a3 f8g7 a3c5 h7h5 g2g3 f7f5 b1a3 g7d4
2294,b2b3 d7d6 c1a3 h7h6 a3c5 g7g5 f2f3 c8d7 c2c3 c7c6 h2h4 d8c7
2295,h2h4 d7d6 g1f3 d8d7 d2d4 f7f5 g2g4 d7c6 f1h3 b7b5 a2a4 f5f4
2296,c2c4 d7d5 e2e3 e7e5 c4d5 a7a5 f2f3 h7h6 b1a3 b8c6 a1b1 e8e7
2297,h2h3 g7g6 g1f3 b7b5 g2g4 g8f6 d2d4 f6d5 e2e3 a7a5 b1a3 e7e6
2298,b2b3 h7h5 d2d4 g8f6 g2g3 d7d6 c1e3 a7a5 e3h6 g7g5 c2c4 a5a4
2299,e2e4 g8h6 g2g4 h8g8 g1f3 a7a5 b1a3 f7f6 a1b1 c7c5 f3g5 b8c6
2300,a2a4 d7d5 e2e3 f7f5 d1h5 g7g6 h5g6 h7g6 c2c4 f8g7 e1e2 h8h6
2301,h2h3 d7d5 d2d3 b7b6 c2c4 c8e6 c1e3 g7g6 e3b6 e6d7 g2g4 a7b6
2302,h2h3 h7h5 d2d3 d7d6 a2a4 g8f6 f2f3 e7e6 a1a2 c7c5 c2c4 a7a5
2303,f2f3 b7b6 b2b3 c7c5 d2d4 f7f6 c1a3 c5d4 d1d4 c8a6 b1c3 b8c6
2304,h2h3 d7d6 c2c3 h7h5 e2e3 g7g5 h1h2 e7e6 d2d4 h8h6 d1d2 c7c5
2305,h2h3 g7g6 d2d3 b7b5 h3h4 a7a5 f2f3 h7h6 h1h2 d7d6 b2b3 b8c6
2306,d2d3 c7c5 h2h3 e7e6 d3d4 c5d4 g2g3 f7f6 h1h2 b8a6 c1h6 g7g5
2307,b2b3 d7d6 c1a3 a7a5 a3c5 h7h6 d2d4 d6c5 f2f3 e7e5 e2e4 a8a6
2308,h2h4 f7f6 f2f3 c7c6 b2b3 e7e5 h1h2 f8b4 c1a3 e8e7 b1c3 d8e8
2309,h2h4 a7a5 f2f4 b8a6 g2g3 b7b6 b2b4 d7d6 c2c4 f7f5 c1a3 a6b4
2310,h2h4 f7f5 f2f4 h7h5 d2d3 g8f6 b2b3 e7e5 b1c3 f6d5 g2g3 f8b4
2311,h2h4 f7f6 f2f3 d7d6 b2b4 g7g5 d2d3 c7c5 b1c3 f6f5 h4h5 f8g7
2312,h2h4 b8a6 d2d4 f7f6 f2f4 h7h5 b2b3 h8h7 h1h2 b7b6 c1a3 a6b4
2313,h2h3 a7a6 b1a3 a8a7 f2f4 d7d5 b2b3 e7e5 g2g3 f8b4 c1b2 d8d7
2314,h2h4 f7f5 c2c4 b7b5 d2d3 c8a6 c1e3 c7c5 d1d2 g7g5 h1h2 f8g7
2315,a2a4 f7f5 h2h3 b8c6 e2e4 a7a6 c2c3 h7h5 a4a5 c6b8 h1h2 a8a7
2316,e2e3 b7b5 e1e2 b5b4 b2b3 c7c5 g1f3 d7d5 c2c4 a7a5 d2d4 e7e5
2317,b1c3 e7e6 a2a4 b8c6 c3d5 e6d5 b2b3 g8f6 g2g4 h7h5 f2f4 d7d6
2318,h2h4 f7f6 f2f3 d7d6 d2d3 c7c5 g1h3 c8d7 h4h5 d6d5 a2a3 a7a5
2319,h2h4 c7c5 d2d4 d7d6 b1d2 c5c4 d4d5 g7g5 g2g3 a7a5 h1h2 d8c7
2320,b2b3 d7d6 e2e3 e7e5 c2c4 d6d5 c4d5 a7a5 d1c2 f8a3 e3e4 b8c6
2321,h2h3 h7h5 a2a4 b8a6 e2e3 d7d5 g2g3 a8b8 a4a5 d5d4 b1a3 c8e6
2322,c2c4 d7d5 g1h3 e7e5 b2b4 f8b4 d1a4 e8e7 e1d1 a7a5 c1a3 d8f8
2323,e2e3 b7b5 e1e2 a7a6 d2d3 c7c5 c2c4 g8h6 c1d2 a6a5 d1c2 h6f5
2324,h2h3 a7a5 g2g4 a8a6 e2e3 f7f6 b2b4 h7h5 e1e2 d7d5 d2d4 e7e5
2325,g2g3 f7f5 b2b4 c7c5 b4c5 e7e6 e2e3 d7d5 e3e4 g7g5 g3g4 f5f4
2326,h2h3 d7d5 d2d3 b7b6 h1h2 e7e6 g1f3 g8f6 f3h4 c7c5 g2g4 d5d4
2327,h2h3 d7d6 e2e3 h7h6 d1e2 a7a5 e2b5 b8d7 b5d7 d8d7 e1e2 f7f6
2328,b1c3 b7b6 a2a4 d7d5 c3b5 c8e6 e2e3 c7c6 d1g4 h7h6 g4e4 d5e4
2329,d2d3 g7g5 h2h3 d7d6 a2a4 f7f5 g2g4 f8h6 g1f3 g8f6 d3d4 a7a5
2330,f2f3 g8f6 b2b4 b8c6 g2g4 f6g4 c1a3 a7a5 f3f4 f7f5 h2h3 b7b6
2331,a2a4 a7a6 a4a5 d7d5 d2d3 e7e5 g1h3 e8e7 h1g1 b8d7 f2f4 g7g5
2332,b1c3 g7g5 g1h3 h7h6 h3g1 f8g7 f2f3 g7e5 a1b1 b8a6 c3d5 b7b6
2333,e2e3 e7e6 b2b4 e8e7 f1a6 b7a6 f2f4 f7f6 g2g3 d7d6 f4f5 e6f5
2334,e2e3 b7b5 b1c3 a7a5 f1b5 c7c5 f2f3 a8a7 g2g3 d8c7 e1e2 c7g3
2335,e2e4 b7b5 e1e2 b5b4 g1f3 c8a6 c2c4 a6c4 d2d3 g8h6 b1c3 c4d3
2336,e2e3 d7d5 d1h5 c7c5 e1d1 g8h6 c2c4 c8d7 g1f3 g7g6 d2d4 f7f6
2337,g1h3 a7a5 h3f4 h7h6 d2d4 g7g5 b2b3 d7d5 c1d2 g8f6 f2f3 e7e5
2338,b2b3 h7h6 d2d4 d7d6 c1e3 e7e5 g1h3 g8e7 c2c4 a7a5 d4d5 e7d5
2339,a2a3 h7h5 g1f3 f7f5 h2h4 b7b6 e2e4 a7a6 d2d3 g8h6 d1d2 c7c6
2340,b2b3 a7a5 c1a3 g7g6 d2d4 e7e6 e2e3 a5a4 d4d5 c7c6 g1h3 a8a7
2341,f2f4 f7f5 b2b4 b7b6 c1a3 d7d5 e2e4 a7a6 c2c4 d5c4 d2d3 c8d7
2342,d2d4 f7f6 c1d2 b7b5 f2f4 d7d5 g1h3 h7h5 h1g1 h8h6 c2c4 g7g6
2343,e2e3 f7f5 c2c4 d7d5 b2b3 b8a6 c4d5 d8d7 c1a3 f5f4 a3c5 g7g6
2344,a2a4 b8c6 d2d3 g7g5 b2b3 b7b6 e2e3 g5g4 h2h4 c8b7 g2g3 e7e6
2345,h2h4 d7d6 g1f3 f7f6 b1c3 h7h6 a2a4 a7a5 d2d4 b8c6 h1g1 c8g4
2346,g1h3 c7c5 e2e3 b7b6 c2c4 g8f6 a2a4 g7g5 e1e2 f8g7 d1e1 g5g4
2347,d2d4 b7b5 f2f3 e7e6 a2a4 d8e7 c1d2 e7h4 g2g3 e8e7 g1h3 h4d4
2348,a2a4 f7f5 h2h3 a7a5 d2d3 b7b5 h1h2 b8c6 b2b4 h7h5 a1a2 d7d6
2349,b2b3 b7b5 e2e4 b5b4 d2d4 f7f6 c1e3 e8f7 f1c4 d7d5 a2a3 g7g5
2350,h2h4 a7a5 d2d4 d7d5 e2e4 f7f6 f2f4 b8c6 e1e2 c6d4 d1d4 d5e4
2351,g1h3 h7h6 a2a4 d7d6 b2b3 c7c6 d2d4 g7g5 e2e3 e7e6 e1d2 c6c5
2352,b2b3 d7d6 d2d4 d6d5 d1d2 f7f6 e2e3 a7a5 f1d3 a8a7 e1d1 g7g6
2353,h2h3 b8c6 e2e3 g7g6 c2c4 a7a5 d2d3 g8f6 d1d2 b7b6 e3e4 f6e4
2354,h2h4 d7d6 e2e3 e7e5 f1b5 e8e7 f2f4 a7a5 c2c3 d6d5 g2g3 h7h6
2355,g1h3 h7h6 f2f3 d7d6 d2d3 a7a6 c2c4 d8d7 c1f4 e7e5 f4d2 a6a5
2356,b2b4 b7b5 h2h4 f7f6 g2g3 d7d6 a2a4 a7a6 d2d3 e8f7 h1h3 a8a7
2357,d2d4 f7f5 b2b3 e7e5 c1e3 g8h6 d4e5 f8b4 c2c3 d7d5 g1f3 h6g8
2358,h2h3 h7h6 d2d3 d7d6 g2g3 g7g5 d1d2 g8f6 e1d1 c7c5 a2a4 c5c4
2359,g2g3 h7h5 b2b3 b7b5 c1a3 c8a6 d2d4 d7d5 f1g2 e7e6 g1f3 g7g6
2360,d2d4 f7f6 f2f4 b8c6 c2c4 d7d5 c1d2 e8d7 c4c5 a7a5 f4f5 c6a7
2361,a2a4 f7f5 h2h3 b8c6 b2b3 a8b8 a4a5 c6d4 g2g4 b7b6 e2e3 a7a6
2362,h2h3 d7d5 d2d4 a7a6 g2g4 f7f6 a2a4 c8d7 f2f4 h7h6 e2e3 h8h7
2363,b2b4 a7a5 a2a4 d7d6 g2g3 h7h6 f1h3 b7b5 a4b5 g7g5 h3c8 d8d7
2364,b2b3 h7h6 g2g3 d7d6 c2c4 c8g4 d2d4 g7g5 c1d2 c7c5 h2h3 d8c7
2365,b2b3 d7d6 d2d3 c7c5 e2e3 c8d7 h2h3 d6d5 g2g3 e7e6 a2a4 g8f6
2366,b2b3 d7d6 d2d4 c7c5 c1d2 c5c4 e2e4 g7g6 d2b4 f8g7 g2g3 c8f5
2367,h2h4 a7a5 g2g3 d7d6 b1c3 b7b5 b2b3 g7g6 h1h3 h7h6 d2d3 e7e6
2368,f2f3 c7c6 d2d4 d7d6 c1d2 f7f5 e2e4 b7b6 h2h3 c8e6 h1h2 e6b3
2369,h2h4 f7f6 f2f3 f6f5 b2b3 d7d6 d2d3 c7c5 c2c4 e7e6 b3b4 g8e7
2370,g2g3 h7h5 b2b3 b7b5 c1a3 c8a6 d2d4 g7g5 h2h4 f7f6 h1h2 g8h6
2371,h2h3 g7g6 d2d3 b7b5 c1g5 b8a6 g2g4 a6b4 d1d2 a7a6 c2c3 a8a7
2372,b1a3 e7e5 a3c4 g7g5 a1b1 f7f6 f2f3 b8c6 c4e5 c6e5 b2b4 f6f5
2373,e2e3 g7g6 c2c4 b7b6 f2f4 f8g7 a2a3 a7a6 d1b3 c7c5 g2g3 f7f5
2374,b2b3 e7e6 g2g3 c7c5 g1f3 g7g5 e2e4 d7d6 e4e5 d6e5 c1a3 g8f6
2375,f2f4 b7b5 c2c4 c7c5 d1b3 a7a5 g2g4 e7e5 h2h3 b5c4 d2d3 h7h6
2376,e2e4 g8h6 e4e5 b7b6 g1f3 c8a6 h2h4 g7g6 g2g3 d8c8 b2b3 d7d5
2377,g1h3 h7h6 d2d4 b8c6 h1g1 g7g6 b2b3 d7d6 c1a3 g6g5 c2c3 d6d5
2378,e2e3 d7d5 d1f3 f7f5 f3d5 g7g5 b2b4 e7e5 f2f3 a7a5 b1c3 e8e7
2379,e2e3 d7d5 d2d4 b8c6 f1d3 a8b8 e1e2 c6b4 a2a3 g8f6 f2f4 b4c2
2380,b1c3 b7b6 e2e3 g7g6 a1b1 c8a6 f1a6 g8f6 e3e4 f6e4 c3d5 f7f6
2381,b2b3 d7d6 d2d4 c7c5 c2c4 h7h6 e2e3 c8h3 e1e2 f7f5 a2a3 e7e6
2382,g2g4 d7d5 h2h3 h7h5 b2b4 h8h7 f2f3 c8d7 d2d4 f7f6 c1f4 e7e5
2383,b2b3 a7a5 g2g3 g7g5 d2d4 c7c5 c2c4 d7d5 b3b4 c8d7 d1c2 f7f6
2384,e2e3 g7g6 c2c4 f8h6 f2f4 d7d5 b2b3 e7e5 g1h3 a7a5 c1a3 g8f6
2385,g2g4 d7d5 h2h3 h7h5 a2a4 e7e5 d2d4 e8e7 d4e5 b8c6 g1f3 c8g4
2386,h2h3 g8f6 a2a4 g7g6 d2d3 b8c6 g2g3 e7e6 b1c3 a7a6 c1g5 c6b8
2387,h2h3 d7d5 d2d3 c8e6 g2g3 e8d7 d3d4 f7f6 b2b4 b8c6 e1d2 h7h5
2388,d2d4 f7f6 f2f4 d7d5 b1a3 b8c6 g1h3 a8b8 e1f2 g7g6 c2c3 b7b5
2389,e2e3 a7a5 b1c3 a5a4 a1b1 e7e6 e3e4 a8a5 e1e2 f8b4 d2d4 b8a6
2390,b1a3 d7d5 g2g3 c8d7 g1f3 g7g6 e2e3 d7c8 h2h3 e8d7 f3g1 g8h6
2391,g2g4 d7d5 h2h4 f7f6 d2d3 b7b6 b2b4 c8a6 c1h6 a6d3 c2d3 g7g6
2392,f2f3 d7d6 e2e3 b7b5 b2b4 a7a5 g2g3 a8a6 d2d3 b8d7 e1e2 h7h6
2393,d2d4 e7e6 f2f4 b8a6 g2g4 g8h6 f1h3 f7f5 g1f3 h6g4 e1f1 g7g6
2394,d2d4 f7f6 g1f3 h7h6 e2e3 f6f5 d1e2 g7g5 e1d2 e7e6 b2b3 f8b4
2395,e2e3 b7b5 e1e2 g8h6 a2a3 c7c5 h2h4 c5c4 g2g3 d8b6 g1f3 g7g6
2396,b2b4 g7g6 a2a4 b8c6 d2d3 h7h6 h2h3 g8f6 a1a3 h8h7 e1d2 d7d5
2397,h2h3 g7g6 d2d3 b7b5 c1g5 f7f6 g2g4 e7e6 f2f4 c7c5 e2e3 h7h6
2398,a2a3 a7a5 d2d4 a5a4 h2h4 e7e6 a1a2 d8f6 b1d2 f6f2 e1f2 b7b5
2399,a2a4 a7a6 a4a5 h7h6 g2g4 a8a7 f2f4 d7d6 b1a3 b8d7 f1g2 g7g5
2400,h2h3 g8f6 a2a4 g7g6 d2d3 b8c6 d1d2 b7b6 g2g4 e7e5 g4g5 h7h5
2401,h2h3 c7c6 e2e3 g8f6 g1f3 e7e6 g2g3 b7b5 d2d4 c6c5 e1e2 e8e7
2402,h2h3 h7h5 f2f4 c7c6 d2d4 e7e5 f4e5 d7d5 h1h2 e8d7 a2a3 g8f6
2403,b1a3 a7a6 b2b3 a6a5 e2e4 c7c5 d1h5 a8a7 e1d1 d7d6 d2d4 b8d7
2404,e2e4 h7h6 d2d4 h8h7 g1f3 g7g5 b2b3 g8f6 e1e2 e7e6 a2a4 a7a5
2405,f2f3 d7d6 d2d4 e7e5 e2e4 b8c6 g2g4 b7b5 d4e5 d6d5 f3f4 d8h4
2406,d2d4 d7d5 f2f4 h7h5 e2e3 h5h4 f1d3 h8h7 d3a6 f7f5 h2h3 g7g6
2407,d2d4 b8c6 h2h4 a8b8 c1g5 g8f6 b2b3 c6d4 c2c3 d4c2 d1c2 e7e6
2408,h2h3 d7d5 f2f4 e7e6 c2c4 g8f6 a2a4 a7a6 g2g4 a8a7 e2e3 c7c5
2409,f2f3 b7b6 e2e3 c8a6 f1c4 b8c6 g1h3 a8c8 f3f4 c6b4 c4a6 g8f6
2410,h2h3 b8a6 e2e3 e7e6 g2g3 c7c5 b1a3 g8f6 g1f3 b7b5 f1b5 a6c7
2411,a2a4 f7f6 a4a5 e7e5 b2b3 c7c6 c2c4 h7h6 e2e3 d8b6 g1f3 b6a6
2412,f2f4 b8a6 h2h3 h7h6 e2e3 e7e5 g2g3 a6b8 e1e2 a7a5 f4f5 e8e7
2413,g2g3 d7d5 b2b4 c8d7 f2f3 f7f5 e2e3 a7a5 f1c4 e7e6 c4d5 e6d5
2414,b2b3 a7a5 c1a3 g7g5 g2g3 c7c5 a3c5 d7d6 c5a3 f7f5 h2h3 d8c7
2415,f2f4 b7b5 d2d4 c8a6 a2a3 c7c5 b1d2 e7e5 e2e3 c5c4 a1b1 d8c7
2416,g2g4 b7b5 d2d3 g8f6 d1d2 c7c5 e2e4 f6e4 g4g5 f7f6 h2h3 d8b6
2417,h2h3 d7d6 e2e3 h7h6 d2d3 g7g5 a2a4 b8c6 d1g4 d8d7 e1d2 c6d8
2418,e2e3 b7b5 c2c4 e7e6 d2d4 f7f6 g1f3 g7g6 a2a4 f8h6 c1d2 c8b7
2419,b2b4 b8a6 h2h4 g7g5 g2g3 e7e5 c1b2 f7f5 b1a3 g5h4 f1g2 c7c5
2420,h2h3 h7h6 d2d3 d7d6 a2a4 a7a5 c1g5 g8f6 c2c4 h8h7 g5c1 b8c6
2421,a2a3 g8f6 a3a4 g7g6 a1a3 b7b5 f2f3 f6g8 d2d4 f7f6 h2h4 b5b4
2422,b2b4 f7f6 h2h3 g7g5 d2d3 b7b5 f2f3 f8h6 c2c3 b8c6 c1g5 c8a6
2423,h2h3 d7d6 d2d3 h7h6 g1f3 c7c5 a2a4 f7f5 h1h2 b7b6 c1g5 h6g5
2424,h2h3 g8f6 f2f4 e7e5 d2d3 c7c5 c2c4 d7d5 g2g3 d8c7 a2a4 d5c4
2425,b1c3 b7b6 a1b1 c8a6 g1f3 a6c4 g2g3 g7g6 c3d5 f7f5 d5b6 f8g7
2426,b1a3 g8f6 b2b3 a7a5 a1b1 f6e4 f2f3 b7b6 c1b2 b8c6 g1h3 c6e5
2427,e2e4 h7h6 e4e5 d7d6 g1f3 a7a6 c2c3 a6a5 e5d6 c7d6 d2d3 c8g4
2428,h2h3 a7a5 a2a4 g7g6 b2b4 b7b5 g2g4 c8a6 c1a3 f7f6 a1a2 a8a7
2429,b2b3 a7a5 g2g3 b7b6 d2d4 a5a4 b3b4 d7d5 e1d2 g7g6 f2f4 f7f5
2430,h2h3 g8f6 a2a4 g7g5 b2b4 b8c6 a1a2 b7b5 h3h4 f8g7 a4a5 f6h5
2431,f2f3 b7b6 b2b4 c8b7 h2h4 c7c6 c1a3 f7f5 e2e4 e7e6 f1c4 d8h4
2432,b2b3 a7a5 c1a3 e7e6 g2g3 f7f6 a3d6 f8d6 b1c3 e8f8 a2a3 g7g6
2433,g1h3 e7e5 b2b4 a7a5 a2a3 g8e7 b4a5 d7d6 h3f4 h7h6 f4e6 g7g6
2434,b2b4 b8a6 h2h3 d7d5 g2g4 a8b8 b1a3 d8d7 c1b2 a6b4 b2c3 a7a6
2435,b2b4 f7f6 a2a4 b7b5 d2d3 c8a6 g1h3 f6f5 a1a2 c7c5 d1d2 g7g6
2436,g1h3 h7h5 f2f3 b7b5 d2d4 f7f6 h3g5 g7g6 a2a4 b5a4 d4d5 f8g7
2437,g2g3 d7d6 b2b4 f7f5 e2e3 a7a5 f1a6 e7e5 b1a3 g7g5 b4a5 f5f4
2438,g2g4 d7d5 h2h3 f7f5 d2d3 f5f4 a2a4 b7b6 c2c4 c7c6 c4c5 e7e6
2439,b1c3 b7b6 e2e3 g7g6 g2g3 c8a6 h2h4 h7h6 g1f3 e7e6 c3b5 h6h5
2440,a2a3 b7b6 a3a4 c8a6 c2c4 a6c4 g1f3 g7g6 e2e4 b8a6 b1a3 a8b8
2441,b2b3 a7a5 b1c3 e7e6 c3b1 a8a6 g2g3 f8b4 a2a4 a6c6 c2c4 f7f6
2442,a2a3 b7b6 a3a4 g7g6 c2c4 d7d5 a1a2 d5c4 e2e3 c8g4 d1c2 c4c3
2443,g1h3 h7h5 d2d3 a7a5 a2a4 d7d5 h1g1 b8d7 d3d4 a8a6 f2f3 g7g5
2444,g2g4 g7g6 e2e4 h7h6 b1a3 e7e6 f1c4 e8e7 g1f3 e7d6 a1b1 a7a5
2445,e2e4 h7h6 g1e2 g7g5 h2h3 d7d6 a2a4 c7c6 a1a3 c8g4 e2f4 g4d1
2446,a2a3 f7f5 d2d4 b8c6 b1d2 e7e6 h2h4 c6d4 c2c4 d8e7 d2b3 c7c5
2447,a2a4 a7a6 c2c4 b7b5 d2d3 d7d5 a4a5 d5c4 e2e4 a8a7 d1d2 b8d7
2448,g2g3 g7g6 g1f3 f7f6 b1c3 b7b6 f3h4 d7d5 f2f3 c8d7 h4g6 d5d4
2449,b2b4 a7a5 a2a4 b7b5 a4b5 c7c6 c1a3 g7g5 a1a2 a8a7 d2d4 c6c5
2450,b1c3 b7b6 g1f3 c8a6 g2g3 g7g6 f3g5 c7c5 g5f3 b6b5 d2d4 f8g7
2451,h2h3 h7h5 d2d3 d7d6 c2c4 a7a5 g2g3 c7c5 d3d4 c5d4 h1h2 f7f6
2452,h2h3 g8f6 d2d3 d7d6 e2e3 h7h6 g2g3 e7e6 c2c4 d6d5 g3g4 a7a5
2453,e2e4 h7h6 g2g4 h8h7 e4e5 d7d6 d2d3 c8e6 d1d2 b7b6 h2h4 d6d5
2454,e2e4 h7h5 f2f3 b8a6 h2h3 f7f6 a2a4 e7e5 h3h4 c7c6 a1a2 f8b4
2455,c2c4 d7d5 f2f4 g8h6 h2h4 f7f6 d2d3 c7c5 h1h3 c8d7 c1d2 e7e5
2456,e2e3 g7g6 e1e2 g8h6 g1f3 d7d5 b2b4 c8d7 e2d3 b7b6 g2g3 h8g8
2457,b2b3 h7h5 d2d4 f7f5 c1f4 d7d5 b1d2 e8f7 b3b4 g7g6 g2g3 f8h6
2458,b2b4 e7e6 a2a3 b8a6 a1a2 c7c5 d2d3 a6b4 f2f4 b4c2 d1c2 d7d6
2459,h2h3 c7c6 e2e3 e7e6 e1e2 b7b6 g1f3 f7f5 f3h4 c6c5 d2d4 g8h6
2460,a2a4 d7d5 e2e3 h7h6 h2h3 c8e6 a1a2 a7a5 g2g3 g8f6 d2d4 e6f5
2461,b2b4 a7a6 g2g3 a6a5 c1b2 d7d5 g1f3 f7f5 b1c3 c8d7 b4b5 g7g6
2462,g2g3 h7h5 b2b4 f7f6 b4b5 g7g6 f1g2 e7e5 g3g4 f8c5 e1f1 c5f8
2463,e2e3 b7b5 f1b5 g7g6 a2a4 f8h6 b5d7 e8f8 d7b5 a7a5 e1f1 c7c5
2464,b2b3 a7a5 b1c3 d7d6 c1a3 c7c5 g2g3 c5c4 a3b4 c8f5 g1h3 f5e4
2465,b2b4 b7b6 g2g3 c8a6 g1f3 d7d5 h2h3 g7g6 h3h4 a6c4 c1a3 f7f6
2466,g1f3 b7b5 g2g3 f7f6 f3g5 d7d6 b1c3 e7e6 f2f3 g7g6 g5e6 b8c6
2467,e2e4 e7e6 g2g4 e8e7 f1a6 b7b5 b1a3 c8b7 a6b7 f7f6 a3b5 g7g5
2468,b2b4 g7g6 h2h4 f8h6 f2f3 f7f6 a2a3 e7e5 a3a4 f6f5 d2d3 a7a5
2469,b2b4 h7h6 h2h4 e7e5 h4h5 g7g6 f2f3 c7c6 h1h2 d8a5 c2c4 f8b4
2470,h2h3 g8f6 e2e3 g7g6 c2c4 e7e5 g2g4 f6h5 d1f3 f7f5 e3e4 f5g4
2471,h2h3 b8c6 a2a4 f7f5 d2d3 a7a6 d1d2 a8b8 g1f3 c6d4 c2c4 d7d6
2472,h2h3 g8f6 e2e3 g7g6 g2g3 b8c6 f1c4 f6g4 a2a4 f7f6 b1c3 a7a6
2473,d2d4 b7b6 e2e4 f7f6 c2c4 b6b5 a2a4 a7a5 c1d2 b5a4 h2h3 g8h6
2474,h2h3 d7d6 e2e3 a7a5 b1c3 h7h6 d2d4 g7g5 a1b1 b7b5 d1h5 c7c5
2475,b2b3 a7a5 c1a3 c7c5 a3c5 b8a6 c2c4 a8a7 d2d3 a6c7 f2f3 d7d5
2476,e2e3 b7b5 e1e2 b5b4 g1f3 d7d5 c2c4 g7g5 d1e1 h7h6 d2d4 g5g4
2477,h2h4 f7f6 f2f3 d7d5 h4h5 c8d7 h5h6 d5d4 b2b3 g8h6 b1a3 h8g8
2478,h2h3 h7h5 d2d3 f7f6 b2b3 b7b5 c2c3 b8a6 d1d2 a8b8 h1h2 h8h6
2479,b2b4 g7g6 g2g3 h7h6 a2a4 e7e5 c2c4 c7c6 a1a3 d7d6 b1c3 f7f5
2480,e2e3 c7c5 b1a3 e7e6 c2c4 g8f6 a1b1 d7d5 d1c2 e8d7 g1f3 d8b6
2481,b2b4 f7f6 a2a4 e7e5 d2d3 b8a6 c1h6 f8b4 b1d2 b4d2 h6d2 g7g6
2482,b2b3 g7g6 c1a3 g8f6 d2d4 e7e5 h2h4 f8a3 b1d2 f6d5 d2e4 b7b6
2483,b2b3 a7a5 e2e4 g7g6 c1a3 e7e6 g2g4 f8a3 f1c4 a3b4 a2a3 h7h6
2484,g1f3 e7e6 g2g3 g7g5 f3g5 c7c5 g5f7 f8g7 f7h8 d8b6 h1g1 e8f8
2485,f2f3 d7d6 e2e4 g8h6 d2d4 b7b5 a2a4 f7f6 h2h3 h6g4 f1b5 c7c6
2486,h2h3 d7d5 c2c4 b7b5 d2d3 e7e6 f2f3 g8f6 c4c5 f6h5 a2a4 c7c6
2487,b2b4 h7h6 d2d3 g7g6 a2a4 a7a5 h2h3 g6g5 h1h2 d7d6 c1a3 b8a6
2488,g2g4 a7a5 e2e4 g8f6 d2d4 b8a6 e1e2 g7g6 c1d2 a6b4 a2a4 b4c2
2489,e2e4 a7a6 f2f3 b7b5 c2c3 g8h6 h2h4 a6a5 c3c4 b8a6 c4c5 a6b8
2490,h2h4 f7f6 f2f3 f6f5 d2d3 b8c6 b2b4 e7e6 f3f4 f8c5 g2g3 h7h6
2491,g2g4 b7b6 e2e4 f7f6 c2c3 c8b7 d2d4 b7e4 f2f4 b8c6 f1b5 g8h6
2492,e2e4 h7h6 g1f3 d7d6 b1a3 a7a5 c2c3 c8e6 d2d4 g7g5 e1e2 e6c4
2493,h2h4 d7d6 g2g4 f7f6 d2d3 c7c5 b1a3 c5c4 h4h5 d8d7 g1h3 b7b6
2494,e2e3 e7e6 b1c3 g8e7 d1e2 c7c5 b2b4 h8g8 c3b5 e7f5 e1d1 f5e3
2495,b2b3 g7g6 c1a3 b7b5 d2d4 d7d5 f2f4 h7h5 g2g3 f7f5 f1g2 f8g7
2496,h2h3 a7a5 a2a3 d7d6 b2b4 a5b4 f2f3 c8e6 f3f4 g8h6 a3a4 d6d5
2497,g2g3 d7d5 g1f3 f7f5 b1c3 h7h5 f3g1 c8d7 b2b3 d5d4 c1a3 g7g6
2498,h2h4 f7f5 b2b4 d7d6 g2g4 d8d7 d2d4 a7a6 f1h3 c7c5 c1b2 f5f4
2499,g2g4 d7d5 h2h3 b7b6 c2c4 c8e6 c4c5 e8d7 d2d4 c7c6 g1f3 f7f6
2500,h2h4 g8f6 f2f3 b8c6 b2b4 a8b8 c2c4 e7e6 d1a4 c6d4 e1f2 f8d6
2501,b1c3 b7b6 d2d4 b8c6 a1b1 c6b8 c3e4 c8a6 a2a3 f7f6 g1f3 a6c4
2502,g1h3 d7d6 d2d4 c7c5 c2c4 c8f5 e2e3 g7g6 h3g5 a7a5 g5f3 c5d4
2503,a2a4 h7h6 b1a3 g7g6 b2b3 e7e5 f2f3 c7c6 c2c4 d7d6 a1b1 c8g4
2504,h2h3 c7c6 e2e3 g7g5 g2g3 a7a5 b1a3 e7e5 e1e2 e8e7 g1f3 g8h6
2505,h2h3 h7h5 b1a3 h8h6 b2b3 g8f6 a1b1 d7d5 g1f3 e7e6 g2g3 b7b5
2506,b2b3 a7a5 c1a3 c7c5 c2c4 a8a7 f2f4 f7f6 b3b4 d7d5 d2d3 e7e6
2507,g1h3 a7a5 a2a3 h7h6 b2b4 d7d6 f2f3 c8d7 c1b2 a8a7 d2d3 e7e6
2508,h2h3 a7a5 d2d4 g7g6 b1a3 d7d5 f2f3 d8d7 g2g3 b8a6 f1g2 a5a4
2509,e2e4 d7d5 b1c3 c8d7 a1b1 f7f6 g1h3 c7c5 c3d5 g7g5 d1h5
2510,h2h3 d7d6 b2b4 g7g5 e2e3 h7h5 d2d3 h8h6 g2g3 c8e6 f1g2 b8d7
2511,e2e4 h7h6 g1f3 a7a5 a2a4 b7b5 c2c4 g7g5 d2d3 e7e5 h1g1 e8e7
2512,e2e4 f7f5 c2c4 d7d5 d1b3 e7e5 b3f3 c8d7 c4c5 e8e7 h2h3 f5f4
2513,f2f4 b7b5 c2c4 e7e6 d2d4 e6e5 h2h4 a7a5 c1d2 h7h6 e2e4 h8h7
2514,b2b4 f7f6 b4b5 c7c5 g2g3 g7g5 c1b2 d8b6 b2d4 f6f5 h2h3 b6e6
2515,h2h3 d7d6 e2e3 h7h6 c2c4 d8d7 d2d3 a7a5 h1h2 e7e6 f1e2 g7g5
2516,h2h3 d7d6 e2e3 a7a5 e1e2 h7h6 g1f3 e7e6 a2a4 b7b5 d2d4 d6d5
2517,e2e3 g7g6 c2c4 f8g7 f2f4 g6g5 b2b3 a7a5 e1e2 b8a6 f4f5 e7e5
2518,f2f3 d7d6 b2b4 c8g4 e2e4 g7g5 c1a3 h7h6 f3g4 e8d7 b4b5 a7a6
2519,b2b3 d7d6 c1a3 h7h6 d2d4 c7c5 e2e3 c8g4 g1f3 c5c4 c2c3 g7g5
2520,d2d3 e7e5 h2h4 a7a5 e1d2 f7f6 e2e4 b8a6 d1e1 f6f5 c2c4 a8b8
2521,h2h3 d7d5 a2a4 c8e6 d2d4 b7b6 g1f3 f7f5 e2e3 e8d7 e1e2 g7g6
2522,g1h3 g8h6 a2a4 a7a5 b2b4 b7b5 h3g5 g7g6 g5h3 h8g8 a1a2 d7d6
2523,h2h3 g7g6 g2g4 f8h6 e2e4 d7d5 f1c4 f7f6 c2c3 h6f4 e1e2 d5d4
2524,h2h3 d7d6 e2e3 h7h6 g1f3 a7a5 e1e2 e7e6 c2c4 b8c6 b2b3 b7b5
2525,h2h3 d7d6 e2e3 h7h6 g1f3 a7a5 e1e2 e7e6 d2d4 g7g6 c1d2 b8d7
2526,h2h4 d7d6 d2d3 a7a5 a2a4 b7b5 b2b4 h7h6 a1a2 c7c5 h4h5 g7g5
2527,a2a4 d7d5 h2h4 f7f6 d2d4 c8d7 f2f3 g8h6 g2g3 h8g8 c1g5 h6g4
2528,g2g4 g7g6 e2e4 d7d5 c2c4 d8d7 f1g2 b8c6 e4d5 a8b8 d5c6 h7h6
2529,g1h3 d7d6 a2a4 a7a5 b2b4 g7g6 g2g3 h7h6 h3g1 c8h3 d2d4 b8d7
2530,g2g3 d7d5 h2h4 b7b6 d2d3 c8e6 e2e4 d5d4 h1h3 f7f5 g1f3 e6c4
2531,c2c4 d7d5 c4c5 a7a5 d2d3 d5d4 d1c2 f7f6 c2d1 c8h3 c1e3 d8d5
2532,g2g4 b7b5 c2c4 e7e6 g4g5 h7h5 b2b4 g7g6 d1b3 d8f6 g1h3 d7d6
2533,h2h3 d7d6 b1a3 h7h6 g2g4 d8d7 e2e3 g7g5 g1f3 d7g4 e1e2 a7a5
2534,h2h4 b7b5 g2g3 a7a5 h1h3 g7g6 d2d3 c7c5 d1d2 d7d5 f2f4 e8d7
2535,b2b4 h7h6 g2g3 e7e5 c1b2 g7g6 d2d4 b8a6 d4e5 h6h5 d1d2 f7f5
2536,h2h3 d7d6 b1a3 h7h6 g2g4 g7g6 f2f3 d8d7 e2e3 g6g5 e3e4 a7a5
2537,e2e3 a7a5 h2h3 e7e6 a2a4 d8e7 e1e2 b7b5 e3e4 c7c5 g2g3 f7f6
2538,b2b3 h7h5 c1a3 d7d5 a3c5 g7g6 g2g4 h8h7 f1g2 g8f6 e1f1 b8c6
2539,d2d3 e7e5 h2h4 f7f5 d3d4 f8c5 g2g3 h7h5 e1d2 g7g6 b1c3 e5d4
2540,h2h3 b7b5 g2g3 a7a5 e2e3 f7f6 e1e2 d7d5 c2c3 c7c5 d1c2 d5d4
2541,g2g3 h7h5 b2b4 h8h6 c1a3 b8c6 g1f3 f7f5 f3d4 a7a5 h2h4 e7e6
2542,c2c4 d7d5 e2e4 e7e5 e1e2 b7b6 d1b3 g8f6 d2d4 e5d4 c1g5 f6e4
2543,b2b4 e7e5 g1h3 e8e7 c1a3 g8f6 b4b5 d7d6 g2g3 d8d7 h1g1 c7c6
2544,h2h3 d7d5 g2g4 c8d7 b1a3 f7f6 b2b3 d5d4 g4g5 h7h5 g5f6 g7g6
2545,e2e4 h7h6 f2f3 d7d6 g2g3 g7g5 h2h3 c8g4 f3g4 c7c5 h1h2 c5c4
2546,e2e4 d7d5 e4e5 c8d7 g1f3 g7g6 f3d4 g8f6 f2f4 f6e4 a2a3 b8c6
2547,h2h3 a7a5 d2d3 c7c5 b2b4 d7d6 a2a4 h7h6 b4a5 c8g4 h3g4 c5c4
2548,e2e3 b7b5 e3e4 c7c5 e1e2 g7g6 c2c3 d7d6 h2h3 c8g4 h3g4 c5c4
2549,h2h3 a7a6 f2f4 e7e6 f4f5 c7c6 e1f2 e8e7 g1f3 a8a7 g2g3 d7d5
2550,b2b3 a7a5 c1a3 c7c5 e2e4 a8a7 e1e2 d7d6 d2d4 c8g4 f2f3 d6d5
2551,g1h3 h7h6 d2d4 c7c5 c2c4 d7d6 c1e3 d8c7 b2b3 g7g5 b1a3 e7e6
2552,e2e3 b7b5 a2a3 e7e6 e1e2 f7f5 e2f3 d7d6 c2c4 g7g6 d1e2 e8e7
2553,g2g4 h7h6 h2h3 d7d6 d2d3 d8d7 c2c3 e8d8 e2e3 g7g5 c1d2 a7a5
2554,h2h3 d7d6 d2d3 h7h5 e2e3 g7g6 h3h4 d6d5 g2g3 c8d7 f2f4 e7e5
2555,g2g3 g7g6 d2d3 b7b5 d1d2 c7c5 h2h4 c8b7 h1h3 g8h6 e2e4 h8g8
2556,e2e3 b7b5 e1e2 b5b4 a2a3 c8a6 d2d3 b4a3 g1f3 g7g6 h2h3 g8f6
2557,g2g4 b7b6 c2c4 d7d5 e2e4 c8e6 f2f4 f7f6 b1a3 e8d7 f1g2 d5c4
2558,d2d4 f7f5 h2h3 e7e5 h1h2 g8f6 d4e5 f8a3 d1d4 b8c6 c1e3 c6d4
2559,b2b3 d7d6 e2e3 h7h6 d2d4 d8d7 c2c3 g7g5 g1f3 e7e5 c1d2 h6h5
2560,a2a4 a7a6 d2d3 b7b5 d1d2 d7d6 h2h3 a8a7 c2c4 f7f6 d2d1 b8d7
2561,h2h4 d7d6 e2e3 f7f5 d2d3 e7e6 g2g3 f5f4 f2f3 c7c5 b2b4 d6d5
2562,h2h3 b8a6 e2e4 a8b8 e4e5 b7b6 e5e6 f7f6 g2g3 h7h5 d2d3 h8h7
2563,h2h3 d7d6 d2d3 g8f6 a2a4 g7g6 g2g4 e7e6 d3d4 a7a5 c2c4 d8d7
2564,h2h4 b7b5 b2b4 f7f6 f2f3 g7g5 g2g3 e7e6 b1c3 a7a5 f1g2 h7h6
2565,g2g4 d7d5 h2h3 e8d7 b2b4 b7b6 e2e3 d7e8 f2f4 c8d7 c1a3 f7f6
2566,g2g3 d7d5 d2d4 f7f6 f2f4 b8c6 h2h4 d8d6 b2b3 a8b8 e1f2 b7b6
2567,g2g3 h7h5 h2h4 f7f6 b2b3 b7b5 c1a3 g7g6 h1h3 h8h6 f1g2 c8a6
2568,g1h3 d7d6 g2g3 f7f5 b2b4 d8d7 e2e3 a7a5 f2f4 c7c5 h3g5 h7h6
2569,f2f3 f7f5 g2g4 e7e5 b2b4 c7c5 f1h3 f8e7 g4g5 d8b6 b1c3 b6h6
2570,d2d4 b8c6 c2c4 a8b8 g1f3 h7h5 a2a4 g7g6 g2g3 d7d5 c1f4 e7e6
2571,h2h3 b8c6 b1c3 a8b8 e2e3 e7e6 c3a4 f8b4 c2c4 d7d5 g2g4 f7f6
2572,h2h3 b8c6 g2g3 g8f6 b1a3 g7g6 e2e3 a7a5 f1c4 h8g8 e3e4 b7b6
2573,h2h3 h7h6 e2e4 d7d6 b1a3 c8f5 g2g4 f5g4 c2c3 c7c5 h3g4 e8d7
2574,f2f3 f7f5 b2b4 c7c6 e2e3 g8h6 d2d3 b7b6 f3f4 h8g8 g2g3 g7g6
2575,a2a3 d7d5 a1a2 a7a6 d2d3 g8f6 b1d2 a8a7 h2h4 b8d7 b2b4 e7e6
2576,e2e4 e7e5 g2g3 f8c5 g3g4 g7g5 b1a3 g8f6 a1b1 f6e4 h2h3 c5f2
2577,h2h3 a7a5 c2c4 h7h5 d2d3 d7d5 d1d2 e7e5 g2g3 g8f6 f2f4 f8e7
2578,h2h3 d7d5 f2f4 g8h6 g2g4 b7b5 c2c4 f7f6 d1b3 c8d7 c4b5 b8c6
2579,h2h3 h7h5 f2f3 f7f6 e2e4 b7b5 b1c3 g8h6 a1b1 c7c6 f1b5 a7a5
2580,f2f4 b7b5 d2d4 d7d6 a2a4 h7h6 e2e4 g7g6 d4d5 a7a5 c1d2 b5a4
2581,e2e4 a7a5 e1e2 h7h6 d2d4 h8h7 b2b3 d7d6 h2h3 b8c6 g1f3 c8h3
2582,g1h3 d7d6 h3g1 a7a5 e2e4 h7h6 e4e5 h8h7 g1f3 c8g4 e5d6 g4e6
2583,b2b3 d7d6 c1a3 h7h6 a3c5 d8d7 d2d4 e7e5 e2e4 g7g5 e1d2 a7a5
2584,b1c3 b8a6 a1b1 g7g6 g1f3 b7b5 b2b4 a8b8 c3b5 e7e6 h2h3 f7f6
2585,e2e3 g7g6 e1e2 b7b6 a2a4 d7d5 b2b3 g8h6 c2c4 c8h3 b1c3 a7a5
2586,g1h3 g7g5 a2a4 b7b5 a4b5 f7f6 b2b3 a7a5 a1a4 e7e6 b3b4 d7d6
2587,h2h3 d7d5 d2d3 a7a5 a2a4 d5d4 c1e3 c8d7 e3d4 h7h6 b1d2 f7f6
2588,b2b3 c7c5 b3b4 a7a5 f2f4 a8a7 a2a3 b8c6 c2c4 a5a4 d1a4 c6e5
2589,e2e4 h7h6 e4e5 h8h7 g1f3 d7d6 e5d6 g8f6 f1e2 f6d5 a2a4 c8e6
2590,d2d4 b8c6 a2a4 a7a6 a1a3 c6b8 b1d2 a6a5 h2h3 f7f5 a3g3 b7b5
2591,d2d4 g7g6 d4d5 g8f6 f2f3 b8c6 d1d3 a8b8 c2c4 c6d4 d3d4 f6e4
2592,a2a4 a7a6 a4a5 b7b5 b2b3 g7g6 d2d4 g8h6 c1d2 d7d6 f2f3 b8d7
2593,b2b4 a7a5 g1h3 d7d5 a2a4 c8d7 c1a3 f7f6 f2f4 b7b5 e1f2 g7g6
2594,e2e3 g7g6 c2c4 g8f6 g2g4 h7h5 e3e4 g6g5 a2a4 e7e6 e1e2 h8h6
2595,h2h4 f7f5 b2b4 c7c5 f2f3 d8b6 c1b2 b8a6 e2e4 e7e6 b4c5 g8e7
2596,a2a3 f7f5 a3a4 d7d5 b1a3 a7a6 a4a5 a8a7 e2e3 b8d7 f1a6 g8f6
2597,h2h3 g7g6 d2d3 f8h6 c1d2 b7b5 a2a4 h6d2 d1d2 c8a6 a4a5 g8h6
2598,d2d3 b8a6 a2a4 g7g5 c2c4 c7c6 d3d4 e7e5 a1a2 e8e7 c1g5 g8f6
2599,b2b3 h7h5 c1a3 e7e5 g1f3 b8c6 h2h4 g8f6 d2d4 a8b8 a3f8 c6d4
2600,h2h4 b7b5 h1h3 g7g6 g2g3 d7d5 f2f3 h7h6 a2a3 f7f6 b2b4 a7a6
2601,h2h3 a7a6 h1h2 d7d6 d2d4 g7g6 e1d2 f7f5 e2e3 e7e5 g2g4 e5d4
2602,d2d4 b8c6 a2a4 e7e6 a1a3 e8e7 c1f4 d7d6 f4d6 e7d7 h2h3 c6e7
2603,b2b4 e7e6 e2e3 e8e7 d2d3 a7a5 e1e2 a8a7 c2c4 d7d6 c1b2 h7h6
2604,b2b4 g7g6 b4b5 h7h5 g2g3 f8h6 d2d3 e7e5 c1g5 g8f6 h2h4 e5e4
2605,g2g4 b7b5 a2a4 a7a6 d2d3 d7d6 a4b5 a8a7 c2c4 b8d7 b5b6 f7f6
2606,b2b4 g8f6 a2a4 g7g6 f2f3 e7e5 d2d3 b8c6 c2c4 f8b4 b1d2 h8g8
2607,e2e4 h7h6 g1f3 h8h7 e4e5 h7h8 b2b3 d7d6 c2c4 c8g4 e5d6 c7d6
2608,d2d4 d7d5 a2a4 a7a6 e2e4 a8a7 e1e2 g7g6 c2c4 c8g4 g1f3 f8g7
2609,a2a4 b7b6 e2e4 e7e5 d2d4 d7d5 e1e2 c8g4 g1f3 g7g6 g2g3 h7h6
2610,h2h4 c7c6 d2d4 h7h6 g2g3 e7e5 h1h3 e8e7 h4h5 d8b6 b1a3 g7g5
2611,h2h3 d7d5 h1h2 b8c6 d2d3 g8f6 c1g5 a8b8 b2b3 e7e6 c2c4 f8b4
2612,b2b3 a7a5 c1a3 c7c5 a3c5 g8h6 g2g3 f7f5 c5b6 g7g6 c2c3 h6g4
2613,a2a4 d7d5 a4a5 h7h5 h2h3 g8h6 d2d3 c8h3 g2g4 h3g4 d3d4 f7f5
2614,e2e3 e7e5 f2f3 e8e7 g2g3 a7a5 b1a3 g7g5 f3f4 e5f4 e3e4 d7d5
2615,h2h4 b7b5 g2g3 e7e6 e2e4 f7f6 e1e2 c7c5 c2c3 f8e7 b2b3 b5b4
2616,b2b3 a7a5 e2e4 b8c6 d2d4 a8b8 g2g4 g7g6 c1g5 h7h5 d4d5 a5a4
2617,d2d3 d7d5 h2h3 c8e6 c1g5 c7c6 g5h4 h7h6 g2g3 d8d7 d3d4 e8d8
2618,b1a3 a7a6 b2b3 a6a5 a3b5 d7d6 c1a3 f7f5 h2h4 c7c6 h1h2 f5f4
2619,b2b3 a7a5 g2g3 e7e5 b1c3 c7c5 a2a4 g7g5 b3b4 b8a6 b4a5 g8f6
2620,b2b3 a7a5 g2g3 d7d6 b3b4 h7h6 h2h3 e7e5 a2a4 g7g6 b4a5 e5e4
2621,d2d3 a7a5 a2a4 d7d6 b2b4 b7b5 b4a5 h7h6 h2h3 c8d7 c1e3 b5b4
2622,d2d4 f7f5 c2c3 g8h6 h2h3 c7c5 c1e3 e7e6 h1h2 f8e7 b2b3 c5d4
2623,d2d3 c7c5 d3d4 d7d6 c2c4 h7h6 e2e3 h8h7 b1d2 a7a5 a2a3 c5d4
2624,a2a4 a7a6 d2d3 b7b5 a4b5 d7d6 b5b6 a6a5 b2b4 a8a7 h2h3 h7h6
2625,g2g4 d7d5 h2h4 b7b6 g1h3 c8a6 d2d4 a6c4 f1g2 e8d7 f2f4 e7e6
2626,h2h3 d7d6 e2e3 b8c6 c2c3 d6d5 g1f3 a8b8 e1e2 g7g6 g2g3 g8f6
2627,b1c3 b7b6 e2e3 c8a6 h2h3 h7h6 g1f3 g8f6 a2a4 a6e2 d2d4 g7g5
2628,a2a4 f7f5 f2f4 g8h6 b2b4 h8g8 d2d3 c7c5 e2e4 d8b6 b1c3 a7a5
2629,h2h3 g7g5 d2d3 e7e5 c1g5 f8h6 h1h2 g8f6 g5e3 b8a6 b2b3 d7d5
2630,e2e4 d7d6 d2d4 h7h6 a2a3 g7g5 a1a2 c7c5 b1d2 c8g4 h2h4 c5d4
2631,h2h3 g7g6 d2d3 g8f6 c1g5 h7h5 d1c1 d7d6 f2f3 h8g8 a2a4 b7b6
2632,g2g3 a7a6 g1f3 f7f5 f1h3 h7h5 b2b3 a6a5 h1f1 d7d6 a2a4 e7e5
2633,e2e4 h7h6 e4e5 e7e6 g1f3 g8e7 d2d4 a7a5 h2h4 d7d6 b2b3 d6d5
2634,e2e4 g7g6 g2g4 d7d5 b1a3 h7h5 f1g2 h8h7 e4d5 f7f5 a1b1 f8g7
2635,h2h3 c7c5 g2g4 b8a6 b2b3 a8b8 c1a3 d8c7 h1h2 c7f4 h2h1 e8d8
2636,d2d3 f7f5 c2c4 c7c5 e2e3 d7d5 d3d4 c5d4 g1f3 e7e6 b1c3 d4c3
2637,g2g3 g8f6 b1c3 g7g6 a1b1 f6g8 g1f3 b8a6 c3d5 f7f5 g3g4 e7e6
2638,e2e3 c7c5 c2c4 e7e6 g1e2 a7a5 b2b4 d7d5 c1b2 a5b4 d2d3 a8a6
2639,g2g3 f7f5 b2b4 e8f7 c2c4 h7h5 d2d4 c7c5 d4d5 g7g5 c1d2 b7b6
2640,b2b4 b7b5 g2g3 d7d6 c1a3 f7f6 h2h4 b8d7 h1h2 a7a6 e2e3 g7g6
2641,h2h3 d7d6 e2e3 h7h6 c2c3 a7a5 d2d4 d8d7 b2b3 e7e5 d4e5 d6d5
2642,b1c3 f7f5 a1b1 b8a6 e2e4 e7e6 g1f3 f8c5 e4f5 g7g6 f1a6 c5f2
2643,g2g3 c7c5 h2h3 e7e6 g3g4 b7b5 b2b4 c8a6 c1a3 d8c8 g1f3 e8e7
2644,e2e3 d7d5 a2a4 f7f5 h2h3 d5d4 b2b3 d4e3 b3b4 c7c5 d2d4 e3f2
2645,b1c3 b7b6 b2b3 g7g6 c1b2 d7d5 b2a3 f8h6 a3c5 h6g7 c3b5 g6g5
2646,d2d3 e7e6 b1c3 b8a6 a1b1 d8h4 d3d4 a8b8 c3b5 g7g6 g1f3 f7f6
2647,b2b4 b7b5 c1a3 g7g6 g2g3 g8h6 f2f3 f7f6 d2d3 c8a6 a3c1 e7e6
2648,d2d4 f7f5 h2h4 b8a6 d4d5 g7g6 f2f3 f8g7 b2b4 c7c6 c1d2 c6d5
2649,c2c4 b7b5 e2e4 g7g5 d1b3 c8b7 e1e2 e7e6 a2a4 f8e7 a4b5 b8c6
2650,b2b4 b8a6 a2a4 b7b5 a4b5 g7g5 b5a6 f7f6 b1c3 f8h6 b4b5 d7d6
2651,b2b3 a7a5 e2e3 d7d5 f2f3 f7f5 f1a6 e7e6 a6d3 e8e7 c2c4 f5f4
2652,h2h3 b8a6 b1c3 a6c5 a2a4 g7g6 c3e4 h7h5 h3h4 e7e5 f2f3 g8e7
2653,b1a3 e7e6 a3b5 f7f6 b2b3 g7g6 g2g3 h7h5 c1a3 f8h6 h2h4 f6f5
2654,h2h3 g8f6 d2d3 g7g6 f2f4 d7d6 c2c4 f6h5 d1d2 b7b5 c4c5 g6g5
2655,h2h3 c7c6 e2e3 e7e6 a2a4 d7d5 a1a3 f7f5 e1e2 g7g6 c2c4 g8f6
2656,b2b3 a7a5 a2a3 a5a4 g1h3 d7d6 g2g3 h7h6 b3a4 g7g6 c2c4 b8a6
2657,b2b4 e7e6 c1a3 d7d5 b4b5 g8h6 g1f3 f7f5 g2g4 h6g4 h2h3 g4f2
2658,h2h3 h7h5 a2a4 d7d5 d2d3 b7b6 f2f4 e7e5 a1a2 g8f6 c2c4 d8d7
2659,h2h3 d7d6 e2e3 g7g6 c2c4 d6d5 b2b4 c8d7 g2g4 g8f6 a2a4 h8g8
2660,e2e3 b7b5 e1e2 b5b4 g1f3 c8a6 c2c4 g7g5 a2a4 e7e5 f3e5 e8e7
2661,b2b3 a7a5 c1a3 c7c5 c2c3 d7d5 e2e3 d8d7 a3c5 a8a6 f1a6 g8f6
2662,e2e3 a7a5 e1e2 h7h6 a2a3 e7e6 b2b4 e8e7 d2d3 d7d6 g1f3 c8d7
2663,h2h3 a7a5 d2d3 d7d6 c2c4 c8e6 d1c2 h7h6 b2b3 d6d5 c1g5 h8h7
2664,b2b4 b7b6 g2g3 c8a6 h2h4 a6c4 e2e3 g7g6 e3e4 h7h5 a2a4 h8h7
2665,c2c4 e7e5 g2g4 h7h6 d2d3 a7a5 h2h3 e8e7 a2a4 b8c6 d3d4 d8e8
2666,b1c3 f7f5 g1f3 c7c5 f3d4 h7h5 b2b3 e7e6 f2f3 h8h6 h1g1 e6e5
2667,g2g4 g8h6 c2c4 b7b5 d2d3 e7e6 g4g5 f7f5 h2h3 h6f7 f2f3 c8a6
2668,g2g3 f7f5 g1h3 b8a6 b1c3 h7h5 h1g1 g8h6 b2b3 g7g6 a2a4 a8b8
2669,h2h3 b7b5 a2a4 a7a6 d2d3 a8a7 f2f3 f7f6 c2c4 d7d6 c4c5 b8d7
2670,h2h4 b7b5 d2d3 a7a5 g2g3 g7g6 e2e4 g8h6 f2f4 a8a7 g1e2 h8g8
2671,e2e3 a7a5 b1c3 h7h6 a1b1 b7b6 g1f3 a5a4 d2d4 a8a5 f1b5 g7g6
2672,g2g3 g7g6 d2d3 g6g5 g3g4 b8a6 c2c4 a8b8 c4c5 h7h6 d1c2 e7e6
2673,h2h3 d7d5 d2d3 c7c6 c1e3 e7e6 h1h2 g8f6 c2c4 h8g8 g2g4 a7a6
2674,b2b3 a7a5 g2g3 a8a7 b3b4 b7b5 f2f3 d7d6 f1h3 f7f5 h3f5 a5b4
2675,g2g4 g8h6 d2d3 a7a5 f2f4 b7b5 b1a3 g7g6 f1g2 b8c6 d3d4 b5b4
2676,b2b4 b7b5 g2g3 a7a5 d2d3 a8a7 d1d2 d7d6 h2h3 h7h6 g1f3 f7f6
2677,c2c4 d7d5 f2f4 f7f5 b2b3 h7h5 d2d3 e7e5 c4c5 f8c5 d1c2 c5f2
2678,e2e3 g8h6 c2c4 d7d5 c4d5 a7a5 f1b5 b8c6 g1f3 c8h3 e1e2 h8g8
2679,f2f3 e7e6 a2a4 f7f6 g1h3 b7b5 h1g1 d7d6 b1c3 f6f5 d2d4 e8f7
2680,b1c3 g8h6 h2h4 d7d6 a1b1 c7c5 c3d5 a7a5 g1f3 b7b5 e2e3 g7g5
2681,h2h4 f7f6 b2b4 b7b6 g2g3 d7d6 c2c3 b6b5 c1a3 e8d7 d2d4 d7c6
2682,h2h3 d7d5 d2d3 b7b6 c2c4 c8e6 c4d5 h7h6 d5e6 c7c6 c1h6 h8h7
2683,e2e4 b7b6 h2h4 c8a6 g2g3 g8f6 g1f3 f6h5 d2d4 f7f6 e1d2 h7h6
2684,a2a4 a7a6 a4a5 a8a7 b1c3 d7d5 g2g3 c7c5 g1h3 c8h3 c3d5 d8d5
2685,g2g4 g8h6 b2b3 e7e6 g4g5 g7g6 b1a3 a7a5 h2h3 c7c5 a3b5 b7b6
2686,d2d3 b8c6 g2g3 g8f6 h2h3 a8b8 c2c4 c6d4 a2a4 d7d5 h3h4 a7a6
2687,h2h3 g8f6 b2b4 g7g6 a2a4 b8c6 g2g3 e7e5 e2e3 h8g8 f1c4 c6e7
2688,g1f3 d7d5 g2g3 f7f5 b1c3 h7h6 a1b1 c8d7 h2h3 a7a5 e2e4 g7g6
2689,g1h3 c7c6 e2e3 c6c5 d1h5 b8a6 h5h6 a8b8 c2c4 b7b5 f2f4 d8c7
2690,b2b4 b8c6 f2f4 h7h5 d2d3 b7b5 a2a4 g7g5 f4f5 a7a5 c2c3 d7d6
2691,a2a4 a7a6 g1h3 d7d6 b2b4 b7b6 d2d3 h7h6 e2e3 e7e6 a4a5 b6b5
2692,a2a4 a7a6 a4a5 a8a7 d2d3 b7b5 a5b6 c7c6 b6a7 e7e6 e2e4 e8e7
2693,h2h3 a7a6 g2g4 a8a7 b2b4 b7b6 c1a3 g8h6 c2c4 c7c5 d2d3 f7f6
2694,d2d4 b7b6 b2b3 c8a6 g2g3 a6c4 d4d5 g8f6 c1d2 b6b5 d2c3 g7g6
2695,h2h3 d7d6 e2e3 a7a5 g2g4 h7h6 c2c3 g7g5 b2b3 e7e5 h3h4 d6d5
2696,g1f3 h7h6 g2g4 e7e6 e2e4 e8e7 b1a3 g8f6 f1c4 d7d5 b2b4 g7g5
2697,b2b4 a7a6 g2g3 f7f6 h2h4 g7g5 d2d3 d7d6 c1g5 f8g7 b1c3 f6g5
2698,e2e3 g8h6 e1e2 g7g6 g2g3 d7d5 h2h4 d5d4 e2f3 f7f5 b1c3 e8f7
2699,b2b4 g7g6 f2f3 b8c6 g2g4 e7e5 g1h3 e8e7 c1b2 d7d5 b4b5 c8d7
2700,g2g4 d7d5 b2b4 c8d7 h2h3 g7g6 b4b5 b7b6 a2a4 e7e5 d2d4 f8a3
2701,h2h3 c7c6 e2e3 e7e6 a2a4 c6c5 c2c4 d8c7 d2d3 d7d5 d1d2 g8f6
2702,a2a4 d7d5 e2e3 f7f5 c2c4 e7e5 a1a2 f8e7 b1a3 h7h5 c4c5 h8h6
2703,d2d4 h7h6 e1d2 e7e6 h2h4 a7a6 g2g3 b8c6 d2d3 c6d4 b1d2 d7d6
2704,b2b3 b7b5 c1a3 g7g6 d2d4 h7h5 d4d5 a7a5 g2g3 c7c5 e2e4 h5h4
2705,a2a4 a7a6 b1c3 d7d5 a4a5 d5d4 b2b3 a8a7 b3b4 b8d7 g2g3 d4d3
2706,h2h3 c7c6 d2d4 d7d6 c2c3 h7h6 g2g4 c6c5 c3c4 d8a5 b2b4 c8g4
2707,d2d4 b7b6 h2h3 c8a6 b2b4 g7g6 g2g3 f8h6 h3h4 a6b5 f1g2 b5c4
2708,a2a4 a7a6 a4a5 b7b5 a5b6 g7g6 e2e3 c7c5 f2f3 g6g5 e3e4 g8f6
2709,e2e3 a7a5 b1c3 a5a4 e1e2 b7b6 g1f3 h7h6 g2g3 g7g6 h2h3 h6h5
2710,h2h4 f7f6 f2f4 b8c6 e1f2 b7b6 f2f3 c6d4 f3g3 d4c6 b2b3 c6d4
2711,e2e3 d7d5 e1e2 h7h6 d2d4 c8e6 g1f3 h8h7 b2b3 g8f6 d1d2 f6h5
2712,e2e3 a7a5 b1c3 h7h6 h2h3 h8h7 f2f4 a5a4 d2d4 d7d6 g2g3 b8a6
2713,a2a4 a7a6 d2d3 b7b5 a4b5 a6b5 b2b4 a8a5 a1a5 d7d6 a5a6 g7g5
2714,e2e3 a7a5 e1e2 e7e6 a2a4 f8b4 h2h3 h7h6 d2d3 g7g6 c1d2 g8f6
2715,e2e3 d7d5 e1e2 h7h6 d2d4 c8e6 a2a3 h8h7 g1f3 a7a5 h2h3 a8a7
2716,a2a4 a7a6 g1h3 d7d6 b2b4 b7b5 a4b5 a8a7 g2g3 h7h6 f2f3 b8d7
2717,d2d3 e7e5 h2h3 c7c6 c2c4 g8f6 g2g4 h7h5 f2f3 d7d6 b2b4 e5e4
2718,h2h3 g7g6 g2g4 h7h5 d2d3 b7b5 c1g5 a7a5 c2c4 d7d6 d1b3 h8h7
2719,f2f4 b7b5 e1f2 d7d5 c2c4 c8e6 d1b3 b8c6 d2d4 f7f6 c4b5 d8d7
2720,c2c4 d7d5 d2d3 g8f6 h2h3 e7e6 c4d5 a7a5 d1d2 g7g6 a2a4 e8e7
2721,g2g4 d7d5 h2h3 e8d7 e2e3 b8c6 e1e2 f7f6 a2a4 d5d4 b1a3 h7h5
2722,h2h3 c7c6 d2d3 e7e6 h1h2 c6c5 d3d4 b7b6 e2e4 e8e7 a2a4 g8f6
2723,d2d4 e7e6 g1f3 f7f6 b1c3 g7g6 a1b1 f8d6 h1g1 b7b5 c1d2 b8a6
2724,h2h4 d7d6 d2d4 f7f5 g2g4 a7a6 b2b4 g7g6 a2a4 h7h5 a1a3 f8h6
2725,e2e3 a7a6 e1e2 a8a7 d2d3 d7d5 c2c3 c8f5 c3c4 f5d3 d1d3 g8f6
2726,e2e4 g8h6 e4e5 b7b6 g1f3 c8a6 h2h4 a6c4 b2b3 d7d6 c1a3 h6g4
2727,d2d3 e7e6 a2a4 b8c6 h2h3 f7f5 a4a5 h7h5 h1h2 g8f6 c2c4 h8h6
2728,g2g4 f7f6 c2c3 e7e5 e2e4 g8h6 d1e2 b8c6 e2f3 c6b8 f1e2 b7b5
2729,d2d4 b8c6 b2b3 e7e6 h2h4 c6d4 f2f4 f7f5 c1e3 g8h6 e3d4 f8c5
2730,e2e4 g8h6 e4e5 b7b5 g1f3 e7e6 h2h4 d8h4 f1b5 a7a5 d2d4 f8c5
2731,f2f3 b7b6 g2g3 f7f6 e2e3 h7h5 f1b5 c7c6 b1a3 d7d6 c2c4 a7a5
2732,b1a3 e7e5 a1b1 d8g5 e2e3 g5d8 a3c4 g8e7 f2f3 d7d5 g2g3 a7a5
2733,f2f4 b7b5 h2h3 e7e5 g1f3 c8b7 c2c3 g8f6 h1g1 b7c6 e2e3 c6e4
2734,f2f3 e7e6 b2b4 f8b4 e2e4 a7a5 c2c3 g8e7 d2d4 d7d5 c1d2 a5a4
2735,d2d3 b8a6 g2g3 e7e6 h2h3 c7c5 a2a4 g8h6 a1a3 d7d6 d1d2 a6b8
2736,b2b4 h7h6 a2a4 b7b5 c2c4 b5c4 a1a2 g7g6 b1a3 d7d6 a3c4 a7a5
2737,e2e4 b7b5 c2c3 c8a6 g1f3 c7c5 e1e2 d8b6 h2h3 e8d8 g2g4 d7d6
2738,e2e4 h7h6 e4e5 e7e6 g1f3 b7b5 g2g4 c8b7 h2h3 h6h5 d2d3 f7f6
2739,g2g4 g8h6 g4g5 d7d5 b1c3 b7b6 a1b1 c8a6 g1f3 h6f5 d2d4 h7h5
2740,e2e3 f7f5 b2b4 e8f7 c2c4 c7c5 f1e2 g7g5 c1a3 a7a6 d2d3 b7b5
2741,g2g3 f7f5 h2h3 e8f7 d2d3 h7h5 e2e4 g7g5 e4e5 g8f6 b2b3 c7c6
2742,b2b4 d7d5 f2f3 c8d7 b1a3 d5d4 a1b1 d7e6 g1h3 e6c4 h3g1 a7a5
2743,c2c4 b7b5 a2a4 g7g6 a1a2 a7a5 b2b4 c7c5 g2g4 b5a4 d2d3 f7f6
2744,g1f3 b7b5 b1c3 c7c5 g2g3 f7f6 h1g1 h7h5 a2a4 b8c6 e2e4 c8a6
2745,d2d3 a7a6 g2g3 e7e6 c1d2 c7c6 g1f3 g7g5 f3e5 h7h5 b1c3 g8h6
2746,h2h3 c7c6 e2e3 h7h6 c2c4 d7d6 a2a4 a7a5 d2d4 c6c5 c1d2 c5d4
2747,h2h3 g7g6 e2e4 d7d5 e4e5 h7h5 c2c3 g8f6 b2b3 f6e4 c1a3 h8h6
2748,b2b3 g7g6 c1a3 g8f6 g2g4 h7h6 e2e4 g6g5 g1f3 b7b5 h2h4 c8b7
2749,h2h3 g7g6 e2e4 f8h6 g2g4 d7d5 h3h4 c8d7 g1f3 h6f4 d2d4 f7f6
2750,g1h3 c7c5 b2b4 c5c4 g2g3 d8b6 c1a3 f7f5 f2f3 b8a6 e2e4 g7g5
2751,b1c3 c7c5 a2a4 g8h6 c3e4 d7d6 e4d6 e7d6 g1f3 c8g4 e2e3 g7g6
2752,f2f4 b7b5 e1f2 c7c5 g2g4 e7e5 c2c4 f7f6 f1g2 b8c6 b2b3 e5f4
2753,d2d4 e7e6 h2h4 e8e7 h4h5 f7f5 c1e3 d7d5 h1h3 g8h6 b1c3 c8d7
2754,b2b4 g7g6 a2a4 b7b5 d2d3 g8h6 a1a2 c7c5 d1d2 f7f6 g2g4 b8c6
2755,g2g3 f7f5 g1h3 h7h6 b2b4 b8c6 h1g1 g7g6 c2c4 b7b6 d2d3 c6d4
2756,b2b4 a7a6 g2g3 b7b6 a2a4 b6b5 h2h3 f7f5 a4b5 e8f7 d2d3 f7f6
2757,f2f3 b7b6 g2g3 f7f6 b2b4 g7g5 e2e3 f8g7 f1d3 c7c6 d3h7 e7e6
2758,h2h3 d7d6 g2g4 f7f6 b1c3 a7a5 e2e3 h7h6 g1f3 c7c5 h1g1 c8g4
2759,b2b3 a7a5 e2e4 d7d6 g1e2 a8a6 a2a3 a5a4 d2d3 g7g6 e4e5 h7h6
2760,g1f3 d7d6 d2d4 h7h5 e2e3 f7f6 e1e2 f6f5 c1d2 d6d5 h1g1 h8h6
2761,h2h3 h7h5 f2f4 d7d6 b1c3 g7g5 a1b1 c7c5 c3d5 g5f4 e2e3 f8g7
2762,e2e3 g7g6 e1e2 h7h6 g1f3 e7e6 a2a4 d7d5 c2c4 g8f6 c4d5 e6d5
2763,b2b4 g7g6 f2f3 b8c6 h2h4 b7b6 g2g3 h7h5 c1b2 c8a6 d2d4 d7d6
2764,g1f3 b7b5 e2e4 e7e6 g2g3 g7g5 h1g1 f7f6 b1c3 h7h5 f3g5 f8h6
2765,h2h3 a7a5 f2f4 e7e6 d2d4 f8b4 c2c3 h7h6 d1d3 d7d5 d3f5 g7g6
2766,g2g4 e7e5 h2h3 f7f6 c2c4 h7h6 d2d3 c7c5 c1g5 a7a5 e2e3 f8e7
2767,a2a4 e7e6 h2h3 g7g6 g2g4 c7c6 g1f3 e6e5 h1g1 f7f5 g1h1 g6g5
2768,g2g3 g8f6 g1f3 g7g6 e2e4 d7d5 a2a4 b8a6 g3g4 e7e5 f1a6 a8b8
2769,g2g4 g8h6 c2c4 d7d5 d2d3 c7c5 h2h4 a7a5 d1c2 f7f6 h1h3 c8g4
2770,g2g3 b8a6 g1h3 f7f5 f2f3 g7g5 e2e4 e7e6 h1g1 f8g7 h3f4 g7h6
2771,h2h3 a7a6 f2f4 d7d6 b1c3 h7h6 e2e3 c7c5 f1b5 a6b5 g2g3 c8d7
2772,g2g3 f7f5 f2f4 b8a6 h2h4 h7h6 c2c3 g8f6 d2d4 f6d5 e2e4 e7e5
2773,g1f3 b7b5 b1c3 g7g6 e2e4 f8g7 f1d3 e8f8 a1b1 h7h5 g2g3 d7d6
2774,a2a4 b7b6 c2c4 c8b7 d2d3 b8c6 h2h3 h7h5 b1d2 c6a5 h1h2 g7g5
2775,g1h3 d7d6 a2a4 a7a5 d2d4 c7c5 e2e4 c5d4 d1d4 b7b5 h1g1 b8d7
2776,a2a3 b7b6 a3a4 a7a6 d2d3 b6b5 g1h3 a8a7 c2c4 f7f6 a4b5 g7g5
2777,e2e3 b7b5 b1c3 e7e6 a2a4 c8b7 e1e2 e8e7 d2d3 c7c5 c3d5 e6d5
2778,e2e3 b7b5 a2a3 f7f6 g1e2 e7e6 h1g1 g7g6 a3a4 h7h5 e2d4 b5a4
2779,g1h3 d7d6 g2g3 f7f5 b1c3 b8d7 a2a4 g7g6 f2f3 f8h6 c3d5 a7a5
2780,g2g3 d7d6 h2h3 a7a5 g3g4 a5a4 d2d3 a8a5 c2c4 b8d7 c1g5 h7h5
2781,e2e4 g8h6 g1e2 h8g8 d2d3 b8c6 b1d2 g7g6 g2g3 d7d6 f2f4 a7a5
2782,e2e3 a7a5 c2c4 e7e5 b2b4 g8e7 g1h3 h8g8 h1g1 d7d6 d1h5 h7h6
2783,e2e3 f7f5 e1e2 e7e6 a2a4 a7a6 b2b3 d7d5 a4a5 a8a7 e2d3 f5f4
2784,a2a4 g8f6 b2b4 e7e5 b1a3 b8c6 a1a2 g7g6 f2f3 h8g8 e1f2 e5e4
2785,g1h3 d7d6 g2g3 f7f5 f2f3 g7g6 d2d3 h7h5 c1h6 f8g7 b2b4 g7a1
2786,d2d4 d7d6 c2c4 h7h6 b2b3 a7a5 c1a3 b7b5 a3c5 b8d7 a2a4 e7e5
2787,d2d3 e7e6 c1e3 c7c6 d3d4 h7h6 e1d2 d7d6 b1c3 b8a6 d4d5 b7b6
2788,e2e3 g7g5 b2b4 e7e5 f1e2 f8c5 c2c3 g5g4 g1h3 h7h5 c1b2 b7b5
2789,g2g4 g8f6 c2c4 d7d5 h2h4 f6g4 b2b4 c7c5 d2d4 f7f6 d1a4 d8d7
2790,e2e3 a7a5 c2c4 e7e5 h2h3 g7g5 d1h5 e8e7 h5h7 e7f6 f2f4 d7d5
2791,b1c3 h7h5 f2f4 b7b6 g2g3 d7d6 f1h3 g7g6 e2e3 f7f5 a2a3 e7e5
2792,g1h3 d7d6 g2g3 f7f6 a2a4 g8h6 b2b4 b7b5 h3g5 g7g6 d2d3 d8d7
2793,d2d4 d7d5 a2a3 f7f6 b1d2 b8c6 g2g3 d8d7 g1h3 d7f5 f2f4 f5c2
2794,c2c4 d7d5 c4c5 g7g6 d2d3 a7a5 a2a4 e7e5 h2h3 f8h6 g2g3 g8f6
2795,e2e3 a7a5 a2a4 h7h6 h2h3 h8h7 f1b5 a8a7 e1e2 b7b6 d2d3 c8a6
2796,b2b4 h7h6 d2d3 b8a6 h2h4 e7e5 g1h3 c7c6 h1g1 e8e7 d3d4 g8f6
2797,b2b3 a7a5 h2h4 e7e5 c1a3 f8a3 g2g4 g8f6 e2e4 f6e4 e1e2 e4f2
2798,h2h3 b8c6 g2g4 c6e5 b2b4 a7a6 c1a3 a8b8 c2c4 g7g6 d1c2 b7b6
2799,a2a3 g8h6 h2h4 h6g8 d2d3 a7a5 b2b4 d7d5 a1a2 a5b4 b1d2 g7g6
2800,g1h3 h7h6 d2d4 d7d6 h3f4 a7a6 c1d2 g7g6 b2b3 a6a5 d2a5 d6d5
2801,e2e3 b7b5 f1b5 a7a5 a2a4 h7h6 d2d3 g7g5 e3e4 g8f6 g2g3 f6h5
2802,e2e3 b7b5 e1e2 e7e6 a2a3 f8e7 e2f3 f7f5 d2d3 e7d6 d1d2 g7g6
2803,b2b3 a7a5 g2g3 d7d6 g1f3 f7f6 b1c3 a8a7 c1a3 b8d7 c3d5 g7g5
2804,b2b4 c7c6 g2g3 f7f6 h2h4 d7d6 d2d3 c6c5 e2e3 c5c4 a2a3 d8d7
2805,b2b4 h7h6 b4b5 g7g6 d2d4 e7e5 c1e3 a7a5 b5a6 d7d6 h2h3 e5d4
2806,b1c3 b8a6 g1f3 f7f6 c3a4 e7e6 f3e5 g7g6 e2e3 f6e5 f1c4 f8h6
2807,g1h3 h7h5 d2d3 g8f6 a2a4 d7d5 g2g3 a7a5 c2c4 e7e5 c1g5 h8h6
2808,b1c3 f7f5 b2b3 h7h5 c1a3 b8a6 c3e4 d7d5 a3c5 g7g6 f2f3 e7e6
2809,a2a4 a7a5 d2d4 f7f6 d4d5 d7d6 c1d2 b7b5 f2f3 h7h5 f3f4 f6f5
2810,g1f3 e7e6 f3h4 c7c5 a2a3 d8h4 b2b3 g8e7 g2g3 h4h2 h1h2 f7f5
2811,c2c4 g7g6 a2a4 e7e5 a1a2 e8e7 b2b4 d7d6 h2h3 c8g4 d2d4 b8d7
2812,h2h3 c7c6 e2e3 e7e6 a2a4 b7b5 e1e2 f7f5 g1f3 c6c5 c2c4 g7g5
2813,b2b3 b8a6 g2g3 d7d5 b1a3 g8f6 g1f3 g7g6 b3b4 c8f5 e2e3 f5d7
2814,g1f3 b8c6 g2g3 f7f5 e2e4 h7h5 f3g5 d7d5 b1c3 d5e4 f2f4 c8d7
2815,a2a4 g7g6 g2g4 b7b5 d2d3 a7a5 b2b4 c8a6 e1d2 d7d5 h2h3 f7f5
2816,b2b3 d7d6 c1a3 h7h6 a3c5 d6c5 d2d3 g7g6 h2h3 c5c4 c2c3 g8f6
2817,d2d4 g7g6 g2g3 b8a6 e2e4 d7d6 a2a4 h7h6 d4d5 c8g4 g1f3 g4f3
2818,g2g4 b7b6 c2c4 d7d5 c4c5 c8e6 d2d4 a7a5 g4g5 e8d7 a2a4 b6c5
2819,d2d4 b8c6 a2a4 a8b8 c2c4 g7g6 c1d2 f7f6 g2g3 a7a5 a1a2 c6d4
2820,b1c3 g8h6 g1f3 e7e6 a1b1 g7g6 g2g3 b8a6 c3d5 h6g8 f1h3 f8c5
2821,b1c3 g7g5 f2f3 b7b6 e2e4 c8a6 a1b1 g8h6 h2h4 h8g8 g1e2 h6g4
2822,a2a4 a7a6 a4a5 b7b5 b1a3 h7h5 c2c4 g7g6 g1h3 a8a7 a1a2 d7d6
2823,b2b3 d7d6 c1a3 g7g6 d2d3 b7b5 g2g3 h7h5 g1h3 b8d7 a3c5 f7f6
2824,e2e4 c7c6 e4e5 d7d5 e5d6 c6c5 a2a3 g8h6 a3a4 g7g6 b1a3 d8c7
2825,b2b4 g7g6 g2g3 g6g5 h2h3 e7e5 d2d3 h7h6 c1g5 b8a6 d1c1 f7f6
2826,f2f3 d7d5 b2b4 c8d7 b4b5 b8c6 g2g3 g7g6 b5b6 h7h6 g1h3 a8b8
2827,g1f3 c7c6 g2g3 e7e5 f3e5 f7f6 b1a3 h7h6 f1h3 f6e5 a3c4 b8a6
2828,b1c3 h7h5 e2e4 g8h6 d1f3 d7d6 a2a4 g7g6 c3e2 b8d7 e4e5 b7b5
2829,d2d4 b8c6 b2b3 a8b8 c1d2 e7e5 d4e5 c6e5 d2e3 f8b4 b1d2 a7a6
2830,b2b3 a7a5 c1b2 g8h6 a2a3 c7c5 a1a2 d7d5 f2f3 a8a7 g2g3 h6f5
2831,g1f3 c7c5 c2c4 g7g5 e2e3 f7f5 f3e5 e7e6 d1e2 d7d5 b2b3 f8e7
2832,g1f3 g8h6 a2a4 a7a5 b2b4 g7g6 f3g1 h8g8 g2g3 b7b5 a4b5 d7d5
2833,g1h3 h7h5 h3g1 g8f6 f2f3 c7c6 c2c4 e7e5 d2d4 d7d6 e1d2 f6g4
2834,e2e4 b7b5 c2c3 g8h6 e1e2 h8g8 b2b3 h6f5 g1f3 c8a6 e4f5 b5b4
2835,g1f3 a7a5 g2g3 h7h6 h1g1 d7d5 c2c4 f7f6 b2b3 h6h5 b1c3 e8d7
2836,f2f3 b8c6 e2e4 b7b6 g2g3 f7f6 f1a6 e7e5 b1c3 f8c5 a2a4 c8b7
2837,g2g3 g8f6 b2b4 g7g6 f2f3 h8g8 h2h4 a7a5 c1b2 e7e5 e2e3 f8c5
2838,b2b3 e7e6 g1h3 c7c5 g2g3 d7d5 a2a4 f7f5 h1g1 g7g6 b1c3 f8h6
2839,g1f3 d7d5 g2g3 f7f5 b1a3 h7h5 a1b1 e7e5 h2h3 g7g6 f3d4 f8h6
2840,e2e4 g8h6 g2g4 c7c5 g4g5 d7d6 g1f3 c8g4 f1g2 g7g6 g2h3 g4f3
2841,g2g3 a7a6 h2h4 a6a5 d2d4 f7f6 e2e4 g8h6 e1e2 h8g8 e4e5 d7d5
2842,b2b4 g7g6 a2a4 e7e5 d2d3 b8c6 a1a2 g8f6 h2h3 h7h6 c2c4 d7d6
2843,g2g4 c7c6 c2c4 f7f5 g4f5 e7e6 d2d4 a7a6 f1g2 b7b6 d4d5 f8d6
2844,b2b4 b8c6 h2h4 f7f6 g2g3 c6e5 d2d3 d7d6 c1g5 e5d3 e2d3 a7a6
2845,b2b3 b8c6 g2g4 e7e6 c1a3 g7g6 h2h3 f7f5 f2f4 d8h4
2846,h2h3 a7a6 f2f4 a6a5 a2a3 h7h6 a1a2 b7b5 b2b4 c7c5 d2d3 a5a4
2847,b1c3 f7f5 h2h3 g8h6 d2d3 h6g8 a1b1 b8a6 c3e4 a6c5 e4g5 h7h5
2848,e2e4 d7d5 b1c3 g8f6 a1b1 f6h5 d1h5 e7e6 f1d3 e8e7 g2g3 a7a6
2849,b1c3 b7b6 a1b1 g7g6 g1f3 e7e6 d2d4 h7h5 e2e3 d7d6 b2b4 b8d7
2850,b2b4 g7g6 a2a4 g8f6 h2h4 e7e5 f2f3 b8c6 e1f2 d7d6 a4a5 e8e7
2851,b1c3 b8a6 d2d4 g7g6 c3d5 a6c5 a1b1 f7f6 d5c7 d8c7 g2g3 b7b5
2852,e2e3 b7b5 a2a3 e7e6 e1e2 g7g6 g1h3 f7f5 c2c3 f8d6 b2b4 g8f6
2853,d2d4 f7f5 f2f4 b8a6 b2b3 h7h6 a2a4 d7d6 c2c4 g7g6 d4d5 f8g7
2854,a2a4 a7a6 b1c3 b7b5 a4b5 g7g6 g1f3 h7h5 a1a5 e7e6 h2h3 d7d6
2855,c2c4 b7b5 b1a3 f7f6 f2f4 a7a5 h2h3 c7c5 h1h2 d7d5 d2d4 h7h6
2856,e2e3 g7g6 f1c4 g8f6 f2f4 e7e5 g2g3 d7d5 e3e4 e8e7 f4f5 f8g7
2857,g1f3 a7a5 g2g3 c7c5 b2b4 f7f5 e2e3 d7d6 a2a4 h7h6 d2d3 h8h7
2858,h2h3 h7h5 a2a4 d7d5 d2d3 d5d4 g1f3 a7a5 f3d4 c8e6 d4c6 b7c6
2859,h2h3 h7h5 d2d3 g8f6 b2b4 d7d6 e2e3 e7e6 g2g3 d6d5 a2a4 b8c6
2860,b2b3 g7g6 c1a3 b8c6 g1f3 g8f6 a3e7 c6b8 f3d4 b7b5 e7f6 d7d5
2861,g1f3 a7a5 g2g3 g7g5 e2e4 e7e5 f3g5 e8e7 b1c3 a5a4 g5f7 d7d5
2862,g2g3 d7d6 h2h3 h7h6 d2d3 g7g6 b2b3 c7c5 h3h4 a7a5 e2e4 c8g4
2863,g2g3 g7g6 h2h4 d7d6 d2d3 b8d7 b1d2 g6g5 a2a4 a7a6 b2b4 e7e6
2864,c2c4 d7d5 f2f4 c7c5 e2e3 a7a5 c4d5 e7e5 b1c3 e8e7 c3e2 c8g4
2865,e2e4 e7e6 a2a4 a7a6 e1e2 f7f5 d2d4 h7h6 f2f4 a8a7 d4d5 g7g6
2866,d2d4 a7a5 c2c4 g7g6 d1b3 b8c6 f2f4 a8a7 b3c3 b7b5 c4b5 f7f6
2867,c2c4 d7d5 b2b3 g8f6 f2f4 e7e5 g2g3 a7a5 f1g2 f8a3 g2e4 e5f4
2868,h2h4 f7f6 f2f3 f6f5 b2b4 b8c6 g2g3 e7e6 e2e3 f8b4 f3f4 a7a5
2869,c2c4 b7b5 d1b3 f7f6 e1d1 b8c6 e2e3 g7g6 b3b5 c6b4 g2g4 a8b8
2870,d2d3 a7a5 g2g3 d7d5 g1f3 c8f5 h1g1 g7g6 c1g5 b8d7 b1c3 h7h6
2871,e2e3 a7a5 d1h5 a8a6 b2b4 b8c6 c1b2 d7d5 e1d1 c8d7 g1e2 h7h6
2872,g1f3 e7e5 c2c3 d7d6 e2e3 c8d7 e1e2 g7g5 f3g1 b7b5 e3e4 g8e7
2873,h2h3 g8f6 a2a4 h7h5 b2b4 e7e5 h1h2 e5e4 f2f3 f8b4 e2e3 d7d6
2874,a2a4 a7a6 d2d3 a8a7 c1e3 d7d5 h2h3 c8d7 e3b6 c7b6 g2g3 g7g5
2875,e2e3 a7a5 g2g3 e7e6 b1c3 f8d6 g1e2 d6b4 b2b3 c7c5 h1g1 d8g5
2876,a2a4 b8c6 c2c4 a7a5 g1h3 f7f6 d2d3 c6d4 c4c5 g7g6 b2b4 g8h6
2877,b2b3 g7g6 c1a3 g8f6 e2e4 b8c6 d2d3 e7e6 f2f4 f6e4 h2h3 h7h5
2878,g1h3 g7g6 g2g3 b8c6 f1g2 f8g7 h3g5 g8h6 f2f4 e7e5 f4f5 b7b5
2879,d2d4 f7f5 g2g3 h7h5 h2h4 g7g6 e2e3 f8h6 f1c4 d7d5 f2f4 h6f4
2880,c2c4 d7d5 d2d3 c7c5 c1f4 f7f6 e2e4 c8d7 f4h6 g7g6 g1f3 a7a5
2881,b2b3 g7g5 d2d4 d7d5 c1d2 b7b5 f2f3 g5g4 b1a3 f8g7 a3b5 b8a6
2882,b2b4 b8a6 b4b5 g7g6 c1b2 b7b6 b2h8 d7d5 h8g7 h7h5 g2g3 f7f5
2883,b1c3 f7f5 b2b3 g7g6 g1f3 h7h5 a2a3 d7d5 a1b1 f8g7 c1b2 b8c6
2884,g1h3 a7a5 g2g3 g7g6 f2f4 h7h5 e2e4 d7d6 f1c4 b8c6 e4e5 d6d5
2885,b2b3 g7g6 d2d4 f7f6 f2f4 h7h5 d4d5 f6f5 c2c4 h8h6 d1c2 b7b6
2886,h2h3 g7g6 e2e4 h7h5 e1e2 d7d5 a2a4 e7e5 f2f3 d5e4 b2b4 c8g4
2887,d2d4 f7f5 b2b4 e7e5 d4e5 h7h5 f2f3 e8e7 h2h3 c7c6 d1d6 e7e8
2888,e2e3 c7c6 c2c4 c6c5 a2a3 e7e6 f2f4 g8f6 g1f3 f8e7 f1e2 a7a6
2889,b2b4 a7a6 c1b2 h7h5 d2d3 d7d5 g2g3 f7f5 h2h4 e7e6 d3d4 c7c6
2890,f2f3 e7e6 e2e4 g8f6 a2a4 c7c5 d2d4 h8g8 h2h3 f6e4 g2g4 d8c7
2891,d2d3 e7e5 d3d4 f7f5 b1c3 h7h5 h2h4 g8e7 a1b1 b8a6 c1h6 e5d4
2892,a2a4 a7a6 a4a5 b7b6 e2e4 c8b7 e1e2 g8h6 d2d4 d7d6 g1f3 h8g8
2893,e2e4 g8h6 g2g4 b7b5 f2f3 f7f6 b1a3 c7c5 b2b4 h6g8 b4c5 c8a6
2894,a2a3 f7f5 e2e4 e8f7 h2h3 h7h5 f2f3 g7g6 g2g4 f5e4 f3e4 b7b5
2895,g1f3 d7d5 e2e4 g8f6 a2a4 e7e6 g2g4 e8e7 e1e2 f6e4 h2h3 b8c6
2896,g2g3 g7g6 g1f3 d7d6 e2e4 b8c6 b1c3 a8b8 e4e5 h7h6 c3a4 e7e6
2897,b2b4 g7g6 d2d3 b8a6 f2f3 h7h6 a2a3 e7e6 b1d2 f8g7 a1a2 g7f8
2898,a2a3 b7b6 a3a4 b8c6 c2c4 c8b7 d2d4 a7a6 a1a2 g7g6 c1g5 c6d4
2899,e2e3 b7b5 e1e2 g8h6 a2a4 g7g6 b1c3 h6f5 c3b1 b5a4 b2b4 d7d5
2900,a2a4 a7a6 b1c3 b7b5 a4b5 a6b5 b2b3 c7c5 c3b5 a8a7 a1a2 c5c4
2901,c2c4 e7e5 b2b4 e8e7 f2f4 c7c6 c4c5 g8f6 h2h4 d8c7 c1b2 h8g8
2902,g1f3 b7b5 a2a4 a7a5 d2d3 c7c6 f3g1 g7g5 a1a3 c6c5 c1g5 b5a4
2903,h2h3 d7d6 e2e3 h7h6 e1e2 e7e6 e2d3 c7c5 g2g4 b7b6 h3h4 a7a5
2904,d2d4 e7e5 c1e3 a7a5 h2h3 g8f6 b1c3 d7d5 h1h2 h7h6 a1b1 e5e4
2905,d2d3 d7d5 g2g3 c8e6 b2b4 a7a5 f1h3 b8a6 f2f4 e6h3 b4a5 a6c5
2906,c2c4 f7f6 e2e3 g8h6 c4c5 g7g6 b2b4 b7b5 f2f3 b8c6 d1e2 a8b8
2907,g2g3 d7d5 b2b4 c8d7 h2h4 h7h6 b4b5 f7f6 d2d3 h6h5 b1a3 c7c5
2908,g1f3 e7e6 g2g3 b7b5 e2e4 f7f6 f3e5 g7g6 h1g1 c8b7 f2f4 g8e7
2909,h2h3 g7g6 g2g4 g8f6 a2a4 h8g8 d2d3 b7b6 e2e4 c8a6 f2f4 f6e4
2910,g2g4 g7g6 f2f3 b7b6 b2b4 d7d5 e2e3 c8b7 f1c4 h7h6 c4d5 b7a6
2911,e2e3 a7a5 b1c3 e7e6 a2a3 f8b4 a3b4 e8e7 h2h3 g8h6 d2d3 a8a6
2912,g1h3 h7h6 d2d4 a7a5 h3g1 e7e6 e2e4 h8h7 g2g4 g7g6 e1e2 g8f6
2913,a2a4 b7b5 d2d4 f7f6 f2f4 a7a5 g1f3 b8a6 e2e3 b5a4 f1a6 g7g6
2914,h2h3 c7c6 e2e3 g7g5 g2g3 e7e5 g1f3 d8c7 f3e5 c7e5 b1c3 e5d6
2915,h2h3 h7h5 c2c3 d7d6 f2f3 e7e5 a2a3 a7a6 a1a2 g8e7 e2e3 c7c6
2916,e2e3 e7e5 b2b4 d7d5 g1h3 a7a5 c1b2 a5b4 b1a3 h7h5 g2g3 e8e7
2917,b2b4 g7g6 b4b5 d7d6 c1a3 h7h5 e2e4 f7f5 f1c4 g8f6 g1f3 f6d7
2918,a2a4 f7f5 e2e3 g7g5 d1h5
2919,g2g3 d7d6 b2b4 g7g6 e2e3 e7e5 f2f3 h7h6 c2c4 e8e7 d1b3 a7a5
2920,b2b4 b7b5 d2d4 f7f6 a2a4 h7h6 d4d5 g7g5 f2f3 c8a6 a4b5 e8f7
2921,b1a3 b7b6 g1f3 d7d5 e2e3 c8e6 a1b1 h7h6 g2g3 c7c6 f1b5 h8h7
2922,b2b3 h7h6 b1a3 e7e5 c2c3 c7c6 a1b1 g7g6 a3b5 d7d5 f2f3 f8a3
2923,e2e4 g8h6 g1e2 b7b5 h1g1 g7g6 g2g3 b5b4 b1c3 c8a6 f2f4 h8g8
2924,g2g3 b8a6 h2h4 g7g6 f1g2 g8f6 e2e4 h8g8 f2f4 f6e4 b2b3 e4g3
2925,b2b4 g7g6 a2a4 b8c6 c2c4 b7b5 e2e4 b5c4 a4a5 f7f6 e1e2 c6d4
2926,b2b3 a7a5 g2g3 e7e6 c2c3 c7c5 b3b4 e8e7 f2f4 h7h5 c3c4 g8h6
2927,e2e3 d7d5 h2h3 f7f5 e3e4 f5e4 b1c3 c7c6 g1f3 d8d7 d2d4 h7h5
2928,g1f3 b8a6 f3e5 b7b6 e2e3 a8b8 h2h3 a6b4 g2g3 c8a6 f2f4 h7h6
2929,b2b4 g7g6 a2a4 d7d6 d2d3 g8f6 g1f3 h8g8 g2g3 h7h6 e2e3 b8c6
2930,e2e4 d7d5 b1c3 g8f6 d1h5 b8c6 a1b1 a8b8 f1d3 h7h6 b2b4 c6b4
2931,h2h3 g8f6 a2a4 g7g6 e2e4 e7e5 e1e2 f6e4 g2g4 f8e7 d2d4 b7b5
2932,b2b3 a7a5 f2f3 d7d6 f3f4 f7f5 d2d3 c7c5 e2e3 c8d7 b1a3 h7h6
2933,b1c3 h7h6 b2b3 d7d6 c3a4 c7c5 c1a3 a7a5 a4b6 g7g5 g2g4 c8g4
2934,e2e3 d7d5 a2a4 e7e5 f2f3 e8e7 e1e2 a7a5 d2d4 f7f5 c1d2 c7c6
2935,g2g3 g8f6 g1f3 g7g6 e2e4 e7e5 f1c4 f6e4 b1a3 f7f6 d2d4 f8c5
2936,g2g4 b7b6 c2c4 c8a6 a2a4 f7f6 a1a2 c7c6 f1g2 d7d6 g2e4 c6c5
2937,h2h3 g8f6 a2a4 g7g6 h3h4 h8g8 f2f3 b8c6 d2d4 e7e5 c2c3 f6e4
2938,h2h3 d7d5 g2g4 h7h5 b2b4 h8h6 h1h2 h6f6 d2d3 c8g4 c1g5 f6f5
2939,b2b4 g7g6 a2a4 g8f6 h2h4 b8a6 f2f3 e7e5 g1h3 a6c5 c2c4 a7a5
2940,e2e4 a7a6 g2g4 f7f6 c2c3 a8a7 f2f4 c7c5 b1a3 b8c6 f1b5 a6a5
2941,g1h3 a7a5 a2a3 b8c6 h3f4 a5a4 d2d4 a8a7 b1d2 f7f6 d2f3 a7a6
2942,e2e3 g7g6 g2g3 e7e5 f2f4 f8c5 e3e4 g6g5 f4g5 f7f6 b1c3 b8a6
2943,e2e3 e7e5 h2h3 g7g5 f1e2 d8e7 b2b4 e7b4 a2a4 b4d2 e1d2 b7b5
2944,a2a4 a7a6 d2d3 b7b6 b2b4 c8b7 h2h3 d7d6 g2g3 a8a7 c2c4 b8c6
2945,b2b3 h7h5 c1a3 g7g6 e2e4 d7d6 e1e2 e8d7 d2d4 b7b6 d4d5 c8a6
2946,a2a4 f7f5 h2h3 b8c6 a4a5 g7g6 b1a3 g8h6 a1b1 c6a5 f2f3 a5b3
2947,e2e3 g8f6 f1d3 b7b6 d3f1 g7g6 e1e2 f8h6 g1h3 c8a6 e2f3 h6f4
2948,e2e3 g7g6 f2f3 b7b6 g2g3 h7h5 h2h4 d7d6 b2b4 c8g4 f3g4 e7e6
2949,f2f4 h7h6 h2h4 f7f5 b2b3 e7e5 f4e5 d7d5 e5e6 h6h5 g2g3 a7a6
2950,b2b3 d7d5 c1a3 g8f6 f2f4 b8a6 h2h4 e7e5 d2d3 f8d6 d1c1 b7b6
2951,f2f4 h7h6 g2g4 g7g6 e2e4 d7d5 h2h4 h6h5 b1a3 g6g5 g1f3 e7e5
2952,e2e3 a7a5 b1c3 e7e6 c3e4 d7d5 e4c3 e8e7 g2g3 c8d7 e3e4 g8f6
2953,c2c3 g8f6 c3c4 d7d5 f2f4 e7e5 e1f2 f6e4 f2f3 d5c4 f4e5 f7f6
2954,h2h3 c7c6 e2e3 e7e6 e1e2 a7a5 e3e4 f8b4 d2d4 b4a3 g2g4 b7b5
2955,b2b4 g8f6 h2h4 g7g6 f2f3 b8c6 g2g3 h8g8 b1c3 d7d6 e2e3 f6g4
2956,d2d3 a7a6 g2g3 d7d5 h2h4 a8a7 c2c4 f7f6 c4d5 c8d7 c1g5 c7c5
2957,b2b4 b8c6 d2d3 g7g6 g2g3 c6b8 c1h6 a7a5 h2h4 c7c5 f2f4 d7d5
2958,e2e4 d7d5 f1b5 b8d7 b5d7 e8d7 a2a4 g7g6 e1e2 f7f5 e2f3 h7h5
2959,a2a3 f7f5 e2e3 d7d5 g1h3 c7c6 d1g4 e7e6 g4h5 g7g6 f2f4 f8c5
2960,b2b4 g7g6 a2a4 g8f6 g2g3 e7e5 d2d4 a7a5 d4e5 f8b4 b1d2 b7b5
2961,h2h4 c7c5 g2g4 d7d6 h1h3 c5c4 d2d3 a7a6 f2f3 d8a5 e1f2 a5c5
2962,b2b3 a7a5 b1c3 c7c5 a2a4 a8a7 g2g3 f7f5 b3b4 g7g5 b4a5 e8f7
2963,h2h3 g8f6 h3h4 a7a6 g2g3 a6a5 e2e3 e7e5 g1f3 e8e7 f3e5 h7h6
2964,a2a4 g7g6 c2c4 b7b5 f2f4 g6g5 d1b3 f7f6 e2e3 e7e5 f4f5 c8a6
2965,b2b4 h7h5 d2d3 b7b5 a2a4 d7d6 a1a3 a7a5 a4b5 c7c5 b5b6 g7g6
2966,f2f3 e7e6 d2d4 b8a6 c1d2 g8f6 c2c3 g7g6 g2g3 a8b8 b2b3 f8b4
2967,g1h3 g8f6 b1c3 g7g6 g2g3 d7d5 f2f3 c8h3 c3d5 b8a6 f3f4 f6e4
2968,c2c4 e7e6 b2b4 c7c5 e2e3 a7a5 f1e2 d7d5 a2a4 c8d7 b4a5 e8e7
2969,g1h3 f7f6 f2f4 b7b5 b2b3 d7d6 c1a3 b8c6 b1c3 h7h6 a3b2 a8b8
2970,b2b4 b8a6 b4b5 b7b6 b1c3 g7g6 a2a4 a6b8 c3b1 f8g7 h2h4 g7e5
2971,b2b3 e7e6 g1h3 g7g6 f2f3 h7h5 c2c4 f7f6 e2e3 b7b5 d2d4 e8f7
2972,g1f3 b7b6 g2g3 f7f5 e2e3 b8c6 b1a3 d7d6 c2c3 g7g6 f1b5 e7e6
2973,f2f3 c7c6 d2d4 e7e5 d4e5 g8f6 e1d2 f8b4 b1c3 b8a6 e5f6 b7b6
2974,g1h3 h7h5 d2d3 d7d6 g2g3 f7f6 f2f3 g8h6 g3g4 d8d7 g4h5 b8a6
2975,b2b4 a7a6 h2h4 a8a7 g2g3 b7b5 d2d3 d7d6 e2e3 f7f6 d1h5 g7g6
2976,g1h3 h7h6 d2d4 d7d6 a2a3 h6h5 g2g3 g7g6 c1d2 f7f5 f2f3 f8h6
2977,e2e4 g8h6 d2d3 d7d6 g1f3 g7g6 e4e5 b7b5 g2g3 e7e6 h2h4 f7f6
2978,h2h3 g8h6 e2e3 e7e6 d2d4 a7a5 g1f3 f8c5 e1e2 g7g5 c2c4 e6e5
2979,e2e4 g8f6 a2a4 a7a6 d2d3 f6g8 h2h3 d7d6 e4e5 e8d7 g1f3 d8e8
2980,e2e4 g8f6 a2a4 a7a5 g1e2 f6h5 g2g4 b7b5 d2d4 b8a6 f2f4 h5f4
2981,b2b4 g7g6 a2a4 b7b5 g2g4 c8a6 f1g2 g6g5 e2e3 e7e5 e1e2 e8e7
2982,b2b4 b7b5 g2g3 a7a6 g1f3 a8a7 h1g1 d7d6 f3d4 f7f6 f2f3 g8h6
2983,d2d4 b7b6 g1h3 c8a6 b1a3 g7g5 g2g3 a6c4 h3g5 f7f5 h1g1 d7d6
2984,f2f4 b7b5 g2g3 d7d6 g1h3 c8h3 e2e3 h7h6 f1b5 b8d7 b1a3 a7a5
2985,c2c4 a7a5 f2f4 d7d5 c4d5 h7h6 b1c3 a5a4 h2h4 g7g5 h4g5 b8c6
2986,b2b4 c7c6 e2e3 e7e5 c2c4 e8e7 f2f4 h7h6 d1a4 d8a5 a4a3 b7b6
2987,b2b3 d7d6 d2d3 c7c5 g2g3 h7h6 h2h4 c8g4 c1g5 b7b6 h1h3 h6g5
2988,b2b4 h7h6 a2a4 a7a5 g1f3 d7d6 g2g3 g7g6 e2e4 h6h5 f3g5 e7e5
2989,e2e3 b7b5 e1e2 f7f5 c2c3 g7g6 f2f3 e7e6 a2a3 f8a3 b2a3 b8a6
2990,h2h3 g8f6 d2d3 d7d6 c2c4 h7h5 a2a4 a7a5 c1g5 h8g8 g2g4 f6g4
2991,c2c4 e7e5 d1b3 c7c5 e2e4 g8h6 e1d1 d7d6 g1e2 d8e7 b3b7 f7f5
2992,e2e4 e7e6 g1e2 d8h4 a2a4 e8e7 g2g4 g7g5 b1a3 e6e5 h2h3 c7c6
2993,f2f3 f7f5 g2g4 d7d5 b2b4 a7a5 e2e3 c8d7 b4a5 b7b6 h2h3 a8a6
2994,g2g4 e7e5 c2c4 d7d5 b2b4 e8e7 c4c5 a7a5 d1b3 c8d7 e2e4 d5e4
2995,a2a4 a7a6 a4a5 d7d5 g1h3 a8a7 b1c3 b8d7 c3b5 e7e6 f2f4 f7f5
2996,g1h3 h7h6 d2d4 d7d6 c2c4 g7g5 a2a4 c7c5 c1g5 h6g5 g2g3 c8g4
2997,f2f3 e7e6 f3f4 b7b5 d2d4 h7h6 a2a4 b8a6 c1d2 b5a4 e2e3 g7g6
2998,c2c4 e7e5 g2g4 h7h6 f1h3 g7g5 g1f3 e5e4 c4c5 c7c6 d2d4 d8c7
2999,a2a4 f7f6 e2e3 e7e5 g1h3 f6f5 b2b4 c7c5 c2c3 g7g5 b1a3 e8f7
3000,b2b4 h7h6 g2g3 b7b5 c2c3 h6h5 h2h4 h8h7 h1h2 g7g6 a2a4 c7c5
3001,b2b4 g7g6 a2a4 b8c6 d2d3 g8f6 c1h6 c6d4 a1a3 b7b6 c2c4 f8g7
3002,b2b4 g7g6 a2a4 b8c6 c2c4 e7e6 e2e3 f8b4 a4a5 e8e7 f2f4 g8f6
3003,e2e3 a7a5 g1h3 h7h6 c2c4 d7d6 d2d4 c8e6 b2b3 g7g6 h1g1 h8h7
3004,b2b3 a7a5 g2g3 g7g6 c1a3 c7c5 a3c5 a5a4 h2h3 b8a6 c5a7 g8h6
3005,h2h3 h7h5 d2d3 d7d6 c2c4 g7g6 c1g5 d8d7 g2g4 f7f5 d1c2 a7a6
3006,g2g4 b7b6 d2d3 d7d5 h2h4 c8g4 b2b4 h7h5 h1h3 h8h7 c1g5 g4e6
3007,e2e3 a7a5 c2c3 g8f6 h2h3 g7g6 f2f4 h7h6 c3c4 d7d5 g2g4 e7e5
3008,b2b3 a7a5 g1h3 c7c5 g2g3 f7f5 f2f3 b8a6 c1b2 g8h6 b3b4 e7e6
3009,g2g4 b7b6 e2e4 f7f6 d2d3 g8h6 d1d2 b6b5 c2c3 c7c5 g1f3 g7g6
3010,g1h3 d7d6 g2g3 f7f5 f2f4 g7g5 h3g5 h7h6 c2c4 h6g5 e2e4 b8c6
3011,g1f3 b7b6 d2d4 f7f5 f3h4 h7h5 b2b3 d7d5 b1a3 a7a6 c1f4 e7e5
3012,g1h3 h7h5 g2g3 f7f6 h3g5 b7b5 b2b4 g7g6 a2a3 f6f5 f2f3 c7c6
3013,b2b4 g7g6 a2a4 b8a6 g1h3 a6c5 d2d3 a7a5 b1a3 b7b5 f2f4 h7h5
3014,b2b3 g7g6 g2g3 e7e5 f1h3 g6g5 e1f1 f8g7 h3g4 f7f6 c1a3 h7h5
3015,d2d3 e7e5 b2b4 f8b4 b1d2 b4d2 e1d2 b8a6 e2e4 g7g6 d3d4 d7d5
3016,g2g3 f7f6 b2b3 d7d6 b1a3 c8e6 g1f3 e6d5 h2h4 f6f5 g3g4 d5b3
3017,g1f3 d7d5 g2g3 f7f6 b1c3 h7h5 f3g5 f6f5 b2b4 a7a5 f2f3 b7b5
3018,h2h3 h7h5 d2d3 d7d6 a2a4 h5h4 e2e3 g7g5 g2g3 d8d7 b2b4 e7e5
3019,a2a4 d7d5 e2e3 e7e5 c2c4 e8e7 e1e2 f7f5 g1f3 g7g6 f3e5 c8d7
3020,h2h3 h7h5 d2d3 d7d6 g2g3 f7f6 b2b4 e8d7 e2e3 b8a6 d3d4 h8h7
3021,h2h4 b8a6 d2d4 g7g6 e2e4 b7b5 g2g3 c8b7 e4e5 e7e6 c1e3 d8h4
3022,g1f3 b7b5 g2g3 h7h5 h1g1 f7f6 f3g5 d7d6 b1c3 g7g6 g5f7 c8g4
3023,g1h3 h7h6 c2c3 g8f6 d1a4 e7e6 a4d7 b8d7 e2e3 e8e7 f2f4 g7g5
3024,e2e4 b7b5 f1b5 g8h6 b1a3 c7c5 d2d4 h8g8 c1g5 c8b7 g5h6 g7g5
3025,a2a4 g8h6 h2h4 g7g6 b2b4 b7b5 g2g4 h8g8 d2d4 h6g4 f2f3 g4f2
3026,g2g4 b7b6 b1a3 c8a6 e2e4 g8f6 d2d4 f6e4 g4g5 e4g3 h2g3 h7h5
3027,e2e4 g8f6 a2a4 a7a5 g1e2 e7e6 d2d4 f8e7 f2f4 e8f8 g2g3 d7d5
3028,d2d3 d7d5 g2g3 g8f6 h2h4 b8c6 g1f3 c6b4 c2c4 g7g6 a2a4 h8g8
3029,a2a4 e7e6 g1f3 a7a5 g2g3 f8d6 b1c3 d6b4 h1g1 b8a6 c3d5 g7g6
3030,e2e4 f7f5 c2c4 f5f4 e4e5 g7g6 g1f3 a7a5 a2a4 b7b5 f1e2 c7c5
3031,b2b3 h7h5 g2g3 g7g6 c2c3 d7d5 c3c4 f8g7 f2f4 g7a1 f1g2 a1e5
3032,b2b4 g7g6 a2a4 b7b5 g2g4 c7c5 d2d4 g8h6 f2f4 b5a4 b4c5 d7d6
3033,c2c4 b7b5 b1a3 f7f6 e2e3 e7e6 c4b5 c8b7 a1b1 g8h6 f2f4 f8d6
3034,g2g3 d7d6 f2f3 g7g5 b2b4 a7a5 e2e3 e7e5 c2c4 h7h6 e3e4 g5g4
3035,g2g4 b7b6 c2c3 c8a6 e2e4 g8f6 d2d3 f6e4 d3e4 c7c5 b1a3 f7f6
3036,a2a3 g8f6 b2b4 c7c6 a3a4 e7e5 g1f3 f8e7 e2e3 h8g8 f1c4 c6c5
3037,g2g3 a7a5 b2b4 b7b5 a2a4 g7g5 b4a5 h7h6 d2d3 d7d6 h2h4 c8g4
3038,g2g3 b7b5 e2e3 e7e6 e1e2 d7d5 a2a4 g7g6 e3e4 e8e7 d2d4 c8a6
3039,b2b4 g7g6 a2a4 b7b5 f2f3 f7f6 d2d3 e7e6 f3f4 b8c6 g2g3 d7d5
3040,b2b3 g7g6 b1a3 h7h5 g2g3 b7b5 a3b1 a7a5 e2e4 d7d5 d1e2 g8h6
3041,b2b4 a7a5 a2a4 d7d5 h2h3 e7e5 g2g3 e8e7 e2e3 h7h6 f2f4 b8a6
3042,b2b3 a7a5 a2a3 g7g6 d2d3 d7d5 f2f3 e7e5 e2e3 g8f6 c1b2 f8d6
3043,e2e4 g8f6 g1e2 e7e5 d2d3 d7d5 g2g4 d5d4 b2b4 g7g5 e2c3 f6h5
3044,f2f4 b7b6 g2g4 c8a6 c2c4 g7g5 h2h3 b8c6 e1f2 h7h5 a2a4 h8h6
3045,d2d4 f7f5 g1f3 h7h5 e2e3 d7d5 e1d2 h8h6 f1b5 e8f7 c2c4 c7c5
3046,h2h3 a7a5 f2f4 e7e6 e1f2 f8b4 c2c3 e8e7 g1f3 h7h6 f3h4 g8f6
3047,a2a4 a7a6 a4a5 b7b5 b2b3 d7d5 b1c3 g7g6 f2f3 h7h5 c3d5 e7e6
3048,e2e3 g7g6 g2g3 g8h6 a2a4 h8g8 d2d4 h6g4 e3e4 f8g7 e1d2 d7d6
3049,a2a4 a7a6 a4a5 b7b5 e2e4 d7d6 e1e2 a8a7 h2h3 b8d7 g1f3 h7h5
3050,h2h3 a7a6 g2g3 f7f6 b2b3 g7g6 d2d3 h7h5 c1f4 e7e6 e2e3 f8a3
3051,h2h3 a7a6 d2d3 a8a7 c2c4 d7d6 c1g5 b8d7 f2f4 b7b5 c4b5 h7h6
3052,g1f3 b7b6 a2a4 g7g5 h2h4 c7c5 a1a2 f7f5 g2g3 f8g7 e2e4 d8c7
3053,c2c4 h7h6 e2e3 g7g5 b2b3 b8a6 a2a4 d7d5 b1a3 e7e5 f2f3 e8e7
3054,c2c4 d7d5 f2f4 c7c5 e2e3 c8d7 d1h5 g8f6 e1f2 a7a6 g2g4 e7e6
3055,b2b3 g7g5 f2f3 d7d6 e1f2 f8h6 g1h3 b8a6 h3g5 h6g7 c1a3 g7e5
3056,e2e3 g7g6 g2g3 g8f6 e3e4 h8g8 d2d3 b8a6 b1c3 a8b8 e4e5 f6e4
3057,h2h3 g7g6 d2d3 a7a5 f2f4 d7d6 h3h4 h7h6 b1c3 b7b6 h1h2 c8a6
3058,h2h3 e7e5 h1h2 e5e4 d2d3 g8f6 c1e3 g7g6 b2b3 a7a5 h3h4 e8e7
3059,h2h3 g7g6 d2d3 h7h5 a2a4 b7b5 e2e4 d7d6 e1e2 c8g4 h3g4 b5a4
3060,g1f3 b7b5 g2g3 f7f6 h1g1 h7h5 b1c3 g7g6 a2a4 e7e6 e2e4 e8e7
3061,b2b4 b8a6 b4b5 h7h6 c1a3 d7d5 g2g3 g8f6 b5b6 e8d7 f2f3 e7e6
3062,h2h3 g7g6 g2g4 g8f6 e2e4 f6e4 e1e2 f7f5 d2d4 e8f7 c1d2 e4g3
3063,h2h3 g7g6 f2f4 h7h6 b1a3 e7e5 g2g3 f8d6 f4e5 d6e5 e2e3 d7d6
3064,c2c4 d7d5 f2f4 e7e5 g2g3 e8e7 d2d3 a7a5 c4d5 g7g5 f4e5 h7h6
3065,c2c4 d7d5 d2d3 c7c5 c4d5 e7e6 f2f3 a7a5 d5e6 d8h4 g2g3 h4a4
3066,f2f3 b8c6 e2e4 g7g6 h2h3 b7b6 g2g4 c6e5 b1a3 c8a6 f3f4 a8c8
3067,c2c4 b8a6 a2a4 f7f5 e2e3 a8b8 d1f3 c7c5 f3h5 g7g6 f1e2 b7b6
3068,h2h3 d7d6 g2g4 f7f6 b2b3 h7h5 d2d4 b7b6 c1h6 b6b5 a2a4 d6d5
3069,e2e4 g8f6 f2f3 f6g8 f1c4 a7a6 b1c3 d7d6 a2a3 a8a7 g2g4 b8c6
3070,a2a4 g8f6 d2d3 g7g6 f2f4 e7e5 f4e5 b8c6 h2h3 b7b5 e1d2 d7d5
3071,a2a3 b8c6 d2d3 b7b6 b1d2 a7a6 g2g3 g8f6 e2e4 c6d4 g1e2 h8g8
3072,b2b4 b7b6 g2g3 c8a6 h2h4 a6b5 d2d4 b5c4 c1g5 d7d6 g5c1 g7g6
3073,h2h3 b8c6 b1c3 c6a5 g2g4 h7h6 c3a4 g7g5 g1f3 a7a6 b2b3 e7e6
3074,d2d4 b7b6 g2g3 b6b5 c1d2 f7f6 b2b3 g7g6 f2f4 h7h5 d2e3 g6g5
3075,f2f3 d7d6 f3f4 h7h6 g2g4 g7g6 c2c4 a7a6 b1c3 b8c6 b2b4 e7e5
3076,g2g4 b7b6 h2h3 c8a6 c2c4 a6c4 a2a4 f7f6 b1a3 c7c6 e2e3 g8h6
3077,h2h3 g8f6 a2a4 g7g6 g2g4 b8c6 c2c4 h8g8 b2b4 b7b6 d2d4 f6g4
3078,h2h3 h7h5 d2d3 d7d6 a2a4 g7g5 g2g3 h8h6 d1d2 c8h3 g1h3 e7e6
3079,e2e3 g7g6 c2c4 f8g7 e3e4 b7b6 e1e2 e8f8 d1b3 c8a6 g2g4 c7c5
3080,h2h3 d7d5 g2g4 h7h5 b1a3 b7b6 g1f3 c8d7 e2e3 c7c6 d2d4 h8h6
3081,h2h3 g8f6 d2d3 e7e5 c1g5 d7d5 c2c4 a7a5 h1h2 h7h6 d1c2 h6g5
3082,e2e4 d7d5 b1c3 h7h5 a1b1 c8g4 f2f3 e8d7 c3b5 d7e8 b5c7 e8d7
3083,e2e3 b7b5 e1e2 b5b4 h2h3 h7h6 a2a4 a7a5 d2d4 d7d5 g1f3 g7g5
3084,e2e4 g8f6 e4e5 f6e4 g2g3 b7b6 h2h4 f7f6 g1f3 g7g6 d2d4 b8c6
3085,b2b3 a7a5 g2g3 e7e6 c2c4 f8b4 f1g2 g7g6 f2f4 b8a6 d1c2 g8e7
3086,e2e3 d7d6 f1b5 b8c6 b5c6 c8d7 a2a4 d8b8 d2d4 a7a6 h2h4 f7f5
3087,g1h3 d7d5 d2d4 g7g6 g2g3 b7b5 b1a3 c8h3 f1g2 f7f6 e2e3 e7e6
3088,g2g4 e7e5 f2f4 d8h4
3089,d2d3 g8h6 h2h3 d7d5 c1g5 b7b5 g2g4 c8e6 e2e3 e6c8 b1a3 f7f5
3090,h2h3 c7c6 e2e3 e7e6 e1e2 c6c5 a2a4 b7b5 d2d4 f7f5 e3e4 c8a6
3091,h2h3 b8c6 c2c4 a8b8 d2d3 c6b4 c1g5 a7a6 f2f3 c7c6 g5f6 g7f6
3092,h2h3 d7d5 f2f3 g8h6 b2b4 a7a5 g2g4 h8g8 c1b2 c8d7 b4b5 g7g6
3093,e2e4 g8f6 g1e2 f6e4 d2d4 g7g6 c1e3 h8g8 h2h3 e4c5 g2g3 c7c6
3094,a2a4 a7a6 h2h4 f7f6 g1f3 b7b5 e2e3 a8a7 b1a3 c7c5 d2d4 f6f5
3095,g2g3 g7g6 g1h3 a7a5 f2f4 b8a6 e2e4 g8h6 f1d3 a8a7 b1a3 f8g7
3096,b2b4 b8c6 g2g3 g7g6 d2d3 b7b5 c1g5 c6b4 h2h3 f7f5 g5f6 c7c5
3097,b2b4 d7d6 g2g3 g7g6 d2d4 h7h5 f1g2 f7f5 g3g4 a7a5 b4b5 e7e5
3098,b1c3 f7f5 b2b3 b8a6 a2a4 a8b8 g2g3 e7e6 g1h3 f8c5 c3d5 c7c6
3099,g1f3 b7b5 g2g3 g7g6 b1c3 c7c5 e2e4 c8a6 f1b5 e7e5 c3d5 g6g5
3100,g1h3 h7h6 a2a4 d7d6 d2d4 a7a5 d4d5 b7b5 c2c4 c8g4 h3f4 b5a4
3101,g1f3 g8h6 g2g3 g7g6 e2e4 e7e5 f3d4 h6g4 f2f4 f8c5 f1d3 f7f5
3102,a2a4 d7d5 d2d4 f7f5 a4a5 e7e6 g1h3 e8f7 b2b4 f8b4 b1c3 b4c3
3103,h2h3 d7d6 e2e3 a7a5 f2f4 h7h6 d1g4 b7b5 b1c3 a8a6 f1e2 e7e6
3104,a2a4 f7f5 e2e3 d7d5 f1b5 c8d7 h2h3 d5d4 e1e2 g7g5 e3d4 h7h6
3105,b2b3 h7h6 c1a3 f7f5 h2h3 b7b5 e2e3 d7d5 e3e4 d5d4 a3d6 g7g6
3106,a2a3 c7c5 e2e4 d7d6 g1f3 h7h6 e4e5 c8g4 d2d3 a7a5 e5d6 h6h5
3107,a2a4 a7a6 a4a5 a8a7 b2b3 f7f6 e2e4 b7b6 e1e2 c7c5 h2h4 b8c6
3108,g1h3 d7d5 d2d4 g8f6 g2g3 b8c6 a2a4 a8b8 b2b4 e7e6 b4b5 a7a6
3109,b2b4 a7a6 g2g3 f7f6 h2h4 e7e5 f2f3 h7h6 e2e4 h8h7 b1c3 f6f5
3110,h2h3 a7a6 g2g3 g7g5 b1c3 h7h6 h3h4 f7f5 g1f3 e7e6 g3g4 e8e7
3111,g2g4 b7b6 c2c4 d7d5 a2a4 f7f6 d2d4 c7c5 f1h3 c8d7 g4g5 g7g6
3112,b2b3 a7a5 g2g3 b7b5 b3b4 g7g6 h2h4 h7h5 h1h2 d7d5 e2e4 f7f6
3113,h2h3 h7h5 f2f4 d7d6 e2e3 g7g5 b1c3 d6d5 g2g3 e7e5 f1c4 g5g4
3114,h2h3 g7g6 g2g4 g8f6 e2e4 h8g8 g1f3 a7a5 b1a3 f6e4 a1b1 e4f2
3115,g2g4 g7g6 f2f4 h7h6 c2c3 e7e5 a2a3 d8h4
3116,h2h3 g7g6 d2d3 g8f6 f2f3 b8c6 f3f4 e7e5 f4e5 h7h6 h1h2 b7b6
3117,g2g3 b8a6 b2b3 d7d5 d2d4 g7g6 f2f4 a6b4 f1h3 d8d7 e2e4 a7a5
3118,b2b3 g7g6 b1a3 c7c5 g2g4 a7a5 f2f4 d7d5 b3b4 h7h5 e2e3 h8h6
3119,h2h3 g7g6 d2d3 g8f6 c1g5 h7h6 d1d2 h6g5 f2f3 f6d5 d2e3 b8c6
3120,a2a3 b7b6 a3a4 b8c6 c2c4 a7a5 a1a2 f7f6 e2e3 d7d6 e1e2 b6b5
3121,e2e4 g7g6 g1f3 d7d5 e4d5 b7b5 f1b5 b8c6 b1a3 a8b8 b5c6 c8d7
3122,f2f3 g8f6 h2h4 e7e5 h1h2 e5e4 b1c3 d7d6 e1f2 b7b6 a2a4 f6d7
3123,a2a4 g8f6 g2g3 g7g6 h2h4 e7e5 d2d4 h7h5 c2c4 a7a5 h1h2 h8g8
3124,g2g4 g7g6 b1a3 h7h6 f2f4 e7e5 e2e4 e8e7 f1c4 d7d5 b2b4 d5c4
3125,b2b4 g7g6 a2a4 b8c6 d2d3 g8f6 g2g3 b7b5 h2h4 d7d5 b1d2 f8h6
3126,e2e4 e7e6 g2g4 f8d6 g1e2 g8f6 a2a4 f6e4 f1g2 b8c6 h2h4 f7f5
3127,a2a4 g7g6 g2g3 e7e5 d2d4 g8e7 e1d2 d7d6 a4a5 e5d4 f2f3 f7f5
3128,g2g4 b7b6 c2c4 c8a6 f2f4 g7g5 a2a4 a6b7 a1a2 b7e4 f1g2 a7a6
3129,g2g3 d7d5 d2d4 a7a6 c1d2 c8e6 g1h3 a6a5 h1g1 e6h3 a2a4 f7f5
3130,g2g4 d7d5 c2c4 c8g4 d2d4 e8d7 c1f4 c7c5 g1f3 g8f6 e1d2 d8c7
3131,d2d4 b7b6 c2c4 c8a6 d4d5 a6c4 b1c3 g7g6 e1d2 g8f6 f2f3 h8g8
3132,g2g3 d7d6 b2b4 f7f6 c1a3 d8d7 e2e3 h7h5 f2f3 g8h6 g1h3 h8g8
3133,g1h3 a7a5 d2d4 d7d5 b1c3 g8h6 g2g3 b8c6 a1b1 c6b8 e2e3 c8h3
3134,e2e4 a7a5 f2f3 d7d5 a2a3 a5a4 c2c4 e7e5 e1e2 a8a6 a1a2 g8h6
3135,h2h3 g7g6 f2f4 h7h6 d2d3 e7e6 h1h2 b7b5 b1c3 d7d6 a2a4 e8e7
3136,g2g3 f7f5 h2h4 d7d6 b2b4 d6d5 e2e3 c7c6 d2d4 e7e6 g1f3 a7a6
3137,a2a4 d7d5 a4a5 e7e5 g1h3 f7f5 b1c3 e8e7 h1g1 g7g6 a1a3 g6g5
3138,e2e4 c7c6 g1f3 e7e6 e1e2 d7d5 f3d4 e8e7 e4d5 e6d5 c2c4 c8g4
3139,h2h3 a7a5 d2d3 d7d5 a2a4 d5d4 b2b4 g7g6 b4a5 g8h6 f2f4 f7f6
3140,g2g4 d7d5 h2h3 g7g6 h3h4 e7e5 h1h3 e8e7 h4h5 a7a5 b1c3 b7b6
3141,h2h3 h7h5 d2d3 d7d6 a2a4 a7a5 c2c4 d8d7 d3d4 e7e5 d4d5 g7g5
3142,g2g4 f7f6 c2c3 b8c6 f1g2 e7e5 e2e3 a8b8 d2d3 f8d6 c1d2 c6a5
3143,b2b3 a7a5 g2g3 e7e6 g1h3 g7g6 c1a3 d7d5 a3c5 f8c5 h3g5 g8e7
3144,h2h4 f7f6 c2c3 d7d5 d2d3 a7a5 c1f4 c8d7 g2g4 d5d4 f4e5 g8h6
3145,e2e4 h7h6 f2f3 d7d6 g2g4 c7c5 h2h3 f7f6 a2a3 c5c4 d2d4 c8d7
3146,a2a4 g7g5 a4a5 e7e5 g1f3 e8e7 a1a2 f8g7 h2h3 b7b5 f3e5 c7c5
3147,b2b4 g7g6 g2g3 h7h5 d2d3 b7b5 a2a4 b5a4 c1b2 f7f6 h2h4 e7e6
3148,b2b4 d7d5 f2f3 a7a5 e1f2 f7f6 g2g3 e7e6 b4b5 f8b4 c1b2 a8a6
3149,h2h3 a7a5 b1c3 a5a4 f2f4 b8a6 g1f3 b7b6 e2e3 c7c5 d2d4 c8b7
3150,e2e3 a7a6 b1c3 b7b5 f2f4 g8f6 f1b5 a6b5 b2b3 e7e6 d2d4 c7c5
3151,a2a4 f7f5 h2h3 b8c6 a4a5 e7e5 b1c3 c6b8 h1h2 b8a6 e2e4 g8f6
3152,g1f3 e7e6 g2g3 g7g6 e2e4 d8e7 f3e5 g8h6 h2h4 d7d5 f2f4 h6g4
3153,b2b3 g7g6 g2g3 h7h5 c1a3 e7e6 d2d3 c7c6 d1d2 a7a5 c2c4 b8a6
3154,a2a3 f7f5 e2e3 h7h6 c2c4 d7d5 e1e2 g8f6 b2b3 d5c4 g1f3 d8d3
3155,h2h3 g7g6 g2g4 h7h5 e2e4 h5g4 f2f3 e7e5 f3g4 e8e7 b1a3 h8h6
3156,d2d4 f7f5 c2c4 d7d5 b1c3 c7c5 c1d2 a7a5 h2h3 g8h6 f2f3 e7e6
3157,h2h4 f7f6 f2f3 f6f5 b2b4 b8c6 c1a3 e7e6 h1h2 f8b4 c2c4 b4a3
3158,h2h4 f7f6 f2f3 e7e5 b2b4 b8a6 c1b2 f8b4 h1h2 a8b8 g2g3 f6f5
3159,h2h4 f7f6 f2f4 b7b5 b1c3 g7g5 h1h3 e7e6 h4g5 d7d6 a2a4 f6g5
3160,a2a3 g8f6 d2d3 g7g6 f2f4 b8c6 g2g4 h8g8 d3d4 h7h5 b1c3 e7e6
3161,e2e3 a7a6 f2f3 e7e5 b1c3 f7f5 a2a3 e5e4 f1b5 a6b5 e1e2 e8e7
3162,h2h3 g8f6 e2e3 h7h6 f2f4 f6h5 c2c4 g7g5 b2b3 b7b6 f4g5 h6g5
3163,g1h3 c7c5 b2b4 d7d6 g2g3 f7f5 e2e3 g7g6 f2f4 h7h5 d1f3 d8c7
3164,d2d3 a7a5 a2a4 d7d5 h2h3 d5d4 b2b4 c8e6 d1d2 a8a7 d2d1 a5b4
3165,h2h3 e7e6 d2d4 b8a6 b1c3 g7g6 e2e3 h7h5 f2f4 a8b8 c3d5 b8a8
3166,b2b3 a7a5 b1c3 b7b5 f2f3 d7d6 f3f4 b8c6 e2e4 e7e5 g2g3 f8e7
3167,h2h3 g8f6 e2e3 g7g6 g2g3 a7a5 f2f4 h8g8 b1c3 a5a4 b2b3 e7e5
3168,a2a4 a7a6 d2d4 a8a7 a4a5 f7f5 b2b4 e7e6 e2e4 f5e4 f1c4 e4e3
3169,h2h3 f7f5 c2c4 e7e6 d2d3 c7c5 b1d2 d7d5 d1c2 a7a6 c4d5 d8c7
3170,c2c4 d7d5 f2f4 h7h6 a2a3 c8e6 a1a2 d5d4 g1f3 d4d3 h2h3 f7f6
3171,a2a3 f7f5 e2e3 h7h5 e1e2 d7d5 g2g3 e7e5 f2f4 g7g6 a3a4 f8h6
3172,e2e4 g8f6 a2a4 f6h5 g2g4 f7f5 e1e2 g7g6 a4a5 f5e4 d2d4 e4d3
3173,e2e3 a7a6 g1h3 a6a5 e1e2 h7h6 b2b3 a8a7 c2c4 g8f6 b3b4 d7d5
3174,g1h3 d7d6 d2d4 h7h6 d4d5 a7a5 c2c4 c8g4 h3g1 c7c5 a2a4 g7g5
3175,e2e4 b7b6 g2g4 f7f6 d1f3 c7c5 e1e2 h7h5 d2d4 b8c6 g4g5 h8h7
3176,g2g4 g8h6 c2c4 d7d5 d2d3 c8g4 f2f4 g4e2 d1d2 d8d7 c4d5 e2d3
3177,c2c4 e7e5 f2f3 g8e7 b2b4 c7c6 b1c3 h7h5 c3d5 h8g8 a1b1 b7b6
3178,g2g3 e7e5 b2b3 b7b6 g1h3 g8f6 h3f4 e5e4 d2d4 c8a6 c1a3 g7g6
3179,b2b4 c7c6 g1h3 h7h6 c2c4 d7d6 e2e4 b7b6 g2g3 c8h3 h1g1 h8h7
3180,b2b3 e7e6 a2a3 g7g6 b3b4 e8e7 h2h3 g8f6 b4b5 b7b6 a1a2 c8a6
3181,c2c3 g8f6 g1h3 e7e6 g2g3 f6e4 c3c4 g7g6 b2b4 f7f5 c1a3 e4f6
3182,b2b4 h7h6 g1f3 e7e5 c1a3 c7c6 f3d4 d7d5 b4b5 c6c5 h1g1 d8d7
3183,g2g4 f7f6 c2c3 e7e5 e2e4 c7c5 g1e2 b7b6 g4g5 g8e7 h1g1 c5c4
3184,b2b4 d7d5 g2g4 c8g4 h2h4 e8d7 h1h3 c7c5 h3g3 d8b6 h4h5 f7f5
3185,b2b4 g8f6 a2a4 g7g6 e2e4 b8c6 h2h4 h8g8 d2d3 f6d5 g2g3 d5f4
3186,b2b4 g7g6 g2g3 e7e5 c2c4 b8a6 f2f3 f8b4 c1a3 b4d2 e1d2 f7f5
3187,g2g3 g7g6 b2b3 d7d5 e2e3 f7f5 b3b4 f8g7 f2f3 g8h6 c2c3 c8d7
3188,b2b3 g7g6 c1a3 h7h5 g1f3 b7b5 e2e4 e7e6 g2g3 d7d5 a3c1 e8e7
3189,h2h3 g8f6 f2f4 e7e5 e2e3 f6h5 g1f3 f7f5 g2g3 d7d6 d2d4 h7h6
3190,b2b4 b7b6 g2g3 c8a6 g1f3 f7f6 f3g5 d7d5 g5e6 a6c8 f2f3 d5d4
3191,g2g3 d7d5 b2b4 c8d7 f2f3 e7e5 g1h3 g7g5 h3g5 a7a5 e2e3 e8e7
3192,a2a3 a7a6 d2d4 d7d5 c1g5 b8d7 a3a4 a8b8 h2h3 g8h6 a1a3 h6g8
3193,c2c4 a7a5 e2e4 g8f6 f2f4 e7e5 b2b4 c7c5 f1e2 d7d5 e4d5 d8d5
3194,b2b4 f7f5 f2f3 b7b6 d2d3 a7a6 h2h3 b8c6 f3f4 c6d4 g2g3 g7g6
3195,c2c4 d7d5 f2f4 c7c5 d2d4 g8f6 d4c5 e7e5 g2g3 a7a5 f1g2 h8g8
3196,a2a4 g7g6 g1h3 b7b5 b2b4 f8g7 d2d4 h7h5 g2g3 e7e5 c2c4 e8f8
3197,e2e3 b7b5 e1e2 b5b4 a2a3 c8a6 e2f3 h7h6 f1b5 h8h7 f3g4 b8c6
3198,b2b3 a7a5 c2c4 d7d5 f2f3 f7f5 e1f2 f5f4 c1a3 b7b5 a3c5 b5b4
3199,d2d4 c7c5 c1h6 c5d4 c2c4 f7f5 h6c1 b7b5 e2e4 e7e6 b2b4 f8b4
3200,a2a4 b7b5 b2b4 d7d6 g2g3 c8d7 b1a3 g7g6 a3b1 d7g4 h2h4 e8d7
3201,b2b4 c7c6 c2c4 c6c5 g2g4 g7g5 d1c2 d7d6 d2d4 f8h6 c1b2 a7a6
3202,e2e4 a7a5 g2g4 g8f6 f1b5 f6e4 c2c3 c7c5 b1a3 a8a6 e1e2 e7e6
3203,c2c4 g7g6 f2f4 h7h6 g2g3 e7e6 h2h4 b7b5 e2e3 c7c5 f4f5 g6f5
3204,e2e4 h7h6 e4e5 e7e6 g1f3 b7b6 a2a4 f8d6 f1a6 d6a3 a6c8 d8h4
3205,g2g3 d7d5 b2b4 a7a5 b4a5 b7b5 c2c3 c8d7 e2e4 a8a6 e1e2 b5b4
3206,h2h3 c7c6 e2e3 e7e6 e1e2 g7g5 g2g3 b7b5 b2b4 f7f5 c1a3 f8c5
3207,a2a4 a7a6 a4a5 a8a7 d2d4 f7f5 e2e4 g8h6 f1b5 f5f4 e1e2 c7c6
3208,h2h3 g8f6 e2e3 d7d5 g2g4 b7b6 b2b4 g7g6 a2a4 f6g4 b1a3 c8a6
3209,d2d4 a7a5 g1h3 g8h6 d4d5 g7g6 f2f3 c7c5 c1e3 b7b5 e3d2 a8a7
3210,f2f3 b7b6 h2h4 c8a6 b2b4 b8c6 c1b2 a8b8 g2g3 g8f6 b2f6 h8g8
3211,d2d4 e7e6 b1c3 d8h4 g1f3 h4f2 e1f2 b7b5 c1g5 a7a5 e2e3 g8h6
3212,g1h3 d7d6 d2d4 a7a5 h3f4 h7h5 c1d2 g7g6 g2g3 e7e5 b2b4 g8h6
3213,h2h3 g8h6 e2e3 d7d5 a2a4 e7e5 g2g4 e8e7 d2d4 b7b6 a1a2 e5d4
3214,b2b4 g8h6 g2g3 g7g6 c1a3 d7d6 d2d3 c7c5 e2e3 d6d5 f2f4 b8c6
3215,e2e4 g7g6 e4e5 b7b6 g1f3 d7d5 h2h4 c8f5 f1b5 c7c6 h1f1 d8c7
3216,g1h3 d7d5 f2f4 g8f6 a2a4 d5d4 c2c4 a7a6 h3g1 e7e6 g2g4 f6e4
3217,f2f3 d7d5 f3f4 b7b6 e2e4 e7e5 d2d4 g7g6 g2g3 e8e7 e1e2 c8g4
3218,g2g4 h7h5 f2f3 f7f6 d2d3 d7d6 c1d2 b7b5 g4h5 g7g6 e1f2 e7e6
3219,e2e4 d7d5 f2f4 c8g4 b1c3 g7g6 g1h3 h7h5 a1b1 b7b5 a2a3 g6g5
3220,g1h3 h7h6 a2a4 d7d6 d2d4 a7a5 d4d5 b7b5 c2c4 b5a4 e2e3 f7f5
3221,h2h3 d7d6 g2g4 h7h5 b2b4 g7g6 e2e3 c7c6 d2d3 d6d5 g4g5 c6c5
3222,e2e3 a7a5 c2c4 g8f6 b2b4 a5b4 g2g3 d7d5 f2f4 e7e6 c4d5 b7b5
3223,a2a4 a7a6 b1c3 f7f5 h2h3 b7b5 a4b5 h7h5 f2f4 a6b5 e2e4 b8a6
3224,b2b3 d7d5 c1a3 b7b5 a3e7 d8e7 b1c3 b5b4 f2f3 e7d8 c3d5 g8e7
3225,h2h3 d7d6 e2e3 c8d7 g2g4 f7f6 b2b4 d6d5 a2a4 h7h5 b4b5 h8h7
3226,a2a3 e7e5 g1f3 a7a5 d2d4 e8e7 c1f4 e5f4 f3e5 g8f6 e5f7 d7d5
3227,e2e4 f7f5 g1e2 e7e6 b2b4 g7g6 e4e5 f8h6 b4b5 b7b6 h1g1 d7d6
3228,g2g3 f7f5 h2h3 e8f7 b1a3 h7h5 f2f4 f7f6 a1b1 b8a6 a3c4 g7g6
3229,e2e3 h7h6 c2c3 g7g5 b2b3 e7e5 f1d3 g8e7 e1e2 e5e4 d3e4 b8a6
3230,b2b3 g7g6 b1a3 b7b5 e2e4 c7c5 e4e5 c8b7 a3b5 b8c6 e5e6 c5c4
3231,e2e4 g7g6 g2g4 g8h6 f2f4 f8g7 b1c3 g7e5 c3b1 f7f5 c2c3 h6g4
3232,g2g3 g7g6 d2d4 f7f6 b2b3 b7b5 c1a3 g6g5 d4d5 e7e5 d5e6 c7c5
3233,g2g4 f7f6 f2f3 e7e5 e2e4 c7c5 g4g5 b7b5 g1e2 c8a6 c2c4 g7g6
3234,g2g3 b8a6 b2b3 f7f5 c1a3 g7g5 h2h4 c7c6 e2e4 e7e6 e4f5 a6b4
3235,h2h4 f7f5 b2b4 c7c6 h1h2 h7h5 d2d3 b7b6 e2e3 h8h7 g2g3 e7e6
3236,a2a3 a7a6 b1c3 b7b6 c3b1 c8b7 a3a4 a8a7 b1c3 f7f5 b2b3 c7c5
3237,e2e4 g7g6 e4e5 b8c6 g2g3 d7d6 f2f4 b7b6 d2d3 c8a6 f4f5 h7h5
3238,b1c3 b7b6 a1b1 d7d6 c3a4 c8h3 d2d4 h3e6 g1f3 d8d7 a4b6 h7h6
3239,g2g4 a7a5 e2e4 f7f6 f1c4 b7b5 d1f3 a5a4 c2c3 f6f5 c4b5 f5f4
3240,b2b4 h7h6 a2a4 c7c5 d2d3 d7d6 h2h3 e7e6 b4b5 c5c4 h3h4 c4c3
3241,g2g4 g7g6 f2f4 h7h6 e2e4 d7d5 g1f3 d5e4 f1h3 d8d5 c2c4 f7f5
3242,e2e4 e7e6 a2a4 d8f6 g2g4 c7c5 d2d3 g8h6 e1d2 f6f2 f1e2 f8e7
3243,c2c4 b7b5 f2f4 g7g5 e2e3 h7h5 f4f5 h8h6 c4c5 b5b4 f1b5 c8b7
3244,a2a4 a7a6 b1c3 b7b5 g2g4 h7h5 g4g5 g7g6 e2e4 d7d6 e1e2 a8a7
3245,g1h3 b8c6 g2g3 f7f5 d2d4 g7g6 h3g1 c6d4 e1d2 d4c2 d1c2 f5f4
3246,b1c3 g7g6 g1f3 b8c6 h2h3 h7h5 g2g4 f7f6 h1g1 a8b8 c3e4 c6b4
3247,a2a4 g7g6 b1c3 h7h5 h2h4 h8h7 c3d5 b7b6 g2g3 c8b7 d2d3 e7e6
3248,a2a4 d7d5 f2f4 d5d4 h2h4 c7c5 e2e4 d4e3 d2d4 b8c6 c1e3 c5c4
3249,a2a4 b8a6 g1h3 f7f5 e2e3 c7c5 d1h5 g7g6 c2c4 f8g7 b1a3 g6h5
3250,h2h4 f7f6 f2f3 f6f5 g2g4 g7g6 b2b4 b8c6 e2e3 e7e5 d2d3 f8c5
3251,e2e4 b7b5 h2h3 e7e6 c2c3 f7f6 e1e2 g7g5 d2d3 c7c5 c1g5 f6g5
3252,g2g4 f7f6 c2c3 e7e5 e2e4 c7c5 f1e2 d7d5 d2d4 c8d7 f2f4 g8e7
3253,b2b4 b7b6 g2g3 d7d6 e2e3 g7g6 d2d3 d6d5 h2h4 c8d7 b1d2 d5d4
3254,f2f3 f7f5 g2g4 b8a6 f3f4 h7h5 b1a3 h5h4 c2c3 g7g5 e2e3 g8h6
3255,g2g4 b7b5 h2h3 g8h6 d2d3 a7a5 d1d2 g7g6 e2e4 e7e5 a2a3 a5a4
3256,d2d4 a7a6 g1f3 c7c6 b1c3 f7f5 a1b1 c6c5 f3e5 d7d6 f2f3 c5d4
3257,g1h3 d7d6 a2a4 h7h5 g2g3 f7f5 d2d4 g7g5 e2e4 b8c6 f1b5 g8h6
3258,b2b4 b8a6 c1b2 g8f6 d1c1 g7g6 f2f4 f6g8 e2e3 a6b8 e1f2 b7b5
3259,e2e4 b7b5 c2c3 e7e6 e1e2 d7d6 h2h4 h7h5 d2d4 g7g6 c1d2 h8h7
3260,g2g3 g8f6 b1a3 b7b6 e2e3 a7a6 g1f3 f6d5 h2h4 g7g6 d2d4 a6a5
3261,b2b3 e7e6 a2a3 f8a3 b3b4 b8a6 c2c4 a3b4 a1a2 c7c5 g1f3 f7f5
3262,c2c4 h7h6 d2d3 a7a6 h2h4 g7g5 c1g5 h6g5 a2a3 h8h6 c4c5 d7d6
3263,c2c4 b7b5 b2b4 f7f6 e2e4 b5c4 a2a4 e8f7 e4e5 c8b7 d2d3 f7e6
3264,a2a4 b7b5 b1c3 h7h5 c3e4 g7g6 c2c4 h8h6 e2e3 d7d6 d2d4 a7a5
3265,d2d4 f7f5 f2f4 b8a6 h2h4 a6b8 a2a3 d7d6 g2g4 a7a6 c2c3 g7g6
3266,f2f3 f7f6 h2h4 e7e5 h1h2 d8e7 c2c3 b8c6 b2b3 a8b8 c1a3 e7e6
3267,e2e4 b7b6 f2f3 g7g6 g2g3 c8a6 h2h4 d7d5 b2b4 e7e5 c1b2 f8g7
3268,b2b4 f7f6 a2a4 e7e5 g1h3 f8c5 b4b5 c5e7 h1g1 b8a6 c1a3 d7d5
3269,b2b4 d7d5 g2g3 c8d7 f2f3 e7e5 e1f2 b7b6 f2e1 e8e7 f1h3 g7g5
3270,h2h3 c7c6 e2e3 e7e5 e1e2 e8e7 g2g3 d7d5 b1a3 b7b5 g1f3 d8d6
3271,h2h3 c7c6 e2e3 e7e6 e1e2 c6c5 a2a4 b7b5 e3e4 e8e7 d2d4 g8f6
3272,g2g4 a7a5 f2f4 g7g5 a2a3 a5a4 b2b3 g5f4 d2d4 h7h5 e2e3 f4f3
3273,d2d3 f7f5 h2h3 b8a6 b2b3 g7g5 f2f3 f8h6 c1a3 d7d5 f3f4 c7c6
3274,a2a4 f7f5 e2e3 c7c5 d1h5 g7g6 c2c4 b7b6 f1e2 e8f7 g1f3 d8c7
3275,h2h3 g7g6 d2d3 h7h5 d1d2 g8f6 g2g3 d7d6 b2b4 e7e5 e1d1 e8e7
3276,e2e3 a7a5 a2a4 d7d6 e1e2 h7h6 d2d4 c8e6 g1f3 d6d5 g2g3 h8h7
3277,a2a4 f7f5 a4a5 b7b5 b2b3 g7g5 e2e4 g5g4 c2c3 c7c5 h2h3 h7h5
3278,e2e3 a7a5 f1c4 f7f6 c4f1 g8h6 a2a3 g7g6 c2c4 h6f5 d1e2 f5d4
3279,h2h3 g7g6 e2e3 g8h6 g2g3 a7a6 f2f4 g6g5 f4f5 h8g8 f1a6 c7c5
3280,f2f3 g8f6 h2h4 d7d6 c2c3 f6d5 d2d4 h8g8 c3c4 b7b6 d1c2 c8e6
3281,d2d3 c7c5 a2a4 f7f5 h2h3 g7g5 d3d4 b7b5 g2g4 b5a4 e2e4 e8f7
3282,a2a4 d7d5 e2e3 h7h5 h2h3 c8e6 d2d4 h8h6 f1a6 b8a6 d1f3 g7g5
3283,b2b3 b7b5 a2a3 g7g6 f2f3 d7d6 f3f4 h7h5 c2c3 e7e6 h2h4 a7a5
3284,d2d3 c7c5 a2a4 f7f5 h2h3 g7g5 d3d4 a7a6 e2e4 d7d6 e1e2 c5d4
3285,a2a4 a7a6 a4a5 e7e5 a1a3 a8a7 a3d3 f7f5 g1f3 f8a3 d3a3 c7c6
3286,e2e3 a7a6 b1a3 b7b6 f1b5 a6b5 c2c3 g8h6 a3c2 b5b4 d2d4 h6f5
3287,e2e4 a7a5 d2d4 g7g6 e1e2 d7d5 a2a4 e7e5 c1g5 f8h6 d4e5 h6g5
3288,h2h3 e7e5 e2e3 g7g5 e1e2 c7c5 g2g4 b7b5 g1f3 f7f6 b1a3 c5c4
3289,a2a4 b8c6 a4a5 g7g6 b1a3 b7b6 a3b5 f7f6 g2g3 c6d4 e2e3 c7c5
3290,a2a4 b8a6 g1f3 f7f5 f3e5 g7g5 d2d4 e7e6 c1d2 g5g4 h2h4 f8h6
3291,e2e4 g8h6 g1e2 h8g8 b2b4 b7b5 d2d3 c8a6 a2a4 d7d6 b1c3 g7g6
3292,h2h4 d7d6 d2d3 a7a5 g2g4 g8f6 h1h3 a8a6 f1g2 c8d7 h4h5 g7g6
3293,e2e4 a7a5 f2f3 g8f6 a2a4 e7e6 d2d4 f8b4 e1e2 h7h6 g2g3 f6h5
3294,b2b4 g7g5 g2g3 e7e5 e2e3 d7d5 b1c3 f7f5 h2h3 g8f6 d2d4 a7a5
3295,e2e4 h7h5 g2g3 g8h6 g1e2 f7f5 f2f4 c7c5 d2d4 d7d6 a2a4 f5e4
3296,b2b3 d7d5 c1a3 g8f6 f2f3 a7a5 e2e3 e7e6 g2g3 d8d7 f1h3 a8a7
3297,h2h4 b8a6 a2a4 f7f5 g1f3 c7c6 d2d4 e7e6 f3e5 g7g5 a1a3 d7d5
3298,e2e4 g8h6 g1e2 h8g8 g2g3 f7f6 b1c3 b7b6 a1b1 c8a6 d2d3 d7d6
3299,c2c4 b7b5 g2g4 e7e6 b2b4 c8a6 b1c3 b5c4 c3b5 g7g5 a2a3 e8e7
3300,g2g4 g7g6 f2f3 g6g5 b2b4 c7c6 f1h3 b7b5 d2d3 f8g7 e1f1 b8a6
3301,g2g3 g8h6 h2h4 g7g6 f1g2 b7b6 g2a8 h8g8 d2d4 f7f6 b2b4 c7c5
3302,d2d4 b8a6 f2f4 e7e6 h2h4 f7f5 e2e4 d7d6 c2c3 h7h5 g2g4 d8h4
3303,a2a3 b7b6 d2d3 c8a6 h2h3 g7g6 f2f4 d7d5 b1d2 a6d3 h3h4 f8g7
3304,d2d4 f7f5 f2f4 b8c6 e2e4 g7g6 g2g3 f5e4 h2h4 h7h6 b2b3 e7e6
3305,g2g3 g7g6 b2b3 b7b5 f2f4 g6g5 h2h4 h7h5 e1f2 d7d6 e2e3 e7e6
3306,a2a3 f7f5 e2e4 c7c5 c2c3 a7a5 f1d3 a8a7 d3e2 a5a4 e2f3 b8a6
3307,g1f3 e7e5 a2a4 d7d5 d2d3 a7a6 h1g1 f7f5 c2c4 f8a3 e2e3 e5e4
3308,g2g4 b7b5 c2c3 g7g6 e2e4 c8a6 f1g2 e7e6 e1e2 b5b4 e2e3 f8h6
3309,a2a3 b7b6 a3a4 b8c6 g2g4 b6b5 e2e4 f7f6 e1e2 c6d4 e2e1 c7c5
3310,a2a4 d7d5 a4a5 e7e5 f2f3 e8e7 g2g3 b8c6 c2c3 g7g5 b2b3 c6b8
3311,e2e4 h7h6 e4e5 d7d5 c2c3 h6h5 f1b5 c8d7 g2g3 d7c6 g1f3 h8h6
3312,a2a4 d7d5 g2g3 g8f6 d2d4 e7e5 e2e4 e5d4 g1f3 f8b4 b1c3 b4c3
3313,b2b4 f7f6 d2d3 b7b5 a2a4 g7g6 a4b5 g8h6 g2g3 h6f7 c1h6 c7c5
3314,h2h3 a7a5 f2f4 e7e6 d2d4 d8h4 g2g3 e8e7 b2b4 a5a4 b4b5 c7c5
3315,b2b4 d7d5 f2f3 b7b6 c1a3 f7f5 g2g4 h7h6 h2h3 a7a6 e2e4 e7e5
3316,e2e4 g8h6 g1f3 b7b5 f3e5 c8a6 e1e2 b5b4 d2d3 d7d6 c1d2 f7f6
3317,e2e4 f7f5 h2h3 g8f6 e4f5 d7d5 b2b4 e7e5 g2g4 h7h5 e1e2 d5d4
3318,c2c4 b7b5 b1a3 b5c4 e2e3 c8b7 b2b3 g7g6 f2f3 g8h6 f1d3 h8g8
3319,g1h3 h7h6 g2g3 f7f5 h1g1 g7g6 d2d3 e7e6 g1g2 f8a3 d3d4 g8f6
3320,a2a4 c7c6 d2d4 e7e5 a1a3 d8f6 c2c4 d7d5 g2g3 b8a6 a4a5 g7g5
3321,b1c3 b7b6 a2a4 g7g6 g1f3 h7h5 c3b5 g8f6 a1b1 b8c6 b5c3 h8g8
3322,h2h3 c7c6 e2e3 e7e6 e1e2 c6c5 d2d4 b7b5 c1d2 c5d4 e3d4 c8b7
3323,g2g4 g7g6 f2f3 g6g5 h2h3 d7d6 e2e4 d8d7 d2d4 h7h6 e1f2 f7f5
3324,b2b3 g7g5 c1a3 c7c5 e2e3 b7b5 b3b4 g5g4 g2g3 h7h5 f2f3 g4f3
3325,c2c4 g7g6 e2e4 b7b6 g2g3 d7d5 a2a4 e7e5 a1a2 e8e7 d2d4 f7f6
3326,g2g3 g8f6 g1h3 e7e5 e2e3 e5e4 f1a6 h7h6 f2f3 f6h7 h1f1 e8e7
3327,a2a4 d7d5 e2e3 e7e5 g2g3 e8e7 e1e2 c8g4 g1f3 a7a5 d2d4 h7h5
3328,h2h3 c7c6 e2e3 e7e6 e1e2 g8f6 g2g4 b7b6 b1a3 c8a6 c2c4 e6e5
3329,f2f3 e7e6 d2d4 a7a5 c1d2 f7f6 g1h3 e8e7 b1c3 f6f5 h1g1 g8f6
3330,b2b3 g7g5 d2d4 e7e5 f2f3 d7d5 d4e5 f7f5 e5f6 d5d4 c2c4 a7a5
3331,e2e4 e7e5 e1e2 d7d5 d2d4 f7f5 g2g3 e5d4 c1g5 g7g6 b1c3 d5e4
3332,a2a4 c7c5 d2d4 g7g5 b1d2 b7b5 d2b1 h7h6 c1d2 b5a4 f2f3 d7d6
3333,g1f3 c7c5 d2d4 g7g5 a2a4 f7f5 f3e5 c5d4 d1d4 b8c6 f2f3 f8g7
3334,a2a3 g8f6 b2b4 a7a6 f2f3 b8c6 h2h4 d7d6 c2c4 e7e5 f3f4 d6d5
3335,h2h3 c7c5 e2e4 e7e6 a2a4 b7b5 d2d4 g8f6 a4b5 a7a5 c1e3 h8g8
3336,g1h3 h7h6 a2a4 d7d6 d2d4 a7a5 d4d5 b7b5 c1e3 b5a4 h1g1 e7e6
3337,a2a4 a7a6 a4a5 b7b5 d2d4 a8a7 a1a2 f7f6 c1e3 b5b4 c2c4 d7d5
3338,g2g3 f7f6 h2h4 e7e5 b2b4 f8c5 f2f3 c5d4 b4b5 a7a6 h1h2 d7d6
3339,g2g4 g7g6 f2f3 b7b5 e2e3 e7e6 f1b5 a7a5 a2a4 h7h5 g4g5 c8b7
3340,g1h3 a7a5 g2g3 d7d6 b1c3 g7g6 f2f4 f7f5 e2e4 a5a4 f1c4 d6d5
3341,a2a4 g7g6 g2g3 b8c6 f1g2 h7h5 a4a5 f8g7 d2d4 f7f5 e1f1 d7d5
3342,e2e4 g8h6 g1e2 g7g6 b1c3 e7e6 g2g3 b7b5 h1g1 h6f5 h2h4 f8c5
3343,b2b3 a7a5 c1b2 c7c5 f2f4 a8a7 c2c4 a5a4 h2h3 b7b6 f4f5 h7h6
3344,g1f3 b8c6 f3e5 g8f6 f2f3 g7g6 b1c3 a7a5 e2e4 d7d5 e5c4 c6d4
3345,h2h4 f7f6 f2f3 h7h5 e2e3 a7a6 b2b4 c7c6 c1b2 b7b6 b2f6 a8a7
3346,c2c4 g7g6 f2f4 g6g5 b2b4 b7b6 f4f5 f8g7 g1h3 f7f6 e2e4 c7c5
3347,g1h3 a7a5 a2a4 b7b5 b2b4 g7g6 f2f4 d7d5 b4a5 b8c6 b1a3 d5d4
3348,d2d4 b7b6 a2a3 c8a6 e2e4 a6c4 a1a2 g8f6 f2f3 d7d5 f1c4 f6e4
3349,b2b3 a7a5 b1c3 e7e6 a2a4 g7g6 f2f4 g8e7 c3b5 h7h6 c1a3 g6g5
3350,d2d4 d7d6 b1c3 b7b6 c3b5 g7g6 c1g5 h7h5 c2c4 a7a6 a2a4 h8h6
3351,b2b3 g7g6 c1a3 g8h6 g2g3 f7f5 d2d4 c7c5 f2f3 d7d6 c2c3 b7b5
3352,e2e3 e7e5 e1e2 f7f6 b2b4 b8a6 c1a3 g7g5 f2f3 d7d5 b4b5 f6f5
3353,e2e4 g8h6 h2h3 h8g8 g1e2 a7a5 b1c3 b7b5 g2g4 a5a4 b2b3 a8a7
3354,e2e3 a7a6 c2c4 g8f6 d1h5 a8a7 d2d3 d7d5 a2a4 e7e5 a4a5 e8e7
3355,b2b3 b7b5 c1b2 g7g6 b1c3 h7h5 c3b5 g8f6 b5c7 d8c7 f2f4 f6e4
3356,a2a4 a7a6 a4a5 b7b5 e2e4 a8a7 d2d4 f7f6 e1e2 b5b4 g2g3 g7g5
3357,a2a3 g8f6 d2d3 b7b6 d1d2 h8g8 f2f3 f6d5 g2g3 g7g6 c2c4 d5c3
3358,f2f4 b7b5 g2g4 g7g5 d2d3 h7h5 f4f5 e7e6 a2a4 f7f6 d1d2 a7a6
3359,g2g3 g7g6 g1h3 f7f5 b1c3 g8h6 f2f4 h6g4 h3g5 b7b5 h2h4 d7d6
3360,a2a3 f7f5 e2e3 h7h6 c2c3 h8h7 d1h5 g7g6 h5d1 f5f4 h2h3 f8g7
3361,h2h4 b7b6 g2g3 g8f6 b2b4 e7e5 c1a3 g7g6 g3g4 e5e4 g1f3 f8e7
3362,a2a4 c7c6 g1h3 g7g5 d2d4 c6c5 c1g5 e7e5 b1c3 g8f6 a1a2 d8a5
3363,e2e3 d7d5 f2f3 f7f5 a2a3 c8d7 g2g3 h7h6 a1a2 g7g5 d2d4 c7c6
3364,h2h3 b8a6 e2e4 g8f6 g2g4 h7h5 f2f3 g7g5 a2a4 h5h4 d2d4 h8g8
3365,e2e4 g8h6 g1e2 g7g6 g2g3 e7e5 b1c3 b8a6 h2h3 f8a3 g3g4 h6f5
3366,g2g4 f7f6 c2c3 e7e5 e2e4 c7c5 g1h3 b8a6 g4g5 a8b8 c3c4 g7g6
3367,b2b4 g7g6 a2a4 b8c6 a4a5 b7b6 g1f3 f7f6 e2e3 c6d4 f3d4 f8g7
3368,b2b3 e7e5 c1a3 f7f6 h2h3 g7g5 h1h2 h7h6 f2f3 a7a5 d2d3 g8e7
3369,g1h3 d7d6 g2g3 f7f5 f2f3 g7g5 b2b3 d8d7 d2d3 a7a5 c1g5 c7c5
3370,b2b4 g7g6 a2a4 b7b5 h2h4 h7h5 g2g4 h8h7 c2c4 c8a6 g1f3 b5c4
3371,b2b4 g7g6 a2a4 h7h5 d2d3 d7d6 g2g3 b7b5 e1d2 e7e6 a4b5 b8a6
3372,c2c3 e7e6 g2g4 c7c5 e2e4 g8h6 b1a3 d8h4 f1b5 f8e7 g4g5 a7a6
3373,e2e4 e7e5 b1c3 b8a6 c3b1 a6b4 d2d4 a8b8 e1e2 g7g6 c1d2 b4c6
3374,g1h3 e7e5 h1g1 e5e4 h3g5 g7g6 a2a4 h7h6 h2h4 b8a6 d2d4 g8f6
3375,g1f3 b7b6 d2d4 c8b7 b2b3 f7f6 e2e3 b7d5 c1b2 g7g6 f1d3 g8h6
3376,e2e3 a7a5 h2h3 b8a6 b1c3 a5a4 e1e2 h7h6 g2g3 a4a3 e2f3 e7e6
3377,h2h3 g8f6 f2f4 f6e4 c2c4 f7f5 d2d3 c7c5 d3e4 e7e6 e4f5 d7d5
3378,e2e4 b7b5 e1e2 b5b4 d2d4 c8a6 c2c4 g8h6 a2a4 b4a3 g1f3 a6c4
3379,d2d4 e7e6 h2h4 f7f6 c2c4 a7a6 f2f4 g7g5 h4g5 b7b5 g5f6 d7d5
3380,a2a4 b7b5 b2b4 a7a5 a1a2 c7c5 b4a5 d8a5 c2c4 f7f6 f2f3 a5c7
3381,a2a4 a7a6 a4a5 e7e5 b1a3 d7d5 d2d4 h7h5 g2g3 f7f5 a1b1 e8f7
3382,a2a3 f7f5 e2e3 g7g6 f1a6 e8f7 e1e2 b7b5 b2b4 f8g7 a3a4 c7c5
3383,g1h3 d7d5 g2g3 f7f5 b1c3 g7g6 a1b1 g8h6 h3g1 f8g7 g3g4 c8d7
3384,g1h3 h7h6 d2d4 g7g5 c1g5 a7a5 h1g1 e7e6 f2f4 d7d6 g2g3 b8d7
3385,g2g3 g8h6 h2h4 g7g6 b2b4 e7e5 f2f3 d8f6 c1a3 h6g4 f3g4 e8e7
3386,a2a4 b7b5 e2e4 f7f5 e1e2 c7c5 e4f5 d8c7 g1h3 d7d6 b2b4 b8c6
3387,a2a3 b8c6 f2f4 f7f5 h2h4 a7a6 e2e3 e7e6 a1a2 d8f6 b2b3 f6f7
3388,e2e4 b7b6 g2g4 c8a6 g4g5 g8f6 f1a6 f6e4 a6b5 e4d2 c2c3 h7h5
3389,e2e3 g8f6 b2b4 g7g6 g2g3 e7e5 d2d4 b8a6 f1a6 h7h5 f2f4 d7d5
3390,a2a4 f7f5 f2f4 c7c5 d2d4 b7b5 e2e4 c5d4 f1b5 c8a6 h2h4 a6b5
3391,a2a4 f7f5 e2e3 a7a5 d1h5 g7g6 b2b4 e8f7 e1e2 f7g7 a1a3 d7d6
3392,b2b4 f7f6 c2c4 c7c5 f2f4 g7g5 b1c3 h7h6 e2e3 d7d5 c3d5 d8c7
3393,b1a3 e7e5 a3b1 g7g5 d2d4 f7f5 d4e5 b8c6 e2e4 d7d5 b1c3 f8c5
3394,g1f3 d7d5 d2d3 h7h6 e2e3 b8c6 d3d4 g8f6 c1d2 a7a5 f1d3 g7g5
3395,a2a3 f7f5 e2e3 b8c6 f1b5 e8f7 d1g4 a7a5 c2c4 e7e5 e1e2 g7g5
3396,a2a4 a7a6 a4a5 b7b5 e2e4 g8h6 d2d4 h8g8 g1f3 f7f6 b1a3 e8f7
3397,f2f4 b7b5 b1a3 e7e6 c2c4 b5c4 a3c4 e8e7 e2e3 b8a6 g2g3 g7g5
3398,e2e4 e7e5 b1c3 b8c6 a1b1 a8b8 h2h4 f8d6 g2g3 f7f6 e1e2 h7h5
3399,g2g3 e7e6 a2a4 c7c5 g1h3 b7b5 h3g1 f8e7 d2d4 e6e5 c1d2 c5c4
3400,g2g3 g7g6 h2h4 c7c5 b2b4 d7d6 e2e3 h7h6 g1h3 c8h3 d2d3 h3g4
3401,d2d3 c7c5 h2h3 e7e6 d1d2 d7d5 a2a4 g8f6 g2g4 d8d7 g4g5 e8d8
3402,d2d3 g8f6 a2a3 d7d5 h2h3 c7c6 a3a4 e7e6 c1e3 f8b4 b1d2 b7b6
3403,e2e3 a7a6 e3e4 g8h6 g1e2 a8a7 h2h3 c7c5 d2d3 g7g6 e4e5 h8g8
3404,e2e4 g7g6 g1f3 g8h6 h2h4 d7d5 b2b4 c7c5 e4d5 a7a5 a2a4 b7b5
3405,e2e3 a7a6 c2c4 g8f6 e3e4 f6e4 b2b4 a8a7 f1d3 b7b6 d1b3 e7e6
3406,d2d3 d7d5 h2h3 c7c5 a2a4 e7e6 d3d4 d8f6 b1c3 c8d7 a1a3 g8h6
3407,g2g4 c7c5 h2h3 d8b6 g4g5 h7h5 e2e4 f7f5 f2f3 b8c6 d2d4 g8f6
3408,a2a4 d7d5 e2e3 f7f5 c2c4 e7e5 e1e2 b8a6 e2f3 g7g6 f3e2 g8e7
3409,h2h4 d7d6 f2f4 b7b6 c2c4 h7h6 e2e3 h8h7 b1a3 f7f5 h1h3 a7a6
3410,g1h3 h7h6 g2g3 f7f5 b2b4 e7e6 c2c4 b7b5 h3g5 f8e7 g5f7 g7g6
3411,e2e4 a7a5 g2g4 e7e5 c2c3 a8a6 d1a4 g8f6 a4d4 f6e4 d4e5 f8e7
3412,b2b3 c7c5 g2g3 g7g5 d2d4 g8f6 c1g5 a7a5 g5h6 a8a7 h6g7 e7e6
3413,h2h3 e7e6 a2a4 b8c6 g2g4 f7f6 c2c4 e6e5 e2e3 a7a5 a1a2 g7g6
3414,f2f4 c7c6 c2c4 b8a6 e2e3 e7e5 f4e5 e8e7 d1g4 g7g5 b2b4 d8a5
3415,b2b3 h7h6 d2d4 f7f5 c1f4 e7e6 c2c3 g7g5 f2f3 c7c5 h2h4 g5g4
3416,b2b4 b8a6 b4b5 g8f6 e2e3 g7g6 f2f3 a6c5 g2g3 a7a5 h2h4 h8g8
3417,e2e4 g8h6 g1e2 a7a5 d2d3 g7g6 f2f4 d7d5 e4d5 c7c5 e2c3 c8h3
3418,h2h3 g8f6 e2e3 g7g6 g2g3 f6d5 b2b4 a7a6 d2d3 b7b6 h3h4 h7h6
3419,g2g4 g7g6 c2c4 d7d5 f2f4 a7a5 h2h4 e7e5 e1f2 a8a7 a2a3 f8b4
3420,g1h3 h7h6 g2g3 b8c6 c2c4 g7g5 d2d3 f7f5 f1g2 c6d4 g2e4 c7c5
3421,c2c4 b7b5 c4c5 g7g6 g2g4 b8c6 b1c3 b5b4 f1g2 c6d4 g2a8 a7a5
3422,h2h4 g8f6 d2d4 b8c6 c2c4 a8b8 a2a4 d7d5 f2f4 c8h3 c4c5 e7e5
3423,d2d3 e7e6 a2a4 b8c6 a1a3 h7h6 c1e3 g7g6 h2h3 g8f6 a4a5 e8e7
3424,c2c4 b7b5 e2e4 e7e6 c4b5 g7g6 g2g4 b8c6 b5c6 g8h6 h2h3 c8b7
3425,h2h4 f7f6 f2f3 h7h5 c2c3 b7b6 b2b3 e8f7 h1h2 c8a6 e2e3 g7g6
3426,b1c3 c7c6 e2e4 e7e5 a1b1 d8h4 g1f3 e8e7 f3e5 c6c5 e1e2 b7b5
3427,b2b3 a7a5 b1c3 d7d5 g2g3 b8d7 c3d5 g7g6 f2f4 h7h5 c2c3 a8a6
3428,h2h4 g7g5 h4g5 b7b5 g2g3 a7a5 e2e4 d7d6 b1a3 a8a6 f1h3 h7h5
3429,h2h3 h7h5 d2d3 g7g5 c1g5 e7e6 c2c4 c7c6 a2a4 f7f5 d1d2 a7a6
3430,d2d3 e7e6 a2a3 b7b5 a1a2 f7f6 c1e3 c7c5 b1d2 g7g6 e3d4 c5c4
3431,d2d3 e7e6 c1e3 c7c5 d3d4 f7f5 b1c3 c5d4 a1b1 b8a6 d1d3 d4c3
3432,d2d3 c7c5 h2h3 d7d6 c2c4 g8f6 c1h6 g7g6 a2a4 h8g8 b1c3 c8d7
3433,e2e4 g8f6 a2a4 a7a6 c2c4 f6d5 g2g4 f7f6 d2d3 e7e5 c4d5 b8c6
3434,e2e4 a7a5 d2d4 g8f6 e4e5 d7d6 c2c4 a8a6 g1f3 e7e6 e5d6 f6h5
3435,g2g3 b8c6 b2b4 g7g6 h2h4 e7e5 d2d3 e8e7 c1g5 e7e8 g5e3 b7b5
3436,h2h4 f7f6 f2f3 h7h5 b2b3 b7b6 c1a3 c8a6 h1h2 g8h6 b3b4 h6g4
3437,h2h3 h7h5 a2a4 c7c6 e2e3 h8h6 g2g3 d7d5 h3h4 c8e6 f1b5 h6f6
3438,h2h3 g7g6 d2d3 h7h5 a2a4 d7d6 g2g4 h8h7 b1a3 h7h8 g1f3 b8d7
3439,a2a3 f7f5 e2e3 a7a6 d1h5 g7g6 f1c4 b8c6 b1c3 a8a7 c4f1 f8h6
3440,f2f3 d7d5 b1c3 b7b6 e1f2 c8a6 b2b3 a6e2 h2h3 e2d3 c3b5 g7g6
3441,c2c4 a7a6 d2d3 f7f5 c1h6 c7c5 d1a4 e7e6 e1d2 d8f6 f2f4 g8h6
3442,g1h3 d7d6 b2b3 a7a5 c1a3 a8a7 h3f4 h7h5 c2c4 g7g6 g2g3 c8g4
3443,h2h3 g7g6 g2g4 f7f5 b1a3 e7e5 a3c4 e5e4 a2a4 f5f4 b2b4 f8c5
3444,b2b4 g7g6 g2g3 h7h5 c1a3 e7e6 c2c4 e8e7 d2d4 b7b5 g1h3 b5c4
3445,h2h3 a7a5 a2a4 b7b5 d2d3 g7g6 g2g3 b5a4 e2e4 b8a6 g3g4 a8a7
3446,c2c4 b7b5 d2d3 e7e6 f2f3 g8f6 c4c5 f6e4 c1e3 f8d6 a2a4 d8h4
3447,f2f4 b7b5 h2h3 e7e6 d2d4 d8h4 g2g3 c7c6 g3h4 a7a6 e2e4 f7f6
3448,h2h3 g7g6 g2g4 h7h5 d2d3 g8f6 f2f3 g6g5 b2b4 c7c6 c2c4 h8h6
3449,h2h4 f7f6 f2f3 h7h5 d2d4 b7b6 c1d2 h8h7 g2g3 e7e5 h1h2 c7c6
3450,e2e3 c7c5 b1a3 b7b5 c2c4 e7e6 g1f3 g7g5 d2d4 f7f5 a1b1 d8b6
3451,b2b4 b8c6 g2g3 g7g6 h2h4 b7b6 f1h3 h7h5 d2d3 e7e5 h3e6 e8e7
3452,h2h3 h7h5 f2f4 g7g6 d2d3 d7d6 g1f3 b8d7 d1d2 e7e6 e2e3 d8f6
3453,c2c4 e7e5 g1h3 d7d5 d2d3 g8f6 g2g3 f8a3 c4d5 c8h3 c1g5 g7g6
3454,b2b3 a7a5 h2h3 c7c5 a2a4 d7d6 h1h2 d8d7 e2e3 h7h6 d2d4 c5d4
3455,f2f3 d7d6 d2d4 h7h6 e1d2 b7b5 h2h4 e8d7 g1h3 e7e5 d2e3 d8e8
3456,b1a3 a7a5 a3b1 g7g6 f2f4 h7h5 b2b3 d7d5 c1a3 c7c6 g2g3 b7b5
3457,b2b3 d7d6 c1a3 h7h6 g1f3 c8g4 h1g1 g7g5 h2h4 c7c5 g2g3 c5c4
3458,g2g3 b7b6 e2e3 c8a6 f1a6 d7d5 b2b4 f7f5 f2f3 c7c6 d2d3 g7g5
3459,b2b4 g7g6 a2a4 h7h5 e2e3 b7b5 f1b5 h8h7 e1e2 f8g7 b1a3 c7c6
3460,e2e4 e7e6 g2g4 b7b5 f1h3 e6e5 g4g5 c7c5 h3g4 f7f6 g4f3 f8e7
3461,e2e4 b7b6 c2c3 c8a6 f1b5 b8c6 b1a3 a8c8 e4e5 g8f6 h2h4 f6d5
3462,e2e4 a7a6 g2g4 f7f6 g4g5 a8a7 f2f4 g7g6 b2b4 b8c6 g5f6 g8f6
3463,a2a4 a7a6 a4a5 f7f5 b2b3 c7c6 e2e4 h7h5 c2c3 f5e4 d1h5 h8h5
3464,c2c4 b7b5 e2e4 c8a6 b1a3 g8h6 d1b3 c7c5 e1e2 h8g8 g1f3 h6f5
3465,g2g4 e7e5 g1f3 c7c5 g4g5 f8d6 b2b3 f7f5 c2c4 b8c6 e2e4 a8b8
3466,d2d3 c7c5 d3d4 f7f5 c1e3 a7a5 d4c5 a8a7 c2c4 e7e5 h2h4 a5a4
3467,g1f3 c7c5 d2d4 f7f5 b1c3 d7d6 d4d5 f5f4 f3e5 b7b6 g2g4 c8a6
3468,c2c3 g8f6 c3c4 e7e5 d2d4 d7d5 f2f4 e5e4 g2g4 c8f5 d1c2 b8c6
3469,b2b3 a7a5 c1a3 e7e6 a3c5 f7f6 a2a4 f8c5 g1f3 a8a7 d2d4 g7g5
3470,a2a4 b7b5 d2d3 f7f5 h2h4 f5f4 h1h2 g7g6 f2f3 c8a6 e2e3 c7c5
3471,h2h3 b8a6 e2e4 e7e5 e1e2 f7f5 d2d4 b7b5 a2a3 g7g6 c1d2 f5f4
3472,b2b3 d7d6 c1a3 h7h6 g2g3 c8g4 h2h4 b7b6 d2d3 g7g6 e2e4 c7c5
3473,b2b4 g7g6 a2a4 d7d6 e2e3 e7e5 c2c4 a7a5 b4a5 d8d7 c4c5 e8e7
3474,g2g3 f7f5 g3g4 a7a6 b2b4 e7e6 c2c4 c7c5 d1c2 f5f4 a2a4 f8e7
3475,d2d3 d7d5 h2h3 c7c5 d1d2 a7a5 a2a4 d5d4 d2b4 c8g4 b4d4 g4f5
3476,a2a4 a7a6 d2d4 f7f6 a4a5 c7c5 b1c3 e7e5 a1a3 a8a7 f2f3 g8e7
3477,h2h4 g8f6 b2b4 c7c6 e2e3 e7e5 c1a3 e8e7 g2g3 a7a6 e1e2 f6g4
3478,a2a4 g7g6 e2e3 b7b5 g1h3 c7c5 c2c4 b5c4 b1a3 g8f6 e3e4 f6e4
3479,a2a4 a7a6 a4a5 b7b5 d2d4 a8a7 e2e4 b5b4 e1e2 b8c6 g2g4 c6d4
3480,c2c4 g7g6 f2f4 h7h5 g2g3 b7b5 d1b3 b5c4 d2d3 e7e6 b3b8 c4c3
3481,b2b3 c7c5 g2g3 f7f5 b1a3 g7g5 c1b2 d8a5 b2h8 a5c3 a1b1 b7b6
3482,c2c4 b7b5 d1b3 f7f6 e1d1 e7e6 f2f4 g7g5 d2d4 b5b4 d4d5 g5f4
3483,a2a3 b7b6 d2d4 c8b7 a1a2 g7g6 g1f3 b7f3 e2e3 f3d1 b1d2 b6b5
3484,h2h3 g8f6 f2f4 e7e5 b2b3 c7c6 d2d4 f6d5 g1f3 e5e4 d1d2 f7f5
3485,a2a4 f7f5 f2f4 c7c5 d2d4 h7h6 g1f3 a7a5 e2e4 c5c4 f3e5 g7g5
3486,d2d3 e7e6 c1e3 b8a6 a2a4 a8b8 a1a2 c7c5 e3h6 f7f6 e2e3 e6e5
3487,d2d4 f7f6 d1d2 b7b5 a2a4 g7g6 f2f4 g6g5 h2h3 c8b7 a4b5 e7e5
3488,g2g3 g7g6 h2h4 h7h5 d2d3 d7d6 a2a4 e7e6 g3g4 b7b5 e2e4 a7a5
3489,e2e3 a7a6 f1c4 a8a7 c4f7 e8f7 a2a4 d7d5 h2h4 c8e6 h1h3 h7h5
3490,g1h3 h7h6 b2b4 d7d6 h1g1 d8d7 g2g3 g7g6 d2d4 f7f5 h3f4 e7e5
3491,g2g4 b7b6 h2h3 f7f6 f2f4 d7d6 h1h2 h7h6 c2c3 c8g4 d2d4 b8c6
3492,g2g3 h7h5 b1c3 d7d6 a2a4 g7g6 c3d5 e7e5 c2c4 a7a5 c4c5 c8f5
3493,d2d3 a7a6 a2a3 f7f5 h2h3 h7h5 d1d2 e7e6 g2g3 d8g5 a3a4 g5h4
3494,h2h3 d7d6 e2e3 h7h6 g2g4 a7a5 c2c3 h6h5 b1a3 d6d5 f1b5 b8d7
3495,h2h3 a7a6 b2b4 b7b5 h1h2 a8a7 d2d3 f7f6 c1g5 d7d5 c2c3 c7c5
3496,b2b3 e7e6 c2c4 g7g6 g2g3 b7b5 h2h4 h7h6 f2f3 f8c5 e2e3 c8a6
3497,b2b3 e7e6 a2a4 c7c5 g1f3 g7g6 e2e4 b7b5 e1e2 e8e7 h2h3 e7d6
3498,h2h3 a7a5 f2f4 h7h6 a2a3 e7e6 c2c3 c7c5 h3h4 a8a7 g2g4 b7b6
3499,a2a4 a7a6 b1c3 f7f5 b2b3 a8a7 a4a5 g7g6 g1f3 b8c6 a1a4 e7e6
3500,f2f4 b7b5 d2d4 b5b4 d1d2 e7e6 h2h3 e6e5 a2a4 h7h6 b1c3 e5d4
3501,h2h3 b7b6 d2d3 d7d5 c2c4 c8e6 a2a4 h7h6 a1a3 h6h5 a3a2 h8h6
3502,e2e3 a7a6 f1d3 g8f6 h2h4 e7e5 e1e2 e5e4 g2g3 g7g6 b2b3 a6a5
3503,e2e4 g7g6 g2g4 d7d5 h2h3 f7f5 e4e5 f5g4 f2f4 g4f3 g1f3 f8h6
3504,b2b4 b8c6 g2g3 g7g6 h2h4 e7e5 c2c4 a7a5 c1a3 e8e7 b4a5 c6b4
3505,b1c3 b7b6 b2b3 g7g6 g2g4 g8f6 f2f3 b8c6 c3e4 h7h5 c2c4 c8b7
3506,h2h3 h7h5 d2d3 d7d6 g2g3 e8d7 a2a4 f7f6 b2b4 b8a6 b1c3 g7g6
3507,c2c4 f7f6 h2h3 b7b5 b1c3 g7g5 g2g4 a7a6 c4c5 e7e6 d1c2 a8a7
3508,h2h3 e7e5 h1h2 e5e4 d2d3 g8f6 b2b3 e4d3 c1e3 b7b6 h3h4 f8a3
3509,h2h4 f7f5 b2b4 e8f7 e2e4 h7h5 h1h2 c7c6 f2f3 g7g6 d2d3 b7b6
3510,h2h4 f7f5 b2b4 c7c6 g2g4 d8b6 c2c4 e7e6 b1a3 f5f4 h1h3 f8b4
3511,d2d3 c7c5 d3d4 f7f5 b1c3 h7h5 g1f3 g7g5 e2e4 b8c6 e1e2 h5h4
3512,g1f3 a7a5 a2a3 f7f5 e2e4 e7e6 e4e5 f8b4 a3b4 a5b4 d2d4 d7d5
3513,h2h3 g7g6 f2f4 e7e6 e2e3 h7h6 c2c4 b7b5 a2a4 e8e7 e3e4 f7f5
3514,g2g4 f7f6 c2c3 e7e5 e2e4 c7c5 d1f3 b8c6 e1e2 a8b8 g1h3 d8c7
3515,g2g4 d7d6 c2c3 c7c5 e2e3 f7f6 e1e2 b7b5 a2a3 c8e6 f2f3 g8h6
3516,g2g4 b7b6 c2c4 c8a6 h2h3 a6c4 a2a4 f7f6 a4a5 g8h6 b1a3 h6g4
3517,b2b3 g7g6 c1a3 b7b5 a3c5 g8f6 d2d4 b8c6 g2g3 c6d4 b1a3 d4f5
3518,a2a3 f7f5 e2e4 d7d6 f1a6 b7b6 b2b4 c7c6 a3a4 c8a6 c2c4 e8d7
3519,b2b3 g7g6 g1f3 b7b5 e2e4 c8a6 c1a3 e7e6 e4e5 b8c6 c2c4 c6b8
3520,e2e3 a7a5 b2b4 h7h6 c2c4 d7d6 b4a5 a8a6 d2d3 g7g5 c1a3 g8f6
3521,h2h3 g8f6 e2e3 g7g6 g2g3 e7e5 a2a3 e5e4 f2f3 b8c6 f3f4 f8a3
3522,a2a4 a7a6 b2b4 e7e5 g1h3 e8e7 h1g1 g8f6 d2d3 d7d6 b1a3 b8d7
3523,b2b3 c7c5 b3b4 d8b6 f2f3 g7g5 e2e4 e7e5 c2c3 g5g4 c3c4 g8h6
3524,d2d4 e7e6 h2h4 a7a6 b1c3 f7f6 h1h2 e8e7 d4d5 g7g6 h4h5 e7e8
3525,b2b4 d7d5 g2g4 c8g4 f2f4 g4d7 h2h4 f7f6 c2c3 g7g6 e2e3 g8h6
3526,h2h4 d7d6 f2f4 h7h5 a2a3 g7g6 e2e3 b7b5 f1b5 b8d7 b5d7 e8d7
3527,a2a3 b7b6 a3a4 b8c6 c2c4 a7a5 b2b4 g8h6 a1a2 d7d6 b1a3 c6b4
3528,e2e3 b7b5 h2h3 e7e6 e1e2 f7f5 g2g3 f8c5 g1f3 g7g6 a2a4 h7h5
3529,e2e3 a7a5 h2h3 e7e6 a2a3 b7b6 b2b4 b8c6 a1a2 f8b4 e3e4 e6e5
3530,h2h4 f7f6 d2d3 g7g6 g2g3 e7e5 a2a3 g6g5 f2f4 f8c5 b1d2 b7b5
3531,a2a3 b7b6 a3a4 b8c6 b2b3 a7a5 b1c3 f7f5 f2f4 g7g6 e2e3 c6d4
3532,g1f3 e7e5 d2d4 a7a5 e2e4 g8e7 f1c4 h8g8 d4d5 g7g6 c4d3 a5a4
3533,h2h4 f7f6 f2f3 g7g5 b2b3 b8a6 d2d4 b7b5 a2a3 g5h4 e1d2 a6b4
3534,h2h3 a7a6 f2f4 e7e5 e1f2 a8a7 a2a3 f7f6 h1h2 h7h5 c2c4 d7d6
3535,e2e3 a7a5 h2h3 h7h6 b1c3 a5a4 b2b4 b7b6 g2g4 a8a7 c3b1 h8h7
3536,h2h3 h7h6 e2e4 d7d6 f2f3 e7e5 g2g4 c8e6 b1c3 e8e7 a2a3 b7b6
3537,g2g3 d7d5 g1f3 g7g5 b1c3 e7e5 f3e5 h7h6 a1b1 c8d7 e5f3 g8f6
3538,g2g3 g8f6 b2b4 b7b5 b1c3 f6g8 c3d5 c7c5 d2d3 g7g5 a2a3 d8c7
3539,b2b4 g7g6 a2a4 g8f6 d2d3 b8c6 h2h3 h7h5 g2g3 e7e6 a1a3 h8g8
3540,h2h3 g8f6 a2a4 c7c6 a1a3 h7h5 c2c4 e7e5 g2g3 g7g5 h1h2 e8e7
3541,a2a4 f7f5 g2g4 f5f4 g4g5 f4f3 b2b4 d7d5 e2f3 c8d7 a1a3 g8h6
3542,h2h4 g8f6 b2b4 g7g6 f2f3 b8c6 g2g4 f6g4 f3g4 f7f6 c1a3 f8h6
3543,b2b3 h7h5 c1a3 g7g5 f2f3 d7d6 d2d4 b7b6 d4d5 b8a6 b3b4 c7c6
3544,a2a4 b7b5 d2d3 a7a5 a4b5 c7c5 d1d2 d7d6 f2f3 d6d5 e2e4 c8d7
3545,g2g4 b7b5 c2c3 c8a6 b1a3 g8f6 f2f4 e7e5 e2e3 f8a3 g4g5 f6e4
3546,a2a4 a7a6 a4a5 g8f6 f2f4 f6g4 h2h4 e7e6 d2d4 h7h5 e2e3 g7g6
3547,g2g4 b8c6 b1a3 c6e5 f1g2 a7a5 c2c4 e5f3 g1f3 d7d5 e2e4 f7f5
3548,g2g3 h7h6 g1f3 e7e6 d2d4 g7g5 f3g5 a7a5 d4d5 d7d6 e2e4 a8a6
3549,c2c4 e7e5 b2b4 e8e7 d2d3 c7c6 g1f3 h7h5 f3e5 g7g5 d1a4 b7b6
3550,e2e3 a7a5 h2h3 e7e6 f1c4 h7h6 a2a4 f8b4 e1e2 e8e7 g1f3 g8f6
3551,c2c4 g7g6 g2g4 b7b5 e2e4 e7e5 d1b3 e8e7 e1e2 c8a6 c4c5 e7f6
3552,b2b3 h7h5 g2g3 b7b5 h2h4 g7g5 g3g4 a7a5 h1h3 g5h4 d2d4 e7e5
3553,e2e3 a7a5 b1c3 e7e6 f2f4 b7b5 d1h5 c7c5 c3a4 h7h6 a2a3 g8e7
3554,g1h3 a7a6 h3f4 a6a5 g2g3 g7g6 b2b4 d7d5 b4a5 d5d4 f4g6 f7g6
3555,b2b3 d7d5 c1a3 c8d7 g1f3 g7g6 f3h4 f7f6 h4g6 g8h6 a3e7 h7g6
3556,h2h3 d7d6 e2e3 h7h6 g2g4 f7f6 b1a3 c7c5 e1e2 c8g4 g1f3 a7a5
3557,c2c4 e7e5 b2b4 e8e7 f2f3 g8f6 f3f4 b7b5 d1a4 e7e6 g2g3 c7c5
3558,g2g4 b7b5 b2b3 c8a6 c2c3 g7g6 h2h4 b5b4 e2e3 h7h5 d2d3 h8h7
3559,e2e4 a7a5 e1e2 h7h6 a2a4 a8a6 d2d4 d7d5 c1g5 c8g4 f2f3 e7e6
3560,b2b3 h7h5 c1a3 g7g6 f2f3 d7d6 d2d3 a7a6 e1f2 a8a7 h2h3 b8d7
3561,b2b3 e7e6 c1a3 g7g6 g2g3 h7h5 d2d4 a7a5 d4d5 b7b5 f1g2 a8a7
3562,d2d4 b7b5 d1d2 e7e6 a2a4 b5a4 a1a3 g7g6 f2f4 f7f6 g1h3 e8e7
3563,a2a3 f7f5 e2e3 a7a6 d1h5 g7g6 b2b3 d7d5 f2f3 e7e5 g1h3 e8d7
3564,h2h3 g8f6 e2e3 d7d5 g2g4 e7e5 e1e2 e8e7 b2b4 f6d7 e2f3 g7g6
3565,g1h3 h7h6 g2g3 e7e6 c2c4 g7g6 d2d4 f8c5 d1c2 b7b5 b1a3 e8e7
3566,h2h3 h7h5 b2b4 d7d5 g2g4 e8d7 h1h2 f7f6 d2d4 g7g6 e2e3 b8c6
3567,d2d3 e7e6 c1g5 b7b5 e2e4 c7c5 e1e2 f7f5 d3d4 c5d4 e4e5 d4d3
3568,b2b3 g7g6 c1a3 b7b5 g2g3 h7h5 h2h4 d7d6 b3b4 e7e6 d2d4 d6d5
3569,g1h3 d7d6 g2g3 f7f5 b2b4 a7a6 d2d3 d8d7 h3g1 e8d8 h2h4 f5f4
3570,h2h3 h7h5 b2b4 g7g6 e2e3 b7b5 a2a4 h8h7 e1e2 g8h6 d2d4 h6f5
3571,h2h3 g8f6 e2e3 a7a6 g2g4 a8a7 b1a3 f6e4 e1e2 f7f5 b2b4 e4g5
3572,h2h4 b8a6 g1f3 h7h5 g2g4 a8b8 b2b3 g8f6 c1a3 d7d5 f3d4 f6g4
3573,g2g4 g8h6 h2h3 d7d6 b2b4 f7f6 e2e3 c8d7 g4g5 b7b5 e1e2 e8f7
3574,h2h4 f7f6 f2f3 e7e5 h1h3 d7d6 d2d3 g7g5 c2c3 d8e7 h4h5 e5e4
3575,c2c4 b7b5 f2f4 b5c4 d2d3 e7e5 f4e5 d8f6 h2h3 d7d5 e5e6 e8d8
3576,c2c4 b7b5 e2e3 e7e6 d2d4 b8a6 b1a3 c8b7 g1f3 g7g5 a3c2 h7h5
3577,g2g3 g8f6 b2b4 g7g6 h2h4 f6d5 e2e3 e7e5 f2f3 e8e7 e1e2 h7h5
3578,h2h3 d7d6 e2e3 h7h5 b2b4 g7g5 f2f3 b8c6 c1a3 b7b6 f1b5 g8h6
3579,b1a3 a7a5 a3c4 b7b6 c4a5 d7d6 c2c3 g7g6 e2e4 a8a7 g2g4 b6b5
3580,h2h4 f7f6 f2f3 e7e5 b2b4 a7a5 a2a3 e8e7 h1h3 d7d5 h3h1 a5a4
3581,g1f3 b7b5 g2g3 f7f6 h1g1 h7h5 b1c3 c8b7 g1h1 g7g6 h2h4 e7e6
3582,g1f3 b7b6 c2c4 c8b7 c4c5 b6b5 g2g3 h7h5 f3g5 g7g6 d2d3 e7e6
3583,h2h3 g8f6 e2e3 a7a6 b2b4 g7g6 d2d3 h8g8 g2g3 e7e6 f1e2 b8c6
3584,d2d4 f7f5 g1f3 h7h5 e2e4 e7e6 e4e5 e8e7 f1e2 a7a6 c2c4 h5h4
3585,b2b4 g7g6 a2a4 b8c6 c2c4 a7a5 e2e3 g8f6 e3e4 h8g8 e4e5 d7d5
3586,d2d3 c7c5 h2h3 d7d6 c2c4 g7g6 g2g4 h7h5 f2f3 c8g4 e1d2 e7e6
3587,g2g4 a7a5 b2b4 f7f6 f1h3 e7e5 c2c4 d7d6 c1a3 c8f5 d1a4 d8d7
3588,d2d3 f7f5 h2h3 e7e6 f2f4 h7h5 d3d4 d7d5 g2g3 h8h7 e2e3 b7b6
3589,h2h3 b8c6 g2g4 b7b6 c2c4 a7a5 b1a3 c8a6 d2d3 f7f6 c1g5 g8h6
3590,a2a3 b7b6 d2d3 d7d6 d1d2 c8a6 f2f3 a6c4 a1a2 e8d7 c2c3 c4e6
3591,d2d4 f7f5 f2f4 h7h6 h2h3 d7d6 e2e3 g7g6 c2c3 h8h7 c3c4 a7a5
3592,a2a4 d7d5 a4a5 e8d7 d2d3 d7e6 f2f4 c8d7 a1a2 g8f6 e2e4 g7g6
3593,d2d3 a7a6 a2a3 a8a7 a1a2 c7c5 b1d2 a6a5 g2g3 d8b6 f2f3 b6b5
3594,f2f4 b7b5 d2d4 d7d6 e2e3 a7a5 e1d2 a8a7 g2g4 e7e6 d2e2 c8b7
3595,b2b3 g7g6 d2d4 d7d5 g2g3 c8f5 c1a3 e7e5 a3c5 f8c5 e1d2 g8f6
3596,h2h3 g8f6 e2e3 e7e5 a2a4 e5e4 e1e2 d7d5 g2g4 b8c6 a4a5 c8g4
3597,e2e4 d7d6 b1c3 a7a6 f2f4 d8d7 g1e2 a8a7 h2h4 e7e5 c3a4 g7g5
3598,d2d4 f7f5 f2f4 b8c6 e1d2 c6a5 g2g4 e7e6 e2e4 f8d6 a2a4 b7b5
3599,g2g4 a7a5 f1h3 h7h6 c2c3 d7d5 d2d4 g7g6 d1c2 f7f5 e1d1 h6h5
3600,h2h3 h7h6 d2d3 g7g5 c1g5 e7e6 a2a4 b8c6 a4a5 b7b5 a1a4 f7f5
3601,g2g4 g8f6 b2b4 g7g6 c2c4 h7h5 f2f3 b8c6 d1b3 h8g8 d2d4 c6d4
3602,d2d4 f7f5 f2f4 h7h6 e2e4 d7d6 c2c4 h8h7 d4d5 c7c5 a2a4 c8d7
3603,a2a4 f7f6 d2d3 f6f5 b2b3 b8c6 a4a5 e7e6 a1a4 g7g6 c1g5 f8d6
3604,a2a3 f7f5 e2e3 h7h6 c2c3 d7d5 h2h3 e7e5 g2g4 h6h5 f1c4 h8h7
3605,e2e3 a7a5 b2b3 e7e5 c1a3 d7d5 g2g3 f8a3 d2d4 g8f6 b1d2 g7g6
3606,g2g4 e7e5 b2b4 e8e7 c2c4 d7d5 d1c2 a7a5 b1c3 c7c5 c3d5 d8d5
3607,g2g4 g7g6 f2f3 e7e6 e2e4 d8h4 e1e2 f8e7 d2d4 f7f5 e4e5 h4f2
3608,e2e4 g8h6 e1e2 a7a5 h2h3 a8a7 a2a4 b8c6 d2d4 c6d4 d1d4 e7e5
3609,g2g3 h7h5 d2d3 g7g6 b2b3 e7e6 e1d2 b8a6 b3b4 f7f5 h2h4 c7c6
3610,e2e4 a7a5 g2g4 a8a7 f2f4 g8f6 b1a3 b7b6 f1g2 c8a6 f4f5 h7h6
3611,d2d4 f7f5 c1e3 e8f7 f2f4 g7g5 h2h4 h7h5 h1h2 g5h4 a2a4 g8h6
3612,b2b3 g7g6 c1a3 b7b5 g2g3 h7h5 g3g4 d7d6 a3c5 d8d7 b1a3 e8d8
3613,b2b4 b8a6 g2g3 f7f5 h2h4 e8f7 d2d3 c7c5 g1f3 g7g5 h1h3 g5h4
3614,e2e3 b7b5 b1c3 b5b4 f2f3 c7c5 g2g3 e7e6 e1e2 c8a6 d2d3 b4c3
3615,h2h4 a7a6 f2f4 e7e6 d2d4 e8e7 g1f3 a8a7 f3g1 f7f5 h1h3 d7d5
3616,g2g4 g8h6 c2c3 d7d5 g1f3 h6f5 b2b4 g7g6 h2h3 h8g8 e2e4 b8c6
3617,b2b3 g7g6 c1a3 b7b5 f2f3 d7d6 a3d6 e7d6 b3b4 g8f6 d2d3 c8d7
3618,h2h4 f7f6 f2f3 e7e5 b2b4 g8e7 g1h3 a7a5 b1c3 a8a7 e2e3 b8c6
3619,h2h4 f7f6 f2f3 b7b6 e2e4 a7a5 g1e2 a5a4 h1h2 b6b5 b1a3 b5b4
3620,g1h3 d7d6 a2a4 f7f6 d2d3 a7a6 b2b3 a8a7 h1g1 h7h5 a4a5 g7g6
3621,h2h4 f7f6 f2f3 h7h5 d2d3 e7e5 a2a3 f8a3 g1h3 a3f8 f3f4 g7g5
3622,b2b3 b8c6 c1a3 b7b6 h2h4 c8a6 g2g3 g7g6 d2d4 c6d4 a3d6 a6e2
3623,h2h4 a7a6 g1f3 f7f5 f3e5 d7d5 h1g1 d5d4 b2b4 a6a5 g2g4 f5f4
3624,h2h4 g8f6 b2b4 c7c6 g2g4 e7e5 c2c4 e8e7 h1h3 d8a5 h4h5 f6e4
3625,b2b4 h7h6 g1f3 e7e6 g2g3 e8e7 h1g1 a7a5 f3d4 a5a4 c2c4 g7g5
3626,e2e4 g8h6 g1e2 b7b5 c2c3 f7f6 d1a4 e7e6 b1a3 f8c5 b2b3 c5b6
3627,e2e4 b8c6 f2f3 f7f6 b1a3 a7a6 a3c4 a8b8 e4e5 c6d4 g2g3 f6f5
3628,g2g3 f7f6 b2b4 g7g5 h2h4 e7e5 g3g4 a7a5 c2c3 a5a4 g1h3 d7d6
3629,b2b3 g7g5 c1a3 b7b5 f2f3 g8h6 a3c5 g5g4 h2h4 h6f5 e2e3 f7f6
3630,e2e4 f7f5 b2b4 c7c5 e4e5 e7e6 d1e2 a7a6 h2h4 a8a7 g1h3 d8h4
3631,h2h3 h7h5 d2d3 d7d6 e1d2 e7e6 f2f3 c7c5 a2a4 a7a6 b1c3 a8a7
3632,h2h4 g7g5 d2d4 b7b5 g2g3 h7h6 c1g5 h6g5 a2a4 b5a4 f1h3 a7a5
3633,g2g3 f7f6 h2h4 d7d6 d2d3 e8d7 e2e3 d6d5 b1a3 c7c6 e1e2 d8e8
3634,g2g4 h7h6 b2b4 g7g6 e2e3 d7d5 f2f3 a7a5 a2a3 e7e5 f1d3 e8e7
3635,d2d4 b7b6 g1f3 g7g5 c1g5 b6b5 e1d2 g8h6 d1e1 h8g8 g5f6 g8g2
3636,g2g4 f7f6 c2c4 b7b5 f2f4 b5c4 b2b3 g7g5 f1g2 e7e5 b3c4 d8e7
3637,b1a3 a7a5 c2c3 g8h6 e2e4 d7d5 e1e2 d8d6 f2f4 a8a6 c3c4 d6d8
3638,a2a4 h7h6 b2b4 d7d6 d2d3 e7e6 h2h3 e8e7 d3d4 g7g5 a1a3 b8a6
3639,e2e3 b7b5 d2d4 g7g5 g1f3 h7h6 e1e2 c7c5 a2a3 d8b6 d4c5 b6c5
3640,e2e3 a7a6 c2c4 g8f6 f1d3 a6a5 b2b4 d7d5 f2f4 d8d7 c4d5 e7e6
3641,b2b3 e7e6 c1a3 a7a5 e2e4 a5a4 b3a4 a8a4 c2c4 d7d5 e4d5 b8c6
3642,a2a4 a7a6 a4a5 a8a7 b1c3 e7e5 b2b3 f7f6 g2g3 f8a3 c1a3 g7g6
3643,b2b3 f7f6 h2h3 g7g6 d2d3 e7e5 c1g5 f8c5 c2c3 c5d4 b1a3 g8h6
3644,d2d3 e7e6 c1e3 a7a6 h2h3 f7f5 c2c4 f8a3 d1c2 a3b2 f2f4 h7h6
3645,e2e3 a7a5 b1c3 b7b6 h2h3 a5a4 e1e2 h7h6 g2g3 a8a6 e2f3 d7d5
3646,h2h3 d7d5 d2d3 c7c5 a2a4 e7e6 c1e3 d8d7 d3d4 b7b6 h1h2 f7f5
3647,e2e3 a7a6 c2c4 g8f6 f2f4 d7d5 g2g4 e7e5 b1c3 e5e4 h2h3 c8e6
3648,d2d3 b7b5 h2h3 e7e6 c1d2 e6e5 a2a4 g8f6 d2e3 g7g6 a1a2 a7a5
3649,b2b3 b8a6 c1b2 h7h6 e2e3 g7g5 a2a3 e7e5 f2f3 c7c6 b2e5 f8a3
3650,g2g3 h7h5 h2h4 g7g6 e2e3 b7b5 b2b4 e7e6 f1g2 f8g7 e1e2 c8b7
3651,h2h4 a7a5 b2b4 e7e5 h1h3 d7d6 d2d3 e5e4 c1e3 b8d7 b1c3 h7h5
3652,h2h4 g8f6 b2b4 g7g6 g2g3 e7e5 e2e3 b8c6 h1h3 f8c5 g3g4 c6a5
3653,h2h4 g8h6 a2a3 f7f6 f2f3 h6g4 f3f4 b8a6 d2d3 a8b8 c2c3 g7g6
3654,a2a4 f7f5 b2b3 g7g6 b1a3 e8f7 f2f4 h7h5 a4a5 e7e6 c2c4 f7e8
3655,b2b4 f7f6 c1a3 g7g6 e2e3 g8h6 g2g4 b7b5 e1e2 h6g4 f2f3 e8f7
3656,d2d4 f7f5 g1f3 h7h5 e2e4 a7a6 f1c4 g7g5 c2c3 d7d6 c4a6 f5e4
3657,h2h3 h7h5 g2g4 f7f6 d2d3 d7d6 c2c3 a7a5 c1f4 h8h7 f1g2 c8g4
3658,h2h4 c7c5 b2b4 e7e5 h1h3 d8b6 c1a3 b8c6 c2c4 a7a5 h3c3 e8e7
3659,e2e3 a7a6 h2h4 f7f5 g2g3 e7e6 b2b4 b7b5 f1h3 f8c5 b4c5 d7d5
3660,g1h3 d7d6 e2e3 a7a5 f2f4 h7h6 c2c4 g7g5 b2b4 c8f5 a2a3 c7c5
3661,e2e4 e7e6 a2a4 h7h6 e1e2 b8c6 d2d4 f7f5 g2g4 h8h7 c1h6 g7g6
3662,e2e4 h7h5 e4e5 d7d6 f1c4 g7g5 f2f4 f7f5 c4e6 d6d5 e6f5 e8f7
3663,d2d4 e7e6 h2h4 f8d6 b1a3 d8g5 e2e4 f7f6 f2f3 g5g3 e1e2 b8c6
3664,e2e3 b7b5 b1c3 e7e6 b2b4 f8b4 f2f4 g8f6 e1e2 e8e7 c3e4 a7a5
3665,c2c4 b7b5 d1b3 f7f6 f2f3 f6f5 b1a3 g7g5 a1b1 b5c4 e2e4 f8g7
3666,a2a4 f7f5 f2f3 a7a6 c2c4 f5f4 a1a3 e7e6 h2h4 e6e5 b2b4 e8e7
3667,h2h4 d7d6 b2b3 h7h6 d2d3 a7a5 e2e3 d6d5 d3d4 a8a6 g2g3 g7g5
3668,b2b4 b8c6 c2c4 a7a5 b4a5 c6a5 g2g3 f7f5 d1c2 g7g5 f1g2 d7d5
3669,b2b4 h7h5 a2a4 d7d5 a1a2 f7f5 c2c4 e8f7 e2e4 e7e5 c4c5 h8h6
3670,e2e4 g8h6 g1e2 g7g6 h2h3 b7b6 b1c3 c8a6 a1b1 h6f5 g2g4 a6c4
3671,h2h3 h7h5 d2d3 g7g5 a2a4 f7f5 g2g3 c7c6 a1a2 e7e6 d1d2 g5g4
3672,h2h3 d7d6 e2e3 h7h6 e1e2 e7e6 a2a4 c7c5 c2c4 a7a5 d2d4 g7g5
3673,e2e4 g8h6 g1e2 h6g4 c2c4 g4e3 d1c2 b8c6 g2g4 h8g8 g4g5 c6e5
3674,e2e4 g7g5 e1e2 h7h6 d2d4 e7e6 c1g5 f7f5 g2g4 e8f7 c2c3 b8a6
3675,g2g4 a7a5 c2c4 d7d5 f2f4 e7e5 a2a3 e5e4 e2e3 f8b4 d1c2 e8e7
3676,a2a3 b8a6 d2d3 c7c5 h2h3 g7g5 f2f3 f7f5 e2e4 f8h6 d1d2 h6g7
3677,e2e4 g8f6 d2d4 d7d5 e1e2 b7b5 g2g4 c8g4 f2f3 f6e4 a2a4 f7f5
3678,e2e4 b7b5 g1e2 g7g6 g2g3 c7c5 b1c3 f7f5 h1g1 f5f4 d2d4 d8a5
3679,g1h3 h7h6 d2d4 e7e6 c2c4 a7a6 h1g1 g8f6 g2g3 g7g6 g1h1 a8a7
3680,a2a4 g7g6 e2e3 b8c6 c2c4 e7e5 a1a2 e8e7 e3e4 d7d5 e4d5 c8g4
3681,e2e3 e7e6 d2d4 d7d5 f2f4 b8d7 e1e2 g7g6 h2h4 h7h5 e2e1 f8e7
3682,e2e3 b7b5 d2d3 e7e6 b2b4 g7g6 g2g3 h7h6 h2h4 h6h5 e1d2 d7d6
3683,a2a3 g8f6 d2d3 d7d6 h2h4 d8d7 e2e3 f6e4 c1d2 f7f6 g2g3 e8d8
3684,a2a3 f7f6 d2d3 b7b5 g2g4 c8a6 h2h4 e7e6 d1d2 f8a3 h1h3 a3d6
3685,a2a4 a7a6 a4a5 f7f5 f2f4 d7d6 b1c3 c7c6 h2h3 h7h6 d2d4 c8d7
3686,f2f3 g8h6 h2h4 d7d6 e2e3 g7g5 b2b4 b7b6 f1b5 c7c6 c2c3 d8d7
3687,e2e4 g8f6 g1e2 h7h5 c2c4 e7e5 b2b4 h8h6 e2d4 c7c5 h1g1 f6e4
3688,e2e3 a7a6 f1d3 b7b5 e1e2 c7c5 e3e4 f7f5 d3c4 d8a5 b2b3 c8b7
3689,a2a4 a7a6 a4a5 a8a7 b1c3 f7f6 b2b3 e7e5 f2f3 g8h6 g1h3 h6g4
3690,g2g4 a7a5 b2b4 a5a4 h2h3 b7b5 g1f3 a8a5 h1g1 c7c5 c1a3 b8a6
3691,h2h3 d7d5 g2g4 c8g4 h3g4 f7f5 b2b4 h7h5 h1h3 g7g6 e2e3 f5f4
3692,h2h3 g7g5 b2b4 c7c6 c1a3 f7f5 h1h2 b7b6 d2d4 b8a6 f2f3 g5g4
3693,g2g3 d7d5 b2b4 c8h3 f2f3 h3d7 h2h4 a7a5 b4a5 e7e5 f3f4 e8e7
3694,e2e3 d7d5 h2h3 f7f5 f2f4 g8h6 g2g4 f5g4 a2a3 c7c6 e1f2 h8g8
3695,a2a3 a7a6 g1f3 f7f5 d2d3 d7d5 f3e5 g8f6 h2h4 f6g4 b1d2 d5d4
3696,b2b4 g7g6 a2a4 f7f5 a4a5 e8f7 b4b5 h7h5 h2h3 d7d6 e2e3 b8d7
3697,e2e3 c7c5 c2c4 e7e6 g1f3 g7g5 b2b3 b7b5 a2a3 c8a6 c4b5 f7f5
3698,e2e3 b7b5 c2c4 e7e6 d2d4 e8e7 c4c5 h7h6 d1a4 b5a4 f2f3 g7g5
3699,g2g3 g7g6 h2h4 h7h5 d2d3 e7e6 e2e3 b7b5 e1e2 f8a3 b1d2 f7f5
3700,g2g3 d7d6 b2b4 f7f6 c2c4 c7c5 f2f3 g8h6 g1h3 d8d7 d2d3 h8g8
3701,h2h3 a7a6 f2f4 e7e6 a2a3 c7c6 e2e3 d7d5 a3a4 d8e7 f1c4 e7d7
3702,d2d4 b7b6 b2b4 e7e6 e2e3 f8c5 g1f3 g7g6 b1c3 h7h5 f1b5 c5d4
3703,h2h3 b8a6 e2e3 e7e6 e3e4 h7h6 g2g4 h8h7 g1e2 g7g5 h1h2 b7b6
3704,h2h4 f7f6 g2g3 d7d6 d2d3 d8d7 f1g2 g7g6 b2b3 e8d8 g2e4 a7a6
3705,e2e3 b7b5 e1e2 b5b4 a2a4 c7c5 g1f3 g7g5 d2d4 f7f5 g2g4 b8a6
3706,b1c3 h7h5 g2g4 d7d5 h2h3 f7f5 c3a4 g8f6 g1f3 f6g4 e2e3 g4f2
3707,d2d4 e7e6 b1a3 b8c6 g1f3 a8b8 a1b1 d7d5 f3g1 g8f6 h2h4 g7g6
3708,g1h3 c7c5 b2b4 a7a5 a2a4 g8f6 f2f3 a8a7 c2c4 b8a6 g2g3 g7g5
3709,g2g4 a7a5 b2b4 b7b5 e2e4 f7f6 c2c4 b8c6 d1f3 a8a7 g1h3 d7d6
3710,d2d3 e7e6 g2g3 b7b5 b1c3 e8e7 g1h3 h7h5 d3d4 g7g6 d4d5 e6d5
3711,h2h4 f7f6 f2f3 a7a5 a2a3 e7e5 e2e4 g8h6 f3f4 h6f7 g2g3 a5a4
3712,d2d4 d7d5 g1h3 b8d7 g2g3 g7g6 c1g5 f7f5 b1c3 f8g7 g5e7 h7h5
3713,d2d3 d7d5 h2h4 h7h5 c1f4 a7a5 g2g3 g8h6 h1h3 d5d4 f4e5 c7c6
3714,e2e3 h7h6 c2c3 a7a5 b2b3 b8c6 d1f3 a8a6 f3d1 d7d5 f2f3 e7e6
3715,h2h3 h7h6 a2a4 d7d6 d2d3 c7c6 h3h4 c8g4 g1h3 b7b6 c2c4 e7e6
3716,e2e3 a7a5 b1c3 b7b6 c3b5 g8f6 b5c7 d8c7 a1b1 c7c5 b2b4 h7h5
3717,a2a4 f7f5 e2e3 a7a6 h2h3 e7e6 f1a6 b7a6 f2f4 c7c5 b2b4 a8a7
3718,b2b4 g8h6 g2g3 g7g5 d2d4 f7f6 h2h4 b7b5 e2e3 g5h4 a2a4 e7e6
3719,a2a4 a7a6 b1c3 e7e5 f2f3 h7h6 c3d5 g7g5 d5b4 d8f6 a1a3 c7c6
3720,a2a4 b7b5 d2d3 a7a5 b2b4 a8a7 a1a2 h7h5 c2c4 d7d6 b1a3 b8d7
3721,h2h3 a7a5 a2a3 c7c5 e2e4 a8a7 e1e2 h7h6 d2d4 e7e5 h3h4 d8b6
3722,c2c4 b7b5 d2d3 f7f5 h2h3 e7e6 d3d4 d7d5 f2f4 g7g6 a2a4 b5a4
3723,h2h4 a7a5 g2g3 c7c5 d2d4 d7d6 c1g5 h7h6 f1g2 c5d4 e2e4 c8g4
3724,d2d4 e7e6 g1f3 f7f6 b1c3 g7g6 e2e3 f8d6 a1b1 b8a6 f1b5 f6f5
3725,h2h3 g7g6 g2g4 h7h5 d2d3 b7b5 a2a4 e7e6 a1a3 e8e7 b1d2 c8b7
3726,g2g4 b7b5 c2c4 f7f6 d2d3 g8h6 f1g2 e7e6 h2h4 h6g4 d3d4 c8b7
3727,b2b4 e7e6 c1a3 e8e7 b4b5 d7d6 g2g3 g8f6 c2c4 h7h6 a3d6 d8d6
3728,g2g3 d7d6 b2b4 f7f6 h2h4 e8d7 e2e3 h7h6 d2d4 b7b5 e1e2 d7e8
3729,e2e4 b7b6 g2g4 f7f6 f1g2 c7c5 c2c3 b8c6 d1e2 d7d5 e4e5 e8d7
3730,h2h3 g7g5 d2d3 c7c6 g2g3 h7h6 h3h4 e7e5 b1d2 g8e7 h1h2 e7f5
3731,a2a4 h7h6 g2g3 e7e5 g1h3 a7a6 b1a3 g7g5 h1g1 g8e7 g3g4 b8c6
3732,h2h4 f7f6 f2f3 e7e5 b2b4 a7a5 a2a4 g8h6 f3f4 f8b4 c1a3 h8f8
3733,g2g4 g8h6 g1h3 b7b5 f2f3 e7e6 b2b4 f7f5 h3g5 h6g4 f3g4 f8e7
3734,c2c4 b7b5 f2f4 f7f6 d1b3 e7e6 b3e3 f8e7 b1a3 e7f8 b2b3 e6e5
3735,e2e4 g8h6 g1e2 b7b5 c2c3 c8a6 h2h3 c7c5 d1a4 d7d6 h1g1 h8g8
3736,e2e3 a7a6 e3e4 d7d6 c2c3 c8g4 g1e2 h7h6 f2f4 e7e6 e4e5 d8f6
3737,d2d3 f7f5 h2h3 c7c5 b1a3 e7e6 g2g4 f5g4 c2c4 d7d5 h3g4 d8h4
3738,e2e4 b8a6 d2d4 g7g6 e1e2 b7b5 c1g5 g8h6 h2h3 h8g8 a2a4 f7f5
3739,b1c3 g8f6 g1f3 d7d5 h2h3 c8f5 b2b3 c7c5 d2d4 a7a5 a2a4 f6g4
3740,d2d4 f7f5 g1f3 g8f6 e2e4 h7h6 e4e5 g7g5 b2b3 e8f7 h2h4 a7a6
3741,g1h3 h7h6 d2d4 g7g5 g2g3 b7b5 b2b4 b8a6 h3g1 a6b4 a2a4 b5a4
3742,e2e3 b7b5 c2c4 a7a6 d1b3 e7e6 e3e4 g7g5 e1e2 e8e7 d2d4 h7h6
3743,g2g4 e7e5 b2b4 e8e7 g1h3 b8a6 h1g1 b7b6 c1b2 c7c6 b4b5 g7g5
3744,g1f3 b7b5 h2h4 f7f5 g2g3 d7d6 b2b4 d8d7 e2e3 e7e6 h1g1 d7f7
3745,h2h3 h7h5 e2e3 d7d5 g2g3 h8h6 f2f3 f7f6 f1a6 c8e6 f3f4 e6d7
3746,b1c3 c7c6 d2d4 d7d6 c3b1 d6d5 c1e3 g8f6 a2a4 f6g8 b1a3 h7h5
3747,g1f3 d7d5 h2h4 f7f6 a2a3 g7g6 d2d3 d5d4 f3g1 a7a5 f2f4 f8g7
3748,h2h3 g7g5 d2d3 h7h6 g2g3 e7e6 c1g5 a7a6 e2e3 a6a5 a2a4 b8c6
3749,c2c3 a7a5 e2e4 g8f6 g2g4 f6e4 f1b5 a5a4 h2h3 f7f6 e1e2 a8a6
3750,e2e4 h7h6 b2b3 b8c6 f2f3 d7d6 g2g4 g7g5 h2h3 h8h7 d2d4 b7b6
3751,d2d4 e7e6 e2e4 g7g6 b2b4 d7d5 g2g4 a7a6 e1e2 c7c6 b4b5 e8e7
3752,b2b3 a7a5 b1c3 c7c5 c3b5 d7d5 c1a3 c8h3 g2g4 g8h6 a3c5 g7g6
3753,a2a3 f7f6 d2d3 f6f5 h2h4 e7e6 c1h6 c7c6 f2f4 d7d5 d3d4 g8h6
3754,b1c3 b7b6 g2g3 d7d5 g1f3 c8a6 h2h4 d5d4 a1b1 g7g6 e2e3 h7h6
3755,e2e4 g8h6 f1a6 b7b6 c2c3 c8a6 b1a3 h6f5 g2g4 a6b5 b2b4 h8g8
3756,g2g4 b7b6 h2h3 e7e6 e2e4 f7f6 g1f3 b6b5 c2c3 c7c5 h1h2 f8d6
3757,a2a4 d7d5 d2d4 f7f6 f2f3 a7a6 a1a3 a8a7 a3a2 c7c6 g1h3 e7e6
3758,h2h3 e7e5 b1c3 e5e4 e2e3 g8f6 e1e2 b8a6 g1f3 b7b5 a2a4 c7c6
3759,d2d3 e7e6 h2h3 c7c6 h1h2 b7b5 c1e3 f7f5 g2g4 h7h5 h3h4 g8h6
3760,h2h3 h7h5 h1h2 d7d6 e2e3 d6d5 e1e2 f7f6 a2a4 e7e5 b1c3 c8d7
3761,d2d4 f7f5 g1f3 a7a5 e2e3 h7h5 e1e2 e7e6 c2c4 d7d5 d1a4 e8e7
3762,a2a4 b8c6 b2b3 b7b6 b1a3 a7a5 g2g3 g7g5 d2d4 e7e6 h2h3 c6d4
3763,h2h3 c7c6 e2e3 d8b6 h1h2 g7g5 g2g4 c6c5 b2b4 a7a5 c1a3 e7e6
3764,b2b4 b8a6 b4b5 g8f6 b5a6 d7d5 a2a4 b7a6 b1a3 e7e6 a4a5 e8e7
3765,a2a4 f7f5 f2f4 g7g6 e2e3 a7a6 a4a5 e8f7 e3e4 d7d5 f1e2 b8d7
3766,h2h4 d7d6 g2g4 f7f6 b2b4 a7a6 a2a3 b7b6 d2d3 d6d5 e2e3 c8d7
3767,c2c4 d7d5 c4d5 g7g6 f2f3 b8c6 d2d3 b7b6 g1h3 h7h5 d1c2 c8a6
3768,g2g4 b8a6 f2f3 f7f6 b2b4 e7e6 c1a3 c7c6 e2e3 a6c7 f1d3 a7a5
3769,e2e3 a7a6 f1d3 b7b5 e3e4 f7f5 b1a3 d7d6 g1f3 e7e6 g2g3 g7g6
3770,g1f3 a7a6 b1c3 f7f5 a1b1 d7d6 e2e3 h7h6 b2b4 b8d7 f3g5 a8b8
3771,e2e3 b7b5 d2d4 e7e5 e3e4 f7f6 e1e2 c7c5 g1f3 c5d4 a2a3 d7d6
3772,a2a4 a7a6 a4a5 f7f5 b2b3 a8a7 a1a3 d7d6 a3a4 c7c6 b1c3 d8d7
3773,a2a4 f7f5 b2b4 b8c6 g2g4 h7h5 c2c4 h8h7 h2h4 e7e5 d1c2 d7d6
3774,g1h3 c7c5 g2g3 f7f5 b2b4 g7g5 h1g1 d8b6 h3f4 b8a6 c1a3 b6b5
3775,b1c3 b7b6 b2b3 c8a6 c1a3 a6c4 g1f3 d7d5 g2g3 g7g6 c3d5 f8g7
3776,h2h3 d7d6 g2g4 h7h5 c2c4 h8h7 d2d4 b7b5 c4c5 c8e6 g4h5 g7g6
3777,d2d4 e7e6 h2h4 e8e7 c1e3 b8a6 h1h3 b7b5 b2b3 g7g6 d4d5 h7h5
3778,b2b3 h7h5 c1a3 g7g6 a3b2 e7e6 b2g7 f8c5 e2e4 b7b6 g1f3 h5h4
3779,h2h3 a7a6 d2d3 a8a7 c2c4 f7f6 c1f4 d7d6 g2g3 e8d7 e2e3 b7b5
3780,h2h3 b8c6 f2f4 c6b8 g2g4 b7b5 d2d4 b8a6 a2a3 h7h5 e2e4 g7g5
3781,b2b3 h7h5 c1a3 b8a6 b1c3 e7e6 e2e3 g7g6 a3e7 a8b8 a2a4 e6e5
3782,h2h3 d7d6 g2g4 b7b6 b2b3 c8g4 b3b4 h7h5 e2e3 g7g6 d2d3 e8d7
3783,h2h4 f7f6 f2f3 h7h5 a2a3 a7a6 d2d3 c7c5 c1e3 f6f5 b2b3 d7d5
3784,h2h4 f7f5 b2b4 e7e5 c1a3 f8b4 g1h3 b4d2 e1d2 g8f6 g2g4 b8a6
3785,h2h3 a7a6 d2d3 d7d6 c1f4 g7g6 f4d6 c7d6 c2c3 e7e6 g2g4 d8c7
3786,h2h3 h7h5 d2d3 d7d6 g2g4 e8d7 c2c4 f7f6 f2f3 b8c6 b1a3 d7e8
3787,b2b3 b8a6 b1a3 b7b6 g2g4 g7g5 g1h3 g8f6 f1g2 f8g7 d2d4 e7e5
3788,b2b4 b8c6 a2a4 a7a5 b4b5 f7f5 b5c6 d7d5 d2d3 d5d4 h2h3 e7e6
3789,g1h3 d7d5 d2d4 b8c6 g2g3 g7g6 c1g5 g8f6 g5f6 f8h6 f6h8 c8f5
3790,g2g3 d7d6 b2b4 h7h6 g1f3 g7g6 c1a3 e7e6 b1c3 b8d7 c3d5 a7a6
3791,a2a4 d7d6 g1f3 a7a5 d2d3 f7f5 e2e3 d6d5 e1e2 c8d7 d3d4 g8f6
3792,c2c4 b8a6 a2a4 f7f5 e2e4 e7e6 d1g4 c7c5 d2d4 g7g6 e1d2 e6e5
3793,h2h4 f7f6 f2f3 e7e5 b2b4 a7a5 g1h3 f8b4 a2a3 g8e7 b1c3 c7c6
3794,h2h3 a7a6 b1c3 d7d6 f2f4 h7h6 g2g4 g7g5 e2e3 d8d7 e1f2 e7e5
3795,h2h3 d7d5 d2d3 c8d7 a2a4 c7c6 c1e3 b7b6 a1a3 e7e6 d1d2 c6c5
3796,h2h4 b8a6 b2b4 e7e5 c1a3 d7d5 g2g4 f8b4 a3b4 g7g6 d2d4 f7f5
3797,a2a4 f7f6 d2d3 a7a6 f2f4 a8a7 c2c3 d7d5 d3d4 f6f5 h2h4 e7e5
3798,d2d4 f7f5 a2a3 b8c6 b1d2 a7a5 h2h4 a5a4 g2g3 a8a5 a1a2 c6a7
3799,h2h3 a7a5 e2e4 g8h6 e1e2 h6f5 c2c3 h7h6 d1a4 h8h7 g2g4 b8a6
3800,a2a4 a7a6 a4a5 a8a7 f2f4 f7f6 b1a3 d7d6 a1b1 b8d7 c2c3 d7c5
3801,b2b4 f7f6 e2e3 b7b5 g1f3 g7g6 e1e2 e7e6 c2c4 g8h6 c1b2 h6g4
3802,g1h3 d7d6 e2e3 h7h6 c2c4 a7a5 f2f4 g7g5 h3g5 a8a6 d2d3 a6c6
3803,b2b3 a7a5 b1c3 c7c5 a2a4 a8a7 d2d3 d7d6 d3d4 d8d7 g2g3 c5d4
3804,d2d4 f7f5 f2f4 b8a6 a2a4 g7g6 h2h3 e8f7 d4d5 b7b6 g2g4 h7h5
3805,g2g4 b7b6 h2h3 c8a6 d2d3 a6c4 d3c4 b6b5 c1g5 f7f6 c4b5 e7e5
3806,a2a4 a7a6 a4a5 f7f6 f2f4 a8a7 e2e3 e7e6 e1e2 e6e5 d2d4 f6f5
3807,g1h3 d7d6 d2d3 g8f6 g2g3 d6d5 b2b4 a7a5 a2a4 e7e6 b4a5 e8e7
3808,c2c3 b8c6 d2d3 e7e6 h2h3 g8h6 e1d2 d7d5 d2c2 f8a3 f2f4 b7b5
3809,d2d4 f7f5 f2f4 b8c6 h2h3 a8b8 e2e3 c6d4 g1f3 d4f3 g2f3 e7e6
3810,h2h4 a7a5 b2b4 e7e5 a2a4 f8b4 g1h3 e5e4 h3g5 e8f8 h1g1 d7d5
3811,a2a4 a7a5 d2d3 d7d6 a1a2 c7c5 c2c4 d8c7 d1d2 b7b5 b1c3 b5a4
3812,a2a4 a7a6 b2b4 b7b5 a4a5 a8a7 d2d3 e7e5 c2c4 f7f6 f2f3 c7c6
3813,d2d4 f7f5 e2e4 a7a6 e1e2 h7h5 b1a3 g7g5 c1d2 d7d6 a3b1 h5h4
3814,d2d4 f7f5 f2f4 h7h6 h2h3 e7e6 a2a4 b8c6 c2c4 g7g5 g2g4 a7a6
3815,h2h4 g7g5 h1h3 g5h4 g2g4 d7d5 d2d4 h7h5 c1g5 f8h6 g4h5 h6g5
3816,a2a4 a7a6 b1c3 b7b5 b2b3 h7h5 a4a5 a8a7 c3b5 a6b5 g2g4 d7d6
3817,h2h3 a7a6 e2e3 b7b5 e1e2 c7c5 e3e4 a8a7 b1a3 d8a5 h3h4 a7a8
3818,e2e3 b7b5 c2c3 e7e6 h2h3 b8c6 e1e2 c8b7 c3c4 e8e7 a2a4 c6b4
3819,c2c3 d7d5 f2f4 f7f5 h2h4 e7e6 d2d4 f8c5 h1h2 e8f7 e2e3 b8a6
3820,a2a4 a7a6 b1c3 g7g6 b2b3 b7b5 f2f4 h7h5 c3b5 a6b5 e1f2 d7d6
3821,e2e3 a7a6 h2h3 g7g5 g2g3 a6a5 b1c3 c7c5 d2d3 b7b5 b2b4 a5b4
3822,h2h4 d7d6 b2b4 a7a5 g2g3 h7h6 b1c3 h8h7 a2a4 d8d7 b4b5 d7b5
3823,b2b3 a7a5 c1a3 e7e6 e2e4 f8a3 f1b5 a3c5 d2d4 g8f6 g2g4 a8a7
3824,d2d3 e7e6 a2a3 f8a3 d1d2 e8e7 e2e4 a7a6 f2f4 a3b2 e1e2 b2c3
3825,g1h3 d7d6 b2b4 a7a5 a2a4 h7h6 f2f4 b7b5 c2c4 f7f6 c4b5 c7c6
3826,f2f4 b7b5 c2c3 c7c5 b2b3 d8c7 c1a3 e7e5 f4f5 g8h6 b3b4 h8g8
3827,h2h4 a7a5 f2f4 e7e6 c2c3 f8b4 d1a4 g8h6 b2b3 c7c5 d2d4 h8f8
3828,a2a4 a7a6 a4a5 a8a7 e2e3 b8c6 e1e2 c6a5 h2h4 a5b3 c2b3 c7c5
3829,a2a4 a7a6 b1c3 b7b5 b2b3 h7h5 e2e4 a8a7 h2h4 d7d6 f2f3 g7g6
3830,h2h4 f7f6 f2f3 e7e5 b2b4 g8e7 g2g3 d7d6 c1a3 f6f5 b1c3 g7g6
3831,e2e3 b7b5 e1e2 b5b4 b2b3 g8h6 d2d4 g7g6 a2a3 h6f5 g2g4 b4a3
3832,h2h4 e7e6 b2b4 f8b4 g2g4 a7a5 c2c3 e8e7 h4h5 d8e8 d1c2 g8h6
3833,b1c3 g8f6 a1b1 a7a6 g1f3 a8a7 d2d4 h7h6 h2h3 d7d5 g2g3 b8d7
3834,c2c3 d7d5 e2e4 g8f6 g2g4 f6h5 g1f3 d5e4 f3d4 c8g4 f2f3 e8d7
3835,b2b3 g7g6 d2d3 h7h6 h2h4 d7d5 h1h2 g8f6 f2f3 h8g8 h2h1 f6e4
3836,a2a3 b7b5 e2e3 c7c5 e1e2 f7f5 g1f3 e7e6 c2c4 b5c4 d2d4 c5d4
3837,e2e4 e7e5 d2d4 e8e7 b1c3 d7d5 e1e2 c7c6 h2h4 h7h5 c1g5 g8f6
3838,e2e4 a7a5 g1e2 h7h6 h1g1 d7d6 f2f4 b8d7 h2h4 g7g5 h4g5 f7f5
3839,e2e3 b7b5 a2a3 c7c5 c2c4 e7e6 g1f3 e8e7 d2d4 c5d4 e1e2 g7g5
3840,g2g3 d7d6 c2c4 f7f6 b2b3 c7c5 c1a3 d8c7 b1c3 c8g4 c3d5 f6f5
3841,g2g4 b7b5 c2c3 c8a6 e2e4 c7c5 h2h3 g8h6 e4e5 h8g8 g1f3 d8b6
3842,b1c3 d7d6 a2a4 h7h6 g1f3 a7a5 b2b4 b7b5 g2g3 a8a6 h1g1 c8d7
3843,e2e4 d7d5 b1c3 e7e5 e1e2 h7h5 d2d4 e8e7 h2h4 f7f5 e4f5 g7g6
3844,g2g3 g8f6 b2b4 e7e5 b1c3 b8a6 e2e3 f8d6 c1b2 g7g6 g1f3 h7h6
3845,a2a4 a7a6 a4a5 f7f5 b2b4 c7c6 c2c4 d8c7 e2e3 b7b6 d1e2 d7d6
3846,d2d4 f7f5 d1d2 b8a6 b1a3 a8b8 d2d1 g8f6 e2e4 a6c5 e4f5 c5b3
3847,h2h3 g8h6 d2d3 d7d5 c2c4 h6f5 c1e3 c7c5 b1a3 e7e5 e3d4 f5e3
3848,g2g3 g8f6 b2b4 g7g6 h2h4 e7e5 f2f4 h8g8 c1a3 h7h6 e1f2 e5e4
3849,a2a4 a7a6 a4a5 a8a7 g1h3 h7h5 d2d4 f7f6 c2c4 d7d5 f2f4 e7e5
3850,a2a4 a7a6 a4a5 f7f6 b1c3 e7e5 c3b5 f8c5 g1h3 a8a7 h1g1 a6b5
3851,g1f3 a7a5 a2a3 e7e6 a1a2 h7h6 c2c4 e8e7 f3h4 e6e5 h2h3 g7g6
3852,h2h3 a7a6 f2f4 e7e6 e2e3 b7b5 e1e2 f7f5 a2a3 c7c5 g1f3 d8h4
3853,e2e4 g7g6 h2h3 h7h5 g2g4 h5g4 d2d3 b8c6 e4e5 e7e6 d1e2 f7f5
3854,e2e3 f7f5 a2a4 d7d5 d1h5 g7g6 e1e2 b8a6 g1f3 c8e6 h2h4 d8c8
3855,g1h3 a7a5 b2b4 d7d6 a2a4 b7b6 d2d3 c8a6 c2c4 d6d5 b4a5 b6a5
3856,a2a4 a7a6 b1c3 b7b5 f2f4 c7c5 d2d4 b5a4 c3d5 c5c4 h2h3 e7e6
3857,h2h3 b8c6 c2c4 g7g5 d2d3 f8h6 c1e3 c6a5 g2g3 f7f5 c4c5 e7e6
3858,c2c4 b8a6 a2a4 f7f5 a1a2 c7c5 e2e4 a8b8 d2d4 e7e6 e4e5 d8h4
3859,g1h3 h7h6 d2d3 g7g5 d3d4 f7f5 c1d2 c7c5 e2e4 d7d6 f2f3 b7b5
3860,g2g3 f7f5 b2b3 d7d5 b1a3 d5d4 a1b1 d4d3 f2f3 b7b6 e2e4 f5f4
3861,e2e4 h7h6 b2b4 h8h7 d2d3 c7c5 g1f3 d7d6 g2g3 d8a5 b1c3 e8d7
3862,f2f3 c7c5 a2a3 g7g5 e2e4 b7b5 e1e2 g8h6 c2c4 b8c6 e4e5 d8c7
3863,f2f3 d7d6 b2b4 a7a5 e2e3 d6d5 b4a5 e7e5 c1b2 e8e7 g2g3 h7h6
3864,e2e4 g8h6 e4e5 h6g4 g1f3 h7h5 d2d3 e7e6 a2a4 b7b5 b1a3 c7c6
3865,c2c4 d7d5 f2f4 e7e5 b2b4 a7a5 b4a5 g8f6 h2h4 b8c6 f4e5 c6b4
3866,e2e4 h7h6 g1e2 b7b6 a2a4 c8a6 c2c4 h8h7 c4c5 f7f6 d2d3 a6c4
3867,b1c3 b8a6 g1f3 e7e6 f3e5 g7g6 c3a4 g8f6 e2e3 a6b8 e5f7 f8c5
3868,d2d3 d7d5 f2f4 b7b6 d3d4 c8a6 a2a3 g7g6 h2h4 h7h5 g2g4 a6c4
3869,d2d3 a7a5 a2a4 d7d5 h2h3 b7b6 e2e3 e7e6 e3e4 f8d6 g1e2 e6e5
3870,g1h3 b8c6 b1a3 h7h6 e2e3 d7d6 d1f3 a7a5 f3d1 e7e5 h3g1 c6a7
3871,f2f4 b8a6 f4f5 h7h6 h2h4 d7d6 e2e3 c7c5 g2g4 d8d7 a2a3 e7e5
3872,g1h3 c7c5 b2b4 h7h6 g2g3 f7f5 h3f4 d8b6 c2c4 g7g5 d2d4 b8a6
3873,a2a4 f7f5 e2e3 c7c6 d1h5 g7g6 g1f3 e8f7 e1e2 g6h5 c2c4 b8a6
3874,d2d3 d7d5 d1d2 e7e5 h2h3 b7b6 g2g3 e8e7 f1g2 c8d7 a2a3 d8c8
3875,d2d3 e7e6 a2a4 b7b5 d3d4 b5a4 e2e4 f7f5 e1e2 f8d6 h2h3 g7g6
3876,c2c4 a7a5 f2f3 d7d6 d1b3 e7e5 f3f4 d6d5 g2g4 h7h5 e2e4 e8e7
3877,e2e3 b8a6 h2h4 c7c5 h1h2 e7e5 g1h3 a8b8 f1b5 f8e7 e1e2 e7h4
3878,b2b4 f7f6 a2a4 a7a6 e2e3 a8a7 d2d3 b7b5 d1h5 g7g6 a1a3 d7d6
3879,g1f3 b7b5 c2c3 c7c5 e2e4 g8h6 e4e5 g7g6 c3c4 b8c6 g2g3 b5c4
3880,b2b4 f7f6 g2g4 b8c6 h2h4 e7e5 h1h2 c6b4 g4g5 g7g6 c1a3 a8b8
3881,b2b3 a7a5 c1a3 b8a6 g1f3 a8a7 e2e4 g8f6 a3c1 e7e6 e4e5 h7h6
3882,h2h3 h7h5 a2a4 d7d6 e2e3 a7a5 e1e2 d6d5 g2g3 a8a7 g3g4 c8g4
3883,h2h3 h7h5 f2f3 g7g6 g2g4 d7d6 e2e3 b7b6 e1e2 e7e6 f1g2 c8a6
3884,e2e4 b8c6 g2g4 f7f6 b2b3 a8b8 e4e5 h7h5 e5f6 d7d5 h2h3 g8f6
3885,e2e3 f7f5 b2b4 d7d5 h2h3 c8d7 b4b5 g7g6 e3e4 b8c6 b5b6 f5e4
3886,a2a4 a7a6 b1c3 g7g6 f2f4 f7f5 h2h4 h7h5 g2g3 e8f7 d2d3 e7e6
3887,h2h3 h7h5 b1c3 c7c6 a2a4 a7a5 e2e4 g7g5 f2f3 g8h6 b2b3 e7e6
3888,b2b3 g7g6 c1a3 b8c6 d2d3 b7b6 e1d2 c6b4 d3d4 g8f6 a3b4 d7d5
3889,a2a4 d7d5 e2e3 f7f5 h2h3 h7h5 e1e2 e7e5 g2g3 h8h7 e2f3 g7g5
3890,a2a4 a7a6 b2b4 b7b5 d2d4 a8a7 a4b5 f7f6 c2c3 a6a5 f2f3 a5a4
3891,g1h3 h7h6 a2a4 d7d6 d2d4 a7a5 c2c4 h8h7 h1g1 c8g4 c1d2 g4e2
3892,a2a4 a7a6 b1c3 f7f5 b2b3 h7h5 f2f3 d7d6 c3d5 b7b6 c2c4 e7e6
3893,e2e3 b7b6 a2a3 g8h6 e1e2 a7a6 e3e4 f7f5 e2f3 c7c5 h2h4 h6f7
3894,g1h3 f7f5 b2b4 c7c5 f2f4 b7b5 g2g4 h7h5 c2c4 g7g6 d1a4 b5a4
3895,g2g3 h7h5 h2h4 d7d6 b2b4 h8h7 e2e3 b7b6 d2d3 h7h6 b1d2 c8a6
3896,g1h3 h7h6 d2d4 g7g5 c1g5 g8f6 g2g3 h6g5 f2f4 d7d5 h1g1 e7e6
3897,g2g4 f7f6 f1h3 e7e5 g4g5 g7g6 h3f5 b8c6 f5e4 a8b8 b2b3 g8e7
3898,h2h3 a7a6 b1c3 h7h5 f2f3 g7g6 g2g4 d7d6 e2e3 e7e6 e1e2 h5g4
3899,g2g3 b7b6 b2b3 c8b7 g1f3 b7a6 b1c3 e7e5 c1a3 b8c6 f3d4 g8f6
3900,a2a4 a7a5 g1f3 b7b5 b2b4 a8a7 a1a2 h7h5 a4b5 g7g6 f3g1 c7c5
3901,e2e4 h7h6 b2b3 d7d6 d2d4 b8a6 c1d2 a8b8 g1f3 c8g4 e4e5 a6b4
3902,h2h3 a7a6 e2e3 b7b5 g1e2 g8f6 e3e4 a6a5 b1c3 c7c5 g2g3 f6e4
3903,g1h3 h7h5 g2g3 f7f6 d2d3 d7d6 f2f4 a7a6 a2a3 b8d7 b1c3 c7c5
3904,b2b3 a7a5 g2g3 g7g6 g1h3 d7d6 b3b4 h7h6 h3g1 a8a7 c2c4 b7b5
3905,h2h3 b7b6 d2d3 d7d5 a2a3 e7e6 a1a2 c7c6 g2g3 g8f6 h3h4 c6c5
3906,g2g4 f7f6 d2d3 e7e5 a2a3 f8a3 f2f4 e5f4 a1a3 b7b5 b2b3 g7g6
3907,d2d4 f7f5 g1h3 h7h5 b1c3 g8h6 h3g5 h6g4 h2h4 b8a6 d4d5 e7e6
3908,e2e3 d7d5 d2d4 f7f5 f2f4 b8c6 h2h4 g8h6 g2g4 h8g8 h1h3 h6g4
3909,h2h3 d7d6 g2g4 h7h5 b1c3 h8h6 g1f3 g7g5 g4h5 f7f5 f3d4 c7c6
3910,b2b4 h7h6 f2f4 f7f6 a2a4 g7g5 f4g5 d7d5 g5f6 e7e5 g1h3 d8f6
3911,a2a4 d7d6 d2d4 a7a5 f2f3 h7h6 a1a3 b7b5 a3a1 d8d7 c1d2 e7e5
3912,h2h3 a7a6 f2f4 e7e5 g1f3 g7g6 f3e5 a6a5 e5d3 b7b6 a2a3 g8h6
3913,h2h3 b7b6 d2d4 e7e6 f2f4 c7c6 h3h4 e8e7 e2e4 e6e5 g1h3 d7d5
3914,e2e4 b8c6 f2f3 g8f6 b1a3 f6e4 g1e2 b7b6 e2d4 f7f5 f1d3 a7a5
3915,h2h3 b8c6 d2d3 e7e6 e1d2 e8e7 d2c3 h7h6 c1e3 g8f6 b1d2 a7a5
3916,g2g3 d7d6 c2c4 h7h6 b2b4 e8d7 f2f4 f7f6 b1c3 b8c6 g1h3 g7g6
3917,b2b4 c7c6 g2g4 g7g5 c2c4 b7b6 g1h3 c8a6 d2d4 f8g7 a2a3 f7f5
3918,e2e3 b7b5 e1e2 b5b4 a2a3 g8h6 d2d4 g7g5 g1f3 e7e5 b1d2 h8g8
3919,h2h3 a7a6 e2e3 a8a7 h1h2 g8f6 d2d3 b7b5 b2b4 a6a5 g2g3 b8a6
3920,e2e4 g8h6 g1e2 g7g6 h2h3 d7d5 a2a4 e7e5 d2d3 c8g4 c1g5 b8c6
3921,e2e4 a7a5 c2c3 g8f6 d2d4 h7h6 d1f3 c7c5 g2g4 e7e6 e1e2 a8a7
3922,h2h3 a7a6 f2f4 d7d6 h3h4 h7h6 e2e3 f7f6 b2b4 d8d7 d1h5 e8d8
3923,e2e4 e7e6 g2g4 b7b5 c2c3 g8f6 d1a4 f6e4 e1e2 c8b7 g4g5 g7g6
3924,g2g4 a7a5 c2c4 d7d5 f2f4 b8c6 h2h4 f7f5 b1c3 h7h6 d1c2 e7e5
3925,c2c4 d7d5 f2f4 b8c6 h2h4 f7f6 e2e3 e7e5 g1h3 f8d6 a2a3 a7a5
3926,a2a4 b7b5 h2h3 a7a5 c2c3 d7d6 d2d4 h7h6 b1d2 f7f6 e2e3 b8d7
3927,c2c4 b7b5 g1h3 f7f5 b2b3 h7h5 b1a3 d7d6 h3g1 g7g6 g2g4 f5f4
3928,e2e4 b8c6 f2f3 f7f6 b1a3 e7e6 f1d3 a8b8 g2g3 c6e5 g1e2 f8c5
3929,h2h3 a7a6 d2d3 d7d6 a2a4 d8d7 d1d2 a8a7 c2c4 f7f6 g2g4 h7h5
3930,e2e4 h7h6 g1e2 b8c6 h2h3 a8b8 e4e5 g8f6 d2d3 h8g8 g2g4 c6e5
3931,b1c3 c7c6 g1f3 c6c5 g2g3 g7g5 c3d5 f7f5 h2h4 d8b6 g3g4 f8g7
3932,a2a3 f7f6 d2d3 g7g5 g2g4 b7b5 d1d2 e7e6 b2b3 c8a6 a1a2 d7d5
3933,c2c4 b7b5 f2f4 g7g5 d1b3 h7h5 f4f5 g8h6 g2g4 h8g8 d2d4 c8a6
3934,a2a4 f7f5 e2e3 d7d5 a4a5 e7e6 f2f4 g8e7 b1a3 d8d7 g2g3 h7h6
3935,g1h3 h7h5 a2a3 f7f6 d2d3 d7d5 f2f4 f6f5 c2c4 a7a5 d1c2 b8c6
3936,e2e3 a7a5 h2h3 g8f6 a2a4 h7h6 b2b4 h8g8 f2f3 f6h5 e3e4 d7d6
3937,b2b3 g7g6 c1a3 g8f6 e2e4 h8g8 a3e7 b7b5 b1c3 f6d5 b3b4 h7h5
3938,h2h3 g8f6 e2e3 f6d5 b2b4 f7f5 f2f4 b7b5 b1c3 e7e6 c3d5 c7c6
3939,h2h3 h7h5 h1h2 d7d6 e2e3 c8e6 d2d4 b7b6 a2a4 g7g6 c2c4 e6c4
3940,h2h3 h7h5 e2e3 g7g6 f1b5 e7e5 b1a3 e5e4 a1b1 d8h4 g2g3 h4d8
3941,a2a4 e7e6 g1h3 c7c5 h1g1 d7d5 g2g4 b7b6 a1a2 f7f6 c2c4 c8a6
3942,e2e4 g7g6 g1f3 g8h6 e4e5 h8g8 f1e2 h6g4 g2g3 h7h5 b1a3 f7f6
3943,e2e4 d7d5 g1e2 g7g6 h2h3 e7e5 g2g4 e8e7 h1g1 b7b6 a2a4 d5d4
3944,c2c3 g7g6 d2d3 g8f6 f2f4 e7e6 g2g4 b7b5 b2b3 b5b4 b1d2 h8g8
3945,a2a4 a7a6 b1c3 h7h5 e2e3 f7f5 f2f4 e7e6 b2b4 b7b5 h2h4 a8a7
3946,c2c3 e7e6 g2g4 g8f6 c3c4 d7d5 a2a4 f6g8 c4c5 e6e5 d2d3 f7f6
3947,b1c3 b7b6 b2b3 c8a6 a2a4 d7d5 a4a5 g8f6 e2e4 h8g8 c1a3 f6g4
3948,f2f3 g8f6 b2b4 c7c6 e2e3 e7e6 g2g4 f8e7 a2a4 c6c5 d2d4 b7b6
3949,a2a4 a7a6 b1c3 a6a5 f2f4 b8a6 h2h3 g7g5 f4g5 h7h6 b2b3 b7b5
3950,e2e3 b7b5 e1e2 g7g6 e2e1 g8h6 g2g3 h6g8 b2b3 e7e6 d2d3 f8b4
3951,d2d3 e7e6 a2a4 b8c6 h2h3 f7f5 d1d2 h7h6 g2g4 f5g4 a4a5 g7g5
3952,e2e4 b8c6 e4e5 e7e6 g2g4 b7b5 e1e2 f7f6 c2c3 c6a5 h2h3 f6f5
3953,d2d4 f7f5 h2h4 a7a6 f2f4 d7d6 c2c3 h7h5 g2g4 g7g5 e2e3 h8h7
3954,f2f3 g8f6 a2a4 b7b6 d2d4 g7g6 c2c4 f6g8 e1d2 b8c6 h2h4 c6d4
3955,a2a3 f7f5 e2e3 a7a6 f1d3 f5f4 g1f3 e8f7 d3e2 d7d5 e3f4 d5d4
3956,b2b3 g7g6 d2d4 c7c5 c1e3 g8h6 e1d2 c5d4 e3g5 d7d6 g2g3 h8g8
3957,h2h4 a7a6 f2f3 d7d6 b2b4 f7f6 g1h3 h7h6 h3f2 e8d7 e2e3 d7c6
3958,h2h3 d7d5 d2d3 a7a5 a2a4 d5d4 b2b4 f7f6 b4a5 d8d6 c1b2 b8a6
3959,h2h3 h7h5 a2a4 d7d6 e2e3 a7a5 f1b5 b8d7 b5d7 e8d7 h1h2 d7c6
3960,g1h3 d7d5 d2d4 h7h5 g2g3 g7g6 c1f4 f7f5 h1g1 e8f7 b1c3 b8a6
3961,h2h3 h7h6 c2c3 d7d6 g2g4 e8d7 e2e3 f7f6 e1e2 b8c6 d1b3 g7g5
3962,e2e3 g7g6 c2c4 d7d5 a2a4 f7f5 a4a5 e8d7 f2f4 e7e5 c4d5 h7h5
3963,h2h3 c7c6 d2d3 e7e6 e1d2 e8e7 c2c4 b8a6 d2c2 g8f6 c1e3 d7d5
3964,b2b4 g7g6 a2a4 f7f6 e2e3 g8h6 e3e4 h8g8 c2c3 h6f7 g1f3 f8h6
3965,e2e4 e7e6 f1b5 h7h6 c2c4 g7g6 b2b4 b8c6 a2a4 d7d6 e4e5 e8d7
3966,h2h3 d7d5 g2g4 g7g6 f2f4 h7h6 b1a3 d5d4 e2e3 b8c6 f1a6 f7f6
3967,h2h3 h7h5 e2e3 c7c5 a2a3 g7g5 d2d4 d7d6 d1e2 c8g4 c2c4 g4e2
3968,e2e4 b7b5 c2c3 c8a6 e1e2 c7c5 h2h3 g8f6 d1a4 b5a4 d2d3 h8g8
3969,h2h3 a7a6 d2d3 a8a7 e2e4 b7b5 e4e5 g8f6 g1e2 c8b7 a2a3 d7d6
3970,h2h4 b8a6 h4h5 f7f5 b2b3 h7h6 b1a3 e7e6 c1b2 f8a3 g2g4 g7g6
3971,e2e4 h7h5 f2f3 b7b5 a2a4 g7g6 f1b5 h8h7 d2d3 c7c6 a1a2 d7d6
3972,h2h4 c7c6 g2g4 e7e5 h1h2 e8e7 d2d3 d8a5 b1d2 a5d2 c1d2 g8f6
3973,g2g4 g7g6 e2e4 d7d5 h2h3 d5e4 f2f3 h7h6 b2b4 e8d7 b1a3 b7b6
3974,h2h4 f7f6 g2g3 e7e5 d2d3 g7g5 c1g5 f8h6 g1h3 e5e4 g5f6 b7b6
3975,g2g3 d7d6 g3g4 d8d7 c2c3 c7c5 e2e4 g8h6 g1e2 c5c4 f1g2 d6d5
3976,e2e3 e7e5 b2b4 a7a5 h2h3 b7b5 g1f3 a5b4 d2d3 c7c5 e1e2 g7g5
3977,h2h3 h7h5 g2g4 h5g4 h3h4 b8a6 d2d4 g7g6 d4d5 g8f6 c1h6 a8b8
3978,a2a4 a7a6 b1c3 b7b5 a4a5 e7e5 f2f3 d7d6 d2d3 a8a7 d1d2 b8d7
3979,h2h3 e7e6 g2g4 c7c5 a2a4 b7b6 d2d4 d8f6 c1d2 e6e5 d2a5 b6a5
3980,h2h3 h7h5 d2d3 b7b5 h1h2 g7g5 h3h4 f7f6 g2g3 e7e6 b2b3 e8e7
3981,e2e4 d7d5 e4e5 c8e6 f2f4 b7b6 h2h4 d5d4 f1b5 b8c6 b5c6 d8d7
3982,h2h3 d7d5 h1h2 h7h6 g2g4 g7g6 b2b4 b7b5 e2e4 h6h5 f2f3 e7e6
3983,g2g3 d7d6 b2b4 e8d7 e2e3 b8c6 c1b2 f7f6 d2d3 c6a5 d1g4 e7e6
3984,g1f3 b7b6 f3d4 b6b5 f2f3 d7d6 d2d3 e7e6 e1d2 g7g6 g2g4 b5b4
3985,d2d3 e7e6 h2h3 c7c5 a2a4 d7d5 g2g4 b7b6 d3d4 d8d7 g1f3 f8d6
3986,a2a3 a7a5 f2f3 d7d6 d2d3 f7f5 d1d2 c7c6 e2e4 g7g5 d2f2 a5a4
3987,e2e4 a7a5 g2g4 f7f6 c2c3 b8a6 f1a6 a5a4 b2b4 c7c5 b4c5 b7b6
3988,g1h3 h7h6 b2b4 g7g6 h1g1 h6h5 f2f3 d7d6 e2e3 b8c6 h3f4 b7b6
3989,c2c4 b7b5 f2f4 f7f6 e2e3 e7e6 d1h5 g7g6 h5b5 a7a6 b5e5 h7h5
3990,b1c3 d7d6 a2a3 c7c5 f2f4 d8c7 c3a2 f7f5 e2e3 c5c4 h2h3 a7a6
3991,d2d3 e7e6 a2a4 b8c6 h2h3 f7f5 d1d2 h7h6 g1f3 b7b5 h1g1 h8h7
3992,h2h3 h7h5 d2d3 c7c6 c2c4 g7g6 g2g3 f7f5 d1b3 h8h7 e1d1 e7e6
3993,h2h3 a7a6 h1h2 g8f6 b2b4 d7d5 g2g4 e7e6 b1a3 e8e7 a3c4 b7b6
3994,g2g4 d7d5 h2h3 g7g6 e2e3 g8h6 f2f4 h8g8 b1a3 c8g4 h3g4 h6f5
3995,h2h3 h7h6 g2g4 g7g6 d2d3 d7d5 c2c4 b8c6 d1d2 f7f6 c4c5 e7e5
3996,h2h3 a7a6 g2g4 g8h6 c2c4 g7g5 d1c2 h8g8 b2b3 b7b6 g1f3 h6g4
3997,h2h3 a7a6 b1c3 d7d6 a2a4 d8d7 d2d4 a6a5 a1a3 c7c5 f2f3 f7f6
3998,h2h3 h7h5 h1h2 d7d6 b2b3 c7c5 c1a3 a7a5 c2c4 g8h6 d1c2 e7e6
3999,e2e4 h7h6 e4e5 e7e6 g2g4 a7a5 c2c3 c7c5 b2b4 a5a4 f2f4 d8h4
4000,g1h3 d7d5 f2f4 g8f6 g2g4 e7e6 b1c3 c7c6 b2b3 b7b6 f1g2 c8d7
4001,h2h3 d7d6 e2e3 h7h6 e1e2 a7a5 g1f3 e7e5 c2c3 g7g5 e3e4 a8a6
4002,g2g3 d7d6 e2e3 c8e6 e1e2 h7h6 a2a4 a7a5 g1f3 h8h7 d2d4 d6d5
4003,g2g3 a7a6 b2b4 e7e6 c2c4 e8e7 d1a4 g8f6 f2f4 f6h5 f4f5 h5f6
4004,e2e4 b7b5 b1c3 g8h6 d1g4 c8a6 c3e2 c7c5 g4h5 d8b6 h5c5 b6e6
4005,e2e4 d7d5 b1c3 h7h5 f2f3 h8h6 f1c4 c8d7 c4d5 e7e6 a1b1 e8e7
4006,a2a3 f7f6 d2d3 b7b6 h2h3 d7d6 e2e4 g7g6 c1e3 g8h6 e3d2 c8g4
4007,e2e4 h7h5 g1e2 f7f5 h2h3 a7a6 a2a3 g7g6 h1g1 d7d6 b1c3 f5e4
4008,h2h3 d7d6 e2e3 h7h6 c2c3 d8d7 h3h4 a7a5 f1c4 d6d5 c4b5 b8c6
4009,c2c4 b7b5 f2f4 c8b7 f4f5 h7h6 g2g3 h8h7 f1g2 b8a6 b1a3 b5c4
4010,g2g4 e7e5 c2c4 d7d5 b2b4 f8b4 c4d5 g8f6 h2h4 h8f8 e2e3 e5e4
4011,h2h4 f7f6 g2g3 h7h6 d2d3 e7e5 h1h3 d7d5 b2b3 f8b4 c2c3 e8d7
4012,h2h4 g7g5 g2g4 c7c5 d2d4 d7d5 h1h3 c5c4 e2e4 d5e4 e1e2 f8h6
4013,d2d3 e7e6 d3d4 b8c6 h2h3 e6e5 c1e3 g8e7 d1d2 e7g8 e1d1 g8h6
4014,a2a4 a7a5 b1c3 b7b5 e2e3 g8h6 e1e2 c7c5 c3e4 b5a4 e4f6 g7f6
4015,d2d3 e7e6 b2b4 d7d5 c1h6 b8a6 g2g3 f8e7 h2h4 d5d4 c2c4 e8f8
4016,e2e3 g7g6 c2c4 d7d5 f2f3 h7h5 a2a3 h8h7 e1e2 a7a5 d1b3 e7e6
4017,e2e3 e7e5 d2d4 e8e7 g2g3 d8e8 f2f4 c7c6 f1d3 e7e6 h2h3 b7b5
4018,h2h3 a7a6 e2e3 h7h6 g2g4 g7g5 b1c3 h8h7 b2b3 a6a5 f2f4 f7f5
4019,e2e3 a7a6 h2h3 f7f5 b2b4 a8a7 e1e2 e7e5 g1f3 c7c6 c1a3 d7d5
4020,e2e4 d7d5 b1c3 e7e5 a1b1 h7h5 c3d5 b8a6 d5b6 a8b8 d2d3 c7c6
4021,e2e4 g8h6 b1a3 h8g8 g1e2 a7a6 a1b1 d7d6 d2d4 c8e6 g2g4 h6g4
4022,e2e4 g8h6 g1e2 b7b5 c2c3 c8a6 h2h3 c7c5 g2g3 h8g8 h3h4 h6f5
4023,h2h3 d7d6 a2a4 a7a5 d2d3 b7b5 h3h4 h7h6 c1d2 b5b4 g1f3 g7g5
4024,g1h3 d7d6 b2b4 h7h5 e2e3 a7a5 e1e2 e7e5 a2a4 h8h6 d2d3 d6d5
4025,g2g3 a7a6 b2b4 e7e6 h2h3 e8e7 h1h2 f7f6 h3h4 h7h5 f2f4 a8a7
4026,h2h4 a7a5 f2f4 g7g6 h4h5 h7h6 h1h4 g6g5 c2c3 e7e6 g2g4 h8h7
4027,d2d4 f7f6 f2f4 h7h6 a2a4 g7g5 f4g5 b7b5 c1e3 e8f7 h2h3 h6g5
4028,e2e3 f7f5 f2f3 g8h6 b2b4 c7c6 g2g4 e7e6 f1d3 h6g4 f3g4 f8c5
4029,a2a3 f7f5 e2e3 a7a6 f1a6 d7d5 f2f4 g8h6 e1e2 b8a6 g1f3 d5d4
4030,h2h4 e7e5 d2d4 f8d6 e2e4 f7f6 e1e2 e5d4 c1d2 d4d3 c2d3 b8c6
4031,f2f3 e7e6 b2b4 d8f6 d2d3 c7c5 c1h6 d7d6 b1c3 e8e7 e2e3 c5b4
4032,g1h3 d7d5 d2d4 f7f5 e1d2 g7g6 b1c3 e7e6 f2f3 e8e7 f3f4 h7h5
4033,h2h4 b8c6 b2b3 b7b6 g2g4 c8a6 h1h3 g8f6 h3d3 g7g6 g1f3 f6h5
4034,e2e3 d7d5 f2f3 b8c6 a2a3 a8b8 c2c3 g8f6 g2g3 c6e5 a3a4 e5f3
4035,a2a4 f7f5 f2f4 h7h6 c2c4 c7c6 e2e3 b7b5 d1h5 g7g6 h5g6
4036,h2h3 d7d6 e2e3 h7h6 g2g4 e8d7 c2c3 b8c6 b1a3 c6d4 b2b3 c7c5
4037,b2b3 a7a5 c1a3 d7d5 d2d3 c7c5 a3c5 c8d7 h2h4 a5a4 h1h2 a4b3
4038,e2e3 d7d5 e1e2 b8a6 f2f3 e7e5 d2d4 h7h5 c1d2 f8a3 g2g3 a6c5
4039,g1h3 d7d5 d2d4 g8f6 g2g3 b8c6 c1g5 c6d4 g5f6 g7g6 f6e7 d4c2
4040,b2b3 a7a5 g1h3 c7c5 a2a4 d7d6 b3b4 f7f5 f2f3 b8d7 d2d3 d7e5
4041,h2h3 b8c6 e2e3 g7g6 e1e2 c6d4 e3d4 f7f5 g2g3 c7c5 b2b4 c5d4
4042,e2e3 h7h5 f1a6 d7d5 d2d4 f7f5 f2f4 e8f7 e1e2 b7a6 a2a3 g7g6
4043,b2b3 a7a5 g2g3 e7e6 g1h3 b7b5 h3f4 d7d5 h1g1 g7g6 c2c4 g8h6
4044,h2h4 f7f6 d2d3 d7d5 g2g3 c8d7 e2e3 c7c5 b2b3 g7g5 d1h5
4045,b2b4 h7h6 g2g3 e7e5 c2c4 c7c6 f2f4 e5f4 e1f2 d7d6 h2h4 f7f5
4046,h2h3 g7g6 d2d3 g8f6 g2g3 e7e6 h3h4 e8e7 e2e3 a7a5 b2b4 a5a4
4047,h2h3 b8a6 e2e3 d7d5 a2a4 e7e5 g2g3 g7g5 d2d4 f7f5 f1a6 f8h6
4048,g1h3 d7d5 f2f4 h7h5 b1a3 f7f5 h3f2 b7b6 b2b3 g7g6 c2c3 a7a6
4049,g2g3 d7d5 b2b4 b7b6 h2h4 e8d7 d2d4 e7e5 e2e3 f8d6 f1b5 d7e6
4050,g2g4 g8h6 f2f3 e7e6 b2b4 d8h4
4051,e2e4 g8h6 g1f3 a7a6 e4e5 h8g8 g2g3 f7f6 b1c3 b7b5 d2d3 f6f5
4052,f2f3 b7b6 e2e4 c8a6 a2a3 g7g5 f1b5 h7h6 b5c4 h8h7 b2b4 c7c6
4053,g2g4 b7b5 c2c3 c8a6 e2e4 f7f6 e1e2 c7c5 a2a3 g8h6 g1f3 b8c6
4054,h2h4 e7e6 d2d4 f7f6 e2e4 g7g6 h1h2 f8d6 c1d2 b8a6 g2g3 a6c5
4055,h2h3 d7d6 e2e3 h7h6 c2c3 g7g5 g2g4 e7e5 e1e2 e8e7 d1e1 c8d7
4056,e2e3 a7a6 b2b4 f7f5 g1f3 e8f7 c2c4 g7g5 f3e5 f7f6 d1a4 h7h5
4057,g1h3 b8c6 d2d4 c6a5 a2a4 g7g6 c2c4 f7f6 d4d5 a8b8 a1a3 b7b5
4058,g1h3 h7h6 d2d4 d7d6 a2a4 a7a5 d4d5 g7g6 f2f3 b7b5 d1d3 e7e6
4059,a2a4 f7f5 b1c3 h7h6 b2b3 e8f7 a1a2 c7c6 c3d5 c6d5 c2c4 f7f6
4060,h2h3 h7h5 d2d3 c7c6 g2g3 e7e5 c1g5 e5e4 c2c4 g8h6 d3e4 f7f5
4061,e2e3 a7a6 e3e4 g8h6 d1e2 a8a7 c2c4 c7c5 d2d4 h6g4 e1d1 f7f6
4062,h2h3 a7a6 c2c4 a8a7 f2f4 f7f6 b1a3 e7e5 b2b3 c7c5 a3c2 e5f4
4063,h2h3 c7c6 a2a4 f7f5 b1c3 g7g5 e2e4 e7e5 d1h5 e8e7 e4f5 e7f6
4064,c2c4 d7d5 d2d3 e7e5 c4d5 g8f6 e2e3 c8g4 e1d2 h8g8 g1f3 g4d7
4065,e2e3 g8f6 b2b4 f6g4 g2g3 d7d5 g1f3 g7g6 h2h4 h8g8 d2d3 b7b6
4066,b2b4 b8c6 g2g4 b7b5 f2f3 f7f6 f1g2 c8a6 g4g5 a8b8 h2h4 c6e5
4067,d2d4 b7b6 c2c4 c8a6 e2e3 a6c4 f1c4 g7g6 d4d5 g8f6 g2g4 d7d6
4068,g1h3 d7d5 d2d4 g8h6 h1g1 f7f6 h3f4 g7g6 g2g3 c8d7 c1d2 h6g4
4069,e2e3 a7a6 h2h3 f7f6 g2g4 b7b5 d2d3 c7c5 f2f3 b5b4 d1d2 e7e6
4070,h2h3 d7d6 e2e3 h7h6 e1e2 a7a5 a2a4 e7e5 g2g4 e8e7 d2d4 c8e6
4071,e2e4 g8h6 g1e2 a7a5 b1a3 c7c5 f2f4 b7b5 g2g4 f7f6 d2d4 b8c6
4072,d2d3 e7e6 h2h4 e8e7 h1h3 a7a6 h4h5 d7d6 c1e3 a6a5 a2a3 g7g6
4073,c2c4 b7b5 f2f4 f7f6 e2e3 e7e6 d2d4 g7g5 g1f3 g5g4 b1a3 e8e7
4074,f2f4 b7b6 g2g3 b8a6 e2e3 g8f6 f4f5 e7e6 b1a3 f8a3 f1a6 f6e4
4075,h2h3 g8h6 d2d3 b7b5 c1h6 a7a5 c2c3 c7c5 h3h4 d7d5 e2e4 g7g6
4076,c2c4 b7b5 d1b3 f7f6 f2f3 e7e6 b1a3 b5c4 b3b7 c8b7 a1b1 c4c3
4077,e2e3 a7a6 f1d3 a6a5 b2b4 b7b5 e1e2 f7f6 d3f5 c7c5 g1f3 d7d5
4078,h2h4 g7g5 a2a4 b7b5 d2d4 b5a4 d4d5 f7f6 f2f3 d7d6 c1g5 f8g7
4079,e2e3 g8h6 c2c4 g7g6 a2a3 b7b6 a3a4 a7a5 d2d4 b6b5 a4b5 d7d6
4080,d2d3 d7d5 h2h4 f7f6 g2g3 d5d4 b2b4 a7a5 e2e3 e8d7 e1e2 a5b4
4081,d2d4 e7e6 f2f3 b7b6 e2e3 g7g6 g1e2 h7h5 e1d2 g8e7 a2a4 h8g8
4082,e2e3 a7a6 h2h3 f7f5 f1a6 b7a6 e1e2 e8f7 b1c3 c7c5 g1f3 h7h5
4083,d2d4 d7d5 h2h4 g7g6 f2f4 e8d7 e1f2 c7c5 c2c4 g8f6 g2g4 h8g8
4084,g2g3 d7d6 b2b4 h7h5 b1a3 e8d7 d2d4 a7a5 f1h3 d7e8 h3f1 e7e6
4085,e2e4 g8h6 g1e2 b7b5 h2h4 c7c5 h1g1 f7f5 d2d3 c8a6 e4f5 h6g4
4086,d2d3 e7e6 a2a4 b7b5 h2h3 f7f6 c1d2 g7g6 a1a2 b8c6 a2a3 h7h6
4087,b2b3 a7a5 a2a4 b7b5 d2d3 d7d6 h2h4 e7e6 c1e3 h7h5 g2g4 g8f6
4088,d2d3 a7a5 a2a4 b8c6 h2h3 f7f5 d1d2 h7h5 b2b4 c6b4 g2g3 b4c2
4089,b1c3 h7h6 e2e3 e7e5 b2b4 e8e7 e3e4 h6h5 f2f3 c7c6 c1a3 g8f6
4090,g1h3 c7c5 d2d4 d7d6 c2c4 c8g4 g2g3 a7a5 f2f4 g4e2 d1e2 a8a6
4091,h2h3 d7d6 d2d4 a7a5 a2a4 b7b5 c1d2 h7h6 a1a3 a8a7 d2e3 f7f6
4092,h2h4 f7f6 g2g3 g7g5 d2d3 e7e5 h4g5 h7h6 f2f4 d7d6 a2a4 e5e4
4093,b2b4 b8a6 g2g4 b7b6 c2c4 b6b5 d1b3 b5c4 b3d3 c4d3 g4g5 a6b4
4094,f2f3 g8f6 b2b4 c7c6 g2g3 e7e5 e2e3 h7h6 b1c3 h8g8 e1e2 e8e7
4095,h2h3 c7c6 e2e3 e7e6 h1h2 e8e7 a2a4 b7b6 e1e2 g8f6 g2g3 a7a6
4096,h2h3 c7c6 b2b4 d8b6 e2e3 b6e3 d2e3 e7e5 g2g3 h7h6 e1e2 e8e7
4097,g1h3 g8h6 b2b3 d7d5 c1a3 b7b5 d2d3 c7c5 f2f3 c8a6 b3b4 h6f5
4098,g1h3 h7h5 f2f3 f7f6 e2e4 b7b5 h3g5 f6f5 a2a3 c7c5 f1b5 f5e4
4099,h2h4 d7d6 f2f4 c7c5 a2a4 c5c4 b1c3 a7a6 e2e3 f7f6 g1f3 d8c7
4100,h2h3 h7h5 e2e3 d7d5 e1e2 c8e6 g2g4 h8h6 f2f4 b7b6 e2f3 d5d4
4101,g2g3 d7d6 c2c4 f7f5 f2f4 h7h6 h2h3 c7c5 e2e4 f5e4 d2d3 h6h5
4102,h2h4 f7f6 h4h5 e7e5 g2g3 f8c5 b2b4 b8a6 h1h2 c5f2 h2f2 d7d6
4103,h2h3 d7d6 e2e3 h7h6 c2c3 a7a5 g2g4 e8d7 f1b5 d7e6 f2f4 e6f6
4104,b1c3 h7h6 f2f4 d7d6 a2a4 c7c6 h2h4 d8d7 c3d5 g7g5 e2e4 g5f4
4105,d2d4 d7d5 f2f3 f7f5 h2h4 e7e6 h1h2 e8f7 c2c3 e6e5 c1d2 a7a6
4106,e2e4 f7f6 a2a4 f6f5 e4f5 a7a6 g1f3 e7e5 a4a5 f8e7 d2d4 h7h6
4107,c2c4 d7d5 d2d4 g8f6 g2g3 a7a5 f2f4 e7e5 c4d5 f8c5 e1d2 a8a7
4108,b2b3 d7d6 e2e3 d6d5 c1b2 h7h5 b2e5 c8e6 d2d3 h8h6 e3e4 b8c6
4109,h2h3 g8f6 d2d3 d7d6 a2a4 a7a5 b2b4 h8g8 e2e3 g7g6 b4a5 e7e5
4110,h2h3 g8f6 a2a4 c7c6 c2c4 e7e5 a1a3 b8a6 a3a2 c6c5 b1c3 f8d6
4111,h2h4 c7c5 g2g4 a7a5 a2a3 a8a6 f2f4 d8b6 e2e4 f7f6 e1f2 e7e5
4112,g1h3 d7d6 d2d4 a7a5 a2a4 h7h6 c2c4 d8d7 d4d5 e7e6 c4c5 d6c5
4113,b2b3 a7a5 f2f4 e7e5 g2g3 d7d6 f4f5 f8e7 b1c3 e7g5 e2e3 e5e4
4114,h2h3 d7d5 e2e3 c8e6 g2g4 h7h6 g1f3 g7g6 e3e4 e8d7 a2a4 e6g4
4115,b2b3 a7a5 g2g3 b7b5 f2f4 e7e6 c2c3 a5a4 e1f2 c7c5 h2h4 e6e5
4116,h2h3 g8f6 e2e4 d7d5 g2g4 d5e4 a2a4 c7c6 c2c4 c6c5 g1f3 d8c7
4117,a2a4 f7f5 f2f4 h7h5 a4a5 b7b5 e2e3 g8h6 e1e2 c7c6 c2c4 c8a6
4118,b2b4 g7g6 a2a4 f7f6 e2e3 b7b5 f1b5 g8h6 d2d4 c7c6 g2g3 e7e5
4119,a2a4 h7h6 c2c4 a7a5 d2d3 d7d6 h2h4 f7f6 g1h3 e8d7 d3d4 h8h7
4120,a2a4 f7f5 d2d4 e7e5 f2f4 e5f4 g2g3 a7a5 e2e3 h7h5 b1c3 g7g5
4121,h2h3 d7d6 e2e3 h7h6 c2c3 a7a5 d2d4 d8d7 d1f3 g7g6 c1d2 c7c5
4122,b2b3 g7g6 d2d4 d7d5 c1a3 b7b5 f2f3 h7h5 b1d2 g8h6 b3b4 c8d7
4123,h2h3 d7d6 a2a4 h7h5 d2d3 a7a5 e1d2 c8e6 a1a2 b8d7 f2f3 a8a6
4124,c2c3 c7c5 d2d4 e7e6 c3c4 c5d4 g1f3 f8b4 f3d2 f7f6 c4c5 b4a3
4125,h2h4 g7g6 a2a3 b7b6 f2f4 g6g5 e1f2 f7f6 d2d3 b8c6 g2g4 a7a5
4126,d2d4 e7e6 g1h3 c7c5 e1d2 c5d4 b1c3 d7d5 g2g3 f8a3 b2b4 a7a5
4127,h2h3 d7d6 e2e3 h7h6 g2g3 a7a5 b1c3 f7f6 b2b4 e8d7 e1e2 b8c6
4128,h2h3 e7e5 g2g4 e5e4 e2e3 g7g5 e1e2 h7h5 d2d4 g8h6 d1e1 h5h4
4129,e2e3 g8f6 h2h4 d7d5 g2g4 e7e5 d2d4 e8d7 e1e2 e5d4 e3e4 f6e4
4130,g2g3 d7d6 b2b4 h7h5 e2e3 h8h6 d2d4 f7f5 h2h4 c7c5 f1a6 d8c7
4131,a2a4 f7f6 g1f3 a7a6 e2e3 f6f5 f1b5 a8a7 d2d4 c7c6 c2c3 g7g5
4132,a2a4 b7b5 h2h3 a7a5 b2b4 a5b4 e2e4 a8a4 a1a2 d7d6 g2g4 c8a6
4133,h2h3 h7h6 d2d3 g7g5 h3h4 f7f6 g2g4 b8a6 f1h3 c7c6 h1h2 a8b8
4134,a2a3 f7f6 d2d3 b7b5 f2f3 e7e6 e1d2 f8d6 b1c3 e8e7 g2g3 g7g6
4135,g1h3 d7d5 d2d4 g8f6 g2g3 g7g5 d1d3 f8g7 e1d2 b8a6 h3g1 h8f8
4136,h2h3 h7h5 e2e3 d7d5 e1e2 b8c6 b1c3 h8h6 c3e4 c6a5 h1h2 c8e6
4137,h2h3 b8a6 g2g4 b7b5 c2c4 a6b8 d1b3 f7f6 f2f3 a7a5 b1c3 b5c4
4138,g2g3 d7d6 g3g4 b7b5 c2c3 c8g4 h2h4 g8h6 e2e3 g7g6 f2f4 c7c5
4139,h2h3 g8f6 e2e3 a7a6 g2g4 g7g5 e1e2 e7e5 a2a3 f6h5 h3h4 g5h4
4140,h2h4 c7c5 d2d4 g7g6 g1h3 b7b5 h1h2 b8c6 c1h6 g8h6 g2g3 c6d4
4141,b2b3 c7c5 e2e4 b7b5 d2d4 g8h6 f1b5 g7g5 b5a4 a7a5 g2g3 e7e6
4142,h2h4 b8a6 e2e4 a6c5 e4e5 f7f6 h1h3 d7d6 d2d3 d6e5 c1h6 d8d3
4143,g2g4 b7b5 f1g2 c8a6 b2b3 g8f6 c2c4 e7e5 g4g5 e5e4 c4c5 b8c6
4144,h2h4 g7g6 g2g3 g6g5 d2d4 b7b5 c1g5 f7f6 b2b3 c8a6 a2a4 e7e5
4145,h2h3 d7d6 a2a4 a7a5 d2d3 g8f6 g1f3 f6d5 h1h2 d5f6 b1d2 g7g6
4146,h2h3 d7d6 a2a4 a7a5 g1f3 h7h5 e2e3 f7f5 e1e2 c7c5 b2b4 d8c7
4147,b2b3 d7d5 c1a3 a7a6 g2g3 b7b5 f2f3 g7g6 b3b4 h7h5 d2d3 e7e6
4148,a2a4 e7e5 g1h3 c7c6 a1a2 e8e7 g2g3 d7d5 g3g4 f7f5 h1g1 a7a6
4149,c2c4 d7d5 f2f4 b8c6 h2h4 a7a5 a2a4 e7e5 c4d5 g8f6 d2d3 g7g6
4150,e2e3 a7a6 f1b5 g8f6 a2a4 a8a7 g2g4 f6d5 f2f4 f7f5 g4f5 e7e5
4151,e2e4 d7d5 e1e2 b8c6 b1a3 a8b8 g2g4 c6b4 d2d4 g7g6 h2h4 a7a5
4152,a2a3 f7f5 e2e3 a7a6 f1a6 f5f4 h2h3 e7e5 h1h2 g8f6 g1f3 h8g8
4153,b1c3 h7h6 a1b1 b8a6 d2d4 g7g6 g1f3 g6g5 c3a4 b7b5 a2a3 e7e6
4154,g2g3 d7d6 a2a4 a7a5 g1f3 f7f5 d2d3 h7h5 h2h4 e7e5 f3g5 c7c6
4155,e2e3 a7a6 f1d3 g8f6 b1c3 f6g4 e1e2 h7h6 g2g3 b7b6 g1f3 g7g6
4156,h2h3 b7b6 d2d3 e7e6 g2g4 f7f5 b1d2 c7c6 h3h4 f5g4 h1h2 d7d5
4157,d2d3 f7f5 d1d2 g7g5 g2g4 e7e5 e2e4 c7c6 e4f5 h7h5 g1e2 e5e4
4158,h2h4 a7a6 f2f4 e7e6 f4f5 d7d6 c2c3 g8e7 g2g4 h7h5 e2e4 g7g6
4159,h2h3 d7d6 d2d3 g8f6 a2a4 c7c6 g1f3 c8g4 b1a3 b8a6 g2g3 b7b6
4160,e2e4 g7g6 e4e5 b8c6 g2g3 e7e6 c2c4 d8e7 g3g4 h7h6 b2b4 e8d8
4161,g2g4 b8c6 c2c3 b7b5 b2b3 c8a6 h2h4 d8b8 f2f4 g8f6 d2d4 c6d4
4162,h2h4 e7e6 d2d4 e8e7 e2e4 g7g6 e1e2 h7h5 c1g5 f7f6 g2g3 c7c5
4163,g2g4 h7h6 a2a3 b8a6 d2d3 e7e6 h2h3 f8a3 d1d2 a3b4 d2b4 c7c6
4164,e2e3 b7b5 a2a3 e7e6 f1b5 c7c5 e3e4 c8b7 e1e2 f7f5 c2c3 g7g6
4165,e2e3 a7a6 f1a6 b7a6 d2d4 a6a5 g1f3 g7g5 b2b3 e7e6 c2c4 b8a6
4166,d2d4 e7e6 f2f4 e8e7 e1f2 f7f5 e2e4 a7a5 h2h4 b8a6 f1a6 b7a6
4167,h2h4 b8c6 f2f3 b7b6 b1a3 c6e5 e2e4 e5f3 d1f3 c8a6 g2g4 e7e5
4168,a2a4 a7a6 b1c3 d7d6 d2d4 b7b5 c3b5 a6b5 a1b1 h7h6 h2h3 c7c5
4169,d2d3 d7d5 e2e4 g7g6 h2h3 h7h6 e4d5 c7c5 d5c6 f7f6 g2g3 g6g5
4170,h2h4 a7a6 g2g3 d7d6 b2b4 e7e5 d2d3 e8e7 b1c3 e5e4 h4h5 d8d7
4171,h2h3 g7g6 e2e4 d7d5 g2g3 f8h6 g1e2 b8d7 a2a4 d5e4 d2d4 e4d3
4172,g1h3 d7d5 d2d4 h7h5 e1d2 b8c6 f2f3 g7g6 e2e3 h8h6 g2g4 h6h7
4173,h2h4 c7c6 d2d4 g7g5 g2g3 e7e6 e1d2 f7f6 f2f3 d7d5 e2e4 e8f7
4174,g2g3 g7g5 d2d4 e7e6 h2h3 h7h6 f2f4 f7f6 f1g2 f8b4 b1c3 b4a3
4175,b2b4 b8c6 h2h4 g7g5 c1a3 b7b5 h1h2 c6b4 g2g3 b4c2 d1c2 f7f6
4176,e2e3 b7b5 a2a3 e7e6 b1c3 c7c5 e1e2 f7f5 g1f3 g7g5 b2b3 f8d6
4177,b2b4 h7h6 a2a4 e7e5 g1f3 e8e7 a1a2 a7a5 f3d4 g8f6 h1g1 d7d5
4178,g2g3 d7d6 g3g4 h7h5 f1g2 g7g5 e2e4 g8f6 c2c3 e7e5 h2h4 c8g4
4179,h2h3 b7b5 c2c3 g8f6 e2e4 c7c6 e1e2 e7e5 h3h4 c6c5 d2d3 d7d5
4180,h2h3 c7c5 d2d4 e7e6 g1f3 d8e7 a2a4 b7b5 a1a2 f7f5 a4b5 c8b7
4181,e2e3 e7e6 c2c4 b7b5 d2d4 h7h5 h2h4 e8e7 h1h2 c7c5 f2f3 g8h6
4182,e2e4 b8a6 g1f3 a8b8 f3d4 b7b5 g2g3 c7c5 d4f3 a6c7 b1a3 f7f6
4183,e2e3 f7f5 g2g4 c7c5 f2f3 e7e6 a2a3 b7b6 d2d4 f5g4 a1a2 c5d4
4184,e2e3 b7b5 d1e2 g7g5 c2c4 b5c4 g1f3 d7d6 d2d4 h7h6 e2d2 e7e6
4185,h2h3 d7d5 e2e3 h7h6 c2c4 g7g5 a2a3 e7e5 a1a2 b8a6 d1b3 g8e7
4186,a2a3 g8h6 d2d3 d7d5 h2h4 c7c5 e2e4 a7a5 d3d4 c8g4 f2f4 c5d4
4187,b2b3 a7a5 b1c3 c7c5 a2a4 d7d6 b3b4 c5b4 c3b5 d8c7 b5d6 e7d6
4188,h2h3 d7d6 a2a4 a7a5 b2b4 h7h5 g1f3 b7b5 a1a2 a5b4 c1b2 b8d7
4189,a2a4 f7f5 b2b3 c7c6 d2d4 d7d6 a1a2 b7b6 e2e3 b8a6 d1d2 b6b5
4190,h2h4 a7a6 f2f3 e7e5 a2a3 f8a3 c2c3 g8e7 h1h3 b7b6 f3f4 e7f5
4191,f2f4 b8c6 b1c3 e7e5 c3a4 b7b6 g2g3 e5e4 h2h4 h7h6 d2d4 e4d3
4192,e2e3 d7d5 d2d4 f7f5 e1e2 e7e6 b2b4 c7c6 g2g3 g7g5 h2h4 h7h5
4193,a2a3 f7f6 d2d3 b8c6 b1d2 a7a5 f2f4 b7b6 g1h3 f6f5 a1a2 g7g6
4194,g1h3 a7a6 g2g3 d7d6 b2b4 f7f5 h3f4 g7g5 h2h4 e7e5 g3g4 e8d7
4195,f2f3 b7b6 b2b3 d7d6 e2e3 c8a6 b3b4 e8d7 f3f4 h7h6 f4f5 c7c6
4196,a2a4 f7f5 b1c3 b8a6 d2d4 a6b4 b2b3 b4c2 d1c2 e7e6 h2h4 e8e7
4197,b2b4 h7h5 d2d3 d7d6 e2e3 f7f6 c2c4 e8d7 d3d4 a7a5 c1a3 b8c6
4198,h2h4 d7d6 g2g4 e8d7 a2a4 e7e5 g1h3 c7c6 h4h5 h7h6 d2d3 g7g5
4199,b2b4 f7f6 e2e3 g8h6 g1f3 g7g6 g2g4 a7a5 e1e2 a8a6 b1c3 c7c5
4200,d2d3 a7a5 d3d4 d7d6 c2c4 f7f5 e2e3 d6d5 h2h3 g8f6 g1f3 e7e5
4201,h2h3 h7h5 c2c3 g8h6 f2f4 e7e6 h3h4 e8e7 g2g4 e7d6 f1g2 b8c6
4202,c2c3 e7e6 g1f3 a7a6 d2d4 e8e7 e2e3 g7g5 d1d2 c7c5 e1e2 a6a5
4203,e2e3 b7b5 e1e2 b5b4 b2b3 g7g5 g2g4 g8h6 f1g2 h8g8 d1e1 h6f5
4204,b1c3 c7c6 g1f3 d7d6 h1g1 c6c5 g2g3 f7f5 d2d4 c5c4 c3d5 a7a6
4205,b1c3 b8c6 b2b3 g7g6 c1b2 h7h5 e2e3 c6d4 g2g3 d4c2 e1e2 h5h4
4206,d2d4 f7f5 h2h4 e8f7 f2f4 g7g6 g2g3 h7h5 e2e3 e7e6 b2b4 d7d5
4207,e2e3 f7f5 e1e2 e7e6 f2f3 b8a6 d2d4 e8e7 f3f4 b7b5 a2a3 g8h6
4208,d2d4 f7f5 h2h4 h7h5 f2f3 g8h6 b1c3 a7a6 c3d5 c7c5 b2b4 e7e6
4209,e2e3 a7a6 c2c4 e7e5 b2b4 e8e7 c1a3 g7g5 f2f4 e5f4 g2g4 b7b5
4210,b1c3 d7d5 g1f3 e7e5 d2d4 h7h5 d1d3 b7b6 f3e5 c8g4 a1b1 g4e2
4211,h2h4 f7f6 g2g4 a7a6 d2d3 a8a7 e2e3 g8h6 b2b4 c7c5 f1g2 d8a5
4212,g2g3 d7d6 b2b4 h7h5 e2e3 g7g6 d2d3 b7b6 h2h4 e7e6 e1e2 e8d7
4213,h2h4 c7c5 g2g3 d7d6 b2b4 e7e5 c2c3 d6d5 h1h2 d8b6 g3g4 e8d8
4214,g2g4 e7e5 c2c4 h7h6 e2e4 d7d5 b2b4 g8f6 a2a3 d8d7 e1e2 e8e7
4215,b1a3 h7h6 h2h3 a7a5 f2f4 b8c6 c2c3 g7g6 h1h2 d7d5 e2e3 g8f6
4216,e2e4 d7d5 d2d3 e7e5 e1e2 h7h5 c1g5 g7g6 d3d4 e8d7 h2h3 b8c6
4217,e2e4 h7h6 a2a4 a7a5 c2c4 h8h7 a1a2 g7g5 g1h3 d7d6 d1b3 c8g4
4218,b2b3 h7h5 f2f3 g7g6 a2a4 d7d6 e2e4 b7b6 f1d3 b8d7 e1e2 a8b8
4219,e2e3 a7a6 g2g3 b7b5 h2h3 e7e6 e3e4 c7c5 g1f3 f7f6 e1e2 e8e7
4220,h2h3 d7d6 e2e3 h7h6 e1e2 c7c5 b2b4 c8d7 g1f3 d6d5 d2d4 e7e6
4221,e2e4 d7d5 e1e2 g7g6 a2a3 b8c6 a3a4 c8d7 a4a5 h7h6 e4e5 f8g7
4222,h2h4 f7f6 g2g3 e7e5 b2b4 g8h6 g1h3 c7c6 f1g2 h6f7 e1f1 e8e7
4223,g2g3 g7g5 b2b4 f7f6 g3g4 b7b5 f2f3 b8c6 h2h4 e7e5 c1a3 f8d6
4224,h2h4 c7c5 d2d4 f7f6 b2b3 a7a5 g2g3 a8a7 d4d5 d8b6 g1h3 b6b5
4225,h2h4 b8c6 g1h3 b7b6 d2d3 c8a6 c1g5 c6b4 d3d4 a6e2 a2a4 b4c6
4226,g1h3 b8c6 d2d4 g8f6 b2b3 a8b8 g2g3 c6d4 c1g5 f6g8 f2f4 g8h6
4227,d2d4 d7d6 e2e4 h7h6 c2c4 h8h7 g1f3 g8f6 e4e5 g7g6 e5d6 b7b5
4228,g2g3 d7d6 b2b3 d8d7 d2d4 a7a5 c1g5 c7c5 c2c4 h7h6 g5e7 g7g5
4229,a2a3 e7e5 h2h4 f8d6 g1h3 g8e7 d2d3 g7g5 c1g5 b7b5 g2g3 b8c6
4230,h2h4 c7c5 g2g3 d7d6 d2d3 g7g5 c1g5 e7e5 e1d2 c5c4 b1c3 d8d7
4231,h2h3 a7a6 e2e3 f7f5 f1d3 e7e5 b1c3 g7g5 d3f5 d7d5 g2g3 d8d7
4232,d2d4 h7h6 g1h3 b8a6 h3f4 g7g5 b2b3 a8b8 c1a3 e7e6 f4h3 g5g4
4233,e2e4 h7h6 b2b4 b7b5 a2a4 g7g6 h2h4 h8h7 f1e2 a7a6 h1h3 d7d6
4234,g2g4 b7b6 c2c4 c8a6 a2a4 a6c4 f2f4 c4e6 g1h3 c7c6 d2d4 e6b3
4235,b1c3 d7d6 a2a4 h7h6 f2f4 c8e6 h2h3 g7g6 c3d5 e6g4 a1a2 b7b6
4236,b1c3 b8c6 c3a4 c6b4 c2c4 b4c2 d1c2 e7e5 f2f4 h7h6 b2b4 a7a5
4237,g2g3 d7d6 b2b4 e8d7 g1h3 b7b6 d2d4 c7c5 b4c5 h7h6 h3f4 g8f6
4238,h2h4 c7c5 d2d4 g7g6 e2e4 b7b5 e1e2 f7f5 e4e5 d7d6 g1f3 f5f4
4239,h2h3 a7a6 g1f3 h7h5 f3d4 b7b5 g2g4 f7f5 g4h5 h8h5 d2d3 e7e6
4240,d2d4 h7h6 e1d2 e7e6 h2h4 e8e7 f2f4 f7f5 c2c4 c7c5 b1a3 b7b5
4241,e2e3 b7b5 e1e2 b5b4 b2b3 g7g5 f2f4 e7e5 a2a3 f7f6 f4e5 f6e5
4242,h2h3 b8c6 g2g4 a8b8 b2b4 c6e5 b4b5 g7g6 c2c3 g8f6 f2f4 e5g4
4243,h2h3 h7h6 b2b4 d7d6 e2e3 e8d7 a2a4 b8c6 d2d4 a7a5 h3h4 e7e5
4244,d2d4 e7e6 e2e4 d7d5 f2f4 f7f5 h2h4 a7a5 e1f2 d5e4 g2g3 e4e3
4245,h2h3 h7h5 e2e3 d7d5 g2g4 g8f6 f1e2 h8g8 e2b5 c8d7 b5d7 d8d7
4246,e2e3 c7c5 a2a4 b7b5 a1a3 h7h5 a4a5 h8h7 f1b5 f7f6 a3c3 h5h4
4247,h2h3 h7h5 e2e3 e7e5 g2g4 g7g5 e1e2 g8h6 a2a3 h5g4 h3g4 h8g8
4248,g2g4 b8c6 f2f3 f7f6 d2d3 e7e6 c1d2 f8a3 e2e4 b7b5 d1e2 c8a6
4249,b2b4 f7f6 g2g3 e7e5 e2e3 g7g5 c1b2 h7h6 c2c4 d8e7 g1h3 e8d8
4250,d2d4 h7h6 h2h4 g7g5 h1h2 h8h7 h4g5 d7d6 c1d2 f7f5 g5f6 e7e5
4251,h2h4 b8a6 g2g3 b7b5 h1h2 a6b4 b1c3 f7f5 g1f3 d7d6 e2e4 b4d3
4252,h2h3 h7h6 c2c3 g7g5 h1h2 c7c6 e2e4 e7e6 e1e2 g8e7 h2h1 e7g8
4253,d2d4 f7f6 f2f4 b8c6 b2b3 c6b4 e2e3 a8b8 c2c3 b4d3 f1d3 a7a5
4254,e2e3 d7d5 d2d4 b8c6 h2h4 e8d7 f2f4 f7f6 e1e2 g7g6 c2c3 e7e6
4255,h2h4 f7f6 g2g3 g7g5 d2d3 c7c5 c1g5 f6g5 b2b3 e7e5 e1d2 a7a5
4256,b2b4 h7h6 g2g3 e7e5 c2c4 c7c6 f2f4 e8e7 g1f3 d8a5 f3e5 f7f6
4257,d2d4 e7e6 e2e4 d7d5 h2h4 g7g6 e1e2 f8a3 g2g4 f7f5 f2f4 b7b5
4258,b2b3 g7g6 c1a3 g8f6 e2e4 b7b5 g2g4 c8a6 a3c5 h7h5 d2d3 h8g8
4259,h2h3 h7h5 h1h2 f7f6 c2c3 d7d5 b2b3 g7g6 b1a3 b7b6 d2d3 f6f5
4260,g2g3 f7f5 h2h4 b8a6 b2b4 e7e6 e2e3 f8b4 f1a6 f5f4 g3f4 b4f8
4261,c2c4 d7d5 g2g3 e7e5 b2b4 e8e7 f2f4 h7h5 f4f5 e5e4 b1c3 c8f5
4262,f2f4 b7b5 b2b3 h7h5 c2c3 d7d6 h2h4 g7g6 e2e3 c7c5 g1e2 h8h7
4263,e2e3 a7a6 c2c4 g8f6 g2g4 h8g8 b2b3 g7g5 e1e2 f6h5 f2f4 c7c6
4264,g1h3 d7d5 d2d4 h7h5 g2g3 g7g6 h3f4 c8h3 c1d2 h3g2 h1g1 e7e6
4265,e2e3 e7e6 b2b4 b7b5 f2f3 c7c5 c1a3 a7a6 e1e2 a6a5 g1h3 g8h6
4266,h2h3 d7d6 a2a4 g8f6 d2d4 d6d5 g2g4 e7e5 e2e3 h8g8 d4e5 c8g4
4267,b1c3 g8h6 g1f3 e7e6 d2d4 c7c5 a1b1 f8d6 c3d5 d8h4 b1a1 a7a5
4268,a2a3 b7b5 g2g3 e7e6 g1f3 c7c6 b2b4 g7g5 h2h4 d7d5 a1a2 d8e7
4269,b1a3 a7a5 f2f4 b7b6 h2h4 a5a4 d2d3 c7c5 c2c3 e7e6 a3c2 f8d6
4270,b1c3 b7b6 b2b3 g7g6 g2g3 b6b5 e2e4 c7c5 e1e2 d7d5 b3b4 c8d7
4271,g2g4 a7a5 f2f4 e7e5 e2e3 h7h6 e3e4 g8f6 b1a3 f6e4 f1c4 f7f6
4272,b2b3 d7d6 c2c4 a7a6 b3b4 f7f6 g2g3 e8d7 g3g4 g7g5 d1a4 b8c6
4273,a2a4 a7a6 d2d3 d7d5 h2h4 a8a7 c2c4 f7f6 e2e3 d8d6 f2f4 a6a5
4274,d2d3 e7e6 b1c3 c7c6 b2b4 f7f6 g2g3 d8c7 h2h3 c7g3 c1a3 e8d8
4275,b2b3 a7a5 b1c3 c7c5 a2a4 a8a6 g2g3 a6c6 h2h3 e7e6 g3g4 b7b6
4276,h2h3 h7h5 e2e3 d7d5 b1c3 e7e5 e1e2 b7b6 g2g3 e8e7 f2f4 f7f6
4277,d2d3 a7a6 a2a3 d7d6 h2h3 d8d7 e2e3 g8f6 f2f3 a8a7 c1d2 d7b5
4278,h2h4 g8h6 b2b4 g7g6 g1f3 h8g8 f3d4 h6f5 g2g3 c7c5 d4f5 b7b5
4279,h2h3 a7a6 g1f3 f7f5 d2d3 a8a7 d1d2 h7h6 a2a3 c7c5 g2g4 b7b5
4280,b2b3 c7c5 f2f3 d7d6 c2c4 h7h6 b3b4 f7f6 g2g3 h8h7 d2d4 b8c6
4281,d2d4 f7f5 h2h4 h7h5 d1d2 d7d5 e1d1 e7e6 e2e3 g7g5 g2g4 f8g7
4282,a2a4 f7f6 d2d3 f6f5 f2f4 d7d6 d3d4 h7h5 d4d5 b7b5 g2g4 c8a6
4283,h2h3 h7h5 e2e3 d7d5 e1e2 e7e5 f2f4 b7b5 b2b4 f7f5 b1c3 g7g5
4284,c2c4 d7d5 f2f4 e7e5 g2g3 e5f4 b2b4 c8d7 h2h4 a7a5 c4d5 f4g3
4285,h2h4 f7f6 g2g3 c7c6 b2b4 e7e5 f1g2 e8e7 e1f1 d8a5 b4a5 b7b6
4286,b2b3 a7a5 b1c3 c7c5 c3d5 g7g6 f2f4 g6g5 h2h4 h7h6 h4g5 h6g5
4287,h2h3 g8f6 e2e3 a7a6 c2c3 e7e5 e1e2 g7g6 b2b3 a6a5 g1f3 h8g8
4288,g2g3 f7f5 h2h4 g8h6 b2b4 e7e5 b4b5 g7g6 d2d4 c7c5 e2e4 f8e7
4289,b2b3 a7a5 b1c3 c7c5 a2a4 d7d6 b3b4 c5b4 h2h4 d8d7 e2e4 f7f5
4290,h2h4 e7e6 d2d4 d7d5 g1h3 f8a3 g2g3 e8e7 h1g1 b7b5 c1d2 d8e8
4291,f2f4 b7b5 c2c4 f7f6 e2e3 g7g5 f4f5 e7e5 d1c2 c7c5 e3e4 b5c4
4292,d2d3 a7a6 f2f4 e7e6 a2a3 f8a3 b2b4 e8e7 e1f2 f7f5 e2e3 a3b4
4293,g2g3 d7d6 b2b4 a7a5 f2f3 e8d7 e1f2 b8c6 h2h4 a8a7 b4b5 c6e5
4294,b1c3 e7e6 d2d4 e8e7 h2h3 c7c6 a1b1 f7f5 c1g5 e7e8 h1h2 h7h5
4295,g2g3 d7d6 b2b4 e8d7 e2e3 b8c6 e1e2 h7h6 d2d4 b7b5 b1c3 c6d4
4296,b2b3 a7a5 b1c3 f7f6 c1a3 b8a6 g2g3 g7g5 f1g2 b7b6 g2c6 e7e6
4297,g2g3 d7d6 c2c4 f7f5 b2b4 h7h6 b1c3 c7c5 c3d5 a7a5 h2h3 c8d7
4298,g2g3 d7d6 b2b4 h7h6 g1f3 g7g6 e2e3 e7e6 f3d4 e8d7 e1e2 f7f5
4299,g2g3 d7d6 b2b4 h7h6 e2e3 e8d7 d2d4 b8c6 f1a6 b7a6 h2h3 c6d4
4300,g2g4 b7b5 b1c3 d7d5 b2b4 c8a6 f2f3 e7e6 f1h3 e8e7 c3d5 e6d5
4301,g2g3 f7f5 h2h3 c7c6 d2d3 e7e5 b2b4 d8c7 b1c3 g7g5 d1d2 h7h5
4302,h2h4 b8c6 h4h5 c6b4 f2f4 b7b5 c2c4 f7f5 d1b3 b4c2 b3c2 g8h6
4303,h2h4 d7d6 b2b4 g7g5 h4g5 h7h5 e2e3 a7a5 g2g3 e8d7 e1e2 b7b5
4304,h2h4 c7c5 g2g4 g7g5 h4g5 f7f5 g5g6 d8b6 e2e3 f5g4 f2f4 b8a6
4305,h2h4 c7c5 b2b3 d8c7 c1a3 d7d5 g2g4 g8h6 h4h5 g7g6 a3c5 b7b5
4306,c2c3 g8f6 d2d4 d7d5 g2g4 b8c6 e2e3 c8f5 c1d2 f6h5 g4f5 b7b5
4307,g2g3 d7d6 b2b4 h7h6 e2e3 c8g4 h2h3 e8d7 d2d4 b7b6 f1a6 d8e8
4308,g2g4 h7h6 b1c3 f7f6 b2b3 e7e5 c3b5 g8e7 g4g5 f6g5 c1a3 g7g6
4309,g2g3 g8f6 b2b4 g7g6 e2e3 e7e5 g1e2 h8g8 e2d4 b8c6 f1a6 f6h5
4310,g2g3 a7a6 g1f3 f7f5 b1c3 h7h5 f3e5 d7d6 a2a4 g7g6 e5f3 b8d7
4311,g2g3 d7d6 b2b4 e8d7 d2d4 b7b6 h2h4 f7f6 e2e3 h7h5 e1e2 b6b5
4312,h2h4 f7f6 g2g3 e7e5 d2d3 f8b4 b1c3 b4c3 b2c3 g7g5 h1h2 b8a6
4313,h2h4 b8c6 g2g4 b7b5 b2b4 c6b4 h1h3 b4c2 d1c2 a8b8 e1d1 b5b4
4314,e2e4 d7d5 e4d5 g8f6 g1f3 f6g4 h2h4 g4f2 d2d3 f2e4 e1e2 d8d5
4315,b1c3 f7f6 g1f3 b7b5 a2a4 h7h5 e2e3 f6f5 e1e2 c7c6 c3d5 g7g5
4316,g2g3 d7d6 b2b4 g7g6 e2e3 h7h5 d2d4 b7b5 e1e2 c8g4 g1f3 h8h6
4317,h2h4 e7e5 b2b4 a7a5 f2f4 d7d5 b4a5 b7b5 d2d4 e5f4 a2a4 b5a4
4318,c2c4 a7a5 d1b3 e7e5 f2f4 d7d5 g2g3 c7c5 e1f2 c8d7 b1a3 g7g5
4319,b2b3 a7a5 c1a3 c7c5 a3c5 d7d6 g1f3 d6c5 h1g1 c8d7 e2e4 a8a7
4320,h2h3 g7g6 e2e4 d7d5 e4e5 c8h3 a2a4 f8g7 a4a5 d5d4 e1e2 h3g4
4321,e2e3 a7a6 f1d3 a6a5 a2a4 g7g6 d3b5 g8f6 h2h4 h8g8 e1e2 e7e5
4322,e2e3 d7d5 d2d3 e7e5 f2f3 c7c5 d3d4 e5e4 f3e4 c8g4 h2h3 e8e7
4323,g2g4 b7b6 h2h4 g8h6 b2b4 h6g4 a2a4 g7g6 d2d4 h7h5 e2e3 e7e5
4324,h2h3 g8f6 e2e3 g7g6 e1e2 b7b6 g2g4 h7h6 e2f3 f6h5 a2a4 c7c5
4325,g2g3 f7f5 h2h4 c7c6 e2e3 e8f7 e1e2 e7e5 b1c3 g7g5 a2a4 h7h5
4326,h2h3 g7g6 d2d3 b7b5 e1d2 d7d5 d2c3 e7e6 b2b3 d5d4 c3b2 e8e7
4327,h2h3 h7h5 f2f4 e7e5 h3h4 c7c6 d2d4 f8b4 c2c3 e8e7 e2e4 b8a6
4328,f2f3 h7h6 h2h4 c7c6 e1f2 d7d6 c2c3 f7f5 d2d3 h8h7 f3f4 e7e5
4329,c2c4 f7f6 d2d3 b7b5 f2f3 e7e6 g1h3 d7d6 e1f2 h7h5 b2b3 g8h6
4330,d2d4 e7e6 e2e4 f7f6 c1h6 e6e5 c2c3 e8f7 b2b4 c7c5 b4c5 a7a6
4331,f2f3 h7h6 b2b4 c7c6 g2g3 e7e5 e2e3 e8e7 d2d4 g8f6 f3f4 e5e4
4332,b1c3 b7b6 b2b3 g8f6 g2g3 g7g6 c1a3 d7d5 g1f3 e8d7 c3d5 f6d5
4333,g1h3 d7d5 d2d4 h7h5 g2g3 g7g6 b2b4 f8h6 c2c4 f7f5 h1g1 b7b5
4334,c2c4 d7d5 f2f4 b8c6 a2a3 g8f6 h2h4 f6e4 d2d3 a7a5 c4c5 c6b8
4335,h2h3 g8f6 e2e3 g7g6 g2g4 h8g8 e1e2 h7h5 a2a4 d7d6 d2d4 e7e5
4336,h2h3 g7g6 d2d3 g8h6 g2g3 d7d5 c1g5 h8g8 b2b3 c8d7 g5e7 b7b6
4337,e2e3 d7d5 h2h3 h7h6 e1e2 c8e6 g2g4 h8h7 f2f4 b8a6 e2f2 b7b5
4338,d2d3 f7f5 b2b4 c7c5 f2f3 e7e6 c1d2 d7d5 g2g4 h7h6 e2e3 b8a6
4339,g1h3 d7d5 f2f3 h7h5 b2b4 a7a5 b1a3 f7f5 b4a5 c7c6 h3f4 c8d7
4340,b1c3 f7f6 f2f4 g7g5 f4f5 e7e5 d2d4 h7h6 e2e4 a7a6 e1e2 e8e7
4341,h2h4 c7c5 d2d4 f7f6 e2e4 c5d4 g1f3 b7b5 h1g1 d8a5 c1d2 e8d8
4342,h2h3 g7g6 d2d3 g8f6 c1g5 h8g8 f2f3 b7b6 d3d4 c7c5 b1a3 d7d5
4343,f2f4 b7b5 c2c3 g7g5 e2e3 c7c5 f4f5 d8c7 f1d3 e8d8 b2b4 c7b7
4344,g1h3 d7d5 f2f3 h7h5 b2b4 a7a5 b4a5 b7b5 c2c4 e7e5 h3f2 g8f6
4345,g2g3 d7d6 b2b4 g7g6 d2d4 h7h5 c1g5 f7f5 g5e7 a7a6 h2h4 e8e7
4346,g2g3 b7b5 b2b3 a7a5 g3g4 d7d5 b1c3 f7f5 f1g2 c8e6 g2e4 h7h6
4347,c2c4 b7b5 f2f4 e7e6 e2e3 g8f6 d1h5 c7c5 f1e2 f6g4 g1f3 h8g8
4348,e2e3 g7g5 b2b4 e7e5 c2c4 b7b5 f2f3 h7h6 f3f4 f7f6 f4f5 b5c4
4349,b1c3 d7d6 a2a4 c8d7 c3b5 f7f6 g1f3 e7e5 e2e3 g7g5 a1a2 h7h5
4350,d2d3 d7d5 h2h3 c7c5 a2a4 e7e6 d3d4 f7f5 g2g4 d8d6 c1e3 d6c7
4351,a2a4 f7f5 b1c3 h7h6 b2b4 d7d6 h2h3 g7g6 d2d4 a7a5 b4a5 h6h5
4352,b2b3 a7a5 g2g3 g7g6 c1a3 b7b5 a3d6 h7h5 d2d3 e7e6 e2e4 f7f5
4353,g2g3 b8c6 d2d3 f7f5 h2h4 h7h5 b2b4 c6b4 d3d4 e8f7 e1d2 a7a6
4354,f2f4 e7e5 g2g3 c7c5 f4e5 h7h5 c2c4 f7f5 h2h4 a7a6 d2d3 d7d5
4355,g2g4 a7a5 e2e4 d7d5 e1e2 h7h6 e4d5 f7f6 c2c3 b7b6 f1g2 c8a6
4356,h2h3 g8f6 g2g4 h7h5 a2a4 d7d6 e2e3 d8d7 a1a2 h5g4 h3h4 a7a5
4357,d2d3 e7e6 f2f4 h7h6 b2b4 d7d5 g2g3 g7g5 h2h4 f7f6 e2e3 a7a5
4358,g2g3 g7g6 f2f4 h7h5 e2e4 d7d5 f1g2 e7e5 e1f2 g8h6 h2h4 h8g8
4359,c2c4 a7a5 d1b3 e7e5 e2e4 d7d5 b3a3 h7h5 f2f4 e8d7 c4d5 g7g5
4360,b2b4 g7g6 g2g3 b8c6 f1g2 f8g7 g2h3 h7h5 e1f1 f7f6 h3f5 h8h6
4361,e2e4 h7h6 f1c4 g7g5 f2f3 g5g4 h2h4 b7b6 c4d5 c8a6 c2c3 h6h5
4362,g1h3 f7f5 b2b3 d7d5 c1a3 g7g6 h3g5 d8d7 g5f7 b8c6 a3e7 f8g7
4363,g2g3 h7h5 b2b3 g7g6 d2d3 d7d6 c1f4 h5h4 e2e3 b7b5 h2h3 e7e6
4364,b2b3 a7a5 g2g3 e7e6 b3b4 e8e7 g1h3 b7b6 h1g1 e6e5 a2a3 g8f6
4365,h2h3 a7a6 g2g3 g8f6 h1h2 g7g6 h3h4 h8g8 d2d3 d7d6 e2e4 f6d7
4366,h2h4 c7c5 b2b4 b8a6 g2g3 e7e5 h1h3 d7d5 c1a3 e5e4 h4h5 f7f5
4367,a2a4 h7h6 a1a3 e7e6 c2c4 c7c5 d2d4 d7d5 g1f3 a7a5 a3c3 g7g5
4368,f2f3 h7h6 h2h4 d7d6 g2g4 e7e5 c2c3 a7a6 e1f2 f7f6 e2e4 b8d7
4369,h2h3 h7h5 f2f3 f7f6 a2a4 b8c6 e2e4 c6d4 b1a3 a7a6 f1a6 a8b8
4370,b1c3 h7h6 h2h3 d7d6 a2a4 c8e6 g2g4 h8h7 c3d5 b7b6 d2d3 g7g5
4371,e2e4 a7a5 g2g4 f7f6 c2c3 d7d5 e4e5 c8g4 d1f3 e8f7 f3f4 c7c5
4372,h2h4 c7c5 g2g4 d8b6 b1a3 a7a5 g1h3 h7h5 e2e3 f7f6 h1g1 b6b4
4373,g1h3 b8c6 a2a4 f7f5 c2c4 h7h5 d2d4 c6d4 b2b4 d7d5 h3f4 e7e5
4374,e2e3 a7a6 b2b4 a8a7 g2g3 b7b5 f1d3 c8b7 e1e2 d7d6 h2h3 e7e6
4375,e2e4 h7h6 g1e2 d7d6 h1g1 h8h7 h2h4 c8e6 d2d4 b8d7 d1d3 b7b6
4376,d2d4 d7d5 g1h3 h7h5 g2g3 f7f6 h3g5 c8d7 c2c3 b8c6 f2f4 f6f5
4377,g2g4 b8c6 e2e4 f7f6 c2c3 b7b5 d1f3 c8a6 h2h4 c6b4 f1c4 b5c4
4378,g1h3 a7a5 a2a4 b7b5 b1a3 g7g6 g2g3 h7h5 a1b1 f8g7 e2e4 g7h6
4379,a2a4 a7a6 a4a5 a8a7 e2e4 f7f5 c2c3 f5e4 f1a6 e7e5 d2d3 e4d3
4380,a2a4 b7b6 h2h3 g7g6 d2d3 c7c6 d3d4 c8a6 a1a3 a6c4 g2g3 c6c5
4381,h2h3 h7h5 b1c3 h8h6 f2f4 b7b6 c3b5 f7f5 b5d4 c7c5 g2g4 c8a6
4382,a2a4 a7a6 b1c3 b7b5 e2e4 h7h6 e1e2 f7f5 b2b3 d7d6 d2d4 b5a4
4383,a2a3 f7f5 e2e4 d7d6 c2c3 c7c6 g2g4 b7b6 d2d4 f5e4 d1d2 b6b5
4384,a2a4 g7g6 d2d3 b7b5 e1d2 e7e6 b2b3 d7d5 f2f3 c7c6 c2c3 f8a3
4385,g1f3 b7b5 c2c3 g7g6 e2e4 c7c5 e4e5 d8b6 b2b3 e8d8 e1e2 b5b4
4386,e2e4 h7h5 f2f3 b7b5 f1c4 g7g6 b2b4 f8g7 e4e5 e8f8 d2d3 a7a6
4387,b1a3 a7a6 f2f4 e7e5 f4e5 a6a5 c2c3 e8e7 e5e6 g8f6 e2e3 f6e4
4388,h2h3 g8f6 a2a4 c7c6 a1a2 d8b6 e2e3 g7g5 c2c4 e7e5 d1g4 f8b4
4389,b2b4 g7g6 a2a4 b8c6 a4a5 b7b6 c2c4 d7d6 g2g4 h7h6 f2f4 c6a5
4390,g2g3 a7a6 b2b3 d7d6 d2d3 d8d7 e2e3 g7g5 b3b4 a8a7 b1c3 h7h5
4391,h2h3 a7a6 b1c3 d7d6 e2e3 h7h6 b2b4 d8d7 g2g4 b8c6 f2f3 e8d8
4392,h2h3 g7g6 g2g3 d7d5 e2e4 e7e5 a2a4 e8e7 a1a2 b8c6 f1g2 d5e4
4393,h2h3 h7h5 g2g4 h5g4 a2a3 h8h5 d2d3 g7g5 d1d2 h5h8 f2f4 g4f3
4394,a2a4 e7e6 h2h3 b8c6 g2g4 e8e7 h1h2 b7b5 b1a3 g7g6 b2b4 b5a4
4395,h2h3 c7c6 b1c3 e7e6 e2e3 e8e7 c3a4 e7f6 a1b1 h7h5 h1h2 a7a5
4396,g2g3 d7d5 e2e4 c8d7 e1e2 d7g4 f2f3 c7c5 f3g4 b7b5 a2a3 b8c6
4397,h2h3 a7a6 b1a3 g8f6 f2f4 d7d6 e2e3 h8g8 e1f2 e7e6 d1h5 g7g6
4398,a2a4 a7a6 b1c3 c7c6 b2b4 f7f6 f2f4 a8a7 d2d3 e7e6 h2h4 f8b4
4399,g2g3 d7d6 b2b4 h7h6 e2e3 c8g4 h2h4 e8d7 h1h2 g7g5 c1a3 f7f6
4400,h2h4 a7a5 g2g3 e7e5 h1h3 d7d6 c2c3 e5e4 e2e3 f7f5 f2f4 d8d7
4401,g2g3 g8f6 h2h4 g7g5 b2b4 e7e5 e2e3 d7d5 h4g5 f6g8 e1e2 e8e7
4402,g2g3 g8f6 h2h4 d7d6 b2b3 f6g8 d2d3 c7c5 e1d2 b8d7 f2f3 g7g5
4403,g2g3 a7a5 b2b4 d7d6 e2e3 h7h5 c1a3 e8d7 c2c4 b7b5 g1f3 a5a4
4404,b2b3 a7a5 b3b4 d7d6 a2a3 c7c5 e2e3 a8a6 d2d3 g8h6 f2f4 d8d7
4405,d2d4 f7f5 h2h4 a7a6 f2f4 e7e6 a2a3 d7d5 a1a2 f8a3 e2e4 h7h5
4406,b2b4 d7d6 f2f3 g7g6 e2e3 h7h5 f1c4 b7b6 e1e2 c7c6 a2a4 b8d7
4407,g2g3 d7d6 b2b4 h7h6 f2f3 f7f6 e2e3 h6h5 f1g2 d6d5 d2d4 b7b5
4408,h2h4 a7a5 d2d4 f7f6 f2f4 a5a4 d4d5 e7e6 c2c3 b7b5 e1f2 c7c5
4409,h2h3 a7a6 b1c3 h7h5 e2e3 g7g5 f1a6 e7e5 c3a4 b7a6 g2g3 g5g4
4410,f2f3 d7d6 b2b4 g7g6 e2e3 h7h5 f1c4 e7e6 e1e2 f8h6 c4a6 e8e7
4411,e2e4 g8h6 g1e2 a7a5 a2a4 b7b5 h1g1 b5b4 g2g3 f7f5 b2b3 c7c5
4412,g1f3 b7b5 b1a3 g7g6 c2c4 h7h5 e2e4 e7e6 f3g1 h5h4 b2b4 b8c6
4413,g2g4 b8c6 e2e4 d7d5 e1e2 f7f5 h2h4 d5d4 e4e5 a8b8 b1a3 g7g6
4414,e2e4 a7a5 g2g4 d7d5 e1e2 e7e5 d2d4 e8e7 f2f4 d5e4 f1h3 g8h6
4415,e2e4 d7d6 g2g4 d6d5 e1e2 c8g4 g1f3 b7b6 h2h3 h7h5 h3g4 e7e5
4416,a2a4 a7a6 b1c3 b7b5 c3e4 g7g6 d2d4 d7d5 e4f6 e7f6 a4b5 h7h5
4417,e2e4 d7d5 e1e2 c8g4 g1f3 e7e6 e4d5 h7h5 b2b4 h5h4 d2d3 b7b6
4418,b2b4 h7h5 a2a4 f7f5 e2e3 d7d5 e1e2 e7e5 c1a3 e8e7 f2f4 g7g5
4419,d2d4 f7f5 c1f4 h7h5 g2g3 a7a6 e1d2 g8h6 e2e3 c7c5 d4d5 b7b5
4420,a2a4 e7e6 e2e4 e6e5 d1f3 e8e7 e1e2 d7d6 f3f7 e7f7 c2c4 f7e6
4421,e2e3 f7f5 h2h3 c7c5 d2d4 e8f7 f1b5 h7h5 f2f4 f7g6 d4c5 b7b6
4422,g2g4 a7a5 e2e4 g8f6 e1e2 f6e4 a2a4 h8g8 b2b4 h7h5 a1a3 f7f6
4423,e2e3 a7a6 h2h3 g8f6 g2g4 f6d5 e1e2 d5b4 g1f3 a8a7 b1c3 f7f6
4424,f2f3 b7b6 d2d4 h7h6 e1d2 b8c6 b2b3 g8f6 g2g3 a8b8 b1c3 c6d4
4425,h2h4 c7c5 d2d3 f7f6 g2g3 g7g5 b1c3 d8b6 c1g5 f6g5 h1h3 b8c6
4426,h2h3 c7c6 e2e3 g7g5 a2a3 e7e5 g2g3 e8e7 d2d4 e5d4 a3a4 f7f5
4427,h2h3 a7a6 h1h2 f7f5 f2f4 h7h5 c2c3 e7e6 e1f2 f8a3 d1e1 b7b5
4428,g1h3 b8c6 b2b3 b7b6 d2d4 g8f6 g2g3 c8a6 h3g5 c6d4 b3b4 a6e2
4429,g2g4 b8c6 c2c4 d7d5 b2b4 c8d7 d1b3 g8h6 d2d3 f7f6 f2f3 h6f5
4430,a2a4 f7f5 b1c3 h7h5 g2g3 b8a6 b2b3 e7e6 h2h3 f8b4 d2d4 e8f8
4431,h2h3 g8f6 e2e3 b7b6 c2c3 c8b7 g2g4 d7d6 f1e2 f6g4 e1f1 g7g6
4432,h2h3 a7a6 f2f4 d7d5 h1h2 d8d7 e2e3 e8d8 e1e2 e7e5 g2g3 g7g5
4433,b2b4 b8c6 g2g3 g7g6 c1a3 d7d6 e2e3 e7e6 c2c4 b7b5 b1c3 h7h5
4434,g2g3 d7d6 b2b3 f7f5 b1a3 c7c6 f1g2 d8c7 c1b2 h7h5 c2c3 e8d7
4435,e2e4 d7d5 e1e2 e7e5 c2c3 h7h5 d1b3 g7g6 b3b6 g8e7 b2b3 a7b6
4436,d2d4 b8a6 f2f3 h7h6 d4d5 b7b6 g2g3 a8b8 c1e3 f7f6 f1g2 g7g5
4437,e2e3 b7b5 h2h3 e7e6 a2a3 f7f5 e1e2 f8c5 f2f4 h7h6 b2b4 c5e3
4438,a2a3 f7f6 d2d3 b7b5 c1f4 h7h5 f4c1 g7g6 e1d2 e7e6 g2g3 b5b4
4439,h2h3 g8f6 e2e3 g7g6 b1c3 h8g8 f2f4 e7e5 g2g3 h7h6 d2d4 e5d4
4440,a2a3 f7f5 f2f4 b7b6 d2d3 g7g5 g2g4 c7c6 b1d2 b6b5 h2h3 f8g7
4441,g1f3 d7d6 a2a4 f7f5 e2e3 a7a6 e1e2 b8c6 a4a5 h7h5 b2b4 a8a7
4442,b1c3 b7b6 e2e3 h7h5 c3b1 h8h7 d2d4 g7g6 g2g4 b6b5 f1h3 d7d6
4443,b2b3 a7a5 g2g3 h7h6 g1f3 e7e5 e2e4 d7d5 f1e2 h6h5 c1b2 d5e4
4444,e2e3 f7f5 h2h3 e7e6 e3e4 c7c5 a2a4 b8a6 g1f3 b7b5 f1b5 g8f6
4445,e2e3 e7e5 f2f3 c7c6 b1c3 g8h6 e1e2 g7g5 g2g3 e8e7 d2d3 d7d6
4446,h2h4 c7c6 f2f3 g7g5 h4g5 d7d6 e2e4 f7f5 c2c3 f8g7 g2g4 g7e5
4447,h2h4 b8a6 g2g3 d7d6 e2e3 h7h6 b2b4 e8d7 f1h3 f7f5 d2d4 c7c6
4448,g1h3 a7a5 b2b3 c7c5 d2d4 g8f6 c1g5 f6g8 c2c4 a8a7 b3b4 f7f6
4449,h2h3 a7a6 e2e3 g8f6 g2g4 g7g5 b1a3 h8g8 e1e2 a8a7 f1g2 h7h6
4450,g2g4 b7b5 h2h4 g7g6 b2b4 h7h5 h1h3 d7d6 e2e3 e7e5 c1a3 b8c6
4451,g1f3 b7b6 g2g3 g7g6 e2e4 d7d5 c2c4 d5e4 a2a4 b6b5 g3g4 a7a5
4452,a2a3 f7f6 d2d3 b7b5 f2f3 e7e6 e1d2 h7h5 d2c3 g7g6 h2h4 e8e7
4453,e2e3 b7b5 d1e2 b8c6 c2c4 e7e6 f2f4 d8e7 e2h5 c8b7 e1d1 c6d8
4454,e2e3 g8f6 h2h4 f6g4 a2a4 e7e5 e3e4 g7g6 d2d4 h8g8 a1a3 g4f6
4455,h2h4 b8c6 f2f3 b7b6 b1a3 g7g5 b2b4 c6b4 a1b1 b4c2 d1c2 c7c6
4456,e2e4 h7h5 b2b4 g8h6 f1b5 a7a5 a2a4 a8a7 d2d4 e7e5 c2c4 b8c6
4457,a2a4 f7f6 h2h3 a7a6 d2d3 a8a7 f2f4 b8c6 c2c3 e7e6 d1d2 c6d4
4458,b1a3 g8f6 b2b4 b8a6 g2g3 g7g6 h2h4 e7e5 e2e3 c7c6 f2f4 e5e4
4459,h2h3 a7a6 a2a4 d7d6 h3h4 f7f5 d2d3 b7b5 g2g3 e7e6 d3d4 h7h5
4460,a2a4 b7b5 f2f3 a7a5 d2d4 g7g6 g2g4 b5a4 d4d5 c7c6 a1a3 f7f6
4461,g2g3 e7e6 b1c3 e8e7 b2b4 a7a5 c3d5 e6d5 c2c4 a5b4 f2f4 a8a4
4462,g1h3 h7h5 d2d4 d7d6 g2g3 g7g6 a2a4 f7f5 c2c4 b8c6 c1d2 d6d5
4463,h2h3 c7c6 c2c4 e7e6 g2g4 b7b6 d2d4 f8d6 a2a4 f7f5 g1f3 g7g6
4464,e2e4 g8f6 a2a4 a7a5 e1e2 a8a7 d2d4 b8c6 g2g4 c6d4 d1d4 f6e4
4465,e2e3 a7a5 h2h3 g8f6 g2g4 e7e6 a2a4 g7g6 f1c4 b7b5 e1e2 e8e7
4466,e2e4 b7b5 c2c3 c8a6 e1e2 g8f6 h2h3 c7c5 b1a3 g7g5 g1f3 f6e4
4467,e2e4 a7a5 g1e2 g8f6 h1g1 f6e4 g2g3 a8a7 d2d4 a5a4 f1g2 e4d6
4468,d2d3 g7g5 c2c4 b7b5 c1g5 g8h6 h2h3 h8g8 b1c3 c7c5 f2f3 d7d5
4469,h2h3 g8f6 e2e3 g7g6 g2g4 b7b6 a2a4 h8g8 h3h4 f6g4 b2b4 d7d5
4470,b2b3 g7g6 d2d3 b7b5 g2g3 e7e6 h2h4 b8a6 c1g5 f8b4 c2c3 h7h5
4471,b2b3 g7g6 d2d4 d7d5 g2g3 h7h5 h2h4 f7f5 c1a3 f8h6 a3c5 h6f4
4472,g1h3 b8c6 b2b3 a8b8 g2g3 g7g6 b3b4 f7f6 h3g1 c6d4 e2e3 c7c5
4473,e2e4 a7a5 e1e2 a8a7 h2h4 f7f5 d2d4 e8f7 e4e5 g7g5 c2c4 e7e6
4474,g1h3 f7f6 d2d4 b7b5 c1d2 g7g6 f2f4 e7e6 c2c3 h7h5 b2b3 f6f5
4475,g1h3 h7h5 d2d3 b7b5 g2g3 g7g6 c1g5 e7e6 e1d2 d7d5 b2b3 g8f6
4476,e2e4 e7e6 f1c4 a7a6 d2d4 g7g6 g2g4 d7d5 e1d2 f8b4 d2e2 e8d7
4477,h2h3 e7e6 a2a4 b8c6 a4a5 h7h6 b2b3 h6h5 e2e4 b7b5 e1e2 e8e7
4478,b1c3 b7b6 b2b3 g7g6 g2g3 c7c6 c1a3 d7d5 a3e7 f8g7 c3d5 g8e7
4479,g2g3 e7e6 b1c3 c7c5 g3g4 a7a5 e2e4 a8a7 c3a4 b7b6 e1e2 b8a6
4480,g2g4 b8c6 e2e4 b7b6 h2h4 f7f6 c2c3 c6e5 g1h3 c8a6 h3g5 a6c4
4481,h2h3 g8f6 h1h2 f6d5 f2f4 b7b6 c2c4 e7e5 d2d3 h7h6 d1c2 a7a5
4482,e2e3 b7b5 a2a3 b5b4 h2h3 d7d5 a1a2 g7g6 d2d3 d5d4 h3h4 a7a5
4483,a2a3 f7f5 e2e4 d7d5 e4f5 d5d4 g1f3 b8c6 a3a4 h7h5 a1a2 g7g6
4484,g1h3 h7h5 f2f3 g7g6 d2d3 d7d6 g2g4 b7b6 c2c4 c8a6 f3f4 e7e6
4485,g2g3 d7d6 b2b4 a7a5 h2h4 g7g5 h4g5 h7h5 g5h6 h8h6 h1h4 b8a6
4486,e2e4 h7h5 f1c4 g7g5 h2h3 e7e5 g1f3 b7b5 g2g3 c8b7 e1e2 b5c4
4487,e2e4 d7d5 e4d5 e7e6 f1b5 e8e7 b5f1 e7d6 g1f3 g8f6 e1e2 b7b5
4488,h2h4 c7c5 b1a3 d7d6 e2e4 c8g4 f2f4 e7e6 d2d4 c5d4 d1d4 d8d7
4489,e2e4 h7h6 f1a6 d7d6 g1f3 b7b6 a6d3 c7c5 d3b5 b8d7 d2d4 g8f6
4490,g2g4 b8c6 e2e4 c6a5 h2h3 d7d5 e4e5 h7h6 a2a4 h8h7 a1a3 c8g4
4491,e2e4 g7g5 a2a4 c7c6 h2h3 e7e5 a1a2 h7h5 g2g3 f7f5 a4a5 f8h6
4492,e2e3 f7f5 b2b4 b7b5 e1e2 e7e6 a2a4 f8b4 a1a2 g8e7 a4b5 d7d6
4493,g1h3 d7d5 d2d4 h7h5 f2f3 g7g6 c1d2 e7e6 c2c4 a7a6 h1g1 f7f5
4494,e2e4 g7g5 h2h3 e7e5 g2g4 c7c6 e1e2 e8e7 c2c3 d8a5 d1e1 h7h6
4495,g2g4 e7e5 e2e4 e8e7 c2c3 d7d5 h2h3 c7c5 d1b3 b8a6 e1e2 d8b6
4496,e2e4 b8a6 g2g4 f7f6 h2h3 c7c5 e4e5 a8b8 e5f6 d8b6 b2b4 e7f6
4497,h2h3 d7d5 a2a4 f7f5 a4a5 e8f7 e2e3 h7h5 e1e2 e7e5 g1f3 b7b5
4498,b2b3 a7a5 a2a3 b8a6 a1a2 c7c5 f2f3 a8b8 g2g3 f7f6 c2c4 e7e5
4499,e2e3 a7a6 b2b3 e7e6 f1c4 a8a7 g2g3 c7c6 g1f3 e8e7 d2d3 g8f6
4500,e2e4 a7a5 g1e2 g8h6 g2g3 f7f5 e4e5 c7c5 c2c4 b7b5 h1g1 h6g8
4501,h2h3 a7a6 d2d3 a8a7 b2b4 a6a5 c1e3 a5b4 c2c3 b4b3 b1a3 g8f6
4502,a2a3 c7c5 d2d3 d7d6 f2f3 g7g5 c2c4 c8d7 e2e3 g8h6 a1a2 b8c6
4503,g2g4 b8c6 b2b3 h7h6 f1g2 f7f5 e1f1 h8h7 c2c3 d7d6 d2d4 c6a5
4504,e2e3 a7a6 g1f3 g8h6 f3e5 g7g6 b1c3 d7d6 b2b4 c8g4 d2d3 a8a7
4505,c2c3 c7c5 e2e4 d7d6 g1f3 e7e6 e4e5 d6e5 d2d4 d8f6 h2h4 a7a5
4506,e2e3 f7f5 c2c3 b8a6 e3e4 c7c5 b1a3 e7e5 f1a6 f5e4 a6f1 d8b6
4507,a2a3 f7f5 e2e4 a7a6 c2c3 d7d5 f1a6 f5e4 a6b7 g8f6 d1a4 b8c6
4508,e2e4 g7g6 b1a3 a7a5 g2g4 d7d5 c2c3 e7e5 e4d5 f8a3 f1a6 g8f6
4509,e2e4 d7d5 e1e2 e7e5 d2d4 h7h5 h2h4 b8c6 f2f4 e8e7 d4e5 d5e4
4510,h2h3 e7e6 a2a4 c7c5 e2e4 d7d5 e1e2 c8d7 g2g4 b8c6 d2d4 g7g6
4511,h2h3 b8a6 a2a4 c7c6 b1c3 e7e5 c3b1 f8a3 h1h2 a6b4 d2d3 f7f5
4512,h2h3 a7a6 e2e3 g8f6 h3h4 f6h5 g1h3 a8a7 f1d3 b7b5 f2f4 c8b7
4513,g2g4 a7a5 e2e4 b7b6 c2c3 f7f6 d1f3 c7c5 d2d3 a8a7 e1e2 b8c6
4514,a2a4 g7g6 g2g4 e7e6 e2e3 a7a6 f2f3 h7h6 f1c4 g6g5 b2b3 b7b5
4515,b2b3 a7a5 e2e3 c7c5 c2c4 a8a6 f2f3 e7e6 d2d4 d7d5 c1d2 d8d7
4516,h2h4 b8a6 d2d3 g7g5 b1c3 f8h6 h4g5 h6g7 b2b3 d7d5 c1a3 c7c6
4517,e2e4 c7c6 g1e2 d7d5 c2c3 c6c5 f2f4 e7e6 e4e5 a7a6 d2d4 d8d7
4518,b2b4 e7e5 c1a3 d7d5 g1h3 f8d6 f2f3 e8e7 h1g1 a7a6 e2e4 g8f6
4519,h2h3 a7a6 d2d3 a8a7 c2c3 d7d6 c1e3 g8f6 d1d2 e7e6 e3d4 a6a5
4520,d2d4 e7e6 f2f4 h7h6 h2h4 e8e7 c2c4 g7g5 e2e4 b7b5 h1h2 g5f4
4521,a2a4 g7g6 d2d3 b7b5 h2h3 b5b4 e1d2 g8h6 f2f4 c7c6 d3d4 f7f5
4522,e2e4 g7g6 g2g4 b7b5 g1f3 d7d5 h2h3 e7e6 a2a4 e8e7 a1a2 b5b4
4523,e2e4 b7b6 c2c3 c8a6 g1f3 g8f6 e4e5 b8c6 g2g3 c6e5 f1b5 e5f3
4524,e2e4 d7d5 e1e2 e7e5 c2c3 h7h5 d1a4 e8e7 a4a5 g8f6 a5c7 d8c7
4525,e2e4 h7h5 f2f3 b7b5 f1c4 g7g5 b2b3 c7c5 e4e5 d7d6 b3b4 h5h4
4526,g2g3 g8h6 b2b4 g7g6 d2d4 d7d5 h2h4 c8g4 e2e3 a7a5 e1d2 e7e5
4527,g1h3 a7a6 d2d4 a8a7 f2f4 g8f6 c2c4 e7e6 b1c3 d7d5 b2b4 f8b4
4528,g1h3 a7a6 d2d4 a8a7 d4d5 g8f6 g2g3 d7d6 b2b4 e7e6 c1a3 b7b5
4529,g2g3 d7d6 b2b4 e8d7 e2e3 f7f6 h2h4 b7b6 e1e2 g7g5 g1h3 e7e5
4530,g1h3 a7a6 f2f3 g8f6 g2g3 e7e6 f1g2 d8e7 e1g1 c7c5 d2d4 d7d5
4531,h2h4 a7a6 g1h3 a8a7 f2f4 g8f6 c2c4 e7e6 d2d4 d7d5 h1g1 f8b4
4532,h2h4 e7e6 d2d4 h7h5 h1h2 e8e7 f2f3 g7g5 c1g5 g8f6 e1d2 b7b5
4533,h2h3 h7h5 b1a3 h8h6 f2f3 d7d6 g2g4 b7b6 g4h5 h6e6 e1f2 a7a5
4534,g2g4 d7d5 h2h3 c8d7 b2b4 g7g6 e2e3 b7b6 e1e2 f7f5 h3h4 e7e5
4535,g1h3 d7d5 d2d4 h7h5 g2g3 f7f6 c1d2 g7g6 b1c3 e8d7 e2e3 b8c6
4536,h2h4 a7a6 f2f4 e7e6 b2b3 e8e7 c2c3 a8a7 d2d3 g8f6 g2g3 d7d5
4537,g1h3 a7a6 d2d4 f7f5 c1d2 d7d6 b1c3 h7h5 a2a4 g7g5 f2f3 b8d7
4538,h2h4 a7a6 f2f3 e7e6 e2e4 d7d6 f1c4 g8f6 g1h3 b8d7 a2a4 g7g6
4539,b2b3 a7a5 g2g3 c7c5 c2c4 g7g5 g3g4 b8a6 f1g2 a8a7 e1f1 b7b6
4540,b2b3 g7g6 d2d3 b7b5 h2h3 e7e6 e1d2 d7d5 f2f4 c7c5 d3d4 e8e7
4541,g2g4 a7a6 e2e4 a8a7 d1e2 f7f6 f2f3 d7d5 f1g2 b8d7 f3f4 e7e5
4542,g2g3 d7d6 b2b3 e8d7 g3g4 b7b6 c2c3 c7c5 f2f4 e7e5 e2e3 g8e7
4543,e2e4 d7d5 f2f4 e7e5 e4d5 c8h3 d2d4 d8d6 g2g3 h3g4 h2h4 b8c6
4544,h2h4 b8c6 a2a3 b7b6 d2d3 d7d6 g2g3 f7f6 h4h5 c6d4 e2e4 d8d7
4545,c2c4 d7d5 f2f3 g8f6 b2b4 e7e6 g2g3 c8d7 b1c3 e8e7 c3d5 e6d5
4546,e2e3 d7d5 h2h3 c7c5 b1a3 e7e6 g2g4 g8f6 e1e2 d5d4 b2b4 f6e4
4547,b1a3 g8f6 b2b3 a7a5 a1b1 c7c5 f2f3 d7d6 c2c4 h7h6 b3b4 f6g4
4548,h2h3 a7a6 g2g3 h7h5 h1h2 d7d6 e2e3 c8e6 g3g4 g7g6 a2a4 d6d5
4549,h2h3 a7a5 e2e4 e7e5 a2a4 a8a7 a1a2 f7f6 d1h5 g7g6 h5f5 c7c6
4550,h2h4 a7a5 a2a3 a5a4 f2f4 b8c6 a1a2 b7b6 d2d3 c6e5 b1d2 a8a5
4551,b2b3 a7a5 g2g3 a8a7 c2c4 c7c5 f2f3 e7e6 b3b4 f7f5 e2e3 b8a6
4552,h2h4 b8c6 g2g3 g7g6 b2b4 g6g5 e2e3 b7b6 e1e2 c6b4 e2f3 c7c5
4553,g2g3 g7g6 h2h4 b8c6 b2b4 e7e6 e2e3 f8b4 e1e2 f7f5 c2c3 d8e7
4554,h2h3 d7d5 e2e3 g8f6 g2g4 e8d7 b2b4 b8c6 e1e2 d5d4 e3e4 f6d5
4555,b2b3 h7h6 e2e3 g7g5 f1c4 d7d6 e1f1 d6d5 g1e2 c8g4 h2h3 c7c6
4556,a2a4 h7h5 d2d4 f7f5 f2f3 d7d5 e1d2 e8f7 b1c3 e7e5 c3d5 g7g5
4557,g2g3 d7d6 b2b4 h7h6 f2f3 g7g6 e2e3 c8g4 h2h4 e7e5 e1f2 e5e4
4558,h2h3 g7g5 a2a4 h7h6 d2d3 f7f5 c2c4 c7c6 d1d2 e8f7 b2b4 a7a6
4559,g2g3 e7e6 h2h3 c7c5 g3g4 a7a5 b2b4 a5a4 c2c4 a8a7 h1h2 b8a6
4560,g2g3 b8c6 b2b3 g7g6 b3b4 e7e6 c2c4 h7h5 g3g4 e8e7 d1b3 e6e5
4561,c2c4 d7d5 b2b4 c8d7 g2g3 f7f6 c4c5 g7g6 d2d3 f6f5 c5c6 b7c6
4562,h2h3 g8h6 b2b4 g7g6 g2g3 b8c6 h3h4 h8g8 e2e3 b7b5 d2d4 g6g5
4563,h2h4 b8c6 e2e4 b7b6 a2a4 g7g5 g1h3 c8a6 a4a5 a6f1 a1a2 h7h5
4564,f2f3 g8f6 h2h4 e7e5 h1h2 c7c6 e2e3 g7g5 f3f4 f6g4 c2c4 e8e7
4565,g2g3 f7f6 d2d3 g7g5 c2c3 c7c5 c1g5 f6f5 h2h3 e7e6 b2b4 h7h5
4566,a2a4 a7a6 f2f4 b8c6 b2b3 b7b6 d2d4 a6a5 b1d2 g7g6 e1f2 c6d4
4567,a2a4 a7a6 a4a5 h7h5 b2b4 c7c6 b1a3 e7e5 a1b1 e8e7 a3c4 d8e8
4568,g1h3 h7h6 d2d4 a7a6 d4d5 d7d6 c2c4 c8e6 g2g3 c7c6 b1c3 a8a7
4569,e2e3 e7e5 b2b4 a7a5 b4a5 c7c6 c2c3 e8e7 e3e4 a8a7 g2g3 h7h6
4570,b1c3 d7d5 g1f3 c8d7 d2d4 b7b5 h2h3 g7g6 c3a4 f7f5 a1b1 f8h6
4571,e2e4 d7d5 e1e2 c7c6 h2h4 f7f5 g1h3 g7g5 g2g4 f5f4 a2a3 c8g4
4572,h2h3 b8a6 b1c3 b7b6 b2b3 e7e6 c1a3 c7c5 g2g4 a6c7 c3b5 a7a5
4573,h2h4 b7b5 h1h2 f7f6 g2g3 g7g5 b2b4 h7h6 c1a3 d7d6 h4g5 h6g5
4574,f2f3 c7c6 a2a3 e7e5 a1a2 g8e7 b1c3 b8a6 e2e4 d7d6 g2g4 g7g6
4575,c2c4 d7d5 d1c2 e7e5 b2b4 g8f6 g2g3 f8b4 e1d1 e8e7 d2d4 a7a5
4576,e2e3 a7a6 b2b4 e7e6 b4b5 a6a5 a2a3 e8e7 c1b2 d7d6 h2h3 f7f5
4577,h2h4 f7f6 g2g3 g7g5 f2f4 b8c6 b2b4 b7b6 f4f5 c6d4 c2c4 b6b5
4578,h2h4 b8c6 e2e4 a8b8 b1a3 c6a5 g1h3 g8f6 f1d3 h8g8 a1b1 d7d5
4579,c2c4 b7b5 b1a3 f7f6 e2e3 e7e6 d2d4 g7g6 g1f3 f8c5 f1e2 e8f7
4580,c2c3 g8f6 g2g4 b7b5 c3c4 f6e4 d1b3 h7h5 g4g5 h8g8 f1g2 f7f6
4581,b1c3 b7b6 b2b3 c8b7 c1a3 g8f6 g1f3 g7g6 g2g3 b6b5 f3g5 f8g7
4582,e2e4 h7h5 e4e5 d7d6 c2c4 g8f6 c4c5 f6g4 d2d3 c8e6 e1e2 g4h6
4583,c2c4 d7d5 f2f4 b8c6 h2h4 g8h6 a2a4 f7f6 h1h3 h8g8 d2d4 c8h3
4584,b1c3 h7h6 f2f4 d7d6 h2h4 a7a6 b2b4 e8d7 g1h3 f7f6 h1g1 b8c6
4585,h2h4 b8c6 h4h5 f7f5 e2e4 d7d5 e4d5 e7e6 c2c3 a8b8 d2d3 g8f6
4586,d2d4 d7d5 g1f3 g7g6 e2e3 b7b5 a2a3 g8h6 a1a2 f8g7 g2g3 h8f8
4587,h2h3 g8f6 e2e3 c7c6 c2c4 g7g5 e1e2 h8g8 g2g4 h7h5 e2f3 b7b6
4588,d2d4 d7d5 f2f4 b8c6 h2h4 f7f6 b2b4 h7h5 c2c3 g7g5 e2e3 a7a5
4589,e2e4 h7h6 g1f3 d7d6 f1d3 c8e6 b2b3 b8d7 h1f1 a7a5 c2c3 a5a4
4590,d2d4 d7d5 c2c3 a7a5 f2f4 a5a4 h2h4 b8c6 h1h2 e8d7 h4h5 c6d4
4591,h2h4 c7c6 d2d4 g7g5 e2e4 b7b5 a2a4 b5a4 g1f3 f7f5 f1b5 h7h5
4592,g2g3 g8f6 b2b4 e7e5 h2h4 c7c6 b1a3 f6g4 a1b1 g7g6 g1h3 c6c5
4593,e2e4 a7a6 f1a6 d7d6 a6d3 a8a2 c2c4 e8d7 f2f3 a2a8 d1a4 a8a4
4594,g2g3 f7f5 h2h4 d7d6 b1a3 a7a5 b2b4 a5b4 a3c4 a8a6 f2f4 b8d7
4595,h2h3 d7d5 e2e3 c8e6 e1e2 h7h6 g2g4 g7g5 f2f4 g5f4 e2e1 f4e3
4596,b1c3 b8c6 b2b3 b7b6 c3d5 c6b4 c1a3 c8a6 g1f3 f7f5 d5b4 d7d5
4597,e2e3 b7b5 f2f3 b5b4 b2b3 g7g6 c1a3 g8h6 f3f4 h8g8 e3e4 b4a3
4598,g2g3 d7d6 b2b3 c8g4 d2d4 h7h6 c1e3 c7c5 h2h3 f7f5 c2c3 a7a6
4599,b1c3 e7e5 a1b1 f7f6 f2f3 b8a6 c3d5 a8b8 d5f6 g7f6 e2e4 h7h6
4600,g1h3 a7a6 b2b3 d7d6 c2c4 d8d7 h3f4 e7e6 b3b4 g8f6 c1a3 e8e7
4601,g2g4 h7h6 e2e4 d7d5 c2c3 d5e4 h2h4 c7c5 d1a4 b8c6 g1h3 f7f6
4602,b2b3 g7g6 c1a3 b7b5 g2g4 f7f6 e2e4 d7d5 c2c3 f6f5 h2h4 c7c5
4603,a2a4 f7f5 b1c3 f5f4 f2f3 b7b6 b2b3 c7c5 c3d5 e7e6 d2d4 b6b5
4604,e2e4 h7h5 g1e2 d7d5 b1c3 e7e5 g2g3 d5e4 c3d5 g8f6 b2b4 f6d5
4605,e2e4 h7h5 b1c3 g8h6 g1e2 h6g4 g2g3 e7e6 f1h3 g7g5 h1g1 e8e7
4606,g2g3 h7h5 b1c3 h5h4 g3g4 g7g5 f1h3 e7e5 c3b5 g8f6 b2b3 h8g8
4607,a2a4 g8h6 h2h4 f7f6 f2f3 e7e5 d2d3 f8d6 e2e4 h6g4 f3g4 h8f8
4608,c2c3 g8f6 g2g4 e7e5 b2b4 e5e4 h2h4 c7c6 e2e3 f6d5 f1g2 f8b4
4609,d2d4 e7e6 c2c4 e8e7 c1g5 g8f6 g1h3 d7d5 c4c5 a7a6 d1c1 h7h5
4610,e2e3 a7a6 b2b3 a8a7 f2f3 d7d6 b3b4 b7b5 f3f4 d6d5 f1b5 b8d7
4611,d2d4 d7d5 g2g3 a7a6 g1h3 f7f5 e1d2 a8a7 a2a4 c8d7 a4a5 c7c6
4612,b2b3 g7g6 d2d3 b8c6 g2g3 b7b6 c1g5 c6d4 g1h3 f8g7 g5e7 g7e5
4613,b2b4 g7g6 a2a4 b7b5 a1a3 f7f6 a4a5 e8f7 d2d3 h7h5 b1d2 c7c5
4614,h2h3 a7a6 h1h2 d7d6 e2e3 c7c5 e1e2 f7f5 a2a4 a8a7 c2c4 g7g6
4615,h2h3 a7a6 f2f4 e7e6 d2d4 c7c5 h3h4 c5d4 e2e3 e8e7 e3e4 b7b5
4616,g2g4 e7e5 d2d4 e5d4 c1e3 d4e3 f1g2 g8f6 c2c4 d7d5 c4c5 d8e7
4617,a2a4 f7f5 g2g4 b8c6 e2e4 f5f4 a4a5 c6a5 g4g5 f4f3 g1f3 g8f6
4618,h2h3 g8f6 h3h4 a7a6 b2b4 h7h5 g2g3 h8g8 e2e3 e7e5 c1b2 g7g6
4619,b2b4 g7g5 c1a3 f8g7 f2f3 b7b5 d2d3 g5g4 b1d2 g7h6 g2g3 c8a6
4620,g1f3 d7d6 a2a4 a7a5 d2d3 g8f6 e2e4 b7b5 e1e2 a8a7 d3d4 h7h6
4621,a2a3 g7g5 a3a4 e7e5 f2f3 c7c6 a4a5 d8a5 b1a3 f8g7 a1b1 a7a6
4622,h2h3 a7a6 c2c4 g8f6 f2f4 e7e5 h3h4 e5f4 d2d3 a6a5 h4h5 f4f3
4623,g1f3 d7d6 a2a4 d6d5 f3e5 g8f6 e2e3 e7e6 e1e2 f8b4 e5f7 c7c5
4624,e2e3 g8f6 b2b4 f6g4 e1e2 g7g6 a2a4 b7b6 d2d4 g4e3 f2e3 h8g8
4625,h2h4 b8c6 e2e4 c6b4 e4e5 b7b6 c2c3 a8b8 f2f4 c8a6 g1f3 b4d5
4626,g2g4 b8a6 e2e4 f7f6 h2h3 b7b5 c2c3 c7c5 d1f3 a8b8 b1a3 c8b7
4627,g1h3 a7a6 f2f3 g8f6 g2g3 e7e6 h3f2 e8e7 h2h4 b7b5 h1g1 d8e8
4628,g1h3 g7g5 d2d4 b7b5 c1g5 h7h5 g5h6 g8h6 g2g3 e7e6 h1g1 e6e5
4629,h2h4 b8a6 f2f3 b7b6 b2b4 a6b4 c1a3 a7a6 f3f4 b6b5 a3b4 g8f6
4630,e2e3 b7b5 f1b5 c7c5 b1a3 g8h6 d2d4 e7e5 c2c4 d8c7 c1d2 e8e7
4631,h2h3 a7a6 e2e3 a6a5 d1e2 g8f6 b2b4 e7e5 c1b2 c7c5 g1f3 g7g6
4632,e2e4 a7a5 g1e2 g8h6 b1a3 g7g6 c2c3 b8a6 g2g4 a8b8 f1g2 h6g4
4633,h2h3 a7a6 g1f3 h7h5 h1h2 d7d6 g2g4 a8a7 c2c4 h5g4 d1b3 g8h6
4634,a2a4 a7a6 b2b4 a8a7 d2d3 b7b5 a4a5 f7f6 a1a2 d7d6 a2a1 f6f5
4635,c2c4 b8a6 d2d3 f7f5 c4c5 e7e6 c1h6 a6c5 f2f4 g7g5 h2h3 b7b5
4636,g2g3 d7d6 d2d4 h7h6 b2b3 c8g4 g1h3 c7c5 h1g1 e7e5 c1a3 a7a5
4637,d2d4 e7e6 c2c4 d7d5 b1c3 g8f6 g1f3 b8c6 c3d5 h7h6 e1d2 e6d5
4638,b2b3 a7a5 g2g3 e7e6 g1f3 b8a6 c1a3 h7h5 h1g1 f7f5 f3d4 b7b5
4639,a2a4 a7a5 b2b4 b7b5 a4b5 a5b4 a1a7 a8a7 d2d3 d7d6 h2h3 e7e5
4640,d2d4 e7e6 c2c4 b7b5 d1a4 b5a4 e2e3 a7a5 g1f3 c8a6 d4d5 e8e7
4641,g2g4 a7a5 e2e4 f7f6 c2c3 d7d5 d1a4 c8d7 a4b5 d7b5 f1b5 b8c6
4642,h2h4 c7c5 e2e4 f7f6 c2c3 b7b5 a2a4 g7g6 f2f4 b8c6 f1b5 a7a6
4643,h2h3 a7a6 b1c3 h7h6 f2f4 d7d6 a2a4 b7b5 g2g4 g7g6 c3b5 h8h7
4644,g2g4 a7a5 e2e4 d7d5 h2h3 a8a6 e1e2 e7e5 a2a4 g7g6 g1f3 f8b4
4645,e2e4 d7d5 e4d5 e7e6 g1f3 b7b5 a2a4 e8e7 f1c4 b5c4 d2d3 e6d5
4646,g2g3 d7d6 b2b4 h7h6 g1h3 c8g4 d2d4 b7b6 c2c4 e8d7 c1a3 d8e8
4647,d2d4 h7h5 h2h4 a7a6 h1h2 a8a7 f2f3 d7d6 c1d2 c8g4 c2c4 e8d7
4648,h2h4 d7d5 b1c3 a7a6 f2f3 b8d7 a1b1 d7f6 c3d5 a8a7 b2b4 f6d5
4649,a2a3 f7f5 f2f4 h7h5 h2h4 a7a6 c2c3 e7e6 e2e4 f8a3 f1a6 b7a6
4650,e2e3 g8f6 h2h4 f6e4 g1e2 e4g5 d2d4 g7g6 e3e4 h8g8 c1d2 d7d6
4651,a2a4 h7h6 d2d3 f7f5 h2h4 e7e5 e2e4 e8e7 h1h2 f5f4 c2c4 g7g6
4652,h2h3 d7d6 e2e3 h7h6 e1e2 f7f6 g1f3 e7e5 c2c3 a7a5 f3h4 g7g6
4653,h2h4 d7d6 f2f4 b7b5 b2b4 e7e6 c2c4 e8d7 c1a3 b5c4 d1c1 g7g5
4654,a2a4 g7g6 c2c4 b7b5 a1a2 e7e6 d2d4 b5c4 c1d2 e8e7 d1b3 c8b7
4655,a2a3 f7f5 e2e4 a7a6 e4f5 d7d6 g1f3 h7h5 a1a2 d8d7 f1b5 c7c5
4656,b1a3 e7e5 g1f3 a7a5 f3h4 d7d6 g2g4 h7h6 h1g1 g8e7 h2h3 b8d7
4657,g2g4 a7a5 e2e4 f7f6 c2c3 b8a6 d1f3 a8a7 h2h4 g8h6 d2d4 g7g6
4658,g2g4 c7c5 h2h4 f7f6 h1h3 b7b6 d2d3 b8a6 d1d2 a8b8 h3g3 g7g6
4659,e2e3 a7a6 f1d3 g8f6 g2g3 h8g8 b2b4 a8a7 h2h3 g7g6 h3h4 e7e5
4660,g1h3 b8c6 b2b3 g8f6 g2g3 g7g6 b3b4 e7e6 d2d4 h7h5 h3g5 e8e7
4661,d2d4 b8c6 b2b3 e7e6 g2g3 a8b8 c1d2 c6b4 d4d5 g8f6 b1c3 b4d5
4662,a2a4 f7f5 b2b3 g7g6 b1c3 f5f4 c1a3 b7b5 c3b5 d7d5 f2f3 a7a5
4663,g2g3 h7h5 c2c4 g7g6 d1b3 e7e5 e1d1 d7d5 d2d4 e8e7 d4e5 d8e8
4664,g2g3 b8c6 b2b3 g7g6 f1h3 b7b6 e1f1 c6b4 b1a3 d7d5 d2d4 a7a5
4665,h2h3 a7a6 e2e3 b7b5 e1e2 c7c5 b1c3 f7f5 c3b5 e7e6 b2b3 a6b5
4666,a2a3 d7d5 d2d3 g8f6 h2h4 e7e6 f2f4 f8a3 h1h3 b7b5 d3d4 f6e4
4667,b2b3 a7a5 g2g3 e7e6 a2a3 d7d6 b3b4 b7b5 g1f3 e8e7 a1a2 h7h5
4668,e2e4 d7d6 d2d4 f7f5 a2a4 e8d7 e1e2 c7c5 c1d2 d7c6 g2g4 g7g6
4669,c2c4 d7d5 g2g3 f7f5 b2b4 a7a5 f2f4 b7b5 c4d5 a5a4 g1h3 h7h6
4670,e2e4 g7g5 h2h3 c7c6 g1f3 h7h5 e4e5 b7b5 f1b5 c6b5 e1f1 g8h6
4671,h2h3 d7d6 e2e3 h7h5 f1c4 g7g5 b2b4 b8d7 g2g3 a7a6 e1f1 a8a7
4672,b1c3 d7d6 a2a4 c8e6 f2f4 d8d7 h2h4 e8d8 c3d5 b7b6 d5b6 c7b6
4673,a2a4 c7c6 c2c4 e7e5 g1f3 e8e7 a1a3 c6c5 d2d3 d7d5 c1h6 a7a5
4674,g2g3 d7d6 b2b4 f7f5 b1c3 g7g6 c3d5 f8h6 h2h4 b8d7 e2e3 a7a6
4675,d2d4 b8c6 b2b3 g8f6 g2g3 c6d4 b3b4 d4c2 d1c2 g7g6 g3g4 h8g8
4676,d2d4 e7e6 f2f4 h7h6 b2b4 c7c6 e2e3 g7g6 c2c4 e6e5 d4e5 f8b4
4677,h2h3 d7d6 e2e3 h7h6 c2c3 a7a5 g2g4 e8d7 a2a4 c7c5 e3e4 h8h7
4678,c2c4 h7h6 g2g3 d7d6 b2b4 c8g4 g1h3 f7f6 d2d4 b7b5 b1c3 e8d7
4679,g2g3 e7e5 b2b3 g8e7 c1a3 g7g6 a3e7 c7c6 e7f6 d8c7 f6e5 c6c5
4680,b2b3 g7g6 c1a3 b7b5 a3e7 b8c6 d2d3 c6b4 e7b4 c8a6 g2g3 g8f6
4681,h2h3 a7a6 h1h2 f7f5 g2g4 c7c6 e2e3 g7g5 c2c3 e7e6 b2b4 b7b5
4682,g2g3 d7d6 b2b4 e8d7 e2e3 f7f6 d2d4 f6f5 a2a4 b7b6 d4d5 c8a6
4683,a2a4 a7a6 b1c3 b7b5 e2e4 f7f5 f1e2 h7h6 d2d4 c8b7 g1f3 g7g6
4684,a2a3 e7e5 d2d3 f8d6 a3a4 g7g5 e1d2 c7c6 c2c4 h7h5 a4a5 d6f8
4685,b2b4 a7a6 g2g3 a8a7 h2h4 c7c6 d2d3 e7e6 a2a3 e8e7 a1a2 c6c5
4686,a2a3 h7h6 b2b4 e7e5 c2c4 c7c5 f2f4 d7d5 g2g3 f7f5 c4d5 g7g6
4687,a2a4 a7a6 b1c3 d7d6 c3d5 c8e6 d2d3 a8a7 c2c4 f7f6 d5f6 g7f6
4688,h2h3 g8f6 e2e3 a7a6 d1f3 f6d5 c2c3 e7e6 d2d3 d8f6 a2a4 d7d6
4689,b2b3 e7e6 g1h3 g8f6 d2d4 a7a6 g2g3 a8a7 e1d2 c7c5 d4d5 d7d6
4690,e2e3 g8f6 g2g3 e7e6 b2b4 b7b5 b1c3 g7g6 h2h4 f8c5 c3e4 e8g8
4691,b1c3 e7e5 c3a4 d8e7 g1h3 g8f6 g2g4 e5e4 h1g1 h7h5 g1h1 e7c5
4692,a2a4 a7a6 b1c3 g7g6 b2b3 d7d5 f2f3 b7b5 c3d5 e7e6 c2c4 h7h5
4693,g2g4 a7a5 e2e4 g8f6 e1e2 f6e4 c2c3 a8a7 a2a4 e4g3 e2e1 d7d5
4694,a2a4 e7e5 a1a3 d7d5 g2g3 e8e7 a3a2 g7g6 b1c3 d5d4 c3d5 d8d5
4695,g2g3 b7b6 g1f3 d7d5 e2e4 e8d7 e1e2 e7e5 a2a4 d7e7 d2d4 h7h5
4696,a2a4 g7g6 a1a3 g8f6 c2c4 b7b5 d2d4 c7c5 b1c3 b5c4 c1d2 c8b7
4697,g1h3 c7c5 d2d4 f7f5 b1c3 a7a5 d4d5 g7g5 f2f3 e7e6 h1g1 a5a4
4698,g1h3 a7a5 h3g1 h7h6 a2a3 d7d6 d2d4 a5a4 a1a2 c7c5 b1d2 c8e6
4699,g2g3 h7h5 d2d3 e7e5 b2b4 e8e7 c2c4 d7d6 g1h3 e5e4 d3e4 g8f6
4700,b2b3 g7g6 d2d3 b7b5 e1d2 e7e6 h2h3 d7d6 g2g3 g8f6 h3h4 a7a5
4701,d2d4 e7e6 g2g4 e8e7 e2e4 d7d5 f2f4 f7f6 e4d5 d8d5 c2c4 c7c5
4702,a2a4 g7g6 b2b4 g8f6 g2g4 e7e5 c2c4 e5e4 e2e3 b7b5 d2d4 b5c4
4703,a2a4 g7g6 a1a3 e7e6 c2c4 f7f5 d2d4 b8c6 e2e3 h7h5 d1c2 h8h7
4704,a2a4 f7f5 f2f3 b7b5 b1c3 c7c6 a4a5 c8a6 c3e4 h7h6 a1b1 e7e6
4705,h2h3 c7c6 b1a3 g8f6 e2e3 e7e5 g1f3 e5e4 a3c4 d7d6 h3h4 d8a5
4706,f2f3 a7a5 b2b4 b8c6 g2g4 a5b4 h2h4 b7b6 c1b2 f7f6 f1g2 c8a6
4707,h2h3 a7a6 d2d4 d7d5 g1f3 g7g6 b1c3 b7b5 a1b1 a6a5 c3e4 b8c6
4708,h2h3 a7a5 b1c3 a8a6 a2a4 c7c5 a1b1 d7d6 h3h4 b7b5 c3e4 a6a7
4709,c2c4 b7b5 f2f4 f7f6 e2e3 e7e6 d1b3 c7c5 d2d3 g7g6 e1d1 f6f5
4710,a2a4 a7a6 d2d3 e7e6 h2h3 e8e7 e2e3 d7d6 e1e2 g8f6 d3d4 b8d7
4711,a2a4 h7h6 d2d3 g7g5 h2h4 e7e6 f2f3 c7c6 e1f2 f8g7 b1d2 g7e5
4712,g1h3 a7a5 b2b4 d7d5 b4a5 d5d4 e2e3 a8a5 e1e2 b8d7 c1b2 f7f6
4713,g1h3 b8a6 b2b4 b7b6 d2d4 g7g5 g2g3 f7f5 g3g4 c7c6 g4f5 h7h5
4714,h2h3 a7a6 h1h2 f7f5 b1a3 b8c6 b2b3 c6b4 f2f4 e7e5 e2e3 b7b5
4715,g1f3 d7d6 b2b3 d6d5 g2g3 b7b5 e2e4 e7e6 f1b5 e8e7 e4e5 g8f6
4716,a2a4 a7a6 d2d3 f7f5 h2h3 h7h5 f2f3 b7b5 e1d2 g8h6 d3d4 a8a7
4717,g2g4 d7d5 b2b4 g7g6 f2f3 b7b5 g4g5 b8a6 c2c3 a6b4 c3b4 h7h5
4718,a2a4 g7g6 d2d3 b7b5 f2f4 a7a6 c2c3 e7e6 a4a5 h7h5 d3d4 d7d5
4719,a2a4 g7g6 a1a3 f7f5 c2c4 e7e5 f2f3 e5e4 a4a5 d7d6 a3c3 f8e7
4720,h2h3 d7d6 e2e3 h7h6 b2b4 d6d5 c2c3 a7a6 f2f4 e7e5 b4b5 b8c6
4721,g1h3 h7h6 d2d4 a7a5 b2b3 e7e6 g2g3 e6e5 d4d5 c7c5 e1d2 g7g5
4722,a2a4 e7e5 c2c4 d7d5 a1a3 f8a3 g1h3 a3b2 g2g3 g7g6 f2f3 c7c5
4723,f2f3 h7h5 b1a3 g7g6 e2e4 b7b5 f1b5 c8b7 a1b1 h8h6 c2c3 e7e6
4724,a2a4 a7a6 b1c3 b7b5 a4b5 g7g6 b2b3 a6b5 e2e4 c7c5 e1e2 a8a7
4725,b1a3 g8f6 f2f4 e7e5 h2h4 b7b6 e2e3 f6g4 f1b5 c7c6 a1b1 h7h6
4726,g2g4 d7d6 b2b4 h7h6 f2f3 e8d7 e1f2 c7c6 b1a3 e7e5 a3c4 d8c7
4727,g2g4 b7b6 h2h3 a7a6 e2e3 b6b5 b1c3 g8h6 e1e2 b5b4 g1f3 g7g5
4728,a2a4 h7h5 g2g3 e7e5 g3g4 h5g4 g1h3 c7c6 a1a2 f8a3 c2c4 e8e7
4729,a2a4 a7a6 g2g3 a8a7 b2b4 f7f5 h2h4 d7d6 c2c4 b7b6 c1a3 e8d7
4730,h2h4 c7c5 e2e4 b7b5 e1e2 f7f5 a2a3 d7d6 g1f3 g8h6 e4f5 h6g8
4731,e2e4 d7d5 e4d5 e7e6 g1f3 g8f6 d2d4 g7g6 f1b5 b8c6 b5c6 c8d7
4732,e2e3 g8f6 g2g3 f6g4 h2h3 c7c5 c2c4 e7e6 f2f4 b7b6 d2d3 f7f6
4733,h2h3 a7a6 d2d3 g7g6 c1g5 b7b6 e2e4 g8f6 f2f4 h8g8 f4f5 h7h5
4734,b2b3 e7e6 g2g3 g7g6 d2d4 h7h5 c1g5 b7b5 e1d2 g8f6 d4d5 f6d5
4735,g1h3 a7a6 b2b3 a8a7 c1a3 h7h5 a3b2 f7f6 d2d3 d7d6 c2c4 g8h6
4736,c2c4 b8a6 d2d3 f7f5 b2b4 b7b5 f2f3 a6c5 h2h4 c8a6 d1d2 c5e6
4737,h2h4 c7c5 b1a3 d7d5 f2f4 e8d7 e2e3 f7f6 f1b5 d7c7 e1e2 e7e6
4738,g2g4 f7f6 c2c3 e7e5 b2b4 c7c5 c3c4 h7h6 g1h3 c5b4 a2a4 d7d5
4739,e2e3 f7f5 d2d4 b8a6 g1f3 g7g5 g2g4 e7e6 b2b4 f8b4 c2c3 h7h6
4740,g2g3 a7a6 b2b3 f7f5 b1c3 d7d6 d2d4 a8a7 a2a4 d8d7 a4a5 f5f4
4741,g2g4 e7e5 h2h3 h7h6 h1h2 c7c6 b1a3 d8a5 a1b1 e8e7 g1f3 g7g5
4742,e2e3 g8f6 g2g3 f6h5 g1h3 d7d5 a2a3 b8c6 a1a2 e8d7 h3g5 d5d4
4743,c2c4 b7b5 b1a3 b5c4 e2e4 c8b7 g1f3 e7e5 a3c2 g8h6 a1b1 g7g6
4744,g1h3 d7d5 d2d4 f7f5 b1c3 g7g5 c1d2 a7a6 h1g1 h7h5 g2g3 e8f7
4745,g2g4 d7d5 b2b4 h7h6 e2e4 c8g4 h2h4 c7c5 g1h3 a7a5 b4a5 a8a5
4746,g2g3 d7d6 b2b4 e8d7 h2h4 b8a6 f2f3 f7f6 b4b5 e7e5 d2d3 g7g5
4747,b2b4 h7h6 g2g3 c7c6 h2h4 e7e5 d2d4 g7g5 e1d2 d8a5 e2e3 f7f5
4748,a2a4 a7a6 d2d3 a6a5 f2f4 g7g5 h2h4 e7e5 f4e5 h7h6 b1a3 e8e7
4749,h2h3 a7a6 d2d3 a8a7 c2c4 g8f6 c1g5 h8g8 b1c3 a6a5 g5e3 d7d5
4750,a2a4 d7d5 a4a5 g8f6 f2f4 a7a6 d2d3 b7b5 c2c4 e7e6 c4c5 e8e7
4751,a2a4 a7a6 b1c3 d7d5 f2f4 h7h5 c3d5 g7g5 a1a2 f7f5 a4a5 c7c6
4752,g2g3 f7f5 h2h4 b8a6 c2c3 c7c5 d2d3 e7e6 g1h3 f5f4 g3f4 b7b6
4753,d2d4 h7h5 d4d5 b7b5 e1d2 e7e6 f2f3 g8h6 b2b3 c7c6 a2a4 c6d5
4754,a2a4 g7g6 a4a5 b7b5 f2f3 b8c6 e2e3 c8a6 f1d3 d7d6 b1a3 h7h6
4755,e2e3 g7g5 g1e2 f8h6 d2d4 g8f6 e1d2 f6h5 c2c4 b7b6 b2b3 e8f8
4756,b2b4 g7g6 e2e3 b7b5 g2g3 c8a6 f1h3 c7c5 g1f3 g8h6 f3g1 h6g4
4757,h2h3 c7c6 e2e3 d7d6 e1e2 g7g5 c2c4 f7f5 g2g4 e7e5 b2b4 b8a6
4758,e2e4 h7h5 e4e5 g7g5 g2g3 h8h6 g1e2 f7f5 h1g1 h5h4 b2b3 e8f7
4759,e2e4 h7h5 e4e5 d7d6 g1f3 h5h4 f1d3 f7f5 c2c3 c8d7 b2b3 d6e5
4760,h2h3 h7h5 c2c3 d7d5 g2g4 e7e5 f2f4 d8h4
4761,a2a4 a7a5 g1f3 a8a6 a1a2 c7c5 c2c4 a6c6 d2d4 f7f6 e1d2 g8h6
4762,g2g3 c7c5 b2b3 g7g5 c1b2 a7a5 c2c4 a8a7 b1a3 b8a6 b2f6 e7f6
4763,a2a4 a7a5 b1c3 b8c6 f2f4 b7b6 h2h3 d7d5 c3e4 h7h6 e2e3 a8b8
4764,e2e4 e7e6 b1a3 a7a5 g2g4 a5a4 f1d3 e6e5 c2c3 a8a7 d1a4 b8a6
4765,g2g3 d7d6 b2b4 b7b6 g1f3 c7c6 c2c4 f7f5 e2e3 c8a6 f1e2 g7g5
4766,a2a4 a7a5 b1c3 b7b5 h2h4 g7g5 f2f4 g5f4 b2b4 a5b4 e2e4 c7c5
4767,g1h3 a7a6 b2b3 a8a7 d2d4 g8f6 h3f4 d7d5 g2g3 c8f5 f1h3 e7e5
4768,d2d4 e7e6 g1f3 h7h6 e2e3 e8e7 c2c4 g7g5 b2b3 b7b5 g2g3 h6h5
4769,a2a4 a7a6 b1c3 g7g6 f2f4 h7h5 a4a5 b7b5 a5b6 d7d6 b6c7 b8d7
4770,e2e3 a7a5 h2h3 g8h6 e1e2 a8a7 b2b4 a7a8 g2g3 b7b6 d2d3 b8a6
4771,h2h3 g8f6 h3h4 e7e5 g2g3 e5e4 h1h2 d7d6 d2d3 b8d7 b2b3 e4d3
4772,d2d4 h7h5 f2f4 d7d5 a2a3 g7g5 e1d2 e7e5 h2h4 e8e7 e2e3 f7f5
4773,g2g4 b8c6 e2e4 c6a5 b2b3 d7d6 c2c3 g8h6 h2h4 c7c5 d2d4 e8d7
4774,e2e3 g8f6 f2f4 f6e4 h2h3 e7e6 g2g4 f8b4 c2c4 e6e5 d1c2 d7d5
4775,g2g3 d7d6 b2b4 e8d7 f2f3 f7f6 h2h4 b7b6 h1h3 g7g6 g3g4 c7c6
4776,h2h4 b8a6 a2a4 f7f6 d2d3 b7b5 g2g3 a6b4 b2b3 b4c2 d1c2 e7e5
4777,g2g4 b8a6 h2h3 b7b5 e2e4 c7c5 b2b4 f7f6 f2f3 a8b8 b4c5 a6b4
4778,a2a4 g7g6 d2d3 h7h5 c1g5 e7e5 a4a5 f7f5 g2g3 e5e4 h2h4 b8c6
4779,h2h3 d7d6 e2e3 g7g5 e3e4 h7h6 a2a3 g8f6 g1f3 f6d5 a3a4 a7a6
4780,h2h3 g8f6 e2e3 f6d5 a2a4 a7a6 a1a2 d5f6 d2d3 d7d6 b1d2 h8g8
4781,b2b3 e7e6 e2e3 d7d5 b3b4 b8c6 f2f3 f7f6 g2g3 e8e7 c1b2 c8d7
4782,a2a4 a7a6 b1c3 b8c6 f2f4 a6a5 h2h4 b7b5 e2e4 b5a4 h4h5 d7d5
4783,e2e4 h7h5 e4e5 d7d6 b1c3 h5h4 f2f3 a7a6 e5d6 e7d6 b2b4 e8e7
4784,h2h3 d7d5 g1f3 h7h5 b1c3 g7g6 a1b1 a7a5 f3d4 c7c5 e2e4 c5d4
4785,h2h3 g8f6 g2g3 e7e5 h3h4 e5e4 e2e3 b8a6 a2a4 f6d5 b1a3 f8a3
4786,b1a3 a7a5 g2g4 b8a6 c2c3 a8b8 f2f4 h7h6 a3c2 g7g6 d2d3 b7b5
4787,a2a3 f7f5 h2h4 b8c6 f2f4 a7a5 b2b4 h7h5 e2e3 a5b4 d2d4 d7d5
4788,b2b3 a7a6 g2g4 a8a7 f2f3 a6a5 c2c4 f7f6 g4g5 a5a4 f1h3 b7b6
4789,g1h3 a7a5 b2b4 a5a4 d2d3 c7c5 e1d2 e7e6 e2e3 d7d5 d1e2 g8f6
4790,g1h3 e7e5 b2b4 g8e7 c2c4 g7g6 f2f4 b8c6 c1a3 d7d5 d1c2 a7a5
4791,e2e3 g7g5 g2g3 e7e5 b2b4 f8b4 c2c4 b8a6 c1b2 b4d2 d1d2 f7f5
4792,a2a3 a7a5 a1a2 f7f5 e2e4 d7d6 c2c3 c7c5 d1c2 f5f4 h2h3 d8d7
4793,a2a4 a7a6 d2d3 g7g6 d1d2 b7b5 a4a5 d7d5 e1d1 a8a7 e2e4 e7e6
4794,g1f3 d7d6 d2d4 h7h6 b2b3 a7a5 e2e3 c8e6 g2g3 h8h7 f1c4 a8a6
4795,e2e4 h7h5 b1c3 e7e6 c3a4 a7a6 f1b5 a8a7 e1e2 g8e7 g2g4 h8g8
4796,e2e4 d7d5 e4d5 f7f6 g1e2 b7b5 c2c3 c7c5 f2f4 b8c6 d5c6 d8c7
4797,e2e4 a7a6 g2g4 f7f6 c2c3 c7c5 f2f4 e7e5 d2d4 e5f4 d1f3 f8e7
4798,c2c4 d7d5 f2f4 f7f5 h2h3 e7e5 g2g3 h7h5 d2d3 c7c6 f1g2 d8c7
4799,h2h3 a7a6 h1h2 d7d6 g2g4 g7g6 e2e3 b8d7 c2c4 h7h5 g1e2 f7f6
4800,a2a4 b8c6 c2c4 g7g5 a4a5 f7f5 e2e4 h7h5 a1a4 c6a5 g2g3 e8f7
4801,g1h3 b7b6 b2b3 g8f6 g2g3 e7e5 c1a3 e5e4 a3e7 c8b7 e7f8 c7c5
4802,b2b3 h7h5 e2e3 g7g5 f1d3 e7e5 g2g3 c7c6 e1f1 g8e7 c2c4 f8h6
4803,d2d3 d7d5 f2f4 b8c6 a2a3 b7b5 h2h4 g7g6 d1d2 e7e6 e1d1 e8e7
4804,a2a4 a7a6 c2c4 f7f5 d2d3 g7g5 e1d2 d7d6 g2g4 f8h6 g4f5 b8d7
4805,d2d3 e7e6 f2f4 b7b5 g2g4 c7c5 a2a3 g8f6 b2b4 f8e7 a1a2 c5c4
4806,h2h4 b8a6 d2d4 f7f6 b2b3 e7e5 c1g5 c7c6 e2e4 f8b4 c2c3 f6f5
4807,a2a4 d7d5 a4a5 e7e5 f2f4 e8e7 g1h3 b7b6 a5b6 c7b6 h3f2 b8c6
4808,g2g4 b7b6 c2c4 c8a6 d2d3 d7d5 f2f4 c7c5 d3d4 e7e6 b1c3 f7f5
4809,h2h3 h7h5 d2d3 g7g5 g2g3 d7d6 f2f3 c7c6 c2c4 f7f5 d1b3 h8h6
4810,h2h4 a7a6 f2f3 b7b6 a2a3 e7e6 e2e4 d7d6 a1a2 g8f6 d2d4 c8b7
4811,g2g3 e7e5 b2b3 b7b5 b1c3 h7h5 e2e4 d7d5 h2h4 c8g4 c3d5 g4d1
4812,h2h3 c7c6 e2e3 g7g5 b1c3 e7e5 e3e4 e8e7 f2f3 d7d5 g2g3 d8d7
4813,c2c4 e7e6 b2b4 e8e7 g2g4 g8f6 b1a3 f6e4 a3b5 b8a6 d2d3 f7f6
4814,c2c4 f7f6 g2g4 e7e5 b2b4 b7b5 f1g2 b5c4 g4g5 c8a6 g1f3 g7g6
4815,f2f4 b7b5 b2b4 g7g6 e1f2 h7h5 c2c3 c8a6 h2h4 d7d6 e2e3 g8h6
4816,f2f4 b7b5 c2c4 b5c4 d2d3 e7e6 g1h3 c4d3 f4f5 c8a6 e2d3 g8f6
4817,c2c4 d7d5 f2f4 b8c6 h2h4 h7h6 a2a4 a7a5 e1f2 f7f6 d2d3 d5d4
4818,e2e4 h7h5 a2a4 h5h4 f2f4 f7f5 b1a3 a7a5 g1f3 b8c6 f1a6 g8h6
4819,g2g4 b7b5 h2h3 g7g6 c2c3 c7c5 e2e4 e7e5 g1f3 h7h5 d1e2 c8a6
4820,b2b3 a7a5 g2g3 e7e6 c2c4 b7b5 f1g2 d7d5 c4d5 g7g6 b3b4 h7h5
4821,h2h3 g8f6 b2b4 c7c6 e2e3 b8a6 g2g3 e7e5 e1e2 f8b4 c1b2 g7g5
4822,d2d3 e7e6 g1f3 b7b5 a2a3 d8h4 h1g1 h4h2 f3e5 g7g6 e1d2 h2g1
4823,e2e4 h7h5 e4e5 g8f6 a2a4 a7a6 d2d3 a8a7 c2c4 h8h7 c4c5 d7d6
4824,g1h3 d7d5 d2d4 h7h5 g2g3 e8d7 b1c3 b7b5 c1d2 g7g6 h3f4 e7e6
4825,h2h3 h7h5 c2c3 e7e5 d2d3 f7f5 h1h2 g8f6 f2f4 f6g4 f4e5 c7c5
4826,a2a4 g7g5 a4a5 e7e5 a1a2 e8e7 f2f3 e5e4 c2c3 b7b6 d2d4 a7a6
4827,h2h3 h7h5 a2a4 f7f5 g1f3 a7a6 d2d3 c7c6 a1a3 d7d6 f3d4 c8e6
4828,a2a3 a7a5 a1a2 e7e5 d2d3 e8e7 b1d2 d7d5 h2h3 d5d4 b2b4 a5b4
4829,g2g4 h7h5 h2h4 h5g4 d2d3 e7e6 f2f4 c7c6 c2c4 e6e5 f4e5 f7f5
4830,e2e4 h7h5 b2b4 g7g5 a2a4 c7c5 b4c5 g8h6 c1b2 h8g8 a4a5 d8c7
4831,h2h4 b8a6 f2f4 b7b6 e2e3 a6c5 d2d3 g7g6 g2g3 c5b3 a2a4 c8a6
4832,e2e4 d7d5 e4d5 e7e6 g1f3 g8f6 b1c3 e8e7 d2d4 c7c5 h1g1 d8a5
4833,h2h3 a7a6 d2d3 d7d6 g1f3 g8f6 a2a4 b7b5 c2c3 f6g8 e1d2 e7e6
4834,a2a4 f7f5 d2d4 d7d5 a1a2 f5f4 a4a5 a7a6 b1a3 a8a7 h2h3 e7e5
4835,g1h3 h7h6 d2d4 d7d6 c2c4 a7a5 b2b4 f7f6 b1c3 h6h5 d4d5 b7b5
4836,a2a3 g7g6 d2d3 b7b5 e1d2 h7h5 b2b3 d7d6 g2g4 e7e5 f2f3 b8a6
4837,g2g4 d7d5 b2b4 h7h6 f2f3 e7e5 e1f2 e8e7 f3f4 c7c6 h2h4 a7a5
4838,e2e4 h7h5 d2d4 g7g6 f1c4 d7d5 c4d5 a7a5 h2h4 f7f5 d5g8 h8h7
4839,b1c3 e7e5 c3a4 g8h6 f2f4 e5f4 g2g3 h6f5 h2h3 f8b4 e2e3 b7b5
4840,e2e3 g8h6 f1a6 g7g6 c2c4 d7d6 f2f4 b7b5 d2d4 c8g4 e1d2 f7f5
4841,g2g4 a7a6 c2c4 b7b6 d1a4 f7f6 f1g2 c8b7 e1d1 e7e5 a4a3 c7c6
4842,f2f4 b8c6 h2h3 b7b6 c2c3 g7g6 e2e4 f7f6 g2g3 c8a6 d1c2 f8h6
4843,g1h3 g7g5 b2b4 g8f6 g2g3 e7e5 h1g1 e8e7 h3f4 d7d6 c1a3 a7a6
4844,b2b4 h7h6 g2g3 d7d6 f2f3 c8g4 h2h3 g7g6 h3g4 b7b6 c1a3 h6h5
4845,g2g4 d7d5 b1a3 c8d7 h2h3 g7g6 e2e3 d5d4 b2b4 b7b5 f2f3 a7a6
4846,h2h3 g8f6 d2d3 d7d6 a2a4 a7a5 e2e3 f6h5 d1d2 b7b5 g2g4 h7h6
4847,b2b4 g7g6 e2e4 b8c6 c2c4 b7b5 g2g4 f8g7 f1e2 f7f6 b1c3 b5c4
4848,e2e3 a7a6 e3e4 d7d6 f1d3 g8f6 g1e2 c8h3 b2b4 e7e6 g2g3 e8e7
4849,g2g4 b7b6 c2c4 a7a5 a2a4 b6b5 a1a3 h7h6 d1b3 b5c4 e2e4 e7e5
4850,a2a4 d7d5 d2d3 e7e6 e2e3 g8f6 g1f3 a7a5 c2c4 c8d7 c4d5 g7g6
4851,g1h3 d7d5 b2b3 f7f5 b1c3 g8f6 d2d4 f6h5 h3f4 a7a6 g2g3 d8d6
4852,g1h3 b7b5 b2b4 g7g6 g2g3 h7h5 d2d3 d7d5 c1g5 e7e6 c2c3 e8d7
4853,e2e3 g8h6 c2c4 d7d5 g1f3 a7a5 d2d4 g7g6 e1d2 b7b5 g2g4 e8d7
4854,a2a4 a7a6 d2d3 b7b5 a4b5 d7d6 d3d4 f7f5 e2e3 h7h5 d1d2 g7g5
4855,e2e4 a7a5 g2g4 g8f6 e1e2 d7d6 a2a4 c8g4 e2e3 h7h6 f2f3 h8g8
4856,g2g4 a7a5 e2e4 f7f6 e4e5 a8a7 c2c3 b8a6 d2d3 e8f7 e5e6 f7e8
4857,e2e3 b7b5 f1b5 c7c5 b5d7 c8d7 c2c4 e7e6 e1e2 f7f5 g1f3 g7g5
4858,g2g4 b7b6 h2h4 h7h5 c2c4 h5g4 f2f4 e7e5 b1a3 f7f6 d1b3 c8b7
4859,g1f3 d7d6 d2d4 a7a6 a2a4 f7f5 e2e3 b8d7 c2c4 e7e5 f3e5 g7g5
4860,g1h3 h7h6 d2d4 h6h5 f2f4 f7f5 d4d5 b7b5 c2c3 b8c6 c3c4 c8b7
4861,h2h3 g8h6 d2d3 d7d5 a2a4 c7c5 e2e4 h6g4 e1d2 g4f6 d3d4 d8c7
4862,b2b4 b8c6 h2h3 g7g6 d2d3 h7h6 g2g3 d7d6 e1d2 b7b6 d3d4 f7f6
4863,e2e4 d7d5 e4d5 g8f6 g1f3 e7e5 a2a4 f6d5 d2d3 e8e7 b2b4 a7a5
4864,g2g4 b7b6 h2h4 g7g6 d2d3 e7e5 c1e3 b8a6 e3g5 f8h6 a2a3 e8f8
4865,c2c3 c7c5 b1a3 g7g5 e2e4 g8f6 f1b5 f6e4 g1e2 d8a5 f2f4 g5f4
4866,g1f3 c7c5 e2e4 g7g5 e4e5 a7a5 h2h3 a8a6 g2g3 f8g7 f1e2 f7f6
4867,e2e4 e7e6 f1b5 e8e7 a2a4 b8c6 g2g4 g7g6 h2h3 h7h6 g1e2 g6g5
4868,h2h4 b8c6 g2g4 g7g5 h4g5 f8g7 b2b4 e7e6 e2e4 b7b5 e4e5 e8e7
4869,e2e4 a7a5 g2g4 h7h6 f2f3 e7e5 a2a4 e8e7 f1d3 c7c6 e1f1 a8a6
4870,b2b4 g7g6 a2a3 b7b6 d2d4 h7h5 e2e3 d7d5 e1e2 e7e6 e2f3 e8e7
4871,h2h3 g8f6 e2e3 g7g6 g2g3 e7e5 h3h4 f8b4 b1c3 e5e4 f1h3 c7c6
4872,a2a4 e7e5 a1a2 a7a5 g1f3 e8e7 d2d3 d7d5 b2b4 h7h5 c1g5 f7f6
4873,b2b4 f7f6 g2g3 h7h5 a2a4 g7g6 f1h3 b7b6 e2e3 e7e5 h3g2 h8h7
4874,e2e3 g8h6 c2c4 b8c6 b2b3 c6b4 d2d4 d7d5 d1d2 a8b8 f2f4 h6f5
4875,h2h4 f7f6 g2g3 e7e5 b2b4 f8b4 a2a4 b8a6 g1h3 c7c6 g3g4 a8b8
4876,g1h3 a7a5 a2a4 b7b5 b1c3 g7g6 c3b5 d7d5 b5d6 c7d6 h3g1 d5d4
4877,b1c3 b7b6 e2e3 g8f6 a1b1 g7g6 f1b5 e7e5 c3d5 e5e4 c2c3 f8a3
4878,f2f4 b7b5 c2c4 f7f6 e2e3 e7e6 d2d4 c7c5 b2b3 c5d4 h2h3 f6f5
4879,g2g3 c7c5 b1a3 g7g5 c2c4 f8g7 g3g4 b8c6 a1b1 a8b8 e2e3 e8f8
4880,c2c4 b8a6 d2d3 f7f5 c4c5 a6b4 f2f4 e7e5 c1d2 a7a5 d1c1 g8h6
4881,g2g3 d7d6 b2b4 h7h6 f2f3 b7b6 e2e3 c7c6 b1c3 f7f5 c1b2 e8d7
4882,a2a4 f7f5 h2h3 a7a6 b1c3 e8f7 f2f3 b7b5 e1f2 c7c6 b2b3 d7d5
4883,g2g3 c7c5 b1a3 e7e6 g3g4 f7f5 e2e4 f5f4 g1e2 d8g5 f1g2 b7b5
4884,g2g3 g8f6 b1a3 e7e5 a3c4 e5e4 b2b4 c7c6 a1b1 d7d6 c1a3 a7a6
4885,e2e3 e7e5 d2d4 e5d4 e1e2 f7f5 g1f3 g8h6 c1d2 h6g4 c2c4 d8h4
4886,e2e3 a7a6 c2c4 e7e6 g1h3 g8f6 f1e2 d7d5 f2f4 f8d6 g2g4 b7b5
4887,h2h3 g7g6 d2d3 h7h5 a2a4 g6g5 g2g4 b7b5 f2f3 h5g4 e2e4 c7c6
4888,g2g4 d7d5 b1a3 e7e5 h2h3 h7h6 e2e3 h8h7 a3b5 a7a5 a1b1 a8a7
4889,e2e4 b7b5 c2c3 d7d6 f1b5 c8d7 b1a3 c7c5 g1e2 g8h6 g2g3 b8c6
4890,g1h3 c7c5 e2e3 b7b5 c2c4 d7d5 b1a3 g8f6 f2f4 e7e6 d1h5 a7a5
4891,d2d4 e7e6 e2e4 f8d6 b1a3 f7f5 g2g4 g8f6 e1e2 d6f4 c1f4 f6g4
4892,g2g3 d7d6 b2b4 e8d7 h2h4 b7b6 f2f3 d7e8 b4b5 e8d7 h1h2 a7a5
4893,e2e4 h7h5 a2a4 f7f5 e4f5 c7c6 c2c4 d7d6 b1a3 e8f7 d2d4 g7g6
4894,a2a4 g7g5 g2g3 e7e5 b1a3 h7h6 a1b1 b8a6 b2b3 f8b4 f1h3 e8e7
4895,a2a4 a7a5 b2b4 d7d6 d2d3 g8f6 g1f3 c8g4 c1g5 h8g8 b1c3 d8c8
4896,a2a4 d7d5 a4a5 e7e5 f2f3 e8e7 g1h3 c7c6 g2g4 c8e6 h3g5 d8d7
4897,b2b3 a7a5 g2g3 g7g6 b3b4 h7h5 e2e3 e7e5 c2c4 e8e7 d1c2 a5b4
4898,a2a3 e7e5 a1a2 f7f6 f2f3 f8d6 d2d3 c7c5 e1d2 b8a6 b2b3 c5c4
4899,d2d4 g8h6 g1f3 g7g5 e2e3 h8g8 c2c4 h6g4 a2a4 e7e5 a1a3 d7d5
4900,h2h4 b8a6 e2e4 a6c5 d1f3 g7g6 e1e2 f7f6 e2e1 f8h6 c2c3 a8b8
4901,d2d3 e7e6 h2h3 h7h5 f2f3 d7d6 a2a4 b7b5 g2g4 g8f6 e2e4 c8a6
4902,d2d4 e7e6 f2f4 e8e7 e2e3 g7g5 c2c4 d7d5 f4f5 e6f5 c4d5 d8d5
4903,e2e3 a7a6 c2c4 e7e5 g2g4 d7d5 b2b4 c8d7 g1h3 f7f5 g4f5 e8e7
4904,h2h3 h7h5 e2e3 g7g5 a2a3 e7e5 e3e4 d7d5 h1h2 d5e4 a1a2 e4e3
4905,a2a4 e7e6 a1a3 c7c5 g1f3 f7f5 a3b3 f5f4 d2d4 g7g6 c1f4 b8a6
4906,a2a4 b7b5 b2b4 a7a6 a1a2 a8a7 a4b5 b8c6 a2a6 c6e5 d2d3 d7d6
4907,d2d4 d7d5 f2f3 g8f6 b1c3 b8c6 a1b1 e7e6 c1e3 e8e7 h2h3 e6e5
4908,a2a4 a7a6 b1c3 f7f5 b2b3 a8a7 f2f4 d7d5 a4a5 e7e6 e2e3 b8d7
4909,a2a4 b7b5 d2d3 d7d6 g1f3 g8f6 a4a5 g7g6 e2e3 e7e6 e1e2 d8e7
4910,a2a4 f7f5 b1c3 f5f4 c3a2 b7b5 h2h3 c7c5 e2e4 e7e5 d1f3 d8e7
4911,b2b4 b7b6 g2g3 b6b5 f2f3 f7f6 h2h4 h7h5 f1g2 g7g6 d2d3 b8c6
4912,e2e4 h7h5 b2b4 g8h6 a2a4 g7g5 g1e2 b7b5 e2d4 h8g8 g2g4 h6g4
4913,a2a4 f7f5 h2h3 b8c6 f2f4 a7a5 b1c3 h7h6 b2b4 h8h7 b4a5 b7b6
4914,d2d3 a7a6 h2h3 b8c6 f2f3 a8b8 c2c4 f7f6 d1d2 c6d4 d2h6 d7d6
4915,b2b4 g7g6 g2g3 h7h5 d2d3 b7b5 h2h4 e7e5 c1g5 h8h6 f2f3 c7c6
4916,g2g4 f7f6 h2h3 c7c6 d2d3 b7b6 f2f4 g7g5 c2c4 h7h5 a2a3 d8c7
4917,e2e4 h7h5 b2b4 d7d5 e4d5 g7g5 b4b5 b7b6 g2g3 c8g4 h2h4 e8d7
4918,a2a3 f7f5 d2d3 c7c5 h2h3 e7e6 b1d2 d7d5 a1a2 d8c7 e2e3 c7f4
4919,a2a3 d7d5 a1a2 a7a6 d2d4 a8a7 c1f4 f7f6 g1f3 b8d7 b1c3 e8f7
4920,g2g3 d7d6 b2b4 e8d7 f2f3 f7f6 h2h4 d7e6 g3g4 b7b6 c2c3 c7c6
4921,g2g3 a7a6 b2b3 d7d6 d2d3 d6d5 b3b4 e7e6 h2h4 e8e7 h1h2 d8d7
4922,g2g3 f7f5 h2h3 c7c6 b1a3 e7e6 b2b4 g8h6 g3g4 d8f6 h3h4 c6c5
4923,e2e4 b8c6 g1f3 d7d5 g2g3 e8d7 e4d5 e7e5 b2b3 h7h5 c1b2 g7g6
4924,d2d3 d7d6 g1f3 a7a5 a2a4 g8f6 c1g5 b7b5 g5f6 e7e6 a1a3 g7g6
4925,h2h3 g8f6 g2g4 c7c6 e2e3 e7e5 d1f3 e5e4 e1e2 f8c5 d2d4 e4f3
4926,a2a3 c7c5 e2e4 b7b5 e1e2 f7f5 d1e1 d7d6 e4e5 e7e6 c2c3 f5f4
4927,h2h3 d7d6 g2g3 h7h5 b2b4 a7a6 e2e3 e8d7 c2c4 b7b5 d2d4 f7f6
4928,a2a4 f7f5 b1c3 b8c6 b2b3 h7h6 c3d5 a7a5 g2g3 g7g6 d2d4 e7e6
4929,f2f4 b7b5 c2c4 h7h5 e2e3 b5c4 g2g3 a7a5 d2d4 f7f6 d1d2 e7e6
4930,a2a4 e7e6 h2h3 c7c5 b1a3 g8h6 e2e4 d7d6 e1e2 h8g8 g1f3 g8h8
4931,a2a4 b7b5 d2d3 g7g6 a4b5 f7f6 f2f3 h7h5 c1d2 a7a5 a1a5 e7e6
4932,g1h3 d7d5 d2d4 g8f6 g2g3 a7a6 h1g1 g7g6 c1d2 a8a7 b1c3 e7e6
4933,g1h3 c7c5 b2b4 f7f5 f2f3 e7e6 e2e3 d7d5 f3f4 g8e7 h1g1 d5d4
4934,f2f3 a7a6 g2g3 d7d6 b2b4 f7f6 h2h4 g7g5 g3g4 h7h5 g1h3 d8d7
4935,e2e4 d7d5 h2h4 h7h5 f1e2 e7e5 d2d4 e8e7 b1c3 b8c6 f2f4 g7g5
4936,h2h3 g8f6 g2g3 e7e5 h3h4 e5e4 h1h2 e8e7 d2d4 c7c6 e1d2 f6g8
4937,a2a4 e7e6 h2h3 c7c5 e2e4 d7d5 a1a3 g8f6 g1f3 d8d7 e1e2 f6e4
4938,a2a4 a7a5 a1a3 f7f5 d2d4 c7c5 f2f3 d7d6 d4d5 b7b5 c1d2 h7h6
4939,g2g3 d7d6 b2b4 b7b6 f2f3 c8h3 c1a3 f7f5 e2e3 c7c6 f1d3 a7a6
4940,a2a4 f7f5 b1c3 b8c6 b2b3 h7h6 f2f4 e7e6 a4a5 h6h5 c3a2 b7b5
4941,g2g3 d7d6 b2b4 b7b6 h2h4 h7h5 g1h3 f7f5 e2e3 e7e6 f2f3 h8h7
4942,g1h3 a7a5 b2b4 b7b5 c2c4 f7f6 f2f4 d7d5 b4a5 b8c6 h3g1 d5d4
4943,e2e4 h7h5 g1f3 g7g6 f3e5 b7b5 c2c3 c8a6 h2h3 f7f5 e5f3 f5e4
4944,a2a4 e7e6 a1a3 h7h6 g1h3 g7g6 h1g1 b8a6 c2c4 a8b8 g2g4 f8b4
4945,e2e4 h7h5 e4e5 e7e6 g1f3 g7g5 f3h4 b7b5 a2a3 g8f6 e1e2 d7d6
4946,a2a4 e7e6 e2e3 d7d5 b2b4 g8f6 e1e2 f8b4 g1h3 b8a6 b1a3 c7c6
4947,h2h3 g7g6 d2d3 g8h6 f2f4 d7d5 e1d2 d5d4 b2b3 g6g5 f4f5 e8d7
4948,g2g4 e7e5 h2h4 h7h6 g1h3 d7d5 a2a4 f8e7 a1a3 g8f6 d2d3 a7a5
4949,b2b4 g7g6 a2a4 g8f6 f2f3 b8c6 f3f4 h8g8 h2h4 e7e5 c1a3 e5e4
4950,e2e4 h7h5 e4e5 d7d6 d2d3 d6e5 g1f3 c8f5 e1d2 d8d5 c2c4 h8h7
4951,d2d4 e7e6 f2f3 b8c6 c1d2 f7f5 g2g3 g8h6 f1g2 b7b6 g1h3 a7a5
4952,b2b4 a7a5 a2a4 b7b5 a1a2 a8a7 a4b5 c8b7 c1a3 a5b4 d2d3 b7e4
4953,a2a4 e7e6 e2e3 b7b5 f1b5 c7c5 g1f3 c8b7 b2b4 b7f3 e1f1 e8e7
4954,e2e3 b7b5 d2d4 e7e6 f1e2 e8e7 g1f3 b8c6 c1d2 g7g6 h1f1 f8g7
4955,g2g4 a7a5 b2b3 a5a4 b3a4 b7b6 c2c4 a8a4 d1b3 f7f6 f1g2 e7e5
4956,g2g4 e7e5 h2h4 h7h6 e2e4 d7d5 d2d4 a7a5 g1f3 f7f5 e4d5 g8f6
4957,g2g3 d7d6 c2c4 h7h6 b2b3 e8d7 h2h3 a7a5 b1c3 f7f6 c3d5 e7e5
4958,g2g3 d7d6 h2h4 h7h5 b2b4 c7c6 g1h3 f7f5 e2e3 b7b6 d2d3 c8b7
4959,b1a3 e7e6 h2h3 f7f6 g2g4 e6e5 a3b5 h7h6 b5c7 d8c7 a2a4 h8h7
4960,g2g3 g7g6 h2h4 b8c6 e2e4 e7e5 e1e2 c6d4 e2e1 f7f5 b2b3 f8e7
4961,a2a3 f7f5 e2e4 a7a6 e4f5 d7d6 d2d3 e7e6 g1f3 d8d7 h2h4 g8e7
4962,h2h3 c7c6 e2e3 f7f5 e1e2 g7g5 e3e4 c6c5 d2d4 d8b6 c2c4 e7e5
4963,f2f3 c7c5 d2d3 g7g5 h2h3 d7d6 e2e4 h7h5 d3d4 f7f5 b1c3 c5c4
4964,e2e3 b7b5 a2a3 b5b4 h2h3 g7g6 g2g3 g8h6 h3h4 d7d6 d2d3 e7e6
4965,a2a4 g7g6 e2e3 g8f6 f1b5 h8g8 g2g4 f6h5 b2b4 c7c6 e1e2 g6g5
4966,g2g4 h7h6 h2h4 g7g6 e2e4 b7b5 c2c3 h6h5 h1h3 g8f6 h3d3 f6e4
4967,g2g4 e7e5 g4g5 a7a5 h2h4 e8e7 g1h3 b7b6 h1g1 e7d6 b2b3 f7f5
4968,g2g4 b7b6 c2c4 f7f6 f1g2 b6b5 b2b3 c8a6 b1a3 e7e5 a1b1 b5b4
4969,g2g3 d7d6 b2b4 b7b6 f1h3 f7f5 d2d4 g7g6 g3g4 c7c6 c1h6 f5g4
4970,a2a4 a7a6 d2d3 b7b5 a4b5 a6b5 b2b4 a8a7 a1a2 d7d6 b1d2 b8d7
4971,a2a4 c7c6 d2d4 e7e5 g1f3 e8e7 a1a2 a7a5 h2h3 g7g5 c1g5 g8f6
4972,a2a4 a7a5 b1c3 h7h5 f2f4 d7d6 e2e3 c8h3 g2h3 g7g5 f1g2 b7b5
4973,a2a4 b8c6 a4a5 b7b6 e2e4 f7f6 a1a2 c6a5 h2h3 c8a6 c2c3 c7c5
4974,e2e3 d7d5 f1d3 c8e6 g1f3 f7f6 b2b3 h7h6 c1b2 e8d7 f3g5 f6g5
4975,g1f3 b7b6 e2e3 g7g6 e1e2 g8h6 b2b4 e7e6 f3e5 d7d6 d2d3 e8e7
4976,g1f3 g8h6 e2e4 h6g4 e4e5 h8g8 d2d3 b7b6 g2g3 c8b7 c1h6 b7a6
4977,g2g3 d7d5 b1c3 d5d4 g1h3 g7g5 h1g1 c7c5 h3g5 e7e5 e2e4 e8e7
4978,h2h3 g8f6 d2d3 d7d6 b2b4 e8d7 h3h4 b8c6 e2e3 e7e6 g2g4 b7b5
4979,h2h3 g8f6 a2a4 a7a6 d2d3 d7d6 h3h4 a8a7 c2c4 b7b5 d3d4 e7e6
4980,h2h3 c7c6 a2a3 g7g5 a1a2 h7h5 b1c3 h8h7 c3e4 e7e6 g2g3 g8f6
4981,a2a3 c7c6 d2d4 f7f5 b1d2 h7h5 d2c4 e8f7 c4e5 f7f6 a1a2 e7e6
4982,e2e4 d7d6 g2g4 c8g4 c2c3 a7a6 f1b5 b8d7 b5d7 e8d7 g1f3 d7c6
4983,h2h3 h7h5 b1a3 e7e5 d2d3 g8h6 c1g5 d7d6 e2e3 a7a5 b2b3 a5a4
4984,h2h3 g7g6 a2a4 b7b6 g2g3 e7e5 e2e3 f8c5 d2d4 g8f6 h3h4 c5d4
4985,a2a4 b8c6 h2h4 f7f6 g2g3 e7e5 d2d3 g7g5 h4g5 f8c5 e2e4 c5d4
4986,e2e4 a7a5 a2a4 g8h6 e1e2 b8a6 d2d4 h8g8 b2b3 b7b6 h2h3 f7f6
4987,a2a4 d7d5 b1c3 h7h6 f2f3 c8e6 c3d5 a7a5 g2g3 d8d7 f1h3 e8d8
4988,g1h3 c7c5 b2b4 d7d6 f2f3 f7f6 e2e3 c5c4 e1e2 d8a5 b4a5 f6f5
4989,b2b3 b7b5 g2g3 d7d5 e2e4 g7g6 f1b5 c7c6 b5f1 c8g4 b1a3 b8a6
4990,d2d4 h7h6 d1d3 e7e6 d3d1 b8c6 e2e4 g7g5 g2g4 c6b8 a2a3 h8h7
4991,a2a3 f7f5 f2f4 b7b6 h2h4 d7d6 c2c3 c7c5 g2g4 b6b5 d2d3 e7e6
4992,e2e4 h7h6 f1e2 d7d6 c2c3 b8a6 g1f3 c7c5 e2b5 c8d7 e1e2 h6h5
4993,h2h3 g8f6 b2b4 c7c6 e2e3 b7b6 h3h4 c8a6 g2g3 f6g4 d2d4 g7g5
4994,g1h3 h7h6 d2d4 d7d6 c2c4 a7a5 h3f4 d8d7 h1g1 a8a7 g2g3 f7f6
4995,g1h3 e7e5 b2b3 a7a6 g2g4 e8e7 b1c3 d7d5 c3d5 d8d5 h3g1 b8d7
4996,g1h3 e7e6 h1g1 d7d5 g2g3 b7b5 d2d4 g7g6 c1d2 d8d6 b2b3 a7a6
4997,d2d4 b8c6 c1d2 c6a5 f2f3 d7d6 g2g3 g8f6 d4d5 e7e6 b2b4 d8d7
4998,b2b3 h7h6 c1a3 d7d6 d2d4 a7a6 e2e3 h6h5 f1d3 a8a7 g1f3 g7g5
4999,b1a3 b7b6 g2g3 d7d6 b2b4 g7g6 d2d4 h7h5 a3b5 b8d7 g1h3 e7e5
5000,b2b4 f7f6 g2g3 a7a6 h2h4 g7g5 b4b5 d7d6 b1c3 h7h6 c3a4 a8a7
5001,a2a4 b8a6 d2d3 f7f5 f2f3 g7g5 h2h3 f8g7 e2e4 g7e5 a4a5 h7h5
5002,b2b3 a7a5 g2g3 e7e6 c2c4 f8b4 g1f3 b7b5 a2a3 e8e7 a1a2 e6e5
5003,a2a4 g7g6 a1a2 b7b6 a4a5 f7f6 g1f3 e7e6 e2e3 c7c5 e1e2 g6g5
5004,h2h3 a7a6 h1h2 f7f6 c2c4 a8a7 g2g4 h7h6 b2b3 b8c6 d1c2 e7e5
5005,h2h3 g8f6 a2a3 d7d6 e2e3 a7a6 a3a4 b8d7 g2g3 c7c6 h3h4 a6a5
5006,a2a4 b8c6 a4a5 c6a5 b2b3 g8f6 a1a4 d7d6 a4c4 c7c5 f2f3 a5b3
5007,a2a4 g7g6 a1a2 e7e6 a4a5 b8a6 b2b3 h7h6 b1c3 f8d6 c3b5 f7f5
5008,g2g3 d7d5 h2h4 e8d7 b2b3 a7a5 b1c3 c7c5 c3a4 e7e6 e2e4 g8f6
5009,f2f3 e7e5 b1c3 c7c6 a1b1 g8e7 g2g3 e5e4 c3d5 e7d5 b2b4 d5e7
5010,a2a4 b8c6 a4a5 b7b5 e2e4 g8h6 a1a4 f7f6 h2h4 c6a5 g1f3 h6g4
5011,h2h4 b8a6 g1f3 a8b8 e2e4 a6c5 d2d3 f7f6 d1d2 e7e5 e1d1 a7a5
5012,e2e4 h7h5 e4e5 h8h6 d2d3 h5h4 b2b4 b7b5 h2h3 g7g5 a2a4 h6h5
5013,g1h3 d7d5 b1a3 c7c5 g2g4 b7b5 b2b4 f7f6 f2f3 e7e6 d2d4 f6f5
5014,h2h4 a7a6 g2g3 e7e6 g1h3 c7c5 h1h2 b7b5 d2d4 e8e7 h3f4 d8c7
5015,g2g3 d7d6 b2b4 c7c6 e2e3 e7e6 c2c3 d8b6 g3g4 c6c5 g4g5 g8f6
5016,g2g3 d7d6 b2b4 b7b6 g1h3 c8h3 c1a3 a7a5 e2e3 h7h6 f1d3 d6d5
5017,a2a4 b8c6 c2c4 g7g5 b1a3 h7h6 a1a2 h8h7 b2b3 c6d4 a4a5 a8b8
5018,g2g4 e7e5 g4g5 h7h6 a2a3 f8d6 g1h3 b8c6 h1g1 e8f8 d2d3 g8e7
5019,a2a4 g7g6 a1a3 f7f5 e2e4 e7e6 e4f5 e6f5 c2c4 b8a6 g2g4 c7c5
5020,h2h3 h7h5 b1c3 e7e5 c3a4 g8e7 a1b1 e7d5 h3h4 b7b5 h1h2 b5b4
5021,g2g3 d7d6 b2b4 h7h6 d2d4 c8g4 h2h3 g4f3 e2e3 h6h5 f1a6 e8d7
5022,a2a3 f7f6 d2d3 b7b5 f2f3 h7h5 e1d2 b5b4 d3d4 d7d6 e2e3 e8d7
5023,a2a4 a7a6 b1c3 g7g6 a4a5 h7h5 f2f4 b7b5 a5b6 d7d5 h2h3 a6a5
5024,a2a4 f7f5 b1c3 f5f4 c3b5 a7a6 b5c3 g7g6 a4a5 f8h6 b2b3 e8f8
5025,a2a4 a7a6 b1c3 g7g6 f2f4 d7d5 h2h4 b7b5 e2e4 c8g4 e1f2 d5e4
5026,g2g3 e7e6 g1h3 c7c5 h1g1 f7f5 d2d4 d7d5 h3f4 g7g5 b1c3 a7a5
5027,e2e4 h7h5 e4e5 h8h6 d2d3 b8c6 a2a3 b7b5 b2b3 h5h4 b1d2 c6b4
5028,f2f3 g8f6 g2g3 c7c6 e1f2 e7e6 a2a3 e8e7 d2d4 d7d6 c1g5 b7b5
5029,a2a4 f7f6 h2h3 a7a6 d2d3 a8a7 c1d2 g7g5 d2g5 c7c6 e1d2 f8g7
5030,h2h3 e7e5 d2d4 g8f6 e2e3 e5d4 e1d2 g7g6 g2g4 f8d6 b1c3 d6g3
5031,e2e4 e7e6 a2a3 f7f5 e4f5 b7b6 a3a4 e8e7 g1f3 d7d5 f1d3 g7g6
5032,a2a4 e7e6 e2e3 b7b5 h2h3 c7c5 e1e2 d7d5 e3e4 g8f6 b2b4 d5e4
5033,e2e4 c7c5 d2d4 f7f6 c1h6 b7b5 a2a4 c5d4 g1f3 b8c6 a4b5 c8a6
5034,e2e4 h7h5 g1e2 d7d5 d2d4 h8h6 g2g4 b8c6 e2f4 h5g4 f4d5 c6a5
5035,h2h3 h7h6 d2d3 b8a6 h1h2 d7d6 b1a3 c8d7 a1b1 d7e6 c2c3 b7b6
5036,b2b3 a7a5 e2e3 e7e6 a2a4 d7d5 b3b4 f8b4 d1h5 g7g6 f1c4 e8e7
5037,f2f3 g8h6 d2d3 b7b6 h2h4 c8a6 b2b4 g7g6 g2g3 d7d6 d3d4 c7c6
5038,d2d4 f7f5 h2h4 h7h5 g2g4 e8f7 g4h5 h8h5 e2e4 a7a6 f1a6 d7d6
5039,f2f3 g8f6 h2h4 e7e6 d2d4 f6e4 f3e4 d7d5 e1f2 e8d7 d1d2 b7b5
5040,e2e4 g7g6 e4e5 b7b6 g1f3 c8b7 g2g3 b7f3 b2b4 f3g4 d2d4 d7d5
5041,e2e4 e7e6 g2g3 g7g5 h2h3 h7h6 e4e5 b7b5 b2b4 f7f6 e1e2 e8f7
5042,e2e4 e7e6 g2g4 b7b5 e1e2 f8e7 a2a4 c7c5 d2d4 h7h6 a4a5 d7d6
5043,a2a4 f7f5 b1c3 e7e5 c3a2 h7h5 g2g4 h8h7 f1g2 b8a6 f2f3 f8b4
5044,c2c4 b8a6 d2d3 f7f5 b2b4 a6b4 f2f4 b4a6 h2h3 e7e6 g2g4 g7g5
5045,a2a4 b8c6 c2c4 f7f5 b1a3 c6a5 a1a2 a7a6 c4c5 d7d6 g2g4 a5b3
5046,c2c4 b8a6 g2g4 h7h6 e2e4 h6h5 g1h3 a6c5 g4g5 h8h6 a2a4 c5b3
5047,d2d3 e7e6 g1f3 b7b5 b2b4 g7g6 e2e3 d7d5 b1d2 e8e7 e1e2 h7h5
5048,h2h3 d7d5 e2e3 f7f5 g2g4 c7c6 f2f4 e7e6 f1a6 b7b5 h1h2 e8f7
5049,d2d4 b8c6 c1d2 f7f6 d2h6 a8b8 g1f3 d7d5 h6g5 c8g4 b1c3 e7e6
5050,h2h3 c7c5 b2b3 d7d6 b3b4 c5c4 e2e3 b8c6 e1e2 c6d4 e2e1 f7f6
5051,h2h3 a7a6 f2f3 g8f6 h3h4 e7e6 a2a3 c7c5 f3f4 d7d5 g2g4 d5d4
5052,a2a4 a7a6 b1c3 b7b5 a4b5 a6b5 b2b3 g8f6 g2g4 d7d6 e2e3 d6d5
5053,e2e4 a7a6 a2a4 g8f6 g2g4 f6e4 e1e2 a8a7 b2b4 e4c5 b4c5 f7f6
5054,g1f3 a7a5 d2d4 b8c6 e2e4 c6d4 c2c3 d4f3 g2f3 a8a7 f1c4 g8h6
5055,b1c3 b8c6 f2f4 c6d4 c3d5 d4f3 g1f3 g7g6 f3g1 g6g5 d5b6 c7b6
5056,a2a3 f7f5 d2d4 e8f7 d4d5 e7e6 a1a2 f5f4 b1d2 d8e8 g2g3 e8d8
5057,e2e4 d7d6 e4e5 f7f6 c2c3 a7a6 f1a6 f6e5 a6b7 h7h5 b7d5 c7c5
5058,a2a4 f7f5 b1c3 f5f4 c3e4 g8h6 a4a5 b7b5 c2c4 d7d6 c4b5 c7c5
5059,g1f3 h7h5 b1c3 d7d6 a1b1 c7c5 c3a4 a7a5 g2g4 a8a7 h1g1 b8c6
5060,d2d4 b8c6 b2b3 a8b8 g2g3 g8f6 h2h4 c6d4 c1e3 d4c2 e1d2 c2d4
5061,g2g4 b7b6 c2c4 f7f6 b1a3 e7e5 g1h3 c8a6 a1b1 a6c4 e2e4 c4d3
5062,h2h4 c7c5 b2b4 b8a6 f2f3 a8b8 h4h5 f7f6 g2g3 d7d5 a2a4 e7e6
5063,e2e4 a7a5 g1e2 g8f6 a2a4 f6e4 d2d4 e4g5 b1d2 b7b5 d2f3 g5f3
5064,g1h3 c7c5 b1c3 f7f5 f2f4 d8b6 g2g4 b8a6 b2b3 h7h5 c3d5 a8b8
5065,b2b4 g7g6 e2e3 g6g5 h2h3 b7b5 g2g3 h7h5 d2d3 e7e5 h3h4 c7c5
5066,d2d3 e7e6 f2f4 f7f5 a2a4 c7c5 b2b4 g8h6 e2e3 b7b5 d1d2 c5c4
5067,a2a4 b8a6 a4a5 h7h6 d2d3 f7f5 g2g4 f5g4 h2h4 h6h5 b1d2 c7c6
5068,g2g3 d7d6 b2b4 b7b6 d2d4 e8d7 e2e3 b8c6 a2a3 c6b4 g1f3 f7f5
5069,a2a4 a7a6 b1c3 b7b5 a4a5 c7c5 c3a4 b5a4 f2f4 f7f5 d2d4 h7h5
5070,f2f3 g8f6 d2d4 b8c6 c1d2 h7h6 g2g3 d7d5 g1h3 c8f5 b1c3 f5d3
5071,g2g3 b7b6 b2b4 d7d6 d2d4 h7h6 g1h3 c8h3 e2e4 b6b5 a2a4 b5a4
5072,g2g3 g7g6 h2h4 h7h6 d2d3 b8c6 b2b3 e7e6 e1d2 e8e7 f1g2 h6h5
5073,g2g3 a7a5 b2b4 b7b5 b4a5 a8a5 h2h4 a5a6 d2d3 a6c6 c2c4 f7f6
5074,e2e4 f7f6 g1e2 b8c6 b1c3 a8b8 h2h3 a7a6 a2a4 c6d4 e2d4 e7e5
5075,h2h4 f7f6 f2f3 e7e5 b2b4 f8b4 c1b2 c7c6 g1h3 g8e7 h4h5 b8a6
5076,g1h3 d7d5 b1a3 g8f6 g2g4 c7c5 d2d3 b8a6 f2f4 e7e6 e1d2 d8b6
5077,e2e3 b7b5 e1e2 b5b4 h2h3 b4b3 e3e4 g8h6 c2c3 c8a6 e2e1 h6f5
5078,h2h4 f7f6 h1h3 g7g5 h3d3 d7d6 f2f3 e7e6 c2c3 c7c5 f3f4 f6f5
5079,g2g3 d7d6 b2b4 h7h6 f2f3 c7c6 g1h3 g7g6 c2c4 f7f5 f3f4 b7b6
5080,b2b3 h7h6 g1f3 e7e6 e2e4 f8b4 g2g3 g7g5 f1b5 e8e7 b1c3 b8a6
5081,g2g3 a7a6 b2b3 d7d6 c2c4 h7h6 f1h3 c8g4 b3b4 f7f5 d2d3 e8d7
5082,d2d4 b7b5 h2h3 g7g6 a2a4 b5a4 c1e3 c8b7 a1a4 e7e6 b2b3 f7f6
5083,h2h3 d7d6 e2e3 h7h6 d2d3 a7a5 b2b4 d6d5 f2f4 b8c6 e1d2 g8f6
5084,g1h3 c7c5 d2d4 f7f5 g2g4 f5f4 c1f4 b8a6 c2c4 e7e6 e1d2 a8b8
5085,g2g3 b8c6 b2b3 g7g6 g3g4 b7b6 f1g2 c8a6 e1f1 g6g5 g2h3 d7d6
5086,h2h3 c7c6 e2e3 g7g5 e3e4 e7e6 c2c3 f8g7 e1e2 e8e7 d2d4 g8h6
5087,a2a4 g7g6 a1a3 f7f6 b2b4 a7a6 e2e3 b8c6 e1e2 a8a7 b4b5 e7e5
5088,f2f3 b7b6 g2g3 f7f6 f1g2 e7e6 b2b4 c7c6 h2h4 d7d5 e1f1 c8d7
5089,d2d4 b8c6 a2a3 f7f5 h2h4 f5f4 g2g3 a7a6 b1d2 e8f7 f2f3 f7e8
5090,d2d4 b8c6 c1d2 a8b8 c2c3 c6a5 g2g3 f7f6 e2e4 g7g6 e4e5 a7a6
5091,g2g3 g8h6 b2b4 g7g6 h2h4 d7d6 g1h3 c8h3 d2d4 h6f5 e2e3 f5e3
5092,a2a3 d7d5 d2d4 g8f6 h2h4 e7e5 g2g3 h7h5 e2e3 e5d4 a1a2 b7b5
5093,a2a4 b8a6 b1a3 a6b8 a4a5 b7b6 b2b3 f7f6 g1f3 e8f7 a3b5 d7d5
5094,d2d4 e7e6 f2f4 f7f5 h2h4 h7h6 e2e4 a7a6 e1e2 c7c5 e4f5 c5d4
5095,a2a4 g7g5 a4a5 b7b6 b2b3 b8c6 g1h3 c8a6 h3g5 c6a5 g5e4 a5b3
5096,c2c4 b8a6 b2b4 c7c5 b4b5 h7h6 f2f4 b7b6 e2e3 g7g5 d2d4 d8c7
5097,h2h3 d7d5 b1c3 c7c6 g1f3 d5d4 a1b1 h7h6 e2e4 g7g6 c3d5 c8e6
5098,d2d4 b8c6 b2b3 a8b8 d1d3 c6d4 f2f3 g8f6 d3d4 e7e6 e1d2 d7d5
5099,a2a4 b7b5 b2b4 a7a5 a1a2 b5a4 b4a5 d7d6 b1a3 c8e6 g2g4 a8a7
5100,a2a4 f7f5 b1c3 h7h6 b2b3 b8a6 g2g3 g7g5 f1g2 e7e6 g2b7 h8h7
5101,d2d4 g7g5 g2g3 e7e6 f2f4 b8a6 g3g4 h7h6 e2e4 f8b4 c2c3 b4c3
5102,g1f3 g8f6 g2g3 b8a6 e2e4 a6c5 f1a6 a8b8 e4e5 c5d3 c2d3 h7h6
5103,h2h3 d7d6 g1f3 e7e5 a2a4 f7f5 g2g3 h7h5 g3g4 h8h7 b1a3 a7a6
5104,e2e4 h7h5 e4e5 d7d5 g1f3 e7e6 g2g3 g7g6 d2d3 e8e7 a2a4 b8d7
5105,g1h3 d7d5 f2f3 b7b6 b2b4 g7g6 d2d4 b8c6 c1f4 c6a5 b4b5 h7h5
5106,g1f3 e7e5 f3h4 g8f6 b1a3 e5e4 h2h3 h7h6 e2e3 b7b6 g2g4 e8e7
5107,h2h3 g8f6 e2e3 f6d5 d2d4 d7d6 g1f3 d5f6 h3h4 c8g4 e1e2 g4f3
5108,g1f3 b7b5 g2g3 f7f6 c2c3 e7e6 e2e4 c7c5 f1b5 a7a5 f3e5 c8b7
5109,d2d4 b8c6 b2b3 a8b8 a2a4 e7e5 e2e4 g8e7 h2h4 g7g6 d4e5 f8g7
5110,e2e4 h7h6 g2g4 d7d6 e1e2 c8g4 g1f3 g4f3 e2f3 c7c6 h2h4 c6c5
5111,a2a4 a7a5 b1c3 a8a6 f2f4 c7c5 c3e4 a6c6 e1f2 b8a6 e4g5 c5c4
5112,e2e4 h7h5 e4e5 g8h6 a2a4 h8g8 d2d3 g7g5 g1f3 e7e6 c2c4 g5g4
5113,a2a4 c7c5 b1c3 a7a5 f2f4 a8a7 c3a2 g7g5 c2c4 f8h6 g2g4 g5f4
5114,a2a4 b7b5 a1a3 b5a4 c2c4 g7g6 g1f3 e7e6 d2d4 e8e7 h2h3 c8b7
5115,c2c4 b7b5 f2f4 f7f6 e2e3 e7e6 d2d4 g8h6 g1f3 f6f5 b2b3 d7d6
5116,g1h3 b7b5 f2f3 g7g6 g2g3 h7h5 e2e4 h8h7 h3g1 d7d6 g3g4 h7h6
5117,a2a4 f7f5 b1c3 h7h5 b2b3 b8c6 f2f3 a7a5 f3f4 h5h4 e1f2 h4h3
5118,a2a4 f7f5 b1c3 h7h6 c3b5 c7c5 b5c7 d8c7 d2d4 c7g3 h2g3 g7g5
5119,e2e4 h7h6 g2g4 h8h7 h2h3 a7a5 e4e5 f7f6 d2d3 a5a4 e5f6 e7e5
5120,a2a4 b7b5 a1a3 b5a4 c2c4 g7g6 g1h3 h7h5 g2g3 e7e5 d2d4 e8e7
5121,g1h3 d7d5 b2b3 b7b6 d2d4 g7g6 a2a3 h7h5 b3b4 h8h7 g2g3 c8g4
5122,h2h3 d7d6 e2e3 f7f5 f2f4 g7g5 g2g4 e7e5 c2c4 e8d7 b2b3 g8e7
5123,h2h4 b8a6 e2e3 c7c5 d2d4 b7b5 f1b5 a6c7 g1f3 g7g6 e1d2 c5d4
5124,a2a4 f7f5 b1c3 b8c6 b2b3 c6d4 g2g3 a7a6 e2e3 d4b5 a4a5 f5f4
5125,h2h3 g7g5 e2e4 e7e5 c2c3 e8e7 e1e2 c7c6 b1a3 d8e8 e2e1 a7a6
5126,b1c3 a7a6 a2a4 b7b5 f2f4 h7h5 a4b5 a6b5 b2b3 g7g6 e1f2 g6g5
5127,e2e3 a7a6 f2f3 g8h6 b2b4 g7g5 d2d3 c7c6 e1d2 b7b6 e3e4 a8a7
5128,g1h3 b8c6 b2b3 a8b8 c1a3 g8f6 h3f4 h7h6 h2h3 g7g6 d2d3 e7e6
5129,e2e4 a7a6 g2g4 f7f5 f1d3 f5f4 g1e2 c7c5 h1g1 b8c6 b1c3 b7b6
5130,a2a4 f7f6 e2e4 a7a5 d2d3 b8a6 h2h3 g7g6 g1e2 g8h6 c2c3 h8g8
5131,a2a4 d7d5 a4a5 e7e5 f2f3 e8e7 g2g3 h7h6 f1h3 b7b6 b1a3 g7g6
5132,g1h3 b7b5 b2b3 d7d6 f2f3 g7g6 d2d3 b8c6 e1d2 g8f6 a2a3 e7e6
5133,g1f3 g7g5 c2c3 e7e6 d2d3 g5g4 d1c2 b7b5 h2h4 f8g7 c1g5 e8f8
5134,g1f3 b7b6 g2g3 f7f6 d2d3 b6b5 b2b4 g7g6 b1c3 e7e6 h1g1 d7d5
5135,b2b4 g7g6 d2d4 f7f6 g2g3 c7c5 f1g2 g6g5 c1g5 d7d6 a2a4 f8g7
5136,a2a4 d7d5 b1c3 d5d4 e2e4 c8e6 c3b1 a7a6 a4a5 h7h6 f2f3 e8d7
5137,a2a4 h7h6 g1h3 d7d5 d2d4 f7f5 e1d2 b8c6 b1a3 g8f6 d2e1 h6h5
5138,e2e4 d7d5 b1c3 e7e5 f2f3 f8a3 g2g3 d8h4 g1e2 b8c6 e4d5 g8f6
5139,e2e4 h7h5 e4e5 e7e6 c2c4 a7a6 g1e2 f8b4 c4c5 a8a7 a2a3 g8f6
5140,e2e4 a7a5 f1c4 c7c5 a2a4 g8h6 e1e2 f7f6 a1a2 h8g8 g1f3 b7b6
5141,e2e4 a7a5 e1e2 g8h6 a2a3 e7e5 d2d3 e8e7 h2h4 b8a6 a1a2 g7g5
5142,a2a4 g7g6 d2d3 b7b5 h2h3 g8h6 f2f4 h6g8 a4b5 d7d6 b1d2 h7h6
5143,b1c3 b7b6 b2b3 d7d5 c3d5 g7g6 g2g4 e7e6 d5c7 d8c7 f1g2 c8d7
5144,e2e4 a7a6 g1f3 a6a5 e4e5 b7b5 f1e2 d7d6 h1f1 h7h6 c2c3 c8e6
5145,e2e4 a7a5 g2g4 f7f6 c2c3 b8a6 d1f3 a8b8 f3e3 e8f7 f1c4 d7d5
5146,f2f4 e7e5 a2a3 e5f4 d2d3 f8a3 h2h4 b7b5 c2c4 f7f6 a1a3 g7g6
5147,a2a4 b8a6 b1a3 f7f5 h2h3 e8f7 b2b3 h7h5 f2f3 g7g5 d2d4 e7e6
5148,b1c3 d7d6 a2a4 c8e6 c3b5 h7h6 c2c4 a7a5 g2g4 e6g4 c4c5 d6c5
5149,a2a4 d7d5 a4a5 f7f6 f2f3 d5d4 d2d3 e8d7 e1f2 b7b6 c1d2 h7h5
5150,e2e4 c7c5 d1h5 b7b5 e1e2 g7g6 a2a3 d7d6 e4e5 f7f5 d2d3 e8f7
5151,g1f3 b7b6 f3g1 e7e6 d2d4 c8b7 e2e3 f8d6 b2b4 c7c6 g1h3 e8f8
5152,a2a4 b7b5 b1a3 g7g6 a4a5 g8f6 e2e4 c8b7 e1e2 b5b4 c2c3 h8g8
5153,e2e4 g7g6 g2g3 b7b6 g1f3 c8a6 f1b5 g6g5 h1f1 g8f6 c2c3 a6b5
5154,g1f3 a7a6 d2d4 f7f5 d4d5 d7d6 f3e5 g7g5 g2g3 e7e6 a2a3 d6e5
5155,g2g3 g8h6 b2b4 g7g6 h2h4 d7d6 e2e3 c8g4 d2d4 b7b6 e1d2 e8d7
5156,g1h3 b7b5 b2b3 g7g6 d2d3 d7d5 f2f4 b8c6 e1d2 g8f6 h3g1 e7e6
5157,e2e3 a7a6 b2b3 b7b5 c2c3 e7e6 e3e4 a8a7 e1e2 d7d5 g2g4 c7c5
5158,g1h3 h7h6 d2d4 d7d6 h3f4 a7a5 c2c4 f7f5 e2e3 d6d5 e1d2 e7e6
5159,b1a3 e7e6 a3c4 g8f6 c4d6 e8e7 h2h3 a7a5 g2g4 c7c5 a2a4 b7b5
5160,e2e3 a7a6 b2b3 b7b5 e1e2 d7d5 e3e4 e7e5 d2d4 a8a7 a2a4 h7h5
5161,b2b4 b8c6 g2g3 g7g6 h2h4 b7b6 h1h2 g8h6 e2e3 d7d6 a2a3 c6b4
5162,h2h3 g8f6 e2e3 g7g6 a2a4 e7e5 g2g4 b7b6 a1a2 e5e4 f1d3 g6g5
5163,g1h3 g8f6 g2g3 e7e5 b2b3 g7g6 c1b2 f8h6 h3g5 f6d5 d2d3 f7f5
5164,a2a4 b8c6 b1c3 h7h6 b2b3 a8b8 c3b5 d7d5 h2h3 d8d7 d2d4 e7e5
5165,h2h3 h7h5 b1a3 d7d6 e2e3 e7e5 f1b5 c7c6 d1g4 f7f6 g4e2 f6f5
5166,a2a4 a7a6 d2d3 f7f5 h2h4 h7h5 c1f4 a8a7 c2c4 g7g5 f4g5 e8f7
5167,a2a4 f7f5 f2f4 h7h5 b1c3 d7d5 h2h3 c7c6 e2e4 e7e5 d2d4 e8d7
5168,h2h3 g7g6 e2e4 e7e5 g1f3 f8a3 b1c3 d7d6 a1b1 h7h6 d2d3 c8e6
5169,a2a4 b7b5 g2g3 a7a6 g1f3 a8a7 e2e4 d7d6 e1e2 b8d7 d2d4 h7h6
5170,b2b4 h7h6 g2g3 c7c6 c2c4 d7d6 f1g2 c8g4 e1f1 f7f5 d2d4 d8c7
5171,h2h4 b8a6 f2f4 e7e6 e2e3 c7c5 e3e4 b7b5 b1a3 d8h4 h1h4 f7f6
5172,a2a3 f7f5 e2e4 f5f4 a3a4 a7a6 h2h4 d7d6 f1a6 b7a6 d2d4 e8f7
5173,e2e3 a7a6 b2b3 a6a5 e1e2 a8a7 b1c3 c7c5 f2f4 g8f6 c3a4 g7g5
5174,g2g3 d7d6 b2b4 e8d7 e2e3 h7h6 e1e2 b7b5 h2h4 d7c6 d2d3 c8e6
5175,a2a4 f7f6 d2d3 b7b5 g1f3 g7g5 b1a3 c7c5 a3b5 b8c6 e2e3 f6f5
5176,e2e3 e7e5 c2c3 g7g5 e3e4 c7c5 e1e2 d7d5 d2d4 c5c4 d1b3 c8d7
5177,g2g3 b8a6 b2b3 e7e6 b1c3 e8e7 f1g2 a6b4 c3d5 e6d5 a2a3 g7g6
5178,a2a4 b8a6 a4a5 h7h6 e2e4 d7d6 f1b5 c7c6 g1f3 c8h3 e4e5 e8d7
5179,f2f3 a7a5 d2d4 a5a4 c1d2 g8f6 d2c3 e7e6 g2g3 e8e7 e2e3 f6e4
5180,e2e3 d7d5 d2d4 b8c6 g1f3 g8f6 f1b5 c8d7 e1f1 h8g8 b5c6 f6h5
5181,e2e3 e7e5 e3e4 d7d5 b1c3 c7c6 d2d4 g7g6 g1f3 d8h4 e4d5 g8e7
5182,h2h3 e7e5 g2g4 f7f5 b2b4 c7c6 b1a3 e8f7 a1b1 h7h5 a3c4 g7g6
5183,a2a4 f7f6 h2h3 d7d5 e2e4 e8d7 f2f4 d5d4 a1a2 e7e5 e1f2 c7c5
5184,f2f4 b8c6 h2h3 b7b6 b1a3 a7a5 a3c4 a5a4 e2e3 c6d4 e3d4 h7h5
5185,a2a4 a7a6 b1a3 b7b5 a4a5 d7d6 d2d4 b8d7 a3b5 a6b5 c2c3 f7f6
5186,b1c3 b7b6 a2a4 f7f6 h2h3 h7h6 d2d3 g7g5 g2g3 c8a6 c3b1 b6b5
5187,h2h3 g8h6 g2g4 d7d5 f2f4 g7g6 c2c4 h8g8 e2e3 g6g5 a2a3 d5d4
5188,e2e4 d7d5 h2h4 h7h5 h1h2 b8c6 b2b3 g8h6 g2g3 c6b4 b1a3 c7c5
5189,h2h3 a7a6 g2g3 d7d6 d2d3 e8d7 a2a4 f7f6 h3h4 b7b6 f2f3 e7e6
5190,a2a4 b7b6 e2e3 e7e5 d1h5 g7g5 f1b5 e8e7 a1a3 f7f5 g2g4 c7c5
5191,h2h3 h7h5 c2c3 d7d6 e2e3 a7a6 f1a6 e7e6 e1e2 g7g6 g2g4 b7a6
5192,b2b4 h7h6 g2g3 a7a5 f1h3 d7d5 f2f3 f7f5 b4a5 c7c6 e1f2 a8a5
5193,g1h3 b7b5 b2b3 h7h5 c1a3 g7g6 c2c4 c8a6 g2g3 e7e6 h3g5 g8e7
5194,f2f4 b8c6 b1a3 d7d5 e2e4 h7h6 h2h4 d5d4 c2c3 f7f6 g1e2 a8b8
5195,a2a4 b8a6 a4a5 h7h6 e2e4 a8b8 h2h3 d7d6 g1f3 c8g4 f3e5 a6b4
5196,e2e3 f7f5 c2c3 c7c5 f2f3 e7e6 b2b4 d7d5 c3c4 g8f6 b1c3 f8e7
5197,g1f3 h7h5 c2c3 e7e6 e2e4 e8e7 g2g4 h5g4 f3h4 g7g6 h1g1 f8g7
5198,g2g3 d7d6 b2b4 h7h6 g1h3 g7g6 f1g2 f7f5 c2c4 f8g7 c1a3 e8d7
5199,h2h3 g7g6 b1a3 d7d5 a1b1 g8h6 e2e3 h8g8 f1b5 b8c6 g2g4 c8g4
5200,b2b3 g7g6 e2e4 b7b6 e1e2 f7f5 a2a4 b8a6 e4f5 f8g7 b1a3 a6b4
5201,e2e4 h7h5 e4e5 e7e6 a2a4 e8e7 f2f3 g7g5 e1e2 b7b5 b2b3 c8a6
5202,b2b4 b8c6 g2g3 g7g5 h2h4 b7b6 b1a3 h7h6 c1b2 a7a5 e2e4 a5b4
5203,g2g3 d7d6 b2b3 b7b5 c1a3 g7g6 a3c5 d6c5 b3b4 c8a6 h2h4 g6g5
5204,a2a4 e7e6 e2e3 a7a5 h2h3 f8c5 c2c4 f7f5 e1e2 e6e5 g2g3 b8a6
5205,e2e4 h7h5 e4e5 e7e6 c2c4 d7d5 a2a4 e8e7 a1a2 g8f6 c4d5 c7c5
5206,b2b4 g7g6 d2d4 b7b5 g1f3 f7f6 e2e3 g8h6 g2g3 e7e6 e1e2 h6f7
5207,e2e4 h7h5 g2g3 h8h6 g1e2 h5h4 b1c3 d7d6 h1g1 b8d7 a2a3 d6d5
5208,g1h3 b7b5 d2d4 g7g6 c1d2 h7h5 g2g3 d7d5 h1g1 e7e6 h3f4 e8e7
5209,g1f3 f7f5 e2e3 e7e6 f3e5 d7d5 c2c4 g8f6 c4d5 a7a6 d1f3 e6d5
5210,g1h3 g8f6 b2b4 g7g6 g2g3 e7e5 a2a3 b8c6 d2d4 h7h5 c2c4 e5d4
5211,h2h4 b8a6 f2f4 f7f6 b1a3 f6f5 e2e4 a6c5 e4f5 a7a6 d1h5 g7g6
5212,g1f3 g7g5 e2e4 b7b5 e4e5 e7e6 g2g3 e8e7 h1g1 a7a5 c2c3 f8h6
5213,g2g3 e7e6 g3g4 g8f6 h2h3 e6e5 e2e3 e5e4 b2b4 c7c6 e1e2 f6d5
5214,g1f3 g7g6 b1a3 h7h5 a1b1 b7b5 e2e4 g8h6 e4e5 e7e6 f1b5 e8e7
5215,a2a4 b8a6 b1a3 c7c6 a1b1 f7f5 a4a5 d7d6 f2f4 a8b8 e2e4 e8f7
5216,g2g3 d7d6 b2b4 h7h6 g1h3 c8f5 e2e4 f5h3 h1g1 f7f6 f2f3 b7b6
5217,b2b3 a7a5 g2g4 d7d5 h2h3 c7c5 b3b4 e8d7 h1h2 d5d4 b4a5 g8h6
5218,g2g3 d7d6 b2b4 b7b6 d2d4 e8d7 d4d5 f7f6 h2h4 h7h5 e2e3 c8a6
5219,e2e4 d7d6 e4e5 a7a6 g1f3 g8f6 e5d6 e7d6 f1d3 b8d7 g2g3 a6a5
5220,a2a4 d7d5 d2d3 g7g5 a4a5 b8c6 a1a3 f7f5 a3a1 c6a5 b2b4 c7c5
5221,g2g3 f7f5 b2b4 b7b6 d2d4 h7h5 e1d2 e8f7 c2c3 d7d6 g3g4 a7a6
5222,a2a4 b8c6 a4a5 b7b6 d2d3 c6b8 d1d2 e7e6 a1a2 e8e7 g1f3 b6a5
5223,d2d4 d7d5 b1a3 a7a5 a3b1 a5a4 f2f3 b8d7 e1d2 b7b6 g1h3 g7g6
5224,g2g3 f7f6 b2b3 f6f5 d2d3 e7e6 h2h4 b8a6 c1f4 b7b5 b3b4 c7c5
5225,a2a4 f7f5 b1c3 h7h5 b2b3 h5h4 g2g3 h8h5 a4a5 e7e6 g3g4 g8h6
5226,a2a4 g8h6 c2c4 f7f6 d2d3 b7b5 b1a3 b8c6 d1b3 e7e6 g1h3 c8b7
5227,a2a4 d7d5 a4a5 e7e5 f2f3 e8e7 f3f4 c8f5 a1a2 b8d7 e2e4 d5e4
5228,a2a4 f7f5 b1c3 h7h5 d2d3 c7c6 d3d4 e7e5 d4e5 d7d5 e1d2 a7a5
5229,c2c4 d7d5 f2f4 b8c6 a2a4 h7h6 e2e3 a7a5 e1e2 d5d4 e3d4 b7b5
5230,e2e4 a7a6 g1e2 d7d6 h1g1 g8f6 a2a4 f6e4 d2d4 h8g8 g2g3 e4f6
5231,g2g3 d7d6 b2b4 e8d7 g1h3 b7b6 b4b5 d6d5 g3g4 g7g6 f2f3 f8g7
5232,g2g3 e7e6 g1h3 c7c5 h1g1 a7a5 d2d4 a5a4 c1g5 a8a6 e2e4 c5d4
5233,a2a3 g8f6 d2d3 e7e6 a3a4 b7b5 e2e3 e8e7 e1e2 b8c6 d3d4 d7d6
5234,g2g4 d7d5 b1a3 c7c6 d2d4 c6c5 h2h4 e8d7 e2e4 b8c6 c1f4 g8f6
5235,b2b3 h7h6 g1h3 g7g6 e2e3 h6h5 e1e2 d7d5 c2c4 b8a6 c4d5 e7e5
5236,g2g3 d7d6 b2b4 d8d7 g1h3 f7f5 g3g4 a7a6 f2f3 f5f4 g4g5 c7c6
5237,f2f4 g8f6 a2a3 g7g5 d2d3 e7e6 d3d4 b7b5 a3a4 b5a4 b1c3 h7h6
5238,h2h4 b8a6 g2g3 c7c6 e2e3 c6c5 b1c3 d8b6 e1e2 f7f5 d2d4 g7g6
5239,f2f4 f7f5 h2h3 h7h5 c2c4 b8a6 e2e3 g7g5 b2b4 e7e5 d1c2 h8h6
5240,e2e4 a7a5 g2g4 e7e5 c2c3 a8a6 d1b3 c7c5 e1d1 d7d5 c3c4 d5e4
5241,a2a4 d7d5 a4a5 g8f6 e2e3 e7e5 a1a4 h8g8 f2f3 e5e4 g2g3 c8d7
5242,b2b4 g7g6 a2a4 b7b6 e2e3 g6g5 f1b5 h7h6 d2d4 c8b7 e1d2 b7a6
5243,g2g3 f7f5 b2b4 h7h6 d2d3 e7e6 c2c4 f8b4 c1d2 b8a6 e2e3 g8e7
5244,g2g3 a7a6 b2b4 g7g5 b4b5 b7b6 d2d3 f8g7 h2h4 g7d4 c1b2 e8f8
5245,a2a4 b8a6 b1c3 c7c5 f2f3 f7f6 a1a3 a8b8 c3d5 b7b6 h2h4 d8c7
5246,g2g3 a7a6 b2b3 d7d6 b3b4 e8d7 g1h3 f7f5 g3g4 g7g6 b4b5 h7h5
5247,b2b4 c7c5 g2g4 b8a6 b4c5 d7d6 e2e4 a6b4 h2h3 g8f6 e1e2 g7g6
5248,g1h3 f7f5 f2f3 f5f4 b2b4 c7c6 b4b5 d7d6 c2c3 c8h3 c1a3 h3d7
5249,b2b4 g7g6 a2a4 g8f6 e2e4 b7b6 f1b5 e7e5 a1a3 f8b4 c2c3 c7c6
5250,a2a3 f7f5 f2f4 b7b6 c2c3 c7c5 g2g4 d7d6 b2b4 b6b5 d1c2 b8c6
5251,g1f3 h7h5 f3e5 g7g5 f2f3 b7b5 b2b4 g5g4 c2c4 g4f3 e5f7 h8h6
5252,h2h4 a7a6 g2g3 e7e6 h4h5 g8f6 h1h2 d7d5 h2g2 c7c5 d2d4 a8a7
5253,a2a4 b7b5 b2b4 g7g6 a4b5 h7h5 a1a2 g8f6 e2e3 a7a6 b5a6 d7d6
5254,c2c4 d7d6 e2e3 f7f6 d2d4 f6f5 g1f3 d6d5 c4d5 a7a6 d1d2 f5f4
5255,e2e3 g7g5 b2b4 b7b6 d2d4 f8g7 g1f3 g7d4 f1d3 g8h6 e1f1 h6g4
5256,g2g3 d7d5 b2b4 c8d7 g1f3 b7b5 h2h4 f7f6 f3g5 b8c6 d2d3 g7g6
5257,c2c4 f7f6 e2e3 e7e6 g1h3 b7b5 d2d4 e8e7 c4b5 f6f5 g2g4 g7g5
5258,g2g4 e7e5 b2b4 h7h6 g1h3 c7c6 c2c4 f8b4 h1g1 b8a6 g1g2 a8b8
5259,h2h4 b8a6 h4h5 g7g5 a2a3 f8g7 f2f4 b7b5 b1c3 b5b4 c3a2 e8f8
5260,b2b4 g7g6 h2h4 h7h5 f2f4 g8f6 d2d3 b8c6 a2a3 b7b6 g2g4 f6g4
5261,g1f3 g7g5 g2g4 a7a5 e2e4 a8a7 f1e2 a5a4 f3d4 e7e5 d4c6 d7c6
5262,g2g3 a7a6 b2b3 d7d6 d2d3 d6d5 b3b4 a8a7 h2h4 e7e6 b1d2 f8b4
5263,d2d4 b8c6 g1f3 g7g5 b2b3 a8b8 e1d2 f7f5 g2g3 c6d4 h2h4 d4c2
5264,a2a4 g7g6 e2e3 g6g5 a1a2 e7e5 a4a5 b7b5 d2d4 e8e7 d1d3 a7a6
5265,a2a4 d7d5 d2d3 e7e6 g1f3 b7b5 b1c3 g7g6 c3b5 h7h5 f3g1 e8e7
5266,g1h3 d7d5 d2d4 h7h5 f2f3 g7g6 e1d2 b8c6 a2a4 g8f6 h3g5 h5h4
5267,a2a4 d7d5 a4a5 e7e5 f2f3 e8e7 a1a4 b7b6 e1f2 c8b7 a4h4 c7c6
5268,g2g3 e7e6 g3g4 g8f6 e2e4 f6e4 e1e2 e8e7 a2a4 c7c5 g4g5 d7d6
5269,a2a4 g8f6 d2d3 e7e5 h2h4 e5e4 g2g3 g7g6 a4a5 h8g8 b1d2 c7c6
5270,e2e3 b7b5 b2b4 g8h6 f2f3 g7g5 c1a3 a7a5 f1d3 f8g7 g2g3 c7c5
5271,g2g3 a7a6 b2b4 b7b6 d2d4 g7g5 g3g4 b8c6 g1h3 f8g7 h3g5 g7d4
5272,a2a4 b7b5 d2d3 g7g6 h2h3 h7h5 a4a5 g6g5 e1d2 g8h6 e2e4 h8g8
5273,h2h3 g8f6 e2e3 b8c6 g2g4 g7g5 b2b4 h8g8 d2d4 b7b5 e1d2 d7d5
5274,e2e4 a7a5 c2c3 a8a7 g1f3 g8f6 g2g3 a5a4 f3e5 d7d5 e5f3 d5e4
5275,h2h3 g8f6 e2e3 a7a6 b2b4 g7g6 g2g3 e7e5 f1c4 c7c6 e1f1 e5e4
5276,a2a4 d7d5 c2c4 f7f6 f2f4 e7e6 h2h3 c7c6 h1h2 d8c7 e2e3 d5c4
5277,a2a4 f7f5 b1c3 a7a5 h2h4 b8c6 f2f4 h7h6 b2b4 h6h5 b4a5 b7b6
5278,g1f3 a7a5 d2d4 e7e6 a2a3 g7g5 a1a2 a8a7 f3g1 c7c5 f2f3 f7f5
5279,h2h3 g8f6 f2f4 e7e6 h3h4 f6e4 b1a3 c7c5 g2g4 d8h4 h1h4 b7b5
5280,g2g4 b8c6 b2b3 b7b6 f1g2 c8a6 e1f1 a8b8 g2d5 a6b7 g1h3 c6b4
5281,e2e4 a7a5 g2g4 a8a7 c2c3 h7h6 f1b5 e7e5 b1a3 c7c5 e1e2 g8e7
5282,a2a4 d7d5 a4a5 g8f6 e2e3 e8d7 f2f3 f6h5 g2g3 d7d6 g3g4 c8g4
5283,e2e4 a7a5 g2g4 f7f6 h2h3 b8a6 c2c3 a8a7 f2f4 g7g5 d1a4 e7e5
5284,a2a4 b8a6 b1c3 f7f5 b2b3 h7h5 f2f3 d7d6 c3d5 e8f7 d5c3 g7g6
5285,a2a3 f7f5 b1c3 b8c6 d2d4 a7a5 g1f3 e7e6 f3d2 f8a3 h2h4 h7h5
5286,h2h3 d7d6 e2e3 g7g5 g2g3 b8c6 e3e4 e8d7 f2f3 f7f6 b1a3 h7h5
5287,g2g4 b8c6 c2c4 h7h6 e2e4 d7d6 g1f3 c8g4 b2b4 g7g5 e4e5 c6b8
5288,a2a4 b7b5 a1a3 b5a4 g1f3 c8b7 d2d3 e7e6 b1d2 h7h6 h2h4 e8e7
5289,f2f4 h7h5 d2d3 g8f6 c2c4 g7g6 g1f3 b7b5 h2h4 e7e6 f3g1 e8e7
5290,a2a4 e7e6 g1f3 b7b6 e2e3 e8e7 f1b5 b8c6 f3g5 f7f5 d2d4 c8b7
5291,e2e4 h7h5 d2d3 d7d5 e4d5 e7e6 g1f3 e6d5 b2b3 b7b5 h2h4 e8e7
5292,a2a4 d7d5 b1c3 g8f6 f2f3 c8g4 a1a3 c7c6 c3d5 g4d7 c2c4 e7e6
5293,e2e4 d7d5 e4d5 e7e6 g1f3 e8e7 g2g3 e6e5 b1a3 b7b6 d2d3 c8a6
5294,g2g3 a7a6 b2b3 d7d6 c2c4 g8f6 f1g2 e8d7 e1f1 a8a7 b1a3 b8c6
5295,a2a4 d7d5 d2d3 e7e6 g1f3 g8f6 a1a2 a7a5 c1g5 f8d6 b1d2 c7c5
5296,a2a4 f7f6 d2d3 b7b5 c2c3 g7g6 h2h3 c7c5 c1d2 f8g7 g2g3 f6f5
5297,a2a4 e7e6 e2e4 h7h6 g2g4 b7b6 c2c3 a7a5 c3c4 f8a3 g1h3 e6e5
5298,e2e4 h7h5 e4e5 h8h6 a2a4 b8a6 a4a5 b7b6 c2c4 h5h4 a5b6 a6b4
5299,c2c4 b7b5 h2h3 f7f6 e2e4 c8a6 a2a4 g8h6 e4e5 h8g8 a1a2 c7c5
5300,g1h3 b7b5 e2e3 c7c5 e1e2 g7g5 a2a3 a7a6 h3g5 g8h6 g5f3 a8a7
5301,e2e4 a7a5 g2g4 f7f6 c2c3 b8a6 d1f3 c7c5 f3d3 a8a7 b1a3 e7e5
5302,a2a4 a7a6 b1c3 d7d6 f2f4 h7h6 c3d5 g7g6 h2h4 b7b5 d2d4 b8c6
5303,a2a3 f7f5 b1c3 b8c6 d2d4 a7a6 c3d5 c6d4 d1d2 a6a5 a1a2 e7e5
5304,a2a4 d7d5 a1a3 g8f6 e2e3 h8g8 f1d3 e7e5 d3f1 f6d7 g2g3 h7h5
5305,a2a4 d7d5 d2d3 e7e6 c1g5 c7c5 f2f4 d8c7 e2e4 f7f5 d3d4 c7f4
5306,g2g3 a7a6 b2b4 f7f5 g3g4 b8c6 h2h4 h7h5 f1h3 g7g5 e1f1 e7e6
5307,a2a4 d7d5 b1c3 g7g6 a1a2 f7f6 f2f4 c8d7 a4a5 c7c6 c3e4 d8a5
5308,a2a4 a7a6 d2d3 b7b5 g2g3 e7e6 g1f3 c8b7 h2h4 e8e7 h1g1 g7g6
5309,g1f3 b7b6 a2a3 g7g5 e2e3 f8g7 f1d3 h7h6 a3a4 b6b5 d3b5 e8f8
5310,d2d3 e7e6 b1c3 e6e5 b2b4 b8a6 f2f3 c7c6 h2h4 f8b4 e1f2 e8e7
5311,g2g4 b8a6 b2b3 g7g5 d2d3 f7f5 g4f5 c7c5 c1g5 e7e6 h2h3 h7h6
5312,f2f4 e7e5 d2d4 e5f4 e2e4 c7c6 a2a3 g7g5 d4d5 c6d5 d1d3 d7d6
5313,a2a4 e7e6 h2h3 b8c6 b1c3 g7g5 f2f4 h7h6 h1h2 b7b6 g2g4 h8h7
5314,e2e3 h7h6 g2g3 e7e6 b2b3 f8b4 f1c4 a7a5 e1e2 d7d5 h2h3 e8e7
5315,g1f3 a7a6 e2e4 d7d6 e4e5 b8d7 e1e2 a8b8 c2c3 f7f6 d2d3 b8a8
5316,h2h3 g7g6 e2e4 b7b6 g2g3 c8a6 c2c3 g8f6 b1a3 a6b7 f1b5 h8g8
5317,g2g3 g8f6 b2b4 g7g6 h2h3 e7e5 h3h4 f8b4 h1h2 e5e4 c1b2 b8c6
5318,g1f3 h7h5 a2a3 g7g6 b1c3 b7b6 h1g1 d7d6 c3d5 h8h7 d2d3 f7f5
5319,a2a4 d7d5 d2d3 e7e6 h2h4 c7c5 d3d4 f7f6 e2e4 d5e4 g1f3 e8e7
5320,b1a3 a7a6 e2e4 f7f6 c2c3 g8h6 f1b5 h8g8 e1e2 c7c6 a3c2 d8a5
5321,a2a4 b8a6 h2h4 g7g6 d2d3 f7f6 g2g3 f6f5 g1h3 h7h6 e2e3 c7c6
5322,a2a4 e7e6 g1f3 h7h6 g2g4 a7a5 h1g1 b8a6 h2h3 g7g6 f3h4 e8e7
5323,e2e4 a7a6 g1e2 d7d6 h1g1 g7g6 g2g3 f7f5 e4f5 b8d7 f1h3 h7h5
5324,g1f3 h7h5 a2a3 g7g6 g2g4 e7e5 f1g2 e8e7 f3g5 d7d5 e1g1 b7b6
5325,h2h3 h7h5 b1c3 d7d6 a2a4 a7a5 c3a2 b7b5 g2g4 c8d7 f1g2 h8h6
5326,g1h3 b7b5 e2e3 g7g6 f2f4 h7h5 d1g4 d7d6 b2b4 b8c6 f1d3 a7a5
5327,e2e4 g8h6 e4e5 b7b6 g1f3 c8b7 d2d4 b7f3 b2b4 f7f6 h2h3 f3g2
5328,a2a4 b8a6 a4a5 g8h6 g1f3 f7f5 e2e4 h8g8 g2g3 h6f7 e4f5 e7e6
5329,e2e4 g7g6 h2h3 d7d5 g2g3 d5e4 b1c3 f7f5 d2d3 c7c6 d1f3 d8d6
5330,a2a3 f7f5 b1c3 h7h5 b2b3 d7d6 a3a4 g8h6 g2g3 g7g6 d2d4 d6d5
5331,g2g3 a7a6 b2b3 d7d6 b3b4 e8d7 g1f3 d7e6 h1g1 b7b5 e2e3 d6d5
5332,a2a4 g7g5 a4a5 b7b6 d2d3 g8h6 b1a3 b6b5 a1b1 b5b4 b2b3 f7f6
5333,b1a3 e7e6 a3c4 e8e7 g2g4 g7g6 h2h3 h7h6 h1h2 a7a5 b2b4 b7b5
5334,e2e3 g8f6 e3e4 d7d5 a2a4 e7e5 g2g4 h8g8 h2h4 c8d7 e1e2 h7h5
5335,e2e4 b8c6 h2h3 g8h6 d2d4 d7d5 h3h4 f7f6 b2b3 e8d7 e1e2 h6f7
5336,h2h4 b8a6 d2d4 f7f6 e2e4 c7c5 e1e2 g7g5 b2b3 b7b5 c1d2 a6b4
5337,e2e4 a7a6 f1b5 g8f6 g2g4 a8a7 b5d3 a6a5 b1a3 h7h6 f2f4 e7e5
5338,e2e4 a7a5 g2g4 a5a4 c2c3 a8a7 d1a4 a7a5 e1e2 a5a4 a2a3 d7d5
5339,e2e4 h7h5 c2c3 g8h6 e4e5 h8g8 g1f3 e7e6 f1b5 e8e7 e1f1 h5h4
5340,e2e4 a7a5 g2g4 f7f6 c2c3 c7c5 b2b4 a5a4 d1f3 d8a5 f3e3 g8h6
5341,e2e4 h7h6 h2h3 d7d6 g2g4 a7a6 e1e2 f7f6 a2a4 b7b6 g1f3 c8g4
5342,e2e3 e7e5 g1f3 a7a5 f3e5 d7d5 b1c3 g8f6 g2g3 b8c6 f2f3 f8b4
5343,a2a4 b8a6 b1c3 f7f5 b2b3 h7h6 f2f4 g8f6 h2h3 f6g4 d2d4 e8f7
5344,a2a4 b7b5 a4a5 b8c6 c2c4 d7d6 b1c3 e8d7 c3a2 c6b8 c4b5 c8a6
5345,a2a3 f7f5 g2g4 a7a6 f2f4 d7d5 e1f2 a8a7 d2d3 d5d4 a3a4 g7g6
5346,a2a4 b8a6 b1c3 c7c6 c3d5 e7e6 d5f4 h7h6 c2c4 a8b8 b2b4 f7f6
5347,a2a4 b7b5 d2d3 g7g6 h2h3 g8h6 f2f3 d7d6 c1d2 f7f6 g2g3 c8g4
5348,e2e4 a7a6 e1e2 a6a5 a2a3 a8a7 g2g4 d7d6 f2f4 b7b5 c2c4 g8f6
5349,b2b4 e7e6 g1f3 b8c6 c1b2 f8d6 f3e5 a7a5 e2e3 b7b6 d1h5 c8a6
5350,a2a3 b8c6 d2d3 a7a5 b1d2 f7f5 h2h4 c6d4 g1f3 c7c5 g2g3 e7e5
5351,g2g4 b7b6 c2c4 c8a6 a2a4 e7e5 e2e4 f7f6 d2d4 b8c6 d4e5 b6b5
5352,e2e4 a7a5 e1e2 a8a7 a2a4 e7e5 g1h3 f8b4 g2g4 b8a6 c2c4 f7f6
5353,g1f3 d7d5 b1c3 b7b6 a1b1 f7f6 e2e3 c7c6 f3e5 c8d7 f1b5 e7e6
5354,g1f3 h7h5 d2d3 b7b5 g2g4 e7e6 f3h4 g7g6 b2b3 b5b4 h1g1 f8e7
5355,g1f3 a7a6 c2c4 a6a5 e2e3 g8f6 b2b4 d7d5 c4d5 e7e5 c1a3 g7g6
5356,b2b4 h7h5 b4b5 g7g6 d2d3 b7b6 c1b2 e7e6 g2g4 h5g4 f1g2 d7d6
5357,e2e4 a7a5 g2g4 b8a6 c2c4 f7f6 d2d3 a6b4 d1f3 a8a7 c1d2 a5a4
5358,g2g3 d7d6 b2b4 b7b6 f2f3 c7c6 e2e3 g7g5 d2d4 f8g7 f3f4 b8d7
5359,g2g3 a7a6 b2b3 a6a5 e2e4 d7d6 e1e2 a8a7 g3g4 f7f6 b1a3 c8g4
5360,h2h3 g7g5 d2d4 h7h6 b1c3 a7a6 h1h2 f7f5 e1d2 e8f7 g1f3 e7e5
5361,a2a4 b8a6 b1c3 f7f5 f2f4 h7h5 h2h3 h8h7 e1f2 b7b6 c3d5 e7e6
5362,e2e4 a7a5 g2g4 a8a6 b1a3 f7f6 e1e2 d7d6 f1h3 c8g4 h3g4 b8d7
5363,b2b4 g7g6 d2d4 b8c6 c1a3 e7e6 b4b5 c6a5 g1h3 h7h5 c2c4 d7d5
5364,b2b4 d7d6 d2d4 b8c6 g1f3 c8e6 g2g3 e6g4 e2e3 f7f6 h2h4 h7h5
5365,g2g4 b8a6 e2e4 g7g5 g1f3 c7c5 e4e5 f7f5 c2c4 h7h6 b2b3 e7e6
5366,g1f3 e7e5 f3g5 a7a5 h1g1 e8e7 g5e6 g7g5 b1a3 g5g4 d2d4 f7e6
5367,e2e4 b8c6 f1d3 a7a5 b1a3 c6b4 g2g3 f7f5 c2c3 b4d3 e1e2 e7e6
5368,g2g3 g7g6 d2d4 h7h5 h2h4 d7d6 c2c4 h8h6 b2b3 g8f6 c1g5 e8d7
5369,f2f4 e7e5 g1f3 c7c6 f3e5 g7g5 e2e4 g5f4 e1e2 g8f6 b1a3 d7d5
5370,g2g3 d7d6 b2b4 b7b6 f1h3 c8h3 f2f3 f7f5 g3g4 c7c6 c1a3 e8d7
5371,g1h3 g8h6 g2g4 g7g5 b1a3 h8g8 h3g5 a7a6 f2f3 b7b5 b2b3 g8g5
5372,g1h3 h7h5 g2g4 b8a6 b2b3 d7d5 b1c3 h5g4 f2f3 g7g6 c3d5 e7e5
5373,a2a4 a7a6 b1c3 h7h5 b2b3 g7g6 a4a5 b7b5 a5b6 g8f6 g2g3 h8g8
5374,g1h3 b7b5 b1c3 g7g6 g2g4 e7e5 g4g5 e8e7 d2d3 f8g7 e1d2 b5b4
5375,b1a3 e7e6 h2h3 c7c5 g2g4 f7f5 h1h2 b7b6 b2b4 f5g4 b4c5 c8b7
5376,a2a4 a7a6 b1c3 d7d6 c3d5 g7g6 d2d3 b7b5 a4b5 a6a5 d5b6 g8h6
5377,e2e4 h7h5 g1f3 e7e6 e4e5 f8b4 c2c3 e8e7 d2d3 g7g6 c1g5 f7f6
5378,g1f3 a7a6 d2d4 b8c6 d4d5 a8a7 c2c4 f7f6 e2e3 c6d4 f3d4 b7b5
5379,a2a4 c7c6 g1h3 a7a6 b1a3 a8a7 c2c4 f7f6 d2d3 f6f5 f2f4 g7g5
5380,a2a4 b8c6 a4a5 g7g5 a1a2 b7b6 f2f3 f8g7 c2c3 e8f8 e2e4 b6a5
5381,a2a4 f7f6 h2h3 a7a6 d2d3 a8a7 f2f4 e8f7 c2c3 f6f5 e2e3 c7c6
5382,h2h4 b8a6 f2f3 e7e5 h4h5 f8b4 g1h3 e5e4 e1f2 c7c6 h3g5 d8c7
5383,a2a4 f7f5 b1c3 h7h6 g1h3 h6h5 b2b3 d7d5 f2f3 h8h7 a1b1 c7c6
5384,e2e4 h7h5 e4e5 e7e6 f1e2 b7b5 c2c4 g8f6 d2d4 d7d6 e2f1 c8b7
5385,g2g3 h7h5 b1a3 e7e5 b2b3 g8f6 a3c4 g7g6 c4e5 b7b5 c2c4 e8e7
5386,a2a4 a7a6 b1c3 b7b5 a4b5 a6b5 b2b3 g7g6 g2g4 d7d5 e2e4 a8a1
5387,e2e4 d7d6 e1e2 c8g4 g1f3 a7a6 d2d4 a8a7 h2h4 f7f5 a2a4 e8d7
5388,e2e4 h7h5 e4e5 e7e6 c2c3 e8e7 a2a4 h5h4 e1e2 d7d6 c3c4 b7b5
5389,e2e4 d7d6 e4e5 a7a6 e5d6 e7d6 d2d4 b7b5 a2a4 a8a7 h2h4 a7b7
5390,e2e4 a7a5 g2g4 g8h6 g1f3 f7f6 g4g5 e7e5 c2c3 e8f7 d2d4 a8a7
5391,g1h3 g8f6 b2b3 d7d5 d2d4 a7a5 g2g3 a8a6 h3f4 a5a4 e1d2 e7e6
5392,b1c3 d7d6 b2b3 a7a6 e2e3 c8g4 c1a3 g8f6 f1d3 e7e6 g1f3 e8d7
5393,e2e4 e7e6 g2g4 d8h4 e1e2 h4f6 a2a3 e8e7 b1c3 f6f5 c3d5 f5d5
5394,g1f3 a7a6 d2d4 f7f5 a2a3 b8c6 b1c3 c6b8 f3e5 d7d6 c1d2 a8a7
5395,b2b4 b8c6 b4b5 b7b6 b5c6 d7d5 c1a3 c8a6 e2e3 h7h6 a3b2 g8f6
5396,a2a4 a7a6 b1c3 b7b5 a4a5 a8a7 f2f4 d7d5 c3b5 g7g5 b5c3 f8g7
5397,g1f3 a7a6 e2e4 d7d6 e4e5 b8d7 g2g4 f7f6 f1d3 a8a7 e5f6 h7h5
5398,a2a3 f7f5 e2e4 a7a5 c2c3 d7d6 g2g4 f5g4 f2f4 g4f3 h2h4 g8h6
5399,a2a4 h7h5 g1h3 f7f5 f2f3 c7c6 b1a3 h8h6 g2g4 b8a6 d2d4 a6c7
5400,e2e4 a7a5 g2g4 g8h6 f2f4 b8a6 c2c3 a5a4 d1a4 a8b8 a2a3 h8g8
5401,b1c3 h7h6 b2b3 d7d6 c3b5 d8d7 g1f3 a7a6 b5d6 e8d8 f3h4 f7f6
5402,g1f3 h7h5 a2a4 f7f5 c2c4 c7c6 d2d4 e8f7 d1d3 g7g5 f3e5 f7g7
5403,d2d4 b8c6 c1e3 g8f6 b2b3 d7d5 e3g5 c8h3 g2g3 h7h6 g5f6 c6b4
5404,f2f4 e7e5 c2c4 e5f4 d2d3 b8a6 h2h4 c7c5 d1c2 d8c7 e1d2 f8e7
5405,e2e4 a7a5 g2g4 f7f6 c2c3 g7g5 h2h3 f8h6 f1d3 e8f8 g1e2 a8a7
5406,g1f3 h7h6 c2c3 e7e6 d2d4 f7f5 d4d5 g8f6 d5e6 f8e7 e2e4 h6h5
5407,g1f3 g7g5 e2e4 b7b5 e4e5 e7e6 c2c3 e8e7 a2a3 c8b7 f3g5 h7h6
5408,g1f3 d7d5 b2b4 a7a6 b1c3 g7g6 a1b1 h7h5 h2h4 f7f6 e2e4 b8d7
5409,g1h3 b7b5 c2c4 g8f6 g2g4 b5c4 d2d3 c8a6 d3c4 a6c4 d1d7 d8d7
5410,a2a4 b7b5 d2d4 b5a4 b1d2 e7e6 e2e4 c8b7 e1e2 e8e7 h2h3 a7a6
5411,a2a4 f7f5 b1c3 e7e5 c3b5 h7h5 f2f4 h8h7 b5a3 f8a3 g2g3 e5e4
5412,e2e4 g7g6 g1f3 e7e6 e4e5 e8e7 g2g3 f8g7 f1c4 b8c6 d2d3 e7e8
5413,a2a3 b8c6 d2d3 g7g5 b1c3 c6d4 c3b5 b7b6 a1a2 f8g7 d1d2 c7c6
5414,g1f3 a7a6 e2e4 d7d6 e1e2 f7f5 g2g4 g7g6 a2a4 h7h5 f1g2 b8d7
5415,b1a3 g8f6 h2h4 e7e5 g2g3 e5e4 h1h2 e8e7 a3b5 c7c6 b2b4 h7h6
5416,g1f3 h7h5 e2e4 g7g6 e4e5 h8h7 e1e2 g6g5 b2b3 b7b5 g2g3 g5g4
5417,g1h3 a7a5 b2b4 g7g6 g2g3 d7d5 d2d4 h7h5 c2c4 c8d7 h3g5 h5h4
5418,d2d4 h7h5 c2c4 g7g5 a2a4 f7f5 f2f4 e8f7 d4d5 c7c6 d1d3 g8f6
5419,g2g4 a7a5 b2b4 a5a4 b4b5 a8a7 g1h3 b8a6 c2c4 d7d5 d1c2 c8d7
5420,e2e4 b8a6 g2g4 a6b4 g1f3 b7b6 e4e5 c7c6 h1g1 a8b8 f1b5 a7a6
5421,g1f3 h7h5 e2e3 d7d5 f3e5 g7g5 e1e2 g8h6 c2c3 c7c6 e5f3 e7e5
5422,d2d4 d7d5 g1f3 f7f5 b1c3 c8d7 h2h3 g7g6 c3a4 h7h5 h3h4 e8f7
5423,g2g4 b7b6 b2b3 c8a6 a2a3 b8c6 f1g2 a8b8 a1a2 a6e2 e1e2 b8a8
5424,d2d4 b8c6 c1d2 c6a5 c2c3 f7f5 e2e4 g7g6 f1b5 f8h6 g1h3 f5f4
5425,c2c4 a7a5 f2f3 b8c6 d1b3 h7h6 g2g3 d7d6 c4c5 e7e5 f1g2 f7f5
5426,c2c4 f7f6 e2e3 e7e5 d2d4 d7d5 g1f3 b8c6 h1g1 g7g6 h2h4 c8d7
5427,h2h3 d7d6 a2a4 a7a5 b1a3 h7h6 g2g4 f7f6 f2f4 d8d7 h3h4 b8a6
5428,a2a4 b7b5 b2b4 b5a4 e2e4 c8b7 b4b5 c7c6 a1a4 d7d6 b1c3 g7g6
5429,a2a4 g7g6 e2e3 h7h6 d2d3 a7a5 e1e2 g8f6 b2b4 f6d5 c2c3 d5b4
5430,b1c3 b7b6 b2b3 d7d5 c3d5 g7g6 g2g3 c7c5 c2c4 f8g7 b3b4 e8d7
5431,g1f3 a7a6 e2e4 d7d6 a2a4 a6a5 e1e2 h7h6 d2d4 h8h7 d1d3 c8h3
5432,a2a4 e7e6 g1f3 b8c6 h2h3 b7b6 a4a5 c6e7 d2d3 c7c5 e2e3 e7f5
5433,a2a4 f7f6 d2d3 f6f5 h2h3 h7h5 d1d2 g7g5 e2e4 b8a6 e4e5 c7c6
5434,a2a4 b7b5 b1c3 g7g6 g2g4 g8f6 a4b5 f6g4 a1a7 h8g8 a7a8 h7h5
5435,a2a4 b8a6 e2e3 f7f5 f1a6 c7c6 a6e2 d7d5 e2a6 g7g5 c2c4 f8g7
5436,g1f3 g7g5 e2e4 h7h6 f3e5 d7d6 c2c3 b7b5 e1e2 c7c5 h1g1 d6e5
5437,a2a4 b7b5 a1a2 b5a4 h2h3 g7g6 d2d3 h7h6 b1d2 f7f6 g2g3 c8b7
5438,b1a3 g8f6 d2d3 e7e5 h2h3 e5e4 f2f3 a7a6 c1g5 d7d6 c2c3 c7c5
5439,e2e4 e7e6 f1b5 e8e7 g2g4 h7h5 e1f1 h5g4 b2b3 d7d5 a2a4 g4g3
5440,a2a3 f7f5 d2d4 h7h6 h2h4 e8f7 c2c3 g7g5 e2e4 e7e5 g2g3 d7d5
5441,b1a3 b7b6 a3b1 g7g6 g2g3 d7d6 c2c4 e8d7 d2d4 b6b5 e2e3 h7h5
5442,e2e4 b8a6 e4e5 e7e6 g1f3 e8e7 g2g3 d8e8 c2c3 g7g5 d2d4 e8d8
5443,g1f3 d7d6 d2d4 f7f5 e2e3 d6d5 e1e2 e7e6 e3e4 e8e7 e4e5 e7f7
5444,g1f3 d7d6 e2e4 c8e6 e4e5 b7b6 e5d6 c7d6 b2b3 h7h6 c1a3 g7g6
5445,a2a4 g8f6 g2g4 e7e5 e2e3 h8g8 e1e2 c7c6 a1a2 d7d5 b1a3 e8e7
5446,h2h3 g7g5 e2e4 h7h6 g2g4 e7e5 f2f4 f7f6 e1f2 b7b5 c2c3 e5f4
5447,e2e4 h7h5 e4e5 h8h6 g1f3 b7b5 e1e2 h5h4 c2c3 c8a6 d1e1 b5b4
5448,h2h3 e7e5 c2c3 d7d5 d2d3 g8f6 c1e3 e8e7 g2g4 e5e4 e3c5 e7d7
5449,g1f3 h7h6 e2e4 a7a5 f3e5 a8a6 e5f7 d7d6 a2a4 b8d7 f1a6 b7b5
5450,g1f3 h7h6 g2g4 d7d6 f1g2 c8e6 a2a3 e8d7 e1f1 h8h7 b2b3 g7g5
5451,e2e4 b8a6 e4e5 e7e6 f2f3 g8h6 f1d3 f8a3 g2g3 c7c5 b2b4 e8e7
5452,b1a3 e7e6 a3b5 a7a5 f2f4 f8a3 b5a3 c7c5 a3b5 h7h5 b5c7 d8c7
5453,e2e4 e7e6 f1b5 g8f6 g2g4 e8e7 b5f1 h7h6 g1e2 f6e4 h2h3 e6e5
5454,b2b4 e7e6 a2a3 g8h6 g1f3 h8g8 a3a4 g7g6 f3g5 a7a6 f2f3 h6f5
5455,f2f3 g8h6 a2a4 b7b6 a1a3 c8b7 b2b4 a7a6 g2g3 d7d6 h2h4 b7e4
5456,a2a4 d7d5 b1c3 g8f6 f2f4 h8g8 g2g4 d5d4 a4a5 f6d5 f1g2 d5b6
5457,e2e4 g8h6 g1e2 a7a5 g2g3 f7f6 c2c3 b8a6 h2h4 a8b8 h1g1 b7b5
5458,h2h3 g7g5 e2e4 e7e5 a2a4 e8e7 a1a2 f8g7 g1e2 a7a5 c2c4 d7d5
5459,e2e3 g7g5 e3e4 g5g4 h2h3 f8h6 g2g3 e8f8 g1e2 b7b6 c2c3 g8f6
5460,e2e3 f7f5 h2h4 h7h5 b2b4 c7c6 d1h5 h8h5 f2f4 e7e6 c2c4 d7d5
5461,d2d4 g8f6 c2c4 e7e5 e2e4 d7d5 d1h5 c8h3 e1d2 e5d4 g2g4 f6h5
5462,g2g4 d7d5 b1a3 h7h6 h2h3 e7e5 b2b4 a7a5 a3b1 g8f6 b4a5 b7b6
5463,g1h3 g7g5 g2g3 b8a6 b2b4 f7f5 g3g4 f5g4 d2d4 d7d5 c2c4 e7e6
5464,e2e4 a7a5 g2g4 b8a6 h2h3 f7f5 c2c3 a5a4 d1a4 f5e4 e1d1 c7c5
5465,a2a4 b8a6 b1a3 f7f5 b2b4 h7h6 e2e3 e7e5 f1a6 g7g5 g1h3 f5f4
5466,d2d4 e7e6 h2h4 e8e7 e2e4 f7f5 g2g3 h7h6 e4f5 b7b5 g3g4 b8c6
5467,a2a4 b7b5 b2b4 b5a4 a1a4 c8b7 d2d3 d7d6 g1f3 b7f3 c1a3 c7c5
5468,a2a3 d7d5 g1f3 f7f5 b1c3 g8f6 a1b1 e7e6 e2e3 f6e4 f3e5 b8a6
5469,e2e4 g8h6 g2g4 c7c5 g1e2 b7b5 g4g5 f7f6 c2c3 f6f5 d1a4 f5f4
5470,e2e4 a7a5 g2g4 b8a6 e1e2 f7f5 h2h3 g8h6 c2c3 a8a7 d1c2 c7c5
5471,g2g3 h7h5 f2f4 d7d6 g3g4 e7e5 c2c4 f7f6 h2h4 f8e7 b1a3 c7c6
5472,g1h3 b7b5 b2b3 g7g6 d2d4 d7d5 f2f4 a7a5 e1d2 a8a7 f4f5 h7h5
5473,e2e4 a7a5 h2h3 g8h6 d1h5 g7g6 h5d1 c7c5 g1f3 a8a7 f1d3 d7d5
5474,e2e4 a7a5 g2g4 a8a7 f2f4 f7f6 b1a3 a5a4 f1d3 b8a6 a1b1 b7b6
5475,d2d4 b8c6 a2a4 a7a5 a1a3 f7f5 d4d5 c6a7 f2f3 d7d6 b1c3 g7g5
5476,g1h3 g8f6 b1c3 g7g5 f2f4 b7b6 c3a4 b6b5 a2a3 b5b4 g2g4 f6g4
5477,b1c3 e7e5 c3a4 g8f6 e2e4 d7d5 g2g4 f8e7 e1e2 e7a3 a4b6 d8d7
5478,a2a4 b8a6 b1c3 f7f5 d2d4 h7h6 b2b3 e7e6 h2h3 h8h7 g2g3 f8e7
5479,e2e4 a7a5 g2g4 c7c5 c2c4 a5a4 d1c2 b7b6 e1e2 g8h6 d2d4 c5d4
5480,e2e4 a7a5 g2g4 a8a6 g1e2 g8f6 a2a4 h7h6 h2h3 f6d5 f2f4 f7f5
5481,a2a4 b8a6 b1c3 c7c6 b2b3 e7e5 g2g3 f8b4 c1a3 g8f6 a4a5 h8f8
5482,b1a3 e7e5 a3c4 g8f6 a2a3 f8a3 g2g3 e5e4 b2b3 g7g6 c1a3 h8f8
5483,b1c3 d7d6 f2f4 h7h5 g2g4 e7e5 a2a3 d8h4
5484,g1f3 b7b5 g2g3 h7h5 e2e4 g7g6 f1b5 g8h6 e4e5 c8b7 c2c3 h8h7
5485,g1h3 b7b5 d2d4 g7g5 g2g3 f8g7 b2b4 e8f8 d4d5 g7a1 h3g5 d7d6
5486,e2e4 b8c6 f1e2 c6b4 g1f3 b7b6 c2c3 g7g6 e2b5 f8g7 e4e5 e8f8
5487,a2a4 b8a6 d2d4 f7f5 f2f4 e8f7 e1f2 a8b8 e2e3 e7e6 h2h4 c7c6
5488,e2e4 g7g6 g2g3 a7a5 g1f3 e7e5 f1b5 g6g5 a2a4 f8c5 d2d4 c5d4
5489,e2e4 a7a6 g1e2 d7d6 h1g1 f7f5 e4f5 h7h5 e2d4 g7g6 c2c4 h5h4
5490,b1c3 b7b6 b2b3 g8f6 g2g4 g7g5 h2h4 c8a6 f2f3 f6g4 a1b1 c7c5
5491,e2e4 d7d6 a2a4 a7a5 e1e2 f7f5 g2g4 b8a6 d2d4 b7b5 f1g2 e8f7
5492,b1c3 d7d6 a2a4 h7h6 c3b5 h8h7 c2c3 c7c5 a1b1 f7f5 b5d6 e7d6
5493,g1f3 d7d5 e2e4 e7e5 g2g3 e8e7 e4d5 g7g5 a2a4 h7h5 f1a6 c8g4
5494,g2g3 d7d5 b2b3 c8g4 c1a3 f7f5 d2d3 f5f4 a3c5 g7g6 h2h4 g8h6
5495,g2g3 a7a6 b2b3 g7g6 h2h4 b7b5 b3b4 h7h5 d2d3 e7e6 g1h3 d7d6
5496,h2h3 h7h5 g2g4 h5g4 b1c3 f7f5 f2f4 b8a6 e2e3 g7g5 h1h2 g8h6
5497,e2e4 g7g6 g2g4 b7b6 c2c4 c7c5 f1h3 b6b5 e4e5 g6g5 g1f3 f7f6
5498,e2e4 a7a5 g2g4 e7e5 a2a3 e8e7 e1e2 g7g6 a3a4 f7f5 e4f5 g6f5
5499,a2a3 g7g5 a3a4 e7e5 b1a3 b8a6 f2f3 c7c6 g1h3 f8b4 a1a2 d8a5
5500,g2g4 a7a5 e2e4 e7e5 a2a4 b8a6 f1a6 f7f6 b2b4 b7b5 c1b2 a5b4
5501,g2g3 d7d6 b2b4 b7b6 d2d4 f7f5 c2c3 a7a6 h2h4 e8d7 g3g4 e7e5
5502,g1f3 a7a6 e2e4 d7d6 e4e5 b8d7 f1a6 b7b5 e5d6 c7d6 d2d4 h7h6
5503,b2b4 g7g6 a2a4 b7b5 e2e4 b8a6 a1a2 b5a4 a2a4 e7e6 e4e5 f8b4
5504,g1h3 b7b5 c2c4 g7g6 f2f4 e7e5 f4f5 b5c4 e1f2 g8e7 a2a3 d7d6
5505,g2g3 d7d5 b2b3 c8g4 c1a3 g8h6 f1h3 b7b6 a3e7 g4e2 e7c5 g7g6
5506,e2e4 a7a5 a2a4 b8a6 e1e2 f7f6 f2f4 g8h6 h2h3 g7g5 a1a2 h8g8
5507,g2g4 a7a5 e2e4 b8a6 c2c3 c7c5 d1a4 e7e5 a4d7 e8d7 c3c4 d8g5
5508,d2d4 b8c6 c1e3 c6a5 h2h3 d7d5 g2g3 f7f6 g3g4 c7c6 f1g2 a8b8
5509,g1f3 a7a6 e2e4 d7d6 e4e5 b8d7 e5d6 c7d6 d2d4 f7f5 a2a4 g7g5
5510,e2e3 f7f5 e3e4 c7c5 e4f5 e7e6 f1e2 d8g5 b2b4 f8e7 f2f3 b7b6
5511,d2d4 b8c6 d1d2 d7d5 g1f3 f7f5 b2b3 a7a6 d2d1 c6d4 f3d4 c7c6
5512,a2a4 f7f5 h2h4 b8c6 f2f4 h7h6 b1c3 b7b6 e2e3 h8h7 f1b5 e7e6
5513,g2g3 f7f5 b2b3 g7g5 c1b2 e8f7 a2a3 f8g7 h2h4 a7a5 e2e3 f5f4
5514,g1f3 d7d6 e2e3 a7a5 a2a4 h7h6 e1e2 c7c6 h1g1 e7e5 d2d4 g7g5
5515,a2a4 f7f5 b1c3 h7h6 h2h3 h8h7 f2f3 c7c6 e1f2 b8a6 c3e4 a8b8
5516,g2g4 b7b6 b2b3 b8c6 f1g2 c8a6 e1f1 a6b7 b3b4 c6a5 e2e3 c7c6
5517,e2e4 a7a5 g2g4 b8a6 h2h4 f7f6 d2d3 a8b8 e1e2 f6f5 a2a4 e8f7
5518,g1f3 a7a6 d2d4 f7f5 d4d5 g7g5 e2e4 b7b6 h1g1 c7c5 h2h4 f5e4
5519,b2b3 b8c6 g2g4 b7b6 f1g2 a7a6 b1c3 a6a5 g2c6 b6b5 h2h4 a8a7
5520,b2b3 a7a5 b1c3 c7c5 e2e3 e7e5 b3b4 b8a6 e1e2 a8a7 f2f3 c5b4
5521,b2b3 a7a5 b3b4 b8c6 g1h3 a5a4 h1g1 c6a5 g1h1 a8a6 f2f4 a6e6
5522,g2g3 a7a5 a2a4 b8c6 h2h4 f7f5 g3g4 h7h5 h1h3 c6d4 b2b4 d7d6
5523,e2e4 a7a5 g2g4 g8h6 g1f3 b8a6 g4g5 a8a7 e4e5 a6b8 e5e6 b7b6
5524,a2a3 b7b5 h2h4 d7d6 g1f3 h7h6 d2d4 a7a5 e2e3 g7g5 b2b4 e7e6
5525,h2h4 a7a6 f2f4 g7g5 e2e4 e7e5 g1f3 f8g7 h1h2 e8e7 b1a3 c7c6
5526,b1c3 b7b6 g2g4 f7f6 b2b3 e7e5 f1h3 g7g6 g4g5 f8d6 c3b5 b8a6
5527,g2g4 a7a5 e2e4 b7b5 g1f3 a8a6 f1d3 c7c5 b1a3 d7d6 h2h4 b8d7
5528,g2g4 a7a5 b1c3 c7c5 f1g2 b8a6 c3a4 g7g5 e1f1 d8b6 b2b3 f7f5
5529,g2g3 d7d6 b2b4 b7b6 g1h3 h7h6 d2d3 e8d7 b4b5 g7g5 d3d4 e7e6
5530,b1c3 f7f5 c3e4 a7a6 e2e3 h7h5 f1d3 d7d6 e1e2 a6a5 b2b4 b7b5
5531,e2e3 a7a6 h2h3 a8a7 b1a3 b7b6 f2f4 g7g5 d2d3 f8g7 f1e2 e8f8
5532,a2a3 f7f5 e2e4 a7a6 e4f5 d7d6 d2d4 h7h5 a3a4 b8d7 d4d5 h8h6
5533,h2h4 a7a6 g2g3 b8c6 b2b4 f7f5 h1h2 h7h5 h2h3 e7e5 b1a3 g7g6
5534,g1h3 b7b5 b2b3 g7g6 d2d3 d7d5 c1g5 c7c5 f2f3 f8g7 e1d2 e8f8
5535,g2g4 b7b6 f1g2 c8a6 h2h3 g8h6 f2f4 a6e2 b1c3 e2d1 c3e2 g7g5
5536,a2a4 b7b5 a4a5 g8h6 g1f3 g7g6 e2e3 g6g5 e1e2 h8g8 b2b4 h6g4
5537,d2d4 c7c5 d4c5 d7d6 f2f3 f7f5 d1d4 g8h6 e1d2 d8b6 c5b6 c8d7
5538,g1h3 a7a6 b2b3 b7b5 f2f3 d7d5 d2d3 e7e6 e1d2 f8e7 b3b4 g8f6
5539,a2a4 f7f5 f2f3 h7h6 b1c3 c7c6 f3f4 h8h7 h2h4 b8a6 g1h3 g7g6
5540,a2a4 b7b5 a4a5 g7g6 e2e3 g8h6 e1e2 h8g8 g1f3 h6f5 g2g3 c7c5
5541,e2e4 a7a6 e4e5 g8f6 g1f3 a6a5 e5f6 e7f6 a2a3 b7b5 a1a2 f8d6
5542,e2e4 a7a5 g2g4 b8a6 h2h3 c7c5 e1e2 f7f5 e4f5 e8f7 b2b4 b7b6
5543,g2g3 d7d6 b2b4 g7g6 g1h3 e7e6 e2e3 h7h5 c2c4 b7b5 h1g1 f7f5
5544,g2g4 e7e5 b2b4 h7h6 f1g2 a7a5 e1f1 b7b5 h2h4 h8h7 g2c6 b8c6
5545,e2e3 g7g5 e3e4 b7b5 f1b5 g8f6 d1e2 c8b7 c2c3 d8c8 b1a3 a7a6
5546,g1f3 g7g5 e2e4 b7b5 f1b5 e7e5 f3e5 e8e7 d2d4 d7d5 e5f3 f8h6
5547,a2a4 a7a6 b1c3 b7b5 f2f4 d7d6 c3d5 h7h6 g2g4 g7g6 c2c3 a8a7
5548,g1f3 a7a5 a2a3 b8c6 b2b4 a5b4 g2g3 g8h6 d2d4 f7f5 c1e3 c6e5
5549,g1h3 d7d5 d2d4 g8f6 h3f4 a7a6 b1c3 a8a7 c1e3 g7g5 h2h3 f6g4
5550,e2e4 a7a5 g2g4 b8a6 h2h3 c7c5 g1f3 b7b5 d2d4 f7f6 e1e2 e7e5
5551,g1h3 d7d5 d2d4 g8f6 g2g3 a7a6 h1g1 a8a7 c1g5 f6h5 b1a3 f7f5
5552,a2a4 h7h6 h2h3 g7g5 g2g3 e7e5 a1a3 a7a5 h1h2 e8e7 a3d3 e7e6
5553,a2a4 b7b5 b2b4 a7a6 a4b5 d7d6 a1a5 f7f5 d2d4 e8d7 g2g4 g8h6
5554,h2h3 g7g5 g2g3 h7h5 f2f3 e7e5 g3g4 c7c6 c2c4 b8a6 b2b4 a8b8
5555,a2a4 a7a6 b1c3 d7d6 a1b1 f7f5 c3e4 g8h6 g1f3 a8a7 e4f6 g7f6
5556,e2e3 a7a6 f1d3 a6a5 b1a3 b8c6 e1e2 b7b6 f2f3 c8a6 h2h3 h7h6
5557,g2g3 g8f6 b2b4 a7a6 h2h4 g7g5 d2d4 d7d5 b1c3 h7h5 a1b1 b8c6
5558,g1f3 a7a6 e2e4 d7d6 e4e5 a8a7 b1a3 b8d7 f1d3 f7f6 e5d6 e7e5
5559,h2h4 b8a6 f2f4 h7h6 e1f2 a8b8 b1a3 e7e6 g2g3 e8e7 a1b1 c7c6
5560,g2g3 d7d6 b2b4 e7e5 b1a3 h7h5 c1b2 g7g6 c2c4 e8e7 h2h3 e7e8
5561,a2a4 b7b5 d2d3 e7e6 b2b4 h7h5 a1a2 g8h6 b1a3 g7g6 h2h4 d7d6
5562,f2f4 e7e5 e2e3 d8h4 g2g3 h4f4 a2a4 g7g5 b1a3 g8f6 g3f4 e5f4
5563,h2h3 g7g5 g2g3 b8c6 b1c3 e7e6 f2f4 c6a5 g3g4 f7f5 c3a4 b7b6
5564,g2g4 b8a6 b2b3 a8b8 f1g2 c7c5 e1f1 g7g5 b1a3 f7f5 g1h3 b7b6
5565,a2a4 b7b5 b2b4 a7a6 a4b5 a6b5 d2d3 a8a1 c1g5 a1b1 c2c3 b1d1
5566,g2g3 g8f6 h2h4 e7e5 b2b4 f6e4 e2e3 f8b4 e1e2 b8a6 d2d4 c7c6
5567,g1h3 g8f6 b2b3 d7d5 g2g4 h8g8 b3b4 e7e5 h1g1 h7h5 c1b2 g7g6
5568,a2a4 b7b5 b2b4 a7a6 a4b5 a6b5 a1a8 g8h6 g1h3 c7c5 c2c4 g7g5
5569,h2h3 g7g5 e2e4 e7e5 c2c4 f8a3 b2b4 g5g4 d1e2 b8a6 c1a3 c7c6
5570,a2a4 a7a6 b1a3 f7f5 a3b1 d7d6 b1c3 b8d7 f2f4 e8f7 b2b4 g8f6
5571,g2g3 h7h5 g1h3 g7g6 d2d3 g8f6 d3d4 e7e5 e2e4 e5d4 h1g1 g6g5
5572,d2d4 d7d5 h2h4 b8c6 g2g3 g7g5 c1g5 f8g7 g1h3 f7f5 b2b3 g7d4
5573,h2h4 a7a6 g2g3 d7d6 c2c3 g7g5 e2e4 c8g4 f2f4 g4f3 e1f2 f7f6
5574,g2g3 d7d6 b2b4 b7b6 g1h3 g7g6 d2d4 e8d7 c1a3 h7h5 c2c4 b6b5
5575,f2f3 b8c6 e2e4 b7b6 b2b3 g7g6 g2g3 c6b8 f1d3 f8g7 b1a3 e8f8
5576,g2g3 a7a6 b2b3 d7d6 f1g2 h7h6 d2d4 c8g4 d4d5 a8a7 c2c4 b7b5
5577,h2h4 b8a6 f2f4 g7g5 f4g5 h7h5 h1h2 h8h7 e2e3 f8g7 d2d4 e8f8
5578,g2g3 f7f6 b2b4 c7c6 h2h4 h7h5 b1a3 f6f5 a1b1 e7e5 g3g4 f8e7
5579,a2a4 f7f5 e2e3 a7a5 f1c4 b7b5 a4b5 d7d6 f2f4 e7e6 b2b4 h7h5
5580,g1h3 h7h5 g2g4 g7g6 a2a3 b7b6 d2d4 e7e5 d4e5 g8f6 e5e6 d7d6
5581,g2g3 a7a6 h2h4 d7d6 b2b4 h7h5 e2e3 e7e5 e1e2 h8h7 c1a3 f7f5
5582,g2g3 b8c6 b2b3 g7g6 d2d3 b7b6 c1g5 d7d5 h2h4 c6d4 e2e4 b6b5
5583,d2d4 b8c6 h2h3 g7g5 c1g5 e7e5 c2c3 b7b5 g5h4 h7h5 h4d8 g8f6
5584,a2a4 b8a6 b1c3 f7f5 b2b3 h7h6 f2f4 h8h7 g1h3 h6h5 c3b5 g7g5
5585,g2g3 b8c6 b2b3 g7g5 f1h3 b7b6 d2d4 c6d4 d1d2 f7f5 e1d1 d4b5
5586,g2g4 b8a6 e2e3 f7f6 a2a4 e7e5 f1a6 f8c5 e1e2 g7g5 a6b7 c8b7
5587,e2e4 g8h6 g1f3 b7b6 d2d4 c8b7 b2b3 g7g6 e1e2 d7d5 c1d2 h8g8
5588,d2d3 a7a5 f2f3 b8c6 g1h3 c6b4 a2a3 d7d6 f3f4 c7c5 c2c3 h7h6
5589,b2b4 g7g6 g2g3 h7h5 d2d3 b7b5 h2h4 e7e5 e2e4 b8c6 c1g5 a8b8
5590,a2a4 e7e6 h2h3 b7b6 g2g4 e8e7 f2f3 c7c6 c2c4 g7g6 b1a3 c6c5
5591,e2e3 a7a6 e3e4 d7d6 g1f3 g7g5 e1e2 f7f5 h2h3 b8d7 f3d4 h7h6
5592,a2a4 a7a6 b1c3 b7b5 a4a5 f7f6 c3b1 a8a7 b1c3 b5b4 f2f4 b8c6
5593,e2e4 d7d5 g1e2 e7e5 h1g1 e8e7 g2g3 g7g5 d2d3 a7a6 c2c3 d5e4
5594,e2e4 h7h5 f1b5 e7e5 e1f1 e8e7 b1a3 g8h6 g2g3 e7d6 d2d4 d8e8
5595,e2e4 a7a5 f1b5 b8a6 g1f3 a8a7 e4e5 a6b4 c2c4 f7f6 c4c5 c7c6
5596,e2e4 a7a5 g2g4 a8a7 h2h3 f7f6 b1a3 e8f7 f2f4 b8c6 e4e5 a5a4
5597,a2a4 f7f5 b1c3 h7h5 c3e4 b8a6 f2f3 h8h7 e1f2 h5h4 g1h3 e7e6
5598,e2e4 h7h5 e4e5 d7d5 c2c3 g8f6 d1e2 a7a5 e5f6 c7c5 g1f3 b8a6
5599,e2e4 h7h5 e4e5 e7e6 c2c4 b7b5 b2b4 e8e7 h2h3 d7d6 c4c5 c8d7
5600,e2e4 e7e6 h2h3 a7a6 g2g4 g7g5 e1e2 f7f5 a2a4 e8f7 a4a5 b8c6
5601,a2a3 f7f6 h2h4 e7e5 d2d3 e8f7 b1d2 a7a5 f2f4 a5a4 c2c3 d7d5
5602,h2h4 a7a6 g2g3 b8c6 g3g4 c6e5 b2b4 g7g6 h1h3 a8a7 h3c3 d7d5
5603,b1c3 b7b6 b2b3 g8f6 d2d4 c8b7 c3b1 f6e4 g2g3 e7e5 f1g2 c7c6
5604,e2e4 d7d6 d1e2 h7h6 f2f4 f7f6 h2h4 e8d7 g2g4 a7a6 e1d1 g7g5
5605,e2e4 g8h6 g1e2 h6g4 g2g3 a7a5 h1g1 f7f6 c2c3 a8a6 e4e5 f6f5
5606,e2e4 h7h5 g1f3 g7g6 h1g1 h8h6 c2c3 d7d6 e4e5 e8d7 g2g3 h6h8
5607,e2e4 a7a5 h2h3 g8h6 g2g4 c7c5 g1f3 b7b5 d2d4 a8a7 e1e2 f7f6
5608,d2d4 b8c6 c1d2 a7a6 f2f4 c6b4 a2a3 d7d5 d2c3 f7f5 b1d2 d8d7
5609,g2g4 d7d5 b1a3 h7h6 h2h3 h8h7 f2f4 g7g6 e1f2 f7f5 b2b4 f8g7
5610,e2e4 e7e6 d2d4 g7g6 g1f3 h7h6 g2g3 f8b4 b1c3 d7d6 d4d5 c8d7
5611,e2e4 a7a5 h2h3 g8h6 g2g4 g7g5 c2c3 h8g8 f2f4 b7b6 f4g5 c8a6
5612,a2a4 c7c6 b1a3 h7h6 a1b1 e7e5 g1f3 b8a6 g2g3 f8b4 e2e4 d8c7
5613,d2d4 h7h5 b1a3 f7f6 g1f3 d7d5 f3h4 g7g5 e2e3 f6f5 e1e2 c7c6
5614,b2b4 b8c6 b4b5 h7h6 g1h3 a7a5 c1b2 f7f5 c2c4 c6b4 h1g1 d7d5
5615,e2e4 g7g5 f1b5 g8h6 d2d4 h8g8 g2g3 h6g4 g1f3 g4f2 d4d5 b8c6
5616,e2e4 h7h5 e4e5 e7e6 c2c3 g7g5 e1e2 b7b5 h2h3 g8h6 g2g4 h8g8
5617,g1h3 g8f6 d2d4 a7a6 g2g3 a8a7 e2e4 b7b5 h3f4 f6e4 f4e6 e4d6
5618,a2a4 b7b5 d2d4 f7f6 h2h3 b5a4 c1e3 e7e5 c2c3 g7g6 c3c4 e5d4
5619,e2e3 d7d5 a2a3 f7f5 f2f4 h7h5 a1a2 a7a6 d2d4 g8h6 e1d2 b8c6
5620,e2e3 g7g5 e3e4 b7b5 f1b5 c7c5 b1a3 b8c6 h2h3 a7a5 b2b3 c6a7
5621,f2f4 g8h6 b1c3 e7e6 d2d4 f8d6 c3e4 d6f4 e4c5 e8e7 g2g3 e7d6
5622,g1f3 d7d5 b1c3 g7g5 f3g1 b7b6 e2e3 e8d7 a1b1 a7a5 f1b5 d7e6
5623,g2g4 b8a6 b2b3 g7g5 c1a3 f7f5 a3b2 h7h6 g1h3 a6b4 e2e4 b4c2
5624,a2a4 b8a6 b1a3 f7f5 e2e3 d7d5 f1a6 h7h5 a6c4 e7e5 f2f4 g7g5
5625,h2h3 g8f6 e2e3 g7g5 e3e4 e7e5 g1f3 e8e7 f3e5 h7h5 b1c3 f6g4
5626,b1c3 c7c6 g1f3 d7d6 c3a4 c8e6 e2e3 h7h6 c2c4 e6c4 d2d3 c4e6
5627,g1h3 e7e6 h3g5 c7c5 e2e4 f7f5 e4f5 e6f5 g5e4 f5e4 b2b4 g7g6
5628,g1h3 g8f6 g2g3 e7e5 h1g1 g7g6 d2d4 e5d4 c1g5 b7b5 d1d4 d7d5
5629,h2h3 g8f6 e2e3 f6d5 h3h4 g7g5 g2g3 e7e5 b2b4 h7h5 g1f3 h8g8
5630,h2h3 d7d6 e2e4 h7h6 e1e2 c8e6 a2a4 c7c6 c2c4 b7b5 f2f4 e6h3
5631,e2e3 g7g5 e3e4 b7b5 f1b5 c7c5 b1a3 d8c7 h2h3 c7d6 d2d4 g8h6
5632,g2g3 c7c5 b2b4 g7g5 c2c4 e7e6 f1h3 b8a6 h3e6 f7e6 h2h3 d8a5
5633,b1c3 h7h6 b2b3 d7d6 a1b1 e8d7 c3a4 a7a5 f2f3 c7c5 b1a1 d7c7
5634,d2d4 b8c6 c1d2 g8f6 d2g5 d7d5 g5f6 e7e5 d4e5 c6b4 f2f3 c7c6
5635,f2f4 e7e5 c2c4 e5f4 d2d3 b8a6 h2h4 g7g5 e2e3 g8f6 h4g5 f8a3
5636,a2a4 e7e6 h2h3 b7b6 g2g4 c8b7 a4a5 f8d6 f1g2 e8f8 a1a2 d6g3
5637,a2a3 f7f5 e2e4 a7a6 c2c3 d7d5 e1e2 g8f6 g2g4 f6h5 d1a4 b8c6
5638,e2e3 g7g5 g1f3 h7h6 c2c3 e7e6 f3e5 e8e7 e1e2 c7c5 f2f4 g5f4
5639,h2h4 a7a6 c2c4 e7e5 d2d3 b8c6 f2f4 g7g6 a2a4 f8c5 h1h3 e8e7
5640,f2f4 f7f5 h2h4 c7c5 e2e3 e7e6 b2b4 b7b6 d2d3 b6b5 g2g3 c8a6
5641,a2a4 e7e6 b1c3 b7b6 c3b5 h7h6 d2d3 e8e7 c1e3 g7g5 h2h3 f7f5
5642,g1f3 d7d5 d2d4 g7g6 b2b3 f7f5 e1d2 b8c6 e2e3 f8h6 d2c3 h6g5
5643,g1f3 a7a6 b1a3 g7g5 g2g4 e7e6 f3e5 f8e7 h2h3 b7b6 e5d3 b6b5
5644,a2a4 g7g6 e2e3 h7h6 e1e2 f8g7 a4a5 b7b6 g1f3 g6g5 g2g4 b8a6
5645,f2f4 e7e5 e2e3 e5f4 d2d4 h7h5 f1d3 g8f6 b2b4 d7d5 d1g4 a7a5
5646,a2a4 f7f6 f2f3 b8a6 a4a5 f6f5 e2e3 f5f4 f1a6 b7a6 c2c4 g7g6
5647,b1c3 b7b6 b2b3 g8f6 g2g4 g7g5 c3b1 f6g4 d2d4 d7d5 a2a3 b6b5
5648,a2a4 f7f5 f2f4 h7h5 c2c4 e7e6 e2e3 b7b5 e1e2 c7c5 a4b5 g8h6
5649,g2g3 d7d5 d2d4 a7a6 h2h4 c8e6 h1h3 e8d7 e2e4 d5e4 g1f3 d7e8
5650,g2g3 g8h6 h2h3 d7d5 b2b4 b7b6 h3h4 c8d7 d2d4 g7g6 e2e3 b8a6
5651,g2g4 a7a5 b1c3 b7b6 b2b3 d7d5 c1b2 c8d7 e2e3 f7f5 g4f5 c7c5
5652,e2e4 a7a5 g2g4 b8a6 f2f4 a6b4 c2c3 g7g5 e4e5 b4c2 d1c2 a8b8
5653,g2g4 a7a5 b1c3 b8c6 b2b3 c6b4 f1g2 a5a4 e1f1 a4b3 c2b3 b7b6
5654,h2h4 c7c6 e2e4 e7e5 d2d4 g7g5 c2c4 g5g4 d4e5 g8f6 d1d4 f8g7
5655,g1f3 a7a6 e2e4 d7d6 e4e5 c8e6 b2b4 h7h6 c2c4 b7b6 e5d6 f7f6
5656,b2b4 g7g6 g2g3 h7h5 d2d3 g8h6 c1g5 d7d6 d1c1 e8d7 c2c4 b7b6
5657,g2g3 d7d6 b2b4 g7g5 a2a4 c8g4 f1g2 b7b6 c2c4 d8c8 e1f1 e8d7
5658,g1h3 g8f6 g2g3 e7e5 h1g1 e5e4 b1c3 g7g6 d2d4 b7b5 c1g5 f8g7
5659,a2a4 b7b5 a1a2 f7f5 f2f3 b8a6 b2b3 a6c5 c2c4 d7d6 h2h4 a7a6
5660,a2a4 b8a6 e2e3 g7g5 a1a2 g8h6 g2g3 f7f5 h2h3 f8g7 e1e2 h8g8
5661,g2g3 d7d6 b2b4 h7h6 g1h3 c8h3 f2f3 f7f6 b4b5 b7b6 e1f2 e7e6
5662,g2g4 d7d5 b1c3 c8g4 h2h4 b7b6 d2d4 g7g6 f2f4 g8h6 e1f2 f8g7
5663,g2g3 f7f5 b2b3 d7d6 b1a3 a7a5 g3g4 c7c5 h2h3 d6d5 e2e3 d8d7
5664,g1h3 g8f6 b2b3 d7d5 g2g4 e7e6 h3g1 a7a5 b1c3 c7c5 a1b1 d8d7
5665,g2g3 f7f5 h2h4 b8c6 b2b3 h7h6 c2c3 a7a6 h1h2 e7e6 d1c2 c6e5
5666,g1f3 g8f6 e2e4 e7e6 e4e5 b7b5 d2d4 c8b7 b2b4 f8d6 e5f6 g7g6
5667,g1h3 g8f6 b2b3 d7d5 g2g4 c7c6 f1g2 e7e5 b3b4 e5e4 h1g1 g7g6
5668,d2d4 b8c6 c1d2 f7f5 b1c3 h7h6 g2g3 a7a5 c3d5 d7d6 g1h3 c6a7
5669,a2a4 f7f5 e2e3 a7a5 d1h5 g7g6 h5d1 d7d6 e1e2 b8a6 h2h4 g6g5
5670,g2g4 g7g6 a2a3 g6g5 f2f3 g8h6 g1h3 h8g8 b2b3 b7b6 a3a4 c8b7
5671,b2b4 b8c6 g1h3 g7g6 b4b5 g8f6 b5c6 a7a5 g2g3 h7h5 h1g1 a8a6
5672,g2g4 g7g5 d2d4 c7c5 c2c4 f7f6 c1d2 b7b5 g1h3 c8a6 b1a3 g8h6
5673,b1c3 c7c6 c3a4 f7f6 g1f3 h7h5 e2e3 h8h6 f3e5 d7d6 c2c4 c8d7
5674,e2e4 a7a5 h2h3 g8f6 e1e2 a8a7 a2a4 f6d5 g2g3 d5e3 d2e3 b8a6
5675,g1h3 g8f6 g2g3 d7d5 b2b4 e7e6 d2d4 a7a5 b1c3 f8b4 c1g5 c7c5
5676,e2e3 f7f5 c2c4 d7d5 b2b3 c8d7 f2f4 h7h5 d2d3 g8f6 c4d5 c7c6
5677,e2e3 f7f5 h2h3 a7a6 g2g3 h7h5 f1a6 b7a6 a2a3 e8f7 c2c3 c7c6
5678,e2e4 d7d5 e4d5 g8h6 f1a6 h8g8 d2d3 c8g4 a2a4 e7e5 g1f3 g4f3
5679,c2c4 b7b5 f2f4 f7f6 e2e3 e7e5 d1g4 b8a6 g4h5 g7g6 h5e5 f6e5
5680,b1a3 g8f6 f2f4 e7e6 d2d4 f6e4 a3c4 d7d5 g2g3 a7a5 a2a3 d8h4
5681,a2a4 e7e6 h2h3 b7b6 d2d3 c7c5 a1a3 d7d6 e2e3 c8a6 c2c4 a6c4
5682,a2a4 a7a6 b1c3 b7b5 a4b5 a6b5 b2b3 g7g6 g2g4 d7d5 c3a2 h7h6
5683,g2g4 b8c6 e2e4 b7b6 h2h4 c6d4 c2c3 c8a6 d1f3 g8f6 f3d3 d4b3
5684,h2h4 b8a6 f2f4 f7f6 b1c3 e8f7 c3a4 a8b8 g2g4 c7c6 e1f2 b7b6
5685,h2h4 a7a6 d2d4 a8a7 c2c4 d7d5 e2e4 d5e4 f2f4 f7f6 a2a4 e8d7
5686,h2h3 a7a6 g2g4 d7d6 b2b4 g8f6 f2f3 d8d7 e2e3 b8c6 h3h4 e7e6
5687,e2e4 a7a5 g2g4 b8a6 g1f3 f7f6 c2c3 a8a7 f3e5 a6c5 d1a4 a7a6
5688,b2b3 a7a5 f2f4 e7e5 b1c3 c7c5 c3a4 d7d5 b3b4 b7b5 b4a5 b8d7
5689,b1a3 b7b6 g1h3 g7g6 d2d4 e7e5 a3b5 e5d4 c1g5 f8g7 b2b3 g8f6
5690,e2e3 e7e5 d2d4 g8f6 a2a3 e5d4 f2f3 a7a5 a1a2 d7d6 d1d4 g7g6
5691,e2e3 b7b6 g1f3 g8h6 d2d4 g7g5 d1d2 b6b5 h2h3 f8g7 f3h4 g5h4
5692,g1h3 g8f6 g2g3 e7e5 b2b4 g7g6 h1g1 e8e7 g3g4 d7d5 g4g5 e5e4
5693,f2f4 h7h5 h2h4 e7e6 c2c3 f7f6 g2g4 g7g5 e1f2 b7b5 f1h3 e6e5
5694,g1f3 g7g6 b1c3 b7b5 g2g3 g6g5 f3g1 f8g7 g3g4 e8f8 b2b3 g7d4
5695,d2d4 b8c6 c1f4 c6a5 f4c7 g7g5 g2g3 e7e5 f2f3 f7f5 c2c3 d7d5
5696,g2g3 b8c6 b2b3 g8h6 g1h3 g7g6 e2e4 c6a5 c1b2 b7b5 d2d4 c8a6
5697,d2d4 b8c6 h2h3 d7d5 c1f4 f7f6 e2e4 e8d7 g1f3 c6d4 f3d4 a7a5
5698,e2e4 a7a5 g2g4 a8a6 f2f4 e7e5 b1a3 d8h4 e1e2 a6a7 f4e5 g7g5
5699,g1h3 d7d5 d2d4 g8f6 g2g3 f6e4 f2f4 e8d7 a2a4 e4g5 e1f2 b8c6
5700,d2d4 b8c6 c1d2 b7b6 g1f3 g7g5 h1g1 f8g7 e2e4 c6a5 c2c3 e8f8
5701,b2b3 h7h6 h2h3 b8c6 f2f3 g7g6 d2d3 e7e6 d3d4 f8d6 a2a4 d6a3
5702,e2e4 a7a5 g2g4 b8a6 f1g2 a6b8 e1e2 a8a7 a2a3 g7g5 b2b3 e7e5
5703,a2a4 b8a6 e2e3 c7c5 b2b4 f7f6 e1e2 b7b6 b4c5 e7e5 g1f3 f8c5
5704,g1f3 d7d5 b1c3 h7h6 d2d4 b8c6 c3a4 f7f5 f3h4 a7a5 c1d2 c6b4
5705,d2d3 d7d6 d1d2 a7a5 a2a4 f7f5 h2h4 h7h5 f2f3 b8d7 g2g4 g7g5
5706,h2h4 b8a6 d2d4 g7g5 e2e4 h7h6 e1e2 b7b5 a2a4 h8h7 g2g3 b5a4
5707,c2c4 b8c6 e2e3 d7d5 f2f4 c6e5 b2b3 c8h3 f4f5 f7f6 d1h5 e8d7
5708,g2g3 a7a6 h2h4 d7d6 b2b4 c8e6 g1f3 h7h5 h1g1 e6a2 g3g4 g7g6
5709,b2b3 a7a5 g2g3 g7g6 c2c4 d7d5 b1c3 b7b5 e2e3 c8g4 d1g4 b5c4
5710,a2a4 b8a6 e2e3 f7f5 f1a6 e7e5 c2c3 d7d5 c3c4 e8f7 c4d5 c8d7
5711,h2h3 d7d6 e2e4 h7h5 e1e2 h8h6 c2c3 b8a6 g1f3 f7f6 e4e5 c7c5
5712,b1c3 b7b6 d2d4 c8b7 c3a4 a7a6 c1d2 f7f5 c2c3 h7h5 a4c5 b7d5
5713,h2h4 g7g5 g2g3 c7c6 h1h3 e7e5 d2d4 f8h6 e2e4 e5d4 c2c3 d4c3
5714,h2h3 g7g6 d2d3 g8h6 c1h6 b7b5 b2b4 h8g8 f2f3 f7f6 g2g4 c8a6
5715,a2a4 b8a6 e2e3 f7f5 f1a6 h7h5 f2f3 c7c6 e1f1 b7a6 g2g4 f5f4
5716,h2h4 c7c6 e2e4 e7e5 d2d4 d7d5 e4d5 e5e4 g1f3 e4f3 f1d3 c6d5
5717,g1f3 e7e6 g2g4 b7b5 b1c3 f8e7 e2e4 c8b7 f1e2 e7h4 e2c4 g8f6
5718,g2g4 a7a5 c2c3 e7e5 e2e4 c7c5 g1f3 a8a6 d1e2 g8f6 b1a3 h7h6
5719,e2e4 a7a5 g2g4 a8a7 b1a3 a5a4 g1h3 f7f6 b2b4 b7b6 c2c3 a7a5
5720,g1h3 g8h6 b1c3 b7b6 b2b3 h6g4 d2d4 c8b7 c1b2 g7g5 c3b1 a7a6
5721,g1h3 h7h5 d2d4 a7a6 d4d5 d7d6 c2c4 e7e5 d1d3 g8e7 g2g4 e7d5
5722,g1h3 b7b5 h1g1 g7g6 g2g3 c7c6 d2d4 h7h5 c2c4 e7e6 b1c3 c6c5
5723,b2b4 g7g6 d2d4 b8c6 g2g3 h7h5 e2e3 e7e6 e1e2 f8b4 c1d2 c6a5
5724,g1h3 d7d5 h1g1 b7b6 d2d4 g7g6 g2g3 f8g7 b1d2 e8f8 d2b1 g7d4
5725,g2g3 d7d6 b2b3 e8d7 c1b2 f7f6 h2h4 h7h5 d2d3 b8a6 f1g2 g7g5
5726,g1h3 h7h6 d2d4 b7b5 b2b4 g7g5 g2g3 h6h5 h1g1 e7e5 c1g5 b8c6
5727,g1f3 b7b6 c2c3 g8f6 b2b4 d7d5 e2e3 e7e6 d2d4 a7a6 d1d2 a8a7
5728,e2e4 e7e6 a2a4 d8f6 e1e2 c7c6 c2c3 h7h6 a4a5 e8e7 b1a3 f6f2
5729,e2e4 a7a5 h2h3 g8h6 g2g4 b7b5 g1f3 e7e5 f1b5 c7c5 b1a3 a5a4
5730,g1f3 a7a5 d2d4 b8c6 b2b3 a8a7 f3h4 f7f6 g2g4 c6d4 h4g6 d4b3
5731,h2h3 h7h5 e2e4 g8h6 b1c3 e7e5 c3a4 d8h4 d2d3 a7a5 b2b4 h4f2
5732,a2a4 h7h5 f2f3 g7g6 e2e4 b7b5 f1b5 h8h7 a1a2 c8a6 b5d3 a6d3
5733,e2e4 h7h6 g2g4 a7a5 e1e2 f7f5 b2b3 b8a6 e4f5 a6b4 e2f3 g7g5
5734,g2g4 b7b6 c2c4 c7c5 b2b3 c8a6 a2a3 d7d5 f1g2 e8d7 e1f1 d5d4
5735,c2c3 d7d5 e2e3 a7a5 f1a6 e7e5 a6b5 e8e7 b5c4 c8e6 c4f1 g7g5
5736,g1f3 a7a6 e2e4 b8c6 f1d3 a6a5 e4e5 c6b4 g2g3 f7f6 b2b3 f6e5
5737,g1f3 e7e6 f3e5 a7a5 d2d4 a8a7 f2f4 a5a4 b1c3 h7h5 e1d2 f8a3
5738,f2f3 g8h6 h2h4 e7e5 b2b4 c7c6 c2c4 d8a5 d2d3 a5a2 d1d2 a2a1
5739,g2g4 b7b6 b2b3 b8c6 f1g2 c6a5 g4g5 c8a6 g1f3 g7g6 a2a3 d7d5
5740,e2e4 a7a5 g2g4 c7c5 a2a3 f7f6 f2f4 a8a6 d2d3 a5a4 e1e2 e7e5
5741,b1a3 b7b6 h2h3 d7d5 d2d4 e7e6 c1f4 g7g6 f2f3 e8d7 f4e3 d8h4
5742,e2e4 d7d5 e4d5 g8f6 g1f3 h8g8 b1c3 c7c5 b2b4 c8d7 c3b1 e7e5
5743,e2e4 f7f6 b1a3 b8c6 c2c3 g8h6 g1e2 g7g5 d1c2 c6a5 d2d4 b7b6
5744,g1f3 g8f6 e2e4 h8g8 e4e5 b7b6 f1a6 c8b7 g2g3 b7f3 d2d4 d7d6
5745,e2e4 h7h5 f2f4 f7f5 h2h3 a7a5 g2g4 d7d6 e1f2 g8h6 d1f3 h6g4
5746,h2h3 h7h5 d2d4 d7d5 g2g4 h5g4 h3g4 a7a6 c1f4 g7g5 e2e3 g5f4
5747,h2h3 h7h5 c2c3 d7d5 e2e4 e7e5 f1b5 e8e7 b1a3 g7g5 a1b1 a7a6
5748,e2e4 a7a5 g2g4 b7b5 g1f3 f7f6 f3g1 c7c5 f1b5 e7e5 f2f3 g8e7
5749,b1a3 b7b6 g1f3 e7e5 b2b3 f7f6 f3h4 c8a6 a3b5 d8e7 c1a3 c7c5
5750,a2a4 e7e6 e2e3 a7a6 h2h3 b7b5 f1b5 a6b5 d1e2 h7h6 b2b3 g7g5
5751,a2a4 f7f5 c2c4 g7g5 e2e4 e7e6 e4e5 b8a6 b2b4 f8d6 e5d6 a6b4
5752,g1h3 h7h5 g2g4 g7g6 e2e4 h5g4 f2f3 g4h3 f1c4 h8h7 c4f7 h7f7
5753,a2a4 e7e6 b1c3 f8a3 b2b3 d7d5 b3b4 e8f8 b4b5 b7b6 a4a5 g8f6
5754,a2a4 b8a6 e2e3 e7e6 a4a5 f8b4 f1c4 e8e7 e1e2 b7b6 d2d3 c7c5
5755,b1c3 d7d6 a2a3 b7b6 a1a2 f7f5 f2f4 c8b7 d2d3 e8d7 c3a4 b7d5
5756,a2a4 e7e6 b2b3 f8d6 b1c3 c7c5 e2e4 e8e7 c3b5 c5c4 a1a2 d8c7
5757,e2e3 a7a6 f1a6 b7a6 d2d3 c8b7 b2b3 g8f6 a2a3 e7e6 g2g3 d7d5
5758,h2h3 d7d6 a2a4 a7a5 e2e3 h7h6 e1e2 b7b5 h1h2 c8e6 f2f4 a8a7
5759,h2h3 a7a6 f2f3 g7g5 h1h2 e7e5 h2h1 e8e7 g2g4 f8g7 a2a3 b7b6
5760,b1c3 b7b6 a2a4 g8h6 c3b5 d7d5 c2c4 c8g4 d2d4 g7g6 c4c5 f7f6
5761,a2a4 b7b5 b2b4 a7a6 a4a5 a8a7 c1b2 d7d6 d2d3 h7h5 h2h4 b8d7
5762,h2h4 a7a6 g2g3 d7d6 g3g4 g7g5 h4g5 c8g4 b1a3 e8d7 f1h3 f7f5
5763,g1h3 b7b5 b2b3 d7d6 g2g4 e7e6 c2c3 g8f6 b3b4 d6d5 g4g5 a7a6
5764,b1a3 b7b6 h2h3 g7g6 d2d3 d7d5 a3b1 g8h6 c1e3 h6f5 e3h6 h8g8
5765,g1h3 e7e6 g2g3 c7c5 h1g1 g7g5 d2d4 f7f6 c1g5 f6g5 b2b3 a7a6
5766,b1c3 b7b6 a2a4 g7g6 c3b5 g8f6 e2e3 e7e5 f2f4 e5e4 e1e2 h8g8
5767,a2a4 b8a6 e2e3 f7f5 f2f4 c7c6 g2g4 e7e5 e1f2 a6b4 f2f3 e5f4
5768,h2h4 b8a6 g2g4 g7g5 h4g5 c7c5 b1c3 b7b6 h1h7 f8g7 c3a4 e8f8
5769,a2a4 b8a6 g1h3 f7f5 e2e3 h7h5 f1a6 d7d6 h3f4 d6d5 c2c4 e7e5
5770,b2b4 g7g6 a2a3 h7h5 d2d4 b7b5 e2e3 c8b7 d1g4 d7d5 f1b5 b8c6
5771,b1a3 b8c6 a3c4 h7h6 d2d4 b7b5 a2a3 g7g5 b2b3 c6d4 e1d2 a8b8
5772,a2a4 b8a6 d2d4 g7g5 h2h3 h7h6 e2e4 e7e5 g1f3 e8e7 d4e5 c7c6
5773,g1h3 b7b5 b2b4 g7g6 d2d4 h7h5 h3g1 d7d5 b1c3 e7e6 e1d2 f8b4
5774,g2g3 d7d6 g3g4 c8g4 f2f4 b7b5 b1c3 h7h6 e1f2 g7g5 f2e3 e7e5
5775,b1a3 b8c6 f2f3 b7b6 b2b3 g7g6 a3b5 d7d6 a1b1 h7h5 b5c7 d8c7
5776,b1c3 d7d6 a2a4 h7h6 a1a2 c8e6 c3b5 a7a6 g2g4 d6d5 f1g2 d5d4
5777,e2e4 a7a5 g2g4 c7c5 g4g5 f7f6 e1e2 a8a7 f1g2 b7b6 g5f6 g7f6
5778,b2b3 a7a5 g1h3 c7c5 b3b4 a5b4 g2g4 a8a4 c2c4 b8a6 g4g5 f7f6
5779,g1f3 h7h6 c2c3 e7e6 e2e4 f8b4 g2g4 b8a6 f1c4 e6e5 c3b4 h8h7
5780,e2e4 a7a5 f2f3 g8f6 f1b5 c7c6 e1e2 d7d6 g2g3 c8f5 c2c3 f5h3
5781,e2e3 a7a6 f1d3 f7f5 f2f4 a6a5 d3e4 h7h5 b2b3 d7d5 e1e2 e7e5
5782,g2g4 b7b5 g1f3 d7d5 c2c3 c7c5 e2e4 d5e4 f1b5 d8d7 d2d4 e8d8
5783,b2b4 f7f5 h2h4 h7h5 d2d3 c7c6 g2g4 g7g5 h4g5 a7a6 a2a3 f5g4
5784,a2a4 f7f5 h2h4 h7h5 f2f3 c7c6 b2b4 e8f7 c2c4 b7b6 d2d3 g7g5
5785,e2e4 a7a6 g1e2 a6a5 h2h3 g8h6 g2g3 f7f6 b1c3 a8a6 f2f4 h6g4
5786,f2f4 b8a6 d2d4 a8b8 h2h4 a6b4 b1a3 g7g5 c2c4 b4c6 g2g3 c6a5
5787,f2f4 h7h5 h2h4 b7b5 c2c3 g7g5 f4g5 d7d6 g2g4 f8h6 g5h6 c8g4
5788,g1h3 b7b5 d2d4 g7g6 c1d2 g6g5 g2g4 h7h5 h1g1 g8f6 g4h5 f6g4
5789,a2a4 e7e6 f2f4 b7b5 b1c3 g7g6 c3b5 h7h5 h2h4 a7a6 a1a3 f8a3
5790,e2e4 a7a5 g2g4 b8a6 c2c3 a6b4 d1e2 b4c2 e1d1 a8b8 e2b5 h7h6
5791,e2e4 a7a5 g2g4 a8a6 b1a3 f7f6 f2f4 a6d6 d1f3 h7h5 c2c3 e8f7
5792,d2d4 d7d5 a2a3 a7a6 b1c3 f7f5 f2f4 a6a5 h2h4 b8c6 c3d5 g7g5
5793,e2e4 a7a5 g2g4 b8a6 g1f3 a6b4 b2b3 f7f5 f1a6 c7c6 b1a3 c6c5
5794,e2e3 a7a6 f1d3 a8a7 f2f4 f7f5 g1h3 d7d5 c2c3 d5d4 h3g5 g7g6
5795,a2a4 b8c6 a1a2 e7e6 a4a5 h7h6 b1c3 b7b5 c3b5 g7g6 b2b3 g8e7
5796,f2f4 g7g6 a2a3 b7b6 b1c3 g6g5 g2g4 b8a6 f4f5 f8g7 h2h3 e8f8
5797,e2e3 a7a6 c2c4 g8f6 f2f4 e7e6 f4f5 f6e4 f5e6 b7b5 f1d3 d7e6
5798,e2e4 a7a5 g2g4 d7d5 c2c3 g8h6 g1h3 b8c6 d1a4 a8b8 a4b5 b8a8
5799,g1f3 d7d6 b2b4 d6d5 e2e3 c8e6 e1e2 h7h6 g2g4 g7g5 h2h4 a7a5
5800,f2f4 g7g6 a2a3 g6g5 f4f5 e7e5 h2h4 e8e7 g2g4 a7a5 b1c3 a5a4
5801,g1f3 d7d5 d2d4 h7h5 f3e5 g8f6 c1d2 e7e6 b1c3 b7b6 e2e4 f6g4
5802,e2e3 h7h6 c2c3 e7e5 c3c4 d8g5 g1h3 g5g6 b1a3 a7a5 b2b3 g6d6
5803,e2e4 a7a5 g2g4 a5a4 h2h3 a8a5 f1d3 a5f5 e1e2 f7f6 e4f5 b7b6
5804,g2g4 a7a5 b2b3 d7d5 b1a3 b8a6 f1g2 e7e5 e1f1 b7b6 g2d5 f7f6
5805,h2h4 b8a6 e2e3 b7b5 b1c3 a6b4 a2a3 f7f6 c3a4 b4d3 c2d3 c7c5
5806,a2a4 f7f5 b1c3 h7h5 g2g3 h5h4 a1a3 b8a6 g3g4 e7e6 h2h3 h8h5
5807,g1h3 h7h5 e2e4 d7d5 g2g4 e7e5 h1g1 h5g4 d2d4 g7g6 a2a3 a7a6
5808,a2a4 h7h5 h2h3 f7f5 b1c3 e8f7 g2g3 b8a6 d2d4 f5f4 d4d5 b7b6
5809,e2e4 h7h5 e4e5 g7g5 c2c3 h8h6 b2b3 e7e6 f1a6 f8a3 g2g3 h6h8
5810,a2a3 f7f5 h2h3 d7d5 f2f4 g8h6 d2d4 g7g6 b1c3 e7e6 h3h4 h8g8
5811,h2h3 g7g5 e2e4 e7e5 c2c4 d7d5 d1a4 e8e7 b1c3 c8d7 a1b1 a7a6
5812,h2h3 g7g5 f2f3 b7b5 b2b4 c7c6 g2g3 g8h6 a2a3 e7e6 g3g4 c8b7
5813,a2a4 a7a6 b1c3 b7b5 a4b5 h7h5 b2b3 g7g6 a1a5 d7d6 a5a6 h5h4
5814,a2a4 b7b5 b2b4 h7h5 a1a3 f7f5 d2d3 b5a4 h2h3 c7c6 b1d2 g7g5
5815,a2a4 f7f5 b1c3 h7h5 g2g3 h5h4 h2h3 h8h5 d2d4 e8f7 c3e4 h5h6
5816,g1h3 d7d5 f2f3 g7g6 c2c3 c7c6 e2e4 f8g7 h3f2 e8f8 f3f4 d8d7
5817,g2g3 e7e6 g1h3 c7c5 h1g1 g7g5 d2d4 f7f5 c1g5 d8g5 d1d2 g5d8
5818,a2a3 f7f5 b1c3 a7a6 a3a4 h7h5 f2f4 e8f7 b2b3 a8a7 g2g3 c7c6
5819,g1f3 g7g5 e2e4 b7b6 f1e2 c8a6 h1g1 g8h6 g2g3 h8g8 d2d4 a6b7
5820,f2f4 b7b6 d2d3 c8b7 d3d4 g7g5 g2g4 g5f4 g1f3 f8g7 e2e3 e8f8
5821,c2c4 h7h6 e2e3 b7b5 f2f4 g7g5 g1h3 h6h5 d1h5 h8h5 f4f5 b8c6
5822,g1f3 b7b5 f3g1 g7g6 g2g3 h7h5 h2h4 d7d6 d2d3 e7e6 e1d2 c8b7
5823,h2h3 g8f6 b2b4 a7a6 d2d3 e7e6 c1g5 d7d5 g2g4 a8a7 f2f3 d8d7
5824,g1h3 b7b6 h3g1 g8h6 h2h4 g7g6 g2g3 d7d6 f2f4 c8g4 f1g2 d6d5
5825,h2h3 g7g5 d2d4 h7h5 e2e4 f7f5 d4d5 f8g7 a2a3 g8h6 d1f3 a7a5
5826,e2e3 g8f6 b2b4 a7a6 g2g3 f6g4 d2d3 g7g6 e1e2 a8a7 b4b5 a6b5
5827,e2e3 g8f6 b2b4 b7b5 g2g4 f6g4 h2h4 g7g5 d2d3 c7c5 e1e2 c5b4
5828,b2b4 g7g6 a2a3 b7b5 d2d4 b8c6 e1d2 f7f6 e2e3 h7h6 f2f3 e8f7
5829,e2e4 e7e6 h2h4 g8f6 d2d4 f6e4 h1h3 a7a6 e1e2 e8e7 a2a4 d7d5
5830,e2e4 a7a6 d1g4 d7d6 e1e2 d6d5 a2a4 a8a7 d2d4 f7f5 g4f4 e8f7
5831,g1f3 d7d6 h2h4 g8f6 b2b4 h8g8 g2g3 a7a6 e2e3 a8a7 f1d3 a6a5
5832,g2g3 d7d6 a2a3 c7c5 b1c3 g8f6 f1g2 c8d7 f2f4 e7e6 g1f3 d8c8
5833,g2g4 b8a6 b2b3 c7c5 c1b2 b7b6 b1a3 a8b8 b2e5 f7f6 f1g2 b8b7
5834,b1c3 b8a6 g1f3 f7f5 d2d4 h7h5 f3e5 a6c5 e1d2 a7a6 d4c5 d7d5
5835,e2e4 e7e6 f1b5 e8e7 c2c3 g8f6 g2g4 f6e4 g1e2 c7c5 b5d3 d7d6
5836,f2f3 e7e6 e1f2 c7c6 a2a4 e8e7 d2d4 g8f6 e2e4 d7d5 f1a6 d8d7
5837,g1f3 g7g5 e2e4 b7b5 f3e5 g8h6 a2a3 f7f6 f2f3 c8b7 a3a4 a7a5
5838,g1h3 b7b5 b2b3 g7g6 c1a3 a7a6 c2c4 d7d5 g2g3 c8d7 a3c5 g8f6
5839,g1f3 d7d5 d2d4 h7h5 b1a3 e7e5 h1g1 b8c6 f3h4 g8f6 g2g3 e5d4
5840,g1f3 d7d5 e2e3 e7e6 d2d4 e8e7 f1b5 g7g5 c2c3 b8c6 a2a4 c8d7
5841,g2g4 d7d5 e2e4 f7f5 e4d5 f5f4 b1c3 c8g4 f1g2 a7a6 g1f3 g4f3
5842,g1f3 b8c6 e2e4 g7g6 a2a3 a7a5 e4e5 b7b6 c2c3 f7f6 d1c2 f8g7
5843,a2a4 e7e6 b1c3 h7h6 c3b5 g7g6 a1a3 a7a5 b5d6 e8e7 a3g3 b8a6
5844,d2d4 b8c6 c1d2 g7g6 b2b3 d7d5 d2c3 g8f6 e2e3 h8g8 g2g3 a8b8
5845,f2f3 g8h6 b2b4 b7b6 g2g3 a7a6 c1a3 a8a7 f1g2 f7f6 e2e3 b6b5
5846,h2h3 a7a6 e2e3 g8f6 d2d3 a8a7 g2g3 f6d5 h3h4 c7c5 b2b4 d5b4
5847,h2h3 a7a6 c2c4 b8c6 d2d4 f7f5 e2e4 e7e5 d4e5 f5e4 a2a4 g8f6
5848,g2g4 a7a5 b1c3 a8a7 b2b3 e7e5 g1h3 a5a4 c3a4 f8b4 h1g1 b8a6
5849,a2a4 b7b5 b2b4 b5a4 a1a4 g7g6 c1b2 h7h5 d2d3 g8h6 h2h3 g6g5
5850,b1c3 b7b6 a2a4 g7g6 e2e3 b8c6 h2h4 g6g5 d1g4 e7e6 g4d1 c8a6
5851,b2b4 g7g6 h2h4 f8h6 d2d3 e7e5 c1e3 b7b6 e1d2 e8f8 e3g5 a7a5
5852,g1h3 h7h5 g2g4 g7g6 e2e4 h5g4 f2f4 b7b5 b1a3 e7e6 f1b5 c8b7
5853,b2b4 e7e6 g2g4 b8c6 c2c4 b7b6 a2a4 e8e7 d2d3 g7g6 d1d2 h7h6
5854,g1h3 b7b5 b2b3 g7g6 d2d4 g8f6 c1g5 h8g8 g2g3 h7h5 a2a4 b5a4
5855,g1f3 f7f5 e2e4 c7c5 e4e5 g8f6 f3g1 e7e6 g1f3 f6e4 d2d3 d8g5
5856,g1h3 g7g5 d2d4 g8h6 c1g5 f8g7 d1c1 h8g8 g2g3 b7b5 c1d1 h6g4
5857,a2a4 b8a6 e2e3 b7b5 b1a3 b5b4 h2h3 f7f5 a3c4 h7h5 h1h2 g7g5
5858,e2e4 h7h5 d2d4 e7e6 h2h4 d7d5 d1d2 e8e7 d2f4 h8h7 c2c3 g7g5
5859,g2g4 a7a5 c2c4 d7d5 f2f4 e7e5 e2e3 h7h5 c4d5 b7b5 g4h5 d8d7
5860,a2a4 a7a6 b1c3 b7b5 a4a5 a8a7 f2f4 d7d6 c3b5 f7f6 b5d4 e8d7
5861,b1c3 b7b6 a2a4 g8h6 c3b5 a7a6 c2c4 a6b5 d2d3 a8a4 f2f3 f7f6
5862,g1f3 d7d5 d2d4 f7f5 h1g1 b8c6 c1f4 g7g5 g2g3 g5g4 f3h4 e8f7
5863,g1f3 d7d5 b1c3 b7b6 d2d4 e7e5 a1b1 h7h5 e1d2 a7a5 g2g4 b8a6
5864,g1h3 g7g5 d2d4 g8h6 g2g3 h8g8 c1g5 b7b5 b2b3 f8g7 f1g2 a7a5
5865,b1c3 b7b6 a2a4 g8h6 c3b5 a7a6 b5d6 c7d6 b2b3 d8c7 g1f3 d6d5
5866,b1c3 a7a6 a2a4 b7b5 a4a5 a8a7 h2h3 d7d6 b2b3 g8f6 e2e3 c8b7
5867,b2b4 g7g6 a2a3 h7h5 d2d4 d7d6 e2e3 c8f5 c1d2 e7e5 d4e5 d6e5
5868,h2h3 d7d6 e2e3 g8f6 g2g4 a7a6 b2b4 h8g8 e1e2 b7b5 h3h4 g7g6
5869,g1f3 d7d5 d2d4 f7f5 h1g1 b8c6 f3h4 g7g6 c1g5 f8g7 g5d2 c6a5
5870,a2a4 e7e6 b1c3 b7b6 c3b5 c8a6 b2b4 a6b5 c1a3 e8e7 d2d3 g7g6
5871,g2g3 d7d6 b2b4 b7b6 g1h3 c8h3 c1a3 f7f6 f2f3 c7c6 e2e3 g8h6
5872,a2a3 g8f6 b1c3 d7d5 f2f3 c7c6 e1f2 e7e5 c3e4 f6g8 d2d3 d5e4
5873,g1f3 d7d5 h1g1 g7g5 d2d3 b7b5 e2e3 e7e6 f3e5 e8e7 b2b4 f8g7
5874,h2h3 e7e5 d2d3 e8e7 g2g4 h7h6 e2e4 a7a5 e1d2 b7b5 h3h4 b5b4
5875,g1f3 a7a6 e2e4 b8c6 f1d3 f7f6 f3d4 a6a5 c2c3 g8h6 d3b5 b7b6
5876,g1f3 d7d5 d2d4 f7f5 e1d2 f5f4 f3h4 a7a6 d2c3 a8a7 c3b4 f4f3
5877,e2e4 g8h6 g1e2 b7b6 g2g3 c8b7 d2d4 f7f6 c2c3 h8g8 c1d2 b8a6
5878,d2d3 e7e6 b1c3 a7a6 g1f3 e8e7 h1g1 f7f5 e2e4 b8c6 e4e5 c6e5
5879,b2b4 g7g6 a2a4 b8c6 c2c4 h7h5 d2d4 e7e6 d4d5 b7b5 f2f3 d7d6
5880,e2e4 a7a5 f2f4 b7b6 g2g4 e7e5 f1c4 g7g5 b1a3 e5f4 c4b5 c7c6
5881,b2b3 a7a5 g2g4 d7d6 c2c4 c8g4 f1g2 h7h6 b1c3 e7e5 c3b5 d6d5
5882,a2a4 g7g5 a1a3 b8c6 e2e4 f8g7 h2h3 a7a6 d2d4 e8f8 h3h4 c6d4
5883,e2e4 c7c5 a2a4 e7e6 d2d3 b7b5 b1c3 g7g6 c1g5 c8a6 h2h3 b8c6
5884,a2a4 b8a6 b1c3 f7f5 d2d4 e8f7 b2b4 c7c6 c1f4 e7e6 f4c1 f8b4
5885,g1f3 d7d5 d2d4 f7f5 h1g1 g7g5 c1d2 c7c6 b1c3 e8f7 f3h4 f8g7
5886,b2b4 h7h6 g2g3 d7d6 g1h3 c8h3 h1g1 f7f6 a2a3 b7b5 d2d4 d8d7
5887,g2g4 d7d5 b1c3 e7e5 b2b4 a7a5 c3a4 a5b4 g1h3 g7g6 h1g1 b7b6
5888,e2e3 g7g5 e3e4 g8h6 f1b5 b7b6 c2c3 c8a6 g1f3 h8g8 e4e5 a6b5
5889,b2b4 b8c6 b4b5 h7h6 g2g4 h8h7 h2h3 a7a6 f2f3 g7g6 b5c6 h7g7
5890,a2a4 f7f6 h2h3 f6f5 b1c3 e8f7 a1a2 h7h5 f2f3 g7g5 g2g4 b7b5
5891,g1f3 d7d5 d2d4 a7a6 b1a3 b8d7 f3g5 e7e5 h1g1 h7h5 g5e4 d5e4
5892,d2d4 e7e6 e2e4 d7d5 h2h4 d5e4 h1h2 c7c5 f2f4 f7f5 g1f3 a7a6
5893,g1f3 a7a6 d2d3 a8a7 f3d4 b8c6 a2a4 c6d4 f2f4 g8f6 h2h3 d4f3
5894,g2g3 h7h5 b2b4 b7b6 e2e3 d7d6 d2d4 e7e5 a2a4 e8d7 f1b5 c7c6
5895,h2h4 a7a6 d2d4 f7f6 g2g3 h7h5 e2e4 e8f7 g1e2 a6a5 h1h2 d7d6
5896,h2h4 h7h5 a2a3 d7d6 a1a2 a7a5 f2f3 c7c5 h1h2 f7f6 a3a4 c8g4
5897,g1h3 b7b5 d2d4 a7a6 c1d2 a8a7 b2b3 g7g5 d1c1 f7f5 c1b2 g8h6
5898,g1h3 g7g5 d2d4 b7b5 c1g5 f8g7 b2b4 f7f6 g2g3 a7a5 g3g4 b8c6
5899,e2e3 d7d5 h2h3 f7f6 c2c4 d5d4 f2f4 e8d7 b2b3 b8c6 g2g3 c6a5
5900,b1c3 b7b6 a2a4 g8f6 a1a2 c8b7 f2f4 d7d6 c3b5 a7a6 a2a3 h8g8
5901,e2e4 a7a5 f2f3 f7f6 a2a4 c7c6 e1e2 g8h6 d2d4 h8g8 g1h3 e7e6
5902,a2a4 a7a6 b1c3 b7b5 a4b5 g8f6 a1a3 d7d5 f2f3 a6b5 a3a4 b5a4
5903,g1h3 b7b5 d2d4 g8f6 g2g3 d7d5 h1g1 c7c5 c1f4 b5b4 b2b3 g7g6
5904,g2g3 b8c6 h2h4 b7b6 f2f3 c6b4 c2c3 b4d3 e2d3 c8a6 f3f4 e7e5
5905,e2e4 a7a5 a2a4 f7f6 h2h3 g8h6 a1a2 b8a6 g2g3 a8a7 g1f3 h6g8
5906,g2g3 d7d6 b2b3 h7h6 g3g4 b8a6 c1b2 c8g4 f1g2 c7c5 e1f1 g7g5
5907,e2e4 a7a5 g2g4 g7g6 a2a4 f7f6 e1e2 a8a7 c2c4 c7c5 d2d4 e8f7
5908,a2a4 g7g6 a1a2 b7b6 e2e3 f7f6 f1b5 c7c5 b2b4 e7e6 h2h4 c5b4
5909,e2e4 a7a5 e4e5 e7e6 c2c3 f8d6 d1e2 a8a6 h2h3 e8e7 e2d1 h7h6
5910,g2g4 a7a6 b2b3 a6a5 c1b2 d7d5 g1h3 g7g6 h3g5 f8g7 d1c1 e8f8
5911,e2e3 b8c6 f1c4 g7g5 c2c3 h7h6 c4f7 e8f7 e1e2 e7e6 b2b3 f7e8
5912,e2e3 d7d5 h2h3 f7f5 f1a6 g7g5 h3h4 e8f7 f2f4 e7e6 c2c4 h7h5
5913,h2h4 a7a6 d2d4 g7g5 h4g5 d7d5 a2a3 d8d6 g5g6 d6d8 f2f4 f7f5
5914,a2a4 b7b5 g2g3 a7a5 h2h3 d7d6 d2d3 b8c6 b1d2 f7f5 e2e3 c8d7
5915,e2e3 g7g5 g1f3 h7h6 c2c3 h8h7 e1e2 e7e6 a2a4 c7c5 d1b3 f7f5
5916,h2h3 d7d6 e2e3 g8h6 f1a6 h8g8 f2f4 d6d5 d2d4 g7g5 g2g4 e8d7
5917,f2f4 e7e6 d2d4 d7d6 f4f5 h7h5 a2a3 e8e7 a1a2 c7c5 d4d5 g8f6
5918,h2h3 d7d6 b1a3 h7h5 g2g4 c8g4 h1h2 f7f6 h3g4 b7b6 f2f4 e8f7
5919,d2d4 b8c6 c1h6 c6a5 a2a3 g7g5 h6g5 h7h6 g1h3 h6g5 b2b3 d7d5
5920,c2c4 b8a6 e2e3 b7b5 f2f4 g7g5 b2b3 a6b8 a2a4 h7h5 a1a3 g8h6
5921,a2a4 f7f5 b1c3 h7h6 b2b3 b8a6 a1a2 e7e6 g2g4 f8a3 f2f3 d8h4
5922,e2e4 a7a5 g2g4 h7h5 e1e2 h5g4 a2a4 a8a7 f1g2 h8h5 g1h3 h5h6
5923,h2h3 e7e5 a2a4 g8e7 d2d3 h8g8 a1a2 f7f5 g2g4 c7c6 g4g5 d8a5
5924,g2g3 d7d6 b2b3 a7a6 c1a3 d8d7 g1f3 f7f5 a3c5 a8a7 b1a3 f5f4
5925,g1h3 d7d5 b2b4 g8f6 g2g3 b7b5 b1c3 a7a6 d2d4 g7g5 h3g5 h8g8
5926,e2e3 h7h6 c2c3 e7e5 e3e4 a7a5 f1b5 a8a7 f2f4 f8b4 b5c6 g7g6
5927,a2a4 e7e6 e2e3 c7c5 g1f3 b7b6 f1b5 c8b7 d2d3 c5c4 e1e2 g7g5
5928,h2h4 b8a6 a2a3 b7b6 e2e3 c7c5 e3e4 f7f6 d2d3 g8h6 g1f3 g7g5
5929,a2a4 b7b5 e2e3 a7a6 e1e2 g7g5 a4a5 g8h6 b2b3 h8g8 d2d3 b8c6
5930,g1h3 a7a6 b2b4 g7g6 d2d4 e7e5 e1d2 g8f6 g2g3 e5d4 b1a3 d7d6
5931,g1f3 a7a6 e2e4 b7b6 f1d3 g7g5 h1g1 g8h6 g2g3 h8g8 c2c3 c8b7
5932,e2e4 a7a5 g2g4 c7c5 a2a3 d7d6 e1e2 f7f6 f2f4 c8g4 e2e3 g8h6
5933,e2e4 a7a5 g2g4 c7c5 g1f3 a8a7 a2a4 f7f6 h1g1 b8c6 f1g2 b7b6
5934,a2a4 e7e6 e2e3 f8b4 f1b5 a7a5 b5c4 d7d6 e1e2 h7h6 g1f3 a8a7
5935,a2a4 b8a6 e2e3 c7c6 f1a6 f7f6 b2b3 e7e5 g2g3 f8c5 b1c3 a8b8
5936,c2c3 d7d5 e2e4 d5e4 f1b5 b8c6 b5c6 d8d7 g2g3 a7a6 e1f1 e7e5
5937,h2h4 g7g5 h4g5 h7h6 a2a3 e7e5 h1h5 e5e4 a1a2 c7c6 c2c4 d7d6
5938,g1f3 a7a6 e2e4 a8a7 e4e5 d7d6 f1a6 a7a6 e5d6 e7e5 d6c7 f7f6
5939,a2a4 b7b5 b2b4 g8h6 a1a2 h8g8 b1c3 c8a6 g2g3 g8h8 c3b5 a6b5
5940,g2g3 a7a6 b2b3 d7d6 h2h3 c8h3 g3g4 h3g4 d2d3 c7c5 g1f3 h7h6
5941,g1f3 e7e5 d2d4 f8b4 c2c3 c7c6 e2e4 h7h5 f3h4 f7f5 g2g4 f5e4
5942,e2e4 d7d5 e4d5 a7a6 f1d3 f7f6 g1f3 a8a7 b1a3 d8d7 g2g4 d7b5
5943,b1c3 f7f6 a2a4 b7b6 c3b5 g7g6 d2d3 c7c6 c1h6 g8h6 h2h3 f8g7
5944,h2h3 g7g5 e2e4 h7h5 c2c3 e7e5 f1a6 e8e7 e1e2 d7d5 a2a4 f8g7
5945,a2a4 c7c6 e2e4 e7e5 a1a2 f8b4 h2h3 b4d6 f2f3 g8f6 a2a3 d6e7
5946,e2e3 f7f5 c2c4 d7d5 d2d3 a7a5 f2f4 d5c4 g1f3 e7e6 f3h4 h7h5
5947,g2g3 d7d6 b2b4 b7b6 e2e3 h7h6 d2d4 c8g4 h2h3 f7f6 h3g4 e8d7
5948,e2e4 d7d5 e4d5 c8g4 c2c3 g8f6 f2f4 e7e6 g1f3 g4f3 d1c2 e8e7
5949,b1c3 b7b6 a2a4 g7g6 d2d3 h7h6 c3b5 d7d5 e2e3 f8g7 c2c4 g7f8
5950,g1f3 e7e5 a2a4 e8e7 f3h4 a7a5 h2h3 g7g5 h1h2 g8h6 g2g4 b8c6
5951,b1c3 c7c6 g1f3 f7f6 b2b3 h7h5 c1a3 b7b5 f3e5 c8a6 c3b5 c6b5
5952,e2e4 f7f5 f1e2 h7h5 e2h5 h8h5 c2c3 c7c5 g1e2 b8a6 e1g1 b7b5
5953,a2a4 f7f6 f2f4 f6f5 e2e3 c7c6 b1a3 h7h5 c2c4 b8a6 a4a5 h8h6
5954,h2h3 g7g6 c2c3 b7b6 f2f4 e7e5 f4f5 g8f6 d2d3 f6g8 c1d2 d7d5
5955,g2g3 d7d5 b2b4 b7b5 f2f3 a7a6 h2h4 g8f6 g1h3 e8d7 e1f2 d5d4
5956,a2a4 b7b5 d2d3 g8h6 c2c4 g7g6 f2f4 e7e6 e2e3 g6g5 a4b5 f7f6
5957,g1f3 g7g5 e2e4 b7b5 c2c3 e7e6 g2g4 e6e5 f1b5 c7c5 b5c4 g8f6
5958,h2h3 h7h5 b1a3 f7f5 f2f3 g7g6 c2c3 e7e5 g2g3 b8c6 a1b1 a7a6
5959,a2a4 e7e5 a1a2 d8g5 e2e3 g5f6 d2d3 a7a5 g1f3 f6d6 c2c4 g8e7
5960,a2a4 b7b5 b2b4 h7h5 b1a3 d7d6 a4b5 a7a6 d2d3 e7e6 g1h3 a6b5
5961,a2a4 b8c6 a4a5 h7h6 d2d3 c6b4 d3d4 b7b5 f2f4 b4c2 d1c2 h8h7
5962,e2e4 e7e6 h2h3 d7d5 e4e5 b7b6 g2g4 g7g6 c2c3 e8d7 f2f4 d7e7
5963,a2a4 f7f5 b1c3 b8a6 d2d4 e7e5 g2g3 e5d4 e2e3 f5f4 c3e4 h7h6
5964,a2a4 a7a6 b1c3 b7b5 a4a5 d7d6 g1f3 h7h6 c3d5 c8g4 d5c7 d8c7
5965,e2e4 a7a5 g1e2 g8h6 g2g3 f7f6 c2c3 b8a6 e4e5 a5a4 f1g2 h6g4
5966,b2b4 b8c6 g2g3 g7g5 g3g4 b7b6 b4b5 c6d4 f2f3 d4c2 d1c2 g8h6
5967,a2a4 f7f5 e2e4 a7a5 c2c3 g8h6 e4f5 c7c5 d1f3 b7b5 c3c4 h6g4
5968,e2e4 h7h5 e4e5 e7e6 c2c3 h8h6 d2d4 h5h4 f2f4 c7c5 e1e2 f7f5
5969,b2b4 b7b6 a2a3 f7f5 d2d3 d7d6 g2g4 e8d7 b4b5 f5g4 g1h3 a7a5
5970,b2b4 b7b6 d2d4 g7g5 a2a3 e7e5 g1h3 d7d5 d4e5 g8f6 h3g5 f8b4
5971,f2f4 e7e5 a2a3 e5f4 e2e3 g8f6 e1e2 g7g6 g2g3 f4e3 d2e3 f6g8
5972,a2a4 e7e6 e2e3 f8b4 f2f4 c7c6 g1f3 g8h6 f3d4 b4e7 c2c4 c6c5
5973,g1f3 a7a6 e2e4 a8a7 e4e5 a6a5 g2g3 c7c5 e5e6 d7d6 c2c3 h7h6
5974,a2a4 h7h5 d2d4 e7e5 f2f3 b8c6 g1h3 f7f5 e1f2 g8h6 h3g1 h8g8
5975,d2d4 e7e6 f2f4 f8d6 f4f5 b7b6 c1g5 g7g6 g5e3 d6e5 e3g5 e6f5
5976,e2e4 e7e6 g2g4 d7d5 h2h3 e6e5 e4d5 g8f6 b1c3 f6d5 a1b1 h7h6
5977,g1f3 h7h6 d2d3 e7e6 g2g4 e6e5 e2e4 a7a5 e1e2 f7f6 d3d4 e8e7
5978,a2a4 e7e6 e2e3 d7d5 a4a5 b7b6 d2d3 b6b5 b2b4 g8f6 a1a2 a7a6
5979,b2b4 b8a6 g1h3 h7h6 g2g3 f7f5 d2d4 d7d5 c1b2 c8e6 h3g1 h6h5
5980,g1f3 b7b6 e2e4 f7f5 c2c3 f5e4 d2d3 e4f3 d1b3 c7c5 b3a3 g7g6
5981,a2a4 g8h6 h2h4 h6g4 g2g3 c7c5 g1f3 g7g6 b1c3 d7d5 f3d4 b7b5
5982,e2e4 f7f5 g1f3 d7d5 e4f5 e7e5 d2d4 c8e6 a2a3 h7h5 d4e5 e8f7
5983,a2a4 e7e6 b1c3 c7c6 g1f3 f8b4 c3b5 e6e5 c2c4 e5e4 a1a3 b4a3
5984,e2e3 g8f6 b2b3 f6e4 d2d3 h7h6 c2c3 e7e5 g1f3 e4f6 c1b2 a7a5
5985,e2e4 a7a5 g2g4 a8a6 b1a3 f7f6 f2f4 a6a8 c2c3 h7h5 f4f5 e8f7
5986,g2g4 d7d5 a2a3 f7f5 f2f4 h7h5 h2h3 c7c6 e2e3 e7e5 d2d4 f8b4
5987,g1h3 d7d6 d2d4 f7f6 b1d2 c8d7 d2f3 a7a6 a2a4 f6f5 h3g1 g7g5
5988,e2e4 a7a5 a2a4 f7f5 c2c3 h7h6 e1e2 a8a7 g2g4 e8f7 g4g5 h6h5
5989,d2d4 f7f5 f2f4 b8a6 h2h4 e8f7 e2e4 g7g6 c2c3 e7e6 b2b4 b7b5
5990,a2a3 f7f5 b1c3 b8c6 a3a4 a7a5 c3d5 c6e5 g2g4 h7h5 f1g2 e5g4
5991,g1h3 c7c5 b1a3 e7e6 g2g4 g8f6 h1g1 f8d6 d2d4 f6e4 c1g5 f7f6
5992,e2e4 a7a5 g2g3 f7f6 g1f3 b8a6 e4e5 a6b4 c2c3 e7e6 f1c4 b4d3
5993,e2e4 a7a5 a2a4 b8c6 g2g4 e7e6 e1e2 c6b4 a1a2 f7f5 f1g2 c7c5
5994,a2a4 e7e6 e2e4 f8c5 g2g4 c5b4 c2c3 c7c5 f1c4 d7d6 g1e2 g8f6
5995,c2c4 h7h6 d2d4 b8c6 g1f3 g7g5 d4d5 b7b5 f3e5 c6d4 c4b5 f7f6
5996,e2e3 e7e5 g1f3 g7g5 f3e5 b7b5 b2b3 d7d6 d2d3 d8e7 b1c3 e7d8
5997,g2g3 g8f6 b2b4 g7g6 d2d4 e7e5 b1c3 e5d4 c1g5 f8g7 g5f6 e8g8
5998,f2f4 e7e6 d2d4 d7d6 e2e3 c7c5 f4f5 f7f6 c2c4 c5d4 d1a4 d8d7
5999,h2h4 c7c5 b1a3 e7e6 e2e4 g8f6 g2g4 d7d5 e4d5 f6d5 b2b4 e8e7
6000,e2e4 d7d5 e4d5 e7e6 g1f3 e8e7 a2a3 d8d5 f1e2 b8a6 d2d4 f7f6
6001,a2a4 f7f5 b2b3 d7d5 b1a3 b7b6 e2e4 e7e6 h2h4 h7h5 d2d4 e8f7
6002,a2a4 e7e6 e2e4 b7b6 g2g4 c7c6 b1c3 c8b7 h2h4 g8f6 c3d5 f6e4
6003,h2h4 b8c6 e2e4 c6b4 b1a3 a7a5 a3c4 f7f5 a2a4 h7h5 d2d4 b4c2
6004,f2f4 e7e5 c2c4 f8c5 d2d3 g8f6 d1a4 c7c6 h2h4 f6d5 h1h3 c5d6
6005,a2a4 e7e6 h2h3 c7c6 c2c4 f7f5 e2e3 h7h5 e1e2 b8a6 b1c3 b7b5
6006,g2g3 d7d6 b2b3 b7b6 d2d4 h7h6 c2c3 f7f5 c1g5 a7a6 e2e3 e8d7
6007,a2a4 e7e6 a4a5 f8b4 a1a2 f7f5 f2f4 g8h6 e1f2 c7c6 c2c3 b4e7
6008,e2e4 g8h6 g1e2 h8g8 g2g3 g7g5 c2c3 h6g4 h1g1 d7d5 f2f4 f8g7
6009,d2d4 a7a6 d4d5 d7d6 c2c4 f7f5 e2e3 b8d7 g1f3 f5f4 a2a4 e7e5
6010,g2g4 a7a5 b1c3 e7e5 g1h3 f7f6 c3d5 b8c6 h1g1 b7b6 b2b3 g7g6
6011,e2e4 a7a5 a2a4 b8a6 f1a6 f7f6 b2b4 b7a6 e1f1 g7g5 b4b5 g8h6
6012,h2h4 c7c6 d2d4 f7f5 a2a3 h7h5 e2e4 e8f7 c1g5 f5e4 a1a2 e4e3
6013,g2g4 g8h6 b2b4 b7b5 h2h4 h6g4 d2d3 d7d5 h4h5 c8e6 e2e3 h7h6
6014,f2f4 b7b5 a2a3 d7d6 e2e3 a7a6 g2g4 d6d5 h2h3 e7e6 f1b5 e8e7
6015,h2h3 g8f6 b2b4 g7g5 e2e3 e7e5 d2d3 f8b4 e1e2 h7h6 f2f4 c7c6
6016,g1f3 a7a6 e2e4 a8a7 d2d4 a6a5 d1d2 b8c6 e4e5 h7h6 f1d3 g7g6
6017,h2h4 d7d6 f2f4 c7c5 b2b4 f7f6 e2e3 h7h5 e1e2 c5b4 c2c4 e7e5
6018,f2f3 g8f6 f3f4 e7e5 d2d3 c7c6 h2h4 e5e4 a2a3 f8a3 a1a3 f6h5
6019,g1h3 d7d5 h1g1 g8f6 d2d4 e8d7 g2g4 c7c5 h3f4 a7a5 b2b4 a5b4
6020,a2a4 e7e6 b1c3 g7g6 e2e3 h7h6 f2f3 g6g5 a4a5 e6e5 h2h3 h8h7
6021,b2b4 f7f5 b4b5 d7d6 f2f4 d6d5 b5b6 c7c6 h2h3 h7h5 g2g4 e7e6
6022,e2e4 a7a5 g1f3 a8a6 e4e5 e7e6 g2g3 g7g5 h1g1 c7c5 d2d4 h7h6
6023,e2e4 g8f6 g1f3 h8g8 e1e2 f6d5 g2g3 d5b4 c2c3 c7c6 g3g4 f7f5
6024,f2f4 e7e5 g1f3 c7c5 h2h3 c5c4 a2a4 f8b4 f3g1 d7d6 b1a3 e5e4
6025,g2g4 f7f6 e2e4 b7b5 c2c3 c8a6 h2h3 h7h5 d1f3 g8h6 f3g2 c7c5
6026,h2h4 d7d6 d2d4 g7g6 e2e3 h7h6 f1c4 c8g4 d4d5 g4f3 g1f3 h8h7
6027,e2e4 g7g6 g1f3 b7b5 c2c3 g6g5 g2g3 b8c6 f1b5 a8b8 h1g1 e7e5
6028,h2h3 h7h5 e2e4 f7f5 c2c3 e8f7 d1a4 d7d6 a4e8 f7e8 b1a3 a7a6
6029,d2d4 c7c5 g1f3 f7f6 e2e3 b7b5 f1b5 b8a6 a2a4 g7g6 g2g3 g6g5
6030,d2d4 b8c6 b2b3 g7g5 c1g5 a8b8 g1h3 c6d4 b3b4 f8g7 e1d2 b7b6
6031,a2a4 b8a6 e2e3 b7b6 h2h4 c7c5 e3e4 g7g5 b1a3 g8h6 a3b5 e7e6
6032,h2h3 a7a6 g2g3 b7b5 e2e4 a8a7 h1h2 b5b4 d2d3 d7d5 c1g5 e7e6
6033,b2b4 b7b6 a2a3 g7g5 d2d4 c7c5 c1g5 b8a6 g1h3 e7e6 g2g4 h7h5
6034,a2a4 e7e6 b1c3 b7b6 c3b5 c8a6 e2e3 a6b5 a4b5 b8c6 b5c6 f8d6
6035,a2a4 e7e6 b1c3 b8a6 a4a5 f7f5 g2g3 g8e7 a1a2 e7c6 b2b4 e8e7
6036,b1a3 e7e6 b2b4 b8c6 a3b5 h7h6 f2f4 a7a6 b5c7 d8c7 g2g3 a8a7
6037,d2d4 h7h5 a2a3 g7g5 g2g3 c7c5 d1d2 g8f6 e1d1 d7d5 g3g4 f6g4
6038,d2d4 f7f5 a2a3 c7c5 f2f4 h7h6 e1d2 d7d6 g2g4 e7e6 d2e3 f5g4
6039,b2b4 b8c6 b4b5 a7a6 b5c6 h7h6 g1f3 b7b5 b1c3 a8a7 g2g3 d7c6
6040,a2a4 e7e6 d2d4 b8c6 f2f4 e6e5 g1h3 g7g5 c1e3 e5f4 a4a5 g8f6
6041,g1f3 d7d5 d2d4 a7a6 b2b4 b8c6 b1c3 g8f6 c1a3 e7e6 f3h4 c6e7
6042,g1h3 a7a6 f2f4 d7d6 b2b4 g8f6 c2c3 a8a7 b1a3 c8f5 h3g1 b7b5
6043,e2e3 d7d5 d2d3 g8f6 b2b4 b7b5 h2h4 e7e6 d3d4 a7a5 g2g3 f6e4
6044,e2e3 d7d5 b2b3 f7f5 c1b2 f5f4 e3f4 c7c6 d2d3 c8h3 g1f3 e7e6
6045,g2g4 b8a6 b2b3 d7d5 e2e4 a6b8 e4d5 c8g4 f1h3 h7h6 f2f3 a7a5
6046,b2b4 b8c6 b4b5 h7h6 g2g4 c6a5 b1c3 g7g6 c1a3 a8b8 f1g2 e7e6
6047,b1c3 e7e6 c3a4 d7d6 g1f3 g7g5 e2e4 b7b6 f3h4 c8b7 c2c4 a7a6
6048,g2g4 d7d5 h2h4 g7g5 a2a3 a7a6 f2f4 d5d4 f4g5 d8d6 e1f2 f8g7
6049,c2c4 b8a6 e2e3 b7b6 f2f4 g7g5 f4g5 c7c5 b1a3 f8g7 b2b3 e8f8
6050,g1f3 d7d5 d2d4 f7f5 h1g1 g7g5 f3h4 e8f7 b1a3 g8h6 c1g5 f7g7
6051,b2b4 g7g6 c2c4 h7h5 g2g4 b8c6 a2a4 e7e6 a1a2 e8e7 b4b5 e6e5
6052,g1h3 a7a5 a2a4 b8c6 b1c3 f7f5 f2f4 h7h5 h1g1 h8h6 c3d5 c6d4
6053,e2e4 a7a5 g2g4 b8a6 f1g2 a6b4 b2b3 a8a6 b1a3 b4d5 e1e2 b7b6
6054,e2e3 a7a6 e3e4 d7d6 e1e2 d6d5 b2b4 e7e5 a2a4 h7h5 h2h3 f8e7
6055,e2e4 b8c6 e1e2 c6a5 g2g4 b7b6 a2a4 f7f6 b1a3 c8b7 d2d4 g8h6
6056,h2h3 d7d6 e2e4 g8f6 a2a4 h8g8 e1e2 c8h3 a1a2 b7b6 d2d3 c7c5
6057,d2d4 d7d5 a2a3 a7a6 d1d3 f7f5 h2h4 a8a7 g1h3 f5f4 d3d1 d8d7
6058,e2e4 g8h6 g1e2 a7a5 b1c3 g7g5 g2g3 h8g8 b2b3 a5a4 h2h3 d7d5
6059,g2g4 b7b5 b1a3 b5b4 g1f3 d7d6 e2e4 c8b7 h1g1 g7g5 d1e2 b4b3
6060,e2e3 g8f6 g1f3 a7a6 g2g4 f6g8 e3e4 f7f5 c2c3 b8c6 f3e5 c6e5
6061,e2e4 h7h5 e4e5 d7d5 c2c3 c7c5 d1f3 e8d7 f3d1 d7e6 e1e2 a7a5
6062,e2e4 g8h6 g1e2 h6g4 b2b3 d7d5 g2g3 h8g8 c2c4 g7g6 e4d5 c7c5
6063,e2e4 e7e6 f1b5 e8e7 c2c3 g8f6 g2g4 f6e4 g1e2 e4f2 e1f1 d7d6
6064,e2e3 e7e5 d2d4 f8b4 e1e2 b8a6 e3e4 a8b8 h2h4 e8f8 g2g4 f7f5
6065,e2e4 g7g6 g2g3 b7b6 g1f3 d7d5 c2c4 d5d4 e4e5 e8d7 d1a4 b6b5
6066,g1f3 e7e5 f3h4 f8b4 a2a4 g7g6 b1a3 b4f8 h1g1 g8e7 f2f4 e7f5
6067,b2b4 g7g6 a2a3 b7b6 d2d4 e7e5 c1g5 f8b4 a3b4 g8f6 e2e4 e5d4
6068,g1f3 f7f5 e2e3 d7d5 c2c3 e7e6 f1b5 e8e7 b5e2 a7a6 e2b5 f5f4
6069,g1h3 g8f6 g2g3 e7e5 b2b3 g7g6 h1g1 f8b4 c1b2 c7c6 a2a3 a7a6
6070,g1f3 a7a6 e2e4 f7f5 c2c4 b8c6 e4f5 a6a5 f3d4 e7e5 d4e6 f8e7
6071,g1f3 f7f5 e2e3 d7d5 d2d4 b8a6 e1e2 e8f7 a2a3 e7e5 h1g1 d8d6
6072,b1a3 b7b6 f2f4 h7h6 h2h3 f7f6 g2g4 e7e5 a3c4 h6h5 f4e5 c8b7
6073,a2a4 e7e6 b1c3 h7h6 c3b5 g7g6 e2e3 f8b4 c2c4 a7a5 b5d6 e8f8
6074,e2e4 c7c5 a2a4 b7b5 h2h3 g8h6 a4b5 f7f6 a1a7 c8b7 b1c3 a8a7
6075,g2g4 f7f6 b2b4 b7b5 a2a4 b8a6 b1a3 c7c5 h2h4 h7h5 b4c5 g7g5
6076,a2a4 e7e6 h2h3 b7b6 g2g4 c7c6 e2e4 e8e7 h3h4 e7d6 c2c3 c8b7
6077,g1h3 d7d5 h1g1 g8f6 b2b4 e7e6 d2d4 g7g6 c1g5 a7a6 g2g4 b8c6
6078,c2c4 b7b5 b1a3 b5c4 f2f3 g7g6 a1b1 g8f6 e2e3 e7e5 a3c4 e5e4
6079,g2g4 e7e5 b2b4 f8b4 g1h3 g7g6 h1g1 g8e7 c1a3 b4d2 e1d2 a7a5
6080,b1a3 f7f6 g1f3 b8c6 b2b3 a8b8 g2g3 c6e5 f1g2 a7a5 a3c4 g7g6
6081,e2e4 a7a5 g2g4 a8a6 f2f4 f7f5 c2c3 e7e5 d1a4 d8h4 e1e2 e8d8
6082,g2g4 b7b6 c2c4 c8a6 a2a3 a6c4 a3a4 g7g5 b1c3 g8f6 c3e4 f6g8
6083,b2b4 b8c6 b1a3 b7b6 g2g3 g7g6 d2d4 f8h6 f1h3 c8b7 a3c4 e8f8
6084,h2h3 d7d6 e2e3 g8f6 e1e2 a7a5 g2g4 a8a7 b1a3 b7b5 b2b3 h7h6
6085,e2e3 f7f5 c2c3 d7d6 d1c2 c7c5 f2f4 h7h5 g2g4 e7e6 h2h4 g8f6
6086,g2g4 g8h6 g1f3 d7d5 b1c3 c8g4 a1b1 g7g6 h2h4 g4f3 e2f3 d5d4
6087,d2d4 g7g5 f2f4 f7f5 e2e4 h7h5 h2h4 g8h6 d1h5 h6f7 a2a4 b8c6
6088,d2d4 f7f5 h2h4 h7h5 a2a3 a7a6 d4d5 d7d6 e2e3 e8f7 c2c4 e7e5
6089,e2e4 a7a5 g2g4 a8a6 e1e2 f7f6 f1g2 a6d6 a2a4 e8f7 e4e5 d6d3
6090,e2e4 c7c5 b1a3 e7e5 f1b5 a7a5 e1e2 c5c4 b2b3 f8c5 g2g3 a8a6
6091,h2h4 b8a6 d2d4 g7g6 e2e4 b7b5 c2c3 c7c5 e1e2 g8h6 c3c4 h8g8
6092,h2h3 h7h5 c2c3 a7a6 f2f3 g7g6 b2b4 b7b6 b4b5 d7d6 d2d3 e8d7
6093,d2d4 b8c6 d4d5 g7g6 g1f3 b7b5 g2g3 f7f6 h2h3 g6g5 b1c3 f8g7
6094,e2e4 a7a5 g2g4 f7f5 g1h3 e8f7 b2b4 h7h5 g4h5 h8h5 f2f3 d7d5
6095,h2h4 b8a6 h4h5 h7h6 d2d4 c7c6 a2a3 f7f5 e2e4 h8h7 e1e2 f5e4
6096,g2g4 e7e5 b2b4 f8b4 b1a3 b8a6 g1h3 c7c6 f1g2 e5e4 e1g1 e4e3
6097,d2d4 b8c6 c1d2 b7b6 e2e4 c8b7 c2c3 g8f6 f1b5 c6b8 e1e2 g7g6
6098,e2e3 a7a6 f1a6 b7b5 c2c4 d7d6 c4b5 g8f6 d2d3 c8a6 d3d4 e7e5
6099,b1a3 b7b6 g1f3 g7g6 g2g3 e7e5 d2d3 c8b7 c2c4 g8f6 f1g2 a7a5
6100,b2b4 b7b6 g2g3 d7d6 g1h3 c8h3 d2d4 e8d7 h1g1 f7f6 g3g4 g7g6
6101,h2h4 c7c5 b1a3 e7e6 e2e4 g8f6 a3b5 d7d6 a2a4 f6e4 g1f3 f8e7
6102,g2g4 a7a6 c2c4 b8c6 b2b3 a6a5 f1g2 f7f5 f2f4 b7b6 g2d5 c6e5
6103,h2h4 b8a6 e2e4 a6b4 d2d4 d7d5 c1g5 b4a2 e1e2 g8h6 f2f4 h8g8
6104,g2g4 d7d5 h2h4 g7g5 a2a3 e7e6 a1a2 d8e7 a3a4 e6e5 f2f3 c7c5
6105,g1f3 d7d5 d2d4 f7f5 f3h4 a7a6 c1h6 g8h6 e1d2 f5f4 c2c4 b7b5
6106,d2d3 a7a5 e2e3 a8a7 c2c4 b8c6 b2b3 e7e5 g2g3 c6b4 g3g4 b7b5
6107,e2e4 e7e6 g1f3 a7a5 g2g4 f7f5 f3h4 f5e4 f1d3 b7b6 b2b3 g7g6
6108,a2a4 g7g5 a1a3 b7b6 c2c4 f8g7 d2d4 a7a6 h2h3 e8f8 d4d5 c8b7
6109,e2e4 a7a5 g1e2 g8h6 g2g3 f7f6 h2h3 b7b5 b1c3 c7c5 d2d4 h6g4
6110,e2e4 h7h5 e4e5 g8f6 c2c3 f6d5 d1a4 d5f6 a4d7 e8d7 e1e2 f6e8
6111,g1h3 g8f6 d2d4 d7d5 g2g3 c8h3 h1g1 g7g6 c1g5 b7b6 g5f6 e7f6
6112,c2c4 a7a5 d2d3 b8c6 a2a4 f7f5 g1f3 c6d4 c4c5 a8a6 c1h6 a6c6
6113,g1h3 f7f5 b2b4 d7d5 f2f4 g7g5 e2e4 f5e4 c1b2 f8g7 b2d4 g5f4
6114,g1h3 b7b5 b2b3 a7a6 d2d3 d7d5 c1e3 g8f6 h1g1 g7g6 d1d2 e7e6
6115,e2e4 e7e6 c2c3 c7c5 d1e2 f8e7 g1f3 d7d6 e4e5 g8f6 e2e3 h7h6
6116,b2b4 b7b6 g2g3 d7d6 d2d4 c8b7 c2c4 h7h5 f1g2 a7a6 g1f3 e8d7
6117,g1h3 a7a6 b2b3 d7d6 g2g4 c8g4 h1g1 g8f6 c1b2 c7c5 g1h1 h8g8
6118,g2g3 d7d6 b2b4 b7b6 a2a3 e8d7 d2d4 d7c6 g1f3 c8h3 f3g5 f7f5
6119,g1h3 c7c5 b2b4 b8a6 b4c5 g7g6 c1b2 e7e5 h3g5 e8e7 c5c6 e7e8
6120,e2e4 a7a5 f2f4 f7f5 h2h4 a5a4 f1b5 b8a6 e4f5 h7h5 e1f2 h8h7
6121,g2g4 b8a6 b2b3 c7c5 f1g2 b7b6 e1f1 g8h6 c2c4 g7g5 g1f3 d7d6
6122,g2g4 a7a5 b1a3 b8c6 f2f3 d7d5 f1h3 c6b4 e1f1 e7e6 d2d4 e8e7
6123,e2e4 a7a5 g2g4 a8a6 f2f4 h7h5 f1d3 f7f6 g1h3 h5g4 b1a3 b7b5
6124,g2g3 b8c6 b2b3 g7g5 e2e4 e7e6 g3g4 c6a5 b1c3 f7f5 e4f5 h7h5
6125,g2g4 e7e5 b2b3 d7d5 h2h4 c7c6 b3b4 f8b4 e2e4 d5e4 e1e2 b8a6
6126,e2e4 a7a5 g2g4 a8a6 g1f3 e7e5 h1g1 d8f6 a2a4 h7h6 f1h3 c7c5
6127,e2e4 a7a5 g2g4 f7f6 g1f3 a8a6 c2c3 h7h6 h1g1 b8c6 f1g2 c6b4
6128,b2b4 g7g6 d2d4 b8c6 g2g3 h7h5 g1h3 e7e5 c1g5 b7b5 d4e5 c8a6
6129,e2e4 a7a5 a2a4 b8a6 b1c3 a6b4 h2h3 h7h6 e4e5 g8f6 e5e6 a8b8
6130,h2h3 e7e5 b2b4 f8b4 c2c3 e5e4 c3b4 g8f6 e2e3 g7g6 g2g4 h7h5
6131,h2h4 a7a6 g2g3 b7b6 d2d3 c8b7 h1h2 a8a7 c2c3 g7g6 g1f3 d7d6
6132,f2f4 e7e5 h2h4 b8c6 d2d3 g7g6 b2b4 a7a6 e1f2 c6b4 c1a3 b4c2
6133,g2g3 d7d6 b2b4 h7h6 g1h3 c8h3 h1g1 f7f6 e2e4 h3g4 f2f3 h8h7
6134,e2e3 a7a6 f1d3 b7b5 b1c3 d7d5 e1e2 h7h6 g1f3 g8f6 f3g5 c8g4
6135,g1f3 d7d5 d2d4 f7f5 c1h6 a7a6 e2e3 e7e6 d1c1 f5f4 f1d3 e8f7
6136,f2f4 e7e5 c2c4 b8c6 e2e3 f8b4 h2h4 e5f4 e1f2 b4d2 e3f4 d2f4
6137,e2e4 a7a5 g2g4 a8a6 a2a4 f7f6 e1e2 e8f7 h2h4 d7d5 g1h3 a6d6
6138,f2f4 b8c6 a2a3 a7a5 h2h4 g7g6 h1h2 h7h6 h2h1 d7d5 a1a2 f7f5
6139,e2e3 b7b5 c2c4 b8c6 d1f3 c6a5 f1e2 d7d6 f3d5 f7f6 g1f3 c8d7
6140,g1f3 e7e5 d2d4 f8b4 b1c3 c7c6 g2g4 f7f5 f3e5 f5g4 c1f4 b4c3
6141,d2d4 b8c6 c1d2 a7a5 f2f4 c6b4 h2h4 f7f6 e1f2 f6f5 g2g4 a8a7
6142,e2e4 a7a5 h2h3 h7h6 b2b4 a8a7 b4a5 b7b5 g1f3 d7d6 e4e5 b8d7
6143,e2e4 a7a5 h2h3 a8a6 a2a4 g7g6 e1e2 a6f6 f2f4 h7h6 f4f5 c7c5
6144,g1h3 d7d5 d2d4 g8f6 g2g3 c8h3 h1g1 h3g2 h2h4 h7h5 f2f4 b8a6
6145,a2a3 g7g5 c2c4 b7b6 d2d3 b6b5 f2f4 f8g7 a1a2 f7f6 b1d2 d7d6
6146,a2a4 e7e6 a4a5 b7b6 e2e4 f8d6 h2h3 f7f5 c2c3 c7c5 a5b6 f5f4
6147,g1f3 f7f5 e2e4 h7h5 f3e5 a7a5 c2c3 b8a6 h2h3 d7d6 f1e2 a6b4
6148,g1h3 h7h5 g2g4 b8a6 b2b3 g7g6 d2d4 g8f6 d4d5 a6c5 c1a3 b7b5
6149,a2a4 b8a6 h2h3 h7h6 e2e3 g8f6 f1a6 g7g5 f2f3 h8h7 g2g3 e7e5
6150,b1a3 b7b6 g1f3 d7d5 d2d4 h7h5 f3g5 e7e6 e1d2 e8e7 b2b4 b8c6
6151,e2e4 a7a5 f2f3 f7f6 a2a4 b8a6 a1a2 a8a7 b1a3 e7e5 f1b5 f8a3
6152,f2f3 g8f6 b2b4 c7c6 g2g3 d7d5 c2c4 c8d7 b4b5 e7e6 b1a3 f6e4
6153,g2g4 d7d5 b2b4 g7g6 c2c4 a7a5 b1a3 f7f5 g4f5 b8a6 d1c2 e7e5
6154,g1f3 f7f5 e2e4 h7h5 e4e5 c7c6 g2g4 e8f7 f1b5 d7d5 c2c3 d8a5
6155,h2h4 a7a6 f2f3 b7b5 e1f2 d7d5 d2d3 e7e6 f3f4 g8f6 g2g4 g7g6
6156,g2g3 d7d6 h2h3 b7b6 c2c4 f7f6 d2d4 e8d7 b2b3 b6b5 b1a3 d7e6
6157,h2h4 b7b6 g1f3 b8a6 e2e4 a6b4 c2c3 b4c6 f1b5 g8f6 f3e5 f6e4
6158,f2f4 e7e5 c2c4 b8c6 e2e3 f8b4 a2a4 h7h5 e1f2 f7f5 f4e5 b4e7
6159,h2h3 b8c6 c2c3 g7g5 e2e4 g8h6 e1e2 c6d4 e2e1 h8g8 e4e5 b7b5
6160,d2d4 b8c6 b2b3 d7d5 g1h3 g8f6 c1g5 c8h3 a2a3 d8d6 g2g4 h7h5
6161,b2b4 g7g6 h2h4 h7h5 e2e4 b7b6 g1f3 f8g7 e1e2 e8f8 a2a4 g7e5
6162,d2d4 b7b6 g1f3 g7g5 e2e3 b8c6 c2c4 c6a5 a2a3 b6b5 d1e2 f8g7
6163,g1h3 h7h5 h3g1 b7b5 b2b3 g7g6 c2c4 b5c4 h2h4 f8g7 g2g3 c4b3
6164,d2d4 b8c6 c1d2 c6d4 h2h3 d4f3 e2f3 g7g5 c2c3 b7b6 a2a4 f8g7
6165,f2f4 b7b6 h2h3 g7g5 g2g4 b6b5 e1f2 f7f6 c2c3 f8h6 b2b4 c7c5
6166,g1h3 e7e5 b2b3 c7c6 g2g3 g8f6 c2c4 f6e4 d2d3 h8g8 c1g5 f8b4
6167,b1a3 e7e6 b2b4 a7a6 g2g4 d7d6 h2h3 g7g6 c2c3 b8c6 f1g2 h7h6
6168,g2g4 b7b5 b2b3 d7d6 b1c3 g8f6 c3b5 f6d5 c1a3 c8g4 f1g2 h7h6
6169,g2g4 g7g5 b1a3 g8f6 b2b4 b7b6 g1f3 f6g4 d2d4 c7c5 d4c5 e7e5
6170,a2a3 f7f5 g2g4 e7e6 e2e4 f5f4 g1h3 e8e7 h3g5 b7b5 e1e2 b5b4
6171,f2f4 b7b6 g2g3 g7g6 h2h4 c7c5 e1f2 h7h5 b2b4 f7f5 e2e3 g6g5
6172,g1h3 e7e6 g2g4 f8a3 e2e4 c7c5 b2b4 a7a6 h1g1 a8a7 b4c5 a3c1
6173,e2e3 g7g5 e3e4 b7b5 a2a4 a7a5 a4b5 g8h6 h2h3 h8g8 b1c3 c7c5
6174,e2e4 a7a5 h2h3 g8h6 a2a4 h8g8 g1e2 g7g5 b1c3 b8a6 g2g3 h6g4
6175,d2d4 a7a5 c1e3 b8a6 e3c1 b7b5 c1d2 a6b4 a2a3 a8a7 f2f3 d7d5
6176,e2e4 a7a5 h2h3 g8h6 c2c3 b8a6 g1f3 a6b4 e4e5 a8a7 c3b4 g7g5
6177,g1f3 d7d5 h1g1 g7g5 f3h4 f7f5 h4f3 b7b6 g2g3 e7e6 d2d4 a7a6
6178,b1c3 b7b6 a2a4 e7e6 c3b5 c8a6 d2d3 a6b5 f2f3 h7h5 h2h3 c7c6
6179,a2a4 e7e6 a1a2 b7b6 c2c4 f7f5 d2d3 b6b5 h2h4 g8f6 f2f3 b5a4
6180,e2e3 a7a6 e3e4 d7d6 a2a4 f7f5 e4f5 h7h5 f1a6 h8h7 e1f1 h7h8
6181,h2h3 g8h6 b2b4 g7g6 g2g3 d7d5 d2d4 c8d7 e2e3 h8g8 h3h4 h6f5
6182,e2e4 a7a5 h2h3 g8h6 g1f3 g7g5 c2c3 e7e5 f1b5 a8a6 e1e2 b7b6
6183,h2h4 c7c5 b1a3 e7e6 b2b4 g7g5 f2f3 g5h4 d2d3 a7a5 a3b1 d7d5
6184,h2h4 g7g6 g2g3 b8c6 e2e4 e7e5 g3g4 e8e7 a2a3 a7a5 d2d4 g6g5
6185,h2h4 b8a6 h4h5 f7f5 e2e4 a6b4 d2d3 h7h6 a2a4 a7a5 e4f5 a8a6
6186,f2f4 e7e5 h2h4 f8c5 a2a4 c7c6 c2c4 c5e7 b1a3 h7h6 h4h5 g8f6
6187,h2h3 g8f6 b2b4 h8g8 d2d3 d7d6 a2a4 b7b6 e2e3 g7g5 g1f3 c8e6
6188,a2a4 f7f5 b1c3 h7h5 a1a2 b7b6 g2g3 f5f4 g3f4 e7e5 c3b5 a7a6
6189,g2g3 d7d6 b2b4 b7b6 d2d4 e8d7 e2e3 f7f5 g1f3 a7a6 f1a6 f5f4
6190,h2h4 e7e5 d2d4 f8b4 b1c3 c7c6 e2e4 a7a5 e1e2 d7d5 a2a4 f7f5
6191,g2g3 d7d6 b2b4 h7h6 d2d4 c8g4 g1h3 f7f6 h3f4 e8d7 e2e3 h6h5
6192,h2h3 g8f6 b2b4 h8g8 f2f3 d7d6 g2g3 b7b6 h3h4 c7c6 b4b5 c8h3
6193,g2g3 h7h5 b1c3 e7e5 f2f3 g7g6 f1h3 b7b6 c3a4 g8f6 b2b4 e5e4
6194,a2a4 a7a6 b1c3 h7h5 g2g4 h8h6 f2f4 f7f5 e1f2 e7e6 c3d5 b7b6
6195,a2a4 e7e6 a1a2 b7b6 b1a3 e8e7 c2c3 a7a6 f2f4 c8b7 d2d4 d7d5
6196,g1f3 d7d5 h1g1 f7f5 g2g3 g7g5 b1a3 f8h6 d2d4 g5g4 a3b5 c7c6
6197,e2e3 a7a6 f1d3 b7b6 e3e4 a6a5 c2c3 c7c5 g1f3 a8a7 e4e5 f7f6
6198,e2e3 a7a6 e3e4 a6a5 g2g4 b8a6 g1f3 a6b4 h2h3 a8a6 h1g1 g8h6
6199,e2e4 f7f5 e4f5 c7c5 b2b4 e7e6 b4c5 e8e7 f2f4 a7a6 g2g4 d8a5
6200,g1h3 b7b5 d2d4 c8a6 c1g5 h7h6 b2b3 g8f6 g2g3 g7g6 e1d2 d7d5
6201,e2e4 a7a5 f2f3 g7g6 b2b3 b7b6 h2h4 d7d6 e1e2 g8h6 a2a4 c8a6
6202,a2a4 g8h6 g1f3 g7g6 a1a2 b7b6 c2c4 c7c5 d2d4 f7f6 e2e3 g6g5
6203,h2h3 g8f6 e2e3 a7a6 d2d3 a6a5 g2g4 g7g5 b2b4 a8a7 c2c4 h8g8
6204,b2b4 g7g6 a2a3 h7h5 d2d4 e7e5 g1f3 e5d4 f3d4 g8f6 h2h3 d7d6
6205,e2e4 d7d5 e4d5 f7f5 f1d3 e7e5 g1f3 g7g5 g2g3 g8f6 b2b4 c8d7
6206,e2e4 a7a5 g2g4 a8a7 c2c3 e7e5 f2f4 h7h6 d2d4 d7d6 d1d3 d8h4
6207,a2a4 e7e6 e2e3 b8c6 e1e2 b7b6 b2b3 g7g6 g1f3 d7d5 a4a5 d5d4
6208,d2d4 h7h5 a2a4 f7f5 f2f3 c7c6 a1a3 d7d5 a4a5 e7e5 g2g3 g8e7
6209,a2a4 e7e6 g1h3 d7d5 a1a2 g8f6 e2e3 a7a6 e3e4 a8a7 b2b4 c7c5
6210,d2d3 a7a5 g1f3 b8c6 d3d4 a8a6 c2c3 f7f6 e2e3 e7e5 f1e2 e5d4
6211,e2e4 a7a5 g2g4 d7d5 c2c3 d5e4 d1f3 g8f6 f3f6 a8a6 f6f4 f7f6
6212,a2a4 c7c6 b2b3 d8c7 g2g3 f7f5 c1b2 f5f4 b2f6 h7h6 a4a5 h8h7
6213,e2e4 e7e6 e4e5 h7h6 h2h3 c7c5 g1f3 f7f6 c2c4 a7a5 d2d3 a8a6
6214,e2e4 a7a5 h2h3 g8h6 c2c3 c7c5 g1f3 h6f5 e4f5 d7d6 f1d3 e7e6
6215,g1h3 d7d5 c2c3 g8f6 g2g4 c7c5 f2f4 d5d4 h3g1 e7e6 d2d3 f6g4
6216,g2g3 d7d6 b2b3 c7c6 d2d4 c8d7 e2e3 f7f5 f2f4 g8h6 e1d2 d8a5
6217,g1h3 d7d5 d2d4 g8f6 h3g1 e8d7 b1c3 b8c6 b2b3 c6a5 f2f3 f6e4
6218,e2e4 a7a5 g1e2 e7e5 d2d4 a8a7 h1g1 b8c6 g2g3 f7f5 f2f4 e5f4
6219,e2e3 f7f5 c2c4 d7d5 g1e2 e7e5 e2g1 f5f4 h2h3 e8d7 b1c3 f8b4
6220,g1h3 d7d5 d2d4 a7a6 h1g1 g8f6 b1a3 f6g4 g2g3 e7e6 b2b3 g7g6
6221,h2h3 g7g6 d2d3 a7a5 b1a3 g8h6 f2f4 c7c5 d3d4 d7d5 g2g3 h8g8
6222,d2d4 b8c6 c1g5 c6a5 a2a3 a5c6 b2b3 f7f6 g5e3 c6d4 g1h3 d4b3
6223,e2e4 a7a5 h2h3 a8a6 e1e2 e7e5 a2a4 g8h6 d2d3 b7b5 d3d4 b8c6
6224,a2a4 g8h6 d2d3 b7b5 h2h3 a7a5 c2c4 h8g8 b2b4 d7d5 c1e3 g7g5
6225,d2d4 f7f5 f2f4 g8h6 h2h4 d7d6 a2a4 a7a5 e2e3 b7b5 b2b4 a8a7
6226,d2d4 b8c6 c1d2 a7a5 g1h3 c6b4 d2g5 f7f6 a2a4 c7c6 g2g4 a8a7
6227,f2f4 e7e5 c2c4 b8c6 c4c5 f8e7 a2a4 c6d4 e2e3 a7a5 h2h4 e5f4
6228,a2a4 b8a6 e2e3 b7b5 f1b5 h7h6 a1a2 g7g5 f2f3 a8b8 e3e4 h8h7
6229,g1f3 e7e5 a2a4 a7a5 f3e5 e8e7 a1a2 a8a7 f2f4 h7h5 e2e3 d8e8
6230,h2h4 b8a6 d2d4 g7g5 e2e4 f8h6 b1a3 f7f6 f1b5 e8f8 h4g5 a6c5
6231,f2f4 e7e5 c2c4 b8c6 e1f2 b7b5 f4e5 b5b4 d2d3 g7g5 d1a4 c6a5
6232,g1h3 h7h5 d2d3 d7d5 h1g1 a7a5 b2b3 g8f6 b3b4 a8a6 f2f3 g7g6
6233,g1f3 b7b5 e2e4 c8b7 c2c3 e7e6 f3e5 b7d5 d1e2 g8f6 a2a4 d5a2
6234,a2a4 e7e6 b2b4 f7f5 e2e3 d8e7 c2c3 f5f4 g2g4 c7c5 h2h3 e6e5
6235,a2a4 g8h6 c2c4 a7a5 g2g3 f7f5 b1c3 e8f7 b2b3 b8c6 c1a3 a8a7
6236,a2a4 a7a6 b1a3 b7b5 b2b4 g7g6 d2d4 e7e5 a4a5 e5d4 h2h3 c8b7
6237,e2e3 g8f6 b2b4 f6e4 d2d3 b8c6 e1e2 c6b4 a2a4 e4c3 e2d2 c7c5
6238,b2b4 g7g6 h2h4 b7b6 d2d4 g6g5 c1g5 c7c5 g2g3 b8a6 c2c4 f8g7
6239,e2e3 a7a6 f1d3 b7b6 d3a6 b8c6 d2d3 c8b7 a6b7 c6b4 a2a3 a8a7
6240,g2g4 e7e5 g4g5 a7a5 b2b4 f8b4 f1g2 a8a6 e1f1 a6a7 e2e3 b8a6
6241,b2b4 d7d5 g2g3 c8d7 b1c3 c7c6 g3g4 f7f5 f2f4 e7e5 f4e5 d8h4
6242,g2g4 e7e5 a2a4 e5e4 a1a3 g7g6 a3a2 c7c6 g1f3 e4f3 e2f3 d7d5
6243,g1h3 h7h5 d2d3 g8f6 h3g1 e7e5 f2f4 e5e4 a2a3 c7c5 f4f5 b7b5
6244,d2d4 b8c6 c1g5 c6a5 g1h3 g8f6 g2g3 a8b8 e2e4 d7d6 c2c3 c8g4
6245,e2e4 h7h5 e4e5 g8f6 f1b5 h8g8 g1f3 f6h7 e5e6 h7f6 f3e5 c7c6
6246,e2e4 a7a5 h2h3 g8h6 g1e2 g7g5 d2d4 h6g4 f2f4 h7h5 c2c4 f7f5
6247,g1f3 h7h6 d2d3 e7e6 g2g4 d7d5 c1f4 f7f5 e2e3 e6e5 e1d2 e8e7
6248,g1f3 e7e5 f3h4 g8f6 h1g1 e5e4 g2g3 g7g6 d2d3 f8g7 c1g5 c7c6
6249,b1a3 g8f6 g1f3 e7e5 g2g4 f6e4 a3c4 h7h6 b2b3 d7d5 c1a3 e4f2
6250,f2f4 e7e5 c2c4 b8c6 d2d3 a7a5 d1d2 a8a6 a2a3 e5f4 c4c5 f7f6
6251,g2g4 b7b6 b2b3 b8c6 f1g2 c8a6 g2c6 g8h6 c2c4 a6b7 a2a4 e7e6
6252,g1f3 d7d5 h1g1 f7f5 d2d3 c7c6 e2e3 g7g5 c2c4 d8d7 f3g5 e7e6
6253,b1c3 b7b6 a2a4 g7g6 h2h4 f8h6 e2e4 e8f8 a1a2 d8e8 c3b5 b8a6
6254,h2h4 e7e5 e2e3 f8b4 e1e2 b4c3 b2b4 c7c6 d2d3 g8e7 c1a3 c3b4
6255,e2e4 a7a5 e4e5 a8a7 c2c3 a5a4 g1f3 e7e6 h1g1 g7g5 g2g4 g8h6
6256,e2e3 e7e5 d2d4 f8b4 e1e2 b8a6 b1a3 c7c6 g1f3 h7h6 d4e5 g7g5
6257,e2e3 e7e5 f1a6 e5e4 g2g4 c7c6 c2c4 h7h5 a6b7 g8f6 e1e2 h5g4
6258,e2e3 h7h6 h2h3 g7g6 f1b5 g6g5 b5d3 h8h7 e3e4 d7d5 d3f1 e7e6
6259,g1f3 g7g5 g2g4 g8f6 e2e4 h8g8 e1e2 f6e4 b2b4 c7c6 h2h4 d7d6
6260,a2a4 e7e6 b1c3 b7b6 c3b5 b8c6 d2d3 e8e7 a1a2 a7a6 c1e3 a6b5
6261,e2e3 g8f6 a2a3 h8g8 a3a4 a7a5 g2g3 f6e4 d2d4 e7e5 b2b4 a8a7
6262,d2d3 e7e5 h2h3 a7a5 a2a4 e8e7 c1g5 e7e8 c2c4 f7f5 b2b4 f8b4
6263,e2e3 g8f6 h2h4 f6e4 d2d3 e7e5 c2c4 f8d6 d3e4 b7b5 c4c5 c8a6
6264,a2a4 e7e6 h2h3 b7b6 d2d3 b8a6 c1e3 c7c6 b2b4 h7h5 c2c4 f7f5
6265,h2h4 f7f6 d2d4 a7a5 b1c3 a8a6 f2f4 h7h5 a2a4 a6c6 c3d5 e8f7
6266,a2a3 b8c6 f2f4 b7b6 d2d3 a7a5 c1d2 c6d4 f4f5 h7h6 d2h6 c7c5
6267,e2e4 a7a5 g2g4 h7h6 g1h3 c7c5 a2a3 d7d6 f2f4 g8f6 f1d3 e7e5
6268,e2e3 g7g5 e3e4 a7a5 a2a4 b7b5 f1b5 g8h6 b5a6 h8g8 b2b3 h6f5
6269,a2a4 e7e6 h2h3 b7b6 g2g4 c8b7 b2b4 b8c6 d2d3 g7g6 c1g5 f8g7
6270,e2e3 a7a6 f1a6 g8h6 g1e2 g7g6 e1g1 h8g8 b2b3 b7a6 a2a4 g6g5
6271,b2b3 d7d6 c1b2 a7a5 h2h3 c8e6 g2g4 e6c4 b1a3 c4b3 h3h4 a8a6
6272,e2e4 c7c6 e4e5 d7d6 g1e2 c8g4 e5d6 e7e5 c2c3 h7h5 h2h4 e5e4
6273,a2a3 f7f6 g2g4 b8c6 b2b3 b7b6 f1g2 g7g5 c2c3 f8h6 e1f1 c6a5
6274,e2e4 a7a5 f2f3 b7b5 a2a3 d7d6 g1h3 e8d7 h3f4 g8f6 f1d3 c8a6
6275,h2h3 h7h6 g2g3 g7g6 h3h4 e7e5 h1h3 g8e7 f1g2 c7c6 b2b4 e5e4
6276,g1f3 d7d5 b1c3 b7b6 d2d4 g7g6 a2a3 g8h6 c3b5 c8g4 b5d6 e8d7
6277,g1f3 d7d5 g2g3 g7g5 h1g1 c8g4 d2d4 f8g7 f3g5 f7f6 g5e4 e8f7
6278,e2e3 a7a6 f1a6 b7a6 d2d3 a6a5 b2b4 a8a6 g2g3 c7c5 e1d2 b8c6
6279,b2b3 h7h6 e2e4 d7d6 e1e2 a7a5 b1a3 b7b5 c2c3 e8d7 d2d3 a8a7
6280,e2e4 a7a5 f2f3 h7h6 a2a4 b7b5 e1e2 g7g5 a1a2 h8h7 h2h3 b5a4
6281,b2b3 a7a5 g1h3 e7e5 g2g3 d7d5 h3g1 e8e7 b1c3 g7g5 c3d5 e7e6
6282,g1f3 d7d5 h1g1 e7e5 d2d3 a7a5 g2g3 g7g5 c1g5 d5d4 a2a4 f8g7
6283,b1c3 b7b6 b2b3 g8f6 g2g4 g7g5 c3e4 f6g4 f1g2 f7f6 f2f4 c8b7
6284,h2h4 g7g5 f2f4 f8h6 e1f2 f7f6 c2c3 e8f7 g2g4 c7c6 h4h5 g5f4
6285,e2e4 e7e6 h2h3 g7g5 e1e2 g8h6 e4e5 e8e7 a2a4 b7b5 g1f3 b5a4
6286,e2e4 e7e6 h2h4 d7d5 d2d4 d5e4 g1f3 a7a6 e1e2 f7f6 g2g4 f8c5
6287,e2e4 e7e6 f2f4 d8h4 e1e2 h4d8 e4e5 f7f5 c2c3 f8b4 d2d4 c7c6
6288,g1f3 f7f5 e2e4 a7a6 f3g1 b8c6 f1a6 a8a6 c2c3 c6b4 c3b4 f5f4
6289,e2e4 a7a5 g2g4 a8a6 c2c3 e7e5 d1a4 h7h6 a4d4 b8c6 d4d5 c6b4
6290,e2e3 a7a6 d2d3 a8a7 c2c4 b8c6 d3d4 e7e5 d4e5 c6b4 b1d2 d7d6
6291,h2h3 f7f6 b2b3 c7c6 f2f3 e8f7 g2g3 h7h5 h3h4 d7d6 b1a3 f6f5
6292,e2e4 a7a5 d1h5 g8h6 g2g4 g7g5 a2a3 h8g8 g1f3 b8a6 f3g1 c7c6
6293,g1h3 b8a6 e2e3 b7b5 e1e2 g7g5 b1c3 g8h6 b2b3 b5b4 c1b2 e7e5
6294,g2g4 g8h6 a2a3 a7a5 f1g2 h8g8 a1a2 g7g5 b2b3 c7c5 a2b2 d7d6
6295,e2e4 g8h6 h2h3 b7b6 g1e2 g7g5 g2g3 c8b7 a2a4 f8g7 d2d4 e8g8
6296,h2h4 a7a6 f2f3 e7e6 g1h3 f8a3 b2b4 e8e7 c1a3 d7d6 g2g3 c7c6
6297,e2e4 a7a5 g2g4 b7b5 g1f3 b8c6 f1d3 f7f6 e4e5 c6b4 e5f6 e7f6
6298,g1h3 a7a6 d2d3 f7f6 c2c4 d7d6 g2g4 e7e5 c1d2 e8f7 d2a5 f7e6
6299,e2e4 a7a5 g2g4 d7d5 e4d5 e7e5 d1e2 c8g4 a2a4 b7b6 e2d3 e8e7
6300,a2a4 b8a6 g2g3 b7b5 b2b3 c8b7 a4b5 d7d6 a1a6 h7h6 d2d4 b7a6
6301,h2h4 e7e5 a2a4 e5e4 g1f3 b7b5 a1a2 e4f3 b1a3 b5b4 h4h5 g7g5
6302,e2e4 e7e6 h2h4 a7a5 f1b5 g8h6 b5c6 e6e5 c2c3 h8g8 f2f3 f8d6
6303,d2d4 h7h6 g2g3 d7d6 a2a4 c8g4 g1h3 f7f6 c1d2 c7c6 b2b3 g4e2
6304,f2f4 e7e5 c2c4 b8c6 g1f3 g8f6 f3e5 a7a5 d2d3 c6d4 g2g3 h7h5
6305,g1f3 e7e5 e2e4 f8b4 e1e2 e8e7 d2d4 b8a6 d4d5 b4a5 d5d6 e7e8
6306,b1c3 g7g5 a2a4 e7e5 a1a3 b7b6 c3b5 b8c6 g1h3 e8e7 d2d3 a7a5
6307,g1f3 h7h6 g2g4 d7d5 e2e3 c8g4 c2c3 b8c6 e1e2 d8d6 h2h3 a8b8
6308,e2e4 a7a5 h2h3 g8h6 g1f3 g7g5 e4e5 h8g8 d2d3 g5g4 b2b3 d7d5
6309,e2e3 a7a6 f2f4 e7e5 b2b3 d7d5 f4e5 b7b5 c2c4 g8e7 d2d4 h7h5
6310,h2h3 b8c6 g2g4 a8b8 c2c4 b7b6 a2a4 c6a5 f2f4 e7e5 f4f5 f8b4
6311,b2b4 h7h6 g2g3 b7b6 e2e4 b6b5 g1f3 e7e6 e4e5 g7g5 d2d3 c8b7
6312,d2d3 e7e6 a2a4 f8e7 g1f3 h7h6 b2b4 b8c6 e2e3 b7b5 e1e2 g7g5
6313,e2e4 e7e6 h2h4 d7d5 b2b4 a7a5 b4a5 g8f6 e4d5 a8a7 g2g4 f6d5
6314,e2e3 g8f6 d2d3 e7e5 c2c4 e5e4 f2f3 f8b4 e1e2 c7c6 f3e4 b4c3
6315,g2g4 f7f5 b2b3 c7c5 f2f4 f5g4 c2c4 g7g5 f4g5 b7b6 g1h3 c8a6
6316,e2e4 e7e6 h2h4 g8f6 a2a4 d7d6 c2c4 d6d5 a1a2 f8e7 e4d5 h8f8
6317,e2e4 a7a5 g2g4 c7c5 b1a3 f7f6 f2f4 b7b6 e1e2 b8a6 f1g2 a6c7
6318,e2e3 e7e5 g2g4 a7a5 f1g2 e5e4 g2e4 b7b6 d2d3 c8b7 e4c6 b8c6
6319,e2e4 a7a5 a2a4 b8a6 e1e2 f7f5 b1c3 h7h5 f2f3 h8h7 b2b3 h5h4
6320,e2e3 a7a6 f1d3 a6a5 d3a6 g7g5 d2d3 d7d5 b1c3 e7e5 b2b3 e8e7
6321,e2e4 a7a5 h2h3 g8h6 a2a4 b7b5 a1a2 g7g5 g1f3 c7c5 d2d4 h8g8
6322,h2h3 h7h5 e2e3 g7g5 d2d4 f7f5 f2f4 e8f7 e1e2 g8f6 g2g4 f6e8
6323,b2b4 g8f6 g2g3 g7g6 h2h4 e7e5 e2e3 f8b4 e1e2 h8g8 c1b2 f6d5
6324,e2e3 a7a6 d2d3 a8a7 b2b3 f7f6 c2c3 e7e6 e1e2 d7d5 f2f4 e8e7
6325,a2a3 a7a5 e2e3 b8c6 f1b5 c6d4 b5c6 h7h6 e3d4 a8a6 b2b3 f7f6
6326,e2e3 a7a5 b1a3 a8a7 f2f4 h7h5 f1d3 d7d6 g2g3 f7f6 b2b3 e8d7
6327,e2e4 d7d5 e4d5 g8f6 c2c3 e7e6 g2g4 f8a3 e1e2 c7c5 f1g2 h7h6
6328,e2e4 e7e6 h2h4 d7d5 e4d5 e8e7 g1f3 f7f6 d5e6 a7a5 d1e2 f6f5
6329,b1a3 e7e6 b2b3 f8d6 a3b5 b8a6 g2g3 h7h6 h2h3 h8h7 e2e3 f7f6
6330,g1f3 a7a5 a2a3 e7e5 g2g4 d7d5 d2d4 f8d6 f3g5 f7f6 e2e4 b8c6
6331,a2a4 f7f5 g1h3 d7d5 f2f4 h7h5 e1f2 e7e5 a4a5 g7g6 a1a3 h8h6
6332,a2a4 f7f5 a1a3 b7b6 c2c4 e8f7 c4c5 g7g6 d2d3 h7h5 e2e4 g6g5
6333,e2e4 a7a5 g2g4 h7h6 f1c4 f7f6 c2c3 a8a7 f2f4 h6h5 c4e6 a5a4
6334,e2e4 e7e6 h2h3 g8h6 d1g4 d7d5 g4h5 d5d4 g1f3 h6f5 h5f5 f8b4
6335,b2b4 d7d5 f2f3 h7h6 e2e4 e7e5 e4d5 a7a5 b1c3 d8d7 g2g3 c7c5
6336,a2a4 d7d5 b1c3 c7c6 h2h4 e7e6 d2d4 f7f6 c1h6 c8d7 g2g3 e8e7
6337,g1h3 b7b5 b2b4 g8f6 d2d4 d7d5 g2g4 e7e6 c2c4 b5c4 g4g5 f8d6
6338,e2e3 f7f5 e3e4 h7h5 e4e5 e8f7 c2c3 a7a6 f1b5 a6b5 g1f3 a8a2
6339,a2a4 e7e6 h2h3 b7b6 f2f4 c7c6 b1a3 f8a3 c2c4 g7g6 d2d3 h7h5
6340,d2d4 h7h5 a2a4 d7d5 f2f3 g7g6 h2h4 e8d7 e2e4 d7d6 c2c3 b8c6
6341,e2e3 a7a6 f1d3 a6a5 d3f5 h7h6 d2d4 g7g5 f5e6 c7c5 g1f3 d7d6
6342,b1c3 c7c6 a2a3 f7f6 e2e3 g8h6 c3e4 h6f7 e1e2 h8g8 e2f3 g7g6
6343,e2e4 a7a5 f1d3 a8a6 f2f3 g7g6 g2g3 g6g5 b2b4 g8h6 c1a3 b7b5
6344,g1h3 e7e6 d2d4 h7h6 g2g3 f7f5 h1g1 c7c5 g3g4 g7g5 g4f5 e6f5
6345,a2a3 f7f5 b2b3 d7d6 d2d3 c7c5 f2f4 g7g6 e2e3 c8d7 c2c4 b8c6
6346,g1h3 g7g6 d2d4 b7b5 f2f4 a7a6 g2g3 h7h5 a2a3 d7d5 f1g2 e7e5
6347,g2g3 d7d6 b2b3 a7a5 b1a3 b7b5 f2f3 h7h6 f1h3 e7e6 c2c4 g7g6
6348,e2e4 e7e6 h2h3 d7d5 e4e5 b7b6 e1e2 g7g6 g1f3 a7a5 a2a4 d5d4
6349,g1f3 e7e6 f3e5 d7d6 a2a4 g7g6 e2e4 f7f5 h2h4 f5e4 e1e2 c7c5
6350,e2e3 f7f5 e3e4 h7h5 e4f5 e8f7 f1b5 c7c6 e1e2 e7e6 b1c3 f8d6
6351,h2h4 g8f6 g2g3 e7e5 h1h2 c7c6 g1h3 e8e7 d2d4 g7g5 e2e4 f6e4
6352,g1f3 e7e5 f3h4 g8f6 b2b3 c7c6 g2g3 e5e4 c1b2 f8b4 b2f6 b8a6
6353,e2e4 a7a5 g2g4 f7f6 b1c3 a8a6 f2f4 h7h5 e1e2 h5h4 h2h3 b8c6
6354,g1f3 d7d5 h1g1 g7g5 g2g3 f7f5 h2h4 e8f7 a2a4 d5d4 a1a3 f8g7
6355,a2a4 e7e6 h2h3 b7b6 g2g4 c7c6 e2e4 c8a6 b2b4 c6c5 f1b5 g8h6
6356,g1h3 g8f6 b2b3 b7b5 d2d4 c7c5 g2g3 d7d5 c2c4 f6g4 d4c5 a7a5
6357,e2e3 b7b5 d2d3 g7g6 c2c4 c7c5 e1e2 g8f6 g1f3 g6g5 b2b4 b8a6
6358,g1f3 e7e5 e2e3 e8e7 d2d4 a7a5 b2b4 b7b5 f1b5 g7g5 g2g4 h7h6
6359,a2a4 f7f5 b1c3 h7h5 a1a3 h8h7 h2h3 b8a6 f2f3 b7b6 d2d4 h5h4
6360,f2f4 e7e5 e2e3 e5f4 b2b4 f8c5 e1f2 c5d6 c1b2 b7b5 a2a3 a7a6
6361,e2e4 a7a5 h2h3 g7g6 g2g4 h7h6 g1e2 a8a6 g4g5 d7d6 a2a4 b8d7
6362,g1h3 e7e6 h1g1 g7g5 g2g4 c7c5 b2b3 g8h6 d2d4 e6e5 c1g5 b7b6
6363,d2d4 a7a6 f2f4 f7f5 h2h4 h7h6 c2c3 g7g5 e2e3 a8a7 d1h5
6364,g1f3 e7e5 e2e3 a7a5 f3g1 h7h5 g2g4 f8a3 g1h3 f7f6 f1d3 d7d6
6365,g1f3 e7e5 f3e5 g8f6 e2e3 b7b5 a2a3 d7d5 e5f7 a7a6 f7h8 f6e4
6366,e2e3 d7d5 c2c3 g8f6 g2g4 f6e4 e1e2 g7g5 f2f4 g5f4 e3f4 e7e5
6367,e2e3 a7a6 f1a6 b7b5 h2h4 c7c5 b1a3 f7f6 c2c4 c8a6 f2f3 e7e6
6368,e2e3 d7d5 d1h5 e7e6 f1e2 e8d7 f2f3 f7f6 b2b4 b8c6 b1c3 d5d4
6369,g1f3 f7f5 b2b4 d7d5 h1g1 b7b6 d2d3 e7e6 c1h6 f5f4 f3e5 g7g6
6370,g1h3 b7b5 b2b3 a7a6 g2g4 d7d5 c2c4 g7g6 b1a3 e7e6 h3g5 e8e7
6371,e2e4 d7d5 f1b5 c8d7 e4d5 e7e6 b1a3 e8e7 h2h4 f7f6 a1b1 d7c8
6372,e2e4 a7a5 g2g4 f7f6 c2c3 a8a7 f2f4 h7h6 h2h3 c7c5 d1c2 b8a6
6373,g1f3 e7e5 f3h4 g8e7 a2a4 b8c6 b1a3 h8g8 f2f4 g7g6 e2e3 d7d5
6374,a2a4 e7e6 h2h3 b7b6 b2b4 e8e7 d2d4 b8c6 e2e4 e6e5 d4d5 d7d6
6375,g1h3 f7f5 h1g1 g7g5 e2e4 f8g7 d1h5 e8f8 h5f7 f8f7 c2c4 g5g4
6376,e2e4 e7e6 f1a6 f8a3 g2g4 d7d5 c2c3 b7a6 f2f3 a3b4 f3f4 d8f6
6377,g1h3 h7h5 g2g4 g7g6 e2e4 b7b5 f1b5 e7e6 c2c3 c8a6 h3g1 e8e7
6378,g1f3 a7a6 e2e4 f7f5 f1a6 b8a6 e4f5 h7h5 c2c3 c7c5 f3e5 d7d6
6379,g1h3 d7d5 h1g1 g8f6 g2g3 d8d7 g1g2 b7b5 d2d4 d7h3 c1g5 e7e5
6380,b2b4 h7h6 d2d3 b8c6 g1f3 e7e6 h1g1 g7g6 c1g5 b7b5 b1c3 d7d5
6381,e2e4 g8h6 g1f3 b7b6 d2d4 c8b7 a2a4 e7e6 e1e2 e8e7 f3g1 e7f6
6382,a2a4 e7e6 e2e3 c7c6 a4a5 b7b6 a1a4 f7f6 g1f3 c8b7 e1e2 b6a5
6383,g1h3 d7d5 d2d4 g8f6 h1g1 a7a6 b1a3 a8a7 g2g3 g7g6 c1g5 b8c6
6384,b2b4 h7h5 d2d3 b7b5 e1d2 f7f6 g1f3 g7g5 f3e5 e7e6 c2c3 e8e7
6385,e2e4 a7a5 f1a6 g8h6 b1c3 b7a6 h2h3 c8b7 b2b3 h6g4 g2g3 f7f6
6386,g1f3 e7e5 d2d4 a7a5 e2e4 d7d5 d4e5 f7f6 d1d5 f6e5 d5e5 e8d7
6387,f2f4 g7g6 a2a3 b7b6 d2d3 b8a6 c1d2 g6g5 f4f5 f8h6 d2c3 b6b5
6388,b2b4 a7a6 f2f3 b7b5 g2g3 g7g5 h2h4 f8g7 e1f2 h7h5 c1b2 a8a7
6389,b2b4 h7h6 e2e4 b8a6 h2h3 a6b8 e4e5 b7b6 c1a3 c7c5 g1f3 b8a6
6390,g1h3 b7b5 c2c4 d7d5 b1a3 g8f6 f2f4 b5c4 a3c2 e7e5 g2g4 f8d6
6391,e2e4 e7e6 f1a6 f8a3 d2d3 b7b5 b2a3 c8a6 e1d2 e8e7 e4e5 f7f5
6392,g2g4 d7d5 b1a3 d8d7 d2d4 a7a5 g4g5 a5a4 g1h3 a8a5 c1e3 d7h3
6393,g1f3 e7e5 d2d4 f8b4 d1d2 b8c6 e2e4 e5d4 b1c3 g8f6 c3e2 b4d2
6394,b2b4 g8f6 e2e3 g7g6 g2g4 h7h5 d2d3 h8g8 b4b5 d7d6 b1c3 a7a5
6395,g1f3 e7e5 g2g3 a7a5 a2a4 e8e7 b2b4 g7g5 d2d4 c7c5 c2c4 e5e4
6396,e2e3 g8f6 d2d3 d7d5 b2b4 b8c6 c1d2 c6b4 h2h4 a7a6 g2g4 a8a7
6397,a2a4 b8a6 h2h4 g7g5 e2e3 b7b5 g2g3 f8g7 a1a2 e8f8 b2b3 d7d5
6398,f2f3 e7e6 g1h3 c7c5 b2b4 d7d5 b4b5 g8h6 g2g3 d5d4 f1g2 b7b6
6399,g1f3 d7d5 h1g1 g8f6 g2g4 c7c6 d2d4 e7e6 e2e4 d5e4 d4d5 e4f3
6400,a2a4 e7e6 h2h3 b7b6 b2b4 f8b4 g2g4 c8b7 c2c4 e8e7 h1h2 e7f8
6401,e2e3 b7b5 a2a3 h7h6 e1e2 h8h7 g1f3 b5b4 b2b3 g7g5 c2c3 b4c3
6402,d2d3 a7a6 c2c4 e7e6 f2f3 g8f6 h2h4 c7c5 b2b4 d7d5 c4d5 h8g8
6403,h2h3 a7a6 a2a4 g8f6 e2e4 g7g5 e1e2 h7h5 g2g3 e7e5 d2d4 e5d4
6404,e2e3 b7b5 a2a3 c7c5 e1e2 g7g5 b1c3 b5b4 g1h3 g8h6 h3g5 b4c3
6405,f2f4 e7e5 h2h4 c7c6 c2c4 h7h6 e2e3 e5f4 d2d3 f7f6 h1h3 g7g5
6406,e2e4 e7e6 a2a4 h7h6 h2h3 b7b5 e1e2 f8a3 e4e5 d7d6 b2a3 a7a6
6407,b2b4 h7h5 d2d3 b7b5 g2g4 h5g4 d3d4 g7g6 g1h3 f7f6 f1g2 f8g7
6408,g1h3 a7a6 e2e4 d7d6 f1d3 a6a5 g2g4 c8g4 b2b4 g4e2 d1e2 h7h6
6409,g1f3 e7e5 f3e5 d7d5 b2b4 g8f6 e2e3 f8b4 e1e2 a7a5 c1b2 b7b5
6410,b1c3 f7f6 h2h3 b7b6 a2a4 b8a6 d2d3 c7c6 e2e4 f6f5 d3d4 d8c7
6411,b2b4 b7b6 c2c3 b8a6 d2d3 g8f6 g1f3 g7g6 c1a3 h7h5 g2g3 a8b8
6412,e2e4 e7e6 h2h3 d7d5 e4e5 a7a6 b2b4 b7b5 e1e2 e8e7 b1c3 g8h6
6413,g2g4 b7b5 b1c3 d7d6 a1b1 c8a6 c3d5 f7f6 b2b3 g8h6 f1g2 c7c5
6414,g1h3 a7a6 f2f3 d7d6 g2g3 f7f5 b2b4 c7c6 b4b5 a6b5 g3g4 a8a2
6415,e2e3 b7b5 b1c3 f7f6 f1d3 c7c6 f2f3 e7e6 g1h3 f8d6 e1e2 g7g6
6416,h2h3 g8f6 b2b4 d7d6 e2e4 h8g8 a2a4 c7c6 e1e2 c8d7 g2g4 g7g6
6417,h2h3 g7g6 e2e4 d7d5 e1e2 e7e5 a2a4 d5e4 f2f3 c8f5 f3e4 g8f6
6418,d2d3 a7a5 c1f4 d7d6 c2c3 c7c5 f2f3 f7f5 h2h3 g8h6 d1d2 d8d7
6419,e2e3 b7b6 f1a6 b6b5 b1c3 h7h6 b2b3 d7d6 e1e2 c8a6 c1a3 h8h7
6420,b2b4 a7a6 g1f3 e7e6 a2a3 f7f5 e2e3 d7d6 e1e2 f5f4 c1b2 a8a7
6421,h2h4 a7a6 f2f4 f7f5 b2b3 c7c6 e1f2 d7d6 g2g4 d8d7 f1g2 f5g4
6422,e2e3 a7a5 b1c3 e7e5 b2b3 g7g5 f1e2 a5a4 c3b5 e8e7 g2g4 c7c6
6423,c2c4 b8c6 f2f4 f7f5 e2e3 a7a5 b2b3 d7d5 c4d5 e7e5 b1c3 e5f4
6424,e2e4 d7d5 f1b5 b8c6 c2c3 a7a6 f2f3 a6b5 e1e2 c6b4 c3b4 g8h6
6425,d2d4 b8a6 g1h3 b7b6 e1d2 f7f6 b2b3 a8b8 d4d5 b6b5 e2e3 d7d6
6426,e2e4 a7a5 h2h3 g7g6 e4e5 b7b6 c2c3 f7f6 e5f6 c8b7 f2f4 e7f6
6427,a2a4 b7b5 b2b4 a7a6 a1a2 f7f5 a4b5 d7d6 b1a3 c7c6 g2g4 c6b5
6428,h2h4 d7d5 g1h3 e7e6 d2d4 f7f6 g2g3 g7g5 b2b4 h7h5 e2e3 a7a6
6429,g2g4 d7d5 h2h4 g7g5 f2f3 e7e6 b1a3 e8d7 b2b4 c7c5 b4c5 d5d4
6430,g1f3 e7e6 e2e4 f8c5 e4e5 e8e7 b2b3 c5b4 g2g3 b8a6 h1g1 g7g5
6431,h2h4 b8a6 a2a3 b7b6 g2g4 c7c5 b2b3 g8h6 d2d4 d7d6 h4h5 a8b8
6432,e2e4 e7e6 f1b5 e8e7 f2f3 f7f5 c2c3 f5e4 b5e2 a7a6 f3e4 g8h6
6433,c2c3 g8f6 e2e4 e7e5 g1e2 e8e7 h1g1 b8c6 g2g4 g7g5 f2f4 e5f4
6434,e2e4 a7a5 g2g4 a8a7 a2a4 f7f6 e1e2 e8f7 g1h3 g8h6 f1g2 e7e5
6435,g2g4 b8a6 g1h3 b7b6 b2b3 c7c5 c2c4 g7g5 b1c3 g8h6 c1a3 h6g4
6436,g2g3 a7a6 f2f3 f7f5 b2b3 d7d6 g1h3 a6a5 c2c3 e7e5 h1g1 f8e7
6437,g2g3 d7d6 f1g2 c7c6 b1a3 f7f5 b2b3 g8f6 g2e4 f5e4 h2h4 e7e5
6438,e2e4 a7a5 g2g4 a8a6 f2f4 h7h5 f1d3 f7f6 b1a3 h8h6 g1f3 h6h8
6439,g1h3 d7d5 h1g1 h7h5 a2a4 b7b5 d2d4 g7g6 a4a5 g8h6 c1d2 c7c5
6440,d2d4 h7h5 a2a4 d7d5 e2e3 a7a6 c2c4 g8f6 f2f4 g7g6 h2h4 e7e6
6441,h2h4 b8a6 f2f4 e7e5 h1h2 e5f4 c2c3 c7c6 e2e3 a6c7 f1d3 g7g5
6442,a2a4 f7f5 f2f4 h7h5 h2h4 b8c6 e2e3 g7g5 f4g5 a8b8 e3e4 e8f7
6443,g2g4 b8a6 e2e4 f7f6 c2c3 c7c5 g1e2 b7b6 d2d3 g7g6 d1d2 g8h6
6444,e2e4 a7a5 h2h3 b7b5 d1e2 g7g6 g2g3 g8h6 b2b3 h8g8 g3g4 d7d5
6445,e2e4 a7a5 h2h3 g7g6 g1e2 b7b5 g2g3 c7c5 c2c4 h7h5 b1c3 e7e5
6446,g2g4 b8a6 e2e4 b7b5 f1g2 a6c5 b1c3 c8a6 e1e2 b5b4 e2f3 g7g5
6447,a2a4 e7e6 h2h3 f8c5 e2e4 b7b6 g2g4 g8h6 e4e5 c8b7 b2b4 h6g4
6448,g2g4 b8c6 e2e4 c6b4 c2c3 g8h6 d2d4 d7d6 f2f4 h6g4 d1d2 h7h6
6449,g2g3 d7d6 b2b4 b7b6 f2f3 h7h6 c1a3 c7c6 e2e3 d8d7 g1h3 f7f5
6450,g2g4 g7g5 g1f3 g8f6 b2b3 f6g4 c2c4 b8c6 c1b2 b7b6 f3g5 c8a6
6451,e2e4 e7e6 d2d4 d7d6 h2h4 g7g6 f1a6 b7b5 a6b5 c8d7 b5a4 a7a6
6452,f2f4 h7h6 c2c3 b8c6 e1f2 a8b8 g2g4 b7b6 f1g2 g7g6 b2b3 h6h5
6453,g2g3 h7h5 b1c3 g7g6 e2e3 e7e5 d2d4 e5d4 e1e2 d7d5 f2f3 g6g5
6454,g2g3 h7h5 b1c3 g7g6 e2e3 e7e5 d2d4 g6g5 e3e4 a7a6 f2f3 d7d6
6455,h2h4 c7c6 e2e4 e7e5 c2c3 b8a6 e1e2 c6c5 d2d4 a8b8 d4e5 g7g6
6456,e2e4 h7h5 e4e5 g8f6 e5f6 h8g8 g1f3 b7b5 f3g5 a7a5 g2g4 e7e6
6457,g2g4 b8a6 g1h3 c7c5 b1c3 f7f5 c3d5 f5f4 a2a4 b7b6 b2b4 c5b4
6458,g2g3 h7h5 d2d3 c7c6 c2c4 f7f5 f2f4 g7g5 g3g4 h5g4 b1a3 f8g7
6459,g2g4 e7e6 g1h3 d7d6 b2b4 g7g6 c2c4 b8c6 c1a3 a7a6 e2e3 h7h5
6460,g2g4 b7b5 f1g2 d7d6 b2b4 c8g4 g1h3 h7h6 h1g1 g8f6 d2d4 h6h5
6461,e2e4 a7a5 a2a3 f7f5 b1c3 b8a6 f1b5 a6c5 f2f3 h7h6 h2h3 h8h7
6462,b1a3 a7a6 e2e4 d7d6 e1e2 f7f6 g1f3 a8a7 a1b1 b8c6 f3d4 c6d4
6463,e2e3 g7g6 g2g4 g6g5 h2h4 b7b6 d2d4 c8b7 e3e4 g8h6 a2a4 h8g8
6464,e2e4 g7g6 g1f3 g8h6 f3e5 a7a5 b2b3 d7d6 c1a3 c7c5 a3c5 c8d7
6465,g1f3 e7e5 e2e4 d7d5 e4d5 g8f6 d2d3 h8g8 b1d2 d8d5 d2c4 f6h5
6466,h2h3 g7g5 e2e4 g8f6 a2a4 b7b5 f1b5 e7e5 a1a3 e8e7 d2d3 f8h6
6467,h2h4 h7h6 e2e3 b8a6 a2a4 c7c5 e3e4 e7e5 h1h3 d8g5 f1a6 g8e7
6468,e2e3 b7b5 c2c3 g8h6 c3c4 g7g5 d2d4 c7c5 g1f3 h6f5 d1b3 f5g3
6469,a2a4 e7e6 g1f3 b7b6 d2d4 b8c6 e2e3 f8a3 e1e2 c8b7 b2a3 a8b8
6470,b2b4 e7e6 b4b5 d7d6 g2g4 g8f6 h2h3 f6e4 c1a3 b7b6 h1h2 e8d7
6471,e2e3 d7d5 f1b5 b8c6 b5c4 d5d4 c2c3 d4c3 f2f3 c8e6 c4e2 h7h6
6472,e2e4 e7e6 g2g4 d7d5 e4e5 d8d7 c2c3 c7c5 f1h3 f8e7 g1f3 g8f6
6473,b2b4 g8f6 b1a3 g7g6 g2g4 h7h5 d2d3 b7b5 h2h4 f6g4 c2c4 f7f6
6474,e2e4 b8a6 h2h3 g7g6 e4e5 a6c5 f1b5 g8f6 g1f3 h7h5 d2d4 h8g8
6475,b1a3 g7g6 e2e4 b8c6 g2g4 b7b6 e1e2 c8a6 c2c4 h7h6 f1g2 a8b8
6476,a2a3 f7f5 b1c3 e7e5 f2f4 b7b6 g2g3 c8b7 c3a4 a7a5 g1h3 e5f4
6477,b2b4 g8f6 g2g3 h7h5 e2e3 h8g8 f1g2 g7g6 d2d3 d7d6 c1b2 e7e5
6478,e2e4 e7e6 h2h4 d7d5 g1f3 d5e4 d2d3 e4f3 g2f3 b7b5 b2b4 a7a6
6479,g1f3 a7a6 h1g1 d7d6 f3g5 a8a7 a2a4 b8d7 e2e4 g7g6 e1e2 b7b5
6480,g2g3 a7a6 f2f3 b7b5 h2h4 g8f6 c2c3 g7g5 h4g5 f6e4 f1g2 d7d5
6481,e2e3 g7g5 d2d3 b7b5 g1f3 g8h6 b2b4 g5g4 f3e5 h8g8 e1d2 b8c6
6482,g1h3 b7b5 d2d4 g8f6 b2b3 d7d5 g2g4 a7a6 h3g5 h8g8 c2c4 f6g4
6483,a2a4 e7e6 h2h3 b7b6 g2g4 e8e7 e2e4 g7g6 f2f3 c7c5 e1e2 d7d5
6484,b2b4 b7b6 d2d3 g7g6 c1g5 h7h6 g1f3 h6g5 b4b5 g5g4 f3g5 b8a6
6485,b2b4 g8f6 d2d3 e7e5 g2g3 e5e4 d3e4 f8d6 e2e3 g7g6 e1e2 h8g8
6486,g2g4 f7f5 f2f4 e7e5 c2c4 d8h4
6487,e2e4 a7a5 g2g4 b8a6 d2d4 d7d6 g1e2 f7f6 c1d2 c8g4 f1g2 a5a4
6488,g2g4 b8a6 b2b3 e7e5 c1a3 c7c6 a3e7 d7d5 g1h3 c8d7 c2c3 g8f6
6489,f2f4 b7b6 g2g3 g7g5 h2h4 e7e5 b2b3 e5f4 c2c3 a7a5 h1h3 c7c5
6490,h2h4 a7a6 g1f3 f7f5 e2e4 h7h5 h1h2 g7g6 g2g3 d7d6 e4e5 f8g7
6491,g1f3 e7e5 g2g3 f8b4 e2e4 c7c5 e1e2 f7f5 d2d4 e5d4 e4e5 b8a6
6492,e2e4 e7e6 h2h3 b7b6 a2a4 c8b7 g2g4 a7a6 e1e2 e8e7 g1f3 b7e4
6493,g1f3 e7e5 a2a4 a7a5 c2c4 f7f6 f3h4 d7d5 f2f4 f8e7 e2e3 c8f5
6494,d2d4 e7e6 e2e4 d7d5 h2h4 h7h5 e1e2 h8h6 c1h6 g7h6 f2f4 f7f5
6495,e2e4 g7g6 g1f3 g8h6 g2g4 b8a6 f1e2 a6c5 b2b3 c5d3 e2d3 h6g4
6496,e2e4 d7d5 e4d5 e8d7 g1f3 a7a6 d2d3 f7f6 b2b3 e7e6 g2g3 a8a7
6497,f2f4 b8c6 a2a3 c6a5 h2h4 b7b6 a1a2 g7g6 e2e3 a5c4 e1f2 c4a3
6498,e2e4 e7e6 h2h3 f7f5 e4e5 c7c5 g1f3 h7h6 d2d3 b7b5 c2c4 c8a6
6499,e2e4 a7a5 d2d4 a8a6 f2f3 f7f6 c2c3 e8f7 f1b5 a6a7 d1e2 a5a4
6500,b1c3 g7g5 b2b3 e7e5 c1b2 d7d5 g2g3 c7c6 d2d4 d8c7 a2a3 a7a6
6501,g1f3 e7e5 f3d4 a7a5 d4c6 a8a7 b2b3 d7d6 c1a3 b8a6 h2h3 h7h6
6502,e2e4 g7g6 f1d3 b8c6 c2c3 b7b6 e4e5 f8g7 g1f3 g7e5 d3e4 g8f6
6503,e2e4 h7h5 b1c3 e7e5 h2h3 e8e7 e1e2 a7a5 a2a4 d7d5 c3d5 d8d5
6504,a2a4 g8f6 a1a3 d7d5 g2g4 e7e5 e2e3 g7g5 e3e4 d8e7 g1e2 e7d8
6505,g1f3 e7e5 f3g1 g7g5 b2b4 c7c6 c2c4 g8f6 e2e4 g5g4 e1e2 d7d5
6506,b2b4 b8c6 e2e4 a7a5 h2h4 c6b4 d2d4 d7d5 a2a3 e7e6 g2g4 d8f6
6507,e2e4 e7e5 d2d4 e5d4 e1d2 a7a5 b2b3 d7d6 f1b5 e8e7 b5a4 f7f5
6508,b2b4 a7a6 e2e4 a6a5 a2a4 b8a6 b4a5 a6b4 h2h3 f7f5 e4f5 b7b6
6509,g1h3 b7b6 b2b3 g7g6 d2d4 e7e5 c1g5 f8b4 c2c3 b4c3 b1c3 g8f6
6510,h2h3 c7c6 e2e4 e7e5 e1e2 e8e7 b1a3 d8e8 d2d3 d7d6 d1d2 c8d7
6511,g1f3 e7e5 d2d4 f8b4 c1d2 e5d4 f3d4 b7b5 h1g1 b4d2 d1d2 g8f6
6512,g2g4 b8a6 b2b3 c7c5 b1a3 b7b6 c2c4 g7g5 g1h3 g8h6 h3g5 h6g4
6513,e2e4 g7g6 h2h4 g6g5 d2d4 h7h6 f1b5 b8c6 c1g5 g8f6 d4d5 f6g4
6514,e2e4 e7e6 h2h3 f8a3 d2d4 d7d5 e4e5 f7f6 c2c3 f6e5 d4e5 d5d4
6515,e2e4 a7a5 h2h3 g7g6 a2a4 b8c6 a1a2 b7b6 b1c3 c6d4 c3d5 e7e6
6516,d2d4 e7e6 a2a3 f7f5 h2h4 d7d6 e2e4 g7g5 g2g4 f5g4 a3a4 g5h4
6517,b1a3 f7f5 a3c4 d7d5 d2d4 b8c6 h2h4 a7a6 g2g4 g7g6 e2e3 h7h6
6518,g1h3 d7d6 b2b4 b7b6 d2d4 f7f6 f2f3 c8a6 c2c4 b8d7 d1d2 e7e6
6519,e2e4 e7e6 h2h3 f8a3 g2g4 c7c5 h3h4 d7d5 b1a3 d5e4 f1e2 e8d7
6520,b2b4 d7d5 g2g3 f7f5 h2h4 e7e6 d2d4 h7h5 e2e3 c7c5 g1h3 g7g5
6521,d2d4 d7d6 a2a4 a7a5 f2f3 f7f5 d1d3 c7c6 d3b3 d8b6 b1c3 b6c7
6522,d2d4 d7d5 a2a3 b8a6 c1h6 g8f6 e2e3 h8g8 g2g4 f6g4 b2b4 g7g6
6523,g1f3 e7e5 e2e4 g8f6 d2d4 e5d4 e1e2 d7d6 b1c3 g7g6 c3b5 c8g4
6524,b1c3 f7f6 e2e4 f6f5 e1e2 a7a5 g1f3 e8f7 f3e5 f7e8 e5d3 h7h5
6525,b2b4 b8a6 g2g3 g7g5 h2h4 b7b6 a2a4 f8g7 e2e3 c7c5 b4c5 e8f8
6526,b2b4 a7a6 g1f3 e7e6 a2a3 d7d6 e2e3 b7b5 d2d4 d6d5 f1b5 a6b5
6527,f2f3 g7g6 c2c3 b7b6 b2b3 d7d5 g2g4 g8h6 c3c4 c8g4 e2e3 g4h3
6528,g1h3 d7d5 d2d4 g8f6 g2g4 a7a6 g4g5 b7b5 h1g1 g7g6 g5f6 a8a7
6529,e2e3 b7b5 f1b5 c7c5 e3e4 e7e5 b1a3 c8b7 b5a4 g8h6 d1f3 g7g5
6530,b2b4 a7a6 h2h3 g7g5 d2d3 h7h5 c1g5 d7d6 e2e3 e8d7 g1e2 f7f5
6531,b1c3 e7e5 c3b5 f8a3 g1h3 g8e7 g2g3 g7g6 h3f4 g6g5 b2b4 d7d5
6532,g2g4 a7a5 e2e4 a8a6 d2d4 d7d6 a2a4 a6a8 h2h4 c8g4 d1g4 h7h6
6533,e2e4 e7e6 g2g4 d7d5 e4e5 f8c5 g1f3 c5f2 e1f2 h7h6 f1d3 g8e7
6534,h2h4 g7g5 g2g3 c7c5 f2f3 f8g7 b1c3 b7b6 h4g5 b8a6 f1g2 g7e5
6535,g1h3 a7a6 h3f4 e7e6 a2a3 d7d5 b1c3 d5d4 f4e6 f7e6 h1g1 c7c5
6536,e2e3 f7f5 c2c3 d7d5 f1c4 e7e6 c4d5 f5f4 b2b4 e8e7 e1e2 f4e3
6537,b2b4 b7b5 a2a3 h7h5 a1a2 g7g6 d2d3 f7f6 b1d2 e7e6 h2h3 c7c5
6538,g2g3 d7d6 b2b4 b7b6 d2d4 e8d7 g1h3 f7f6 h1g1 f6f5 g1g2 c7c6
6539,g2g4 a7a5 e2e4 a8a6 f2f4 d7d6 b1a3 c8g4 f1d3 g4d1 g1e2 b7b5
6540,g2g3 g8f6 b2b4 g7g6 f1g2 b7b6 f2f3 c7c6 h2h4 f8g7 b1a3 d7d5
6541,e2e4 e7e6 g1f3 c7c5 d2d4 c5d4 h2h4 f7f5 g2g3 d7d5 e4f5 e6f5
6542,a2a4 b7b5 b2b4 a7a6 a4b5 g8f6 d2d4 d7d6 a1a6 a8a7 h2h4 h8g8
6543,c2c4 a7a5 f2f4 b8c6 e1f2 e7e5 e2e4 e8e7 d1f3 c6d4 g2g4 g7g5
6544,g1h3 b7b6 d2d4 e7e6 g2g3 e8e7 b2b4 a7a6 a2a3 b8c6 g3g4 c8b7
6545,a2a4 e7e6 a1a3 g7g5 d2d3 c7c6 c1g5 f7f5 b2b4 f8c5 h2h3 b8a6
6546,g1h3 a7a6 b2b3 d7d5 g2g4 e7e5 f2f3 f7f5 c2c4 b7b5 g4f5 e8e7
6547,g2g4 d7d5 c2c3 g7g6 h2h4 g6g5 e2e4 e7e5 d1b3 g8h6 b3a3 d5e4
6548,b1c3 f7f6 c3b5 b7b6 a2a4 g7g6 e2e3 c7c6 f2f3 g8h6 e1e2 c6b5
6549,e2e4 b7b5 c2c3 c8a6 f1b5 e7e6 h2h4 e8e7 d2d3 b8c6 b5c6 g8f6
6550,g1f3 e7e5 e2e4 a7a5 d2d4 e5d4 c1g5 c7c5 a2a4 c5c4 g5e7 a8a6
6551,h2h3 b7b6 c2c3 g8f6 e2e4 g7g6 g1f3 c7c5 h3h4 c8a6 f1b5 b8c6
6552,e2e4 g8h6 a2a4 g7g5 h2h4 h8g8 g2g3 g5h4 b1c3 c7c6 g1h3 h4g3
6553,g1h3 a7a6 e2e4 a8a7 a2a4 g7g6 f1d3 d7d6 a4a5 b8d7 d1f3 g8f6
6554,c2c4 d7d6 g1f3 g7g5 e2e3 e7e6 f3g1 b7b5 d2d4 f7f5 e1e2 g5g4
6555,c2c3 g8f6 f2f3 e7e5 h2h4 e5e4 g2g4 b7b5 e1f2 f6d5 f1g2 d7d6
6556,b1a3 b7b6 d2d4 g7g6 c2c4 e7e5 e2e4 b8a6 d4d5 f8g7 g1f3 g7f6
6557,g1f3 a7a5 g2g3 a5a4 b2b4 a8a7 e2e4 e7e6 f1c4 g7g6 h1g1 d7d5
6558,e2e4 h7h5 f1d3 d7d5 c2c4 e7e6 g1f3 f7f6 e4d5 e8e7 b1a3 e6d5
6559,g2g3 d7d6 h2h4 h7h5 c2c3 e7e6 e2e4 c7c5 h1h2 g8f6 g1e2 g7g5
6560,g1f3 b7b6 c2c3 g7g6 e2e4 g8h6 e1e2 b8a6 h2h4 c7c5 d1e1 g6g5
6561,f2f4 a7a5 h2h4 e7e5 b1a3 d7d5 e2e3 b8a6 h1h3 b7b6 d2d4 c8e6
6562,d2d4 b8c6 c1d2 c6a5 e2e4 d7d6 b2b3 a8b8 e1e2 a5c4 g2g4 a7a6
6563,d2d4 d7d6 f2f4 h7h6 a2a4 b7b5 a1a3 c8e6 c2c4 d8d7 e2e3 b5c4
6564,g1f3 e7e5 e2e4 g8f6 h2h3 f8a3 h1g1 d7d6 f1d3 a7a5 b1a3 g7g6
6565,f2f4 b8a6 e2e4 e7e5 f4e5 c7c5 b1c3 h7h5 e5e6 g7g5 f1b5 e8e7
6566,e2e4 a7a5 d2d4 d7d6 e4e5 a8a7 g1f3 g8f6 d1d2 c8h3 g2g3 b8a6
6567,g2g3 h7h5 g3g4 b7b6 g1f3 g7g6 c2c3 b8c6 f1g2 e7e6 b2b3 d7d5
6568,b2b4 g7g6 a2a3 g8f6 c1b2 e7e5 g2g4 h8g8 e2e3 f8b4 a3b4 c7c6
6569,h2h3 e7e5 g2g4 h7h6 e2e4 c7c5 a2a4 e8e7 h3h4 g7g5 d2d3 d8a5
6570,f2f3 e7e6 b2b4 c7c6 g2g4 d8h4
6571,g1h3 d7d5 d2d4 g8f6 g2g3 c8e6 c1h6 b7b5 h1g1 e6c8 h6g5 g7g6
6572,e2e4 e7e6 g2g4 d7d5 e4e5 d5d4 g1f3 b7b5 f1b5 c7c6 d1e2 g8f6
6573,d2d4 b8c6 f2f3 f7f5 g2g3 a7a5 c1f4 a8a6 f1g2 e7e5 e1d2 c6d4
6574,e2e4 e7e6 c2c3 c7c5 e4e5 b8a6 g1f3 d7d6 d1b3 d6e5 b3b7 f8d6
6575,a2a4 e7e6 a1a2 b7b6 c2c4 c7c5 g2g4 a7a6 g1f3 f7f6 b2b3 g7g6
6576,f2f4 e7e5 h2h4 g8f6 a2a3 e5e4 d2d3 h8g8 b1d2 b7b5 e1f2 e4d3
6577,b2b4 g8f6 e2e4 g7g6 e4e5 b7b5 g1f3 c8b7 e1e2 b7f3 e2f3 d7d6
6578,f2f4 b8c6 c2c3 b7b6 e1f2 c6e5 g2g4 a8b8 b2b3 c8a6 f1g2 c7c5
6579,h2h4 b8a6 g2g3 d7d6 e2e3 h7h6 e1e2 c8g4 f2f3 g4h5 g3g4 g8f6
6580,d2d3 a7a6 a2a4 f7f5 h2h4 b8c6 e2e3 c6d4 b2b3 c7c6 g2g3 h7h5
6581,a2a4 e7e6 e2e4 d7d5 h2h3 d5e4 a1a3 c7c5 g1f3 e4f3 d2d3 e8e7
6582,g1f3 g7g5 g2g3 e7e6 g3g4 d7d5 e2e4 d5e4 d2d3 e4f3 h1g1 f8e7
6583,a2a4 b8a6 a1a3 b7b6 e2e4 g7g6 h2h3 f7f5 g2g3 h7h6 f1g2 f5f4
6584,b2b4 g7g6 a2a3 c7c6 h2h4 e7e5 c1b2 f8b4 g1f3 c6c5 f3d4 e8e7
6585,h2h4 h7h5 c2c3 e7e5 f2f3 g8f6 e1f2 b7b5 d2d3 h8g8 f3f4 d7d6
6586,a2a4 b7b5 e2e4 a7a5 e1e2 g7g5 g2g3 e7e5 d2d4 e5d4 b2b4 f8g7
6587,g1h3 g7g5 b2b3 b7b6 g2g4 g8f6 h3g5 f6g4 c1b2 a7a6 e2e4 c7c5
6588,a2a4 e7e6 b1c3 f8a3 c3b5 g7g6 a4a5 d7d6 d2d4 b7b6 c2c4 d6d5
6589,g2g3 d7d6 b2b4 b7b6 d2d4 a7a6 e2e3 c8g4 a2a3 e8d7 g1f3 f7f5
6590,f2f4 e7e6 d2d4 c7c5 e2e3 f7f5 g1f3 b7b6 f1b5 c8a6 b1a3 c5d4
6591,b2b4 b7b6 d2d4 e7e5 b1d2 d7d5 e2e3 f7f5 e1e2 b8a6 c1b2 g7g5
6592,e2e4 e7e6 a2a4 d7d5 g2g4 b7b5 h2h4 d5e4 a1a3 b5a4 a3a4 f8b4
6593,e2e3 a7a6 f1d3 e7e5 b2b3 a6a5 a2a4 a8a7 d3c4 h7h6 c1b2 c7c6
6594,d2d3 a7a5 e2e3 a8a7 d3d4 a5a4 e3e4 f7f6 h2h3 d7d5 f2f4 b8c6
6595,b1a3 a7a6 f2f3 h7h5 c2c4 g8h6 d1b3 b8c6 b3d3 g7g6 g2g4 a6a5
6596,h2h3 d7d5 e2e3 d5d4 g2g3 c7c5 b2b4 g7g5 c2c4 d4c3 b1c3 g8h6
6597,b2b4 g7g6 a2a3 g8f6 d2d4 h8g8 c1h6 d7d6 e2e3 c8f5 h6f8 h7h5
6598,a2a4 g8f6 e2e4 g7g6 g2g4 f8h6 g1h3 h6g7 e1e2 e7e5 h3g5 d7d5
6599,g1h3 d7d5 d2d4 h7h5 a2a3 c7c5 g2g4 a7a5 a3a4 g7g6 h1g1 e7e6
6600,b1a3 g8h6 d2d4 h8g8 g1f3 g7g6 b2b4 h6g4 a1b1 g4f2 g2g3 e7e5
6601,a2a4 f7f5 d2d4 b8c6 h2h4 a7a5 b2b4 h7h5 b4a5 e7e6 h1h2 f8b4
6602,e2e4 a7a5 h2h3 b8a6 d2d4 d7d5 f2f4 g7g6 f1b5 c7c6 b1c3 e7e6
6603,g1f3 e7e5 f3h4 g7g5 c2c4 g8f6 b2b3 g5h4 h2h3 a7a5 d2d3 f8b4
6604,e2e4 h7h5 b1a3 g8h6 f1b5 h8g8 e4e5 g7g6 d2d3 c7c6 h2h4 f8g7
6605,e2e4 a7a5 c2c4 b8a6 d1f3 e7e6 e4e5 a6b4 e1e2 e8e7 d2d4 b4c2
6606,h2h3 h7h5 e2e4 g7g5 e1e2 g8h6 a2a4 h8h7 g2g4 b7b5 g1f3 h5g4
6607,h2h4 a7a6 g2g3 h7h5 f2f3 d7d6 b2b4 f7f5 c2c4 b7b6 b4b5 f5f4
6608,b1a3 g8h6 c2c4 b8a6 d2d3 g7g5 c1g5 f7f6 d1b1 c7c6 f2f4 e7e6
6609,b2b4 h7h5 b4b5 g8f6 c1b2 b7b6 e2e3 g7g5 d2d4 e7e5 g1f3 e5d4
6610,b2b4 a7a6 g1f3 f7f5 c1b2 b8c6 d2d3 d7d6 e2e3 c6b4 a2a3 c7c6
6611,d2d4 h7h6 g1h3 e7e5 g2g4 a7a5 a2a3 g8e7 e2e4 c7c5 d4d5 h8h7
6612,g1h3 b7b5 b2b3 g7g6 f2f4 e7e5 h3g1 e5f4 d2d3 f8a3 e1d2 g8f6
6613,g2g4 d7d5 c2c3 e7e6 f2f3 d8h4
6614,b1c3 f7f6 h2h3 b7b6 a2a4 b8a6 e2e3 e7e5 c3b5 a8b8 b2b3 c7c6
6615,e2e4 a7a5 g2g4 a8a6 f1g2 b7b5 d2d4 d7d6 e1e2 c8g4 e2e3 a6a8
6616,b2b4 b7b6 b1c3 g7g6 g2g4 f8g7 c1a3 e8f8 b4b5 b8a6 a3e7 g8e7
6617,e2e4 e7e6 g2g4 e6e5 d2d4 e5d4 e1e2 f8e7 e4e5 d7d5 f1h3 f7f6
6618,a2a4 e7e6 e2e3 c7c6 a4a5 d8a5 a1a4 e6e5 b2b4 a5d5 e3e4 h7h6
6619,a2a4 e7e6 e2e3 b7b6 f1b5 e8e7 e1e2 c7c6 d2d4 f7f6 g1f3 c6b5
6620,a2a4 b8c6 a4a5 g8h6 a1a4 g7g5 b2b3 b7b6 g2g3 h6f5 a4b4 c6a5
6621,e2e4 a7a5 g2g4 f7f6 h2h3 h7h5 f2f3 h8h6 e4e5 a8a6 e5f6 a6d6
6622,e2e4 e7e6 h2h3 d7d5 e4e5 d5d4 g2g4 f7f5 b2b4 f8b4 h1h2 c7c6
6623,e2e4 a7a5 b1c3 b8c6 g1e2 f7f5 f2f4 a5a4 g2g4 f5g4 h1g1 g7g6
6624,b1a3 a7a5 c2c3 d7d5 e2e4 a5a4 f1b5 c7c6 e1e2 e7e5 a3c2 g8f6
6625,a2a4 e7e6 b1c3 b7b6 c3b5 b8c6 f2f4 g7g6 d2d3 f7f5 g1f3 f8d6
6626,e2e4 d7d5 f1b5 b8c6 c2c3 e7e5 a2a3 g8e7 g2g3 c8h3 b5c6 b7c6
6627,e2e4 a7a5 h2h3 g7g6 g1e2 b8a6 g2g3 f7f5 d2d4 h7h5 h1g1 f5e4
6628,f2f4 e7e5 c2c3 c7c6 e2e3 d8h4 e1e2 h4f2 e2f2 d7d5 f4e5 g7g5
6629,e2e4 a7a5 g2g4 b8a6 g1h3 a6b4 c2c3 g8f6 h3g5 b4d3 f1d3 g7g6
6630,g2g3 f7f6 b2b3 h7h5 b1c3 c7c6 a2a4 e8f7 c3d5 d8a5 f1h3 a5d5
6631,a2a3 b7b6 d2d3 g8f6 d3d4 g7g6 b2b4 e7e5 e2e4 f8b4 c1d2 e5d4
6632,d2d4 b7b5 b2b4 a7a6 a2a3 d7d5 g2g3 e7e5 e2e3 h7h5 e1e2 e8e7
6633,b1a3 b8c6 d2d4 g7g6 e2e4 g8h6 c2c3 d7d5 h2h3 d5e4 f1b5 h6f5
6634,g2g4 a7a5 e2e4 a8a6 b1c3 d7d6 g1e2 b8d7 f2f4 e7e5 h2h4 a6c6
6635,b2b4 b8c6 g2g3 e7e6 f2f3 g7g6 f3f4 h7h5 b1c3 c6a5 e2e3 g8h6
6636,a2a4 e7e6 e2e4 d7d5 h2h3 f7f5 e4e5 b7b6 e1e2 c7c5 b2b4 c5c4
6637,f2f4 e7e5 e2e3 e5f4 e1e2 g7g5 a2a3 c7c5 b2b4 c5b4 e2f3 e8e7
6638,a2a4 b8a6 b1c3 f7f5 b2b3 e8f7 a4a5 h7h5 c3a4 e7e6 g1f3 g7g6
6639,d2d4 e7e6 b1c3 f8a3 c1d2 e8e7 f2f3 a7a6 g1h3 g7g6 d2g5 f7f6
6640,b2b4 a7a6 f2f4 b7b6 d2d4 b8c6 e2e4 g7g6 a2a3 a6a5 g2g3 a5a4
6641,c2c3 g8h6 f2f3 e7e6 e1f2 f8e7 d2d4 d7d5 b1a3 c7c6 f2e1 d8c7
6642,g1f3 g8h6 h2h4 g7g6 e2e4 h8g8 e1e2 g6g5 h4h5 g5g4 e4e5 g4f3
6643,g2g4 a7a5 g1f3 b8a6 b2b4 f7f5 f1g2 a5b4 h1f1 b7b6 g2h1 b4b3
6644,b2b4 g8f6 a2a3 b8c6 c1b2 a8b8 e2e3 h8g8 b4b5 b7b6 g2g4 f6g4
6645,b2b4 b7b5 a2a4 h7h5 b1a3 g7g6 h2h4 e7e6 a4b5 d7d5 a1a2 d5d4
6646,g2g3 f7f5 b2b3 h7h5 f1h3 e8f7 f2f3 c7c6 c2c3 g7g6 d2d3 f8g7
6647,b2b4 b8c6 b4b5 g7g5 b5c6 b7b6 c6d7 e8d7 f2f3 f8g7 g2g4 a7a6
6648,a2a4 e7e6 h2h3 d7d5 g2g4 f7f5 b2b4 g7g6 h1h2 d8h4 c1a3 h4h3
6649,h2h3 d7d5 b2b4 b7b5 c1a3 g7g6 d2d4 b8c6 g1f3 h7h5 c2c4 b5c4
6650,e2e4 e7e6 h2h3 d7d5 e4e5 c7c5 g1f3 d5d4 d2d3 d8a5 b1c3 a7a6
6651,g1f3 e7e5 e2e4 g8h6 d2d4 e5d4 h2h4 h6g8 g2g3 f8b4 e1e2 b4c3
6652,g1h3 b7b5 b2b3 h7h6 f2f4 g7g6 c2c4 b5c4 g2g4 d7d5 f1g2 g6g5
6653,e2e4 a7a5 g2g4 a8a7 d2d4 d7d6 f2f4 c8g4 c2c3 g4e6 d1h5 a5a4
6654,e2e3 b7b5 b1c3 f7f5 f1d3 c7c5 g1f3 f5f4 e3f4 c8a6 a2a3 e8f7
6655,c2c4 d7d5 b1c3 h7h6 g1f3 e7e6 g2g3 f7f5 c3d5 e6d5 c4d5 c7c6
6656,f2f4 b8c6 h2h4 f7f6 b2b3 b7b6 f4f5 g7g6 g2g3 c6e5 f5g6 h7g6
6657,g1h3 b7b6 b2b3 g8f6 g2g3 g7g6 e2e4 c8a6 d2d4 e7e5 d4e5 f8d6
6658,b1c3 f7f6 h2h3 e7e5 a1b1 b8a6 g1f3 h7h5 f3d4 f8d6 e2e4 f6f5
6659,e2e4 b8a6 g1f3 a8b8 f3d4 a6c5 d4e2 h7h5 b1a3 a7a5 e2g1 f7f6
6660,g2g4 e7e5 g1h3 d7d5 h1g1 g7g5 d2d4 f8b4 b1c3 c7c6 c1g5 a7a5
6661,b1a3 b7b6 e2e4 c8b7 f1b5 g8h6 d2d4 b8c6 c2c3 h8g8 f2f4 g7g6
6662,e2e4 e7e5 a2a4 a7a5 a1a3 h7h6 h2h3 g7g6 g2g3 a8a7 d1e2 f8b4
6663,e2e4 e7e5 c2c3 c7c5 b1a3 d7d6 e1e2 g8f6 d1c2 c8g4 g1f3 b8c6
6664,g1h3 a7a6 h1g1 b7b5 g2g4 g7g6 c2c4 g8f6 d1c2 a6a5 e2e4 b8c6
6665,c2c3 e7e6 g2g4 g7g5 e2e4 g8f6 f2f3 e6e5 f1b5 c7c6 d1b3 e8e7
6666,g1f3 e7e5 e2e4 f8b4 e1e2 b8a6 d2d4 g7g6 h2h3 e5d4 d1d4 d7d5
6667,f2f3 g8f6 f3f4 f6e4 d2d4 e7e5 a2a3 f8d6 g1f3 e5d4 f3e5 g7g5
6668,e2e4 e7e5 g1f3 d7d5 e4d5 a7a5 b2b4 g7g5 b1a3 c7c5 d1e2 d8f6
6669,e2e4 a7a5 b1c3 e7e5 f2f4 c7c6 g2g3 f8a3 b2b3 a3d6 g1e2 d6a3
6670,d2d3 g8h6 g1f3 b7b6 c2c4 c8a6 b2b3 g7g6 c1h6 c7c5 h6g5 f7f6
6671,e2e3 b7b5 h2h4 a7a6 c2c4 e7e6 d2d4 e8e7 c4b5 c8b7 e3e4 a6b5
6672,e2e4 e7e6 h2h3 d7d5 e4e5 c7c5 g1f3 d5d4 d2d3 f7f5 c1e3 d8g5
6673,e2e3 b7b5 a2a3 a7a6 e3e4 g7g5 d2d4 h7h5 c1g5 h8h7 e4e5 g8f6
6674,d2d4 d7d5 b1a3 b8c6 c1d2 f7f6 c2c3 a7a6 f2f4 c6a5 b2b4 c8f5
6675,e2e4 a7a5 h2h3 g7g6 a2a4 b8a6 a1a2 h7h6 f1b5 e7e6 f2f3 a6b8
6676,e2e4 a7a5 b2b3 d7d6 e4e5 a8a6 g1f3 a6a8 h2h3 c8g4 b3b4 h7h5
6677,h2h3 a7a6 g2g3 g7g5 h3h4 b8c6 f2f3 f8g7 b2b3 c6b4 b1a3 b7b5
6678,e2e4 e7e6 c2c3 a7a6 f1b5 a8a7 d2d4 h7h6 b5c6 g7g6 f2f4 d8h4
6679,d2d4 h7h5 g1f3 e7e6 f3g1 g7g5 f2f4 b7b5 g2g3 f7f5 c1d2 e8e7
6680,b2b4 b8a6 g1h3 e7e5 g2g4 f8b4 c2c3 d8h4 c3b4 c7c5 h1g1 c5b4
6681,h2h4 a7a6 f2f3 a6a5 g2g3 e7e5 h1h2 h7h6 f1g2 a5a4 b2b4 a8a5
6682,b2b4 d7d5 b4b5 c8d7 c2c4 f7f5 d1a4 h7h5 b1a3 e7e5 e2e4 e8e7
6683,d2d4 d7d5 a2a3 g8f6 f2f4 h8g8 h2h4 f6h5 g2g4 c7c6 c2c4 c6c5
6684,b2b4 h7h5 g2g4 g7g6 f1g2 d7d5 e1f1 c8g4 b1a3 c7c5 g1h3 b7b5
6685,b2b4 h7h5 g1f3 g7g6 e2e4 b7b5 h2h3 g6g5 e4e5 b8a6 h3h4 h8h6
6686,d2d4 d7d5 f2f4 b8c6 a2a3 c8d7 f4f5 a7a6 d1d3 b7b5 b1d2 g7g5
6687,e2e4 a7a5 d1f3 a8a7 f1d3 f7f6 g1e2 e7e5 e2d4 b8c6 c2c3 g7g6
6688,g2g3 h7h5 a2a4 f7f5 b2b3 b8a6 f2f3 h8h6 a1a2 h6d6 b1c3 e7e6
6689,e2e4 a7a5 b1c3 d7d6 b2b4 h7h6 g2g4 c8e6 e1e2 a8a6 f1g2 e6g4
6690,b1c3 b7b6 a2a4 f7f5 c3b5 b8c6 c2c4 c8a6 d2d4 e7e5 g1f3 f8c5
6691,b2b4 a7a6 g1f3 f7f5 d2d3 b8c6 e2e3 c6b4 a2a3 b4d5 f3e5 d7d6
6692,g1f3 e7e5 e2e3 e5e4 f3e5 g8f6 f2f3 c7c6 f3e4 f6e4 f1d3 f8d6
6693,b2b4 b7b6 d2d4 e7e5 e1d2 f8d6 e2e3 e5e4 g1e2 g8f6 d4d5 d6h2
6694,g1f3 e7e6 e2e4 h7h6 e4e5 a7a5 c2c3 a8a7 d1b3 a5a4 b3b5 e8e7
6695,g2g4 f7f5 b2b3 h7h6 f1g2 g7g5 c2c4 e8f7 e1f1 b8c6 c4c5 a7a6
6696,h2h3 g7g6 e2e4 b7b6 e1e2 g8f6 a2a4 a7a5 d2d3 b8a6 d3d4 c8b7
6697,d2d3 e7e5 a2a4 a7a5 b2b4 f8b4 c1d2 d7d5 g2g3 g8e7 g1f3 b8a6
6698,h2h4 b8a6 f2f4 c7c5 b1c3 b7b6 a2a4 e7e5 e2e4 c5c4 f4f5 a6c7
6699,g2g3 g8f6 h2h4 e7e5 b2b4 e8e7 f2f3 f6e4 c1b2 c7c6 b1c3 e7e8
6700,b2b4 b8a6 g2g3 h7h5 f2f3 g7g5 h2h4 b7b5 a2a4 g5g4 b1a3 a6b4
6701,g1h3 b7b5 d2d4 g8f6 g2g3 d7d5 b1c3 a7a6 a1b1 a8a7 h1g1 c8g4
6702,g1f3 b7b6 g2g3 h7h5 b2b3 f7f5 c2c3 g7g6 f1g2 a7a6 e2e4 f5e4
6703,b1a3 b7b6 d2d4 g7g6 g1f3 b8c6 c1h6 f7f6 g2g3 a7a6 f1g2 c8b7
6704,f2f4 e7e5 c2c4 a7a5 e2e3 b8c6 f4e5 a8a7 d1f3 f8b4 c4c5 d8h4
6705,d2d4 a7a5 f2f4 b8c6 g1h3 a8a7 h3g1 a5a4 e2e4 g7g6 g1f3 b7b5
6706,g2g3 g8f6 g1h3 b7b5 e2e4 a7a6 b1c3 d7d5 f1d3 e7e6 c3d5 g7g5
6707,h2h3 g7g6 d2d3 g6g5 d3d4 a7a6 e2e4 h7h6 c1g5 f7f6 d1h5
6708,b1a3 b8c6 a3b1 h7h6 b2b3 a7a5 d2d4 g8f6 e2e4 a8a7 g2g4 c6d4
6709,g2g3 d7d6 b2b4 b7b6 f1g2 h7h6 b1c3 e8d7 f2f3 f7f6 b4b5 b8a6
6710,b2b4 b8a6 d2d3 b7b5 h2h3 h7h5 c2c3 d7d6 c3c4 b5c4 c1a3 g8h6
6711,f2f4 e7e6 d2d4 g8f6 e2e4 f6e4 f4f5 h7h6 g1f3 h8g8 e1e2 c7c6
6712,d2d3 b8c6 c1g5 a7a5 d3d4 f7f6 g1h3 c6d4 b2b3 b7b6 g2g4 a8a7
6713,b2b4 d7d5 g1h3 b7b5 f2f3 g7g6 e2e4 e7e6 f1d3 h7h5 h3g5 f8b4
6714,g1h3 h7h6 d2d4 h6h5 g2g3 d7d5 a2a4 e7e6 h1g1 b7b5 b1c3 g7g6
6715,e2e4 a7a5 d2d4 d7d5 e4d5 a5a4 c1d2 e7e6 g1f3 f7f6 g2g3 d8d6
6716,d2d4 e7e6 g1f3 g7g5 f3g5 c7c5 b1c3 a7a5 b2b3 f7f6 f2f3 f8h6
6717,g1h3 b7b5 b2b3 g8h6 c1b2 g7g6 b2h8 h6g4 d2d4 h7h5 b3b4 e7e6
6718,d2d4 f7f5 c1f4 a7a6 g2g3 g7g5 e2e4 e7e5 h2h4 f5e4 a2a4 e5f4
6719,h2h3 h7h6 c2c3 e7e6 b1a3 f7f5 e2e3 c7c5 f2f3 b7b6 f1b5 f8e7
6720,e2e4 e7e6 g2g4 d7d5 c2c3 a7a6 f2f4 d5e4 f1c4 b8d7 c4d5 f7f5
6721,b2b4 b8a6 g1h3 d7d5 f2f3 f7f5 e2e4 d5d4 f1c4 h7h6 c1b2 d8d5
6722,d2d3 e7e5 b2b4 e5e4 e2e3 g8f6 g1e2 a7a5 h1g1 h7h6 d3e4 d7d5
6723,e2e4 e7e5 d2d4 e5d4 g1h3 g8f6 h1g1 h7h5 c1g5 c7c6 g5f6 g7f6
6724,e2e4 g8f6 f1b5 e7e6 g2g4 f6e4 b2b4 h8g8 a2a4 d8e7 a1a3 c7c6
6725,b2b4 b8c6 b4b5 a7a5 b5c6 h7h6 b1a3 a8a6 c6d7 c8d7 f2f4 g7g6
6726,e2e4 e7e5 a2a4 h7h6 h2h3 d7d5 a1a3 c8e6 e4d5 g7g6 h3h4 e6d5
6727,a2a4 e7e6 b1c3 b7b6 c3b5 b8c6 g2g4 f8b4 e2e4 d7d5 a4a5 b4c5
6728,b1a3 h7h6 g2g3 b8c6 b2b3 a7a5 f1h3 a8a7 a3b5 e7e5 h3g2 g8e7
6729,b2b4 b8c6 g2g3 g7g5 h2h4 h7h5 f1g2 b7b6 h4g5 e7e6 e1f1 c8b7
6730,a2a4 f7f6 h2h3 b8a6 f2f3 f6f5 a1a3 e7e6 d2d3 c7c6 d3d4 f8b4
6731,h2h3 a7a6 e2e4 f7f5 f1e2 b8c6 e4f5 b7b6 g1f3 c6b4 c2c3 e8f7
6732,a2a3 g8f6 f2f4 e7e5 d2d4 b7b5 b2b3 e5d4 c2c4 h7h5 d1c2 c8a6
6733,e2e4 a7a6 b1a3 a8a7 f1e2 b7b5 e2d3 f7f6 c2c3 c8b7 d3f1 e7e5
6734,b1a3 b8c6 a3b1 a7a5 c2c3 g7g6 f2f4 f8h6 e1f2 a8a7 g2g4 c6e5
6735,g1f3 b8a6 b1c3 f7f5 c3a4 e8f7 g2g3 h7h5 h1g1 a6b4 a1b1 d7d5
6736,a2a4 e7e6 e2e4 d7d5 e4d5 a7a6 h2h3 g8f6 e1e2 b7b5 b1a3 f8c5
6737,a2a4 f7f5 b1c3 h7h5 h2h3 h5h4 f2f3 b8c6 e1f2 b7b6 c3b5 f5f4
6738,g2g4 a7a6 b2b3 d7d5 b1c3 c8g4 g1f3 f7f5 c3d5 e7e6 f3g5 f5f4
6739,g2g4 b7b6 b2b3 g7g5 c2c4 c8a6 a2a4 a6c4 g1f3 c4a6 f3g5 c7c5
6740,d2d4 b8c6 h2h4 d7d6 e2e4 h7h6 e4e5 a8b8 e5e6 a7a5 c1f4 c6d4
6741,e2e4 b8a6 e4e5 a6b4 c2c3 a7a5 g1f3 f7f5 e5f6 a8a7 f1e2 g8f6
6742,h2h3 g8f6 b2b4 f6g8 d2d3 b8c6 b4b5 a8b8 c1b2 g7g5 e1d2 g8h6
6743,a2a4 b8a6 a1a3 f7f5 e2e4 h7h5 e4f5 h8h7 b2b4 a6b4 e1e2 a7a5
6744,e2e3 b7b5 c2c4 c7c5 g2g3 g7g5 b1a3 f8g7 h2h3 g8h6 a1b1 g5g4
6745,e2e3 a7a6 f1b5 g8f6 e3e4 a8a7 b5d3 f6e4 g2g4 e7e5 b2b3 f8d6
6746,h2h3 c7c6 b1a3 h7h6 f2f4 g7g5 f4f5 f7f6 a1b1 h8h7 c2c3 f8g7
6747,c2c4 a7a6 g2g4 e7e5 b2b4 h7h6 g1h3 b7b6 h1g1 e8e7 g1h1 d7d6
6748,d2d3 a7a5 d3d4 e7e5 e2e4 e5d4 g2g4 e8e7 d1d4 b7b5 d4e5
6749,a2a4 b8a6 b1c3 f7f5 h2h3 h7h5 f2f3 e8f7 e1f2 g7g5 a1a2 b7b6
6750,a2a3 f7f6 d2d3 b7b5 f2f4 e7e6 d3d4 g8h6 b2b3 f8b4 c1d2 b4d6
6751,g1f3 b7b6 h2h4 g7g6 g2g3 b8c6 b2b3 g8f6 h1h2 f8g7 b3b4 a7a5
6752,a2a4 b8a6 e2e3 c7c6 d1e2 f7f6 a4a5 f6f5 f2f3 a8b8 e2d1 a6b4
6753,d2d3 g8f6 f2f4 e7e6 e2e3 a7a6 b2b3 d7d5 d3d4 f6e4 e1e2 e4g5
6754,g1h3 d7d5 d2d4 g8f6 g2g3 e7e6 h1g1 b7b5 h3f4 a7a6 c1d2 f8a3
6755,g1h3 g7g6 d2d4 g8h6 b2b3 b7b5 g2g3 d7d5 f2f4 g6g5 c1d2 a7a6
6756,b1c3 b7b6 a2a4 e7e6 h2h3 d7d5 e2e4 e8e7 a1b1 g8h6 f2f4 b8a6
6757,e2e4 e7e6 a2a4 f7f5 e4f5 b7b6 c2c3 h7h6 f1b5 e8e7 b2b4 c7c6
6758,g1h3 e7e6 b2b4 f8b4 h1g1 c7c5 g2g4 g8f6 c2c4 g7g6 g4g5 b7b6
6759,g1h3 d7d5 d2d4 g8f6 c1e3 c7c5 e3g5 d8c7 g5f6 g7f6 b2b3 b7b6
6760,g1h3 a7a6 f2f3 h7h5 b2b3 b7b5 f3f4 d7d5 c2c4 a8a7 g2g4 g7g6
6761,e2e4 a7a5 h2h3 g7g6 d2d4 b8c6 h3h4 d7d5 a2a3 f7f6 b1d2 a5a4
6762,e2e3 e7e5 d2d4 e5e4 f2f4 g8f6 a2a3 d7d6 d4d5 d8e7 c2c3 h8g8
6763,g2g4 b8a6 h2h4 g8h6 f2f4 c7c5 a2a3 a6b4 b1c3 b4c2 e1f2 e7e5
6764,e2e3 e7e5 d2d4 f7f5 d1f3 f5f4 e1d1 c7c5 c2c4 g7g5 h2h3 g8h6
6765,e2e3 b7b5 g2g3 g7g5 b1c3 b5b4 h2h4 h7h5 d2d4 e7e5 d4e5 g8h6
6766,b1c3 b7b6 a2a4 c7c6 b2b3 d7d5 a4a5 c8d7 d2d4 e7e5 c3b5 f8b4
6767,e2e4 b8a6 b2b3 g8h6 f1b5 h8g8 e4e5 c7c6 b5c6 d7c6 c1b2 a8b8
6768,d2d3 e7e6 e2e4 b7b5 e1e2 f7f6 b1c3 f6f5 c1f4 g7g6 h2h3 c8b7
6769,b2b4 g8f6 h2h3 g7g6 e2e3 h7h5 d2d3 a7a6 g2g4 d7d6 f2f3 h8g8
6770,b2b4 a7a6 b4b5 f7f5 f2f4 e8f7 e2e3 g7g5 g2g4 a8a7 c2c4 g8h6
6771,h2h4 f7f6 g2g3 h7h5 d2d3 c7c6 b2b4 d8c7 e2e3 e8f7 h1h3 f6f5
6772,e2e4 g7g6 g1e2 b7b6 b1c3 c8a6 g2g3 a6e2 h2h4 f8g7 d2d4 g8f6
6773,h2h3 h7h5 e2e4 g7g5 h3h4 b7b5 c2c3 g8h6 f1b5 c7c5 e4e5 f8g7
6774,h2h3 g7g5 e2e4 h7h5 d2d4 a7a6 f1b5 e7e6 c2c3 a6b5 c1g5 g8h6
6775,g1f3 e7e6 b1c3 b7b6 d2d4 c8b7 d4d5 a7a5 c1h6 g7g5 c3a4 e8e7
6776,f2f4 e7e5 c2c4 e5f4 b2b3 f8b4 e2e3 b4e7 e1e2 g7g5 g1h3 g8h6
6777,e2e3 h7h6 c2c3 e7e5 d2d4 a7a5 f2f4 c7c5 d4d5 b7b5 g2g4 e5f4
6778,e2e4 g7g6 g1f3 g8h6 g2g4 h8g8 e1e2 g6g5 c2c3 a7a5 h2h4 a8a6
6779,g2g3 d7d5 b2b4 h7h5 f2f3 c8d7 h2h4 g7g6 e2e3 a7a5 f1g2 a5b4
6780,b2b4 h7h5 g2g4 b8c6 f1g2 g7g5 b4b5 e7e6 b5c6 a8b8 c6d7 c8d7
6781,d2d4 b8c6 c1d2 a7a6 e2e4 c6a5 g1h3 f7f5 e4f5 a8a7 f1e2 a5b3
6782,e2e4 b8a6 e4e5 a6b4 g1f3 a7a5 d1e2 a8a6 c2c3 c7c5 c3b4 f7f6
6783,b1a3 b7b6 d2d3 g8f6 g1f3 c8a6 c2c3 e7e5 c1g5 e5e4 b2b4 d8e7
6784,f2f4 e7e5 c2c4 e5f4 h2h4 b8c6 e2e3 f8a3 h1h3 a3b4 e3f4 f7f6
6785,c2c3 e7e6 b2b4 a7a6 c3c4 e6e5 g1h3 e5e4 d2d3 g8f6 c1g5 b7b6
6786,h2h4 c7c6 g1f3 e7e5 g2g3 e8e7 e2e4 h7h6 g3g4 d8e8 a2a3 b8a6
6787,g1f3 b7b6 e2e4 g7g5 f1b5 e7e5 c2c4 e8e7 e1g1 g5g4 d2d4 e5d4
6788,g1f3 e7e6 b1c3 b7b6 b2b3 c7c6 c3b5 g7g5 a2a4 d7d6 a4a5 h7h5
6789,c2c3 e7e6 e2e4 a7a6 c3c4 a8a7 f2f4 f8b4 d1f3 g8h6 e4e5 d7d6
6790,e2e3 h7h6 d2d4 g7g5 f2f4 b7b5 c2c4 c8a6 e1d2 e7e6 a2a4 b5c4
6791,a2a4 e7e6 e2e3 d7d5 c2c4 c7c5 c4d5 f7f6 a4a5 d8d5 d1e2 d5a2
6792,e2e4 b8a6 g1f3 a6b4 c2c3 g8f6 h2h3 g7g6 f1b5 b4d3 b5d3 h8g8
6793,g1f3 e7e5 e2e4 a7a5 g2g4 c7c5 a2a3 b8c6 f1d3 e8e7 d3f1 c6b4
6794,h2h3 g8f6 b2b4 g7g5 g1f3 b8c6 d2d3 a8b8 c1g5 c6b4 g5f6 a7a5
6795,e2e4 b8a6 f2f3 g7g6 b2b3 d7d6 e4e5 c8h3 f1d3 c7c5 g1h3 g8f6
6796,a2a4 g8f6 b1c3 d7d5 f2f4 e7e5 b2b3 e8e7 c3d5 d8d5 f4e5 d5c4
6797,e2e4 a7a5 f2f4 b7b6 b1c3 g7g6 a2a4 b8c6 h2h3 c6d4 f4f5 h7h6
6798,e2e4 b8a6 g1f3 f7f5 f3e5 a6c5 f1a6 g8f6 d1f3 f5f4 b2b4 e7e6
6799,b1c3 e7e5 g2g3 h7h5 b2b3 e8e7 c3e4 a7a5 c1b2 d7d5 a1b1 b8d7
6800,e2e3 b7b5 c2c4 d7d6 f2f3 h7h6 b2b4 b8c6 c1a3 g7g5 c4b5 c8g4
6801,e2e4 e7e6 b2b4 a7a5 b4a5 b8a6 e1e2 f7f5 g2g4 f8b4 e4f5 e6f5
6802,g1h3 g7g5 d2d4 a7a6 c1g5 g8f6 g2g3 f8g7 d1c1 e8f8 g5f6 b7b6
6803,g1f3 b7b6 g2g3 d7d5 b2b3 e7e5 c2c4 f8b4 f1g2 d8d7 d1c2 f7f6
6804,e2e4 e7e5 b2b4 e8e7 g2g4 c7c6 g1h3 c6c5 h1g1 g7g5 d1e2 b7b6
6805,e2e4 g7g6 f1b5 g8h6 c2c3 c7c6 e4e5 h8g8 g1e2 d7d5 g2g3 d5d4
6806,g1h3 b7b5 b2b3 g8f6 h3g5 h7h5 g2g4 f6g4 c2c4 b5c4 f1g2 e7e5
6807,e2e4 g7g6 f1b5 b8a6 f2f4 h7h5 h2h4 h8h7 c2c3 c7c6 g1e2 e7e5
6808,e2e4 e7e5 g1f3 a7a5 g2g4 b8a6 b1c3 f7f5 g4f5 b7b6 f1c4 e8e7
6809,h2h4 c7c6 d2d4 f7f5 e2e4 h7h5 g2g3 f5e4 c2c4 d7d6 a2a4 e7e5
6810,g2g3 a7a6 b2b3 d7d6 d2d3 d6d5 c2c4 e7e6 e1d2 f8a3 d2c2 b7b5
6811,e2e4 e7e5 c2c3 e8e7 h2h3 g7g5 d2d4 g8f6 c1g5 c7c6 g2g3 d8b6
6812,h2h4 b7b5 g2g3 d7d6 d2d3 c8a6 b2b4 c7c5 e2e3 d8a5 g1e2 d6d5
6813,b2b4 b8c6 b4b5 g8f6 g2g4 g7g5 g1h3 b7b6 h3g5 c6d4 c2c4 f6g4
6814,e2e4 g7g6 h2h4 d7d6 e4e5 a7a5 d2d3 a8a7 h4h5 c8h3 f1e2 h7h6
6815,f2f4 e7e5 c2c4 b8c6 d2d3 c6a5 f4e5 h7h6 a2a4 g8e7 d1d2 f7f5
6816,a2a4 g8f6 g1f3 d7d5 e2e4 e7e6 e4d5 e6d5 c2c4 g7g6 f3g5 a7a5
6817,e2e4 a7a5 a2a4 g7g6 b1c3 b8c6 g1e2 b7b6 h2h3 c6d4 e2d4 e7e6
6818,e2e4 e7e5 g1f3 e8e7 d2d4 d7d5 e4d5 c8f5 d1d2 h7h5 f1a6 g8f6
6819,a2a4 g7g5 a4a5 b7b6 g2g4 b8c6 e2e4 c6a5 d2d4 g8f6 f1b5 e7e5
6820,e2e4 g7g6 h2h4 b8c6 g2g4 g8h6 f1h3 g6g5 g1f3 h8g8 e4e5 c6e5
6821,g2g4 b7b6 b2b3 g8h6 b1c3 g7g5 g1f3 h6g4 c3a4 c7c6 f1g2 c6c5
6822,e2e4 e7e6 g1e2 g8f6 g2g3 f6e4 b2b4 f7f6 g3g4 e4f2 a2a4 f8b4
6823,a2a3 g8f6 a1a2 e7e5 h2h3 f8d6 d2d3 e5e4 a3a4 g7g6 a4a5 h8f8
6824,e2e4 h7h6 b1c3 d7d6 c3a4 a7a6 a1b1 c8e6 f2f3 a6a5 f1c4 b8d7
6825,g2g4 f7f6 b2b3 b7b6 c2c3 c7c5 f2f3 g7g5 g1h3 f8g7 f1g2 b8a6
6826,e2e4 e7e6 h2h3 d7d5 e4d5 e6d5 c2c3 g8f6 g2g4 d5d4 h3h4 c7c5
6827,e2e4 e7e5 g1h3 g8e7 g2g4 g7g6 d2d4 c7c5 h3g1 a7a5 h2h4 h8g8
6828,e2e4 h7h5 a2a3 h5h4 g2g3 f7f6 b1c3 h8h5 f1e2 h4g3 e4e5 b7b6
6829,d2d4 d7d5 h2h4 g8f6 g2g4 b8c6 b2b4 h7h5 b1d2 c8g4 a2a4 e7e5
6830,b1a3 g8f6 g1f3 b8c6 f3d4 b7b6 g2g3 g7g6 f2f4 c6d4 e2e3 f6g4
6831,e2e4 e7e6 h2h3 d7d5 e4e5 d8d6 g1f3 g8e7 e5d6 h7h6 h1g1 g7g6
6832,c2c3 e7e6 f2f3 a7a6 e2e4 a8a7 f1d3 f7f6 g2g3 f8d6 g1e2 h7h6
6833,d2d4 b8c6 e2e4 g8h6 g2g4 c6b4 b2b3 d7d6 g1f3 c8g4 a2a4 a8c8
6834,a2a4 e7e6 g2g4 f8a3 e2e4 f7f5 h2h3 b7b6 d2d4 f5e4 c2c4 c7c5
6835,f2f4 a7a5 b1c3 b8c6 a2a4 f7f5 e2e4 c6b4 f1e2 b4c2 d1c2 h7h6
6836,d2d4 b8c6 c2c3 d7d5 e2e4 e7e5 e4d5 e5d4 f1b5 g7g6 c1e3 h7h5
6837,g2g4 d7d5 b1c3 e7e5 c3a4 b7b6 g1h3 f7f6 h1g1 g7g6 d2d4 a7a5
6838,g1f3 d7d5 b1c3 f7f5 f3g1 b7b6 d2d4 e7e5 c1d2 g8f6 g2g3 e5d4
6839,b1c3 b7b6 a2a4 g7g5 d2d4 e7e5 c3b5 b8c6 c2c4 f7f5 e2e3 a7a5
6840,e2e3 b7b5 b1c3 b5b4 f1d3 b4c3 a1b1 c3d2 d1d2 g8h6 c2c3 g7g5
